{"type":"FeatureCollection","act":{"from":-300,"to":-200,"years_inclusive":[-300,-201]},"attribution":{"source":"Cliopatria v0.2.0 (Seshat Global History Databank)","release":"GitHub tag v0.2.0 — https://github.com/Seshat-Global-History-Databank/cliopatria/releases/tag/v0.2.0","release_archive_sha256":"04e9f0d8ecb1d18a0cbb7d37a0b963a2c0ca4ebc2935708d27cc5d5131e4d5b8","internal_label_note":"The payload self-identifies as \"cliopatria_polities_only_v012\"; cite the release tag, not that label.","licence":"CC BY 4.0 — https://creativecommons.org/licenses/by/4.0/","citation":"Bennett, J.S., Mutch, E., Tollefson, A. et al. (2025). Cliopatria — A geospatial database of world-wide political entities from 3400BCE to 2024CE. Scientific Data 12, 247. https://doi.org/10.1038/s41597-025-04516-9","changes_made":"Changes were made. Features filtered to those overlapping this act window; polygons simplified with Douglas-Peucker at 0.25 degrees (topology preserved), invalid geometries repaired, and coordinates snapped to a 0.01 degree grid (2 decimal places); properties reduced to Name (n), FromYear (f), ToYear (t) and Wikidata Q-ID (w)."},"features":[{"type":"Feature","properties":{"n":"Kingdom of Kush","f":-630,"t":337,"w":"Q241790"},"geometry":{"type":"Polygon","coordinates":[[[34.26,19.64],[36.05,16.81],[34.71,16.49],[34.68,15.78],[32.53,15.2],[31.73,15.59],[31.39,16.36],[30.54,23.36],[33.39,23.81],[33.82,23.49],[34.26,19.64]]]}},{"type":"Feature","properties":{"n":"Zapotec Civilization","f":-500,"t":-292,"w":"Q844750"},"geometry":{"type":"Polygon","coordinates":[[[-96.91,17.71],[-96.26,16.94],[-96.9,16.74],[-97.41,17.64],[-96.91,17.71]]]}},{"type":"Feature","properties":{"n":"Xu","f":-404,"t":-292,"w":"Q2650109"},"geometry":{"type":"Polygon","coordinates":[[[117.41,35.07],[117.02,34.87],[116.52,35.32],[117.41,35.07]]]}},{"type":"Feature","properties":{"n":"Yan","f":-404,"t":-292,"w":"Q1472004"},"geometry":{"type":"Polygon","coordinates":[[[117.89,39.19],[117.62,38.67],[116.7,38.87],[117.07,40.16],[121.23,40.94],[119.32,39.51],[117.89,39.19]]]}},{"type":"Feature","properties":{"n":"Lu","f":-404,"t":-285,"w":"Q555994"},"geometry":{"type":"Polygon","coordinates":[[[116.29,35.32],[115.65,36.16],[116.23,36.42],[116.97,35.64],[116.29,35.32]]]}},{"type":"Feature","properties":{"n":"Minaeans","f":-383,"t":-189,"w":"Q1177379"},"geometry":{"type":"Polygon","coordinates":[[[45.21,15.91],[42.81,16.42],[42.49,17.19],[43.48,17.77],[44.09,16.81],[44.81,16.61],[45.21,15.91]]]}},{"type":"Feature","properties":{"n":"Cimmerian Bosporus","f":-366,"t":-231,"w":"Q321371"},"geometry":{"type":"MultiPolygon","coordinates":[[[[36.78,45.1],[36.75,45.43],[37.79,45.3],[37.93,44.71],[36.78,45.1]]],[[[36.42,45.43],[36.37,45.1],[35.15,45.1],[36.42,45.43]]]]}},{"type":"Feature","properties":{"n":"Later Zhou","f":-350,"t":-257,"w":"Q1154556"},"geometry":{"type":"Polygon","coordinates":[[[113.53,35.39],[113.42,35.13],[112.32,35.45],[113.53,35.39]]]}},{"type":"Feature","properties":{"n":"Sabaeans","f":-350,"t":-111,"w":"Q940785"},"geometry":{"type":"Polygon","coordinates":[[[45.02,15.14],[42.82,15.07],[42.69,15.52],[42.81,16.42],[46.47,15.97],[45.02,15.14]]]}},{"type":"Feature","properties":{"n":"Wey","f":-350,"t":-285,"w":"Q1147897"},"geometry":{"type":"Polygon","coordinates":[[[115.36,36.74],[115.66,36.35],[114.83,35.71],[114.58,36.03],[115.36,36.74]]]}},{"type":"Feature","properties":{"n":"Hadhramaut","f":-350,"t":183,"w":"Q1517159"},"geometry":{"type":"MultiPolygon","coordinates":[[[[49.63,14.69],[46.15,15.52],[46.55,16.16],[46.7,16.1],[50.12,16.61],[51.89,16.61],[51.07,15.46],[49.63,14.69]]],[[[46.63,16.16],[46.63,16.23],[46.71,16.23],[46.63,16.16]]]]}},{"type":"Feature","properties":{"n":"Scythia","f":-350,"t":-226,"w":"Q131802"},"geometry":{"type":"MultiPolygon","coordinates":[[[[31.56,46.26],[31.51,46.37],[32.01,46.2],[31.56,46.26]]],[[[34.85,46.19],[35.05,45.33],[33.26,45.17],[32.51,45.4],[33.59,46.1],[32.48,46.08],[31.55,46.55],[32.36,46.47],[32.81,46.83],[32.65,47.11],[31.84,47.35],[29.2,46.87],[26.76,48.16],[26.34,49.47],[26.97,50.47],[28.65,51.05],[32.73,51.25],[38.94,47.97],[37.51,47.51],[37.34,46.92],[34.85,46.19]]]]}},{"type":"Feature","properties":{"n":"Song","f":-350,"t":-292,"w":"Q7462"},"geometry":{"type":"Polygon","coordinates":[[[117.23,34.1],[114.34,34.74],[114.99,35.19],[114.83,35.71],[115.65,36.16],[116.76,35.0],[117.97,34.74],[117.23,34.1]]]}},{"type":"Feature","properties":{"n":"Qi","f":-350,"t":-292,"w":"Q1143524"},"geometry":{"type":"Polygon","coordinates":[[[119.16,37.19],[120.75,37.9],[122.71,37.45],[122.5,36.87],[120.98,36.61],[120.05,35.77],[119.01,35.71],[117.97,34.74],[117.16,35.19],[116.91,36.03],[116.23,36.42],[115.6,36.22],[116.61,37.25],[117.23,38.67],[119.46,37.96],[119.16,37.19]]]}},{"type":"Feature","properties":{"n":"Qataban","f":-350,"t":-111,"w":"Q748595"},"geometry":{"type":"Polygon","coordinates":[[[44.21,14.94],[45.86,15.52],[46.58,15.33],[45.15,14.81],[44.21,14.94]]]}},{"type":"Feature","properties":{"n":"Han","f":-337,"t":-257,"w":"Q1968654"},"geometry":{"type":"Polygon","coordinates":[[[112.19,35.13],[114.5,34.94],[111.59,34.61],[111.88,35.52],[112.94,35.45],[112.19,35.13]]]}},{"type":"Feature","properties":{"n":"Zhao","f":-337,"t":-257,"w":"Q1574107"},"geometry":{"type":"Polygon","coordinates":[[[115.08,35.39],[114.5,34.94],[112.92,35.58],[111.88,35.52],[112.28,36.8],[115.15,37.45],[114.91,36.93],[116.12,36.87],[114.61,36.1],[115.08,35.39]]]}},{"type":"Feature","properties":{"n":"Minyue","f":-333,"t":-219,"w":"Q1936158"},"geometry":{"type":"MultiPolygon","coordinates":[[[[121.59,29.09],[121.65,28.32],[121.12,28.32],[119.59,26.13],[119.53,25.62],[119.87,25.49],[119.27,25.49],[118.76,24.59],[118.15,24.52],[116.54,22.91],[114.75,22.53],[114.47,24.46],[115.23,26.39],[114.95,26.77],[115.26,28.89],[115.8,30.12],[118.36,29.6],[120.52,30.37],[121.48,30.31],[122.02,29.67],[121.59,29.09]]],[[[122.27,30.18],[122.28,29.99],[121.98,29.99],[122.27,30.18]]]]}},{"type":"Feature","properties":{"n":"Yuezhi","f":-331,"t":-204,"w":"Q467985"},"geometry":{"type":"Polygon","coordinates":[[[80.38,44.84],[81.12,42.3],[85.79,42.76],[90.22,41.91],[93.47,40.61],[93.17,39.9],[92.14,39.51],[86.44,38.35],[85.11,37.45],[81.26,36.61],[78.42,37.51],[77.03,38.8],[72.2,39.97],[72.1,40.42],[76.28,42.17],[75.14,43.21],[75.2,43.6],[74.79,43.8],[75.0,44.12],[73.97,44.84],[74.32,45.96],[75.45,46.55],[77.39,46.48],[78.57,45.17],[80.38,44.84]]]}},{"type":"Feature","properties":{"n":"Cyrenaica","f":-331,"t":-292,"w":"Q165198"},"geometry":{"type":"Polygon","coordinates":[[[20.66,30.89],[18.73,29.99],[20.12,30.76],[20.02,32.24],[20.64,32.69],[22.11,32.94],[23.23,32.36],[20.54,31.91],[20.66,30.89]]]}},{"type":"Feature","properties":{"n":"Etruscans","f":-326,"t":-292,"w":"Q17161"},"geometry":{"type":"MultiPolygon","coordinates":[[[[9.58,41.98],[9.1,41.33],[8.62,41.72],[8.53,42.5],[9.33,43.02],[9.58,41.98]]],[[[10.46,42.69],[10.13,42.89],[10.21,42.89],[10.46,42.69]]],[[[12.37,42.37],[11.73,42.17],[10.54,43.08],[10.29,43.8],[11.91,43.8],[12.37,42.37]]]]}},{"type":"Feature","properties":{"n":"Wei","f":-326,"t":-292,"w":"Q320930"},"geometry":{"type":"Polygon","coordinates":[[[115.86,39.38],[116.4,38.74],[116.15,38.55],[117.2,38.61],[116.12,36.87],[114.91,36.93],[115.15,37.45],[114.61,37.13],[113.63,37.38],[113.89,38.42],[114.81,39.32],[114.11,39.19],[112.11,39.9],[113.09,40.42],[116.1,39.84],[115.86,39.38]]]}},{"type":"Feature","properties":{"n":"Kalinga","f":-318,"t":-292,"w":"Q356524"},"geometry":{"type":"Polygon","coordinates":[[[86.43,19.96],[85.37,19.83],[84.38,18.41],[82.44,17.0],[81.88,17.32],[81.47,18.8],[82.51,20.6],[83.37,20.99],[85.99,20.6],[86.43,19.96]]]}},{"type":"Feature","properties":{"n":"(Warring States China)","f":-315,"t":-292,"w":"Q185063"},"geometry":{"type":"Polygon","coordinates":[[[120.92,32.62],[121.96,31.98],[121.84,31.66],[120.92,31.85],[121.63,31.53],[121.9,30.82],[118.36,29.6],[116.74,29.73],[116.12,30.37],[114.11,30.5],[112.9,29.34],[110.28,29.92],[105.13,28.32],[101.48,29.34],[100.6,30.5],[102.16,32.56],[102.41,34.16],[111.43,37.0],[114.15,39.26],[112.17,39.71],[113.09,40.42],[114.6,40.42],[116.1,39.84],[121.23,40.94],[118.99,39.19],[117.89,39.19],[117.62,38.67],[118.07,38.16],[119.46,37.96],[119.16,37.19],[120.75,37.9],[122.71,37.45],[122.5,36.87],[120.98,36.61],[119.62,35.52],[119.23,34.81],[120.49,34.16],[120.92,32.62]]]}},{"type":"Feature","properties":{"n":"Qin","f":-315,"t":-278,"w":"Q1471995"},"geometry":{"type":"Polygon","coordinates":[[[105.13,28.32],[101.48,29.34],[100.6,30.5],[102.16,32.56],[102.41,34.16],[111.43,37.0],[114.11,39.19],[114.81,39.32],[113.7,38.03],[113.94,37.19],[112.28,36.8],[111.59,34.61],[110.72,34.74],[110.74,34.04],[109.86,33.33],[109.31,31.59],[109.48,30.95],[110.41,30.31],[110.28,29.92],[105.13,28.32]]]}},{"type":"Feature","properties":{"n":"Chu","f":-315,"t":-285,"w":"Q504759"},"geometry":{"type":"Polygon","coordinates":[[[120.49,34.16],[120.92,32.62],[121.96,31.98],[121.84,31.66],[120.92,31.85],[122.0,31.08],[120.8,30.31],[118.36,29.6],[116.74,29.73],[116.12,30.37],[114.11,30.5],[113.27,29.54],[112.0,29.34],[110.23,29.99],[110.41,30.31],[109.48,30.95],[109.76,33.07],[110.74,34.04],[110.72,34.74],[114.47,34.87],[114.65,34.55],[117.23,34.1],[119.53,35.84],[120.05,35.77],[119.23,34.81],[120.49,34.16]]]}},{"type":"Feature","properties":{"n":"(Macedonian Empire)","f":-301,"t":-292,"w":"Q83958"},"geometry":{"type":"MultiPolygon","coordinates":[[[[20.61,37.71],[20.62,37.9],[20.93,37.9],[20.61,37.71]]],[[[23.4,37.32],[22.71,37.58],[22.92,37.0],[21.61,37.25],[21.24,37.84],[21.74,38.42],[20.74,38.8],[20.91,39.06],[19.25,40.61],[19.47,41.98],[22.47,42.69],[22.44,42.17],[23.53,41.78],[24.26,40.94],[23.7,40.81],[23.74,40.23],[22.57,40.55],[22.61,39.9],[23.14,39.45],[22.82,39.38],[22.94,38.8],[24.18,38.55],[23.98,37.84],[23.53,38.22],[23.11,37.64],[23.4,37.32]],[[22.66,37.96],[23.06,38.16],[22.13,38.42],[22.66,37.96]]],[[[20.32,38.16],[20.33,38.35],[20.57,38.42],[20.79,38.09],[20.32,38.16]]],[[[20.15,39.64],[20.15,39.58],[20.07,39.58],[20.15,39.64]]],[[[34.09,35.0],[33.04,34.55],[32.23,34.94],[34.54,35.71],[34.09,35.0]]],[[[23.0,37.0],[22.99,36.93],[22.91,36.93],[23.0,37.0]]],[[[31.6,37.45],[31.59,37.38],[31.52,37.38],[31.6,37.45]]],[[[23.57,38.8],[23.56,38.74],[23.48,38.74],[23.57,38.8]]],[[[23.34,39.0],[23.49,38.87],[23.03,38.93],[23.34,39.0]]]]}},{"type":"Feature","properties":{"n":"Seleucid Empire","f":-301,"t":-292,"w":"Q705904"},"geometry":{"type":"MultiPolygon","coordinates":[[[[69.57,38.8],[71.2,38.48],[72.42,37.51],[66.75,31.4],[66.05,30.05],[64.37,28.57],[62.56,25.16],[61.72,25.04],[57.38,25.74],[56.71,27.16],[55.44,26.52],[55.54,26.77],[54.83,26.45],[53.66,26.71],[51.32,27.99],[50.06,30.18],[48.94,30.31],[48.09,29.54],[46.62,29.86],[46.59,30.31],[45.77,30.44],[43.15,32.81],[40.7,34.16],[39.12,34.49],[37.65,33.65],[37.39,34.1],[36.56,34.29],[36.27,35.19],[35.89,35.26],[35.85,36.35],[39.55,37.38],[39.17,38.09],[36.35,38.03],[35.67,37.58],[33.68,37.9],[31.62,37.64],[31.53,38.35],[32.84,38.93],[33.27,38.55],[34.48,38.8],[34.95,39.45],[35.59,39.58],[37.86,39.45],[40.57,38.03],[44.41,37.58],[45.25,36.93],[45.22,35.64],[48.77,35.13],[52.11,36.55],[54.03,36.87],[53.98,37.38],[55.29,38.09],[58.63,38.67],[62.5,40.03],[68.53,39.58],[69.27,40.23],[69.27,40.74],[70.56,41.07],[70.74,40.61],[69.85,40.29],[69.42,39.64],[69.57,38.8]]],[[[38.69,39.19],[38.77,39.19],[38.76,39.13],[38.69,39.19]]],[[[70.36,40.42],[70.44,40.42],[70.42,40.36],[70.36,40.42]]]]}},{"type":"Feature","properties":{"n":"Atropatene","f":-301,"t":-248,"w":"Q260437"},"geometry":{"type":"Polygon","coordinates":[[[52.11,36.55],[48.77,35.13],[45.22,35.64],[45.22,37.77],[46.12,38.48],[47.25,38.67],[48.87,38.09],[49.03,37.64],[52.11,36.55]]]}},{"type":"Feature","properties":{"n":"Maurya Empire","f":-301,"t":-292,"w":"Q62943"},"geometry":{"type":"MultiPolygon","coordinates":[[[[90.66,26.97],[90.67,27.03],[90.75,27.03],[90.66,26.97]]],[[[90.61,27.09],[90.68,27.09],[90.67,27.03],[90.61,27.09]]],[[[74.81,36.61],[75.39,34.42],[76.46,32.24],[79.18,31.46],[81.15,30.12],[84.76,28.64],[87.38,27.87],[88.39,27.99],[90.07,27.42],[90.63,26.84],[91.91,26.84],[92.03,25.55],[92.52,24.97],[92.11,24.33],[92.76,21.24],[92.33,21.37],[92.12,20.92],[91.42,22.79],[90.23,21.76],[89.9,22.01],[88.73,21.63],[88.64,22.08],[88.35,21.56],[88.1,21.95],[87.07,21.44],[87.03,20.6],[86.44,20.02],[85.9,21.05],[84.86,21.63],[74.98,22.85],[73.65,23.62],[69.55,24.26],[68.8,24.26],[68.83,23.88],[68.13,23.56],[67.29,24.07],[67.21,24.71],[66.63,24.84],[66.35,25.55],[64.8,25.16],[62.56,25.23],[64.37,28.57],[66.05,30.05],[66.75,31.4],[71.83,37.06],[72.42,37.51],[75.01,37.32],[74.81,36.61]]]]}},{"type":"Feature","properties":{"n":"Zhongshan","f":-301,"t":-292,"w":"Q59223"},"geometry":{"type":"Polygon","coordinates":[[[116.15,38.55],[116.4,38.74],[115.86,39.38],[116.14,39.9],[117.03,40.1],[116.93,38.55],[116.15,38.55]]]}},{"type":"Feature","properties":{"n":"Macedonian Empire","f":-301,"t":-292,"w":"Q83958"},"geometry":{"type":"MultiPolygon","coordinates":[[[[20.61,37.71],[20.62,37.9],[20.93,37.9],[20.61,37.71]]],[[[23.4,37.32],[22.71,37.58],[22.92,37.0],[21.61,37.25],[21.24,37.84],[21.74,38.42],[20.74,38.8],[20.91,39.06],[19.25,40.61],[19.47,41.98],[22.47,42.69],[22.44,42.17],[23.53,41.78],[24.26,40.94],[23.7,40.81],[23.74,40.23],[22.57,40.55],[22.61,39.9],[23.14,39.45],[22.82,39.38],[22.94,38.8],[24.18,38.55],[23.98,37.84],[23.53,38.22],[23.11,37.64],[23.4,37.32]],[[22.66,37.96],[23.06,38.16],[22.13,38.42],[22.66,37.96]]],[[[20.32,38.16],[20.33,38.35],[20.57,38.42],[20.79,38.09],[20.32,38.16]]],[[[20.15,39.64],[20.15,39.58],[20.07,39.58],[20.15,39.64]]],[[[34.09,35.0],[33.04,34.55],[32.23,34.94],[34.54,35.71],[34.09,35.0]]],[[[23.0,37.0],[22.99,36.93],[22.91,36.93],[23.0,37.0]]],[[[31.6,37.45],[31.59,37.38],[31.52,37.38],[31.6,37.45]]],[[[23.57,38.8],[23.56,38.74],[23.48,38.74],[23.57,38.8]]],[[[23.34,39.0],[23.49,38.87],[23.03,38.93],[23.34,39.0]]]]}},{"type":"Feature","properties":{"n":"Ptolemaic Kingdom","f":-301,"t":-292,"w":"Q2320005"},"geometry":{"type":"MultiPolygon","coordinates":[[[[36.42,31.21],[35.35,31.14],[34.61,30.44],[32.44,29.79],[35.85,23.88],[31.67,23.75],[30.46,23.36],[28.57,24.65],[28.15,27.35],[25.38,29.34],[26.32,31.53],[28.87,30.82],[30.97,31.66],[31.88,31.46],[32.0,31.08],[34.3,31.27],[35.64,34.36],[36.05,34.55],[35.89,35.26],[36.27,35.19],[36.56,34.29],[37.6,33.91],[36.42,31.21]]],[[[35.49,36.61],[34.58,36.87],[33.98,36.29],[32.56,36.03],[31.84,36.67],[31.62,37.64],[33.68,37.9],[35.67,37.58],[36.35,38.03],[37.76,38.09],[39.6,37.77],[39.55,37.38],[37.28,36.61],[36.26,36.61],[36.14,36.93],[35.49,36.61]]]]}},{"type":"Feature","properties":{"n":"Kingdom of Armenia","f":-301,"t":-282,"w":"Q208404"},"geometry":{"type":"MultiPolygon","coordinates":[[[[45.67,40.87],[45.52,40.48],[46.54,39.97],[47.05,39.77],[48.67,39.58],[48.8,38.09],[47.25,38.67],[46.12,38.48],[45.22,37.77],[45.25,36.93],[44.41,37.58],[40.57,38.03],[38.75,39.06],[38.79,39.9],[40.4,40.1],[40.76,40.42],[40.58,40.74],[41.36,40.68],[41.53,41.26],[42.62,41.59],[45.19,41.26],[45.67,40.87]]],[[[47.08,39.9],[47.16,39.9],[47.14,39.84],[47.08,39.9]]],[[[46.93,39.97],[47.01,39.97],[47.0,39.9],[46.93,39.97]]]]}},{"type":"Feature","properties":{"n":"Greek City-States","f":-301,"t":-292,"w":"Q148837"},"geometry":{"type":"MultiPolygon","coordinates":[[[[24.3,35.32],[26.23,35.19],[23.68,35.26],[23.62,35.52],[24.3,35.32]]],[[[23.12,36.35],[23.11,36.16],[22.87,36.16],[23.12,36.35]]],[[[21.74,36.87],[21.61,37.25],[22.69,37.19],[23.06,36.67],[21.74,36.87]]],[[[15.05,36.74],[14.43,36.93],[14.98,37.32],[15.05,36.74]]],[[[25.57,37.13],[25.56,37.0],[25.33,37.0],[25.57,37.13]]],[[[24.36,37.71],[24.43,37.58],[24.27,37.51],[24.36,37.71]]],[[[25.22,37.71],[25.29,37.51],[25.05,37.51],[25.22,37.71]]],[[[24.77,38.03],[25.07,37.77],[24.83,37.71],[24.77,38.03]]],[[[23.44,37.96],[23.53,38.22],[23.77,38.22],[23.83,37.9],[23.44,37.96]]],[[[24.67,38.93],[24.66,38.74],[24.36,38.87],[24.67,38.93]]],[[[0.1,38.8],[-0.13,38.55],[-0.57,39.51],[-0.2,39.97],[-0.31,39.13],[0.1,38.8]]],[[[18.35,39.9],[17.35,40.55],[16.62,40.29],[16.45,39.64],[17.14,39.06],[15.7,37.96],[16.27,38.93],[15.75,40.03],[15.04,40.23],[14.89,40.68],[16.14,39.97],[16.88,40.74],[17.98,40.61],[18.35,39.9]]],[[[19.91,39.58],[19.76,39.64],[19.76,39.77],[19.91,39.58]]],[[[25.46,40.03],[25.45,39.84],[24.97,39.84],[25.46,40.03]]],[[[24.81,40.81],[24.79,40.61],[24.55,40.55],[24.81,40.81]]],[[[3.85,43.6],[2.98,43.15],[3.04,41.85],[2.7,42.37],[2.74,43.21],[3.45,43.67],[4.73,43.86],[6.6,43.28],[3.85,43.6]]],[[[28.02,36.48],[28.25,36.48],[28.14,36.03],[27.74,35.9],[28.02,36.48]]],[[[27.89,36.87],[27.96,36.74],[27.56,36.67],[27.89,36.87]]],[[[27.19,36.8],[26.87,36.67],[27.04,36.93],[27.19,36.8]]],[[[27.44,37.13],[27.35,36.93],[27.19,36.93],[27.44,37.13]]],[[[26.31,37.71],[26.3,37.58],[25.99,37.51],[26.31,37.71]]],[[[27.03,37.84],[27.01,37.64],[26.62,37.64],[27.03,37.84]]],[[[26.22,38.55],[26.11,38.16],[25.88,38.16],[26.22,38.55]]],[[[25.79,39.19],[26.04,39.38],[26.64,39.0],[25.79,39.19]]],[[[26.04,40.29],[26.02,40.16],[25.7,40.1],[26.04,40.29]]],[[[40.57,40.68],[39.69,40.61],[37.87,40.68],[36.44,41.2],[38.3,40.87],[40.47,41.07],[40.57,40.68]]],[[[31.36,41.26],[31.69,41.39],[31.59,41.2],[31.36,41.26]]],[[[35.02,41.85],[34.79,41.98],[35.12,42.04],[35.02,41.85]]],[[[33.45,44.52],[33.46,45.19],[35.18,45.3],[35.13,44.91],[33.45,44.52]]],[[[31.53,46.68],[30.88,46.68],[29.61,45.69],[30.46,46.61],[31.57,46.94],[31.53,46.68]]],[[[39.08,47.6],[39.2,47.33],[38.35,47.2],[39.08,47.6]]]]}},{"type":"Feature","properties":{"n":"Kingdom of Bithynia","f":-301,"t":-282,"w":"Q3762571"},"geometry":{"type":"Polygon","coordinates":[[[29.25,40.81],[29.37,41.2],[31.18,41.07],[32.12,41.65],[32.12,40.94],[30.89,40.55],[29.25,40.81]]]}},{"type":"Feature","properties":{"n":"Colchis","f":-301,"t":-282,"w":"Q183150"},"geometry":{"type":"MultiPolygon","coordinates":[[[[41.24,41.39],[41.23,41.33],[41.15,41.33],[41.24,41.39]]],[[[44.86,42.04],[44.95,41.65],[44.31,41.2],[42.62,41.59],[41.53,41.26],[41.12,40.68],[41.02,41.0],[41.78,41.78],[41.61,42.63],[39.63,43.73],[44.86,42.04]]],[[[39.96,43.8],[40.04,43.8],[40.03,43.73],[39.96,43.8]]]]}},{"type":"Feature","properties":{"n":"Kingdom of Lysimachus","f":-301,"t":-292,"w":"Q32133"},"geometry":{"type":"MultiPolygon","coordinates":[[[[29.4,40.74],[31.2,40.48],[32.12,40.94],[32.11,41.59],[32.63,41.91],[34.47,41.98],[34.54,39.97],[35.59,39.58],[33.51,38.55],[33.0,38.93],[31.88,38.74],[31.53,38.35],[31.84,36.67],[30.62,36.93],[30.49,36.35],[29.24,36.22],[29.12,36.74],[28.03,36.67],[28.07,37.13],[27.22,37.32],[27.28,38.03],[26.43,38.22],[26.37,38.55],[27.06,38.35],[26.85,39.58],[26.13,39.51],[26.6,40.48],[29.05,40.36],[29.4,40.74]]],[[[22.48,42.76],[22.47,42.69],[22.39,42.69],[22.48,42.76]]],[[[22.73,42.95],[22.73,42.89],[22.65,42.89],[22.73,42.95]]],[[[22.82,43.02],[22.81,42.95],[22.73,42.95],[22.82,43.02]]],[[[28.48,43.47],[27.9,43.28],[27.49,42.43],[28.05,41.59],[29.37,41.2],[29.26,40.87],[27.53,41.07],[26.84,40.48],[25.85,40.94],[24.26,40.94],[23.53,41.78],[22.44,42.17],[22.47,42.69],[23.4,43.28],[23.52,43.86],[25.52,43.67],[26.37,44.12],[27.75,44.19],[28.05,45.56],[29.67,45.43],[29.62,45.04],[29.05,44.97],[28.48,43.47]]],[[[22.9,43.08],[22.9,43.02],[22.82,43.02],[22.9,43.08]]]]}},{"type":"Feature","properties":{"n":"Carthage","f":-301,"t":-278,"w":"Q2429397"},"geometry":{"type":"MultiPolygon","coordinates":[[[[11.08,35.0],[10.0,34.29],[10.24,33.71],[12.23,32.81],[13.3,32.94],[15.06,32.43],[15.65,31.4],[17.85,30.95],[18.81,30.12],[15.57,31.14],[14.9,32.24],[9.62,33.33],[8.93,34.04],[8.85,34.74],[8.07,34.94],[7.59,36.61],[1.15,36.16],[-1.88,34.81],[-4.73,34.87],[-5.63,35.52],[-6.73,33.59],[-7.47,33.26],[-7.88,33.52],[-6.61,34.16],[-5.95,35.71],[-5.57,35.84],[-4.75,35.19],[-2.84,35.45],[-2.66,35.07],[-1.89,35.07],[0.68,36.42],[3.46,36.87],[5.56,36.67],[6.33,37.06],[8.52,36.87],[10.23,37.25],[10.23,36.8],[11.01,37.0],[10.46,35.9],[11.08,35.58],[11.08,35.0]]],[[[14.34,35.84],[14.34,36.03],[14.57,35.97],[14.34,35.84]]],[[[-5.23,36.48],[-5.58,36.03],[-6.25,36.61],[-5.45,36.35],[-5.31,36.55],[-4.56,36.87],[-3.85,36.8],[-5.23,36.48]]],[[[12.96,37.9],[14.51,37.0],[12.49,37.9],[15.63,38.29],[14.9,37.25],[14.99,37.9],[12.96,37.9]]],[[[1.27,38.8],[1.18,39.06],[1.65,39.13],[1.27,38.8]]],[[[9.59,39.13],[8.34,39.0],[8.15,40.94],[9.1,41.26],[9.82,40.74],[9.59,39.13]]]]}},{"type":"Feature","properties":{"n":"Roman Republic","f":-301,"t":-292,"w":"Q175881"},"geometry":{"type":"MultiPolygon","coordinates":[[[[16.42,41.2],[15.38,41.0],[13.89,42.17],[13.17,42.11],[14.19,41.07],[15.05,40.81],[14.42,40.68],[11.81,42.17],[13.98,42.89],[14.61,42.11],[16.12,41.91],[15.87,41.72],[16.42,41.2]]],[[[12.46,42.5],[12.14,42.5],[12.14,42.76],[12.46,42.5]]]]}},{"type":"Feature","properties":{"n":"Maurya Empire","f":-291,"t":-257,"w":"Q62943"},"geometry":{"type":"MultiPolygon","coordinates":[[[[75.9,10.57],[73.42,16.04],[72.53,22.27],[72.11,21.89],[72.18,21.18],[70.72,20.66],[68.95,22.21],[70.37,22.91],[68.81,22.98],[68.16,23.81],[67.29,24.07],[67.21,24.71],[66.63,24.84],[66.49,25.49],[62.56,25.23],[64.37,28.57],[66.05,30.05],[67.35,32.11],[72.42,37.51],[75.01,37.32],[74.81,36.61],[75.39,34.42],[76.46,32.24],[79.18,31.46],[81.15,30.12],[84.76,28.64],[87.38,27.87],[88.39,27.99],[90.07,27.42],[90.63,26.84],[91.91,26.84],[92.03,25.55],[92.52,24.97],[92.11,24.33],[92.76,21.24],[92.33,21.37],[92.33,20.86],[91.42,22.79],[90.23,21.76],[89.9,22.01],[88.73,21.63],[88.64,22.08],[88.35,21.56],[88.1,21.95],[87.07,21.44],[87.03,20.6],[86.51,20.02],[86.14,20.6],[85.14,20.86],[82.75,20.79],[81.91,19.96],[81.44,18.54],[82.38,16.55],[80.2,15.46],[80.41,13.08],[79.84,11.35],[78.96,10.84],[77.02,11.17],[75.9,10.57]]],[[[90.67,27.03],[90.75,27.03],[90.73,26.97],[90.67,27.03]]],[[[90.61,27.09],[90.68,27.09],[90.67,27.03],[90.61,27.09]]]]}},{"type":"Feature","properties":{"n":"Qi","f":-291,"t":-285,"w":"Q1143524"},"geometry":{"type":"Polygon","coordinates":[[[119.16,37.19],[120.75,37.9],[122.71,37.45],[122.5,36.87],[120.98,36.61],[120.05,35.77],[119.01,35.71],[117.97,34.74],[117.16,35.19],[116.91,36.03],[116.23,36.42],[115.6,36.22],[116.61,37.25],[117.23,38.67],[119.46,37.96],[119.16,37.19]]]}},{"type":"Feature","properties":{"n":"Song","f":-291,"t":-285,"w":"Q7462"},"geometry":{"type":"Polygon","coordinates":[[[117.23,34.1],[114.34,34.74],[114.99,35.19],[114.83,35.71],[115.65,36.16],[116.76,35.0],[117.97,34.74],[117.23,34.1]]]}},{"type":"Feature","properties":{"n":"Zapotec Civilization","f":-291,"t":-92,"w":"Q844750"},"geometry":{"type":"Polygon","coordinates":[[[-96.91,17.71],[-96.26,16.94],[-96.9,16.74],[-97.41,17.64],[-96.91,17.71]]]}},{"type":"Feature","properties":{"n":"Etruscans","f":-291,"t":-272,"w":"Q17161"},"geometry":{"type":"MultiPolygon","coordinates":[[[[9.58,41.98],[9.1,41.33],[8.62,41.72],[8.53,42.5],[9.33,43.02],[9.58,41.98]]],[[[10.46,42.69],[10.13,42.89],[10.21,42.89],[10.46,42.69]]],[[[11.81,42.17],[11.26,42.43],[10.29,43.8],[12.31,43.54],[11.81,42.17]]]]}},{"type":"Feature","properties":{"n":"Seleucid Empire","f":-291,"t":-284,"w":"Q705904"},"geometry":{"type":"MultiPolygon","coordinates":[[[[69.57,38.8],[71.2,38.48],[72.42,37.51],[71.14,36.22],[70.14,35.64],[70.09,35.45],[65.39,34.1],[64.69,32.94],[62.73,31.46],[60.24,28.25],[57.77,26.58],[57.53,25.74],[56.71,27.16],[54.68,26.45],[51.45,27.87],[50.06,30.18],[48.94,30.31],[48.09,29.54],[46.62,29.86],[46.59,30.31],[45.77,30.44],[43.15,32.81],[40.7,34.16],[39.12,34.49],[37.65,33.65],[37.39,34.1],[36.56,34.29],[36.27,35.19],[35.89,35.26],[35.85,36.35],[39.55,37.38],[39.17,38.09],[36.35,38.03],[35.67,37.58],[33.68,37.9],[31.62,37.64],[31.53,38.35],[32.84,38.93],[33.27,38.55],[34.48,38.8],[34.95,39.45],[35.59,39.58],[37.86,39.45],[40.57,38.03],[44.41,37.58],[45.25,36.93],[45.22,35.64],[48.77,35.13],[52.11,36.55],[54.03,36.87],[53.98,37.38],[55.29,38.09],[58.63,38.67],[60.65,39.58],[63.47,40.1],[68.53,39.58],[69.27,40.23],[69.27,40.74],[70.56,41.07],[70.74,40.61],[70.36,40.42],[69.33,39.9],[69.57,38.8]]],[[[70.22,35.64],[70.3,35.64],[70.28,35.58],[70.22,35.64]]],[[[38.69,39.19],[38.77,39.19],[38.76,39.13],[38.69,39.19]]],[[[70.36,40.42],[70.44,40.42],[70.42,40.36],[70.36,40.42]]]]}},{"type":"Feature","properties":{"n":"Wei","f":-291,"t":-226,"w":"Q320930"},"geometry":{"type":"Polygon","coordinates":[[[117.03,40.1],[116.7,38.87],[117.23,38.67],[116.12,36.87],[114.91,36.93],[115.15,37.45],[114.61,37.13],[113.63,37.38],[113.89,38.42],[114.81,39.32],[114.11,39.19],[112.11,39.9],[113.09,40.42],[116.1,39.84],[117.03,40.1]]]}},{"type":"Feature","properties":{"n":"Early Cheras","f":-291,"t":298,"w":"Q877155"},"geometry":{"type":"Polygon","coordinates":[[[76.71,10.91],[77.41,10.21],[77.15,8.26],[76.55,8.92],[75.99,10.6],[76.71,10.91]]]}},{"type":"Feature","properties":{"n":"Ptolemaic Kingdom","f":-291,"t":-284,"w":"Q2320005"},"geometry":{"type":"MultiPolygon","coordinates":[[[[25.34,37.13],[25.57,37.13],[25.56,37.0],[25.34,37.13]]],[[[24.36,37.71],[24.43,37.58],[24.27,37.51],[24.36,37.71]]],[[[24.99,37.71],[25.22,37.71],[25.29,37.51],[24.99,37.71]]],[[[26.08,37.71],[26.31,37.71],[26.3,37.58],[26.08,37.71]]],[[[24.77,38.03],[25.07,37.77],[24.83,37.71],[24.77,38.03]]],[[[25.82,38.48],[25.99,38.67],[26.22,38.55],[25.88,38.16],[25.82,38.48]]],[[[24.67,38.93],[24.66,38.74],[24.36,38.87],[24.67,38.93]]],[[[25.07,40.03],[25.46,40.03],[25.45,39.84],[25.07,40.03]]],[[[25.72,40.29],[26.04,40.29],[26.02,40.16],[25.72,40.29]]],[[[36.42,31.21],[35.35,31.14],[34.61,30.44],[32.44,29.79],[35.15,24.65],[35.86,24.01],[35.55,23.81],[31.67,23.75],[30.46,23.36],[28.57,24.65],[28.15,27.35],[23.23,30.5],[20.58,30.89],[19.57,30.12],[18.73,29.99],[20.2,30.89],[20.02,32.24],[21.88,32.94],[23.09,32.62],[23.3,32.17],[24.89,31.98],[25.25,31.46],[26.85,31.46],[28.87,30.82],[30.97,31.66],[31.88,31.46],[32.0,31.08],[33.98,31.14],[34.63,31.66],[35.64,34.36],[36.05,34.55],[35.89,35.26],[36.27,35.19],[36.56,34.29],[37.6,33.91],[36.72,32.75],[36.42,31.21]]],[[[34.09,35.0],[33.04,34.55],[32.23,34.94],[34.54,35.71],[34.09,35.0]]],[[[27.66,36.87],[27.96,36.74],[27.56,36.67],[27.66,36.87]]],[[[27.19,36.8],[26.87,36.67],[27.04,36.93],[27.19,36.8]]],[[[27.21,37.13],[27.44,37.13],[27.35,36.93],[27.21,37.13]]],[[[34.58,36.87],[33.98,36.29],[32.56,36.03],[31.84,36.67],[31.62,37.64],[33.68,37.9],[35.67,37.58],[36.35,38.03],[37.76,38.09],[39.6,37.77],[39.55,37.38],[37.28,36.61],[36.26,36.61],[36.14,36.93],[34.58,36.87]]],[[[27.03,37.84],[27.01,37.64],[26.62,37.64],[27.03,37.84]]],[[[25.79,39.19],[26.04,39.38],[26.64,39.0],[25.79,39.19]]]]}},{"type":"Feature","properties":{"n":"(Warring States China)","f":-291,"t":-285,"w":"Q185063"},"geometry":{"type":"Polygon","coordinates":[[[103.9,28.51],[100.98,29.73],[100.6,30.5],[102.16,32.56],[102.41,34.16],[111.43,37.0],[114.15,39.26],[112.17,39.71],[112.74,40.36],[114.6,40.42],[116.1,39.84],[122.93,41.91],[124.84,41.13],[123.88,39.77],[121.42,38.74],[121.03,38.74],[121.69,39.38],[121.21,39.51],[122.23,40.48],[121.82,40.87],[121.11,40.87],[119.22,39.32],[117.68,38.93],[117.6,38.48],[118.07,38.16],[119.46,37.96],[119.16,37.19],[120.75,37.9],[122.71,37.45],[122.5,36.87],[120.98,36.61],[119.23,34.81],[120.34,34.36],[120.92,32.62],[121.96,31.98],[121.84,31.66],[120.92,31.85],[121.63,31.53],[121.9,30.82],[118.36,29.6],[116.74,29.73],[116.12,30.37],[114.11,30.5],[112.9,29.34],[110.28,29.92],[106.07,28.44],[103.9,28.51]]]}},{"type":"Feature","properties":{"n":"Early Pandyas","f":-291,"t":298,"w":"Q3532152"},"geometry":{"type":"Polygon","coordinates":[[[78.94,9.67],[79.15,9.26],[78.25,8.91],[77.84,8.17],[77.26,8.15],[77.44,10.19],[79.29,10.27],[78.94,9.67]]]}},{"type":"Feature","properties":{"n":"Anurādhapura","f":-291,"t":77,"w":"Q5724"},"geometry":{"type":"Polygon","coordinates":[[[81.88,6.71],[81.34,6.14],[80.23,5.88],[79.61,7.87],[80.05,9.16],[79.88,9.86],[80.45,9.74],[81.92,7.42],[81.88,6.71]]]}},{"type":"Feature","properties":{"n":"Early Cholas","f":-291,"t":298,"w":"Q3532146"},"geometry":{"type":"Polygon","coordinates":[[[79.85,10.27],[77.4,10.21],[76.68,10.94],[78.96,10.84],[79.83,11.36],[79.85,10.27]]]}},{"type":"Feature","properties":{"n":"Greek City-States","f":-291,"t":-285,"w":"Q148837"},"geometry":{"type":"MultiPolygon","coordinates":[[[[22.89,36.42],[23.12,36.35],[23.11,36.16],[22.89,36.42]]],[[[22.36,36.67],[21.61,37.25],[22.69,37.19],[23.06,36.67],[22.36,36.67]]],[[[14.98,37.32],[15.21,37.19],[15.05,36.74],[14.43,36.93],[14.98,37.32]]],[[[20.62,37.9],[20.93,37.9],[20.92,37.64],[20.62,37.9]]],[[[20.49,38.42],[20.8,38.29],[20.79,38.09],[20.32,38.16],[20.49,38.42]]],[[[20.67,38.87],[20.73,38.61],[20.5,38.61],[20.67,38.87]]],[[[0.1,38.8],[-0.13,38.55],[-0.54,38.93],[-0.51,39.9],[-0.2,39.97],[0.1,38.8]]],[[[18.35,39.9],[17.35,40.55],[16.62,40.29],[16.45,39.64],[17.14,39.06],[15.7,37.96],[16.27,38.93],[15.75,40.03],[15.04,40.23],[14.89,40.68],[16.14,39.97],[16.88,40.74],[17.98,40.61],[18.35,39.9]]],[[[3.85,43.6],[2.98,43.15],[3.04,41.85],[2.7,42.37],[2.74,43.21],[3.45,43.67],[4.73,43.86],[6.6,43.28],[3.85,43.6]]],[[[24.3,35.32],[26.23,35.19],[23.68,35.26],[23.62,35.52],[24.3,35.32]]],[[[27.69,36.29],[28.25,36.48],[28.14,36.03],[27.74,35.9],[27.69,36.29]]],[[[24.49,40.81],[24.81,40.81],[24.79,40.61],[24.49,40.81]]],[[[40.57,40.68],[37.87,40.68],[36.44,41.2],[40.57,40.68]]],[[[31.51,41.2],[31.36,41.26],[31.69,41.39],[31.51,41.2]]],[[[35.01,41.78],[34.79,41.98],[35.12,42.04],[35.01,41.78]]],[[[33.93,44.45],[33.45,44.52],[33.46,45.19],[35.18,45.3],[35.13,44.91],[33.93,44.45]]],[[[31.53,46.68],[30.88,46.68],[29.61,45.69],[30.46,46.61],[31.57,46.94],[31.53,46.68]]],[[[39.08,47.6],[39.2,47.33],[38.35,47.2],[39.08,47.6]]]]}},{"type":"Feature","properties":{"n":"Yan","f":-291,"t":-223,"w":"Q1472004"},"geometry":{"type":"Polygon","coordinates":[[[123.88,39.77],[121.42,38.74],[121.03,38.74],[121.69,39.38],[121.21,39.51],[122.23,40.48],[121.82,40.87],[121.11,40.87],[119.22,39.32],[117.89,39.19],[117.62,38.67],[116.7,38.87],[117.07,40.16],[122.93,41.91],[124.76,41.13],[123.88,39.77]]]}},{"type":"Feature","properties":{"n":"Xu","f":-291,"t":-285,"w":"Q2650109"},"geometry":{"type":"Polygon","coordinates":[[[117.41,35.07],[117.02,34.87],[116.52,35.32],[117.41,35.07]]]}},{"type":"Feature","properties":{"n":"Kalinga","f":-291,"t":-257,"w":"Q356524"},"geometry":{"type":"Polygon","coordinates":[[[81.69,17.58],[81.44,18.54],[82.33,20.41],[83.37,20.99],[86.14,20.6],[86.43,19.96],[85.37,19.83],[84.38,18.41],[82.44,17.0],[81.69,17.58]]]}},{"type":"Feature","properties":{"n":"Antigonid Dynasty","f":-291,"t":-285,"w":"Q237325"},"geometry":{"type":"MultiPolygon","coordinates":[[[[22.99,36.93],[22.91,36.93],[22.92,37.0],[22.99,36.93]]],[[[23.48,38.74],[23.49,38.8],[23.57,38.8],[23.48,38.74]]],[[[24.26,40.94],[23.7,40.81],[23.74,40.23],[22.89,40.61],[22.54,40.1],[23.14,39.45],[22.8,39.06],[23.49,38.87],[22.94,38.74],[24.18,38.55],[23.98,37.84],[23.21,38.03],[23.4,37.32],[22.71,37.58],[22.92,37.0],[21.61,37.25],[21.25,37.96],[21.74,38.35],[20.74,38.8],[21.47,39.26],[20.43,40.42],[19.33,40.74],[19.39,41.91],[22.47,42.69],[22.44,42.17],[23.53,41.78],[24.26,40.94]]]]}},{"type":"Feature","properties":{"n":"Roman Republic","f":-291,"t":-282,"w":"Q175881"},"geometry":{"type":"Polygon","coordinates":[[[13.98,42.89],[14.92,41.98],[16.12,41.91],[15.87,41.46],[16.42,41.2],[16.09,40.81],[14.42,40.68],[13.0,41.33],[11.81,42.11],[12.3,42.95],[11.91,44.06],[12.87,43.67],[13.1,42.89],[13.98,42.89]]]}},{"type":"Feature","properties":{"n":"Kingdom of Lysimachus","f":-291,"t":-285,"w":"Q32133"},"geometry":{"type":"MultiPolygon","coordinates":[[[[28.91,40.61],[29.4,40.74],[31.2,40.48],[32.12,40.94],[32.11,41.59],[32.63,41.91],[34.47,41.98],[34.54,39.97],[35.59,39.58],[33.51,38.55],[33.0,38.93],[31.88,38.74],[31.53,38.35],[31.84,36.67],[30.62,36.93],[30.49,36.35],[29.24,36.22],[29.12,36.74],[28.03,36.67],[28.07,37.13],[27.22,37.32],[27.28,38.03],[26.43,38.22],[26.37,38.55],[27.06,38.35],[26.85,39.58],[26.13,39.51],[26.6,40.48],[29.05,40.36],[28.91,40.61]]],[[[22.48,42.76],[22.47,42.69],[22.39,42.69],[22.48,42.76]]],[[[22.73,42.95],[22.73,42.89],[22.65,42.89],[22.73,42.95]]],[[[22.74,43.02],[22.82,43.02],[22.81,42.95],[22.74,43.02]]],[[[28.48,43.47],[27.9,43.28],[27.49,42.43],[28.05,41.59],[29.37,41.2],[29.26,40.87],[27.53,41.07],[26.84,40.48],[25.85,40.94],[24.26,40.94],[23.53,41.78],[22.44,42.17],[22.47,42.69],[23.4,43.28],[23.52,43.86],[25.52,43.67],[26.37,44.12],[27.75,44.19],[28.05,45.56],[29.67,45.43],[29.27,44.84],[28.8,44.97],[28.48,43.47]]],[[[22.9,43.08],[22.9,43.02],[22.82,43.02],[22.9,43.08]]]]}},{"type":"Feature","properties":{"n":"Greek City-States","f":-284,"t":-284,"w":"Q148837"},"geometry":{"type":"MultiPolygon","coordinates":[[[[22.89,36.42],[23.12,36.35],[23.11,36.16],[22.89,36.42]]],[[[22.36,36.67],[21.61,37.25],[22.69,37.19],[23.06,36.67],[22.36,36.67]]],[[[14.98,37.32],[15.21,37.19],[15.05,36.74],[14.43,36.93],[14.98,37.32]]],[[[20.62,37.9],[20.93,37.9],[20.92,37.64],[20.62,37.9]]],[[[20.49,38.42],[20.8,38.29],[20.79,38.09],[20.32,38.16],[20.49,38.42]]],[[[0.1,38.8],[-0.13,38.55],[-0.54,38.93],[-0.51,39.9],[-0.2,39.97],[0.1,38.8]]],[[[21.35,38.42],[20.75,38.93],[21.47,39.19],[21.51,39.97],[21.92,40.16],[22.21,39.84],[22.7,40.03],[23.14,39.45],[22.82,39.38],[23.02,38.87],[22.41,39.19],[21.29,38.74],[21.35,38.42]]],[[[18.35,39.9],[17.35,40.55],[16.62,40.29],[16.45,39.64],[17.14,39.06],[15.7,37.96],[16.27,38.93],[15.75,40.03],[15.04,40.23],[14.89,40.68],[16.14,39.97],[16.88,40.74],[17.98,40.61],[18.35,39.9]]],[[[3.85,43.6],[2.98,43.15],[3.04,41.85],[2.7,42.37],[2.74,43.21],[3.45,43.67],[4.73,43.86],[6.6,43.28],[3.85,43.6]]],[[[24.3,35.32],[26.23,35.19],[23.68,35.26],[23.62,35.52],[24.3,35.32]]],[[[27.69,36.29],[28.25,36.48],[28.14,36.03],[27.74,35.9],[27.69,36.29]]],[[[24.49,40.81],[24.81,40.81],[24.79,40.61],[24.49,40.81]]],[[[40.57,40.68],[37.87,40.68],[36.44,41.2],[40.57,40.68]]],[[[31.51,41.2],[31.36,41.26],[31.69,41.39],[31.51,41.2]]],[[[35.01,41.78],[34.79,41.98],[35.12,42.04],[35.01,41.78]]],[[[33.93,44.45],[33.45,44.52],[33.46,45.19],[35.18,45.3],[35.13,44.91],[33.93,44.45]]],[[[31.53,46.68],[30.88,46.68],[29.61,45.69],[30.46,46.61],[31.57,46.94],[31.53,46.68]]],[[[39.08,47.6],[39.2,47.33],[38.35,47.2],[39.08,47.6]]]]}},{"type":"Feature","properties":{"n":"Aetolian League","f":-284,"t":-282,"w":"Q245273"},"geometry":{"type":"Polygon","coordinates":[[[22.45,38.42],[21.35,38.42],[21.7,39.13],[22.41,39.19],[22.45,38.42]]]}},{"type":"Feature","properties":{"n":"Lu","f":-284,"t":-257,"w":"Q555994"},"geometry":{"type":"Polygon","coordinates":[[[117.11,35.45],[116.33,35.07],[116.93,35.9],[117.11,35.45]]]}},{"type":"Feature","properties":{"n":"Antigonid Dynasty","f":-284,"t":-282,"w":"Q237325"},"geometry":{"type":"MultiPolygon","coordinates":[[[[22.91,36.93],[22.92,37.0],[23.0,37.0],[22.91,36.93]]],[[[23.4,37.32],[22.71,37.58],[22.92,37.0],[21.61,37.25],[21.24,37.84],[21.74,38.42],[22.97,37.96],[22.99,38.29],[22.45,38.42],[22.56,39.06],[23.31,38.48],[24.18,38.55],[23.98,37.84],[23.04,37.77],[23.4,37.32]]],[[[23.48,38.74],[23.49,38.8],[23.57,38.8],[23.48,38.74]]],[[[23.03,38.93],[23.03,39.06],[23.49,38.87],[23.03,38.93]]]]}},{"type":"Feature","properties":{"n":"Wey","f":-284,"t":-257,"w":"Q1147897"},"geometry":{"type":"Polygon","coordinates":[[[115.36,36.74],[115.61,36.42],[114.83,35.71],[114.58,36.03],[115.36,36.74]]]}},{"type":"Feature","properties":{"n":"Kingdom of Lysimachus","f":-284,"t":-284,"w":"Q32133"},"geometry":{"type":"MultiPolygon","coordinates":[[[[28.91,40.61],[29.4,40.74],[31.2,40.48],[32.12,40.94],[32.11,41.59],[32.63,41.91],[34.47,41.98],[34.54,39.97],[35.59,39.58],[33.51,38.55],[33.0,38.93],[31.88,38.74],[31.53,38.35],[31.84,36.67],[30.62,36.93],[30.49,36.35],[29.24,36.22],[29.12,36.74],[28.03,36.67],[28.07,37.13],[27.22,37.32],[27.28,38.03],[26.43,38.22],[26.37,38.55],[27.06,38.35],[26.85,39.58],[26.13,39.51],[26.6,40.48],[29.05,40.36],[28.91,40.61]]],[[[22.48,42.76],[22.47,42.69],[22.39,42.69],[22.48,42.76]]],[[[22.73,42.95],[22.73,42.89],[22.65,42.89],[22.73,42.95]]],[[[22.74,43.02],[22.82,43.02],[22.81,42.95],[22.74,43.02]]],[[[28.48,43.47],[27.9,43.28],[27.49,42.43],[28.05,41.59],[29.37,41.2],[29.26,40.87],[27.53,41.07],[26.84,40.48],[25.85,40.94],[24.26,40.94],[23.53,41.78],[22.37,42.3],[23.4,43.28],[23.52,43.86],[25.52,43.67],[26.37,44.12],[27.75,44.19],[28.05,45.56],[29.67,45.43],[29.62,45.04],[29.05,44.97],[28.48,43.47]]],[[[22.9,43.08],[22.9,43.02],[22.82,43.02],[22.9,43.08]]]]}},{"type":"Feature","properties":{"n":"Qi","f":-284,"t":-248,"w":"Q1143524"},"geometry":{"type":"Polygon","coordinates":[[[119.16,37.19],[120.75,37.9],[122.71,37.45],[122.5,36.87],[120.98,36.61],[120.05,35.77],[117.11,35.45],[116.93,35.9],[116.24,35.58],[116.33,35.07],[115.81,34.74],[114.47,34.87],[115.08,35.39],[114.83,35.71],[116.61,37.25],[117.23,38.67],[119.46,37.96],[119.16,37.19]]]}},{"type":"Feature","properties":{"n":"(Warring States China)","f":-284,"t":-278,"w":"Q185063"},"geometry":{"type":"Polygon","coordinates":[[[120.92,32.62],[121.96,31.98],[121.84,31.66],[120.92,31.85],[121.63,31.53],[121.9,30.82],[118.36,29.6],[116.74,29.73],[116.12,30.37],[114.11,30.5],[112.9,29.34],[110.28,29.92],[105.13,28.32],[101.48,29.34],[100.6,30.5],[102.16,32.56],[102.41,34.16],[111.43,37.0],[114.08,39.13],[113.81,39.51],[112.17,39.71],[112.74,40.36],[114.6,40.42],[116.1,39.84],[122.93,41.91],[124.84,41.13],[123.88,39.77],[121.42,38.74],[121.03,38.74],[121.69,39.38],[121.21,39.51],[122.23,40.48],[121.82,40.87],[121.11,40.87],[119.22,39.32],[117.68,38.93],[117.6,38.48],[118.07,38.16],[119.46,37.96],[119.16,37.19],[120.75,37.9],[122.71,37.45],[122.5,36.87],[120.98,36.61],[119.62,35.52],[119.23,34.81],[120.49,34.16],[120.92,32.62]]]}},{"type":"Feature","properties":{"n":"Chu","f":-284,"t":-278,"w":"Q504759"},"geometry":{"type":"Polygon","coordinates":[[[120.49,34.16],[120.92,32.62],[121.96,31.98],[121.84,31.66],[120.92,31.85],[122.0,31.08],[120.8,30.31],[118.36,29.6],[116.74,29.73],[116.12,30.37],[114.11,30.5],[113.27,29.54],[112.0,29.34],[110.23,29.99],[110.41,30.31],[109.48,30.95],[109.76,33.07],[110.74,34.04],[110.72,34.74],[115.81,34.74],[117.51,35.64],[120.05,35.77],[119.23,34.81],[120.49,34.16]]]}},{"type":"Feature","properties":{"n":"Kingdom of Lysimachus","f":-283,"t":-282,"w":"Q32133"},"geometry":{"type":"MultiPolygon","coordinates":[[[[28.91,40.61],[29.4,40.74],[31.2,40.48],[32.12,40.94],[32.11,41.59],[32.63,41.91],[34.47,41.98],[34.54,39.97],[35.59,39.58],[33.51,38.55],[33.0,38.93],[31.88,38.74],[31.53,38.35],[31.84,36.67],[30.62,36.93],[30.49,36.35],[29.24,36.22],[29.12,36.74],[28.03,36.67],[28.07,37.13],[27.22,37.32],[27.28,38.03],[26.43,38.22],[26.37,38.55],[27.06,38.35],[26.85,39.58],[26.13,39.51],[26.6,40.48],[29.05,40.36],[28.91,40.61]]],[[[28.48,43.47],[27.9,43.28],[27.49,42.43],[28.05,41.59],[29.37,41.2],[29.26,40.87],[27.53,41.07],[26.84,40.48],[24.35,41.0],[23.7,40.81],[23.74,40.23],[22.65,40.61],[22.7,40.03],[22.21,39.84],[21.92,40.16],[21.32,39.38],[20.43,40.42],[19.33,40.74],[19.47,41.98],[21.81,42.3],[23.4,43.28],[23.52,43.86],[25.52,43.67],[26.37,44.12],[27.75,44.19],[28.05,45.56],[29.67,45.43],[29.62,45.04],[29.05,44.97],[28.48,43.47]]],[[[22.65,42.95],[22.73,42.95],[22.73,42.89],[22.65,42.95]]],[[[22.82,43.02],[22.81,42.95],[22.73,42.95],[22.82,43.02]]],[[[22.9,43.08],[22.9,43.02],[22.82,43.02],[22.9,43.08]]]]}},{"type":"Feature","properties":{"n":"Greek City-States","f":-283,"t":-282,"w":"Q148837"},"geometry":{"type":"MultiPolygon","coordinates":[[[[22.89,36.42],[23.12,36.35],[23.11,36.16],[22.89,36.42]]],[[[22.36,36.67],[21.61,37.25],[22.69,37.19],[23.06,36.67],[22.36,36.67]]],[[[14.98,37.32],[15.21,37.19],[15.05,36.74],[14.43,36.93],[14.98,37.32]]],[[[20.62,37.9],[20.93,37.9],[20.92,37.64],[20.62,37.9]]],[[[20.49,38.42],[20.8,38.29],[20.79,38.09],[20.32,38.16],[20.49,38.42]]],[[[0.1,38.8],[-0.13,38.55],[-0.54,38.93],[-0.51,39.9],[-0.2,39.97],[0.1,38.8]]],[[[21.35,38.42],[20.75,38.93],[21.47,39.19],[21.51,39.97],[21.92,40.16],[22.21,39.84],[22.7,40.03],[23.14,39.45],[22.82,39.38],[23.02,38.87],[22.41,39.19],[21.29,38.74],[21.35,38.42]]],[[[18.35,39.9],[17.35,40.55],[16.62,40.29],[16.45,39.64],[17.14,39.06],[15.7,37.96],[16.27,38.93],[15.75,40.03],[15.04,40.23],[14.89,40.68],[16.14,39.97],[16.88,40.74],[17.98,40.61],[18.35,39.9]]],[[[3.85,43.6],[2.98,43.15],[3.04,41.85],[2.7,42.37],[2.74,43.21],[3.45,43.67],[4.73,43.86],[6.6,43.28],[3.85,43.6]]],[[[24.3,35.32],[26.23,35.19],[23.68,35.26],[23.62,35.52],[24.3,35.32]]],[[[27.69,36.29],[28.25,36.48],[28.14,36.03],[27.74,35.9],[27.69,36.29]]],[[[24.49,40.81],[24.81,40.81],[24.79,40.61],[24.49,40.81]]],[[[40.57,40.68],[37.87,40.68],[36.44,41.2],[40.57,40.68]]],[[[31.51,41.2],[31.36,41.26],[31.69,41.39],[31.51,41.2]]],[[[35.01,41.78],[34.79,41.98],[35.12,42.04],[35.01,41.78]]],[[[33.93,44.45],[33.45,44.52],[33.46,45.19],[35.18,45.3],[35.13,44.91],[33.93,44.45]]],[[[31.53,46.68],[30.88,46.68],[29.61,45.69],[30.46,46.61],[31.57,46.94],[31.53,46.68]]],[[[39.08,47.6],[39.2,47.33],[38.35,47.2],[39.08,47.6]]]]}},{"type":"Feature","properties":{"n":"Ptolemaic Kingdom","f":-283,"t":-282,"w":"Q2320005"},"geometry":{"type":"MultiPolygon","coordinates":[[[[25.34,37.13],[25.57,37.13],[25.56,37.0],[25.34,37.13]]],[[[24.36,37.71],[24.43,37.58],[24.27,37.51],[24.36,37.71]]],[[[24.99,37.71],[25.22,37.71],[25.29,37.51],[24.99,37.71]]],[[[26.08,37.71],[26.31,37.71],[26.3,37.58],[26.08,37.71]]],[[[24.77,38.03],[25.07,37.77],[24.83,37.71],[24.77,38.03]]],[[[25.82,38.48],[25.99,38.67],[26.22,38.55],[25.88,38.16],[25.82,38.48]]],[[[24.67,38.93],[24.66,38.74],[24.36,38.87],[24.67,38.93]]],[[[25.07,40.03],[25.46,40.03],[25.45,39.84],[25.07,40.03]]],[[[25.72,40.29],[26.04,40.29],[26.02,40.16],[25.72,40.29]]],[[[36.72,32.75],[36.42,31.21],[35.35,31.14],[34.61,30.44],[32.44,29.79],[35.15,24.65],[35.86,24.01],[35.55,23.81],[31.67,23.75],[30.46,23.36],[28.57,24.65],[28.15,27.35],[23.23,30.5],[20.58,30.89],[19.57,30.12],[18.73,29.99],[19.96,30.56],[20.02,32.24],[21.11,32.81],[23.09,32.62],[23.15,32.24],[24.89,31.98],[25.25,31.46],[29.4,30.82],[30.97,31.66],[31.88,31.46],[32.0,31.08],[34.3,31.27],[35.64,34.36],[36.05,34.55],[35.89,35.26],[37.57,33.65],[36.72,32.75]]],[[[34.09,35.0],[33.04,34.55],[32.23,34.94],[34.54,35.71],[34.09,35.0]]],[[[27.66,36.87],[27.96,36.74],[27.56,36.67],[27.66,36.87]]],[[[27.19,36.8],[26.87,36.67],[27.04,36.93],[27.19,36.8]]],[[[27.21,37.13],[27.44,37.13],[27.35,36.93],[27.21,37.13]]],[[[37.28,36.61],[34.58,36.87],[33.98,36.29],[32.56,36.03],[31.59,37.38],[32.03,37.9],[35.67,37.58],[36.35,38.03],[39.17,38.09],[39.6,37.77],[39.3,37.25],[37.28,36.61]]],[[[27.03,37.84],[27.01,37.64],[26.62,37.64],[27.03,37.84]]],[[[25.79,39.19],[26.04,39.38],[26.64,39.0],[25.79,39.19]]]]}},{"type":"Feature","properties":{"n":"Seleucid Empire","f":-283,"t":-282,"w":"Q705904"},"geometry":{"type":"MultiPolygon","coordinates":[[[[69.57,38.8],[71.2,38.48],[72.42,37.51],[71.14,36.22],[70.14,35.64],[70.09,35.45],[65.39,34.1],[64.69,32.94],[62.73,31.46],[60.24,28.25],[57.77,26.58],[57.53,25.74],[56.71,27.16],[54.68,26.45],[51.45,27.87],[50.06,30.18],[48.94,30.31],[48.09,29.54],[46.62,29.86],[46.59,30.31],[45.77,30.44],[43.15,32.81],[40.7,34.16],[39.12,34.49],[37.65,33.65],[37.39,34.1],[36.56,34.29],[36.27,35.19],[35.89,35.26],[35.85,36.35],[39.55,37.38],[39.17,38.09],[36.35,38.03],[35.67,37.58],[33.68,37.9],[31.62,37.64],[31.53,38.35],[32.84,38.93],[33.27,38.55],[34.48,38.8],[34.95,39.45],[35.59,39.58],[37.86,39.45],[40.57,38.03],[44.41,37.58],[45.25,36.93],[45.22,35.64],[48.77,35.13],[52.11,36.55],[54.03,36.87],[53.98,37.38],[55.29,38.09],[58.63,38.67],[60.65,39.58],[63.47,40.1],[68.53,39.58],[69.27,40.23],[69.27,40.74],[70.56,41.07],[70.74,40.61],[70.36,40.42],[69.33,39.9],[69.57,38.8]]],[[[70.22,35.64],[70.3,35.64],[70.28,35.58],[70.22,35.64]]],[[[38.69,39.19],[38.77,39.19],[38.76,39.13],[38.69,39.19]]],[[[70.36,40.42],[70.44,40.42],[70.42,40.36],[70.36,40.42]]]]}},{"type":"Feature","properties":{"n":"Aetolian League","f":-281,"t":-280,"w":"Q245273"},"geometry":{"type":"Polygon","coordinates":[[[22.56,39.0],[22.45,38.42],[21.35,38.42],[21.7,39.13],[22.56,39.0]]]}},{"type":"Feature","properties":{"n":"Greek City-States","f":-281,"t":-280,"w":"Q148837"},"geometry":{"type":"MultiPolygon","coordinates":[[[[24.3,35.32],[26.23,35.19],[23.68,35.26],[23.62,35.52],[24.3,35.32]]],[[[22.89,36.42],[23.12,36.35],[23.11,36.16],[22.89,36.42]]],[[[22.36,36.67],[21.61,37.25],[22.69,37.19],[23.06,36.67],[22.36,36.67]]],[[[15.05,36.74],[14.43,36.93],[14.98,37.32],[15.05,36.74]]],[[[24.36,37.71],[24.43,37.58],[24.27,37.51],[24.36,37.71]]],[[[20.62,37.9],[20.93,37.9],[20.92,37.64],[20.62,37.9]]],[[[20.57,38.42],[20.79,38.09],[20.32,38.16],[20.57,38.42]]],[[[21.15,39.13],[21.54,39.06],[21.35,38.42],[20.9,38.8],[21.15,39.13]]],[[[0.1,38.8],[-0.13,38.55],[-0.54,38.93],[-0.51,39.9],[-0.2,39.97],[0.1,38.8]]],[[[18.35,39.9],[17.35,40.55],[16.62,40.29],[16.45,39.64],[17.14,39.06],[15.7,37.96],[16.27,38.93],[15.75,40.03],[15.04,40.23],[14.89,40.68],[16.14,39.97],[16.88,40.74],[17.98,40.61],[18.35,39.9]]],[[[24.81,40.81],[24.79,40.61],[24.55,40.55],[24.81,40.81]]],[[[3.85,43.6],[2.98,43.15],[3.04,41.85],[2.7,42.37],[2.74,43.21],[3.45,43.67],[4.73,43.86],[6.59,43.41],[3.85,43.6]]],[[[28.02,36.48],[28.25,36.48],[28.14,36.03],[27.74,35.9],[28.02,36.48]]],[[[40.41,40.68],[37.87,40.68],[36.51,41.13],[40.46,41.0],[40.41,40.68]]],[[[31.51,41.2],[31.36,41.26],[31.69,41.39],[31.51,41.2]]],[[[28.21,41.52],[29.04,41.07],[28.16,41.07],[28.21,41.52]]],[[[35.02,41.85],[34.79,41.98],[35.12,42.04],[35.02,41.85]]],[[[27.19,42.63],[28.8,44.97],[28.48,43.47],[27.51,42.63],[27.92,41.91],[27.38,42.04],[27.19,42.63]],[[27.46,42.11],[27.46,42.04],[27.54,42.04],[27.46,42.11]]],[[[33.93,44.45],[33.45,44.52],[33.46,45.19],[35.18,45.3],[35.13,44.91],[33.93,44.45]]],[[[31.53,46.68],[30.88,46.68],[29.61,45.69],[30.46,46.61],[31.57,46.94],[31.53,46.68]]],[[[39.08,47.6],[39.2,47.33],[38.35,47.2],[39.08,47.6]]]]}},{"type":"Feature","properties":{"n":"Colchis","f":-281,"t":-240,"w":"Q183150"},"geometry":{"type":"MultiPolygon","coordinates":[[[[43.09,42.43],[44.86,42.04],[44.95,41.65],[44.31,41.2],[42.62,41.59],[41.53,41.26],[41.12,40.68],[41.78,41.78],[41.61,42.63],[39.63,43.73],[42.02,43.15],[43.09,42.43]]],[[[39.95,43.73],[39.96,43.8],[40.04,43.8],[39.95,43.73]]]]}},{"type":"Feature","properties":{"n":"Kingdom of Bithynia","f":-281,"t":-280,"w":"Q3762571"},"geometry":{"type":"Polygon","coordinates":[[[29.37,41.2],[31.18,41.07],[32.12,41.65],[32.32,41.33],[31.2,40.48],[29.49,40.81],[29.37,41.2]]]}},{"type":"Feature","properties":{"n":"Roman Republic","f":-281,"t":-280,"w":"Q175881"},"geometry":{"type":"Polygon","coordinates":[[[13.98,42.89],[14.92,41.98],[16.12,41.91],[15.87,41.46],[16.42,41.2],[16.09,40.81],[14.42,40.68],[13.0,41.33],[11.81,42.11],[12.3,42.95],[11.91,44.06],[12.87,43.6],[13.5,42.76],[13.98,42.89]]]}},{"type":"Feature","properties":{"n":"Antigonid Dynasty","f":-281,"t":-280,"w":"Q237325"},"geometry":{"type":"MultiPolygon","coordinates":[[[[22.99,36.93],[22.91,36.93],[22.92,37.0],[22.99,36.93]]],[[[24.03,38.67],[23.98,37.84],[23.21,38.03],[23.4,37.32],[22.71,37.58],[22.92,37.0],[21.61,37.25],[21.24,37.84],[21.74,38.42],[22.66,37.96],[23.06,38.16],[22.45,38.42],[22.49,39.19],[21.46,39.06],[21.51,39.97],[22.7,40.03],[23.14,39.45],[22.8,39.06],[23.34,39.0],[23.49,38.8],[22.94,38.74],[24.03,38.67]]],[[[23.48,38.74],[23.49,38.8],[23.57,38.8],[23.48,38.74]]]]}},{"type":"Feature","properties":{"n":"Seleucid Empire","f":-281,"t":-280,"w":"Q705904"},"geometry":{"type":"MultiPolygon","coordinates":[[[[37.86,39.45],[40.57,38.03],[44.41,37.58],[45.25,36.93],[45.22,35.64],[48.77,35.13],[52.11,36.55],[54.03,36.87],[53.98,37.38],[55.29,38.09],[58.63,38.67],[60.65,39.58],[63.47,40.1],[68.53,39.58],[69.27,40.23],[69.27,40.74],[70.48,41.07],[70.74,40.61],[70.36,40.42],[69.33,39.9],[69.45,38.93],[71.2,38.48],[72.43,37.58],[71.14,36.22],[70.14,35.64],[70.09,35.45],[65.39,34.1],[64.69,32.94],[62.73,31.46],[60.24,28.25],[57.77,26.58],[57.38,25.74],[56.71,27.16],[54.68,26.45],[51.45,27.87],[50.06,30.18],[48.94,30.31],[48.09,29.54],[46.62,29.86],[46.59,30.31],[45.77,30.44],[43.15,32.81],[40.7,34.16],[39.12,34.49],[37.65,33.65],[37.39,34.1],[36.56,34.29],[36.27,35.19],[35.89,35.26],[35.85,36.35],[39.55,37.38],[39.17,38.09],[36.35,38.03],[35.67,37.58],[32.03,37.9],[31.52,37.45],[31.84,36.67],[30.62,36.93],[30.49,36.35],[29.24,36.22],[29.12,36.74],[28.03,36.67],[28.07,37.13],[27.22,37.32],[27.28,38.03],[26.43,38.22],[26.38,38.67],[27.06,38.35],[26.85,39.58],[26.13,39.51],[26.67,40.36],[29.05,40.36],[28.91,40.61],[29.4,40.74],[31.2,40.48],[32.12,40.94],[32.11,41.59],[33.28,41.98],[34.39,41.98],[34.54,39.97],[37.86,39.45]]],[[[70.22,35.64],[70.3,35.64],[70.28,35.58],[70.22,35.64]]],[[[70.36,40.42],[70.44,40.42],[70.42,40.36],[70.36,40.42]]],[[[29.04,41.13],[29.37,41.2],[29.18,40.87],[29.04,41.13]]]]}},{"type":"Feature","properties":{"n":"Kingdom of Pontus","f":-281,"t":-280,"w":"Q7380487"},"geometry":{"type":"MultiPolygon","coordinates":[[[[41.24,41.39],[40.4,40.1],[38.79,39.9],[38.75,39.06],[34.83,39.77],[34.26,40.94],[34.39,41.98],[35.95,41.72],[36.14,41.33],[37.87,40.68],[40.41,40.68],[41.24,41.39]]],[[[40.47,41.07],[40.46,41.0],[40.38,41.0],[40.47,41.07]]]]}},{"type":"Feature","properties":{"n":"Ptolemaic Kingdom","f":-281,"t":-280,"w":"Q2320005"},"geometry":{"type":"MultiPolygon","coordinates":[[[[25.34,37.13],[25.57,37.13],[25.56,37.0],[25.34,37.13]]],[[[24.99,37.71],[25.22,37.71],[25.29,37.51],[24.99,37.71]]],[[[26.08,37.71],[26.31,37.71],[26.3,37.58],[26.08,37.71]]],[[[24.77,38.03],[25.07,37.77],[24.83,37.71],[24.77,38.03]]],[[[25.82,38.48],[25.99,38.67],[26.22,38.55],[25.88,38.16],[25.82,38.48]]],[[[24.67,38.93],[24.66,38.74],[24.36,38.87],[24.67,38.93]]],[[[25.07,40.03],[25.46,40.03],[25.45,39.84],[25.07,40.03]]],[[[26.04,40.29],[26.02,40.16],[25.7,40.1],[26.04,40.29]]],[[[28.29,41.59],[28.08,41.0],[27.53,41.07],[26.84,40.48],[24.35,41.0],[23.7,40.81],[23.74,40.23],[22.65,40.61],[22.7,40.03],[22.21,39.84],[21.92,40.16],[21.32,39.38],[20.43,40.42],[19.33,40.74],[19.46,41.65],[22.45,42.43],[23.67,41.52],[24.55,41.65],[24.76,41.26],[26.03,41.2],[28.29,41.59]]],[[[25.24,41.26],[25.16,41.26],[25.17,41.33],[25.24,41.26]]],[[[36.42,31.21],[35.35,31.14],[34.61,30.44],[32.44,29.79],[35.15,24.65],[35.86,24.01],[35.55,23.81],[31.67,23.75],[30.46,23.36],[28.57,24.65],[28.15,27.35],[23.23,30.5],[20.58,30.89],[19.57,30.12],[18.73,29.99],[19.96,30.56],[20.02,32.24],[21.11,32.81],[21.88,32.94],[23.09,32.62],[23.3,32.17],[24.89,31.98],[25.25,31.46],[26.85,31.46],[28.87,30.82],[30.97,31.66],[31.88,31.46],[32.0,31.08],[33.98,31.14],[34.63,31.66],[35.64,34.36],[36.05,34.55],[35.89,35.26],[36.27,35.19],[36.56,34.29],[37.6,33.91],[36.9,33.07],[36.42,31.21]]],[[[34.09,35.0],[33.04,34.55],[32.23,34.94],[34.54,35.71],[34.09,35.0]]],[[[27.89,36.87],[27.96,36.74],[27.56,36.67],[27.89,36.87]]],[[[27.19,36.8],[26.87,36.67],[27.04,36.93],[27.19,36.8]]],[[[27.21,37.13],[27.44,37.13],[27.35,36.93],[27.21,37.13]]],[[[34.58,36.87],[33.98,36.29],[32.56,36.03],[31.84,36.67],[31.62,37.64],[33.68,37.9],[35.67,37.58],[36.35,38.03],[37.76,38.09],[39.6,37.77],[39.55,37.38],[37.28,36.61],[36.26,36.61],[36.14,36.93],[34.58,36.87]]],[[[26.56,37.84],[27.03,37.84],[27.01,37.64],[26.56,37.84]]],[[[25.79,39.19],[26.04,39.38],[26.64,39.0],[25.79,39.19]]],[[[26.36,40.36],[26.68,40.42],[26.26,40.1],[26.36,40.36]]]]}},{"type":"Feature","properties":{"n":"Kingdom of Armenia","f":-281,"t":-257,"w":"Q208404"},"geometry":{"type":"MultiPolygon","coordinates":[[[[45.67,40.87],[45.52,40.48],[46.54,39.97],[47.05,39.77],[48.67,39.58],[48.8,38.09],[47.25,38.67],[46.12,38.48],[45.22,37.77],[45.25,36.93],[44.41,37.58],[40.57,38.03],[38.75,39.06],[38.79,39.9],[40.4,40.1],[40.75,40.36],[40.57,40.68],[41.01,40.94],[41.36,40.68],[41.53,41.26],[42.62,41.59],[45.19,41.26],[45.67,40.87]]],[[[47.08,39.9],[47.16,39.9],[47.14,39.84],[47.08,39.9]]],[[[46.93,39.97],[47.01,39.97],[47.0,39.9],[46.93,39.97]]]]}},{"type":"Feature","properties":{"n":"Antigonid Dynasty","f":-279,"t":-278,"w":"Q237325"},"geometry":{"type":"MultiPolygon","coordinates":[[[[22.99,36.93],[22.91,36.93],[22.92,37.0],[22.99,36.93]]],[[[23.4,37.32],[22.71,37.58],[22.92,37.0],[21.61,37.25],[21.24,37.84],[21.96,38.16],[22.97,37.96],[22.99,38.29],[22.45,38.42],[22.56,39.06],[23.34,39.0],[22.94,38.87],[23.31,38.48],[24.18,38.55],[23.98,37.84],[23.04,37.77],[23.4,37.32]]],[[[23.48,38.74],[23.49,38.8],[23.57,38.8],[23.48,38.74]]]]}},{"type":"Feature","properties":{"n":"Roman Republic","f":-279,"t":-278,"w":"Q175881"},"geometry":{"type":"Polygon","coordinates":[[[13.98,42.89],[14.92,41.98],[16.12,41.91],[16.02,41.33],[15.38,41.2],[15.53,40.74],[14.42,40.68],[11.81,42.11],[12.3,42.95],[11.91,44.06],[12.87,43.6],[13.5,42.76],[13.98,42.89]]]}},{"type":"Feature","properties":{"n":"Achaean League","f":-279,"t":-273,"w":"Q244796"},"geometry":{"type":"Polygon","coordinates":[[[22.13,38.42],[22.59,38.09],[22.27,37.96],[21.41,38.09],[22.13,38.42]]]}},{"type":"Feature","properties":{"n":"Kingdom of Bithynia","f":-279,"t":-204,"w":"Q3762571"},"geometry":{"type":"Polygon","coordinates":[[[29.25,40.81],[29.37,41.2],[31.18,41.07],[32.12,41.65],[32.3,40.48],[30.59,39.97],[29.25,40.81]]]}},{"type":"Feature","properties":{"n":"Greek City-States","f":-279,"t":-278,"w":"Q148837"},"geometry":{"type":"MultiPolygon","coordinates":[[[[24.3,35.32],[26.23,35.19],[23.68,35.26],[23.62,35.52],[24.3,35.32]]],[[[22.89,36.42],[23.12,36.35],[23.11,36.16],[22.89,36.42]]],[[[22.36,36.67],[21.61,37.25],[22.69,37.19],[23.06,36.67],[22.36,36.67]]],[[[15.05,36.74],[14.43,36.93],[14.98,37.32],[15.05,36.74]]],[[[20.93,37.9],[20.92,37.64],[20.61,37.71],[20.93,37.9]]],[[[20.49,38.42],[20.8,38.29],[20.79,38.09],[20.32,38.16],[20.49,38.42]]],[[[20.75,38.93],[21.54,39.13],[21.35,38.42],[20.75,38.93]]],[[[0.1,38.8],[-0.13,38.55],[-0.57,39.51],[-0.2,39.97],[-0.31,39.13],[0.1,38.8]]],[[[15.7,37.96],[16.27,38.93],[15.75,40.03],[15.04,40.23],[14.89,40.68],[16.14,39.97],[16.54,40.1],[16.45,39.64],[17.14,39.06],[15.7,37.96]]],[[[24.81,40.81],[24.79,40.61],[24.55,40.55],[24.81,40.81]]],[[[27.19,42.63],[28.8,44.97],[28.48,43.47],[27.51,42.63],[27.92,41.91],[27.38,42.04],[27.19,42.63]],[[27.54,42.04],[27.46,42.11],[27.46,42.04],[27.54,42.04]]],[[[3.85,43.6],[2.98,43.15],[3.04,41.85],[2.7,42.37],[2.74,43.21],[3.45,43.67],[4.73,43.86],[6.59,43.41],[3.85,43.6]]],[[[28.02,36.48],[28.25,36.48],[28.14,36.03],[27.74,35.9],[28.02,36.48]]],[[[27.6,37.13],[27.4,37.58],[29.05,36.74],[28.03,36.67],[28.14,37.06],[27.6,37.13]]],[[[40.58,40.74],[37.87,40.68],[36.51,41.13],[40.58,40.74]]],[[[28.96,41.07],[29.37,41.2],[29.26,40.87],[28.96,41.07]]],[[[31.36,41.26],[31.69,41.39],[31.59,41.2],[31.36,41.26]]],[[[35.01,41.78],[34.79,41.98],[35.12,42.04],[35.01,41.78]]],[[[33.93,44.45],[33.45,44.52],[33.46,45.19],[35.18,45.3],[35.13,44.91],[33.93,44.45]]],[[[31.53,46.68],[30.88,46.68],[29.61,45.69],[30.46,46.61],[31.57,46.94],[31.53,46.68]]],[[[39.08,47.6],[39.2,47.33],[38.35,47.2],[39.08,47.6]]]]}},{"type":"Feature","properties":{"n":"Paphlagonia","f":-279,"t":-145,"w":"Q622032"},"geometry":{"type":"Polygon","coordinates":[[[32.76,40.36],[32.3,40.48],[32.14,41.13],[34.33,41.52],[34.57,40.23],[32.76,40.36]]]}},{"type":"Feature","properties":{"n":"Galatia","f":-279,"t":-248,"w":"Q26847"},"geometry":{"type":"Polygon","coordinates":[[[32.3,40.48],[34.57,40.23],[34.77,39.26],[34.48,38.8],[33.27,38.55],[31.42,38.87],[31.31,40.03],[32.3,40.48]]]}},{"type":"Feature","properties":{"n":"Kingdom of Pergamon","f":-279,"t":-226,"w":"Q2022162"},"geometry":{"type":"Polygon","coordinates":[[[26.84,39.51],[27.77,39.32],[27.64,38.67],[26.92,38.55],[26.84,39.51]]]}},{"type":"Feature","properties":{"n":"Aetolian League","f":-279,"t":-278,"w":"Q245273"},"geometry":{"type":"Polygon","coordinates":[[[21.29,38.74],[21.78,39.19],[22.49,39.26],[22.45,38.42],[21.51,38.42],[21.29,38.74]]]}},{"type":"Feature","properties":{"n":"Ptolemaic Kingdom","f":-279,"t":-278,"w":"Q2320005"},"geometry":{"type":"MultiPolygon","coordinates":[[[[25.33,37.0],[25.34,37.13],[25.57,37.13],[25.33,37.0]]],[[[24.36,37.71],[24.43,37.58],[24.27,37.51],[24.36,37.71]]],[[[24.99,37.71],[25.22,37.71],[25.29,37.51],[24.99,37.71]]],[[[26.08,37.71],[26.31,37.71],[26.3,37.58],[26.08,37.71]]],[[[24.77,38.03],[25.07,37.77],[24.83,37.71],[24.77,38.03]]],[[[24.67,38.93],[24.66,38.74],[24.36,38.87],[24.67,38.93]]],[[[25.07,40.03],[25.46,40.03],[25.45,39.84],[25.07,40.03]]],[[[25.72,40.29],[26.04,40.29],[26.02,40.16],[25.72,40.29]]],[[[36.42,31.21],[35.35,31.14],[34.61,30.44],[32.44,29.79],[35.15,24.65],[35.86,24.01],[35.55,23.81],[31.67,23.75],[30.46,23.36],[28.57,24.65],[28.15,27.35],[23.23,30.5],[20.58,30.89],[19.57,30.12],[18.73,29.99],[19.96,30.56],[20.02,32.24],[21.11,32.81],[21.88,32.94],[23.09,32.62],[23.3,32.17],[24.89,31.98],[25.25,31.46],[26.85,31.46],[28.87,30.82],[30.97,31.66],[31.88,31.46],[32.0,31.08],[33.98,31.14],[34.63,31.66],[35.64,34.36],[36.05,34.55],[35.89,35.26],[36.27,35.19],[36.56,34.29],[37.6,33.91],[36.9,33.07],[36.42,31.21]]],[[[34.09,35.0],[33.04,34.55],[32.23,34.94],[34.54,35.71],[34.09,35.0]]],[[[27.66,36.87],[27.96,36.74],[27.56,36.67],[27.66,36.87]]],[[[27.19,36.8],[26.87,36.67],[27.04,36.93],[27.19,36.8]]],[[[27.21,37.13],[27.44,37.13],[27.35,36.93],[27.21,37.13]]],[[[34.58,36.87],[33.98,36.29],[32.56,36.03],[31.84,36.67],[31.62,37.64],[33.68,37.9],[35.67,37.58],[36.35,38.03],[37.76,38.09],[39.6,37.77],[39.55,37.38],[37.28,36.61],[36.26,36.61],[36.14,36.93],[34.58,36.87]]],[[[26.56,37.84],[27.03,37.84],[27.01,37.64],[26.56,37.84]]]]}},{"type":"Feature","properties":{"n":"Kingdom of Pontus","f":-279,"t":-257,"w":"Q7380487"},"geometry":{"type":"MultiPolygon","coordinates":[[[[37.87,40.68],[40.41,40.68],[41.24,41.39],[41.26,41.07],[40.57,40.68],[40.75,40.36],[40.4,40.1],[38.79,39.9],[38.75,39.06],[34.83,39.77],[34.33,41.52],[32.31,41.2],[32.11,41.59],[33.28,41.98],[35.87,41.65],[37.87,40.68]]],[[[40.47,41.07],[40.46,41.0],[40.38,41.0],[40.47,41.07]]]]}},{"type":"Feature","properties":{"n":"Seleucid Empire","f":-279,"t":-278,"w":"Q705904"},"geometry":{"type":"MultiPolygon","coordinates":[[[[69.57,38.8],[71.2,38.48],[72.42,37.51],[71.14,36.22],[70.14,35.64],[70.09,35.45],[65.39,34.1],[64.69,32.94],[62.73,31.46],[60.24,28.25],[57.77,26.58],[57.38,25.74],[56.71,27.16],[54.68,26.45],[51.45,27.87],[50.06,30.18],[48.94,30.31],[48.09,29.54],[46.62,29.86],[46.59,30.31],[45.77,30.44],[43.15,32.81],[40.7,34.16],[39.12,34.49],[37.65,33.65],[37.39,34.1],[36.56,34.29],[36.27,35.19],[35.89,35.26],[35.85,36.35],[39.55,37.38],[39.17,38.09],[36.35,38.03],[35.67,37.58],[32.03,37.9],[31.52,37.45],[31.84,36.67],[30.62,36.93],[30.49,36.35],[29.24,36.22],[28.99,37.0],[27.63,37.58],[27.3,37.32],[27.28,38.03],[26.43,38.22],[26.38,38.67],[26.59,38.35],[27.64,38.67],[27.77,39.32],[26.13,39.51],[26.6,40.42],[29.05,40.36],[28.91,40.61],[29.56,40.74],[30.59,39.97],[31.38,39.97],[31.42,38.87],[33.27,38.55],[34.48,38.8],[34.83,39.77],[37.86,39.45],[40.57,38.03],[44.41,37.58],[45.25,36.93],[45.22,35.64],[48.77,35.13],[52.11,36.55],[54.03,36.87],[53.98,37.38],[55.29,38.09],[58.63,38.67],[60.65,39.58],[63.47,40.1],[68.53,39.58],[69.27,40.23],[69.27,40.74],[70.56,41.07],[70.74,40.61],[69.33,39.9],[69.57,38.8]]],[[[70.22,35.64],[70.3,35.64],[70.28,35.58],[70.22,35.64]]],[[[26.11,38.16],[25.88,38.16],[25.91,38.67],[26.11,38.16]]],[[[26.25,38.93],[25.79,39.19],[26.51,39.32],[26.64,39.0],[26.25,38.93]]],[[[70.44,40.42],[70.42,40.36],[70.34,40.36],[70.44,40.42]]]]}},{"type":"Feature","properties":{"n":"Seleucid Empire","f":-277,"t":-265,"w":"Q705904"},"geometry":{"type":"MultiPolygon","coordinates":[[[[69.57,38.8],[71.2,38.48],[72.42,37.51],[71.14,36.22],[70.14,35.64],[70.09,35.45],[65.39,34.1],[64.69,32.94],[62.73,31.46],[60.24,28.25],[57.77,26.58],[57.38,25.74],[56.71,27.16],[54.68,26.45],[51.45,27.87],[50.06,30.18],[48.94,30.31],[48.09,29.54],[46.62,29.86],[46.59,30.31],[45.77,30.44],[43.15,32.81],[40.7,34.16],[39.12,34.49],[37.65,33.65],[37.39,34.1],[36.56,34.29],[36.27,35.19],[35.89,35.26],[35.85,36.35],[39.55,37.38],[39.17,38.09],[36.35,38.03],[35.67,37.58],[32.03,37.9],[31.52,37.45],[31.84,36.67],[30.62,36.93],[30.49,36.35],[29.24,36.22],[28.99,37.0],[27.63,37.58],[27.3,37.32],[27.28,38.03],[26.43,38.22],[26.38,38.67],[26.59,38.35],[27.64,38.67],[27.77,39.32],[26.13,39.51],[26.67,40.36],[29.05,40.36],[28.91,40.61],[29.56,40.74],[30.59,39.97],[31.38,39.97],[31.42,38.87],[33.27,38.55],[34.48,38.8],[34.83,39.77],[37.86,39.45],[40.57,38.03],[44.41,37.58],[45.25,36.93],[45.22,35.64],[48.77,35.13],[52.11,36.55],[54.03,36.87],[53.98,37.38],[55.29,38.09],[58.63,38.67],[60.65,39.58],[63.47,40.1],[68.53,39.58],[69.27,40.23],[69.27,40.74],[70.56,41.07],[70.74,40.61],[69.33,39.9],[69.57,38.8]]],[[[70.22,35.64],[70.3,35.64],[70.28,35.58],[70.22,35.64]]],[[[26.11,38.16],[25.88,38.16],[25.91,38.67],[26.11,38.16]]],[[[26.25,38.93],[25.79,39.19],[26.51,39.32],[26.64,39.0],[26.25,38.93]]],[[[70.44,40.42],[70.42,40.36],[70.34,40.36],[70.44,40.42]]]]}},{"type":"Feature","properties":{"n":"Antigonid Macedonia","f":-277,"t":-273,"w":"Q237325"},"geometry":{"type":"MultiPolygon","coordinates":[[[[22.91,36.93],[22.92,37.0],[23.0,37.0],[22.91,36.93]]],[[[20.61,37.71],[20.62,37.9],[20.93,37.9],[20.61,37.71]]],[[[20.32,38.16],[20.33,38.35],[20.57,38.42],[20.79,38.09],[20.32,38.16]]],[[[23.49,38.8],[23.57,38.8],[23.56,38.74],[23.49,38.8]]],[[[24.76,41.26],[26.18,41.07],[28.29,41.59],[28.08,41.0],[27.18,40.74],[24.35,41.0],[23.7,40.81],[23.74,40.23],[22.65,40.61],[22.61,39.9],[23.14,39.45],[22.8,39.06],[23.49,38.87],[22.94,38.74],[24.03,38.67],[24.16,38.22],[23.98,37.84],[23.04,37.9],[23.4,37.32],[22.71,37.58],[22.92,37.0],[22.39,37.25],[22.36,36.8],[21.74,36.87],[21.7,37.51],[21.24,37.84],[21.96,38.16],[22.97,37.96],[22.99,38.29],[22.45,38.42],[22.49,39.19],[21.7,39.13],[21.27,38.42],[20.75,38.93],[21.47,39.26],[20.81,40.1],[19.33,40.74],[19.39,41.91],[22.45,42.43],[23.67,41.52],[24.76,41.26]]],[[[24.55,40.55],[24.49,40.81],[24.81,40.81],[24.55,40.55]]],[[[25.25,41.33],[25.24,41.26],[25.16,41.26],[25.25,41.33]]]]}},{"type":"Feature","properties":{"n":"Chu","f":-277,"t":-248,"w":"Q504759"},"geometry":{"type":"Polygon","coordinates":[[[120.49,34.16],[120.92,32.62],[121.96,31.98],[121.84,31.66],[120.92,31.85],[121.63,31.53],[121.9,30.82],[118.36,29.6],[116.74,29.73],[116.12,30.37],[114.87,30.5],[114.11,30.5],[112.9,29.34],[110.36,29.92],[112.52,30.95],[111.7,33.33],[110.72,34.74],[115.81,34.74],[117.51,35.64],[120.05,35.77],[119.23,34.81],[120.49,34.16]]]}},{"type":"Feature","properties":{"n":"(Warring States China)","f":-277,"t":-257,"w":"Q185063"},"geometry":{"type":"Polygon","coordinates":[[[120.92,32.62],[121.96,31.98],[121.84,31.66],[120.92,31.85],[121.63,31.53],[121.9,30.82],[118.36,29.6],[116.74,29.73],[116.12,30.37],[114.11,30.5],[112.9,29.34],[110.3,29.99],[105.13,28.32],[101.48,29.34],[100.6,30.5],[102.16,32.56],[102.41,34.16],[111.43,37.0],[114.08,39.13],[113.81,39.51],[112.17,39.71],[112.74,40.36],[114.6,40.42],[116.1,39.84],[122.93,41.91],[124.84,41.13],[123.88,39.77],[121.42,38.74],[121.03,38.74],[121.69,39.38],[121.21,39.51],[122.23,40.48],[121.82,40.87],[121.11,40.87],[119.22,39.32],[117.68,38.93],[117.6,38.48],[118.07,38.16],[119.46,37.96],[119.16,37.19],[120.75,37.9],[122.71,37.45],[122.5,36.87],[120.98,36.61],[119.62,35.52],[119.23,34.81],[120.49,34.16],[120.92,32.62]]]}},{"type":"Feature","properties":{"n":"Ptolemaic Kingdom","f":-277,"t":-273,"w":"Q2320005"},"geometry":{"type":"MultiPolygon","coordinates":[[[[25.34,37.13],[25.57,37.13],[25.56,37.0],[25.34,37.13]]],[[[24.36,37.71],[24.43,37.58],[24.27,37.51],[24.36,37.71]]],[[[24.99,37.71],[25.22,37.71],[25.29,37.51],[24.99,37.71]]],[[[26.08,37.71],[26.31,37.71],[26.3,37.58],[26.08,37.71]]],[[[24.77,38.03],[25.07,37.77],[24.83,37.71],[24.77,38.03]]],[[[24.67,38.93],[24.66,38.74],[24.36,38.87],[24.67,38.93]]],[[[25.07,40.03],[25.46,40.03],[25.45,39.84],[25.07,40.03]]],[[[26.04,40.29],[26.02,40.16],[25.7,40.1],[26.04,40.29]]],[[[26.54,40.68],[26.07,40.68],[26.23,40.74],[26.54,40.68]]],[[[36.72,32.75],[36.42,31.21],[35.35,31.14],[34.61,30.44],[32.44,29.79],[35.15,24.65],[35.86,24.01],[35.55,23.81],[31.67,23.75],[30.46,23.36],[28.57,24.65],[28.15,27.35],[23.23,30.5],[20.58,30.89],[19.57,30.12],[18.73,29.99],[19.96,30.56],[20.02,32.24],[21.11,32.81],[23.09,32.62],[23.15,32.24],[24.89,31.98],[25.25,31.46],[29.4,30.82],[30.97,31.66],[31.88,31.46],[32.0,31.08],[34.3,31.27],[35.64,34.36],[36.05,34.55],[35.89,35.26],[37.57,33.65],[36.72,32.75]]],[[[34.09,35.0],[33.04,34.55],[32.23,34.94],[34.54,35.71],[34.09,35.0]]],[[[27.66,36.87],[27.96,36.74],[27.56,36.67],[27.66,36.87]]],[[[27.19,36.8],[26.87,36.67],[27.04,36.93],[27.19,36.8]]],[[[27.21,37.13],[27.44,37.13],[27.35,36.93],[27.21,37.13]]],[[[37.28,36.61],[34.58,36.87],[33.98,36.29],[32.56,36.03],[31.59,37.38],[32.03,37.9],[35.67,37.58],[36.35,38.03],[39.17,38.09],[39.6,37.77],[39.3,37.25],[37.28,36.61]]],[[[26.56,37.84],[27.03,37.84],[27.01,37.64],[26.56,37.84]]],[[[26.36,40.36],[26.68,40.42],[26.67,40.36],[26.26,40.1],[26.36,40.36]]],[[[26.78,40.74],[27.1,40.74],[26.92,40.48],[26.78,40.74]]]]}},{"type":"Feature","properties":{"n":"Qin","f":-277,"t":-231,"w":"Q1471995"},"geometry":{"type":"Polygon","coordinates":[[[105.13,28.32],[101.48,29.34],[100.6,30.5],[102.16,32.56],[102.41,34.16],[111.43,37.0],[114.11,39.19],[114.81,39.32],[113.7,38.03],[113.94,37.19],[112.28,36.8],[111.59,34.61],[110.72,34.74],[111.7,33.33],[112.52,30.95],[105.13,28.32]]]}},{"type":"Feature","properties":{"n":"Aetolian League","f":-277,"t":-273,"w":"Q245273"},"geometry":{"type":"Polygon","coordinates":[[[21.35,38.42],[21.29,38.74],[22.49,39.19],[22.37,38.42],[21.35,38.42]]]}},{"type":"Feature","properties":{"n":"Greek City-States","f":-277,"t":-276,"w":"Q148837"},"geometry":{"type":"MultiPolygon","coordinates":[[[[24.3,35.32],[26.23,35.19],[23.68,35.26],[23.62,35.52],[24.3,35.32]]],[[[27.69,36.29],[28.25,36.48],[28.14,36.03],[27.74,35.9],[27.69,36.29]]],[[[22.89,36.42],[23.12,36.35],[23.11,36.16],[22.89,36.42]]],[[[22.36,36.74],[22.39,37.25],[22.92,37.0],[23.06,36.67],[22.36,36.74]]],[[[0.1,38.8],[-0.13,38.55],[-0.54,38.93],[-0.51,39.9],[-0.2,39.97],[0.1,38.8]]],[[[27.19,42.63],[28.8,44.97],[28.48,43.47],[27.51,42.63],[27.92,41.91],[27.38,42.04],[27.19,42.63]],[[27.46,42.11],[27.46,42.04],[27.54,42.04],[27.46,42.11]]],[[[3.85,43.6],[2.98,43.15],[3.04,41.85],[2.7,42.37],[2.74,43.21],[3.45,43.67],[4.73,43.86],[6.59,43.41],[3.85,43.6]]],[[[28.14,37.06],[27.6,37.13],[27.4,37.58],[29.05,36.74],[28.03,36.67],[28.14,37.06]]],[[[40.58,40.74],[37.87,40.68],[36.51,41.13],[40.58,40.74]]],[[[29.37,41.2],[29.26,40.87],[28.08,41.07],[28.21,41.52],[29.37,41.2]]],[[[31.51,41.2],[31.36,41.26],[31.69,41.39],[31.51,41.2]]],[[[35.01,41.78],[34.79,41.98],[35.12,42.04],[35.01,41.78]]],[[[33.93,44.45],[33.45,44.52],[33.46,45.19],[35.18,45.3],[35.13,44.91],[33.93,44.45]]],[[[31.53,46.68],[30.88,46.68],[29.61,45.69],[30.46,46.61],[31.57,46.94],[31.53,46.68]]],[[[39.08,47.6],[39.2,47.33],[38.35,47.2],[39.08,47.6]]]]}},{"type":"Feature","properties":{"n":"Carthage","f":-277,"t":-276,"w":"Q2429397"},"geometry":{"type":"MultiPolygon","coordinates":[[[[11.08,35.0],[10.0,34.29],[10.24,33.71],[12.23,32.81],[13.3,32.94],[15.06,32.43],[15.65,31.4],[17.85,30.95],[18.81,30.12],[15.57,31.14],[14.9,32.24],[9.62,33.33],[8.93,34.04],[8.85,34.74],[8.07,34.94],[7.59,36.61],[1.15,36.16],[-1.88,34.81],[-4.73,34.87],[-5.63,35.52],[-6.73,33.59],[-7.47,33.26],[-7.88,33.52],[-6.61,34.16],[-5.95,35.71],[-5.57,35.84],[-4.75,35.19],[-2.84,35.45],[-2.66,35.07],[-1.89,35.07],[0.68,36.42],[3.46,36.87],[5.56,36.67],[6.33,37.06],[8.52,36.87],[10.23,37.25],[10.23,36.8],[11.01,37.0],[10.46,35.9],[11.08,35.58],[11.08,35.0]]],[[[14.34,35.84],[14.34,36.03],[14.57,35.97],[14.34,35.84]]],[[[-5.23,36.48],[-5.58,36.03],[-6.25,36.61],[-5.45,36.35],[-5.31,36.55],[-4.56,36.87],[-3.85,36.8],[-5.23,36.48]]],[[[12.73,37.9],[12.57,37.96],[12.57,38.03],[12.73,37.9]]],[[[1.27,38.8],[1.18,39.06],[1.65,39.13],[1.27,38.8]]],[[[9.59,39.13],[8.34,39.0],[8.15,40.94],[9.1,41.26],[9.82,40.74],[9.59,39.13]]]]}},{"type":"Feature","properties":{"n":"Roman Republic","f":-277,"t":-276,"w":"Q175881"},"geometry":{"type":"Polygon","coordinates":[[[13.98,42.89],[14.92,41.98],[16.12,41.91],[16.02,41.33],[15.38,41.2],[15.53,40.81],[14.42,40.68],[11.81,42.11],[12.3,42.95],[11.91,44.06],[12.87,43.6],[13.5,42.76],[13.98,42.89]]]}},{"type":"Feature","properties":{"n":"Carthage","f":-275,"t":-273,"w":"Q2429397"},"geometry":{"type":"MultiPolygon","coordinates":[[[[11.08,35.0],[10.0,34.29],[10.24,33.71],[12.23,32.81],[13.3,32.94],[15.06,32.43],[15.65,31.4],[17.85,30.95],[18.81,30.12],[15.57,31.14],[14.9,32.24],[9.62,33.33],[8.93,34.04],[8.85,34.74],[8.07,34.94],[7.59,36.61],[1.15,36.16],[-1.88,34.81],[-4.73,34.87],[-5.63,35.52],[-6.73,33.59],[-7.47,33.26],[-7.88,33.52],[-6.61,34.16],[-5.95,35.71],[-5.57,35.84],[-4.75,35.19],[-2.84,35.45],[-2.66,35.07],[-1.89,35.07],[0.68,36.42],[3.46,36.87],[5.56,36.67],[6.33,37.06],[8.52,36.87],[10.23,37.25],[10.23,36.8],[11.01,37.0],[10.46,35.9],[11.08,35.58],[11.08,35.0]]],[[[14.34,35.84],[14.34,36.03],[14.57,35.97],[14.34,35.84]]],[[[-5.23,36.48],[-5.58,36.03],[-6.25,36.61],[-5.45,36.35],[-5.31,36.55],[-4.56,36.87],[-3.85,36.8],[-5.23,36.48]]],[[[14.99,37.9],[12.96,37.9],[14.59,37.19],[14.35,37.0],[12.49,37.9],[15.08,38.16],[15.23,37.77],[14.83,37.32],[14.99,37.9]]],[[[1.27,38.8],[1.18,39.06],[1.65,39.13],[1.27,38.8]]],[[[9.59,39.13],[8.34,39.0],[8.15,40.94],[9.1,41.26],[9.82,40.74],[9.59,39.13]]]]}},{"type":"Feature","properties":{"n":"Roman Republic","f":-275,"t":-272,"w":"Q175881"},"geometry":{"type":"Polygon","coordinates":[[[13.98,42.89],[14.92,41.98],[16.12,41.91],[15.94,41.39],[17.82,40.61],[16.88,40.74],[16.14,39.97],[15.13,40.81],[14.42,40.68],[13.0,41.33],[11.81,42.11],[12.3,42.95],[11.91,44.06],[12.87,43.6],[13.5,42.76],[13.98,42.89]]]}},{"type":"Feature","properties":{"n":"Greek City-States","f":-275,"t":-273,"w":"Q148837"},"geometry":{"type":"MultiPolygon","coordinates":[[[[24.3,35.32],[26.23,35.19],[23.68,35.26],[23.62,35.52],[24.3,35.32]]],[[[27.69,36.29],[28.25,36.48],[28.14,36.03],[27.74,35.9],[27.69,36.29]]],[[[22.89,36.42],[23.12,36.35],[23.11,36.16],[22.89,36.42]]],[[[22.36,36.74],[22.39,37.25],[22.92,37.0],[23.06,36.67],[22.36,36.74]]],[[[14.98,37.32],[15.21,37.19],[15.05,36.74],[14.43,36.93],[14.98,37.32]]],[[[0.1,38.8],[-0.13,38.55],[-0.54,38.93],[-0.51,39.9],[-0.2,39.97],[0.1,38.8]]],[[[18.36,40.29],[18.35,39.9],[16.87,40.48],[16.45,39.64],[17.14,39.06],[15.93,37.96],[15.15,37.9],[16.27,38.93],[15.75,40.03],[15.04,40.23],[14.89,40.68],[16.14,39.97],[16.88,40.74],[18.36,40.29]]],[[[27.38,42.04],[27.33,42.37],[27.17,42.43],[27.19,42.63],[28.8,44.97],[28.48,43.47],[27.51,42.63],[27.92,41.91],[27.38,42.04]],[[27.46,42.11],[27.46,42.04],[27.54,42.04],[27.46,42.11]]],[[[3.85,43.6],[2.98,43.15],[3.04,41.85],[2.7,42.37],[2.74,43.21],[3.45,43.67],[4.73,43.86],[6.59,43.41],[3.85,43.6]]],[[[28.14,37.06],[27.6,37.13],[27.4,37.58],[29.05,36.74],[28.03,36.67],[28.14,37.06]]],[[[40.58,40.74],[37.87,40.68],[36.51,41.13],[40.58,40.74]]],[[[29.37,41.2],[29.26,40.87],[28.08,41.07],[28.29,41.52],[29.37,41.2]]],[[[31.36,41.26],[31.69,41.39],[31.59,41.2],[31.36,41.26]]],[[[35.01,41.78],[34.79,41.98],[35.12,42.04],[35.01,41.78]]],[[[33.93,44.45],[33.45,44.52],[33.46,45.19],[35.18,45.3],[35.13,44.91],[33.93,44.45]]],[[[31.53,46.68],[30.88,46.68],[29.61,45.69],[30.46,46.61],[31.57,46.94],[31.53,46.68]]],[[[39.08,47.6],[39.2,47.33],[38.35,47.2],[39.08,47.6]]]]}},{"type":"Feature","properties":{"n":"Antigonid Macedonia","f":-272,"t":-272,"w":"Q237325"},"geometry":{"type":"MultiPolygon","coordinates":[[[[23.4,37.32],[22.5,37.9],[23.06,38.16],[22.45,38.42],[22.56,39.06],[23.31,38.48],[24.18,38.55],[23.98,37.84],[23.04,37.9],[23.4,37.32]]],[[[23.49,38.8],[23.57,38.8],[23.56,38.74],[23.49,38.8]]],[[[23.03,39.06],[23.49,38.87],[23.33,38.8],[23.03,39.06]]],[[[24.79,40.61],[24.55,40.55],[24.49,40.81],[24.79,40.61]]],[[[26.18,41.07],[28.29,41.59],[28.08,41.0],[27.18,40.74],[24.35,41.0],[23.7,40.81],[23.74,40.23],[22.65,40.61],[22.46,40.03],[22.23,41.39],[21.46,41.91],[21.49,42.3],[22.45,42.43],[23.67,41.52],[24.55,41.65],[24.76,41.26],[26.18,41.07]]],[[[25.25,41.33],[25.24,41.26],[25.16,41.26],[25.25,41.33]]]]}},{"type":"Feature","properties":{"n":"Ptolemaic Kingdom","f":-272,"t":-265,"w":"Q2320005"},"geometry":{"type":"MultiPolygon","coordinates":[[[[25.34,37.13],[25.57,37.13],[25.56,37.0],[25.34,37.13]]],[[[24.36,37.71],[24.43,37.58],[24.27,37.51],[24.36,37.71]]],[[[24.99,37.71],[25.22,37.71],[25.29,37.51],[24.99,37.71]]],[[[26.08,37.71],[26.31,37.71],[26.3,37.58],[26.08,37.71]]],[[[24.77,38.03],[25.07,37.77],[24.83,37.71],[24.77,38.03]]],[[[24.67,38.93],[24.66,38.74],[24.36,38.87],[24.67,38.93]]],[[[25.07,40.03],[25.46,40.03],[25.45,39.84],[25.07,40.03]]],[[[26.04,40.29],[26.02,40.16],[25.7,40.1],[26.04,40.29]]],[[[26.54,40.68],[26.07,40.68],[26.23,40.74],[26.54,40.68]]],[[[36.72,32.75],[36.42,31.21],[35.35,31.14],[34.61,30.44],[32.44,29.79],[35.85,23.88],[31.67,23.75],[30.46,23.36],[28.57,24.65],[28.15,27.35],[24.93,29.41],[25.1,31.59],[28.87,30.82],[30.97,31.66],[31.88,31.46],[32.0,31.08],[34.3,31.27],[35.64,34.36],[36.05,34.55],[35.89,35.26],[37.57,33.65],[36.72,32.75]]],[[[34.09,35.0],[33.04,34.55],[32.23,34.94],[34.54,35.71],[34.09,35.0]]],[[[27.66,36.87],[27.96,36.74],[27.56,36.67],[27.66,36.87]]],[[[27.19,36.8],[26.87,36.67],[27.04,36.93],[27.19,36.8]]],[[[27.21,37.13],[27.44,37.13],[27.35,36.93],[27.21,37.13]]],[[[37.28,36.61],[34.58,36.87],[33.98,36.29],[32.56,36.03],[31.59,37.38],[32.03,37.9],[35.67,37.58],[36.35,38.03],[39.17,38.09],[39.6,37.77],[39.3,37.25],[37.28,36.61]]],[[[26.56,37.84],[27.03,37.84],[27.01,37.64],[26.56,37.84]]],[[[26.36,40.36],[26.68,40.42],[26.67,40.36],[26.26,40.1],[26.36,40.36]]],[[[26.78,40.74],[27.1,40.74],[26.92,40.48],[26.78,40.74]]]]}},{"type":"Feature","properties":{"n":"Greek City-States","f":-272,"t":-272,"w":"Q148837"},"geometry":{"type":"MultiPolygon","coordinates":[[[[24.3,35.32],[26.23,35.19],[23.68,35.26],[23.62,35.52],[24.3,35.32]]],[[[22.89,36.42],[23.12,36.35],[23.11,36.16],[22.89,36.42]]],[[[22.36,36.67],[22.39,37.25],[22.92,37.0],[23.06,36.67],[22.36,36.67]]],[[[22.57,37.77],[22.8,37.77],[22.71,37.45],[22.57,37.77]]],[[[20.93,37.9],[20.92,37.64],[20.61,37.71],[20.93,37.9]]],[[[20.49,38.42],[20.8,38.29],[20.79,38.09],[20.32,38.16],[20.49,38.42]]],[[[20.73,38.61],[20.5,38.61],[20.59,38.87],[20.73,38.61]]],[[[18.35,39.9],[17.35,40.55],[16.62,40.29],[16.45,39.64],[17.14,39.06],[15.93,37.96],[15.39,38.16],[15.21,37.0],[14.66,36.74],[14.43,37.0],[14.9,37.25],[15.08,38.16],[16.27,38.74],[15.75,40.03],[15.04,40.23],[14.89,40.68],[16.14,39.97],[16.88,40.74],[17.82,40.61],[18.35,39.9]]],[[[0.1,38.8],[-0.13,38.55],[-0.54,38.93],[-0.51,39.9],[-0.2,39.97],[0.1,38.8]]],[[[27.19,42.63],[28.8,44.97],[28.48,43.47],[27.51,42.63],[27.92,41.91],[27.38,42.04],[27.19,42.63]],[[27.54,42.04],[27.46,42.11],[27.46,42.04],[27.54,42.04]]],[[[3.85,43.6],[2.98,43.15],[3.04,41.85],[2.7,42.37],[2.74,43.21],[3.45,43.67],[4.73,43.86],[6.6,43.28],[3.85,43.6]]],[[[27.69,36.29],[28.25,36.48],[28.14,36.03],[27.74,35.9],[27.69,36.29]]],[[[28.14,37.06],[27.6,37.13],[27.4,37.58],[29.05,36.74],[28.03,36.67],[28.14,37.06]]],[[[40.58,40.74],[37.87,40.68],[36.51,41.13],[40.58,40.74]]],[[[29.37,41.2],[29.26,40.87],[28.08,41.07],[28.29,41.52],[29.37,41.2]]],[[[31.36,41.26],[31.69,41.39],[31.59,41.2],[31.36,41.26]]],[[[35.01,41.78],[34.79,41.98],[35.12,42.04],[35.01,41.78]]],[[[33.93,44.45],[33.45,44.52],[33.46,45.19],[35.18,45.3],[35.13,44.91],[33.93,44.45]]],[[[31.53,46.68],[30.88,46.68],[29.61,45.69],[30.46,46.61],[31.57,46.94],[31.53,46.68]]],[[[39.08,47.6],[39.2,47.33],[38.35,47.2],[39.08,47.6]]]]}},{"type":"Feature","properties":{"n":"Cyrenaica","f":-272,"t":-248,"w":"Q165198"},"geometry":{"type":"Polygon","coordinates":[[[25.11,31.79],[24.93,29.47],[21.95,30.89],[20.58,30.89],[19.57,30.12],[18.73,29.99],[20.12,30.76],[20.02,32.24],[20.64,32.69],[22.11,32.94],[25.11,31.79]]]}},{"type":"Feature","properties":{"n":"Aetolian League","f":-272,"t":-272,"w":"Q245273"},"geometry":{"type":"Polygon","coordinates":[[[21.7,39.13],[22.57,39.13],[22.45,38.42],[21.28,38.55],[21.7,39.13]]]}},{"type":"Feature","properties":{"n":"Carthage","f":-272,"t":-265,"w":"Q2429397"},"geometry":{"type":"MultiPolygon","coordinates":[[[[11.08,35.0],[10.0,34.29],[10.24,33.71],[12.23,32.81],[13.3,32.94],[15.06,32.43],[15.65,31.4],[17.85,30.95],[18.81,30.12],[15.57,31.14],[14.9,32.24],[9.62,33.33],[8.93,34.04],[8.85,34.74],[8.07,34.94],[7.59,36.61],[1.15,36.16],[-1.88,34.81],[-4.73,34.87],[-5.63,35.52],[-6.73,33.59],[-7.47,33.26],[-7.88,33.52],[-6.61,34.16],[-5.95,35.71],[-5.57,35.84],[-4.75,35.19],[-2.84,35.45],[-2.66,35.07],[-1.89,35.07],[0.68,36.42],[3.46,36.87],[5.56,36.67],[6.33,37.06],[8.52,36.87],[10.23,37.25],[10.23,36.8],[11.01,37.0],[10.46,35.9],[11.08,35.58],[11.08,35.0]]],[[[14.34,35.84],[14.34,36.03],[14.57,35.97],[14.34,35.84]]],[[[-5.23,36.48],[-5.58,36.03],[-6.25,36.61],[-5.45,36.35],[-5.31,36.55],[-4.56,36.87],[-3.85,36.8],[-5.23,36.48]]],[[[12.96,37.77],[14.59,37.19],[14.51,37.0],[12.49,37.9],[15.08,38.16],[14.13,37.77],[12.96,37.77]]],[[[1.27,38.8],[1.18,39.06],[1.65,39.13],[1.27,38.8]]],[[[9.59,39.13],[8.34,39.0],[8.15,40.94],[9.1,41.26],[9.82,40.74],[9.59,39.13]]]]}},{"type":"Feature","properties":{"n":"Achaean League","f":-272,"t":-272,"w":"Q244796"},"geometry":{"type":"Polygon","coordinates":[[[21.74,38.42],[22.59,38.16],[22.58,37.96],[21.41,38.09],[21.74,38.42]]]}},{"type":"Feature","properties":{"n":"Achaean League","f":-271,"t":-265,"w":"Q244796"},"geometry":{"type":"Polygon","coordinates":[[[22.13,38.42],[22.58,38.03],[22.27,37.96],[21.42,38.16],[22.13,38.42]]]}},{"type":"Feature","properties":{"n":"Roman Republic","f":-271,"t":-265,"w":"Q175881"},"geometry":{"type":"Polygon","coordinates":[[[13.98,42.89],[14.92,41.98],[16.12,41.91],[15.87,41.46],[17.98,40.61],[18.35,39.9],[16.87,40.48],[16.45,39.64],[17.14,39.06],[15.7,37.96],[16.27,38.93],[15.75,40.03],[11.81,42.11],[12.3,42.95],[11.91,44.06],[12.87,43.6],[13.5,42.76],[13.98,42.89]]]}},{"type":"Feature","properties":{"n":"Aetolian League","f":-271,"t":-231,"w":"Q245273"},"geometry":{"type":"Polygon","coordinates":[[[21.7,39.13],[22.56,39.0],[22.45,38.42],[21.35,38.42],[21.7,39.13]]]}},{"type":"Feature","properties":{"n":"Greek Colonies","f":-271,"t":-265,"w":"Q828047"},"geometry":{"type":"MultiPolygon","coordinates":[[[[24.3,35.32],[26.23,35.19],[23.68,35.26],[23.62,35.52],[24.3,35.32]]],[[[27.69,36.29],[28.25,36.48],[28.14,36.03],[27.74,35.9],[27.69,36.29]]],[[[15.05,36.74],[14.66,36.74],[14.75,37.64],[15.23,37.9],[15.05,36.74]]],[[[20.49,38.42],[20.8,38.29],[20.79,38.09],[20.32,38.16],[20.49,38.42]]],[[[20.75,38.93],[21.46,39.13],[21.53,38.87],[21.27,38.42],[20.75,38.93]]],[[[0.1,38.8],[-0.13,38.55],[-0.54,38.93],[-0.51,39.9],[-0.2,39.97],[0.1,38.8]]],[[[27.19,42.63],[28.8,44.97],[28.48,43.47],[27.51,42.63],[27.92,41.91],[27.38,42.04],[27.19,42.63]],[[27.46,42.11],[27.46,42.04],[27.54,42.04],[27.46,42.11]]],[[[3.85,43.6],[2.98,43.15],[3.04,41.85],[2.7,42.37],[2.74,43.21],[3.45,43.67],[4.73,43.86],[6.6,43.28],[3.85,43.6]]],[[[28.14,37.06],[27.6,37.13],[27.4,37.58],[29.05,36.74],[28.03,36.67],[28.14,37.06]]],[[[40.58,40.74],[37.87,40.68],[36.51,41.13],[40.58,40.74]]],[[[29.37,41.2],[29.26,40.87],[28.08,41.07],[28.21,41.52],[29.37,41.2]]],[[[31.51,41.2],[31.36,41.26],[31.69,41.39],[31.51,41.2]]],[[[35.01,41.78],[34.79,41.98],[35.12,42.04],[35.01,41.78]]],[[[33.93,44.45],[33.45,44.52],[33.46,45.19],[35.18,45.3],[35.13,44.91],[33.93,44.45]]],[[[31.53,46.68],[30.88,46.68],[29.61,45.69],[30.46,46.61],[31.57,46.94],[31.53,46.68]]],[[[39.08,47.6],[39.2,47.33],[38.35,47.2],[39.08,47.6]]]]}},{"type":"Feature","properties":{"n":"Mamertines","f":-271,"t":-265,"w":"Q1164281"},"geometry":{"type":"Polygon","coordinates":[[[15.63,38.29],[15.39,38.16],[15.08,38.16],[15.63,38.29]]]}},{"type":"Feature","properties":{"n":"Antigonid Macedonia","f":-271,"t":-265,"w":"Q237325"},"geometry":{"type":"MultiPolygon","coordinates":[[[[23.11,36.16],[22.87,36.16],[22.89,36.42],[23.11,36.16]]],[[[20.61,37.71],[20.62,37.9],[20.93,37.9],[20.61,37.71]]],[[[23.49,38.8],[23.57,38.8],[23.56,38.74],[23.49,38.8]]],[[[24.76,41.26],[26.18,41.07],[28.29,41.59],[28.08,41.0],[27.18,40.74],[24.35,41.0],[23.7,40.81],[23.74,40.23],[22.57,40.55],[22.61,39.9],[23.14,39.45],[22.8,39.06],[23.49,38.87],[22.94,38.74],[24.03,38.67],[24.16,38.22],[23.98,37.84],[23.04,37.9],[23.4,37.32],[22.71,37.58],[23.06,36.67],[22.36,36.67],[22.22,37.06],[21.74,36.87],[21.33,38.09],[23.06,38.16],[22.45,38.42],[22.49,39.19],[21.54,39.0],[20.57,40.1],[20.99,40.61],[20.55,41.2],[21.13,41.59],[21.08,42.17],[22.45,42.43],[23.67,41.52],[24.55,41.65],[24.76,41.26]]],[[[24.55,40.55],[24.49,40.81],[24.81,40.81],[24.55,40.55]]],[[[25.25,41.33],[25.24,41.26],[25.16,41.26],[25.25,41.33]]]]}},{"type":"Feature","properties":{"n":"Etruscans","f":-271,"t":-265,"w":"Q17161"},"geometry":{"type":"MultiPolygon","coordinates":[[[[9.58,41.98],[9.1,41.33],[8.62,41.72],[8.53,42.5],[9.33,43.02],[9.58,41.98]]],[[[10.46,42.69],[10.13,42.89],[10.21,42.89],[10.46,42.69]]],[[[11.81,42.17],[11.26,42.43],[10.29,43.8],[12.31,43.54],[11.81,42.17]]]]}},{"type":"Feature","properties":{"n":"Ptolemaic Kingdom","f":-264,"t":-257,"w":"Q2320005"},"geometry":{"type":"MultiPolygon","coordinates":[[[[25.34,37.13],[25.57,37.13],[25.56,37.0],[25.34,37.13]]],[[[24.36,37.71],[24.43,37.58],[24.27,37.51],[24.36,37.71]]],[[[24.99,37.71],[25.22,37.71],[25.29,37.51],[24.99,37.71]]],[[[26.08,37.71],[26.31,37.71],[26.3,37.58],[26.08,37.71]]],[[[24.77,38.03],[25.07,37.77],[24.83,37.71],[24.77,38.03]]],[[[24.67,38.93],[24.66,38.74],[24.36,38.87],[24.67,38.93]]],[[[25.07,40.03],[25.46,40.03],[25.45,39.84],[25.07,40.03]]],[[[26.04,40.29],[26.02,40.16],[25.7,40.1],[26.04,40.29]]],[[[26.54,40.68],[26.07,40.68],[26.23,40.74],[26.54,40.68]]],[[[36.72,32.75],[36.42,31.21],[35.35,31.14],[34.61,30.44],[32.44,29.79],[35.85,23.88],[31.67,23.75],[30.46,23.36],[28.57,24.65],[28.15,27.35],[24.93,29.41],[25.1,31.59],[28.87,30.82],[30.97,31.66],[31.88,31.46],[32.0,31.08],[34.3,31.27],[35.64,34.36],[36.05,34.55],[35.89,35.26],[37.57,33.65],[36.72,32.75]]],[[[34.09,35.0],[33.04,34.55],[32.23,34.94],[34.54,35.71],[34.09,35.0]]],[[[29.24,36.22],[29.12,36.74],[28.03,36.67],[28.23,37.19],[29.36,36.8],[30.62,36.93],[30.49,36.35],[29.24,36.22]]],[[[27.19,36.8],[26.87,36.67],[27.04,36.93],[27.19,36.8]]],[[[27.21,37.13],[27.44,37.13],[27.35,36.93],[27.21,37.13]]],[[[37.28,36.61],[34.58,36.87],[33.98,36.29],[32.56,36.03],[31.59,37.32],[32.03,37.9],[35.67,37.58],[36.35,38.03],[39.17,38.09],[39.6,37.77],[39.3,37.25],[37.28,36.61]]],[[[27.66,37.9],[27.77,37.38],[27.22,37.32],[27.28,38.03],[27.66,37.9]]],[[[26.36,40.36],[26.68,40.42],[26.67,40.36],[26.26,40.1],[26.36,40.36]]],[[[26.78,40.74],[27.1,40.74],[26.92,40.48],[26.78,40.74]]]]}},{"type":"Feature","properties":{"n":"Mamertines","f":-264,"t":-257,"w":"Q1164281"},"geometry":{"type":"Polygon","coordinates":[[[15.63,38.29],[15.39,38.16],[15.08,38.16],[15.63,38.29]]]}},{"type":"Feature","properties":{"n":"Greek Colonies","f":-264,"t":-257,"w":"Q828047"},"geometry":{"type":"MultiPolygon","coordinates":[[[[24.3,35.32],[26.23,35.19],[23.68,35.26],[23.62,35.52],[24.3,35.32]]],[[[28.24,37.38],[28.3,37.19],[27.6,37.13],[28.24,37.38]]],[[[15.05,36.74],[14.66,36.74],[14.75,37.64],[15.23,37.9],[15.05,36.74]]],[[[20.49,38.42],[20.8,38.29],[20.79,38.09],[20.32,38.16],[20.49,38.42]]],[[[20.75,38.93],[21.46,39.13],[21.53,38.87],[21.27,38.42],[20.75,38.93]]],[[[0.1,38.8],[-0.13,38.55],[-0.54,38.93],[-0.51,39.9],[-0.2,39.97],[0.1,38.8]]],[[[27.19,42.63],[28.8,44.97],[28.48,43.47],[27.51,42.63],[27.92,41.91],[27.38,42.04],[27.19,42.63]],[[27.46,42.11],[27.46,42.04],[27.54,42.04],[27.46,42.11]]],[[[3.85,43.6],[2.98,43.15],[3.04,41.85],[2.7,42.37],[2.74,43.21],[3.45,43.67],[4.73,43.86],[6.6,43.28],[3.85,43.6]]],[[[27.69,36.29],[28.25,36.48],[28.14,36.03],[27.74,35.9],[27.69,36.29]]],[[[40.58,40.74],[37.87,40.68],[36.51,41.13],[40.58,40.74]]],[[[29.37,41.2],[29.26,40.87],[28.08,41.07],[28.21,41.52],[29.37,41.2]]],[[[31.51,41.2],[31.36,41.26],[31.69,41.39],[31.51,41.2]]],[[[35.01,41.78],[34.79,41.98],[35.12,42.04],[35.01,41.78]]],[[[33.93,44.45],[33.45,44.52],[33.46,45.19],[35.18,45.3],[35.13,44.91],[33.93,44.45]]],[[[31.53,46.68],[30.88,46.68],[29.61,45.69],[30.46,46.61],[31.57,46.94],[31.53,46.68]]],[[[39.08,47.6],[39.2,47.33],[38.35,47.2],[39.08,47.6]]]]}},{"type":"Feature","properties":{"n":"Seleucid Empire","f":-264,"t":-257,"w":"Q705904"},"geometry":{"type":"MultiPolygon","coordinates":[[[[69.57,38.8],[71.2,38.48],[72.42,37.51],[71.14,36.22],[70.14,35.64],[70.09,35.45],[65.39,34.1],[64.69,32.94],[62.73,31.46],[60.24,28.25],[57.77,26.58],[57.38,25.74],[56.71,27.16],[54.68,26.45],[51.45,27.87],[50.06,30.18],[48.94,30.31],[48.09,29.54],[46.62,29.86],[46.59,30.31],[45.77,30.44],[43.15,32.81],[40.7,34.16],[39.12,34.49],[37.65,33.65],[37.39,34.1],[36.56,34.29],[36.27,35.19],[35.89,35.26],[35.85,36.35],[39.55,37.38],[39.17,38.09],[36.35,38.03],[35.67,37.58],[32.03,37.9],[31.62,37.64],[31.84,36.67],[29.37,36.87],[27.7,37.45],[27.51,38.03],[26.43,38.22],[26.38,38.67],[26.59,38.35],[27.64,38.67],[27.77,39.32],[26.13,39.51],[26.67,40.36],[29.05,40.36],[28.91,40.61],[29.56,40.74],[30.59,39.97],[31.38,39.97],[31.42,38.87],[33.27,38.55],[34.48,38.8],[34.83,39.77],[37.86,39.45],[40.57,38.03],[44.41,37.58],[45.25,36.93],[45.22,35.64],[48.77,35.13],[52.11,36.55],[54.03,36.87],[53.98,37.38],[55.29,38.09],[58.63,38.67],[60.65,39.58],[63.47,40.1],[68.53,39.58],[69.27,40.23],[69.27,40.74],[70.56,41.07],[70.74,40.61],[69.33,39.9],[69.57,38.8]]],[[[70.22,35.64],[70.3,35.64],[70.28,35.58],[70.22,35.64]]],[[[26.11,38.16],[25.88,38.16],[25.91,38.67],[26.11,38.16]]],[[[26.25,38.93],[25.79,39.19],[26.51,39.32],[26.64,39.0],[26.25,38.93]]],[[[70.44,40.42],[70.42,40.36],[70.34,40.36],[70.44,40.42]]]]}},{"type":"Feature","properties":{"n":"Antigonid Macedonia","f":-264,"t":-257,"w":"Q237325"},"geometry":{"type":"MultiPolygon","coordinates":[[[[21.24,37.84],[21.33,38.09],[22.58,37.96],[22.36,36.8],[21.9,36.87],[21.24,37.84]]],[[[20.61,37.71],[20.62,37.9],[20.93,37.9],[20.61,37.71]]],[[[23.49,38.8],[23.57,38.8],[23.56,38.74],[23.49,38.8]]],[[[24.76,41.26],[26.18,41.07],[28.29,41.59],[28.08,41.0],[27.18,40.74],[24.35,41.0],[23.7,40.81],[23.74,40.23],[22.65,40.61],[22.61,39.9],[23.14,39.45],[22.8,39.06],[23.49,38.87],[22.94,38.74],[24.03,38.67],[24.16,38.22],[22.45,38.42],[22.49,39.19],[21.54,39.0],[20.57,40.1],[20.99,40.61],[20.55,41.2],[21.13,41.59],[21.08,42.17],[22.45,42.43],[23.67,41.52],[24.55,41.65],[24.76,41.26]]],[[[24.55,40.55],[24.49,40.81],[24.81,40.81],[24.55,40.55]]],[[[25.25,41.33],[25.24,41.26],[25.16,41.26],[25.25,41.33]]]]}},{"type":"Feature","properties":{"n":"Achaean League","f":-264,"t":-257,"w":"Q244796"},"geometry":{"type":"Polygon","coordinates":[[[22.13,38.42],[22.58,37.96],[22.12,38.16],[21.42,38.16],[22.13,38.42]]]}},{"type":"Feature","properties":{"n":"Roman Republic","f":-264,"t":-257,"w":"Q175881"},"geometry":{"type":"MultiPolygon","coordinates":[[[[16.12,41.91],[15.87,41.46],[17.98,40.61],[18.35,39.9],[16.87,40.48],[16.45,39.64],[17.14,39.06],[15.7,37.96],[16.27,38.93],[15.75,40.03],[11.26,42.43],[10.29,43.8],[11.82,43.73],[12.47,44.12],[13.67,43.41],[14.37,42.3],[16.12,41.91]]],[[[10.46,42.89],[10.46,42.69],[10.21,42.69],[10.46,42.89]]]]}},{"type":"Feature","properties":{"n":"Carthage","f":-264,"t":-257,"w":"Q2429397"},"geometry":{"type":"MultiPolygon","coordinates":[[[[11.08,35.0],[10.0,34.29],[10.24,33.71],[12.23,32.81],[13.3,32.94],[15.06,32.43],[15.65,31.4],[17.85,30.95],[18.81,30.12],[15.57,31.14],[14.9,32.24],[9.62,33.33],[8.93,34.04],[8.85,34.74],[8.07,34.94],[7.59,36.61],[1.15,36.16],[-1.88,34.81],[-4.73,34.87],[-5.63,35.52],[-6.73,33.59],[-7.47,33.26],[-7.88,33.52],[-6.61,34.16],[-5.95,35.71],[-5.57,35.84],[-4.75,35.19],[-2.84,35.45],[-2.66,35.07],[-1.89,35.07],[0.68,36.42],[3.46,36.87],[5.56,36.67],[6.33,37.06],[8.52,36.87],[10.23,37.25],[10.23,36.8],[11.01,37.0],[10.46,35.9],[11.08,35.58],[11.08,35.0]]],[[[14.34,35.84],[14.34,36.03],[14.57,35.97],[14.34,35.84]]],[[[-5.23,36.48],[-5.58,36.03],[-6.25,36.61],[-5.45,36.35],[-5.31,36.55],[-4.56,36.87],[-3.85,36.8],[-5.23,36.48]]],[[[14.51,37.0],[12.49,37.9],[15.08,38.16],[14.13,37.77],[12.96,37.9],[14.51,37.0]]],[[[1.27,38.8],[1.18,39.06],[1.65,39.13],[1.27,38.8]]],[[[9.59,39.13],[8.34,39.0],[8.15,40.94],[9.1,41.26],[9.82,40.74],[9.59,39.13]]],[[[9.58,41.98],[9.1,41.33],[8.62,41.72],[8.53,42.5],[9.25,43.02],[9.58,41.98]]]]}},{"type":"Feature","properties":{"n":"Athenian Coalition","f":-264,"t":-257,"w":"Q33745"},"geometry":{"type":"MultiPolygon","coordinates":[[[[23.12,36.35],[23.11,36.16],[22.87,36.16],[23.12,36.35]]],[[[22.71,37.58],[23.06,36.67],[22.36,36.74],[22.58,38.03],[23.86,38.42],[23.98,37.84],[23.04,37.77],[23.4,37.32],[22.71,37.58]]]]}},{"type":"Feature","properties":{"n":"(Warring States China)","f":-256,"t":-248,"w":"Q185063"},"geometry":{"type":"Polygon","coordinates":[[[120.92,32.62],[121.96,31.98],[121.84,31.66],[120.92,31.85],[121.63,31.53],[121.9,30.82],[118.36,29.6],[116.74,29.73],[116.12,30.37],[114.11,30.5],[112.9,29.34],[110.3,29.99],[105.13,28.32],[101.48,29.34],[100.6,30.5],[102.16,32.56],[102.41,34.16],[111.43,37.0],[114.08,39.13],[113.81,39.51],[112.17,39.71],[112.74,40.36],[114.6,40.42],[116.1,39.84],[122.93,41.91],[124.84,41.13],[123.88,39.77],[121.42,38.74],[121.03,38.74],[121.69,39.38],[121.21,39.51],[122.23,40.48],[121.82,40.87],[121.11,40.87],[119.22,39.32],[117.68,38.93],[117.6,38.48],[118.07,38.16],[119.46,37.96],[119.16,37.19],[120.75,37.9],[122.71,37.45],[122.5,36.87],[120.98,36.61],[119.62,35.52],[119.23,34.81],[120.49,34.16],[120.92,32.62]]]}},{"type":"Feature","properties":{"n":"Greek Colonies","f":-256,"t":-248,"w":"Q828047"},"geometry":{"type":"MultiPolygon","coordinates":[[[[24.3,35.32],[26.23,35.19],[23.68,35.26],[23.62,35.52],[24.3,35.32]]],[[[15.06,37.32],[15.21,37.19],[15.05,36.74],[14.43,36.93],[15.06,37.32]]],[[[28.24,37.38],[28.3,37.19],[27.6,37.13],[28.24,37.38]]],[[[20.49,38.42],[20.8,38.29],[20.79,38.09],[20.32,38.16],[20.49,38.42]]],[[[20.74,38.8],[21.46,39.13],[21.53,38.87],[21.27,38.42],[20.74,38.8]]],[[[0.1,38.8],[-0.13,38.55],[-0.54,38.93],[-0.51,39.9],[-0.2,39.97],[0.1,38.8]]],[[[24.49,40.81],[24.81,40.81],[24.79,40.61],[24.49,40.81]]],[[[27.38,42.04],[27.33,42.37],[27.17,42.43],[27.19,42.63],[28.8,44.97],[28.48,43.47],[27.51,42.63],[27.92,41.91],[27.38,42.04]],[[27.46,42.11],[27.46,42.04],[27.54,42.04],[27.46,42.11]]],[[[3.85,43.6],[2.98,43.15],[3.04,41.85],[2.7,42.37],[2.74,43.21],[3.45,43.67],[4.73,43.86],[6.59,43.41],[3.85,43.6]]],[[[27.69,36.29],[28.25,36.48],[28.14,36.03],[27.74,35.9],[27.69,36.29]]],[[[40.58,40.74],[37.87,40.68],[36.51,41.13],[40.58,40.74]]],[[[29.37,41.2],[29.26,40.87],[28.08,41.07],[28.29,41.52],[29.37,41.2]]],[[[31.36,41.26],[31.69,41.39],[31.59,41.2],[31.36,41.26]]],[[[35.01,41.78],[34.79,41.98],[35.12,42.04],[35.01,41.78]]],[[[33.93,44.45],[33.45,44.52],[33.46,45.19],[35.18,45.3],[35.13,44.91],[33.93,44.45]]],[[[31.53,46.68],[30.88,46.68],[29.61,45.69],[30.46,46.61],[31.57,46.94],[31.53,46.68]]],[[[39.08,47.6],[39.2,47.33],[38.35,47.2],[39.08,47.6]]]]}},{"type":"Feature","properties":{"n":"Ptolemaic Kingdom","f":-256,"t":-248,"w":"Q2320005"},"geometry":{"type":"MultiPolygon","coordinates":[[[[25.34,37.13],[25.57,37.13],[25.56,37.0],[25.34,37.13]]],[[[24.36,37.71],[24.43,37.58],[24.27,37.51],[24.36,37.71]]],[[[24.99,37.71],[25.22,37.71],[25.29,37.51],[24.99,37.71]]],[[[26.31,37.71],[26.3,37.58],[25.99,37.51],[26.31,37.71]]],[[[24.77,38.03],[25.07,37.77],[24.83,37.71],[24.77,38.03]]],[[[24.67,38.93],[24.66,38.74],[24.36,38.87],[24.67,38.93]]],[[[25.07,40.03],[25.46,40.03],[25.45,39.84],[25.07,40.03]]],[[[25.72,40.29],[26.04,40.29],[26.02,40.16],[25.72,40.29]]],[[[26.36,40.36],[26.68,40.42],[26.67,40.36],[26.26,40.1],[26.36,40.36]]],[[[26.54,40.68],[26.07,40.68],[26.23,40.74],[26.54,40.68]]],[[[36.72,32.75],[36.42,31.21],[35.35,31.14],[34.61,30.44],[32.44,29.79],[35.85,23.88],[31.67,23.75],[30.46,23.36],[28.57,24.65],[28.15,27.35],[24.93,29.41],[25.1,31.59],[28.87,30.82],[30.97,31.66],[31.88,31.46],[32.0,31.08],[34.3,31.27],[35.64,34.36],[36.05,34.55],[35.89,35.26],[37.57,33.65],[36.72,32.75]]],[[[34.09,35.0],[33.04,34.55],[32.23,34.94],[34.54,35.71],[34.09,35.0]]],[[[33.38,37.25],[34.22,37.13],[34.34,36.74],[33.98,36.29],[32.71,36.03],[32.07,36.61],[33.38,37.25]]],[[[35.03,36.67],[34.95,36.67],[34.96,36.74],[35.03,36.67]]],[[[29.12,36.74],[28.03,36.67],[28.23,37.19],[29.36,36.8],[30.62,36.93],[30.49,36.35],[29.24,36.22],[29.12,36.74]]],[[[35.29,36.93],[35.83,36.93],[35.49,36.61],[35.03,36.74],[35.29,36.93]]],[[[27.19,36.8],[26.87,36.67],[27.04,36.93],[27.19,36.8]]],[[[27.21,37.13],[27.44,37.13],[27.35,36.93],[27.21,37.13]]],[[[27.03,37.84],[27.01,37.64],[26.62,37.64],[27.03,37.84]]],[[[26.78,40.74],[27.1,40.74],[26.92,40.48],[26.78,40.74]]]]}},{"type":"Feature","properties":{"n":"Kingdom of Armenia","f":-256,"t":-231,"w":"Q208404"},"geometry":{"type":"MultiPolygon","coordinates":[[[[45.67,40.87],[45.52,40.48],[46.54,39.97],[47.05,39.77],[48.67,39.58],[48.8,38.09],[47.25,38.67],[46.12,38.48],[45.22,37.77],[45.25,36.93],[44.41,37.58],[40.57,38.03],[40.48,39.58],[38.74,39.58],[38.79,39.9],[40.4,40.1],[40.75,40.36],[40.57,40.68],[41.01,40.94],[41.36,40.68],[41.53,41.26],[42.62,41.59],[45.19,41.26],[45.67,40.87]]],[[[47.08,39.9],[47.16,39.9],[47.14,39.84],[47.08,39.9]]],[[[46.93,39.97],[47.01,39.97],[47.0,39.9],[46.93,39.97]]]]}},{"type":"Feature","properties":{"n":"Zhao","f":-256,"t":-248,"w":"Q1574107"},"geometry":{"type":"Polygon","coordinates":[[[115.08,35.39],[114.5,34.94],[113.71,35.26],[112.19,35.13],[112.32,35.45],[113.09,35.45],[111.88,35.52],[112.28,36.8],[115.15,37.45],[114.91,36.93],[116.12,36.87],[114.61,36.1],[115.08,35.39]]]}},{"type":"Feature","properties":{"n":"Kingdom of Pontus","f":-256,"t":-231,"w":"Q7380487"},"geometry":{"type":"MultiPolygon","coordinates":[[[[37.87,40.68],[40.41,40.68],[41.24,41.39],[41.26,41.07],[40.57,40.68],[40.75,40.36],[40.4,40.1],[38.79,39.9],[38.75,39.06],[34.83,39.77],[34.33,41.52],[32.31,41.2],[32.11,41.59],[33.28,41.98],[35.87,41.65],[37.87,40.68]]],[[[40.47,41.07],[40.46,41.0],[40.38,41.0],[40.47,41.07]]]]}},{"type":"Feature","properties":{"n":"Maurya Empire","f":-256,"t":-248,"w":"Q62943"},"geometry":{"type":"MultiPolygon","coordinates":[[[[75.9,10.57],[73.42,16.04],[72.53,22.27],[72.11,21.89],[72.18,21.18],[70.72,20.66],[68.95,22.21],[70.37,22.91],[68.81,22.98],[68.16,23.81],[67.29,24.07],[67.21,24.71],[66.63,24.84],[66.49,25.49],[62.56,25.23],[64.37,28.57],[66.05,30.05],[67.35,32.11],[72.42,37.51],[75.01,37.32],[74.81,36.61],[75.39,34.42],[76.46,32.24],[79.18,31.46],[81.15,30.12],[84.76,28.64],[87.38,27.87],[88.39,27.99],[90.07,27.42],[90.63,26.84],[91.91,26.84],[92.03,25.55],[92.52,24.97],[92.11,24.33],[92.78,21.37],[92.33,21.37],[92.33,20.86],[91.74,22.4],[91.37,22.4],[91.5,22.79],[90.23,21.76],[89.9,22.01],[88.73,21.63],[88.64,22.08],[88.35,21.56],[88.1,21.95],[87.07,21.44],[87.03,20.6],[86.42,19.89],[85.37,19.83],[84.38,18.41],[82.45,17.13],[82.38,16.55],[80.38,15.71],[80.09,15.07],[80.41,13.08],[79.84,11.35],[78.96,10.84],[77.02,11.17],[75.9,10.57]]],[[[90.67,27.03],[90.75,27.03],[90.73,26.97],[90.67,27.03]]],[[[90.61,27.09],[90.68,27.09],[90.67,27.03],[90.61,27.09]]]]}},{"type":"Feature","properties":{"n":"Seleucid Empire","f":-256,"t":-248,"w":"Q705904"},"geometry":{"type":"MultiPolygon","coordinates":[[[[69.57,38.8],[71.2,38.48],[72.42,37.51],[71.14,36.22],[70.14,35.64],[70.09,35.45],[65.39,34.1],[64.69,32.94],[62.73,31.46],[60.24,28.25],[57.77,26.58],[57.38,25.74],[56.71,27.16],[54.68,26.45],[51.45,27.87],[50.06,30.18],[48.94,30.31],[48.09,29.54],[46.62,29.86],[46.59,30.31],[45.77,30.44],[43.15,32.81],[40.7,34.16],[39.12,34.49],[37.65,33.65],[37.39,34.1],[36.56,34.29],[36.27,35.19],[35.89,35.26],[36.14,36.93],[34.34,36.74],[34.22,37.13],[33.38,37.25],[31.99,36.61],[27.22,37.32],[27.28,38.03],[26.43,38.22],[26.38,38.67],[27.06,38.35],[27.81,38.87],[27.77,39.32],[26.13,39.51],[26.67,40.36],[29.05,40.36],[28.91,40.61],[29.56,40.74],[30.59,39.97],[31.38,39.97],[31.42,38.87],[33.27,38.55],[34.48,38.8],[34.83,39.77],[37.86,39.45],[40.57,38.03],[44.41,37.58],[45.25,36.93],[45.22,35.64],[48.77,35.13],[52.11,36.55],[54.03,36.87],[53.98,37.38],[55.29,38.09],[58.63,38.67],[60.65,39.58],[63.47,40.1],[68.53,39.58],[69.27,40.23],[69.27,40.74],[70.56,41.07],[70.74,40.61],[69.33,39.9],[69.57,38.8]]],[[[70.22,35.64],[70.3,35.64],[70.28,35.58],[70.22,35.64]]],[[[26.11,38.16],[25.88,38.16],[25.91,38.67],[26.11,38.16]]],[[[26.25,38.93],[25.79,39.19],[26.51,39.32],[26.64,39.0],[26.25,38.93]]],[[[70.44,40.42],[70.42,40.36],[70.34,40.36],[70.44,40.42]]]]}},{"type":"Feature","properties":{"n":"Antigonid Macedonia","f":-256,"t":-248,"w":"Q237325"},"geometry":{"type":"MultiPolygon","coordinates":[[[[23.11,36.16],[22.87,36.16],[22.89,36.42],[23.11,36.16]]],[[[20.61,37.71],[20.62,37.9],[20.93,37.9],[20.61,37.71]]],[[[23.49,38.8],[23.57,38.8],[23.56,38.74],[23.49,38.8]]],[[[24.76,41.26],[26.18,41.07],[28.29,41.59],[28.08,41.0],[27.18,40.74],[24.35,41.0],[23.7,40.81],[23.74,40.23],[22.57,40.55],[22.61,39.9],[23.14,39.45],[22.8,39.06],[23.49,38.87],[22.94,38.74],[24.03,38.67],[24.16,38.22],[23.98,37.84],[23.04,37.9],[23.4,37.32],[22.71,37.58],[23.06,36.67],[22.36,36.67],[22.22,37.06],[21.74,36.87],[21.33,38.09],[23.06,38.16],[22.45,38.42],[22.49,39.19],[20.83,39.06],[20.15,39.71],[19.76,39.64],[20.01,39.97],[19.25,40.74],[20.65,40.16],[21.08,40.74],[20.63,41.26],[21.41,42.3],[22.45,42.43],[23.67,41.52],[24.55,41.65],[24.76,41.26]]],[[[20.07,39.64],[20.15,39.64],[20.15,39.58],[20.07,39.64]]],[[[25.25,41.33],[25.24,41.26],[25.16,41.26],[25.25,41.33]]]]}},{"type":"Feature","properties":{"n":"Carthage","f":-256,"t":-248,"w":"Q2429397"},"geometry":{"type":"MultiPolygon","coordinates":[[[[11.08,35.0],[10.0,34.29],[10.24,33.71],[12.23,32.81],[13.3,32.94],[15.06,32.43],[15.65,31.4],[17.85,30.95],[18.81,30.12],[15.57,31.14],[14.9,32.24],[9.62,33.33],[8.93,34.04],[8.85,34.74],[8.07,34.94],[7.59,36.61],[1.15,36.16],[-1.88,34.81],[-4.73,34.87],[-5.63,35.52],[-6.73,33.59],[-7.47,33.26],[-7.88,33.52],[-6.61,34.16],[-5.95,35.71],[-5.57,35.84],[-4.75,35.19],[-2.84,35.45],[-2.66,35.07],[-1.89,35.07],[1.22,36.55],[4.24,36.93],[5.56,36.67],[6.33,37.06],[8.52,36.87],[9.6,37.32],[10.23,37.25],[10.31,36.87],[9.92,36.74],[11.08,35.0]]],[[[14.34,35.84],[14.34,36.03],[14.57,35.97],[14.34,35.84]]],[[[-5.23,36.48],[-5.58,36.03],[-6.25,36.61],[-5.45,36.35],[-5.31,36.55],[-4.56,36.87],[-3.85,36.8],[-5.23,36.48]]],[[[13.43,37.58],[13.5,37.38],[13.35,37.38],[13.43,37.58]]],[[[13.35,38.16],[14.29,38.03],[14.21,37.58],[13.27,37.96],[12.96,37.58],[12.49,37.71],[12.65,38.09],[13.35,38.16]]],[[[14.92,38.16],[15.15,38.16],[15.15,38.03],[14.92,38.16]]],[[[1.27,38.8],[1.18,39.06],[1.65,39.13],[1.27,38.8]]],[[[9.59,39.13],[8.34,39.0],[8.15,40.94],[9.5,41.2],[9.82,40.36],[9.59,39.13]]],[[[9.58,41.98],[9.1,41.33],[8.62,41.72],[8.53,42.5],[9.25,43.02],[9.58,41.98]]]]}},{"type":"Feature","properties":{"n":"Roman Republic","f":-256,"t":-248,"w":"Q175881"},"geometry":{"type":"MultiPolygon","coordinates":[[[[10.54,36.74],[11.01,37.0],[10.54,36.29],[10.07,36.48],[10.54,36.74]]],[[[16.12,41.91],[15.94,41.39],[18.44,40.16],[18.11,39.9],[17.81,40.36],[16.87,40.48],[16.45,39.64],[17.14,39.06],[15.93,37.96],[15.39,38.16],[15.06,37.32],[14.35,37.0],[13.04,37.84],[14.21,37.58],[14.29,38.03],[15.86,38.29],[16.27,38.74],[15.75,40.03],[11.26,42.43],[10.29,43.8],[11.82,43.73],[12.47,44.12],[13.67,43.41],[14.61,42.11],[16.12,41.91]]],[[[10.46,42.69],[10.13,42.89],[10.21,42.89],[10.46,42.69]]]]}},{"type":"Feature","properties":{"n":"Âu Lạc","f":-256,"t":-209,"w":"Q867227"},"geometry":{"type":"Polygon","coordinates":[[[106.96,20.92],[105.85,19.57],[105.73,18.86],[107.03,17.26],[106.53,16.94],[105.14,18.41],[104.98,20.15],[104.44,20.47],[105.1,20.86],[104.87,22.21],[105.97,23.36],[107.01,23.75],[107.96,23.62],[108.64,21.63],[106.96,20.92]]]}},{"type":"Feature","properties":{"n":"Han","f":-256,"t":-248,"w":"Q1968654"},"geometry":{"type":"Polygon","coordinates":[[[111.59,34.61],[111.88,35.52],[113.09,35.45],[113.07,35.39],[112.32,35.45],[112.19,35.13],[113.71,35.26],[114.5,34.94],[111.59,34.61]]]}},{"type":"Feature","properties":{"n":"Kingdom of Sophene","f":-256,"t":-240,"w":"Q2626105"},"geometry":{"type":"Polygon","coordinates":[[[40.48,39.58],[40.52,38.22],[39.45,38.42],[38.93,39.19],[40.48,39.58]]]}},{"type":"Feature","properties":{"n":"Lu","f":-256,"t":-248,"w":"Q555994"},"geometry":{"type":"Polygon","coordinates":[[[117.11,35.45],[116.33,35.07],[116.93,35.9],[117.11,35.45]]]}},{"type":"Feature","properties":{"n":"Achaean League","f":-256,"t":-248,"w":"Q244796"},"geometry":{"type":"Polygon","coordinates":[[[22.13,38.42],[22.58,38.03],[22.27,37.96],[21.42,38.16],[22.13,38.42]]]}},{"type":"Feature","properties":{"n":"Wey","f":-256,"t":-248,"w":"Q1147897"},"geometry":{"type":"Polygon","coordinates":[[[115.36,36.74],[115.61,36.42],[114.83,35.71],[114.58,36.03],[115.36,36.74]]]}},{"type":"Feature","properties":{"n":"Illyrian Kingdom","f":-256,"t":-248,"w":"Q16084290"},"geometry":{"type":"Polygon","coordinates":[[[19.54,41.78],[19.02,42.5],[20.62,42.56],[21.16,42.17],[21.13,41.59],[20.63,41.26],[21.08,40.74],[20.65,40.16],[19.34,40.81],[19.54,41.78]]]}},{"type":"Feature","properties":{"n":"Ptolemaic Kingdom","f":-247,"t":-240,"w":"Q2320005"},"geometry":{"type":"MultiPolygon","coordinates":[[[[25.34,37.13],[25.57,37.13],[25.56,37.0],[25.34,37.13]]],[[[24.36,37.71],[24.43,37.58],[24.27,37.51],[24.36,37.71]]],[[[24.99,37.71],[25.22,37.71],[25.29,37.51],[24.99,37.71]]],[[[26.31,37.71],[26.3,37.58],[25.99,37.51],[26.31,37.71]]],[[[24.77,38.03],[25.07,37.77],[24.83,37.71],[24.77,38.03]]],[[[24.67,38.93],[24.66,38.74],[24.36,38.87],[24.67,38.93]]],[[[25.07,40.03],[25.46,40.03],[25.45,39.84],[25.07,40.03]]],[[[25.72,40.29],[26.04,40.29],[26.02,40.16],[25.72,40.29]]],[[[26.36,40.36],[26.68,40.42],[26.67,40.36],[26.26,40.1],[26.36,40.36]]],[[[26.54,40.68],[26.07,40.68],[26.23,40.74],[26.54,40.68]]],[[[36.72,32.75],[36.42,31.21],[35.35,31.14],[34.61,30.44],[32.44,29.79],[35.15,24.65],[35.86,24.01],[35.55,23.81],[31.67,23.75],[30.46,23.36],[28.57,24.65],[28.15,27.35],[23.23,30.5],[20.58,30.89],[19.57,30.12],[18.73,29.99],[19.96,30.56],[20.02,32.24],[21.11,32.81],[23.09,32.62],[23.15,32.24],[24.89,31.98],[25.25,31.46],[29.4,30.82],[30.97,31.66],[31.88,31.46],[32.0,31.08],[34.3,31.27],[35.64,34.36],[36.05,34.55],[35.89,35.26],[37.57,33.65],[36.72,32.75]]],[[[34.09,35.0],[33.04,34.55],[32.23,34.94],[34.54,35.71],[34.09,35.0]]],[[[33.38,37.25],[34.22,37.13],[34.34,36.74],[33.98,36.29],[32.71,36.03],[32.07,36.61],[33.38,37.25]]],[[[35.03,36.67],[34.95,36.67],[34.96,36.74],[35.03,36.67]]],[[[29.12,36.74],[28.03,36.67],[28.23,37.19],[29.36,36.8],[30.62,36.93],[30.49,36.35],[29.24,36.22],[29.12,36.74]]],[[[35.29,36.93],[35.83,36.93],[35.49,36.61],[35.03,36.74],[35.29,36.93]]],[[[27.19,36.8],[26.87,36.67],[27.04,36.93],[27.19,36.8]]],[[[27.21,37.13],[27.44,37.13],[27.35,36.93],[27.21,37.13]]],[[[27.03,37.84],[27.01,37.64],[26.62,37.64],[27.03,37.84]]],[[[26.78,40.74],[27.1,40.74],[26.92,40.48],[26.78,40.74]]]]}},{"type":"Feature","properties":{"n":"Greek Colonies","f":-247,"t":-240,"w":"Q828047"},"geometry":{"type":"MultiPolygon","coordinates":[[[[24.3,35.32],[26.23,35.19],[23.68,35.26],[23.62,35.52],[24.3,35.32]]],[[[15.06,37.32],[15.21,37.19],[15.05,36.74],[14.43,36.93],[15.06,37.32]]],[[[20.49,38.42],[20.8,38.29],[20.79,38.09],[20.32,38.16],[20.49,38.42]]],[[[0.1,38.8],[-0.13,38.55],[-0.57,39.51],[-0.2,39.97],[-0.31,39.13],[0.1,38.8]]],[[[20.15,39.58],[20.07,39.58],[20.07,39.64],[20.15,39.58]]],[[[21.35,38.42],[20.74,38.8],[20.91,39.06],[20.15,39.71],[19.76,39.64],[20.01,39.97],[19.25,40.74],[20.43,40.42],[21.53,38.87],[21.35,38.42]]],[[[24.49,40.81],[24.81,40.81],[24.79,40.61],[24.49,40.81]]],[[[27.19,42.63],[28.8,44.97],[28.48,43.47],[27.51,42.63],[27.92,41.91],[27.38,42.04],[27.19,42.63]],[[27.46,42.11],[27.46,42.04],[27.54,42.04],[27.46,42.11]]],[[[3.85,43.6],[2.98,43.15],[3.04,41.85],[2.7,42.37],[2.74,43.21],[3.45,43.67],[4.73,43.86],[6.6,43.28],[3.85,43.6]]],[[[27.69,36.29],[28.25,36.48],[28.14,36.03],[27.74,35.9],[27.69,36.29]]],[[[28.24,37.38],[28.3,37.19],[27.6,37.13],[28.24,37.38]]],[[[40.58,40.74],[37.87,40.68],[36.51,41.13],[40.58,40.74]]],[[[29.37,41.2],[29.26,40.87],[28.08,41.07],[28.29,41.52],[29.37,41.2]]],[[[31.36,41.26],[31.69,41.39],[31.59,41.2],[31.36,41.26]]],[[[35.01,41.78],[34.79,41.98],[35.12,42.04],[35.01,41.78]]],[[[33.93,44.45],[33.45,44.52],[33.46,45.19],[35.18,45.3],[35.13,44.91],[33.93,44.45]]],[[[31.53,46.68],[30.88,46.68],[29.61,45.69],[30.46,46.61],[31.57,46.94],[31.53,46.68]]],[[[39.08,47.6],[39.2,47.33],[38.35,47.2],[39.08,47.6]]]]}},{"type":"Feature","properties":{"n":"(Warring States China)","f":-247,"t":-231,"w":"Q185063"},"geometry":{"type":"Polygon","coordinates":[[[120.49,34.16],[120.92,32.62],[121.99,31.85],[120.92,31.85],[122.0,31.08],[120.8,30.31],[118.36,29.6],[116.74,29.73],[116.12,30.37],[114.11,30.5],[112.9,29.34],[110.3,29.99],[105.13,28.32],[101.48,29.34],[100.6,30.5],[102.16,32.56],[102.41,34.16],[111.43,37.0],[114.08,39.13],[113.81,39.51],[112.17,39.71],[112.74,40.36],[114.6,40.42],[116.1,39.84],[122.93,41.91],[124.84,41.13],[123.88,39.77],[121.42,38.74],[121.03,38.74],[121.69,39.38],[121.21,39.51],[122.23,40.48],[121.82,40.87],[121.11,40.87],[119.22,39.32],[117.89,39.19],[117.6,38.48],[119.46,37.96],[119.16,37.19],[120.75,37.9],[122.71,37.45],[122.5,36.87],[120.98,36.61],[119.23,34.81],[120.49,34.16]]]}},{"type":"Feature","properties":{"n":"Greco-Bactrian Kingdom","f":-247,"t":-240,"w":"Q488880"},"geometry":{"type":"MultiPolygon","coordinates":[[[[70.2,35.58],[70.22,35.64],[70.3,35.64],[70.2,35.58]]],[[[69.57,38.8],[71.2,38.48],[72.42,37.51],[71.14,36.22],[70.14,35.64],[70.09,35.45],[66.61,34.42],[65.41,34.94],[63.28,34.68],[61.3,35.58],[61.16,36.35],[61.47,36.74],[60.87,37.19],[60.32,38.87],[60.65,39.58],[62.5,40.03],[68.53,39.58],[69.37,40.81],[70.68,40.94],[70.74,40.61],[69.85,40.29],[69.42,39.64],[69.57,38.8]]],[[[70.36,40.42],[70.44,40.42],[70.42,40.36],[70.36,40.42]]]]}},{"type":"Feature","properties":{"n":"Chu","f":-247,"t":-231,"w":"Q504759"},"geometry":{"type":"Polygon","coordinates":[[[119.23,34.81],[120.49,34.16],[120.92,32.62],[121.99,31.85],[120.92,31.85],[121.63,31.53],[121.9,30.82],[118.36,29.6],[116.74,29.73],[116.12,30.37],[114.87,30.5],[114.11,30.5],[112.9,29.34],[110.36,29.92],[112.52,30.95],[111.7,33.33],[110.72,34.74],[113.44,34.61],[114.99,35.19],[114.86,35.77],[115.68,36.22],[117.66,35.64],[120.02,35.71],[119.23,34.81]]]}},{"type":"Feature","properties":{"n":"Mayan City-States","f":-247,"t":259,"w":"Q28567"},"geometry":{"type":"Polygon","coordinates":[[[-88.14,16.81],[-88.82,15.97],[-88.38,15.39],[-88.82,14.24],[-89.57,13.72],[-91.5,13.98],[-93.32,15.52],[-91.66,18.09],[-90.21,18.29],[-88.5,17.77],[-88.14,16.81]]]}},{"type":"Feature","properties":{"n":"Maurya Empire","f":-247,"t":-226,"w":"Q62943"},"geometry":{"type":"MultiPolygon","coordinates":[[[[73.42,16.04],[72.53,22.27],[72.11,21.89],[72.18,21.18],[70.72,20.66],[68.95,22.21],[70.37,22.91],[68.81,22.98],[68.16,23.81],[67.29,24.07],[67.21,24.71],[66.63,24.84],[66.49,25.49],[62.56,25.23],[64.37,28.57],[66.05,30.05],[67.35,32.11],[72.42,37.51],[75.01,37.32],[74.81,36.61],[75.39,34.42],[76.46,32.24],[79.18,31.46],[81.15,30.12],[84.76,28.64],[87.38,27.87],[88.39,27.99],[90.07,27.42],[90.63,26.84],[91.91,26.84],[92.03,25.55],[92.52,24.97],[92.11,24.33],[92.78,21.37],[92.33,21.37],[92.33,20.86],[91.74,22.4],[91.37,22.4],[91.5,22.79],[90.23,21.76],[89.9,22.01],[88.73,21.63],[88.64,22.08],[88.35,21.56],[88.1,21.95],[87.07,21.44],[87.03,20.6],[86.42,19.89],[85.37,19.83],[84.38,18.41],[82.45,17.13],[82.38,16.55],[80.38,15.71],[80.09,15.07],[80.41,13.08],[79.84,11.35],[78.96,10.84],[77.02,11.17],[75.9,10.57],[73.42,16.04]]],[[[90.67,27.03],[90.75,27.03],[90.73,26.97],[90.67,27.03]]],[[[90.61,27.09],[90.68,27.09],[90.67,27.03],[90.61,27.09]]]]}},{"type":"Feature","properties":{"n":"Qi","f":-247,"t":-224,"w":"Q1143524"},"geometry":{"type":"Polygon","coordinates":[[[119.16,37.19],[120.75,37.9],[122.71,37.45],[122.5,36.87],[120.98,36.61],[120.05,35.77],[117.66,35.64],[115.6,36.22],[116.61,37.25],[117.23,38.67],[119.46,37.96],[119.16,37.19]]]}},{"type":"Feature","properties":{"n":"Zhao","f":-247,"t":-231,"w":"Q1574107"},"geometry":{"type":"Polygon","coordinates":[[[115.08,35.39],[114.5,34.94],[113.71,35.26],[112.19,35.13],[112.32,35.45],[113.09,35.45],[111.88,35.52],[112.28,36.8],[115.15,37.45],[114.91,36.93],[116.12,36.87],[114.86,35.77],[115.08,35.39]]]}},{"type":"Feature","properties":{"n":"Atropatene","f":-247,"t":-224,"w":"Q260437"},"geometry":{"type":"Polygon","coordinates":[[[50.82,36.74],[52.11,36.55],[48.77,35.13],[45.22,35.64],[45.22,37.77],[46.12,38.48],[47.25,38.67],[50.82,36.74]]]}},{"type":"Feature","properties":{"n":"Antigonid Macedonia","f":-247,"t":-240,"w":"Q237325"},"geometry":{"type":"MultiPolygon","coordinates":[[[[23.11,36.16],[22.87,36.16],[22.89,36.42],[23.11,36.16]]],[[[20.92,37.64],[20.61,37.71],[20.62,37.9],[20.92,37.64]]],[[[23.48,38.74],[23.49,38.8],[23.57,38.8],[23.48,38.74]]],[[[24.76,41.26],[26.18,41.07],[28.29,41.59],[28.08,41.0],[27.18,40.74],[24.35,41.0],[23.7,40.81],[23.74,40.23],[22.57,40.55],[22.61,39.9],[23.14,39.45],[22.8,39.06],[23.49,38.87],[22.94,38.74],[24.03,38.67],[24.16,38.22],[23.98,37.84],[23.04,37.9],[23.4,37.32],[22.71,37.58],[23.06,36.67],[22.36,36.67],[22.22,37.06],[21.74,36.87],[21.33,38.09],[23.06,38.16],[22.45,38.42],[22.49,39.19],[21.54,39.0],[20.57,40.16],[21.07,40.68],[20.63,41.26],[21.13,41.59],[21.16,42.17],[22.45,42.43],[23.67,41.52],[24.76,41.26]]],[[[25.25,41.33],[25.24,41.26],[25.16,41.26],[25.25,41.33]]]]}},{"type":"Feature","properties":{"n":"Seleucid Empire","f":-247,"t":-240,"w":"Q705904"},"geometry":{"type":"MultiPolygon","coordinates":[[[[33.27,38.55],[34.48,38.8],[34.83,39.77],[37.86,39.45],[40.57,38.03],[44.41,37.58],[45.25,36.93],[45.22,35.64],[48.77,35.13],[52.11,36.55],[54.03,36.87],[53.98,37.38],[55.29,38.09],[60.52,39.38],[60.37,38.42],[60.87,37.19],[61.47,36.74],[61.16,36.35],[61.3,35.58],[63.28,34.68],[65.41,34.94],[66.56,34.55],[65.39,34.1],[64.69,32.94],[63.3,32.11],[60.24,28.25],[57.77,26.58],[57.38,25.74],[56.71,27.16],[54.68,26.45],[51.45,27.87],[50.06,30.18],[48.94,30.31],[48.09,29.54],[46.62,29.86],[46.59,30.31],[45.77,30.44],[43.15,32.81],[40.7,34.16],[39.12,34.49],[37.65,33.65],[37.39,34.1],[36.56,34.29],[36.27,35.19],[35.89,35.26],[36.14,36.93],[34.34,36.74],[34.22,37.13],[33.38,37.25],[31.99,36.61],[27.22,37.32],[27.28,38.03],[26.43,38.22],[26.38,38.67],[27.06,38.35],[27.81,38.87],[27.77,39.32],[26.13,39.51],[26.67,40.36],[29.05,40.36],[28.91,40.61],[29.56,40.74],[30.59,39.97],[31.38,39.97],[31.44,39.06],[33.27,38.55]]],[[[25.88,38.16],[25.91,38.67],[26.22,38.55],[25.88,38.16]]],[[[26.25,38.93],[25.79,39.19],[26.51,39.32],[26.64,39.0],[26.25,38.93]]]]}},{"type":"Feature","properties":{"n":"Han","f":-247,"t":-231,"w":"Q1968654"},"geometry":{"type":"Polygon","coordinates":[[[113.44,34.61],[111.59,34.61],[111.88,35.52],[113.09,35.45],[113.07,35.39],[112.32,35.45],[112.19,35.13],[114.48,35.07],[113.44,34.61]]]}},{"type":"Feature","properties":{"n":"Roman Republic","f":-247,"t":-240,"w":"Q175881"},"geometry":{"type":"MultiPolygon","coordinates":[[[[16.12,41.91],[15.94,41.39],[18.44,40.16],[18.11,39.9],[17.81,40.36],[16.87,40.48],[16.45,39.64],[17.14,39.06],[15.93,37.96],[15.39,38.16],[15.06,37.32],[14.43,37.0],[12.57,37.71],[13.35,38.16],[15.86,38.29],[16.27,38.93],[15.75,40.03],[11.26,42.43],[10.29,43.8],[11.82,43.73],[12.47,44.12],[13.67,43.41],[14.37,42.3],[16.12,41.91]]],[[[10.46,42.89],[10.46,42.69],[10.21,42.69],[10.46,42.89]]]]}},{"type":"Feature","properties":{"n":"Carthage","f":-247,"t":-240,"w":"Q2429397"},"geometry":{"type":"MultiPolygon","coordinates":[[[[11.08,35.0],[10.0,34.29],[10.24,33.71],[12.23,32.81],[13.3,32.94],[15.06,32.43],[15.65,31.4],[17.85,30.95],[18.81,30.12],[15.57,31.14],[14.9,32.24],[9.62,33.33],[8.93,34.04],[8.85,34.74],[8.07,34.94],[7.59,36.61],[1.15,36.16],[-1.88,34.81],[-4.73,34.87],[-5.63,35.52],[-6.73,33.59],[-7.47,33.26],[-7.88,33.52],[-6.61,34.16],[-5.95,35.71],[-5.57,35.84],[-4.75,35.19],[-2.84,35.45],[-2.66,35.07],[-1.89,35.07],[0.68,36.42],[3.46,36.87],[5.56,36.67],[6.33,37.06],[8.52,36.87],[10.23,37.25],[10.23,36.8],[11.01,37.0],[10.46,35.9],[11.08,35.0]]],[[[14.34,35.84],[14.34,36.03],[14.57,35.97],[14.34,35.84]]],[[[-5.23,36.48],[-5.58,36.03],[-6.25,36.61],[-5.45,36.35],[-5.31,36.55],[-4.56,36.87],[-3.85,36.8],[-5.23,36.48]]],[[[12.49,37.9],[12.81,38.09],[12.81,38.03],[12.49,37.9]]],[[[1.27,38.8],[1.18,39.06],[1.65,39.13],[1.27,38.8]]],[[[3.83,39.9],[3.74,40.1],[4.22,40.1],[4.3,39.84],[3.83,39.9]]],[[[9.59,39.13],[8.34,39.0],[8.15,40.94],[9.1,41.26],[9.82,40.74],[9.59,39.13]]],[[[9.58,41.98],[9.1,41.33],[8.62,41.72],[8.53,42.5],[9.25,43.02],[9.58,41.98]]]]}},{"type":"Feature","properties":{"n":"Achaean League","f":-247,"t":-240,"w":"Q244796"},"geometry":{"type":"Polygon","coordinates":[[[22.13,38.42],[22.66,37.96],[22.12,38.16],[21.42,38.16],[22.13,38.42]]]}},{"type":"Feature","properties":{"n":"Galatia","f":-247,"t":-240,"w":"Q26847"},"geometry":{"type":"Polygon","coordinates":[[[32.3,40.48],[33.41,40.48],[34.57,40.23],[34.83,39.77],[34.48,38.8],[33.27,38.55],[31.42,38.87],[31.37,39.9],[32.3,40.48]]]}},{"type":"Feature","properties":{"n":"Illyrian Kingdom","f":-247,"t":-240,"w":"Q16084290"},"geometry":{"type":"MultiPolygon","coordinates":[[[[21.16,42.17],[21.13,41.59],[20.63,41.26],[21.07,40.68],[20.57,40.16],[19.33,40.74],[19.54,41.78],[17.99,42.82],[17.51,42.76],[17.37,43.21],[18.11,43.6],[19.6,42.82],[21.16,42.17]]],[[[17.12,43.15],[17.29,43.34],[17.37,43.21],[17.12,43.15]]],[[[18.82,43.34],[18.9,43.34],[18.9,43.28],[18.82,43.34]]]]}},{"type":"Feature","properties":{"n":"Ptolemaic Kingdom","f":-239,"t":-219,"w":"Q2320005"},"geometry":{"type":"MultiPolygon","coordinates":[[[[27.04,36.93],[27.12,36.93],[27.19,36.8],[26.87,36.67],[27.04,36.93]]],[[[27.21,37.13],[27.44,37.13],[27.35,36.93],[27.21,37.13]]],[[[25.72,40.29],[26.04,40.29],[26.02,40.16],[25.72,40.29]]],[[[26.67,40.36],[26.26,40.1],[26.36,40.36],[26.67,40.36]]],[[[26.78,40.74],[27.1,40.74],[26.92,40.48],[26.78,40.74]]],[[[26.31,40.74],[26.54,40.68],[26.07,40.68],[26.31,40.74]]],[[[36.72,32.75],[36.42,31.21],[35.35,31.14],[34.61,30.44],[32.44,29.79],[35.15,24.65],[35.86,24.01],[35.55,23.81],[31.67,23.75],[30.46,23.36],[28.57,24.65],[28.15,27.35],[23.23,30.5],[20.58,30.89],[19.57,30.12],[18.73,29.99],[19.96,30.56],[20.02,32.24],[21.11,32.81],[23.09,32.62],[23.15,32.24],[24.89,31.98],[25.25,31.46],[29.4,30.82],[30.97,31.66],[31.88,31.46],[32.0,31.08],[34.3,31.27],[35.64,34.36],[36.05,34.55],[35.89,35.26],[36.27,35.19],[36.56,34.29],[37.39,34.1],[37.65,33.65],[36.72,32.75]]],[[[34.09,35.0],[33.04,34.55],[32.23,34.94],[34.54,35.71],[34.09,35.0]]],[[[33.38,37.25],[34.22,37.13],[34.34,36.74],[33.98,36.29],[32.71,36.03],[32.07,36.61],[33.38,37.25]]],[[[34.96,36.74],[35.03,36.74],[35.03,36.67],[34.96,36.74]]],[[[29.24,36.22],[29.12,36.74],[28.03,36.67],[28.23,37.19],[29.36,36.8],[30.62,36.93],[30.49,36.35],[29.24,36.22]]],[[[35.96,35.9],[35.85,36.35],[36.26,36.61],[36.14,36.93],[35.03,36.74],[36.35,38.03],[36.96,37.9],[37.2,37.32],[37.13,36.74],[35.96,35.9]]]]}},{"type":"Feature","properties":{"n":"Parthian Empire","f":-239,"t":-224,"w":"Q1986139"},"geometry":{"type":"Polygon","coordinates":[[[59.77,40.16],[59.77,39.84],[60.68,39.71],[60.37,38.42],[60.87,37.19],[61.47,36.74],[58.45,36.42],[56.83,36.87],[54.03,36.87],[53.99,39.0],[53.14,39.45],[53.54,39.51],[53.5,40.03],[52.72,40.1],[52.89,40.87],[59.77,40.16]]]}},{"type":"Feature","properties":{"n":"Kingdom of Cappadocia","f":-239,"t":-219,"w":"Q29654286"},"geometry":{"type":"Polygon","coordinates":[[[37.11,37.9],[36.35,38.03],[35.28,37.58],[33.67,37.84],[33.59,38.55],[34.48,38.8],[34.83,39.77],[38.75,39.06],[37.11,37.9]]]}},{"type":"Feature","properties":{"n":"Greek Colonies","f":-239,"t":-231,"w":"Q828047"},"geometry":{"type":"MultiPolygon","coordinates":[[[[24.3,35.32],[26.23,35.19],[23.68,35.26],[23.62,35.52],[24.3,35.32]]],[[[15.06,37.32],[15.21,37.19],[15.05,36.74],[14.43,36.93],[15.06,37.32]]],[[[20.49,38.42],[20.8,38.29],[20.79,38.09],[20.32,38.16],[20.49,38.42]]],[[[26.22,38.55],[26.11,38.16],[25.88,38.16],[26.22,38.55]]],[[[0.1,38.8],[-0.13,38.55],[-0.57,39.51],[-0.2,39.97],[-0.31,39.13],[0.1,38.8]]],[[[21.27,38.42],[19.63,40.29],[20.81,40.1],[21.54,39.06],[21.27,38.42]]],[[[20.15,39.58],[20.07,39.58],[20.07,39.64],[20.15,39.58]]],[[[24.81,40.81],[24.79,40.61],[24.55,40.55],[24.81,40.81]]],[[[27.19,42.63],[28.8,44.97],[28.48,43.47],[27.51,42.63],[27.92,41.91],[27.38,42.04],[27.19,42.63]],[[27.46,42.11],[27.46,42.04],[27.54,42.04],[27.46,42.11]]],[[[3.85,43.6],[2.98,43.15],[3.04,41.85],[2.7,42.37],[2.74,43.21],[3.45,43.67],[4.73,43.86],[6.6,43.28],[3.85,43.6]]],[[[27.69,36.29],[28.25,36.48],[28.14,36.03],[27.74,35.9],[27.69,36.29]]],[[[28.24,37.38],[28.3,37.19],[27.6,37.13],[28.24,37.38]]],[[[28.18,40.42],[28.17,40.29],[27.7,40.29],[28.18,40.42]]],[[[40.41,40.68],[37.87,40.68],[36.51,41.13],[40.46,41.0],[40.41,40.68]]],[[[29.37,41.2],[29.26,40.87],[28.08,41.07],[28.29,41.52],[29.37,41.2]]],[[[31.51,41.2],[31.36,41.26],[31.69,41.39],[31.51,41.2]]],[[[35.02,41.85],[34.79,41.98],[35.12,42.04],[35.02,41.85]]],[[[33.93,44.45],[33.45,44.52],[33.46,45.19],[35.18,45.3],[35.13,44.91],[33.93,44.45]]],[[[31.53,46.68],[30.88,46.68],[29.61,45.69],[30.46,46.61],[31.57,46.94],[31.53,46.68]]],[[[39.08,47.6],[39.2,47.33],[38.35,47.2],[39.08,47.6]]]]}},{"type":"Feature","properties":{"n":"Greco-Bactrian Kingdom","f":-239,"t":-226,"w":"Q488880"},"geometry":{"type":"MultiPolygon","coordinates":[[[[70.22,35.64],[70.3,35.64],[70.28,35.58],[70.22,35.64]]],[[[29.37,36.87],[29.45,36.87],[29.44,36.8],[29.37,36.87]]],[[[69.57,38.8],[71.2,38.48],[72.42,37.51],[71.14,36.22],[70.14,35.64],[70.09,35.45],[66.61,34.42],[65.41,34.94],[63.28,34.68],[61.3,35.58],[61.16,36.35],[61.47,36.74],[60.87,37.19],[60.32,38.87],[60.71,39.51],[62.5,40.03],[68.53,39.58],[69.37,40.81],[70.68,40.94],[70.74,40.61],[69.85,40.29],[69.42,39.64],[69.57,38.8]]],[[[70.36,40.42],[70.44,40.42],[70.42,40.36],[70.36,40.42]]]]}},{"type":"Feature","properties":{"n":"Seleucid Empire","f":-239,"t":-226,"w":"Q705904"},"geometry":{"type":"MultiPolygon","coordinates":[[[[56.83,36.87],[58.45,36.42],[61.21,36.61],[61.3,35.58],[62.62,34.87],[64.19,34.61],[65.41,34.94],[66.56,34.55],[65.39,34.1],[64.69,32.94],[63.3,32.11],[60.24,28.25],[57.77,26.58],[57.38,25.74],[56.71,27.16],[55.29,26.52],[55.54,26.77],[54.68,26.45],[53.66,26.71],[51.45,27.87],[50.06,30.18],[48.94,30.31],[48.09,29.54],[46.62,29.86],[46.59,30.31],[45.77,30.44],[43.15,32.81],[41.21,33.91],[39.12,34.49],[37.65,33.65],[37.39,34.1],[36.56,34.29],[35.84,35.58],[37.13,36.74],[36.96,37.9],[38.81,38.93],[40.57,38.03],[44.41,37.58],[45.25,36.93],[45.22,35.64],[46.03,35.39],[48.77,35.13],[52.11,36.55],[56.83,36.87]]],[[[25.99,37.51],[26.08,37.71],[26.3,37.58],[25.99,37.51]]],[[[33.61,37.25],[31.99,36.61],[27.22,37.32],[27.28,38.03],[26.43,38.22],[26.38,38.67],[27.06,38.35],[27.81,38.87],[27.77,39.32],[26.13,39.51],[26.26,40.1],[29.05,40.36],[28.91,40.61],[29.56,40.74],[30.59,39.97],[31.38,39.97],[31.42,38.87],[33.59,38.55],[33.67,37.84],[35.83,37.64],[35.03,36.74],[33.61,37.25]]],[[[26.25,38.93],[25.79,39.19],[26.51,39.32],[26.64,39.0],[26.25,38.93]]]]}},{"type":"Feature","properties":{"n":"Antigonid Macedonia","f":-239,"t":-231,"w":"Q237325"},"geometry":{"type":"MultiPolygon","coordinates":[[[[22.87,36.16],[22.89,36.42],[23.12,36.35],[22.87,36.16]]],[[[23.06,36.67],[22.36,36.67],[22.22,37.06],[21.74,36.87],[21.33,38.09],[23.34,37.64],[23.4,37.32],[22.71,37.58],[23.06,36.67]]],[[[24.36,37.71],[24.43,37.58],[24.27,37.51],[24.36,37.71]]],[[[20.61,37.71],[20.62,37.9],[20.93,37.9],[20.61,37.71]]],[[[23.57,38.8],[23.56,38.74],[23.48,38.74],[23.57,38.8]]],[[[26.18,41.07],[28.29,41.59],[28.08,41.0],[27.18,40.74],[24.35,41.0],[23.7,40.81],[23.74,40.23],[22.65,40.61],[22.61,39.9],[23.14,39.45],[22.8,39.06],[23.49,38.87],[22.94,38.74],[24.03,38.67],[23.98,37.84],[22.45,38.42],[22.49,39.19],[21.54,39.0],[20.57,40.16],[21.07,40.68],[20.63,41.26],[21.41,42.3],[22.45,42.43],[23.67,41.52],[24.55,41.65],[24.76,41.26],[26.18,41.07]]],[[[25.33,37.0],[25.34,37.13],[25.57,37.13],[25.33,37.0]]],[[[24.99,37.71],[25.22,37.71],[25.29,37.51],[24.99,37.71]]],[[[24.77,38.03],[25.07,37.77],[24.83,37.71],[24.77,38.03]]],[[[24.36,38.87],[24.36,39.0],[24.67,38.93],[24.36,38.87]]],[[[25.07,40.03],[25.46,40.03],[25.45,39.84],[25.07,40.03]]],[[[25.24,41.26],[25.16,41.26],[25.17,41.33],[25.24,41.26]]]]}},{"type":"Feature","properties":{"n":"Kingdom of Sophene","f":-239,"t":-226,"w":"Q2626105"},"geometry":{"type":"Polygon","coordinates":[[[38.74,39.0],[38.95,39.38],[40.48,39.58],[40.52,38.22],[39.23,38.55],[38.74,39.0]]]}},{"type":"Feature","properties":{"n":"Roman Republic","f":-239,"t":-231,"w":"Q175881"},"geometry":{"type":"MultiPolygon","coordinates":[[[[16.12,41.91],[15.94,41.39],[18.44,40.16],[18.11,39.9],[17.81,40.36],[16.87,40.48],[16.45,39.64],[17.14,39.06],[15.93,37.96],[15.39,38.16],[15.06,37.32],[14.35,37.0],[12.49,37.9],[15.86,38.29],[16.27,38.93],[15.75,40.03],[11.26,42.43],[10.29,43.8],[11.82,43.73],[12.47,44.12],[13.67,43.41],[14.61,42.11],[16.12,41.91]]],[[[10.46,42.89],[10.46,42.69],[10.21,42.69],[10.46,42.89]]]]}},{"type":"Feature","properties":{"n":"Carthage","f":-239,"t":-231,"w":"Q2429397"},"geometry":{"type":"MultiPolygon","coordinates":[[[[10.46,35.9],[11.08,35.58],[11.08,35.0],[10.0,34.29],[10.01,33.91],[12.23,32.81],[13.3,32.94],[15.06,32.43],[15.65,31.4],[17.85,30.95],[18.81,30.12],[15.57,31.14],[14.9,32.24],[9.62,33.33],[8.93,34.04],[8.85,34.74],[8.07,34.94],[7.59,36.61],[1.15,36.16],[-1.88,34.81],[-4.73,34.87],[-5.63,35.52],[-6.73,33.59],[-7.47,33.26],[-7.88,33.52],[-6.61,34.16],[-5.88,35.77],[-5.34,35.84],[-4.75,35.19],[-2.84,35.45],[-2.66,35.07],[-1.89,35.07],[1.22,36.55],[4.24,36.93],[5.56,36.67],[6.33,37.06],[8.52,36.87],[9.6,37.32],[10.23,37.25],[10.27,36.8],[11.01,37.0],[10.46,35.9]],[[10.11,36.8],[10.07,36.87],[10.07,36.8],[10.11,36.8]]],[[[14.34,35.84],[14.34,36.03],[14.57,35.97],[14.34,35.84]]],[[[-5.58,36.03],[-6.25,36.61],[-5.45,36.35],[-4.56,36.87],[-3.85,36.8],[-5.58,36.03]]],[[[1.27,38.8],[1.18,39.06],[1.65,39.13],[1.27,38.8]]],[[[3.83,39.9],[3.74,40.1],[4.22,40.1],[4.3,39.84],[3.83,39.9]]],[[[9.59,39.13],[8.34,39.0],[8.15,40.94],[9.5,41.2],[9.82,40.36],[9.59,39.13]]],[[[9.58,41.98],[9.1,41.33],[8.62,41.72],[8.53,42.5],[9.25,43.02],[9.58,41.98]]]]}},{"type":"Feature","properties":{"n":"Colchis","f":-239,"t":-231,"w":"Q183150"},"geometry":{"type":"MultiPolygon","coordinates":[[[[43.09,42.43],[44.86,42.04],[44.95,41.65],[44.31,41.2],[42.62,41.59],[41.53,41.26],[41.12,40.68],[41.78,41.78],[41.61,42.63],[39.63,43.73],[42.02,43.15],[43.09,42.43]]],[[[39.95,43.73],[39.96,43.8],[40.04,43.8],[39.95,43.73]]]]}},{"type":"Feature","properties":{"n":"Achaean League","f":-239,"t":-231,"w":"Q244796"},"geometry":{"type":"Polygon","coordinates":[[[22.13,38.42],[22.66,37.96],[23.29,38.09],[23.04,37.84],[21.42,38.16],[22.13,38.42]]]}},{"type":"Feature","properties":{"n":"Galatia","f":-239,"t":-127,"w":"Q26847"},"geometry":{"type":"Polygon","coordinates":[[[34.48,38.8],[33.59,38.55],[31.8,38.74],[31.23,39.32],[31.31,40.03],[32.3,40.48],[34.57,40.23],[34.83,39.77],[34.48,38.8]]]}},{"type":"Feature","properties":{"n":"Illyrian Kingdom","f":-239,"t":-231,"w":"Q16084290"},"geometry":{"type":"MultiPolygon","coordinates":[[[[19.76,39.64],[19.76,39.77],[19.92,39.77],[19.76,39.64]]],[[[21.16,42.17],[21.13,41.59],[20.63,41.26],[21.07,40.68],[20.57,40.16],[19.47,40.29],[19.54,41.78],[17.99,42.82],[17.51,42.76],[17.37,43.21],[18.11,43.6],[19.6,42.82],[20.24,42.82],[21.16,42.17]]],[[[17.12,43.15],[17.29,43.34],[17.37,43.21],[17.12,43.15]]],[[[18.82,43.34],[18.9,43.34],[18.9,43.28],[18.82,43.34]]]]}},{"type":"Feature","properties":{"n":"Carthage","f":-230,"t":-219,"w":"Q2429397"},"geometry":{"type":"MultiPolygon","coordinates":[[[[11.08,35.0],[10.0,34.29],[10.24,33.71],[12.23,32.81],[13.3,32.94],[15.06,32.43],[15.65,31.4],[17.85,30.95],[18.81,30.12],[15.57,31.14],[14.9,32.24],[9.62,33.33],[8.93,34.04],[8.85,34.74],[8.07,34.94],[7.59,36.61],[1.15,36.16],[-1.88,34.81],[-4.73,34.87],[-5.63,35.52],[-6.73,33.59],[-7.47,33.26],[-7.88,33.52],[-6.61,34.16],[-5.88,35.77],[-5.34,35.84],[-4.75,35.19],[-2.84,35.45],[-2.66,35.07],[-1.89,35.07],[0.68,36.42],[3.46,36.87],[5.56,36.67],[6.33,37.06],[8.52,36.87],[10.23,37.25],[10.23,36.8],[11.01,37.0],[10.46,35.9],[11.08,35.58],[11.08,35.0]]],[[[14.34,35.84],[14.34,36.03],[14.57,35.97],[14.34,35.84]]],[[[-1.71,37.45],[-2.06,36.8],[-4.47,36.74],[-5.58,36.03],[-7.58,37.64],[-4.75,39.51],[-1.65,40.42],[-0.57,39.45],[-0.2,38.55],[-0.66,38.29],[-0.7,37.64],[-1.71,37.45]]],[[[1.66,39.0],[1.27,38.8],[1.26,39.13],[1.66,39.0]]],[[[3.52,39.77],[3.3,39.32],[2.35,39.45],[2.88,39.97],[3.52,39.77]]],[[[3.83,39.9],[3.74,40.1],[4.22,40.1],[4.3,39.84],[3.83,39.9]]]]}},{"type":"Feature","properties":{"n":"Roman Republic","f":-230,"t":-226,"w":"Q175881"},"geometry":{"type":"MultiPolygon","coordinates":[[[[9.82,40.74],[9.59,39.13],[8.34,39.0],[8.15,40.94],[9.5,41.2],[9.82,40.74]]],[[[16.12,41.91],[15.94,41.39],[18.44,40.16],[18.11,39.9],[17.81,40.36],[16.87,40.48],[16.45,39.64],[17.14,39.06],[15.93,37.96],[15.39,38.16],[15.06,37.32],[14.35,37.0],[12.49,37.9],[15.86,38.29],[16.27,38.93],[15.75,40.03],[11.26,42.43],[10.29,43.8],[11.82,43.73],[12.47,44.12],[14.77,42.17],[16.12,41.91]]],[[[9.58,41.98],[9.1,41.33],[8.62,41.72],[8.53,42.5],[9.49,43.02],[9.58,41.98]]],[[[10.46,42.69],[10.13,42.89],[10.21,42.89],[10.46,42.69]]]]}},{"type":"Feature","properties":{"n":"Achaean League","f":-230,"t":-226,"w":"Q244796"},"geometry":{"type":"Polygon","coordinates":[[[21.42,38.16],[21.74,38.42],[22.66,37.96],[23.29,38.09],[22.24,37.38],[21.62,37.51],[21.42,38.16]]]}},{"type":"Feature","properties":{"n":"Illyrian Kingdom","f":-230,"t":-226,"w":"Q16084290"},"geometry":{"type":"MultiPolygon","coordinates":[[[[19.76,39.64],[19.76,39.77],[19.92,39.77],[19.76,39.64]]],[[[21.16,42.17],[21.13,41.59],[20.63,41.26],[21.07,40.68],[20.57,40.16],[19.33,40.74],[19.54,41.78],[17.99,42.82],[17.51,42.76],[17.37,43.21],[18.11,43.6],[19.6,42.82],[21.16,42.17]]],[[[17.12,43.15],[17.29,43.34],[17.37,43.21],[17.12,43.15]]],[[[18.82,43.34],[18.9,43.34],[18.9,43.28],[18.82,43.34]]]]}},{"type":"Feature","properties":{"n":"Aetolian League","f":-230,"t":-226,"w":"Q245273"},"geometry":{"type":"Polygon","coordinates":[[[21.35,38.42],[20.53,39.32],[21.54,39.0],[22.49,39.19],[22.37,38.42],[21.35,38.42]]]}},{"type":"Feature","properties":{"n":"Kingdom of Armenia","f":-230,"t":-211,"w":"Q208404"},"geometry":{"type":"MultiPolygon","coordinates":[[[[45.67,40.87],[45.52,40.48],[46.54,39.97],[47.05,39.77],[48.67,39.58],[48.8,38.09],[47.25,38.67],[46.12,38.48],[45.22,37.77],[45.25,36.93],[44.41,37.58],[40.57,38.03],[40.48,39.58],[38.74,39.58],[38.79,39.9],[40.4,40.1],[40.75,40.36],[40.57,40.68],[41.01,40.94],[41.36,40.68],[41.53,41.26],[42.25,41.26],[42.56,41.65],[45.12,41.33],[45.67,40.87]]],[[[47.08,39.9],[47.16,39.9],[47.14,39.84],[47.08,39.9]]],[[[46.93,39.97],[47.01,39.97],[47.0,39.9],[46.93,39.97]]]]}},{"type":"Feature","properties":{"n":"Qin","f":-230,"t":-226,"w":"Q1471995"},"geometry":{"type":"Polygon","coordinates":[[[105.13,28.32],[101.48,29.34],[100.6,30.5],[102.16,32.56],[102.41,34.16],[111.43,37.0],[114.11,39.19],[114.81,39.32],[113.7,38.03],[113.94,37.19],[112.28,36.8],[111.91,35.58],[113.09,35.45],[112.32,35.45],[112.19,35.13],[113.71,35.26],[114.5,34.94],[113.44,34.61],[110.72,34.74],[111.7,33.33],[112.52,30.95],[105.13,28.32]]]}},{"type":"Feature","properties":{"n":"Cimmerian Bosporus","f":-230,"t":-92,"w":"Q321371"},"geometry":{"type":"MultiPolygon","coordinates":[[[[36.42,45.43],[36.37,45.1],[35.15,45.1],[36.42,45.43]]],[[[37.93,44.71],[36.78,45.1],[36.75,45.43],[37.7,45.3],[37.59,45.63],[38.33,46.15],[37.84,46.61],[39.22,47.01],[39.2,47.33],[38.35,47.2],[38.49,47.53],[39.72,47.47],[37.93,44.71]]]]}},{"type":"Feature","properties":{"n":"(Warring States China)","f":-230,"t":-226,"w":"Q185063"},"geometry":{"type":"Polygon","coordinates":[[[120.49,34.16],[120.92,32.62],[121.99,31.85],[120.92,31.85],[122.0,31.08],[120.8,30.31],[118.36,29.6],[116.74,29.73],[116.12,30.37],[114.11,30.5],[112.9,29.34],[110.3,29.99],[105.13,28.32],[101.48,29.34],[100.6,30.5],[102.16,32.56],[102.41,34.16],[111.43,37.0],[114.08,39.13],[113.81,39.51],[112.17,39.71],[112.74,40.36],[114.6,40.42],[116.1,39.84],[122.93,41.91],[124.84,41.13],[123.88,39.77],[121.42,38.74],[121.03,38.74],[121.69,39.38],[121.21,39.51],[122.23,40.48],[121.82,40.87],[121.11,40.87],[119.22,39.32],[117.89,39.19],[117.6,38.48],[119.46,37.96],[119.16,37.19],[120.75,37.9],[122.71,37.45],[122.5,36.87],[120.98,36.61],[119.23,34.81],[120.49,34.16]]]}},{"type":"Feature","properties":{"n":"Greek Colonies","f":-230,"t":-226,"w":"Q828047"},"geometry":{"type":"MultiPolygon","coordinates":[[[[24.3,35.32],[26.23,35.19],[23.68,35.26],[23.62,35.52],[24.3,35.32]]],[[[23.12,36.35],[23.11,36.16],[22.87,36.16],[23.12,36.35]]],[[[15.06,37.32],[15.21,37.19],[15.05,36.74],[14.43,37.0],[15.06,37.32]]],[[[21.74,36.87],[21.7,37.51],[22.24,37.38],[22.57,37.84],[23.34,37.64],[23.4,37.32],[22.71,37.58],[23.06,36.67],[21.74,36.87]]],[[[21.24,37.84],[21.33,38.09],[21.64,37.9],[21.24,37.84]]],[[[20.57,38.42],[20.79,38.09],[20.32,38.16],[20.57,38.42]]],[[[25.82,38.48],[25.99,38.67],[26.22,38.55],[25.88,38.16],[25.82,38.48]]],[[[21.29,38.8],[21.35,38.42],[20.74,38.8],[21.29,38.8]]],[[[0.1,38.8],[-0.13,38.55],[-0.57,39.51],[-0.2,39.97],[-0.31,39.13],[0.1,38.8]]],[[[24.49,40.81],[24.81,40.81],[24.79,40.61],[24.49,40.81]]],[[[27.38,42.04],[27.33,42.37],[27.17,42.43],[27.19,42.63],[28.8,44.97],[28.48,43.47],[27.51,42.63],[27.92,41.91],[27.38,42.04]],[[27.46,42.11],[27.46,42.04],[27.54,42.04],[27.46,42.11]]],[[[3.85,43.6],[2.98,43.15],[3.04,41.85],[2.7,42.37],[2.74,43.21],[3.45,43.67],[4.73,43.86],[6.59,43.41],[3.85,43.6]]],[[[28.02,36.48],[28.25,36.48],[28.14,36.03],[27.74,35.9],[28.02,36.48]]],[[[28.22,37.13],[27.6,37.13],[27.61,37.32],[28.24,37.38],[28.22,37.13]]],[[[28.18,40.42],[28.17,40.29],[27.7,40.29],[28.18,40.42]]],[[[40.41,40.68],[37.87,40.68],[36.51,41.13],[40.46,41.0],[40.41,40.68]]],[[[29.37,41.2],[29.26,40.87],[28.08,41.07],[28.29,41.52],[29.37,41.2]]],[[[31.51,41.2],[31.36,41.26],[31.69,41.39],[31.51,41.2]]],[[[35.02,41.85],[34.79,41.98],[35.12,42.04],[35.02,41.85]]],[[[39.63,43.73],[41.41,42.89],[40.82,43.15],[39.63,43.73]]],[[[39.95,43.73],[39.96,43.8],[40.04,43.8],[39.95,43.73]]],[[[33.45,44.52],[33.46,45.19],[35.18,45.3],[35.13,44.91],[33.45,44.52]]],[[[31.53,46.68],[30.88,46.68],[29.61,45.69],[30.46,46.61],[31.57,46.94],[31.53,46.68]]]]}},{"type":"Feature","properties":{"n":"Chu","f":-230,"t":-226,"w":"Q504759"},"geometry":{"type":"Polygon","coordinates":[[[119.23,34.81],[120.49,34.16],[120.92,32.62],[121.99,31.85],[120.92,31.85],[121.63,31.53],[121.9,30.82],[118.36,29.6],[116.74,29.73],[116.12,30.37],[114.87,30.5],[114.11,30.5],[112.9,29.34],[110.36,29.92],[112.52,30.95],[111.7,33.33],[110.72,34.74],[113.44,34.61],[114.99,35.19],[114.86,35.77],[115.68,36.22],[117.66,35.64],[120.02,35.71],[119.23,34.81]]]}},{"type":"Feature","properties":{"n":"Zhao","f":-230,"t":-226,"w":"Q1574107"},"geometry":{"type":"Polygon","coordinates":[[[115.08,35.39],[114.5,34.94],[113.71,35.26],[112.19,35.13],[112.32,35.45],[113.09,35.45],[111.91,35.58],[112.28,36.8],[115.15,37.45],[114.91,36.93],[116.12,36.87],[114.86,35.77],[115.08,35.39]]]}},{"type":"Feature","properties":{"n":"Kingdom of Pontus","f":-230,"t":-171,"w":"Q7380487"},"geometry":{"type":"MultiPolygon","coordinates":[[[[37.87,40.68],[40.41,40.68],[41.24,41.39],[41.35,41.13],[40.57,40.68],[40.75,40.36],[40.4,40.1],[38.79,39.9],[38.75,39.06],[34.83,39.77],[34.33,41.52],[32.31,41.2],[32.11,41.59],[33.28,41.98],[35.87,41.65],[37.87,40.68]]],[[[40.47,41.07],[40.46,41.0],[40.38,41.0],[40.47,41.07]]]]}},{"type":"Feature","properties":{"n":"Antigonid Macedonia","f":-230,"t":-226,"w":"Q237325"},"geometry":{"type":"MultiPolygon","coordinates":[[[[24.2,37.64],[24.36,37.71],[24.43,37.58],[24.2,37.64]]],[[[20.61,37.71],[20.62,37.9],[20.93,37.9],[20.61,37.71]]],[[[24.68,37.84],[24.69,38.03],[25.07,37.77],[24.68,37.84]]],[[[23.57,38.8],[23.56,38.74],[23.48,38.74],[23.57,38.8]]],[[[24.67,38.93],[24.66,38.74],[24.36,38.87],[24.67,38.93]]],[[[24.76,41.26],[26.18,41.07],[28.29,41.59],[28.08,41.0],[27.18,40.74],[24.35,41.0],[23.7,40.81],[23.74,40.23],[22.65,40.61],[22.61,39.9],[23.14,39.45],[22.8,39.06],[23.49,38.87],[22.94,38.74],[24.03,38.67],[23.98,37.84],[22.45,38.42],[22.49,39.19],[21.54,39.0],[20.57,40.1],[21.07,40.68],[20.63,41.26],[21.41,42.3],[22.45,42.43],[23.67,41.52],[24.76,41.26]]],[[[25.34,37.13],[25.57,37.13],[25.56,37.0],[25.34,37.13]]],[[[24.99,37.71],[25.22,37.71],[25.29,37.51],[24.99,37.71]]],[[[24.97,39.84],[25.46,40.03],[25.45,39.84],[24.97,39.84]]],[[[25.72,40.29],[26.04,40.29],[26.02,40.16],[25.72,40.29]]],[[[25.24,41.26],[25.16,41.26],[25.17,41.33],[25.24,41.26]]]]}},{"type":"Feature","properties":{"n":"Wei","f":-225,"t":-224,"w":"Q320930"},"geometry":{"type":"Polygon","coordinates":[[[117.03,40.1],[116.7,38.87],[117.23,38.67],[116.12,36.87],[114.91,36.93],[115.15,37.45],[114.61,37.13],[113.63,37.38],[113.89,38.42],[114.81,39.32],[114.11,39.19],[112.11,39.9],[113.09,40.42],[116.1,39.84],[117.03,40.1]]]}},{"type":"Feature","properties":{"n":"Qin","f":-225,"t":-224,"w":"Q1471995"},"geometry":{"type":"Polygon","coordinates":[[[105.13,28.32],[101.48,29.34],[100.6,30.5],[102.16,32.56],[102.41,34.16],[111.43,37.0],[114.11,39.19],[114.81,39.32],[113.89,38.42],[113.63,37.38],[114.61,37.13],[115.15,37.45],[114.91,36.93],[116.12,36.87],[114.86,35.77],[115.08,35.39],[114.47,34.87],[110.72,34.74],[111.7,33.33],[112.52,30.95],[105.13,28.32]]]}},{"type":"Feature","properties":{"n":"(Warring States China)","f":-225,"t":-224,"w":"Q185063"},"geometry":{"type":"Polygon","coordinates":[[[120.49,34.16],[120.92,32.62],[121.99,31.85],[120.92,31.85],[122.0,31.08],[120.8,30.31],[118.36,29.6],[116.74,29.73],[116.12,30.37],[114.11,30.5],[112.9,29.34],[110.3,29.99],[105.13,28.32],[101.48,29.34],[100.6,30.5],[102.16,32.56],[102.41,34.16],[111.43,37.0],[114.08,39.13],[113.81,39.51],[112.17,39.71],[112.74,40.36],[114.6,40.42],[116.1,39.84],[122.93,41.91],[124.84,41.13],[123.88,39.77],[121.42,38.74],[121.03,38.74],[121.69,39.38],[121.21,39.51],[122.23,40.48],[121.82,40.87],[121.11,40.87],[119.22,39.32],[117.89,39.19],[117.6,38.48],[119.46,37.96],[119.16,37.19],[120.75,37.9],[122.71,37.45],[122.5,36.87],[120.98,36.61],[119.23,34.81],[120.49,34.16]]]}},{"type":"Feature","properties":{"n":"Greco-Bactrian Kingdom","f":-225,"t":-204,"w":"Q488880"},"geometry":{"type":"MultiPolygon","coordinates":[[[[72.57,33.59],[72.65,33.59],[72.63,33.52],[72.57,33.59]]],[[[70.3,35.64],[70.28,35.58],[70.2,35.58],[70.3,35.64]]],[[[72.9,35.84],[72.88,35.77],[72.81,35.77],[72.9,35.84]]],[[[29.37,36.87],[29.45,36.87],[29.44,36.8],[29.37,36.87]]],[[[69.57,38.8],[71.2,38.48],[72.4,37.45],[71.22,36.22],[70.51,35.9],[70.14,35.64],[70.09,35.45],[66.61,34.42],[65.41,34.94],[63.28,34.68],[61.3,35.58],[61.16,36.35],[61.47,36.74],[60.87,37.19],[60.32,38.87],[60.71,39.51],[62.5,40.03],[68.53,39.58],[69.37,40.81],[70.68,40.94],[70.74,40.61],[69.85,40.29],[69.28,39.45],[69.57,38.8]]],[[[70.44,40.42],[70.42,40.36],[70.34,40.36],[70.44,40.42]]]]}},{"type":"Feature","properties":{"n":"Chu","f":-225,"t":-224,"w":"Q504759"},"geometry":{"type":"Polygon","coordinates":[[[119.23,34.81],[120.49,34.16],[120.92,32.62],[121.99,31.85],[120.92,31.85],[121.63,31.53],[121.9,30.82],[118.36,29.6],[116.74,29.73],[116.12,30.37],[114.87,30.5],[114.11,30.5],[112.9,29.34],[110.36,29.92],[112.52,30.95],[111.7,33.33],[110.72,34.74],[114.47,34.87],[115.08,35.39],[114.86,35.77],[115.68,36.22],[117.66,35.64],[120.02,35.71],[119.23,34.81]]]}},{"type":"Feature","properties":{"n":"Satavahana Dynasty","f":-225,"t":-171,"w":"Q5257"},"geometry":{"type":"Polygon","coordinates":[[[82.22,16.42],[80.38,15.71],[80.24,14.43],[79.26,14.11],[78.78,14.49],[78.99,15.14],[76.28,15.97],[76.08,16.87],[74.88,18.03],[73.07,17.71],[72.75,19.57],[73.4,20.02],[74.38,22.21],[75.47,22.66],[77.1,22.59],[77.31,21.24],[78.39,20.92],[78.84,19.7],[80.45,20.79],[82.86,19.25],[81.55,18.22],[82.35,16.94],[82.22,16.42]]]}},{"type":"Feature","properties":{"n":"Maurya Empire","f":-225,"t":-189,"w":"Q62943"},"geometry":{"type":"Polygon","coordinates":[[[85.21,27.93],[87.11,27.99],[88.29,27.16],[88.84,27.29],[89.07,26.9],[89.94,26.77],[89.96,23.94],[89.59,22.98],[89.87,21.82],[88.73,21.63],[88.64,22.08],[88.35,21.56],[88.1,21.95],[87.07,21.44],[87.03,20.6],[86.51,20.02],[86.14,20.6],[85.35,20.79],[82.86,19.25],[80.45,20.79],[78.84,19.7],[78.39,20.92],[77.31,21.24],[77.08,21.76],[77.43,25.04],[78.99,26.84],[77.99,27.99],[77.94,29.99],[79.33,31.14],[84.25,29.09],[85.21,27.93]]]}},{"type":"Feature","properties":{"n":"Scythia","f":-225,"t":-224,"w":"Q131802"},"geometry":{"type":"MultiPolygon","coordinates":[[[[31.56,46.26],[31.51,46.37],[32.01,46.2],[31.56,46.26]]],[[[34.85,46.19],[35.05,45.33],[33.26,45.17],[32.51,45.4],[33.59,46.1],[32.48,46.08],[31.55,46.55],[32.36,46.47],[32.81,46.83],[32.65,47.11],[31.84,47.35],[29.2,46.87],[26.76,48.16],[26.34,49.47],[26.97,50.47],[28.65,51.05],[32.73,51.25],[38.94,47.97],[37.51,47.51],[37.34,46.92],[34.85,46.19]]]]}},{"type":"Feature","properties":{"n":"Antigonid Macedonia","f":-225,"t":-217,"w":"Q237325"},"geometry":{"type":"MultiPolygon","coordinates":[[[[24.2,37.64],[24.36,37.71],[24.43,37.58],[24.2,37.64]]],[[[20.62,37.9],[20.93,37.9],[20.92,37.64],[20.62,37.9]]],[[[23.63,38.48],[23.56,38.74],[24.18,38.55],[23.63,38.48]]],[[[23.49,38.8],[23.57,38.8],[23.56,38.74],[23.49,38.8]]],[[[24.67,38.93],[24.66,38.74],[24.36,38.87],[24.67,38.93]]],[[[26.18,41.07],[28.29,41.59],[28.08,41.0],[27.18,40.74],[24.35,41.0],[23.7,40.81],[23.74,40.23],[22.65,40.61],[22.61,39.9],[23.14,39.45],[22.8,39.06],[23.34,39.0],[23.49,38.8],[22.79,38.87],[22.49,39.19],[21.54,39.0],[20.57,40.1],[20.99,40.61],[20.55,41.2],[21.13,41.59],[21.08,42.17],[22.45,42.43],[23.67,41.52],[24.55,41.65],[24.76,41.26],[26.18,41.07]]],[[[25.33,37.0],[25.34,37.13],[25.57,37.13],[25.33,37.0]]],[[[24.99,37.71],[25.22,37.71],[25.29,37.51],[24.99,37.71]]],[[[24.77,38.03],[25.07,37.77],[24.83,37.71],[24.77,38.03]]],[[[24.97,39.84],[25.46,40.03],[25.45,39.84],[24.97,39.84]]],[[[25.72,40.29],[26.04,40.29],[26.02,40.16],[25.72,40.29]]],[[[25.24,41.26],[25.16,41.26],[25.17,41.33],[25.24,41.26]]]]}},{"type":"Feature","properties":{"n":"Seleucid Empire","f":-225,"t":-224,"w":"Q705904"},"geometry":{"type":"MultiPolygon","coordinates":[[[[45.22,35.64],[46.03,35.39],[48.77,35.13],[53.09,36.8],[56.83,36.87],[58.45,36.42],[61.21,36.61],[61.3,35.58],[62.62,34.87],[64.19,34.61],[65.41,34.94],[66.56,34.55],[65.39,34.1],[64.69,32.94],[63.3,32.11],[60.24,28.25],[57.77,26.58],[57.38,25.74],[56.71,27.16],[55.29,26.52],[55.54,26.77],[54.68,26.45],[53.66,26.71],[51.45,27.87],[50.06,30.18],[48.94,30.31],[48.09,29.54],[46.62,29.86],[46.59,30.31],[45.77,30.44],[43.15,32.81],[41.21,33.91],[39.12,34.49],[37.65,33.65],[37.39,34.1],[36.56,34.29],[35.84,35.58],[37.13,36.74],[36.96,37.9],[38.81,38.93],[40.57,38.03],[44.41,37.58],[45.25,36.93],[45.22,35.64]]],[[[25.99,37.51],[26.08,37.71],[26.3,37.58],[25.99,37.51]]],[[[31.8,38.74],[33.59,38.55],[33.67,37.84],[35.83,37.64],[35.81,37.38],[35.03,36.74],[33.38,37.25],[32.07,36.61],[27.22,37.32],[27.28,38.03],[28.53,38.03],[29.21,38.67],[29.3,39.71],[26.13,39.51],[26.67,40.36],[29.05,40.36],[28.91,40.61],[29.56,40.74],[30.59,39.97],[31.38,39.97],[31.23,39.32],[31.8,38.74]]],[[[26.25,38.93],[25.79,39.19],[26.51,39.32],[26.64,39.0],[26.25,38.93]]]]}},{"type":"Feature","properties":{"n":"Kingdom of Sophene","f":-225,"t":-224,"w":"Q2626105"},"geometry":{"type":"Polygon","coordinates":[[[39.21,39.51],[40.48,39.58],[40.52,38.22],[39.45,38.42],[38.82,39.0],[39.21,39.51]]]}},{"type":"Feature","properties":{"n":"Roman Republic","f":-225,"t":-224,"w":"Q175881"},"geometry":{"type":"MultiPolygon","coordinates":[[[[19.76,39.64],[19.76,39.77],[19.92,39.77],[19.76,39.64]]],[[[9.59,39.13],[8.34,39.0],[8.15,40.94],[9.1,41.26],[9.82,40.74],[9.59,39.13]]],[[[16.12,41.91],[15.94,41.39],[18.44,40.16],[18.11,39.9],[17.81,40.36],[16.87,40.48],[16.45,39.64],[17.14,39.06],[15.93,37.96],[15.39,38.16],[15.06,37.32],[14.35,37.0],[12.49,37.9],[15.86,38.29],[16.27,38.93],[15.9,39.77],[14.89,40.68],[12.6,41.52],[11.18,42.5],[11.18,42.89],[11.9,43.02],[11.58,43.73],[12.47,44.12],[13.67,43.41],[14.77,42.04],[16.12,41.91]]],[[[19.25,40.61],[19.43,41.13],[19.66,40.94],[19.25,40.61]]],[[[9.58,41.98],[9.1,41.33],[8.62,41.72],[8.53,42.5],[9.25,43.02],[9.58,41.98]]],[[[10.21,42.69],[10.13,42.89],[10.46,42.89],[10.21,42.69]]]]}},{"type":"Feature","properties":{"n":"Achaean League","f":-225,"t":-211,"w":"Q244796"},"geometry":{"type":"Polygon","coordinates":[[[21.62,37.51],[21.42,38.16],[21.74,38.42],[22.66,37.96],[23.22,38.16],[23.34,37.51],[21.62,37.51]]]}},{"type":"Feature","properties":{"n":"Greek City-States","f":-225,"t":-224,"w":"Q148837"},"geometry":{"type":"MultiPolygon","coordinates":[[[[24.3,35.32],[26.23,35.19],[23.68,35.26],[23.62,35.52],[24.3,35.32]]],[[[23.12,36.35],[23.11,36.16],[22.87,36.16],[23.12,36.35]]],[[[15.06,37.32],[15.21,37.19],[15.05,36.74],[14.43,37.0],[15.06,37.32]]],[[[21.74,36.87],[21.7,37.51],[22.4,37.51],[23.06,36.67],[21.74,36.87]]],[[[21.24,37.84],[21.33,38.09],[21.64,37.9],[21.24,37.84]]],[[[20.57,38.42],[20.79,38.09],[20.32,38.16],[20.57,38.42]]],[[[25.82,38.48],[25.99,38.67],[26.22,38.55],[25.88,38.16],[25.82,38.48]]],[[[22.56,39.06],[24.08,38.29],[23.98,37.84],[22.53,38.42],[22.56,39.06]]],[[[21.29,38.8],[21.35,38.42],[20.74,38.8],[21.29,38.8]]],[[[0.1,38.8],[-0.13,38.55],[-0.57,39.51],[-0.2,39.97],[-0.31,39.13],[0.1,38.8]]],[[[24.81,40.81],[24.79,40.61],[24.55,40.55],[24.81,40.81]]],[[[27.19,42.63],[28.8,44.97],[28.48,43.47],[27.51,42.63],[27.92,41.91],[27.38,42.04],[27.19,42.63]],[[27.54,42.04],[27.46,42.11],[27.46,42.04],[27.54,42.04]]],[[[3.85,43.6],[2.98,43.15],[3.04,41.85],[2.7,42.37],[2.74,43.21],[3.45,43.67],[4.73,43.86],[6.6,43.28],[3.85,43.6]]],[[[27.69,36.29],[28.25,36.48],[28.14,36.03],[27.74,35.9],[27.69,36.29]]],[[[28.22,37.13],[27.6,37.13],[27.61,37.32],[28.24,37.38],[28.22,37.13]]],[[[28.18,40.42],[28.17,40.29],[27.7,40.29],[28.18,40.42]]],[[[40.58,40.74],[37.87,40.68],[36.51,41.13],[40.58,40.74]]],[[[29.37,41.2],[29.26,40.87],[28.08,41.07],[28.29,41.52],[29.37,41.2]]],[[[31.36,41.26],[31.69,41.39],[31.59,41.2],[31.36,41.26]]],[[[35.01,41.78],[34.79,41.98],[35.12,42.04],[35.01,41.78]]],[[[39.63,43.73],[41.41,42.89],[40.82,43.15],[39.63,43.73]]],[[[39.95,43.73],[39.96,43.8],[40.04,43.8],[39.95,43.73]]],[[[33.45,44.52],[33.46,45.19],[35.18,45.3],[35.13,44.91],[33.45,44.52]]],[[[31.53,46.68],[30.88,46.68],[29.61,45.69],[30.46,46.61],[31.57,46.94],[31.53,46.68]]]]}},{"type":"Feature","properties":{"n":"Kingdom of Pergamon","f":-225,"t":-224,"w":"Q2022162"},"geometry":{"type":"Polygon","coordinates":[[[26.43,38.22],[26.38,38.67],[27.06,38.35],[26.84,39.51],[29.3,39.71],[28.86,38.29],[27.73,37.84],[26.43,38.22]]]}},{"type":"Feature","properties":{"n":"Kalinga","f":-225,"t":-189,"w":"Q356524"},"geometry":{"type":"Polygon","coordinates":[[[84.38,18.41],[82.44,17.0],[81.69,17.58],[81.55,18.22],[85.35,20.79],[86.14,20.6],[86.44,20.02],[85.37,19.83],[84.38,18.41]]]}},{"type":"Feature","properties":{"n":"Aetolian League","f":-225,"t":-211,"w":"Q245273"},"geometry":{"type":"Polygon","coordinates":[[[21.35,38.42],[20.53,39.32],[21.54,39.0],[22.49,39.19],[22.37,38.42],[21.35,38.42]]]}},{"type":"Feature","properties":{"n":"Greek City-States","f":-223,"t":-211,"w":"Q148837"},"geometry":{"type":"MultiPolygon","coordinates":[[[[24.3,35.32],[26.23,35.19],[23.68,35.26],[23.62,35.52],[24.3,35.32]]],[[[23.12,36.35],[23.11,36.16],[22.87,36.16],[23.12,36.35]]],[[[15.06,37.32],[15.21,37.19],[15.05,36.74],[14.43,37.0],[15.06,37.32]]],[[[21.74,36.87],[21.7,37.51],[22.4,37.51],[23.06,36.67],[21.74,36.87]]],[[[21.24,37.84],[21.33,38.09],[21.64,37.9],[21.24,37.84]]],[[[20.57,38.42],[20.79,38.09],[20.32,38.16],[20.57,38.42]]],[[[25.82,38.48],[25.99,38.67],[26.22,38.55],[25.88,38.16],[25.82,38.48]]],[[[22.56,39.06],[24.08,38.29],[23.98,37.84],[22.53,38.42],[22.56,39.06]]],[[[21.29,38.8],[21.35,38.42],[20.74,38.8],[21.29,38.8]]],[[[0.1,38.8],[-0.13,38.55],[-0.57,39.51],[-0.2,39.97],[-0.31,39.13],[0.1,38.8]]],[[[24.81,40.81],[24.79,40.61],[24.55,40.55],[24.81,40.81]]],[[[27.19,42.63],[28.8,44.97],[28.48,43.47],[27.51,42.63],[27.92,41.91],[27.38,42.04],[27.19,42.63]],[[27.54,42.04],[27.46,42.11],[27.46,42.04],[27.54,42.04]]],[[[3.85,43.6],[2.98,43.15],[3.04,41.85],[2.7,42.37],[2.74,43.21],[3.45,43.67],[4.73,43.86],[6.6,43.28],[3.85,43.6]]],[[[27.69,36.29],[28.25,36.48],[28.14,36.03],[27.74,35.9],[27.69,36.29]]],[[[28.22,37.13],[27.6,37.13],[27.61,37.32],[28.24,37.38],[28.22,37.13]]],[[[28.18,40.42],[28.17,40.29],[27.7,40.29],[28.18,40.42]]],[[[40.58,40.74],[37.87,40.68],[36.51,41.13],[40.58,40.74]]],[[[29.37,41.2],[29.26,40.87],[28.08,41.07],[28.29,41.52],[29.37,41.2]]],[[[31.36,41.26],[31.69,41.39],[31.59,41.2],[31.36,41.26]]],[[[35.01,41.78],[34.79,41.98],[35.12,42.04],[35.01,41.78]]],[[[39.63,43.73],[41.41,42.89],[40.82,43.15],[39.63,43.73]]],[[[39.95,43.73],[39.96,43.8],[40.04,43.8],[39.95,43.73]]],[[[33.61,45.1],[33.23,45.3],[33.92,44.97],[35.18,45.3],[35.13,44.91],[33.93,44.45],[33.47,44.65],[33.61,45.1]]],[[[31.53,46.68],[30.88,46.68],[29.61,45.69],[30.46,46.61],[31.57,46.94],[31.53,46.68]]]]}},{"type":"Feature","properties":{"n":"Kingdom of Pergamon","f":-223,"t":-213,"w":"Q2022162"},"geometry":{"type":"Polygon","coordinates":[[[27.65,37.84],[26.43,38.22],[26.38,38.67],[27.06,38.35],[26.84,39.51],[28.84,39.84],[29.3,39.71],[29.04,38.55],[27.65,37.84]]]}},{"type":"Feature","properties":{"n":"Roman Republic","f":-223,"t":-223,"w":"Q175881"},"geometry":{"type":"MultiPolygon","coordinates":[[[[19.76,39.64],[19.76,39.77],[19.92,39.77],[19.76,39.64]]],[[[9.59,39.13],[8.34,39.0],[8.15,40.94],[9.1,41.26],[9.82,40.74],[9.59,39.13]]],[[[19.25,40.61],[19.43,41.13],[19.66,40.94],[19.25,40.61]]],[[[13.67,43.41],[14.37,42.24],[16.12,41.91],[15.94,41.39],[18.44,40.16],[18.11,39.9],[17.81,40.36],[16.87,40.48],[16.45,39.64],[17.14,39.06],[15.93,37.96],[15.39,38.16],[15.06,37.32],[14.43,37.0],[12.49,37.9],[15.86,38.29],[16.27,38.93],[15.75,40.03],[14.96,40.29],[14.89,40.68],[12.6,41.52],[10.54,43.08],[10.21,44.06],[10.7,44.58],[9.97,45.17],[10.45,45.63],[11.84,45.56],[13.15,46.22],[13.39,45.82],[12.16,45.5],[12.15,44.45],[13.67,43.41]]],[[[9.58,41.98],[9.1,41.33],[8.62,41.72],[8.53,42.5],[9.25,43.02],[9.58,41.98]]],[[[10.21,42.69],[10.13,42.89],[10.46,42.89],[10.21,42.69]]]]}},{"type":"Feature","properties":{"n":"Kingdom of Sophene","f":-223,"t":-213,"w":"Q2626105"},"geometry":{"type":"Polygon","coordinates":[[[38.74,39.0],[38.95,39.38],[40.48,39.58],[40.52,38.22],[38.74,39.0]]]}},{"type":"Feature","properties":{"n":"Qi","f":-223,"t":-223,"w":"Q1143524"},"geometry":{"type":"Polygon","coordinates":[[[119.16,37.19],[120.75,37.9],[122.71,37.45],[122.5,36.87],[120.98,36.61],[120.05,35.77],[117.66,35.64],[115.6,36.22],[116.61,37.25],[117.23,38.67],[119.46,37.96],[119.16,37.19]]]}},{"type":"Feature","properties":{"n":"Seleucid Empire","f":-223,"t":-219,"w":"Q705904"},"geometry":{"type":"MultiPolygon","coordinates":[[[[63.28,34.68],[65.41,34.94],[66.56,34.55],[65.39,34.1],[64.69,32.94],[63.3,32.11],[60.24,28.25],[57.77,26.58],[57.38,25.74],[56.71,27.16],[55.44,26.52],[55.54,26.77],[54.83,26.45],[53.66,26.71],[51.32,27.99],[50.06,30.18],[48.94,30.31],[48.09,29.54],[46.62,29.86],[46.59,30.31],[45.77,30.44],[43.15,32.81],[41.21,33.91],[39.12,34.49],[37.65,33.65],[37.39,34.1],[36.56,34.29],[35.84,35.58],[37.13,36.74],[36.96,37.9],[38.81,38.93],[40.57,38.03],[44.41,37.58],[45.25,36.93],[45.15,35.71],[46.11,35.39],[49.08,35.13],[52.11,36.55],[53.96,36.87],[56.83,36.87],[58.45,36.42],[61.21,36.61],[61.3,35.58],[63.28,34.68]]],[[[25.99,37.51],[26.08,37.71],[26.3,37.58],[25.99,37.51]]],[[[33.61,37.25],[31.99,36.61],[27.22,37.32],[27.28,38.03],[28.53,38.03],[29.21,38.67],[29.3,39.71],[26.13,39.51],[26.26,40.1],[29.05,40.36],[28.91,40.61],[29.56,40.74],[30.59,39.97],[31.38,39.97],[31.42,38.87],[33.59,38.55],[33.67,37.84],[35.83,37.64],[34.96,36.74],[33.61,37.25]]],[[[26.1,39.13],[25.79,39.19],[26.51,39.32],[26.64,39.0],[26.1,39.13]]]]}},{"type":"Feature","properties":{"n":"Atropatene","f":-223,"t":-219,"w":"Q260437"},"geometry":{"type":"Polygon","coordinates":[[[50.82,36.74],[52.11,36.55],[49.08,35.13],[45.15,35.71],[45.22,37.77],[46.12,38.48],[47.25,38.67],[50.82,36.74]]]}},{"type":"Feature","properties":{"n":"(Warring States China)","f":-223,"t":-223,"w":"Q185063"},"geometry":{"type":"Polygon","coordinates":[[[120.49,34.16],[120.92,32.62],[121.99,31.85],[120.92,31.85],[122.0,31.08],[120.8,30.31],[118.36,29.6],[116.74,29.73],[116.12,30.37],[114.11,30.5],[112.9,29.34],[110.23,29.99],[105.13,28.32],[101.48,29.34],[100.6,30.5],[102.16,32.56],[102.41,34.16],[111.43,37.0],[114.08,39.13],[113.81,39.51],[112.17,39.71],[112.74,40.36],[114.6,40.42],[116.1,39.84],[122.93,41.91],[124.84,41.13],[123.88,39.77],[121.42,38.74],[121.03,38.74],[121.69,39.38],[121.21,39.51],[122.23,40.48],[121.82,40.87],[121.11,40.87],[119.22,39.32],[117.89,39.19],[117.6,38.48],[119.46,37.96],[119.16,37.19],[120.75,37.9],[122.71,37.45],[122.5,36.87],[120.98,36.61],[119.23,34.81],[120.49,34.16]]]}},{"type":"Feature","properties":{"n":"Wei","f":-223,"t":-223,"w":"Q320930"},"geometry":{"type":"Polygon","coordinates":[[[117.03,40.1],[116.7,38.87],[117.23,38.67],[116.12,36.87],[114.91,36.93],[115.15,37.45],[114.61,37.13],[113.63,37.38],[113.89,38.42],[114.81,39.32],[114.11,39.19],[112.11,39.9],[113.09,40.42],[116.1,39.84],[117.03,40.1]]]}},{"type":"Feature","properties":{"n":"Parthian Empire","f":-223,"t":-219,"w":"Q1986139"},"geometry":{"type":"Polygon","coordinates":[[[60.68,39.71],[60.37,38.42],[60.87,37.19],[61.47,36.74],[58.45,36.42],[56.83,36.87],[54.03,36.87],[53.99,39.0],[53.14,39.45],[53.54,39.51],[53.5,40.03],[52.72,40.1],[52.89,40.87],[58.33,40.42],[60.68,39.71]]]}},{"type":"Feature","properties":{"n":"Qin","f":-223,"t":-223,"w":"Q1471995"},"geometry":{"type":"Polygon","coordinates":[[[119.23,34.81],[120.49,34.16],[120.92,32.62],[121.99,31.85],[120.92,31.85],[122.0,31.08],[120.8,30.31],[118.36,29.6],[116.74,29.73],[116.12,30.37],[114.11,30.5],[112.9,29.34],[110.23,29.99],[105.13,28.32],[101.48,29.34],[100.6,30.5],[102.16,32.56],[102.41,34.16],[111.43,37.0],[114.34,39.32],[114.81,39.32],[113.89,38.42],[113.63,37.38],[114.61,37.13],[115.15,37.45],[114.91,36.93],[116.12,36.87],[115.6,36.22],[116.9,35.84],[120.02,35.71],[119.23,34.81]]]}},{"type":"Feature","properties":{"n":"Qi","f":-222,"t":-219,"w":"Q1143524"},"geometry":{"type":"Polygon","coordinates":[[[119.16,37.19],[120.75,37.9],[122.71,37.45],[122.5,36.87],[120.98,36.61],[120.05,35.77],[117.66,35.64],[115.6,36.22],[116.61,37.25],[117.2,38.61],[119.46,37.96],[119.16,37.19]]]}},{"type":"Feature","properties":{"n":"(Warring States China)","f":-222,"t":-219,"w":"Q185063"},"geometry":{"type":"Polygon","coordinates":[[[121.03,38.74],[121.69,39.38],[121.28,39.64],[122.23,40.48],[121.11,40.87],[119.22,39.32],[117.89,39.19],[117.58,38.74],[118.07,38.16],[119.46,37.96],[119.16,37.19],[120.75,37.9],[122.71,37.45],[122.5,36.87],[120.98,36.61],[119.23,34.81],[120.34,34.36],[120.92,32.62],[121.99,31.85],[120.92,31.85],[122.0,31.08],[120.8,30.31],[118.36,29.6],[116.74,29.73],[116.12,30.37],[114.11,30.5],[112.9,29.34],[110.23,29.99],[105.13,28.32],[101.48,29.34],[100.67,30.24],[100.98,31.27],[102.16,32.56],[102.41,34.16],[111.43,37.0],[114.15,39.26],[112.17,39.71],[112.74,40.36],[114.6,40.42],[116.1,39.84],[123.17,41.91],[124.84,41.13],[124.41,40.29],[121.03,38.74]]]}},{"type":"Feature","properties":{"n":"Qin","f":-222,"t":-219,"w":"Q1471995"},"geometry":{"type":"Polygon","coordinates":[[[123.88,39.77],[121.42,38.74],[121.03,38.74],[121.69,39.38],[121.21,39.51],[122.23,40.48],[121.11,40.87],[119.22,39.32],[117.89,39.19],[115.61,36.42],[117.66,35.64],[120.05,35.77],[119.23,34.81],[120.34,34.36],[120.92,32.62],[121.99,31.85],[120.92,31.85],[122.0,31.08],[120.8,30.31],[118.36,29.6],[116.74,29.73],[116.12,30.37],[114.11,30.5],[112.9,29.34],[110.23,29.99],[105.13,28.32],[101.48,29.34],[100.67,30.24],[100.98,31.27],[102.16,32.56],[102.41,34.16],[111.43,37.0],[114.15,39.26],[112.17,39.71],[112.74,40.36],[114.6,40.42],[116.1,39.84],[122.93,41.91],[124.84,41.13],[123.88,39.77]]]}},{"type":"Feature","properties":{"n":"Roman Republic","f":-222,"t":-219,"w":"Q175881"},"geometry":{"type":"MultiPolygon","coordinates":[[[[19.76,39.64],[19.76,39.77],[19.92,39.77],[19.76,39.64]]],[[[9.59,39.13],[8.34,39.0],[8.15,40.94],[9.1,41.26],[9.82,40.74],[9.59,39.13]]],[[[19.25,40.61],[19.43,41.13],[19.66,40.94],[19.25,40.61]]],[[[13.67,43.41],[14.37,42.24],[16.12,41.91],[15.94,41.39],[18.44,40.16],[18.11,39.9],[17.81,40.36],[16.87,40.48],[16.45,39.64],[17.14,39.06],[15.93,37.96],[15.39,38.16],[15.06,37.32],[14.43,37.0],[12.49,37.9],[15.86,38.29],[16.27,38.93],[15.75,40.03],[11.26,42.43],[10.21,43.86],[10.62,44.71],[8.58,45.5],[11.51,45.5],[13.15,46.22],[13.39,45.82],[12.16,45.5],[12.15,44.45],[13.67,43.41]]],[[[9.58,41.98],[9.1,41.33],[8.62,41.72],[8.53,42.5],[9.25,43.02],[9.58,41.98]]],[[[10.21,42.69],[10.13,42.89],[10.46,42.89],[10.21,42.69]]]]}},{"type":"Feature","properties":{"n":"Atropatene","f":-218,"t":-211,"w":"Q260437"},"geometry":{"type":"Polygon","coordinates":[[[50.82,36.74],[52.11,36.55],[48.77,35.13],[45.22,35.64],[45.22,37.77],[46.12,38.48],[47.25,38.67],[50.82,36.74]]]}},{"type":"Feature","properties":{"n":"Seleucid Empire","f":-218,"t":-217,"w":"Q705904"},"geometry":{"type":"MultiPolygon","coordinates":[[[[56.83,36.87],[58.45,36.42],[61.21,36.61],[61.3,35.58],[62.62,34.87],[64.19,34.61],[65.41,34.94],[66.56,34.55],[65.39,34.1],[64.69,32.94],[63.3,32.11],[60.24,28.25],[57.77,26.58],[57.38,25.74],[56.71,27.16],[54.68,26.45],[51.45,27.87],[50.06,30.18],[48.94,30.31],[48.09,29.54],[46.62,29.86],[46.59,30.31],[45.77,30.44],[43.15,32.81],[40.26,34.29],[39.12,34.49],[37.99,33.97],[34.3,31.34],[35.64,34.36],[36.05,34.55],[35.84,36.29],[36.29,36.8],[34.34,36.74],[34.22,37.13],[33.38,37.25],[31.99,36.61],[27.22,37.32],[27.28,38.03],[28.53,38.03],[29.21,38.67],[29.3,39.71],[26.13,39.51],[26.67,40.36],[29.05,40.36],[28.91,40.61],[29.56,40.74],[30.59,39.97],[31.38,39.97],[31.42,38.87],[33.59,38.55],[33.67,37.84],[34.97,37.58],[37.11,37.9],[38.81,38.93],[40.57,38.03],[44.41,37.58],[45.25,36.93],[45.22,35.64],[46.03,35.39],[48.77,35.13],[52.11,36.55],[56.83,36.87]]],[[[25.99,37.51],[26.08,37.71],[26.3,37.58],[25.99,37.51]]],[[[26.25,38.93],[25.79,39.19],[26.51,39.32],[26.64,39.0],[26.25,38.93]]]]}},{"type":"Feature","properties":{"n":"Ptolemaic Kingdom","f":-218,"t":-217,"w":"Q2320005"},"geometry":{"type":"MultiPolygon","coordinates":[[[[34.61,30.44],[32.44,29.79],[35.85,23.88],[31.67,23.75],[30.54,23.36],[28.57,24.65],[28.15,27.35],[23.23,30.5],[20.58,30.89],[19.57,30.12],[18.73,29.99],[20.2,30.89],[20.02,32.24],[21.88,32.94],[23.09,32.62],[23.3,32.17],[24.89,31.98],[25.25,31.46],[29.4,30.82],[30.97,31.66],[31.88,31.46],[32.0,31.08],[33.75,31.08],[36.9,33.07],[36.42,31.21],[35.66,31.21],[34.61,30.44]]],[[[27.04,36.93],[27.12,36.93],[27.19,36.8],[26.87,36.67],[27.04,36.93]]],[[[27.19,36.93],[27.21,37.13],[27.44,37.13],[27.19,36.93]]],[[[26.26,40.1],[26.36,40.36],[26.67,40.36],[26.26,40.1]]],[[[26.78,40.74],[27.1,40.74],[26.92,40.48],[26.78,40.74]]],[[[26.23,40.74],[26.54,40.68],[26.07,40.68],[26.23,40.74]]],[[[34.09,35.0],[33.04,34.55],[32.23,34.94],[34.54,35.71],[34.09,35.0]]],[[[33.38,37.25],[34.22,37.13],[34.34,36.74],[33.98,36.29],[32.71,36.03],[32.07,36.61],[33.38,37.25]]],[[[34.96,36.74],[35.03,36.74],[35.03,36.67],[34.96,36.74]]],[[[29.24,36.22],[29.12,36.74],[28.03,36.67],[28.23,37.19],[29.36,36.8],[30.62,36.93],[30.49,36.35],[29.24,36.22]]],[[[35.2,36.87],[35.83,36.93],[35.49,36.61],[35.2,36.87]]]]}},{"type":"Feature","properties":{"n":"Minyue","f":-218,"t":-213,"w":"Q1936158"},"geometry":{"type":"MultiPolygon","coordinates":[[[[121.59,29.09],[121.65,28.32],[121.12,28.32],[119.59,26.13],[119.53,25.62],[119.87,25.49],[119.27,25.49],[118.76,24.59],[118.15,24.52],[116.54,22.91],[114.75,22.53],[114.47,24.46],[115.23,26.39],[114.95,26.77],[115.26,28.89],[115.8,30.12],[118.36,29.6],[120.52,30.37],[121.48,30.31],[122.03,29.92],[121.59,29.09]]],[[[122.27,30.18],[122.28,29.99],[121.98,29.99],[122.27,30.18]]]]}},{"type":"Feature","properties":{"n":"Parthian Empire","f":-218,"t":-165,"w":"Q1986139"},"geometry":{"type":"Polygon","coordinates":[[[59.77,40.16],[59.77,39.84],[60.68,39.71],[60.37,38.42],[60.87,37.19],[61.47,36.74],[58.45,36.42],[56.83,36.87],[54.03,36.87],[53.99,39.0],[53.14,39.45],[53.54,39.51],[53.5,40.03],[52.72,40.1],[52.89,40.87],[59.77,40.16]]]}},{"type":"Feature","properties":{"n":"Kingdom of Cappadocia","f":-218,"t":-213,"w":"Q29654286"},"geometry":{"type":"Polygon","coordinates":[[[37.11,37.9],[36.35,38.03],[35.67,37.58],[33.67,37.84],[33.59,38.55],[34.48,38.8],[34.83,39.77],[37.86,39.45],[38.74,39.0],[37.11,37.9]]]}},{"type":"Feature","properties":{"n":"Qin Dynasty","f":-218,"t":-213,"w":"Q7183"},"geometry":{"type":"Polygon","coordinates":[[[123.88,39.77],[121.42,38.74],[121.03,38.74],[121.69,39.38],[121.21,39.51],[122.23,40.48],[121.82,40.87],[121.11,40.87],[119.22,39.32],[117.89,39.19],[117.58,38.74],[118.07,38.16],[119.46,37.96],[119.16,37.19],[120.75,37.9],[122.71,37.45],[122.39,36.8],[120.98,36.61],[119.23,34.81],[120.34,34.36],[120.92,32.62],[121.96,31.98],[121.84,31.66],[120.92,31.85],[122.0,31.08],[120.8,30.31],[118.36,29.6],[116.74,29.73],[116.12,30.37],[114.11,30.5],[112.9,29.34],[110.23,29.99],[105.13,28.32],[101.48,29.34],[100.67,30.24],[100.98,31.27],[102.16,32.56],[102.41,34.16],[111.43,37.0],[114.15,39.26],[112.17,39.71],[112.74,40.36],[114.6,40.42],[116.1,39.84],[122.93,41.91],[124.8,41.07],[123.88,39.77]]]}},{"type":"Feature","properties":{"n":"Roman Republic","f":-218,"t":-217,"w":"Q175881"},"geometry":{"type":"MultiPolygon","coordinates":[[[[19.76,39.64],[19.76,39.77],[19.92,39.77],[19.76,39.64]]],[[[9.59,39.13],[8.34,39.0],[8.15,40.94],[9.1,41.26],[9.82,40.74],[9.59,39.13]]],[[[19.46,41.65],[19.77,41.59],[19.56,40.55],[19.25,40.61],[19.46,41.65]]],[[[13.67,43.41],[14.37,42.24],[16.12,41.91],[15.94,41.39],[18.44,40.16],[18.11,39.9],[17.81,40.36],[16.87,40.48],[16.45,39.64],[17.14,39.06],[15.93,37.96],[15.39,38.16],[15.06,37.32],[14.43,37.0],[12.49,37.9],[15.86,38.29],[16.27,38.93],[15.75,40.03],[11.26,42.43],[10.21,43.86],[10.62,44.71],[8.58,45.5],[11.51,45.5],[13.15,46.22],[13.39,45.82],[12.16,45.5],[12.31,44.19],[13.67,43.41]]],[[[9.58,41.98],[9.1,41.33],[8.62,41.72],[8.53,42.5],[9.25,43.02],[9.58,41.98]]],[[[10.21,42.69],[10.13,42.89],[10.46,42.89],[10.21,42.69]]],[[[16.8,43.02],[17.2,43.08],[17.19,42.89],[16.8,43.02]]]]}},{"type":"Feature","properties":{"n":"Carthage","f":-218,"t":-217,"w":"Q2429397"},"geometry":{"type":"MultiPolygon","coordinates":[[[[11.08,35.0],[10.0,34.29],[10.24,33.71],[12.23,32.81],[13.3,32.94],[15.06,32.43],[15.65,31.4],[17.85,30.95],[18.81,30.12],[15.57,31.14],[14.9,32.24],[9.62,33.33],[8.93,34.04],[8.85,34.74],[8.07,34.94],[7.59,36.61],[1.15,36.16],[-1.88,34.81],[-4.73,34.87],[-5.63,35.52],[-6.73,33.59],[-7.47,33.26],[-7.88,33.52],[-6.61,34.16],[-5.88,35.77],[-5.34,35.84],[-4.75,35.19],[-2.84,35.45],[-2.66,35.07],[-1.89,35.07],[0.68,36.42],[3.46,36.87],[5.56,36.67],[6.33,37.06],[8.52,36.87],[10.23,37.25],[10.23,36.8],[11.01,37.0],[10.46,35.9],[11.08,35.0]]],[[[14.34,35.84],[14.34,36.03],[14.57,35.97],[14.34,35.84]]],[[[1.27,38.8],[1.18,39.06],[1.65,39.13],[1.27,38.8]]],[[[1.87,41.26],[0.7,40.94],[-0.2,39.97],[-0.31,39.13],[0.1,38.74],[-0.66,38.29],[-0.7,37.64],[-1.71,37.45],[-2.06,36.8],[-4.47,36.74],[-5.58,36.03],[-6.43,37.0],[-7.55,37.38],[-7.22,38.09],[-4.22,39.84],[-3.79,40.48],[-3.68,42.11],[-2.93,42.76],[1.87,41.26]]],[[[3.52,39.77],[3.3,39.32],[2.35,39.45],[2.88,39.97],[3.52,39.77]]],[[[3.83,39.9],[3.74,40.1],[4.22,40.1],[4.3,39.84],[3.83,39.9]]],[[[-3.88,40.55],[-3.87,40.48],[-3.95,40.48],[-3.88,40.55]]],[[[3.87,45.17],[5.11,44.58],[3.92,43.99],[3.87,45.17]]]]}},{"type":"Feature","properties":{"n":"Roman Republic","f":-216,"t":-213,"w":"Q175881"},"geometry":{"type":"MultiPolygon","coordinates":[[[[9.59,39.13],[8.34,39.0],[8.15,40.94],[9.1,41.26],[9.82,40.74],[9.59,39.13]]],[[[2.79,42.11],[2.95,41.98],[0.48,40.55],[0.37,41.0],[-0.26,41.07],[2.79,42.11]]],[[[13.4,41.72],[14.2,41.91],[14.35,41.33],[13.95,41.07],[13.0,41.33],[10.86,42.95],[13.42,42.89],[13.01,42.04],[13.4,41.72]]],[[[9.58,41.98],[9.1,41.33],[8.62,41.72],[8.53,42.5],[9.25,43.02],[9.58,41.98]]],[[[10.13,42.89],[10.46,42.89],[10.46,42.69],[10.13,42.89]]],[[[16.11,41.78],[14.83,41.52],[13.51,43.21],[11.9,43.54],[11.83,43.99],[12.47,44.12],[13.36,43.67],[14.29,42.3],[16.11,41.78]]],[[[14.34,36.03],[14.57,35.97],[14.57,35.77],[14.34,36.03]]],[[[15.93,37.96],[15.39,38.16],[15.06,37.32],[14.43,37.0],[12.49,37.71],[12.65,38.09],[14.06,37.96],[15.86,38.29],[16.27,38.74],[15.75,40.03],[14.42,40.68],[14.51,41.13],[14.98,40.81],[16.42,41.26],[17.98,40.61],[18.35,39.9],[17.35,40.55],[16.62,40.29],[16.45,39.64],[17.14,39.06],[15.93,37.96]]],[[[19.76,39.77],[19.92,39.77],[19.91,39.58],[19.76,39.77]]],[[[19.77,41.59],[19.56,40.55],[19.25,40.61],[19.77,41.59]]],[[[17.2,43.08],[17.19,42.89],[16.79,42.89],[17.2,43.08]]]]}},{"type":"Feature","properties":{"n":"Carthage","f":-216,"t":-213,"w":"Q2429397"},"geometry":{"type":"MultiPolygon","coordinates":[[[[11.08,35.0],[10.0,34.29],[10.24,33.71],[12.23,32.81],[13.3,32.94],[15.06,32.43],[15.65,31.4],[17.85,30.95],[18.81,30.12],[15.57,31.14],[14.9,32.24],[9.62,33.33],[8.93,34.04],[8.85,34.74],[8.07,34.94],[7.59,36.61],[1.15,36.16],[-1.88,34.81],[-4.73,34.87],[-5.63,35.52],[-6.73,33.59],[-7.47,33.26],[-7.88,33.52],[-6.61,34.16],[-5.88,35.77],[-5.34,35.84],[-4.75,35.19],[-2.84,35.45],[-2.66,35.07],[-1.89,35.07],[0.68,36.42],[3.46,36.87],[5.56,36.67],[6.33,37.06],[8.52,36.87],[10.23,37.25],[10.23,36.8],[11.01,37.0],[10.46,35.9],[11.08,35.58],[11.08,35.0]]],[[[-4.47,36.74],[-5.66,36.03],[-7.58,37.64],[-5.34,39.06],[-4.2,38.55],[-2.09,38.55],[-1.56,38.87],[-1.45,39.71],[-0.34,41.07],[0.37,41.0],[0.4,40.48],[-0.35,39.71],[0.1,38.74],[-0.66,38.29],[-0.7,37.64],[-1.71,37.45],[-2.06,36.8],[-4.47,36.74]]],[[[1.27,38.8],[1.18,39.06],[1.65,39.13],[1.27,38.8]]],[[[3.52,39.77],[3.3,39.32],[2.35,39.45],[3.19,39.97],[3.52,39.77]]],[[[3.83,39.9],[3.74,40.1],[4.22,40.1],[4.3,39.84],[3.83,39.9]]],[[[12.39,44.12],[11.83,43.99],[11.9,43.54],[13.51,43.21],[14.83,41.52],[16.34,41.26],[14.1,40.87],[14.44,41.72],[13.01,42.04],[13.42,42.89],[10.78,42.95],[10.21,43.99],[9.16,44.45],[7.47,43.8],[8.26,45.37],[8.9,45.63],[12.16,45.37],[12.39,44.12]]]]}},{"type":"Feature","properties":{"n":"Ptolemaic Kingdom","f":-216,"t":-213,"w":"Q2320005"},"geometry":{"type":"MultiPolygon","coordinates":[[[[36.72,32.75],[36.42,31.21],[35.35,31.14],[34.61,30.44],[32.44,29.79],[35.15,24.65],[35.86,24.01],[35.55,23.81],[31.67,23.75],[30.46,23.36],[28.57,24.65],[28.15,27.35],[23.23,30.5],[20.58,30.89],[19.57,30.12],[18.73,29.99],[19.96,30.56],[20.02,32.24],[21.11,32.81],[23.09,32.62],[23.15,32.24],[24.89,31.98],[25.25,31.46],[29.4,30.82],[30.97,31.66],[31.88,31.46],[32.0,31.08],[34.3,31.27],[35.64,34.36],[36.05,34.55],[35.89,35.26],[36.27,35.19],[36.56,34.29],[37.39,34.1],[37.65,33.65],[36.72,32.75]]],[[[27.04,36.93],[27.12,36.93],[27.19,36.8],[26.87,36.67],[27.04,36.93]]],[[[27.19,36.93],[27.21,37.13],[27.44,37.13],[27.19,36.93]]],[[[26.26,40.1],[26.36,40.36],[26.67,40.36],[26.26,40.1]]],[[[26.78,40.74],[27.1,40.74],[26.92,40.48],[26.78,40.74]]],[[[26.23,40.74],[26.54,40.68],[26.07,40.68],[26.23,40.74]]],[[[34.09,35.0],[33.04,34.55],[32.23,34.94],[34.54,35.71],[34.09,35.0]]],[[[33.38,37.25],[34.22,37.13],[34.34,36.74],[33.98,36.29],[32.71,36.03],[32.07,36.61],[33.38,37.25]]],[[[34.96,36.74],[35.03,36.74],[35.03,36.67],[34.96,36.74]]],[[[29.24,36.22],[29.12,36.74],[28.03,36.67],[28.23,37.19],[29.36,36.8],[30.62,36.93],[30.49,36.35],[29.24,36.22]]],[[[35.2,36.87],[35.83,36.93],[35.49,36.61],[35.2,36.87]]]]}},{"type":"Feature","properties":{"n":"Antigonid Macedonia","f":-216,"t":-213,"w":"Q237325"},"geometry":{"type":"MultiPolygon","coordinates":[[[[24.2,37.64],[24.36,37.71],[24.43,37.58],[24.2,37.64]]],[[[20.62,37.9],[20.93,37.9],[20.92,37.64],[20.62,37.9]]],[[[23.63,38.48],[23.56,38.74],[24.18,38.55],[23.63,38.48]]],[[[23.49,38.8],[23.57,38.8],[23.56,38.74],[23.49,38.8]]],[[[24.67,38.93],[24.66,38.74],[24.36,38.87],[24.67,38.93]]],[[[26.18,41.07],[28.29,41.59],[28.08,41.0],[27.18,40.74],[24.35,41.0],[23.7,40.81],[23.74,40.23],[22.65,40.61],[22.61,39.9],[23.14,39.45],[22.8,39.06],[23.34,39.0],[23.49,38.8],[22.79,38.87],[22.49,39.19],[21.54,39.0],[20.49,40.16],[20.99,40.61],[20.55,41.2],[21.13,41.59],[21.08,42.17],[22.45,42.43],[23.67,41.52],[24.55,41.65],[24.76,41.26],[26.18,41.07]]],[[[25.33,37.0],[25.34,37.13],[25.57,37.13],[25.33,37.0]]],[[[24.99,37.71],[25.22,37.71],[25.29,37.51],[24.99,37.71]]],[[[24.77,38.03],[25.07,37.77],[24.83,37.71],[24.77,38.03]]],[[[24.97,39.84],[25.46,40.03],[25.45,39.84],[24.97,39.84]]],[[[25.72,40.29],[26.04,40.29],[26.02,40.16],[25.72,40.29]]],[[[25.24,41.26],[25.16,41.26],[25.17,41.33],[25.24,41.26]]]]}},{"type":"Feature","properties":{"n":"Seleucid Empire","f":-216,"t":-213,"w":"Q705904"},"geometry":{"type":"MultiPolygon","coordinates":[[[[56.83,36.87],[58.45,36.42],[61.21,36.61],[61.3,35.58],[62.62,34.87],[64.19,34.61],[65.41,34.94],[66.56,34.55],[65.39,34.1],[64.69,32.94],[63.3,32.11],[60.24,28.25],[57.77,26.58],[57.38,25.74],[56.71,27.16],[54.68,26.45],[51.45,27.87],[50.06,30.18],[48.94,30.31],[48.09,29.54],[46.62,29.86],[46.59,30.31],[45.77,30.44],[43.15,32.81],[40.7,34.16],[39.12,34.49],[37.65,33.65],[37.39,34.1],[36.56,34.29],[36.27,35.19],[35.89,35.26],[36.14,36.93],[34.34,36.74],[34.22,37.13],[33.38,37.25],[31.99,36.61],[27.22,37.32],[27.28,38.03],[28.53,38.03],[29.21,38.67],[29.3,39.71],[26.13,39.51],[26.67,40.36],[29.05,40.36],[28.91,40.61],[29.56,40.74],[30.59,39.97],[31.38,39.97],[31.42,38.87],[33.59,38.55],[33.67,37.84],[34.97,37.58],[37.11,37.9],[38.81,38.93],[40.57,38.03],[44.41,37.58],[45.25,36.93],[45.22,35.64],[46.03,35.39],[48.77,35.13],[52.11,36.55],[56.83,36.87]]],[[[25.99,37.51],[26.08,37.71],[26.3,37.58],[25.99,37.51]]],[[[26.25,38.93],[25.79,39.19],[26.51,39.32],[26.64,39.0],[26.25,38.93]]]]}},{"type":"Feature","properties":{"n":"Minyue","f":-212,"t":-211,"w":"Q1936158"},"geometry":{"type":"Polygon","coordinates":[[[119.62,25.36],[119.27,25.49],[118.76,24.59],[118.15,24.52],[116.54,22.91],[114.75,22.53],[114.47,24.46],[115.23,26.39],[114.96,26.52],[115.16,28.32],[115.8,30.12],[117.93,29.67],[119.14,26.13],[119.65,26.07],[119.62,25.36]]]}},{"type":"Feature","properties":{"n":"Kingdom of Cappadocia","f":-212,"t":-189,"w":"Q29654286"},"geometry":{"type":"Polygon","coordinates":[[[37.11,37.9],[36.35,38.03],[35.67,37.58],[33.67,37.84],[33.59,38.55],[34.48,38.8],[34.83,39.77],[37.86,39.45],[38.74,39.0],[37.11,37.9]]]}},{"type":"Feature","properties":{"n":"Ptolemaic Kingdom","f":-212,"t":-204,"w":"Q2320005"},"geometry":{"type":"MultiPolygon","coordinates":[[[[7.14,35.19],[7.14,35.32],[7.22,35.32],[7.14,35.19]]],[[[27.19,36.8],[26.87,36.67],[27.04,36.93],[27.19,36.8]]],[[[26.08,37.71],[26.31,37.71],[26.3,37.58],[26.08,37.71]]],[[[26.56,37.84],[27.03,37.84],[27.01,37.64],[26.56,37.84]]],[[[26.26,40.1],[26.36,40.36],[26.67,40.36],[26.26,40.1]]],[[[26.78,40.74],[27.1,40.74],[26.92,40.48],[26.78,40.74]]],[[[26.31,40.74],[26.54,40.68],[26.07,40.68],[26.31,40.74]]],[[[36.72,32.75],[36.42,31.21],[35.35,31.14],[34.61,30.44],[32.44,29.79],[35.15,24.65],[35.86,24.01],[35.55,23.81],[31.67,23.75],[30.46,23.36],[28.57,24.65],[28.15,27.35],[23.23,30.5],[20.58,30.89],[19.57,30.12],[18.73,29.99],[19.96,30.56],[20.02,32.24],[21.11,32.81],[23.09,32.62],[23.15,32.24],[24.89,31.98],[25.25,31.46],[29.4,30.82],[30.97,31.66],[31.88,31.46],[32.0,31.08],[34.3,31.27],[35.64,34.36],[36.05,34.55],[35.89,35.26],[36.27,35.19],[36.56,34.29],[37.39,34.1],[37.65,33.65],[36.72,32.75]]],[[[34.09,35.0],[33.04,34.55],[32.23,34.94],[34.54,35.71],[34.09,35.0]]],[[[33.38,37.25],[34.22,37.13],[34.34,36.74],[33.98,36.29],[32.71,36.03],[32.07,36.61],[33.38,37.25]]],[[[35.03,36.74],[35.03,36.67],[34.95,36.67],[35.03,36.74]]],[[[29.24,36.22],[29.12,36.74],[28.03,36.67],[28.23,37.19],[29.36,36.8],[30.62,36.93],[30.49,36.35],[29.24,36.22]]],[[[35.29,36.93],[35.83,36.93],[35.49,36.61],[35.03,36.74],[35.29,36.93]]],[[[27.21,37.13],[27.44,37.13],[27.35,36.93],[27.21,37.13]]]]}},{"type":"Feature","properties":{"n":"Antigonid Macedonia","f":-212,"t":-211,"w":"Q237325"},"geometry":{"type":"MultiPolygon","coordinates":[[[[24.2,37.64],[24.36,37.71],[24.43,37.58],[24.2,37.64]]],[[[20.62,37.9],[20.93,37.9],[20.92,37.64],[20.62,37.9]]],[[[23.63,38.48],[23.56,38.74],[24.18,38.55],[23.63,38.48]]],[[[23.49,38.8],[23.57,38.8],[23.56,38.74],[23.49,38.8]]],[[[24.67,38.93],[24.66,38.74],[24.36,38.87],[24.67,38.93]]],[[[26.18,41.07],[28.29,41.59],[28.08,41.0],[27.18,40.74],[24.35,41.0],[23.7,40.81],[23.74,40.23],[22.65,40.61],[22.61,39.9],[23.14,39.45],[22.8,39.06],[23.34,39.0],[23.49,38.8],[22.79,38.87],[22.49,39.19],[21.54,39.0],[20.81,40.1],[19.73,40.81],[19.95,41.91],[22.45,42.43],[23.67,41.52],[24.55,41.65],[24.76,41.26],[26.18,41.07]]],[[[25.33,37.0],[25.34,37.13],[25.57,37.13],[25.33,37.0]]],[[[24.99,37.71],[25.22,37.71],[25.29,37.51],[24.99,37.71]]],[[[24.77,38.03],[25.07,37.77],[24.83,37.71],[24.77,38.03]]],[[[24.97,39.84],[25.46,40.03],[25.45,39.84],[24.97,39.84]]],[[[25.72,40.29],[26.04,40.29],[26.02,40.16],[25.72,40.29]]],[[[25.24,41.26],[25.16,41.26],[25.17,41.33],[25.24,41.26]]]]}},{"type":"Feature","properties":{"n":"Seleucid Empire","f":-212,"t":-211,"w":"Q705904"},"geometry":{"type":"MultiPolygon","coordinates":[[[[31.42,38.87],[33.59,38.55],[33.67,37.84],[35.67,37.58],[36.35,38.03],[37.11,37.9],[38.81,38.93],[40.57,38.03],[44.41,37.58],[45.25,36.93],[45.22,35.64],[46.03,35.39],[48.77,35.13],[53.09,36.8],[56.83,36.87],[58.45,36.42],[61.21,36.61],[61.3,35.58],[62.62,34.87],[64.19,34.61],[65.41,34.94],[66.56,34.55],[65.39,34.1],[64.69,32.94],[63.3,32.11],[60.24,28.25],[57.77,26.58],[57.38,25.74],[56.71,27.16],[54.68,26.45],[51.45,27.87],[50.06,30.18],[48.94,30.31],[48.09,29.54],[46.62,29.86],[46.59,30.31],[45.77,30.44],[43.15,32.81],[40.7,34.16],[39.12,34.49],[37.65,33.65],[37.39,34.1],[36.56,34.29],[36.27,35.19],[35.89,35.26],[36.14,36.93],[34.34,36.74],[34.22,37.13],[33.38,37.25],[31.99,36.61],[27.22,37.32],[27.28,38.03],[28.53,38.03],[29.21,38.67],[29.3,39.71],[26.13,39.51],[26.67,40.36],[29.05,40.36],[28.91,40.61],[29.4,40.74],[30.59,39.97],[31.38,39.97],[31.42,38.87]]],[[[26.25,38.93],[25.79,39.19],[26.51,39.32],[26.64,39.0],[26.25,38.93]]]]}},{"type":"Feature","properties":{"n":"Kingdom of Sophene","f":-212,"t":-189,"w":"Q2626105"},"geometry":{"type":"Polygon","coordinates":[[[39.21,39.51],[40.48,39.58],[40.52,38.22],[39.45,38.42],[38.82,39.0],[39.21,39.51]]]}},{"type":"Feature","properties":{"n":"Roman Republic","f":-212,"t":-211,"w":"Q175881"},"geometry":{"type":"MultiPolygon","coordinates":[[[[2.61,34.49],[2.61,34.42],[2.53,34.42],[2.61,34.49]]],[[[2.92,34.36],[2.45,34.61],[1.29,34.61],[-1.61,34.1],[-2.95,34.61],[-2.74,35.13],[-1.66,35.13],[-1.22,35.64],[0.39,35.97],[1.22,36.55],[5.26,36.48],[6.8,36.93],[7.2,36.22],[6.51,35.77],[6.23,34.61],[2.92,34.36]]],[[[9.59,39.13],[8.34,39.0],[8.15,40.94],[9.5,41.2],[9.82,40.36],[9.59,39.13]]],[[[0.43,41.46],[2.95,41.98],[0.7,40.94],[-0.33,39.51],[-1.16,40.1],[0.43,41.46]]],[[[9.58,41.98],[9.1,41.33],[8.62,41.72],[8.53,42.5],[9.25,43.02],[9.58,41.98]]],[[[13.34,42.63],[13.01,42.04],[13.87,41.2],[13.0,41.33],[11.02,42.63],[10.29,43.86],[12.47,44.12],[13.04,43.86],[14.37,42.3],[14.05,42.04],[13.34,42.63]]],[[[10.13,42.89],[10.46,42.89],[10.46,42.69],[10.13,42.89]]],[[[14.34,35.84],[14.34,36.03],[14.57,35.97],[14.34,35.84]]],[[[12.49,37.9],[15.86,38.29],[15.07,37.64],[15.05,36.74],[12.49,37.9]]],[[[19.92,39.77],[19.91,39.58],[19.76,39.64],[19.92,39.77]]],[[[18.06,40.55],[18.35,39.9],[18.11,39.9],[18.06,40.55]]],[[[14.51,41.13],[14.67,41.13],[14.89,40.68],[14.5,40.68],[14.51,41.13]]],[[[19.77,41.59],[19.56,40.55],[19.25,40.61],[19.77,41.59]]],[[[17.2,43.08],[17.19,42.89],[16.79,42.89],[17.2,43.08]]]]}},{"type":"Feature","properties":{"n":"Carthage","f":-212,"t":-211,"w":"Q2429397"},"geometry":{"type":"MultiPolygon","coordinates":[[[[11.08,35.0],[10.0,34.29],[10.24,33.71],[12.23,32.81],[13.3,32.94],[15.06,32.43],[15.65,31.4],[17.85,30.95],[18.81,30.12],[15.57,31.14],[14.9,32.24],[12.0,32.62],[9.62,33.33],[8.77,34.23],[6.3,34.61],[6.29,35.32],[7.2,36.22],[6.96,36.87],[7.35,37.06],[8.52,36.87],[9.6,37.32],[10.23,37.25],[10.23,36.8],[11.01,37.0],[10.46,36.42],[11.08,35.0]],[[7.14,35.32],[7.14,35.19],[7.22,35.19],[7.14,35.32]]],[[[-2.81,34.94],[-4.74,34.94],[-5.63,35.52],[-6.59,33.84],[-7.79,33.46],[-6.61,34.16],[-5.88,35.77],[-5.34,35.84],[-4.75,35.19],[-2.99,35.45],[-2.81,34.94]]],[[[0.16,35.9],[0.45,36.22],[0.39,35.97],[0.16,35.9]]],[[[5.56,36.67],[6.73,36.93],[5.26,36.48],[1.92,36.48],[3.46,36.87],[5.56,36.67]]],[[[14.98,37.06],[15.06,37.25],[15.21,37.19],[14.98,37.06]]],[[[-4.47,36.74],[-5.66,36.03],[-7.58,37.64],[-5.34,39.06],[-4.2,38.55],[-2.24,38.48],[-1.56,38.87],[-1.23,40.03],[-0.75,39.97],[0.1,38.74],[-0.66,38.29],[-0.7,37.64],[-1.71,37.45],[-2.06,36.8],[-4.47,36.74]]],[[[1.27,38.8],[1.18,39.06],[1.65,39.13],[1.27,38.8]]],[[[3.52,39.77],[3.3,39.32],[2.35,39.45],[2.88,39.97],[3.52,39.77]]],[[[4.22,40.1],[4.3,39.84],[3.83,39.9],[4.22,40.1]]],[[[17.98,40.55],[16.62,40.29],[16.45,39.64],[17.14,39.06],[15.85,37.96],[16.27,38.93],[15.75,40.03],[15.04,40.23],[14.67,41.13],[14.1,40.87],[13.01,42.17],[13.5,42.63],[14.05,42.04],[16.12,41.91],[15.87,41.72],[17.98,40.55]]]]}},{"type":"Feature","properties":{"n":"Mauretania","f":-212,"t":-198,"w":"Q309272"},"geometry":{"type":"Polygon","coordinates":[[[-2.46,34.16],[-7.53,32.94],[-8.47,33.26],[-6.88,33.59],[-5.63,35.52],[-4.74,34.94],[-2.89,34.94],[-2.46,34.16]]]}},{"type":"Feature","properties":{"n":"Kingdom of Pergamon","f":-212,"t":-189,"w":"Q2022162"},"geometry":{"type":"Polygon","coordinates":[[[26.43,38.22],[26.38,38.67],[27.06,38.35],[26.84,39.51],[29.3,39.71],[28.86,38.29],[27.73,37.84],[26.43,38.22]]]}},{"type":"Feature","properties":{"n":"Qin Dynasty","f":-212,"t":-211,"w":"Q7183"},"geometry":{"type":"MultiPolygon","coordinates":[[[[122.27,30.18],[122.28,29.99],[121.98,29.99],[122.27,30.18]]],[[[121.03,38.74],[121.69,39.38],[121.28,39.64],[122.23,40.48],[121.11,40.87],[119.22,39.32],[117.89,39.19],[117.58,38.74],[118.07,38.16],[119.46,37.96],[119.16,37.19],[120.75,37.9],[122.71,37.45],[122.39,36.8],[120.98,36.61],[119.23,34.81],[120.34,34.36],[120.92,32.62],[121.99,31.85],[120.92,31.85],[122.0,31.08],[120.68,30.18],[121.48,30.31],[122.03,29.92],[121.94,29.22],[121.74,29.54],[121.57,29.47],[121.65,28.32],[121.12,28.32],[119.57,26.07],[119.14,26.13],[118.04,29.54],[116.13,30.18],[115.44,29.47],[115.14,28.25],[113.98,27.35],[110.44,28.96],[107.65,28.96],[105.43,28.32],[103.9,28.51],[101.48,29.34],[100.67,30.24],[100.98,31.27],[102.16,32.56],[102.41,34.16],[108.3,36.03],[112.74,40.36],[114.6,40.42],[116.1,39.84],[123.17,41.91],[124.84,41.13],[124.41,40.29],[121.03,38.74]]]]}},{"type":"Feature","properties":{"n":"Atropatene","f":-210,"t":-209,"w":"Q260437"},"geometry":{"type":"Polygon","coordinates":[[[50.82,36.74],[52.11,36.55],[49.08,35.13],[45.15,35.71],[45.22,37.77],[46.12,38.48],[47.25,38.67],[50.82,36.74]]]}},{"type":"Feature","properties":{"n":"Seleucid Empire","f":-210,"t":-209,"w":"Q705904"},"geometry":{"type":"MultiPolygon","coordinates":[[[[45.67,40.87],[45.52,40.48],[46.54,39.97],[47.05,39.77],[48.3,39.71],[48.93,39.26],[48.8,38.09],[47.25,38.67],[46.12,38.48],[45.22,37.77],[45.15,35.71],[46.03,35.39],[49.08,35.13],[53.09,36.8],[56.83,36.87],[58.45,36.42],[61.21,36.61],[61.3,35.58],[62.62,34.87],[64.19,34.61],[65.41,34.94],[66.53,34.42],[65.39,34.1],[64.69,32.94],[63.3,32.11],[60.24,28.25],[57.77,26.58],[57.38,25.74],[56.71,27.16],[54.68,26.45],[51.45,27.87],[50.06,30.18],[48.94,30.31],[48.09,29.54],[46.62,29.86],[46.59,30.31],[45.77,30.44],[43.15,32.81],[40.7,34.16],[39.12,34.49],[37.65,33.65],[37.39,34.1],[36.56,34.29],[36.27,35.19],[35.89,35.26],[36.14,36.93],[34.34,36.74],[34.22,37.13],[33.38,37.25],[31.99,36.61],[27.22,37.32],[27.28,38.03],[28.53,38.03],[29.21,38.67],[29.3,39.71],[26.13,39.51],[26.67,40.36],[29.05,40.36],[28.91,40.61],[29.56,40.74],[30.59,39.97],[31.38,39.97],[31.42,38.87],[33.59,38.55],[33.67,37.84],[35.67,37.58],[36.35,38.03],[37.11,37.9],[38.81,38.93],[40.52,38.22],[40.48,39.58],[38.95,39.38],[38.79,39.9],[40.4,40.1],[40.75,40.36],[40.57,40.68],[41.01,40.94],[41.36,40.68],[41.53,41.26],[42.25,41.26],[42.56,41.65],[45.67,40.87]]],[[[26.25,38.93],[25.79,39.19],[26.51,39.32],[26.64,39.0],[26.25,38.93]]],[[[47.16,39.9],[47.14,39.84],[47.07,39.84],[47.16,39.9]]],[[[47.01,39.97],[47.0,39.9],[46.92,39.9],[47.01,39.97]]]]}},{"type":"Feature","properties":{"n":"Antigonid Macedonia","f":-210,"t":-209,"w":"Q237325"},"geometry":{"type":"MultiPolygon","coordinates":[[[[24.2,37.64],[24.36,37.71],[24.43,37.58],[24.2,37.64]]],[[[23.63,38.48],[23.56,38.74],[24.18,38.55],[23.63,38.48]]],[[[23.57,38.8],[23.56,38.74],[23.48,38.74],[23.57,38.8]]],[[[24.36,38.87],[24.36,39.0],[24.67,38.93],[24.36,38.87]]],[[[26.18,41.07],[28.29,41.59],[28.08,41.0],[27.18,40.74],[24.35,41.0],[23.7,40.81],[23.74,40.23],[22.65,40.61],[22.61,39.9],[23.14,39.45],[22.8,39.06],[23.49,38.87],[22.62,38.67],[22.49,39.19],[21.54,39.0],[20.81,40.1],[19.81,40.68],[20.08,41.33],[19.32,42.17],[22.45,42.43],[23.67,41.52],[24.55,41.65],[24.76,41.26],[26.18,41.07]]],[[[25.33,37.0],[25.34,37.13],[25.57,37.13],[25.33,37.0]]],[[[24.99,37.71],[25.22,37.71],[25.29,37.51],[24.99,37.71]]],[[[24.77,38.03],[25.07,37.77],[24.83,37.71],[24.77,38.03]]],[[[24.97,39.84],[25.46,40.03],[25.45,39.84],[24.97,39.84]]],[[[25.72,40.29],[26.04,40.29],[26.02,40.16],[25.72,40.29]]],[[[25.24,41.26],[25.16,41.26],[25.17,41.33],[25.24,41.26]]]]}},{"type":"Feature","properties":{"n":"Minyue","f":-210,"t":-209,"w":"Q1936158"},"geometry":{"type":"Polygon","coordinates":[[[119.62,25.36],[119.27,25.49],[118.76,24.59],[118.15,24.52],[116.54,22.91],[114.75,22.53],[114.45,24.01],[115.23,26.39],[114.95,26.77],[115.26,28.89],[115.8,30.12],[117.93,29.67],[119.14,26.13],[119.65,26.07],[119.62,25.36]]]}},{"type":"Feature","properties":{"n":"Greek City-States","f":-210,"t":-209,"w":"Q148837"},"geometry":{"type":"MultiPolygon","coordinates":[[[[24.3,35.32],[26.23,35.19],[23.68,35.26],[23.62,35.52],[24.3,35.32]]],[[[28.24,37.38],[28.3,37.19],[27.6,37.13],[28.24,37.38]]],[[[20.49,38.42],[20.8,38.29],[20.79,38.09],[20.32,38.16],[20.49,38.42]]],[[[24.08,38.22],[23.98,37.84],[22.68,38.35],[23.01,38.74],[24.08,38.22]]],[[[26.22,38.55],[26.11,38.16],[25.88,38.16],[26.22,38.55]]],[[[21.29,38.8],[21.35,38.42],[20.74,38.8],[21.29,38.8]]],[[[28.18,40.42],[28.17,40.29],[27.7,40.29],[28.18,40.42]]],[[[24.49,40.81],[24.81,40.81],[24.79,40.61],[24.49,40.81]]],[[[27.38,42.04],[27.33,42.37],[27.17,42.43],[27.19,42.63],[28.8,44.97],[28.48,43.47],[27.51,42.63],[27.92,41.91],[27.38,42.04]],[[27.46,42.11],[27.46,42.04],[27.54,42.04],[27.46,42.11]]],[[[3.85,43.6],[2.98,43.15],[3.04,41.85],[2.7,42.37],[2.74,43.21],[3.45,43.67],[4.73,43.86],[6.59,43.41],[3.85,43.6]]],[[[27.69,36.29],[28.25,36.48],[28.14,36.03],[27.74,35.9],[27.69,36.29]]],[[[40.58,40.74],[37.87,40.68],[36.51,41.13],[40.58,40.74]]],[[[29.37,41.2],[29.26,40.87],[28.08,41.07],[28.29,41.52],[29.37,41.2]]],[[[31.36,41.26],[31.69,41.39],[31.59,41.2],[31.36,41.26]]],[[[35.01,41.78],[34.79,41.98],[35.12,42.04],[35.01,41.78]]],[[[39.63,43.73],[41.41,42.89],[40.82,43.15],[39.63,43.73]]],[[[40.03,43.73],[39.95,43.73],[39.96,43.8],[40.03,43.73]]],[[[33.61,45.1],[33.23,45.3],[33.92,44.97],[35.18,45.3],[35.13,44.91],[33.93,44.45],[33.47,44.65],[33.61,45.1]]],[[[31.53,46.68],[30.88,46.68],[29.61,45.69],[30.46,46.61],[31.57,46.94],[31.53,46.68]]]]}},{"type":"Feature","properties":{"n":"Aetolian League","f":-210,"t":-209,"w":"Q245273"},"geometry":{"type":"Polygon","coordinates":[[[21.35,38.42],[20.53,39.32],[21.54,39.0],[22.49,39.19],[22.39,38.8],[22.77,38.61],[21.35,38.42]]]}},{"type":"Feature","properties":{"n":"Qin Dynasty","f":-210,"t":-209,"w":"Q7183"},"geometry":{"type":"MultiPolygon","coordinates":[[[[122.27,30.18],[122.28,29.99],[121.98,29.99],[122.27,30.18]]],[[[121.03,38.74],[121.69,39.38],[121.28,39.64],[122.23,40.48],[121.11,40.87],[119.22,39.32],[117.89,39.19],[117.58,38.74],[118.07,38.16],[119.46,37.96],[119.16,37.19],[120.75,37.9],[122.71,37.45],[122.39,36.8],[120.98,36.61],[119.23,34.81],[120.34,34.36],[120.92,32.62],[121.99,31.85],[120.92,31.85],[122.0,31.08],[120.68,30.18],[121.48,30.31],[122.03,29.92],[121.94,29.22],[121.74,29.54],[121.57,29.47],[121.65,28.32],[121.12,28.32],[120.16,26.58],[119.25,26.0],[118.04,29.54],[115.8,30.12],[115.26,28.89],[114.95,26.77],[115.23,26.39],[114.45,24.01],[114.9,22.91],[114.53,22.14],[114.0,22.08],[113.6,22.72],[113.64,22.14],[112.38,21.76],[111.04,23.36],[110.96,24.07],[111.97,26.84],[111.73,28.44],[110.44,28.96],[108.27,29.02],[105.13,28.32],[103.9,28.51],[101.16,29.54],[100.6,30.5],[102.16,32.56],[102.41,34.16],[108.3,36.03],[112.74,40.36],[114.6,40.42],[116.1,39.84],[123.17,41.91],[124.84,41.13],[124.41,40.29],[121.03,38.74]]]]}},{"type":"Feature","properties":{"n":"Roman Republic","f":-210,"t":-209,"w":"Q175881"},"geometry":{"type":"MultiPolygon","coordinates":[[[[2.61,34.49],[2.61,34.42],[2.53,34.42],[2.61,34.49]]],[[[2.92,34.36],[2.45,34.61],[1.29,34.61],[-1.61,34.1],[-2.95,34.61],[-2.74,35.13],[-1.66,35.13],[-1.22,35.64],[0.39,35.97],[1.22,36.55],[5.26,36.48],[6.8,36.93],[7.2,36.22],[6.51,35.77],[6.23,34.61],[2.92,34.36]]],[[[14.66,36.74],[12.49,37.9],[15.86,38.29],[15.07,37.64],[15.21,37.19],[14.66,36.74]]],[[[9.59,39.13],[8.34,39.0],[8.15,40.94],[9.5,41.2],[9.82,40.36],[9.59,39.13]]],[[[0.7,40.94],[-0.33,39.51],[-1.15,40.03],[0.46,42.43],[2.95,41.98],[0.7,40.94]]],[[[9.58,41.98],[9.1,41.33],[8.62,41.72],[8.53,42.5],[9.25,43.02],[9.58,41.98]]],[[[13.34,42.63],[13.01,42.04],[13.87,41.2],[13.0,41.33],[11.02,42.63],[10.29,43.86],[12.47,44.12],[13.04,43.86],[14.37,42.3],[14.05,42.04],[13.34,42.63]]],[[[10.13,42.89],[10.46,42.89],[10.46,42.69],[10.13,42.89]]],[[[14.34,36.03],[14.57,35.97],[14.57,35.77],[14.34,36.03]]],[[[20.62,37.9],[20.93,37.9],[20.92,37.64],[20.62,37.9]]],[[[19.92,39.77],[19.91,39.58],[19.76,39.64],[19.92,39.77]]],[[[17.81,40.36],[17.11,40.55],[17.98,40.55],[18.35,39.9],[17.81,40.36]]],[[[14.51,41.13],[14.67,41.13],[14.89,40.68],[14.5,40.68],[14.51,41.13]]],[[[19.77,41.59],[19.56,40.55],[19.25,40.61],[19.77,41.59]]],[[[17.2,43.08],[17.19,42.89],[16.79,42.89],[17.2,43.08]]]]}},{"type":"Feature","properties":{"n":"Carthage","f":-210,"t":-209,"w":"Q2429397"},"geometry":{"type":"MultiPolygon","coordinates":[[[[-2.81,34.94],[-4.74,34.94],[-5.63,35.52],[-6.59,33.84],[-7.79,33.46],[-6.61,34.16],[-5.88,35.77],[-5.34,35.84],[-4.75,35.19],[-2.99,35.45],[-2.81,34.94]]],[[[0.38,36.22],[0.45,36.22],[0.39,35.97],[0.38,36.22]]],[[[-4.47,36.74],[-5.66,36.03],[-7.58,37.64],[-5.34,39.06],[-4.2,38.55],[-2.24,38.48],[-1.56,38.87],[-1.23,40.03],[-0.75,39.97],[0.1,38.74],[-0.66,38.29],[-0.7,37.64],[-2.53,36.87],[-4.47,36.74]]],[[[1.27,38.8],[1.18,39.06],[1.65,39.13],[1.27,38.8]]],[[[3.3,39.32],[2.35,39.45],[2.88,39.97],[3.52,39.77],[3.3,39.32]]],[[[4.22,40.1],[4.3,39.84],[3.83,39.9],[4.22,40.1]]],[[[11.08,35.0],[10.0,34.29],[10.24,33.71],[12.23,32.81],[13.3,32.94],[15.06,32.43],[15.65,31.4],[17.85,30.95],[18.81,30.12],[15.57,31.14],[14.9,32.24],[12.0,32.62],[9.62,33.33],[8.77,34.23],[6.3,34.61],[6.29,35.32],[7.2,36.22],[6.96,36.87],[7.35,37.06],[8.52,36.87],[9.6,37.32],[10.23,37.25],[10.23,36.8],[11.01,37.0],[10.46,36.42],[11.08,35.0]],[[7.14,35.32],[7.14,35.19],[7.22,35.19],[7.14,35.32]]],[[[22.89,36.42],[23.12,36.35],[23.11,36.16],[22.89,36.42]]],[[[5.56,36.67],[6.73,36.93],[5.26,36.48],[1.92,36.48],[3.46,36.87],[5.56,36.67]]],[[[21.74,36.87],[21.7,37.51],[22.7,37.38],[23.06,36.67],[21.74,36.87]]],[[[21.24,37.84],[21.33,38.09],[21.64,37.9],[21.24,37.84]]],[[[17.98,40.55],[17.19,40.68],[16.62,40.29],[16.45,39.64],[17.14,39.06],[15.85,37.96],[16.27,38.93],[15.75,40.03],[15.04,40.23],[14.67,41.13],[14.1,40.87],[13.01,42.17],[13.5,42.63],[14.05,42.04],[16.12,41.91],[15.87,41.72],[17.98,40.55]]]]}},{"type":"Feature","properties":{"n":"Achaean League","f":-210,"t":-207,"w":"Q244796"},"geometry":{"type":"Polygon","coordinates":[[[21.62,37.51],[21.42,38.16],[22.13,38.42],[22.66,37.96],[23.22,38.16],[23.04,37.77],[23.4,37.32],[21.62,37.51]]]}},{"type":"Feature","properties":{"n":"Greek City-States","f":-208,"t":-207,"w":"Q148837"},"geometry":{"type":"MultiPolygon","coordinates":[[[[24.3,35.32],[26.23,35.19],[23.68,35.26],[23.62,35.52],[24.3,35.32]]],[[[28.24,37.38],[28.3,37.19],[27.6,37.13],[28.24,37.38]]],[[[20.49,38.42],[20.8,38.29],[20.79,38.09],[20.32,38.16],[20.49,38.42]]],[[[24.08,38.22],[23.98,37.84],[22.68,38.35],[24.08,38.22]]],[[[26.22,38.55],[26.11,38.16],[25.88,38.16],[26.22,38.55]]],[[[21.29,38.8],[21.35,38.42],[20.74,38.8],[21.29,38.8]]],[[[28.18,40.42],[28.17,40.29],[27.7,40.29],[28.18,40.42]]],[[[24.49,40.81],[24.81,40.81],[24.79,40.61],[24.49,40.81]]],[[[27.38,42.04],[27.33,42.37],[27.17,42.43],[27.19,42.63],[28.8,44.97],[28.48,43.47],[27.51,42.63],[27.92,41.91],[27.38,42.04]],[[27.46,42.11],[27.46,42.04],[27.54,42.04],[27.46,42.11]]],[[[3.85,43.6],[2.98,43.15],[3.04,41.85],[2.7,42.37],[2.74,43.21],[3.45,43.67],[4.73,43.86],[6.59,43.41],[3.85,43.6]]],[[[27.69,36.29],[28.25,36.48],[28.14,36.03],[27.74,35.9],[27.69,36.29]]],[[[40.58,40.74],[37.87,40.68],[36.51,41.13],[40.58,40.74]]],[[[29.37,41.2],[29.26,40.87],[28.08,41.07],[28.29,41.52],[29.37,41.2]]],[[[31.36,41.26],[31.69,41.39],[31.59,41.2],[31.36,41.26]]],[[[35.01,41.78],[34.79,41.98],[35.12,42.04],[35.01,41.78]]],[[[39.63,43.73],[41.41,42.89],[40.82,43.15],[39.63,43.73]]],[[[40.03,43.73],[39.95,43.73],[39.96,43.8],[40.03,43.73]]],[[[33.61,45.1],[33.23,45.3],[33.92,44.97],[35.18,45.3],[35.13,44.91],[33.93,44.45],[33.47,44.65],[33.61,45.1]]],[[[31.53,46.68],[30.88,46.68],[29.61,45.69],[30.46,46.61],[31.57,46.94],[31.53,46.68]]]]}},{"type":"Feature","properties":{"n":"Aetolian League","f":-208,"t":-207,"w":"Q245273"},"geometry":{"type":"MultiPolygon","coordinates":[[[[21.35,38.42],[20.53,39.32],[21.54,39.0],[22.49,39.19],[22.68,38.35],[21.35,38.42]]],[[[23.03,38.93],[23.03,39.06],[23.42,38.93],[23.03,38.93]]]]}},{"type":"Feature","properties":{"n":"Yan","f":-208,"t":-207,"w":"Q1472004"},"geometry":{"type":"Polygon","coordinates":[[[123.88,39.77],[121.42,38.74],[121.03,38.74],[121.69,39.38],[121.21,39.51],[122.23,40.48],[121.82,40.87],[121.11,40.87],[119.22,39.32],[117.89,39.19],[117.62,38.67],[116.7,38.87],[116.93,39.9],[117.45,40.29],[122.93,41.91],[124.84,41.13],[123.88,39.77]]]}},{"type":"Feature","properties":{"n":"Han","f":-208,"t":-207,"w":"Q1968654"},"geometry":{"type":"Polygon","coordinates":[[[113.65,34.74],[112.88,34.94],[113.48,35.26],[114.48,35.07],[113.65,34.74]]]}},{"type":"Feature","properties":{"n":"Âu Lạc","f":-208,"t":-207,"w":"Q867227"},"geometry":{"type":"Polygon","coordinates":[[[106.96,20.92],[105.85,19.57],[105.73,18.86],[107.03,17.26],[106.53,16.94],[105.14,18.41],[104.98,20.15],[104.44,20.47],[105.1,20.86],[104.87,22.21],[105.97,23.36],[107.01,23.75],[107.96,23.62],[108.64,21.63],[106.96,20.92]]]}},{"type":"Feature","properties":{"n":"Western Chu","f":-208,"t":-207,"w":"Q1151705"},"geometry":{"type":"Polygon","coordinates":[[[119.23,34.81],[120.34,34.36],[120.92,32.62],[121.96,31.98],[121.84,31.66],[120.92,31.85],[121.63,31.53],[121.9,30.82],[121.32,30.69],[116.44,32.3],[116.43,33.07],[114.51,33.65],[113.65,34.74],[114.99,35.19],[114.86,35.77],[115.41,35.97],[115.41,35.45],[116.48,34.87],[117.31,35.19],[117.53,34.81],[118.58,34.74],[119.47,35.19],[119.23,34.81]]]}},{"type":"Feature","properties":{"n":"Roman Republic","f":-208,"t":-207,"w":"Q175881"},"geometry":{"type":"MultiPolygon","coordinates":[[[[2.61,34.49],[2.61,34.42],[2.53,34.42],[2.61,34.49]]],[[[2.92,34.36],[2.45,34.61],[1.29,34.61],[-1.61,34.1],[-2.95,34.61],[-2.74,35.13],[-1.66,35.13],[-1.22,35.64],[0.39,35.97],[1.22,36.55],[5.26,36.48],[6.8,36.93],[7.2,36.22],[6.51,35.77],[6.23,34.61],[2.92,34.36]]],[[[0.7,40.94],[-0.2,39.97],[-0.31,39.13],[0.1,38.74],[-0.66,38.29],[-0.7,37.64],[-1.17,37.58],[-1.94,38.74],[0.11,41.52],[0.3,42.37],[2.87,42.11],[2.89,41.72],[0.7,40.94]]],[[[9.59,39.13],[8.34,39.0],[8.15,40.94],[9.5,41.2],[9.82,40.36],[9.59,39.13]]],[[[9.58,41.98],[9.1,41.33],[8.62,41.72],[8.53,42.5],[9.25,43.02],[9.58,41.98]]],[[[13.34,42.63],[13.01,42.04],[13.8,41.39],[14.98,41.13],[14.89,40.68],[11.26,42.43],[10.29,43.86],[12.47,44.12],[13.67,43.41],[14.37,42.24],[14.05,42.04],[13.34,42.63]],[[13.11,43.67],[12.71,43.28],[13.19,43.28],[13.11,43.67]]],[[[10.13,42.89],[10.46,42.89],[10.46,42.69],[10.13,42.89]]],[[[14.34,35.84],[14.34,36.03],[14.57,35.97],[14.34,35.84]]],[[[14.66,36.74],[12.49,37.9],[15.86,38.29],[15.07,37.64],[15.21,37.19],[14.66,36.74]]],[[[20.62,37.9],[20.93,37.9],[20.92,37.64],[20.62,37.9]]],[[[19.92,39.77],[19.91,39.58],[19.76,39.64],[19.92,39.77]]],[[[17.81,40.36],[17.11,40.55],[17.98,40.55],[18.35,39.9],[17.81,40.36]]],[[[19.77,41.59],[19.56,40.55],[19.25,40.61],[19.77,41.59]]],[[[17.2,43.08],[17.19,42.89],[16.79,42.89],[17.2,43.08]]]]}},{"type":"Feature","properties":{"n":"Carthage","f":-208,"t":-207,"w":"Q2429397"},"geometry":{"type":"MultiPolygon","coordinates":[[[[-2.81,34.94],[-4.74,34.94],[-5.63,35.52],[-6.59,33.84],[-7.79,33.46],[-6.61,34.16],[-5.88,35.77],[-5.34,35.84],[-4.75,35.19],[-2.99,35.45],[-2.81,34.94]]],[[[0.38,36.22],[0.45,36.22],[0.39,35.97],[0.38,36.22]]],[[[5.56,36.67],[6.73,36.93],[5.26,36.48],[1.92,36.48],[3.46,36.87],[5.56,36.67]]],[[[-1.17,37.58],[-1.71,37.45],[-2.06,36.8],[-4.47,36.74],[-5.58,36.03],[-6.43,37.0],[-7.55,37.38],[-7.22,38.09],[-5.34,39.06],[-4.2,38.55],[-1.7,38.61],[-1.17,37.58]]],[[[1.18,39.06],[1.65,39.13],[1.66,39.0],[1.18,39.06]]],[[[3.3,39.32],[2.35,39.45],[2.88,39.97],[3.52,39.77],[3.3,39.32]]],[[[4.22,40.1],[4.3,39.84],[3.83,39.9],[4.22,40.1]]],[[[11.08,35.0],[10.0,34.29],[10.24,33.71],[12.23,32.81],[13.3,32.94],[15.06,32.43],[15.65,31.4],[17.85,30.95],[18.81,30.12],[15.57,31.14],[14.9,32.24],[12.0,32.62],[9.62,33.33],[8.77,34.23],[6.3,34.61],[6.29,35.32],[7.2,36.22],[6.96,36.87],[7.35,37.06],[8.52,36.87],[9.6,37.32],[10.23,37.25],[10.23,36.8],[11.01,37.0],[10.46,36.42],[11.08,35.0]],[[7.14,35.32],[7.14,35.19],[7.22,35.19],[7.14,35.32]]],[[[22.89,36.42],[23.12,36.35],[23.11,36.16],[22.89,36.42]]],[[[21.74,36.87],[21.7,37.51],[22.7,37.38],[23.06,36.67],[21.74,36.87]]],[[[21.24,37.84],[21.33,38.09],[21.64,37.9],[21.24,37.84]]],[[[17.98,40.55],[17.19,40.68],[16.62,40.29],[16.45,39.64],[17.14,39.06],[15.85,37.96],[16.27,38.93],[15.75,40.03],[15.04,40.23],[14.98,41.13],[13.8,41.39],[13.01,42.04],[13.5,42.63],[14.05,42.04],[16.12,41.91],[15.87,41.72],[17.98,40.55]]],[[[13.19,43.28],[12.71,43.28],[13.11,43.6],[13.19,43.28]]],[[[12.16,44.84],[12.39,44.12],[11.83,43.86],[10.21,43.86],[9.16,44.45],[7.47,43.8],[8.26,45.37],[8.9,45.63],[12.16,45.37],[12.4,44.78],[12.16,44.84]]]]}},{"type":"Feature","properties":{"n":"(Eighteen Kingdoms)","f":-208,"t":-207,"w":"Q5349053"},"geometry":{"type":"MultiPolygon","coordinates":[[[[122.28,29.99],[121.98,29.99],[122.05,30.18],[122.28,29.99]]],[[[119.23,34.81],[120.34,34.36],[120.92,32.62],[121.96,31.98],[121.84,31.66],[120.92,31.85],[122.0,31.08],[120.68,30.18],[121.48,30.31],[122.03,29.92],[121.94,29.22],[121.74,29.54],[121.57,29.47],[121.65,28.32],[121.12,28.32],[120.16,26.58],[119.25,26.0],[118.04,29.54],[115.8,30.12],[115.26,28.89],[114.95,26.77],[115.23,26.39],[114.45,24.01],[114.9,22.91],[114.53,22.14],[114.0,22.08],[113.6,22.72],[113.64,22.14],[112.38,21.76],[111.04,23.36],[110.96,24.07],[111.97,26.84],[111.73,28.44],[109.86,29.02],[107.65,28.96],[105.43,28.32],[103.9,28.51],[101.16,29.54],[100.6,30.5],[102.16,32.56],[102.41,34.16],[108.3,36.03],[110.13,38.09],[111.49,38.8],[112.63,40.29],[115.16,40.29],[115.55,39.84],[116.45,39.9],[122.93,41.91],[124.84,41.13],[123.88,39.77],[121.42,38.74],[121.03,38.74],[121.69,39.38],[121.21,39.51],[122.23,40.48],[121.82,40.87],[121.11,40.87],[119.22,39.32],[117.89,39.19],[117.6,38.48],[119.46,37.96],[119.16,37.19],[120.75,37.9],[122.71,37.45],[122.5,36.87],[120.98,36.61],[119.23,34.81]],[[113.65,34.74],[114.5,34.94],[113.48,35.26],[112.96,35.13],[113.65,34.74]]]]}},{"type":"Feature","properties":{"n":"Xiongnu","f":-208,"t":-207,"w":"Q188836"},"geometry":{"type":"MultiPolygon","coordinates":[[[[101.76,53.94],[106.41,52.79],[103.57,51.58],[104.07,51.45],[105.74,51.65],[107.1,52.45],[109.44,51.71],[110.46,51.38],[115.82,50.98],[119.65,49.71],[121.1,50.18],[129.35,46.94],[129.89,46.68],[129.82,46.02],[125.51,41.33],[124.92,41.13],[122.93,41.91],[116.45,39.9],[113.49,40.42],[112.3,39.97],[109.39,40.29],[101.57,39.45],[99.51,39.97],[99.33,40.61],[97.01,40.55],[95.16,41.2],[93.91,43.47],[90.61,45.37],[90.96,46.74],[90.22,47.73],[87.98,48.52],[87.78,49.12],[87.12,49.12],[86.63,49.78],[85.19,49.58],[83.62,50.91],[85.31,52.72],[89.06,53.66],[101.76,53.94]]],[[[109.44,51.71],[109.57,51.78],[109.52,51.71],[109.44,51.71]]]]}},{"type":"Feature","properties":{"n":"Zhai","f":-208,"t":-207,"w":"Q7183"},"geometry":{"type":"MultiPolygon","coordinates":[[[[122.27,30.18],[122.28,29.99],[121.98,29.99],[122.27,30.18]]],[[[112.88,34.94],[113.5,34.94],[114.51,33.65],[116.43,33.07],[116.44,32.3],[120.78,31.08],[121.32,30.69],[120.68,30.18],[121.48,30.31],[122.03,29.92],[121.94,29.22],[121.74,29.54],[121.57,29.47],[121.65,28.32],[121.12,28.32],[120.16,26.58],[119.25,26.0],[118.04,29.54],[115.8,30.12],[115.26,28.89],[114.95,26.77],[115.23,26.39],[114.45,24.01],[114.9,22.91],[114.53,22.14],[114.0,22.08],[113.6,22.72],[113.64,22.14],[112.38,21.76],[111.04,23.36],[110.96,24.07],[111.97,26.84],[111.73,28.44],[109.86,29.02],[107.65,28.96],[105.43,28.32],[103.9,28.51],[101.16,29.54],[100.6,30.5],[102.16,32.56],[102.41,34.16],[108.3,36.03],[110.13,38.09],[111.49,38.8],[112.63,40.29],[115.16,40.29],[115.55,39.84],[117.0,40.03],[116.7,38.87],[115.45,38.09],[113.48,35.26],[112.88,34.94]]]]}},{"type":"Feature","properties":{"n":"Antigonid Macedonia","f":-208,"t":-207,"w":"Q237325"},"geometry":{"type":"MultiPolygon","coordinates":[[[[24.2,37.64],[24.36,37.71],[24.43,37.58],[24.2,37.64]]],[[[23.63,38.48],[23.56,38.74],[24.18,38.55],[23.63,38.48]]],[[[23.57,38.8],[23.56,38.74],[23.48,38.74],[23.57,38.8]]],[[[23.49,38.8],[23.33,38.8],[23.34,38.87],[23.49,38.8]]],[[[26.18,41.07],[28.29,41.59],[28.08,41.0],[27.18,40.74],[24.35,41.0],[23.7,40.81],[23.74,40.23],[22.65,40.61],[22.61,39.9],[23.14,39.45],[22.82,39.38],[22.77,38.61],[22.49,39.19],[21.54,39.0],[20.81,40.1],[19.81,40.68],[20.08,41.33],[19.32,42.17],[22.45,42.43],[23.67,41.52],[24.55,41.65],[24.76,41.26],[26.18,41.07]]],[[[25.33,37.0],[25.34,37.13],[25.57,37.13],[25.33,37.0]]],[[[24.99,37.71],[25.22,37.71],[25.29,37.51],[24.99,37.71]]],[[[24.77,38.03],[25.07,37.77],[24.83,37.71],[24.77,38.03]]],[[[24.67,38.93],[24.66,38.74],[24.36,38.87],[24.67,38.93]]],[[[25.07,40.03],[25.46,40.03],[25.45,39.84],[25.07,40.03]]],[[[25.72,40.29],[26.04,40.29],[26.02,40.16],[25.72,40.29]]],[[[25.24,41.26],[25.16,41.26],[25.17,41.33],[25.24,41.26]]]]}},{"type":"Feature","properties":{"n":"Seleucid Empire","f":-208,"t":-207,"w":"Q705904"},"geometry":{"type":"MultiPolygon","coordinates":[[[[45.67,40.87],[45.52,40.48],[46.54,39.97],[47.05,39.77],[48.3,39.71],[48.93,39.26],[48.8,38.09],[47.09,38.67],[45.22,37.77],[45.22,35.64],[46.03,35.39],[49.08,35.13],[53.09,36.8],[56.83,36.87],[58.45,36.42],[61.21,36.61],[61.3,35.58],[62.62,34.87],[64.19,34.61],[65.41,34.94],[66.53,34.42],[65.39,34.1],[64.69,32.94],[63.3,32.11],[60.24,28.25],[57.77,26.58],[57.38,25.74],[56.71,27.16],[54.68,26.45],[51.45,27.87],[50.06,30.18],[48.94,30.31],[48.09,29.54],[46.62,29.86],[46.59,30.31],[45.77,30.44],[43.15,32.81],[40.7,34.16],[39.12,34.49],[37.65,33.65],[37.39,34.1],[36.56,34.29],[36.27,35.19],[35.89,35.26],[36.14,36.93],[34.34,36.74],[34.22,37.13],[33.38,37.25],[31.99,36.61],[27.22,37.32],[27.28,38.03],[28.53,38.03],[29.21,38.67],[29.3,39.71],[26.13,39.51],[26.67,40.36],[29.05,40.36],[28.91,40.61],[29.56,40.74],[30.59,39.97],[31.38,39.97],[31.42,38.87],[33.59,38.55],[33.67,37.84],[35.67,37.58],[36.35,38.03],[37.11,37.9],[38.81,38.93],[40.52,38.22],[40.48,39.58],[38.95,39.38],[38.79,39.9],[40.4,40.1],[40.75,40.36],[40.57,40.68],[41.01,40.94],[41.36,40.68],[41.53,41.26],[42.25,41.26],[42.56,41.65],[45.67,40.87]]],[[[26.25,38.93],[25.79,39.19],[26.51,39.32],[26.64,39.0],[26.25,38.93]]],[[[47.16,39.9],[47.14,39.84],[47.07,39.84],[47.16,39.9]]],[[[47.01,39.97],[47.0,39.9],[46.92,39.9],[47.01,39.97]]]]}},{"type":"Feature","properties":{"n":"Dai","f":-208,"t":-207,"w":"Q5349053"},"geometry":{"type":"Polygon","coordinates":[[[115.45,38.09],[116.7,38.87],[117.23,38.67],[116.61,37.25],[114.86,37.0],[115.45,38.09]]]}},{"type":"Feature","properties":{"n":"Atropatene","f":-208,"t":-207,"w":"Q260437"},"geometry":{"type":"Polygon","coordinates":[[[50.82,36.74],[52.11,36.55],[49.08,35.13],[45.22,35.64],[45.22,37.77],[46.12,38.48],[47.48,38.61],[48.87,38.09],[49.02,37.58],[50.82,36.74]]]}},{"type":"Feature","properties":{"n":"Jibei","f":-208,"t":-207,"w":"Q5349053"},"geometry":{"type":"Polygon","coordinates":[[[119.16,37.19],[120.75,37.9],[122.71,37.45],[122.5,36.87],[120.98,36.61],[118.58,34.74],[117.53,34.81],[117.31,35.19],[116.2,34.94],[115.31,35.58],[117.23,38.67],[119.46,37.96],[119.16,37.19]]]}},{"type":"Feature","properties":{"n":"Wei","f":-208,"t":-207,"w":"Q320930"},"geometry":{"type":"Polygon","coordinates":[[[115.08,35.39],[114.5,34.94],[113.48,35.26],[114.86,37.0],[116.12,36.87],[114.86,35.77],[115.08,35.39]]]}},{"type":"Feature","properties":{"n":"Minyue","f":-208,"t":-207,"w":"Q1936158"},"geometry":{"type":"Polygon","coordinates":[[[119.53,25.62],[119.87,25.49],[119.27,25.49],[118.76,24.59],[118.15,24.52],[116.54,22.91],[114.75,22.53],[114.45,24.01],[115.23,26.39],[114.95,26.77],[115.26,28.89],[115.8,30.12],[117.93,29.67],[119.14,26.13],[119.65,26.07],[119.53,25.62]]]}},{"type":"Feature","properties":{"n":"Kingdom of Armenia","f":-208,"t":-207,"w":"Q208404"},"geometry":{"type":"Polygon","coordinates":[[[47.48,38.61],[47.64,38.67],[47.71,38.61],[47.48,38.61]]]}},{"type":"Feature","properties":{"n":"Jiujiang","f":-206,"t":-204,"w":"Q5349053"},"geometry":{"type":"Polygon","coordinates":[[[117.79,29.92],[116.91,30.69],[115.63,30.5],[115.35,31.21],[116.02,32.62],[115.69,32.75],[116.43,33.07],[118.8,32.49],[118.58,32.11],[119.06,31.79],[118.92,31.4],[119.43,31.34],[119.17,30.63],[117.79,29.92]]]}},{"type":"Feature","properties":{"n":"Henan","f":-206,"t":-204,"w":"Q5349053"},"geometry":{"type":"Polygon","coordinates":[[[114.42,34.94],[114.54,34.49],[114.1,33.97],[112.99,35.19],[112.04,35.52],[114.03,36.35],[115.63,36.29],[115.13,35.32],[114.42,34.94]]]}},{"type":"Feature","properties":{"n":"Hán","f":-206,"t":-204,"w":"Q5349053"},"geometry":{"type":"Polygon","coordinates":[[[115.15,33.33],[115.28,32.69],[111.89,32.81],[110.52,33.84],[110.67,35.0],[112.04,35.52],[112.99,35.19],[114.1,33.59],[115.15,33.33]]]}},{"type":"Feature","properties":{"n":"Minyue","f":-206,"t":-204,"w":"Q1936158"},"geometry":{"type":"MultiPolygon","coordinates":[[[[121.65,29.47],[121.65,28.32],[121.12,28.32],[119.59,26.13],[119.53,25.62],[119.87,25.49],[119.27,25.49],[118.76,24.59],[118.15,24.52],[116.54,22.91],[114.75,22.53],[114.45,23.62],[114.72,25.23],[114.29,25.29],[114.41,26.13],[113.9,26.77],[114.2,27.87],[113.97,28.38],[114.87,29.34],[114.53,29.92],[116.91,30.69],[117.79,29.92],[118.89,30.05],[121.65,29.47]]],[[[122.02,29.67],[121.94,29.22],[121.71,29.22],[122.02,29.67]]]]}},{"type":"Feature","properties":{"n":"Wei","f":-206,"t":-204,"w":"Q320930"},"geometry":{"type":"Polygon","coordinates":[[[110.54,35.07],[111.02,36.22],[110.73,37.0],[111.05,37.71],[112.17,37.25],[113.69,37.84],[114.01,36.67],[113.6,36.1],[110.54,35.07]]]}},{"type":"Feature","properties":{"n":"Linjiang","f":-206,"t":-204,"w":"Q5349053"},"geometry":{"type":"Polygon","coordinates":[[[116.02,32.62],[115.35,31.21],[115.63,30.5],[114.53,29.92],[109.48,29.02],[109.37,29.67],[108.66,30.31],[108.86,31.14],[109.96,31.91],[109.76,33.07],[110.52,33.84],[111.89,32.81],[116.02,32.62]]]}},{"type":"Feature","properties":{"n":"Jibei","f":-206,"t":-204,"w":"Q5349053"},"geometry":{"type":"Polygon","coordinates":[[[119.11,37.25],[118.04,36.8],[115.47,36.29],[115.51,37.06],[116.13,37.71],[117.68,38.48],[119.31,37.84],[119.11,37.25]]]}},{"type":"Feature","properties":{"n":"Atropatene","f":-206,"t":-198,"w":"Q260437"},"geometry":{"type":"Polygon","coordinates":[[[50.82,36.74],[52.11,36.55],[49.08,35.13],[45.15,35.71],[45.22,37.77],[46.12,38.48],[47.25,38.67],[50.82,36.74]]]}},{"type":"Feature","properties":{"n":"Seleucid Empire","f":-206,"t":-204,"w":"Q705904"},"geometry":{"type":"MultiPolygon","coordinates":[[[[45.67,40.87],[45.52,40.48],[46.54,39.97],[47.05,39.77],[48.3,39.71],[48.93,39.26],[48.8,38.09],[47.25,38.67],[46.12,38.48],[45.22,37.77],[45.15,35.71],[46.03,35.39],[49.08,35.13],[53.09,36.8],[56.83,36.87],[58.45,36.42],[61.21,36.61],[61.3,35.58],[62.62,34.87],[64.19,34.61],[65.41,34.94],[66.53,34.42],[65.39,34.1],[64.69,32.94],[63.3,32.11],[60.24,28.25],[57.77,26.58],[57.38,25.74],[56.71,27.16],[54.68,26.45],[51.45,27.87],[50.06,30.18],[48.94,30.31],[48.09,29.54],[46.62,29.86],[46.59,30.31],[45.77,30.44],[43.15,32.81],[40.7,34.16],[39.12,34.49],[37.65,33.65],[37.39,34.1],[36.56,34.29],[36.27,35.19],[35.89,35.26],[36.14,36.93],[34.34,36.74],[34.22,37.13],[33.38,37.25],[31.99,36.61],[27.22,37.32],[27.28,38.03],[28.53,38.03],[29.21,38.67],[29.3,39.71],[26.13,39.51],[26.67,40.36],[28.16,40.23],[29.56,40.74],[30.59,39.97],[31.38,39.97],[31.42,38.87],[33.59,38.55],[33.67,37.84],[35.67,37.58],[36.35,38.03],[37.11,37.9],[38.81,38.93],[40.52,38.22],[40.48,39.58],[38.95,39.38],[38.79,39.9],[40.4,40.1],[40.75,40.36],[40.57,40.68],[41.01,40.94],[41.36,40.68],[41.53,41.26],[42.25,41.26],[42.56,41.65],[45.67,40.87]]],[[[26.25,38.93],[25.79,39.19],[26.51,39.32],[26.64,39.0],[26.25,38.93]]],[[[47.16,39.9],[47.14,39.84],[47.07,39.84],[47.16,39.9]]],[[[47.01,39.97],[47.0,39.9],[46.92,39.9],[47.01,39.97]]]]}},{"type":"Feature","properties":{"n":"Dai","f":-206,"t":-204,"w":"Q5349053"},"geometry":{"type":"Polygon","coordinates":[[[114.53,38.29],[113.92,37.32],[113.69,37.84],[113.0,37.71],[114.1,39.32],[112.01,39.71],[112.63,40.29],[114.8,40.36],[115.55,39.84],[116.22,39.9],[115.36,38.55],[114.53,38.29]]]}},{"type":"Feature","properties":{"n":"Xiongnu","f":-206,"t":-204,"w":"Q188836"},"geometry":{"type":"MultiPolygon","coordinates":[[[[101.76,53.94],[106.41,52.79],[103.57,51.58],[104.07,51.45],[105.74,51.65],[107.1,52.45],[109.44,51.71],[110.46,51.38],[115.82,50.98],[119.65,49.71],[121.1,50.18],[129.35,46.94],[129.89,46.68],[129.82,46.02],[125.51,41.33],[124.92,41.13],[122.93,41.91],[116.22,39.9],[115.55,39.84],[114.8,40.36],[112.98,40.36],[112.3,39.97],[109.39,40.29],[101.57,39.45],[99.51,39.97],[99.33,40.61],[97.01,40.55],[95.16,41.2],[93.91,43.47],[90.61,45.37],[90.96,46.74],[90.22,47.73],[87.98,48.52],[87.78,49.12],[87.12,49.12],[86.63,49.78],[85.19,49.58],[83.62,50.91],[85.31,52.72],[89.06,53.66],[101.76,53.94]]],[[[109.44,51.71],[109.57,51.78],[109.52,51.71],[109.44,51.71]]]]}},{"type":"Feature","properties":{"n":"Zhai","f":-206,"t":-204,"w":"Q7183"},"geometry":{"type":"Polygon","coordinates":[[[111.02,36.22],[110.54,35.64],[108.46,36.22],[109.59,37.58],[110.15,36.74],[110.83,36.67],[111.02,36.22]]]}},{"type":"Feature","properties":{"n":"Antigonid Macedonia","f":-206,"t":-204,"w":"Q237325"},"geometry":{"type":"MultiPolygon","coordinates":[[[[24.2,37.64],[24.36,37.71],[24.43,37.58],[24.2,37.64]]],[[[23.63,38.48],[23.56,38.74],[24.18,38.55],[23.63,38.48]]],[[[23.57,38.8],[23.56,38.74],[23.48,38.74],[23.57,38.8]]],[[[24.36,38.87],[24.36,39.0],[24.67,38.93],[24.36,38.87]]],[[[26.18,41.07],[28.29,41.59],[28.08,41.0],[27.18,40.74],[24.35,41.0],[23.7,40.81],[23.74,40.23],[22.65,40.61],[22.61,39.9],[23.14,39.45],[22.8,39.06],[23.34,39.0],[23.49,38.8],[22.79,38.87],[22.49,39.19],[21.54,39.0],[20.81,40.1],[19.81,40.68],[20.08,41.33],[19.32,42.17],[22.45,42.43],[23.67,41.52],[24.55,41.65],[24.76,41.26],[26.18,41.07]]],[[[25.33,37.0],[25.34,37.13],[25.57,37.13],[25.33,37.0]]],[[[24.99,37.71],[25.22,37.71],[25.29,37.51],[24.99,37.71]]],[[[24.77,38.03],[25.07,37.77],[24.83,37.71],[24.77,38.03]]],[[[24.97,39.84],[25.46,40.03],[25.45,39.84],[24.97,39.84]]],[[[25.72,40.29],[26.04,40.29],[26.02,40.16],[25.72,40.29]]],[[[25.24,41.26],[25.16,41.26],[25.17,41.33],[25.24,41.26]]]]}},{"type":"Feature","properties":{"n":"Chang-shan","f":-206,"t":-204,"w":"Q5349053"},"geometry":{"type":"Polygon","coordinates":[[[115.12,37.38],[113.94,37.19],[114.53,38.29],[116.09,39.06],[117.62,38.67],[115.51,37.06],[115.12,37.38]]]}},{"type":"Feature","properties":{"n":"(Eighteen Kingdoms)","f":-206,"t":-204,"w":"Q5349053"},"geometry":{"type":"MultiPolygon","coordinates":[[[[108.94,37.0],[111.0,38.61],[111.37,38.22],[111.05,37.71],[112.17,37.25],[113.0,37.71],[114.1,39.32],[112.01,39.71],[112.63,40.29],[114.8,40.36],[115.55,39.84],[116.22,39.9],[122.93,41.91],[124.84,41.13],[123.88,39.77],[121.42,38.74],[121.03,38.74],[121.69,39.38],[121.21,39.51],[122.23,40.48],[121.82,40.87],[121.11,40.87],[119.1,39.26],[117.89,39.19],[117.58,38.74],[118.07,38.16],[119.46,37.96],[119.16,37.19],[120.91,37.9],[122.71,37.45],[122.39,36.8],[120.98,36.61],[119.23,34.81],[120.34,34.36],[120.92,32.62],[121.96,31.98],[121.84,31.66],[120.89,31.79],[122.0,31.08],[120.68,30.18],[121.98,29.99],[121.57,29.47],[118.78,30.18],[117.79,29.92],[116.91,30.69],[114.53,29.92],[105.43,28.32],[103.9,28.51],[100.98,29.73],[100.6,30.5],[102.16,32.56],[102.41,34.16],[106.43,34.23],[107.66,35.0],[108.94,37.0]]],[[[122.05,30.18],[122.27,30.18],[122.28,29.99],[122.05,30.18]]]]}},{"type":"Feature","properties":{"n":"Nanyue","f":-206,"t":-203,"w":"Q827040"},"geometry":{"type":"MultiPolygon","coordinates":[[[[114.0,22.08],[113.6,22.72],[113.64,22.14],[110.42,21.18],[110.49,20.28],[109.88,20.21],[109.81,21.5],[108.65,21.69],[106.96,20.92],[105.97,19.83],[105.73,18.86],[107.03,17.26],[106.61,16.94],[105.14,18.41],[104.98,20.15],[104.44,20.47],[105.1,20.86],[104.86,22.14],[105.27,22.79],[107.15,24.07],[113.83,24.59],[114.53,24.39],[114.45,23.62],[114.9,22.91],[114.53,22.14],[114.0,22.08]]],[[[106.09,23.62],[106.17,23.62],[106.16,23.56],[106.09,23.62]]],[[[111.81,24.59],[111.89,24.59],[111.87,24.52],[111.81,24.59]]]]}},{"type":"Feature","properties":{"n":"Qi","f":-206,"t":-204,"w":"Q1143524"},"geometry":{"type":"Polygon","coordinates":[[[118.58,34.74],[116.2,34.94],[115.34,35.45],[115.68,36.22],[117.21,36.87],[118.04,36.8],[119.62,35.52],[118.58,34.74]]]}},{"type":"Feature","properties":{"n":"Sai","f":-206,"t":-204,"w":"Q5349053"},"geometry":{"type":"Polygon","coordinates":[[[110.15,36.74],[109.67,37.58],[111.0,38.61],[111.37,38.22],[110.81,37.0],[110.15,36.74]]]}},{"type":"Feature","properties":{"n":"Achaean League","f":-206,"t":-165,"w":"Q244796"},"geometry":{"type":"Polygon","coordinates":[[[21.62,37.51],[21.42,38.16],[21.74,38.42],[22.66,37.96],[23.22,38.16],[23.34,37.51],[21.62,37.51]]]}},{"type":"Feature","properties":{"n":"Liaodong","f":-206,"t":-204,"w":"Q5349053"},"geometry":{"type":"Polygon","coordinates":[[[123.88,39.77],[121.42,38.74],[121.03,38.74],[121.69,39.38],[121.21,39.51],[122.11,40.68],[121.11,40.87],[119.88,39.97],[119.26,40.55],[122.93,41.91],[124.84,41.13],[123.88,39.77]]]}},{"type":"Feature","properties":{"n":"Roman Republic","f":-206,"t":-204,"w":"Q175881"},"geometry":{"type":"MultiPolygon","coordinates":[[[[2.61,34.49],[2.61,34.42],[2.53,34.42],[2.61,34.49]]],[[[2.92,34.36],[2.45,34.61],[1.29,34.61],[-1.61,34.1],[-2.95,34.61],[-2.74,35.13],[-1.66,35.13],[-1.22,35.64],[0.39,35.97],[1.22,36.55],[5.26,36.48],[6.8,36.93],[7.2,36.22],[6.51,35.77],[6.23,34.61],[2.92,34.36]]],[[[14.66,36.74],[12.49,37.9],[15.86,38.29],[15.07,37.64],[15.21,37.19],[14.66,36.74]]],[[[0.7,40.94],[-0.2,39.97],[-0.31,39.13],[0.1,38.74],[-0.66,38.29],[-0.7,37.64],[-1.17,37.58],[-1.94,38.74],[0.11,41.52],[0.3,42.37],[2.87,42.11],[2.89,41.72],[0.7,40.94]]],[[[9.59,39.13],[8.34,39.0],[8.15,40.94],[9.5,41.2],[9.82,40.36],[9.59,39.13]]],[[[9.58,41.98],[9.1,41.33],[8.62,41.72],[8.53,42.5],[9.25,43.02],[9.58,41.98]]],[[[10.21,42.69],[10.13,42.89],[10.46,42.89],[10.21,42.69]]],[[[14.34,36.03],[14.57,35.97],[14.57,35.77],[14.34,36.03]]],[[[20.62,37.9],[20.93,37.9],[20.92,37.64],[20.62,37.9]]],[[[19.92,39.77],[19.91,39.58],[19.76,39.64],[19.92,39.77]]],[[[19.77,41.59],[19.56,40.55],[19.25,40.61],[19.77,41.59]]],[[[16.12,41.91],[15.94,41.39],[17.98,40.61],[18.35,39.9],[17.35,40.55],[15.67,39.9],[14.89,40.68],[11.26,42.43],[10.29,43.86],[12.47,44.12],[13.67,43.41],[14.77,42.04],[16.12,41.91]]],[[[17.2,43.08],[17.19,42.89],[16.79,42.89],[17.2,43.08]]]]}},{"type":"Feature","properties":{"n":"Carthage","f":-206,"t":-204,"w":"Q2429397"},"geometry":{"type":"MultiPolygon","coordinates":[[[[11.08,35.0],[10.0,34.29],[10.24,33.71],[12.23,32.81],[13.3,32.94],[15.06,32.43],[15.65,31.4],[17.85,30.95],[18.81,30.12],[15.57,31.14],[14.9,32.24],[12.0,32.62],[9.62,33.33],[8.77,34.23],[6.3,34.61],[6.29,35.32],[7.2,36.22],[6.96,36.87],[7.35,37.06],[8.52,36.87],[9.6,37.32],[10.23,37.25],[10.23,36.8],[11.01,37.0],[10.46,36.42],[11.08,35.0]],[[7.14,35.32],[7.14,35.19],[7.22,35.19],[7.14,35.32]]],[[[-2.81,34.94],[-4.74,34.94],[-5.63,35.52],[-6.59,33.84],[-7.79,33.46],[-6.61,34.16],[-5.88,35.77],[-5.34,35.84],[-4.75,35.19],[-2.99,35.45],[-2.81,34.94]]],[[[0.16,35.9],[0.45,36.22],[0.39,35.97],[0.16,35.9]]],[[[5.56,36.67],[6.73,36.93],[5.26,36.48],[1.92,36.48],[5.56,36.67]]],[[[-1.17,37.58],[-1.71,37.45],[-2.06,36.8],[-4.47,36.74],[-5.58,36.03],[-6.43,37.0],[-7.55,37.38],[-7.22,38.09],[-5.34,39.06],[-4.2,38.55],[-1.94,38.67],[-1.17,37.58]]],[[[1.27,38.8],[1.18,39.06],[1.65,39.13],[1.27,38.8]]],[[[15.74,39.9],[16.54,40.03],[16.45,39.64],[17.14,39.06],[15.85,37.96],[16.27,38.87],[15.74,39.9]]],[[[3.3,39.32],[2.35,39.45],[2.88,39.97],[3.52,39.77],[3.3,39.32]]],[[[4.22,40.1],[4.3,39.84],[3.83,39.9],[4.22,40.1]]]]}},{"type":"Feature","properties":{"n":"Han","f":-206,"t":-204,"w":"Q1968654"},"geometry":{"type":"Polygon","coordinates":[[[108.16,33.91],[109.0,34.29],[109.11,33.78],[110.29,33.65],[109.76,33.07],[109.96,31.91],[108.86,31.14],[108.66,30.31],[109.37,29.67],[109.46,28.96],[104.62,28.38],[100.98,29.73],[100.6,30.5],[102.16,32.56],[102.41,34.16],[108.16,33.91]]]}},{"type":"Feature","properties":{"n":"Western Chu","f":-206,"t":-204,"w":"Q1151705"},"geometry":{"type":"MultiPolygon","coordinates":[[[[122.27,30.18],[122.28,29.99],[121.98,29.99],[122.27,30.18]]],[[[119.23,34.81],[120.34,34.36],[120.92,32.62],[121.96,31.98],[121.84,31.66],[120.89,31.79],[122.0,31.08],[120.68,30.18],[121.48,30.31],[121.98,29.99],[121.74,29.54],[118.89,30.05],[119.43,31.34],[118.92,31.4],[119.06,31.79],[118.58,32.11],[118.8,32.49],[116.43,33.07],[115.28,32.69],[115.15,33.33],[114.03,33.78],[114.54,34.49],[114.42,34.94],[115.34,35.45],[117.12,34.74],[118.58,34.74],[119.47,35.19],[119.23,34.81]]]]}},{"type":"Feature","properties":{"n":"Yan","f":-206,"t":-204,"w":"Q1472004"},"geometry":{"type":"Polygon","coordinates":[[[117.07,38.67],[116.02,39.38],[116.22,39.9],[119.37,40.74],[119.8,39.97],[119.14,39.32],[117.07,38.67]]]}},{"type":"Feature","properties":{"n":"Jiaodong","f":-206,"t":-204,"w":"Q5349053"},"geometry":{"type":"Polygon","coordinates":[[[120.98,36.61],[119.7,35.52],[118.04,36.8],[120.91,37.9],[122.59,37.51],[122.39,36.8],[120.98,36.61]]]}},{"type":"Feature","properties":{"n":"Aetolian League","f":-206,"t":-203,"w":"Q245273"},"geometry":{"type":"Polygon","coordinates":[[[21.35,38.42],[20.53,39.32],[21.54,39.0],[22.49,39.19],[22.6,38.35],[21.35,38.42]]]}},{"type":"Feature","properties":{"n":"Yong","f":-206,"t":-204,"w":"Q5349053"},"geometry":{"type":"Polygon","coordinates":[[[110.29,33.65],[109.11,33.78],[109.0,34.29],[107.7,33.91],[106.94,34.36],[108.38,36.22],[110.54,35.64],[110.74,34.61],[110.29,33.65]]]}},{"type":"Feature","properties":{"n":"Yin","f":-206,"t":-204,"w":"Q5349053"},"geometry":{"type":"Polygon","coordinates":[[[114.01,37.19],[115.12,37.38],[115.51,37.06],[115.47,36.29],[113.74,36.22],[114.01,37.19]]]}},{"type":"Feature","properties":{"n":"Greek City-States","f":-206,"t":-203,"w":"Q148837"},"geometry":{"type":"MultiPolygon","coordinates":[[[[24.3,35.32],[26.23,35.19],[23.68,35.26],[23.62,35.52],[24.3,35.32]]],[[[23.12,36.35],[23.11,36.16],[22.87,36.16],[23.12,36.35]]],[[[21.74,36.87],[21.7,37.51],[22.85,37.25],[23.06,36.67],[21.74,36.87]]],[[[21.63,37.77],[21.24,37.84],[21.33,38.09],[21.63,37.77]]],[[[20.57,38.42],[20.79,38.09],[20.32,38.16],[20.57,38.42]]],[[[26.22,38.55],[26.11,38.16],[25.88,38.16],[26.22,38.55]]],[[[22.39,38.8],[22.56,39.06],[24.08,38.29],[23.98,37.84],[22.68,38.35],[22.77,38.67],[22.39,38.8]]],[[[21.29,38.8],[21.35,38.42],[20.74,38.8],[21.29,38.8]]],[[[24.81,40.81],[24.79,40.61],[24.55,40.55],[24.81,40.81]]],[[[27.19,42.63],[28.8,44.97],[28.48,43.47],[27.51,42.63],[27.92,41.91],[27.38,42.04],[27.19,42.63]],[[27.46,42.11],[27.46,42.04],[27.54,42.04],[27.46,42.11]]],[[[3.85,43.6],[2.98,43.15],[3.04,41.85],[2.7,42.37],[2.74,43.21],[3.45,43.67],[4.73,43.86],[6.6,43.28],[3.85,43.6]]],[[[27.69,36.29],[28.25,36.48],[28.14,36.03],[27.74,35.9],[27.69,36.29]]],[[[28.22,37.13],[27.6,37.13],[27.61,37.32],[28.24,37.38],[28.22,37.13]]],[[[28.16,40.23],[27.7,40.29],[27.79,40.48],[28.16,40.23]]],[[[40.58,40.74],[37.87,40.68],[36.51,41.13],[40.58,40.74]]],[[[29.37,41.2],[29.26,40.87],[28.08,41.07],[28.29,41.52],[29.37,41.2]]],[[[31.36,41.26],[31.69,41.39],[31.59,41.2],[31.36,41.26]]],[[[35.01,41.78],[34.79,41.98],[35.12,42.04],[35.01,41.78]]],[[[39.63,43.73],[41.41,42.89],[40.82,43.15],[39.63,43.73]]],[[[40.03,43.73],[39.95,43.73],[39.96,43.8],[40.03,43.73]]],[[[33.61,45.1],[33.23,45.3],[33.92,44.97],[35.18,45.3],[35.13,44.91],[33.93,44.45],[33.47,44.65],[33.61,45.1]]],[[[31.53,46.68],[30.88,46.68],[29.61,45.69],[30.46,46.61],[31.57,46.94],[31.53,46.68]]]]}},{"type":"Feature","properties":{"n":"Ptolemaic Kingdom","f":-203,"t":-198,"w":"Q2320005"},"geometry":{"type":"MultiPolygon","coordinates":[[[[36.42,31.21],[35.35,31.14],[34.61,30.44],[32.44,29.79],[35.15,24.65],[35.86,24.01],[35.55,23.81],[31.67,23.75],[30.46,23.36],[28.57,24.65],[28.15,27.35],[23.23,30.5],[20.58,30.89],[19.57,30.12],[18.73,29.99],[19.96,30.56],[20.02,32.24],[21.11,32.81],[21.88,32.94],[23.09,32.62],[23.3,32.17],[24.89,31.98],[25.25,31.46],[26.85,31.46],[28.87,30.82],[30.97,31.66],[31.88,31.46],[32.0,31.08],[33.98,31.14],[34.63,31.66],[35.64,34.36],[36.05,34.55],[35.89,35.26],[36.27,35.19],[36.56,34.29],[37.6,33.91],[36.42,31.21]]],[[[27.74,35.9],[27.69,36.29],[28.25,36.48],[27.74,35.9]]],[[[27.04,36.93],[27.12,36.93],[27.19,36.8],[26.87,36.67],[27.04,36.93]]],[[[27.21,37.13],[27.44,37.13],[27.35,36.93],[27.21,37.13]]],[[[26.08,37.71],[26.31,37.71],[26.3,37.58],[26.08,37.71]]],[[[26.62,37.64],[26.56,37.84],[27.03,37.84],[26.62,37.64]]],[[[34.09,35.0],[33.04,34.55],[32.23,34.94],[34.54,35.71],[34.09,35.0]]],[[[34.22,37.13],[33.98,36.29],[32.56,36.03],[32.06,36.55],[33.38,37.25],[34.22,37.13]]],[[[34.96,36.74],[35.03,36.74],[35.03,36.67],[34.96,36.74]]],[[[29.12,36.74],[28.03,36.67],[28.23,37.19],[29.36,36.8],[30.62,36.93],[30.49,36.35],[29.24,36.22],[29.12,36.74]]],[[[35.83,36.93],[35.49,36.61],[35.03,36.74],[35.83,36.93]]]]}},{"type":"Feature","properties":{"n":"Minyue","f":-203,"t":-203,"w":"Q1936158"},"geometry":{"type":"MultiPolygon","coordinates":[[[[120.68,30.18],[121.48,30.31],[122.03,29.92],[122.0,29.41],[121.71,29.22],[121.59,29.54],[121.65,28.32],[121.12,28.32],[119.59,26.13],[119.53,25.62],[119.87,25.49],[119.27,25.49],[118.76,24.59],[118.15,24.52],[116.54,22.91],[114.75,22.53],[114.45,23.62],[114.72,25.23],[114.29,25.29],[114.41,26.13],[113.9,26.77],[114.2,27.87],[113.9,28.12],[114.87,29.34],[114.65,30.05],[116.76,30.69],[117.94,29.92],[119.53,31.4],[121.3,30.63],[120.68,30.18]]],[[[122.28,29.99],[121.98,29.99],[122.05,30.18],[122.28,29.99]]]]}},{"type":"Feature","properties":{"n":"(Allegiance of Seleucid Empire to Roman Republic)","f":-203,"t":-203,"w":"Q705904"},"geometry":{"type":"MultiPolygon","coordinates":[[[[6.3,34.61],[6.36,35.52],[7.2,36.22],[7.27,36.8],[7.82,36.42],[7.99,35.07],[8.92,34.68],[8.93,34.16],[6.3,34.61]]],[[[14.34,36.03],[14.57,35.97],[14.57,35.77],[14.34,36.03]]],[[[14.66,36.74],[12.49,37.9],[15.86,38.29],[15.07,37.64],[15.21,37.19],[14.66,36.74]]],[[[0.7,40.94],[-0.35,39.71],[0.1,38.74],[-0.66,38.29],[-0.7,37.64],[-1.71,37.45],[-2.06,36.8],[-4.47,36.74],[-5.66,36.03],[-6.43,37.0],[-7.55,37.38],[-7.22,38.09],[-5.34,39.06],[-4.2,38.55],[-2.24,38.48],[-1.63,38.8],[-1.45,39.71],[-0.18,41.07],[0.3,42.37],[2.87,42.11],[2.89,41.72],[0.7,40.94]]],[[[9.59,39.13],[8.34,39.0],[8.15,40.94],[9.5,41.2],[9.82,40.36],[9.59,39.13]]],[[[19.47,41.85],[19.78,41.85],[20.08,41.33],[19.56,40.55],[19.25,40.61],[19.47,41.85]]],[[[9.58,41.98],[9.1,41.33],[8.62,41.72],[8.53,42.5],[9.25,43.02],[9.58,41.98]]],[[[10.46,42.89],[10.46,42.69],[10.21,42.69],[10.46,42.89]]],[[[17.19,42.89],[16.79,42.89],[16.8,43.02],[17.19,42.89]]],[[[13.67,43.41],[14.37,42.24],[16.12,41.91],[15.94,41.39],[17.98,40.61],[18.35,39.9],[17.35,40.55],[15.67,39.9],[14.89,40.68],[13.0,41.33],[10.54,43.08],[10.21,44.06],[10.62,44.71],[8.58,45.5],[11.51,45.5],[13.15,46.22],[13.39,45.82],[12.16,45.5],[12.31,44.19],[13.67,43.41]]],[[[45.52,40.48],[46.54,39.97],[47.05,39.77],[48.3,39.71],[48.93,39.26],[48.8,38.09],[47.25,38.67],[46.12,38.48],[45.22,37.77],[45.15,35.71],[46.03,35.39],[49.08,35.13],[53.09,36.8],[56.83,36.87],[58.45,36.42],[61.21,36.61],[61.3,35.58],[62.62,34.87],[64.19,34.61],[65.41,34.94],[66.53,34.42],[65.39,34.1],[64.69,32.94],[63.3,32.11],[60.24,28.25],[57.77,26.58],[57.38,25.74],[56.71,27.16],[54.68,26.45],[51.45,27.87],[50.06,30.18],[48.94,30.31],[48.09,29.54],[46.62,29.86],[46.59,30.31],[45.77,30.44],[43.15,32.81],[40.7,34.16],[39.12,34.49],[37.65,33.65],[37.39,34.1],[36.56,34.29],[36.27,35.19],[35.89,35.26],[36.14,36.93],[34.34,36.74],[34.22,37.13],[33.38,37.25],[31.99,36.61],[27.22,37.32],[27.28,38.03],[28.53,38.03],[29.21,38.67],[29.3,39.71],[26.13,39.51],[26.67,40.36],[29.35,40.23],[29.94,40.55],[30.59,39.97],[31.38,39.97],[31.42,38.87],[33.59,38.55],[33.67,37.84],[35.67,37.58],[36.35,38.03],[37.11,37.9],[38.81,38.93],[40.52,38.22],[40.48,39.58],[38.95,39.38],[38.79,39.9],[40.4,40.1],[40.75,40.36],[40.57,40.68],[41.01,40.94],[41.36,40.68],[41.53,41.26],[42.25,41.26],[42.56,41.65],[45.19,41.26],[45.67,40.87],[45.52,40.48]]],[[[20.62,37.9],[20.93,37.9],[20.92,37.64],[20.62,37.9]]],[[[26.1,39.13],[25.79,39.19],[26.51,39.32],[26.64,39.0],[26.1,39.13]]],[[[19.92,39.77],[19.91,39.58],[19.76,39.64],[19.92,39.77]]],[[[47.07,39.84],[47.08,39.9],[47.16,39.9],[47.07,39.84]]],[[[46.92,39.9],[46.93,39.97],[47.01,39.97],[46.92,39.9]]]]}},{"type":"Feature","properties":{"n":"Greco-Bactrian Kingdom","f":-203,"t":-171,"w":"Q488880"},"geometry":{"type":"MultiPolygon","coordinates":[[[[72.57,33.59],[72.65,33.59],[72.63,33.52],[72.57,33.59]]],[[[70.3,35.64],[70.28,35.58],[70.2,35.58],[70.3,35.64]]],[[[72.9,35.84],[72.88,35.77],[72.81,35.77],[72.9,35.84]]],[[[29.37,36.87],[29.45,36.87],[29.44,36.8],[29.37,36.87]]],[[[73.95,40.03],[73.49,38.55],[71.22,36.22],[70.51,35.9],[70.14,35.64],[70.09,35.45],[67.09,34.49],[65.41,34.94],[63.28,34.68],[61.3,35.58],[61.16,36.35],[61.47,36.74],[60.87,37.19],[60.37,38.42],[60.71,39.51],[64.02,40.1],[67.55,41.59],[70.93,42.43],[73.95,40.03]]]]}},{"type":"Feature","properties":{"n":"Yuezhi","f":-203,"t":-171,"w":"Q467985"},"geometry":{"type":"Polygon","coordinates":[[[80.38,44.84],[81.12,42.3],[85.79,42.76],[90.22,41.91],[93.47,40.61],[93.06,39.84],[86.44,38.35],[85.11,37.45],[81.26,36.61],[78.42,37.51],[77.03,38.8],[73.77,39.45],[73.95,40.03],[73.12,40.87],[76.28,42.17],[75.14,43.21],[75.2,43.6],[74.79,43.8],[75.0,44.12],[73.97,44.84],[74.32,45.96],[75.45,46.55],[77.39,46.48],[78.65,45.17],[80.38,44.84]]]}},{"type":"Feature","properties":{"n":"Seleucid Empire","f":-203,"t":-203,"w":"Q705904"},"geometry":{"type":"MultiPolygon","coordinates":[[[[45.67,40.87],[45.52,40.48],[46.54,39.97],[47.05,39.77],[48.3,39.71],[48.93,39.26],[48.8,38.09],[47.25,38.67],[46.12,38.48],[45.22,37.77],[45.15,35.71],[46.03,35.39],[49.08,35.13],[53.09,36.8],[56.83,36.87],[58.45,36.42],[61.21,36.61],[61.3,35.58],[62.62,34.87],[64.19,34.61],[65.41,34.94],[66.53,34.42],[65.39,34.1],[64.69,32.94],[63.3,32.11],[60.24,28.25],[57.77,26.58],[57.38,25.74],[56.71,27.16],[54.68,26.45],[51.45,27.87],[50.06,30.18],[48.94,30.31],[48.09,29.54],[46.62,29.86],[46.59,30.31],[45.77,30.44],[43.15,32.81],[40.7,34.16],[39.12,34.49],[37.65,33.65],[37.39,34.1],[36.56,34.29],[36.27,35.19],[35.89,35.26],[36.14,36.93],[34.34,36.74],[34.22,37.13],[33.38,37.25],[31.99,36.61],[27.22,37.32],[27.28,38.03],[28.53,38.03],[29.21,38.67],[29.3,39.71],[26.13,39.51],[26.67,40.36],[29.35,40.23],[29.94,40.55],[30.59,39.97],[31.38,39.97],[31.42,38.87],[33.59,38.55],[33.67,37.84],[35.67,37.58],[36.35,38.03],[37.11,37.9],[38.81,38.93],[40.52,38.22],[40.48,39.58],[38.95,39.38],[38.79,39.9],[40.4,40.1],[40.75,40.36],[40.57,40.68],[41.01,40.94],[41.36,40.68],[41.53,41.26],[42.25,41.26],[42.56,41.65],[45.67,40.87]]],[[[26.25,38.93],[25.79,39.19],[26.51,39.32],[26.64,39.0],[26.25,38.93]]],[[[47.16,39.9],[47.14,39.84],[47.07,39.84],[47.16,39.9]]],[[[47.01,39.97],[47.0,39.9],[46.92,39.9],[47.01,39.97]]]]}},{"type":"Feature","properties":{"n":"Antigonid Macedonia","f":-203,"t":-203,"w":"Q237325"},"geometry":{"type":"MultiPolygon","coordinates":[[[[24.2,37.64],[24.36,37.71],[24.43,37.58],[24.2,37.64]]],[[[24.77,38.03],[25.07,37.77],[24.83,37.71],[24.77,38.03]]],[[[23.63,38.48],[23.56,38.74],[24.18,38.55],[23.63,38.48]]],[[[23.57,38.8],[23.56,38.74],[23.48,38.74],[23.57,38.8]]],[[[24.67,38.93],[24.66,38.74],[24.36,38.87],[24.67,38.93]]],[[[26.18,41.07],[28.29,41.59],[28.08,41.0],[27.53,41.07],[26.84,40.48],[24.35,41.0],[23.7,40.81],[23.74,40.23],[22.65,40.61],[22.61,39.9],[23.14,39.45],[22.8,39.06],[23.34,39.0],[23.49,38.8],[22.79,38.87],[22.49,39.19],[21.54,39.0],[20.81,40.1],[19.81,40.74],[20.08,41.33],[19.32,42.17],[22.45,42.43],[23.67,41.52],[24.55,41.65],[24.76,41.26],[26.18,41.07]]],[[[24.49,40.81],[24.81,40.81],[24.79,40.61],[24.49,40.81]]],[[[25.34,37.13],[25.57,37.13],[25.56,37.0],[25.34,37.13]]],[[[24.99,37.71],[25.22,37.71],[25.29,37.51],[24.99,37.71]]],[[[25.07,40.03],[25.46,40.03],[25.45,39.84],[25.07,40.03]]],[[[25.72,40.29],[26.04,40.29],[26.02,40.16],[25.72,40.29]]],[[[26.26,40.1],[26.36,40.36],[26.67,40.36],[26.26,40.1]]],[[[28.16,40.23],[27.7,40.29],[27.79,40.48],[28.16,40.23]]],[[[25.24,41.26],[25.16,41.26],[25.17,41.33],[25.24,41.26]]]]}},{"type":"Feature","properties":{"n":"Xiongnu","f":-203,"t":-198,"w":"Q188836"},"geometry":{"type":"MultiPolygon","coordinates":[[[[101.76,53.94],[106.41,52.79],[103.57,51.58],[104.07,51.45],[105.74,51.65],[107.1,52.45],[109.44,51.71],[110.46,51.38],[115.82,50.98],[119.65,49.71],[121.1,50.18],[129.35,46.94],[129.89,46.68],[129.82,46.02],[125.51,41.33],[124.84,41.13],[122.93,41.91],[116.1,39.84],[114.8,40.36],[112.63,40.29],[111.49,38.8],[110.13,38.09],[108.3,36.03],[105.26,35.19],[105.95,35.77],[106.03,36.35],[102.61,37.13],[102.1,37.77],[101.76,37.51],[100.8,38.03],[100.41,38.61],[99.86,38.42],[99.12,39.26],[97.96,38.93],[96.76,39.45],[96.41,38.61],[95.32,39.38],[93.19,39.38],[93.44,40.55],[94.79,41.78],[93.91,43.47],[90.81,45.1],[90.54,45.56],[90.96,46.74],[90.22,47.73],[87.98,48.52],[87.78,49.12],[87.12,49.12],[86.63,49.78],[85.19,49.58],[83.62,50.91],[85.31,52.72],[89.06,53.66],[101.76,53.94]]],[[[109.44,51.71],[109.57,51.78],[109.52,51.71],[109.44,51.71]]]]}},{"type":"Feature","properties":{"n":"Carthage","f":-203,"t":-203,"w":"Q2429397"},"geometry":{"type":"MultiPolygon","coordinates":[[[[11.08,35.0],[10.0,34.29],[10.24,33.71],[12.23,32.81],[13.3,32.94],[15.06,32.43],[15.65,31.4],[17.85,30.95],[18.81,30.12],[15.57,31.14],[14.9,32.24],[9.62,33.33],[8.93,34.1],[8.92,34.68],[7.99,35.07],[7.82,36.42],[7.27,36.8],[7.2,36.22],[6.36,35.52],[6.3,34.61],[2.92,34.36],[2.45,34.61],[1.29,34.61],[-1.61,34.1],[-2.85,34.36],[-2.89,34.94],[-4.74,34.94],[-5.63,35.52],[-6.59,33.84],[-7.79,33.46],[-6.61,34.16],[-5.88,35.77],[-5.34,35.84],[-4.75,35.19],[-2.84,35.45],[-2.66,35.07],[-1.89,35.07],[0.68,36.42],[3.46,36.87],[5.56,36.67],[6.33,37.06],[8.52,36.87],[10.23,37.25],[10.23,36.8],[11.01,37.0],[10.46,35.9],[11.08,35.58],[11.08,35.0]]],[[[2.61,34.49],[2.61,34.42],[2.53,34.42],[2.61,34.49]]],[[[1.27,38.8],[1.18,39.06],[1.65,39.13],[1.27,38.8]]],[[[15.74,39.9],[16.38,40.1],[17.14,39.06],[15.85,37.96],[16.27,38.8],[15.74,39.9]]],[[[3.52,39.77],[3.3,39.32],[2.35,39.45],[2.88,39.97],[3.52,39.77]]],[[[3.83,39.9],[3.74,40.1],[4.22,40.1],[4.3,39.84],[3.83,39.9]]]]}},{"type":"Feature","properties":{"n":"Roman Republic","f":-203,"t":-203,"w":"Q175881"},"geometry":{"type":"MultiPolygon","coordinates":[[[[8.93,34.16],[6.3,34.61],[6.36,35.52],[7.2,36.22],[7.27,36.8],[7.82,36.42],[7.99,35.07],[8.92,34.68],[8.93,34.16]]],[[[0.7,40.94],[-0.35,39.71],[0.1,38.74],[-0.66,38.29],[-0.7,37.64],[-1.71,37.45],[-2.06,36.8],[-4.47,36.74],[-5.66,36.03],[-6.43,37.0],[-7.55,37.38],[-7.22,38.09],[-5.34,39.06],[-4.2,38.55],[-2.24,38.48],[-1.63,38.8],[-1.45,39.71],[-0.18,41.07],[0.3,42.37],[2.87,42.11],[2.89,41.72],[0.7,40.94]]],[[[9.59,39.13],[8.34,39.0],[8.15,40.94],[9.5,41.2],[9.82,40.36],[9.59,39.13]]],[[[9.58,41.98],[9.1,41.33],[8.62,41.72],[8.53,42.5],[9.25,43.02],[9.58,41.98]]],[[[10.13,42.89],[10.46,42.89],[10.46,42.69],[10.13,42.89]]],[[[13.67,43.41],[14.37,42.24],[16.12,41.91],[15.94,41.39],[17.98,40.61],[18.35,39.9],[17.35,40.55],[15.67,39.9],[14.89,40.68],[13.0,41.33],[10.54,43.08],[10.21,44.06],[10.62,44.71],[8.58,45.5],[11.51,45.5],[13.15,46.22],[13.39,45.82],[12.16,45.5],[12.31,44.19],[13.67,43.41]]],[[[14.34,35.84],[14.34,36.03],[14.57,35.97],[14.34,35.84]]],[[[14.66,36.74],[12.49,37.9],[15.86,38.29],[15.07,37.64],[15.21,37.19],[14.66,36.74]]],[[[20.62,37.9],[20.93,37.9],[20.92,37.64],[20.62,37.9]]],[[[19.76,39.77],[19.92,39.77],[19.91,39.58],[19.76,39.77]]],[[[19.47,41.85],[19.78,41.85],[20.08,41.33],[19.56,40.55],[19.25,40.61],[19.47,41.85]]],[[[17.2,43.08],[17.19,42.89],[16.79,42.89],[17.2,43.08]]]]}},{"type":"Feature","properties":{"n":"Western Chu","f":-203,"t":-203,"w":"Q1151705"},"geometry":{"type":"Polygon","coordinates":[[[120.34,34.36],[120.92,32.62],[121.96,31.98],[121.84,31.66],[120.92,31.85],[121.63,31.53],[121.9,30.82],[121.32,30.69],[119.53,31.4],[117.94,29.92],[116.76,30.69],[114.09,29.73],[113.08,30.37],[111.78,30.56],[111.24,31.21],[111.61,32.04],[112.65,32.81],[114.54,32.94],[115.51,34.23],[117.0,35.19],[120.34,34.36]]]}},{"type":"Feature","properties":{"n":"Han","f":-203,"t":-203,"w":"Q1968654"},"geometry":{"type":"Polygon","coordinates":[[[123.88,39.77],[121.42,38.74],[121.03,38.74],[121.69,39.38],[121.21,39.51],[122.23,40.48],[121.82,40.87],[121.11,40.87],[118.99,39.19],[117.78,39.13],[117.77,38.35],[119.46,37.96],[119.16,37.19],[120.75,37.9],[122.71,37.45],[122.57,37.0],[120.98,36.61],[119.62,35.52],[119.28,34.74],[117.53,34.81],[117.0,35.19],[115.51,34.23],[114.54,32.94],[112.65,32.81],[111.2,31.53],[111.84,30.76],[110.56,29.34],[104.62,28.38],[101.16,29.54],[100.6,30.5],[102.16,32.56],[102.41,34.16],[108.3,36.03],[110.13,38.09],[111.49,38.8],[112.63,40.29],[114.8,40.36],[116.1,39.84],[122.93,41.91],[124.8,41.07],[123.88,39.77]]]}},{"type":"Feature","properties":{"n":"Kingdom of Bithynia","f":-203,"t":-127,"w":"Q3762571"},"geometry":{"type":"Polygon","coordinates":[[[29.94,40.55],[28.73,40.36],[29.48,40.74],[29.37,41.2],[31.18,41.07],[32.12,41.65],[32.3,40.48],[30.59,39.97],[29.94,40.55]]]}},{"type":"Feature","properties":{"n":"Roman Republic","f":-202,"t":-198,"w":"Q175881"},"geometry":{"type":"MultiPolygon","coordinates":[[[[2.61,34.49],[2.61,34.42],[2.53,34.42],[2.61,34.49]]],[[[8.93,34.16],[5.38,34.68],[3.15,34.36],[2.45,34.61],[1.29,34.61],[-1.61,34.1],[-2.95,34.61],[-2.74,35.13],[-1.66,35.13],[-1.22,35.64],[0.39,35.97],[0.68,36.42],[5.26,36.48],[6.73,36.93],[7.66,36.61],[7.99,35.07],[8.77,34.81],[8.93,34.16]]],[[[10.23,37.25],[10.31,36.48],[9.53,36.8],[9.45,37.25],[10.23,37.25]]],[[[0.7,40.94],[-0.35,39.71],[0.1,38.74],[-0.66,38.29],[-0.7,37.64],[-1.71,37.45],[-2.06,36.8],[-4.47,36.74],[-5.66,36.03],[-6.43,37.0],[-7.55,37.38],[-7.22,38.09],[-5.34,39.06],[-4.2,38.55],[-2.24,38.48],[-1.63,38.8],[-1.45,39.71],[-0.18,41.07],[0.3,42.37],[2.87,42.11],[2.89,41.72],[0.7,40.94]]],[[[9.59,39.13],[8.34,39.0],[8.15,40.94],[9.5,41.2],[9.82,40.36],[9.59,39.13]]],[[[9.58,41.98],[9.1,41.33],[8.62,41.72],[8.53,42.5],[9.25,43.02],[9.58,41.98]]],[[[14.34,35.84],[14.34,36.03],[14.57,35.97],[14.34,35.84]]],[[[19.92,39.77],[19.91,39.58],[19.76,39.64],[19.92,39.77]]],[[[19.47,41.85],[19.78,41.85],[20.08,41.33],[19.56,40.55],[19.25,40.61],[19.47,41.85]]],[[[13.67,43.41],[14.37,42.24],[16.12,41.91],[15.94,41.39],[18.44,40.16],[18.11,39.9],[17.35,40.55],[16.62,40.29],[16.45,39.64],[17.14,39.06],[15.93,37.96],[15.39,38.16],[15.05,36.74],[12.49,37.9],[15.86,38.29],[16.27,38.93],[15.75,40.03],[11.26,42.43],[10.21,43.86],[10.62,44.71],[8.58,45.5],[11.51,45.5],[13.15,46.22],[13.39,45.82],[12.16,45.5],[12.15,44.45],[13.67,43.41]]],[[[10.13,42.89],[10.46,42.89],[10.46,42.69],[10.13,42.89]]],[[[17.2,43.08],[17.19,42.89],[16.79,42.89],[17.2,43.08]]]]}},{"type":"Feature","properties":{"n":"Carthage","f":-202,"t":-198,"w":"Q2429397"},"geometry":{"type":"MultiPolygon","coordinates":[[[[11.01,37.0],[10.46,35.9],[11.08,35.58],[11.08,35.0],[10.0,34.29],[10.24,33.71],[12.23,32.81],[13.3,32.94],[15.06,32.43],[15.65,31.4],[17.85,30.95],[18.81,30.12],[15.57,31.14],[14.9,32.24],[9.62,33.33],[8.93,34.1],[8.92,34.68],[7.99,35.07],[7.82,36.42],[6.96,36.87],[9.45,37.25],[10.07,36.48],[10.38,36.67],[10.07,36.93],[11.01,37.0]]],[[[-2.81,34.94],[-4.74,34.94],[-5.63,35.52],[-6.59,33.84],[-7.79,33.46],[-6.61,34.16],[-5.88,35.77],[-5.34,35.84],[-4.75,35.19],[-2.99,35.45],[-2.81,34.94]]],[[[0.16,35.9],[0.45,36.22],[0.39,35.97],[0.16,35.9]]],[[[5.56,36.67],[6.73,36.93],[5.26,36.48],[1.92,36.48],[5.56,36.67]]],[[[1.27,38.8],[1.18,39.06],[1.65,39.13],[1.27,38.8]]],[[[3.52,39.77],[3.3,39.32],[2.35,39.45],[2.88,39.97],[3.52,39.77]]],[[[3.83,39.9],[3.74,40.1],[4.22,40.1],[4.3,39.84],[3.83,39.9]]]]}},{"type":"Feature","properties":{"n":"Aetolian League","f":-202,"t":-198,"w":"Q245273"},"geometry":{"type":"Polygon","coordinates":[[[21.35,38.42],[20.53,39.32],[21.54,39.0],[22.49,39.19],[22.37,38.42],[21.35,38.42]]]}},{"type":"Feature","properties":{"n":"Han Dynasty","f":-202,"t":-198,"w":"Q1068371"},"geometry":{"type":"MultiPolygon","coordinates":[[[[122.27,30.18],[122.28,29.99],[121.98,29.99],[122.27,30.18]]],[[[123.88,39.77],[121.42,38.74],[121.03,38.74],[121.69,39.38],[121.21,39.51],[122.23,40.48],[121.82,40.87],[121.11,40.87],[119.22,39.32],[117.89,39.19],[117.58,38.74],[118.07,38.16],[119.46,37.96],[119.16,37.19],[120.75,37.9],[122.71,37.45],[122.39,36.8],[120.98,36.61],[119.23,34.81],[120.34,34.36],[120.92,32.62],[121.99,31.85],[120.92,31.85],[122.0,31.08],[120.68,30.18],[121.48,30.31],[122.03,29.92],[121.94,29.22],[121.74,29.54],[121.57,29.47],[121.65,28.32],[121.12,28.32],[119.57,26.07],[119.14,26.13],[118.04,29.54],[115.98,30.18],[115.26,28.89],[114.95,26.77],[115.23,26.39],[114.53,24.39],[111.02,24.39],[111.97,26.84],[111.73,28.44],[110.44,28.96],[108.27,29.02],[104.62,28.38],[101.61,29.28],[100.67,30.24],[100.85,31.08],[102.16,32.56],[102.41,34.16],[108.3,36.03],[110.13,38.09],[111.49,38.8],[112.63,40.29],[114.8,40.36],[116.1,39.84],[122.93,41.91],[124.8,41.07],[123.88,39.77]]]]}},{"type":"Feature","properties":{"n":"Greek City-States","f":-202,"t":-198,"w":"Q148837"},"geometry":{"type":"MultiPolygon","coordinates":[[[[24.3,35.32],[26.23,35.19],[23.68,35.26],[23.62,35.52],[24.3,35.32]]],[[[22.89,36.42],[23.12,36.35],[23.11,36.16],[22.89,36.42]]],[[[21.74,36.87],[21.7,37.51],[22.4,37.51],[23.06,36.67],[21.74,36.87]]],[[[21.24,37.84],[21.33,38.09],[21.64,37.9],[21.24,37.84]]],[[[20.57,38.42],[20.79,38.09],[20.32,38.16],[20.57,38.42]]],[[[25.82,38.48],[25.99,38.67],[26.22,38.55],[25.88,38.16],[25.82,38.48]]],[[[22.45,38.42],[22.56,39.06],[24.08,38.29],[23.98,37.84],[22.45,38.42]]],[[[21.29,38.8],[21.35,38.42],[20.74,38.8],[21.29,38.8]]],[[[27.38,42.04],[27.33,42.37],[27.17,42.43],[27.19,42.63],[28.8,44.97],[28.48,43.47],[27.51,42.63],[27.92,41.91],[27.38,42.04]],[[27.46,42.11],[27.46,42.04],[27.54,42.04],[27.46,42.11]]],[[[3.85,43.6],[2.98,43.15],[3.04,41.85],[2.7,42.37],[2.74,43.21],[3.45,43.67],[4.73,43.86],[6.59,43.41],[3.85,43.6]]],[[[28.24,37.38],[28.3,37.19],[27.6,37.13],[28.24,37.38]]],[[[40.58,40.74],[37.87,40.68],[36.51,41.13],[40.58,40.74]]],[[[29.37,41.2],[29.26,40.87],[28.08,41.07],[28.29,41.52],[29.37,41.2]]],[[[31.36,41.26],[31.69,41.39],[31.59,41.2],[31.36,41.26]]],[[[35.01,41.78],[34.79,41.98],[35.12,42.04],[35.01,41.78]]],[[[39.63,43.73],[41.41,42.89],[40.82,43.15],[39.63,43.73]]],[[[40.03,43.73],[39.95,43.73],[39.96,43.8],[40.03,43.73]]],[[[33.61,45.1],[33.23,45.3],[33.92,44.97],[35.18,45.3],[35.13,44.91],[33.93,44.45],[33.47,44.65],[33.61,45.1]]],[[[31.53,46.68],[30.88,46.68],[29.61,45.69],[30.46,46.61],[31.57,46.94],[31.53,46.68]]]]}},{"type":"Feature","properties":{"n":"(Allegiance of Seleucid Empire to Roman Republic)","f":-202,"t":-198,"w":"Q705904"},"geometry":{"type":"MultiPolygon","coordinates":[[[[2.61,34.42],[2.53,34.42],[2.53,34.49],[2.61,34.42]]],[[[8.93,34.16],[5.38,34.68],[3.15,34.36],[2.45,34.61],[1.29,34.61],[-1.61,34.1],[-2.95,34.61],[-2.74,35.13],[-1.66,35.13],[-1.22,35.64],[0.39,35.97],[0.68,36.42],[5.26,36.48],[6.73,36.93],[7.66,36.61],[7.99,35.07],[8.77,34.81],[8.93,34.16]]],[[[14.34,36.03],[14.57,35.97],[14.57,35.77],[14.34,36.03]]],[[[10.23,37.25],[10.31,36.48],[9.53,36.8],[9.53,37.25],[10.23,37.25]]],[[[-0.35,39.71],[0.1,38.74],[-0.66,38.29],[-0.7,37.64],[-1.71,37.45],[-2.06,36.8],[-4.47,36.74],[-5.66,36.03],[-6.43,37.0],[-7.55,37.38],[-7.22,38.09],[-5.34,39.06],[-4.2,38.55],[-2.24,38.48],[-1.63,38.8],[-1.45,39.71],[-0.18,41.07],[0.3,42.37],[2.95,41.98],[1.24,41.2],[-0.35,39.71]]],[[[9.59,39.13],[8.34,39.0],[8.15,40.94],[9.5,41.2],[9.82,40.36],[9.59,39.13]]],[[[13.67,43.41],[14.37,42.24],[16.12,41.91],[15.94,41.39],[18.44,40.16],[18.11,39.9],[17.35,40.55],[16.62,40.29],[16.45,39.64],[17.14,39.06],[15.93,37.96],[15.39,38.16],[15.05,36.74],[12.49,37.9],[15.86,38.29],[16.27,38.93],[15.75,40.03],[11.26,42.43],[10.21,43.86],[10.62,44.71],[8.58,45.5],[11.51,45.5],[13.15,46.22],[13.39,45.82],[12.16,45.5],[12.31,44.19],[13.67,43.41]]],[[[9.58,41.98],[9.1,41.33],[8.62,41.72],[8.53,42.5],[9.25,43.02],[9.58,41.98]]],[[[10.46,42.89],[10.46,42.69],[10.21,42.69],[10.46,42.89]]],[[[17.19,42.89],[16.79,42.89],[16.8,43.02],[17.19,42.89]]],[[[45.52,40.48],[46.54,39.97],[47.05,39.77],[48.3,39.71],[48.93,39.26],[48.8,38.09],[47.25,38.67],[46.12,38.48],[45.22,37.77],[45.15,35.71],[46.03,35.39],[49.08,35.13],[53.09,36.8],[56.83,36.87],[58.45,36.42],[61.21,36.61],[61.3,35.58],[62.62,34.87],[64.19,34.61],[65.41,34.94],[66.53,34.42],[65.39,34.1],[64.69,32.94],[63.3,32.11],[60.24,28.25],[57.77,26.58],[57.38,25.74],[56.71,27.16],[54.68,26.45],[51.45,27.87],[50.06,30.18],[48.94,30.31],[48.09,29.54],[46.62,29.86],[46.59,30.31],[45.77,30.44],[43.15,32.81],[40.7,34.16],[39.12,34.49],[37.65,33.65],[37.39,34.1],[36.56,34.29],[36.27,35.19],[35.89,35.26],[36.14,36.93],[34.34,36.74],[34.22,37.13],[33.38,37.25],[31.99,36.61],[27.22,37.32],[27.28,38.03],[28.53,38.03],[29.21,38.67],[29.3,39.71],[26.13,39.51],[26.67,40.36],[29.35,40.23],[29.94,40.55],[30.59,39.97],[31.38,39.97],[31.42,38.87],[33.59,38.55],[33.67,37.84],[35.67,37.58],[36.35,38.03],[37.11,37.9],[38.81,38.93],[40.52,38.22],[40.48,39.58],[38.95,39.38],[38.79,39.9],[40.4,40.1],[40.75,40.36],[40.57,40.68],[41.01,40.94],[41.36,40.68],[41.53,41.26],[42.25,41.26],[42.56,41.65],[45.12,41.33],[45.67,40.87],[45.52,40.48]]],[[[26.1,39.13],[25.79,39.19],[26.51,39.32],[26.64,39.0],[26.1,39.13]]],[[[19.92,39.77],[19.91,39.58],[19.76,39.64],[19.92,39.77]]],[[[47.14,39.84],[47.07,39.84],[47.08,39.9],[47.14,39.84]]],[[[46.92,39.9],[46.93,39.97],[47.01,39.97],[46.92,39.9]]],[[[19.47,41.85],[19.78,41.85],[20.08,41.33],[19.56,40.55],[19.25,40.61],[19.47,41.85]]]]}},{"type":"Feature","properties":{"n":"Minyue","f":-202,"t":-171,"w":"Q1936158"},"geometry":{"type":"Polygon","coordinates":[[[119.62,25.36],[119.27,25.49],[118.76,24.59],[118.15,24.52],[116.54,22.91],[114.75,22.53],[114.45,24.01],[115.23,26.39],[114.95,26.77],[115.26,28.89],[115.8,30.12],[118.04,29.54],[119.14,26.13],[119.65,26.07],[119.62,25.36]]]}},{"type":"Feature","properties":{"n":"Seleucid Empire","f":-202,"t":-198,"w":"Q705904"},"geometry":{"type":"MultiPolygon","coordinates":[[[[45.52,40.48],[47.05,39.77],[48.67,39.58],[48.93,39.26],[48.8,38.09],[47.25,38.67],[46.12,38.48],[45.22,37.77],[45.15,35.71],[46.03,35.39],[49.08,35.13],[53.09,36.8],[56.83,36.87],[58.45,36.42],[61.21,36.61],[61.3,35.58],[62.62,34.87],[64.19,34.61],[65.41,34.94],[66.53,34.42],[65.39,34.1],[64.69,32.94],[63.3,32.11],[60.24,28.25],[57.77,26.58],[57.38,25.74],[56.71,27.16],[54.68,26.45],[51.45,27.87],[50.06,30.18],[48.94,30.31],[48.09,29.54],[46.62,29.86],[46.59,30.31],[45.77,30.44],[43.15,32.81],[40.7,34.16],[39.12,34.49],[37.65,33.65],[37.39,34.1],[36.56,34.29],[36.27,35.19],[35.89,35.26],[36.14,36.93],[34.34,36.74],[34.22,37.13],[33.38,37.25],[31.99,36.61],[27.22,37.32],[27.28,38.03],[28.53,38.03],[29.21,38.67],[29.3,39.71],[26.13,39.51],[26.67,40.36],[29.35,40.23],[29.94,40.55],[30.59,39.97],[31.38,39.97],[31.42,38.87],[33.59,38.55],[33.67,37.84],[35.67,37.58],[36.35,38.03],[37.11,37.9],[38.81,38.93],[40.52,38.22],[40.48,39.58],[38.95,39.38],[38.79,39.9],[40.4,40.1],[40.75,40.36],[40.57,40.68],[41.01,40.94],[41.36,40.68],[41.53,41.26],[42.25,41.26],[42.56,41.65],[45.47,41.07],[45.52,40.48]]],[[[26.25,38.93],[25.79,39.19],[26.51,39.32],[26.64,39.0],[26.25,38.93]]],[[[47.16,39.9],[47.14,39.84],[47.07,39.84],[47.16,39.9]]],[[[47.01,39.97],[47.0,39.9],[46.92,39.9],[47.01,39.97]]]]}},{"type":"Feature","properties":{"n":"Antigonid Macedonia","f":-202,"t":-198,"w":"Q237325"},"geometry":{"type":"MultiPolygon","coordinates":[[[[24.36,37.71],[24.43,37.58],[24.27,37.51],[24.36,37.71]]],[[[20.62,37.9],[20.93,37.9],[20.92,37.64],[20.62,37.9]]],[[[24.77,38.03],[25.07,37.77],[24.83,37.71],[24.77,38.03]]],[[[23.63,38.48],[23.56,38.74],[24.18,38.55],[23.63,38.48]]],[[[23.57,38.8],[23.56,38.74],[23.48,38.74],[23.57,38.8]]],[[[24.67,38.93],[24.66,38.74],[24.36,38.87],[24.67,38.93]]],[[[26.18,41.07],[28.29,41.59],[28.08,41.0],[27.53,41.07],[26.84,40.48],[24.35,41.0],[23.7,40.81],[23.74,40.23],[22.65,40.61],[22.61,39.9],[23.14,39.45],[22.8,39.06],[23.34,39.0],[23.49,38.8],[22.79,38.87],[22.49,39.19],[21.54,39.0],[20.81,40.1],[19.81,40.74],[20.08,41.33],[19.32,42.17],[22.45,42.43],[23.67,41.52],[24.55,41.65],[24.76,41.26],[26.18,41.07]]],[[[24.81,40.81],[24.79,40.61],[24.55,40.55],[24.81,40.81]]],[[[25.34,37.13],[25.57,37.13],[25.56,37.0],[25.34,37.13]]],[[[24.99,37.71],[25.22,37.71],[25.29,37.51],[24.99,37.71]]],[[[26.08,37.71],[26.31,37.71],[26.3,37.58],[26.08,37.71]]],[[[26.56,37.84],[27.03,37.84],[27.01,37.64],[26.56,37.84]]],[[[25.07,40.03],[25.46,40.03],[25.45,39.84],[25.07,40.03]]],[[[25.72,40.29],[26.04,40.29],[26.02,40.16],[25.72,40.29]]],[[[26.26,40.1],[26.36,40.36],[26.67,40.36],[26.26,40.1]]],[[[28.18,40.42],[28.17,40.29],[27.7,40.29],[28.18,40.42]]],[[[25.16,41.26],[25.17,41.33],[25.25,41.33],[25.16,41.26]]]]}},{"type":"Feature","properties":{"n":"Nanyue","f":-202,"t":-171,"w":"Q827040"},"geometry":{"type":"MultiPolygon","coordinates":[[[[114.9,22.91],[114.53,22.14],[114.0,22.08],[113.6,22.72],[113.64,22.14],[110.42,21.18],[110.49,20.28],[109.88,20.21],[109.81,21.5],[108.65,21.69],[106.96,20.92],[105.97,19.83],[105.73,18.86],[107.03,17.26],[106.61,16.94],[105.14,18.41],[104.98,20.15],[104.44,20.47],[105.1,20.86],[104.98,22.4],[106.16,23.56],[107.15,24.07],[112.11,24.59],[113.83,24.59],[114.53,24.39],[114.9,22.91]]],[[[106.08,23.56],[106.09,23.62],[106.17,23.62],[106.08,23.56]]]]}}]}