{"type":"FeatureCollection","act":{"from":1550,"to":1600,"years_inclusive":[1550,1599]},"attribution":{"source":"Cliopatria v0.2.0 (Seshat Global History Databank)","release":"GitHub tag v0.2.0 — https://github.com/Seshat-Global-History-Databank/cliopatria/releases/tag/v0.2.0","release_archive_sha256":"04e9f0d8ecb1d18a0cbb7d37a0b963a2c0ca4ebc2935708d27cc5d5131e4d5b8","internal_label_note":"The payload self-identifies as \"cliopatria_polities_only_v012\"; cite the release tag, not that label.","licence":"CC BY 4.0 — https://creativecommons.org/licenses/by/4.0/","citation":"Bennett, J.S., Mutch, E., Tollefson, A. et al. (2025). Cliopatria — A geospatial database of world-wide political entities from 3400BCE to 2024CE. Scientific Data 12, 247. https://doi.org/10.1038/s41597-025-04516-9","changes_made":"Changes were made. Features filtered to those overlapping this act window; polygons simplified with Douglas-Peucker at 0.25 degrees (topology preserved), invalid geometries repaired, and coordinates snapped to a 0.01 degree grid (2 decimal places); properties reduced to Name (n), FromYear (f), ToYear (t) and Wikidata Q-ID (w)."},"features":[{"type":"Feature","properties":{"n":"Kathmandu","f":1202,"t":1743,"w":"Q3037"},"geometry":{"type":"Polygon","coordinates":[[[85.24,27.67],[85.36,27.93],[85.45,27.61],[85.24,27.67]]]}},{"type":"Feature","properties":{"n":"Jaffna kingdom","f":1352,"t":1587,"w":"Q1311219"},"geometry":{"type":"Polygon","coordinates":[[[80.23,9.84],[81.26,8.55],[79.93,8.88],[79.7,9.11],[80.03,9.05],[80.14,9.52],[79.8,9.57],[80.23,9.84]]]}},{"type":"Feature","properties":{"n":"Republic of Ragusa","f":1429,"t":1771,"w":"Q208169"},"geometry":{"type":"MultiPolygon","coordinates":[[[[18.3,42.63],[18.38,42.63],[18.38,42.56],[18.3,42.63]]],[[[17.67,42.69],[17.67,42.76],[17.75,42.76],[17.67,42.69]]],[[[17.52,43.02],[18.08,43.02],[18.3,42.63],[17.52,43.02]]]]}},{"type":"Feature","properties":{"n":"Haudenosaunee","f":1450,"t":1571,"w":"Q68518"},"geometry":{"type":"Polygon","coordinates":[[[-75.31,42.11],[-77.91,42.37],[-78.23,42.69],[-78.08,43.34],[-76.17,43.54],[-76.07,44.45],[-74.3,45.43],[-73.37,45.04],[-74.06,43.02],[-75.31,42.11]]]}},{"type":"Feature","properties":{"n":"Electorate of Trier","f":1459,"t":1555,"w":"Q1794352"},"geometry":{"type":"MultiPolygon","coordinates":[[[[7.76,49.91],[8.77,49.32],[8.03,48.99],[7.02,49.52],[7.76,49.91]]],[[[11.03,49.25],[11.2,49.78],[12.12,50.18],[13.03,49.25],[12.36,48.85],[11.03,49.25]]]]}},{"type":"Feature","properties":{"n":"Principality of Orange","f":1459,"t":1563,"w":"Q2281221"},"geometry":{"type":"Polygon","coordinates":[[[5.04,44.19],[4.8,44.12],[4.96,44.25],[5.04,44.19]]]}},{"type":"Feature","properties":{"n":"Kingdom of Imereti","f":1468,"t":1578,"w":"Q1069959"},"geometry":{"type":"Polygon","coordinates":[[[42.62,41.59],[42.62,42.89],[43.74,42.89],[43.23,41.85],[42.62,41.59]]]}},{"type":"Feature","properties":{"n":"Principality of Abkhazia","f":1468,"t":1571,"w":"Q1760473"},"geometry":{"type":"Polygon","coordinates":[[[41.74,43.34],[41.51,42.95],[39.99,43.47],[41.74,43.34]]]}},{"type":"Feature","properties":{"n":"Principality of Mingrelia","f":1468,"t":1571,"w":"Q2907860"},"geometry":{"type":"Polygon","coordinates":[[[42.39,42.04],[41.6,42.11],[41.32,42.82],[41.72,43.28],[43.44,43.02],[42.7,42.89],[42.39,42.04]]]}},{"type":"Feature","properties":{"n":"Kingdom of Kakheti","f":1468,"t":1578,"w":"Q1209822"},"geometry":{"type":"Polygon","coordinates":[[[45.99,40.87],[44.5,41.85],[45.16,42.76],[47.11,41.33],[45.99,40.87]]]}},{"type":"Feature","properties":{"n":"Mali Empire","f":1475,"t":1563,"w":"Q184536"},"geometry":{"type":"Polygon","coordinates":[[[-7.14,12.63],[-6.47,12.05],[-7.19,10.19],[-8.06,9.54],[-12.16,9.99],[-12.97,10.19],[-13.57,11.41],[-15.39,11.28],[-15.48,11.86],[-16.28,11.79],[-16.81,12.37],[-16.55,13.91],[-7.14,12.63]]]}},{"type":"Feature","properties":{"n":"Kingdom of Scotland","f":1475,"t":1551,"w":"Q230791"},"geometry":{"type":"MultiPolygon","coordinates":[[[[-2.67,56.25],[-3.27,56.11],[-2.11,55.91],[-2.81,55.09],[-5.11,54.68],[-5.33,55.02],[-4.77,55.43],[-5.0,55.84],[-5.44,55.91],[-5.12,55.43],[-5.57,55.57],[-5.63,55.29],[-5.89,55.29],[-5.8,55.98],[-6.63,55.63],[-5.66,56.18],[-6.29,56.32],[-5.95,57.01],[-6.82,57.49],[-6.32,57.77],[-5.7,57.14],[-5.89,57.83],[-5.2,58.67],[-3.14,58.74],[-3.43,58.18],[-4.12,57.97],[-3.99,57.7],[-1.85,57.7],[-2.67,56.25]]],[[[-7.6,57.35],[-7.25,57.42],[-7.29,57.08],[-7.6,57.35]]],[[[-7.12,57.7],[-7.11,57.63],[-7.44,57.49],[-7.12,57.7]]],[[[-6.21,58.18],[-7.13,57.77],[-7.28,58.18],[-6.26,58.53],[-6.21,58.18]]],[[[-3.2,59.22],[-2.79,58.88],[-3.42,58.81],[-3.2,59.22]]],[[[-2.58,59.36],[-2.56,59.22],[-2.83,59.16],[-2.58,59.36]]],[[[-1.2,60.07],[-1.67,60.21],[-1.63,60.63],[-0.83,60.84],[-1.2,60.07]]]]}},{"type":"Feature","properties":{"n":"Comtat Venaissin","f":1482,"t":1672,"w":"Q1122980"},"geometry":{"type":"Polygon","coordinates":[[[5.11,44.52],[5.29,43.99],[4.73,43.8],[5.04,44.25],[4.71,44.32],[5.11,44.52]]]}},{"type":"Feature","properties":{"n":"Sultanate of Cirebon","f":1482,"t":1578,"w":"Q2077648"},"geometry":{"type":"Polygon","coordinates":[[[108.11,-6.27],[109.41,-7.24],[108.09,-7.11],[108.11,-6.27]]]}},{"type":"Feature","properties":{"n":"Bornu Empire","f":1487,"t":1578,"w":"Q1139762"},"geometry":{"type":"Polygon","coordinates":[[[16.52,11.34],[15.79,11.28],[15.06,11.86],[15.14,12.24],[12.28,11.66],[11.11,12.44],[10.68,13.4],[11.43,15.33],[12.97,15.52],[16.54,12.89],[16.52,11.34]]]}},{"type":"Feature","properties":{"n":"Kingdom of Kongo","f":1492,"t":1661,"w":"Q796583"},"geometry":{"type":"MultiPolygon","coordinates":[[[[15.95,-7.49],[14.64,-8.26],[13.25,-8.46],[12.22,-6.01],[14.62,-4.99],[14.91,-4.47],[15.42,-4.6],[16.08,-4.28],[16.59,-5.11],[15.94,-5.76],[15.95,-7.49]]],[[[14.55,-4.86],[14.62,-4.86],[14.62,-4.92],[14.55,-4.86]]],[[[14.99,-4.41],[15.06,-4.41],[15.06,-4.47],[14.99,-4.41]]]]}},{"type":"Feature","properties":{"n":"Tondo","f":1497,"t":1563,"w":"Q1642472"},"geometry":{"type":"Polygon","coordinates":[[[120.51,15.01],[121.37,14.88],[120.62,14.75],[120.64,14.43],[120.24,14.69],[120.51,15.01]]]}},{"type":"Feature","properties":{"n":"Rajahnate of Cebu","f":1497,"t":1563,"w":"Q4401071"},"geometry":{"type":"Polygon","coordinates":[[[123.89,11.21],[124.11,11.28],[124.0,10.25],[123.27,9.61],[123.89,11.21]]]}},{"type":"Feature","properties":{"n":"Songhai Empire","f":1497,"t":1563,"w":"Q202687"},"geometry":{"type":"MultiPolygon","coordinates":[[[[-6.33,12.11],[-6.33,12.18],[-6.25,12.18],[-6.33,12.11]]],[[[1.65,14.62],[0.26,14.43],[-0.71,15.65],[-2.85,15.97],[-3.65,15.26],[-4.36,13.72],[-5.96,12.31],[-6.18,12.31],[-6.33,12.18],[-6.4,12.11],[-7.14,12.63],[-14.2,13.79],[-14.5,14.11],[-14.09,15.2],[-10.91,17.19],[-0.44,18.03],[0.44,17.84],[1.27,16.87],[1.65,14.62]]]]}},{"type":"Feature","properties":{"n":"Namayan","f":1497,"t":1563,"w":"Q4401026"},"geometry":{"type":"Polygon","coordinates":[[[121.28,14.75],[121.21,14.3],[121.09,14.49],[121.28,14.75]]]}},{"type":"Feature","properties":{"n":"Astrakhan Khanate","f":1502,"t":1555,"w":"Q210163"},"geometry":{"type":"Polygon","coordinates":[[[50.3,46.94],[47.47,45.69],[46.63,44.45],[47.32,43.86],[46.47,43.67],[45.33,43.99],[45.35,44.91],[43.9,45.37],[43.38,46.02],[43.8,47.27],[45.65,48.92],[49.95,47.53],[50.3,46.94]]]}},{"type":"Feature","properties":{"n":"Portuguese Ceylon","f":1507,"t":1581,"w":"Q1709007"},"geometry":{"type":"Polygon","coordinates":[[[81.92,7.42],[81.88,6.71],[80.89,6.01],[80.05,6.65],[80.07,8.39],[79.79,8.58],[79.89,8.96],[81.25,8.51],[81.92,7.42]]]}},{"type":"Feature","properties":{"n":"Duchy of Bavaria","f":1507,"t":1618,"w":"Q47261"},"geometry":{"type":"Polygon","coordinates":[[[13.03,49.25],[13.27,48.59],[13.85,48.46],[12.93,48.06],[13.0,47.53],[11.19,47.4],[10.45,47.8],[10.03,49.12],[12.44,48.85],[13.03,49.25]]]}},{"type":"Feature","properties":{"n":"Crimean Khanate","f":1507,"t":1551,"w":"Q160440"},"geometry":{"type":"MultiPolygon","coordinates":[[[[35.02,45.3],[36.38,45.17],[34.03,44.65],[32.61,45.5],[34.15,46.09],[35.02,45.3]]],[[[42.48,46.02],[42.0,45.24],[41.17,46.02],[40.38,46.15],[37.85,45.17],[36.78,45.1],[36.75,45.43],[37.7,45.3],[37.59,45.63],[38.37,46.35],[37.84,46.61],[39.48,47.07],[39.39,47.47],[42.25,46.55],[42.48,46.02]]],[[[39.21,47.4],[35.63,46.68],[34.74,46.15],[31.82,46.35],[33.69,46.87],[34.04,47.53],[35.03,47.53],[35.71,49.18],[37.73,47.93],[39.21,47.4]]],[[[36.48,48.85],[36.57,48.85],[36.56,48.79],[36.48,48.85]]]]}},{"type":"Feature","properties":{"n":"Sultanate of Gowa","f":1512,"t":1661,"w":"Q1408641"},"geometry":{"type":"Polygon","coordinates":[[[119.66,-5.37],[119.31,-5.63],[119.21,-5.11],[119.49,-4.92],[119.66,-5.37]]]}},{"type":"Feature","properties":{"n":"Sultanate of Kedah","f":1512,"t":1571,"w":"Q1317579"},"geometry":{"type":"MultiPolygon","coordinates":[[[[100.24,5.11],[100.02,6.46],[100.33,6.65],[101.09,6.07],[100.24,5.11]]],[[[99.58,6.39],[99.88,6.52],[99.87,6.26],[99.58,6.39]]]]}},{"type":"Feature","properties":{"n":"Lan Na Kingdom","f":1512,"t":1555,"w":"Q1059707"},"geometry":{"type":"Polygon","coordinates":[[[99.58,18.29],[98.64,18.41],[97.76,17.96],[97.45,18.35],[97.87,18.67],[97.94,19.64],[98.92,19.76],[99.83,20.41],[100.54,20.21],[100.58,18.99],[99.58,18.29]]]}},{"type":"Feature","properties":{"n":"Sultanate of Brunei","f":1512,"t":1581,"w":"Q887803"},"geometry":{"type":"MultiPolygon","coordinates":[[[[119.27,5.36],[119.03,4.98],[118.16,4.98],[118.48,4.27],[117.68,4.27],[116.77,6.01],[116.41,6.07],[114.73,3.63],[111.62,2.54],[111.49,1.12],[109.11,1.64],[109.63,2.02],[110.92,1.51],[111.26,2.73],[112.81,3.11],[113.91,4.59],[115.31,4.98],[115.35,5.49],[115.79,5.62],[116.69,7.04],[116.82,6.78],[117.2,7.04],[117.75,6.46],[117.64,5.94],[119.27,5.36]]],[[[115.51,4.53],[115.5,4.46],[115.43,4.46],[115.51,4.53]]],[[[115.59,4.66],[115.58,4.59],[115.51,4.59],[115.59,4.66]]],[[[119.7,5.17],[120.15,5.36],[120.14,5.17],[119.7,5.17]]],[[[120.84,5.88],[120.85,6.07],[121.36,6.01],[120.84,5.88]]],[[[122.29,6.71],[122.19,6.46],[121.76,6.46],[122.29,6.71]]],[[[116.99,7.1],[117.01,7.36],[117.23,7.36],[116.99,7.1]]],[[[126.55,7.1],[126.2,6.39],[125.83,7.23],[125.8,6.91],[125.52,7.04],[125.65,5.88],[125.33,5.49],[125.15,6.01],[124.7,5.81],[124.0,6.26],[124.09,7.42],[123.68,7.74],[122.76,7.23],[122.59,7.74],[122.23,6.97],[121.8,6.97],[122.1,8.0],[123.34,8.77],[124.09,8.19],[124.82,9.03],[125.48,9.03],[125.42,9.86],[126.24,9.29],[126.55,7.1]]],[[[117.09,8.32],[119.57,11.21],[119.58,10.7],[120.0,10.51],[118.77,9.86],[117.09,8.32]]],[[[121.18,14.56],[120.95,14.49],[120.97,14.62],[121.18,14.56]]]]}},{"type":"Feature","properties":{"n":"Sultanate of Palembang","f":1512,"t":1555,"w":"Q3503555"},"geometry":{"type":"MultiPolygon","coordinates":[[[[105.76,-4.21],[105.3,-3.7],[104.37,-4.15],[103.55,-3.51],[103.15,-2.41],[104.44,-1.64],[106.01,-3.06],[105.76,-4.21]]],[[[108.12,-3.19],[107.47,-3.19],[107.45,-2.61],[108.03,-2.54],[108.12,-3.19]]],[[[106.81,-3.06],[106.45,-3.19],[105.78,-2.8],[105.62,-2.16],[104.96,-1.96],[105.24,-1.51],[105.97,-1.51],[106.81,-3.06]]]]}},{"type":"Feature","properties":{"n":"Sultanate of Bone","f":1512,"t":1669,"w":"Q43292"},"geometry":{"type":"Polygon","coordinates":[[[120.13,-4.66],[120.28,-4.66],[119.94,-5.18],[120.13,-4.66]]]}},{"type":"Feature","properties":{"n":"Joseon","f":1516,"t":1571,"w":"Q28405"},"geometry":{"type":"MultiPolygon","coordinates":[[[[126.14,33.2],[127.0,33.59],[126.7,33.26],[126.14,33.2]]],[[[129.76,40.87],[127.58,39.77],[127.44,39.26],[128.36,38.8],[129.47,37.25],[129.62,35.71],[129.15,35.07],[128.53,35.07],[128.68,34.74],[128.08,34.94],[127.38,34.42],[127.22,34.74],[126.12,34.36],[126.77,35.9],[126.05,36.8],[126.7,37.32],[126.35,37.84],[124.9,37.9],[125.39,39.38],[124.27,39.9],[126.87,41.85],[128.22,41.46],[128.0,41.98],[128.96,42.11],[130.13,43.02],[130.74,42.5],[129.7,41.65],[129.76,40.87]]]]}},{"type":"Feature","properties":{"n":"Livonian Conference","f":1519,"t":1555,"w":"Q33698"},"geometry":{"type":"MultiPolygon","coordinates":[[[[27.37,59.16],[27.73,58.04],[27.39,57.56],[27.8,57.35],[27.65,56.94],[28.15,56.18],[27.47,55.77],[26.58,55.7],[24.83,56.39],[21.74,56.39],[20.92,56.05],[21.0,56.94],[21.79,57.7],[22.52,57.83],[23.58,57.01],[24.23,57.28],[24.27,58.25],[23.41,58.53],[23.41,59.29],[25.37,59.71],[28.06,59.5],[27.37,59.16]]],[[[22.25,58.67],[23.23,58.6],[22.08,57.9],[21.85,58.25],[22.25,58.67]]],[[[22.2,59.02],[22.84,59.09],[22.9,58.81],[22.2,59.02]]]]}},{"type":"Feature","properties":{"n":"Blambangan Kingdom","f":1519,"t":1618,"w":"Q287996"},"geometry":{"type":"Polygon","coordinates":[[[114.41,-7.81],[114.49,-8.84],[113.21,-8.33],[112.41,-8.46],[112.52,-7.94],[111.5,-6.85],[112.52,-6.85],[112.71,-7.56],[114.41,-7.81]]]}},{"type":"Feature","properties":{"n":"County of Urgell","f":1519,"t":1555,"w":"Q1514510"},"geometry":{"type":"Polygon","coordinates":[[[1.81,42.5],[1.58,42.43],[1.73,42.63],[1.81,42.5]]]}},{"type":"Feature","properties":{"n":"Balinese Kingdom","f":1519,"t":1608,"w":"Q12491027"},"geometry":{"type":"Polygon","coordinates":[[[114.3,-8.33],[114.36,-8.07],[115.61,-8.26],[115.0,-8.91],[114.3,-8.33]]]}},{"type":"Feature","properties":{"n":"Duchy of Lorraine","f":1519,"t":1551,"w":"Q155019"},"geometry":{"type":"MultiPolygon","coordinates":[[[[5.39,48.39],[5.88,48.46],[6.03,48.92],[7.13,48.32],[7.06,47.93],[5.82,47.86],[5.39,48.39]],[[6.64,48.19],[6.8,48.32],[6.71,48.52],[6.64,48.19]]],[[[6.62,48.92],[7.03,48.92],[6.95,48.79],[6.62,48.92]]],[[[7.36,48.92],[6.86,49.18],[7.53,49.12],[7.36,48.92]]],[[[5.36,48.99],[5.85,49.32],[6.03,48.92],[4.88,48.65],[5.18,49.58],[5.36,48.99]]],[[[6.35,49.58],[7.1,49.52],[6.53,49.12],[6.35,49.58]]],[[[6.01,49.52],[6.02,49.45],[5.85,49.32],[5.6,49.52],[6.01,49.52]]]]}},{"type":"Feature","properties":{"n":"Berar Sultanate","f":1519,"t":1563,"w":"Q818666"},"geometry":{"type":"Polygon","coordinates":[[[80.69,19.7],[80.36,18.8],[79.25,19.38],[76.86,19.25],[75.7,20.73],[76.69,21.63],[77.75,21.76],[78.53,21.44],[78.74,20.09],[80.69,19.7]]]}},{"type":"Feature","properties":{"n":"Khanate of Khiva","f":1521,"t":1587,"w":"Q491106"},"geometry":{"type":"Polygon","coordinates":[[[62.38,41.33],[60.84,40.94],[57.83,41.26],[57.23,42.04],[57.33,43.02],[58.63,43.67],[60.29,43.54],[60.88,44.45],[63.73,42.43],[62.38,41.33]]]}},{"type":"Feature","properties":{"n":"Nogai Horde","f":1521,"t":1555,"w":"Q631210"},"geometry":{"type":"Polygon","coordinates":[[[56.13,52.72],[56.59,52.32],[56.56,51.51],[56.0,50.85],[56.26,50.11],[55.24,49.25],[55.73,48.13],[55.06,47.8],[55.04,47.14],[53.27,46.68],[53.11,47.01],[50.3,46.94],[49.95,47.53],[46.08,48.99],[46.14,49.91],[47.25,51.58],[47.13,52.05],[49.01,52.92],[49.58,53.66],[51.97,54.61],[53.02,54.61],[53.02,54.14],[54.85,52.72],[56.13,52.72]]]}},{"type":"Feature","properties":{"n":"Sultanate of Maguindanao","f":1521,"t":1608,"w":"Q248572"},"geometry":{"type":"Polygon","coordinates":[[[126.2,6.39],[125.83,7.23],[125.8,6.91],[125.52,7.04],[125.65,5.88],[125.33,5.49],[125.15,6.01],[124.7,5.81],[124.0,6.26],[124.09,7.42],[123.68,7.74],[122.76,7.23],[122.59,7.74],[122.23,6.97],[121.8,6.97],[122.1,8.0],[123.34,8.77],[124.09,8.19],[124.82,9.03],[125.48,9.03],[125.42,9.86],[126.24,9.29],[126.55,7.1],[126.2,6.39]]]}},{"type":"Feature","properties":{"n":"Kingdom of Portugal","f":1521,"t":1555,"w":"Q45670"},"geometry":{"type":"MultiPolygon","coordinates":[[[[44.78,13.21],[45.22,13.21],[45.05,12.76],[44.61,12.76],[44.78,13.21]]],[[[58.81,23.62],[59.27,22.98],[58.54,23.11],[58.29,23.62],[58.81,23.62]]],[[[50.46,26.26],[50.69,26.26],[50.65,25.87],[50.46,26.26]]],[[[50.13,26.77],[50.07,26.07],[50.65,25.1],[51.12,26.13],[51.7,25.87],[51.41,24.33],[51.91,24.01],[54.08,24.14],[55.73,25.74],[56.02,24.84],[54.27,23.75],[51.88,23.69],[50.48,24.78],[49.67,25.87],[49.88,26.45],[48.55,27.48],[48.47,28.12],[47.47,29.34],[48.22,29.28],[49.36,27.29],[50.13,26.77]]],[[[-17.17,32.88],[-16.69,32.69],[-17.07,32.62],[-17.17,32.88]]],[[[-25.9,37.96],[-25.09,37.77],[-25.7,37.71],[-25.9,37.96]]],[[[-28.81,38.48],[-28.85,38.67],[-28.08,38.35],[-28.81,38.48]]],[[[-27.89,38.61],[-27.88,38.55],[-28.04,38.55],[-27.89,38.61]]],[[[-27.03,38.61],[-27.36,38.67],[-27.39,38.87],[-27.03,38.61]]],[[[-6.93,41.0],[-6.9,39.77],[-7.44,39.64],[-6.99,39.0],[-7.39,37.25],[-9.0,37.0],[-8.82,38.48],[-9.21,38.42],[-9.57,38.93],[-8.73,40.74],[-8.93,41.91],[-6.7,41.98],[-6.27,41.65],[-6.93,41.0]]]]}},{"type":"Feature","properties":{"n":"Zayyanid dynasty","f":1521,"t":1551,"w":"Q307697"},"geometry":{"type":"MultiPolygon","coordinates":[[[[2.53,34.42],[2.53,34.49],[2.61,34.49],[2.53,34.42]]],[[[4.46,34.55],[1.29,34.61],[-0.47,34.36],[-1.5,33.46],[-2.12,35.07],[-1.36,35.26],[-1.22,35.64],[-0.67,35.45],[0.68,36.42],[4.39,36.93],[4.46,34.55]]]]}},{"type":"Feature","properties":{"n":"Golconda Sultanate","f":1521,"t":1571,"w":"Q1148042"},"geometry":{"type":"Polygon","coordinates":[[[80.83,18.41],[80.68,17.77],[81.18,17.64],[81.34,17.13],[82.3,17.06],[82.38,16.55],[81.32,16.29],[81.12,15.78],[80.34,16.74],[77.86,16.29],[77.97,19.25],[79.25,19.38],[80.83,18.41]]]}},{"type":"Feature","properties":{"n":"Khanate of Sibir","f":1521,"t":1555,"w":"Q190513"},"geometry":{"type":"MultiPolygon","coordinates":[[[[74.57,50.51],[74.32,50.51],[74.43,50.58],[74.57,50.51]]],[[[72.66,72.05],[71.81,71.5],[72.89,71.03],[72.5,69.03],[73.63,68.65],[73.07,67.74],[71.52,66.62],[70.4,66.4],[72.1,66.33],[73.63,67.0],[74.76,67.89],[74.2,68.35],[74.59,68.88],[76.47,69.11],[77.31,68.65],[77.25,68.05],[77.88,68.35],[77.59,68.88],[76.63,69.18],[73.66,69.11],[73.41,69.72],[74.22,70.64],[72.89,71.42],[74.87,72.21],[74.86,72.92],[75.66,72.76],[75.36,71.42],[76.05,71.27],[77.19,71.27],[75.85,71.89],[77.23,72.05],[76.71,72.29],[77.48,72.69],[80.57,72.29],[81.38,71.81],[83.75,72.13],[84.61,70.95],[84.48,69.33],[85.39,66.77],[86.37,65.96],[88.09,65.59],[89.36,63.77],[90.39,61.55],[90.37,60.7],[87.01,56.8],[87.13,56.32],[87.96,55.84],[88.29,54.89],[84.74,50.18],[83.88,50.78],[78.41,51.31],[76.57,53.19],[77.51,54.61],[73.43,53.26],[69.32,52.92],[58.43,54.68],[57.07,55.43],[56.66,56.59],[56.85,58.11],[57.48,59.16],[58.31,60.0],[61.39,60.35],[63.58,61.41],[64.32,62.62],[64.02,63.77],[64.27,64.57],[68.95,68.95],[66.6,69.64],[67.17,70.18],[67.19,70.8],[66.57,70.8],[66.64,71.19],[68.11,71.66],[69.36,73.0],[72.87,72.69],[72.66,72.05]]]]}},{"type":"Feature","properties":{"n":"Republic of Venice","f":1526,"t":1563,"w":"Q4948"},"geometry":{"type":"MultiPolygon","coordinates":[[[[19.4,42.11],[19.39,41.91],[18.31,42.69],[18.71,42.82],[19.4,42.11]]],[[[17.51,42.76],[17.51,42.82],[17.59,42.82],[17.51,42.76]]],[[[17.36,43.08],[17.52,43.08],[17.52,42.95],[17.36,43.08]]],[[[15.93,43.47],[15.15,44.39],[16.82,43.73],[17.37,43.21],[15.93,43.47]]],[[[15.07,44.39],[15.07,44.45],[15.15,44.45],[15.07,44.39]]],[[[14.99,44.52],[15.07,44.52],[15.07,44.45],[14.99,44.52]]],[[[14.51,44.91],[14.5,44.52],[14.26,44.58],[14.51,44.91]]],[[[14.68,45.17],[14.76,45.04],[14.52,45.1],[14.68,45.17]]],[[[13.78,44.91],[13.55,45.5],[14.12,45.5],[13.79,45.24],[13.78,44.91]]],[[[12.24,44.78],[10.62,45.43],[9.88,45.3],[9.31,45.89],[10.37,46.35],[10.7,45.69],[12.09,46.68],[13.56,46.55],[13.06,45.63],[12.16,45.5],[12.24,44.78]]],[[[34.09,35.0],[33.04,34.55],[32.23,34.94],[34.54,35.71],[34.09,35.0]]],[[[24.3,35.32],[26.23,35.19],[23.68,35.26],[23.62,35.52],[24.3,35.32]]],[[[22.89,36.42],[23.12,36.35],[23.11,36.16],[22.89,36.42]]],[[[25.57,37.13],[25.56,37.0],[25.33,37.0],[25.57,37.13]]],[[[24.36,37.71],[24.43,37.58],[24.27,37.51],[24.36,37.71]]],[[[24.99,37.71],[25.22,37.71],[25.29,37.51],[24.99,37.71]]],[[[20.93,37.9],[20.92,37.64],[20.61,37.71],[20.93,37.9]]],[[[24.77,38.03],[25.07,37.77],[24.83,37.71],[24.77,38.03]]],[[[20.49,38.42],[20.8,38.29],[20.79,38.09],[20.32,38.16],[20.49,38.42]]],[[[24.67,38.93],[24.66,38.74],[24.36,38.87],[24.67,38.93]]],[[[19.91,39.58],[19.76,39.64],[19.76,39.77],[19.91,39.58]]]]}},{"type":"Feature","properties":{"n":"Maynila","f":1526,"t":1571,"w":"Q4401247"},"geometry":{"type":"MultiPolygon","coordinates":[[[[120.97,14.62],[121.12,14.69],[121.18,14.56],[120.97,14.62]]],[[[123.72,24.39],[123.96,24.46],[123.91,24.26],[123.72,24.39]]],[[[125.26,24.91],[125.41,24.91],[125.44,24.71],[125.26,24.91]]],[[[127.82,26.07],[127.65,26.0],[127.93,26.71],[128.42,26.84],[127.82,26.07]]]]}},{"type":"Feature","properties":{"n":"Denmark-Norway","f":1526,"t":1563,"w":"Q62651"},"geometry":{"type":"MultiPolygon","coordinates":[[[[-8.37,52.65],[-8.46,52.65],[-8.46,52.72],[-8.37,52.65]]],[[[-6.32,52.65],[-6.4,52.65],[-6.41,52.72],[-6.32,52.65]]],[[[-6.19,52.99],[-6.28,52.99],[-6.28,53.06],[-6.19,52.99]]],[[[-6.28,53.06],[-6.37,53.06],[-6.38,53.12],[-6.28,53.06]]],[[[9.75,55.57],[10.63,55.63],[10.88,54.95],[10.54,54.75],[9.93,55.09],[9.93,54.55],[11.05,54.21],[9.93,53.6],[8.89,53.87],[8.53,55.36],[8.0,55.63],[7.98,56.66],[8.5,57.21],[10.46,57.77],[10.28,56.59],[10.9,56.52],[10.81,56.18],[10.28,56.25],[9.75,55.57]]],[[[10.63,55.77],[10.36,55.77],[10.45,55.98],[10.63,55.77]]],[[[-6.71,61.41],[-6.99,61.48],[-7.02,61.62],[-6.71,61.41]]],[[[-6.69,61.9],[-7.28,62.05],[-7.32,62.33],[-6.77,62.33],[-6.69,61.9]]],[[[-19.55,65.81],[-19.2,66.25],[-17.59,66.03],[-15.79,66.55],[-13.7,65.59],[-13.47,65.08],[-14.8,64.28],[-15.5,64.42],[-18.16,63.41],[-19.39,63.41],[-21.15,63.91],[-22.8,63.77],[-22.83,64.13],[-22.17,64.13],[-22.1,64.49],[-24.16,64.93],[-22.06,65.52],[-24.03,65.37],[-24.42,65.66],[-23.8,65.81],[-23.67,66.25],[-22.94,66.11],[-23.0,66.55],[-21.48,66.11],[-21.26,65.44],[-20.4,65.74],[-20.54,66.18],[-19.55,65.81]]],[[[15.08,55.23],[15.07,55.02],[14.64,55.09],[15.08,55.23]]],[[[14.32,55.98],[14.3,55.36],[12.81,55.36],[12.56,55.98],[12.1,54.75],[10.88,54.75],[11.67,55.09],[10.97,55.29],[10.89,55.77],[11.77,55.84],[12.75,56.52],[11.79,57.42],[11.98,57.77],[13.46,56.59],[16.09,56.32],[14.32,55.98]]],[[[18.91,57.42],[18.08,56.94],[18.23,57.83],[19.05,57.97],[18.91,57.42]]],[[[28.18,70.57],[29.29,70.95],[31.12,70.49],[28.43,69.87],[26.21,69.87],[25.63,68.95],[24.86,68.57],[22.78,68.65],[21.07,69.26],[20.24,69.03],[19.96,68.42],[18.09,68.57],[18.05,68.12],[16.23,67.59],[16.38,67.07],[14.57,66.11],[14.34,65.22],[16.48,64.35],[15.49,63.7],[16.59,63.12],[14.69,62.62],[15.23,62.19],[14.74,61.69],[12.51,61.69],[12.78,61.19],[12.31,60.98],[12.57,60.35],[11.92,59.92],[12.16,58.18],[11.89,57.97],[11.18,58.39],[11.1,59.16],[10.56,59.64],[10.01,58.95],[7.6,57.97],[5.51,58.6],[6.03,59.36],[5.21,59.29],[5.45,60.14],[4.9,60.21],[5.08,62.26],[5.92,62.19],[6.64,62.76],[7.4,62.62],[6.92,63.05],[8.23,63.19],[7.84,63.55],[9.07,63.7],[9.26,63.41],[10.3,64.42],[11.35,64.49],[11.45,65.0],[12.13,65.15],[12.53,65.74],[12.35,66.25],[12.82,66.03],[12.94,66.62],[15.88,68.27],[14.19,68.2],[14.9,68.57],[14.42,68.8],[15.03,69.11],[15.52,68.8],[15.75,69.33],[16.15,69.33],[15.92,68.88],[17.52,68.88],[17.65,69.18],[17.04,69.11],[16.87,69.49],[18.58,69.49],[18.2,69.72],[19.59,70.33],[19.84,69.87],[20.81,70.33],[20.77,70.02],[21.77,69.95],[21.43,70.41],[22.33,70.33],[22.41,70.8],[24.33,70.72],[25.87,71.27],[25.88,70.8],[26.75,71.03],[26.56,70.64],[26.96,70.57],[27.71,71.19],[28.46,70.88],[28.18,70.57]]],[[[12.89,68.12],[13.19,68.12],[13.19,67.97],[12.89,68.12]]],[[[13.58,68.05],[13.39,68.05],[13.7,68.42],[14.09,68.2],[13.58,68.05]]],[[[23.99,71.11],[24.1,71.11],[24.07,70.95],[23.99,71.11]]]]}},{"type":"Feature","properties":{"n":"Kingdom of Sweden","f":1526,"t":1563,"w":"Q34"},"geometry":{"type":"MultiPolygon","coordinates":[[[[19.72,60.49],[20.17,60.42],[19.95,60.07],[19.72,60.49]]],[[[29.05,66.77],[30.31,65.81],[29.3,64.2],[29.91,62.55],[29.29,61.26],[30.0,60.63],[29.83,60.21],[28.99,60.14],[28.45,60.7],[23.03,59.85],[21.46,60.56],[21.5,61.69],[20.95,62.62],[21.5,63.34],[22.16,63.34],[24.56,64.93],[25.23,64.93],[25.23,65.52],[22.38,65.81],[22.44,65.52],[21.21,64.93],[21.54,64.42],[20.81,63.91],[17.39,62.47],[17.26,60.77],[18.61,60.42],[19.01,59.71],[18.35,59.43],[18.41,59.09],[16.66,58.46],[16.48,56.87],[17.13,57.42],[16.63,56.39],[13.46,56.59],[12.33,57.77],[11.71,57.7],[12.16,58.18],[11.92,59.92],[12.57,60.35],[12.31,60.98],[12.78,61.19],[12.51,61.69],[14.74,61.69],[15.23,62.19],[14.69,62.62],[16.59,63.12],[15.49,63.7],[16.48,64.35],[14.34,65.22],[14.57,66.11],[16.38,67.07],[16.23,67.59],[18.05,68.12],[18.09,68.57],[19.96,68.42],[20.24,69.03],[21.07,69.26],[22.78,68.65],[24.86,68.57],[25.63,68.95],[26.21,69.87],[28.16,70.02],[26.93,67.44],[29.05,66.77]]]]}},{"type":"Feature","properties":{"n":"Sultanate of Banjar","f":1526,"t":1858,"w":"Q1660566"},"geometry":{"type":"Polygon","coordinates":[[[115.79,-3.7],[114.5,-4.21],[114.4,-3.44],[113.52,-3.51],[113.0,-3.06],[111.71,-3.64],[111.61,-2.8],[113.57,-2.61],[114.89,-2.93],[115.79,-3.7]]]}},{"type":"Feature","properties":{"n":"Duchy of Prussia","f":1526,"t":1611,"w":"Q153091"},"geometry":{"type":"Polygon","coordinates":[[[22.42,53.6],[20.4,53.06],[19.74,53.46],[18.7,53.39],[19.45,54.21],[20.1,53.66],[20.83,54.07],[19.81,54.34],[19.84,54.68],[19.95,55.02],[20.99,54.95],[20.99,55.91],[22.41,55.23],[22.7,54.68],[22.42,53.6]]]}},{"type":"Feature","properties":{"n":"Papal States","f":1529,"t":1555,"w":"Q170174"},"geometry":{"type":"MultiPolygon","coordinates":[[[[11.57,42.3],[11.49,42.3],[11.49,42.37],[11.57,42.3]]],[[[13.91,42.95],[12.86,42.5],[13.01,42.04],[14.04,41.52],[13.79,41.2],[13.0,41.33],[11.57,42.37],[12.23,43.6],[11.51,44.39],[10.86,44.32],[11.35,44.91],[12.16,44.71],[12.31,44.19],[13.91,42.95]]]]}},{"type":"Feature","properties":{"n":"Kazakh Khanate","f":1529,"t":1555,"w":"Q1433867"},"geometry":{"type":"MultiPolygon","coordinates":[[[[53.08,45.96],[53.1,46.02],[53.18,46.02],[53.08,45.96]]],[[[57.96,51.65],[59.93,51.92],[61.79,54.0],[63.23,54.14],[65.27,53.46],[69.32,52.92],[73.43,53.26],[77.51,54.61],[76.57,53.19],[77.8,51.78],[79.43,50.98],[81.39,51.18],[83.88,50.78],[84.83,50.18],[83.77,49.58],[85.3,48.99],[85.64,48.32],[84.7,46.87],[83.04,47.01],[81.82,45.37],[79.95,44.97],[80.41,44.71],[80.79,43.28],[80.16,42.3],[78.39,42.89],[72.31,42.24],[68.28,40.36],[62.18,43.15],[60.88,44.45],[61.58,44.91],[61.72,45.37],[61.34,45.43],[61.25,45.96],[61.64,46.94],[60.12,46.81],[59.31,46.02],[58.64,45.96],[57.96,44.45],[58.34,43.47],[57.33,43.02],[52.74,42.63],[51.44,43.21],[51.07,44.06],[50.22,44.58],[51.42,44.52],[51.02,44.84],[51.47,45.37],[54.3,44.97],[54.29,45.56],[53.06,45.56],[53.35,46.35],[53.27,46.68],[55.04,47.14],[55.06,47.8],[55.73,48.13],[55.24,49.25],[56.26,50.11],[56.0,50.85],[56.64,51.98],[57.96,51.65]]]]}},{"type":"Feature","properties":{"n":"Sultanate of Banten","f":1529,"t":1555,"w":"Q734867"},"geometry":{"type":"Polygon","coordinates":[[[105.7,-6.08],[106.64,-6.01],[106.18,-6.98],[105.37,-6.85],[105.7,-6.08]]]}},{"type":"Feature","properties":{"n":"Sultanate of Malacca","f":1529,"t":1551,"w":"Q46652"},"geometry":{"type":"MultiPolygon","coordinates":[[[[101.22,2.79],[100.75,3.82],[101.84,3.63],[102.1,3.05],[101.64,2.54],[101.22,2.79]]],[[[101.53,4.85],[102.13,6.26],[102.49,5.04],[101.53,4.85]]]]}},{"type":"Feature","properties":{"n":"Sunda Kingdom","f":1529,"t":1571,"w":"Q1469742"},"geometry":{"type":"Polygon","coordinates":[[[109.89,-7.94],[106.43,-7.49],[106.23,-6.4],[107.0,-5.89],[108.11,-6.27],[108.09,-7.11],[110.01,-7.56],[109.89,-7.94]]]}},{"type":"Feature","properties":{"n":"Sultanate of Sulu","f":1529,"t":1672,"w":"Q422065"},"geometry":{"type":"MultiPolygon","coordinates":[[[[120.14,5.17],[119.69,5.04],[119.7,5.17],[120.14,5.17]]],[[[121.36,6.01],[121.35,5.81],[120.84,5.88],[121.36,6.01]]],[[[121.85,6.78],[122.29,6.71],[122.19,6.46],[121.76,6.46],[121.85,6.78]]]]}},{"type":"Feature","properties":{"n":"Electorate of Brandenburg","f":1529,"t":1551,"w":"Q148499"},"geometry":{"type":"MultiPolygon","coordinates":[[[[14.19,52.12],[14.27,51.92],[13.93,52.05],[14.19,52.12]]],[[[15.65,52.32],[14.78,51.92],[13.94,52.32],[12.4,52.18],[12.33,52.79],[11.13,52.52],[11.04,52.86],[11.39,53.06],[11.13,53.33],[11.74,53.6],[13.2,53.33],[13.9,53.73],[14.65,53.06],[16.05,53.66],[15.98,54.07],[16.41,54.0],[16.1,52.86],[15.49,52.65],[15.65,52.32]]]]}},{"type":"Feature","properties":{"n":"Sultanate of Perak","f":1529,"t":1571,"w":"Q2649311"},"geometry":{"type":"Polygon","coordinates":[[[100.68,3.82],[100.37,4.85],[101.45,5.88],[101.78,5.3],[101.63,3.95],[100.68,3.82]]]}},{"type":"Feature","properties":{"n":"Sultanate of Johor","f":1529,"t":1608,"w":"Q1150344"},"geometry":{"type":"MultiPolygon","coordinates":[[[[104.92,-0.23],[104.41,-0.29],[104.42,-0.68],[104.13,-0.61],[104.34,0.03],[104.92,-0.23]]],[[[103.11,0.93],[102.95,0.41],[103.6,0.35],[103.33,-0.74],[104.21,-1.0],[104.44,-1.58],[103.29,-2.41],[100.78,-0.42],[100.61,0.22],[99.89,0.48],[99.85,1.31],[100.29,1.51],[100.04,2.6],[100.54,2.15],[101.7,2.09],[101.69,1.76],[103.11,0.93]]],[[[103.4,0.86],[103.39,0.67],[103.18,0.67],[103.4,0.86]]],[[[104.57,1.12],[104.49,0.8],[104.13,0.93],[104.57,1.12]]],[[[103.92,1.25],[104.06,0.99],[103.77,0.93],[103.92,1.25]]],[[[104.21,2.86],[104.2,2.73],[103.98,2.73],[104.21,2.86]]],[[[104.22,1.38],[103.27,1.31],[102.42,1.96],[102.67,2.73],[101.89,3.18],[101.43,4.27],[101.69,4.98],[102.49,5.04],[102.4,6.01],[103.17,5.36],[103.4,2.86],[104.22,1.38]]],[[[107.98,4.14],[108.34,4.08],[108.25,3.63],[107.98,4.14]]]]}},{"type":"Feature","properties":{"n":"Nayaks of Thanjavur","f":1534,"t":1571,"w":"Q1588434"},"geometry":{"type":"Polygon","coordinates":[[[78.54,10.96],[79.8,11.47],[79.88,10.23],[79.05,9.96],[78.54,10.96]]]}},{"type":"Feature","properties":{"n":"Nayaks of Madurai","f":1534,"t":1571,"w":"Q1530838"},"geometry":{"type":"Polygon","coordinates":[[[78.9,9.46],[79.16,9.29],[78.42,9.12],[78.06,8.36],[77.15,8.25],[77.66,11.2],[78.61,11.07],[79.14,9.86],[78.9,9.46]]]}},{"type":"Feature","properties":{"n":"Lan Xang","f":1534,"t":1563,"w":"Q853477"},"geometry":{"type":"Polygon","coordinates":[[[104.69,19.7],[103.96,19.31],[105.25,18.61],[106.69,16.49],[107.5,16.04],[107.3,15.65],[107.69,15.33],[107.51,14.56],[106.17,14.43],[106.03,13.91],[104.92,14.43],[103.81,14.36],[103.29,14.81],[103.23,16.55],[101.87,16.81],[101.02,17.51],[101.4,19.06],[100.13,20.41],[101.18,21.44],[101.81,21.18],[101.72,22.46],[103.77,22.72],[104.73,21.37],[104.5,20.41],[104.85,20.28],[104.69,19.7]]]}},{"type":"Feature","properties":{"n":"Chámpa","f":1540,"t":1647,"w":"Q216786"},"geometry":{"type":"Polygon","coordinates":[[[109.25,12.63],[109.21,11.6],[108.81,11.28],[108.7,12.31],[109.25,12.63]]]}},{"type":"Feature","properties":{"n":"Kingdom of Georgia","f":1540,"t":1551,"w":"Q154667"},"geometry":{"type":"Polygon","coordinates":[[[45.6,40.48],[44.29,40.68],[43.23,41.85],[43.78,42.69],[44.69,42.82],[44.5,41.85],[45.77,40.94],[45.6,40.48]]]}},{"type":"Feature","properties":{"n":"Ashikaga Shogunate","f":1540,"t":1563,"w":"Q1154406"},"geometry":{"type":"Polygon","coordinates":[[[135.84,35.32],[136.03,35.39],[136.13,35.13],[135.8,34.94],[135.84,35.32]]]}},{"type":"Feature","properties":{"n":"Sultanate of Aceh","f":1540,"t":1571,"w":"Q1061057"},"geometry":{"type":"Polygon","coordinates":[[[96.85,4.4],[97.9,3.44],[97.92,2.21],[95.33,4.72],[95.09,5.56],[97.39,5.11],[96.85,4.4]]]}},{"type":"Feature","properties":{"n":"Portuguese Empire","f":1540,"t":1551,"w":"Q200464"},"geometry":{"type":"MultiPolygon","coordinates":[[[[-36.26,-10.39],[-37.24,-11.09],[-38.13,-12.83],[-39.03,-13.28],[-39.02,-16.43],[-39.77,-18.36],[-39.8,-19.58],[-40.88,-20.93],[-41.14,-22.15],[-42.16,-22.66],[-42.12,-22.28],[-41.35,-21.96],[-41.26,-21.06],[-40.17,-19.58],[-40.05,-18.23],[-39.57,-17.71],[-39.13,-12.44],[-38.26,-12.44],[-37.37,-10.71],[-36.39,-10.06],[-36.8,-9.42],[-36.37,-7.36],[-36.68,-5.11],[-35.3,-5.44],[-34.84,-7.49],[-35.02,-8.59],[-36.26,-10.39]]],[[[75.27,11.92],[75.07,12.24],[75.43,12.18],[75.27,11.92]]],[[[74.52,15.26],[74.55,14.81],[74.24,14.62],[73.86,15.33],[74.52,15.26]]],[[[73.1,19.38],[72.99,18.99],[72.84,18.99],[73.1,19.38]]],[[[72.96,20.09],[72.9,20.21],[73.19,20.15],[72.96,20.09]]],[[[72.99,20.41],[72.92,20.41],[72.93,20.47],[72.99,20.41]]],[[[71.33,20.79],[71.25,20.79],[71.26,20.86],[71.33,20.79]]],[[[55.29,26.52],[56.32,27.03],[56.06,26.71],[55.29,26.52]]],[[[125.44,-8.84],[125.13,-8.59],[125.71,-8.52],[125.44,-8.84]]],[[[123.01,-8.52],[122.79,-8.59],[122.78,-8.39],[123.01,-8.52]]],[[[127.8,-3.57],[128.24,-3.51],[128.25,-3.7],[127.8,-3.57]]],[[[102.1,3.05],[102.67,2.73],[102.42,2.02],[101.71,2.41],[102.1,3.05]]],[[[80.23,5.88],[79.89,6.26],[79.79,8.51],[80.07,8.39],[80.05,6.65],[80.83,6.14],[80.23,5.88]]],[[[76.23,9.93],[76.45,9.99],[76.56,9.41],[76.26,9.35],[76.23,9.93]]],[[[75.88,11.34],[75.93,10.96],[75.78,10.96],[75.58,11.28],[75.88,11.34]]],[[[80.15,13.4],[80.38,13.46],[80.41,13.08],[80.15,13.4]]]]}},{"type":"Feature","properties":{"n":"House of Bourbon","f":1540,"t":1555,"w":"Q58389"},"geometry":{"type":"Polygon","coordinates":[[[4.58,45.69],[4.85,45.1],[3.08,44.65],[2.58,44.84],[2.36,44.52],[2.1,44.78],[2.39,45.43],[0.9,45.82],[1.21,46.09],[0.94,46.55],[2.35,46.35],[2.4,46.81],[5.06,45.89],[4.58,45.69]]]}},{"type":"Feature","properties":{"n":"County of Foix","f":1540,"t":1551,"w":"Q1481436"},"geometry":{"type":"MultiPolygon","coordinates":[[[[-1.43,43.08],[-1.44,43.28],[0.32,43.34],[0.2,42.76],[-1.43,43.08]]],[[[0.64,43.41],[0.87,43.67],[1.87,42.89],[1.41,42.63],[0.64,43.41]]],[[[-0.07,44.52],[-0.18,44.91],[0.9,45.82],[2.39,45.43],[2.1,44.78],[-0.07,44.52]]]]}},{"type":"Feature","properties":{"n":"Đại Việt","f":1540,"t":1594,"w":"Q1317991"},"geometry":{"type":"Polygon","coordinates":[[[106.88,20.86],[106.46,20.15],[104.42,21.69],[103.96,22.53],[105.44,23.3],[106.71,22.91],[106.71,22.08],[108.09,21.44],[106.88,20.86]]]}},{"type":"Feature","properties":{"n":"Funj Sultanate","f":1540,"t":1608,"w":"Q1475713"},"geometry":{"type":"Polygon","coordinates":[[[36.49,15.07],[36.26,12.82],[35.2,11.92],[35.03,11.02],[27.42,11.28],[27.32,12.95],[27.72,14.04],[27.3,14.75],[27.2,16.55],[31.47,16.42],[31.5,17.32],[35.22,18.03],[36.21,17.06],[37.24,17.0],[36.49,15.07]]]}},{"type":"Feature","properties":{"n":"Principality of Moldavia","f":1540,"t":1594,"w":"Q10957559"},"geometry":{"type":"Polygon","coordinates":[[[28.44,46.15],[28.12,45.43],[26.24,45.37],[26.48,46.15],[25.67,47.14],[25.02,47.2],[24.91,47.8],[25.54,48.39],[25.25,48.79],[25.51,48.92],[27.39,48.65],[28.88,47.86],[29.57,46.74],[28.44,46.15]]]}},{"type":"Feature","properties":{"n":"Lê Dynasty","f":1540,"t":1563,"w":"Q10800789"},"geometry":{"type":"Polygon","coordinates":[[[105.97,19.83],[105.73,18.86],[106.57,18.09],[106.75,17.39],[109.02,15.33],[109.47,12.56],[108.1,12.18],[107.57,12.63],[107.5,16.04],[106.69,16.49],[105.12,18.74],[103.96,19.31],[104.95,19.96],[104.5,20.41],[104.82,20.99],[104.62,21.56],[106.46,20.15],[105.97,19.83]]]}},{"type":"Feature","properties":{"n":"Swiss Confederation","f":1540,"t":1551,"w":"Q39"},"geometry":{"type":"Polygon","coordinates":[[[10.53,46.28],[10.12,46.02],[9.22,46.22],[8.9,45.89],[8.32,46.41],[7.92,45.96],[7.1,45.89],[5.79,46.22],[7.08,46.94],[6.98,47.53],[8.06,47.33],[9.04,47.73],[9.62,47.53],[9.46,47.27],[9.96,46.87],[10.37,47.01],[10.53,46.28]]]}},{"type":"Feature","properties":{"n":"Inca Empire","f":1540,"t":1563,"w":"Q28573"},"geometry":{"type":"Polygon","coordinates":[[[-73.06,-13.21],[-73.59,-13.41],[-73.75,-12.76],[-73.38,-12.7],[-73.06,-13.21]]]}},{"type":"Feature","properties":{"n":"Hafsid Dynasty","f":1540,"t":1551,"w":"Q752662"},"geometry":{"type":"Polygon","coordinates":[[[11.08,35.0],[10.0,34.29],[10.24,33.71],[12.23,32.81],[13.68,32.88],[15.21,32.36],[15.65,31.4],[18.0,30.89],[18.9,30.37],[18.81,29.99],[15.18,30.89],[13.83,32.11],[11.77,32.3],[9.63,33.14],[8.77,34.23],[4.45,34.61],[4.55,36.67],[6.33,37.06],[8.52,36.87],[10.23,37.25],[10.23,36.8],[11.01,37.0],[10.46,36.42],[11.08,35.0]]]}},{"type":"Feature","properties":{"n":"Kashmiri Sultanate","f":1540,"t":1555,"w":"Q123027565"},"geometry":{"type":"Polygon","coordinates":[[[78.85,33.52],[79.57,32.75],[79.02,32.36],[78.53,32.56],[78.75,31.59],[73.63,32.88],[73.33,34.49],[74.19,35.13],[75.73,34.55],[78.06,35.45],[78.17,34.74],[78.94,34.16],[78.85,33.52]]]}},{"type":"Feature","properties":{"n":"Principality of Wallachia","f":1540,"t":1599,"w":"Q171393"},"geometry":{"type":"Polygon","coordinates":[[[22.74,45.3],[25.04,45.63],[27.63,45.43],[28.0,45.04],[27.83,44.19],[25.43,43.6],[22.95,43.8],[22.54,44.78],[22.74,45.3]]]}},{"type":"Feature","properties":{"n":"Khmer Empire","f":1540,"t":1578,"w":"Q201705"},"geometry":{"type":"MultiPolygon","coordinates":[[[[104.12,10.44],[104.09,10.06],[103.81,10.25],[104.12,10.44]]],[[[107.34,10.38],[107.0,10.7],[106.6,9.54],[104.76,8.51],[105.03,9.99],[104.42,10.44],[103.55,10.51],[103.6,11.09],[103.06,10.83],[102.39,13.53],[103.61,14.49],[106.03,13.91],[106.17,14.43],[107.51,14.56],[107.57,12.63],[108.1,12.18],[108.7,12.31],[108.81,11.28],[107.34,10.38]]]]}},{"type":"Feature","properties":{"n":"Warring States Japan","f":1547,"t":1551,"w":"Q204023"},"geometry":{"type":"MultiPolygon","coordinates":[[[[130.72,30.44],[130.62,30.18],[130.36,30.31],[130.72,30.44]]],[[[131.17,30.82],[131.02,30.44],[130.82,30.5],[131.17,30.82]]],[[[130.1,31.91],[130.61,32.56],[130.52,32.88],[129.79,32.62],[129.6,33.39],[132.69,35.52],[136.04,35.71],[135.9,36.03],[136.64,36.67],[136.72,37.38],[137.37,37.58],[136.96,37.13],[137.25,36.8],[139.39,38.22],[140.04,39.51],[139.66,39.9],[139.99,40.29],[139.77,40.55],[140.34,41.26],[141.54,41.39],[141.44,40.68],[142.09,39.64],[141.51,38.35],[140.92,38.03],[141.13,37.32],[140.61,36.42],[140.91,35.84],[140.41,35.19],[139.7,34.87],[139.96,35.64],[139.72,35.19],[139.21,35.26],[138.95,34.61],[138.8,35.07],[138.26,34.61],[137.07,34.55],[137.24,34.74],[136.73,34.94],[136.91,34.23],[136.45,34.23],[135.81,33.39],[135.07,33.78],[134.99,34.23],[135.44,34.68],[135.1,34.61],[134.22,33.26],[133.54,33.46],[133.03,32.69],[132.08,33.46],[132.88,34.16],[134.63,34.29],[134.82,34.68],[132.32,34.29],[132.19,33.84],[131.09,33.97],[131.05,33.71],[131.82,33.71],[131.99,32.75],[131.41,31.4],[130.64,31.01],[130.14,31.27],[130.1,31.91]],[[136.13,35.13],[136.03,35.39],[135.84,35.32],[135.83,35.0],[136.13,35.13]]],[[[130.13,32.17],[129.93,32.24],[129.99,32.56],[130.53,32.56],[130.13,32.17]]],[[[128.77,32.56],[128.57,32.62],[128.65,32.81],[128.77,32.56]]],[[[129.73,33.84],[129.88,33.84],[129.82,33.71],[129.73,33.84]]],[[[129.31,34.1],[129.11,34.16],[129.17,34.29],[129.31,34.1]]],[[[129.43,34.36],[129.23,34.42],[129.29,34.55],[129.43,34.36]]],[[[138.61,38.09],[138.19,37.77],[138.14,37.96],[138.34,38.29],[138.61,38.09]]],[[[139.88,41.52],[140.12,41.98],[140.58,41.72],[139.88,41.52]]]]}},{"type":"Feature","properties":{"n":"Kingdom of England","f":1547,"t":1551,"w":"Q179876"},"geometry":{"type":"MultiPolygon","coordinates":[[[[2.01,50.78],[1.58,50.91],[1.66,51.05],[2.07,51.11],[2.01,50.78]]],[[[-8.58,51.71],[-8.71,52.05],[-8.38,52.12],[-8.58,51.71]]],[[[-8.57,52.86],[-8.44,52.52],[-8.95,52.52],[-8.57,52.86]]],[[[0.3,53.39],[0.08,52.92],[1.09,53.06],[1.72,52.72],[1.59,52.12],[0.52,51.51],[1.38,51.38],[1.31,51.11],[0.49,50.78],[-1.37,50.85],[-1.18,50.58],[-3.13,50.71],[-3.58,50.25],[-5.75,50.05],[-4.2,51.31],[-3.09,51.25],[-2.95,51.45],[-4.91,51.58],[-5.22,52.05],[-4.16,52.45],[-4.3,52.92],[-4.79,52.79],[-4.49,53.12],[-4.7,53.46],[-3.15,53.46],[-2.97,54.14],[-3.59,54.27],[-3.65,54.82],[-2.56,55.23],[-2.11,55.91],[0.3,53.39]]],[[[-7.78,52.72],[-7.01,52.72],[-6.92,53.94],[-6.33,54.07],[-6.09,52.86],[-6.43,52.18],[-7.61,52.12],[-7.78,52.72]]],[[[-4.86,54.07],[-4.81,54.34],[-4.36,54.21],[-4.86,54.07]]],[[[-5.84,54.95],[-5.73,54.75],[-5.99,54.75],[-5.84,54.95]]]]}},{"type":"Feature","properties":{"n":"Kingdom of France","f":1547,"t":1551,"w":"Q207162"},"geometry":{"type":"Polygon","coordinates":[[[5.03,49.05],[4.88,48.59],[5.82,47.86],[5.38,46.28],[8.58,45.56],[8.43,44.71],[6.28,43.15],[3.85,43.6],[1.73,42.56],[1.87,42.89],[0.87,43.67],[0.64,43.41],[0.99,42.82],[0.52,42.69],[0.2,42.76],[0.32,43.34],[-1.68,43.28],[-1.03,45.5],[-1.25,46.28],[-2.01,46.61],[-2.58,47.47],[-4.42,47.8],[-4.89,48.32],[-4.6,48.72],[-3.46,48.92],[-1.6,48.65],[-2.03,49.78],[0.01,49.38],[0.22,49.85],[1.45,50.25],[1.5,50.91],[2.55,50.11],[4.49,49.98],[5.03,49.05]]]}},{"type":"Feature","properties":{"n":"(Allegiance of Joseon to Ming Dynasty)","f":1547,"t":1551,"w":"Q28405"},"geometry":{"type":"MultiPolygon","coordinates":[[[[108.76,18.41],[108.7,19.38],[109.25,19.96],[110.91,20.15],[111.03,19.57],[109.86,18.35],[108.76,18.41]]],[[[121.98,29.99],[122.05,30.18],[122.27,30.18],[121.98,29.99]]],[[[124.04,40.87],[124.29,40.36],[125.99,40.94],[126.87,41.85],[128.22,41.46],[128.0,41.98],[129.7,42.5],[129.76,42.95],[130.74,42.5],[129.7,41.65],[129.76,40.87],[127.58,39.77],[127.44,39.26],[128.36,38.8],[129.47,37.25],[129.62,35.71],[129.15,35.07],[128.53,35.07],[128.68,34.74],[128.08,34.94],[127.38,34.42],[127.22,34.74],[126.12,34.36],[126.77,35.9],[126.05,36.8],[126.65,37.06],[126.6,37.58],[124.9,37.9],[125.39,39.38],[124.34,39.9],[121.03,38.74],[121.69,39.38],[121.28,39.64],[122.23,40.48],[121.82,40.87],[121.11,40.87],[119.22,39.32],[117.89,39.19],[117.6,38.48],[119.46,37.96],[119.16,37.19],[120.75,37.9],[122.71,37.45],[122.39,36.8],[120.98,36.61],[119.23,34.81],[120.34,34.36],[120.92,32.62],[121.99,31.85],[121.58,31.4],[121.9,30.82],[120.68,30.18],[121.48,30.31],[122.03,29.92],[121.94,29.22],[121.74,29.54],[121.57,29.47],[121.65,28.32],[121.12,28.32],[119.59,26.13],[119.53,25.62],[119.87,25.49],[119.27,25.49],[118.76,24.59],[118.15,24.52],[116.54,22.91],[114.64,22.72],[114.37,22.08],[113.6,22.72],[113.64,22.14],[110.42,21.18],[110.49,20.28],[109.88,20.21],[109.81,21.5],[107.24,21.69],[106.71,22.08],[106.71,22.91],[105.21,23.3],[103.96,22.53],[101.72,22.46],[101.81,21.18],[101.36,21.18],[101.16,21.76],[100.22,21.5],[99.94,22.08],[99.29,22.14],[99.57,22.98],[98.94,23.24],[98.88,24.14],[97.65,23.94],[97.65,24.78],[98.67,25.81],[98.84,26.58],[98.74,27.48],[98.16,28.19],[98.87,28.32],[99.4,29.47],[99.7,28.32],[100.68,29.73],[101.87,33.52],[101.2,33.78],[101.69,34.1],[101.07,34.29],[100.92,34.74],[102.03,34.61],[101.71,35.0],[102.92,36.35],[102.1,37.77],[101.57,37.64],[99.9,38.87],[100.61,39.77],[102.09,38.87],[103.12,39.06],[102.79,38.48],[104.46,37.64],[106.16,37.96],[107.33,39.64],[107.65,39.32],[107.29,38.55],[108.84,37.84],[109.53,37.96],[110.42,39.51],[113.32,40.55],[114.68,40.42],[116.61,41.2],[117.34,40.94],[117.37,40.42],[118.42,40.61],[119.36,40.03],[121.45,41.59],[121.93,41.72],[122.01,41.33],[122.41,41.33],[123.7,42.89],[124.66,42.76],[124.21,42.04],[124.56,41.46],[124.04,40.87]]],[[[127.0,33.59],[126.14,33.2],[126.36,33.52],[127.0,33.59]]]]}},{"type":"Feature","properties":{"n":"Safavid Dynasty","f":1547,"t":1551,"w":"Q161205"},"geometry":{"type":"Polygon","coordinates":[[[54.03,36.87],[53.88,37.71],[56.37,38.42],[56.08,38.87],[56.39,39.9],[57.83,41.26],[60.84,40.94],[62.38,41.33],[62.65,39.71],[64.66,38.03],[65.94,37.51],[66.36,36.67],[64.6,32.49],[63.58,27.87],[63.45,26.32],[64.08,25.36],[61.72,25.04],[57.96,25.55],[57.11,26.07],[56.71,27.16],[54.83,26.45],[51.6,27.8],[50.06,30.18],[48.94,30.31],[48.6,29.99],[48.05,30.44],[47.6,32.3],[46.23,32.94],[45.44,33.91],[45.72,34.81],[45.2,35.0],[45.02,35.9],[42.78,37.64],[42.44,39.0],[42.64,39.77],[43.81,40.16],[43.93,40.87],[45.6,40.48],[47.22,41.46],[47.99,41.33],[48.28,41.98],[49.51,40.61],[50.26,40.42],[49.51,40.23],[48.8,39.0],[49.09,37.51],[51.26,36.61],[54.03,36.87]]]}},{"type":"Feature","properties":{"n":"Holy Roman Empire Minor States","f":1547,"t":1551,"w":"Q12548"},"geometry":{"type":"MultiPolygon","coordinates":[[[[6.83,47.14],[7.08,46.94],[6.51,46.87],[6.83,47.14]]],[[[6.64,48.19],[6.46,48.46],[6.71,48.52],[6.64,48.19]]],[[[5.87,48.85],[5.88,48.46],[4.88,48.52],[5.87,48.85]]],[[[6.04,48.79],[5.87,48.85],[5.95,48.92],[6.04,48.79]]],[[[5.36,48.99],[5.35,49.32],[5.85,49.38],[5.36,48.99]]],[[[5.17,49.71],[4.94,49.18],[4.49,49.98],[5.17,49.71]]],[[[5.0,52.05],[4.89,52.52],[5.48,52.86],[5.75,52.32],[5.0,52.05]]],[[[10.78,43.34],[11.26,43.47],[12.06,42.76],[11.41,42.37],[10.78,43.34]]],[[[9.23,45.1],[10.45,45.04],[10.62,45.43],[11.59,44.91],[10.7,43.8],[9.23,45.1]]],[[[11.99,44.65],[11.75,44.84],[11.83,44.97],[12.24,44.97],[11.99,44.65]]],[[[11.52,46.61],[12.09,46.68],[11.02,45.76],[10.45,45.89],[10.53,46.55],[11.52,46.61]]],[[[9.54,47.2],[9.63,47.14],[9.46,47.14],[9.54,47.2]]],[[[13.0,47.53],[13.18,48.06],[13.74,47.07],[12.18,47.07],[12.51,47.66],[13.0,47.53]]],[[[13.36,48.99],[14.1,48.65],[13.85,48.46],[13.27,48.59],[13.36,48.99]]],[[[12.8,50.65],[12.63,50.65],[12.55,50.91],[12.8,50.65]]],[[[7.64,47.8],[7.89,47.66],[7.56,47.53],[7.47,48.06],[7.06,47.93],[7.04,48.52],[5.94,49.18],[7.69,49.38],[8.11,48.92],[8.77,49.32],[7.76,49.91],[7.6,49.58],[6.35,49.58],[6.58,50.11],[6.07,50.25],[6.4,50.51],[6.07,50.45],[6.04,51.31],[5.72,50.85],[5.9,50.38],[5.06,50.45],[5.28,51.18],[6.12,51.51],[6.02,51.92],[6.95,52.25],[6.68,52.65],[7.02,52.72],[7.08,53.73],[10.36,53.66],[10.53,54.0],[13.41,54.75],[13.74,54.27],[13.3,54.21],[14.5,53.73],[15.04,54.21],[18.02,54.89],[17.08,53.6],[15.98,54.07],[16.05,53.66],[14.65,53.06],[13.9,53.73],[13.2,53.33],[11.31,53.46],[11.13,52.52],[12.33,52.79],[12.58,52.45],[12.05,51.38],[11.37,51.31],[11.38,51.71],[10.87,51.65],[11.12,51.31],[10.61,51.38],[10.02,51.18],[10.36,50.65],[10.78,50.85],[10.53,51.25],[11.29,50.78],[10.36,50.51],[10.69,50.05],[12.21,50.78],[12.12,50.18],[11.2,49.78],[10.94,48.85],[10.03,49.12],[10.53,48.26],[10.12,48.06],[10.53,48.19],[10.61,47.6],[10.12,47.33],[9.04,47.73],[9.29,47.99],[8.47,47.6],[8.22,47.66],[8.21,47.99],[8.21,48.26],[7.79,48.32],[7.64,47.8]],[[8.46,47.99],[8.38,48.13],[8.21,47.99],[8.46,47.99]],[[10.2,48.46],[10.11,48.46],[10.11,48.32],[10.2,48.46]],[[9.95,48.46],[9.45,48.46],[9.45,48.19],[9.95,48.46]],[[9.54,47.86],[9.54,47.99],[9.37,47.93],[9.54,47.86]],[[9.2,48.32],[9.2,48.26],[9.37,48.26],[9.2,48.32]],[[8.71,48.19],[8.79,48.32],[8.54,48.32],[8.71,48.19]],[[9.04,48.19],[9.04,48.26],[8.87,48.32],[9.04,48.19]],[[8.71,47.99],[8.63,47.99],[8.79,47.86],[8.71,47.99]],[[8.62,48.65],[8.53,48.59],[8.62,48.52],[8.62,48.65]],[[8.45,48.39],[8.21,48.39],[8.29,48.32],[8.45,48.39]],[[8.29,48.59],[8.37,48.46],[8.45,48.59],[8.29,48.59]],[[7.36,48.92],[7.53,48.99],[6.86,49.18],[7.36,48.92]],[[6.95,48.79],[7.03,48.92],[6.62,48.92],[6.95,48.79]]],[[[12.22,51.05],[11.88,51.05],[12.05,51.31],[12.22,51.05]]],[[[14.33,51.25],[14.16,51.11],[13.99,51.18],[14.26,51.58],[14.33,51.25]]],[[[12.9,51.45],[12.9,51.31],[12.64,51.38],[12.9,51.45]]]]}},{"type":"Feature","properties":{"n":"Tümed","f":1547,"t":1551,"w":"Q3402317"},"geometry":{"type":"Polygon","coordinates":[[[103.11,53.66],[103.35,52.12],[101.06,51.25],[98.35,48.52],[97.66,47.14],[98.35,46.74],[98.56,46.09],[97.0,42.56],[97.2,41.65],[99.99,41.33],[100.61,39.77],[99.9,38.87],[102.69,37.13],[102.92,36.35],[101.71,35.0],[102.03,34.61],[100.85,34.55],[101.53,34.29],[101.53,33.84],[98.85,34.1],[93.54,36.61],[90.94,36.93],[91.53,37.51],[90.94,38.03],[90.95,38.67],[92.49,39.19],[92.69,39.71],[90.75,40.55],[90.22,41.91],[85.79,42.76],[82.06,42.24],[80.19,42.37],[80.79,43.28],[80.41,44.71],[79.95,44.97],[81.82,45.37],[83.04,47.01],[84.7,46.87],[86.63,49.78],[91.52,53.6],[97.13,54.95],[99.5,55.09],[103.11,53.66]]]}},{"type":"Feature","properties":{"n":"Western Moghulistan","f":1547,"t":1594,"w":"Q1191125"},"geometry":{"type":"Polygon","coordinates":[[[78.77,41.59],[75.3,39.06],[73.67,38.61],[73.95,40.03],[73.38,42.11],[78.39,42.89],[79.97,42.43],[79.98,42.04],[78.77,41.59]]]}},{"type":"Feature","properties":{"n":"Tibet","f":1547,"t":1555,"w":"Q521263"},"geometry":{"type":"Polygon","coordinates":[[[101.87,33.52],[100.68,29.73],[99.61,28.25],[99.4,29.47],[98.54,28.19],[97.3,28.96],[96.24,28.96],[95.97,29.41],[95.42,29.02],[94.66,29.28],[93.51,28.64],[87.75,27.8],[85.97,27.93],[82.04,30.37],[81.07,30.12],[79.45,31.01],[78.46,32.3],[79.57,32.75],[78.93,33.52],[78.98,34.04],[79.45,34.04],[80.22,35.45],[81.67,35.39],[82.35,35.84],[85.89,35.77],[86.8,36.42],[91.25,36.48],[92.36,37.0],[98.85,34.1],[101.87,33.52]]]}},{"type":"Feature","properties":{"n":"Bijapur Sultanate","f":1547,"t":1551,"w":"Q83821"},"geometry":{"type":"Polygon","coordinates":[[[77.45,15.84],[76.96,15.39],[74.82,15.33],[74.47,13.91],[74.52,15.26],[73.8,15.46],[73.42,16.04],[72.93,18.48],[74.22,18.74],[75.12,18.22],[77.11,18.16],[77.45,16.55],[78.41,15.91],[77.45,15.84]]]}},{"type":"Feature","properties":{"n":"Khanate of Kazan","f":1547,"t":1551,"w":"Q186537"},"geometry":{"type":"MultiPolygon","coordinates":[[[[52.8,56.18],[54.35,55.63],[54.21,55.02],[50.32,54.07],[48.58,52.65],[47.13,52.05],[46.29,52.72],[46.46,53.6],[45.73,54.34],[46.39,54.55],[46.12,55.09],[47.52,55.36],[47.34,55.91],[48.19,57.42],[51.23,57.7],[51.57,56.94],[52.8,56.18]]],[[[52.7,56.39],[52.72,56.46],[52.81,56.46],[52.7,56.39]]]]}},{"type":"Feature","properties":{"n":"Ming Dynasty","f":1547,"t":1551,"w":"Q9903"},"geometry":{"type":"MultiPolygon","coordinates":[[[[108.76,18.41],[108.7,19.38],[109.25,19.96],[110.91,20.15],[111.03,19.57],[109.86,18.35],[108.76,18.41]]],[[[122.28,29.99],[121.98,29.99],[122.05,30.18],[122.28,29.99]]],[[[124.04,40.87],[124.29,40.36],[124.73,40.42],[124.23,39.84],[121.03,38.74],[121.69,39.38],[121.28,39.64],[122.23,40.48],[121.11,40.87],[119.22,39.32],[117.89,39.19],[117.58,38.74],[118.07,38.16],[119.46,37.96],[119.16,37.19],[120.75,37.9],[122.71,37.45],[122.39,36.8],[120.98,36.61],[119.23,34.81],[120.34,34.36],[120.92,32.62],[121.99,31.85],[121.58,31.4],[121.9,30.82],[120.68,30.18],[121.48,30.31],[122.03,29.92],[121.94,29.22],[121.74,29.54],[121.57,29.47],[121.65,28.32],[121.12,28.32],[119.59,26.13],[119.53,25.62],[119.87,25.49],[119.27,25.49],[118.76,24.59],[118.15,24.52],[116.54,22.91],[114.64,22.72],[114.37,22.08],[113.6,22.72],[113.64,22.14],[110.42,21.18],[110.49,20.28],[109.88,20.21],[109.81,21.5],[107.24,21.69],[106.71,22.08],[106.71,22.91],[105.21,23.3],[103.96,22.53],[101.72,22.46],[101.81,21.18],[101.36,21.18],[101.16,21.76],[100.22,21.5],[99.94,22.08],[99.29,22.14],[99.57,22.98],[98.94,23.24],[98.88,24.14],[97.65,23.94],[97.65,24.78],[98.67,25.81],[98.84,26.58],[98.74,27.48],[98.16,28.19],[98.87,28.32],[99.4,29.47],[99.7,28.32],[100.68,29.73],[101.87,33.52],[101.2,33.78],[101.69,34.1],[101.07,34.29],[100.92,34.74],[102.03,34.61],[101.71,35.0],[102.92,36.35],[102.1,37.77],[101.57,37.64],[99.9,38.87],[100.61,39.77],[102.09,38.87],[103.12,39.06],[102.79,38.48],[104.46,37.64],[106.16,37.96],[107.33,39.64],[107.65,39.32],[107.29,38.55],[108.84,37.84],[109.53,37.96],[110.42,39.51],[113.32,40.55],[114.68,40.42],[116.61,41.2],[117.34,40.94],[117.37,40.42],[118.42,40.61],[119.36,40.03],[121.45,41.59],[121.93,41.72],[122.01,41.33],[122.41,41.33],[123.7,42.89],[124.66,42.76],[124.21,42.04],[124.04,40.87]]]]}},{"type":"Feature","properties":{"n":"Shan States","f":1547,"t":1555,"w":"Q4765854"},"geometry":{"type":"Polygon","coordinates":[[[100.13,20.41],[97.94,19.64],[97.87,18.67],[97.45,18.35],[97.77,18.03],[97.16,17.9],[96.89,18.54],[97.47,20.47],[96.65,21.44],[95.39,21.95],[94.31,21.69],[94.33,22.79],[93.42,23.17],[93.4,24.01],[94.13,23.88],[95.16,26.58],[96.21,27.29],[97.16,27.16],[97.0,27.74],[97.56,28.51],[98.74,27.48],[98.84,26.58],[98.67,25.81],[97.65,24.78],[97.65,23.94],[98.88,24.14],[98.94,23.24],[99.57,22.98],[99.29,22.14],[99.94,22.08],[100.22,21.5],[101.16,21.76],[100.13,20.41]]]}},{"type":"Feature","properties":{"n":"Eastern Moghulistan","f":1547,"t":1581,"w":"Q1191125"},"geometry":{"type":"Polygon","coordinates":[[[90.75,40.55],[92.69,39.71],[92.49,39.19],[90.95,38.67],[90.94,38.03],[91.53,37.51],[90.94,36.93],[91.36,36.8],[91.25,36.48],[88.67,36.67],[86.8,36.42],[85.89,35.77],[82.35,35.84],[81.67,35.39],[80.15,35.45],[79.44,35.97],[77.98,35.45],[76.15,35.84],[75.84,36.67],[75.23,37.0],[73.69,37.06],[73.75,38.61],[75.3,39.06],[80.19,42.37],[82.06,42.24],[84.11,42.76],[90.22,41.91],[90.75,40.55]]]}},{"type":"Feature","properties":{"n":"Ayutthaya Kingdom","f":1547,"t":1563,"w":"Q841364"},"geometry":{"type":"Polygon","coordinates":[[[102.22,11.99],[101.79,12.69],[100.83,12.63],[100.99,13.46],[100.1,13.4],[100.03,12.05],[99.21,10.31],[99.27,9.29],[99.93,9.29],[100.51,7.16],[101.51,6.91],[102.06,6.33],[101.88,5.75],[101.14,5.62],[100.68,6.46],[99.61,6.84],[98.62,8.32],[98.21,7.74],[98.76,11.73],[97.77,14.81],[97.78,15.46],[98.93,16.36],[97.84,17.96],[98.64,18.41],[99.58,18.29],[100.57,18.93],[100.66,19.51],[101.18,19.57],[101.4,19.06],[101.02,17.51],[101.87,16.81],[103.23,16.55],[103.05,15.78],[103.61,14.49],[102.39,13.53],[102.74,12.05],[102.22,11.99]]]}},{"type":"Feature","properties":{"n":"Ahmadnagar Sultanate","f":1547,"t":1551,"w":"Q400998"},"geometry":{"type":"Polygon","coordinates":[[[76.43,19.38],[76.24,18.99],[76.89,18.22],[75.12,18.22],[74.22,18.74],[72.93,18.48],[73.1,19.38],[72.74,19.44],[73.32,20.02],[75.7,20.73],[76.86,19.25],[76.43,19.38]]]}},{"type":"Feature","properties":{"n":"Vijayanagara Empire","f":1547,"t":1551,"w":"Q167639"},"geometry":{"type":"MultiPolygon","coordinates":[[[[76.33,9.29],[76.58,9.8],[75.9,10.57],[75.88,11.34],[74.75,12.82],[74.82,15.33],[76.96,15.39],[77.45,15.84],[78.41,15.91],[78.47,16.49],[80.34,16.74],[80.94,16.16],[80.1,15.2],[80.3,12.63],[79.84,11.39],[79.0,10.97],[77.66,11.2],[77.14,8.13],[76.33,9.29]]],[[[78.98,10.03],[78.7,10.37],[78.73,10.75],[78.98,10.03]]]]}},{"type":"Feature","properties":{"n":"Spanish Empire","f":1547,"t":1551,"w":"Q80702"},"geometry":{"type":"MultiPolygon","coordinates":[[[[-75.34,-10.84],[-75.34,-10.77],[-75.27,-10.77],[-75.34,-10.84]]],[[[-105.29,23.11],[-104.86,22.85],[-104.99,22.4],[-104.34,22.14],[-103.91,22.59],[-103.8,22.08],[-103.57,22.4],[-103.48,21.95],[-103.15,22.14],[-102.12,21.11],[-101.54,21.56],[-100.51,20.86],[-99.91,21.18],[-98.42,20.79],[-98.35,21.18],[-97.35,21.37],[-95.77,18.8],[-94.48,18.22],[-92.5,18.74],[-91.5,18.48],[-90.48,19.89],[-90.32,21.11],[-86.92,21.63],[-86.66,20.99],[-87.35,20.21],[-87.7,18.29],[-87.99,18.74],[-89.17,17.77],[-90.57,17.77],[-90.6,16.55],[-89.99,15.91],[-90.27,15.26],[-89.04,15.39],[-89.04,15.91],[-85.88,15.97],[-85.69,15.07],[-84.58,14.43],[-84.94,13.72],[-84.42,11.34],[-83.58,10.96],[-82.21,9.03],[-81.03,8.84],[-79.69,9.61],[-78.96,9.61],[-77.99,9.29],[-76.83,8.19],[-76.93,8.64],[-75.66,9.48],[-75.58,10.51],[-74.96,11.15],[-74.36,10.89],[-74.17,11.34],[-73.15,11.41],[-71.84,12.44],[-71.1,12.31],[-71.28,11.79],[-71.92,11.6],[-71.65,10.83],[-69.73,11.66],[-69.14,11.54],[-70.84,10.7],[-70.4,9.54],[-70.73,8.9],[-72.04,8.77],[-72.24,8.45],[-73.16,5.69],[-74.15,4.59],[-74.35,3.89],[-75.79,2.21],[-76.3,1.31],[-76.81,0.41],[-77.87,-3.25],[-77.5,-6.85],[-76.34,-8.39],[-75.17,-11.35],[-73.45,-12.64],[-73.75,-12.76],[-73.59,-13.41],[-73.06,-13.21],[-73.17,-12.76],[-71.74,-13.15],[-70.67,-12.76],[-68.37,-13.28],[-65.67,-14.89],[-63.8,-15.34],[-62.48,-16.75],[-63.18,-20.61],[-64.08,-22.86],[-65.06,-23.95],[-67.12,-31.02],[-68.47,-33.66],[-70.6,-35.52],[-72.67,-35.46],[-71.63,-32.69],[-71.94,-30.83],[-71.42,-29.74],[-71.73,-29.16],[-70.57,-25.17],[-70.53,-23.63],[-70.81,-23.5],[-70.18,-21.38],[-70.44,-18.42],[-71.62,-17.33],[-75.22,-15.53],[-76.08,-14.69],[-76.46,-14.18],[-76.38,-13.41],[-77.8,-11.35],[-78.98,-8.46],[-79.98,-6.91],[-81.33,-6.14],[-81.01,-5.63],[-81.47,-4.41],[-80.05,-3.12],[-81.12,-2.29],[-81.03,-0.94],[-80.16,0.22],[-80.23,0.86],[-79.06,1.25],[-78.78,2.34],[-77.91,2.6],[-77.26,3.63],[-77.56,4.08],[-77.41,6.52],[-78.5,7.94],[-78.23,8.45],[-79.64,8.9],[-80.41,8.26],[-80.0,7.42],[-80.94,7.16],[-81.05,7.87],[-81.47,7.61],[-81.94,8.19],[-83.71,8.45],[-83.67,9.09],[-84.83,9.99],[-85.24,9.61],[-85.78,9.99],[-85.72,11.09],[-87.55,12.69],[-87.47,13.34],[-88.85,13.21],[-91.35,13.91],[-94.77,16.36],[-96.73,15.65],[-101.11,17.26],[-101.9,17.96],[-103.43,18.29],[-105.33,19.7],[-105.63,20.47],[-105.13,21.31],[-105.7,22.59],[-108.04,24.91],[-107.32,24.71],[-105.34,22.66],[-105.29,23.11]]],[[[-76.3,1.25],[-76.3,1.31],[-76.22,1.31],[-76.3,1.25]]],[[[-75.14,2.86],[-75.14,2.92],[-75.07,2.92],[-75.14,2.86]]],[[[-81.61,7.36],[-81.9,7.36],[-81.91,7.61],[-81.61,7.36]]],[[[-79.03,8.32],[-78.96,8.45],[-78.81,8.45],[-79.03,8.32]]],[[[-68.95,12.05],[-69.12,12.37],[-68.74,12.18],[-68.95,12.05]]],[[[-68.16,12.24],[-68.15,12.05],[-68.29,12.05],[-68.16,12.24]]],[[[-69.93,12.37],[-70.02,12.56],[-69.87,12.56],[-69.93,12.37]]],[[[-77.74,17.84],[-78.39,18.29],[-77.01,18.48],[-76.12,17.9],[-77.74,17.84]]],[[[-65.72,17.96],[-66.23,17.9],[-67.12,17.96],[-67.26,18.48],[-65.55,18.41],[-65.72,17.96]]],[[[-69.49,19.12],[-68.58,18.99],[-68.29,18.41],[-70.72,18.35],[-71.28,17.58],[-72.1,18.22],[-74.4,18.29],[-74.24,18.74],[-72.3,18.61],[-72.79,19.51],[-73.41,19.64],[-73.23,19.96],[-70.78,19.96],[-69.08,19.38],[-69.49,19.12]]],[[[-73.3,18.86],[-73.32,18.99],[-72.79,18.93],[-72.68,18.67],[-73.3,18.86]]],[[[-86.7,20.34],[-86.99,20.28],[-87.02,20.47],[-86.7,20.34]]],[[[-77.66,21.82],[-75.63,21.18],[-74.07,20.15],[-77.65,19.83],[-77.19,20.66],[-78.24,20.79],[-78.66,21.56],[-82.05,22.27],[-81.74,22.66],[-84.8,21.82],[-84.0,22.79],[-82.29,23.24],[-80.57,23.17],[-79.25,22.46],[-77.64,22.14],[-77.66,21.82]]],[[[-82.49,21.82],[-82.5,21.44],[-82.95,21.44],[-83.04,21.95],[-82.49,21.82]]],[[[-78.42,22.4],[-78.6,22.53],[-78.23,22.59],[-78.42,22.4]]],[[[-57.5,-24.34],[-57.0,-24.47],[-58.31,-26.59],[-58.82,-26.52],[-57.5,-24.34]]],[[[-63.42,10.19],[-63.42,10.25],[-63.35,10.25],[-63.42,10.19]]],[[[-61.0,10.06],[-61.73,10.06],[-61.55,10.83],[-60.89,10.83],[-61.0,10.06]]],[[[-61.91,10.76],[-64.37,10.12],[-64.03,10.7],[-61.91,10.76]]],[[[-63.76,10.96],[-64.26,10.89],[-64.35,11.09],[-63.76,10.96]]],[[[-17.85,27.87],[-17.9,27.61],[-18.06,27.67],[-17.85,27.87]]],[[[-15.36,27.8],[-15.73,27.74],[-15.76,28.19],[-15.3,28.12],[-15.36,27.8]]],[[[-17.35,28.19],[-17.12,28.25],[-17.03,28.06],[-17.35,28.19]]],[[[-16.65,27.93],[-16.91,28.38],[-16.09,28.57],[-16.65,27.93]]],[[[-14.07,28.7],[-13.77,28.77],[-13.81,28.25],[-14.32,28.06],[-14.07,28.7]]],[[[-18.0,28.83],[-17.71,28.89],[-17.67,28.51],[-18.0,28.83]]],[[[-13.65,29.22],[-13.42,29.22],[-13.47,28.89],[-13.85,28.83],[-13.65,29.22]]],[[[13.61,32.69],[13.3,32.62],[13.23,32.94],[13.61,32.69]]],[[[-2.98,35.26],[-2.99,35.45],[-2.84,35.45],[-2.98,35.26]]],[[[-0.53,35.71],[-0.45,35.58],[-0.67,35.45],[-0.91,35.64],[-0.53,35.71]]],[[[4.55,36.67],[4.39,36.93],[5.02,36.8],[4.55,36.67]]]]}},{"type":"Feature","properties":{"n":"(Kingdom of England)","f":1547,"t":1551,"w":"Q179876"},"geometry":{"type":"MultiPolygon","coordinates":[[[[2.01,50.78],[1.58,50.91],[1.66,51.05],[2.07,51.11],[2.01,50.78]]],[[[-8.58,51.71],[-8.71,52.05],[-8.38,52.12],[-8.58,51.71]]],[[[-8.57,52.86],[-8.44,52.52],[-8.95,52.52],[-8.57,52.86]]],[[[0.3,53.39],[0.08,52.92],[1.09,53.06],[1.72,52.72],[1.59,52.12],[0.52,51.51],[1.38,51.38],[1.31,51.11],[0.49,50.78],[-1.37,50.85],[-1.18,50.58],[-3.13,50.71],[-3.58,50.25],[-5.75,50.05],[-4.2,51.31],[-3.09,51.25],[-2.95,51.45],[-4.91,51.58],[-5.22,52.05],[-4.16,52.45],[-4.3,52.92],[-4.79,52.79],[-4.49,53.12],[-4.7,53.46],[-3.15,53.46],[-2.97,54.14],[-3.59,54.27],[-3.65,54.82],[-2.56,55.23],[-2.11,55.91],[0.3,53.39]]],[[[-7.78,52.72],[-7.01,52.72],[-6.92,53.94],[-6.33,54.07],[-6.09,52.86],[-6.43,52.18],[-7.61,52.12],[-7.78,52.72]]],[[[-4.86,54.07],[-4.81,54.34],[-4.36,54.21],[-4.86,54.07]]],[[[-5.84,54.95],[-5.73,54.75],[-5.99,54.75],[-5.84,54.95]]]]}},{"type":"Feature","properties":{"n":"(Portuguese Empire)","f":1547,"t":1551,"w":"Q200464"},"geometry":{"type":"MultiPolygon","coordinates":[[[[-36.26,-10.39],[-37.47,-11.41],[-38.13,-12.83],[-39.03,-13.28],[-39.02,-16.43],[-39.77,-18.36],[-39.8,-19.58],[-40.88,-20.93],[-41.14,-22.15],[-42.16,-22.66],[-42.12,-22.28],[-41.35,-21.96],[-41.26,-21.06],[-40.17,-19.58],[-40.05,-18.23],[-39.57,-17.71],[-39.13,-12.44],[-38.26,-12.44],[-37.37,-10.71],[-36.39,-10.06],[-36.8,-9.42],[-36.37,-7.36],[-36.68,-5.11],[-35.3,-5.44],[-34.84,-7.49],[-36.26,-10.39]]],[[[-24.23,15.07],[-24.29,14.75],[-24.36,14.75],[-24.23,15.07]]],[[[-23.73,15.33],[-23.58,15.33],[-23.41,14.88],[-23.78,14.94],[-23.73,15.33]]],[[[-23.28,15.26],[-23.06,15.33],[-22.99,15.2],[-23.28,15.26]]],[[[-22.65,15.97],[-22.94,15.97],[-22.88,16.23],[-22.65,15.97]]],[[[-24.08,16.68],[-24.08,16.55],[-24.37,16.49],[-24.08,16.68]]],[[[-22.83,16.68],[-22.98,16.68],[-22.98,16.81],[-22.83,16.68]]],[[[-25.29,17.19],[-24.99,17.26],[-24.82,16.74],[-25.29,17.19]]],[[[-16.79,32.88],[-16.69,32.69],[-17.07,32.62],[-16.79,32.88]]],[[[-8.44,32.88],[-8.73,32.62],[-9.05,32.88],[-8.7,33.2],[-8.44,32.88]]],[[[-5.71,35.58],[-6.0,35.39],[-5.88,35.77],[-5.24,35.58],[-5.71,35.58]]],[[[-25.7,37.71],[-25.9,37.96],[-25.11,37.9],[-25.7,37.71]]],[[[-28.19,38.55],[-28.08,38.35],[-28.81,38.48],[-28.19,38.55]]],[[[-28.15,38.74],[-27.89,38.61],[-28.04,38.55],[-28.15,38.74]]],[[[-27.36,38.67],[-27.39,38.87],[-27.08,38.87],[-27.36,38.67]]],[[[-6.9,39.77],[-7.44,39.64],[-6.99,39.0],[-7.39,37.25],[-9.0,37.0],[-8.82,38.48],[-9.21,38.42],[-9.57,38.93],[-8.73,40.74],[-8.93,41.91],[-6.7,41.98],[-6.25,41.46],[-6.71,41.2],[-6.9,39.77]]],[[[35.03,-24.21],[34.93,-23.82],[35.38,-23.82],[35.03,-24.21]]],[[[34.71,-20.16],[34.57,-20.29],[34.25,-19.84],[34.54,-19.58],[34.71,-20.16]]],[[[37.34,-17.65],[37.2,-17.78],[37.26,-17.39],[37.63,-17.59],[37.34,-17.65]]],[[[40.75,-14.69],[40.55,-15.34],[40.17,-14.95],[40.75,-14.69]]],[[[39.82,-7.88],[39.53,-8.01],[39.52,-7.81],[39.82,-7.88]]],[[[39.12,-5.76],[39.27,-5.76],[39.43,-6.53],[39.12,-5.76]]],[[[39.77,-4.99],[39.7,-5.44],[39.55,-5.44],[39.77,-4.99]]],[[[6.67,0.41],[6.66,0.16],[6.38,0.03],[6.3,0.35],[6.67,0.41]]],[[[7.34,1.51],[7.19,1.51],[7.27,1.7],[7.34,1.51]]],[[[8.9,3.63],[8.68,3.18],[8.31,3.24],[8.54,3.76],[8.9,3.63]]],[[[-2.52,5.11],[-2.3,5.11],[-2.31,4.85],[-2.52,5.11]]],[[[-1.28,5.04],[-1.8,4.85],[-1.79,5.11],[-1.28,5.04]]],[[[45.05,12.76],[44.61,12.76],[44.78,13.21],[45.22,13.21],[45.05,12.76]]],[[[50.65,25.87],[50.43,25.94],[50.46,26.26],[50.65,25.87]]],[[[50.07,26.07],[50.65,25.1],[51.12,26.13],[51.7,25.87],[51.41,24.33],[51.91,24.01],[54.08,24.14],[55.73,25.74],[56.02,24.84],[54.27,23.75],[51.88,23.69],[50.48,24.78],[49.67,25.87],[49.88,26.45],[48.55,27.48],[48.47,28.12],[47.47,29.34],[48.22,29.28],[48.87,27.67],[50.13,26.77],[50.07,26.07]]],[[[55.79,26.97],[56.32,27.03],[56.06,26.71],[55.31,26.71],[55.79,26.97]]],[[[125.71,-8.52],[125.52,-8.84],[125.13,-8.59],[125.71,-8.52]]],[[[122.79,-8.59],[122.78,-8.39],[123.0,-8.39],[122.79,-8.59]]],[[[128.24,-3.51],[128.25,-3.7],[127.81,-3.83],[128.24,-3.51]]],[[[102.1,3.05],[102.67,2.73],[102.42,2.02],[101.72,2.54],[102.1,3.05]]],[[[79.89,8.96],[81.4,8.51],[81.92,7.42],[81.88,6.71],[81.34,6.14],[80.23,5.88],[79.78,7.04],[79.89,8.96]]],[[[76.23,9.93],[76.45,9.99],[76.56,9.41],[76.26,9.35],[76.23,9.93]]],[[[75.88,11.34],[75.93,10.96],[75.78,10.96],[75.59,11.34],[75.88,11.34]]],[[[75.43,12.18],[75.34,11.92],[75.27,11.92],[75.43,12.18]]],[[[80.38,13.46],[80.41,13.08],[80.13,13.21],[80.38,13.46]]],[[[74.1,15.52],[74.52,15.26],[74.55,14.81],[74.24,14.62],[73.79,15.33],[74.1,15.52]]],[[[72.99,18.99],[72.84,18.99],[72.87,19.31],[72.99,18.99]]],[[[72.9,20.21],[73.19,20.15],[73.18,20.09],[72.9,20.21]]],[[[72.92,20.41],[72.93,20.47],[73.0,20.47],[72.92,20.41]]],[[[71.26,20.86],[71.33,20.86],[71.33,20.79],[71.26,20.86]]],[[[58.4,23.24],[58.29,23.62],[58.81,23.62],[59.05,22.91],[58.4,23.24]]]]}},{"type":"Feature","properties":{"n":"Itza Mayans","f":1547,"t":1563,"w":"Q606377"},"geometry":{"type":"MultiPolygon","coordinates":[[[[-89.94,16.55],[-89.93,15.97],[-90.38,16.04],[-90.57,17.77],[-89.17,17.77],[-88.25,18.48],[-88.17,17.51],[-88.55,17.58],[-88.42,17.26],[-88.58,17.32],[-89.94,16.55]]],[[[-88.56,17.19],[-88.57,17.26],[-88.5,17.26],[-88.56,17.19]]]]}},{"type":"Feature","properties":{"n":"(Personal union of Spanish Empire with Habsburg Monarchy)","f":1547,"t":1551,"w":"Q32500"},"geometry":{"type":"MultiPolygon","coordinates":[[[[-57.5,-24.34],[-57.0,-24.47],[-58.31,-26.59],[-58.82,-26.52],[-57.5,-24.34]]],[[[-75.34,-10.77],[-75.27,-10.77],[-75.27,-10.84],[-75.34,-10.77]]],[[[-104.86,22.85],[-104.99,22.4],[-104.11,22.14],[-103.91,22.59],[-103.8,22.08],[-103.57,22.4],[-103.48,21.95],[-103.15,22.14],[-102.12,21.11],[-101.54,21.56],[-100.51,20.86],[-99.91,21.18],[-98.42,20.79],[-98.35,21.18],[-97.35,21.37],[-95.77,18.8],[-94.48,18.22],[-92.5,18.74],[-91.5,18.48],[-90.48,19.89],[-90.32,21.11],[-86.92,21.63],[-86.66,20.99],[-87.35,20.21],[-87.7,18.29],[-87.99,18.74],[-89.17,17.77],[-90.57,17.77],[-90.6,16.55],[-89.99,15.91],[-90.27,15.26],[-89.04,15.39],[-89.04,15.91],[-85.88,15.97],[-85.69,15.07],[-84.58,14.43],[-84.94,13.72],[-84.42,11.34],[-83.58,10.96],[-82.21,9.03],[-81.03,8.84],[-79.69,9.61],[-78.96,9.61],[-77.99,9.29],[-76.83,8.19],[-76.93,8.64],[-75.66,9.48],[-75.58,10.51],[-74.96,11.15],[-74.36,10.89],[-74.17,11.34],[-73.15,11.41],[-71.84,12.44],[-71.1,12.31],[-71.28,11.79],[-71.92,11.6],[-71.65,10.83],[-69.73,11.66],[-69.14,11.54],[-70.84,10.7],[-70.4,9.54],[-70.73,8.9],[-72.04,8.77],[-72.24,8.45],[-73.16,5.69],[-74.15,4.59],[-74.35,3.89],[-75.79,2.21],[-76.3,1.31],[-76.81,0.41],[-77.87,-3.25],[-77.5,-6.85],[-76.34,-8.39],[-75.17,-11.35],[-73.45,-12.64],[-73.75,-12.76],[-73.59,-13.41],[-73.06,-13.21],[-73.17,-12.76],[-71.74,-13.15],[-70.67,-12.76],[-68.37,-13.28],[-65.67,-14.89],[-63.8,-15.34],[-62.48,-16.75],[-63.18,-20.61],[-64.08,-22.86],[-65.06,-23.95],[-67.12,-31.02],[-68.47,-33.66],[-70.6,-35.52],[-72.67,-35.46],[-71.63,-32.69],[-71.94,-30.83],[-71.42,-29.74],[-71.73,-29.16],[-70.57,-25.17],[-70.53,-23.63],[-70.81,-23.5],[-70.18,-21.38],[-70.44,-18.42],[-71.62,-17.33],[-75.22,-15.53],[-76.08,-14.69],[-76.46,-14.18],[-76.38,-13.41],[-77.8,-11.35],[-78.98,-8.46],[-79.98,-6.91],[-81.33,-6.14],[-81.01,-5.63],[-81.47,-4.41],[-80.05,-3.12],[-81.12,-2.29],[-81.03,-0.94],[-80.16,0.22],[-80.23,0.86],[-79.06,1.25],[-78.78,2.34],[-77.91,2.6],[-77.26,3.63],[-77.56,4.08],[-77.41,6.52],[-78.5,7.94],[-78.23,8.45],[-79.64,8.9],[-80.41,8.26],[-80.0,7.42],[-80.94,7.16],[-81.05,7.87],[-81.47,7.61],[-81.94,8.19],[-83.71,8.45],[-83.67,9.09],[-84.83,9.99],[-85.24,9.61],[-85.78,9.99],[-85.72,11.09],[-87.55,12.69],[-87.47,13.34],[-88.85,13.21],[-91.35,13.91],[-94.77,16.36],[-96.73,15.65],[-101.11,17.26],[-101.9,17.96],[-103.43,18.29],[-105.33,19.7],[-105.63,20.47],[-105.13,21.31],[-105.7,22.59],[-108.04,24.91],[-107.32,24.71],[-105.41,22.66],[-105.29,23.11],[-104.86,22.85]]],[[[-76.3,1.31],[-76.22,1.31],[-76.22,1.25],[-76.3,1.31]]],[[[-75.14,2.92],[-75.07,2.92],[-75.07,2.86],[-75.14,2.92]]],[[[-81.9,7.36],[-81.91,7.61],[-81.7,7.68],[-81.9,7.36]]],[[[-79.03,8.32],[-78.96,8.45],[-78.81,8.45],[-79.03,8.32]]],[[[-63.42,10.25],[-63.35,10.25],[-63.35,10.19],[-63.42,10.25]]],[[[-61.0,10.06],[-61.73,10.06],[-61.55,10.83],[-60.89,10.83],[-61.0,10.06]]],[[[-61.98,10.57],[-62.85,10.51],[-62.84,10.31],[-63.28,10.38],[-63.63,10.12],[-64.52,10.31],[-64.03,10.7],[-61.98,10.57]]],[[[-64.04,10.83],[-64.35,11.09],[-63.84,11.21],[-64.04,10.83]]],[[[-69.11,12.18],[-69.12,12.37],[-68.66,11.99],[-69.11,12.18]]],[[[-68.16,12.24],[-68.15,12.05],[-68.29,12.05],[-68.16,12.24]]],[[[-69.93,12.37],[-70.02,12.56],[-69.87,12.56],[-69.93,12.37]]],[[[-78.39,18.29],[-77.01,18.48],[-76.12,17.9],[-77.37,17.84],[-78.39,18.29]]],[[[-67.12,17.96],[-67.26,18.48],[-66.16,18.54],[-65.52,18.16],[-67.12,17.96]]],[[[-69.49,19.12],[-68.58,18.99],[-68.29,18.41],[-70.72,18.35],[-71.28,17.58],[-72.1,18.22],[-74.4,18.29],[-74.24,18.74],[-72.3,18.61],[-72.79,19.51],[-73.41,19.64],[-73.23,19.96],[-70.78,19.96],[-69.12,19.19],[-69.49,19.12]]],[[[-73.3,18.86],[-73.32,18.99],[-72.79,18.93],[-72.83,18.67],[-73.3,18.86]]],[[[-86.7,20.34],[-86.99,20.28],[-87.02,20.47],[-86.67,20.6],[-86.7,20.34]]],[[[-74.07,20.15],[-77.65,19.83],[-77.19,20.66],[-78.24,20.79],[-78.66,21.56],[-82.05,22.27],[-81.74,22.66],[-84.8,21.82],[-84.0,22.79],[-82.29,23.24],[-80.57,23.17],[-74.07,20.15]]],[[[-82.5,21.44],[-82.95,21.44],[-83.04,21.95],[-82.66,21.95],[-82.5,21.44]]],[[[-78.6,22.53],[-78.23,22.59],[-78.2,22.4],[-78.6,22.53]]],[[[-17.85,27.87],[-17.9,27.61],[-18.06,27.67],[-17.85,27.87]]],[[[-15.73,27.74],[-15.76,28.19],[-15.3,28.12],[-15.73,27.74]]],[[[-17.35,28.19],[-17.12,28.25],[-17.03,28.06],[-17.35,28.19]]],[[[-16.91,28.38],[-16.09,28.57],[-16.36,28.06],[-16.65,27.93],[-16.91,28.38]]],[[[-13.77,28.77],[-13.81,28.25],[-14.32,28.06],[-13.77,28.77]]],[[[-17.71,28.89],[-17.67,28.51],[-17.9,28.51],[-17.71,28.89]]],[[[-13.65,29.22],[-13.42,29.22],[-13.47,28.89],[-13.86,28.96],[-13.65,29.22]]],[[[-2.98,35.26],[-2.99,35.45],[-2.84,35.45],[-2.98,35.26]]],[[[-0.53,35.71],[-0.45,35.58],[-0.67,35.45],[-0.91,35.64],[-0.53,35.71]]],[[[4.39,36.93],[5.02,36.8],[4.94,36.67],[4.39,36.93]]],[[[1.65,39.13],[1.66,39.0],[1.27,38.8],[1.26,39.13],[1.65,39.13]]],[[[2.34,39.64],[2.88,39.97],[3.52,39.77],[3.3,39.32],[2.34,39.64]]],[[[1.66,42.43],[2.99,43.02],[3.12,41.91],[0.7,40.94],[-0.35,39.71],[0.1,38.74],[-0.66,38.29],[-0.7,37.64],[-1.71,37.45],[-2.06,36.8],[-4.47,36.74],[-5.58,36.03],[-6.43,37.0],[-7.39,37.25],[-6.99,39.06],[-7.44,39.64],[-6.9,39.77],[-6.93,41.0],[-6.27,41.65],[-6.7,41.98],[-8.93,41.91],[-8.66,42.37],[-9.3,43.15],[-8.24,43.73],[-1.44,43.28],[1.66,42.43]]],[[[4.22,40.1],[4.3,39.84],[3.83,39.9],[4.22,40.1]]],[[[4.31,46.28],[4.41,46.02],[4.08,45.96],[4.31,46.28]]],[[[5.82,47.86],[7.47,48.06],[7.56,47.6],[6.98,47.53],[5.79,46.22],[5.37,46.35],[5.82,47.86]]],[[[8.21,48.26],[8.06,47.33],[7.56,47.47],[7.89,47.66],[7.71,48.26],[8.21,48.26]]],[[[8.21,48.13],[8.46,48.06],[8.46,47.99],[8.21,48.13]]],[[[8.29,48.26],[8.21,48.39],[8.45,48.39],[8.29,48.26]]],[[[7.79,48.59],[7.95,48.59],[7.95,48.52],[7.79,48.59]]],[[[6.02,51.92],[6.12,51.51],[6.04,51.45],[5.05,50.71],[5.23,50.31],[5.9,50.38],[5.72,50.85],[6.04,51.31],[6.07,50.45],[6.4,50.51],[6.07,50.25],[6.58,50.11],[6.36,49.25],[5.86,49.18],[5.93,49.58],[5.35,49.32],[4.74,50.11],[1.87,50.38],[2.07,51.11],[3.75,51.45],[3.4,51.65],[4.22,52.18],[4.69,53.19],[5.0,52.05],[5.59,52.05],[5.93,52.25],[5.21,53.12],[6.74,53.53],[7.18,53.26],[6.68,52.65],[6.94,52.38],[6.02,51.92]]],[[[6.04,51.45],[6.12,51.45],[6.12,51.38],[6.04,51.45]]],[[[13.3,32.62],[13.23,32.94],[13.61,32.88],[13.3,32.62]]],[[[18.36,40.29],[18.35,39.9],[17.35,40.55],[16.62,40.29],[16.45,39.64],[17.14,39.06],[15.93,37.96],[15.39,38.16],[15.05,36.74],[12.49,37.71],[12.65,38.09],[14.6,38.03],[15.86,38.29],[16.27,38.74],[15.75,40.03],[13.79,41.13],[13.8,41.85],[13.01,42.04],[13.1,42.69],[13.99,42.95],[14.37,42.24],[16.12,41.91],[15.94,41.39],[18.36,40.29]]],[[[9.59,39.13],[8.34,39.0],[8.15,40.94],[9.5,41.2],[9.59,39.13]]],[[[9.97,43.99],[9.89,43.99],[9.89,44.06],[9.97,43.99]]],[[[8.43,44.71],[8.58,45.56],[7.92,45.96],[8.32,46.41],[8.9,45.89],[9.39,46.22],[9.31,45.69],[10.45,45.17],[9.23,45.1],[9.97,44.12],[8.59,44.45],[7.55,43.8],[8.43,44.71]]],[[[21.36,47.93],[21.94,47.93],[21.93,47.8],[21.36,47.93]]],[[[9.29,47.8],[8.88,47.73],[8.96,47.99],[9.29,47.8]]],[[[8.63,47.86],[8.63,47.99],[8.71,47.99],[8.63,47.86]]],[[[9.37,47.93],[9.54,47.99],[9.54,47.86],[9.37,47.93]]],[[[10.12,48.06],[10.2,48.26],[10.53,48.26],[10.12,48.06]]],[[[8.54,48.26],[8.54,48.32],[8.79,48.32],[8.54,48.26]]],[[[8.95,48.32],[9.04,48.19],[8.87,48.19],[8.95,48.32]]],[[[21.8,49.38],[22.44,49.05],[20.69,47.8],[18.89,48.06],[18.21,47.73],[18.17,46.87],[16.92,46.35],[17.55,45.82],[16.29,44.84],[16.52,44.32],[15.88,44.71],[14.91,44.58],[14.6,45.37],[14.03,45.04],[13.79,45.24],[14.12,45.5],[13.31,45.82],[13.56,46.55],[11.11,46.41],[9.54,47.2],[9.62,47.53],[12.51,47.66],[12.18,47.07],[13.74,47.07],[13.18,48.06],[14.1,48.65],[12.53,49.52],[12.12,50.25],[14.33,50.98],[14.26,51.71],[13.42,52.05],[13.94,52.32],[14.78,51.92],[15.65,52.32],[16.13,51.71],[17.32,51.71],[19.19,50.38],[18.88,49.45],[21.8,49.38]],[[20.29,49.25],[20.28,49.12],[20.45,49.18],[20.29,49.25]],[[13.93,52.12],[13.93,52.05],[14.27,51.92],[13.93,52.12]]],[[[9.95,48.46],[10.03,48.26],[9.45,48.19],[9.95,48.46]]],[[[9.2,48.32],[9.37,48.46],[9.37,48.26],[9.2,48.32]]],[[[10.2,48.46],[10.28,48.32],[10.11,48.32],[10.2,48.46]]],[[[8.45,48.59],[8.45,48.52],[8.37,48.46],[8.45,48.59]]],[[[8.7,48.52],[8.53,48.59],[8.62,48.65],[8.7,48.52]]],[[[13.25,51.85],[13.67,51.78],[13.67,51.65],[13.25,51.85]]]]}},{"type":"Feature","properties":{"n":"Sur Empire","f":1547,"t":1551,"w":"Q373650"},"geometry":{"type":"Polygon","coordinates":[[[86.29,24.33],[82.82,24.14],[75.42,22.85],[76.46,24.52],[76.93,26.64],[74.52,26.64],[69.84,27.42],[69.29,29.54],[69.37,32.62],[70.33,32.81],[71.94,34.81],[73.33,34.49],[73.63,32.88],[79.1,31.46],[79.48,29.41],[81.19,28.19],[83.08,27.42],[84.43,27.42],[85.27,26.71],[90.39,26.0],[90.86,22.01],[88.73,21.63],[88.64,22.08],[88.35,21.56],[88.18,21.95],[87.38,21.56],[85.85,23.36],[86.29,24.33]]]}},{"type":"Feature","properties":{"n":"First Toungoo Empire","f":1547,"t":1551,"w":"Q23039102"},"geometry":{"type":"Polygon","coordinates":[[[98.93,16.36],[98.08,15.52],[97.72,15.52],[97.62,16.49],[97.0,17.32],[96.83,16.61],[95.61,15.71],[94.24,15.97],[94.48,18.22],[94.12,18.86],[93.51,18.74],[93.8,19.7],[93.02,19.96],[93.49,20.66],[92.39,20.73],[94.65,21.95],[96.65,21.44],[97.47,20.47],[96.89,18.54],[97.16,17.9],[97.77,18.03],[98.93,16.36]]]}},{"type":"Feature","properties":{"n":"Mughal Empire","f":1547,"t":1555,"w":"Q33296"},"geometry":{"type":"Polygon","coordinates":[[[71.62,35.07],[70.73,33.91],[69.99,34.04],[69.06,33.33],[67.64,30.5],[66.62,30.31],[65.99,29.73],[63.89,29.41],[64.6,32.49],[66.33,36.22],[68.62,36.1],[68.88,36.8],[68.51,37.19],[69.35,37.13],[69.55,37.58],[70.88,37.32],[71.62,35.07]]]}},{"type":"Feature","properties":{"n":"Habsburg Monarchy","f":1547,"t":1551,"w":"Q66504140"},"geometry":{"type":"MultiPolygon","coordinates":[[[[5.38,46.28],[5.58,47.66],[7.47,48.06],[7.56,47.6],[6.98,47.53],[5.79,46.22],[5.38,46.28]]],[[[8.21,48.26],[8.06,47.33],[7.56,47.47],[7.89,47.66],[7.63,48.19],[8.21,48.26]]],[[[8.21,47.99],[8.21,48.13],[8.38,48.13],[8.21,47.99]]],[[[8.79,48.32],[8.71,48.19],[8.54,48.32],[8.79,48.32]]],[[[8.21,48.39],[8.45,48.39],[8.29,48.32],[8.21,48.39]]],[[[8.37,48.46],[8.29,48.59],[8.45,48.59],[8.37,48.46]]],[[[7.79,48.52],[7.79,48.59],[7.95,48.59],[7.79,48.52]]],[[[8.62,48.65],[8.7,48.52],[8.62,48.52],[8.62,48.65]]],[[[6.02,51.92],[6.12,51.51],[5.05,50.71],[5.23,50.31],[5.9,50.38],[5.72,50.85],[6.04,51.31],[6.07,50.45],[6.4,50.51],[6.07,50.25],[6.58,50.11],[6.36,49.25],[5.86,49.18],[5.93,49.58],[5.35,49.32],[4.74,50.11],[1.87,50.38],[2.07,51.11],[3.75,51.45],[3.4,51.65],[4.22,52.18],[4.69,53.19],[5.0,52.05],[5.59,52.05],[5.93,52.25],[5.21,53.12],[5.54,53.39],[7.18,53.26],[6.61,51.98],[6.02,51.92]]],[[[21.51,47.66],[21.36,47.93],[21.94,47.93],[21.51,47.66]]],[[[9.29,47.99],[9.29,47.8],[8.88,47.73],[9.29,47.99]]],[[[8.71,47.93],[8.79,47.86],[8.63,47.86],[8.71,47.93]]],[[[9.54,47.99],[9.54,47.86],[9.37,47.93],[9.54,47.99]]],[[[10.36,47.99],[10.12,48.06],[10.2,48.26],[10.53,48.26],[10.36,47.99]]],[[[8.87,48.19],[8.87,48.32],[9.04,48.26],[8.87,48.19]]],[[[9.45,48.46],[10.03,48.26],[9.78,48.32],[9.45,48.46]]],[[[9.37,48.26],[9.2,48.26],[9.2,48.32],[9.37,48.26]]],[[[10.11,48.46],[10.28,48.39],[10.28,48.32],[10.11,48.46]]]]}},{"type":"Feature","properties":{"n":"Republic of Genoa","f":1547,"t":1563,"w":"Q174306"},"geometry":{"type":"MultiPolygon","coordinates":[[[[26.11,38.16],[25.88,38.16],[25.91,38.67],[26.11,38.16]]],[[[9.58,41.98],[9.1,41.33],[8.62,41.72],[8.53,42.5],[9.49,43.02],[9.58,41.98]]],[[[7.23,43.8],[7.31,43.8],[7.31,43.73],[7.23,43.8]]],[[[7.31,43.8],[7.47,43.93],[7.55,43.8],[7.31,43.8]]]]}},{"type":"Feature","properties":{"n":"Electorate of Saxony","f":1547,"t":1551,"w":"Q156199"},"geometry":{"type":"Polygon","coordinates":[[[10.36,50.18],[10.36,50.51],[11.29,50.78],[10.53,51.25],[10.78,50.85],[10.36,50.65],[10.02,51.18],[10.61,51.38],[11.29,51.31],[10.87,51.65],[11.38,51.71],[11.37,51.31],[12.05,51.38],[12.4,52.18],[14.26,51.71],[13.91,51.38],[14.33,51.25],[14.15,50.85],[12.29,50.25],[11.96,50.31],[12.05,50.85],[11.2,50.51],[11.28,50.25],[10.36,50.18]],[[12.22,51.05],[12.22,51.18],[12.05,51.31],[12.22,51.05]],[[12.81,50.98],[12.55,50.91],[12.63,50.65],[12.81,50.98]],[[13.24,51.71],[13.67,51.65],[13.67,51.78],[13.24,51.71]],[[12.9,51.45],[12.64,51.38],[12.9,51.31],[12.9,51.45]]]}},{"type":"Feature","properties":{"n":"Ottoman Empire","f":1547,"t":1551,"w":"Q12560"},"geometry":{"type":"MultiPolygon","coordinates":[[[[27.19,36.8],[26.87,36.67],[27.04,36.93],[27.19,36.8]]],[[[25.34,37.13],[25.57,37.13],[25.56,37.0],[25.34,37.13]]],[[[24.36,37.71],[24.43,37.58],[24.27,37.51],[24.36,37.71]]],[[[26.31,37.71],[26.3,37.58],[25.99,37.51],[26.31,37.71]]],[[[24.77,38.03],[25.07,37.77],[24.83,37.71],[24.77,38.03]]],[[[23.57,38.8],[23.56,38.74],[23.48,38.74],[23.57,38.8]]],[[[24.67,38.93],[24.66,38.74],[24.36,38.87],[24.67,38.93]]],[[[25.79,39.19],[26.04,39.38],[26.64,39.0],[25.79,39.19]]],[[[20.15,39.64],[20.15,39.58],[20.07,39.58],[20.15,39.64]]],[[[25.46,40.03],[25.45,39.84],[24.97,39.84],[25.46,40.03]]],[[[26.04,40.29],[26.02,40.16],[25.7,40.1],[26.04,40.29]]],[[[24.49,40.81],[24.81,40.81],[24.79,40.61],[24.49,40.81]]],[[[37.7,18.8],[37.54,18.61],[37.1,18.74],[37.34,19.12],[37.7,18.8]]],[[[44.25,19.57],[44.25,19.64],[44.33,19.64],[44.25,19.57]]],[[[44.25,19.64],[44.18,19.64],[44.18,19.7],[44.25,19.64]]],[[[40.06,25.49],[40.06,25.55],[40.14,25.55],[40.06,25.49]]],[[[20.06,45.37],[22.55,44.97],[22.5,44.32],[22.95,43.8],[25.43,43.6],[27.83,44.19],[27.86,45.3],[28.89,46.48],[29.65,46.74],[30.02,46.41],[30.27,46.41],[30.4,46.09],[29.61,45.69],[29.53,44.91],[28.8,44.97],[28.48,43.47],[27.51,42.63],[27.98,41.65],[28.96,41.13],[31.18,41.07],[32.63,41.91],[34.88,42.04],[35.95,41.72],[36.21,41.26],[38.3,40.87],[40.37,40.94],[41.79,41.85],[41.81,41.46],[43.73,41.52],[44.04,40.61],[43.81,40.16],[42.64,39.77],[42.66,37.9],[45.02,35.9],[45.2,35.0],[45.72,34.81],[45.44,33.91],[46.23,32.94],[47.6,32.3],[47.98,31.72],[47.74,31.01],[48.59,29.92],[47.77,29.34],[46.87,29.41],[43.15,32.81],[40.93,34.1],[38.91,33.26],[37.4,31.01],[37.16,30.05],[41.41,23.11],[46.63,16.16],[47.06,14.69],[46.18,13.4],[45.36,13.01],[44.78,13.21],[44.61,12.69],[43.44,12.69],[42.75,15.14],[42.82,16.61],[41.24,18.61],[40.85,19.7],[39.35,20.79],[38.6,23.62],[37.44,24.33],[37.27,25.23],[35.41,27.87],[34.59,28.06],[34.91,29.41],[34.12,27.74],[32.44,29.79],[35.15,24.65],[35.86,24.01],[35.55,23.69],[35.81,22.91],[31.23,22.01],[31.32,22.4],[30.01,23.11],[28.57,24.65],[28.15,27.35],[27.14,28.25],[22.54,30.44],[20.95,30.56],[18.81,30.05],[20.2,30.89],[20.02,32.24],[21.88,32.94],[23.09,32.62],[23.3,32.17],[24.89,31.98],[25.25,31.46],[26.85,31.46],[28.87,30.82],[30.97,31.66],[31.88,31.46],[32.0,31.08],[33.98,31.14],[34.63,31.66],[35.64,34.36],[36.05,34.55],[35.84,36.29],[36.29,36.8],[34.58,36.87],[33.98,36.29],[32.71,36.03],[31.09,36.93],[29.94,36.22],[29.24,36.22],[29.12,36.74],[28.59,36.87],[28.03,36.67],[28.07,37.13],[27.22,37.32],[27.28,38.03],[26.43,38.22],[26.38,38.67],[27.06,38.35],[26.85,39.58],[26.13,39.51],[26.6,40.48],[29.05,40.36],[28.91,40.61],[29.48,40.74],[28.17,41.13],[26.92,40.48],[25.38,41.0],[23.7,40.81],[23.74,40.23],[22.65,40.61],[22.61,39.9],[23.14,39.45],[22.8,39.06],[23.49,38.87],[22.94,38.74],[24.03,38.67],[24.16,38.22],[23.98,37.84],[23.04,37.9],[23.4,37.32],[22.71,37.58],[23.06,36.67],[22.36,36.67],[22.22,37.06],[21.74,36.87],[21.7,37.51],[21.24,37.84],[21.74,38.35],[20.74,38.8],[20.91,39.06],[19.25,40.61],[19.4,42.11],[18.71,42.82],[17.52,43.02],[16.82,43.73],[15.23,44.32],[15.88,44.71],[16.52,44.32],[16.29,44.84],[17.55,45.82],[16.92,46.35],[18.17,46.87],[17.94,47.33],[18.89,48.06],[20.69,47.8],[19.98,46.94],[20.06,45.37]]],[[[27.69,36.29],[28.25,36.48],[28.14,36.03],[27.74,35.9],[27.69,36.29]]],[[[34.03,44.65],[34.57,44.97],[35.4,45.1],[33.93,44.45],[33.47,44.65],[34.03,44.65]]],[[[36.42,45.43],[36.38,45.17],[36.23,45.24],[36.42,45.43]]],[[[29.88,46.61],[29.89,46.68],[29.97,46.68],[29.88,46.61]]],[[[39.22,47.01],[39.13,47.4],[39.39,47.47],[39.22,47.01]]]]}},{"type":"Feature","properties":{"n":"Principality of Guria","f":1547,"t":1563,"w":"Q2195101"},"geometry":{"type":"Polygon","coordinates":[[[41.76,42.11],[42.66,41.78],[41.81,41.46],[41.76,42.11]]]}},{"type":"Feature","properties":{"n":"Tsardom of Russia","f":1547,"t":1551,"w":"Q186096"},"geometry":{"type":"MultiPolygon","coordinates":[[[[46.43,57.49],[46.52,57.49],[46.5,57.42],[46.43,57.49]]],[[[46.54,57.56],[46.63,57.56],[46.61,57.49],[46.54,57.56]]],[[[68.29,68.42],[64.27,64.57],[64.02,63.77],[64.32,62.62],[63.58,61.41],[61.39,60.35],[57.0,59.92],[55.25,59.22],[53.53,59.22],[53.09,58.81],[51.91,59.02],[51.44,58.74],[51.23,57.7],[46.57,57.63],[43.69,56.94],[42.23,55.84],[40.45,55.77],[39.84,53.66],[38.0,53.12],[38.11,52.45],[36.86,50.91],[36.09,50.85],[34.53,51.58],[34.16,50.45],[33.41,50.45],[32.26,51.18],[30.69,50.85],[30.58,51.85],[31.66,52.18],[31.31,53.19],[31.9,53.12],[32.15,53.53],[30.8,54.75],[31.37,55.98],[29.4,55.77],[29.04,56.8],[28.15,56.18],[27.65,56.94],[27.8,57.35],[27.39,57.56],[27.98,57.9],[27.94,58.25],[27.48,58.18],[27.93,59.78],[29.76,59.85],[30.16,60.07],[29.29,61.26],[29.91,62.55],[29.3,64.2],[30.31,65.81],[28.97,66.85],[29.07,67.3],[29.51,67.97],[32.29,69.56],[36.13,69.26],[41.0,67.74],[41.39,67.15],[41.04,66.7],[38.68,66.03],[32.55,67.07],[33.0,66.55],[34.87,65.88],[34.44,65.37],[34.98,64.49],[37.39,63.91],[37.88,63.99],[37.89,64.35],[36.79,64.49],[36.36,65.0],[37.21,65.3],[38.21,64.79],[40.19,64.71],[39.54,65.37],[40.4,65.96],[41.96,66.55],[43.97,66.18],[44.37,67.0],[43.6,67.3],[44.17,68.27],[43.45,68.73],[45.88,68.57],[46.66,67.82],[44.93,67.44],[45.81,66.92],[47.37,66.92],[47.78,67.67],[53.28,69.03],[54.04,68.95],[53.87,68.42],[53.3,68.27],[58.39,69.03],[59.09,69.03],[59.4,68.88],[59.24,68.42],[59.74,68.42],[60.7,68.88],[60.09,69.72],[58.45,70.02],[58.97,70.57],[60.54,69.79],[63.93,69.72],[68.29,68.42]]],[[[35.5,65.0],[35.46,65.22],[36.13,65.22],[35.5,65.0]]],[[[48.24,69.41],[48.61,69.56],[50.32,69.33],[49.7,68.88],[48.37,68.8],[48.24,69.41]]]]}},{"type":"Feature","properties":{"n":"Qasim Khanate","f":1547,"t":1551,"w":"Q836169"},"geometry":{"type":"Polygon","coordinates":[[[40.95,53.6],[39.86,53.73],[40.45,55.77],[41.81,55.91],[41.82,55.29],[42.32,55.23],[40.95,53.6]]]}},{"type":"Feature","properties":{"n":"Sultanate of Harar","f":1547,"t":1563,"w":"Q2365048"},"geometry":{"type":"Polygon","coordinates":[[[43.25,11.6],[44.08,10.57],[45.1,10.38],[42.4,8.58],[41.71,9.54],[41.76,10.96],[42.27,12.69],[42.86,12.95],[43.5,12.31],[42.81,11.6],[43.25,11.6]]]}},{"type":"Feature","properties":{"n":"Wattasid dynasty","f":1547,"t":1551,"w":"Q970799"},"geometry":{"type":"Polygon","coordinates":[[[-1.72,34.68],[-1.58,33.39],[-2.84,32.62],[-5.88,29.54],[-8.66,27.93],[-11.62,28.25],[-9.83,29.79],[-9.8,31.59],[-9.13,32.81],[-8.73,32.62],[-8.55,33.33],[-6.9,33.91],[-6.0,35.39],[-5.24,35.58],[-4.75,35.19],[-1.72,34.68]]]}},{"type":"Feature","properties":{"n":"Demak Sultanate","f":1547,"t":1551,"w":"Q49322"},"geometry":{"type":"Polygon","coordinates":[[[112.41,-8.46],[110.65,-8.26],[109.9,-8.01],[110.01,-7.56],[109.24,-6.85],[110.34,-6.91],[110.89,-6.4],[111.64,-6.72],[111.51,-7.04],[112.52,-7.94],[112.41,-8.46]]]}},{"type":"Feature","properties":{"n":"Ethiopian Empire","f":1547,"t":1563,"w":"Q207521"},"geometry":{"type":"MultiPolygon","coordinates":[[[[41.32,14.62],[42.79,13.01],[42.27,12.69],[41.76,10.96],[42.29,7.16],[41.6,6.2],[41.03,6.78],[40.8,6.33],[41.3,5.94],[41.22,5.56],[40.71,5.81],[40.27,5.43],[39.26,5.81],[38.55,6.71],[38.64,7.16],[37.18,7.36],[37.5,8.26],[37.09,9.16],[37.48,9.93],[36.48,10.64],[36.8,11.41],[36.75,12.24],[37.16,13.34],[39.08,16.94],[39.73,15.2],[39.82,15.46],[41.32,14.62]]],[[[36.65,11.47],[36.73,11.47],[36.72,11.41],[36.65,11.47]]],[[[38.14,15.78],[38.22,15.78],[38.21,15.71],[38.14,15.78]]]]}},{"type":"Feature","properties":{"n":"Bidar Sultanate","f":1547,"t":1551,"w":"Q669317"},"geometry":{"type":"Polygon","coordinates":[[[77.45,16.55],[77.3,17.9],[76.24,18.99],[76.43,19.38],[77.97,19.25],[77.8,16.42],[77.45,16.55]]]}},{"type":"Feature","properties":{"n":"Golden Horde","f":1547,"t":1551,"w":"Q79965"},"geometry":{"type":"MultiPolygon","coordinates":[[[[118.94,54.41],[125.6,51.85],[126.07,50.91],[125.99,49.05],[124.19,45.43],[122.92,45.37],[121.11,46.55],[118.62,46.74],[116.72,46.35],[115.88,45.56],[114.74,45.43],[113.69,44.78],[112.02,45.1],[111.39,44.32],[111.96,43.8],[110.55,42.89],[113.55,42.11],[114.97,40.68],[112.5,40.36],[110.42,39.51],[109.42,37.9],[107.51,38.35],[107.29,38.55],[107.65,39.32],[107.33,39.64],[106.16,37.96],[103.76,37.84],[102.79,38.48],[103.12,39.06],[102.09,38.87],[100.43,39.9],[99.99,41.33],[97.2,41.65],[97.0,42.56],[98.56,46.09],[98.35,46.74],[97.66,47.14],[98.35,48.52],[101.06,51.25],[103.31,52.05],[103.84,51.85],[103.57,51.58],[104.83,51.45],[108.03,52.79],[108.83,53.26],[109.64,54.27],[109.99,55.84],[118.94,54.41]]],[[[108.87,53.53],[108.52,53.53],[108.6,53.73],[109.02,53.94],[108.87,53.53]]]]}},{"type":"Feature","properties":{"n":"House of Jagiellon","f":1547,"t":1555,"w":"Q194355"},"geometry":{"type":"MultiPolygon","coordinates":[[[[31.66,48.26],[31.74,48.26],[31.73,48.19],[31.66,48.26]]],[[[20.37,49.18],[20.28,49.12],[20.29,49.25],[20.37,49.18]]],[[[17.32,51.71],[16.13,51.71],[15.65,52.32],[15.49,52.65],[16.1,52.86],[16.4,53.8],[17.08,53.6],[18.02,54.89],[18.46,54.89],[18.69,54.41],[20.75,54.21],[20.27,53.66],[19.45,54.21],[18.7,53.39],[19.74,53.46],[20.4,53.06],[22.42,53.6],[22.66,54.27],[22.81,54.89],[20.91,55.98],[21.38,56.32],[24.83,56.39],[26.58,55.7],[28.4,56.11],[29.04,56.8],[29.4,55.77],[31.37,55.98],[30.8,54.75],[32.15,53.53],[31.9,53.12],[31.31,53.19],[31.66,52.18],[30.58,51.85],[30.54,50.98],[32.26,51.18],[34.47,50.25],[33.96,49.18],[32.48,48.79],[31.22,48.06],[29.8,47.93],[29.22,47.27],[28.88,47.86],[27.39,48.65],[25.34,48.92],[25.54,48.39],[24.91,47.8],[22.78,49.12],[18.88,49.45],[19.17,50.18],[17.32,51.71]]]]}},{"type":"Feature","properties":{"n":"Republic of Florence","f":1547,"t":1555,"w":"Q148540"},"geometry":{"type":"MultiPolygon","coordinates":[[[[10.46,42.89],[10.46,42.69],[10.21,42.69],[10.46,42.89]]],[[[10.21,43.93],[10.7,43.8],[10.86,44.25],[11.51,44.39],[12.23,43.6],[11.9,43.15],[11.02,43.47],[10.78,42.95],[10.21,43.93]]]]}},{"type":"Feature","properties":{"n":"Khanate of Bukhara","f":1547,"t":1587,"w":"Q577668"},"geometry":{"type":"Polygon","coordinates":[[[72.24,36.87],[71.58,36.74],[71.57,37.84],[71.18,38.42],[70.71,38.42],[70.17,37.58],[69.55,37.58],[69.35,37.13],[68.51,37.19],[68.88,36.8],[68.62,36.1],[66.33,36.22],[65.94,37.51],[64.66,38.03],[62.65,39.71],[62.38,41.33],[63.73,42.43],[68.28,40.36],[72.31,42.24],[73.38,42.11],[73.95,40.03],[73.66,37.51],[72.24,36.87]]]}},{"type":"Feature","properties":{"n":"Kingdom of Mrauk U","f":1547,"t":1551,"w":"Q10791211"},"geometry":{"type":"MultiPolygon","coordinates":[[[[93.49,20.66],[93.45,20.34],[92.83,20.15],[92.6,20.66],[93.49,20.66]]],[[[92.31,20.73],[91.74,22.4],[91.37,22.46],[91.53,22.98],[92.32,22.79],[93.02,22.01],[93.17,23.04],[94.07,23.04],[94.15,21.63],[92.31,20.73]]]]}},{"type":"Feature","properties":{"n":"Kingdom of Spain","f":1547,"t":1555,"w":"Q29"},"geometry":{"type":"MultiPolygon","coordinates":[[[[1.27,38.8],[1.18,39.06],[1.65,39.13],[1.27,38.8]]],[[[3.3,39.32],[2.35,39.45],[2.88,39.97],[3.52,39.77],[3.3,39.32]]],[[[1.66,42.43],[2.99,43.02],[3.12,41.91],[0.7,40.94],[-0.2,39.97],[-0.31,39.13],[0.1,38.74],[-0.66,38.29],[-0.7,37.64],[-1.71,37.45],[-2.06,36.8],[-4.47,36.74],[-5.58,36.03],[-6.06,36.22],[-6.43,37.0],[-7.39,37.25],[-7.5,37.71],[-6.99,38.09],[-7.27,38.67],[-6.99,39.06],[-7.44,39.64],[-6.9,39.77],[-6.93,41.0],[-6.27,41.65],[-6.7,41.98],[-8.93,41.91],[-8.66,42.37],[-9.3,43.15],[-8.24,43.73],[-1.77,43.41],[1.66,42.43]]],[[[4.22,40.1],[4.3,39.84],[3.83,39.9],[4.22,40.1]]],[[[9.59,39.13],[8.34,39.0],[8.15,40.94],[9.5,41.2],[9.82,40.36],[9.59,39.13]]],[[[7.55,43.8],[8.43,44.71],[8.58,45.56],[7.92,45.96],[8.32,46.41],[8.9,45.89],[9.39,46.22],[9.31,45.69],[10.45,45.17],[9.23,45.1],[9.97,44.12],[9.16,44.45],[7.55,43.8]]],[[[3.99,46.28],[4.31,46.28],[4.41,46.02],[3.99,46.28]]],[[[6.12,51.38],[6.04,51.38],[6.04,51.45],[6.12,51.38]]],[[[17.98,40.61],[18.35,39.9],[17.35,40.55],[16.62,40.29],[16.45,39.64],[17.14,39.06],[15.93,37.96],[15.39,38.16],[15.05,36.74],[12.49,37.71],[12.65,38.09],[14.6,38.03],[15.86,38.29],[16.27,38.74],[15.75,40.03],[13.79,41.13],[13.96,41.72],[13.01,42.04],[12.86,42.5],[13.99,42.95],[14.61,42.11],[16.12,41.91],[15.94,41.39],[17.98,40.61]]],[[[9.89,44.06],[9.97,44.06],[9.97,43.99],[9.89,44.06]]],[[[18.88,49.45],[21.8,49.38],[22.44,49.05],[20.69,47.8],[18.89,48.06],[18.21,47.73],[18.17,46.87],[16.92,46.35],[17.55,45.82],[16.29,44.84],[16.52,44.32],[15.88,44.71],[14.91,44.58],[14.6,45.37],[14.03,45.04],[13.79,45.24],[14.12,45.5],[13.31,45.82],[13.56,46.55],[11.11,46.41],[9.54,47.2],[9.62,47.53],[12.51,47.66],[12.18,47.07],[13.74,47.07],[13.18,48.06],[14.1,48.65],[12.53,49.52],[12.12,50.18],[14.33,50.98],[14.26,51.71],[13.43,52.18],[13.94,52.32],[14.78,51.92],[15.65,52.32],[16.13,51.71],[17.32,51.71],[17.55,51.25],[19.03,50.58],[19.24,49.85],[18.88,49.45]],[[20.29,49.25],[20.28,49.12],[20.45,49.18],[20.29,49.25]],[[14.27,51.92],[14.19,52.12],[13.93,52.05],[14.27,51.92]]],[[[13.67,51.65],[13.24,51.71],[13.25,51.85],[13.67,51.65]]]]}},{"type":"Feature","properties":{"n":"(Holy Roman Empire)","f":1547,"t":1551,"w":"Q12548"},"geometry":{"type":"MultiPolygon","coordinates":[[[[6.83,47.14],[7.08,46.94],[6.51,46.87],[6.83,47.14]]],[[[6.64,48.19],[6.46,48.46],[6.71,48.52],[6.64,48.19]]],[[[5.87,48.85],[5.88,48.46],[4.88,48.52],[5.87,48.85]]],[[[6.04,48.79],[5.87,48.85],[5.95,48.92],[6.04,48.79]]],[[[5.36,48.99],[5.35,49.32],[5.85,49.38],[5.36,48.99]]],[[[5.17,49.71],[4.94,49.18],[4.49,49.98],[5.17,49.71]]],[[[5.0,52.05],[4.89,52.52],[5.48,52.86],[5.75,52.32],[5.0,52.05]]],[[[10.78,43.34],[11.26,43.47],[12.06,42.76],[11.41,42.37],[10.78,43.34]]],[[[9.23,45.1],[10.45,45.04],[10.62,45.43],[11.59,44.91],[10.7,43.8],[9.23,45.1]]],[[[11.99,44.65],[11.75,44.84],[11.83,44.97],[12.24,44.97],[11.99,44.65]]],[[[11.52,46.61],[12.09,46.68],[11.02,45.76],[10.45,45.89],[10.53,46.55],[11.52,46.61]]],[[[9.54,47.2],[9.63,47.14],[9.46,47.14],[9.54,47.2]]],[[[13.0,47.53],[13.18,48.06],[13.74,47.07],[12.18,47.07],[12.51,47.66],[13.0,47.53]]],[[[13.36,48.99],[14.1,48.65],[13.85,48.46],[13.27,48.59],[13.36,48.99]]],[[[12.8,50.65],[12.63,50.65],[12.55,50.91],[12.8,50.65]]],[[[7.64,47.8],[7.89,47.66],[7.56,47.53],[7.47,48.06],[7.06,47.93],[7.04,48.52],[5.94,49.18],[7.69,49.38],[8.11,48.92],[8.77,49.32],[7.76,49.91],[7.6,49.58],[6.35,49.58],[6.58,50.11],[6.07,50.25],[6.4,50.51],[6.07,50.45],[6.04,51.31],[5.72,50.85],[5.9,50.38],[5.06,50.45],[5.28,51.18],[6.12,51.51],[6.02,51.92],[6.95,52.25],[6.68,52.65],[7.02,52.72],[7.08,53.73],[10.36,53.66],[10.53,54.0],[13.41,54.75],[13.74,54.27],[13.3,54.21],[14.5,53.73],[15.04,54.21],[18.02,54.89],[17.08,53.6],[15.98,54.07],[16.05,53.66],[14.65,53.06],[13.9,53.73],[13.2,53.33],[11.31,53.46],[11.13,52.52],[12.33,52.79],[12.58,52.45],[12.05,51.38],[11.37,51.31],[11.38,51.71],[10.87,51.65],[11.12,51.31],[10.61,51.38],[10.02,51.18],[10.36,50.65],[10.78,50.85],[10.53,51.25],[11.29,50.78],[10.36,50.51],[10.69,50.05],[12.21,50.78],[12.12,50.18],[11.2,49.78],[10.94,48.85],[10.03,49.12],[10.53,48.26],[10.12,48.06],[10.53,48.19],[10.61,47.6],[10.12,47.33],[9.04,47.73],[9.29,47.99],[8.47,47.6],[8.22,47.66],[8.21,47.99],[8.21,48.26],[7.79,48.32],[7.64,47.8]],[[8.46,47.99],[8.38,48.13],[8.21,47.99],[8.46,47.99]],[[10.2,48.46],[10.11,48.46],[10.11,48.32],[10.2,48.46]],[[9.95,48.46],[9.45,48.46],[9.45,48.19],[9.95,48.46]],[[9.54,47.86],[9.54,47.99],[9.37,47.93],[9.54,47.86]],[[9.2,48.32],[9.2,48.26],[9.37,48.26],[9.2,48.32]],[[8.71,48.19],[8.79,48.32],[8.54,48.32],[8.71,48.19]],[[9.04,48.19],[9.04,48.26],[8.87,48.32],[9.04,48.19]],[[8.71,47.99],[8.63,47.99],[8.79,47.86],[8.71,47.99]],[[8.62,48.65],[8.53,48.59],[8.62,48.52],[8.62,48.65]],[[8.45,48.39],[8.21,48.39],[8.29,48.32],[8.45,48.39]],[[8.29,48.59],[8.37,48.46],[8.45,48.59],[8.29,48.59]],[[7.36,48.92],[7.53,48.99],[6.86,49.18],[7.36,48.92]],[[6.95,48.79],[7.03,48.92],[6.62,48.92],[6.95,48.79]]],[[[12.22,51.05],[11.88,51.05],[12.05,51.31],[12.22,51.05]]],[[[14.33,51.25],[14.16,51.11],[13.99,51.18],[14.26,51.58],[14.33,51.25]]],[[[12.9,51.45],[12.9,51.31],[12.64,51.38],[12.9,51.45]]]]}},{"type":"Feature","properties":{"n":"(Habsburg Monarchy)","f":1547,"t":1551,"w":"Q66504140"},"geometry":{"type":"MultiPolygon","coordinates":[[[[5.38,46.28],[5.58,47.66],[7.47,48.06],[7.56,47.6],[6.98,47.53],[5.79,46.22],[5.38,46.28]]],[[[8.21,48.26],[8.06,47.33],[7.56,47.47],[7.89,47.66],[7.63,48.19],[8.21,48.26]]],[[[8.21,47.99],[8.21,48.13],[8.38,48.13],[8.21,47.99]]],[[[8.79,48.32],[8.71,48.19],[8.54,48.32],[8.79,48.32]]],[[[8.21,48.39],[8.45,48.39],[8.29,48.32],[8.21,48.39]]],[[[8.37,48.46],[8.29,48.59],[8.45,48.59],[8.37,48.46]]],[[[7.79,48.52],[7.79,48.59],[7.95,48.59],[7.79,48.52]]],[[[8.62,48.65],[8.7,48.52],[8.62,48.52],[8.62,48.65]]],[[[6.02,51.92],[6.12,51.51],[5.05,50.71],[5.23,50.31],[5.9,50.38],[5.72,50.85],[6.04,51.31],[6.07,50.45],[6.4,50.51],[6.07,50.25],[6.58,50.11],[6.36,49.25],[5.86,49.18],[5.93,49.58],[5.35,49.32],[4.74,50.11],[1.87,50.38],[2.07,51.11],[3.75,51.45],[3.4,51.65],[4.22,52.18],[4.69,53.19],[5.0,52.05],[5.59,52.05],[5.93,52.25],[5.21,53.12],[5.54,53.39],[7.18,53.26],[6.61,51.98],[6.02,51.92]]],[[[21.51,47.66],[21.36,47.93],[21.94,47.93],[21.51,47.66]]],[[[9.29,47.99],[9.29,47.8],[8.88,47.73],[9.29,47.99]]],[[[8.71,47.93],[8.79,47.86],[8.63,47.86],[8.71,47.93]]],[[[9.54,47.99],[9.54,47.86],[9.37,47.93],[9.54,47.99]]],[[[10.36,47.99],[10.12,48.06],[10.2,48.26],[10.53,48.26],[10.36,47.99]]],[[[8.87,48.19],[8.87,48.32],[9.04,48.26],[8.87,48.19]]],[[[9.45,48.46],[10.03,48.26],[9.78,48.32],[9.45,48.46]]],[[[9.37,48.26],[9.2,48.26],[9.2,48.32],[9.37,48.26]]],[[[10.11,48.46],[10.28,48.39],[10.28,48.32],[10.11,48.46]]]]}},{"type":"Feature","properties":{"n":"(Kingdom of France)","f":1547,"t":1551,"w":"Q207162"},"geometry":{"type":"Polygon","coordinates":[[[-1.69,43.41],[-1.03,45.5],[-1.25,46.28],[-2.84,47.6],[-4.42,47.8],[-4.91,48.52],[-3.46,48.92],[-1.6,48.65],[-2.03,49.78],[0.01,49.38],[0.22,49.85],[1.45,50.25],[1.5,50.91],[2.55,50.11],[4.49,49.98],[5.03,49.05],[4.88,48.59],[5.82,47.86],[5.38,46.28],[8.58,45.56],[8.43,44.71],[6.28,43.15],[3.85,43.6],[1.97,42.56],[-1.69,43.41]]]}},{"type":"Feature","properties":{"n":"(Spanish Empire)","f":1547,"t":1551,"w":"Q80702"},"geometry":{"type":"MultiPolygon","coordinates":[[[[-75.34,-10.84],[-75.34,-10.77],[-75.27,-10.77],[-75.34,-10.84]]],[[[-104.86,22.85],[-104.99,22.4],[-104.11,22.14],[-103.91,22.59],[-103.8,22.08],[-103.57,22.4],[-103.48,21.95],[-103.15,22.14],[-102.12,21.11],[-101.54,21.56],[-100.51,20.86],[-99.91,21.18],[-98.42,20.79],[-98.35,21.18],[-97.35,21.37],[-95.77,18.8],[-94.48,18.22],[-92.5,18.74],[-91.5,18.48],[-90.48,19.89],[-90.32,21.11],[-86.92,21.63],[-86.66,20.99],[-87.35,20.21],[-87.7,18.29],[-87.99,18.74],[-89.17,17.77],[-90.57,17.77],[-90.6,16.55],[-89.99,15.91],[-90.27,15.26],[-89.04,15.39],[-89.04,15.91],[-85.88,15.97],[-85.69,15.07],[-84.58,14.43],[-84.94,13.72],[-84.42,11.34],[-83.58,10.96],[-82.21,9.03],[-81.03,8.84],[-79.69,9.61],[-78.96,9.61],[-77.99,9.29],[-76.83,8.19],[-76.93,8.64],[-75.66,9.48],[-75.58,10.51],[-74.96,11.15],[-74.36,10.89],[-74.17,11.34],[-73.15,11.41],[-71.84,12.44],[-71.1,12.31],[-71.28,11.79],[-71.92,11.6],[-71.65,10.83],[-69.73,11.66],[-69.14,11.54],[-70.84,10.7],[-70.4,9.54],[-70.73,8.9],[-72.04,8.77],[-72.24,8.45],[-73.16,5.69],[-74.15,4.59],[-74.35,3.89],[-75.79,2.21],[-76.3,1.31],[-76.81,0.41],[-77.87,-3.25],[-77.5,-6.85],[-76.34,-8.39],[-75.17,-11.35],[-73.45,-12.64],[-73.75,-12.76],[-73.59,-13.41],[-73.06,-13.21],[-73.17,-12.76],[-71.74,-13.15],[-70.67,-12.76],[-68.37,-13.28],[-65.67,-14.89],[-63.8,-15.34],[-62.48,-16.75],[-63.18,-20.61],[-64.08,-22.86],[-65.06,-23.95],[-67.12,-31.02],[-68.47,-33.66],[-70.6,-35.52],[-72.67,-35.46],[-71.63,-32.69],[-71.94,-30.83],[-71.42,-29.74],[-71.73,-29.16],[-70.57,-25.17],[-70.53,-23.63],[-70.81,-23.5],[-70.18,-21.38],[-70.44,-18.42],[-71.62,-17.33],[-75.22,-15.53],[-76.08,-14.69],[-76.46,-14.18],[-76.38,-13.41],[-77.8,-11.35],[-78.98,-8.46],[-79.98,-6.91],[-81.33,-6.14],[-81.01,-5.63],[-81.47,-4.41],[-80.05,-3.12],[-81.12,-2.29],[-81.03,-0.94],[-80.16,0.22],[-80.23,0.86],[-79.06,1.25],[-78.78,2.34],[-77.91,2.6],[-77.26,3.63],[-77.56,4.08],[-77.41,6.52],[-78.5,7.94],[-78.23,8.45],[-79.64,8.9],[-80.41,8.26],[-80.0,7.42],[-80.94,7.16],[-81.05,7.87],[-81.47,7.61],[-81.94,8.19],[-83.71,8.45],[-83.67,9.09],[-84.83,9.99],[-85.24,9.61],[-85.78,9.99],[-85.72,11.09],[-87.55,12.69],[-87.47,13.34],[-88.85,13.21],[-91.35,13.91],[-94.77,16.36],[-96.73,15.65],[-101.11,17.26],[-101.9,17.96],[-103.43,18.29],[-105.33,19.7],[-105.63,20.47],[-105.13,21.31],[-105.7,22.59],[-108.04,24.91],[-107.32,24.71],[-105.41,22.66],[-105.29,23.11],[-104.86,22.85]]],[[[-76.3,1.31],[-76.22,1.31],[-76.22,1.25],[-76.3,1.31]]],[[[-75.14,2.86],[-75.14,2.92],[-75.07,2.92],[-75.14,2.86]]],[[[-81.9,7.36],[-81.91,7.61],[-81.7,7.68],[-81.9,7.36]]],[[[-79.03,8.32],[-78.96,8.45],[-78.81,8.45],[-79.03,8.32]]],[[[-68.95,12.05],[-69.12,12.37],[-68.74,12.18],[-68.95,12.05]]],[[[-68.16,12.24],[-68.15,12.05],[-68.29,12.05],[-68.16,12.24]]],[[[-69.93,12.37],[-70.02,12.56],[-69.87,12.56],[-69.93,12.37]]],[[[-77.74,17.84],[-78.39,18.29],[-77.01,18.48],[-76.12,17.9],[-77.74,17.84]]],[[[-69.49,19.12],[-68.58,18.99],[-68.29,18.41],[-70.72,18.35],[-71.28,17.58],[-72.1,18.22],[-74.4,18.29],[-74.24,18.74],[-72.3,18.61],[-72.79,19.51],[-73.41,19.64],[-73.23,19.96],[-70.78,19.96],[-69.12,19.19],[-69.49,19.12]]],[[[-73.3,18.86],[-73.32,18.99],[-72.79,18.93],[-72.83,18.67],[-73.3,18.86]]],[[[-86.7,20.34],[-86.99,20.28],[-87.02,20.47],[-86.7,20.34]]],[[[-74.07,20.15],[-77.65,19.83],[-77.19,20.66],[-78.24,20.79],[-78.66,21.56],[-82.05,22.27],[-81.74,22.66],[-84.8,21.82],[-84.0,22.79],[-82.29,23.24],[-80.57,23.17],[-74.07,20.15]]],[[[-82.5,21.44],[-82.95,21.44],[-83.04,21.95],[-82.66,21.95],[-82.5,21.44]]],[[[-78.42,22.4],[-78.6,22.53],[-78.23,22.59],[-78.42,22.4]]],[[[-57.5,-24.34],[-57.0,-24.47],[-58.31,-26.59],[-58.82,-26.52],[-57.5,-24.34]]],[[[-63.42,10.25],[-63.35,10.25],[-63.35,10.19],[-63.42,10.25]]],[[[-61.0,10.06],[-61.73,10.06],[-61.55,10.83],[-60.89,10.83],[-61.0,10.06]]],[[[-61.98,10.57],[-62.85,10.51],[-62.84,10.31],[-63.28,10.38],[-63.63,10.12],[-64.52,10.31],[-64.03,10.7],[-61.98,10.57]]],[[[-64.04,10.83],[-64.35,11.09],[-63.84,11.21],[-64.04,10.83]]],[[[-65.72,17.96],[-66.23,17.9],[-67.12,17.96],[-67.26,18.48],[-65.55,18.41],[-65.72,17.96]]],[[[-17.85,27.87],[-17.9,27.61],[-18.06,27.67],[-17.85,27.87]]],[[[-15.73,27.74],[-15.76,28.19],[-15.3,28.12],[-15.73,27.74]]],[[[-17.35,28.19],[-17.12,28.25],[-17.03,28.06],[-17.35,28.19]]],[[[-16.91,28.38],[-16.09,28.57],[-16.36,28.06],[-16.65,27.93],[-16.91,28.38]]],[[[-13.77,28.77],[-13.81,28.25],[-14.32,28.06],[-13.77,28.77]]],[[[-18.0,28.83],[-17.71,28.89],[-17.67,28.51],[-18.0,28.83]]],[[[-13.65,29.22],[-13.42,29.22],[-13.47,28.89],[-13.86,28.96],[-13.65,29.22]]],[[[-2.98,35.26],[-2.99,35.45],[-2.84,35.45],[-2.98,35.26]]],[[[-0.92,35.71],[-0.45,35.58],[-0.67,35.45],[-0.92,35.71]]],[[[1.66,42.43],[2.99,43.02],[3.12,41.91],[0.7,40.94],[-0.35,39.71],[0.1,38.74],[-0.66,38.29],[-0.7,37.64],[-1.71,37.45],[-2.06,36.8],[-4.47,36.74],[-5.58,36.03],[-6.43,37.0],[-7.39,37.25],[-6.99,39.06],[-7.44,39.64],[-6.9,39.77],[-6.93,41.0],[-6.27,41.65],[-6.7,41.98],[-8.93,41.91],[-8.66,42.37],[-9.3,43.15],[-8.24,43.73],[-1.44,43.28],[1.66,42.43]]],[[[13.3,32.62],[13.23,32.94],[13.61,32.88],[13.3,32.62]]],[[[4.55,36.67],[4.39,36.93],[5.02,36.8],[4.55,36.67]]],[[[1.65,39.13],[1.66,39.0],[1.27,38.8],[1.18,39.06],[1.65,39.13]]],[[[2.34,39.64],[2.88,39.97],[3.52,39.77],[3.3,39.32],[2.34,39.64]]],[[[18.44,40.1],[18.11,39.9],[17.35,40.55],[16.62,40.29],[16.45,39.64],[17.14,39.06],[15.93,37.96],[15.39,38.16],[15.05,36.74],[12.49,37.71],[12.65,38.09],[14.6,38.03],[15.86,38.29],[16.27,38.74],[15.75,40.03],[13.79,41.13],[13.96,41.72],[13.01,42.04],[12.86,42.5],[13.99,42.95],[14.37,42.24],[16.12,41.91],[15.94,41.39],[18.44,40.1]]],[[[4.22,40.1],[4.3,39.84],[3.83,39.9],[4.22,40.1]]],[[[9.59,39.13],[8.34,39.0],[8.15,40.94],[9.5,41.2],[9.59,39.13]]],[[[9.97,44.06],[9.97,43.99],[9.89,43.99],[9.97,44.06]]],[[[8.43,44.71],[8.58,45.56],[7.92,45.96],[8.32,46.41],[8.9,45.89],[9.39,46.22],[9.31,45.69],[10.45,45.17],[9.23,45.1],[9.97,44.12],[8.59,44.45],[7.55,43.8],[8.43,44.71]]],[[[4.31,46.28],[4.41,46.02],[4.08,45.96],[4.31,46.28]]],[[[22.44,49.05],[20.69,47.8],[18.89,48.06],[18.21,47.73],[18.17,46.87],[16.92,46.35],[17.55,45.82],[16.29,44.84],[16.52,44.32],[15.88,44.71],[14.91,44.58],[14.6,45.37],[14.03,45.04],[13.79,45.24],[14.12,45.5],[13.31,45.82],[13.56,46.55],[11.11,46.41],[9.54,47.2],[9.62,47.53],[12.51,47.66],[12.18,47.07],[13.74,47.07],[13.18,48.06],[14.1,48.65],[12.53,49.52],[12.12,50.25],[14.33,50.98],[14.26,51.71],[13.42,52.05],[13.94,52.32],[14.78,51.92],[15.65,52.32],[16.13,51.71],[17.32,51.71],[19.19,50.38],[18.89,49.58],[22.44,49.05]],[[20.29,49.25],[20.28,49.12],[20.45,49.18],[20.29,49.25]],[[14.19,52.12],[13.93,52.12],[13.93,52.05],[14.19,52.12]]],[[[6.04,51.45],[6.12,51.45],[6.12,51.38],[6.04,51.45]]],[[[13.24,51.71],[13.25,51.85],[13.67,51.78],[13.24,51.71]]]]}},{"type":"Feature","properties":{"n":"Portuguese Africa","f":1547,"t":1563,"w":"Q16879646"},"geometry":{"type":"MultiPolygon","coordinates":[[[[-2.31,4.85],[-2.6,4.91],[-2.52,5.11],[-2.31,4.85]]],[[[-1.28,5.04],[-1.8,4.85],[-1.79,5.11],[-1.28,5.04]]],[[[-24.36,14.75],[-24.45,15.07],[-24.23,15.07],[-24.36,14.75]]],[[[-23.78,14.94],[-23.73,15.33],[-23.42,15.14],[-23.78,14.94]]],[[[-23.28,15.26],[-23.06,15.33],[-22.99,15.2],[-23.28,15.26]]],[[[-22.58,16.16],[-22.65,15.97],[-22.94,15.97],[-22.58,16.16]]],[[[-24.38,16.68],[-24.08,16.68],[-24.08,16.55],[-24.38,16.68]]],[[[-22.84,16.87],[-22.83,16.68],[-22.98,16.68],[-22.84,16.87]]],[[[-25.27,16.87],[-25.29,17.19],[-24.82,16.74],[-25.27,16.87]]],[[[-8.44,32.88],[-8.73,32.62],[-9.05,32.88],[-8.7,33.2],[-8.44,32.88]]],[[[-5.85,35.32],[-6.0,35.39],[-5.88,35.77],[-5.33,35.64],[-5.85,35.32]]],[[[35.38,-23.82],[35.33,-24.27],[35.03,-24.21],[34.93,-23.82],[35.38,-23.82]]],[[[34.25,-19.84],[34.54,-19.58],[34.71,-20.16],[34.25,-19.84]]],[[[37.34,-17.65],[37.2,-17.78],[37.26,-17.39],[37.63,-17.59],[37.34,-17.65]]],[[[40.75,-14.69],[40.55,-15.34],[40.17,-14.95],[40.75,-14.69]]],[[[39.67,-7.69],[39.81,-7.69],[39.67,-8.01],[39.67,-7.69]]],[[[39.12,-5.76],[39.27,-5.76],[39.43,-6.53],[39.12,-5.76]]],[[[39.55,-5.11],[39.55,-4.92],[39.77,-4.99],[39.55,-5.44],[39.55,-5.11]]],[[[6.3,0.35],[6.67,0.41],[6.66,0.16],[6.3,0.35]]],[[[7.34,1.51],[7.19,1.51],[7.27,1.7],[7.34,1.51]]],[[[8.54,3.76],[8.83,3.82],[8.68,3.18],[8.31,3.24],[8.54,3.76]]]]}},{"type":"Feature","properties":{"n":"Eastern Hungarian Kingdom","f":1547,"t":1551,"w":"Q625380"},"geometry":{"type":"Polygon","coordinates":[[[25.35,45.37],[23.48,45.5],[22.55,44.97],[20.06,45.37],[19.84,45.82],[20.19,46.35],[19.98,46.94],[20.69,47.8],[22.78,49.12],[24.69,48.13],[25.02,47.2],[25.67,47.14],[26.44,45.76],[25.35,45.37]],[[21.94,47.93],[21.36,47.93],[21.93,47.8],[21.94,47.93]]]}},{"type":"Feature","properties":{"n":"Mongol Khanate","f":1547,"t":1551,"w":"Q19927420"},"geometry":{"type":"Polygon","coordinates":[[[123.32,43.41],[123.57,42.43],[122.81,42.11],[122.41,41.33],[122.01,41.33],[121.93,41.72],[121.45,41.59],[119.36,40.03],[118.42,40.61],[117.37,40.42],[117.34,40.94],[116.61,41.2],[114.77,40.74],[113.55,42.11],[110.55,42.89],[111.96,43.8],[111.39,44.32],[112.02,45.1],[113.69,44.78],[117.42,46.55],[121.11,46.55],[122.92,45.37],[124.19,45.43],[123.32,43.41]]]}},{"type":"Feature","properties":{"n":"Kingdom of Georgia","f":1552,"t":1578,"w":"Q154667"},"geometry":{"type":"Polygon","coordinates":[[[45.6,40.48],[44.29,40.68],[43.23,41.85],[43.78,42.69],[44.69,42.82],[44.5,41.85],[45.77,40.94],[45.6,40.48]]]}},{"type":"Feature","properties":{"n":"Ahmadnagar Sultanate","f":1552,"t":1578,"w":"Q400998"},"geometry":{"type":"Polygon","coordinates":[[[76.26,19.19],[76.55,18.41],[75.63,18.16],[74.22,18.74],[72.93,18.48],[73.1,19.38],[72.74,19.44],[73.32,20.02],[75.7,20.73],[76.86,19.25],[76.26,19.19]]]}},{"type":"Feature","properties":{"n":"Vijayanagara Empire","f":1552,"t":1555,"w":"Q167639"},"geometry":{"type":"MultiPolygon","coordinates":[[[[76.33,9.29],[76.58,9.8],[75.9,10.57],[75.88,11.34],[74.75,12.82],[74.82,15.33],[76.96,15.39],[77.45,15.84],[78.41,15.91],[78.47,16.49],[80.34,16.74],[80.94,16.16],[80.1,15.2],[80.3,12.63],[79.84,11.39],[79.0,10.97],[77.66,11.2],[77.14,8.13],[76.33,9.29]]],[[[78.98,10.03],[78.7,10.37],[78.73,10.75],[78.98,10.03]]]]}},{"type":"Feature","properties":{"n":"Spanish Empire","f":1552,"t":1563,"w":"Q80702"},"geometry":{"type":"MultiPolygon","coordinates":[[[[-75.34,-10.84],[-75.34,-10.77],[-75.27,-10.77],[-75.34,-10.84]]],[[[-105.29,23.11],[-104.86,22.85],[-104.99,22.4],[-104.34,22.14],[-103.91,22.59],[-103.8,22.08],[-103.57,22.4],[-103.48,21.95],[-103.15,22.14],[-102.12,21.11],[-101.54,21.56],[-100.51,20.86],[-99.91,21.18],[-98.42,20.79],[-98.35,21.18],[-97.35,21.37],[-95.77,18.8],[-94.48,18.22],[-92.5,18.74],[-91.5,18.48],[-90.48,19.89],[-90.32,21.11],[-86.92,21.63],[-86.66,20.99],[-87.35,20.21],[-87.7,18.29],[-87.99,18.74],[-89.17,17.77],[-90.57,17.77],[-90.6,16.55],[-89.99,15.91],[-90.27,15.26],[-89.04,15.39],[-89.04,15.91],[-85.88,15.97],[-85.69,15.07],[-84.58,14.43],[-84.94,13.72],[-84.42,11.34],[-83.58,10.96],[-82.21,9.03],[-81.03,8.84],[-79.69,9.61],[-78.96,9.61],[-77.99,9.29],[-76.83,8.19],[-76.93,8.64],[-75.66,9.48],[-75.58,10.51],[-74.96,11.15],[-74.36,10.89],[-74.17,11.34],[-73.15,11.41],[-71.84,12.44],[-71.1,12.31],[-71.28,11.79],[-71.92,11.6],[-71.65,10.83],[-69.73,11.66],[-69.14,11.54],[-70.84,10.7],[-70.4,9.54],[-70.73,8.9],[-72.04,8.77],[-72.92,7.16],[-73.16,5.69],[-74.15,4.59],[-74.35,3.89],[-75.79,2.21],[-76.3,1.31],[-76.81,0.41],[-77.87,-3.25],[-77.69,-6.27],[-76.34,-8.39],[-75.17,-11.35],[-73.45,-12.64],[-73.75,-12.76],[-73.59,-13.41],[-73.06,-13.21],[-73.17,-12.76],[-71.74,-13.15],[-70.67,-12.76],[-68.37,-13.28],[-65.67,-14.89],[-63.8,-15.34],[-62.48,-16.75],[-63.18,-20.61],[-64.08,-22.86],[-65.06,-23.95],[-67.12,-31.02],[-68.47,-33.66],[-70.48,-35.39],[-71.61,-39.59],[-73.75,-41.66],[-74.09,-41.53],[-73.98,-40.36],[-73.37,-39.46],[-73.84,-37.46],[-73.33,-37.13],[-72.42,-35.2],[-71.63,-32.69],[-71.94,-30.83],[-70.57,-25.17],[-70.53,-23.63],[-70.81,-23.5],[-70.27,-21.96],[-70.26,-19.84],[-70.44,-18.42],[-71.62,-17.33],[-75.22,-15.53],[-76.08,-14.69],[-76.46,-14.18],[-76.38,-13.41],[-77.8,-11.35],[-78.98,-8.46],[-79.98,-6.91],[-81.33,-6.14],[-81.01,-5.63],[-81.47,-4.41],[-80.05,-3.12],[-81.12,-2.29],[-81.03,-0.94],[-80.16,0.22],[-80.23,0.86],[-79.06,1.25],[-78.78,2.34],[-77.91,2.6],[-77.26,3.63],[-77.56,4.08],[-77.41,6.52],[-78.5,7.94],[-78.23,8.45],[-79.64,8.9],[-80.41,8.26],[-80.0,7.42],[-80.94,7.16],[-81.05,7.87],[-81.47,7.61],[-81.94,8.19],[-83.71,8.45],[-83.67,9.09],[-84.83,9.99],[-85.24,9.61],[-85.78,9.99],[-85.72,11.09],[-87.55,12.69],[-87.47,13.34],[-88.85,13.21],[-91.35,13.91],[-94.77,16.36],[-96.73,15.65],[-101.11,17.26],[-101.9,17.96],[-103.43,18.29],[-105.33,19.7],[-105.63,20.47],[-105.13,21.31],[-105.7,22.59],[-108.04,24.91],[-107.32,24.71],[-105.34,22.66],[-105.29,23.11]]],[[[-76.3,1.25],[-76.3,1.31],[-76.22,1.31],[-76.3,1.25]]],[[[-75.14,2.86],[-75.14,2.92],[-75.07,2.92],[-75.14,2.86]]],[[[-81.61,7.36],[-81.9,7.36],[-81.91,7.61],[-81.61,7.36]]],[[[-79.03,8.32],[-78.96,8.45],[-78.81,8.45],[-79.03,8.32]]],[[[-68.95,12.05],[-69.12,12.37],[-68.74,12.18],[-68.95,12.05]]],[[[-68.16,12.24],[-68.15,12.05],[-68.29,12.05],[-68.16,12.24]]],[[[-69.93,12.37],[-70.02,12.56],[-69.87,12.56],[-69.93,12.37]]],[[[-77.74,17.84],[-78.39,18.29],[-77.01,18.48],[-76.12,17.9],[-77.74,17.84]]],[[[-69.49,19.12],[-68.58,18.99],[-68.29,18.41],[-70.72,18.35],[-71.28,17.58],[-72.1,18.22],[-74.4,18.29],[-74.24,18.74],[-72.3,18.61],[-72.79,19.51],[-73.41,19.64],[-73.23,19.96],[-70.78,19.96],[-69.08,19.38],[-69.49,19.12]]],[[[-73.3,18.86],[-73.32,18.99],[-72.79,18.93],[-72.68,18.67],[-73.3,18.86]]],[[[-86.7,20.34],[-86.99,20.28],[-87.02,20.47],[-86.7,20.34]]],[[[-77.66,21.82],[-75.63,21.18],[-74.07,20.15],[-77.65,19.83],[-77.19,20.66],[-78.24,20.79],[-78.66,21.56],[-82.05,22.27],[-81.74,22.66],[-84.8,21.82],[-84.0,22.79],[-82.29,23.24],[-80.57,23.17],[-79.25,22.46],[-77.64,22.14],[-77.66,21.82]]],[[[-82.49,21.82],[-82.5,21.44],[-82.95,21.44],[-83.04,21.95],[-82.49,21.82]]],[[[-78.42,22.4],[-78.6,22.53],[-78.23,22.59],[-78.42,22.4]]],[[[-57.5,-24.34],[-57.0,-24.47],[-58.31,-26.59],[-58.82,-26.52],[-57.5,-24.34]]],[[[-63.42,10.19],[-63.42,10.25],[-63.35,10.25],[-63.42,10.19]]],[[[-61.0,10.06],[-61.73,10.06],[-61.55,10.83],[-60.89,10.83],[-61.0,10.06]]],[[[-61.91,10.76],[-64.37,10.12],[-64.03,10.7],[-61.91,10.76]]],[[[-63.76,10.96],[-64.26,10.89],[-64.35,11.09],[-63.76,10.96]]],[[[-65.72,17.96],[-66.23,17.9],[-67.12,17.96],[-67.26,18.48],[-65.55,18.41],[-65.72,17.96]]],[[[-17.85,27.87],[-17.9,27.61],[-18.06,27.67],[-17.85,27.87]]],[[[-15.36,27.8],[-15.73,27.74],[-15.76,28.19],[-15.3,28.12],[-15.36,27.8]]],[[[-17.35,28.19],[-17.12,28.25],[-17.03,28.06],[-17.35,28.19]]],[[[-16.65,27.93],[-16.91,28.38],[-16.09,28.57],[-16.65,27.93]]],[[[-14.07,28.7],[-13.77,28.77],[-13.81,28.25],[-14.32,28.06],[-14.07,28.7]]],[[[-18.0,28.83],[-17.71,28.89],[-17.67,28.51],[-18.0,28.83]]],[[[-13.65,29.22],[-13.42,29.22],[-13.47,28.89],[-13.85,28.83],[-13.65,29.22]]],[[[-2.98,35.26],[-2.99,35.45],[-2.84,35.45],[-2.98,35.26]]],[[[-0.92,35.71],[-0.45,35.58],[-0.67,35.45],[-0.92,35.71]]],[[[4.55,36.67],[4.39,36.93],[5.02,36.8],[4.55,36.67]]]]}},{"type":"Feature","properties":{"n":"(Kingdom of England)","f":1552,"t":1555,"w":"Q179876"},"geometry":{"type":"MultiPolygon","coordinates":[[[[2.01,50.78],[1.58,50.91],[1.66,51.05],[2.07,51.11],[2.01,50.78]]],[[[-8.58,51.71],[-8.71,52.05],[-8.38,52.12],[-8.58,51.71]]],[[[-8.57,52.86],[-8.37,52.65],[-9.73,52.59],[-9.45,52.99],[-8.57,52.86]]],[[[0.3,53.39],[0.08,52.92],[1.09,53.06],[1.72,52.72],[1.59,52.12],[0.52,51.51],[1.38,51.38],[1.31,51.11],[0.49,50.78],[-1.37,50.85],[-1.18,50.58],[-3.13,50.71],[-3.58,50.25],[-5.75,50.05],[-4.2,51.31],[-3.09,51.25],[-2.95,51.45],[-4.91,51.58],[-5.22,52.05],[-4.16,52.45],[-4.3,52.92],[-4.79,52.79],[-4.49,53.12],[-4.7,53.46],[-3.15,53.46],[-2.97,54.14],[-3.59,54.27],[-3.65,54.82],[-2.56,55.23],[-2.11,55.91],[0.3,53.39]]],[[[-7.59,53.19],[-7.15,53.12],[-6.92,53.94],[-6.33,54.07],[-6.09,52.86],[-6.43,52.18],[-7.61,52.12],[-7.59,53.19]]],[[[-4.86,54.07],[-4.81,54.34],[-4.36,54.21],[-4.86,54.07]]],[[[-5.84,54.95],[-5.73,54.75],[-5.99,54.75],[-5.84,54.95]]]]}},{"type":"Feature","properties":{"n":"Crimean Khanate","f":1552,"t":1571,"w":"Q160440"},"geometry":{"type":"MultiPolygon","coordinates":[[[[35.02,45.3],[36.38,45.17],[34.03,44.65],[32.61,45.5],[34.15,46.09],[35.02,45.3]]],[[[42.48,46.02],[42.0,45.24],[41.17,46.02],[40.38,46.15],[37.85,45.17],[36.78,45.1],[36.75,45.43],[37.7,45.3],[37.59,45.63],[38.37,46.35],[37.84,46.61],[39.48,47.07],[39.39,47.47],[42.25,46.55],[42.48,46.02]]],[[[39.21,47.4],[35.63,46.68],[34.74,46.15],[31.82,46.35],[33.69,46.87],[34.04,47.53],[35.03,47.53],[35.71,49.18],[38.28,47.73],[39.21,47.4]]],[[[36.48,48.85],[36.57,48.85],[36.56,48.79],[36.48,48.85]]]]}},{"type":"Feature","properties":{"n":"(Portuguese Empire)","f":1552,"t":1555,"w":"Q200464"},"geometry":{"type":"MultiPolygon","coordinates":[[[[-36.26,-10.39],[-37.47,-11.41],[-38.13,-12.83],[-39.03,-13.28],[-39.02,-16.43],[-39.77,-18.36],[-39.8,-19.58],[-40.88,-20.93],[-41.14,-22.15],[-42.16,-22.66],[-40.23,-18.55],[-39.53,-11.67],[-38.38,-10.39],[-36.68,-9.94],[-36.36,-6.79],[-36.68,-5.11],[-35.3,-5.44],[-34.84,-7.49],[-36.26,-10.39]]],[[[-24.45,15.07],[-24.23,15.07],[-24.29,14.75],[-24.45,15.07]]],[[[-23.78,14.94],[-23.73,15.33],[-23.42,15.14],[-23.78,14.94]]],[[[-23.28,15.26],[-23.06,15.33],[-22.99,15.2],[-23.28,15.26]]],[[[-22.65,15.97],[-22.94,15.97],[-22.88,16.23],[-22.65,15.97]]],[[[-24.08,16.68],[-24.08,16.55],[-24.37,16.49],[-24.08,16.68]]],[[[-22.83,16.68],[-22.98,16.68],[-22.98,16.81],[-22.83,16.68]]],[[[-25.29,17.19],[-24.99,17.26],[-24.82,16.74],[-25.29,17.19]]],[[[-16.79,32.88],[-16.69,32.69],[-17.07,32.62],[-17.17,32.88],[-16.79,32.88]]],[[[-8.73,32.62],[-9.05,32.81],[-8.7,33.2],[-8.45,32.94],[-8.73,32.62]]],[[[-25.7,37.71],[-25.9,37.96],[-25.11,37.9],[-25.7,37.71]]],[[[-28.19,38.55],[-28.08,38.35],[-28.81,38.48],[-28.19,38.55]]],[[[-28.04,38.55],[-28.15,38.74],[-27.89,38.61],[-28.04,38.55]]],[[[-27.36,38.67],[-27.39,38.87],[-27.08,38.87],[-27.36,38.67]]],[[[-6.9,39.77],[-7.44,39.64],[-6.99,39.0],[-7.39,37.25],[-9.0,37.0],[-8.82,38.48],[-9.21,38.42],[-9.57,38.93],[-8.73,40.74],[-8.93,41.91],[-6.7,41.98],[-6.25,41.46],[-6.7,41.13],[-6.9,39.77]]],[[[35.03,-24.21],[34.93,-23.82],[35.38,-23.82],[35.03,-24.21]]],[[[34.54,-19.58],[34.71,-20.16],[34.34,-20.16],[34.54,-19.58]]],[[[37.26,-17.39],[37.7,-17.46],[37.63,-17.59],[37.26,-17.39]]],[[[40.75,-14.69],[40.55,-15.34],[40.17,-14.95],[40.75,-14.69]]],[[[39.82,-7.88],[39.53,-8.01],[39.52,-7.81],[39.82,-7.88]]],[[[39.49,-6.14],[39.43,-6.53],[39.06,-6.21],[39.12,-5.76],[39.49,-6.14]]],[[[39.77,-4.99],[39.7,-5.44],[39.55,-5.44],[39.77,-4.99]]],[[[6.3,0.35],[6.67,0.41],[6.38,0.03],[6.3,0.35]]],[[[7.34,1.51],[7.19,1.51],[7.27,1.7],[7.34,1.51]]],[[[8.54,3.76],[8.83,3.82],[8.68,3.18],[8.31,3.24],[8.54,3.76]]],[[[-2.52,5.11],[-2.3,5.11],[-2.31,4.85],[-2.52,5.11]]],[[[-1.65,4.98],[-1.8,4.85],[-1.57,5.3],[-1.28,5.04],[-1.65,4.98]]],[[[50.65,25.87],[50.43,25.94],[50.46,26.26],[50.65,25.87]]],[[[55.79,26.97],[56.32,27.03],[56.06,26.71],[55.31,26.71],[55.79,26.97]]],[[[-5.71,35.58],[-6.0,35.39],[-5.88,35.77],[-5.24,35.58],[-5.71,35.58]]],[[[125.13,-8.59],[125.71,-8.52],[125.52,-8.84],[125.13,-8.59]]],[[[122.79,-8.59],[122.78,-8.39],[123.0,-8.39],[122.79,-8.59]]],[[[128.24,-3.51],[128.25,-3.7],[127.81,-3.83],[128.24,-3.51]]],[[[102.1,3.05],[102.67,2.73],[102.42,2.02],[101.71,2.47],[102.1,3.05]]],[[[79.89,8.96],[81.4,8.51],[81.92,7.42],[81.88,6.71],[81.34,6.14],[80.23,5.88],[79.71,7.04],[79.89,8.96]]],[[[76.45,9.99],[76.56,9.41],[76.26,9.35],[76.45,9.99]]],[[[75.93,10.96],[75.78,10.96],[75.59,11.34],[75.93,10.96]]],[[[75.43,12.18],[75.34,11.92],[75.27,11.92],[75.43,12.18]]],[[[80.38,13.46],[80.41,13.08],[80.13,13.21],[80.38,13.46]]],[[[74.52,15.26],[74.55,14.81],[74.24,14.62],[73.8,15.39],[74.52,15.26]]],[[[72.99,18.99],[72.84,18.99],[72.87,19.31],[72.99,18.99]]],[[[72.96,20.09],[72.9,20.21],[73.19,20.15],[72.96,20.09]]],[[[72.93,20.47],[73.0,20.47],[72.99,20.41],[72.93,20.47]]],[[[71.26,20.86],[71.33,20.86],[71.33,20.79],[71.26,20.86]]]]}},{"type":"Feature","properties":{"n":"Sultanate of Malacca","f":1552,"t":1639,"w":"Q46652"},"geometry":{"type":"MultiPolygon","coordinates":[[[[112.52,-7.94],[112.41,-8.46],[110.65,-8.26],[109.9,-8.01],[110.01,-7.56],[109.24,-6.85],[110.34,-6.91],[110.89,-6.4],[111.64,-6.72],[111.51,-7.04],[112.52,-7.94]]],[[[101.23,3.18],[100.75,3.82],[101.7,3.76],[102.1,3.05],[101.72,2.54],[101.23,3.18]]],[[[101.53,4.85],[102.13,6.26],[102.49,5.04],[101.53,4.85]]]]}},{"type":"Feature","properties":{"n":"(Personal union of Spanish Empire with Habsburg Monarchy)","f":1552,"t":1555,"w":"Q32500"},"geometry":{"type":"MultiPolygon","coordinates":[[[[-57.5,-24.34],[-57.0,-24.47],[-58.31,-26.59],[-58.82,-26.52],[-57.5,-24.34]]],[[[-75.34,-10.77],[-75.27,-10.77],[-75.27,-10.84],[-75.34,-10.77]]],[[[-104.86,22.85],[-104.99,22.4],[-104.11,22.14],[-103.91,22.59],[-103.8,22.08],[-103.57,22.4],[-103.48,21.95],[-103.15,22.14],[-102.12,21.11],[-101.54,21.56],[-100.51,20.86],[-99.91,21.18],[-98.42,20.79],[-98.35,21.18],[-97.35,21.37],[-95.77,18.8],[-94.48,18.22],[-92.5,18.74],[-91.5,18.48],[-90.48,19.89],[-90.32,21.11],[-86.92,21.63],[-86.66,20.99],[-87.35,20.21],[-87.7,18.29],[-87.99,18.74],[-89.17,17.77],[-90.57,17.77],[-90.6,16.55],[-89.99,15.91],[-90.27,15.26],[-89.04,15.39],[-89.04,15.91],[-85.88,15.97],[-85.69,15.07],[-84.58,14.43],[-84.94,13.72],[-84.42,11.34],[-83.58,10.96],[-82.21,9.03],[-81.03,8.84],[-79.69,9.61],[-78.96,9.61],[-77.99,9.29],[-76.83,8.19],[-76.93,8.64],[-75.66,9.48],[-75.58,10.51],[-74.96,11.15],[-74.36,10.89],[-74.17,11.34],[-73.15,11.41],[-71.84,12.44],[-71.1,12.31],[-71.28,11.79],[-71.92,11.6],[-71.65,10.83],[-69.73,11.66],[-69.14,11.54],[-70.84,10.7],[-70.4,9.54],[-70.73,8.9],[-72.04,8.77],[-72.92,7.16],[-73.16,5.69],[-74.15,4.59],[-74.35,3.89],[-75.79,2.21],[-76.3,1.31],[-76.81,0.41],[-77.87,-3.25],[-77.69,-6.27],[-76.34,-8.39],[-75.17,-11.35],[-73.45,-12.64],[-73.75,-12.76],[-73.59,-13.41],[-73.06,-13.21],[-73.17,-12.76],[-71.74,-13.15],[-70.67,-12.76],[-68.37,-13.28],[-65.67,-14.89],[-63.8,-15.34],[-62.48,-16.75],[-63.18,-20.61],[-64.08,-22.86],[-65.06,-23.95],[-67.12,-31.02],[-68.47,-33.66],[-70.48,-35.39],[-71.61,-39.59],[-73.75,-41.66],[-74.09,-41.53],[-73.98,-40.36],[-73.37,-39.46],[-73.84,-37.46],[-73.33,-37.13],[-72.42,-35.2],[-71.63,-32.69],[-71.94,-30.83],[-70.57,-25.17],[-70.53,-23.63],[-70.81,-23.5],[-70.27,-21.96],[-70.26,-19.84],[-70.44,-18.42],[-71.62,-17.33],[-75.22,-15.53],[-76.08,-14.69],[-76.46,-14.18],[-76.38,-13.41],[-77.8,-11.35],[-78.98,-8.46],[-79.98,-6.91],[-81.33,-6.14],[-81.01,-5.63],[-81.47,-4.41],[-80.05,-3.12],[-81.12,-2.29],[-81.03,-0.94],[-80.16,0.22],[-80.23,0.86],[-79.06,1.25],[-78.78,2.34],[-77.91,2.6],[-77.26,3.63],[-77.56,4.08],[-77.41,6.52],[-78.5,7.94],[-78.23,8.45],[-79.64,8.9],[-80.41,8.26],[-80.0,7.42],[-80.94,7.16],[-81.05,7.87],[-81.47,7.61],[-81.94,8.19],[-83.71,8.45],[-83.67,9.09],[-84.83,9.99],[-85.24,9.61],[-85.78,9.99],[-85.72,11.09],[-87.55,12.69],[-87.47,13.34],[-88.85,13.21],[-91.35,13.91],[-94.77,16.36],[-96.73,15.65],[-101.11,17.26],[-101.9,17.96],[-103.43,18.29],[-105.33,19.7],[-105.63,20.47],[-105.13,21.31],[-105.7,22.59],[-108.04,24.91],[-107.32,24.71],[-105.41,22.66],[-105.29,23.11],[-104.86,22.85]]],[[[-76.3,1.31],[-76.22,1.31],[-76.22,1.25],[-76.3,1.31]]],[[[-75.14,2.92],[-75.07,2.92],[-75.07,2.86],[-75.14,2.92]]],[[[-81.9,7.36],[-81.91,7.61],[-81.7,7.68],[-81.9,7.36]]],[[[-79.03,8.32],[-78.96,8.45],[-78.81,8.45],[-79.03,8.32]]],[[[-63.42,10.25],[-63.35,10.25],[-63.35,10.19],[-63.42,10.25]]],[[[-61.0,10.06],[-61.73,10.06],[-61.55,10.83],[-60.89,10.83],[-61.0,10.06]]],[[[-61.98,10.57],[-62.85,10.51],[-62.84,10.31],[-63.28,10.38],[-63.63,10.12],[-64.52,10.31],[-64.03,10.7],[-61.98,10.57]]],[[[-64.04,10.83],[-64.35,11.09],[-63.84,11.21],[-64.04,10.83]]],[[[-69.11,12.18],[-69.12,12.37],[-68.66,11.99],[-69.11,12.18]]],[[[-68.16,12.24],[-68.15,12.05],[-68.29,12.05],[-68.16,12.24]]],[[[-69.93,12.37],[-70.02,12.56],[-69.87,12.56],[-69.93,12.37]]],[[[-78.39,18.29],[-77.01,18.48],[-76.12,17.9],[-77.37,17.84],[-78.39,18.29]]],[[[-67.12,17.96],[-67.26,18.48],[-66.16,18.54],[-65.52,18.16],[-67.12,17.96]]],[[[-69.49,19.12],[-68.58,18.99],[-68.29,18.41],[-70.72,18.35],[-71.28,17.58],[-72.1,18.22],[-74.4,18.29],[-74.24,18.74],[-72.3,18.61],[-72.79,19.51],[-73.41,19.64],[-73.23,19.96],[-70.78,19.96],[-69.12,19.19],[-69.49,19.12]]],[[[-73.3,18.86],[-73.32,18.99],[-72.79,18.93],[-72.83,18.67],[-73.3,18.86]]],[[[-86.7,20.34],[-86.99,20.28],[-87.02,20.47],[-86.67,20.6],[-86.7,20.34]]],[[[-74.07,20.15],[-77.65,19.83],[-77.19,20.66],[-78.24,20.79],[-78.66,21.56],[-82.05,22.27],[-81.74,22.66],[-84.8,21.82],[-84.0,22.79],[-82.29,23.24],[-80.57,23.17],[-74.07,20.15]]],[[[-82.5,21.44],[-82.95,21.44],[-83.04,21.95],[-82.66,21.95],[-82.5,21.44]]],[[[-78.6,22.53],[-78.23,22.59],[-78.2,22.4],[-78.6,22.53]]],[[[-17.85,27.87],[-17.9,27.61],[-18.06,27.67],[-17.85,27.87]]],[[[-15.73,27.74],[-15.76,28.19],[-15.3,28.12],[-15.73,27.74]]],[[[-17.35,28.19],[-17.12,28.25],[-17.03,28.06],[-17.35,28.19]]],[[[-16.91,28.38],[-16.09,28.57],[-16.36,28.06],[-16.65,27.93],[-16.91,28.38]]],[[[-13.77,28.77],[-13.81,28.25],[-14.32,28.06],[-13.77,28.77]]],[[[-17.71,28.89],[-17.67,28.51],[-17.9,28.51],[-17.71,28.89]]],[[[-13.65,29.22],[-13.42,29.22],[-13.47,28.89],[-13.86,28.96],[-13.65,29.22]]],[[[-2.98,35.26],[-2.99,35.45],[-2.84,35.45],[-2.98,35.26]]],[[[-0.53,35.71],[-0.45,35.58],[-0.67,35.45],[-0.91,35.64],[-0.53,35.71]]],[[[4.55,36.67],[4.39,36.93],[5.02,36.8],[4.55,36.67]]],[[[1.65,39.13],[1.66,39.0],[1.27,38.8],[1.18,39.06],[1.65,39.13]]],[[[2.34,39.64],[2.88,39.97],[3.52,39.77],[3.3,39.32],[2.34,39.64]]],[[[1.66,42.43],[2.99,43.02],[3.12,41.91],[0.7,40.94],[-0.35,39.71],[0.1,38.74],[-0.66,38.29],[-0.7,37.64],[-1.71,37.45],[-2.06,36.8],[-4.47,36.74],[-5.58,36.03],[-6.43,37.0],[-7.39,37.25],[-6.99,39.06],[-7.44,39.64],[-6.9,39.77],[-6.93,41.0],[-6.27,41.65],[-6.7,41.98],[-8.93,41.91],[-8.66,42.37],[-9.3,43.15],[-8.24,43.73],[-1.44,43.28],[1.66,42.43]]],[[[4.22,40.1],[4.3,39.84],[3.83,39.9],[4.22,40.1]]],[[[4.31,46.28],[4.41,46.02],[4.08,45.96],[4.31,46.28]]],[[[5.82,47.86],[7.47,48.06],[7.56,47.6],[6.98,47.53],[5.79,46.22],[5.37,46.35],[5.82,47.86]]],[[[8.21,48.26],[8.06,47.33],[7.56,47.47],[7.89,47.66],[7.71,48.26],[8.21,48.26]]],[[[8.21,48.13],[8.46,48.06],[8.46,47.99],[8.21,48.13]]],[[[8.29,48.26],[8.21,48.39],[8.45,48.39],[8.29,48.26]]],[[[7.79,48.59],[7.95,48.59],[7.95,48.52],[7.79,48.59]]],[[[6.02,51.92],[6.12,51.51],[6.04,51.45],[5.05,50.71],[5.23,50.31],[5.9,50.38],[5.72,50.85],[6.04,51.31],[6.07,50.45],[6.4,50.51],[6.07,50.25],[6.58,50.11],[6.36,49.25],[5.86,49.18],[5.93,49.58],[5.35,49.32],[4.74,50.11],[1.87,50.38],[2.07,51.11],[3.75,51.45],[3.4,51.65],[4.22,52.18],[4.69,53.19],[5.06,52.65],[5.54,53.39],[6.74,53.53],[7.18,53.26],[6.68,52.65],[6.94,52.38],[6.02,51.92]]],[[[6.04,51.45],[6.12,51.45],[6.12,51.38],[6.04,51.45]]],[[[18.36,40.29],[18.35,39.9],[17.35,40.55],[16.62,40.29],[16.45,39.64],[17.14,39.06],[15.93,37.96],[15.39,38.16],[15.05,36.74],[12.49,37.71],[12.65,38.09],[14.6,38.03],[15.86,38.29],[16.27,38.74],[15.75,40.03],[13.79,41.13],[13.8,41.85],[13.01,42.04],[13.1,42.69],[13.99,42.95],[14.37,42.24],[16.12,41.91],[15.94,41.39],[18.36,40.29]]],[[[9.59,39.13],[8.34,39.0],[8.15,40.94],[9.5,41.2],[9.59,39.13]]],[[[9.97,43.99],[9.89,43.99],[9.89,44.06],[9.97,43.99]]],[[[8.43,44.71],[8.58,45.56],[7.92,45.96],[8.32,46.41],[8.9,45.89],[9.39,46.22],[9.31,45.69],[10.45,45.17],[9.23,45.1],[9.97,44.12],[8.59,44.45],[7.55,43.8],[8.43,44.71]]],[[[21.36,47.93],[21.94,47.93],[21.93,47.8],[21.36,47.93]]],[[[9.29,47.8],[8.88,47.73],[8.96,47.99],[9.29,47.8]]],[[[8.63,47.86],[8.63,47.99],[8.71,47.99],[8.63,47.86]]],[[[9.37,47.93],[9.54,47.99],[9.54,47.86],[9.37,47.93]]],[[[10.12,48.06],[10.2,48.26],[10.53,48.26],[10.12,48.06]]],[[[8.54,48.26],[8.54,48.32],[8.79,48.32],[8.54,48.26]]],[[[8.95,48.32],[9.04,48.19],[8.87,48.19],[8.95,48.32]]],[[[21.8,49.38],[22.44,49.05],[20.69,47.8],[18.89,48.06],[18.21,47.73],[18.17,46.87],[16.92,46.35],[17.55,45.82],[16.29,44.84],[16.52,44.32],[15.88,44.71],[14.91,44.58],[14.6,45.37],[14.03,45.04],[13.79,45.24],[14.12,45.5],[13.31,45.82],[13.56,46.55],[11.11,46.41],[9.54,47.2],[9.62,47.53],[12.51,47.66],[12.18,47.07],[13.74,47.07],[13.18,48.06],[14.1,48.65],[12.53,49.52],[12.12,50.25],[14.33,50.98],[14.26,51.71],[13.42,52.05],[13.94,52.32],[14.78,51.92],[15.65,52.32],[16.13,51.71],[17.32,51.71],[19.19,50.38],[18.88,49.45],[21.8,49.38]],[[20.29,49.25],[20.28,49.12],[20.45,49.18],[20.29,49.25]],[[13.93,52.12],[13.93,52.05],[14.27,51.92],[13.93,52.12]]],[[[9.95,48.46],[10.03,48.26],[9.45,48.19],[9.95,48.46]]],[[[9.2,48.32],[9.37,48.46],[9.37,48.26],[9.2,48.32]]],[[[10.2,48.46],[10.28,48.32],[10.11,48.32],[10.2,48.46]]],[[[8.45,48.59],[8.45,48.52],[8.37,48.46],[8.45,48.59]]],[[[8.7,48.52],[8.53,48.59],[8.62,48.65],[8.7,48.52]]],[[[13.25,51.85],[13.67,51.78],[13.67,51.65],[13.25,51.85]]]]}},{"type":"Feature","properties":{"n":"Kingdom of Scotland","f":1552,"t":1555,"w":"Q230791"},"geometry":{"type":"MultiPolygon","coordinates":[[[[-6.07,54.68],[-6.09,54.89],[-5.55,54.68],[-5.75,54.27],[-6.07,54.68]]],[[[-2.79,56.52],[-2.67,56.25],[-3.27,56.11],[-2.11,55.91],[-3.14,54.95],[-5.11,54.68],[-5.33,55.02],[-4.77,55.43],[-5.0,55.84],[-5.44,55.91],[-5.12,55.43],[-5.57,55.57],[-5.63,55.29],[-5.89,55.29],[-5.8,55.98],[-6.63,55.63],[-5.66,56.18],[-6.29,56.32],[-5.95,57.01],[-6.82,57.49],[-6.32,57.77],[-5.7,57.14],[-5.89,57.83],[-5.2,58.67],[-3.14,58.74],[-3.43,58.18],[-4.12,57.97],[-3.99,57.7],[-1.85,57.7],[-2.79,56.52]]],[[[-7.6,57.35],[-7.25,57.42],[-7.29,57.08],[-7.6,57.35]]],[[[-7.12,57.7],[-7.11,57.63],[-7.44,57.49],[-7.12,57.7]]],[[[-6.21,58.18],[-7.13,57.77],[-7.28,58.18],[-6.26,58.53],[-6.21,58.18]]],[[[-3.2,59.22],[-2.79,58.88],[-3.42,58.81],[-3.2,59.22]]],[[[-2.58,59.36],[-2.56,59.22],[-2.83,59.16],[-2.58,59.36]]],[[[-1.2,60.07],[-1.67,60.21],[-1.63,60.63],[-0.83,60.84],[-1.2,60.07]]]]}},{"type":"Feature","properties":{"n":"Warring States Japan","f":1552,"t":1555,"w":"Q204023"},"geometry":{"type":"MultiPolygon","coordinates":[[[[130.72,30.44],[130.62,30.18],[130.36,30.31],[130.72,30.44]]],[[[131.02,30.44],[130.82,30.5],[130.92,30.76],[131.17,30.82],[131.02,30.44]]],[[[130.61,32.56],[130.53,32.56],[130.52,32.88],[129.79,32.62],[129.6,33.39],[132.69,35.52],[136.04,35.71],[135.9,36.03],[136.71,36.8],[136.72,37.38],[137.37,37.58],[136.96,37.13],[137.25,36.8],[139.39,38.22],[140.04,39.51],[139.66,39.9],[139.99,40.29],[139.77,40.55],[140.34,41.26],[141.54,41.39],[141.44,40.68],[142.09,39.64],[141.51,38.35],[140.92,38.03],[141.13,37.32],[140.61,36.42],[140.91,35.84],[140.41,35.19],[139.7,34.87],[139.96,35.64],[139.72,35.19],[139.21,35.26],[138.95,34.61],[138.8,35.07],[138.26,34.61],[137.07,34.55],[137.24,34.74],[136.73,34.94],[136.91,34.23],[136.45,34.23],[135.81,33.39],[135.07,33.78],[134.99,34.23],[135.44,34.68],[135.1,34.61],[134.22,33.26],[133.54,33.46],[133.03,32.69],[132.08,33.46],[132.88,34.16],[134.63,34.29],[134.82,34.68],[132.32,34.29],[132.19,33.84],[131.09,33.97],[131.1,33.65],[131.82,33.71],[131.69,33.26],[132.09,33.14],[131.41,31.4],[130.64,31.01],[130.14,31.27],[130.1,31.91],[130.61,32.56]],[[131.6,33.44],[131.29,33.39],[131.36,33.39],[131.6,33.44]],[[136.13,35.13],[136.03,35.39],[135.84,35.32],[135.8,34.94],[136.13,35.13]]],[[[130.53,32.56],[130.13,32.17],[129.99,32.56],[130.53,32.56]]],[[[128.77,32.56],[128.57,32.62],[128.65,32.81],[128.77,32.56]]],[[[129.82,33.71],[129.59,33.71],[129.73,33.84],[129.82,33.71]]],[[[129.31,34.1],[129.11,34.16],[129.17,34.29],[129.31,34.1]]],[[[129.43,34.36],[129.23,34.42],[129.29,34.55],[129.43,34.36]]],[[[138.34,38.29],[138.61,38.35],[138.34,37.77],[138.34,38.29]]],[[[140.23,42.24],[140.94,41.78],[139.95,41.39],[139.9,42.11],[140.23,42.24]]]]}},{"type":"Feature","properties":{"n":"Kingdom of France","f":1552,"t":1555,"w":"Q207162"},"geometry":{"type":"MultiPolygon","coordinates":[[[[4.67,49.71],[4.88,48.65],[5.87,48.85],[5.88,48.46],[5.38,48.52],[5.82,47.73],[5.38,46.28],[8.58,45.56],[8.43,44.71],[6.28,43.15],[3.85,43.6],[1.73,42.56],[1.87,42.89],[0.87,43.67],[0.64,43.41],[0.99,42.82],[0.52,42.69],[0.2,42.76],[0.32,43.34],[-1.68,43.28],[-1.03,45.5],[-1.25,46.28],[-2.01,46.61],[-2.58,47.47],[-4.42,47.8],[-4.89,48.32],[-4.6,48.72],[-3.46,48.92],[-1.6,48.65],[-2.03,49.78],[0.01,49.38],[0.22,49.85],[1.45,50.25],[1.5,50.91],[2.55,50.11],[4.67,49.71]]],[[[6.54,48.52],[6.79,48.46],[6.72,48.19],[6.54,48.52]]],[[[5.87,48.85],[6.03,48.92],[6.04,48.79],[5.87,48.85]]],[[[7.03,49.05],[6.62,48.85],[7.21,48.59],[5.86,48.99],[7.03,49.05]]],[[[5.7,48.99],[5.36,48.99],[5.35,49.32],[5.7,48.99]]]]}},{"type":"Feature","properties":{"n":"Kingdom of England","f":1552,"t":1555,"w":"Q179876"},"geometry":{"type":"MultiPolygon","coordinates":[[[[2.01,50.78],[1.58,50.91],[1.66,51.05],[2.07,51.11],[2.01,50.78]]],[[[-8.58,51.71],[-8.71,52.05],[-8.38,52.12],[-8.58,51.71]]],[[[-8.57,52.86],[-8.37,52.65],[-9.73,52.59],[-9.45,52.99],[-8.57,52.86]]],[[[0.3,53.39],[0.08,52.92],[1.09,53.06],[1.72,52.72],[1.59,52.12],[0.52,51.51],[1.38,51.38],[1.31,51.11],[0.49,50.78],[-1.37,50.85],[-1.18,50.58],[-3.13,50.71],[-3.58,50.25],[-5.75,50.05],[-4.2,51.31],[-3.09,51.25],[-2.95,51.45],[-4.91,51.58],[-5.22,52.05],[-4.16,52.45],[-4.3,52.92],[-4.79,52.79],[-4.49,53.12],[-4.7,53.46],[-3.15,53.46],[-2.97,54.14],[-3.59,54.27],[-3.65,54.82],[-2.56,55.23],[-2.11,55.91],[0.3,53.39]]],[[[-7.59,53.19],[-7.15,53.12],[-6.92,53.94],[-6.33,54.07],[-6.09,52.86],[-6.43,52.18],[-7.61,52.12],[-7.59,53.19]]],[[[-4.86,54.07],[-4.81,54.34],[-4.36,54.21],[-4.86,54.07]]],[[[-5.84,54.95],[-5.73,54.75],[-5.99,54.75],[-5.84,54.95]]]]}},{"type":"Feature","properties":{"n":"(Allegiance of Joseon to Ming Dynasty)","f":1552,"t":1563,"w":"Q28405"},"geometry":{"type":"MultiPolygon","coordinates":[[[[108.76,18.41],[108.7,19.38],[109.25,19.96],[110.91,20.15],[111.03,19.57],[109.86,18.35],[108.76,18.41]]],[[[121.98,29.99],[122.05,30.18],[122.27,30.18],[121.98,29.99]]],[[[124.04,40.87],[124.29,40.36],[125.99,40.94],[126.87,41.85],[128.22,41.46],[128.0,41.98],[129.7,42.5],[129.76,42.95],[130.74,42.5],[129.7,41.65],[129.76,40.87],[127.58,39.77],[127.44,39.26],[128.36,38.8],[129.47,37.25],[129.62,35.71],[129.15,35.07],[128.53,35.07],[128.68,34.74],[128.08,34.94],[127.38,34.42],[127.22,34.74],[126.12,34.36],[126.77,35.9],[126.05,36.8],[126.65,37.06],[126.6,37.58],[124.9,37.9],[125.39,39.38],[124.34,39.9],[121.03,38.74],[121.69,39.38],[121.28,39.64],[122.23,40.48],[121.82,40.87],[121.11,40.87],[119.22,39.32],[117.89,39.19],[117.6,38.48],[119.46,37.96],[119.16,37.19],[120.75,37.9],[122.71,37.45],[122.39,36.8],[120.98,36.61],[119.23,34.81],[120.34,34.36],[120.92,32.62],[121.99,31.85],[121.58,31.4],[121.9,30.82],[120.68,30.18],[121.48,30.31],[122.03,29.92],[121.94,29.22],[121.74,29.54],[121.57,29.47],[121.65,28.32],[121.12,28.32],[119.59,26.13],[119.53,25.62],[119.87,25.49],[119.27,25.49],[118.76,24.59],[118.15,24.52],[116.54,22.91],[114.64,22.72],[114.37,22.08],[113.6,22.72],[113.64,22.14],[110.42,21.18],[110.49,20.28],[109.88,20.21],[109.81,21.5],[107.24,21.69],[106.71,22.08],[106.71,22.91],[105.21,23.3],[103.96,22.53],[101.72,22.46],[101.81,21.18],[101.36,21.18],[101.16,21.76],[100.22,21.5],[99.94,22.08],[99.29,22.14],[99.57,22.98],[98.94,23.24],[98.88,24.14],[97.65,23.94],[97.65,24.78],[98.67,25.81],[98.84,26.58],[98.74,27.48],[98.16,28.19],[98.87,28.32],[99.4,29.47],[99.7,28.32],[100.68,29.73],[101.87,33.52],[101.2,33.78],[101.69,34.1],[101.07,34.29],[100.92,34.74],[102.03,34.61],[101.71,35.0],[102.92,36.35],[102.1,37.77],[101.7,37.58],[99.9,38.87],[100.5,39.71],[101.18,39.64],[101.17,39.26],[102.09,38.87],[103.12,39.06],[102.79,38.48],[104.54,37.64],[106.16,37.96],[107.33,39.64],[107.65,39.32],[107.29,38.55],[108.84,37.84],[109.53,37.96],[110.42,39.51],[113.32,40.55],[114.68,40.42],[116.61,41.2],[117.34,40.94],[117.37,40.42],[118.42,40.61],[119.36,40.03],[121.45,41.59],[121.93,41.72],[122.01,41.33],[122.41,41.33],[123.7,42.89],[124.66,42.76],[124.21,42.04],[124.56,41.46],[124.04,40.87]]],[[[127.0,33.59],[126.14,33.2],[126.36,33.52],[127.0,33.59]]]]}},{"type":"Feature","properties":{"n":"Safavid Dynasty","f":1552,"t":1555,"w":"Q161205"},"geometry":{"type":"Polygon","coordinates":[[[53.88,37.71],[56.37,38.42],[56.08,38.87],[56.39,39.9],[57.83,41.26],[60.84,40.94],[62.38,41.33],[62.65,39.71],[64.66,38.03],[65.94,37.51],[66.36,36.67],[64.6,32.49],[63.58,27.87],[63.45,26.32],[64.08,25.36],[61.72,25.04],[57.96,25.55],[57.11,26.07],[56.71,27.16],[54.83,26.45],[53.66,26.71],[51.32,27.99],[50.06,30.18],[48.39,30.12],[47.74,31.01],[47.98,31.72],[47.6,32.3],[46.23,32.94],[45.44,33.91],[45.93,35.19],[44.31,37.9],[44.08,40.81],[45.6,40.48],[47.22,41.46],[47.99,41.33],[48.28,41.98],[49.51,40.61],[50.26,40.42],[49.51,40.23],[48.8,39.0],[48.83,37.84],[51.26,36.61],[54.03,36.87],[53.88,37.71]]]}},{"type":"Feature","properties":{"n":"Tümed","f":1552,"t":1581,"w":"Q3402317"},"geometry":{"type":"Polygon","coordinates":[[[103.11,53.66],[103.35,52.12],[101.06,51.25],[97.83,47.6],[97.66,47.14],[98.53,46.48],[98.27,45.24],[98.94,43.08],[101.53,42.5],[111.23,42.82],[113.91,41.91],[114.97,40.68],[112.5,40.36],[110.42,39.51],[109.53,37.96],[108.84,37.84],[107.29,38.55],[107.65,39.32],[107.33,39.64],[106.16,37.96],[104.54,37.64],[102.79,38.48],[103.12,39.06],[102.09,38.87],[101.17,39.26],[101.18,39.64],[100.5,39.71],[99.9,38.87],[101.7,37.58],[102.1,37.77],[102.92,36.35],[101.71,35.0],[102.03,34.61],[100.92,34.74],[101.07,34.29],[101.69,34.1],[101.2,33.78],[98.85,34.1],[92.36,37.0],[91.39,36.67],[90.94,36.93],[91.53,37.51],[90.94,38.03],[90.95,38.67],[92.49,39.19],[92.69,39.71],[90.75,40.55],[90.22,41.91],[85.79,42.76],[82.06,42.24],[80.19,42.37],[80.79,43.28],[80.41,44.71],[79.95,44.97],[81.82,45.37],[83.04,47.01],[84.7,46.87],[86.63,49.78],[91.52,53.6],[97.13,54.95],[99.5,55.09],[103.11,53.66]]]}},{"type":"Feature","properties":{"n":"Holy Roman Empire Minor States","f":1552,"t":1555,"w":"Q12548"},"geometry":{"type":"MultiPolygon","coordinates":[[[[6.51,46.87],[6.83,47.14],[7.08,46.94],[6.51,46.87]]],[[[5.17,49.71],[4.94,49.18],[4.49,49.98],[5.17,49.71]]],[[[10.78,43.34],[11.26,43.47],[12.06,42.76],[11.41,42.37],[10.78,43.34]]],[[[9.23,45.1],[10.45,45.04],[10.62,45.43],[11.59,44.91],[10.7,43.8],[9.23,45.1]]],[[[11.99,44.65],[11.75,44.84],[11.83,44.97],[12.24,44.97],[11.99,44.65]]],[[[11.52,46.61],[12.09,46.68],[11.02,45.76],[10.45,45.89],[10.53,46.55],[11.52,46.61]]],[[[9.54,47.2],[9.63,47.14],[9.46,47.14],[9.54,47.2]]],[[[13.0,47.53],[13.18,48.06],[13.74,47.07],[12.18,47.07],[12.51,47.66],[13.0,47.53]]],[[[13.36,48.99],[14.1,48.65],[13.85,48.46],[13.27,48.59],[13.36,48.99]]],[[[12.55,50.85],[12.81,50.98],[12.8,50.65],[12.55,50.85]]],[[[7.64,47.8],[7.89,47.66],[7.56,47.53],[7.47,48.06],[7.06,47.93],[7.03,48.99],[7.53,49.12],[6.69,49.32],[7.69,49.38],[8.03,48.92],[8.77,49.32],[7.76,49.91],[7.6,49.58],[6.35,49.58],[6.58,50.11],[6.07,50.25],[6.4,50.51],[6.07,50.45],[6.04,51.31],[5.72,50.85],[5.9,50.38],[5.06,50.45],[5.28,51.18],[6.12,51.51],[6.02,51.92],[6.95,52.25],[6.68,52.65],[7.02,52.72],[7.08,53.73],[10.36,53.66],[10.53,54.0],[13.41,54.75],[13.74,54.27],[13.3,54.21],[14.5,53.73],[15.04,54.21],[18.02,54.89],[17.08,53.6],[15.98,54.07],[16.05,53.66],[14.65,53.06],[13.9,53.73],[13.2,53.33],[11.31,53.46],[11.13,52.52],[12.33,52.79],[12.58,52.45],[12.05,51.38],[11.37,51.31],[11.38,51.71],[10.87,51.65],[11.12,51.31],[10.61,51.38],[10.02,51.18],[10.36,50.65],[10.78,50.85],[10.53,51.25],[11.29,50.78],[10.36,50.51],[10.69,50.05],[12.21,50.78],[12.12,50.18],[11.2,49.78],[10.94,48.85],[10.03,49.12],[10.53,48.26],[10.12,48.06],[10.53,48.19],[10.61,47.6],[10.12,47.33],[9.04,47.73],[9.29,47.99],[8.47,47.6],[8.22,47.66],[8.21,47.99],[8.21,48.26],[7.79,48.32],[7.64,47.8]],[[8.46,47.99],[8.38,48.13],[8.21,47.99],[8.46,47.99]],[[10.2,48.46],[10.11,48.46],[10.11,48.32],[10.2,48.46]],[[9.95,48.46],[9.45,48.46],[9.45,48.19],[9.95,48.46]],[[9.54,47.86],[9.54,47.99],[9.37,47.93],[9.54,47.86]],[[9.2,48.32],[9.2,48.26],[9.37,48.26],[9.2,48.32]],[[8.71,48.19],[8.79,48.32],[8.54,48.32],[8.71,48.19]],[[9.04,48.19],[9.04,48.26],[8.87,48.32],[9.04,48.19]],[[8.71,47.99],[8.63,47.99],[8.79,47.86],[8.71,47.99]],[[8.62,48.65],[8.53,48.59],[8.62,48.52],[8.62,48.65]],[[8.45,48.39],[8.21,48.39],[8.29,48.32],[8.45,48.39]],[[8.29,48.59],[8.37,48.46],[8.45,48.59],[8.29,48.59]]],[[[11.88,51.05],[11.88,51.18],[12.05,51.31],[12.22,51.05],[11.88,51.05]]],[[[14.33,51.25],[13.99,51.11],[14.0,51.51],[14.33,51.25]]],[[[12.9,51.31],[12.64,51.38],[12.9,51.45],[12.9,51.31]]]]}},{"type":"Feature","properties":{"n":"Don Cossacks","f":1552,"t":1594,"w":"Q1057292"},"geometry":{"type":"Polygon","coordinates":[[[43.29,49.18],[42.57,48.13],[41.29,47.07],[38.36,47.73],[40.14,49.65],[43.29,49.18]]]}},{"type":"Feature","properties":{"n":"Bijapur Sultanate","f":1552,"t":1571,"w":"Q83821"},"geometry":{"type":"Polygon","coordinates":[[[77.45,15.84],[76.96,15.39],[74.82,15.33],[74.47,13.91],[74.52,15.26],[73.8,15.46],[73.42,16.04],[72.93,18.48],[74.22,18.74],[75.63,18.16],[76.55,18.41],[77.3,17.9],[77.45,16.55],[78.41,15.91],[77.45,15.84]]]}},{"type":"Feature","properties":{"n":"Portuguese Empire","f":1552,"t":1555,"w":"Q200464"},"geometry":{"type":"MultiPolygon","coordinates":[[[[-36.26,-10.39],[-37.24,-11.09],[-38.13,-12.83],[-39.03,-13.28],[-39.02,-16.43],[-39.77,-18.36],[-39.8,-19.58],[-40.88,-20.93],[-41.14,-22.15],[-42.16,-22.66],[-40.23,-18.55],[-39.53,-11.67],[-38.38,-10.39],[-36.68,-9.94],[-36.36,-6.79],[-36.68,-5.11],[-35.3,-5.44],[-34.84,-7.49],[-35.02,-8.59],[-36.26,-10.39]]],[[[75.27,11.92],[75.07,12.24],[75.43,12.18],[75.27,11.92]]],[[[74.52,15.26],[74.55,14.81],[74.24,14.62],[73.86,15.33],[74.52,15.26]]],[[[73.1,19.38],[72.99,18.99],[72.84,18.99],[73.1,19.38]]],[[[72.96,20.09],[72.9,20.21],[73.19,20.15],[72.96,20.09]]],[[[72.99,20.41],[72.92,20.41],[72.93,20.47],[72.99,20.41]]],[[[71.33,20.79],[71.25,20.79],[71.26,20.86],[71.33,20.79]]],[[[55.29,26.52],[56.32,27.03],[56.06,26.71],[55.29,26.52]]],[[[125.44,-8.84],[125.13,-8.59],[125.71,-8.52],[125.44,-8.84]]],[[[123.01,-8.52],[122.79,-8.59],[122.78,-8.39],[123.01,-8.52]]],[[[127.8,-3.57],[128.24,-3.51],[128.25,-3.7],[127.8,-3.57]]],[[[102.1,3.05],[102.67,2.73],[102.42,2.02],[101.71,2.41],[102.1,3.05]]],[[[80.23,5.88],[79.89,6.26],[79.79,8.51],[80.07,8.39],[80.05,6.65],[80.83,6.14],[80.23,5.88]]],[[[76.23,9.93],[76.45,9.99],[76.56,9.41],[76.26,9.35],[76.23,9.93]]],[[[75.88,11.34],[75.93,10.96],[75.78,10.96],[75.58,11.28],[75.88,11.34]]],[[[80.15,13.4],[80.38,13.46],[80.41,13.08],[80.15,13.4]]]]}},{"type":"Feature","properties":{"n":"Ming Dynasty","f":1552,"t":1563,"w":"Q9903"},"geometry":{"type":"MultiPolygon","coordinates":[[[[108.76,18.41],[108.7,19.38],[109.25,19.96],[110.91,20.15],[111.03,19.57],[109.86,18.35],[108.76,18.41]]],[[[122.28,29.99],[121.98,29.99],[122.05,30.18],[122.28,29.99]]],[[[124.04,40.87],[124.29,40.36],[124.73,40.42],[124.23,39.84],[121.03,38.74],[121.69,39.38],[121.28,39.64],[122.23,40.48],[121.11,40.87],[119.22,39.32],[117.89,39.19],[117.58,38.74],[118.07,38.16],[119.46,37.96],[119.16,37.19],[120.75,37.9],[122.71,37.45],[122.39,36.8],[120.98,36.61],[119.23,34.81],[120.34,34.36],[120.92,32.62],[121.99,31.85],[121.58,31.4],[121.9,30.82],[120.68,30.18],[121.48,30.31],[122.03,29.92],[121.94,29.22],[121.74,29.54],[121.57,29.47],[121.65,28.32],[121.12,28.32],[119.59,26.13],[119.53,25.62],[119.87,25.49],[119.27,25.49],[118.76,24.59],[118.15,24.52],[116.54,22.91],[114.64,22.72],[114.37,22.08],[113.6,22.72],[113.64,22.14],[110.42,21.18],[110.49,20.28],[109.88,20.21],[109.81,21.5],[107.24,21.69],[106.71,22.08],[106.71,22.91],[105.21,23.3],[103.96,22.53],[101.72,22.46],[101.81,21.18],[101.36,21.18],[101.16,21.76],[100.22,21.5],[99.94,22.08],[99.29,22.14],[99.57,22.98],[98.94,23.24],[98.88,24.14],[97.65,23.94],[97.65,24.78],[98.67,25.81],[98.84,26.58],[98.74,27.48],[98.16,28.19],[98.87,28.32],[99.4,29.47],[99.7,28.32],[100.68,29.73],[101.87,33.52],[101.2,33.78],[101.69,34.1],[101.07,34.29],[100.92,34.74],[102.03,34.61],[101.71,35.0],[102.92,36.35],[102.1,37.77],[101.7,37.58],[99.9,38.87],[100.5,39.71],[101.18,39.64],[101.17,39.26],[102.09,38.87],[103.12,39.06],[102.79,38.48],[104.54,37.64],[106.16,37.96],[107.33,39.64],[107.65,39.32],[107.29,38.55],[108.84,37.84],[109.53,37.96],[110.42,39.51],[113.32,40.55],[114.68,40.42],[116.61,41.2],[117.34,40.94],[117.37,40.42],[118.42,40.61],[119.36,40.03],[121.45,41.59],[121.93,41.72],[122.01,41.33],[122.41,41.33],[123.7,42.89],[124.66,42.76],[124.21,42.04],[124.04,40.87]]]]}},{"type":"Feature","properties":{"n":"Duchy of Lorraine","f":1552,"t":1555,"w":"Q155019"},"geometry":{"type":"MultiPolygon","coordinates":[[[[5.38,48.52],[5.88,48.46],[6.03,48.92],[7.13,48.32],[7.06,47.93],[5.82,47.86],[5.38,48.52]],[[6.47,48.32],[6.72,48.19],[6.79,48.46],[6.47,48.32]]],[[[7.03,48.92],[7.03,48.85],[6.62,48.85],[7.03,48.92]]],[[[7.53,49.12],[7.53,48.99],[7.36,48.92],[6.86,49.12],[7.53,49.12]]],[[[5.29,48.85],[4.88,48.65],[5.18,49.58],[5.36,48.99],[5.85,49.32],[6.03,48.92],[5.3,48.59],[5.29,48.85]]],[[[6.35,49.58],[7.1,49.52],[6.69,49.18],[6.35,49.58]]],[[[6.01,49.52],[6.02,49.45],[5.85,49.32],[5.6,49.52],[6.01,49.52]]]]}},{"type":"Feature","properties":{"n":"Golden Horde","f":1552,"t":1581,"w":"Q79965"},"geometry":{"type":"MultiPolygon","coordinates":[[[[118.94,54.41],[125.6,51.85],[126.07,50.91],[125.99,49.05],[124.19,45.43],[122.92,45.37],[120.82,46.61],[118.08,46.68],[113.69,44.78],[112.02,45.1],[111.39,44.32],[111.89,43.67],[110.55,42.89],[101.53,42.5],[98.94,43.08],[98.27,45.24],[98.53,46.48],[97.66,47.14],[98.35,48.52],[101.06,51.25],[103.31,52.05],[103.84,51.85],[103.57,51.58],[104.83,51.45],[108.03,52.79],[108.83,53.26],[109.64,54.27],[109.99,55.84],[118.94,54.41]]],[[[108.87,53.53],[108.52,53.53],[108.6,53.73],[109.02,53.94],[108.87,53.53]]]]}},{"type":"Feature","properties":{"n":"Kingdom of Mrauk U","f":1552,"t":1555,"w":"Q10791211"},"geometry":{"type":"Polygon","coordinates":[[[94.73,20.02],[95.16,18.35],[94.57,16.81],[94.36,18.48],[94.12,18.86],[93.51,18.74],[93.8,19.7],[92.12,20.92],[91.74,22.4],[91.37,22.46],[91.53,22.98],[93.02,22.01],[93.17,23.04],[94.07,23.04],[94.1,20.79],[94.73,20.02]]]}},{"type":"Feature","properties":{"n":"(Holy Roman Empire)","f":1552,"t":1555,"w":"Q12548"},"geometry":{"type":"MultiPolygon","coordinates":[[[[6.51,46.87],[6.83,47.14],[7.08,46.94],[6.51,46.87]]],[[[5.17,49.71],[4.94,49.18],[4.49,49.98],[5.17,49.71]]],[[[10.78,43.34],[11.26,43.47],[12.06,42.76],[11.41,42.37],[10.78,43.34]]],[[[9.23,45.1],[10.45,45.04],[10.62,45.43],[11.59,44.91],[10.7,43.8],[9.23,45.1]]],[[[11.99,44.65],[11.75,44.84],[11.83,44.97],[12.24,44.97],[11.99,44.65]]],[[[11.52,46.61],[12.09,46.68],[11.02,45.76],[10.45,45.89],[10.53,46.55],[11.52,46.61]]],[[[9.54,47.2],[9.63,47.14],[9.46,47.14],[9.54,47.2]]],[[[13.0,47.53],[13.18,48.06],[13.74,47.07],[12.18,47.07],[12.51,47.66],[13.0,47.53]]],[[[13.36,48.99],[14.1,48.65],[13.85,48.46],[13.27,48.59],[13.36,48.99]]],[[[12.55,50.85],[12.81,50.98],[12.8,50.65],[12.55,50.85]]],[[[7.64,47.8],[7.89,47.66],[7.56,47.53],[7.47,48.06],[7.06,47.93],[7.03,48.99],[7.53,49.12],[6.69,49.32],[7.69,49.38],[8.03,48.92],[8.77,49.32],[7.76,49.91],[7.6,49.58],[6.35,49.58],[6.58,50.11],[6.07,50.25],[6.4,50.51],[6.07,50.45],[6.04,51.31],[5.72,50.85],[5.9,50.38],[5.06,50.45],[5.28,51.18],[6.12,51.51],[6.02,51.92],[6.95,52.25],[6.68,52.65],[7.02,52.72],[7.08,53.73],[10.36,53.66],[10.53,54.0],[13.41,54.75],[13.74,54.27],[13.3,54.21],[14.5,53.73],[15.04,54.21],[18.02,54.89],[17.08,53.6],[15.98,54.07],[16.05,53.66],[14.65,53.06],[13.9,53.73],[13.2,53.33],[11.31,53.46],[11.13,52.52],[12.33,52.79],[12.58,52.45],[12.05,51.38],[11.37,51.31],[11.38,51.71],[10.87,51.65],[11.12,51.31],[10.61,51.38],[10.02,51.18],[10.36,50.65],[10.78,50.85],[10.53,51.25],[11.29,50.78],[10.36,50.51],[10.69,50.05],[12.21,50.78],[12.12,50.18],[11.2,49.78],[10.94,48.85],[10.03,49.12],[10.53,48.26],[10.12,48.06],[10.53,48.19],[10.61,47.6],[10.12,47.33],[9.04,47.73],[9.29,47.99],[8.47,47.6],[8.22,47.66],[8.21,47.99],[8.21,48.26],[7.79,48.32],[7.64,47.8]],[[8.46,47.99],[8.38,48.13],[8.21,47.99],[8.46,47.99]],[[10.2,48.46],[10.11,48.46],[10.11,48.32],[10.2,48.46]],[[9.95,48.46],[9.45,48.46],[9.45,48.19],[9.95,48.46]],[[9.54,47.86],[9.54,47.99],[9.37,47.93],[9.54,47.86]],[[9.2,48.32],[9.2,48.26],[9.37,48.26],[9.2,48.32]],[[8.71,48.19],[8.79,48.32],[8.54,48.32],[8.71,48.19]],[[9.04,48.19],[9.04,48.26],[8.87,48.32],[9.04,48.19]],[[8.71,47.99],[8.63,47.99],[8.79,47.86],[8.71,47.99]],[[8.62,48.65],[8.53,48.59],[8.62,48.52],[8.62,48.65]],[[8.45,48.39],[8.21,48.39],[8.29,48.32],[8.45,48.39]],[[8.29,48.59],[8.37,48.46],[8.45,48.59],[8.29,48.59]]],[[[11.88,51.05],[11.88,51.18],[12.05,51.31],[12.22,51.05],[11.88,51.05]]],[[[14.33,51.25],[13.99,51.11],[14.0,51.51],[14.33,51.25]]],[[[12.9,51.31],[12.64,51.38],[12.9,51.45],[12.9,51.31]]]]}},{"type":"Feature","properties":{"n":"(Spanish Empire)","f":1552,"t":1555,"w":"Q80702"},"geometry":{"type":"MultiPolygon","coordinates":[[[[-75.34,-10.84],[-75.34,-10.77],[-75.27,-10.77],[-75.34,-10.84]]],[[[-105.29,23.11],[-104.86,22.85],[-104.99,22.4],[-104.34,22.14],[-103.91,22.59],[-103.8,22.08],[-103.57,22.4],[-103.48,21.95],[-103.15,22.14],[-102.12,21.11],[-101.54,21.56],[-100.51,20.86],[-99.91,21.18],[-98.42,20.79],[-98.35,21.18],[-97.35,21.37],[-95.77,18.8],[-94.48,18.22],[-92.5,18.74],[-91.5,18.48],[-90.48,19.89],[-90.32,21.11],[-86.92,21.63],[-86.66,20.99],[-87.35,20.21],[-87.7,18.29],[-87.99,18.74],[-89.17,17.77],[-90.57,17.77],[-90.6,16.55],[-89.99,15.91],[-90.27,15.26],[-89.04,15.39],[-89.04,15.91],[-85.88,15.97],[-85.69,15.07],[-84.58,14.43],[-84.94,13.72],[-84.42,11.34],[-83.58,10.96],[-82.21,9.03],[-81.03,8.84],[-79.69,9.61],[-78.96,9.61],[-77.99,9.29],[-76.83,8.19],[-76.93,8.64],[-75.66,9.48],[-75.58,10.51],[-74.96,11.15],[-74.36,10.89],[-74.17,11.34],[-73.15,11.41],[-71.84,12.44],[-71.1,12.31],[-71.28,11.79],[-71.92,11.6],[-71.65,10.83],[-69.73,11.66],[-69.14,11.54],[-70.84,10.7],[-70.4,9.54],[-70.73,8.9],[-72.04,8.77],[-72.92,7.16],[-73.16,5.69],[-74.15,4.59],[-74.35,3.89],[-75.79,2.21],[-76.3,1.31],[-76.81,0.41],[-77.87,-3.25],[-77.69,-6.27],[-76.34,-8.39],[-75.17,-11.35],[-73.45,-12.64],[-73.75,-12.76],[-73.59,-13.41],[-73.06,-13.21],[-73.17,-12.76],[-71.74,-13.15],[-70.67,-12.76],[-68.37,-13.28],[-65.67,-14.89],[-63.8,-15.34],[-62.48,-16.75],[-63.18,-20.61],[-64.08,-22.86],[-65.06,-23.95],[-67.12,-31.02],[-68.47,-33.66],[-70.48,-35.39],[-71.61,-39.59],[-73.75,-41.66],[-74.09,-41.53],[-73.98,-40.36],[-73.37,-39.46],[-73.84,-37.46],[-73.33,-37.13],[-72.42,-35.2],[-71.63,-32.69],[-71.94,-30.83],[-70.57,-25.17],[-70.53,-23.63],[-70.81,-23.5],[-70.27,-21.96],[-70.26,-19.84],[-70.44,-18.42],[-71.62,-17.33],[-75.22,-15.53],[-76.08,-14.69],[-76.46,-14.18],[-76.38,-13.41],[-77.8,-11.35],[-78.98,-8.46],[-79.98,-6.91],[-81.33,-6.14],[-81.01,-5.63],[-81.47,-4.41],[-80.05,-3.12],[-81.12,-2.29],[-81.03,-0.94],[-80.16,0.22],[-80.23,0.86],[-79.06,1.25],[-78.78,2.34],[-77.91,2.6],[-77.26,3.63],[-77.56,4.08],[-77.41,6.52],[-78.5,7.94],[-78.23,8.45],[-79.64,8.9],[-80.41,8.26],[-80.0,7.42],[-80.94,7.16],[-81.05,7.87],[-81.47,7.61],[-81.94,8.19],[-83.71,8.45],[-83.67,9.09],[-84.83,9.99],[-85.24,9.61],[-85.78,9.99],[-85.72,11.09],[-87.55,12.69],[-87.47,13.34],[-88.85,13.21],[-91.35,13.91],[-94.77,16.36],[-96.73,15.65],[-101.11,17.26],[-101.9,17.96],[-103.43,18.29],[-105.33,19.7],[-105.63,20.47],[-105.13,21.31],[-105.7,22.59],[-108.04,24.91],[-107.32,24.71],[-105.34,22.66],[-105.29,23.11]]],[[[-76.3,1.25],[-76.3,1.31],[-76.22,1.31],[-76.3,1.25]]],[[[-75.14,2.92],[-75.07,2.92],[-75.07,2.86],[-75.14,2.92]]],[[[-81.9,7.36],[-81.91,7.61],[-81.7,7.68],[-81.9,7.36]]],[[[-79.03,8.32],[-78.96,8.45],[-78.81,8.45],[-79.03,8.32]]],[[[-69.11,12.18],[-69.12,12.37],[-68.66,11.99],[-69.11,12.18]]],[[[-68.16,12.24],[-68.15,12.05],[-68.29,12.05],[-68.16,12.24]]],[[[-69.93,12.37],[-70.02,12.56],[-69.87,12.56],[-69.93,12.37]]],[[[-78.39,18.29],[-77.01,18.48],[-76.12,17.9],[-77.37,17.84],[-78.39,18.29]]],[[[-69.49,19.12],[-68.58,18.99],[-68.29,18.41],[-70.72,18.35],[-71.28,17.58],[-72.1,18.22],[-74.4,18.29],[-74.24,18.74],[-72.3,18.61],[-72.79,19.51],[-73.41,19.64],[-73.23,19.96],[-70.78,19.96],[-69.12,19.19],[-69.49,19.12]]],[[[-73.3,18.86],[-73.32,18.99],[-72.79,18.93],[-72.68,18.67],[-73.3,18.86]]],[[[-86.7,20.34],[-86.99,20.28],[-87.02,20.47],[-86.67,20.6],[-86.7,20.34]]],[[[-74.07,20.15],[-77.65,19.83],[-77.19,20.66],[-78.24,20.79],[-78.66,21.56],[-82.05,22.27],[-81.74,22.66],[-84.8,21.82],[-84.0,22.79],[-82.29,23.24],[-80.57,23.17],[-74.07,20.15]]],[[[-82.49,21.82],[-82.5,21.44],[-82.95,21.44],[-83.04,21.95],[-82.49,21.82]]],[[[-78.6,22.53],[-78.23,22.59],[-78.2,22.4],[-78.6,22.53]]],[[[-57.5,-24.34],[-57.0,-24.47],[-58.31,-26.59],[-58.82,-26.52],[-57.5,-24.34]]],[[[-63.42,10.19],[-63.42,10.25],[-63.35,10.25],[-63.42,10.19]]],[[[-61.0,10.06],[-61.73,10.06],[-61.55,10.83],[-60.89,10.83],[-61.0,10.06]]],[[[-61.98,10.57],[-62.85,10.51],[-62.84,10.31],[-63.28,10.38],[-63.63,10.12],[-64.52,10.31],[-64.03,10.7],[-61.98,10.57]]],[[[-63.76,10.96],[-64.26,10.89],[-64.35,11.09],[-63.76,10.96]]],[[[-67.12,17.96],[-67.26,18.48],[-66.16,18.54],[-65.52,18.16],[-67.12,17.96]]],[[[-17.85,27.87],[-17.9,27.61],[-18.06,27.67],[-17.85,27.87]]],[[[-15.36,27.8],[-15.73,27.74],[-15.76,28.19],[-15.3,28.12],[-15.36,27.8]]],[[[-17.35,28.19],[-17.12,28.25],[-17.03,28.06],[-17.35,28.19]]],[[[-16.91,28.38],[-16.09,28.57],[-16.36,28.06],[-16.65,27.93],[-16.91,28.38]]],[[[-14.07,28.7],[-13.77,28.77],[-13.81,28.25],[-14.32,28.06],[-14.07,28.7]]],[[[-17.71,28.89],[-17.67,28.51],[-17.9,28.51],[-17.71,28.89]]],[[[-13.65,29.22],[-13.42,29.22],[-13.47,28.89],[-13.86,28.96],[-13.65,29.22]]],[[[-2.98,35.26],[-2.99,35.45],[-2.84,35.45],[-2.98,35.26]]],[[[-0.53,35.71],[-0.45,35.58],[-0.67,35.45],[-0.91,35.64],[-0.53,35.71]]],[[[1.66,42.43],[2.99,43.02],[3.12,41.91],[0.7,40.94],[-0.35,39.71],[0.1,38.74],[-0.66,38.29],[-0.7,37.64],[-1.71,37.45],[-2.06,36.8],[-4.47,36.74],[-5.58,36.03],[-6.43,37.0],[-7.39,37.25],[-6.99,39.06],[-7.44,39.64],[-6.9,39.77],[-6.93,41.0],[-6.27,41.65],[-6.7,41.98],[-8.93,41.91],[-8.66,42.37],[-9.3,43.15],[-8.24,43.73],[-1.44,43.28],[1.66,42.43]]],[[[4.55,36.67],[4.39,36.93],[5.02,36.8],[4.55,36.67]]],[[[1.65,39.13],[1.66,39.0],[1.27,38.8],[1.18,39.06],[1.65,39.13]]],[[[2.34,39.64],[2.88,39.97],[3.52,39.77],[3.3,39.32],[2.34,39.64]]],[[[18.44,40.1],[18.11,39.9],[17.35,40.55],[16.62,40.29],[16.45,39.64],[17.14,39.06],[15.93,37.96],[15.39,38.16],[15.05,36.74],[12.49,37.71],[12.65,38.09],[14.6,38.03],[15.86,38.29],[16.27,38.74],[15.75,40.03],[13.79,41.13],[13.96,41.72],[13.01,42.04],[12.86,42.5],[13.99,42.95],[14.37,42.24],[16.12,41.91],[15.94,41.39],[18.44,40.1]]],[[[4.22,40.1],[4.3,39.84],[3.83,39.9],[4.22,40.1]]],[[[9.59,39.13],[8.34,39.0],[8.15,40.94],[9.5,41.2],[9.59,39.13]]],[[[9.97,44.06],[9.97,43.99],[9.89,43.99],[9.97,44.06]]],[[[8.43,44.71],[8.58,45.56],[7.92,45.96],[8.32,46.41],[8.9,45.89],[9.39,46.22],[9.31,45.69],[10.45,45.17],[9.23,45.1],[9.97,44.12],[8.59,44.45],[7.55,43.8],[8.43,44.71]]],[[[4.31,46.28],[4.41,46.02],[4.08,45.96],[4.31,46.28]]],[[[22.44,49.05],[20.69,47.8],[18.89,48.06],[18.21,47.73],[18.17,46.87],[16.92,46.35],[17.55,45.82],[16.29,44.84],[16.52,44.32],[15.88,44.71],[14.91,44.58],[14.6,45.37],[14.03,45.04],[13.79,45.24],[14.12,45.5],[13.31,45.82],[13.56,46.55],[11.11,46.41],[9.54,47.2],[9.62,47.53],[12.51,47.66],[12.18,47.07],[13.74,47.07],[13.18,48.06],[14.1,48.65],[12.53,49.52],[12.12,50.25],[14.33,50.98],[14.26,51.71],[13.42,52.05],[13.94,52.32],[14.78,51.92],[15.65,52.32],[16.13,51.71],[17.32,51.71],[19.19,50.38],[18.89,49.58],[22.44,49.05]],[[20.29,49.25],[20.28,49.12],[20.45,49.18],[20.29,49.25]],[[14.19,52.12],[13.93,52.12],[13.93,52.05],[14.19,52.12]]],[[[6.04,51.45],[6.12,51.45],[6.12,51.38],[6.04,51.45]]],[[[13.24,51.71],[13.25,51.85],[13.67,51.78],[13.24,51.71]]]]}},{"type":"Feature","properties":{"n":"(Kingdom of France)","f":1552,"t":1555,"w":"Q207162"},"geometry":{"type":"MultiPolygon","coordinates":[[[[-1.69,43.41],[-1.03,45.5],[-1.25,46.28],[-2.84,47.6],[-4.42,47.8],[-4.91,48.52],[-3.46,48.92],[-1.6,48.65],[-2.03,49.78],[0.01,49.38],[0.22,49.85],[1.45,50.25],[1.5,50.91],[2.55,50.11],[4.49,49.98],[5.03,49.05],[4.88,48.65],[5.87,48.85],[5.88,48.46],[5.38,48.52],[5.82,47.73],[5.38,46.28],[8.58,45.56],[8.43,44.71],[6.28,43.15],[3.85,43.6],[1.97,42.56],[-1.69,43.41]]],[[[6.79,48.46],[6.72,48.19],[6.47,48.32],[6.79,48.46]]],[[[6.03,48.92],[6.04,48.79],[5.87,48.85],[6.03,48.92]]],[[[7.03,49.05],[6.62,48.85],[7.21,48.59],[5.86,48.99],[7.03,49.05]]],[[[5.85,49.38],[5.7,48.99],[5.36,48.99],[5.85,49.38]]]]}},{"type":"Feature","properties":{"n":"(Habsburg Monarchy)","f":1552,"t":1555,"w":"Q66504140"},"geometry":{"type":"MultiPolygon","coordinates":[[[[5.38,46.28],[5.58,47.66],[7.47,48.06],[7.56,47.6],[6.98,47.53],[5.79,46.22],[5.38,46.28]]],[[[8.21,48.26],[8.06,47.33],[7.56,47.47],[7.89,47.66],[7.63,48.19],[8.21,48.26]]],[[[8.21,47.99],[8.21,48.13],[8.38,48.13],[8.21,47.99]]],[[[8.79,48.32],[8.71,48.19],[8.54,48.32],[8.79,48.32]]],[[[8.21,48.39],[8.45,48.39],[8.29,48.32],[8.21,48.39]]],[[[8.37,48.46],[8.29,48.59],[8.45,48.59],[8.37,48.46]]],[[[7.79,48.52],[7.79,48.59],[7.95,48.59],[7.79,48.52]]],[[[8.62,48.65],[8.7,48.52],[8.62,48.52],[8.62,48.65]]],[[[6.02,51.92],[6.12,51.51],[5.05,50.71],[5.23,50.31],[5.9,50.38],[5.72,50.85],[6.04,51.31],[6.07,50.45],[6.4,50.51],[6.07,50.25],[6.58,50.11],[6.36,49.25],[5.86,49.18],[5.93,49.58],[5.35,49.32],[4.74,50.11],[1.87,50.38],[2.07,51.11],[3.75,51.45],[3.4,51.65],[4.22,52.18],[4.69,53.19],[5.06,52.65],[5.54,53.39],[7.18,53.26],[6.61,51.98],[6.02,51.92]]],[[[21.51,47.66],[21.36,47.93],[21.94,47.93],[21.51,47.66]]],[[[9.29,47.99],[9.29,47.8],[8.88,47.73],[9.29,47.99]]],[[[8.71,47.93],[8.79,47.86],[8.63,47.86],[8.71,47.93]]],[[[9.54,47.99],[9.54,47.86],[9.37,47.93],[9.54,47.99]]],[[[10.36,47.99],[10.12,48.06],[10.2,48.26],[10.53,48.26],[10.36,47.99]]],[[[8.87,48.19],[8.87,48.32],[9.04,48.26],[8.87,48.19]]],[[[9.45,48.46],[10.03,48.26],[9.78,48.32],[9.45,48.46]]],[[[9.37,48.26],[9.2,48.26],[9.2,48.32],[9.37,48.26]]],[[[10.11,48.46],[10.28,48.39],[10.28,48.32],[10.11,48.46]]]]}},{"type":"Feature","properties":{"n":"Eastern Hungarian Kingdom","f":1552,"t":1555,"w":"Q625380"},"geometry":{"type":"Polygon","coordinates":[[[25.35,45.37],[23.48,45.5],[22.14,44.97],[21.52,45.37],[22.38,46.02],[22.41,46.48],[21.21,46.87],[20.69,47.8],[22.78,49.12],[24.69,48.13],[25.02,47.2],[25.67,47.14],[26.44,45.76],[25.35,45.37]],[[21.94,47.93],[21.36,47.93],[21.93,47.8],[21.94,47.93]]]}},{"type":"Feature","properties":{"n":"Mongol Khanate","f":1552,"t":1581,"w":"Q19927420"},"geometry":{"type":"MultiPolygon","coordinates":[[[[102.42,35.64],[102.44,35.71],[102.52,35.71],[102.42,35.64]]],[[[123.32,43.41],[123.57,42.43],[122.81,42.11],[122.41,41.33],[122.01,41.33],[121.93,41.72],[121.45,41.59],[119.36,40.03],[118.42,40.61],[117.37,40.42],[117.34,40.94],[116.61,41.2],[114.77,40.74],[113.55,42.11],[110.55,42.89],[111.89,43.67],[111.39,44.32],[112.02,45.1],[113.69,44.78],[118.08,46.68],[120.82,46.61],[122.92,45.37],[124.14,45.37],[123.32,43.41]]]]}},{"type":"Feature","properties":{"n":"County of Foix","f":1552,"t":1555,"w":"Q1481436"},"geometry":{"type":"MultiPolygon","coordinates":[[[[-1.43,43.08],[-1.44,43.28],[0.32,43.34],[0.2,42.76],[-1.43,43.08]]],[[[0.87,43.67],[1.87,42.89],[1.41,42.63],[0.81,43.21],[0.87,43.67]]],[[[-0.07,44.52],[-0.18,44.91],[0.9,45.82],[2.39,45.43],[2.1,44.78],[-0.07,44.52]]]]}},{"type":"Feature","properties":{"n":"First Toungoo Empire","f":1552,"t":1555,"w":"Q23039102"},"geometry":{"type":"Polygon","coordinates":[[[98.93,16.36],[98.08,15.52],[97.72,15.52],[97.62,16.49],[97.0,17.32],[96.83,16.61],[95.61,15.71],[94.24,15.97],[95.16,18.35],[94.73,20.02],[94.1,20.79],[94.31,21.69],[95.39,21.95],[97.11,21.05],[97.47,20.47],[96.89,18.54],[97.16,17.9],[97.76,17.96],[98.93,16.36]]]}},{"type":"Feature","properties":{"n":"Sur Empire","f":1552,"t":1555,"w":"Q373650"},"geometry":{"type":"Polygon","coordinates":[[[86.29,24.33],[78.42,23.56],[77.55,24.33],[77.57,25.49],[76.76,25.62],[76.93,26.64],[76.65,26.77],[74.52,26.64],[69.84,27.42],[69.29,29.54],[69.37,32.62],[70.33,32.81],[71.94,34.81],[73.33,34.49],[73.63,32.88],[79.1,31.46],[79.48,29.41],[81.19,28.19],[83.08,27.42],[84.43,27.42],[85.27,26.71],[90.39,26.0],[90.86,22.01],[88.73,21.63],[88.64,22.08],[88.35,21.56],[88.18,21.95],[87.38,21.56],[85.85,23.36],[86.29,24.33]]]}},{"type":"Feature","properties":{"n":"Habsburg Monarchy","f":1552,"t":1555,"w":"Q66504140"},"geometry":{"type":"MultiPolygon","coordinates":[[[[5.38,46.28],[5.58,47.66],[7.47,48.06],[7.56,47.6],[6.98,47.53],[5.79,46.22],[5.38,46.28]]],[[[8.21,48.26],[8.06,47.33],[7.56,47.47],[7.89,47.66],[7.63,48.19],[8.21,48.26]]],[[[8.21,47.99],[8.21,48.13],[8.38,48.13],[8.21,47.99]]],[[[8.79,48.32],[8.71,48.19],[8.54,48.32],[8.79,48.32]]],[[[8.21,48.39],[8.45,48.39],[8.29,48.32],[8.21,48.39]]],[[[8.37,48.46],[8.29,48.59],[8.45,48.59],[8.37,48.46]]],[[[7.79,48.52],[7.79,48.59],[7.95,48.59],[7.79,48.52]]],[[[8.62,48.65],[8.7,48.52],[8.62,48.52],[8.62,48.65]]],[[[6.02,51.92],[6.12,51.51],[5.05,50.71],[5.23,50.31],[5.9,50.38],[5.72,50.85],[6.04,51.31],[6.07,50.45],[6.4,50.51],[6.07,50.25],[6.58,50.11],[6.36,49.25],[5.86,49.18],[5.93,49.58],[5.35,49.32],[4.74,50.11],[1.87,50.38],[2.07,51.11],[3.75,51.45],[3.4,51.65],[4.22,52.18],[4.69,53.19],[5.06,52.65],[5.54,53.39],[7.18,53.26],[6.61,51.98],[6.02,51.92]]],[[[21.51,47.66],[21.36,47.93],[21.94,47.93],[21.51,47.66]]],[[[9.29,47.99],[9.29,47.8],[8.88,47.73],[9.29,47.99]]],[[[8.71,47.93],[8.79,47.86],[8.63,47.86],[8.71,47.93]]],[[[9.54,47.99],[9.54,47.86],[9.37,47.93],[9.54,47.99]]],[[[10.36,47.99],[10.12,48.06],[10.2,48.26],[10.53,48.26],[10.36,47.99]]],[[[8.87,48.19],[8.87,48.32],[9.04,48.26],[8.87,48.19]]],[[[9.45,48.46],[10.03,48.26],[9.78,48.32],[9.45,48.46]]],[[[9.37,48.26],[9.2,48.26],[9.2,48.32],[9.37,48.26]]],[[[10.11,48.46],[10.28,48.39],[10.28,48.32],[10.11,48.46]]]]}},{"type":"Feature","properties":{"n":"Electorate of Saxony","f":1552,"t":1555,"w":"Q156199"},"geometry":{"type":"MultiPolygon","coordinates":[[[[10.36,50.18],[10.36,50.51],[11.29,50.78],[10.53,51.25],[10.78,50.85],[10.36,50.65],[10.02,51.18],[10.61,51.38],[11.12,51.31],[12.05,51.38],[12.4,52.18],[14.26,51.71],[13.91,51.38],[14.33,51.25],[14.15,50.85],[12.29,50.25],[11.96,50.31],[12.05,50.85],[11.2,50.51],[11.28,50.25],[10.36,50.18]],[[12.22,51.05],[12.22,51.18],[12.05,51.31],[12.22,51.05]],[[13.24,51.71],[13.67,51.65],[13.67,51.78],[13.24,51.71]],[[12.9,51.45],[12.64,51.38],[12.73,51.38],[12.9,51.45]],[[12.8,50.65],[12.81,50.98],[12.55,50.85],[12.8,50.65]]],[[[10.87,51.45],[10.87,51.65],[11.55,51.58],[10.87,51.45]]]]}},{"type":"Feature","properties":{"n":"Ottoman Empire","f":1552,"t":1555,"w":"Q12560"},"geometry":{"type":"MultiPolygon","coordinates":[[[[27.69,36.29],[28.25,36.48],[28.14,36.03],[27.74,35.9],[27.69,36.29]]],[[[27.19,36.8],[26.87,36.67],[27.04,36.93],[27.19,36.8]]],[[[25.57,37.13],[25.56,37.0],[25.33,37.0],[25.57,37.13]]],[[[24.36,37.71],[24.43,37.58],[24.27,37.51],[24.36,37.71]]],[[[26.31,37.71],[26.3,37.58],[25.99,37.51],[26.31,37.71]]],[[[24.77,38.03],[25.07,37.77],[24.83,37.71],[24.77,38.03]]],[[[23.57,38.8],[23.56,38.74],[23.48,38.74],[23.57,38.8]]],[[[24.67,38.93],[24.66,38.74],[24.36,38.87],[24.67,38.93]]],[[[25.79,39.19],[26.04,39.38],[26.64,39.0],[25.79,39.19]]],[[[20.15,39.64],[20.15,39.58],[20.07,39.58],[20.15,39.64]]],[[[25.46,40.03],[25.45,39.84],[24.97,39.84],[25.46,40.03]]],[[[26.04,40.29],[26.02,40.16],[25.7,40.1],[26.04,40.29]]],[[[24.49,40.81],[24.81,40.81],[24.79,40.61],[24.49,40.81]]],[[[37.7,18.8],[37.54,18.61],[37.1,18.74],[37.34,19.12],[37.7,18.8]]],[[[44.25,19.57],[44.25,19.64],[44.33,19.64],[44.25,19.57]]],[[[44.25,19.64],[44.18,19.64],[44.18,19.7],[44.25,19.64]]],[[[58.54,23.11],[58.29,23.62],[58.81,23.62],[59.27,22.98],[58.54,23.11]]],[[[40.06,25.49],[40.06,25.55],[40.14,25.55],[40.06,25.49]]],[[[22.48,46.28],[21.52,45.37],[22.55,44.97],[22.5,44.32],[22.95,43.8],[25.43,43.6],[27.83,44.19],[27.86,45.3],[28.89,46.48],[29.65,46.74],[30.02,46.41],[30.27,46.41],[30.4,46.09],[29.61,45.69],[29.53,44.91],[28.8,44.97],[28.48,43.47],[27.51,42.63],[27.98,41.65],[28.96,41.13],[31.18,41.07],[32.63,41.91],[34.88,42.04],[35.95,41.72],[36.21,41.26],[38.3,40.87],[40.37,40.94],[41.79,41.85],[41.81,41.46],[43.73,41.52],[44.42,39.58],[44.05,39.26],[44.31,37.9],[45.93,35.19],[45.44,33.91],[47.98,31.72],[47.74,31.01],[48.6,29.99],[47.85,29.41],[48.87,27.67],[50.13,26.77],[50.07,26.07],[50.65,25.1],[50.95,25.94],[51.42,26.13],[51.72,25.29],[51.41,24.33],[51.91,24.01],[54.08,24.14],[55.87,25.68],[56.02,24.84],[54.81,23.94],[51.88,23.69],[50.48,24.78],[49.67,25.87],[49.88,26.45],[48.55,27.48],[47.89,29.09],[45.4,30.5],[43.15,32.81],[40.93,34.1],[38.91,33.26],[37.4,31.01],[37.22,29.86],[41.41,23.11],[46.63,16.16],[47.06,14.69],[46.18,13.4],[45.05,12.76],[43.44,12.69],[42.75,15.14],[42.82,16.61],[41.24,18.61],[40.85,19.7],[39.35,20.79],[38.6,23.62],[37.44,24.33],[37.27,25.23],[35.41,27.87],[34.59,28.06],[34.91,29.41],[34.12,27.74],[32.44,29.79],[35.15,24.65],[35.86,24.01],[35.55,23.69],[35.81,22.91],[31.23,22.01],[31.32,22.4],[30.01,23.11],[28.57,24.65],[28.15,27.35],[25.37,29.28],[21.94,30.56],[18.28,30.05],[15.18,30.89],[13.83,32.11],[11.54,32.43],[11.54,33.14],[12.53,32.75],[13.76,32.88],[15.28,32.3],[15.65,31.4],[17.85,30.95],[18.97,30.24],[20.2,30.89],[20.02,32.24],[21.88,32.94],[23.09,32.62],[23.3,32.17],[24.89,31.98],[25.25,31.46],[26.85,31.46],[28.87,30.82],[30.97,31.66],[32.91,31.01],[33.98,31.14],[34.63,31.66],[35.64,34.36],[36.05,34.55],[35.84,36.29],[36.14,36.93],[35.49,36.61],[34.58,36.87],[33.98,36.29],[32.71,36.03],[31.09,36.93],[29.94,36.22],[29.24,36.22],[29.12,36.74],[28.59,36.87],[28.03,36.67],[28.07,37.13],[27.22,37.32],[27.28,38.03],[26.43,38.22],[26.38,38.67],[27.06,38.35],[26.85,39.58],[26.13,39.51],[26.6,40.48],[29.05,40.36],[28.91,40.61],[29.48,40.74],[28.17,41.13],[26.92,40.48],[25.38,41.0],[23.7,40.81],[23.74,40.23],[22.65,40.61],[22.61,39.9],[23.14,39.45],[22.8,39.06],[23.49,38.87],[22.94,38.74],[24.03,38.67],[24.16,38.22],[23.98,37.84],[23.04,37.9],[23.4,37.32],[22.71,37.58],[23.06,36.67],[22.36,36.67],[22.22,37.06],[21.74,36.87],[21.7,37.51],[21.24,37.84],[21.74,38.35],[20.74,38.8],[20.91,39.06],[19.25,40.61],[19.4,42.11],[18.71,42.82],[17.52,43.02],[16.82,43.73],[15.23,44.32],[15.88,44.71],[16.52,44.32],[16.29,44.84],[17.55,45.82],[16.92,46.35],[18.17,46.87],[17.94,47.33],[18.89,48.06],[20.69,47.8],[20.82,47.2],[22.48,46.28]]],[[[34.03,44.65],[34.57,44.97],[35.4,45.1],[33.93,44.45],[33.47,44.65],[34.03,44.65]]],[[[36.42,45.43],[36.38,45.17],[36.23,45.24],[36.42,45.43]]],[[[29.88,46.61],[29.89,46.68],[29.97,46.68],[29.88,46.61]]],[[[39.22,47.01],[39.13,47.4],[39.39,47.47],[39.22,47.01]]]]}},{"type":"Feature","properties":{"n":"Tsardom of Russia","f":1552,"t":1555,"w":"Q186096"},"geometry":{"type":"MultiPolygon","coordinates":[[[[63.93,69.72],[68.29,68.42],[64.27,64.57],[63.99,61.83],[62.48,60.7],[57.0,59.92],[55.25,59.22],[53.53,59.22],[53.63,57.9],[52.9,56.94],[53.66,56.59],[53.04,56.11],[54.29,55.7],[54.21,55.02],[50.32,54.07],[48.58,52.65],[47.13,52.05],[46.29,52.72],[46.46,53.6],[45.98,53.73],[45.81,54.34],[44.6,54.34],[44.31,53.94],[42.61,54.34],[41.05,54.0],[40.95,53.6],[39.86,53.73],[38.0,53.12],[38.11,52.45],[36.86,50.91],[36.09,50.85],[35.11,51.51],[34.25,51.45],[34.16,50.45],[33.41,50.45],[32.26,51.18],[30.54,50.98],[30.58,51.85],[31.66,52.18],[31.31,53.19],[31.9,53.12],[32.15,53.53],[30.8,54.75],[31.37,55.98],[29.4,55.77],[29.04,56.8],[28.15,56.18],[27.65,56.94],[27.8,57.35],[27.39,57.56],[27.98,57.9],[27.94,58.25],[27.48,58.18],[27.93,59.78],[30.14,59.92],[29.81,60.14],[30.0,60.63],[29.29,61.26],[29.91,62.55],[29.3,64.2],[30.31,65.81],[28.97,66.85],[29.51,67.97],[32.29,69.56],[36.13,69.26],[41.0,67.74],[41.39,67.15],[41.04,66.7],[38.68,66.03],[32.55,67.07],[33.0,66.55],[34.87,65.88],[34.44,65.37],[34.98,64.49],[37.39,63.91],[37.88,63.99],[37.89,64.35],[36.79,64.49],[36.36,65.0],[37.21,65.3],[38.21,64.79],[40.19,64.71],[39.54,65.37],[40.4,65.96],[41.96,66.55],[43.97,66.18],[44.37,67.0],[43.6,67.3],[44.17,68.27],[43.45,68.73],[45.88,68.57],[46.66,67.82],[44.93,67.44],[45.81,66.92],[47.37,66.92],[47.78,67.67],[53.28,69.03],[54.04,68.95],[53.87,68.42],[53.3,68.27],[58.39,69.03],[59.09,69.03],[59.4,68.88],[59.24,68.42],[59.74,68.42],[60.7,68.88],[60.09,69.72],[58.45,70.02],[58.97,70.57],[60.54,69.79],[63.93,69.72]]],[[[36.09,65.08],[35.5,65.0],[35.46,65.22],[36.09,65.08]]],[[[48.24,69.41],[48.61,69.56],[50.32,69.33],[49.7,68.88],[48.34,68.73],[48.24,69.41]]]]}},{"type":"Feature","properties":{"n":"Electorate of Brandenburg","f":1552,"t":1563,"w":"Q148499"},"geometry":{"type":"MultiPolygon","coordinates":[[[[14.19,52.12],[14.27,51.92],[13.93,52.05],[14.19,52.12]]],[[[15.65,52.32],[14.78,51.92],[13.94,52.32],[12.4,52.18],[12.33,52.79],[11.13,52.52],[11.04,52.86],[11.39,53.06],[11.13,53.33],[11.74,53.6],[13.2,53.33],[13.9,53.73],[14.65,53.06],[16.05,53.66],[15.98,54.07],[16.41,54.0],[16.1,52.86],[15.49,52.65],[15.65,52.32]]]]}},{"type":"Feature","properties":{"n":"Wattasid dynasty","f":1552,"t":1555,"w":"Q970799"},"geometry":{"type":"Polygon","coordinates":[[[-1.72,34.68],[-1.58,33.39],[-2.84,32.62],[-5.88,29.54],[-8.66,27.93],[-11.62,28.25],[-9.83,29.79],[-9.8,31.59],[-9.13,32.81],[-8.73,32.62],[-8.55,33.33],[-6.9,33.91],[-6.0,35.39],[-5.24,35.58],[-4.75,35.19],[-1.72,34.68]]]}},{"type":"Feature","properties":{"n":"Zayyanid dynasty","f":1552,"t":1555,"w":"Q307697"},"geometry":{"type":"MultiPolygon","coordinates":[[[[2.53,34.42],[2.53,34.49],[2.61,34.49],[2.53,34.42]]],[[[4.46,34.55],[1.29,34.61],[-0.47,34.36],[-1.5,33.46],[-2.12,35.07],[-1.36,35.26],[-1.22,35.64],[-0.67,35.45],[0.68,36.42],[4.39,36.93],[4.46,34.55]]]]}},{"type":"Feature","properties":{"n":"Hafsid Dynasty","f":1552,"t":1555,"w":"Q752662"},"geometry":{"type":"Polygon","coordinates":[[[11.08,35.0],[10.0,34.29],[10.01,33.91],[11.08,33.59],[11.54,32.49],[9.63,33.14],[8.77,34.23],[4.45,34.61],[4.55,36.67],[6.33,37.06],[8.52,36.87],[10.23,37.25],[10.23,36.8],[11.01,37.0],[10.46,36.42],[11.08,35.0]]]}},{"type":"Feature","properties":{"n":"Bidar Sultanate","f":1552,"t":1578,"w":"Q669317"},"geometry":{"type":"Polygon","coordinates":[[[77.45,16.55],[77.3,17.9],[76.55,18.41],[76.26,19.19],[77.97,19.25],[77.8,16.42],[77.45,16.55]]]}},{"type":"Feature","properties":{"n":"Swiss Confederation","f":1552,"t":1555,"w":"Q39"},"geometry":{"type":"Polygon","coordinates":[[[10.53,46.28],[10.12,46.02],[9.22,46.22],[8.9,45.89],[8.32,46.41],[7.92,45.96],[7.1,45.89],[5.79,46.22],[7.08,46.94],[6.98,47.53],[8.06,47.33],[9.04,47.73],[9.62,47.53],[9.46,47.27],[9.96,46.87],[10.37,47.01],[10.53,46.28]]]}},{"type":"Feature","properties":{"n":"Kingdom of Mrauk U","f":1556,"t":1563,"w":"Q10791211"},"geometry":{"type":"Polygon","coordinates":[[[94.73,20.02],[95.16,18.35],[94.57,16.81],[94.36,18.48],[94.12,18.86],[93.51,18.74],[93.8,19.7],[92.12,20.92],[91.74,22.4],[91.37,22.46],[91.53,22.98],[93.02,22.01],[93.17,23.04],[94.07,23.04],[94.1,20.79],[94.73,20.02]]]}},{"type":"Feature","properties":{"n":"Nogai Horde","f":1556,"t":1563,"w":"Q631210"},"geometry":{"type":"Polygon","coordinates":[[[56.0,50.85],[56.26,50.11],[55.24,49.25],[55.73,48.13],[55.06,47.8],[55.04,47.14],[53.27,46.68],[53.11,47.01],[50.3,46.94],[49.95,47.53],[46.08,48.99],[46.14,49.91],[46.81,50.58],[47.38,52.32],[48.58,52.65],[50.32,54.07],[51.97,54.61],[52.78,54.68],[53.31,53.73],[54.34,53.46],[55.06,52.59],[56.13,52.72],[56.62,52.18],[56.0,50.85]]]}},{"type":"Feature","properties":{"n":"Kingdom of Spain","f":1556,"t":1563,"w":"Q29"},"geometry":{"type":"MultiPolygon","coordinates":[[[[1.27,38.8],[1.18,39.06],[1.65,39.13],[1.27,38.8]]],[[[3.3,39.32],[2.35,39.45],[2.88,39.97],[3.52,39.77],[3.3,39.32]]],[[[-1.77,43.41],[1.58,42.43],[2.99,43.02],[3.12,41.91],[0.7,40.94],[-0.13,40.03],[-0.31,39.13],[0.1,38.74],[-0.66,38.29],[-0.7,37.64],[-1.71,37.45],[-2.06,36.8],[-4.47,36.74],[-5.66,36.03],[-6.43,37.0],[-7.39,37.25],[-7.5,37.71],[-6.99,38.09],[-7.27,38.67],[-6.99,39.0],[-7.44,39.64],[-6.9,39.77],[-6.93,41.0],[-6.27,41.65],[-6.7,41.98],[-8.93,41.91],[-8.66,42.37],[-9.3,43.15],[-8.24,43.73],[-1.77,43.41]]],[[[3.83,39.9],[3.74,40.1],[4.22,40.1],[4.3,39.84],[3.83,39.9]]],[[[4.08,45.96],[3.99,46.28],[4.23,46.35],[4.4,46.09],[4.08,45.96]]],[[[5.58,47.66],[6.89,47.93],[6.99,47.27],[5.79,46.22],[5.38,46.28],[5.58,47.66]]],[[[6.02,51.92],[6.12,51.51],[5.05,50.71],[5.23,50.31],[5.9,50.38],[5.71,51.11],[6.04,51.31],[6.07,50.45],[6.4,50.51],[6.07,50.25],[6.58,50.11],[6.36,49.25],[5.86,49.25],[5.93,49.58],[5.35,49.32],[4.74,50.11],[1.87,50.38],[2.07,51.11],[3.75,51.45],[3.4,51.65],[4.22,52.18],[4.69,53.19],[5.06,52.65],[5.54,53.39],[6.74,53.53],[7.18,53.26],[6.7,52.12],[6.02,51.92]]],[[[15.94,41.39],[17.98,40.61],[18.35,39.9],[17.35,40.55],[16.62,40.29],[16.45,39.64],[17.14,39.06],[15.93,37.96],[15.39,38.16],[15.05,36.74],[12.49,37.71],[12.65,38.09],[14.6,38.03],[15.86,38.29],[16.27,38.74],[15.75,40.03],[13.79,41.13],[13.96,41.72],[13.01,42.04],[12.86,42.5],[13.99,42.95],[14.37,42.24],[16.12,41.91],[15.94,41.39]]],[[[9.59,39.13],[8.34,39.0],[8.15,40.94],[9.5,41.2],[9.82,40.36],[9.59,39.13]]],[[[11.18,42.56],[11.34,42.63],[11.34,42.43],[11.18,42.56]]],[[[10.86,43.08],[10.94,42.89],[10.7,42.95],[10.86,43.08]]],[[[9.89,44.06],[9.97,44.06],[9.97,43.99],[9.89,44.06]]],[[[9.23,45.1],[9.97,44.12],[8.59,44.45],[7.55,43.8],[8.51,44.84],[8.58,45.56],[7.92,45.96],[8.32,46.41],[8.9,45.89],[9.39,46.22],[9.31,45.69],[10.45,45.17],[9.23,45.1]]]]}},{"type":"Feature","properties":{"n":"(Holy Roman Empire)","f":1556,"t":1563,"w":"Q12548"},"geometry":{"type":"MultiPolygon","coordinates":[[[[7.0,46.87],[6.51,46.87],[6.67,47.07],[7.0,46.87]]],[[[5.08,49.78],[4.94,49.18],[4.68,49.45],[4.49,49.98],[5.08,49.78]]],[[[9.23,45.1],[10.45,45.04],[10.62,45.43],[11.59,44.91],[10.7,43.8],[9.23,45.1]]],[[[11.99,44.65],[11.75,44.84],[11.83,44.97],[12.24,44.97],[11.99,44.65]]],[[[11.52,46.61],[12.09,46.68],[11.02,45.76],[10.45,45.89],[10.53,46.55],[11.52,46.61]]],[[[9.54,47.2],[9.63,47.14],[9.46,47.14],[9.54,47.2]]],[[[13.18,48.06],[13.65,47.01],[12.18,47.07],[12.51,47.66],[13.0,47.53],[13.18,48.06]]],[[[13.36,48.99],[14.1,48.65],[13.27,48.59],[13.36,48.99]]],[[[12.55,50.85],[12.81,50.98],[12.8,50.65],[12.55,50.85]]],[[[7.73,47.53],[7.47,48.06],[7.06,47.93],[7.03,48.99],[7.53,49.12],[6.69,49.32],[7.69,49.38],[8.11,48.99],[8.78,49.25],[8.61,49.45],[7.76,49.91],[7.6,49.58],[6.35,49.58],[6.58,50.11],[6.07,50.25],[6.4,50.51],[6.07,50.45],[6.04,51.31],[5.71,51.11],[5.9,50.38],[5.06,50.45],[5.37,51.25],[6.12,51.51],[6.02,51.92],[6.86,52.18],[7.08,53.73],[10.36,53.66],[10.53,54.0],[13.41,54.75],[13.74,54.27],[13.3,54.21],[14.5,53.73],[15.04,54.21],[18.02,54.89],[17.08,53.6],[15.98,54.07],[16.05,53.66],[14.65,53.06],[13.9,53.73],[13.2,53.33],[11.31,53.46],[11.13,52.52],[12.33,52.79],[12.4,51.71],[11.63,51.25],[10.87,51.38],[10.1,51.25],[11.88,50.98],[12.05,51.31],[12.55,50.91],[11.79,50.85],[12.21,50.78],[12.12,50.18],[11.2,49.78],[10.94,48.85],[10.03,49.12],[10.53,48.26],[10.12,48.06],[10.53,48.19],[10.61,47.6],[10.12,47.33],[9.04,47.73],[9.29,47.99],[8.47,47.6],[8.22,47.66],[8.21,47.99],[8.46,47.99],[8.21,48.13],[8.21,48.26],[7.63,48.26],[7.73,47.53]],[[8.37,48.39],[8.21,48.39],[8.21,48.26],[8.37,48.39]],[[10.87,51.45],[11.46,51.65],[10.87,51.65],[10.87,51.45]],[[10.11,48.32],[10.28,48.32],[10.2,48.39],[10.11,48.32]],[[10.03,48.26],[9.45,48.46],[9.45,48.19],[10.03,48.26]],[[9.45,47.99],[9.37,47.86],[9.54,47.86],[9.45,47.99]],[[9.2,48.39],[9.2,48.26],[9.37,48.26],[9.2,48.39]],[[8.95,48.32],[8.87,48.32],[8.87,48.19],[8.95,48.32]],[[8.71,47.99],[8.63,47.99],[8.79,47.86],[8.71,47.99]],[[8.45,48.46],[8.45,48.59],[8.29,48.52],[8.45,48.46]],[[8.79,48.26],[8.54,48.39],[8.54,48.19],[8.79,48.26]],[[8.54,48.52],[8.7,48.52],[8.7,48.65],[8.54,48.52]]],[[[14.33,51.25],[13.99,51.11],[14.0,51.51],[14.33,51.25]]],[[[12.9,51.31],[12.64,51.38],[12.9,51.45],[12.9,51.31]]]]}},{"type":"Feature","properties":{"n":"(Habsburg Monarchy)","f":1556,"t":1563,"w":"Q66504140"},"geometry":{"type":"MultiPolygon","coordinates":[[[[6.98,47.53],[6.89,47.93],[7.47,48.06],[7.56,47.6],[6.98,47.53]]],[[[8.21,48.26],[8.06,47.33],[7.56,47.53],[7.89,47.73],[7.63,48.26],[8.21,48.26]]],[[[9.29,47.8],[8.88,47.73],[8.96,47.99],[9.29,47.8]]],[[[8.71,47.93],[8.79,47.86],[8.63,47.86],[8.71,47.93]]],[[[8.38,48.13],[8.46,47.99],[8.21,47.99],[8.38,48.13]]],[[[8.95,48.32],[9.04,48.19],[8.87,48.19],[8.95,48.32]]],[[[8.54,48.19],[8.54,48.39],[8.79,48.26],[8.54,48.19]]],[[[8.37,48.39],[8.46,48.32],[8.21,48.26],[8.37,48.39]]],[[[9.37,48.46],[9.37,48.26],[9.2,48.26],[9.37,48.46]]],[[[8.45,48.46],[8.29,48.52],[8.37,48.59],[8.45,48.46]]],[[[8.7,48.65],[8.7,48.52],[8.54,48.52],[8.7,48.65]]],[[[21.94,47.93],[21.93,47.8],[21.43,47.73],[21.94,47.93]]],[[[9.45,47.99],[9.54,47.99],[9.54,47.86],[9.45,47.99]]],[[[10.53,48.26],[10.53,48.19],[10.36,47.99],[10.2,48.26],[10.53,48.26]]],[[[19.03,50.58],[19.24,49.85],[18.88,49.45],[21.8,49.38],[22.43,48.99],[20.69,47.8],[18.89,48.06],[18.21,47.73],[18.17,46.87],[16.92,46.35],[17.55,45.82],[16.8,45.43],[16.29,44.84],[16.52,44.32],[16.19,44.25],[15.88,44.71],[14.91,44.58],[14.6,45.37],[14.2,45.37],[14.19,45.04],[13.79,45.24],[14.12,45.5],[13.31,45.82],[13.56,46.55],[11.11,46.41],[9.54,47.2],[9.62,47.53],[12.51,47.66],[12.18,47.07],[13.65,47.01],[13.18,48.06],[14.1,48.65],[12.53,49.52],[12.12,50.18],[14.33,50.98],[14.26,51.71],[13.43,52.18],[13.94,52.32],[14.78,51.92],[15.65,52.32],[16.13,51.71],[16.98,51.71],[19.03,50.58]],[[20.28,49.12],[20.45,49.18],[20.37,49.25],[20.28,49.12]],[[14.19,52.12],[13.93,52.12],[13.93,52.05],[14.19,52.12]]],[[[9.45,48.19],[9.45,48.46],[9.95,48.46],[9.45,48.19]]],[[[10.2,48.46],[10.28,48.32],[10.11,48.32],[10.2,48.46]]],[[[13.67,51.65],[13.24,51.71],[13.25,51.85],[13.67,51.65]]]]}},{"type":"Feature","properties":{"n":"(Kingdom of France)","f":1556,"t":1563,"w":"Q207162"},"geometry":{"type":"MultiPolygon","coordinates":[[[[9.58,41.98],[9.1,41.33],[8.62,41.72],[8.53,42.5],[9.25,43.02],[9.58,41.98]]],[[[-1.68,43.28],[-1.03,45.5],[-1.25,46.28],[-2.84,47.6],[-4.42,47.8],[-4.91,48.52],[-3.46,48.92],[-1.6,48.65],[-2.03,49.78],[0.01,49.38],[0.22,49.85],[1.45,50.25],[1.58,50.91],[2.13,50.25],[4.49,49.98],[5.03,49.05],[4.88,48.65],[5.87,48.85],[5.88,48.46],[5.38,48.52],[5.82,47.73],[5.38,46.28],[8.58,45.56],[8.11,44.39],[6.28,43.15],[3.85,43.6],[1.81,42.56],[-1.68,43.28]]],[[[6.79,48.46],[6.72,48.19],[6.47,48.32],[6.79,48.46]]],[[[6.03,48.92],[6.04,48.79],[5.87,48.85],[6.03,48.92]]],[[[7.03,49.05],[6.62,48.85],[7.21,48.59],[5.86,48.99],[7.03,49.05]]],[[[5.85,49.38],[5.7,48.99],[5.36,48.99],[5.85,49.38]]]]}},{"type":"Feature","properties":{"n":"(Spanish Empire)","f":1556,"t":1563,"w":"Q80702"},"geometry":{"type":"MultiPolygon","coordinates":[[[[-75.34,-10.84],[-75.34,-10.77],[-75.27,-10.77],[-75.34,-10.84]]],[[[-105.29,23.11],[-104.86,22.85],[-104.99,22.4],[-104.34,22.14],[-103.91,22.59],[-103.8,22.08],[-103.57,22.4],[-103.48,21.95],[-103.15,22.14],[-102.12,21.11],[-101.54,21.56],[-100.51,20.86],[-99.91,21.18],[-98.42,20.79],[-98.35,21.18],[-97.35,21.37],[-95.77,18.8],[-94.48,18.22],[-92.5,18.74],[-91.5,18.48],[-90.48,19.89],[-90.32,21.11],[-86.92,21.63],[-86.66,20.99],[-87.35,20.21],[-87.7,18.29],[-87.99,18.74],[-89.17,17.77],[-90.57,17.77],[-90.6,16.55],[-89.99,15.91],[-90.27,15.26],[-89.04,15.39],[-89.04,15.91],[-85.88,15.97],[-85.69,15.07],[-84.58,14.43],[-84.94,13.72],[-84.42,11.34],[-83.58,10.96],[-82.21,9.03],[-81.03,8.84],[-79.69,9.61],[-78.96,9.61],[-77.99,9.29],[-76.83,8.19],[-76.93,8.64],[-75.66,9.48],[-75.58,10.51],[-74.96,11.15],[-74.36,10.89],[-74.17,11.34],[-73.15,11.41],[-71.84,12.44],[-71.1,12.31],[-71.28,11.79],[-71.92,11.6],[-71.65,10.83],[-69.73,11.66],[-69.14,11.54],[-70.84,10.7],[-70.4,9.54],[-70.73,8.9],[-72.04,8.77],[-72.92,7.16],[-73.16,5.69],[-74.15,4.59],[-74.35,3.89],[-75.79,2.21],[-76.3,1.31],[-76.81,0.41],[-77.87,-3.25],[-77.69,-6.27],[-76.34,-8.39],[-75.17,-11.35],[-73.45,-12.64],[-73.75,-12.76],[-73.59,-13.41],[-73.06,-13.21],[-73.17,-12.76],[-71.74,-13.15],[-70.67,-12.76],[-68.37,-13.28],[-65.67,-14.89],[-63.8,-15.34],[-62.48,-16.75],[-63.18,-20.61],[-64.08,-22.86],[-65.06,-23.95],[-67.12,-31.02],[-68.47,-33.66],[-70.48,-35.39],[-71.61,-39.59],[-73.75,-41.66],[-74.09,-41.53],[-73.98,-40.36],[-73.37,-39.46],[-73.84,-37.46],[-73.33,-37.13],[-72.42,-35.2],[-71.63,-32.69],[-71.94,-30.83],[-70.57,-25.17],[-70.53,-23.63],[-70.81,-23.5],[-70.27,-21.96],[-70.26,-19.84],[-70.44,-18.42],[-71.62,-17.33],[-75.22,-15.53],[-76.08,-14.69],[-76.46,-14.18],[-76.38,-13.41],[-77.8,-11.35],[-78.98,-8.46],[-79.98,-6.91],[-81.33,-6.14],[-81.01,-5.63],[-81.47,-4.41],[-80.05,-3.12],[-81.12,-2.29],[-81.03,-0.94],[-80.16,0.22],[-80.23,0.86],[-79.06,1.25],[-78.78,2.34],[-77.91,2.6],[-77.26,3.63],[-77.56,4.08],[-77.41,6.52],[-78.5,7.94],[-78.23,8.45],[-79.64,8.9],[-80.41,8.26],[-80.0,7.42],[-80.94,7.16],[-81.05,7.87],[-81.47,7.61],[-81.94,8.19],[-83.71,8.45],[-83.67,9.09],[-84.83,9.99],[-85.24,9.61],[-85.78,9.99],[-85.72,11.09],[-87.55,12.69],[-87.47,13.34],[-88.85,13.21],[-91.35,13.91],[-94.77,16.36],[-96.73,15.65],[-101.11,17.26],[-101.9,17.96],[-103.43,18.29],[-105.33,19.7],[-105.63,20.47],[-105.13,21.31],[-105.7,22.59],[-108.04,24.91],[-107.32,24.71],[-105.34,22.66],[-105.29,23.11]]],[[[-76.3,1.25],[-76.3,1.31],[-76.22,1.31],[-76.3,1.25]]],[[[-75.14,2.92],[-75.07,2.92],[-75.07,2.86],[-75.14,2.92]]],[[[-81.9,7.36],[-81.91,7.61],[-81.7,7.68],[-81.9,7.36]]],[[[-79.03,8.32],[-78.96,8.45],[-78.81,8.45],[-79.03,8.32]]],[[[-69.11,12.18],[-69.12,12.37],[-68.66,11.99],[-69.11,12.18]]],[[[-69.93,12.37],[-70.02,12.56],[-69.87,12.56],[-69.93,12.37]]],[[[-77.74,17.84],[-78.39,18.29],[-77.01,18.48],[-76.12,17.9],[-77.74,17.84]]],[[[-69.49,19.12],[-68.58,18.99],[-68.29,18.41],[-70.72,18.35],[-71.28,17.58],[-72.1,18.22],[-74.4,18.29],[-74.24,18.74],[-72.3,18.61],[-72.79,19.51],[-73.41,19.64],[-73.23,19.96],[-70.78,19.96],[-69.12,19.19],[-69.49,19.12]]],[[[-73.3,18.86],[-73.32,18.99],[-72.79,18.93],[-72.83,18.67],[-73.3,18.86]]],[[[-86.7,20.34],[-86.99,20.28],[-87.02,20.47],[-86.7,20.34]]],[[[-77.66,21.82],[-75.63,21.18],[-74.07,20.15],[-77.65,19.83],[-77.19,20.66],[-78.24,20.79],[-78.66,21.56],[-82.05,22.27],[-81.74,22.66],[-84.8,21.82],[-84.0,22.79],[-82.29,23.24],[-80.57,23.17],[-79.25,22.46],[-77.64,22.14],[-77.66,21.82]]],[[[-82.49,21.82],[-82.5,21.44],[-82.95,21.44],[-83.04,21.95],[-82.49,21.82]]],[[[-78.6,22.53],[-78.23,22.59],[-78.2,22.4],[-78.6,22.53]]],[[[-57.5,-24.34],[-57.0,-24.47],[-58.31,-26.59],[-58.82,-26.52],[-57.5,-24.34]]],[[[-63.42,10.19],[-63.42,10.25],[-63.35,10.25],[-63.42,10.19]]],[[[-61.0,10.06],[-61.73,10.06],[-61.55,10.83],[-60.89,10.83],[-61.0,10.06]]],[[[-61.98,10.57],[-62.85,10.51],[-62.84,10.31],[-63.28,10.38],[-63.63,10.12],[-64.52,10.31],[-64.03,10.7],[-61.98,10.57]]],[[[-63.76,10.96],[-64.26,10.89],[-64.35,11.09],[-63.76,10.96]]],[[[-68.16,12.24],[-68.15,12.05],[-68.29,12.05],[-68.16,12.24]]],[[[-67.12,17.96],[-67.26,18.48],[-66.16,18.54],[-65.52,18.16],[-67.12,17.96]]],[[[-17.85,27.87],[-17.9,27.61],[-18.06,27.67],[-17.85,27.87]]],[[[-15.36,27.8],[-15.73,27.74],[-15.76,28.19],[-15.3,28.12],[-15.36,27.8]]],[[[-17.35,28.19],[-17.12,28.25],[-17.03,28.06],[-17.35,28.19]]],[[[-16.91,28.38],[-16.09,28.57],[-16.36,28.06],[-16.65,27.93],[-16.91,28.38]]],[[[-13.77,28.77],[-13.81,28.25],[-14.32,28.06],[-13.77,28.77]]],[[[-18.0,28.83],[-17.71,28.89],[-17.67,28.51],[-18.0,28.83]]],[[[-13.65,29.22],[-13.42,29.22],[-13.47,28.89],[-13.86,28.96],[-13.65,29.22]]],[[[1.58,42.43],[2.99,43.02],[3.12,41.91],[0.7,40.94],[-0.13,40.03],[-0.31,39.13],[0.1,38.74],[-0.66,38.29],[-0.7,37.64],[-1.71,37.45],[-2.06,36.8],[-4.47,36.74],[-5.66,36.03],[-6.06,36.22],[-6.43,37.0],[-7.39,37.25],[-7.5,37.71],[-6.99,38.09],[-7.27,38.67],[-6.99,39.0],[-7.44,39.64],[-6.9,39.77],[-6.93,41.0],[-6.27,41.65],[-6.7,41.98],[-8.93,41.91],[-8.66,42.37],[-9.3,43.15],[-8.24,43.73],[-1.68,43.28],[1.58,42.43]]],[[[-2.98,35.26],[-2.99,35.45],[-2.84,35.45],[-2.98,35.26]]],[[[-0.53,35.71],[-0.45,35.58],[-0.67,35.45],[-0.92,35.71],[-0.53,35.71]]],[[[1.65,39.13],[1.66,39.0],[1.27,38.8],[1.18,39.06],[1.65,39.13]]],[[[2.35,39.45],[2.34,39.64],[3.19,39.97],[3.52,39.77],[3.3,39.32],[2.35,39.45]]],[[[17.98,40.61],[18.35,39.9],[17.35,40.55],[16.62,40.29],[16.45,39.64],[17.14,39.06],[15.93,37.96],[15.39,38.16],[15.05,36.74],[12.49,37.71],[12.65,38.09],[14.6,38.03],[15.86,38.29],[16.27,38.74],[15.75,40.03],[13.79,41.13],[13.96,41.72],[13.01,42.04],[12.86,42.5],[13.99,42.95],[14.61,42.11],[16.12,41.91],[15.94,41.39],[17.98,40.61]]],[[[4.22,40.1],[4.3,39.84],[3.83,39.9],[4.22,40.1]]],[[[9.59,39.13],[8.34,39.0],[8.15,40.94],[9.5,41.2],[9.59,39.13]]],[[[11.34,42.43],[11.18,42.5],[11.18,42.56],[11.34,42.43]]],[[[10.86,43.08],[10.94,42.89],[10.86,42.95],[10.86,43.08]]],[[[9.97,43.99],[9.89,43.99],[9.89,44.06],[9.97,43.99]]],[[[9.23,45.1],[9.97,44.12],[8.59,44.45],[7.55,43.8],[8.51,44.84],[8.58,45.56],[7.92,45.96],[8.32,46.41],[8.9,45.89],[9.39,46.22],[9.31,45.69],[10.45,45.17],[9.23,45.1]]],[[[4.08,45.96],[3.99,46.28],[4.23,46.35],[4.08,45.96]]],[[[5.82,47.86],[6.89,47.93],[6.99,47.27],[5.79,46.22],[5.38,46.28],[5.82,47.86]]],[[[6.02,51.92],[6.12,51.51],[5.05,50.71],[5.23,50.31],[5.9,50.38],[5.71,51.11],[6.04,51.31],[6.07,50.45],[6.4,50.51],[6.07,50.25],[6.58,50.11],[6.36,49.25],[5.86,49.25],[5.93,49.58],[5.35,49.32],[4.74,50.11],[1.87,50.38],[2.07,51.11],[3.75,51.45],[3.4,51.65],[4.22,52.18],[4.69,53.19],[5.06,52.65],[5.54,53.39],[7.18,53.26],[6.61,51.98],[6.02,51.92]]]]}},{"type":"Feature","properties":{"n":"Eastern Hungarian Kingdom","f":1556,"t":1563,"w":"Q625380"},"geometry":{"type":"Polygon","coordinates":[[[25.35,45.37],[23.48,45.5],[22.14,44.97],[21.52,45.37],[22.38,46.02],[22.41,46.48],[21.21,46.87],[20.69,47.8],[22.78,49.12],[24.69,48.13],[25.02,47.2],[25.67,47.14],[26.44,45.76],[25.35,45.37]],[[21.67,47.66],[21.94,47.93],[21.53,47.99],[21.67,47.66]]]}},{"type":"Feature","properties":{"n":"Livonian Conference","f":1556,"t":1563,"w":"Q33698"},"geometry":{"type":"MultiPolygon","coordinates":[[[[27.37,59.16],[27.73,58.04],[27.39,57.56],[27.8,57.35],[27.65,56.94],[28.15,56.18],[27.47,55.77],[26.58,55.7],[24.83,56.39],[21.74,56.39],[20.92,56.05],[21.0,56.94],[21.79,57.7],[22.52,57.83],[23.58,57.01],[24.23,57.28],[24.27,58.25],[23.41,58.53],[23.41,59.29],[25.37,59.71],[28.06,59.5],[27.37,59.16]]],[[[22.25,58.67],[23.23,58.6],[22.08,57.9],[21.85,58.25],[22.25,58.67]]],[[[22.2,59.02],[22.84,59.09],[22.9,58.81],[22.2,59.02]]]]}},{"type":"Feature","properties":{"n":"House of Jagiellon","f":1556,"t":1563,"w":"Q194355"},"geometry":{"type":"MultiPolygon","coordinates":[[[[31.66,48.26],[31.74,48.26],[31.73,48.19],[31.66,48.26]]],[[[20.29,49.25],[20.45,49.18],[20.28,49.12],[20.29,49.25]]],[[[17.32,51.71],[16.13,51.71],[15.65,52.32],[15.49,52.65],[16.1,52.86],[16.4,53.8],[17.08,53.6],[18.02,54.89],[18.46,54.89],[18.69,54.41],[20.75,54.21],[20.27,53.66],[19.45,54.21],[18.7,53.39],[19.74,53.46],[20.4,53.06],[22.42,53.6],[22.66,54.27],[22.81,54.89],[20.91,55.98],[21.38,56.32],[24.83,56.39],[26.58,55.7],[28.4,56.11],[29.04,56.8],[29.4,55.77],[31.37,55.98],[30.8,54.75],[32.15,53.53],[31.9,53.12],[31.31,53.19],[31.66,52.18],[30.58,51.85],[30.54,50.98],[32.26,51.18],[34.47,50.25],[33.96,49.18],[32.48,48.79],[31.22,48.06],[29.8,47.93],[29.22,47.27],[28.88,47.86],[27.39,48.65],[25.34,48.92],[25.54,48.39],[24.91,47.8],[22.78,49.12],[18.88,49.45],[19.17,50.18],[17.32,51.71]]]]}},{"type":"Feature","properties":{"n":"France Antarctique","f":1556,"t":1563,"w":"Q1353951"},"geometry":{"type":"Polygon","coordinates":[[[-43.33,-22.47],[-42.01,-22.66],[-42.12,-22.99],[-44.13,-22.99],[-43.33,-22.47]]]}},{"type":"Feature","properties":{"n":"Republic of Florence","f":1556,"t":1571,"w":"Q148540"},"geometry":{"type":"MultiPolygon","coordinates":[[[[10.46,42.89],[10.46,42.69],[10.21,42.69],[10.46,42.89]]],[[[11.34,42.43],[10.21,43.93],[10.7,43.8],[10.86,44.25],[11.51,44.39],[12.23,43.6],[11.82,43.34],[12.06,42.95],[11.34,42.43]]]]}},{"type":"Feature","properties":{"n":"Tsardom of Russia","f":1556,"t":1563,"w":"Q186096"},"geometry":{"type":"MultiPolygon","coordinates":[[[[46.29,43.99],[46.37,43.99],[46.31,44.06],[46.24,44.12],[46.24,44.52],[46.38,44.78],[46.31,44.84],[47.37,46.35],[46.3,47.4],[43.77,48.32],[45.28,51.18],[45.29,51.85],[46.44,52.92],[46.46,53.6],[45.98,53.73],[45.81,54.34],[44.6,54.34],[44.31,53.94],[42.61,54.34],[41.05,54.0],[40.95,53.6],[39.86,53.73],[38.28,53.26],[37.82,51.92],[36.86,50.91],[36.09,50.85],[34.87,51.58],[34.25,51.45],[34.16,50.45],[33.41,50.45],[32.26,51.18],[30.54,50.98],[30.58,51.85],[31.66,52.18],[31.31,53.19],[31.9,53.12],[32.15,53.53],[30.8,54.75],[31.37,55.98],[29.4,55.77],[29.04,56.8],[28.15,56.18],[27.65,56.94],[27.8,57.35],[27.39,57.56],[27.98,57.9],[27.94,58.25],[27.48,58.18],[27.93,59.78],[30.14,59.92],[29.81,60.14],[30.0,60.63],[29.29,61.26],[29.91,62.55],[29.3,64.2],[30.31,65.81],[28.97,66.85],[29.51,67.97],[32.29,69.56],[36.13,69.26],[41.0,67.74],[41.39,67.15],[41.04,66.7],[38.68,66.03],[32.55,67.07],[33.0,66.55],[34.87,65.88],[34.44,65.37],[34.98,64.49],[37.39,63.91],[37.88,63.99],[37.89,64.35],[36.79,64.49],[36.36,65.0],[37.21,65.3],[38.21,64.79],[40.19,64.71],[39.54,65.37],[40.4,65.96],[41.96,66.55],[43.97,66.18],[44.37,67.0],[43.6,67.3],[44.17,68.27],[43.45,68.73],[45.88,68.57],[46.66,67.82],[44.93,67.44],[45.81,66.92],[47.37,66.92],[47.78,67.67],[53.28,69.03],[54.04,68.95],[53.87,68.42],[53.3,68.27],[58.39,69.03],[59.09,69.03],[59.4,68.88],[59.24,68.42],[59.74,68.42],[60.7,68.88],[60.09,69.72],[58.45,70.02],[58.97,70.57],[60.54,69.79],[63.93,69.72],[68.29,68.42],[64.27,64.57],[64.02,63.77],[64.32,62.62],[63.58,61.41],[61.39,60.35],[58.52,60.07],[57.26,58.88],[56.72,56.52],[57.19,55.29],[59.97,54.41],[58.94,54.0],[59.05,52.52],[58.61,51.78],[56.55,51.98],[56.13,52.72],[55.06,52.59],[54.34,53.46],[53.31,53.73],[52.78,54.68],[50.32,54.07],[48.58,52.65],[47.13,52.05],[47.31,51.78],[46.14,49.91],[46.08,48.99],[49.95,47.53],[50.3,46.94],[47.47,45.69],[46.63,44.45],[47.32,43.86],[46.29,43.99]]],[[[46.21,43.99],[46.31,44.06],[46.29,43.99],[46.21,43.99]]],[[[46.24,44.12],[46.23,44.06],[46.15,44.06],[46.24,44.12]]],[[[35.5,65.0],[35.46,65.22],[36.13,65.22],[35.5,65.0]]],[[[48.24,69.41],[48.61,69.56],[50.32,69.33],[49.7,68.88],[48.37,68.8],[48.24,69.41]]]]}},{"type":"Feature","properties":{"n":"Kingdom of Portugal","f":1556,"t":1563,"w":"Q45670"},"geometry":{"type":"MultiPolygon","coordinates":[[[[58.81,23.62],[59.27,22.98],[58.54,23.11],[58.27,23.43],[58.81,23.62]]],[[[-17.07,32.62],[-17.17,32.88],[-16.79,32.88],[-17.07,32.62]]],[[[-25.9,37.96],[-25.09,37.77],[-25.7,37.71],[-25.9,37.96]]],[[[-28.81,38.48],[-28.85,38.67],[-28.08,38.35],[-28.81,38.48]]],[[[-27.89,38.61],[-27.88,38.55],[-28.04,38.55],[-27.89,38.61]]],[[[-27.08,38.87],[-27.03,38.61],[-27.36,38.67],[-27.08,38.87]]],[[[-9.0,37.0],[-8.82,38.48],[-9.55,38.74],[-8.73,40.74],[-8.93,41.91],[-6.7,41.98],[-6.25,41.46],[-6.93,41.0],[-6.9,39.77],[-7.44,39.64],[-6.99,39.0],[-7.27,38.67],[-6.99,38.09],[-7.5,37.71],[-7.45,37.13],[-9.0,37.0]]]]}},{"type":"Feature","properties":{"n":"Hafsid Dynasty","f":1556,"t":1563,"w":"Q752662"},"geometry":{"type":"Polygon","coordinates":[[[11.08,35.0],[10.0,34.29],[10.01,33.91],[11.08,33.59],[11.54,32.49],[9.63,33.14],[8.93,34.16],[7.92,34.42],[8.46,35.19],[8.21,36.48],[8.9,37.13],[10.23,37.25],[10.46,36.74],[11.01,37.0],[10.46,36.42],[11.08,35.0]]]}},{"type":"Feature","properties":{"n":"Swiss Confederation","f":1556,"t":1563,"w":"Q39"},"geometry":{"type":"Polygon","coordinates":[[[10.12,46.02],[9.22,46.22],[8.9,45.89],[8.32,46.41],[7.92,45.96],[7.1,45.89],[5.79,46.22],[7.08,46.94],[6.98,47.53],[8.06,47.33],[8.55,47.73],[9.62,47.53],[9.54,47.14],[10.37,47.01],[10.53,46.55],[10.12,46.02]]]}},{"type":"Feature","properties":{"n":"Sur Empire","f":1556,"t":1563,"w":"Q373650"},"geometry":{"type":"Polygon","coordinates":[[[90.86,22.01],[88.73,21.63],[88.64,22.08],[88.35,21.56],[88.1,21.95],[86.97,21.24],[85.52,20.99],[85.33,21.76],[84.0,22.98],[83.91,23.88],[84.88,25.36],[85.0,26.84],[90.39,26.0],[90.86,22.01]]]}},{"type":"Feature","properties":{"n":"Mughal Empire","f":1556,"t":1563,"w":"Q33296"},"geometry":{"type":"Polygon","coordinates":[[[71.65,34.87],[73.33,34.49],[73.63,32.88],[75.71,32.3],[75.5,32.04],[76.88,31.08],[77.23,29.86],[78.07,29.15],[78.92,27.29],[77.39,26.71],[75.9,29.28],[71.06,31.98],[69.08,31.98],[68.15,31.53],[67.38,30.31],[66.41,29.99],[65.93,30.24],[66.33,36.22],[68.62,36.1],[68.88,36.8],[68.51,37.19],[69.35,37.13],[69.55,37.58],[70.88,37.32],[71.65,34.87]]]}},{"type":"Feature","properties":{"n":"First Toungoo Empire","f":1556,"t":1563,"w":"Q23039102"},"geometry":{"type":"Polygon","coordinates":[[[98.93,16.36],[98.08,15.52],[97.72,15.52],[97.62,16.49],[97.0,17.32],[96.83,16.61],[95.61,15.71],[94.24,15.97],[95.16,18.35],[94.11,21.37],[94.52,23.04],[95.62,23.88],[97.04,23.88],[97.76,22.85],[97.53,20.41],[96.89,18.54],[97.16,17.9],[97.76,17.96],[98.93,16.36]]]}},{"type":"Feature","properties":{"n":"Habsburg Monarchy","f":1556,"t":1563,"w":"Q66504140"},"geometry":{"type":"MultiPolygon","coordinates":[[[[6.98,47.53],[6.89,47.93],[7.47,48.06],[7.56,47.6],[6.98,47.53]]],[[[8.21,48.26],[8.06,47.33],[7.56,47.53],[7.89,47.73],[7.63,48.26],[8.21,48.26]]],[[[9.29,47.8],[8.88,47.73],[8.96,47.99],[9.29,47.8]]],[[[8.71,47.93],[8.79,47.86],[8.63,47.86],[8.71,47.93]]],[[[8.38,48.13],[8.46,47.99],[8.21,47.99],[8.38,48.13]]],[[[8.95,48.32],[9.04,48.19],[8.87,48.19],[8.95,48.32]]],[[[8.54,48.19],[8.54,48.39],[8.79,48.26],[8.54,48.19]]],[[[8.37,48.39],[8.46,48.32],[8.21,48.26],[8.37,48.39]]],[[[9.37,48.46],[9.37,48.26],[9.2,48.26],[9.37,48.46]]],[[[8.45,48.46],[8.29,48.52],[8.37,48.59],[8.45,48.46]]],[[[8.7,48.65],[8.7,48.52],[8.54,48.52],[8.7,48.65]]],[[[21.94,47.93],[21.93,47.8],[21.43,47.73],[21.94,47.93]]],[[[9.45,47.99],[9.54,47.99],[9.54,47.86],[9.45,47.99]]],[[[10.53,48.26],[10.53,48.19],[10.36,47.99],[10.2,48.26],[10.53,48.26]]],[[[19.03,50.58],[19.24,49.85],[18.88,49.45],[21.8,49.38],[22.43,48.99],[20.69,47.8],[18.89,48.06],[18.21,47.73],[18.17,46.87],[16.92,46.35],[17.55,45.82],[16.8,45.43],[16.29,44.84],[16.52,44.32],[16.19,44.25],[15.88,44.71],[14.91,44.58],[14.6,45.37],[14.2,45.37],[14.19,45.04],[13.79,45.24],[14.12,45.5],[13.31,45.82],[13.56,46.55],[11.11,46.41],[9.54,47.2],[9.62,47.53],[12.51,47.66],[12.18,47.07],[13.65,47.01],[13.18,48.06],[14.1,48.65],[12.53,49.52],[12.12,50.18],[14.33,50.98],[14.26,51.71],[13.43,52.18],[13.94,52.32],[14.78,51.92],[15.65,52.32],[16.13,51.71],[16.98,51.71],[19.03,50.58]],[[20.28,49.12],[20.45,49.18],[20.37,49.25],[20.28,49.12]],[[14.19,52.12],[13.93,52.12],[13.93,52.05],[14.19,52.12]]],[[[9.45,48.19],[9.45,48.46],[9.95,48.46],[9.45,48.19]]],[[[10.2,48.46],[10.28,48.32],[10.11,48.32],[10.2,48.46]]],[[[13.67,51.65],[13.24,51.71],[13.25,51.85],[13.67,51.65]]]]}},{"type":"Feature","properties":{"n":"Electorate of Saxony","f":1556,"t":1563,"w":"Q156199"},"geometry":{"type":"MultiPolygon","coordinates":[[[[14.15,50.85],[12.29,50.25],[11.96,50.31],[12.21,50.78],[11.79,50.85],[12.55,50.91],[12.47,51.18],[10.1,51.25],[12.05,51.38],[12.4,52.18],[14.1,51.85],[14.15,50.85]],[[13.59,51.85],[13.25,51.85],[13.24,51.71],[13.59,51.85]],[[12.9,51.31],[12.9,51.45],[12.64,51.38],[12.9,51.31]],[[12.8,50.65],[12.81,50.98],[12.55,50.85],[12.8,50.65]]],[[[11.46,51.65],[10.87,51.45],[10.87,51.65],[11.46,51.65]]]]}},{"type":"Feature","properties":{"n":"Ottoman Empire","f":1556,"t":1563,"w":"Q12560"},"geometry":{"type":"MultiPolygon","coordinates":[[[[2.61,34.42],[2.53,34.42],[2.53,34.49],[2.61,34.42]]],[[[7.92,34.42],[5.38,34.68],[2.92,34.36],[2.45,34.61],[1.75,34.74],[-0.47,34.36],[-1.5,33.46],[-1.72,34.68],[-2.11,34.94],[0.68,36.42],[3.46,36.87],[8.59,36.93],[8.21,36.48],[8.37,35.71],[7.92,34.42]]],[[[25.57,37.13],[25.56,37.0],[25.33,37.0],[25.57,37.13]]],[[[24.36,37.71],[24.43,37.58],[24.27,37.51],[24.36,37.71]]],[[[26.31,37.71],[26.3,37.58],[25.99,37.51],[26.31,37.71]]],[[[24.77,38.03],[25.07,37.77],[24.83,37.71],[24.77,38.03]]],[[[23.57,38.8],[23.56,38.74],[23.48,38.74],[23.57,38.8]]],[[[24.67,38.93],[24.66,38.74],[24.36,38.87],[24.67,38.93]]],[[[25.79,39.19],[26.04,39.38],[26.64,39.0],[25.79,39.19]]],[[[20.15,39.58],[20.07,39.58],[20.07,39.64],[20.15,39.58]]],[[[25.46,40.03],[25.45,39.84],[24.97,39.84],[25.46,40.03]]],[[[26.04,40.29],[26.02,40.16],[25.7,40.1],[26.04,40.29]]],[[[24.81,40.81],[24.79,40.61],[24.55,40.55],[24.81,40.81]]],[[[37.34,19.12],[37.7,18.8],[37.54,18.61],[37.1,18.74],[37.34,19.12]]],[[[44.25,19.57],[44.25,19.64],[44.33,19.64],[44.25,19.57]]],[[[44.18,19.64],[44.18,19.7],[44.26,19.7],[44.18,19.64]]],[[[40.13,25.49],[40.06,25.49],[40.06,25.55],[40.13,25.49]]],[[[50.65,25.87],[50.43,25.94],[50.46,26.26],[50.65,25.87]]],[[[22.38,46.02],[21.52,45.37],[22.55,44.97],[22.5,44.32],[22.95,43.8],[25.43,43.6],[27.83,44.19],[27.86,45.3],[28.89,46.48],[29.65,46.74],[30.02,46.41],[30.27,46.41],[30.4,46.09],[29.61,45.69],[29.53,44.91],[28.8,44.97],[28.48,43.47],[27.51,42.63],[27.98,41.65],[28.96,41.13],[31.18,41.07],[32.63,41.91],[34.88,42.04],[35.95,41.72],[36.21,41.26],[38.3,40.87],[40.37,40.94],[41.79,41.85],[41.81,41.46],[43.73,41.52],[44.42,39.58],[44.05,39.26],[44.31,37.9],[45.93,35.19],[45.44,33.91],[47.98,31.72],[47.74,31.01],[48.6,29.99],[47.85,29.41],[48.87,27.67],[50.13,26.77],[50.07,26.07],[50.65,25.1],[50.95,25.94],[51.42,26.13],[51.72,25.29],[51.41,24.33],[51.91,24.01],[54.08,24.14],[55.87,25.68],[56.02,24.84],[54.81,23.94],[51.88,23.69],[50.48,24.78],[49.67,25.87],[49.88,26.45],[48.55,27.48],[47.89,29.09],[45.4,30.5],[43.15,32.81],[40.93,34.1],[38.91,33.26],[37.4,31.01],[37.22,29.86],[41.41,23.11],[46.63,16.16],[47.06,14.69],[46.18,13.4],[45.05,12.76],[43.44,12.69],[42.75,15.14],[42.82,16.61],[41.24,18.61],[40.85,19.7],[39.35,20.79],[38.6,23.62],[37.44,24.33],[37.27,25.23],[35.41,27.87],[34.59,28.06],[34.91,29.41],[34.12,27.74],[32.44,29.79],[35.15,24.65],[35.86,24.01],[35.55,23.69],[35.81,22.91],[31.23,22.01],[31.32,22.4],[30.01,23.11],[28.57,24.65],[28.15,27.35],[25.37,29.28],[21.94,30.56],[18.28,30.05],[15.18,30.89],[13.83,32.11],[11.54,32.43],[11.54,33.14],[12.53,32.75],[13.76,32.88],[15.28,32.3],[15.65,31.4],[17.85,30.95],[18.97,30.24],[20.2,30.89],[20.02,32.24],[21.88,32.94],[23.09,32.62],[23.3,32.17],[24.89,31.98],[25.25,31.46],[26.85,31.46],[28.87,30.82],[30.97,31.66],[32.91,31.01],[33.98,31.14],[34.63,31.66],[35.64,34.36],[36.05,34.55],[35.84,36.29],[36.14,36.93],[35.49,36.61],[34.58,36.87],[33.98,36.29],[32.71,36.03],[31.09,36.93],[29.94,36.22],[29.24,36.22],[29.12,36.74],[28.59,36.87],[28.03,36.67],[28.07,37.13],[27.22,37.32],[27.28,38.03],[26.43,38.22],[26.38,38.67],[27.06,38.35],[26.85,39.58],[26.13,39.51],[26.6,40.48],[29.05,40.36],[28.91,40.61],[29.48,40.74],[28.17,41.13],[26.92,40.48],[25.38,41.0],[23.7,40.81],[23.74,40.23],[22.65,40.61],[22.61,39.9],[23.14,39.45],[22.8,39.06],[23.49,38.87],[22.94,38.74],[24.03,38.67],[24.16,38.22],[23.98,37.84],[23.04,37.9],[23.4,37.32],[22.71,37.58],[23.06,36.67],[22.36,36.67],[22.22,37.06],[21.74,36.87],[21.7,37.51],[21.24,37.84],[21.74,38.35],[20.74,38.8],[20.91,39.06],[19.25,40.61],[19.4,42.11],[18.71,42.82],[17.52,43.02],[16.82,43.73],[15.23,44.32],[15.88,44.71],[16.52,44.32],[16.29,44.84],[17.55,45.82],[16.92,46.35],[18.17,46.87],[17.94,47.33],[18.89,48.06],[20.69,47.8],[21.21,46.87],[22.41,46.48],[22.38,46.02]]],[[[27.69,36.29],[28.25,36.48],[28.14,36.03],[27.74,35.9],[27.69,36.29]]],[[[27.19,36.8],[26.87,36.67],[27.04,36.93],[27.19,36.8]]],[[[34.03,44.65],[34.57,44.97],[35.4,45.1],[33.93,44.45],[33.47,44.65],[34.03,44.65]]],[[[36.42,45.43],[36.38,45.17],[36.23,45.24],[36.42,45.43]]],[[[29.88,46.61],[29.89,46.68],[29.97,46.68],[29.88,46.61]]],[[[39.22,47.01],[39.13,47.4],[39.39,47.47],[39.22,47.01]]]]}},{"type":"Feature","properties":{"n":"Kashmiri Sultanate","f":1556,"t":1581,"w":"Q123027565"},"geometry":{"type":"Polygon","coordinates":[[[78.85,33.52],[79.57,32.75],[79.02,32.36],[78.53,32.56],[78.68,31.59],[73.63,32.88],[73.33,34.49],[74.19,35.13],[75.73,34.55],[78.06,35.45],[78.17,34.74],[78.94,34.16],[78.85,33.52]]]}},{"type":"Feature","properties":{"n":"Lan Na Kingdom","f":1556,"t":1563,"w":"Q1059707"},"geometry":{"type":"Polygon","coordinates":[[[99.58,18.29],[98.64,18.41],[97.76,17.96],[97.45,18.35],[97.87,18.67],[97.94,19.64],[98.92,19.76],[99.83,20.41],[100.54,20.21],[100.58,18.99],[99.58,18.29]]]}},{"type":"Feature","properties":{"n":"(Portuguese Empire)","f":1556,"t":1563,"w":"Q200464"},"geometry":{"type":"MultiPolygon","coordinates":[[[[-46.01,-23.82],[-46.89,-24.27],[-47.39,-23.44],[-46.47,-23.24],[-46.01,-23.82]]],[[[-37.24,-11.09],[-38.13,-12.83],[-39.03,-13.28],[-39.02,-16.43],[-39.77,-18.36],[-39.8,-19.58],[-40.88,-20.93],[-41.14,-22.15],[-42.23,-22.6],[-40.23,-18.55],[-39.53,-11.67],[-38.38,-10.39],[-36.68,-9.94],[-36.36,-6.79],[-36.68,-5.11],[-35.3,-5.44],[-34.84,-7.49],[-35.26,-9.1],[-37.24,-11.09]]],[[[-24.23,15.07],[-24.29,14.75],[-24.36,14.75],[-24.23,15.07]]],[[[-23.78,14.94],[-23.73,15.33],[-23.42,15.14],[-23.78,14.94]]],[[[-23.28,15.26],[-23.06,15.33],[-22.99,15.2],[-23.28,15.26]]],[[[-22.65,15.97],[-22.94,15.97],[-22.88,16.23],[-22.65,15.97]]],[[[-24.08,16.68],[-24.08,16.55],[-24.37,16.49],[-24.08,16.68]]],[[[-22.83,16.68],[-22.98,16.68],[-22.98,16.81],[-22.83,16.68]]],[[[-25.29,17.19],[-24.99,17.26],[-24.82,16.74],[-25.29,17.19]]],[[[-16.79,32.88],[-16.69,32.69],[-17.07,32.62],[-17.17,32.88],[-16.79,32.88]]],[[[-8.73,32.62],[-9.05,32.81],[-8.7,33.2],[-8.45,32.94],[-8.73,32.62]]],[[[-25.7,37.71],[-25.9,37.96],[-25.11,37.9],[-25.7,37.71]]],[[[-28.19,38.55],[-28.08,38.35],[-28.81,38.48],[-28.19,38.55]]],[[[-28.15,38.74],[-27.89,38.61],[-28.04,38.55],[-28.15,38.74]]],[[[-27.36,38.67],[-27.39,38.87],[-27.08,38.87],[-27.36,38.67]]],[[[-9.0,37.0],[-8.82,38.48],[-9.21,38.42],[-9.57,38.93],[-8.73,40.74],[-8.93,41.91],[-6.7,41.98],[-6.25,41.46],[-6.93,41.0],[-6.9,39.77],[-7.44,39.64],[-6.99,39.0],[-7.27,38.67],[-6.99,38.09],[-7.68,37.0],[-9.0,37.0]]],[[[35.03,-24.21],[34.93,-23.82],[35.38,-23.82],[35.03,-24.21]]],[[[34.71,-20.16],[34.57,-20.29],[34.25,-19.84],[34.54,-19.58],[34.71,-20.16]]],[[[37.34,-17.65],[37.2,-17.78],[37.26,-17.39],[37.63,-17.59],[37.34,-17.65]]],[[[40.75,-14.69],[40.55,-15.34],[40.17,-14.95],[40.75,-14.69]]],[[[39.82,-7.88],[39.53,-8.01],[39.52,-7.81],[39.82,-7.88]]],[[[39.12,-5.76],[39.27,-5.76],[39.43,-6.53],[39.12,-5.76]]],[[[39.77,-4.99],[39.7,-5.44],[39.55,-5.44],[39.77,-4.99]]],[[[6.67,0.41],[6.66,0.16],[6.38,0.03],[6.3,0.35],[6.67,0.41]]],[[[7.34,1.51],[7.19,1.51],[7.27,1.7],[7.34,1.51]]],[[[8.9,3.63],[8.68,3.18],[8.31,3.24],[8.54,3.76],[8.9,3.63]]],[[[-2.52,5.11],[-2.3,5.11],[-2.31,4.85],[-2.52,5.11]]],[[[-1.28,5.04],[-1.8,4.85],[-1.79,5.11],[-1.28,5.04]]],[[[71.26,20.86],[71.33,20.86],[71.33,20.79],[71.26,20.86]]],[[[58.4,23.24],[58.29,23.62],[58.81,23.62],[59.05,22.91],[58.4,23.24]]],[[[55.79,26.97],[56.32,27.03],[56.06,26.71],[55.29,26.52],[55.79,26.97]]],[[[-5.71,35.58],[-6.0,35.39],[-5.88,35.77],[-5.24,35.58],[-5.71,35.58]]],[[[123.82,-9.49],[123.81,-9.36],[124.38,-9.16],[124.33,-9.49],[123.82,-9.49]]],[[[125.13,-8.59],[125.71,-8.52],[125.52,-8.84],[125.13,-8.59]]],[[[122.79,-8.59],[122.78,-8.39],[123.0,-8.39],[122.79,-8.59]]],[[[128.24,-3.51],[128.25,-3.7],[127.81,-3.83],[128.24,-3.51]]],[[[102.1,3.05],[102.67,2.73],[102.42,2.02],[101.71,2.47],[102.1,3.05]]],[[[79.89,8.96],[81.4,8.51],[81.92,7.42],[81.88,6.71],[81.34,6.14],[80.23,5.88],[79.71,7.04],[79.89,8.96]]],[[[76.45,9.99],[76.56,9.41],[76.26,9.35],[76.45,9.99]]],[[[79.86,10.73],[79.85,10.83],[79.87,10.83],[79.86,10.73]]],[[[75.93,10.96],[75.78,10.96],[75.59,11.34],[75.93,10.96]]],[[[75.06,12.18],[75.29,12.31],[75.43,12.18],[75.27,11.92],[75.06,12.18]]],[[[80.38,13.46],[80.41,13.08],[80.13,13.21],[80.38,13.46]]],[[[74.52,15.26],[74.55,14.81],[74.24,14.62],[73.8,15.39],[74.52,15.26]]],[[[73.1,19.38],[72.99,18.99],[72.84,18.99],[73.1,19.38]]],[[[72.9,20.21],[73.19,20.15],[73.18,20.09],[72.9,20.21]]],[[[72.93,20.47],[73.0,20.47],[72.99,20.41],[72.93,20.47]]]]}},{"type":"Feature","properties":{"n":"Sultanate of Banten","f":1556,"t":1571,"w":"Q734867"},"geometry":{"type":"MultiPolygon","coordinates":[[[[105.37,-6.85],[105.7,-6.08],[106.64,-6.01],[106.18,-6.98],[105.37,-6.85]]],[[[105.23,-3.7],[105.76,-4.15],[105.76,-5.82],[104.51,-5.56],[104.45,-5.95],[102.02,-3.64],[103.58,-4.41],[105.23,-3.7]]]]}},{"type":"Feature","properties":{"n":"Sultanate of Palembang","f":1556,"t":1669,"w":"Q3503555"},"geometry":{"type":"MultiPolygon","coordinates":[[[[105.83,-4.15],[105.23,-3.7],[104.37,-4.15],[103.55,-3.51],[103.15,-2.41],[104.44,-1.64],[105.86,-2.93],[105.83,-4.15]]],[[[108.12,-3.19],[107.47,-3.19],[107.45,-2.61],[108.03,-2.54],[108.12,-3.19]]],[[[106.81,-3.06],[106.45,-3.19],[105.78,-2.8],[105.62,-2.16],[104.96,-1.96],[105.24,-1.51],[105.97,-1.51],[106.81,-3.06]]]]}},{"type":"Feature","properties":{"n":"Kingdom of Scotland","f":1556,"t":1578,"w":"Q230791"},"geometry":{"type":"MultiPolygon","coordinates":[[[[-5.42,54.41],[-5.74,54.21],[-6.41,55.29],[-5.42,54.41]]],[[[-2.79,56.52],[-2.67,56.25],[-3.27,56.11],[-2.11,55.91],[-3.14,54.95],[-5.11,54.68],[-5.33,55.02],[-4.77,55.43],[-5.0,55.84],[-5.44,55.91],[-5.12,55.43],[-5.57,55.57],[-5.63,55.29],[-5.89,55.29],[-5.8,55.98],[-6.63,55.63],[-5.66,56.18],[-6.29,56.32],[-5.95,57.01],[-6.82,57.49],[-6.32,57.77],[-5.7,57.14],[-5.89,57.83],[-5.2,58.67],[-3.14,58.74],[-3.43,58.18],[-4.12,57.97],[-3.99,57.7],[-1.85,57.7],[-2.79,56.52]]],[[[-7.6,57.35],[-7.25,57.42],[-7.29,57.08],[-7.6,57.35]]],[[[-7.12,57.7],[-7.11,57.63],[-7.44,57.49],[-7.12,57.7]]],[[[-6.21,58.18],[-7.13,57.77],[-7.28,58.18],[-6.26,58.53],[-6.21,58.18]]],[[[-3.2,59.22],[-2.79,58.88],[-3.42,58.81],[-3.2,59.22]]],[[[-2.58,59.36],[-2.56,59.22],[-2.83,59.16],[-2.58,59.36]]],[[[-1.2,60.07],[-1.67,60.21],[-1.63,60.63],[-0.83,60.84],[-1.2,60.07]]]]}},{"type":"Feature","properties":{"n":"(Personal union of Spanish Empire with Habsburg Monarchy)","f":1556,"t":1563,"w":"Q32500"},"geometry":{"type":"MultiPolygon","coordinates":[[[[-57.5,-24.34],[-57.0,-24.47],[-58.31,-26.59],[-58.82,-26.52],[-57.5,-24.34]]],[[[-75.34,-10.77],[-75.27,-10.77],[-75.27,-10.84],[-75.34,-10.77]]],[[[-104.86,22.85],[-104.99,22.4],[-104.11,22.14],[-103.91,22.59],[-103.8,22.08],[-103.57,22.4],[-103.48,21.95],[-103.15,22.14],[-102.12,21.11],[-101.54,21.56],[-100.51,20.86],[-99.91,21.18],[-98.42,20.79],[-98.35,21.18],[-97.35,21.37],[-95.77,18.8],[-94.48,18.22],[-92.5,18.74],[-91.5,18.48],[-90.48,19.89],[-90.32,21.11],[-86.92,21.63],[-86.66,20.99],[-87.35,20.21],[-87.7,18.29],[-87.99,18.74],[-89.17,17.77],[-90.57,17.77],[-90.6,16.55],[-89.99,15.91],[-90.27,15.26],[-89.04,15.39],[-89.04,15.91],[-85.88,15.97],[-85.69,15.07],[-84.58,14.43],[-84.94,13.72],[-84.42,11.34],[-83.58,10.96],[-82.21,9.03],[-81.03,8.84],[-79.69,9.61],[-78.96,9.61],[-77.99,9.29],[-76.83,8.19],[-76.93,8.64],[-75.66,9.48],[-75.58,10.51],[-74.96,11.15],[-74.36,10.89],[-74.17,11.34],[-73.15,11.41],[-71.84,12.44],[-71.1,12.31],[-71.28,11.79],[-71.92,11.6],[-71.65,10.83],[-69.73,11.66],[-69.14,11.54],[-70.84,10.7],[-70.4,9.54],[-70.73,8.9],[-72.04,8.77],[-72.92,7.16],[-73.16,5.69],[-74.15,4.59],[-74.35,3.89],[-75.79,2.21],[-76.3,1.31],[-76.81,0.41],[-77.87,-3.25],[-77.69,-6.27],[-76.34,-8.39],[-75.17,-11.35],[-73.45,-12.64],[-73.75,-12.76],[-73.59,-13.41],[-73.06,-13.21],[-73.17,-12.76],[-71.74,-13.15],[-70.67,-12.76],[-68.37,-13.28],[-65.67,-14.89],[-63.8,-15.34],[-62.48,-16.75],[-63.18,-20.61],[-64.08,-22.86],[-65.06,-23.95],[-67.12,-31.02],[-68.47,-33.66],[-70.48,-35.39],[-71.61,-39.59],[-73.75,-41.66],[-74.09,-41.53],[-73.98,-40.36],[-73.37,-39.46],[-73.84,-37.46],[-73.33,-37.13],[-72.42,-35.2],[-71.63,-32.69],[-71.94,-30.83],[-70.57,-25.17],[-70.53,-23.63],[-70.81,-23.5],[-70.27,-21.96],[-70.26,-19.84],[-70.44,-18.42],[-71.62,-17.33],[-75.22,-15.53],[-76.08,-14.69],[-76.46,-14.18],[-76.38,-13.41],[-77.8,-11.35],[-78.98,-8.46],[-79.98,-6.91],[-81.33,-6.14],[-81.01,-5.63],[-81.47,-4.41],[-80.05,-3.12],[-81.12,-2.29],[-81.03,-0.94],[-80.16,0.22],[-80.23,0.86],[-79.06,1.25],[-78.78,2.34],[-77.91,2.6],[-77.26,3.63],[-77.56,4.08],[-77.41,6.52],[-78.5,7.94],[-78.23,8.45],[-79.64,8.9],[-80.41,8.26],[-80.0,7.42],[-80.94,7.16],[-81.05,7.87],[-81.47,7.61],[-81.94,8.19],[-83.71,8.45],[-83.67,9.09],[-84.83,9.99],[-85.24,9.61],[-85.78,9.99],[-85.72,11.09],[-87.55,12.69],[-87.47,13.34],[-88.85,13.21],[-91.35,13.91],[-94.77,16.36],[-96.73,15.65],[-101.11,17.26],[-101.9,17.96],[-103.43,18.29],[-105.33,19.7],[-105.63,20.47],[-105.13,21.31],[-105.7,22.59],[-108.04,24.91],[-107.32,24.71],[-105.41,22.66],[-105.29,23.11],[-104.86,22.85]]],[[[-76.3,1.31],[-76.22,1.31],[-76.22,1.25],[-76.3,1.31]]],[[[-75.14,2.92],[-75.07,2.92],[-75.07,2.86],[-75.14,2.92]]],[[[-81.9,7.36],[-81.91,7.61],[-81.7,7.68],[-81.9,7.36]]],[[[-79.03,8.32],[-78.96,8.45],[-78.81,8.45],[-79.03,8.32]]],[[[-63.42,10.25],[-63.35,10.25],[-63.35,10.19],[-63.42,10.25]]],[[[-61.0,10.06],[-61.73,10.06],[-61.55,10.83],[-60.89,10.83],[-61.0,10.06]]],[[[-61.98,10.57],[-62.85,10.51],[-62.84,10.31],[-63.28,10.38],[-63.63,10.12],[-64.52,10.31],[-64.03,10.7],[-61.98,10.57]]],[[[-64.04,10.83],[-64.35,11.09],[-63.84,11.21],[-64.04,10.83]]],[[[-69.11,12.18],[-69.12,12.37],[-68.66,11.99],[-69.11,12.18]]],[[[-68.16,12.24],[-68.15,12.05],[-68.29,12.05],[-68.16,12.24]]],[[[-69.93,12.37],[-70.02,12.56],[-69.87,12.56],[-69.93,12.37]]],[[[-78.39,18.29],[-77.01,18.48],[-76.12,17.9],[-77.37,17.84],[-78.39,18.29]]],[[[-67.12,17.96],[-67.26,18.48],[-66.16,18.54],[-65.52,18.16],[-67.12,17.96]]],[[[-69.49,19.12],[-68.58,18.99],[-68.29,18.41],[-70.72,18.35],[-71.28,17.58],[-72.1,18.22],[-74.4,18.29],[-74.24,18.74],[-72.3,18.61],[-72.79,19.51],[-73.41,19.64],[-73.23,19.96],[-70.78,19.96],[-69.12,19.19],[-69.49,19.12]]],[[[-73.3,18.86],[-73.32,18.99],[-72.79,18.93],[-72.83,18.67],[-73.3,18.86]]],[[[-86.7,20.34],[-86.99,20.28],[-87.02,20.47],[-86.67,20.6],[-86.7,20.34]]],[[[-74.07,20.15],[-77.65,19.83],[-77.19,20.66],[-78.24,20.79],[-78.66,21.56],[-82.05,22.27],[-81.74,22.66],[-84.8,21.82],[-84.0,22.79],[-82.29,23.24],[-80.57,23.17],[-74.07,20.15]]],[[[-82.5,21.44],[-82.95,21.44],[-83.04,21.95],[-82.66,21.95],[-82.5,21.44]]],[[[-78.6,22.53],[-78.23,22.59],[-78.2,22.4],[-78.6,22.53]]],[[[-17.85,27.87],[-17.9,27.61],[-18.06,27.67],[-17.85,27.87]]],[[[-15.73,27.74],[-15.76,28.19],[-15.3,28.12],[-15.73,27.74]]],[[[-17.35,28.19],[-17.12,28.25],[-17.03,28.06],[-17.35,28.19]]],[[[-16.91,28.38],[-16.09,28.57],[-16.36,28.06],[-16.65,27.93],[-16.91,28.38]]],[[[-13.77,28.77],[-13.81,28.25],[-14.32,28.06],[-13.77,28.77]]],[[[-17.71,28.89],[-17.67,28.51],[-17.9,28.51],[-17.71,28.89]]],[[[-13.65,29.22],[-13.42,29.22],[-13.47,28.89],[-13.86,28.96],[-13.65,29.22]]],[[[-2.98,35.26],[-2.99,35.45],[-2.84,35.45],[-2.98,35.26]]],[[[-0.53,35.71],[-0.45,35.58],[-0.67,35.45],[-0.92,35.71],[-0.53,35.71]]],[[[1.65,39.13],[1.66,39.0],[1.27,38.8],[1.26,39.13],[1.65,39.13]]],[[[2.34,39.64],[2.88,39.97],[3.52,39.77],[3.3,39.32],[2.34,39.64]]],[[[1.58,42.43],[2.99,43.02],[3.12,41.91],[0.7,40.94],[-0.13,40.03],[-0.31,39.13],[0.1,38.74],[-0.66,38.29],[-0.7,37.64],[-1.71,37.45],[-2.06,36.8],[-4.47,36.74],[-5.66,36.03],[-6.06,36.22],[-6.43,37.0],[-7.39,37.25],[-7.5,37.71],[-6.99,38.09],[-7.27,38.67],[-6.99,39.0],[-7.44,39.64],[-6.9,39.77],[-6.93,41.0],[-6.27,41.65],[-6.7,41.98],[-8.93,41.91],[-8.66,42.37],[-9.3,43.15],[-8.24,43.73],[-1.68,43.28],[1.58,42.43]]],[[[4.22,40.1],[4.3,39.84],[3.83,39.9],[4.22,40.1]]],[[[3.99,46.28],[4.23,46.35],[4.4,46.09],[4.08,45.96],[3.99,46.28]]],[[[5.82,47.86],[7.47,48.06],[7.56,47.6],[6.98,47.53],[5.79,46.22],[5.38,46.28],[5.82,47.86]]],[[[8.21,48.26],[8.06,47.33],[7.56,47.53],[7.89,47.73],[7.79,48.32],[8.21,48.26]]],[[[8.46,47.99],[8.21,47.99],[8.21,48.13],[8.46,47.99]]],[[[8.46,48.32],[8.21,48.26],[8.21,48.39],[8.46,48.32]]],[[[8.29,48.52],[8.45,48.59],[8.45,48.46],[8.29,48.52]]],[[[8.7,48.65],[8.7,48.52],[8.54,48.52],[8.7,48.65]]],[[[6.02,51.92],[6.12,51.51],[5.05,50.71],[5.23,50.31],[5.9,50.38],[5.71,51.11],[6.04,51.31],[6.07,50.45],[6.4,50.51],[6.07,50.25],[6.58,50.11],[6.36,49.25],[5.86,49.25],[5.93,49.58],[5.35,49.32],[4.74,50.11],[1.87,50.38],[2.07,51.11],[3.75,51.45],[3.4,51.65],[4.22,52.18],[4.69,53.19],[5.06,52.65],[5.54,53.39],[7.18,53.26],[6.61,51.98],[6.02,51.92]]],[[[18.44,40.1],[18.11,39.9],[17.35,40.55],[16.62,40.29],[16.45,39.64],[17.14,39.06],[15.93,37.96],[15.39,38.16],[15.05,36.74],[12.49,37.71],[12.65,38.09],[14.6,38.03],[15.86,38.29],[16.27,38.74],[15.75,40.03],[13.79,41.13],[13.96,41.72],[13.01,42.04],[12.86,42.5],[13.99,42.95],[14.37,42.24],[16.12,41.91],[15.94,41.39],[18.44,40.1]]],[[[9.59,39.13],[8.34,39.0],[8.15,40.94],[9.5,41.2],[9.59,39.13]]],[[[11.34,42.43],[11.18,42.5],[11.18,42.56],[11.34,42.43]]],[[[10.86,43.08],[10.94,42.89],[10.7,42.95],[10.86,43.08]]],[[[9.97,43.99],[9.89,43.99],[9.89,44.06],[9.97,43.99]]],[[[9.23,45.1],[9.97,44.12],[8.59,44.45],[7.55,43.8],[8.51,44.84],[8.58,45.56],[7.92,45.96],[8.32,46.41],[8.9,45.89],[9.39,46.22],[9.31,45.69],[10.45,45.17],[9.23,45.1]]],[[[21.67,47.66],[21.36,47.93],[21.94,47.93],[21.67,47.66]]],[[[9.04,47.73],[8.88,47.73],[8.96,47.99],[9.29,47.8],[9.04,47.73]]],[[[8.79,47.86],[8.63,47.99],[8.71,47.99],[8.79,47.86]]],[[[9.54,47.99],[9.54,47.86],[9.37,47.86],[9.54,47.99]]],[[[10.36,47.99],[10.12,48.06],[10.2,48.26],[10.36,47.99]]],[[[9.04,48.19],[8.87,48.32],[8.95,48.32],[9.04,48.19]]],[[[19.19,50.38],[18.88,49.45],[21.8,49.38],[22.43,48.99],[20.69,47.8],[18.89,48.06],[18.21,47.73],[18.17,46.87],[16.92,46.35],[17.55,45.82],[16.29,44.84],[16.52,44.32],[15.88,44.71],[14.91,44.58],[14.6,45.37],[14.03,45.04],[13.79,45.24],[14.12,45.5],[13.31,45.82],[13.56,46.55],[11.11,46.41],[9.54,47.2],[9.62,47.53],[12.51,47.66],[12.18,47.07],[13.65,47.01],[13.18,48.06],[14.1,48.65],[12.53,49.52],[12.12,50.18],[14.33,50.98],[14.26,51.71],[13.43,52.18],[13.94,52.32],[14.78,51.92],[15.65,52.32],[16.13,51.71],[17.32,51.71],[19.19,50.38]],[[20.45,49.18],[20.29,49.25],[20.28,49.12],[20.45,49.18]],[[13.93,52.12],[13.93,52.05],[14.27,51.92],[13.93,52.12]]],[[[8.54,48.39],[8.79,48.26],[8.71,48.26],[8.54,48.39]]],[[[9.45,48.19],[9.45,48.46],[9.95,48.46],[10.03,48.26],[9.45,48.19]]],[[[9.37,48.26],[9.2,48.26],[9.2,48.39],[9.37,48.26]]],[[[10.28,48.32],[10.11,48.46],[10.2,48.46],[10.28,48.32]]],[[[13.24,51.71],[13.25,51.85],[13.59,51.85],[13.24,51.71]]]]}},{"type":"Feature","properties":{"n":"Shan States","f":1556,"t":1563,"w":"Q4765854"},"geometry":{"type":"Polygon","coordinates":[[[100.13,20.41],[97.94,19.64],[97.87,18.67],[97.45,18.35],[97.77,18.03],[97.16,17.9],[96.89,18.54],[97.7,21.5],[97.5,23.49],[96.69,24.01],[95.62,23.88],[94.9,23.56],[94.3,22.59],[94.07,23.04],[93.42,23.17],[93.4,24.01],[94.13,23.88],[95.16,26.58],[96.21,27.29],[97.16,27.16],[97.0,27.74],[97.56,28.51],[98.74,27.48],[98.84,26.58],[98.67,25.81],[97.65,24.78],[97.65,23.94],[98.88,24.14],[98.94,23.24],[99.57,22.98],[99.29,22.14],[99.94,22.08],[100.22,21.5],[101.16,21.76],[100.13,20.41]]]}},{"type":"Feature","properties":{"n":"County of Urgell","f":1556,"t":1639,"w":"Q1514510"},"geometry":{"type":"Polygon","coordinates":[[[1.73,42.63],[1.81,42.56],[1.58,42.43],[1.73,42.63]]]}},{"type":"Feature","properties":{"n":"Vijayanagara Empire","f":1556,"t":1563,"w":"Q167639"},"geometry":{"type":"MultiPolygon","coordinates":[[[[76.33,9.29],[76.58,9.8],[75.9,10.57],[75.88,11.34],[74.75,12.82],[74.82,15.33],[76.96,15.39],[77.45,15.84],[78.41,15.91],[78.47,16.49],[80.34,16.74],[80.94,16.16],[80.1,15.2],[80.3,12.63],[79.84,11.39],[79.0,10.97],[77.66,11.2],[77.14,8.13],[76.33,9.29]]],[[[78.98,10.03],[78.7,10.37],[78.73,10.75],[78.98,10.03]]]]}},{"type":"Feature","properties":{"n":"(Kingdom of England)","f":1556,"t":1563,"w":"Q179876"},"geometry":{"type":"MultiPolygon","coordinates":[[[[2.01,50.78],[1.58,50.91],[1.66,51.05],[2.07,51.11],[2.01,50.78]]],[[[-8.58,51.71],[-8.71,52.05],[-8.38,52.12],[-8.58,51.71]]],[[[0.3,53.39],[0.08,52.92],[1.09,53.06],[1.72,52.72],[1.59,52.12],[0.52,51.51],[1.38,51.38],[1.31,51.11],[0.49,50.78],[-1.37,50.85],[-1.18,50.58],[-3.13,50.71],[-3.58,50.25],[-5.75,50.05],[-4.2,51.31],[-3.09,51.25],[-2.95,51.45],[-4.91,51.58],[-5.22,52.05],[-4.16,52.45],[-4.3,52.92],[-4.79,52.79],[-4.49,53.12],[-4.7,53.46],[-3.15,53.46],[-2.97,54.14],[-3.59,54.27],[-3.65,54.82],[-2.56,55.23],[-2.11,55.91],[-1.29,54.68],[-0.67,54.61],[0.3,53.39]]],[[[-9.75,52.72],[-9.45,52.99],[-8.38,52.72],[-8.04,53.33],[-7.15,53.12],[-6.92,53.94],[-6.33,54.07],[-6.09,52.86],[-6.43,52.18],[-7.61,52.12],[-7.74,52.45],[-9.75,52.72]]],[[[-8.99,53.39],[-8.97,53.26],[-9.22,53.19],[-8.99,53.39]]],[[[-4.86,54.07],[-4.81,54.34],[-4.36,54.21],[-4.86,54.07]]],[[[-5.73,54.75],[-5.99,54.75],[-5.93,54.95],[-5.73,54.75]]]]}},{"type":"Feature","properties":{"n":"Electorate of Trier","f":1556,"t":1611,"w":"Q1794352"},"geometry":{"type":"MultiPolygon","coordinates":[[[[7.76,49.91],[8.78,49.25],[7.95,48.99],[7.02,49.52],[7.76,49.91]]],[[[11.03,49.25],[11.2,49.78],[12.12,50.18],[13.03,49.25],[12.36,48.85],[11.03,49.25]]]]}},{"type":"Feature","properties":{"n":"Kazakh Khanate","f":1556,"t":1571,"w":"Q1433867"},"geometry":{"type":"MultiPolygon","coordinates":[[[[53.08,45.96],[53.1,46.02],[53.18,46.02],[53.08,45.96]]],[[[59.93,51.92],[61.79,54.0],[63.23,54.14],[65.27,53.46],[69.32,52.92],[73.43,53.26],[77.51,54.61],[76.57,53.19],[77.8,51.78],[79.43,50.98],[81.39,51.18],[83.88,50.78],[84.83,50.18],[83.77,49.58],[85.3,48.99],[85.64,48.32],[84.7,46.87],[83.04,47.01],[81.82,45.37],[79.95,44.97],[80.41,44.71],[80.79,43.28],[80.16,42.3],[78.39,42.89],[72.31,42.24],[68.28,40.36],[62.18,43.15],[60.88,44.45],[61.58,44.91],[61.72,45.37],[61.34,45.43],[61.25,45.96],[61.64,46.94],[60.12,46.81],[59.31,46.02],[58.64,45.96],[57.96,44.45],[58.34,43.47],[57.33,43.02],[52.74,42.63],[51.44,43.21],[51.07,44.06],[50.22,44.58],[51.42,44.52],[51.02,44.84],[51.47,45.37],[54.3,44.97],[54.29,45.56],[53.06,45.56],[53.35,46.35],[53.27,46.68],[55.04,47.14],[55.06,47.8],[55.73,48.13],[55.24,49.25],[56.26,50.11],[56.0,50.85],[56.55,51.98],[59.93,51.92]]]]}},{"type":"Feature","properties":{"n":"Safavid Dynasty","f":1556,"t":1578,"w":"Q161205"},"geometry":{"type":"Polygon","coordinates":[[[54.03,36.87],[53.88,37.71],[56.37,38.42],[56.08,38.87],[56.39,39.9],[57.83,41.26],[60.84,40.94],[62.38,41.33],[62.65,39.71],[64.66,38.03],[65.94,37.51],[66.36,36.67],[65.89,30.89],[65.93,30.24],[66.69,29.86],[66.26,25.49],[62.02,25.04],[59.06,25.36],[57.38,25.74],[56.71,27.16],[54.83,26.45],[51.32,27.99],[50.06,30.18],[48.39,30.12],[47.74,31.01],[47.98,31.72],[47.6,32.3],[46.23,32.94],[45.44,33.91],[45.93,35.19],[44.31,37.9],[44.08,40.81],[45.6,40.48],[47.22,41.46],[47.99,41.33],[48.28,41.98],[49.51,40.61],[50.26,40.42],[49.51,40.23],[48.8,39.0],[49.09,37.51],[51.26,36.61],[54.03,36.87]]]}},{"type":"Feature","properties":{"n":"Holy Roman Empire Minor States","f":1556,"t":1563,"w":"Q12548"},"geometry":{"type":"MultiPolygon","coordinates":[[[[7.0,46.87],[6.51,46.87],[6.67,47.07],[7.0,46.87]]],[[[5.08,49.78],[4.94,49.18],[4.68,49.45],[4.49,49.98],[5.08,49.78]]],[[[9.23,45.1],[10.45,45.04],[10.62,45.43],[11.59,44.91],[10.7,43.8],[9.23,45.1]]],[[[11.99,44.65],[11.75,44.84],[11.83,44.97],[12.24,44.97],[11.99,44.65]]],[[[11.52,46.61],[12.09,46.68],[11.02,45.76],[10.45,45.89],[10.53,46.55],[11.52,46.61]]],[[[9.54,47.2],[9.63,47.14],[9.46,47.14],[9.54,47.2]]],[[[13.18,48.06],[13.65,47.01],[12.18,47.07],[12.51,47.66],[13.0,47.53],[13.18,48.06]]],[[[13.36,48.99],[14.1,48.65],[13.27,48.59],[13.36,48.99]]],[[[12.55,50.85],[12.81,50.98],[12.8,50.65],[12.55,50.85]]],[[[7.73,47.53],[7.47,48.06],[7.06,47.93],[7.03,48.99],[7.53,49.12],[6.69,49.32],[7.69,49.38],[8.11,48.99],[8.78,49.25],[8.61,49.45],[7.76,49.91],[7.6,49.58],[6.35,49.58],[6.58,50.11],[6.07,50.25],[6.4,50.51],[6.07,50.45],[6.04,51.31],[5.71,51.11],[5.9,50.38],[5.06,50.45],[5.37,51.25],[6.12,51.51],[6.02,51.92],[6.86,52.18],[7.08,53.73],[10.36,53.66],[10.53,54.0],[13.41,54.75],[13.74,54.27],[13.3,54.21],[14.5,53.73],[15.04,54.21],[18.02,54.89],[17.08,53.6],[15.98,54.07],[16.05,53.66],[14.65,53.06],[13.9,53.73],[13.2,53.33],[11.31,53.46],[11.13,52.52],[12.33,52.79],[12.4,51.71],[11.63,51.25],[10.87,51.38],[10.1,51.25],[11.88,50.98],[12.05,51.31],[12.55,50.91],[11.79,50.85],[12.21,50.78],[12.12,50.18],[11.2,49.78],[10.94,48.85],[10.03,49.12],[10.53,48.26],[10.12,48.06],[10.53,48.19],[10.61,47.6],[10.12,47.33],[9.04,47.73],[9.29,47.99],[8.47,47.6],[8.22,47.66],[8.21,47.99],[8.46,47.99],[8.21,48.13],[8.21,48.26],[7.63,48.26],[7.73,47.53]],[[8.37,48.39],[8.21,48.39],[8.21,48.26],[8.37,48.39]],[[10.87,51.45],[11.46,51.65],[10.87,51.65],[10.87,51.45]],[[10.11,48.32],[10.28,48.32],[10.2,48.39],[10.11,48.32]],[[10.03,48.26],[9.45,48.46],[9.45,48.19],[10.03,48.26]],[[9.45,47.99],[9.37,47.86],[9.54,47.86],[9.45,47.99]],[[9.2,48.39],[9.2,48.26],[9.37,48.26],[9.2,48.39]],[[8.95,48.32],[8.87,48.32],[8.87,48.19],[8.95,48.32]],[[8.71,47.99],[8.63,47.99],[8.79,47.86],[8.71,47.99]],[[8.45,48.46],[8.45,48.59],[8.29,48.52],[8.45,48.46]],[[8.79,48.26],[8.54,48.39],[8.54,48.19],[8.79,48.26]],[[8.54,48.52],[8.7,48.52],[8.7,48.65],[8.54,48.52]]],[[[14.33,51.25],[13.99,51.11],[14.0,51.51],[14.33,51.25]]],[[[12.9,51.31],[12.64,51.38],[12.9,51.45],[12.9,51.31]]]]}},{"type":"Feature","properties":{"n":"Tibet","f":1556,"t":1581,"w":"Q521263"},"geometry":{"type":"Polygon","coordinates":[[[101.87,33.52],[100.68,29.73],[99.61,28.25],[99.4,29.47],[98.54,28.19],[97.3,28.96],[96.24,28.96],[95.97,29.41],[95.42,29.02],[94.66,29.28],[93.51,28.64],[87.75,27.8],[85.97,27.93],[82.04,30.37],[81.07,30.12],[79.45,31.01],[78.46,32.3],[79.57,32.75],[78.93,33.52],[78.98,34.04],[79.45,34.04],[80.22,35.45],[81.67,35.39],[82.35,35.84],[85.89,35.77],[86.8,36.42],[91.25,36.48],[92.36,37.0],[98.85,34.1],[101.87,33.52]]]}},{"type":"Feature","properties":{"n":"House of Bourbon","f":1556,"t":1563,"w":"Q58389"},"geometry":{"type":"MultiPolygon","coordinates":[[[[0.32,43.34],[0.35,42.89],[-1.43,43.08],[-1.05,43.41],[0.32,43.34]]],[[[0.64,43.41],[1.28,43.54],[1.73,42.63],[0.99,42.82],[0.64,43.41]]],[[[4.58,45.69],[4.85,45.1],[3.97,44.78],[-0.16,44.65],[1.21,46.09],[0.94,46.55],[2.35,46.35],[2.4,46.81],[2.98,46.81],[5.07,45.69],[4.58,45.69]]]]}},{"type":"Feature","properties":{"n":"Portuguese Empire","f":1556,"t":1571,"w":"Q200464"},"geometry":{"type":"MultiPolygon","coordinates":[[[[-46.47,-23.24],[-46.01,-23.82],[-46.89,-24.27],[-47.42,-23.76],[-47.07,-23.24],[-46.47,-23.24]]],[[[-36.26,-10.39],[-37.24,-11.09],[-38.13,-12.83],[-39.03,-13.28],[-39.02,-16.43],[-39.77,-18.36],[-39.8,-19.58],[-40.88,-20.93],[-41.14,-22.15],[-42.23,-22.6],[-40.23,-18.55],[-39.53,-11.67],[-38.38,-10.39],[-36.68,-9.94],[-36.36,-6.79],[-36.68,-5.11],[-35.3,-5.44],[-34.84,-7.49],[-35.02,-8.59],[-36.26,-10.39]]],[[[75.88,11.34],[75.93,10.96],[75.78,10.96],[75.58,11.28],[75.88,11.34]]],[[[75.27,11.92],[75.07,12.24],[75.43,12.18],[75.27,11.92]]],[[[74.52,15.26],[74.55,14.81],[74.24,14.62],[73.86,15.33],[74.52,15.26]]],[[[73.1,19.38],[72.99,18.99],[72.84,18.99],[73.1,19.38]]],[[[72.96,20.09],[72.9,20.21],[73.19,20.15],[72.96,20.09]]],[[[72.92,20.41],[72.93,20.47],[73.0,20.47],[72.92,20.41]]],[[[71.25,20.79],[71.26,20.86],[71.33,20.86],[71.25,20.79]]],[[[55.29,26.52],[56.32,27.03],[56.06,26.71],[55.29,26.52]]],[[[124.38,-9.16],[124.33,-9.49],[123.82,-9.49],[124.38,-9.16]]],[[[125.44,-8.84],[125.13,-8.59],[125.71,-8.52],[125.44,-8.84]]],[[[122.79,-8.59],[122.78,-8.39],[123.0,-8.39],[122.79,-8.59]]],[[[128.24,-3.51],[128.25,-3.7],[127.81,-3.83],[128.24,-3.51]]],[[[102.1,3.05],[102.67,2.73],[102.42,2.02],[101.71,2.41],[102.1,3.05]]],[[[80.23,5.88],[79.89,6.26],[79.79,8.51],[80.07,8.39],[80.05,6.65],[80.83,6.14],[80.23,5.88]]],[[[76.23,9.93],[76.45,9.99],[76.56,9.41],[76.26,9.35],[76.23,9.93]]],[[[79.87,10.76],[79.86,10.73],[79.85,10.82],[79.87,10.76]]],[[[80.38,13.46],[80.41,13.08],[80.13,13.21],[80.38,13.46]]]]}},{"type":"Feature","properties":{"n":"Duchy of Lorraine","f":1556,"t":1587,"w":"Q155019"},"geometry":{"type":"MultiPolygon","coordinates":[[[[5.38,48.52],[5.88,48.46],[6.03,48.92],[7.13,48.32],[7.06,47.93],[5.48,48.06],[5.38,48.52]],[[6.47,48.32],[6.72,48.19],[6.79,48.46],[6.47,48.32]]],[[[7.03,48.92],[7.03,48.85],[6.62,48.85],[7.03,48.92]]],[[[7.53,49.12],[7.53,48.99],[7.36,48.92],[6.86,49.12],[7.53,49.12]]],[[[5.29,48.85],[4.88,48.65],[5.18,49.58],[5.36,48.99],[5.85,49.32],[6.03,48.92],[5.3,48.59],[5.29,48.85]]],[[[6.35,49.58],[7.1,49.52],[6.69,49.18],[6.35,49.58]]],[[[5.93,49.58],[6.02,49.38],[5.85,49.32],[5.6,49.52],[5.93,49.58]]]]}},{"type":"Feature","properties":{"n":"Papal States","f":1556,"t":1599,"w":"Q170174"},"geometry":{"type":"MultiPolygon","coordinates":[[[[11.57,42.3],[11.49,42.3],[11.49,42.37],[11.57,42.3]]],[[[12.86,42.5],[13.01,42.04],[14.04,41.52],[13.79,41.2],[13.0,41.33],[11.57,42.37],[12.23,43.6],[11.51,44.39],[10.86,44.32],[11.35,44.91],[12.16,44.71],[12.31,44.19],[13.75,43.08],[12.86,42.5]]]]}},{"type":"Feature","properties":{"n":"Warring States Japan","f":1556,"t":1563,"w":"Q204023"},"geometry":{"type":"MultiPolygon","coordinates":[[[[130.72,30.44],[130.62,30.18],[130.36,30.31],[130.72,30.44]]],[[[131.02,30.44],[130.82,30.5],[130.92,30.76],[131.17,30.82],[131.02,30.44]]],[[[130.61,32.56],[130.57,32.81],[130.25,33.14],[130.33,32.62],[129.79,32.62],[129.6,33.39],[132.69,35.52],[136.04,35.71],[135.9,36.03],[136.71,36.8],[136.72,37.38],[137.37,37.58],[136.96,37.13],[137.25,36.8],[139.39,38.22],[140.04,39.51],[139.66,39.9],[139.99,40.29],[139.77,40.55],[140.34,41.26],[141.54,41.39],[141.44,40.68],[142.09,39.64],[141.51,38.35],[140.92,38.03],[141.13,37.32],[140.61,36.42],[140.91,35.84],[140.41,35.19],[139.7,34.87],[139.96,35.64],[139.72,35.19],[139.21,35.26],[138.95,34.61],[138.8,35.07],[138.26,34.61],[137.07,34.55],[137.24,34.74],[136.73,34.94],[136.91,34.23],[136.45,34.23],[135.81,33.39],[135.07,33.78],[134.99,34.23],[135.44,34.68],[135.1,34.61],[134.22,33.26],[133.54,33.46],[133.03,32.69],[132.08,33.46],[132.88,34.16],[134.63,34.29],[134.82,34.68],[132.32,34.29],[132.19,33.84],[131.09,33.97],[131.1,33.65],[131.82,33.71],[131.64,33.33],[132.08,32.94],[131.41,31.4],[130.64,31.01],[130.14,31.27],[130.1,31.91],[130.61,32.56]],[[136.13,35.13],[136.03,35.39],[135.84,35.32],[135.8,34.94],[136.13,35.13]]],[[[130.13,32.17],[129.93,32.24],[129.99,32.56],[130.53,32.56],[130.13,32.17]]],[[[128.77,32.56],[128.57,32.62],[128.65,32.81],[128.77,32.56]]],[[[129.82,33.71],[129.59,33.71],[129.73,33.84],[129.82,33.71]]],[[[129.31,34.1],[129.11,34.16],[129.4,34.29],[129.31,34.1]]],[[[129.43,34.36],[129.23,34.42],[129.29,34.55],[129.43,34.36]]],[[[138.61,38.09],[138.19,37.77],[138.14,37.96],[138.34,38.29],[138.61,38.09]]],[[[140.23,42.24],[140.94,41.78],[139.95,41.39],[139.9,42.11],[140.23,42.24]]]]}},{"type":"Feature","properties":{"n":"Saadi Sultanate","f":1556,"t":1581,"w":"Q1136188"},"geometry":{"type":"Polygon","coordinates":[[[-1.72,34.68],[-1.58,33.39],[-2.84,32.62],[-5.88,29.54],[-8.66,27.93],[-11.62,28.25],[-9.83,29.79],[-9.8,31.59],[-9.13,32.81],[-8.73,32.62],[-8.55,33.33],[-6.9,33.91],[-6.0,35.39],[-5.24,35.58],[-4.75,35.19],[-1.72,34.68]]]}},{"type":"Feature","properties":{"n":"Kingdom of England","f":1556,"t":1563,"w":"Q179876"},"geometry":{"type":"MultiPolygon","coordinates":[[[[2.01,50.78],[1.58,50.91],[1.66,51.05],[2.07,51.11],[2.01,50.78]]],[[[-8.58,51.71],[-8.71,52.05],[-8.38,52.12],[-8.58,51.71]]],[[[0.3,53.39],[0.08,52.92],[1.09,53.06],[1.72,52.72],[1.59,52.12],[0.52,51.51],[1.38,51.38],[1.31,51.11],[0.49,50.78],[-1.37,50.85],[-1.18,50.58],[-3.13,50.71],[-3.58,50.25],[-5.75,50.05],[-4.2,51.31],[-3.09,51.25],[-2.95,51.45],[-4.91,51.58],[-5.22,52.05],[-4.16,52.45],[-4.3,52.92],[-4.79,52.79],[-4.49,53.12],[-4.7,53.46],[-3.15,53.46],[-2.97,54.14],[-3.59,54.27],[-3.65,54.82],[-2.56,55.23],[-2.11,55.91],[-1.29,54.68],[-0.67,54.61],[0.3,53.39]]],[[[-9.75,52.72],[-9.45,52.99],[-8.38,52.72],[-8.04,53.33],[-7.15,53.12],[-6.92,53.94],[-6.33,54.07],[-6.09,52.86],[-6.43,52.18],[-7.61,52.12],[-7.74,52.45],[-9.75,52.72]]],[[[-8.99,53.39],[-8.97,53.26],[-9.22,53.19],[-8.99,53.39]]],[[[-4.86,54.07],[-4.81,54.34],[-4.36,54.21],[-4.86,54.07]]],[[[-5.73,54.75],[-5.99,54.75],[-5.93,54.95],[-5.73,54.75]]]]}},{"type":"Feature","properties":{"n":"Kingdom of France","f":1556,"t":1563,"w":"Q207162"},"geometry":{"type":"MultiPolygon","coordinates":[[[[9.58,41.98],[9.1,41.33],[8.62,41.72],[8.53,42.5],[9.49,43.02],[9.58,41.98]]],[[[5.88,48.46],[5.38,48.52],[5.82,47.73],[5.38,46.28],[7.92,45.96],[8.58,45.56],[8.51,44.84],[6.28,43.15],[3.85,43.6],[1.81,42.56],[1.87,42.89],[0.87,43.67],[0.64,43.41],[0.99,42.82],[0.52,42.69],[0.2,42.76],[0.32,43.34],[-1.68,43.28],[-1.03,45.5],[-1.25,46.28],[-2.84,47.6],[-4.42,47.8],[-4.91,48.52],[-3.46,48.92],[-1.6,48.65],[-2.03,49.78],[0.01,49.38],[0.22,49.85],[1.45,50.25],[1.5,50.91],[2.01,50.78],[2.13,50.25],[4.49,49.98],[5.03,49.05],[4.88,48.65],[5.7,48.85],[5.88,48.46]]],[[[6.79,48.46],[6.72,48.19],[6.47,48.32],[6.79,48.46]]],[[[5.87,48.85],[6.03,48.92],[6.04,48.79],[5.87,48.85]]],[[[7.03,49.05],[6.62,48.85],[7.21,48.59],[5.86,48.99],[7.03,49.05]]],[[[5.7,48.99],[5.36,48.99],[5.35,49.32],[5.7,48.99]]]]}},{"type":"Feature","properties":{"n":"Khanate of Sibir","f":1556,"t":1581,"w":"Q190513"},"geometry":{"type":"Polygon","coordinates":[[[72.66,72.05],[71.81,71.5],[72.89,71.03],[72.5,69.03],[73.63,68.65],[73.07,67.74],[71.52,66.62],[70.4,66.4],[72.1,66.33],[73.63,67.0],[74.76,67.89],[74.2,68.35],[74.59,68.88],[76.47,69.11],[77.31,68.65],[77.25,68.05],[77.88,68.35],[77.59,68.88],[76.63,69.18],[73.66,69.11],[73.41,69.72],[74.22,70.64],[72.89,71.42],[74.87,72.21],[74.86,72.92],[75.66,72.76],[75.36,71.42],[76.05,71.27],[77.19,71.27],[75.85,71.89],[77.23,72.05],[76.71,72.29],[77.48,72.69],[80.57,72.29],[81.38,71.81],[83.75,72.13],[84.61,70.95],[84.48,69.33],[85.39,66.77],[86.37,65.96],[88.09,65.59],[89.36,63.77],[90.39,61.55],[90.37,60.7],[87.01,56.8],[87.13,56.32],[87.96,55.84],[88.29,54.89],[84.74,50.18],[83.88,50.78],[78.41,51.31],[76.57,53.19],[77.51,54.61],[73.43,53.26],[69.32,52.92],[58.43,54.68],[57.04,55.57],[56.85,58.11],[58.0,59.71],[61.39,60.35],[63.58,61.41],[64.32,62.62],[64.02,63.77],[64.27,64.57],[68.95,68.95],[66.6,69.64],[67.17,70.18],[67.19,70.8],[66.57,70.8],[66.64,71.19],[68.11,71.66],[69.36,73.0],[72.94,72.76],[72.66,72.05]]]}},{"type":"Feature","properties":{"n":"Habsburg Monarchy","f":1564,"t":1571,"w":"Q66504140"},"geometry":{"type":"MultiPolygon","coordinates":[[[[7.47,48.06],[7.56,47.6],[6.98,47.53],[6.89,47.93],[7.47,48.06]]],[[[7.56,47.53],[7.89,47.66],[7.71,48.32],[8.21,48.26],[8.06,47.33],[7.56,47.53]]],[[[9.29,47.99],[9.29,47.8],[8.88,47.73],[9.29,47.99]]],[[[8.79,47.86],[8.63,47.99],[8.71,47.99],[8.79,47.86]]],[[[8.21,47.99],[8.21,48.13],[8.46,48.06],[8.21,47.99]]],[[[8.79,48.32],[8.71,48.19],[8.54,48.32],[8.79,48.32]]],[[[8.87,48.32],[9.04,48.26],[9.04,48.19],[8.87,48.32]]],[[[8.45,48.39],[8.29,48.26],[8.21,48.39],[8.45,48.39]]],[[[9.37,48.46],[9.37,48.26],[9.2,48.32],[9.37,48.46]]],[[[8.29,48.59],[8.45,48.59],[8.37,48.46],[8.29,48.59]]],[[[8.62,48.65],[8.7,48.52],[8.62,48.52],[8.62,48.65]]],[[[21.94,47.93],[21.93,47.8],[21.43,47.73],[21.94,47.93]]],[[[9.54,47.99],[9.54,47.86],[9.37,47.93],[9.54,47.99]]],[[[10.36,47.99],[10.12,48.06],[10.2,48.26],[10.53,48.26],[10.36,47.99]]],[[[19.03,50.58],[19.24,49.85],[18.88,49.45],[21.8,49.38],[22.43,48.99],[20.69,47.8],[18.89,48.06],[18.21,47.73],[18.17,46.87],[16.92,46.35],[17.55,45.82],[16.8,45.43],[16.29,44.84],[16.52,44.32],[16.19,44.25],[15.88,44.71],[15.15,44.45],[14.6,45.37],[14.19,45.17],[13.31,45.82],[13.56,46.55],[11.11,46.41],[9.54,47.2],[9.62,47.53],[12.51,47.66],[12.18,47.07],[13.74,47.07],[13.18,48.06],[14.1,48.65],[12.53,49.52],[12.12,50.18],[14.33,50.98],[14.26,51.71],[13.43,52.18],[13.94,52.32],[14.78,51.92],[15.65,52.32],[16.13,51.71],[16.98,51.71],[19.03,50.58]],[[20.28,49.12],[20.45,49.18],[20.37,49.25],[20.28,49.12]],[[14.19,52.12],[13.93,52.12],[13.93,52.05],[14.19,52.12]]],[[[9.95,48.46],[10.03,48.26],[9.45,48.19],[9.95,48.46]]],[[[10.11,48.32],[10.11,48.46],[10.28,48.39],[10.11,48.32]]],[[[13.67,51.65],[13.24,51.71],[13.25,51.85],[13.67,51.65]]]]}},{"type":"Feature","properties":{"n":"Republic of Genoa","f":1564,"t":1631,"w":"Q174306"},"geometry":{"type":"MultiPolygon","coordinates":[[[[26.11,38.16],[25.88,38.16],[25.91,38.67],[26.11,38.16]]],[[[9.58,41.98],[9.1,41.33],[8.62,41.72],[8.53,42.5],[9.25,43.02],[9.58,41.98]]],[[[7.31,43.8],[7.31,43.73],[7.23,43.73],[7.31,43.8]]],[[[7.71,44.12],[8.03,44.12],[8.03,43.93],[7.39,43.8],[7.71,44.12]]],[[[9.89,43.99],[9.89,44.06],[9.97,44.06],[9.89,43.99]]],[[[8.35,44.32],[8.83,44.71],[9.97,44.12],[8.35,44.32]]]]}},{"type":"Feature","properties":{"n":"Sur Empire","f":1564,"t":1571,"w":"Q373650"},"geometry":{"type":"Polygon","coordinates":[[[90.39,26.0],[90.86,22.01],[88.73,21.63],[88.64,22.08],[88.35,21.56],[88.1,21.95],[86.97,21.24],[85.52,20.99],[85.33,21.76],[84.0,22.98],[83.88,23.69],[84.88,25.36],[85.0,26.84],[90.39,26.0]]]}},{"type":"Feature","properties":{"n":"First Toungoo Empire","f":1564,"t":1571,"w":"Q23039102"},"geometry":{"type":"Polygon","coordinates":[[[99.58,18.29],[98.64,18.41],[97.84,17.96],[98.93,16.36],[98.26,15.2],[98.54,14.49],[98.18,13.91],[97.62,16.49],[97.0,17.32],[96.83,16.61],[95.61,15.71],[94.24,15.97],[95.16,18.35],[94.45,20.6],[92.99,21.82],[93.24,22.46],[92.91,22.79],[92.74,24.91],[93.0,25.55],[95.67,27.22],[97.16,27.16],[97.0,27.74],[97.48,28.51],[97.98,28.38],[98.79,27.35],[99.21,24.71],[100.24,23.81],[101.22,21.69],[100.15,20.54],[100.6,20.09],[100.57,18.93],[99.58,18.29]]]}},{"type":"Feature","properties":{"n":"Mughal Empire","f":1564,"t":1571,"w":"Q33296"},"geometry":{"type":"Polygon","coordinates":[[[71.65,34.87],[73.33,34.49],[73.63,32.88],[75.71,32.3],[75.5,32.04],[76.12,31.4],[77.53,30.56],[77.23,29.86],[78.12,29.02],[82.38,27.29],[85.0,26.84],[84.88,25.36],[83.99,23.94],[81.22,23.88],[80.66,21.89],[78.6,21.44],[76.62,21.63],[75.96,22.4],[76.28,24.84],[75.02,26.45],[73.11,27.67],[73.87,30.5],[71.06,31.98],[69.7,32.04],[68.33,31.66],[67.38,30.31],[66.41,29.99],[65.93,30.24],[66.33,36.22],[68.62,36.1],[68.88,36.8],[68.51,37.19],[69.35,37.13],[69.55,37.58],[70.88,37.32],[71.66,35.52],[71.65,34.87]]]}},{"type":"Feature","properties":{"n":"Electorate of Saxony","f":1564,"t":1578,"w":"Q156199"},"geometry":{"type":"MultiPolygon","coordinates":[[[[12.21,50.78],[11.79,50.85],[12.55,50.91],[12.47,51.18],[10.1,51.25],[12.05,51.38],[12.4,52.18],[14.26,51.71],[14.15,50.85],[12.29,50.25],[11.96,50.58],[12.21,50.78]],[[12.8,50.65],[12.81,50.98],[12.55,50.91],[12.8,50.65]],[[13.59,51.85],[13.25,51.85],[13.24,51.71],[13.59,51.85]],[[12.9,51.31],[12.9,51.45],[12.73,51.45],[12.9,51.31]]],[[[10.87,51.65],[11.46,51.65],[11.38,51.51],[10.87,51.65]]]]}},{"type":"Feature","properties":{"n":"Ottoman Empire","f":1564,"t":1571,"w":"Q12560"},"geometry":{"type":"MultiPolygon","coordinates":[[[[2.61,34.42],[2.53,34.42],[2.53,34.49],[2.61,34.42]]],[[[7.92,34.42],[5.38,34.68],[2.92,34.36],[2.45,34.61],[1.75,34.74],[-0.47,34.36],[-1.5,33.46],[-1.72,34.68],[-2.11,34.94],[0.68,36.42],[3.46,36.87],[8.59,36.93],[8.21,36.48],[8.37,35.71],[7.92,34.42]]],[[[25.57,37.13],[25.56,37.0],[25.33,37.0],[25.57,37.13]]],[[[24.36,37.71],[24.43,37.58],[24.27,37.51],[24.36,37.71]]],[[[26.31,37.71],[26.3,37.58],[25.99,37.51],[26.31,37.71]]],[[[24.77,38.03],[25.07,37.77],[24.83,37.71],[24.77,38.03]]],[[[23.57,38.8],[23.56,38.74],[23.48,38.74],[23.57,38.8]]],[[[24.67,38.93],[24.66,38.74],[24.36,38.87],[24.67,38.93]]],[[[25.79,39.19],[26.04,39.38],[26.64,39.0],[25.79,39.19]]],[[[20.15,39.58],[20.07,39.58],[20.07,39.64],[20.15,39.58]]],[[[25.46,40.03],[25.45,39.84],[24.97,39.84],[25.46,40.03]]],[[[26.04,40.29],[26.02,40.16],[25.7,40.1],[26.04,40.29]]],[[[24.81,40.81],[24.79,40.61],[24.55,40.55],[24.81,40.81]]],[[[43.78,10.25],[43.24,11.54],[44.08,10.57],[45.11,10.51],[44.8,10.06],[43.78,10.25]]],[[[39.3,15.39],[39.26,16.04],[39.41,16.04],[39.74,15.26],[39.3,15.39]]],[[[37.7,18.8],[37.54,18.61],[37.1,18.74],[37.34,19.12],[37.7,18.8]]],[[[44.32,19.57],[44.25,19.57],[44.25,19.64],[44.32,19.57]]],[[[44.18,19.64],[44.18,19.7],[44.26,19.7],[44.18,19.64]]],[[[40.06,25.49],[40.06,25.55],[40.14,25.55],[40.06,25.49]]],[[[22.48,46.28],[21.52,45.37],[22.55,44.97],[22.5,44.32],[22.95,43.8],[25.43,43.6],[27.83,44.19],[27.86,45.3],[28.89,46.48],[31.92,47.14],[31.94,46.68],[30.88,46.68],[29.61,45.69],[29.53,44.91],[28.8,44.97],[28.48,43.47],[27.51,42.63],[27.98,41.65],[28.96,41.13],[31.18,41.07],[32.63,41.91],[34.88,42.04],[35.95,41.72],[36.21,41.26],[38.3,40.87],[40.37,40.94],[43.2,41.72],[43.73,41.52],[44.42,39.58],[44.05,39.26],[44.31,37.9],[45.93,35.19],[45.44,33.91],[46.23,32.94],[47.6,32.3],[47.98,31.72],[47.74,31.01],[48.59,29.92],[47.77,29.34],[46.87,29.41],[43.15,32.81],[40.93,34.1],[38.91,33.26],[37.4,31.01],[37.16,30.05],[41.41,23.11],[46.63,16.16],[47.06,14.69],[46.18,13.4],[45.05,12.76],[43.44,12.69],[42.75,15.14],[42.82,16.61],[41.24,18.61],[40.85,19.7],[39.35,20.79],[38.6,23.62],[37.44,24.33],[37.27,25.23],[35.41,27.87],[34.59,28.06],[34.91,29.41],[34.12,27.74],[32.44,29.79],[35.15,24.65],[35.86,24.01],[35.55,23.69],[35.81,22.91],[31.23,22.01],[31.32,22.4],[30.01,23.11],[28.57,24.65],[28.15,27.35],[25.37,29.28],[21.94,30.56],[18.28,30.05],[15.18,30.89],[13.83,32.11],[11.54,32.43],[11.54,33.14],[12.53,32.75],[13.76,32.88],[15.28,32.3],[15.65,31.4],[17.85,30.95],[18.97,30.24],[20.2,30.89],[20.02,32.24],[21.88,32.94],[23.09,32.62],[23.3,32.17],[24.89,31.98],[25.25,31.46],[26.85,31.46],[28.87,30.82],[30.97,31.66],[32.91,31.01],[33.98,31.14],[34.63,31.66],[35.64,34.36],[36.05,34.55],[35.84,36.29],[36.14,36.93],[35.49,36.61],[34.58,36.87],[33.98,36.29],[32.71,36.03],[31.09,36.93],[29.94,36.22],[29.24,36.22],[29.12,36.74],[28.59,36.87],[28.03,36.67],[28.07,37.13],[27.22,37.32],[27.28,38.03],[26.43,38.22],[26.38,38.67],[27.06,38.35],[26.85,39.58],[26.13,39.51],[26.6,40.48],[29.05,40.36],[28.91,40.61],[29.48,40.74],[28.17,41.13],[26.92,40.48],[25.38,41.0],[23.7,40.81],[23.74,40.23],[22.65,40.61],[22.61,39.9],[23.14,39.45],[22.8,39.06],[23.49,38.87],[22.94,38.74],[24.03,38.67],[24.16,38.22],[23.98,37.84],[23.04,37.9],[23.4,37.32],[22.71,37.58],[23.06,36.67],[22.36,36.67],[22.22,37.06],[21.74,36.87],[21.7,37.51],[21.24,37.84],[21.74,38.35],[20.74,38.8],[20.91,39.06],[19.25,40.61],[19.4,42.11],[18.71,42.82],[17.52,43.02],[16.82,43.73],[15.23,44.32],[15.88,44.71],[16.52,44.32],[16.29,44.84],[17.55,45.82],[16.92,46.35],[18.17,46.87],[17.94,47.33],[18.89,48.06],[20.69,47.8],[20.82,47.2],[22.48,46.28]]],[[[28.02,36.48],[28.25,36.48],[28.14,36.03],[27.74,35.9],[28.02,36.48]]],[[[27.19,36.8],[26.87,36.67],[27.04,36.93],[27.19,36.8]]],[[[34.03,44.65],[34.57,44.97],[35.4,45.1],[33.93,44.45],[33.47,44.65],[34.03,44.65]]],[[[36.42,45.43],[36.38,45.17],[36.23,45.24],[36.42,45.43]]],[[[39.48,47.07],[39.22,47.01],[39.13,47.4],[39.48,47.07]]]]}},{"type":"Feature","properties":{"n":"Principality of Guria","f":1564,"t":1571,"w":"Q2195101"},"geometry":{"type":"Polygon","coordinates":[[[41.76,42.11],[42.66,41.78],[42.44,41.46],[41.58,41.52],[41.76,42.11]]]}},{"type":"Feature","properties":{"n":"Lê Dynasty","f":1564,"t":1571,"w":"Q10800789"},"geometry":{"type":"Polygon","coordinates":[[[105.97,19.83],[105.73,18.86],[106.57,18.09],[106.75,17.39],[109.02,15.33],[109.47,12.56],[108.1,12.18],[107.57,12.63],[107.5,16.04],[106.69,16.49],[105.12,18.74],[103.96,19.31],[104.95,19.96],[104.5,20.41],[104.82,20.99],[104.62,21.56],[106.46,20.15],[105.97,19.83]]]}},{"type":"Feature","properties":{"n":"Tsardom of Russia","f":1564,"t":1571,"w":"Q186096"},"geometry":{"type":"MultiPolygon","coordinates":[[[[46.29,43.99],[46.37,43.99],[46.31,44.06],[46.24,44.12],[46.24,44.52],[46.38,44.78],[46.31,44.84],[47.37,46.35],[46.3,47.4],[43.77,48.32],[45.28,51.18],[45.29,51.85],[46.44,52.92],[46.46,53.6],[45.98,53.73],[45.81,54.34],[44.6,54.34],[44.31,53.94],[42.61,54.34],[41.05,54.0],[40.95,53.6],[39.86,53.73],[38.28,53.26],[37.82,51.92],[36.86,50.91],[36.09,50.85],[34.87,51.58],[34.25,51.45],[34.16,50.45],[33.41,50.45],[32.26,51.18],[30.54,50.98],[30.58,51.85],[31.66,52.18],[31.31,53.19],[31.9,53.12],[32.15,53.53],[30.8,54.75],[31.37,55.98],[29.4,55.77],[29.04,56.8],[28.15,56.18],[27.7,57.28],[26.58,57.49],[25.47,58.53],[26.18,59.64],[27.88,59.5],[29.07,60.07],[30.14,59.92],[29.81,60.14],[30.0,60.63],[29.29,61.26],[29.91,62.55],[29.3,64.2],[30.31,65.81],[28.97,66.85],[29.51,67.97],[32.29,69.56],[36.13,69.26],[41.0,67.74],[41.39,67.15],[41.04,66.7],[38.68,66.03],[32.55,67.07],[33.0,66.55],[34.87,65.88],[34.44,65.37],[34.98,64.49],[37.39,63.91],[37.88,63.99],[37.89,64.35],[36.79,64.49],[36.36,65.0],[37.21,65.3],[38.21,64.79],[40.19,64.71],[39.54,65.37],[40.4,65.96],[41.96,66.55],[43.97,66.18],[44.37,67.0],[43.6,67.3],[44.17,68.27],[43.45,68.73],[45.88,68.57],[46.66,67.82],[44.93,67.44],[45.81,66.92],[47.37,66.92],[47.78,67.67],[53.28,69.03],[54.04,68.95],[53.87,68.42],[53.3,68.27],[58.39,69.03],[59.09,69.03],[59.4,68.88],[59.24,68.42],[59.74,68.42],[60.7,68.88],[60.09,69.72],[58.45,70.02],[58.97,70.57],[60.54,69.79],[63.93,69.72],[68.29,68.42],[64.27,64.57],[64.02,63.77],[64.32,62.62],[63.58,61.41],[61.39,60.35],[58.52,60.07],[57.26,58.88],[56.72,56.52],[57.19,55.29],[59.97,54.41],[58.94,54.0],[59.05,52.52],[58.61,51.78],[56.55,51.98],[56.13,52.72],[55.06,52.59],[54.34,53.46],[53.31,53.73],[52.78,54.68],[50.32,54.07],[48.58,52.65],[47.13,52.05],[47.31,51.78],[46.14,49.91],[46.08,48.99],[49.95,47.53],[50.3,46.94],[47.47,45.69],[46.63,44.45],[47.32,43.86],[46.29,43.99]]],[[[46.21,43.99],[46.31,44.06],[46.29,43.99],[46.21,43.99]]],[[[46.24,44.12],[46.23,44.06],[46.15,44.06],[46.24,44.12]]],[[[35.5,65.0],[35.46,65.22],[36.13,65.22],[35.5,65.0]]],[[[48.24,69.41],[48.61,69.56],[50.32,69.33],[49.7,68.88],[48.37,68.8],[48.24,69.41]]]]}},{"type":"Feature","properties":{"n":"Republic of Venice","f":1564,"t":1571,"w":"Q4948"},"geometry":{"type":"MultiPolygon","coordinates":[[[[17.36,43.08],[17.52,43.08],[17.52,42.95],[17.36,43.08]]],[[[15.93,43.47],[15.07,44.39],[16.82,43.73],[17.37,43.21],[15.93,43.47]]],[[[14.99,44.45],[14.99,44.52],[15.07,44.52],[14.99,44.45]]],[[[14.27,44.97],[14.51,44.91],[14.5,44.52],[14.27,44.97]]],[[[14.68,45.17],[14.76,45.04],[14.52,45.1],[14.68,45.17]]],[[[13.78,44.91],[13.55,45.5],[14.12,45.5],[13.78,44.91]]],[[[12.24,44.78],[10.62,45.43],[9.88,45.3],[9.31,45.89],[10.37,46.35],[10.7,45.69],[12.09,46.68],[13.56,46.55],[13.06,45.63],[12.16,45.5],[12.24,44.78]]],[[[34.09,35.0],[33.04,34.55],[32.23,34.94],[34.54,35.71],[34.09,35.0]]],[[[24.3,35.32],[26.23,35.19],[23.68,35.26],[23.62,35.52],[24.3,35.32]]],[[[22.89,36.42],[23.12,36.35],[23.11,36.16],[22.89,36.42]]],[[[24.99,37.71],[25.22,37.71],[25.29,37.51],[24.99,37.71]]],[[[20.62,37.9],[20.93,37.9],[20.92,37.64],[20.62,37.9]]],[[[20.49,38.42],[20.8,38.29],[20.79,38.09],[20.32,38.16],[20.49,38.42]]],[[[19.92,39.77],[19.91,39.58],[19.76,39.64],[19.92,39.77]]],[[[19.39,41.91],[18.31,42.69],[18.71,42.82],[19.39,41.91]]],[[[17.51,42.82],[17.59,42.82],[17.59,42.76],[17.51,42.82]]]]}},{"type":"Feature","properties":{"n":"Electorate of Brandenburg","f":1564,"t":1571,"w":"Q148499"},"geometry":{"type":"MultiPolygon","coordinates":[[[[14.19,52.12],[14.27,51.92],[13.93,52.05],[14.19,52.12]]],[[[15.65,52.32],[14.78,51.92],[13.94,52.32],[12.4,52.18],[12.33,52.79],[11.13,52.52],[11.04,52.86],[11.39,53.06],[11.13,53.33],[11.74,53.6],[13.2,53.33],[13.9,53.73],[14.65,53.06],[16.05,53.66],[15.98,54.07],[16.41,54.0],[16.1,52.86],[15.49,52.65],[15.65,52.32]]]]}},{"type":"Feature","properties":{"n":"(Alliance between Papal States and Spanish Empire)","f":1564,"t":1571,"w":"Q170174"},"geometry":{"type":"MultiPolygon","coordinates":[[[[-75.34,-10.84],[-75.34,-10.77],[-75.27,-10.77],[-75.34,-10.84]]],[[[-105.29,23.11],[-104.86,22.85],[-104.99,22.4],[-104.34,22.14],[-103.91,22.59],[-103.8,22.08],[-103.57,22.4],[-103.48,21.95],[-103.15,22.14],[-102.12,21.11],[-101.54,21.56],[-100.51,20.86],[-99.91,21.18],[-98.42,20.79],[-98.35,21.18],[-97.35,21.37],[-95.77,18.8],[-94.48,18.22],[-92.5,18.74],[-91.5,18.48],[-90.48,19.89],[-90.32,21.11],[-86.92,21.63],[-86.66,20.99],[-87.35,20.21],[-87.7,18.29],[-87.99,18.74],[-89.17,17.77],[-90.57,17.77],[-90.6,16.55],[-90.38,16.04],[-89.54,15.84],[-85.88,15.97],[-85.69,15.07],[-84.58,14.43],[-84.94,13.72],[-84.42,11.34],[-83.58,10.96],[-82.21,9.03],[-81.03,8.84],[-79.69,9.61],[-78.96,9.61],[-77.99,9.29],[-76.83,8.19],[-76.93,8.64],[-75.66,9.48],[-75.58,10.51],[-74.96,11.15],[-74.36,10.89],[-74.17,11.34],[-73.15,11.41],[-71.84,12.44],[-71.1,12.31],[-71.28,11.79],[-71.92,11.6],[-71.65,10.83],[-69.73,11.66],[-69.14,11.54],[-70.84,10.7],[-70.4,9.54],[-70.73,8.9],[-72.04,8.77],[-72.92,7.16],[-73.16,5.69],[-74.15,4.59],[-74.35,3.89],[-75.79,2.21],[-76.3,1.31],[-76.81,0.41],[-77.87,-3.25],[-77.69,-6.27],[-76.34,-8.39],[-75.17,-11.35],[-73.45,-12.64],[-73.75,-12.76],[-73.59,-13.41],[-73.06,-13.21],[-73.17,-12.76],[-71.74,-13.15],[-70.67,-12.76],[-68.37,-13.28],[-65.67,-14.89],[-63.8,-15.34],[-62.48,-16.75],[-63.18,-20.61],[-64.08,-22.86],[-65.06,-23.95],[-67.12,-31.02],[-68.47,-33.66],[-70.48,-35.39],[-71.61,-39.59],[-73.75,-41.66],[-74.09,-41.53],[-73.98,-40.36],[-73.37,-39.46],[-73.84,-37.46],[-73.33,-37.13],[-72.42,-35.2],[-71.63,-32.69],[-71.94,-30.83],[-70.57,-25.17],[-70.53,-23.63],[-70.81,-23.5],[-70.27,-21.96],[-70.26,-19.84],[-70.44,-18.42],[-71.62,-17.33],[-75.22,-15.53],[-76.08,-14.69],[-76.46,-14.18],[-76.38,-13.41],[-77.8,-11.35],[-78.98,-8.46],[-79.98,-6.91],[-81.33,-6.14],[-81.01,-5.63],[-81.47,-4.41],[-80.05,-3.12],[-81.12,-2.29],[-81.03,-0.94],[-80.16,0.22],[-80.23,0.86],[-79.06,1.25],[-78.78,2.34],[-77.91,2.6],[-77.26,3.63],[-77.56,4.08],[-77.41,6.52],[-78.5,7.94],[-78.23,8.45],[-79.64,8.9],[-80.41,8.26],[-80.0,7.42],[-80.94,7.16],[-81.05,7.87],[-81.47,7.61],[-81.94,8.19],[-83.71,8.45],[-83.67,9.09],[-84.83,9.99],[-85.24,9.61],[-85.78,9.99],[-85.72,11.09],[-87.55,12.69],[-87.47,13.34],[-88.85,13.21],[-91.35,13.91],[-94.77,16.36],[-96.73,15.65],[-101.11,17.26],[-101.9,17.96],[-103.43,18.29],[-105.33,19.7],[-105.63,20.47],[-105.13,21.31],[-105.7,22.59],[-108.04,24.91],[-107.32,24.71],[-105.34,22.66],[-105.29,23.11]]],[[[-76.3,1.25],[-76.3,1.31],[-76.22,1.31],[-76.3,1.25]]],[[[-75.14,2.92],[-75.07,2.92],[-75.07,2.86],[-75.14,2.92]]],[[[-81.9,7.36],[-81.91,7.61],[-81.7,7.68],[-81.9,7.36]]],[[[-79.03,8.32],[-78.96,8.45],[-78.81,8.45],[-79.03,8.32]]],[[[-69.11,12.18],[-69.12,12.37],[-68.66,11.99],[-69.11,12.18]]],[[[-68.16,12.24],[-68.15,12.05],[-68.29,12.05],[-68.16,12.24]]],[[[-69.93,12.37],[-70.02,12.56],[-69.87,12.56],[-69.93,12.37]]],[[[-78.39,18.29],[-77.01,18.48],[-76.12,17.9],[-77.37,17.84],[-78.39,18.29]]],[[[-69.49,19.12],[-68.58,18.99],[-68.29,18.41],[-70.72,18.35],[-71.28,17.58],[-72.1,18.22],[-74.4,18.29],[-74.24,18.74],[-72.3,18.61],[-72.79,19.51],[-73.41,19.64],[-73.23,19.96],[-70.78,19.96],[-69.12,19.19],[-69.49,19.12]]],[[[-73.3,18.86],[-73.32,18.99],[-72.79,18.93],[-72.68,18.67],[-73.3,18.86]]],[[[-86.7,20.34],[-86.99,20.28],[-87.02,20.47],[-86.67,20.6],[-86.7,20.34]]],[[[-74.07,20.15],[-77.65,19.83],[-77.19,20.66],[-78.24,20.79],[-78.66,21.56],[-82.05,22.27],[-81.74,22.66],[-84.8,21.82],[-84.0,22.79],[-82.29,23.24],[-80.57,23.17],[-74.07,20.15]]],[[[-82.49,21.82],[-82.5,21.44],[-82.95,21.44],[-83.04,21.95],[-82.49,21.82]]],[[[-78.6,22.53],[-78.23,22.59],[-78.2,22.4],[-78.6,22.53]]],[[[-57.5,-24.34],[-57.0,-24.47],[-58.31,-26.59],[-58.82,-26.52],[-57.5,-24.34]]],[[[-63.42,10.19],[-63.42,10.25],[-63.35,10.25],[-63.42,10.19]]],[[[-61.0,10.06],[-61.73,10.06],[-61.55,10.83],[-60.89,10.83],[-61.0,10.06]]],[[[-61.98,10.57],[-62.85,10.51],[-62.84,10.31],[-63.28,10.38],[-63.63,10.12],[-64.52,10.31],[-64.03,10.7],[-61.98,10.57]]],[[[-63.76,10.96],[-64.26,10.89],[-64.35,11.09],[-63.76,10.96]]],[[[-67.12,17.96],[-67.26,18.48],[-66.16,18.54],[-65.52,18.16],[-67.12,17.96]]],[[[-17.85,27.87],[-17.9,27.61],[-18.06,27.67],[-17.85,27.87]]],[[[-15.36,27.8],[-15.73,27.74],[-15.76,28.19],[-15.3,28.12],[-15.36,27.8]]],[[[-17.35,28.19],[-17.12,28.25],[-17.03,28.06],[-17.35,28.19]]],[[[-16.65,27.93],[-16.91,28.38],[-16.09,28.57],[-16.65,27.93]]],[[[-13.77,28.77],[-13.81,28.25],[-14.32,28.06],[-13.77,28.77]]],[[[-17.71,28.89],[-17.67,28.51],[-17.9,28.51],[-17.71,28.89]]],[[[-13.65,29.22],[-13.42,29.22],[-13.47,28.89],[-13.85,28.83],[-13.65,29.22]]],[[[-2.98,35.26],[-2.99,35.45],[-2.84,35.45],[-2.98,35.26]]],[[[-0.53,35.71],[-0.45,35.58],[-0.67,35.45],[-0.92,35.71],[-0.53,35.71]]],[[[1.58,42.43],[2.99,43.02],[3.12,41.91],[0.7,40.94],[-0.13,40.03],[-0.31,39.13],[0.1,38.74],[-0.66,38.29],[-0.7,37.64],[-1.71,37.45],[-2.06,36.8],[-4.47,36.74],[-5.66,36.03],[-6.06,36.22],[-6.43,37.0],[-7.39,37.25],[-7.5,37.71],[-6.99,38.09],[-7.27,38.67],[-6.99,39.0],[-7.44,39.64],[-6.9,39.77],[-6.93,41.0],[-6.27,41.65],[-6.7,41.98],[-8.93,41.91],[-8.66,42.37],[-9.3,43.15],[-8.24,43.73],[-1.77,43.41],[1.58,42.43]]],[[[1.65,39.13],[1.66,39.0],[1.27,38.8],[1.18,39.06],[1.65,39.13]]],[[[2.34,39.64],[2.88,39.97],[3.52,39.77],[3.3,39.32],[2.34,39.64]]],[[[17.98,40.61],[18.35,39.9],[17.35,40.55],[16.62,40.29],[16.45,39.64],[17.14,39.06],[15.93,37.96],[15.39,38.16],[15.05,36.74],[12.49,37.71],[12.65,38.09],[14.6,38.03],[15.86,38.29],[16.27,38.74],[15.75,40.03],[15.04,40.23],[14.89,40.68],[11.73,42.17],[12.06,42.76],[11.82,43.34],[12.23,43.6],[11.51,44.39],[10.86,44.32],[11.35,44.91],[12.16,44.71],[14.37,42.24],[16.12,41.91],[15.94,41.39],[17.98,40.61]]],[[[4.22,40.1],[4.3,39.84],[3.83,39.9],[4.22,40.1]]],[[[9.59,39.13],[8.34,39.0],[8.15,40.94],[9.5,41.2],[9.59,39.13]]],[[[11.57,42.3],[11.49,42.3],[11.49,42.37],[11.57,42.3]]],[[[11.34,42.43],[11.18,42.5],[11.18,42.56],[11.34,42.43]]],[[[10.86,43.08],[10.94,42.89],[10.7,42.95],[10.86,43.08]]],[[[9.32,45.17],[9.4,44.45],[8.34,45.1],[8.58,45.56],[7.92,45.96],[8.32,46.41],[8.9,45.89],[9.39,46.22],[9.31,45.69],[10.45,45.17],[9.32,45.17]]],[[[4.4,46.09],[4.08,45.96],[3.99,46.28],[4.4,46.09]]],[[[5.82,47.86],[6.89,47.93],[6.99,47.27],[5.79,46.22],[5.37,46.35],[5.82,47.86]]],[[[6.12,51.51],[5.37,51.25],[5.06,50.45],[5.9,50.38],[5.71,51.11],[6.04,51.31],[6.07,50.45],[6.4,50.51],[6.07,50.25],[6.58,50.11],[6.36,49.25],[5.86,49.25],[5.93,49.58],[5.35,49.32],[4.82,50.05],[1.87,50.38],[2.07,51.11],[3.75,51.45],[3.4,51.65],[4.22,52.18],[4.69,53.19],[5.06,52.65],[5.54,53.39],[6.74,53.53],[7.18,53.26],[6.68,52.65],[6.95,52.25],[5.94,51.71],[6.12,51.51]]]]}},{"type":"Feature","properties":{"n":"Kingdom of Portugal","f":1564,"t":1581,"w":"Q45670"},"geometry":{"type":"MultiPolygon","coordinates":[[[[58.81,23.62],[59.27,22.98],[58.54,23.11],[58.29,23.62],[58.81,23.62]]],[[[50.46,26.26],[50.69,26.26],[50.65,25.87],[50.46,26.26]]],[[[50.13,26.77],[50.07,26.07],[50.65,25.1],[51.12,26.13],[51.7,25.87],[51.41,24.33],[51.91,24.01],[54.08,24.14],[55.73,25.74],[56.02,24.84],[54.27,23.75],[51.88,23.69],[50.48,24.78],[49.67,25.87],[49.88,26.45],[48.55,27.48],[48.47,28.12],[47.47,29.34],[48.22,29.28],[48.87,27.67],[50.13,26.77]]],[[[-17.07,32.62],[-17.17,32.88],[-16.79,32.88],[-17.07,32.62]]],[[[-25.9,37.96],[-25.09,37.77],[-25.7,37.71],[-25.9,37.96]]],[[[-28.81,38.48],[-28.85,38.67],[-28.08,38.35],[-28.81,38.48]]],[[[-27.89,38.61],[-27.88,38.55],[-28.04,38.55],[-27.89,38.61]]],[[[-27.03,38.61],[-27.36,38.67],[-27.39,38.87],[-27.03,38.61]]],[[[-9.0,37.0],[-8.82,38.48],[-9.55,38.74],[-8.73,40.74],[-8.93,41.91],[-6.7,41.98],[-6.25,41.46],[-6.93,41.0],[-6.9,39.77],[-7.44,39.64],[-6.99,39.0],[-7.27,38.67],[-6.99,38.09],[-7.5,37.71],[-7.45,37.13],[-9.0,37.0]]]]}},{"type":"Feature","properties":{"n":"Sultanate of Harar","f":1564,"t":1571,"w":"Q2365048"},"geometry":{"type":"Polygon","coordinates":[[[43.25,11.6],[43.78,10.25],[44.72,9.99],[42.4,8.58],[41.71,9.54],[41.76,10.96],[42.27,12.69],[42.86,12.95],[43.5,12.31],[42.81,11.6],[43.25,11.6]]]}},{"type":"Feature","properties":{"n":"Swiss Confederation","f":1564,"t":1571,"w":"Q39"},"geometry":{"type":"Polygon","coordinates":[[[10.12,46.02],[9.22,46.22],[8.9,45.89],[8.32,46.41],[7.92,45.96],[7.1,45.89],[5.79,46.22],[7.08,46.94],[6.98,47.53],[8.06,47.33],[8.55,47.73],[9.62,47.53],[9.54,47.14],[10.37,47.01],[10.53,46.55],[10.12,46.02]]]}},{"type":"Feature","properties":{"n":"Ethiopian Empire","f":1564,"t":1578,"w":"Q207521"},"geometry":{"type":"MultiPolygon","coordinates":[[[[39.97,15.52],[40.31,14.94],[41.32,14.62],[42.79,13.01],[42.27,12.69],[41.76,10.96],[42.29,7.16],[41.6,6.2],[41.03,6.78],[40.8,6.33],[41.3,5.94],[41.22,5.56],[40.71,5.81],[40.27,5.43],[39.26,5.81],[38.55,6.71],[38.64,7.16],[37.18,7.36],[37.5,8.26],[37.09,9.16],[37.48,9.93],[36.48,10.64],[36.8,11.41],[36.75,12.24],[37.16,13.34],[39.08,16.94],[39.1,15.78],[39.73,15.2],[39.97,15.52]]],[[[36.65,11.47],[36.73,11.47],[36.72,11.41],[36.65,11.47]]],[[[38.14,15.78],[38.22,15.78],[38.21,15.71],[38.14,15.78]]]]}},{"type":"Feature","properties":{"n":"Hafsid Dynasty","f":1564,"t":1571,"w":"Q752662"},"geometry":{"type":"Polygon","coordinates":[[[11.08,35.0],[10.0,34.29],[10.01,33.91],[11.08,33.59],[11.54,32.49],[9.63,33.14],[8.93,34.16],[7.92,34.42],[8.46,35.19],[8.21,36.48],[8.9,37.13],[10.23,37.25],[10.46,36.74],[11.01,37.0],[10.46,36.42],[11.08,35.0]]]}},{"type":"Feature","properties":{"n":"Inca Empire","f":1564,"t":1571,"w":"Q28573"},"geometry":{"type":"Polygon","coordinates":[[[-73.06,-13.21],[-73.59,-13.41],[-73.75,-12.76],[-73.38,-12.7],[-73.06,-13.21]]]}},{"type":"Feature","properties":{"n":"House of Jagiellon","f":1564,"t":1571,"w":"Q194355"},"geometry":{"type":"MultiPolygon","coordinates":[[[[31.66,48.26],[31.74,48.26],[31.73,48.19],[31.66,48.26]]],[[[20.29,49.25],[20.45,49.18],[20.28,49.12],[20.29,49.25]]],[[[17.32,51.71],[16.13,51.71],[15.49,52.65],[16.1,52.86],[16.4,53.8],[17.08,53.6],[17.19,54.0],[17.62,54.0],[18.02,54.89],[18.46,54.89],[18.69,54.41],[20.83,54.07],[20.1,53.66],[19.45,54.21],[18.7,53.39],[19.74,53.46],[20.4,53.06],[22.42,53.6],[22.81,54.89],[20.84,56.18],[21.6,57.56],[21.62,56.94],[22.93,57.56],[23.58,57.01],[25.9,56.46],[26.5,55.7],[28.4,56.11],[29.04,56.8],[29.4,55.77],[31.22,56.11],[30.8,54.75],[32.15,53.53],[31.9,53.12],[31.31,53.19],[31.66,52.18],[30.58,51.85],[30.54,50.98],[32.26,51.18],[34.47,50.25],[33.96,49.18],[32.48,48.79],[31.22,48.06],[29.8,47.93],[29.22,47.27],[28.88,47.86],[27.39,48.65],[25.34,48.92],[25.54,48.39],[24.91,47.8],[22.78,49.12],[18.88,49.45],[19.17,50.18],[17.32,51.71]]]]}},{"type":"Feature","properties":{"n":"Small Horde","f":1564,"t":1571,"w":"Q631210"},"geometry":{"type":"MultiPolygon","coordinates":[[[[42.49,46.09],[42.22,45.5],[40.97,44.91],[39.95,44.65],[36.78,45.1],[36.75,45.43],[37.7,45.3],[37.59,45.63],[38.37,46.35],[37.84,46.61],[39.48,47.07],[39.39,47.47],[42.25,46.55],[42.49,46.09]]],[[[56.0,50.85],[56.26,50.11],[55.24,49.25],[55.73,48.13],[55.06,47.8],[55.04,47.14],[53.27,46.68],[53.11,47.01],[50.3,46.94],[49.95,47.53],[46.08,48.99],[46.14,49.91],[46.81,50.58],[47.38,52.32],[48.58,52.65],[50.32,54.07],[51.97,54.61],[52.78,54.68],[53.31,53.73],[54.34,53.46],[55.06,52.59],[56.43,52.59],[56.55,51.98],[56.0,50.85]]]]}},{"type":"Feature","properties":{"n":"Portuguese Colonies","f":1564,"t":1571,"w":"Q200464"},"geometry":{"type":"MultiPolygon","coordinates":[[[[76.23,9.93],[76.45,9.99],[76.56,9.41],[76.26,9.35],[76.23,9.93]]],[[[75.88,11.34],[75.93,10.96],[75.78,10.96],[75.58,11.28],[75.88,11.34]]],[[[75.27,11.92],[75.07,12.24],[75.43,12.18],[75.27,11.92]]],[[[74.52,15.26],[74.55,14.81],[74.24,14.62],[73.86,15.33],[74.52,15.26]]],[[[73.1,19.38],[72.99,18.99],[72.84,18.99],[73.1,19.38]]],[[[72.96,20.09],[72.9,20.21],[73.19,20.15],[72.96,20.09]]],[[[72.99,20.41],[72.92,20.41],[72.93,20.47],[72.99,20.41]]],[[[71.25,20.79],[71.26,20.86],[71.33,20.86],[71.25,20.79]]],[[[55.79,26.97],[56.32,27.03],[56.06,26.71],[55.29,26.52],[55.79,26.97]]],[[[124.38,-9.16],[124.33,-9.49],[123.82,-9.49],[124.38,-9.16]]],[[[125.44,-8.84],[125.13,-8.59],[125.71,-8.52],[125.44,-8.84]]],[[[123.01,-8.52],[122.79,-8.59],[122.78,-8.39],[123.01,-8.52]]],[[[127.8,-3.57],[128.24,-3.51],[128.25,-3.7],[127.8,-3.57]]],[[[102.1,3.05],[102.67,2.73],[102.42,2.02],[101.71,2.41],[102.1,3.05]]],[[[80.23,5.88],[79.89,6.26],[79.79,8.51],[80.07,8.39],[80.05,6.65],[80.83,6.14],[80.23,5.88]]],[[[79.87,10.83],[79.86,10.73],[79.85,10.82],[79.87,10.83]]],[[[80.38,13.46],[80.41,13.08],[80.13,13.21],[80.38,13.46]]],[[[113.45,22.34],[113.69,22.4],[113.64,22.14],[113.45,22.34]]]]}},{"type":"Feature","properties":{"n":"France Antarctique","f":1564,"t":1571,"w":"Q1353951"},"geometry":{"type":"MultiPolygon","coordinates":[[[[-44.13,-22.99],[-43.33,-22.47],[-42.01,-22.66],[-42.12,-22.99],[-44.13,-22.99]]],[[[-81.25,29.22],[-81.23,29.67],[-81.06,29.6],[-80.93,29.15],[-81.25,29.22]]]]}},{"type":"Feature","properties":{"n":"House of Savoy","f":1564,"t":1571,"w":"Q200229"},"geometry":{"type":"Polygon","coordinates":[[[6.91,43.54],[6.66,43.99],[7.46,44.65],[6.31,45.1],[6.13,45.56],[5.07,45.69],[4.97,46.28],[7.92,45.96],[8.58,45.56],[8.51,44.84],[6.91,43.54]]]}},{"type":"Feature","properties":{"n":"(Holy Roman Empire)","f":1564,"t":1571,"w":"Q12548"},"geometry":{"type":"MultiPolygon","coordinates":[[[[8.11,43.99],[7.71,44.12],[8.5,45.04],[8.75,44.97],[8.11,43.99]]],[[[6.83,47.14],[7.08,46.94],[6.51,46.87],[6.83,47.14]]],[[[4.94,49.18],[4.49,50.05],[4.82,50.05],[5.18,49.58],[4.94,49.18]]],[[[9.4,44.45],[9.32,45.17],[10.45,45.04],[10.62,45.43],[11.59,44.91],[10.7,43.8],[9.4,44.45]]],[[[11.99,44.65],[11.75,44.84],[11.83,44.97],[12.24,44.97],[11.99,44.65]]],[[[11.52,46.61],[12.09,46.68],[11.02,45.76],[10.45,45.89],[10.53,46.55],[11.52,46.61]]],[[[9.54,47.2],[9.63,47.14],[9.46,47.14],[9.54,47.2]]],[[[13.0,47.53],[13.18,48.06],[13.74,47.07],[12.18,47.07],[12.51,47.66],[13.0,47.53]]],[[[13.36,48.99],[14.1,48.65],[13.85,48.46],[13.27,48.59],[13.36,48.99]]],[[[12.8,50.65],[12.63,50.65],[12.55,50.91],[12.8,50.65]]],[[[7.89,47.66],[7.56,47.53],[7.47,48.06],[7.06,47.93],[7.03,48.99],[7.53,49.12],[6.69,49.32],[7.69,49.38],[8.11,48.99],[8.78,49.25],[8.61,49.45],[7.76,49.91],[7.6,49.58],[6.35,49.58],[6.58,50.11],[6.07,50.25],[6.4,50.51],[6.07,50.45],[6.04,51.31],[5.71,51.11],[5.9,50.38],[5.06,50.45],[5.37,51.25],[6.12,51.51],[6.02,51.92],[6.95,52.25],[6.68,52.65],[7.02,52.72],[7.08,53.73],[10.36,53.66],[10.53,54.0],[13.41,54.75],[13.74,54.27],[13.3,54.21],[14.5,53.73],[15.04,54.21],[18.02,54.89],[17.08,53.6],[15.98,54.07],[16.05,53.66],[14.65,53.06],[13.9,53.73],[13.2,53.33],[11.31,53.46],[11.13,52.52],[12.33,52.79],[12.4,51.71],[11.63,51.25],[10.61,51.38],[10.1,51.25],[11.88,50.98],[12.05,51.31],[12.55,50.91],[11.79,50.85],[12.21,50.78],[12.12,50.18],[11.2,49.78],[10.94,48.85],[10.03,49.12],[10.53,48.26],[10.12,48.06],[10.53,48.19],[10.61,47.6],[10.12,47.33],[9.04,47.73],[9.29,47.99],[8.47,47.6],[8.22,47.66],[8.21,47.99],[8.21,48.26],[7.71,48.32],[7.89,47.66]],[[8.46,47.99],[8.38,48.13],[8.21,47.99],[8.46,47.99]],[[11.38,51.51],[11.46,51.65],[10.87,51.65],[11.38,51.51]],[[10.2,48.46],[10.11,48.46],[10.11,48.32],[10.2,48.46]],[[9.95,48.46],[9.45,48.46],[9.45,48.19],[9.95,48.46]],[[9.54,47.86],[9.54,47.99],[9.37,47.93],[9.54,47.86]],[[9.2,48.32],[9.2,48.26],[9.37,48.26],[9.2,48.32]],[[8.71,48.19],[8.79,48.32],[8.54,48.32],[8.71,48.19]],[[9.04,48.19],[9.04,48.26],[8.87,48.32],[9.04,48.19]],[[8.71,47.99],[8.63,47.99],[8.79,47.86],[8.71,47.99]],[[8.62,48.65],[8.53,48.59],[8.62,48.52],[8.62,48.65]],[[8.45,48.39],[8.21,48.39],[8.29,48.32],[8.45,48.39]],[[8.29,48.59],[8.37,48.46],[8.45,48.59],[8.29,48.59]]],[[[12.9,51.45],[12.9,51.31],[12.64,51.38],[12.9,51.45]]],[[[25.9,56.46],[23.84,56.94],[24.57,58.53],[24.28,59.02],[24.74,59.09],[24.9,59.57],[26.18,59.64],[25.47,58.53],[26.58,57.49],[27.7,57.28],[28.12,56.59],[28.15,56.18],[27.47,55.77],[26.5,55.7],[25.9,56.46]]],[[[22.03,58.25],[22.79,58.67],[22.93,58.32],[22.08,57.9],[22.03,58.25]]],[[[23.88,58.74],[23.67,58.46],[23.42,58.67],[23.88,58.74]]]]}},{"type":"Feature","properties":{"n":"Kingdom of Mrauk U","f":1564,"t":1587,"w":"Q10791211"},"geometry":{"type":"Polygon","coordinates":[[[94.84,19.7],[95.16,18.35],[94.57,16.81],[94.36,18.48],[94.12,18.86],[93.51,18.74],[93.8,19.7],[92.12,20.92],[91.74,22.4],[91.37,22.46],[91.53,22.98],[92.32,22.79],[94.13,20.99],[94.84,19.7]]]}},{"type":"Feature","properties":{"n":"Kingdom of Spain","f":1564,"t":1571,"w":"Q29"},"geometry":{"type":"MultiPolygon","coordinates":[[[[1.27,38.8],[1.18,39.06],[1.65,39.13],[1.27,38.8]]],[[[3.3,39.32],[2.35,39.45],[2.88,39.97],[3.52,39.77],[3.3,39.32]]],[[[-1.77,43.41],[1.58,42.43],[2.99,43.02],[3.12,41.91],[0.7,40.94],[-0.13,40.03],[-0.31,39.13],[0.1,38.74],[-0.66,38.29],[-0.7,37.64],[-1.71,37.45],[-2.06,36.8],[-4.47,36.74],[-5.66,36.03],[-6.43,37.0],[-7.39,37.25],[-7.5,37.71],[-6.99,38.09],[-7.27,38.67],[-6.99,39.0],[-7.44,39.64],[-6.9,39.77],[-6.93,41.0],[-6.27,41.65],[-6.7,41.98],[-8.93,41.91],[-8.66,42.37],[-9.3,43.15],[-8.24,43.73],[-1.77,43.41]]],[[[3.83,39.9],[3.74,40.1],[4.22,40.1],[4.3,39.84],[3.83,39.9]]],[[[4.23,46.35],[4.33,45.96],[4.08,45.96],[4.23,46.35]]],[[[6.02,51.92],[6.12,51.51],[5.05,50.71],[5.23,50.31],[5.9,50.38],[5.71,51.11],[6.04,51.31],[6.07,50.45],[6.4,50.51],[6.07,50.25],[6.58,50.11],[6.36,49.25],[5.86,49.25],[5.93,49.58],[5.35,49.32],[4.82,50.05],[1.87,50.38],[2.07,51.11],[3.75,51.45],[3.4,51.65],[4.22,52.18],[4.69,53.19],[5.06,52.65],[5.54,53.39],[7.18,53.26],[6.53,51.85],[6.02,51.92]]],[[[15.94,41.39],[17.98,40.61],[18.35,39.9],[17.35,40.55],[16.62,40.29],[16.45,39.64],[17.14,39.06],[15.93,37.96],[15.39,38.16],[15.05,36.74],[12.49,37.71],[12.65,38.09],[14.6,38.03],[15.86,38.29],[16.27,38.74],[15.75,40.03],[13.79,41.13],[13.96,41.72],[13.01,42.04],[12.86,42.5],[13.99,42.95],[14.37,42.24],[16.11,41.78],[15.94,41.39]]],[[[9.59,39.13],[8.34,39.0],[8.15,40.94],[9.5,41.2],[9.82,40.36],[9.59,39.13]]],[[[11.18,42.56],[11.34,42.63],[11.34,42.43],[11.18,42.56]]],[[[10.86,43.08],[10.94,42.89],[10.86,42.95],[10.86,43.08]]],[[[9.32,45.17],[9.4,44.45],[8.34,45.1],[8.58,45.56],[7.92,45.96],[8.32,46.41],[8.9,45.89],[9.39,46.22],[9.31,45.69],[10.45,45.17],[9.32,45.17]]],[[[5.58,47.66],[6.89,47.93],[6.83,47.07],[5.79,46.22],[5.37,46.35],[5.58,47.66]]]]}},{"type":"Feature","properties":{"n":"Portuguese Africa","f":1564,"t":1578,"w":"Q16879646"},"geometry":{"type":"MultiPolygon","coordinates":[[[[-2.31,4.85],[-2.6,4.91],[-2.52,5.11],[-2.31,4.85]]],[[[-15.92,12.18],[-16.66,12.37],[-15.93,12.37],[-15.92,12.18]]],[[[-24.36,14.75],[-24.45,15.07],[-24.23,15.07],[-24.36,14.75]]],[[[-23.78,14.94],[-23.73,15.33],[-23.42,15.14],[-23.78,14.94]]],[[[-23.28,15.26],[-23.06,15.33],[-22.99,15.2],[-23.28,15.26]]],[[[-22.58,16.16],[-22.65,15.97],[-22.94,15.97],[-22.58,16.16]]],[[[-24.08,16.68],[-24.08,16.55],[-24.37,16.49],[-24.08,16.68]]],[[[-22.83,16.68],[-22.98,16.68],[-22.98,16.81],[-22.83,16.68]]],[[[-25.27,16.87],[-25.29,17.19],[-24.99,17.26],[-24.97,16.74],[-25.27,16.87]]],[[[-8.44,32.88],[-8.73,32.62],[-9.05,32.88],[-8.7,33.2],[-8.44,32.88]]],[[[-5.85,35.32],[-6.0,35.39],[-5.88,35.77],[-5.25,35.64],[-5.85,35.32]]],[[[35.38,-23.82],[35.33,-24.27],[35.03,-24.21],[34.93,-23.82],[35.38,-23.82]]],[[[34.25,-19.84],[34.54,-19.58],[34.71,-20.16],[34.25,-19.84]]],[[[37.63,-17.59],[37.2,-17.78],[37.26,-17.39],[37.63,-17.59]]],[[[40.75,-14.69],[40.55,-15.34],[40.17,-14.95],[40.75,-14.69]]],[[[39.82,-7.88],[39.53,-8.01],[39.52,-7.81],[39.82,-7.88]]],[[[39.06,-6.21],[39.12,-5.76],[39.49,-6.14],[39.43,-6.53],[39.06,-6.21]]],[[[39.55,-5.11],[39.55,-4.92],[39.77,-4.99],[39.55,-5.44],[39.55,-5.11]]],[[[6.3,0.35],[6.67,0.41],[6.38,0.03],[6.3,0.35]]],[[[7.34,1.51],[7.19,1.51],[7.27,1.7],[7.34,1.51]]],[[[8.54,3.76],[8.83,3.82],[8.68,3.18],[8.31,3.24],[8.54,3.76]]],[[[-1.28,5.04],[-1.8,4.85],[-1.79,5.11],[-1.28,5.04]]]]}},{"type":"Feature","properties":{"n":"Eastern Hungarian Kingdom","f":1564,"t":1571,"w":"Q625380"},"geometry":{"type":"Polygon","coordinates":[[[25.35,45.37],[23.48,45.5],[22.14,44.97],[21.52,45.37],[22.38,46.02],[22.41,46.48],[21.21,46.87],[20.69,47.8],[22.78,49.12],[24.69,48.13],[25.02,47.2],[25.67,47.14],[26.44,45.76],[25.35,45.37]],[[21.67,47.66],[21.94,47.93],[21.53,47.99],[21.67,47.66]]]}},{"type":"Feature","properties":{"n":"(Kingdom of France)","f":1564,"t":1571,"w":"Q207162"},"geometry":{"type":"MultiPolygon","coordinates":[[[[-1.68,43.28],[-1.03,45.5],[-1.25,46.28],[-2.84,47.6],[-4.42,47.8],[-4.91,48.52],[-3.46,48.92],[-1.6,48.65],[-2.03,49.78],[0.01,49.38],[0.22,49.85],[1.45,50.25],[1.5,50.91],[2.01,50.78],[2.13,50.25],[4.49,49.98],[5.03,49.05],[4.88,48.65],[5.87,48.85],[5.88,48.46],[5.38,48.52],[5.82,47.73],[4.9,45.96],[7.46,44.65],[6.66,43.99],[6.91,43.54],[5.8,43.15],[3.85,43.6],[1.81,42.56],[-1.68,43.28]],[[4.23,46.35],[3.99,46.28],[4.08,45.96],[4.4,46.09],[4.23,46.35]]],[[[6.79,48.46],[6.72,48.19],[6.47,48.32],[6.79,48.46]]],[[[6.03,48.92],[6.04,48.79],[5.87,48.85],[6.03,48.92]]],[[[7.03,49.05],[6.62,48.85],[7.21,48.59],[5.86,48.99],[7.03,49.05]]],[[[5.7,48.99],[5.36,48.99],[5.35,49.32],[5.7,48.99]]]]}},{"type":"Feature","properties":{"n":"(Habsburg Monarchy)","f":1564,"t":1571,"w":"Q66504140"},"geometry":{"type":"MultiPolygon","coordinates":[[[[7.47,48.06],[7.56,47.6],[6.98,47.53],[6.89,47.93],[7.47,48.06]]],[[[7.56,47.53],[7.89,47.66],[7.71,48.32],[8.21,48.26],[8.06,47.33],[7.56,47.53]]],[[[9.29,47.99],[9.29,47.8],[8.88,47.73],[9.29,47.99]]],[[[8.79,47.86],[8.63,47.99],[8.71,47.99],[8.79,47.86]]],[[[8.21,47.99],[8.21,48.13],[8.46,48.06],[8.21,47.99]]],[[[8.79,48.32],[8.71,48.19],[8.54,48.32],[8.79,48.32]]],[[[8.87,48.32],[9.04,48.26],[9.04,48.19],[8.87,48.32]]],[[[8.45,48.39],[8.29,48.26],[8.21,48.39],[8.45,48.39]]],[[[9.37,48.46],[9.37,48.26],[9.2,48.32],[9.37,48.46]]],[[[8.29,48.59],[8.45,48.59],[8.37,48.46],[8.29,48.59]]],[[[8.62,48.65],[8.7,48.52],[8.62,48.52],[8.62,48.65]]],[[[21.94,47.93],[21.93,47.8],[21.43,47.73],[21.94,47.93]]],[[[9.54,47.99],[9.54,47.86],[9.37,47.93],[9.54,47.99]]],[[[10.36,47.99],[10.12,48.06],[10.2,48.26],[10.53,48.26],[10.36,47.99]]],[[[19.03,50.58],[19.24,49.85],[18.88,49.45],[21.8,49.38],[22.43,48.99],[20.69,47.8],[18.89,48.06],[18.21,47.73],[18.17,46.87],[16.92,46.35],[17.55,45.82],[16.8,45.43],[16.29,44.84],[16.52,44.32],[16.19,44.25],[15.88,44.71],[15.15,44.45],[14.6,45.37],[14.19,45.17],[13.31,45.82],[13.56,46.55],[11.11,46.41],[9.54,47.2],[9.62,47.53],[12.51,47.66],[12.18,47.07],[13.74,47.07],[13.18,48.06],[14.1,48.65],[12.53,49.52],[12.12,50.18],[14.33,50.98],[14.26,51.71],[13.43,52.18],[13.94,52.32],[14.78,51.92],[15.65,52.32],[16.13,51.71],[16.98,51.71],[19.03,50.58]],[[20.28,49.12],[20.45,49.18],[20.37,49.25],[20.28,49.12]],[[14.19,52.12],[13.93,52.12],[13.93,52.05],[14.19,52.12]]],[[[9.95,48.46],[10.03,48.26],[9.45,48.19],[9.95,48.46]]],[[[10.11,48.32],[10.11,48.46],[10.28,48.39],[10.11,48.32]]],[[[13.67,51.65],[13.24,51.71],[13.25,51.85],[13.67,51.65]]]]}},{"type":"Feature","properties":{"n":"Denmark-Norway","f":1564,"t":1571,"w":"Q62651"},"geometry":{"type":"MultiPolygon","coordinates":[[[[15.08,55.23],[15.07,55.02],[14.64,55.09],[15.08,55.23]]],[[[9.75,55.57],[10.63,55.63],[10.88,54.95],[10.54,54.75],[9.93,55.09],[9.93,54.55],[11.05,54.21],[9.93,53.6],[8.89,53.87],[8.53,55.36],[8.0,55.63],[7.98,56.66],[8.5,57.21],[10.46,57.77],[10.28,56.59],[10.9,56.52],[10.81,56.18],[10.28,56.25],[9.75,55.57]]],[[[10.63,55.77],[10.36,55.77],[10.45,55.98],[10.63,55.77]]],[[[-6.71,61.41],[-6.99,61.48],[-7.02,61.62],[-6.71,61.41]]],[[[-6.66,62.26],[-6.69,61.9],[-7.28,62.05],[-6.66,62.26]]],[[[-19.55,65.81],[-19.2,66.25],[-17.59,66.03],[-15.79,66.55],[-13.7,65.59],[-13.47,65.08],[-14.8,64.28],[-15.5,64.42],[-18.16,63.41],[-19.39,63.41],[-21.15,63.91],[-22.8,63.77],[-22.83,64.13],[-22.17,64.13],[-22.1,64.49],[-24.16,64.93],[-22.06,65.52],[-24.03,65.37],[-24.42,65.66],[-23.8,65.81],[-23.67,66.25],[-22.94,66.11],[-23.0,66.55],[-21.48,66.11],[-21.26,65.44],[-20.4,65.74],[-20.54,66.18],[-19.55,65.81]]],[[[12.89,68.12],[13.19,68.12],[13.19,67.97],[12.89,68.12]]],[[[13.58,68.05],[13.39,68.05],[13.7,68.42],[14.09,68.2],[13.58,68.05]]],[[[21.92,57.21],[21.62,56.94],[21.6,57.56],[22.34,57.83],[22.84,57.56],[21.92,57.21]]],[[[18.91,57.42],[18.08,56.94],[18.23,57.83],[19.05,57.97],[18.91,57.42]]],[[[22.4,58.39],[21.85,58.25],[21.88,58.53],[22.43,58.67],[22.4,58.39]]],[[[23.14,58.6],[23.23,58.6],[23.12,58.39],[22.79,58.67],[23.14,58.6]]],[[[23.6,59.36],[24.6,58.74],[23.82,58.25],[23.88,58.74],[23.42,58.67],[23.6,59.36]]],[[[28.18,70.57],[29.29,70.95],[31.12,70.49],[28.43,69.87],[26.21,69.87],[25.63,68.95],[24.86,68.57],[22.78,68.65],[21.77,69.26],[20.24,69.03],[19.96,68.42],[18.09,68.57],[18.05,68.12],[16.23,67.59],[16.38,67.07],[14.57,66.11],[14.54,65.44],[13.64,64.71],[14.1,64.13],[12.19,63.77],[12.14,61.76],[12.78,61.41],[12.31,60.98],[12.57,60.35],[11.92,59.92],[12.07,57.77],[13.46,56.59],[15.93,56.52],[15.82,56.11],[14.32,55.98],[14.3,55.36],[12.81,55.36],[12.56,55.98],[12.1,54.75],[10.88,54.75],[11.67,55.09],[10.97,55.29],[10.89,55.77],[11.77,55.84],[12.75,56.66],[11.79,57.42],[11.71,58.11],[11.18,58.39],[11.1,59.16],[10.56,59.64],[10.01,58.95],[7.6,57.97],[5.51,58.6],[6.03,59.36],[5.21,59.29],[5.45,60.14],[4.9,60.21],[5.08,62.26],[5.92,62.19],[6.64,62.76],[7.4,62.62],[6.92,63.05],[8.23,63.19],[7.84,63.55],[9.07,63.7],[9.26,63.41],[10.3,64.42],[11.35,64.49],[11.45,65.0],[12.13,65.15],[12.53,65.74],[12.35,66.25],[12.82,66.03],[12.94,66.62],[15.88,68.27],[14.19,68.2],[14.9,68.57],[14.42,68.8],[15.03,69.11],[15.52,68.8],[15.75,69.33],[16.15,69.33],[15.92,68.88],[17.52,68.88],[17.65,69.18],[17.04,69.11],[16.87,69.49],[18.58,69.49],[18.2,69.72],[19.59,70.33],[19.84,69.87],[20.81,70.33],[20.77,70.02],[21.77,69.95],[21.43,70.41],[22.33,70.33],[22.41,70.8],[24.33,70.72],[25.87,71.27],[25.88,70.8],[26.75,71.03],[26.56,70.64],[26.96,70.57],[27.71,71.19],[28.46,70.88],[28.18,70.57]]],[[[23.99,71.11],[24.1,71.11],[24.07,70.95],[23.99,71.11]]]]}},{"type":"Feature","properties":{"n":"(Spanish Empire)","f":1564,"t":1571,"w":"Q80702"},"geometry":{"type":"MultiPolygon","coordinates":[[[[-75.34,-10.84],[-75.34,-10.77],[-75.27,-10.77],[-75.34,-10.84]]],[[[-105.29,23.11],[-104.86,22.85],[-104.99,22.4],[-104.34,22.14],[-103.91,22.59],[-103.8,22.08],[-103.57,22.4],[-103.48,21.95],[-103.15,22.14],[-102.12,21.11],[-101.54,21.56],[-100.51,20.86],[-99.91,21.18],[-98.42,20.79],[-98.35,21.18],[-97.35,21.37],[-95.77,18.8],[-94.48,18.22],[-92.5,18.74],[-91.5,18.48],[-90.48,19.89],[-90.32,21.11],[-86.92,21.63],[-86.66,20.99],[-87.35,20.21],[-87.7,18.29],[-87.99,18.74],[-89.17,17.77],[-90.57,17.77],[-90.6,16.55],[-90.38,16.04],[-89.54,15.84],[-85.88,15.97],[-85.69,15.07],[-84.58,14.43],[-84.94,13.72],[-84.42,11.34],[-83.58,10.96],[-82.21,9.03],[-81.03,8.84],[-79.69,9.61],[-78.96,9.61],[-77.99,9.29],[-76.83,8.19],[-76.93,8.64],[-75.66,9.48],[-75.58,10.51],[-74.96,11.15],[-74.36,10.89],[-74.17,11.34],[-73.15,11.41],[-71.84,12.44],[-71.1,12.31],[-71.28,11.79],[-71.92,11.6],[-71.65,10.83],[-69.73,11.66],[-69.14,11.54],[-70.84,10.7],[-70.4,9.54],[-70.73,8.9],[-72.04,8.77],[-72.92,7.16],[-73.16,5.69],[-74.15,4.59],[-74.35,3.89],[-75.79,2.21],[-76.3,1.31],[-76.81,0.41],[-77.87,-3.25],[-77.69,-6.27],[-76.34,-8.39],[-75.17,-11.35],[-73.45,-12.64],[-73.75,-12.76],[-73.59,-13.41],[-73.06,-13.21],[-73.17,-12.76],[-71.74,-13.15],[-70.67,-12.76],[-68.37,-13.28],[-65.67,-14.89],[-63.8,-15.34],[-62.48,-16.75],[-63.18,-20.61],[-64.08,-22.86],[-65.06,-23.95],[-67.12,-31.02],[-68.47,-33.66],[-70.48,-35.39],[-71.61,-39.59],[-73.75,-41.66],[-74.09,-41.53],[-73.98,-40.36],[-73.37,-39.46],[-73.84,-37.46],[-73.33,-37.13],[-72.42,-35.2],[-71.63,-32.69],[-71.94,-30.83],[-70.57,-25.17],[-70.53,-23.63],[-70.81,-23.5],[-70.27,-21.96],[-70.26,-19.84],[-70.44,-18.42],[-71.62,-17.33],[-75.22,-15.53],[-76.08,-14.69],[-76.46,-14.18],[-76.38,-13.41],[-77.8,-11.35],[-78.98,-8.46],[-79.98,-6.91],[-81.33,-6.14],[-81.01,-5.63],[-81.47,-4.41],[-80.05,-3.12],[-81.12,-2.29],[-81.03,-0.94],[-80.16,0.22],[-80.23,0.86],[-79.06,1.25],[-78.78,2.34],[-77.91,2.6],[-77.26,3.63],[-77.56,4.08],[-77.41,6.52],[-78.5,7.94],[-78.23,8.45],[-79.64,8.9],[-80.41,8.26],[-80.0,7.42],[-80.94,7.16],[-81.05,7.87],[-81.47,7.61],[-81.94,8.19],[-83.71,8.45],[-83.67,9.09],[-84.83,9.99],[-85.24,9.61],[-85.78,9.99],[-85.72,11.09],[-87.55,12.69],[-87.47,13.34],[-88.85,13.21],[-91.35,13.91],[-94.77,16.36],[-96.73,15.65],[-101.11,17.26],[-101.9,17.96],[-103.43,18.29],[-105.33,19.7],[-105.63,20.47],[-105.13,21.31],[-105.7,22.59],[-108.04,24.91],[-107.32,24.71],[-105.34,22.66],[-105.29,23.11]]],[[[-76.3,1.25],[-76.3,1.31],[-76.22,1.31],[-76.3,1.25]]],[[[-75.14,2.92],[-75.07,2.92],[-75.07,2.86],[-75.14,2.92]]],[[[-81.9,7.36],[-81.91,7.61],[-81.7,7.68],[-81.9,7.36]]],[[[-79.03,8.32],[-78.96,8.45],[-78.81,8.45],[-79.03,8.32]]],[[[-68.95,12.05],[-69.12,12.37],[-68.74,12.18],[-68.95,12.05]]],[[[-69.93,12.37],[-70.02,12.56],[-69.87,12.56],[-69.93,12.37]]],[[[-78.39,18.29],[-77.01,18.48],[-76.12,17.9],[-77.37,17.84],[-78.39,18.29]]],[[[-69.49,19.12],[-68.58,18.99],[-68.29,18.41],[-70.72,18.35],[-71.28,17.58],[-72.1,18.22],[-74.4,18.29],[-74.24,18.74],[-72.3,18.61],[-72.79,19.51],[-73.41,19.64],[-73.23,19.96],[-70.78,19.96],[-69.12,19.19],[-69.49,19.12]]],[[[-73.3,18.86],[-73.32,18.99],[-72.79,18.93],[-72.68,18.67],[-73.3,18.86]]],[[[-86.7,20.34],[-86.99,20.28],[-87.02,20.47],[-86.7,20.34]]],[[[-77.66,21.82],[-75.63,21.18],[-74.07,20.15],[-77.65,19.83],[-77.19,20.66],[-78.24,20.79],[-78.66,21.56],[-82.05,22.27],[-81.74,22.66],[-84.8,21.82],[-84.0,22.79],[-82.29,23.24],[-80.57,23.17],[-79.25,22.46],[-77.64,22.14],[-77.66,21.82]]],[[[-82.5,21.44],[-82.95,21.44],[-83.04,21.95],[-82.66,21.95],[-82.5,21.44]]],[[[-78.6,22.53],[-78.23,22.59],[-78.2,22.4],[-78.6,22.53]]],[[[-57.5,-24.34],[-57.0,-24.47],[-58.31,-26.59],[-58.82,-26.52],[-57.5,-24.34]]],[[[-63.42,10.25],[-63.35,10.25],[-63.35,10.19],[-63.42,10.25]]],[[[-61.0,10.06],[-61.73,10.06],[-61.55,10.83],[-60.89,10.83],[-61.0,10.06]]],[[[-61.91,10.76],[-64.37,10.12],[-64.03,10.7],[-61.91,10.76]]],[[[-64.04,10.83],[-64.35,11.09],[-63.84,11.21],[-64.04,10.83]]],[[[-68.16,12.24],[-68.15,12.05],[-68.29,12.05],[-68.16,12.24]]],[[[-65.72,17.96],[-66.23,17.9],[-67.12,17.96],[-67.26,18.48],[-65.55,18.41],[-65.72,17.96]]],[[[-17.85,27.87],[-17.9,27.61],[-18.06,27.67],[-17.85,27.87]]],[[[-15.36,27.8],[-15.73,27.74],[-15.76,28.19],[-15.3,28.12],[-15.36,27.8]]],[[[-17.35,28.19],[-17.12,28.25],[-17.03,28.06],[-17.35,28.19]]],[[[-16.91,28.38],[-16.09,28.57],[-16.36,28.06],[-16.65,27.93],[-16.91,28.38]]],[[[-14.07,28.7],[-13.77,28.77],[-13.81,28.25],[-14.32,28.06],[-14.07,28.7]]],[[[-17.71,28.89],[-17.67,28.51],[-17.9,28.51],[-17.71,28.89]]],[[[-13.65,29.22],[-13.42,29.22],[-13.47,28.89],[-13.86,28.96],[-13.65,29.22]]],[[[1.58,42.43],[2.99,43.02],[3.12,41.91],[0.7,40.94],[-0.13,40.03],[-0.31,39.13],[0.1,38.74],[-0.66,38.29],[-0.7,37.64],[-1.71,37.45],[-2.06,36.8],[-4.47,36.74],[-5.66,36.03],[-6.06,36.22],[-6.43,37.0],[-7.39,37.25],[-7.5,37.71],[-6.99,38.09],[-7.27,38.67],[-6.99,39.0],[-7.44,39.64],[-6.9,39.77],[-6.93,41.0],[-6.27,41.65],[-6.7,41.98],[-8.93,41.91],[-8.66,42.37],[-9.3,43.15],[-8.24,43.73],[-1.77,43.41],[1.58,42.43]]],[[[-2.98,35.26],[-2.99,35.45],[-2.84,35.45],[-2.98,35.26]]],[[[-0.53,35.71],[-0.45,35.58],[-0.67,35.45],[-0.92,35.71],[-0.53,35.71]]],[[[1.26,39.13],[1.65,39.13],[1.66,39.0],[1.27,38.8],[1.26,39.13]]],[[[2.35,39.45],[2.34,39.64],[3.19,39.97],[3.52,39.77],[3.3,39.32],[2.35,39.45]]],[[[17.98,40.61],[18.35,39.9],[17.35,40.55],[16.62,40.29],[16.45,39.64],[17.14,39.06],[15.93,37.96],[15.39,38.16],[15.05,36.74],[12.49,37.71],[12.65,38.09],[14.6,38.03],[15.86,38.29],[16.27,38.74],[15.75,40.03],[13.79,41.13],[13.96,41.72],[13.01,42.04],[12.86,42.5],[13.99,42.95],[14.61,42.11],[16.12,41.91],[15.94,41.39],[17.98,40.61]]],[[[4.22,40.1],[4.3,39.84],[3.83,39.9],[4.22,40.1]]],[[[9.59,39.13],[8.34,39.0],[8.15,40.94],[9.5,41.2],[9.59,39.13]]],[[[11.34,42.63],[11.34,42.43],[11.18,42.5],[11.34,42.63]]],[[[10.86,43.08],[10.94,42.89],[10.7,42.95],[10.86,43.08]]],[[[9.32,45.17],[9.4,44.45],[8.34,45.1],[8.58,45.56],[7.92,45.96],[8.32,46.41],[8.9,45.89],[9.39,46.22],[9.31,45.69],[10.45,45.17],[9.32,45.17]]],[[[4.4,46.09],[4.08,45.96],[3.99,46.28],[4.4,46.09]]],[[[5.82,47.86],[6.89,47.93],[6.99,47.27],[5.79,46.22],[5.37,46.35],[5.82,47.86]]],[[[6.12,51.51],[5.37,51.25],[5.06,50.45],[5.9,50.38],[5.71,51.11],[6.04,51.31],[6.07,50.45],[6.4,50.51],[6.07,50.25],[6.58,50.11],[6.36,49.25],[5.86,49.25],[5.93,49.58],[5.35,49.32],[4.82,50.05],[1.87,50.38],[2.07,51.11],[3.75,51.45],[3.4,51.65],[4.22,52.18],[4.69,53.19],[5.06,52.65],[5.54,53.39],[6.74,53.53],[7.18,53.26],[6.68,52.65],[6.95,52.25],[5.94,51.71],[6.12,51.51]]]]}},{"type":"Feature","properties":{"n":"Mali Empire","f":1564,"t":1594,"w":"Q184536"},"geometry":{"type":"Polygon","coordinates":[[[-7.19,10.19],[-8.06,9.54],[-9.23,9.54],[-10.19,10.12],[-10.58,12.5],[-10.0,13.14],[-7.14,12.63],[-6.47,12.05],[-7.19,10.19]]]}},{"type":"Feature","properties":{"n":"Warring States Japan","f":1564,"t":1571,"w":"Q204023"},"geometry":{"type":"MultiPolygon","coordinates":[[[[130.72,30.44],[130.62,30.18],[130.36,30.31],[130.72,30.44]]],[[[131.02,30.44],[130.82,30.5],[130.92,30.76],[131.17,30.82],[131.02,30.44]]],[[[130.61,32.56],[130.57,32.81],[130.25,33.14],[130.33,32.62],[129.79,32.62],[129.6,33.39],[132.69,35.52],[136.04,35.71],[135.9,36.03],[136.71,36.8],[136.72,37.38],[137.37,37.58],[136.96,37.13],[137.25,36.8],[139.39,38.22],[140.04,39.51],[139.66,39.9],[139.99,40.29],[139.77,40.55],[140.34,41.26],[141.54,41.39],[141.44,40.68],[142.09,39.64],[141.51,38.35],[140.92,38.03],[141.13,37.32],[140.61,36.42],[140.91,35.84],[140.41,35.19],[139.7,34.87],[140.03,35.64],[139.72,35.19],[139.21,35.26],[138.95,34.61],[138.8,35.07],[138.26,34.61],[137.07,34.55],[137.24,34.74],[136.94,34.74],[136.73,34.94],[136.91,34.23],[136.45,34.23],[135.81,33.39],[135.07,33.78],[134.99,34.23],[135.44,34.68],[135.1,34.61],[134.22,33.26],[133.54,33.46],[133.03,32.69],[132.08,33.46],[132.88,34.16],[134.63,34.29],[134.85,34.74],[132.32,34.29],[132.19,33.84],[131.09,33.97],[131.05,33.71],[131.82,33.71],[131.64,33.33],[132.08,32.94],[131.41,31.4],[130.64,31.01],[130.14,31.27],[130.1,31.91],[130.61,32.56]],[[136.06,35.0],[135.95,35.39],[135.79,35.07],[136.06,35.0]],[[137.06,35.13],[136.96,34.94],[136.97,34.84],[137.06,35.13]]],[[[130.13,32.17],[129.93,32.24],[129.99,32.56],[130.53,32.56],[130.13,32.17]]],[[[128.77,32.56],[128.57,32.62],[128.65,32.81],[128.77,32.56]]],[[[129.82,33.71],[129.59,33.71],[129.73,33.84],[129.82,33.71]]],[[[129.31,34.1],[129.11,34.16],[129.4,34.29],[129.31,34.1]]],[[[129.43,34.36],[129.23,34.42],[129.29,34.55],[129.43,34.36]]],[[[138.61,38.09],[138.19,37.77],[138.14,37.96],[138.34,38.29],[138.61,38.09]]],[[[140.23,42.24],[140.94,41.78],[139.95,41.39],[139.9,42.11],[140.23,42.24]]]]}},{"type":"Feature","properties":{"n":"Kingdom of Sweden","f":1564,"t":1571,"w":"Q34"},"geometry":{"type":"MultiPolygon","coordinates":[[[[22.2,59.02],[22.84,59.09],[22.9,58.81],[22.2,59.02]]],[[[24.74,59.09],[23.67,59.22],[23.69,59.36],[24.81,59.57],[24.74,59.09]]],[[[20.17,60.42],[20.15,60.21],[19.68,60.14],[19.72,60.49],[20.17,60.42]]],[[[29.05,66.77],[30.31,65.81],[29.3,64.2],[29.91,62.55],[29.29,61.26],[30.0,60.63],[29.83,60.21],[28.99,60.14],[28.45,60.7],[23.03,59.85],[21.46,60.56],[21.5,61.69],[20.95,62.62],[21.5,63.34],[22.16,63.34],[24.56,64.93],[25.23,64.93],[25.23,65.52],[22.38,65.81],[22.44,65.52],[21.21,64.93],[21.54,64.42],[20.81,63.91],[17.39,62.47],[17.26,60.77],[18.61,60.42],[19.01,59.71],[18.35,59.43],[18.41,59.09],[16.66,58.46],[16.48,56.87],[17.13,57.42],[16.63,56.39],[13.46,56.59],[12.07,57.77],[11.92,59.92],[12.57,60.35],[12.31,60.98],[12.78,61.41],[12.14,61.76],[12.09,63.55],[12.76,64.06],[14.1,64.13],[13.64,64.71],[14.54,65.44],[14.57,66.11],[16.38,67.07],[16.23,67.59],[18.05,68.12],[18.09,68.57],[19.96,68.42],[20.24,69.03],[21.07,69.26],[22.78,68.65],[24.86,68.57],[25.63,68.95],[26.21,69.87],[28.16,70.02],[26.93,67.44],[29.05,66.77]]]]}},{"type":"Feature","properties":{"n":"Berar Sultanate","f":1564,"t":1571,"w":"Q818666"},"geometry":{"type":"Polygon","coordinates":[[[80.69,19.7],[80.36,18.8],[79.25,19.38],[76.86,19.25],[75.7,20.73],[76.69,21.63],[77.75,21.76],[78.53,21.44],[78.74,20.09],[80.69,19.7]]]}},{"type":"Feature","properties":{"n":"Kingdom of France","f":1564,"t":1571,"w":"Q207162"},"geometry":{"type":"MultiPolygon","coordinates":[[[[4.88,48.65],[5.87,48.85],[5.88,48.46],[5.38,48.52],[5.82,47.73],[5.37,46.35],[4.9,45.96],[2.98,46.81],[2.4,46.81],[2.35,46.35],[0.94,46.55],[1.21,46.09],[-0.16,44.65],[3.97,44.78],[4.85,45.1],[4.58,45.69],[5.48,45.69],[6.13,45.56],[7.46,44.39],[6.9,44.32],[6.91,43.54],[6.52,43.21],[3.85,43.6],[1.81,42.56],[1.87,42.89],[0.87,43.67],[0.64,43.41],[0.99,42.82],[0.52,42.69],[0.2,42.76],[0.32,43.34],[-1.68,43.28],[-1.03,45.5],[-1.25,46.28],[-2.01,46.61],[-2.58,47.47],[-4.42,47.8],[-4.89,48.32],[-4.6,48.72],[-3.46,48.92],[-1.6,48.65],[-2.03,49.78],[0.01,49.38],[0.22,49.85],[1.45,50.25],[1.5,50.91],[2.01,50.78],[2.13,50.25],[4.49,49.98],[4.88,48.65]]],[[[6.54,48.52],[6.79,48.46],[6.72,48.19],[6.54,48.52]]],[[[5.87,48.85],[6.03,48.92],[6.04,48.79],[5.87,48.85]]],[[[7.03,49.05],[6.62,48.85],[7.21,48.59],[5.86,48.99],[7.03,49.05]]],[[[5.7,48.99],[5.36,48.99],[5.35,49.32],[5.7,48.99]]]]}},{"type":"Feature","properties":{"n":"Kingdom of England","f":1564,"t":1578,"w":"Q179876"},"geometry":{"type":"MultiPolygon","coordinates":[[[[2.01,50.78],[1.58,50.91],[1.66,51.05],[2.07,51.11],[2.01,50.78]]],[[[-7.15,53.12],[-6.92,53.94],[-6.33,54.07],[-6.09,53.53],[-6.43,52.18],[-9.81,51.45],[-10.45,51.78],[-10.25,52.12],[-10.53,52.25],[-9.94,52.32],[-9.38,53.12],[-10.21,53.46],[-9.83,53.8],[-10.01,54.34],[-8.61,54.27],[-8.75,53.46],[-7.15,53.12]]],[[[0.3,53.39],[0.08,52.92],[1.09,53.06],[1.72,52.72],[1.59,52.12],[0.52,51.51],[1.38,51.38],[1.31,51.11],[0.49,50.78],[-1.37,50.85],[-1.18,50.58],[-3.13,50.71],[-3.58,50.25],[-5.75,50.05],[-4.2,51.31],[-3.09,51.25],[-2.95,51.45],[-4.91,51.58],[-5.22,52.05],[-4.16,52.45],[-4.3,52.92],[-4.79,52.79],[-4.49,53.12],[-4.7,53.46],[-3.15,53.46],[-2.97,54.14],[-3.59,54.27],[-3.65,54.82],[-2.56,55.23],[-2.11,55.91],[-1.29,54.68],[-0.67,54.61],[0.3,53.39]]],[[[-4.86,54.07],[-4.81,54.34],[-4.36,54.21],[-4.86,54.07]]],[[[-5.73,54.75],[-5.99,54.75],[-5.93,54.95],[-5.73,54.75]]]]}},{"type":"Feature","properties":{"n":"(Allegiance of Joseon to Ming Dynasty)","f":1564,"t":1571,"w":"Q28405"},"geometry":{"type":"MultiPolygon","coordinates":[[[[108.76,18.41],[108.7,19.38],[109.25,19.96],[110.91,20.15],[111.03,19.57],[109.86,18.35],[108.76,18.41]]],[[[121.98,29.99],[122.05,30.18],[122.27,30.18],[121.98,29.99]]],[[[124.04,40.87],[124.29,40.36],[125.99,40.94],[126.87,41.85],[128.22,41.46],[128.0,41.98],[129.7,42.5],[129.76,42.95],[130.74,42.5],[129.7,41.65],[129.76,40.87],[127.58,39.77],[127.44,39.26],[128.36,38.8],[129.47,37.25],[129.62,35.71],[129.15,35.07],[128.53,35.07],[128.68,34.74],[128.08,34.94],[127.38,34.42],[127.22,34.74],[126.12,34.36],[126.77,35.9],[126.05,36.8],[126.65,37.06],[126.6,37.58],[124.9,37.9],[125.39,39.38],[124.34,39.9],[121.03,38.74],[121.69,39.38],[121.28,39.64],[122.23,40.48],[121.82,40.87],[121.11,40.87],[118.99,39.19],[117.78,39.13],[117.77,38.35],[119.46,37.96],[119.16,37.19],[120.75,37.9],[122.71,37.45],[122.39,36.8],[120.98,36.61],[119.23,34.81],[120.34,34.36],[120.92,32.62],[121.96,31.98],[121.58,31.4],[121.9,30.82],[120.68,30.18],[121.48,30.31],[122.03,29.92],[122.0,29.41],[121.71,29.22],[121.59,29.54],[121.65,28.32],[121.12,28.32],[119.59,26.13],[119.53,25.62],[119.87,25.49],[119.27,25.49],[118.76,24.59],[118.15,24.52],[116.54,22.91],[114.64,22.72],[114.37,22.08],[113.6,22.72],[113.07,21.89],[110.42,21.18],[110.57,20.34],[110.03,20.21],[109.81,21.5],[107.24,21.69],[106.71,22.08],[106.71,22.91],[105.44,23.3],[103.96,22.53],[101.72,22.46],[101.81,21.18],[101.36,21.18],[100.76,22.98],[99.21,24.71],[98.79,27.35],[98.16,28.19],[98.87,28.32],[99.4,29.47],[99.61,28.25],[100.68,29.73],[101.87,33.52],[101.2,33.78],[101.69,34.1],[100.85,34.55],[102.03,34.61],[101.71,35.0],[102.92,36.35],[102.1,37.77],[101.7,37.58],[99.9,38.87],[100.5,39.71],[101.18,39.64],[101.17,39.26],[102.09,38.87],[103.12,39.06],[102.79,38.48],[104.54,37.64],[106.16,37.96],[107.33,39.64],[107.65,39.32],[107.29,38.55],[108.84,37.84],[109.53,37.96],[110.42,39.51],[113.32,40.55],[114.68,40.42],[116.61,41.2],[117.34,40.94],[117.37,40.42],[118.42,40.61],[119.36,40.03],[121.45,41.59],[121.93,41.72],[122.01,41.33],[122.41,41.33],[123.7,42.89],[124.66,42.76],[124.21,42.04],[124.56,41.46],[124.04,40.87]]],[[[127.0,33.59],[126.14,33.2],[126.36,33.52],[127.0,33.59]]]]}},{"type":"Feature","properties":{"n":"Rajahnate of Cebu","f":1564,"t":1571,"w":"Q4401071"},"geometry":{"type":"Polygon","coordinates":[[[123.89,11.21],[124.11,11.28],[124.0,10.25],[123.27,9.61],[123.89,11.21]]]}},{"type":"Feature","properties":{"n":"Tondo","f":1564,"t":1571,"w":"Q1642472"},"geometry":{"type":"Polygon","coordinates":[[[120.51,15.01],[121.37,14.88],[120.62,14.75],[120.64,14.43],[120.24,14.69],[120.51,15.01]]]}},{"type":"Feature","properties":{"n":"Holy Roman Empire Minor States","f":1564,"t":1571,"w":"Q12548"},"geometry":{"type":"MultiPolygon","coordinates":[[[[8.11,43.99],[7.71,44.12],[8.5,45.04],[8.75,44.97],[8.11,43.99]]],[[[6.83,47.14],[7.08,46.94],[6.51,46.87],[6.83,47.14]]],[[[4.94,49.18],[4.49,50.05],[4.82,50.05],[5.18,49.58],[4.94,49.18]]],[[[9.4,44.45],[9.32,45.17],[10.45,45.04],[10.62,45.43],[11.59,44.91],[10.7,43.8],[9.4,44.45]]],[[[11.99,44.65],[11.75,44.84],[11.83,44.97],[12.24,44.97],[11.99,44.65]]],[[[11.52,46.61],[12.09,46.68],[11.02,45.76],[10.45,45.89],[10.53,46.55],[11.52,46.61]]],[[[9.54,47.2],[9.63,47.14],[9.46,47.14],[9.54,47.2]]],[[[13.0,47.53],[13.18,48.06],[13.74,47.07],[12.18,47.07],[12.51,47.66],[13.0,47.53]]],[[[13.36,48.99],[14.1,48.65],[13.85,48.46],[13.27,48.59],[13.36,48.99]]],[[[12.8,50.65],[12.63,50.65],[12.55,50.91],[12.8,50.65]]],[[[7.89,47.66],[7.56,47.53],[7.47,48.06],[7.06,47.93],[7.03,48.99],[7.53,49.12],[6.69,49.32],[7.69,49.38],[8.11,48.99],[8.78,49.25],[8.61,49.45],[7.76,49.91],[7.6,49.58],[6.35,49.58],[6.58,50.11],[6.07,50.25],[6.4,50.51],[6.07,50.45],[6.04,51.31],[5.71,51.11],[5.9,50.38],[5.06,50.45],[5.37,51.25],[6.12,51.51],[6.02,51.92],[6.95,52.25],[6.68,52.65],[7.02,52.72],[7.08,53.73],[10.36,53.66],[10.53,54.0],[13.41,54.75],[13.74,54.27],[13.3,54.21],[14.5,53.73],[15.04,54.21],[18.02,54.89],[17.08,53.6],[15.98,54.07],[16.05,53.66],[14.65,53.06],[13.9,53.73],[13.2,53.33],[11.31,53.46],[11.13,52.52],[12.33,52.79],[12.4,51.71],[11.63,51.25],[10.61,51.38],[10.1,51.25],[11.88,50.98],[12.05,51.31],[12.55,50.91],[11.79,50.85],[12.21,50.78],[12.12,50.18],[11.2,49.78],[10.94,48.85],[10.03,49.12],[10.53,48.26],[10.12,48.06],[10.53,48.19],[10.61,47.6],[10.12,47.33],[9.04,47.73],[9.29,47.99],[8.47,47.6],[8.22,47.66],[8.21,47.99],[8.21,48.26],[7.71,48.32],[7.89,47.66]],[[8.46,47.99],[8.38,48.13],[8.21,47.99],[8.46,47.99]],[[11.38,51.51],[11.46,51.65],[10.87,51.65],[11.38,51.51]],[[10.2,48.46],[10.11,48.46],[10.11,48.32],[10.2,48.46]],[[9.95,48.46],[9.45,48.46],[9.45,48.19],[9.95,48.46]],[[9.54,47.86],[9.54,47.99],[9.37,47.93],[9.54,47.86]],[[9.2,48.32],[9.2,48.26],[9.37,48.26],[9.2,48.32]],[[8.71,48.19],[8.79,48.32],[8.54,48.32],[8.71,48.19]],[[9.04,48.19],[9.04,48.26],[8.87,48.32],[9.04,48.19]],[[8.71,47.99],[8.63,47.99],[8.79,47.86],[8.71,47.99]],[[8.62,48.65],[8.53,48.59],[8.62,48.52],[8.62,48.65]],[[8.45,48.39],[8.21,48.39],[8.29,48.32],[8.45,48.39]],[[8.29,48.59],[8.37,48.46],[8.45,48.59],[8.29,48.59]]],[[[12.9,51.45],[12.9,51.31],[12.64,51.38],[12.9,51.45]]],[[[25.9,56.46],[23.84,56.94],[24.57,58.53],[24.28,59.02],[24.74,59.09],[24.9,59.57],[26.18,59.64],[25.47,58.53],[26.58,57.49],[27.7,57.28],[28.12,56.59],[28.15,56.18],[27.47,55.77],[26.5,55.7],[25.9,56.46]]],[[[22.03,58.25],[22.79,58.67],[22.93,58.32],[22.08,57.9],[22.03,58.25]]],[[[23.88,58.74],[23.67,58.46],[23.42,58.67],[23.88,58.74]]]]}},{"type":"Feature","properties":{"n":"House of Bourbon","f":1564,"t":1587,"w":"Q58389"},"geometry":{"type":"MultiPolygon","coordinates":[[[[0.32,43.34],[0.35,42.89],[-1.43,43.08],[-1.05,43.41],[0.32,43.34]]],[[[0.64,43.41],[1.28,43.54],[1.73,42.63],[0.99,42.82],[0.64,43.41]]],[[[4.58,45.69],[4.85,45.1],[3.97,44.78],[-0.16,44.65],[1.21,46.09],[0.94,46.55],[2.35,46.35],[2.4,46.81],[2.98,46.81],[3.73,46.55],[4.08,45.96],[5.06,45.89],[4.58,45.69]]]]}},{"type":"Feature","properties":{"n":"Principality of Orange","f":1564,"t":1571,"w":"Q2281221"},"geometry":{"type":"Polygon","coordinates":[[[5.04,44.19],[4.8,44.12],[4.96,44.25],[5.04,44.19]]]}},{"type":"Feature","properties":{"n":"Ming Dynasty","f":1564,"t":1578,"w":"Q9903"},"geometry":{"type":"MultiPolygon","coordinates":[[[[108.76,18.41],[108.7,19.38],[109.25,19.96],[110.91,20.15],[111.03,19.57],[109.86,18.35],[108.76,18.41]]],[[[122.28,29.99],[121.98,29.99],[122.05,30.18],[122.28,29.99]]],[[[124.04,40.87],[124.29,40.36],[124.73,40.42],[124.23,39.84],[121.03,38.74],[121.69,39.38],[121.28,39.64],[122.23,40.48],[121.11,40.87],[119.22,39.32],[117.78,39.13],[117.58,38.74],[118.07,38.16],[119.46,37.96],[119.16,37.19],[120.75,37.9],[122.71,37.45],[122.39,36.8],[120.98,36.61],[119.23,34.81],[120.34,34.36],[120.92,32.62],[121.96,31.98],[121.58,31.4],[121.9,30.82],[120.68,30.18],[121.48,30.31],[122.03,29.92],[122.0,29.41],[121.71,29.22],[121.59,29.54],[121.65,28.32],[121.12,28.32],[119.59,26.13],[119.53,25.62],[119.87,25.49],[119.27,25.49],[118.76,24.59],[118.15,24.52],[116.54,22.91],[114.64,22.72],[114.37,22.08],[113.6,22.72],[113.07,21.89],[110.42,21.18],[110.57,20.34],[110.03,20.21],[109.81,21.5],[107.24,21.69],[106.71,22.08],[106.71,22.91],[105.44,23.3],[103.96,22.53],[101.72,22.46],[101.81,21.18],[101.36,21.18],[100.76,22.98],[99.21,24.71],[98.79,27.35],[98.16,28.19],[98.87,28.32],[99.4,29.47],[99.61,28.25],[100.68,29.73],[101.87,33.52],[101.2,33.78],[101.69,34.1],[100.85,34.55],[102.03,34.61],[101.71,35.0],[102.92,36.35],[102.1,37.77],[101.7,37.58],[99.9,38.87],[100.5,39.71],[101.18,39.64],[101.17,39.26],[102.09,38.87],[103.12,39.06],[102.79,38.48],[104.54,37.64],[106.16,37.96],[107.33,39.64],[107.65,39.32],[107.29,38.55],[108.84,37.84],[109.53,37.96],[110.42,39.51],[113.32,40.55],[114.68,40.42],[116.61,41.2],[117.34,40.94],[117.37,40.42],[118.42,40.61],[119.36,40.03],[121.45,41.59],[121.93,41.72],[122.01,41.33],[122.41,41.33],[123.7,42.89],[124.66,42.76],[124.21,42.04],[124.04,40.87]]]]}},{"type":"Feature","properties":{"n":"Ashikaga Shogunate","f":1564,"t":1571,"w":"Q1154406"},"geometry":{"type":"Polygon","coordinates":[[[135.76,35.0],[135.95,35.39],[136.13,35.13],[135.76,35.0]]]}},{"type":"Feature","properties":{"n":"Ayutthaya Kingdom","f":1564,"t":1571,"w":"Q841364"},"geometry":{"type":"Polygon","coordinates":[[[102.22,11.99],[101.79,12.69],[100.83,12.63],[100.99,13.46],[100.1,13.4],[100.03,12.05],[99.21,10.31],[99.27,9.29],[99.93,9.29],[100.51,7.16],[101.51,6.91],[102.06,6.33],[101.88,5.75],[101.14,5.62],[100.68,6.46],[99.61,6.84],[98.62,8.32],[98.21,7.74],[98.76,11.73],[98.23,14.94],[98.93,16.36],[97.8,17.71],[98.64,18.41],[99.58,18.29],[100.75,19.12],[100.66,19.51],[101.18,19.57],[101.4,19.06],[101.02,17.51],[101.87,16.81],[103.23,16.55],[103.05,15.78],[103.61,14.49],[102.39,13.53],[102.74,12.05],[102.22,11.99]]]}},{"type":"Feature","properties":{"n":"Spanish Empire","f":1564,"t":1571,"w":"Q80702"},"geometry":{"type":"MultiPolygon","coordinates":[[[[-75.27,-10.84],[-75.34,-10.84],[-75.34,-10.77],[-75.27,-10.84]]],[[[-105.29,23.11],[-104.86,22.85],[-104.99,22.4],[-104.34,22.14],[-103.91,22.59],[-103.8,22.08],[-103.57,22.4],[-103.48,21.95],[-103.15,22.14],[-102.12,21.11],[-101.54,21.56],[-100.51,20.86],[-99.91,21.18],[-98.42,20.79],[-98.35,21.18],[-97.35,21.37],[-95.77,18.8],[-94.48,18.22],[-92.5,18.74],[-91.5,18.48],[-90.48,19.89],[-90.32,21.11],[-86.92,21.63],[-86.66,20.99],[-87.35,20.21],[-87.7,18.29],[-87.99,18.74],[-89.17,17.77],[-90.57,17.77],[-90.6,16.55],[-90.38,16.04],[-89.54,15.84],[-85.88,15.97],[-85.69,15.07],[-84.58,14.43],[-84.94,13.72],[-84.42,11.34],[-83.58,10.96],[-82.21,9.03],[-81.03,8.84],[-79.69,9.61],[-78.96,9.61],[-77.99,9.29],[-76.83,8.19],[-76.93,8.64],[-75.66,9.48],[-75.58,10.51],[-74.96,11.15],[-74.36,10.89],[-74.17,11.34],[-73.15,11.41],[-71.84,12.44],[-71.1,12.31],[-71.28,11.79],[-71.92,11.6],[-71.65,10.83],[-69.73,11.66],[-69.14,11.54],[-70.84,10.7],[-70.4,9.54],[-70.73,8.9],[-72.04,8.77],[-72.92,7.16],[-73.16,5.69],[-74.15,4.59],[-74.35,3.89],[-75.79,2.21],[-76.3,1.31],[-76.81,0.41],[-77.87,-3.25],[-77.69,-6.27],[-76.34,-8.39],[-75.17,-11.35],[-73.45,-12.64],[-73.75,-12.76],[-73.59,-13.41],[-73.06,-13.21],[-73.17,-12.76],[-71.74,-13.15],[-70.67,-12.76],[-68.37,-13.28],[-65.67,-14.89],[-63.8,-15.34],[-62.48,-16.75],[-63.18,-20.61],[-64.08,-22.86],[-65.06,-23.95],[-67.12,-31.02],[-68.47,-33.66],[-70.48,-35.39],[-71.61,-39.59],[-73.75,-41.66],[-74.09,-41.53],[-73.98,-40.36],[-73.37,-39.46],[-73.84,-37.46],[-73.33,-37.13],[-72.42,-35.2],[-71.63,-32.69],[-71.94,-30.83],[-70.57,-25.17],[-70.53,-23.63],[-70.81,-23.5],[-70.27,-21.96],[-70.26,-19.84],[-70.44,-18.42],[-71.62,-17.33],[-75.22,-15.53],[-76.08,-14.69],[-76.46,-14.18],[-76.38,-13.41],[-77.8,-11.35],[-78.98,-8.46],[-79.98,-6.91],[-81.33,-6.14],[-81.01,-5.63],[-81.47,-4.41],[-80.05,-3.12],[-81.12,-2.29],[-81.03,-0.94],[-80.16,0.22],[-80.23,0.86],[-79.06,1.25],[-78.78,2.34],[-77.91,2.6],[-77.26,3.63],[-77.56,4.08],[-77.41,6.52],[-78.5,7.94],[-78.23,8.45],[-79.64,8.9],[-80.41,8.26],[-80.0,7.42],[-80.94,7.16],[-81.05,7.87],[-81.47,7.61],[-81.94,8.19],[-83.71,8.45],[-83.67,9.09],[-84.83,9.99],[-85.24,9.61],[-85.78,9.99],[-85.72,11.09],[-87.55,12.69],[-87.47,13.34],[-88.85,13.21],[-91.35,13.91],[-94.77,16.36],[-96.73,15.65],[-101.11,17.26],[-101.9,17.96],[-103.43,18.29],[-105.33,19.7],[-105.63,20.47],[-105.13,21.31],[-105.7,22.59],[-108.04,24.91],[-107.32,24.71],[-105.34,22.66],[-105.29,23.11]]],[[[-76.3,1.25],[-76.3,1.31],[-76.22,1.31],[-76.3,1.25]]],[[[-75.14,2.86],[-75.14,2.92],[-75.07,2.92],[-75.14,2.86]]],[[[-81.61,7.36],[-81.9,7.36],[-81.91,7.61],[-81.61,7.36]]],[[[-79.03,8.32],[-78.96,8.45],[-78.81,8.45],[-79.03,8.32]]],[[[-68.95,12.05],[-69.12,12.37],[-68.74,12.18],[-68.95,12.05]]],[[[-68.16,12.24],[-68.15,12.05],[-68.29,12.05],[-68.16,12.24]]],[[[-69.93,12.37],[-70.02,12.56],[-69.87,12.56],[-69.93,12.37]]],[[[-77.74,17.84],[-78.39,18.29],[-77.01,18.48],[-76.12,17.9],[-77.74,17.84]]],[[[-69.49,19.12],[-68.58,18.99],[-68.29,18.41],[-70.72,18.35],[-71.28,17.58],[-72.1,18.22],[-74.4,18.29],[-74.24,18.74],[-72.3,18.61],[-72.79,19.51],[-73.41,19.64],[-73.23,19.96],[-70.78,19.96],[-69.08,19.38],[-69.49,19.12]]],[[[-73.3,18.86],[-73.32,18.99],[-72.79,18.93],[-72.68,18.67],[-73.3,18.86]]],[[[-86.7,20.34],[-86.99,20.28],[-87.02,20.47],[-86.7,20.34]]],[[[-77.66,21.82],[-75.63,21.18],[-74.07,20.15],[-77.65,19.83],[-77.19,20.66],[-78.24,20.79],[-78.66,21.56],[-82.05,22.27],[-81.74,22.66],[-84.8,21.82],[-84.0,22.79],[-82.29,23.24],[-80.57,23.17],[-79.25,22.46],[-77.64,22.14],[-77.66,21.82]]],[[[-82.49,21.82],[-82.5,21.44],[-82.95,21.44],[-83.04,21.95],[-82.49,21.82]]],[[[-78.42,22.4],[-78.6,22.53],[-78.23,22.59],[-78.42,22.4]]],[[[-57.5,-24.34],[-57.0,-24.47],[-58.31,-26.59],[-58.82,-26.52],[-57.5,-24.34]]],[[[-63.42,10.19],[-63.42,10.25],[-63.35,10.25],[-63.42,10.19]]],[[[-61.0,10.06],[-61.73,10.06],[-61.55,10.83],[-60.89,10.83],[-61.0,10.06]]],[[[-61.91,10.76],[-64.37,10.12],[-64.03,10.7],[-61.91,10.76]]],[[[-63.76,10.96],[-64.26,10.89],[-64.35,11.09],[-63.76,10.96]]],[[[-65.72,17.96],[-66.23,17.9],[-67.12,17.96],[-67.26,18.48],[-65.55,18.41],[-65.72,17.96]]],[[[-17.85,27.87],[-17.9,27.61],[-18.06,27.67],[-17.85,27.87]]],[[[-15.36,27.8],[-15.73,27.74],[-15.76,28.19],[-15.3,28.12],[-15.36,27.8]]],[[[-17.35,28.19],[-17.12,28.25],[-17.03,28.06],[-17.35,28.19]]],[[[-16.65,27.93],[-16.91,28.38],[-16.09,28.57],[-16.65,27.93]]],[[[-14.07,28.7],[-13.77,28.77],[-13.81,28.25],[-14.32,28.06],[-14.07,28.7]]],[[[-18.0,28.83],[-17.71,28.89],[-17.67,28.51],[-18.0,28.83]]],[[[-13.65,29.22],[-13.42,29.22],[-13.47,28.89],[-13.85,28.83],[-13.65,29.22]]],[[[-2.98,35.26],[-2.99,35.45],[-2.84,35.45],[-2.98,35.26]]],[[[-0.53,35.71],[-0.45,35.58],[-0.67,35.45],[-0.91,35.64],[-0.53,35.71]]]]}},{"type":"Feature","properties":{"n":"Vijayanagara Empire","f":1564,"t":1571,"w":"Q167639"},"geometry":{"type":"MultiPolygon","coordinates":[[[[76.33,9.29],[76.58,9.8],[75.9,10.57],[75.88,11.34],[74.75,12.82],[74.82,15.33],[76.96,15.39],[77.45,15.84],[78.41,15.91],[78.47,16.49],[80.34,16.74],[80.94,16.16],[80.1,15.2],[80.3,12.63],[79.84,11.39],[79.0,10.97],[77.66,11.2],[77.14,8.13],[76.33,9.29]]],[[[78.98,10.03],[78.7,10.37],[78.73,10.75],[78.98,10.03]]]]}},{"type":"Feature","properties":{"n":"Lan Xang","f":1564,"t":1571,"w":"Q853477"},"geometry":{"type":"Polygon","coordinates":[[[104.5,20.41],[104.95,19.96],[103.96,19.31],[105.25,18.61],[106.69,16.49],[107.5,16.04],[107.3,15.65],[107.69,15.33],[107.51,14.56],[106.17,14.43],[106.03,13.91],[104.92,14.43],[103.81,14.36],[103.29,14.81],[103.23,16.55],[101.87,16.81],[101.02,17.51],[101.4,19.06],[101.18,19.57],[100.46,19.7],[100.6,20.09],[100.15,20.54],[101.18,21.44],[101.81,21.18],[101.72,22.46],[102.58,22.72],[103.77,22.72],[104.82,20.99],[104.5,20.41]]]}},{"type":"Feature","properties":{"n":"(Kingdom of England)","f":1564,"t":1578,"w":"Q179876"},"geometry":{"type":"MultiPolygon","coordinates":[[[[2.01,50.78],[1.58,50.91],[1.66,51.05],[2.07,51.11],[2.01,50.78]]],[[[-7.15,53.12],[-6.92,53.94],[-6.33,54.07],[-6.09,53.53],[-6.43,52.18],[-9.81,51.45],[-10.45,51.78],[-10.25,52.12],[-10.53,52.25],[-9.94,52.32],[-9.38,53.12],[-10.21,53.46],[-9.83,53.8],[-10.01,54.34],[-8.61,54.27],[-8.75,53.46],[-7.15,53.12]]],[[[0.3,53.39],[0.08,52.92],[1.09,53.06],[1.72,52.72],[1.59,52.12],[0.52,51.51],[1.38,51.38],[1.31,51.11],[0.49,50.78],[-1.37,50.85],[-1.18,50.58],[-3.13,50.71],[-3.58,50.25],[-5.75,50.05],[-4.2,51.31],[-3.09,51.25],[-2.95,51.45],[-4.91,51.58],[-5.22,52.05],[-4.16,52.45],[-4.3,52.92],[-4.79,52.79],[-4.49,53.12],[-4.7,53.46],[-3.15,53.46],[-2.97,54.14],[-3.59,54.27],[-3.65,54.82],[-2.56,55.23],[-2.11,55.91],[-1.29,54.68],[-0.67,54.61],[0.3,53.39]]],[[[-4.86,54.07],[-4.81,54.34],[-4.36,54.21],[-4.86,54.07]]],[[[-5.73,54.75],[-5.99,54.75],[-5.93,54.95],[-5.73,54.75]]]]}},{"type":"Feature","properties":{"n":"(Portuguese Empire)","f":1564,"t":1571,"w":"Q200464"},"geometry":{"type":"MultiPolygon","coordinates":[[[[-46.01,-23.82],[-46.89,-24.27],[-47.39,-23.44],[-46.47,-23.24],[-46.01,-23.82]]],[[[-37.24,-11.09],[-38.13,-12.83],[-39.03,-13.28],[-39.02,-16.43],[-39.77,-18.36],[-39.8,-19.58],[-40.88,-20.93],[-41.14,-22.15],[-42.23,-22.6],[-40.23,-18.55],[-39.53,-11.67],[-38.38,-10.39],[-36.68,-9.94],[-36.36,-6.79],[-36.68,-5.11],[-35.3,-5.44],[-34.84,-7.49],[-35.26,-9.1],[-37.24,-11.09]]],[[[-16.58,12.18],[-16.66,12.37],[-15.93,12.37],[-16.58,12.18]]],[[[-24.45,15.07],[-24.23,15.07],[-24.29,14.75],[-24.45,15.07]]],[[[-23.73,15.33],[-23.58,15.33],[-23.41,14.88],[-23.78,14.94],[-23.73,15.33]]],[[[-23.28,15.26],[-23.06,15.33],[-22.99,15.2],[-23.28,15.26]]],[[[-22.65,15.97],[-22.94,15.97],[-22.88,16.23],[-22.65,15.97]]],[[[-24.08,16.68],[-24.08,16.55],[-24.37,16.49],[-24.08,16.68]]],[[[-22.83,16.68],[-22.98,16.68],[-22.98,16.81],[-22.83,16.68]]],[[[-25.29,17.19],[-24.99,17.26],[-24.82,16.74],[-25.29,17.19]]],[[[-16.79,32.88],[-16.69,32.69],[-17.07,32.62],[-16.79,32.88]]],[[[-8.73,32.62],[-9.05,32.81],[-8.7,33.2],[-8.45,32.94],[-8.73,32.62]]],[[[-5.71,35.58],[-6.0,35.39],[-5.88,35.77],[-5.24,35.58],[-5.71,35.58]]],[[[-25.7,37.71],[-25.9,37.96],[-25.11,37.9],[-25.7,37.71]]],[[[-28.08,38.35],[-28.85,38.67],[-28.27,38.55],[-28.08,38.35]]],[[[-28.15,38.74],[-27.89,38.61],[-28.04,38.55],[-28.15,38.74]]],[[[-27.36,38.67],[-27.39,38.87],[-27.08,38.87],[-27.36,38.67]]],[[[-8.82,38.48],[-9.21,38.42],[-9.57,38.93],[-8.73,40.74],[-8.93,41.91],[-6.7,41.98],[-6.25,41.46],[-6.93,41.0],[-6.9,39.77],[-7.44,39.64],[-6.99,39.0],[-7.27,38.67],[-6.99,38.09],[-7.68,37.0],[-9.0,37.0],[-8.82,38.48]]],[[[35.03,-24.21],[34.93,-23.82],[35.38,-23.82],[35.03,-24.21]]],[[[34.54,-19.58],[34.71,-20.16],[34.34,-20.16],[34.54,-19.58]]],[[[37.26,-17.39],[37.7,-17.46],[37.63,-17.59],[37.26,-17.39]]],[[[40.75,-14.69],[40.55,-15.34],[40.17,-14.95],[40.75,-14.69]]],[[[39.82,-7.88],[39.53,-8.01],[39.52,-7.81],[39.82,-7.88]]],[[[39.49,-6.14],[39.43,-6.53],[39.06,-6.21],[39.12,-5.76],[39.49,-6.14]]],[[[39.77,-4.99],[39.7,-5.44],[39.55,-5.44],[39.77,-4.99]]],[[[6.67,0.41],[6.66,0.16],[6.38,0.03],[6.3,0.35],[6.67,0.41]]],[[[7.34,1.51],[7.19,1.51],[7.27,1.7],[7.34,1.51]]],[[[8.9,3.63],[8.68,3.18],[8.31,3.24],[8.54,3.76],[8.9,3.63]]],[[[-2.52,5.11],[-2.3,5.11],[-2.31,4.85],[-2.52,5.11]]],[[[-1.28,5.04],[-1.8,4.85],[-1.79,5.11],[-1.28,5.04]]],[[[72.93,20.47],[73.0,20.47],[72.99,20.41],[72.93,20.47]]],[[[71.26,20.86],[71.33,20.86],[71.33,20.79],[71.26,20.86]]],[[[58.54,23.11],[58.29,23.62],[58.81,23.62],[59.27,22.98],[58.54,23.11]]],[[[50.65,25.87],[50.43,25.94],[50.46,26.26],[50.65,25.87]]],[[[50.65,25.1],[51.12,26.13],[51.7,25.87],[51.41,24.33],[51.91,24.01],[54.08,24.14],[55.73,25.74],[56.02,24.84],[54.27,23.75],[51.88,23.69],[50.48,24.78],[49.67,25.87],[49.88,26.45],[48.55,27.48],[48.47,28.12],[47.47,29.34],[48.22,29.28],[48.87,27.67],[50.12,26.58],[50.65,25.1]]],[[[55.79,26.97],[56.32,27.03],[56.06,26.71],[55.31,26.71],[55.79,26.97]]],[[[123.82,-9.49],[123.81,-9.36],[124.38,-9.16],[124.33,-9.49],[123.82,-9.49]]],[[[125.71,-8.52],[125.52,-8.84],[125.13,-8.59],[125.71,-8.52]]],[[[122.79,-8.59],[122.78,-8.39],[123.0,-8.39],[122.79,-8.59]]],[[[128.24,-3.51],[128.25,-3.7],[127.81,-3.83],[128.24,-3.51]]],[[[102.1,3.05],[102.67,2.73],[102.42,2.02],[101.72,2.54],[102.1,3.05]]],[[[79.89,8.96],[81.4,8.51],[81.88,6.71],[81.34,6.14],[80.23,5.88],[79.76,6.65],[79.89,8.96]]],[[[76.23,9.93],[76.45,9.99],[76.56,9.41],[76.26,9.35],[76.23,9.93]]],[[[79.86,10.73],[79.85,10.83],[79.87,10.83],[79.86,10.73]]],[[[75.88,11.34],[75.93,10.96],[75.78,10.96],[75.59,11.34],[75.88,11.34]]],[[[75.43,12.18],[75.34,11.92],[75.27,11.92],[75.43,12.18]]],[[[80.38,13.46],[80.41,13.08],[80.13,13.21],[80.38,13.46]]],[[[74.52,15.26],[74.55,14.81],[74.24,14.62],[73.8,15.39],[74.52,15.26]]],[[[72.99,18.99],[72.84,18.99],[72.87,19.31],[72.99,18.99]]],[[[72.9,20.21],[73.19,20.15],[73.18,20.09],[72.9,20.21]]],[[[113.45,22.34],[113.69,22.4],[113.64,22.14],[113.45,22.34]]]]}},{"type":"Feature","properties":{"n":"Songhai Empire","f":1564,"t":1594,"w":"Q202687"},"geometry":{"type":"MultiPolygon","coordinates":[[[[-6.33,12.11],[-6.33,12.18],[-6.25,12.18],[-6.33,12.11]]],[[[1.65,14.62],[0.26,14.43],[-0.71,15.65],[-2.85,15.97],[-3.65,15.26],[-4.36,13.72],[-5.96,12.31],[-6.18,12.31],[-6.33,12.18],[-6.4,12.11],[-7.14,12.63],[-11.55,13.46],[-13.81,12.95],[-16.82,13.08],[-16.55,13.91],[-14.2,13.79],[-14.5,14.24],[-14.09,15.2],[-10.91,17.19],[-0.44,18.03],[0.44,17.84],[1.27,16.87],[1.65,14.62]]]]}},{"type":"Feature","properties":{"n":"Itza Mayans","f":1564,"t":1669,"w":"Q606377"},"geometry":{"type":"MultiPolygon","coordinates":[[[[-88.56,17.19],[-88.57,17.26],[-88.5,17.26],[-88.56,17.19]]],[[[-90.38,16.04],[-90.57,17.77],[-89.17,17.77],[-88.25,18.48],[-88.17,17.51],[-88.55,17.58],[-88.42,17.26],[-88.58,17.32],[-90.38,16.04]]]]}},{"type":"Feature","properties":{"n":"Namayan","f":1564,"t":1571,"w":"Q4401026"},"geometry":{"type":"Polygon","coordinates":[[[121.28,14.75],[121.21,14.3],[121.09,14.49],[121.28,14.75]]]}},{"type":"Feature","properties":{"n":"Berar Sultanate","f":1572,"t":1578,"w":"Q818666"},"geometry":{"type":"Polygon","coordinates":[[[80.69,19.7],[80.36,18.8],[79.25,19.38],[76.86,19.25],[75.7,20.73],[76.69,21.63],[77.75,21.76],[78.53,21.44],[78.74,20.09],[80.69,19.7]]]}},{"type":"Feature","properties":{"n":"Kingdom of Sweden","f":1572,"t":1587,"w":"Q34"},"geometry":{"type":"MultiPolygon","coordinates":[[[[22.2,59.02],[22.84,59.09],[22.9,58.81],[22.2,59.02]]],[[[24.55,59.02],[23.67,59.22],[24.16,59.5],[24.9,59.57],[24.55,59.02]]],[[[20.17,60.42],[20.15,60.21],[19.68,60.14],[19.72,60.49],[20.17,60.42]]],[[[29.05,66.77],[30.31,65.81],[29.3,64.2],[29.91,62.55],[29.29,61.26],[30.0,60.63],[29.83,60.21],[28.99,60.14],[28.45,60.7],[23.03,59.85],[21.46,60.56],[21.5,61.69],[20.95,62.62],[21.5,63.34],[22.16,63.34],[24.56,64.93],[25.23,64.93],[25.23,65.52],[22.38,65.81],[22.44,65.52],[21.21,64.93],[21.54,64.42],[20.81,63.91],[17.39,62.47],[17.26,60.77],[18.61,60.42],[19.01,59.71],[18.35,59.43],[18.41,59.09],[16.66,58.46],[16.48,56.87],[17.13,57.42],[16.63,56.39],[13.46,56.59],[12.33,57.77],[11.71,57.7],[12.16,58.18],[11.92,59.92],[12.57,60.35],[12.31,60.98],[12.78,61.19],[12.51,61.69],[14.74,61.69],[15.23,62.19],[14.69,62.62],[16.59,63.12],[15.49,63.7],[16.48,64.35],[14.34,65.22],[14.57,66.11],[16.38,67.07],[16.23,67.59],[18.05,68.12],[18.09,68.57],[19.96,68.42],[20.24,69.03],[21.07,69.26],[22.78,68.65],[24.86,68.57],[25.63,68.95],[26.21,69.87],[28.16,70.02],[26.93,67.44],[29.05,66.77]]]]}},{"type":"Feature","properties":{"n":"Nayaks of Madurai","f":1572,"t":1712,"w":"Q1530838"},"geometry":{"type":"Polygon","coordinates":[[[79.16,9.29],[78.42,9.12],[78.06,8.36],[77.15,8.25],[77.66,11.2],[78.61,11.07],[79.16,9.29]]]}},{"type":"Feature","properties":{"n":"Warring States Japan","f":1572,"t":1578,"w":"Q204023"},"geometry":{"type":"MultiPolygon","coordinates":[[[[130.62,30.18],[130.36,30.31],[130.44,30.5],[130.62,30.18]]],[[[131.02,30.44],[130.82,30.5],[130.92,30.76],[131.17,30.82],[131.02,30.44]]],[[[130.61,32.56],[130.57,32.81],[130.25,33.14],[130.33,32.62],[129.79,32.62],[129.6,33.39],[132.69,35.52],[136.04,35.71],[135.9,36.03],[136.71,36.8],[136.72,37.38],[137.37,37.58],[136.96,37.13],[137.25,36.8],[139.39,38.22],[140.04,39.51],[139.66,39.9],[139.99,40.29],[139.77,40.55],[140.34,41.26],[141.54,41.39],[141.44,40.68],[142.09,39.64],[141.51,38.35],[140.92,38.03],[141.13,37.32],[140.61,36.42],[140.91,35.84],[140.41,35.19],[139.7,34.87],[139.96,35.64],[139.72,35.19],[139.21,35.26],[138.95,34.61],[138.8,35.07],[138.26,34.61],[137.07,34.55],[137.24,34.74],[136.73,34.94],[136.91,34.23],[136.45,34.23],[135.66,33.39],[135.07,33.78],[134.99,34.23],[135.44,34.68],[135.1,34.61],[134.22,33.26],[133.54,33.46],[133.03,32.69],[132.08,33.46],[132.88,34.16],[133.51,34.04],[134.94,34.61],[132.32,34.29],[132.19,33.84],[131.09,33.97],[131.1,33.65],[131.82,33.71],[131.64,33.33],[132.09,33.14],[131.41,31.4],[130.64,31.01],[130.14,31.27],[130.1,31.91],[130.61,32.56]]],[[[130.13,32.17],[129.93,32.24],[129.99,32.56],[130.53,32.56],[130.13,32.17]]],[[[128.77,32.56],[128.57,32.62],[128.65,32.81],[128.77,32.56]]],[[[129.82,33.71],[129.59,33.71],[129.73,33.84],[129.82,33.71]]],[[[129.31,34.1],[129.11,34.16],[129.4,34.29],[129.31,34.1]]],[[[129.43,34.36],[129.23,34.42],[129.29,34.55],[129.43,34.36]]],[[[138.61,38.09],[138.19,37.77],[138.14,37.96],[138.34,38.29],[138.61,38.09]]],[[[140.23,42.24],[140.94,41.78],[139.95,41.39],[139.9,42.11],[140.23,42.24]]]]}},{"type":"Feature","properties":{"n":"Kingdom of Mysore","f":1572,"t":1672,"w":"Q266923"},"geometry":{"type":"Polygon","coordinates":[[[77.3,11.68],[76.29,11.67],[76.04,12.64],[77.55,12.49],[77.3,11.68]]]}},{"type":"Feature","properties":{"n":"Kingdom of France","f":1572,"t":1578,"w":"Q207162"},"geometry":{"type":"MultiPolygon","coordinates":[[[[4.88,48.65],[5.87,48.85],[5.88,48.46],[5.38,48.52],[5.82,47.73],[5.37,46.35],[4.9,45.96],[2.98,46.81],[2.4,46.81],[2.35,46.35],[0.94,46.55],[1.21,46.09],[-0.16,44.65],[3.97,44.78],[4.85,45.1],[4.58,45.69],[5.48,45.69],[6.13,45.56],[7.46,44.39],[6.9,44.32],[6.91,43.54],[6.52,43.21],[3.85,43.6],[1.81,42.56],[1.87,42.89],[0.87,43.67],[0.64,43.41],[0.99,42.82],[0.52,42.69],[0.2,42.76],[0.32,43.34],[-1.68,43.28],[-1.03,45.5],[-1.25,46.28],[-2.01,46.61],[-2.58,47.47],[-4.42,47.8],[-4.89,48.32],[-4.6,48.72],[-3.46,48.92],[-1.6,48.65],[-2.03,49.78],[0.01,49.38],[0.22,49.85],[1.45,50.25],[1.5,50.91],[2.01,50.78],[2.13,50.25],[4.49,49.98],[4.88,48.65]]],[[[6.54,48.52],[6.79,48.46],[6.72,48.19],[6.54,48.52]]],[[[5.87,48.85],[6.03,48.92],[6.04,48.79],[5.87,48.85]]],[[[7.03,49.05],[6.62,48.85],[7.21,48.59],[5.86,48.99],[7.03,49.05]]],[[[5.7,48.99],[5.36,48.99],[5.35,49.32],[5.7,48.99]]]]}},{"type":"Feature","properties":{"n":"Principality of Mingrelia","f":1572,"t":1578,"w":"Q2907860"},"geometry":{"type":"Polygon","coordinates":[[[42.39,42.04],[41.6,42.11],[41.33,42.89],[41.72,43.28],[43.44,43.02],[42.62,42.89],[42.39,42.04]]]}},{"type":"Feature","properties":{"n":"Holy Roman Empire Minor States","f":1572,"t":1578,"w":"Q12548"},"geometry":{"type":"MultiPolygon","coordinates":[[[[8.11,43.99],[7.71,44.12],[8.5,45.04],[8.75,44.97],[8.11,43.99]]],[[[6.83,47.14],[7.08,46.94],[6.51,46.87],[6.83,47.14]]],[[[9.4,44.45],[9.32,45.17],[10.45,45.04],[10.62,45.43],[11.59,44.91],[10.7,43.8],[9.4,44.45]]],[[[11.99,44.65],[11.75,44.84],[11.83,44.97],[12.24,44.97],[11.99,44.65]]],[[[11.52,46.61],[12.09,46.68],[11.02,45.76],[10.45,45.89],[10.53,46.55],[11.52,46.61]]],[[[9.54,47.2],[9.63,47.14],[9.46,47.14],[9.54,47.2]]],[[[13.0,47.53],[13.18,48.06],[13.74,47.07],[12.18,47.07],[12.51,47.66],[13.0,47.53]]],[[[13.36,48.99],[14.1,48.65],[13.85,48.46],[13.27,48.59],[13.36,48.99]]],[[[12.8,50.65],[12.63,50.65],[12.55,50.91],[12.8,50.65]]],[[[7.89,47.66],[7.56,47.53],[7.47,48.06],[7.06,47.93],[7.03,48.99],[7.53,49.12],[6.69,49.32],[7.69,49.38],[7.95,48.99],[8.78,49.25],[7.76,49.91],[7.6,49.58],[6.35,49.58],[6.58,50.11],[6.07,50.25],[6.4,50.51],[6.07,50.45],[6.04,51.31],[5.71,51.11],[5.9,50.38],[4.82,50.11],[5.18,49.58],[4.94,49.18],[4.49,49.98],[5.28,51.18],[6.12,51.51],[5.94,51.85],[6.95,52.25],[6.68,52.65],[7.02,52.72],[7.08,53.73],[10.36,53.66],[10.53,54.0],[13.41,54.75],[13.74,54.27],[13.3,54.21],[14.5,53.73],[15.04,54.21],[18.02,54.89],[17.08,53.6],[15.98,54.07],[16.05,53.66],[14.65,53.06],[13.9,53.73],[13.2,53.33],[11.31,53.46],[11.39,53.06],[10.79,52.99],[10.87,52.59],[11.55,52.38],[12.33,52.79],[12.4,51.71],[11.63,51.25],[10.61,51.38],[10.1,51.25],[11.88,50.98],[12.05,51.31],[12.55,50.91],[11.79,50.85],[12.21,50.78],[12.12,50.18],[11.2,49.78],[10.94,48.85],[10.03,49.12],[10.53,48.26],[10.12,48.06],[10.53,48.19],[10.61,47.6],[10.12,47.33],[9.04,47.73],[9.29,47.99],[8.47,47.6],[8.22,47.66],[8.21,47.99],[8.21,48.26],[7.71,48.32],[7.89,47.66]],[[8.46,47.99],[8.38,48.13],[8.21,47.99],[8.46,47.99]],[[11.38,51.51],[11.46,51.65],[10.87,51.65],[11.38,51.51]],[[10.2,48.46],[10.11,48.46],[10.11,48.32],[10.2,48.46]],[[9.95,48.46],[9.45,48.46],[9.45,48.19],[9.95,48.46]],[[9.54,47.86],[9.54,47.99],[9.37,47.93],[9.54,47.86]],[[9.2,48.32],[9.2,48.26],[9.37,48.26],[9.2,48.32]],[[8.71,48.19],[8.79,48.32],[8.54,48.32],[8.71,48.19]],[[9.04,48.19],[9.04,48.26],[8.87,48.32],[9.04,48.19]],[[8.71,47.99],[8.63,47.99],[8.79,47.86],[8.71,47.99]],[[8.62,48.65],[8.53,48.59],[8.62,48.52],[8.62,48.65]],[[8.45,48.39],[8.21,48.39],[8.29,48.32],[8.45,48.39]],[[8.29,48.59],[8.37,48.46],[8.45,48.59],[8.29,48.59]]],[[[12.9,51.45],[12.9,51.31],[12.64,51.38],[12.9,51.45]]],[[[24.52,57.42],[24.54,56.87],[23.84,56.94],[24.52,57.42]]]]}},{"type":"Feature","properties":{"n":"Kazakh Khanate","f":1572,"t":1587,"w":"Q1433867"},"geometry":{"type":"MultiPolygon","coordinates":[[[[53.08,45.96],[53.1,46.02],[53.18,46.02],[53.08,45.96]]],[[[57.96,51.65],[59.93,51.92],[61.79,54.0],[63.23,54.14],[65.27,53.46],[69.32,52.92],[73.43,53.26],[77.51,54.61],[76.57,53.19],[77.8,51.78],[79.43,50.98],[81.39,51.18],[83.88,50.78],[84.83,50.18],[83.77,49.58],[85.3,48.99],[85.64,48.32],[84.7,46.87],[83.04,47.01],[81.82,45.37],[79.95,44.97],[80.41,44.71],[80.79,43.28],[80.16,42.3],[78.39,42.89],[72.31,42.24],[68.28,40.36],[62.18,43.15],[60.88,44.45],[61.58,44.91],[61.72,45.37],[61.34,45.43],[61.25,45.96],[61.64,46.94],[60.12,46.81],[59.31,46.02],[58.64,45.96],[57.96,44.45],[58.34,43.47],[57.33,43.02],[52.74,42.63],[51.44,43.21],[51.07,44.06],[50.22,44.58],[51.42,44.52],[51.02,44.84],[51.47,45.37],[54.3,44.97],[54.29,45.56],[53.06,45.56],[53.35,46.35],[53.11,47.01],[52.11,46.94],[51.91,49.58],[52.45,52.18],[54.24,52.45],[57.96,51.65]]]]}},{"type":"Feature","properties":{"n":"Bijapur Sultanate","f":1572,"t":1618,"w":"Q83821"},"geometry":{"type":"Polygon","coordinates":[[[78.82,15.59],[77.72,14.88],[78.06,13.79],[77.1,13.72],[77.14,13.4],[76.14,13.66],[75.61,12.56],[74.76,12.95],[74.31,14.56],[74.52,15.26],[73.8,15.46],[73.42,16.04],[72.93,18.48],[74.22,18.74],[75.63,18.16],[76.55,18.41],[77.3,17.9],[77.45,16.55],[78.82,15.59]]]}},{"type":"Feature","properties":{"n":"Portuguese Empire","f":1572,"t":1581,"w":"Q200464"},"geometry":{"type":"Polygon","coordinates":[[[-35.26,-9.1],[-37.24,-11.09],[-38.13,-12.83],[-39.03,-13.28],[-39.28,-17.78],[-41.14,-22.15],[-41.91,-22.41],[-42.12,-22.99],[-44.74,-23.05],[-45.5,-23.89],[-46.09,-23.82],[-47.95,-24.98],[-48.82,-22.92],[-45.61,-22.86],[-43.38,-22.21],[-42.49,-21.51],[-40.02,-15.91],[-39.53,-11.67],[-38.38,-10.39],[-36.68,-9.94],[-36.36,-6.79],[-36.68,-5.11],[-35.59,-5.11],[-34.84,-7.49],[-35.26,-9.1]]]}},{"type":"Feature","properties":{"n":"Sultanate of Aceh","f":1572,"t":1608,"w":"Q1061057"},"geometry":{"type":"Polygon","coordinates":[[[98.24,4.53],[97.77,3.82],[97.92,2.21],[95.07,5.17],[95.24,5.69],[96.24,5.24],[97.48,5.3],[98.24,4.53]]]}},{"type":"Feature","properties":{"n":"Crimean Khanate","f":1572,"t":1578,"w":"Q160440"},"geometry":{"type":"MultiPolygon","coordinates":[[[[35.02,45.3],[36.38,45.17],[34.03,44.65],[32.61,45.5],[34.15,46.09],[35.02,45.3]]],[[[36.48,48.85],[36.57,48.85],[36.56,48.79],[36.48,48.85]]],[[[37.45,51.31],[36.06,50.25],[35.98,49.32],[36.08,48.92],[37.43,48.06],[39.21,47.4],[35.63,46.68],[34.74,46.15],[31.82,46.35],[33.69,46.87],[34.04,47.53],[35.03,47.53],[35.59,50.45],[36.77,51.31],[37.45,52.59],[37.0,55.63],[37.41,55.5],[37.97,54.14],[38.02,52.86],[37.45,51.31]]]]}},{"type":"Feature","properties":{"n":"Lan Xang","f":1572,"t":1578,"w":"Q853477"},"geometry":{"type":"Polygon","coordinates":[[[107.5,16.04],[107.3,15.65],[107.69,15.33],[107.51,14.56],[106.17,14.43],[106.03,13.91],[104.92,14.43],[103.81,14.36],[103.29,14.81],[103.23,16.55],[101.41,17.19],[102.81,17.64],[103.11,18.16],[101.13,18.29],[101.31,19.44],[100.52,19.57],[100.24,20.66],[101.18,21.44],[101.81,21.18],[101.72,22.46],[103.77,22.72],[104.73,21.37],[104.5,20.41],[104.98,20.15],[103.96,19.31],[105.12,18.74],[106.69,16.49],[107.5,16.04]]]}},{"type":"Feature","properties":{"n":"Spanish Empire","f":1572,"t":1578,"w":"Q80702"},"geometry":{"type":"MultiPolygon","coordinates":[[[[-75.34,-10.84],[-75.34,-10.77],[-75.27,-10.77],[-75.34,-10.84]]],[[[-104.86,22.85],[-104.99,22.4],[-104.11,22.14],[-103.91,22.59],[-103.8,22.08],[-103.57,22.4],[-103.48,21.95],[-103.15,22.14],[-102.12,21.11],[-101.54,21.56],[-100.51,20.86],[-99.91,21.18],[-98.42,20.79],[-98.35,21.18],[-97.35,21.37],[-95.77,18.8],[-94.48,18.22],[-92.5,18.74],[-91.5,18.48],[-90.48,19.89],[-90.32,21.11],[-86.92,21.63],[-86.66,20.99],[-87.35,20.21],[-87.7,18.29],[-87.99,18.74],[-89.17,17.77],[-90.57,17.77],[-90.6,16.55],[-90.38,16.04],[-89.54,15.84],[-85.88,15.97],[-85.69,15.07],[-84.58,14.43],[-84.94,13.72],[-84.42,11.34],[-83.58,10.96],[-82.21,9.03],[-81.03,8.84],[-79.69,9.61],[-78.96,9.61],[-77.99,9.29],[-76.83,8.19],[-76.93,8.64],[-75.66,9.48],[-75.58,10.51],[-74.96,11.15],[-74.36,10.89],[-74.17,11.34],[-73.15,11.41],[-71.84,12.44],[-71.1,12.31],[-71.28,11.79],[-71.92,11.6],[-71.65,10.83],[-69.66,11.66],[-68.46,11.34],[-68.19,10.51],[-66.37,10.7],[-65.09,10.06],[-64.03,10.7],[-61.91,10.76],[-61.98,10.57],[-63.28,10.38],[-64.64,9.74],[-68.96,9.93],[-70.54,9.48],[-71.23,8.64],[-72.04,8.77],[-72.92,7.16],[-73.16,5.69],[-76.15,1.7],[-77.54,-1.45],[-77.87,-3.25],[-77.69,-6.27],[-76.97,-7.88],[-76.34,-8.39],[-75.17,-11.35],[-73.45,-12.7],[-71.88,-13.15],[-70.67,-12.76],[-68.37,-13.28],[-65.67,-14.89],[-63.8,-15.34],[-62.48,-16.75],[-63.18,-20.61],[-64.08,-22.86],[-65.06,-23.95],[-67.12,-31.02],[-68.47,-33.66],[-70.48,-35.39],[-71.61,-39.59],[-72.91,-40.82],[-73.56,-42.11],[-74.34,-42.24],[-73.81,-41.79],[-74.13,-41.08],[-73.37,-39.46],[-73.84,-37.46],[-73.33,-37.13],[-72.42,-35.2],[-71.63,-32.69],[-71.94,-30.83],[-70.57,-25.17],[-70.53,-23.63],[-70.81,-23.5],[-70.27,-21.96],[-70.26,-19.84],[-70.44,-18.42],[-71.62,-17.33],[-75.22,-15.53],[-76.08,-14.69],[-76.46,-14.18],[-76.38,-13.41],[-77.8,-11.35],[-78.98,-8.46],[-79.98,-6.91],[-81.33,-6.14],[-81.01,-5.63],[-81.47,-4.41],[-80.05,-3.12],[-81.12,-2.29],[-81.03,-0.94],[-80.16,0.22],[-80.23,0.86],[-79.06,1.25],[-78.78,2.34],[-77.91,2.6],[-77.26,3.63],[-77.56,4.08],[-77.41,6.52],[-78.5,7.94],[-78.23,8.45],[-79.64,8.9],[-80.41,8.26],[-80.0,7.42],[-80.94,7.16],[-81.05,7.87],[-81.47,7.61],[-81.94,8.19],[-83.71,8.45],[-83.67,9.09],[-84.83,9.99],[-85.24,9.61],[-85.78,9.99],[-85.72,11.09],[-87.55,12.69],[-87.47,13.34],[-88.85,13.21],[-91.35,13.91],[-94.77,16.36],[-96.73,15.65],[-101.11,17.26],[-101.9,17.96],[-103.43,18.29],[-105.33,19.7],[-105.63,20.47],[-105.13,21.31],[-105.7,22.59],[-108.04,24.91],[-107.32,24.71],[-105.41,22.66],[-105.29,23.11],[-104.86,22.85]]],[[[-76.3,1.31],[-76.22,1.31],[-76.22,1.25],[-76.3,1.31]]],[[[-81.9,7.36],[-81.91,7.61],[-81.7,7.68],[-81.9,7.36]]],[[[-79.03,8.32],[-78.96,8.45],[-78.81,8.45],[-79.03,8.32]]],[[[-69.85,12.24],[-69.73,11.66],[-70.24,11.6],[-70.14,12.24],[-69.85,12.24]]],[[[-69.93,12.37],[-70.02,12.56],[-69.87,12.56],[-69.93,12.37]]],[[[-78.39,18.29],[-77.01,18.48],[-76.12,17.9],[-77.37,17.84],[-78.39,18.29]]],[[[-69.49,19.12],[-68.58,18.99],[-68.29,18.41],[-70.72,18.35],[-71.28,17.58],[-72.1,18.22],[-74.4,18.29],[-74.24,18.74],[-72.3,18.61],[-72.79,19.51],[-73.41,19.64],[-73.23,19.96],[-70.78,19.96],[-69.08,19.38],[-69.49,19.12]]],[[[-73.3,18.86],[-73.32,18.99],[-72.79,18.93],[-72.83,18.67],[-73.3,18.86]]],[[[-86.7,20.34],[-86.99,20.28],[-87.02,20.47],[-86.67,20.6],[-86.7,20.34]]],[[[-77.66,21.82],[-75.63,21.18],[-74.07,20.15],[-77.65,19.83],[-77.19,20.66],[-78.24,20.79],[-78.66,21.56],[-82.05,22.27],[-81.74,22.66],[-84.8,21.82],[-84.0,22.79],[-82.29,23.24],[-80.57,23.17],[-79.25,22.46],[-77.64,22.14],[-77.66,21.82]]],[[[-82.5,21.44],[-82.95,21.44],[-83.04,21.95],[-82.66,21.95],[-82.5,21.44]]],[[[-78.6,22.53],[-78.23,22.59],[-78.2,22.4],[-78.6,22.53]]],[[[-81.57,30.05],[-81.25,30.24],[-81.15,29.67],[-81.57,30.05]]],[[[-80.68,32.3],[-80.82,32.49],[-80.43,32.49],[-80.68,32.3]]],[[[-57.5,-24.34],[-57.0,-24.47],[-58.31,-26.59],[-58.82,-26.52],[-57.5,-24.34]]],[[[-63.42,10.25],[-63.35,10.25],[-63.35,10.19],[-63.42,10.25]]],[[[-61.0,10.06],[-61.73,10.06],[-61.55,10.83],[-60.89,10.83],[-61.0,10.06]]],[[[-64.04,10.83],[-64.35,11.09],[-63.84,11.21],[-64.04,10.83]]],[[[-69.11,12.18],[-69.12,12.37],[-68.66,11.99],[-69.11,12.18]]],[[[-68.16,12.24],[-68.15,12.05],[-68.29,12.05],[-68.16,12.24]]],[[[-67.12,17.96],[-67.26,18.48],[-66.16,18.54],[-65.52,18.16],[-67.12,17.96]]],[[[-17.85,27.87],[-17.9,27.61],[-18.06,27.67],[-17.85,27.87]]],[[[-15.73,27.74],[-15.76,28.19],[-15.3,28.12],[-15.73,27.74]]],[[[-17.35,28.19],[-17.12,28.25],[-17.03,28.06],[-17.35,28.19]]],[[[-16.65,27.93],[-16.91,28.38],[-16.09,28.57],[-16.65,27.93]]],[[[-13.77,28.77],[-13.81,28.25],[-14.32,28.06],[-13.77,28.77]]],[[[-17.71,28.89],[-17.67,28.51],[-17.9,28.51],[-17.71,28.89]]],[[[-13.65,29.22],[-13.42,29.22],[-13.47,28.89],[-13.85,28.83],[-13.65,29.22]]],[[[-2.98,35.26],[-2.99,35.45],[-2.84,35.45],[-2.98,35.26]]],[[[-0.53,35.71],[-0.45,35.58],[-0.67,35.45],[-0.92,35.71],[-0.53,35.71]]],[[[123.58,9.03],[123.44,9.09],[123.54,9.35],[123.58,9.03]]],[[[124.5,10.19],[124.62,9.93],[123.78,9.54],[123.74,9.86],[124.5,10.19]]],[[[122.81,10.12],[122.9,10.89],[123.56,10.96],[123.15,9.8],[123.22,9.03],[122.33,9.67],[122.81,10.12]]],[[[123.6,9.99],[123.48,9.48],[123.26,9.48],[124.11,11.28],[124.0,10.25],[123.6,9.99]]],[[[123.82,11.28],[123.79,11.02],[123.57,11.02],[123.82,11.28]]],[[[121.93,11.99],[123.12,11.54],[122.62,10.38],[121.9,10.44],[121.93,11.99]]],[[[123.73,12.31],[124.09,11.73],[123.17,11.99],[123.24,12.5],[123.77,12.63],[123.73,12.31]]],[[[121.9,12.37],[122.13,12.44],[122.09,12.11],[121.9,12.37]]],[[[122.69,12.24],[122.41,12.37],[122.51,12.56],[122.69,12.24]]],[[[121.99,12.5],[122.02,12.69],[122.24,12.69],[121.99,12.5]]],[[[123.9,12.5],[123.52,12.95],[124.14,13.21],[123.9,12.5]]],[[[120.74,13.59],[121.44,13.34],[121.29,12.18],[120.34,13.34],[120.74,13.59]]],[[[123.06,12.82],[122.96,13.14],[123.18,13.14],[123.36,12.89],[123.06,12.82]]],[[[122.2,13.53],[122.16,13.21],[121.86,13.21],[121.75,13.46],[122.2,13.53]]],[[[120.1,13.72],[120.12,13.85],[120.27,13.85],[120.1,13.72]]],[[[121.25,15.01],[121.32,15.01],[121.31,14.94],[121.25,15.01]]],[[[120.97,14.62],[120.29,14.49],[119.85,15.91],[120.67,15.97],[120.95,15.01],[121.37,14.88],[121.21,14.3],[120.59,14.04],[120.97,14.62]]]]}},{"type":"Feature","properties":{"n":"(Portuguese Empire)","f":1572,"t":1578,"w":"Q200464"},"geometry":{"type":"MultiPolygon","coordinates":[[[[-36.26,-10.39],[-37.47,-11.41],[-38.13,-12.83],[-39.03,-13.28],[-39.28,-17.78],[-41.14,-22.15],[-41.91,-22.41],[-42.12,-22.99],[-44.74,-23.05],[-45.5,-23.89],[-46.09,-23.82],[-47.95,-24.98],[-48.82,-22.92],[-45.61,-22.86],[-43.38,-22.21],[-42.49,-21.51],[-41.44,-19.71],[-40.76,-17.01],[-40.02,-15.91],[-39.53,-11.67],[-38.38,-10.39],[-36.68,-9.94],[-36.36,-6.79],[-36.68,-5.11],[-35.3,-5.44],[-34.84,-7.49],[-36.26,-10.39]]],[[[-16.58,12.18],[-16.66,12.37],[-15.93,12.37],[-16.58,12.18]]],[[[-24.23,15.07],[-24.29,14.75],[-24.36,14.75],[-24.23,15.07]]],[[[-23.78,14.94],[-23.73,15.33],[-23.42,15.14],[-23.78,14.94]]],[[[-23.28,15.26],[-23.06,15.33],[-22.99,15.2],[-23.28,15.26]]],[[[-22.65,15.97],[-22.94,15.97],[-22.88,16.23],[-22.65,15.97]]],[[[-24.08,16.68],[-24.08,16.55],[-24.37,16.49],[-24.08,16.68]]],[[[-22.83,16.68],[-22.98,16.68],[-22.98,16.81],[-22.83,16.68]]],[[[-25.29,17.19],[-24.99,17.26],[-24.82,16.74],[-25.29,17.19]]],[[[-16.79,32.88],[-16.69,32.69],[-17.07,32.62],[-17.17,32.88],[-16.79,32.88]]],[[[-8.73,32.62],[-9.05,32.81],[-8.7,33.2],[-8.45,32.94],[-8.73,32.62]]],[[[-5.71,35.58],[-6.0,35.39],[-5.88,35.77],[-5.24,35.58],[-5.71,35.58]]],[[[-25.7,37.71],[-25.9,37.96],[-25.11,37.9],[-25.7,37.71]]],[[[-28.08,38.35],[-28.85,38.67],[-28.27,38.55],[-28.08,38.35]]],[[[-28.15,38.74],[-27.89,38.61],[-28.04,38.55],[-28.15,38.74]]],[[[-27.36,38.67],[-27.39,38.87],[-27.08,38.87],[-27.36,38.67]]],[[[-8.82,38.48],[-9.21,38.42],[-9.57,38.93],[-8.73,40.74],[-8.93,41.91],[-6.7,41.98],[-6.25,41.46],[-6.93,41.0],[-6.9,39.77],[-7.44,39.64],[-6.99,39.0],[-7.27,38.67],[-6.99,38.09],[-7.68,37.0],[-9.0,37.0],[-8.82,38.48]]],[[[35.03,-24.21],[34.93,-23.82],[35.38,-23.82],[35.03,-24.21]]],[[[34.54,-19.58],[34.71,-20.16],[34.34,-20.16],[34.54,-19.58]]],[[[37.26,-17.39],[37.7,-17.46],[37.63,-17.59],[37.26,-17.39]]],[[[40.75,-14.69],[40.55,-15.34],[40.17,-14.95],[40.75,-14.69]]],[[[39.82,-7.88],[39.53,-8.01],[39.52,-7.81],[39.82,-7.88]]],[[[39.49,-6.14],[39.43,-6.53],[39.06,-6.21],[39.12,-5.76],[39.49,-6.14]]],[[[39.77,-4.99],[39.7,-5.44],[39.55,-5.44],[39.77,-4.99]]],[[[6.3,0.35],[6.67,0.41],[6.38,0.03],[6.3,0.35]]],[[[7.19,1.51],[7.27,1.7],[7.34,1.7],[7.19,1.51]]],[[[8.9,3.63],[8.68,3.18],[8.31,3.24],[8.54,3.76],[8.9,3.63]]],[[[-2.6,4.91],[-2.52,5.11],[-2.3,5.11],[-2.6,4.91]]],[[[-1.65,4.98],[-1.8,4.85],[-1.57,5.3],[-1.28,5.04],[-1.65,4.98]]],[[[72.99,18.99],[72.84,18.99],[72.87,19.31],[72.99,18.99]]],[[[72.92,20.41],[72.93,20.47],[73.0,20.47],[72.92,20.41]]],[[[58.4,23.24],[58.29,23.62],[58.81,23.62],[59.05,22.91],[58.4,23.24]]],[[[50.65,25.87],[50.43,25.94],[50.46,26.26],[50.65,25.87]]],[[[55.79,26.97],[56.32,27.03],[56.06,26.71],[55.29,26.52],[55.79,26.97]]],[[[123.82,-9.49],[123.81,-9.36],[124.38,-9.16],[124.33,-9.49],[123.82,-9.49]]],[[[125.71,-8.52],[125.52,-8.84],[125.13,-8.59],[125.71,-8.52]]],[[[122.79,-8.59],[122.78,-8.39],[123.0,-8.39],[122.79,-8.59]]],[[[128.24,-3.51],[128.25,-3.7],[127.81,-3.83],[128.24,-3.51]]],[[[102.1,3.05],[102.67,2.73],[102.42,2.02],[101.72,2.54],[102.1,3.05]]],[[[79.89,8.96],[81.4,8.51],[81.92,7.42],[81.88,6.71],[81.34,6.14],[80.23,5.88],[79.78,7.04],[79.89,8.96]]],[[[76.56,9.41],[76.26,9.35],[76.21,9.67],[76.56,9.41]]],[[[79.87,10.76],[79.86,10.73],[79.85,10.82],[79.87,10.76]]],[[[75.59,11.34],[75.81,11.41],[75.93,10.96],[75.59,11.34]]],[[[75.29,12.31],[75.41,11.92],[75.27,11.92],[75.29,12.31]]],[[[80.41,13.08],[80.13,13.21],[80.38,13.46],[80.41,13.08]]],[[[74.52,15.26],[74.55,14.81],[74.24,14.62],[73.8,15.39],[74.52,15.26]]],[[[72.9,20.21],[73.19,20.15],[73.18,20.09],[72.9,20.21]]],[[[113.45,22.34],[113.69,22.4],[113.64,22.14],[113.45,22.34]]]]}},{"type":"Feature","properties":{"n":"Trịnh lords","f":1572,"t":1594,"w":"Q2267508"},"geometry":{"type":"Polygon","coordinates":[[[105.97,19.83],[105.73,18.86],[106.55,17.96],[105.53,18.03],[105.12,18.74],[103.96,19.31],[104.95,19.96],[104.5,20.41],[104.82,20.99],[104.62,21.56],[106.46,20.15],[105.97,19.83]]]}},{"type":"Feature","properties":{"n":"Principality of Abkhazia","f":1572,"t":1578,"w":"Q1760473"},"geometry":{"type":"Polygon","coordinates":[[[41.74,43.34],[41.51,42.95],[39.99,43.47],[41.74,43.34]]]}},{"type":"Feature","properties":{"n":"Sultanate of Banten","f":1572,"t":1618,"w":"Q734867"},"geometry":{"type":"MultiPolygon","coordinates":[[[[108.1,-7.3],[107.99,-7.81],[105.37,-6.85],[105.91,-5.89],[107.01,-6.01],[108.1,-7.3]]],[[[105.23,-3.7],[105.76,-4.15],[105.76,-5.82],[104.51,-5.56],[104.45,-5.95],[102.02,-3.64],[103.58,-4.41],[105.23,-3.7]]]]}},{"type":"Feature","properties":{"n":"First Toungoo Empire","f":1572,"t":1578,"w":"Q23039102"},"geometry":{"type":"Polygon","coordinates":[[[102.22,11.99],[101.79,12.69],[100.83,12.63],[100.99,13.46],[100.1,13.4],[100.03,12.05],[99.16,9.67],[99.34,9.22],[99.93,9.29],[99.96,8.71],[98.18,8.32],[98.76,11.73],[97.62,16.49],[96.93,17.32],[96.83,16.61],[95.61,15.71],[94.24,15.97],[95.16,18.35],[94.45,20.6],[93.09,21.5],[92.74,24.91],[93.0,25.55],[94.84,26.84],[96.3,27.35],[97.16,27.16],[97.0,27.74],[97.48,28.51],[98.79,27.35],[99.21,24.71],[100.06,24.07],[101.02,22.27],[101.18,21.44],[100.13,20.41],[100.54,20.21],[100.52,19.57],[101.31,19.44],[101.13,18.29],[103.11,18.16],[102.81,17.64],[101.41,17.19],[103.23,16.55],[103.05,15.78],[103.61,14.49],[102.39,13.53],[102.67,12.05],[102.22,11.99]]]}},{"type":"Feature","properties":{"n":"Mughal Empire","f":1572,"t":1578,"w":"Q33296"},"geometry":{"type":"Polygon","coordinates":[[[71.65,34.87],[73.33,34.49],[73.63,32.88],[75.71,32.3],[75.5,32.04],[76.12,31.4],[77.53,30.56],[77.23,29.86],[78.12,29.02],[82.38,27.29],[85.0,26.84],[84.88,25.36],[83.99,23.94],[81.22,23.88],[80.66,21.89],[78.6,21.44],[76.69,21.63],[76.34,21.18],[74.04,20.54],[72.84,20.41],[72.53,22.27],[72.11,21.89],[72.18,21.18],[71.32,20.73],[70.3,20.86],[69.35,21.76],[68.98,22.46],[70.18,22.59],[70.54,23.17],[72.18,23.81],[73.08,26.0],[73.15,28.32],[73.98,30.31],[71.06,31.98],[69.7,32.04],[68.33,31.66],[67.38,30.31],[66.41,29.99],[65.93,30.24],[66.33,36.22],[68.62,36.1],[68.88,36.8],[68.51,37.19],[69.35,37.13],[69.55,37.58],[70.88,37.32],[71.65,34.87]]]}},{"type":"Feature","properties":{"n":"Sur Empire","f":1572,"t":1578,"w":"Q373650"},"geometry":{"type":"Polygon","coordinates":[[[90.39,26.0],[90.86,22.01],[88.73,21.63],[88.64,22.08],[88.35,21.56],[88.1,21.95],[87.07,21.44],[86.84,20.28],[86.11,19.76],[85.37,19.83],[84.31,18.48],[84.02,19.06],[84.61,19.64],[85.38,21.63],[84.0,22.98],[83.88,23.69],[84.88,25.36],[85.0,26.84],[90.39,26.0]]]}},{"type":"Feature","properties":{"n":"Golconda Sultanate","f":1572,"t":1611,"w":"Q1148042"},"geometry":{"type":"Polygon","coordinates":[[[82.54,17.26],[82.38,16.55],[81.32,16.29],[81.12,15.78],[80.34,16.74],[77.86,16.29],[77.97,19.25],[79.25,19.38],[82.54,17.26]]]}},{"type":"Feature","properties":{"n":"Habsburg Monarchy","f":1572,"t":1587,"w":"Q66504140"},"geometry":{"type":"MultiPolygon","coordinates":[[[[7.47,48.06],[7.56,47.6],[6.98,47.53],[6.89,47.93],[7.47,48.06]]],[[[7.56,47.53],[7.89,47.66],[7.71,48.32],[8.21,48.26],[8.06,47.33],[7.56,47.53]]],[[[9.29,47.99],[9.29,47.8],[8.88,47.73],[9.29,47.99]]],[[[8.79,47.86],[8.63,47.99],[8.71,47.99],[8.79,47.86]]],[[[8.21,47.99],[8.21,48.13],[8.46,48.06],[8.21,47.99]]],[[[8.79,48.32],[8.71,48.19],[8.54,48.32],[8.79,48.32]]],[[[8.87,48.19],[8.87,48.32],[9.04,48.26],[8.87,48.19]]],[[[8.21,48.39],[8.45,48.39],[8.29,48.32],[8.21,48.39]]],[[[8.29,48.59],[8.45,48.59],[8.37,48.46],[8.29,48.59]]],[[[8.62,48.65],[8.7,48.52],[8.62,48.52],[8.62,48.65]]],[[[9.54,47.99],[9.54,47.86],[9.37,47.93],[9.54,47.99]]],[[[10.36,47.99],[10.12,48.06],[10.2,48.26],[10.53,48.26],[10.36,47.99]]],[[[17.32,51.71],[17.55,51.25],[19.03,50.58],[19.24,49.85],[18.88,49.45],[21.8,49.38],[22.44,49.05],[22.52,47.93],[20.83,47.33],[20.13,47.99],[18.21,47.73],[18.17,46.87],[16.92,46.35],[17.55,45.82],[16.8,45.43],[16.29,44.84],[16.52,44.32],[16.19,44.25],[15.88,44.71],[14.91,44.58],[14.6,45.37],[14.2,45.37],[14.19,45.04],[13.79,45.24],[14.12,45.5],[13.31,45.82],[13.56,46.55],[11.11,46.41],[9.54,47.2],[9.62,47.53],[12.51,47.66],[12.18,47.07],[13.74,47.07],[13.18,48.06],[14.1,48.65],[12.53,49.52],[12.12,50.25],[14.33,50.98],[14.26,51.71],[13.43,52.18],[13.94,52.32],[14.78,51.92],[15.65,52.32],[16.72,51.58],[17.32,51.71]],[[20.29,49.25],[20.28,49.12],[20.45,49.18],[20.29,49.25]],[[14.27,51.92],[14.19,52.12],[13.93,52.05],[14.27,51.92]]],[[[9.95,48.46],[10.03,48.26],[9.45,48.19],[9.95,48.46]]],[[[9.37,48.26],[9.2,48.26],[9.2,48.32],[9.37,48.26]]],[[[10.11,48.32],[10.11,48.46],[10.28,48.39],[10.11,48.32]]],[[[13.67,51.65],[13.24,51.71],[13.25,51.85],[13.67,51.65]]]]}},{"type":"Feature","properties":{"n":"Joseon","f":1572,"t":1594,"w":"Q28405"},"geometry":{"type":"MultiPolygon","coordinates":[[[[126.14,33.2],[127.0,33.59],[126.7,33.26],[126.14,33.2]]],[[[129.76,40.87],[127.58,39.77],[127.44,39.26],[128.36,38.8],[129.47,37.25],[129.62,35.71],[129.15,35.07],[128.53,35.07],[128.68,34.74],[128.08,34.94],[127.38,34.42],[127.22,34.74],[126.12,34.36],[126.77,35.9],[126.05,36.8],[126.7,37.32],[126.35,37.84],[124.9,37.9],[125.39,39.38],[124.27,39.9],[126.87,41.85],[128.22,41.46],[128.0,41.98],[128.96,42.11],[130.13,43.02],[130.74,42.5],[129.7,41.65],[129.76,40.87]]]]}},{"type":"Feature","properties":{"n":"Sunda Kingdom","f":1572,"t":1578,"w":"Q1469742"},"geometry":{"type":"Polygon","coordinates":[[[109.89,-7.94],[107.99,-7.81],[108.1,-7.3],[107.27,-6.79],[106.85,-5.89],[108.11,-6.27],[108.09,-7.11],[110.01,-7.56],[109.89,-7.94]]]}},{"type":"Feature","properties":{"n":"Kingdom of Pajana","f":1572,"t":1578,"w":"Q1074947"},"geometry":{"type":"Polygon","coordinates":[[[112.41,-8.46],[110.65,-8.26],[109.9,-8.01],[110.01,-7.56],[109.24,-6.85],[110.34,-6.91],[110.89,-6.4],[111.64,-6.72],[111.51,-7.04],[112.52,-7.94],[112.41,-8.46]]]}},{"type":"Feature","properties":{"n":"Principality of Guria","f":1572,"t":1578,"w":"Q2195101"},"geometry":{"type":"Polygon","coordinates":[[[41.76,42.11],[42.66,41.78],[41.81,41.46],[41.76,42.11]]]}},{"type":"Feature","properties":{"n":"Ottoman Empire","f":1572,"t":1578,"w":"Q12560"},"geometry":{"type":"MultiPolygon","coordinates":[[[[22.48,46.28],[21.52,45.37],[22.55,44.97],[22.5,44.32],[22.95,43.8],[25.43,43.6],[27.83,44.19],[27.86,45.3],[28.89,46.48],[31.92,47.14],[31.94,46.68],[30.88,46.68],[29.61,45.69],[29.53,44.91],[28.8,44.97],[28.48,43.47],[27.51,42.63],[27.98,41.65],[28.96,41.13],[31.18,41.07],[32.63,41.91],[34.88,42.04],[35.95,41.72],[36.21,41.26],[38.3,40.87],[40.37,40.94],[41.79,41.85],[41.81,41.46],[43.73,41.52],[44.42,39.58],[44.05,39.26],[44.31,37.9],[45.93,35.19],[45.44,33.91],[47.98,31.72],[47.74,31.01],[48.6,29.99],[47.85,29.41],[48.87,27.67],[50.13,26.77],[50.07,26.07],[50.65,25.1],[51.12,26.13],[51.7,25.87],[51.41,24.33],[51.75,23.88],[50.48,24.78],[49.67,25.87],[49.88,26.45],[48.55,27.48],[47.89,29.09],[46.59,29.6],[43.15,32.81],[40.93,34.1],[38.91,33.26],[37.4,31.01],[37.16,30.05],[41.41,23.11],[46.63,16.16],[47.06,14.69],[46.18,13.4],[45.05,12.76],[43.44,12.69],[42.75,15.14],[42.82,16.61],[41.24,18.61],[40.85,19.7],[39.35,20.79],[38.6,23.62],[37.44,24.33],[37.27,25.23],[35.41,27.87],[34.59,28.06],[34.91,29.41],[34.12,27.74],[32.44,29.79],[35.15,24.65],[35.86,24.01],[35.55,23.69],[35.81,22.91],[31.23,22.01],[31.32,22.4],[30.01,23.11],[28.57,24.65],[28.15,27.35],[25.37,29.28],[22.77,30.37],[20.95,30.56],[18.73,29.99],[15.18,30.89],[14.28,31.91],[11.77,32.3],[9.63,33.14],[8.93,34.16],[7.61,34.55],[2.92,34.36],[2.45,34.61],[1.75,34.74],[-0.47,34.36],[-1.58,33.46],[-1.72,34.68],[-2.12,35.07],[-1.36,35.26],[-1.22,35.64],[-0.67,35.45],[0.68,36.42],[4.47,36.93],[5.56,36.67],[6.33,37.06],[8.52,36.87],[9.6,37.32],[10.23,37.25],[10.23,36.8],[11.01,37.0],[10.46,35.9],[11.08,35.58],[11.08,35.0],[10.0,34.29],[10.24,33.71],[12.23,32.81],[13.3,32.94],[15.06,32.43],[15.65,31.4],[17.85,30.95],[18.97,30.24],[20.2,30.89],[20.02,32.24],[21.88,32.94],[23.09,32.62],[23.3,32.17],[24.89,31.98],[25.25,31.46],[26.85,31.46],[28.87,30.82],[30.97,31.66],[31.88,31.46],[32.0,31.08],[34.3,31.27],[35.64,34.36],[36.05,34.55],[35.84,36.29],[36.14,36.93],[35.49,36.61],[34.58,36.87],[33.98,36.29],[32.71,36.03],[31.09,36.93],[29.94,36.22],[29.24,36.22],[29.12,36.74],[28.59,36.87],[28.03,36.67],[28.07,37.13],[27.22,37.32],[27.28,38.03],[26.43,38.22],[26.38,38.67],[27.06,38.35],[26.85,39.58],[26.13,39.51],[26.6,40.48],[29.05,40.36],[28.91,40.61],[29.48,40.74],[28.17,41.13],[26.92,40.48],[25.38,41.0],[23.7,40.81],[23.74,40.23],[22.65,40.61],[22.61,39.9],[23.14,39.45],[22.8,39.06],[23.49,38.87],[22.94,38.74],[24.03,38.67],[24.16,38.22],[23.98,37.84],[23.04,37.9],[23.4,37.32],[22.71,37.58],[23.06,36.67],[22.36,36.67],[22.22,37.06],[21.74,36.87],[21.7,37.51],[21.24,37.84],[21.74,38.35],[20.74,38.8],[20.91,39.06],[19.25,40.61],[19.4,42.11],[18.71,42.82],[17.52,43.02],[16.82,43.73],[15.23,44.32],[15.88,44.71],[16.52,44.32],[16.29,44.84],[17.55,45.82],[16.92,46.35],[18.17,46.87],[17.94,47.33],[18.89,48.06],[20.69,47.8],[20.9,47.14],[22.48,46.28]]],[[[2.53,34.42],[2.53,34.49],[2.61,34.49],[2.53,34.42]]],[[[27.19,36.8],[26.87,36.67],[27.04,36.93],[27.19,36.8]]],[[[25.57,37.13],[25.56,37.0],[25.33,37.0],[25.57,37.13]]],[[[24.36,37.71],[24.43,37.58],[24.27,37.51],[24.36,37.71]]],[[[26.31,37.71],[26.3,37.58],[25.99,37.51],[26.31,37.71]]],[[[24.77,38.03],[25.07,37.77],[24.83,37.71],[24.77,38.03]]],[[[25.82,38.48],[25.99,38.67],[26.22,38.55],[25.88,38.16],[25.82,38.48]]],[[[23.56,38.74],[23.48,38.74],[23.49,38.8],[23.56,38.74]]],[[[24.67,38.93],[24.66,38.74],[24.36,38.87],[24.67,38.93]]],[[[25.79,39.19],[26.04,39.38],[26.64,39.0],[25.79,39.19]]],[[[20.15,39.58],[20.07,39.58],[20.07,39.64],[20.15,39.58]]],[[[25.46,40.03],[25.45,39.84],[24.97,39.84],[25.46,40.03]]],[[[26.04,40.29],[26.02,40.16],[25.7,40.1],[26.04,40.29]]],[[[24.49,40.81],[24.81,40.81],[24.79,40.61],[24.49,40.81]]],[[[43.78,10.25],[43.24,11.54],[44.08,10.57],[45.11,10.51],[44.72,10.06],[43.78,10.25]]],[[[39.3,15.39],[39.26,16.04],[39.41,16.04],[39.74,15.26],[39.3,15.39]]],[[[37.7,18.8],[37.54,18.61],[37.1,18.74],[37.34,19.12],[37.7,18.8]]],[[[44.25,19.57],[44.25,19.64],[44.33,19.64],[44.25,19.57]]],[[[44.18,19.64],[44.18,19.7],[44.26,19.7],[44.18,19.64]]],[[[40.06,25.49],[40.06,25.55],[40.14,25.55],[40.06,25.49]]],[[[33.04,34.55],[32.23,34.94],[34.54,35.71],[34.09,35.0],[33.04,34.55]]],[[[28.02,36.48],[28.25,36.48],[28.14,36.03],[27.74,35.9],[28.02,36.48]]],[[[41.33,42.89],[41.17,42.89],[41.2,43.02],[41.33,42.89]]],[[[40.96,43.02],[40.97,43.08],[41.13,43.08],[40.96,43.02]]],[[[34.03,44.65],[34.57,44.97],[35.4,45.1],[33.93,44.45],[33.47,44.65],[34.03,44.65]]],[[[36.42,45.43],[36.38,45.17],[36.23,45.24],[36.42,45.43]]],[[[39.48,47.07],[39.22,47.01],[39.13,47.4],[39.48,47.07]]]]}},{"type":"Feature","properties":{"n":"Nguyễn lords","f":1572,"t":1652,"w":"Q2301908"},"geometry":{"type":"Polygon","coordinates":[[[109.47,12.56],[108.1,12.18],[107.57,12.63],[107.5,16.04],[106.69,16.49],[105.67,18.03],[106.55,17.96],[109.02,15.33],[109.47,12.56]]]}},{"type":"Feature","properties":{"n":"Haudenosaunee","f":1572,"t":1639,"w":"Q68518"},"geometry":{"type":"Polygon","coordinates":[[[-75.31,42.11],[-77.91,42.37],[-78.23,42.69],[-78.08,43.34],[-76.17,43.54],[-76.07,44.45],[-74.3,45.43],[-73.37,45.04],[-74.06,43.02],[-75.31,42.11]]]}},{"type":"Feature","properties":{"n":"Tsardom of Russia","f":1572,"t":1578,"w":"Q186096"},"geometry":{"type":"MultiPolygon","coordinates":[[[[46.29,43.99],[46.37,43.99],[46.31,44.06],[46.24,44.12],[46.24,44.52],[46.38,44.78],[46.31,44.84],[47.37,46.35],[46.3,47.4],[43.77,48.32],[45.28,51.18],[45.29,51.85],[46.44,52.92],[46.46,53.6],[45.98,53.73],[45.81,54.34],[44.6,54.34],[44.31,53.94],[42.61,54.34],[41.05,54.0],[40.95,53.6],[39.86,53.73],[38.0,53.12],[37.97,54.14],[37.41,55.5],[37.0,55.63],[37.45,52.59],[36.77,51.31],[36.09,50.85],[34.53,51.58],[34.16,50.45],[33.41,50.45],[32.26,51.18],[30.54,50.98],[30.58,51.85],[31.66,52.18],[31.31,53.19],[31.9,53.12],[32.15,53.53],[30.67,55.02],[28.88,55.29],[28.15,56.18],[26.5,55.7],[25.9,56.46],[24.54,56.87],[24.27,58.25],[23.41,58.53],[23.41,59.29],[24.55,59.02],[25.37,59.71],[27.88,59.5],[29.07,60.07],[30.14,59.92],[29.81,60.14],[30.0,60.63],[29.29,61.26],[29.91,62.55],[29.3,64.2],[30.31,65.81],[28.97,66.85],[29.51,67.97],[32.29,69.56],[36.13,69.26],[41.0,67.74],[41.39,67.15],[41.04,66.7],[38.68,66.03],[32.55,67.07],[33.0,66.55],[34.87,65.88],[34.44,65.37],[34.98,64.49],[37.39,63.91],[37.88,63.99],[37.89,64.35],[36.79,64.49],[36.36,65.0],[37.21,65.3],[38.21,64.79],[40.19,64.71],[39.54,65.37],[40.4,65.96],[41.96,66.55],[43.97,66.18],[44.37,67.0],[43.6,67.3],[44.17,68.27],[43.45,68.73],[45.88,68.57],[46.66,67.82],[44.93,67.44],[45.81,66.92],[47.37,66.92],[47.78,67.67],[53.28,69.03],[54.04,68.95],[53.87,68.42],[53.3,68.27],[58.39,69.03],[59.09,69.03],[59.4,68.88],[59.24,68.42],[59.74,68.42],[60.7,68.88],[60.09,69.72],[58.45,70.02],[58.97,70.57],[60.54,69.79],[63.93,69.72],[68.29,68.42],[64.27,64.57],[64.02,63.77],[64.32,62.62],[63.58,61.41],[61.39,60.35],[58.52,60.07],[57.26,58.88],[56.72,56.52],[57.19,55.29],[59.97,54.41],[58.94,54.0],[59.05,52.52],[58.61,51.78],[53.05,52.45],[53.36,53.87],[52.69,54.68],[50.01,53.94],[49.01,52.92],[47.13,52.05],[47.25,51.58],[46.14,49.91],[46.08,48.99],[49.95,47.53],[50.3,46.94],[47.47,45.69],[46.63,44.45],[47.32,43.86],[46.29,43.99]]],[[[46.21,43.99],[46.31,44.06],[46.29,43.99],[46.21,43.99]]],[[[46.24,44.12],[46.23,44.06],[46.15,44.06],[46.24,44.12]]],[[[35.5,65.0],[35.46,65.22],[36.13,65.22],[35.5,65.0]]],[[[48.24,69.41],[48.61,69.56],[50.32,69.33],[49.7,68.88],[48.37,68.8],[48.24,69.41]]]]}},{"type":"Feature","properties":{"n":"Republic of Venice","f":1572,"t":1578,"w":"Q4948"},"geometry":{"type":"MultiPolygon","coordinates":[[[[17.36,43.08],[17.52,43.08],[17.52,42.95],[17.36,43.08]]],[[[15.93,43.47],[15.07,44.39],[16.82,43.73],[17.37,43.21],[15.93,43.47]]],[[[14.99,44.45],[14.99,44.52],[15.07,44.52],[14.99,44.45]]],[[[14.27,44.97],[14.51,44.91],[14.5,44.52],[14.27,44.97]]],[[[14.68,45.17],[14.76,45.04],[14.52,45.1],[14.68,45.17]]],[[[13.78,44.91],[13.55,45.5],[14.12,45.5],[13.79,45.24],[13.78,44.91]]],[[[12.4,44.78],[10.62,45.43],[9.88,45.3],[9.31,45.89],[10.37,46.35],[10.7,45.69],[12.09,46.68],[13.56,46.55],[13.31,45.82],[12.16,45.5],[12.4,44.78]]],[[[24.3,35.32],[26.23,35.19],[23.68,35.26],[23.62,35.52],[24.3,35.32]]],[[[22.89,36.42],[23.12,36.35],[23.11,36.16],[22.89,36.42]]],[[[24.99,37.71],[25.22,37.71],[25.29,37.51],[24.99,37.71]]],[[[20.62,37.9],[20.93,37.9],[20.92,37.64],[20.62,37.9]]],[[[20.49,38.42],[20.8,38.29],[20.79,38.09],[20.32,38.16],[20.49,38.42]]],[[[19.92,39.77],[19.91,39.58],[19.76,39.64],[19.92,39.77]]],[[[19.4,42.11],[19.39,41.91],[18.31,42.69],[18.71,42.82],[19.4,42.11]]],[[[17.51,42.76],[17.51,42.82],[17.59,42.82],[17.51,42.76]]]]}},{"type":"Feature","properties":{"n":"Swiss Confederation","f":1572,"t":1601,"w":"Q39"},"geometry":{"type":"Polygon","coordinates":[[[10.12,46.02],[9.22,46.22],[8.9,45.89],[8.32,46.41],[7.92,45.96],[7.1,45.89],[6.68,46.41],[5.95,46.35],[7.08,46.94],[6.98,47.53],[8.06,47.33],[8.55,47.73],[9.62,47.53],[9.54,47.14],[10.37,47.01],[10.53,46.55],[10.12,46.02]]]}},{"type":"Feature","properties":{"n":"Principality of Transylvania","f":1572,"t":1594,"w":"Q655621"},"geometry":{"type":"Polygon","coordinates":[[[25.35,45.37],[23.48,45.5],[22.14,44.97],[21.52,45.37],[22.38,46.02],[22.41,46.48],[21.76,46.55],[20.83,47.33],[22.34,47.73],[22.44,49.05],[22.78,49.12],[24.69,48.13],[25.02,47.2],[25.67,47.14],[26.44,45.76],[25.35,45.37]]]}},{"type":"Feature","properties":{"n":"Sultanate of Harar","f":1572,"t":1578,"w":"Q2365048"},"geometry":{"type":"Polygon","coordinates":[[[43.25,11.6],[43.78,10.25],[44.72,9.99],[42.4,8.58],[41.71,9.54],[41.76,10.96],[42.27,12.69],[42.86,12.95],[43.5,12.31],[42.81,11.6],[43.25,11.6]]]}},{"type":"Feature","properties":{"n":"(Alliance between Papal States and Spanish Empire)","f":1572,"t":1578,"w":"Q170174"},"geometry":{"type":"MultiPolygon","coordinates":[[[[-75.34,-10.77],[-75.27,-10.77],[-75.27,-10.84],[-75.34,-10.77]]],[[[-104.86,22.85],[-104.99,22.4],[-104.11,22.14],[-103.91,22.59],[-103.8,22.08],[-103.57,22.4],[-103.48,21.95],[-103.15,22.14],[-102.12,21.11],[-101.54,21.56],[-100.51,20.86],[-99.91,21.18],[-98.42,20.79],[-98.35,21.18],[-97.35,21.37],[-95.77,18.8],[-94.48,18.22],[-92.5,18.74],[-91.5,18.48],[-90.48,19.89],[-90.32,21.11],[-86.92,21.63],[-86.66,20.99],[-87.35,20.21],[-87.7,18.29],[-87.99,18.74],[-89.17,17.77],[-90.57,17.77],[-90.6,16.55],[-90.38,16.04],[-89.54,15.84],[-85.88,15.97],[-85.69,15.07],[-84.58,14.43],[-84.94,13.72],[-84.42,11.34],[-83.58,10.96],[-82.21,9.03],[-81.03,8.84],[-79.69,9.61],[-78.96,9.61],[-77.99,9.29],[-76.83,8.19],[-76.93,8.64],[-75.66,9.48],[-75.58,10.51],[-74.96,11.15],[-74.36,10.89],[-74.17,11.34],[-73.15,11.41],[-71.84,12.44],[-71.1,12.31],[-71.28,11.79],[-71.92,11.6],[-71.65,10.83],[-69.66,11.66],[-68.46,11.34],[-68.19,10.51],[-66.37,10.7],[-65.09,10.06],[-64.03,10.7],[-61.91,10.76],[-61.98,10.57],[-63.28,10.38],[-64.64,9.74],[-68.96,9.93],[-70.54,9.48],[-71.23,8.64],[-72.04,8.77],[-72.92,7.16],[-73.16,5.69],[-76.15,1.7],[-77.54,-1.45],[-77.87,-3.25],[-77.69,-6.27],[-76.97,-7.88],[-76.34,-8.39],[-75.17,-11.35],[-73.45,-12.7],[-71.88,-13.15],[-70.67,-12.76],[-68.37,-13.28],[-65.67,-14.89],[-63.8,-15.34],[-62.48,-16.75],[-63.18,-20.61],[-64.08,-22.86],[-65.06,-23.95],[-67.12,-31.02],[-68.47,-33.66],[-70.48,-35.39],[-71.61,-39.59],[-72.91,-40.82],[-73.56,-42.11],[-74.34,-42.24],[-73.81,-41.79],[-74.13,-41.08],[-73.37,-39.46],[-73.84,-37.46],[-73.33,-37.13],[-72.42,-35.2],[-71.63,-32.69],[-71.94,-30.83],[-70.57,-25.17],[-70.53,-23.63],[-70.81,-23.5],[-70.27,-21.96],[-70.26,-19.84],[-70.44,-18.42],[-71.62,-17.33],[-75.22,-15.53],[-76.08,-14.69],[-76.46,-14.18],[-76.38,-13.41],[-77.8,-11.35],[-78.98,-8.46],[-79.98,-6.91],[-81.33,-6.14],[-81.01,-5.63],[-81.47,-4.41],[-80.05,-3.12],[-81.12,-2.29],[-81.03,-0.94],[-80.16,0.22],[-80.23,0.86],[-79.06,1.25],[-78.78,2.34],[-77.91,2.6],[-77.26,3.63],[-77.56,4.08],[-77.41,6.52],[-78.5,7.94],[-78.23,8.45],[-79.64,8.9],[-80.41,8.26],[-80.0,7.42],[-80.94,7.16],[-81.05,7.87],[-81.47,7.61],[-81.94,8.19],[-83.71,8.45],[-83.67,9.09],[-84.83,9.99],[-85.24,9.61],[-85.78,9.99],[-85.72,11.09],[-87.55,12.69],[-87.47,13.34],[-88.85,13.21],[-91.35,13.91],[-94.77,16.36],[-96.73,15.65],[-101.11,17.26],[-101.9,17.96],[-103.43,18.29],[-105.33,19.7],[-105.63,20.47],[-105.13,21.31],[-105.7,22.59],[-108.04,24.91],[-107.32,24.71],[-105.41,22.66],[-105.29,23.11],[-104.86,22.85]]],[[[-76.3,1.31],[-76.22,1.31],[-76.22,1.25],[-76.3,1.31]]],[[[-81.9,7.36],[-81.91,7.61],[-81.7,7.68],[-81.9,7.36]]],[[[-79.03,8.32],[-78.96,8.45],[-78.81,8.45],[-79.03,8.32]]],[[[-63.42,10.25],[-63.35,10.25],[-63.35,10.19],[-63.42,10.25]]],[[[-64.04,10.83],[-64.35,11.09],[-63.84,11.21],[-64.04,10.83]]],[[[-69.73,11.66],[-70.24,11.6],[-70.28,12.11],[-69.85,12.24],[-69.73,11.66]]],[[[-69.11,12.18],[-69.12,12.37],[-68.66,11.99],[-69.11,12.18]]],[[[-68.16,12.24],[-68.15,12.05],[-68.29,12.05],[-68.16,12.24]]],[[[-69.93,12.37],[-70.02,12.56],[-69.87,12.56],[-69.93,12.37]]],[[[-78.39,18.29],[-77.01,18.48],[-76.12,17.9],[-77.37,17.84],[-78.39,18.29]]],[[[-67.12,17.96],[-67.26,18.48],[-66.16,18.54],[-65.52,18.16],[-67.12,17.96]]],[[[-68.58,18.99],[-68.29,18.41],[-70.72,18.35],[-71.28,17.58],[-72.1,18.22],[-73.92,18.03],[-74.44,18.61],[-72.3,18.61],[-72.79,19.51],[-73.41,19.64],[-73.23,19.96],[-70.78,19.96],[-69.08,19.38],[-69.49,19.12],[-68.58,18.99]]],[[[-73.3,18.86],[-73.32,18.99],[-72.79,18.93],[-73.3,18.86]]],[[[-86.7,20.34],[-86.99,20.28],[-87.02,20.47],[-86.67,20.6],[-86.7,20.34]]],[[[-74.07,20.15],[-77.65,19.83],[-77.19,20.66],[-78.24,20.79],[-78.66,21.56],[-82.05,22.27],[-81.74,22.66],[-84.8,21.82],[-84.0,22.79],[-82.29,23.24],[-80.57,23.17],[-74.07,20.15]]],[[[-82.5,21.44],[-82.95,21.44],[-83.04,21.95],[-82.66,21.95],[-82.5,21.44]]],[[[-78.6,22.53],[-78.23,22.59],[-78.2,22.4],[-78.6,22.53]]],[[[-81.57,30.05],[-81.25,30.24],[-81.15,29.67],[-81.57,30.05]]],[[[-80.68,32.3],[-80.82,32.49],[-80.43,32.49],[-80.68,32.3]]],[[[-57.5,-24.34],[-57.0,-24.47],[-58.31,-26.59],[-58.82,-26.52],[-57.5,-24.34]]],[[[-61.0,10.06],[-61.73,10.06],[-61.55,10.83],[-60.89,10.83],[-61.0,10.06]]],[[[-17.85,27.87],[-17.9,27.61],[-18.06,27.67],[-17.85,27.87]]],[[[-15.73,27.74],[-15.76,28.19],[-15.3,28.12],[-15.73,27.74]]],[[[-17.35,28.19],[-17.12,28.25],[-17.03,28.06],[-17.35,28.19]]],[[[-16.91,28.38],[-16.09,28.57],[-16.36,28.06],[-16.65,27.93],[-16.91,28.38]]],[[[-13.77,28.77],[-13.81,28.25],[-14.32,28.06],[-13.77,28.77]]],[[[-17.71,28.89],[-17.67,28.51],[-17.9,28.51],[-17.71,28.89]]],[[[-13.65,29.22],[-13.42,29.22],[-13.47,28.89],[-13.86,28.96],[-13.65,29.22]]],[[[-2.99,35.45],[-2.84,35.45],[-2.83,35.26],[-2.99,35.45]]],[[[-0.53,35.71],[-0.45,35.58],[-0.91,35.52],[-0.53,35.71]]],[[[1.65,39.13],[1.66,39.0],[1.27,38.8],[1.18,39.06],[1.65,39.13]]],[[[2.34,39.64],[2.88,39.97],[3.52,39.77],[3.3,39.32],[2.34,39.64]]],[[[1.58,42.43],[2.99,43.02],[3.12,41.91],[0.7,40.94],[-0.13,40.03],[-0.31,39.13],[0.1,38.74],[-0.66,38.29],[-0.7,37.64],[-1.71,37.45],[-2.06,36.8],[-4.47,36.74],[-5.66,36.03],[-6.06,36.22],[-6.43,37.0],[-7.39,37.25],[-7.5,37.71],[-6.99,38.09],[-7.27,38.67],[-6.99,39.0],[-7.44,39.64],[-6.9,39.77],[-6.93,41.0],[-6.27,41.65],[-6.7,41.98],[-8.93,41.91],[-8.66,42.37],[-9.3,43.15],[-8.24,43.73],[-1.68,43.28],[1.58,42.43]]],[[[4.22,40.1],[4.3,39.84],[3.83,39.9],[4.22,40.1]]],[[[9.59,39.13],[8.34,39.0],[8.15,40.94],[9.5,41.2],[9.59,39.13]]],[[[9.32,45.17],[9.4,44.45],[8.34,45.1],[8.58,45.56],[7.92,45.96],[8.32,46.41],[8.9,45.89],[9.39,46.22],[9.31,45.69],[10.45,45.17],[9.32,45.17]]],[[[4.08,45.96],[3.99,46.28],[4.23,46.35],[4.4,46.09],[4.08,45.96]]],[[[5.37,46.35],[5.58,47.66],[6.89,47.93],[6.99,47.27],[5.37,46.35]]],[[[5.93,49.58],[5.35,49.32],[4.82,50.11],[5.9,50.38],[5.71,51.11],[6.04,51.31],[6.07,50.45],[6.4,50.51],[6.07,50.25],[6.59,49.98],[6.36,49.25],[5.85,49.32],[5.93,49.58]]],[[[3.58,51.51],[3.41,51.51],[3.4,51.65],[3.58,51.51]]],[[[5.28,51.18],[4.49,49.98],[1.87,50.38],[2.07,51.11],[4.34,51.38],[4.8,52.65],[5.39,52.86],[5.54,53.39],[6.74,53.53],[7.18,53.26],[6.68,52.65],[6.95,52.25],[5.94,51.85],[6.12,51.51],[5.28,51.18]]],[[[4.61,52.99],[4.61,53.12],[4.86,53.19],[4.61,52.99]]],[[[123.58,9.03],[123.44,9.09],[123.54,9.35],[123.58,9.03]]],[[[124.5,10.19],[124.62,9.93],[123.78,9.54],[123.74,9.86],[124.5,10.19]]],[[[122.81,10.12],[122.9,10.89],[123.56,10.96],[123.15,9.8],[123.22,9.03],[122.33,9.67],[122.81,10.12]]],[[[123.26,9.48],[124.11,11.28],[124.0,10.25],[123.26,9.48]]],[[[123.79,11.02],[123.57,11.02],[123.67,11.28],[123.79,11.02]]],[[[121.93,11.99],[123.12,11.54],[122.62,10.38],[121.9,10.44],[121.93,11.99]]],[[[123.73,12.31],[124.09,11.73],[123.17,11.99],[123.24,12.5],[123.77,12.63],[123.73,12.31]]],[[[121.9,12.37],[122.13,12.44],[122.09,12.11],[121.9,12.37]]],[[[122.69,12.24],[122.41,12.37],[122.51,12.56],[122.69,12.24]]],[[[121.99,12.5],[122.02,12.69],[122.24,12.69],[121.99,12.5]]],[[[123.52,12.95],[124.14,13.21],[124.12,12.5],[123.52,12.95]]],[[[120.74,13.59],[121.44,13.34],[121.29,12.18],[120.34,13.34],[120.74,13.59]]],[[[122.93,12.95],[122.96,13.14],[123.18,13.14],[123.34,12.76],[122.93,12.95]]],[[[122.16,13.21],[121.74,13.4],[121.75,13.46],[122.2,13.53],[122.16,13.21]]],[[[120.1,13.72],[120.12,13.85],[120.27,13.85],[120.1,13.72]]],[[[121.25,15.01],[121.32,15.01],[121.31,14.94],[121.25,15.01]]],[[[120.97,14.62],[120.29,14.49],[119.85,15.91],[120.67,15.97],[120.95,15.01],[121.37,14.88],[121.21,14.3],[120.59,14.04],[120.97,14.62]]],[[[18.44,40.1],[18.11,39.9],[17.35,40.55],[16.62,40.29],[16.45,39.64],[17.14,39.06],[15.93,37.96],[15.39,38.16],[15.05,36.74],[12.49,37.71],[12.65,38.09],[14.6,38.03],[15.86,38.29],[16.27,38.74],[15.75,40.03],[15.04,40.23],[14.89,40.68],[11.73,42.17],[12.06,42.76],[11.82,43.34],[12.23,43.6],[11.51,44.39],[10.86,44.32],[11.35,44.91],[12.16,44.71],[14.37,42.24],[16.12,41.91],[15.94,41.39],[18.44,40.1]]],[[[11.49,42.3],[11.49,42.37],[11.57,42.37],[11.49,42.3]]],[[[11.34,42.43],[11.18,42.5],[11.18,42.56],[11.34,42.43]]],[[[10.86,43.08],[10.94,42.89],[10.7,42.95],[10.86,43.08]]]]}},{"type":"Feature","properties":{"n":"Electorate of Brandenburg","f":1572,"t":1578,"w":"Q148499"},"geometry":{"type":"MultiPolygon","coordinates":[[[[14.19,52.12],[14.27,51.92],[13.93,52.05],[14.19,52.12]]],[[[15.65,52.32],[14.78,51.92],[13.94,52.32],[12.4,52.18],[12.33,52.79],[11.13,52.38],[10.79,52.99],[11.39,53.06],[11.13,53.33],[11.74,53.6],[13.2,53.33],[13.72,53.73],[14.65,53.06],[16.05,53.66],[15.98,54.07],[16.41,54.0],[16.1,52.86],[15.49,52.65],[15.65,52.32]]]]}},{"type":"Feature","properties":{"n":"Small Horde","f":1572,"t":1587,"w":"Q631210"},"geometry":{"type":"MultiPolygon","coordinates":[[[[42.49,46.09],[42.22,45.5],[40.97,44.91],[39.95,44.65],[36.78,45.1],[36.75,45.43],[37.7,45.3],[37.59,45.63],[38.37,46.35],[37.84,46.61],[39.48,47.07],[39.39,47.47],[42.25,46.55],[42.49,46.09]]],[[[52.45,52.18],[52.13,51.45],[52.11,46.94],[50.3,46.94],[49.95,47.53],[46.08,48.99],[46.14,49.91],[47.25,51.58],[47.13,52.05],[49.01,52.92],[50.01,53.94],[52.69,54.68],[53.36,53.87],[53.05,52.45],[52.45,52.18]]]]}},{"type":"Feature","properties":{"n":"Portuguese Colonies","f":1572,"t":1581,"w":"Q200464"},"geometry":{"type":"MultiPolygon","coordinates":[[[[76.45,9.99],[76.56,9.41],[76.26,9.35],[76.45,9.99]]],[[[79.87,10.83],[79.86,10.73],[79.85,10.82],[79.87,10.83]]],[[[75.78,10.96],[75.59,11.34],[75.81,11.41],[75.78,10.96]]],[[[75.27,11.92],[75.07,12.24],[75.29,12.31],[75.27,11.92]]],[[[74.52,15.26],[74.55,14.81],[74.24,14.62],[73.86,15.33],[74.52,15.26]]],[[[73.1,19.38],[72.99,18.99],[72.84,18.99],[73.1,19.38]]],[[[72.96,20.09],[72.9,20.21],[73.19,20.15],[72.96,20.09]]],[[[72.99,20.41],[72.92,20.41],[72.93,20.47],[72.99,20.41]]],[[[55.29,26.52],[56.32,27.03],[56.06,26.71],[55.29,26.52]]],[[[124.38,-9.16],[124.33,-9.49],[123.82,-9.49],[124.38,-9.16]]],[[[125.44,-8.84],[125.13,-8.59],[125.71,-8.52],[125.44,-8.84]]],[[[123.01,-8.52],[122.79,-8.59],[122.78,-8.39],[123.01,-8.52]]],[[[127.8,-3.57],[128.24,-3.51],[128.25,-3.7],[127.8,-3.57]]],[[[102.1,3.05],[102.67,2.73],[102.42,2.02],[101.71,2.41],[102.1,3.05]]],[[[80.23,5.88],[79.89,6.26],[79.79,8.51],[80.07,8.39],[80.05,6.65],[80.83,6.14],[80.23,5.88]]],[[[80.38,13.46],[80.41,13.08],[80.13,13.21],[80.38,13.46]]],[[[113.45,22.34],[113.69,22.4],[113.64,22.14],[113.45,22.34]]]]}},{"type":"Feature","properties":{"n":"Sultanate of Perak","f":1572,"t":1587,"w":"Q2649311"},"geometry":{"type":"Polygon","coordinates":[[[100.68,3.82],[100.37,4.91],[101.52,5.88],[101.63,3.95],[100.68,3.82]]]}},{"type":"Feature","properties":{"n":"Maynila","f":1572,"t":1594,"w":"Q4401247"},"geometry":{"type":"MultiPolygon","coordinates":[[[[123.72,24.39],[123.96,24.46],[123.91,24.26],[123.72,24.39]]],[[[125.26,24.91],[125.41,24.91],[125.44,24.71],[125.26,24.91]]],[[[127.82,26.07],[127.65,26.0],[127.93,26.71],[128.42,26.84],[127.82,26.07]]],[[[129.19,28.32],[129.8,28.57],[129.35,28.12],[129.19,28.32]]]]}},{"type":"Feature","properties":{"n":"Republic of Florence","f":1572,"t":1599,"w":"Q148540"},"geometry":{"type":"MultiPolygon","coordinates":[[[[10.46,42.89],[10.46,42.69],[10.21,42.69],[10.46,42.89]]],[[[11.57,42.37],[11.02,42.63],[10.21,43.93],[10.7,43.8],[10.86,44.25],[11.51,44.39],[12.23,43.6],[11.82,43.34],[12.06,42.76],[11.57,42.37]]]]}},{"type":"Feature","properties":{"n":"House of Savoy","f":1572,"t":1587,"w":"Q200229"},"geometry":{"type":"Polygon","coordinates":[[[6.91,43.54],[6.66,43.99],[7.46,44.65],[6.31,45.1],[6.13,45.56],[5.07,45.69],[4.97,46.28],[6.68,46.41],[7.1,45.89],[7.92,45.96],[8.58,45.56],[8.51,44.84],[6.91,43.54]]]}},{"type":"Feature","properties":{"n":"(Spanish Empire)","f":1572,"t":1578,"w":"Q80702"},"geometry":{"type":"MultiPolygon","coordinates":[[[[-75.34,-10.77],[-75.27,-10.77],[-75.27,-10.84],[-75.34,-10.77]]],[[[-104.86,22.85],[-104.99,22.4],[-104.11,22.14],[-103.91,22.59],[-103.8,22.08],[-103.57,22.4],[-103.48,21.95],[-103.15,22.14],[-102.12,21.11],[-101.54,21.56],[-100.51,20.86],[-99.91,21.18],[-98.42,20.79],[-98.35,21.18],[-97.35,21.37],[-95.77,18.8],[-94.48,18.22],[-92.5,18.74],[-91.5,18.48],[-90.48,19.89],[-90.32,21.11],[-86.92,21.63],[-86.66,20.99],[-87.35,20.21],[-87.7,18.29],[-87.99,18.74],[-89.17,17.77],[-90.57,17.77],[-90.6,16.55],[-90.38,16.04],[-89.54,15.84],[-85.88,15.97],[-85.69,15.07],[-84.58,14.43],[-84.94,13.72],[-84.42,11.34],[-83.58,10.96],[-82.21,9.03],[-81.03,8.84],[-79.69,9.61],[-78.96,9.61],[-77.99,9.29],[-76.83,8.19],[-76.93,8.64],[-75.66,9.48],[-75.58,10.51],[-74.96,11.15],[-74.36,10.89],[-74.17,11.34],[-73.15,11.41],[-71.84,12.44],[-71.1,12.31],[-71.28,11.79],[-71.92,11.6],[-71.65,10.83],[-69.66,11.66],[-68.46,11.34],[-68.19,10.51],[-66.37,10.7],[-65.09,10.06],[-64.03,10.7],[-61.91,10.76],[-61.98,10.57],[-63.28,10.38],[-64.64,9.74],[-68.96,9.93],[-70.54,9.48],[-71.23,8.64],[-72.04,8.77],[-72.92,7.16],[-73.16,5.69],[-76.15,1.7],[-77.54,-1.45],[-77.87,-3.25],[-77.69,-6.27],[-76.97,-7.88],[-76.34,-8.39],[-75.17,-11.35],[-73.45,-12.7],[-71.88,-13.15],[-70.67,-12.76],[-68.37,-13.28],[-65.67,-14.89],[-63.8,-15.34],[-62.48,-16.75],[-63.18,-20.61],[-64.08,-22.86],[-65.06,-23.95],[-67.12,-31.02],[-68.47,-33.66],[-70.48,-35.39],[-71.61,-39.59],[-72.91,-40.82],[-73.56,-42.11],[-74.34,-42.24],[-73.81,-41.79],[-74.13,-41.08],[-73.37,-39.46],[-73.84,-37.46],[-73.33,-37.13],[-72.42,-35.2],[-71.63,-32.69],[-71.94,-30.83],[-70.57,-25.17],[-70.53,-23.63],[-70.81,-23.5],[-70.27,-21.96],[-70.26,-19.84],[-70.44,-18.42],[-71.62,-17.33],[-75.22,-15.53],[-76.08,-14.69],[-76.46,-14.18],[-76.38,-13.41],[-77.8,-11.35],[-78.98,-8.46],[-79.98,-6.91],[-81.33,-6.14],[-81.01,-5.63],[-81.47,-4.41],[-80.05,-3.12],[-81.12,-2.29],[-81.03,-0.94],[-80.16,0.22],[-80.23,0.86],[-79.06,1.25],[-78.78,2.34],[-77.91,2.6],[-77.26,3.63],[-77.56,4.08],[-77.41,6.52],[-78.5,7.94],[-78.23,8.45],[-79.64,8.9],[-80.41,8.26],[-80.0,7.42],[-80.94,7.16],[-81.05,7.87],[-81.47,7.61],[-81.94,8.19],[-83.71,8.45],[-83.67,9.09],[-84.83,9.99],[-85.24,9.61],[-85.78,9.99],[-85.72,11.09],[-87.55,12.69],[-87.47,13.34],[-88.85,13.21],[-91.35,13.91],[-94.77,16.36],[-96.73,15.65],[-101.11,17.26],[-101.9,17.96],[-103.43,18.29],[-105.33,19.7],[-105.63,20.47],[-105.13,21.31],[-105.7,22.59],[-108.04,24.91],[-107.32,24.71],[-105.41,22.66],[-105.29,23.11],[-104.86,22.85]]],[[[-76.3,1.31],[-76.22,1.31],[-76.22,1.25],[-76.3,1.31]]],[[[-81.9,7.36],[-81.91,7.61],[-81.7,7.68],[-81.9,7.36]]],[[[-79.03,8.32],[-78.96,8.45],[-78.81,8.45],[-79.03,8.32]]],[[[-64.04,10.83],[-64.35,11.09],[-63.84,11.21],[-64.04,10.83]]],[[[-69.73,11.66],[-70.24,11.6],[-70.28,12.11],[-69.85,12.24],[-69.73,11.66]]],[[[-69.11,12.18],[-69.12,12.37],[-68.66,11.99],[-69.11,12.18]]],[[[-68.16,12.24],[-68.15,12.05],[-68.29,12.05],[-68.16,12.24]]],[[[-69.93,12.37],[-70.02,12.56],[-69.87,12.56],[-69.93,12.37]]],[[[-78.39,18.29],[-77.01,18.48],[-76.12,17.9],[-77.37,17.84],[-78.39,18.29]]],[[[-67.12,17.96],[-67.26,18.48],[-66.16,18.54],[-65.52,18.16],[-67.12,17.96]]],[[[-69.49,19.12],[-68.58,18.99],[-68.29,18.41],[-70.72,18.35],[-71.28,17.58],[-72.1,18.22],[-74.4,18.29],[-74.24,18.74],[-72.3,18.61],[-72.79,19.51],[-73.41,19.64],[-73.23,19.96],[-70.78,19.96],[-69.12,19.19],[-69.49,19.12]]],[[[-73.3,18.86],[-73.32,18.99],[-72.79,18.93],[-72.83,18.67],[-73.3,18.86]]],[[[-86.7,20.34],[-86.99,20.28],[-87.02,20.47],[-86.67,20.6],[-86.7,20.34]]],[[[-74.07,20.15],[-77.65,19.83],[-77.19,20.66],[-78.24,20.79],[-78.66,21.56],[-82.05,22.27],[-81.74,22.66],[-84.8,21.82],[-84.0,22.79],[-82.29,23.24],[-80.57,23.17],[-74.07,20.15]]],[[[-82.5,21.44],[-82.95,21.44],[-83.04,21.95],[-82.66,21.95],[-82.5,21.44]]],[[[-78.6,22.53],[-78.23,22.59],[-78.2,22.4],[-78.6,22.53]]],[[[-81.57,30.05],[-81.25,30.24],[-81.15,29.67],[-81.57,30.05]]],[[[-80.68,32.3],[-80.82,32.49],[-80.43,32.49],[-80.68,32.3]]],[[[-57.5,-24.34],[-57.0,-24.47],[-58.31,-26.59],[-58.82,-26.52],[-57.5,-24.34]]],[[[-63.42,10.25],[-63.35,10.25],[-63.35,10.19],[-63.42,10.25]]],[[[-61.0,10.06],[-61.73,10.06],[-61.55,10.83],[-60.89,10.83],[-61.0,10.06]]],[[[-17.85,27.87],[-17.9,27.61],[-18.06,27.67],[-17.85,27.87]]],[[[-15.73,27.74],[-15.76,28.19],[-15.3,28.12],[-15.73,27.74]]],[[[-17.35,28.19],[-17.12,28.25],[-17.03,28.06],[-17.35,28.19]]],[[[-16.91,28.38],[-16.09,28.57],[-16.36,28.06],[-16.65,27.93],[-16.91,28.38]]],[[[-13.77,28.77],[-13.81,28.25],[-14.32,28.06],[-13.77,28.77]]],[[[-17.71,28.89],[-17.67,28.51],[-17.9,28.51],[-17.71,28.89]]],[[[-13.65,29.22],[-13.42,29.22],[-13.47,28.89],[-13.86,29.02],[-13.65,29.22]]],[[[-2.99,35.45],[-2.84,35.45],[-2.83,35.26],[-2.99,35.45]]],[[[-0.53,35.71],[-0.45,35.58],[-0.67,35.45],[-0.92,35.71],[-0.53,35.71]]],[[[1.65,39.13],[1.66,39.0],[1.27,38.8],[1.18,39.06],[1.65,39.13]]],[[[2.34,39.64],[2.88,39.97],[3.52,39.77],[3.3,39.32],[2.34,39.64]]],[[[1.58,42.43],[2.99,43.02],[3.12,41.91],[0.7,40.94],[-0.13,40.03],[-0.31,39.13],[0.1,38.74],[-0.66,38.29],[-0.7,37.64],[-1.71,37.45],[-2.06,36.8],[-4.47,36.74],[-5.66,36.03],[-6.06,36.22],[-6.43,37.0],[-7.39,37.25],[-7.5,37.71],[-6.99,38.09],[-7.27,38.67],[-6.99,39.0],[-7.44,39.64],[-6.9,39.77],[-6.93,41.0],[-6.27,41.65],[-6.7,41.98],[-8.93,41.91],[-8.66,42.37],[-9.3,43.15],[-8.24,43.73],[-1.68,43.28],[1.58,42.43]]],[[[4.22,40.1],[4.3,39.84],[3.83,39.9],[4.22,40.1]]],[[[4.08,45.96],[3.99,46.28],[4.23,46.35],[4.4,46.09],[4.08,45.96]]],[[[5.37,46.35],[5.58,47.66],[6.89,47.93],[6.99,47.27],[5.37,46.35]]],[[[5.93,49.58],[5.35,49.32],[4.82,50.11],[5.9,50.38],[5.71,51.11],[6.04,51.31],[6.07,50.45],[6.4,50.51],[6.07,50.25],[6.59,49.98],[6.36,49.25],[5.85,49.32],[5.93,49.58]]],[[[3.58,51.51],[3.41,51.51],[3.4,51.65],[3.58,51.51]]],[[[5.28,51.18],[4.49,49.98],[1.87,50.38],[2.07,51.11],[4.34,51.38],[4.8,52.65],[5.39,52.86],[5.54,53.39],[6.74,53.53],[7.18,53.26],[6.68,52.65],[6.95,52.25],[5.94,51.85],[6.12,51.51],[5.28,51.18]]],[[[4.61,52.99],[4.61,53.12],[4.86,53.19],[4.61,52.99]]],[[[123.58,9.03],[123.44,9.09],[123.54,9.35],[123.58,9.03]]],[[[124.5,10.19],[124.62,9.93],[123.78,9.54],[123.74,9.86],[124.5,10.19]]],[[[122.81,10.12],[122.9,10.89],[123.56,10.96],[123.15,9.8],[123.22,9.03],[122.33,9.67],[122.81,10.12]]],[[[123.6,9.99],[123.48,9.48],[123.26,9.48],[124.11,11.28],[124.0,10.25],[123.6,9.99]]],[[[123.82,11.28],[123.79,11.02],[123.57,11.02],[123.82,11.28]]],[[[121.93,11.99],[123.12,11.54],[122.62,10.38],[121.9,10.44],[121.93,11.99]]],[[[123.73,12.31],[124.09,11.73],[123.17,11.99],[123.24,12.5],[123.77,12.63],[123.73,12.31]]],[[[121.9,12.37],[122.13,12.44],[122.09,12.11],[121.9,12.37]]],[[[122.69,12.24],[122.41,12.37],[122.51,12.56],[122.69,12.24]]],[[[121.99,12.5],[122.02,12.69],[122.24,12.69],[121.99,12.5]]],[[[123.52,12.95],[124.14,13.21],[124.12,12.5],[123.52,12.95]]],[[[120.74,13.59],[121.44,13.34],[121.29,12.18],[120.34,13.34],[120.74,13.59]]],[[[123.06,12.82],[122.96,13.14],[123.18,13.14],[123.36,12.89],[123.06,12.82]]],[[[122.2,13.53],[122.16,13.21],[121.86,13.21],[121.75,13.46],[122.2,13.53]]],[[[120.1,13.72],[120.12,13.85],[120.27,13.85],[120.1,13.72]]],[[[121.25,15.01],[121.32,15.01],[121.31,14.94],[121.25,15.01]]],[[[120.97,14.62],[120.29,14.49],[119.85,15.91],[120.67,15.97],[120.95,15.01],[121.37,14.88],[121.21,14.3],[120.59,14.04],[120.97,14.62]]],[[[18.44,40.1],[18.11,39.9],[17.35,40.55],[16.62,40.29],[16.45,39.64],[17.14,39.06],[15.93,37.96],[15.39,38.16],[15.05,36.74],[12.49,37.71],[12.65,38.09],[14.6,38.03],[15.86,38.29],[16.27,38.74],[15.75,40.03],[13.79,41.13],[13.96,41.72],[13.01,42.04],[12.86,42.5],[13.99,42.95],[14.37,42.24],[16.12,41.91],[15.94,41.39],[18.44,40.1]]],[[[9.59,39.13],[8.34,39.0],[8.15,40.94],[9.5,41.2],[9.59,39.13]]],[[[11.34,42.43],[11.18,42.5],[11.18,42.56],[11.34,42.43]]],[[[10.94,42.89],[10.62,43.02],[10.62,43.08],[10.94,42.89]]],[[[9.32,45.17],[9.4,44.45],[8.34,45.1],[8.58,45.56],[7.92,45.96],[8.32,46.41],[8.9,45.89],[9.39,46.22],[9.31,45.69],[10.45,45.04],[9.32,45.17]]]]}},{"type":"Feature","properties":{"n":"(Kingdom of France)","f":1572,"t":1578,"w":"Q207162"},"geometry":{"type":"MultiPolygon","coordinates":[[[[-1.68,43.28],[-1.03,45.5],[-1.25,46.28],[-2.84,47.6],[-4.42,47.8],[-4.91,48.52],[-3.46,48.92],[-1.6,48.65],[-2.03,49.78],[0.01,49.38],[0.22,49.85],[1.45,50.25],[1.5,50.91],[2.01,50.78],[2.13,50.25],[4.49,49.98],[5.03,49.05],[4.88,48.65],[5.87,48.85],[5.88,48.46],[5.38,48.52],[5.82,47.73],[4.9,45.96],[7.46,44.65],[6.66,43.99],[6.91,43.54],[5.8,43.15],[3.85,43.6],[1.81,42.56],[-1.68,43.28]],[[4.23,46.35],[3.99,46.28],[4.08,45.96],[4.4,46.09],[4.23,46.35]]],[[[6.79,48.46],[6.72,48.19],[6.47,48.32],[6.79,48.46]]],[[[6.03,48.92],[6.04,48.79],[5.87,48.85],[6.03,48.92]]],[[[7.03,49.05],[6.62,48.85],[7.21,48.59],[5.86,48.99],[7.03,49.05]]],[[[5.7,48.99],[5.36,48.99],[5.35,49.32],[5.7,48.99]]]]}},{"type":"Feature","properties":{"n":"Denmark-Norway","f":1572,"t":1594,"w":"Q62651"},"geometry":{"type":"MultiPolygon","coordinates":[[[[9.75,55.57],[10.63,55.63],[10.88,54.95],[10.54,54.75],[9.93,55.09],[9.93,54.55],[11.05,54.21],[9.93,53.6],[8.89,53.87],[8.53,55.36],[8.0,55.63],[7.98,56.66],[8.5,57.21],[10.46,57.77],[10.28,56.59],[10.9,56.52],[10.81,56.18],[10.37,56.25],[9.75,55.57]]],[[[10.63,55.77],[10.36,55.77],[10.45,55.98],[10.63,55.77]]],[[[14.32,55.98],[14.3,55.36],[12.81,55.36],[12.56,55.98],[12.1,54.75],[10.88,54.75],[11.67,55.09],[10.97,55.29],[10.89,55.77],[11.77,55.84],[12.75,56.52],[11.79,57.42],[11.98,57.77],[13.46,56.59],[16.09,56.32],[14.32,55.98]]],[[[-6.71,61.41],[-6.99,61.48],[-7.02,61.62],[-6.71,61.41]]],[[[-6.66,62.26],[-6.69,61.9],[-7.28,62.05],[-6.66,62.26]]],[[[-19.55,65.81],[-19.2,66.25],[-17.59,66.03],[-15.79,66.55],[-13.7,65.59],[-13.47,65.08],[-14.8,64.28],[-15.5,64.42],[-18.16,63.41],[-19.39,63.41],[-21.15,63.91],[-22.8,63.77],[-22.83,64.13],[-22.17,64.13],[-22.1,64.49],[-24.16,64.93],[-22.06,65.52],[-24.03,65.37],[-24.42,65.66],[-23.8,65.81],[-23.67,66.25],[-22.94,66.11],[-23.0,66.55],[-21.48,66.11],[-21.26,65.44],[-20.4,65.74],[-20.54,66.18],[-19.55,65.81]]],[[[12.89,68.12],[13.19,68.12],[13.19,67.97],[12.89,68.12]]],[[[13.58,68.05],[13.39,68.05],[13.7,68.42],[14.09,68.2],[13.58,68.05]]],[[[15.08,55.23],[15.07,55.02],[14.64,55.09],[15.08,55.23]]],[[[18.91,57.42],[18.08,56.94],[18.23,57.83],[19.05,57.97],[18.91,57.42]]],[[[22.25,58.67],[23.23,58.6],[21.9,57.9],[21.88,58.53],[22.25,58.67]]],[[[28.18,70.57],[29.29,70.95],[31.12,70.49],[28.43,69.87],[26.21,69.87],[25.63,68.95],[24.86,68.57],[22.78,68.65],[21.07,69.26],[20.24,69.03],[19.96,68.42],[18.09,68.57],[18.05,68.12],[16.23,67.59],[16.38,67.07],[14.57,66.11],[14.34,65.22],[16.48,64.35],[15.49,63.7],[16.59,63.12],[14.69,62.62],[15.23,62.19],[14.74,61.69],[12.51,61.69],[12.78,61.19],[12.31,60.98],[12.57,60.35],[11.92,59.92],[12.16,58.18],[11.89,57.97],[11.18,58.39],[11.1,59.16],[10.56,59.64],[10.01,58.95],[7.6,57.97],[5.51,58.6],[6.03,59.36],[5.21,59.29],[5.45,60.14],[4.9,60.21],[5.08,62.26],[5.92,62.19],[6.64,62.76],[7.4,62.62],[6.92,63.05],[8.23,63.19],[7.84,63.55],[9.07,63.7],[9.26,63.41],[10.3,64.42],[11.35,64.49],[11.45,65.0],[12.13,65.15],[12.53,65.74],[12.35,66.25],[12.82,66.03],[12.94,66.62],[15.88,68.27],[14.19,68.2],[14.9,68.57],[14.42,68.8],[15.03,69.11],[15.52,68.8],[15.75,69.33],[16.15,69.33],[15.92,68.88],[17.52,68.88],[17.65,69.18],[17.04,69.11],[16.87,69.49],[18.58,69.49],[18.2,69.72],[19.59,70.33],[19.84,69.87],[20.81,70.33],[20.77,70.02],[21.77,69.95],[21.43,70.41],[22.33,70.33],[22.41,70.8],[24.33,70.72],[25.87,71.27],[25.88,70.8],[26.75,71.03],[26.56,70.64],[26.96,70.57],[27.71,71.19],[28.46,70.88],[28.18,70.57]]],[[[23.97,70.95],[23.99,71.11],[24.1,71.11],[23.97,70.95]]]]}},{"type":"Feature","properties":{"n":"(Habsburg Monarchy)","f":1572,"t":1587,"w":"Q66504140"},"geometry":{"type":"MultiPolygon","coordinates":[[[[7.47,48.06],[7.56,47.6],[6.98,47.53],[6.89,47.93],[7.47,48.06]]],[[[7.56,47.53],[7.89,47.66],[7.71,48.32],[8.21,48.26],[8.06,47.33],[7.56,47.53]]],[[[9.29,47.99],[9.29,47.8],[8.88,47.73],[9.29,47.99]]],[[[8.79,47.86],[8.63,47.99],[8.71,47.99],[8.79,47.86]]],[[[8.21,47.99],[8.21,48.13],[8.46,48.06],[8.21,47.99]]],[[[8.79,48.32],[8.71,48.19],[8.54,48.32],[8.79,48.32]]],[[[8.87,48.19],[8.87,48.32],[9.04,48.26],[8.87,48.19]]],[[[8.21,48.39],[8.45,48.39],[8.29,48.32],[8.21,48.39]]],[[[8.29,48.59],[8.45,48.59],[8.37,48.46],[8.29,48.59]]],[[[8.62,48.65],[8.7,48.52],[8.62,48.52],[8.62,48.65]]],[[[9.54,47.99],[9.54,47.86],[9.37,47.93],[9.54,47.99]]],[[[10.36,47.99],[10.12,48.06],[10.2,48.26],[10.53,48.26],[10.36,47.99]]],[[[17.32,51.71],[17.55,51.25],[19.03,50.58],[19.24,49.85],[18.88,49.45],[21.8,49.38],[22.44,49.05],[22.52,47.93],[20.83,47.33],[20.13,47.99],[18.21,47.73],[18.17,46.87],[16.92,46.35],[17.55,45.82],[16.8,45.43],[16.29,44.84],[16.52,44.32],[16.19,44.25],[15.88,44.71],[14.91,44.58],[14.6,45.37],[14.2,45.37],[14.19,45.04],[13.79,45.24],[14.12,45.5],[13.31,45.82],[13.56,46.55],[11.11,46.41],[9.54,47.2],[9.62,47.53],[12.51,47.66],[12.18,47.07],[13.74,47.07],[13.18,48.06],[14.1,48.65],[12.53,49.52],[12.12,50.25],[14.33,50.98],[14.26,51.71],[13.43,52.18],[13.94,52.32],[14.78,51.92],[15.65,52.32],[16.72,51.58],[17.32,51.71]],[[20.29,49.25],[20.28,49.12],[20.45,49.18],[20.29,49.25]],[[14.27,51.92],[14.19,52.12],[13.93,52.05],[14.27,51.92]]],[[[9.95,48.46],[10.03,48.26],[9.45,48.19],[9.95,48.46]]],[[[9.37,48.26],[9.2,48.26],[9.2,48.32],[9.37,48.26]]],[[[10.11,48.32],[10.11,48.46],[10.28,48.39],[10.11,48.32]]],[[[13.67,51.65],[13.24,51.71],[13.25,51.85],[13.67,51.65]]]]}},{"type":"Feature","properties":{"n":"Kingdom of Spain","f":1572,"t":1578,"w":"Q29"},"geometry":{"type":"MultiPolygon","coordinates":[[[[1.27,38.8],[1.18,39.06],[1.65,39.13],[1.27,38.8]]],[[[3.3,39.32],[2.35,39.45],[2.88,39.97],[3.52,39.77],[3.3,39.32]]],[[[-1.77,43.41],[1.58,42.43],[2.99,43.02],[3.12,41.91],[0.7,40.94],[-0.13,40.03],[-0.31,39.13],[0.1,38.74],[-0.66,38.29],[-0.7,37.64],[-1.71,37.45],[-2.06,36.8],[-4.47,36.74],[-5.66,36.03],[-6.43,37.0],[-7.39,37.25],[-7.5,37.71],[-6.99,38.09],[-7.27,38.67],[-6.99,39.0],[-7.44,39.64],[-6.9,39.77],[-6.93,41.0],[-6.27,41.65],[-6.7,41.98],[-8.93,41.91],[-8.66,42.37],[-9.3,43.15],[-8.24,43.73],[-1.77,43.41]]],[[[4.22,40.1],[4.3,39.84],[3.83,39.9],[4.22,40.1]]],[[[4.23,46.35],[4.33,45.96],[4.08,45.96],[4.23,46.35]]],[[[3.57,51.65],[3.58,51.51],[3.41,51.51],[3.57,51.65]]],[[[5.94,51.85],[6.12,51.51],[5.28,51.18],[4.49,49.98],[1.87,50.38],[2.07,51.11],[4.34,51.38],[4.8,52.65],[5.39,52.86],[5.54,53.39],[7.18,53.26],[6.53,51.85],[5.94,51.85]]],[[[4.87,53.06],[4.61,52.99],[4.61,53.12],[4.87,53.06]]],[[[15.94,41.39],[17.98,40.61],[18.35,39.9],[17.35,40.55],[16.62,40.29],[16.45,39.64],[17.14,39.06],[15.93,37.96],[15.39,38.16],[15.05,36.74],[12.49,37.71],[12.65,38.09],[14.6,38.03],[15.86,38.29],[16.27,38.74],[15.75,40.03],[13.79,41.13],[13.96,41.72],[13.01,42.04],[12.86,42.5],[13.99,42.95],[14.37,42.24],[16.12,41.91],[15.94,41.39]]],[[[9.59,39.13],[8.34,39.0],[8.15,40.94],[9.5,41.2],[9.82,40.36],[9.59,39.13]]],[[[11.18,42.56],[11.34,42.63],[11.34,42.43],[11.18,42.56]]],[[[10.86,43.08],[10.94,42.89],[10.7,42.95],[10.86,43.08]]],[[[9.32,45.17],[9.4,44.45],[8.34,45.1],[8.58,45.56],[7.92,45.96],[8.32,46.41],[8.9,45.89],[9.39,46.22],[9.31,45.69],[10.45,45.17],[9.32,45.17]]],[[[5.37,46.35],[5.58,47.66],[6.89,47.93],[6.99,47.27],[5.37,46.35]]],[[[5.86,49.25],[5.93,49.58],[5.35,49.32],[4.83,49.85],[5.15,50.31],[5.9,50.38],[5.87,51.31],[6.07,50.45],[6.4,50.51],[6.07,50.25],[6.58,50.11],[6.27,49.25],[5.86,49.25]]]]}},{"type":"Feature","properties":{"n":"Nayaks of Thanjavur","f":1572,"t":1672,"w":"Q1588434"},"geometry":{"type":"Polygon","coordinates":[[[79.91,10.28],[79.33,10.22],[79.18,9.81],[78.54,10.96],[79.69,11.37],[79.91,10.28]]]}},{"type":"Feature","properties":{"n":"(Holy Roman Empire)","f":1572,"t":1578,"w":"Q12548"},"geometry":{"type":"MultiPolygon","coordinates":[[[[8.11,43.99],[7.71,44.12],[8.5,45.04],[8.75,44.97],[8.11,43.99]]],[[[6.83,47.14],[7.08,46.94],[6.51,46.87],[6.83,47.14]]],[[[9.4,44.45],[9.32,45.17],[10.45,45.04],[10.62,45.43],[11.59,44.91],[10.7,43.8],[9.4,44.45]]],[[[11.99,44.65],[11.75,44.84],[11.83,44.97],[12.24,44.97],[11.99,44.65]]],[[[11.52,46.61],[12.09,46.68],[11.02,45.76],[10.45,45.89],[10.53,46.55],[11.52,46.61]]],[[[9.54,47.2],[9.63,47.14],[9.46,47.14],[9.54,47.2]]],[[[13.0,47.53],[13.18,48.06],[13.74,47.07],[12.18,47.07],[12.51,47.66],[13.0,47.53]]],[[[13.36,48.99],[14.1,48.65],[13.85,48.46],[13.27,48.59],[13.36,48.99]]],[[[12.8,50.65],[12.63,50.65],[12.55,50.91],[12.8,50.65]]],[[[7.89,47.66],[7.56,47.53],[7.47,48.06],[7.06,47.93],[7.03,48.99],[7.53,49.12],[6.69,49.32],[7.69,49.38],[7.95,48.99],[8.78,49.25],[7.76,49.91],[7.6,49.58],[6.35,49.58],[6.58,50.11],[6.07,50.25],[6.4,50.51],[6.07,50.45],[6.04,51.31],[5.71,51.11],[5.9,50.38],[4.82,50.11],[5.18,49.58],[4.94,49.18],[4.49,49.98],[5.28,51.18],[6.12,51.51],[5.94,51.85],[6.95,52.25],[6.68,52.65],[7.02,52.72],[7.08,53.73],[10.36,53.66],[10.53,54.0],[13.41,54.75],[13.74,54.27],[13.3,54.21],[14.5,53.73],[15.04,54.21],[18.02,54.89],[17.08,53.6],[15.98,54.07],[16.05,53.66],[14.65,53.06],[13.9,53.73],[13.2,53.33],[11.31,53.46],[11.39,53.06],[10.79,52.99],[10.87,52.59],[11.55,52.38],[12.33,52.79],[12.4,51.71],[11.63,51.25],[10.61,51.38],[10.1,51.25],[11.88,50.98],[12.05,51.31],[12.55,50.91],[11.79,50.85],[12.21,50.78],[12.12,50.18],[11.2,49.78],[10.94,48.85],[10.03,49.12],[10.53,48.26],[10.12,48.06],[10.53,48.19],[10.61,47.6],[10.12,47.33],[9.04,47.73],[9.29,47.99],[8.47,47.6],[8.22,47.66],[8.21,47.99],[8.21,48.26],[7.71,48.32],[7.89,47.66]],[[8.46,47.99],[8.38,48.13],[8.21,47.99],[8.46,47.99]],[[11.38,51.51],[11.46,51.65],[10.87,51.65],[11.38,51.51]],[[10.2,48.46],[10.11,48.46],[10.11,48.32],[10.2,48.46]],[[9.95,48.46],[9.45,48.46],[9.45,48.19],[9.95,48.46]],[[9.54,47.86],[9.54,47.99],[9.37,47.93],[9.54,47.86]],[[9.2,48.32],[9.2,48.26],[9.37,48.26],[9.2,48.32]],[[8.71,48.19],[8.79,48.32],[8.54,48.32],[8.71,48.19]],[[9.04,48.19],[9.04,48.26],[8.87,48.32],[9.04,48.19]],[[8.71,47.99],[8.63,47.99],[8.79,47.86],[8.71,47.99]],[[8.62,48.65],[8.53,48.59],[8.62,48.52],[8.62,48.65]],[[8.45,48.39],[8.21,48.39],[8.29,48.32],[8.45,48.39]],[[8.29,48.59],[8.37,48.46],[8.45,48.59],[8.29,48.59]]],[[[12.9,51.45],[12.9,51.31],[12.64,51.38],[12.9,51.45]]],[[[24.52,57.42],[24.54,56.87],[23.84,56.94],[24.52,57.42]]]]}},{"type":"Feature","properties":{"n":"Polish-Lithuanian Commonwealth","f":1572,"t":1578,"w":"Q172107"},"geometry":{"type":"MultiPolygon","coordinates":[[[[31.66,48.26],[31.74,48.26],[31.73,48.19],[31.66,48.26]]],[[[20.29,49.25],[20.45,49.18],[20.28,49.12],[20.29,49.25]]],[[[33.96,49.18],[32.48,48.79],[31.22,48.06],[29.8,47.93],[29.22,47.27],[28.88,47.86],[27.39,48.65],[25.51,48.92],[25.25,48.79],[25.54,48.39],[24.91,47.8],[22.78,49.12],[18.88,49.45],[19.24,49.85],[19.03,50.58],[17.55,51.25],[17.32,51.71],[16.13,51.71],[15.49,52.65],[16.1,52.86],[16.4,53.8],[17.08,53.6],[17.19,54.0],[17.62,54.0],[18.02,54.89],[18.46,54.89],[18.69,54.41],[20.83,54.07],[20.1,53.66],[19.45,54.21],[18.7,53.39],[19.74,53.46],[20.4,53.06],[22.42,53.6],[22.81,54.89],[20.84,56.18],[21.31,57.35],[22.52,57.83],[23.41,57.08],[25.9,56.46],[26.5,55.7],[28.15,56.18],[28.88,55.29],[30.67,55.02],[32.15,53.53],[31.9,53.12],[31.31,53.19],[31.66,52.18],[30.58,51.85],[30.54,50.98],[32.26,51.18],[34.47,50.25],[33.96,49.18]]]]}},{"type":"Feature","properties":{"n":"Sultanate of Kedah","f":1572,"t":1587,"w":"Q1317579"},"geometry":{"type":"MultiPolygon","coordinates":[[[[100.3,4.98],[100.19,6.71],[101.09,6.07],[100.3,4.98]]],[[[99.58,6.39],[99.88,6.52],[99.87,6.26],[99.58,6.39]]]]}},{"type":"Feature","properties":{"n":"Patani Kingdom","f":1572,"t":1587,"w":"Q584435"},"geometry":{"type":"Polygon","coordinates":[[[101.0,6.91],[102.06,6.33],[101.88,5.75],[101.0,5.69],[101.0,6.91]]]}},{"type":"Feature","properties":{"n":"Ming Dynasty","f":1579,"t":1581,"w":"Q9903"},"geometry":{"type":"MultiPolygon","coordinates":[[[[108.76,18.41],[108.7,19.38],[109.25,19.96],[110.91,20.15],[111.03,19.57],[109.86,18.35],[108.76,18.41]]],[[[122.28,29.99],[121.98,29.99],[122.05,30.18],[122.28,29.99]]],[[[124.04,40.87],[124.29,40.36],[124.73,40.42],[124.23,39.84],[121.03,38.74],[121.69,39.38],[121.28,39.64],[122.23,40.48],[121.11,40.87],[119.22,39.32],[117.78,39.13],[117.58,38.74],[118.07,38.16],[119.46,37.96],[119.16,37.19],[120.75,37.9],[122.71,37.45],[122.39,36.8],[120.98,36.61],[119.23,34.81],[120.34,34.36],[120.92,32.62],[121.96,31.98],[121.58,31.4],[121.9,30.82],[120.68,30.18],[121.48,30.31],[122.03,29.92],[122.0,29.41],[121.71,29.22],[121.59,29.54],[121.65,28.32],[121.12,28.32],[119.59,26.13],[119.53,25.62],[119.87,25.49],[119.27,25.49],[118.76,24.59],[118.15,24.52],[116.54,22.91],[114.64,22.72],[114.37,22.08],[113.6,22.72],[113.07,21.89],[110.42,21.18],[110.57,20.34],[110.03,20.21],[109.81,21.5],[107.24,21.69],[106.71,22.08],[106.71,22.91],[105.44,23.3],[103.96,22.53],[101.72,22.46],[101.81,21.18],[101.36,21.18],[100.65,23.17],[99.21,24.71],[98.79,27.35],[98.16,28.19],[98.87,28.32],[99.4,29.47],[99.61,28.25],[100.68,29.73],[101.87,33.52],[101.2,33.78],[101.69,34.1],[100.85,34.55],[102.03,34.61],[101.71,35.0],[102.92,36.35],[102.1,37.77],[101.7,37.58],[99.9,38.87],[100.5,39.71],[101.18,39.64],[101.17,39.26],[102.09,38.87],[103.12,39.06],[102.79,38.48],[104.54,37.64],[106.16,37.96],[107.33,39.64],[107.65,39.32],[107.29,38.55],[108.84,37.84],[109.53,37.96],[110.42,39.51],[113.32,40.55],[114.68,40.42],[116.61,41.2],[117.34,40.94],[117.37,40.42],[118.42,40.61],[119.36,40.03],[121.45,41.59],[121.93,41.72],[122.01,41.33],[122.41,41.33],[123.7,42.89],[124.66,42.76],[124.21,42.04],[124.04,40.87]]]]}},{"type":"Feature","properties":{"n":"Safavid Dynasty","f":1579,"t":1587,"w":"Q161205"},"geometry":{"type":"Polygon","coordinates":[[[53.88,37.71],[56.37,38.42],[56.08,38.87],[56.39,39.9],[57.83,41.26],[60.84,40.94],[62.38,41.33],[62.65,39.71],[64.66,38.03],[65.94,37.51],[66.36,36.67],[65.89,30.89],[65.93,30.24],[66.69,29.86],[66.26,25.49],[62.02,25.04],[59.06,25.36],[57.38,25.74],[56.71,27.16],[54.83,26.45],[51.32,27.99],[50.06,30.18],[48.39,30.12],[47.74,31.01],[47.98,31.72],[47.6,32.3],[46.23,32.94],[45.44,33.91],[45.88,35.39],[44.31,37.9],[44.08,40.81],[45.6,40.48],[47.22,41.46],[47.99,41.33],[48.28,41.98],[49.51,40.61],[50.26,40.42],[49.51,40.23],[48.8,39.0],[48.83,37.84],[51.26,36.61],[54.03,36.87],[53.88,37.71]]]}},{"type":"Feature","properties":{"n":"Holy Roman Empire Minor States","f":1579,"t":1587,"w":"Q12548"},"geometry":{"type":"MultiPolygon","coordinates":[[[[8.11,43.99],[7.71,44.12],[8.5,45.04],[8.75,44.97],[8.11,43.99]]],[[[6.83,47.14],[7.08,46.94],[6.51,46.87],[6.83,47.14]]],[[[4.49,49.98],[5.62,51.25],[5.9,50.38],[4.82,50.11],[5.18,49.58],[4.94,49.18],[4.49,49.98]]],[[[9.4,44.45],[9.32,45.17],[10.45,45.04],[10.62,45.43],[11.59,44.91],[10.7,43.8],[9.4,44.45]]],[[[11.99,44.65],[11.75,44.84],[11.83,44.97],[12.24,44.97],[11.99,44.65]]],[[[11.52,46.61],[12.09,46.68],[11.02,45.76],[10.45,45.89],[10.53,46.55],[11.52,46.61]]],[[[9.54,47.2],[9.63,47.14],[9.46,47.14],[9.54,47.2]]],[[[13.0,47.53],[13.18,48.06],[13.74,47.07],[12.18,47.07],[12.51,47.66],[13.0,47.53]]],[[[13.36,48.99],[14.1,48.65],[13.85,48.46],[13.27,48.59],[13.36,48.99]]],[[[12.8,50.65],[12.63,50.65],[12.55,50.91],[12.8,50.65]]],[[[7.89,47.66],[7.56,47.53],[7.47,48.06],[7.06,47.93],[7.03,48.99],[7.53,49.12],[6.69,49.32],[7.69,49.38],[7.95,48.99],[8.78,49.25],[7.76,49.91],[7.6,49.58],[6.35,49.58],[6.58,50.11],[6.07,50.25],[6.4,50.51],[6.07,50.45],[5.88,51.11],[6.21,51.45],[5.94,51.85],[6.53,51.85],[7.2,52.52],[7.08,53.73],[10.36,53.66],[10.53,54.0],[13.41,54.75],[13.74,54.27],[13.3,54.21],[14.5,53.73],[15.04,54.21],[18.02,54.89],[17.08,53.6],[15.98,54.07],[16.05,53.66],[14.65,53.06],[13.9,53.73],[13.2,53.33],[11.31,53.46],[11.39,53.06],[10.79,52.99],[10.87,52.59],[11.55,52.38],[12.33,52.79],[12.4,51.71],[11.63,51.25],[10.61,51.38],[10.1,51.25],[11.88,50.98],[12.05,51.31],[12.55,50.91],[11.79,50.85],[12.21,50.78],[12.12,50.18],[11.2,49.78],[10.94,48.85],[10.03,49.12],[10.53,48.26],[10.12,48.06],[10.53,48.19],[10.61,47.6],[10.12,47.33],[9.04,47.73],[9.29,47.99],[8.47,47.6],[8.22,47.66],[8.21,47.99],[8.21,48.26],[7.71,48.32],[7.89,47.66]],[[8.46,47.99],[8.38,48.13],[8.21,47.99],[8.46,47.99]],[[11.38,51.51],[11.46,51.65],[10.95,51.71],[10.87,51.45],[11.38,51.51]],[[10.2,48.46],[10.11,48.46],[10.11,48.32],[10.2,48.46]],[[9.95,48.46],[9.45,48.46],[9.45,48.19],[9.95,48.46]],[[9.54,47.86],[9.54,47.99],[9.37,47.93],[9.54,47.86]],[[9.2,48.32],[9.2,48.26],[9.37,48.26],[9.2,48.32]],[[8.71,48.19],[8.79,48.32],[8.54,48.32],[8.71,48.19]],[[9.04,48.19],[9.04,48.26],[8.87,48.32],[9.04,48.19]],[[8.71,47.99],[8.63,47.99],[8.79,47.86],[8.71,47.99]],[[8.62,48.65],[8.53,48.59],[8.62,48.52],[8.62,48.65]],[[8.45,48.39],[8.21,48.39],[8.29,48.32],[8.45,48.39]],[[8.29,48.59],[8.37,48.46],[8.45,48.59],[8.29,48.59]]],[[[12.9,51.45],[12.9,51.31],[12.64,51.38],[12.9,51.45]]],[[[24.52,57.42],[24.54,56.87],[23.84,56.94],[24.52,57.42]]]]}},{"type":"Feature","properties":{"n":"Kingdom of England","f":1579,"t":1581,"w":"Q179876"},"geometry":{"type":"MultiPolygon","coordinates":[[[[0.3,53.39],[0.08,52.92],[1.09,53.06],[1.72,52.72],[1.59,52.12],[0.52,51.51],[1.38,51.38],[1.31,51.11],[0.49,50.78],[-1.37,50.85],[-1.18,50.58],[-3.13,50.71],[-3.58,50.25],[-5.75,50.05],[-4.2,51.31],[-3.09,51.25],[-2.95,51.45],[-4.91,51.58],[-5.22,52.05],[-4.16,52.45],[-4.3,52.92],[-4.79,52.79],[-4.49,53.12],[-4.7,53.46],[-3.15,53.46],[-2.97,54.14],[-3.59,54.27],[-3.65,54.82],[-2.56,55.23],[-2.11,55.91],[-1.29,54.68],[-0.67,54.61],[0.3,53.39]]],[[[-6.09,52.86],[-6.43,52.18],[-9.64,51.45],[-10.45,51.78],[-10.25,52.12],[-10.53,52.25],[-9.94,52.32],[-9.38,53.12],[-10.21,53.46],[-9.83,53.8],[-10.08,54.27],[-8.7,54.27],[-8.32,54.61],[-8.87,54.82],[-8.41,55.23],[-6.5,55.29],[-5.9,54.07],[-6.33,54.07],[-6.09,52.86]]],[[[-4.36,54.21],[-4.86,54.07],[-4.81,54.34],[-4.36,54.21]]],[[[-5.73,54.75],[-5.99,54.75],[-5.93,54.95],[-5.73,54.75]]]]}},{"type":"Feature","properties":{"n":"Kingdom of France","f":1579,"t":1587,"w":"Q207162"},"geometry":{"type":"MultiPolygon","coordinates":[[[[4.88,48.65],[5.87,48.85],[5.88,48.46],[5.38,48.52],[5.82,47.73],[5.37,46.35],[4.9,45.96],[2.98,46.81],[2.4,46.81],[2.35,46.35],[0.94,46.55],[1.21,46.09],[-0.16,44.65],[3.97,44.78],[4.85,45.1],[4.58,45.69],[5.48,45.69],[6.13,45.56],[7.46,44.39],[6.9,44.32],[6.91,43.54],[6.52,43.21],[3.85,43.6],[1.81,42.56],[1.87,42.89],[0.87,43.67],[0.64,43.41],[0.99,42.82],[0.52,42.69],[0.2,42.76],[0.32,43.34],[-1.68,43.28],[-1.03,45.5],[-1.25,46.28],[-2.01,46.61],[-2.58,47.47],[-4.42,47.8],[-4.89,48.32],[-4.6,48.72],[-3.46,48.92],[-1.6,48.65],[-2.03,49.78],[0.01,49.38],[0.22,49.85],[1.45,50.25],[1.5,50.91],[1.99,51.11],[1.95,50.31],[4.49,49.98],[4.88,48.65]]],[[[6.54,48.52],[6.79,48.46],[6.72,48.19],[6.54,48.52]]],[[[5.87,48.85],[6.03,48.92],[6.04,48.79],[5.87,48.85]]],[[[7.03,49.05],[6.62,48.85],[7.21,48.59],[5.86,48.99],[7.03,49.05]]],[[[5.7,48.99],[5.36,48.99],[5.35,49.32],[5.7,48.99]]]]}},{"type":"Feature","properties":{"n":"Sultanate of Cirebon","f":1579,"t":1618,"w":"Q2077648"},"geometry":{"type":"Polygon","coordinates":[[[109.89,-7.94],[107.99,-7.81],[108.1,-7.3],[107.27,-6.79],[106.85,-5.89],[108.26,-6.27],[110.01,-7.56],[109.89,-7.94]]]}},{"type":"Feature","properties":{"n":"Union of Utrecht","f":1579,"t":1581,"w":"Q216165"},"geometry":{"type":"MultiPolygon","coordinates":[[[[5.04,44.19],[4.8,44.12],[4.88,44.25],[5.04,44.19]]],[[[5.94,51.85],[6.21,51.45],[5.88,51.11],[5.54,51.25],[5.86,51.51],[5.68,51.85],[4.59,51.65],[4.46,50.78],[2.92,51.18],[3.75,51.45],[3.4,51.65],[4.22,52.18],[4.61,53.12],[5.06,52.65],[5.54,53.39],[7.18,53.26],[7.2,52.52],[5.94,51.85]]]]}},{"type":"Feature","properties":{"n":"Warring States Japan","f":1579,"t":1581,"w":"Q204023"},"geometry":{"type":"MultiPolygon","coordinates":[[[[130.72,30.44],[130.62,30.18],[130.36,30.31],[130.72,30.44]]],[[[131.02,30.44],[130.82,30.5],[130.92,30.76],[131.17,30.82],[131.02,30.44]]],[[[130.61,32.56],[130.57,32.81],[130.25,33.14],[130.33,32.62],[129.79,32.62],[129.6,33.39],[132.69,35.52],[136.04,35.71],[135.9,36.03],[136.64,36.67],[136.72,37.38],[137.37,37.58],[136.96,37.13],[137.25,36.8],[139.39,38.22],[140.04,39.51],[139.66,39.9],[139.99,40.29],[139.77,40.55],[140.34,41.26],[141.54,41.39],[141.44,40.68],[142.09,39.64],[141.51,38.35],[140.92,38.03],[141.13,37.32],[140.61,36.42],[140.91,35.84],[140.41,35.19],[139.7,34.87],[139.96,35.64],[139.72,35.19],[139.21,35.26],[138.95,34.61],[138.8,35.07],[138.26,34.61],[137.07,34.55],[137.24,34.74],[136.73,34.94],[136.91,34.23],[136.45,34.23],[135.66,33.39],[135.03,33.84],[135.44,34.68],[132.32,34.29],[132.19,33.84],[131.09,33.97],[131.1,33.65],[131.82,33.71],[131.64,33.33],[132.09,33.14],[131.41,31.4],[130.64,31.01],[130.14,31.27],[130.1,31.91],[130.61,32.56]]],[[[130.13,32.17],[129.93,32.24],[129.99,32.56],[130.53,32.56],[130.13,32.17]]],[[[128.77,32.56],[128.57,32.62],[128.65,32.81],[128.77,32.56]]],[[[132.43,32.88],[132.36,33.39],[132.02,33.33],[132.88,34.16],[135.07,34.55],[134.22,33.26],[133.54,33.46],[133.03,32.69],[132.63,32.81],[132.78,33.14],[132.43,32.88]]],[[[129.82,33.71],[129.59,33.71],[129.73,33.84],[129.82,33.71]]],[[[129.31,34.1],[129.11,34.16],[129.4,34.29],[129.31,34.1]]],[[[129.43,34.36],[129.23,34.42],[129.29,34.55],[129.43,34.36]]],[[[138.61,38.09],[138.19,37.77],[138.14,37.96],[138.34,38.29],[138.61,38.09]]],[[[140.23,42.24],[140.94,41.78],[139.95,41.39],[139.9,42.11],[140.23,42.24]]]]}},{"type":"Feature","properties":{"n":"Kingdom of Scotland","f":1579,"t":1601,"w":"Q230791"},"geometry":{"type":"MultiPolygon","coordinates":[[[[-6.5,55.29],[-6.15,55.29],[-5.42,54.41],[-5.99,54.14],[-6.5,55.29]]],[[[-2.79,56.52],[-2.67,56.25],[-3.27,56.11],[-2.11,55.91],[-3.14,54.95],[-5.11,54.68],[-5.33,55.02],[-4.77,55.43],[-5.0,55.84],[-5.44,55.91],[-5.12,55.43],[-5.57,55.57],[-5.63,55.29],[-5.89,55.29],[-5.8,55.98],[-6.63,55.63],[-5.66,56.18],[-6.29,56.32],[-5.95,57.01],[-6.82,57.49],[-6.32,57.77],[-5.7,57.14],[-5.89,57.83],[-5.2,58.67],[-3.14,58.74],[-3.43,58.18],[-4.12,57.97],[-3.99,57.7],[-1.85,57.7],[-2.79,56.52]]],[[[-7.6,57.35],[-7.25,57.42],[-7.29,57.08],[-7.6,57.35]]],[[[-7.12,57.7],[-7.11,57.63],[-7.44,57.49],[-7.12,57.7]]],[[[-6.21,58.18],[-7.13,57.77],[-7.28,58.18],[-6.26,58.53],[-6.21,58.18]]],[[[-3.2,59.22],[-2.79,58.88],[-3.42,58.81],[-3.2,59.22]]],[[[-2.58,59.36],[-2.56,59.22],[-2.83,59.16],[-2.58,59.36]]],[[[-1.2,60.07],[-1.67,60.21],[-1.63,60.63],[-0.83,60.84],[-1.2,60.07]]]]}},{"type":"Feature","properties":{"n":"(Portuguese Empire)","f":1579,"t":1581,"w":"Q200464"},"geometry":{"type":"MultiPolygon","coordinates":[[[[-36.26,-10.39],[-37.47,-11.41],[-38.13,-12.83],[-39.03,-13.28],[-39.28,-17.78],[-41.14,-22.15],[-41.91,-22.41],[-42.12,-22.99],[-44.74,-23.05],[-45.5,-23.89],[-46.09,-23.82],[-47.95,-24.98],[-48.82,-22.92],[-45.61,-22.86],[-43.38,-22.21],[-42.49,-21.51],[-41.44,-19.71],[-40.76,-17.01],[-40.02,-15.91],[-39.53,-11.67],[-38.38,-10.39],[-36.68,-9.94],[-36.36,-6.79],[-36.68,-5.11],[-35.3,-5.44],[-34.84,-7.49],[-36.26,-10.39]]],[[[-16.58,12.18],[-16.66,12.37],[-15.93,12.37],[-16.58,12.18]]],[[[-24.23,15.07],[-24.29,14.75],[-24.36,14.75],[-24.23,15.07]]],[[[-23.78,14.94],[-23.73,15.33],[-23.42,15.14],[-23.78,14.94]]],[[[-23.28,15.26],[-23.06,15.33],[-22.99,15.2],[-23.28,15.26]]],[[[-22.65,15.97],[-22.94,15.97],[-22.88,16.23],[-22.65,15.97]]],[[[-24.08,16.68],[-24.08,16.55],[-24.37,16.49],[-24.08,16.68]]],[[[-22.83,16.68],[-22.98,16.68],[-22.98,16.81],[-22.83,16.68]]],[[[-25.29,17.19],[-24.99,17.26],[-24.82,16.74],[-25.29,17.19]]],[[[-16.79,32.88],[-16.69,32.69],[-17.07,32.62],[-17.17,32.88],[-16.79,32.88]]],[[[-8.73,32.62],[-9.05,32.81],[-8.7,33.2],[-8.45,32.94],[-8.73,32.62]]],[[[-5.71,35.58],[-6.0,35.39],[-5.88,35.77],[-5.24,35.58],[-5.71,35.58]]],[[[-25.7,37.71],[-25.9,37.96],[-25.11,37.9],[-25.7,37.71]]],[[[-28.08,38.35],[-28.85,38.67],[-28.27,38.55],[-28.08,38.35]]],[[[-28.15,38.74],[-27.89,38.61],[-28.04,38.55],[-28.15,38.74]]],[[[-27.36,38.67],[-27.39,38.87],[-27.08,38.87],[-27.36,38.67]]],[[[-8.82,38.48],[-9.21,38.42],[-9.57,38.93],[-8.73,40.74],[-8.93,41.91],[-6.7,41.98],[-6.25,41.46],[-6.93,41.0],[-6.9,39.77],[-7.44,39.64],[-6.99,39.0],[-7.27,38.67],[-6.99,38.09],[-7.68,37.0],[-9.0,37.0],[-8.82,38.48]]],[[[35.03,-24.21],[34.93,-23.82],[35.38,-23.82],[35.03,-24.21]]],[[[34.54,-19.58],[34.71,-20.16],[34.34,-20.16],[34.54,-19.58]]],[[[37.26,-17.39],[37.7,-17.46],[37.63,-17.59],[37.26,-17.39]]],[[[40.75,-14.69],[40.55,-15.34],[40.17,-14.95],[40.75,-14.69]]],[[[13.11,-9.49],[12.89,-9.23],[13.25,-8.46],[13.54,-9.1],[13.11,-9.49]]],[[[39.82,-7.88],[39.53,-8.01],[39.52,-7.81],[39.82,-7.88]]],[[[39.49,-6.14],[39.43,-6.53],[39.06,-6.21],[39.12,-5.76],[39.49,-6.14]]],[[[39.77,-4.99],[39.7,-5.44],[39.55,-5.44],[39.77,-4.99]]],[[[6.3,0.35],[6.67,0.41],[6.38,0.03],[6.3,0.35]]],[[[7.19,1.51],[7.27,1.7],[7.34,1.7],[7.19,1.51]]],[[[8.9,3.63],[8.68,3.18],[8.31,3.24],[8.54,3.76],[8.9,3.63]]],[[[-2.6,4.91],[-2.52,5.11],[-2.3,5.11],[-2.6,4.91]]],[[[-1.65,4.98],[-1.8,4.85],[-1.57,5.3],[-1.28,5.04],[-1.65,4.98]]],[[[72.93,20.47],[73.0,20.47],[72.99,20.41],[72.93,20.47]]],[[[58.54,23.11],[58.29,23.62],[58.81,23.62],[59.27,22.98],[58.54,23.11]]],[[[50.65,25.87],[50.43,25.94],[50.46,26.26],[50.65,25.87]]],[[[55.79,26.97],[56.32,27.03],[56.06,26.71],[55.31,26.71],[55.79,26.97]]],[[[124.33,-9.49],[123.82,-9.49],[123.94,-9.23],[124.38,-9.16],[124.33,-9.49]]],[[[125.71,-8.52],[125.52,-8.84],[125.13,-8.59],[125.71,-8.52]]],[[[122.79,-8.59],[122.78,-8.39],[123.0,-8.39],[122.79,-8.59]]],[[[128.24,-3.51],[128.25,-3.7],[127.81,-3.83],[128.24,-3.51]]],[[[102.1,3.05],[102.67,2.73],[102.42,2.02],[101.72,2.54],[102.1,3.05]]],[[[79.89,8.96],[81.4,8.51],[81.88,6.71],[81.34,6.14],[80.23,5.88],[79.76,6.65],[79.89,8.96]]],[[[76.56,9.41],[76.26,9.35],[76.21,9.67],[76.56,9.41]]],[[[79.86,10.73],[79.85,10.83],[79.87,10.83],[79.86,10.73]]],[[[75.78,10.96],[75.59,11.34],[75.81,11.41],[75.78,10.96]]],[[[75.29,12.31],[75.41,11.92],[75.27,11.92],[75.29,12.31]]],[[[80.41,13.08],[80.13,13.21],[80.38,13.46],[80.41,13.08]]],[[[74.52,15.26],[74.55,14.81],[74.24,14.62],[73.8,15.39],[74.52,15.26]]],[[[72.99,18.99],[72.84,18.99],[72.87,19.31],[72.99,18.99]]],[[[72.9,20.21],[73.19,20.15],[73.18,20.09],[72.9,20.21]]],[[[113.45,22.34],[113.69,22.4],[113.64,22.14],[113.45,22.34]]]]}},{"type":"Feature","properties":{"n":"Spanish Empire","f":1579,"t":1581,"w":"Q80702"},"geometry":{"type":"MultiPolygon","coordinates":[[[[-73.46,-42.24],[-73.65,-42.83],[-74.1,-42.76],[-73.46,-42.24]]],[[[-75.34,-10.77],[-75.27,-10.77],[-75.27,-10.84],[-75.34,-10.77]]],[[[-104.86,22.85],[-104.99,22.4],[-104.11,22.14],[-103.91,22.59],[-103.8,22.08],[-103.57,22.4],[-103.48,21.95],[-103.15,22.14],[-102.12,21.11],[-101.54,21.56],[-100.51,20.86],[-99.91,21.18],[-98.42,20.79],[-98.35,21.18],[-97.35,21.37],[-95.77,18.8],[-94.48,18.22],[-92.5,18.74],[-91.5,18.48],[-90.48,19.89],[-90.32,21.11],[-86.92,21.63],[-86.66,20.99],[-87.35,20.21],[-87.7,18.29],[-87.99,18.74],[-89.17,17.77],[-90.57,17.77],[-90.6,16.55],[-90.38,16.04],[-89.54,15.84],[-85.88,15.97],[-85.69,15.07],[-84.58,14.43],[-84.94,13.72],[-84.42,11.34],[-83.58,10.96],[-82.21,9.03],[-81.03,8.84],[-79.69,9.61],[-78.96,9.61],[-77.99,9.29],[-76.83,8.19],[-76.93,8.64],[-75.66,9.48],[-75.58,10.51],[-74.96,11.15],[-74.36,10.89],[-74.17,11.34],[-73.15,11.41],[-71.84,12.44],[-71.1,12.31],[-71.28,11.79],[-71.92,11.6],[-71.65,10.83],[-69.66,11.66],[-68.46,11.34],[-68.19,10.51],[-66.37,10.7],[-65.09,10.06],[-64.03,10.7],[-61.91,10.76],[-61.98,10.57],[-63.28,10.38],[-64.64,9.74],[-68.96,9.93],[-70.54,9.48],[-71.23,8.64],[-72.04,8.77],[-72.92,7.16],[-73.16,5.69],[-76.15,1.7],[-77.54,-1.45],[-77.87,-3.25],[-77.69,-6.27],[-76.97,-7.88],[-76.34,-8.39],[-75.17,-11.35],[-73.45,-12.7],[-71.88,-13.15],[-70.67,-12.76],[-68.37,-13.28],[-65.67,-14.89],[-63.8,-15.34],[-62.48,-16.75],[-63.18,-20.61],[-64.08,-22.86],[-64.94,-23.63],[-66.59,-29.16],[-65.97,-30.06],[-63.93,-31.02],[-63.82,-31.79],[-64.72,-32.05],[-67.47,-31.47],[-68.47,-33.66],[-70.48,-35.39],[-71.61,-39.59],[-72.91,-40.82],[-73.56,-42.11],[-74.34,-42.24],[-73.81,-41.79],[-74.13,-41.08],[-73.37,-39.46],[-73.84,-37.46],[-73.33,-37.13],[-72.42,-35.2],[-71.63,-32.69],[-71.94,-30.83],[-70.57,-25.17],[-70.53,-23.63],[-70.81,-23.5],[-70.27,-21.96],[-70.26,-19.84],[-70.44,-18.42],[-71.62,-17.33],[-75.22,-15.53],[-76.08,-14.69],[-76.46,-14.18],[-76.38,-13.41],[-77.8,-11.35],[-78.98,-8.46],[-79.98,-6.91],[-81.33,-6.14],[-81.01,-5.63],[-81.47,-4.41],[-80.05,-3.12],[-81.12,-2.29],[-81.03,-0.94],[-80.16,0.22],[-80.23,0.86],[-79.06,1.25],[-78.78,2.34],[-77.91,2.6],[-77.26,3.63],[-77.56,4.08],[-77.41,6.52],[-78.5,7.94],[-78.23,8.45],[-79.64,8.9],[-80.41,8.26],[-80.0,7.42],[-80.94,7.16],[-81.05,7.87],[-81.47,7.61],[-81.94,8.19],[-83.71,8.45],[-83.67,9.09],[-84.83,9.99],[-85.24,9.61],[-85.78,9.99],[-85.72,11.09],[-87.55,12.69],[-87.47,13.34],[-88.85,13.21],[-91.35,13.91],[-94.77,16.36],[-96.73,15.65],[-101.11,17.26],[-101.9,17.96],[-103.43,18.29],[-105.33,19.7],[-105.63,20.47],[-105.13,21.31],[-105.7,22.59],[-108.04,24.91],[-107.32,24.71],[-105.41,22.66],[-105.29,23.11],[-104.86,22.85]]],[[[-76.3,1.25],[-76.3,1.31],[-76.22,1.31],[-76.3,1.25]]],[[[-81.9,7.36],[-81.91,7.61],[-81.7,7.68],[-81.9,7.36]]],[[[-79.03,8.32],[-78.96,8.45],[-78.81,8.45],[-79.03,8.32]]],[[[-69.73,11.66],[-70.24,11.6],[-70.28,12.11],[-69.85,12.24],[-69.73,11.66]]],[[[-78.39,18.29],[-77.01,18.48],[-76.12,17.9],[-77.37,17.84],[-78.39,18.29]]],[[[-69.49,19.12],[-68.58,18.99],[-68.29,18.41],[-70.72,18.35],[-71.28,17.58],[-72.1,18.22],[-74.4,18.29],[-74.24,18.74],[-72.3,18.61],[-72.79,19.51],[-73.41,19.64],[-73.23,19.96],[-70.78,19.96],[-69.08,19.38],[-69.49,19.12]]],[[[-73.3,18.86],[-73.32,18.99],[-72.79,18.93],[-72.83,18.67],[-73.3,18.86]]],[[[-86.7,20.34],[-86.99,20.28],[-87.02,20.47],[-86.67,20.6],[-86.7,20.34]]],[[[-77.66,21.82],[-75.63,21.18],[-74.07,20.15],[-77.65,19.83],[-77.19,20.66],[-78.24,20.79],[-78.66,21.56],[-82.05,22.27],[-81.74,22.66],[-84.8,21.82],[-84.0,22.79],[-82.29,23.24],[-80.57,23.17],[-79.25,22.46],[-77.64,22.14],[-77.66,21.82]]],[[[-82.5,21.44],[-82.95,21.44],[-83.04,21.95],[-82.66,21.95],[-82.5,21.44]]],[[[-78.6,22.53],[-78.23,22.59],[-78.2,22.4],[-78.6,22.53]]],[[[-81.57,30.05],[-81.25,30.24],[-81.15,29.67],[-81.57,30.05]]],[[[-80.68,32.3],[-80.82,32.49],[-80.43,32.49],[-80.68,32.3]]],[[[-57.5,-24.34],[-57.0,-24.47],[-58.31,-26.59],[-58.82,-26.52],[-57.5,-24.34]]],[[[-63.42,10.25],[-63.35,10.25],[-63.35,10.19],[-63.42,10.25]]],[[[-61.0,10.06],[-61.73,10.06],[-61.55,10.83],[-60.89,10.83],[-61.0,10.06]]],[[[-64.04,10.83],[-64.35,11.09],[-63.84,11.21],[-64.04,10.83]]],[[[-69.11,12.18],[-69.12,12.37],[-68.66,11.99],[-69.11,12.18]]],[[[-68.16,12.24],[-68.15,12.05],[-68.29,12.05],[-68.16,12.24]]],[[[-69.93,12.37],[-70.02,12.56],[-69.87,12.56],[-69.93,12.37]]],[[[-65.72,17.96],[-66.23,17.9],[-67.12,17.96],[-67.26,18.48],[-65.55,18.41],[-65.72,17.96]]],[[[-17.85,27.87],[-17.9,27.61],[-18.06,27.67],[-17.85,27.87]]],[[[-15.73,27.74],[-15.76,28.19],[-15.3,28.12],[-15.73,27.74]]],[[[-17.35,28.19],[-17.12,28.25],[-17.03,28.06],[-17.35,28.19]]],[[[-16.91,28.38],[-16.09,28.57],[-16.36,28.06],[-16.65,27.93],[-16.91,28.38]]],[[[-13.77,28.77],[-13.81,28.25],[-14.32,28.06],[-13.77,28.77]]],[[[-18.0,28.83],[-17.71,28.89],[-17.67,28.51],[-18.0,28.83]]],[[[-13.65,29.22],[-13.42,29.22],[-13.47,28.89],[-13.86,28.96],[-13.65,29.22]]],[[[-2.98,35.26],[-2.99,35.45],[-2.84,35.45],[-2.98,35.26]]],[[[123.58,9.03],[123.44,9.09],[123.54,9.35],[123.58,9.03]]],[[[124.5,10.19],[124.62,9.93],[123.78,9.54],[123.74,9.86],[124.5,10.19]]],[[[122.81,10.12],[122.9,10.89],[123.56,10.96],[123.15,9.8],[123.22,9.03],[122.33,9.67],[122.81,10.12]]],[[[123.6,9.99],[123.48,9.48],[123.26,9.48],[124.11,11.28],[124.0,10.25],[123.6,9.99]]],[[[123.82,11.28],[123.79,11.02],[123.57,11.02],[123.82,11.28]]],[[[121.93,11.99],[123.12,11.54],[122.62,10.38],[121.9,10.44],[121.93,11.99]]],[[[123.73,12.31],[124.09,11.73],[123.17,11.99],[123.24,12.5],[123.77,12.63],[123.73,12.31]]],[[[121.9,12.37],[122.13,12.44],[122.09,12.11],[121.9,12.37]]],[[[122.69,12.24],[122.41,12.37],[122.51,12.56],[122.69,12.24]]],[[[121.99,12.5],[122.02,12.69],[122.24,12.69],[121.99,12.5]]],[[[120.37,13.53],[121.44,13.34],[121.29,12.18],[120.37,13.53]]],[[[122.2,13.53],[122.16,13.21],[121.86,13.21],[121.75,13.46],[122.2,13.53]]],[[[120.1,13.72],[120.12,13.85],[120.27,13.85],[120.1,13.72]]],[[[124.11,13.53],[124.12,14.11],[124.47,13.98],[124.11,13.53]]],[[[122.13,15.01],[122.07,14.62],[121.86,14.69],[122.13,15.01]]],[[[121.84,14.11],[122.76,14.36],[123.12,13.79],[123.24,14.11],[123.94,13.85],[123.61,13.59],[124.14,13.21],[124.12,12.5],[123.45,13.01],[123.06,12.82],[123.27,13.27],[122.69,13.85],[122.74,13.21],[121.82,13.91],[121.4,13.59],[120.56,13.85],[120.97,14.62],[120.29,14.49],[119.73,16.1],[120.01,16.42],[120.4,16.1],[120.52,18.03],[120.98,17.32],[120.65,16.29],[121.17,15.91],[121.84,14.11]]],[[[-0.53,35.71],[-0.45,35.58],[-0.67,35.45],[-0.92,35.71],[-0.53,35.71]]]]}},{"type":"Feature","properties":{"n":"Crimean Khanate","f":1579,"t":1594,"w":"Q160440"},"geometry":{"type":"MultiPolygon","coordinates":[[[[35.02,45.3],[36.38,45.17],[34.03,44.65],[32.61,45.5],[34.15,46.09],[35.02,45.3]]],[[[39.21,47.4],[35.63,46.68],[34.74,46.15],[31.82,46.35],[33.69,46.87],[34.04,47.53],[35.03,47.53],[35.71,49.18],[38.28,47.73],[39.21,47.4]]],[[[36.48,48.85],[36.57,48.85],[36.56,48.79],[36.48,48.85]]]]}},{"type":"Feature","properties":{"n":"(Kingdom of England)","f":1579,"t":1581,"w":"Q179876"},"geometry":{"type":"MultiPolygon","coordinates":[[[[0.3,53.39],[0.08,52.92],[1.09,53.06],[1.72,52.72],[1.59,52.12],[0.52,51.51],[1.38,51.38],[1.31,51.11],[0.49,50.78],[-1.37,50.85],[-1.18,50.58],[-3.13,50.71],[-3.58,50.25],[-5.75,50.05],[-4.2,51.31],[-3.09,51.25],[-2.95,51.45],[-4.91,51.58],[-5.22,52.05],[-4.16,52.45],[-4.3,52.92],[-4.79,52.79],[-4.49,53.12],[-4.7,53.46],[-3.15,53.46],[-2.97,54.14],[-3.59,54.27],[-3.65,54.82],[-2.56,55.23],[-2.11,55.91],[-1.29,54.68],[-0.67,54.61],[0.3,53.39]]],[[[-6.09,52.86],[-6.43,52.18],[-9.64,51.45],[-10.45,51.78],[-10.25,52.12],[-10.53,52.25],[-9.94,52.32],[-9.38,53.12],[-10.21,53.46],[-9.83,53.8],[-10.08,54.27],[-8.7,54.27],[-8.32,54.61],[-8.87,54.82],[-8.41,55.23],[-6.5,55.29],[-5.9,54.07],[-6.33,54.07],[-6.09,52.86]]],[[[-4.36,54.21],[-4.86,54.07],[-4.81,54.34],[-4.36,54.21]]],[[[-5.73,54.75],[-5.99,54.75],[-5.93,54.95],[-5.73,54.75]]]]}},{"type":"Feature","properties":{"n":"Ahmadnagar Sultanate","f":1579,"t":1599,"w":"Q400998"},"geometry":{"type":"Polygon","coordinates":[[[80.69,19.7],[80.36,18.8],[79.25,19.38],[76.43,19.38],[76.55,18.41],[75.63,18.16],[74.22,18.74],[72.93,18.48],[73.1,19.38],[72.74,19.44],[73.32,20.02],[75.22,20.41],[76.69,21.63],[78.18,21.69],[78.74,20.09],[80.69,19.7]]]}},{"type":"Feature","properties":{"n":"Electorate of Brandenburg","f":1579,"t":1587,"w":"Q148499"},"geometry":{"type":"MultiPolygon","coordinates":[[[[14.19,52.12],[14.27,51.92],[13.93,52.05],[14.19,52.12]]],[[[15.65,52.32],[14.78,51.92],[13.94,52.32],[12.4,52.18],[12.33,52.79],[11.13,52.38],[10.79,52.99],[11.39,53.06],[11.13,53.33],[11.74,53.6],[13.2,53.33],[13.9,53.73],[14.65,53.06],[16.05,53.66],[15.98,54.07],[16.41,54.0],[16.1,52.86],[15.49,52.65],[15.65,52.32]]]]}},{"type":"Feature","properties":{"n":"(Alliance between Papal States and Spanish Empire)","f":1579,"t":1581,"w":"Q170174"},"geometry":{"type":"MultiPolygon","coordinates":[[[[-73.65,-42.83],[-74.1,-42.76],[-74.03,-42.44],[-73.46,-42.24],[-73.65,-42.83]]],[[[-75.34,-10.77],[-75.27,-10.77],[-75.27,-10.84],[-75.34,-10.77]]],[[[-104.86,22.85],[-104.99,22.4],[-104.11,22.14],[-103.91,22.59],[-103.8,22.08],[-103.57,22.4],[-103.48,21.95],[-103.15,22.14],[-102.12,21.11],[-101.54,21.56],[-100.51,20.86],[-99.91,21.18],[-98.42,20.79],[-98.35,21.18],[-97.35,21.37],[-95.77,18.8],[-94.48,18.22],[-92.5,18.74],[-91.5,18.48],[-90.48,19.89],[-90.32,21.11],[-86.92,21.63],[-86.66,20.99],[-87.35,20.21],[-87.7,18.29],[-87.99,18.74],[-89.17,17.77],[-90.57,17.77],[-90.6,16.55],[-90.38,16.04],[-89.54,15.84],[-85.88,15.97],[-85.69,15.07],[-84.58,14.43],[-84.94,13.72],[-84.42,11.34],[-83.58,10.96],[-82.21,9.03],[-81.03,8.84],[-79.69,9.61],[-78.96,9.61],[-77.99,9.29],[-76.83,8.19],[-76.93,8.64],[-75.66,9.48],[-75.58,10.51],[-74.96,11.15],[-74.36,10.89],[-74.17,11.34],[-73.15,11.41],[-71.84,12.44],[-71.1,12.31],[-71.28,11.79],[-71.92,11.6],[-71.65,10.83],[-69.66,11.66],[-68.46,11.34],[-68.19,10.51],[-66.37,10.7],[-65.09,10.06],[-64.03,10.7],[-61.91,10.76],[-61.98,10.57],[-63.28,10.38],[-64.64,9.74],[-68.96,9.93],[-70.54,9.48],[-71.23,8.64],[-72.04,8.77],[-72.92,7.16],[-73.16,5.69],[-76.15,1.7],[-77.54,-1.45],[-77.87,-3.25],[-77.69,-6.27],[-76.97,-7.88],[-76.34,-8.39],[-75.17,-11.35],[-73.45,-12.7],[-71.88,-13.15],[-70.67,-12.76],[-68.37,-13.28],[-65.67,-14.89],[-63.8,-15.34],[-62.48,-16.75],[-63.18,-20.61],[-64.08,-22.86],[-64.94,-23.63],[-66.59,-29.16],[-65.97,-30.06],[-63.93,-31.02],[-63.82,-31.79],[-64.72,-32.05],[-67.47,-31.47],[-68.47,-33.66],[-70.48,-35.39],[-71.61,-39.59],[-72.91,-40.82],[-73.56,-42.11],[-74.34,-42.24],[-73.81,-41.79],[-74.13,-41.08],[-73.37,-39.46],[-73.84,-37.46],[-73.33,-37.13],[-72.42,-35.2],[-71.63,-32.69],[-71.94,-30.83],[-70.57,-25.17],[-70.53,-23.63],[-70.81,-23.5],[-70.27,-21.96],[-70.26,-19.84],[-70.44,-18.42],[-71.62,-17.33],[-75.22,-15.53],[-76.08,-14.69],[-76.46,-14.18],[-76.38,-13.41],[-77.8,-11.35],[-78.98,-8.46],[-79.98,-6.91],[-81.33,-6.14],[-81.01,-5.63],[-81.47,-4.41],[-80.05,-3.12],[-81.12,-2.29],[-81.03,-0.94],[-80.16,0.22],[-80.23,0.86],[-79.06,1.25],[-78.78,2.34],[-77.91,2.6],[-77.26,3.63],[-77.56,4.08],[-77.41,6.52],[-78.5,7.94],[-78.23,8.45],[-79.64,8.9],[-80.41,8.26],[-80.0,7.42],[-80.94,7.16],[-81.05,7.87],[-81.47,7.61],[-81.94,8.19],[-83.71,8.45],[-83.67,9.09],[-84.83,9.99],[-85.24,9.61],[-85.78,9.99],[-85.72,11.09],[-87.55,12.69],[-87.47,13.34],[-88.85,13.21],[-91.35,13.91],[-94.77,16.36],[-96.73,15.65],[-101.11,17.26],[-101.9,17.96],[-103.43,18.29],[-105.33,19.7],[-105.63,20.47],[-105.13,21.31],[-105.7,22.59],[-108.04,24.91],[-107.32,24.71],[-105.41,22.66],[-105.29,23.11],[-104.86,22.85]]],[[[-76.3,1.31],[-76.22,1.31],[-76.22,1.25],[-76.3,1.31]]],[[[-81.9,7.36],[-81.91,7.61],[-81.7,7.68],[-81.9,7.36]]],[[[-79.03,8.32],[-78.96,8.45],[-78.81,8.45],[-79.03,8.32]]],[[[-64.04,10.83],[-64.35,11.09],[-63.84,11.21],[-64.04,10.83]]],[[[-69.73,11.66],[-70.24,11.6],[-70.28,12.11],[-69.85,12.24],[-69.73,11.66]]],[[[-69.11,12.18],[-69.12,12.37],[-68.66,11.99],[-69.11,12.18]]],[[[-68.16,12.24],[-68.15,12.05],[-68.29,12.05],[-68.16,12.24]]],[[[-69.93,12.37],[-70.02,12.56],[-69.87,12.56],[-69.93,12.37]]],[[[-78.39,18.29],[-77.01,18.48],[-76.12,17.9],[-77.37,17.84],[-78.39,18.29]]],[[[-67.12,17.96],[-67.26,18.48],[-66.16,18.54],[-65.52,18.16],[-67.12,17.96]]],[[[-69.49,19.12],[-68.58,18.99],[-68.29,18.41],[-70.72,18.35],[-71.28,17.58],[-72.1,18.22],[-74.4,18.29],[-74.24,18.74],[-72.3,18.61],[-72.79,19.51],[-73.41,19.64],[-73.23,19.96],[-70.78,19.96],[-69.12,19.19],[-69.49,19.12]]],[[[-73.3,18.86],[-73.32,18.99],[-72.79,18.93],[-72.83,18.67],[-73.3,18.86]]],[[[-86.7,20.34],[-86.99,20.28],[-87.02,20.47],[-86.67,20.6],[-86.7,20.34]]],[[[-74.07,20.15],[-77.65,19.83],[-77.19,20.66],[-78.24,20.79],[-78.66,21.56],[-82.05,22.27],[-81.74,22.66],[-84.8,21.82],[-84.0,22.79],[-82.29,23.24],[-80.57,23.17],[-74.07,20.15]]],[[[-82.5,21.44],[-82.95,21.44],[-83.04,21.95],[-82.66,21.95],[-82.5,21.44]]],[[[-78.6,22.53],[-78.23,22.59],[-78.2,22.4],[-78.6,22.53]]],[[[-81.57,30.05],[-81.25,30.24],[-81.15,29.67],[-81.57,30.05]]],[[[-80.68,32.3],[-80.82,32.49],[-80.43,32.49],[-80.68,32.3]]],[[[-57.5,-24.34],[-57.0,-24.47],[-58.31,-26.59],[-58.82,-26.52],[-57.5,-24.34]]],[[[-63.42,10.25],[-63.35,10.25],[-63.35,10.19],[-63.42,10.25]]],[[[-61.0,10.06],[-61.73,10.06],[-61.55,10.83],[-60.89,10.83],[-61.0,10.06]]],[[[-17.85,27.87],[-17.9,27.61],[-18.06,27.67],[-17.85,27.87]]],[[[-15.73,27.74],[-15.76,28.19],[-15.3,28.12],[-15.73,27.74]]],[[[-17.35,28.19],[-17.12,28.25],[-17.03,28.06],[-17.35,28.19]]],[[[-16.91,28.38],[-16.09,28.57],[-16.36,28.06],[-16.65,27.93],[-16.91,28.38]]],[[[-13.77,28.77],[-13.81,28.25],[-14.32,28.06],[-13.77,28.77]]],[[[-17.71,28.89],[-17.67,28.51],[-17.99,28.64],[-17.71,28.89]]],[[[-13.65,29.22],[-13.42,29.22],[-13.47,28.89],[-13.86,29.02],[-13.65,29.22]]],[[[-2.98,35.26],[-2.99,35.45],[-2.84,35.45],[-2.98,35.26]]],[[[-0.53,35.71],[-0.45,35.58],[-0.67,35.45],[-0.92,35.71],[-0.53,35.71]]],[[[1.65,39.13],[1.66,39.0],[1.27,38.8],[1.18,39.06],[1.65,39.13]]],[[[2.34,39.64],[2.88,39.97],[3.52,39.77],[3.3,39.32],[2.34,39.64]]],[[[1.58,42.43],[2.99,43.02],[3.12,41.91],[0.7,40.94],[-0.13,40.03],[-0.31,39.13],[0.1,38.74],[-0.66,38.29],[-0.7,37.64],[-1.71,37.45],[-2.06,36.8],[-4.47,36.74],[-5.66,36.03],[-6.06,36.22],[-6.43,37.0],[-7.39,37.25],[-7.5,37.71],[-6.99,38.09],[-7.27,38.67],[-6.99,39.0],[-7.44,39.64],[-6.9,39.77],[-6.93,41.0],[-6.27,41.65],[-6.7,41.98],[-8.93,41.91],[-8.66,42.37],[-9.3,43.15],[-8.24,43.73],[-1.68,43.28],[1.58,42.43]]],[[[4.22,40.1],[4.3,39.84],[3.83,39.9],[4.22,40.1]]],[[[9.59,39.13],[8.34,39.0],[8.15,40.94],[9.5,41.2],[9.59,39.13]]],[[[10.86,43.08],[10.94,42.89],[10.7,42.95],[10.86,43.08]]],[[[9.32,45.17],[9.4,44.45],[8.34,45.1],[8.58,45.56],[7.92,45.96],[8.32,46.41],[8.9,45.89],[9.39,46.22],[9.31,45.69],[10.45,45.17],[9.32,45.17]]],[[[4.08,45.96],[3.99,46.28],[4.23,46.35],[4.4,46.09],[4.08,45.96]]],[[[5.37,46.35],[5.58,47.66],[6.89,47.93],[6.99,47.27],[5.37,46.35]]],[[[5.93,49.58],[5.35,49.32],[4.83,49.85],[5.15,50.31],[5.9,50.38],[5.71,51.11],[6.07,50.45],[6.4,50.51],[6.07,50.25],[6.58,50.11],[6.36,49.25],[5.85,49.32],[5.93,49.58]]],[[[2.07,51.11],[2.82,51.31],[3.1,50.91],[3.93,51.11],[4.46,50.78],[4.83,51.85],[5.68,51.85],[5.86,51.51],[4.49,49.98],[2.55,50.11],[1.95,50.31],[2.07,51.11]]],[[[123.58,9.03],[123.44,9.09],[123.54,9.35],[123.58,9.03]]],[[[124.5,10.19],[124.62,9.93],[123.78,9.54],[123.74,9.86],[124.5,10.19]]],[[[122.81,10.12],[122.9,10.89],[123.56,10.96],[123.15,9.8],[123.22,9.03],[122.85,9.03],[122.36,9.99],[122.81,10.12]]],[[[123.26,9.48],[124.11,11.28],[124.0,10.25],[123.26,9.48]]],[[[123.82,11.28],[123.79,11.02],[123.57,11.02],[123.82,11.28]]],[[[121.93,11.99],[123.12,11.54],[122.62,10.38],[121.9,10.44],[121.93,11.99]]],[[[123.73,12.31],[124.09,11.73],[123.17,11.99],[123.24,12.5],[123.77,12.63],[123.73,12.31]]],[[[121.9,12.37],[122.13,12.44],[122.09,12.11],[121.9,12.37]]],[[[122.69,12.24],[122.41,12.37],[122.51,12.56],[122.69,12.24]]],[[[121.99,12.5],[122.02,12.69],[122.24,12.69],[121.99,12.5]]],[[[120.74,13.59],[121.44,13.34],[121.29,12.18],[120.34,13.34],[120.74,13.59]]],[[[122.2,13.53],[122.16,13.21],[121.86,13.21],[121.75,13.46],[122.2,13.53]]],[[[120.1,13.72],[120.12,13.85],[120.27,13.85],[120.1,13.72]]],[[[124.11,13.53],[124.12,14.11],[124.47,13.98],[124.11,13.53]]],[[[122.13,15.01],[122.07,14.62],[121.86,14.69],[122.13,15.01]]],[[[121.84,14.11],[122.76,14.36],[123.12,13.79],[123.24,14.11],[123.94,13.85],[123.61,13.59],[124.14,13.21],[124.12,12.5],[123.45,13.01],[123.06,12.82],[123.27,13.27],[122.69,13.85],[122.74,13.21],[121.82,13.91],[121.4,13.59],[120.56,13.85],[120.97,14.62],[120.29,14.49],[119.73,16.1],[120.01,16.42],[120.4,16.1],[120.52,18.03],[120.98,17.32],[120.65,16.29],[121.17,15.91],[121.84,14.11]]],[[[18.44,40.1],[18.11,39.9],[17.35,40.55],[16.62,40.29],[16.45,39.64],[17.14,39.06],[15.93,37.96],[15.39,38.16],[15.05,36.74],[12.49,37.71],[12.65,38.09],[14.6,38.03],[15.86,38.29],[16.27,38.74],[15.75,40.03],[15.04,40.23],[14.89,40.68],[11.73,42.17],[12.06,42.76],[11.82,43.34],[12.23,43.6],[11.51,44.39],[10.86,44.32],[11.35,44.91],[12.16,44.71],[14.37,42.24],[16.12,41.91],[15.94,41.39],[18.44,40.1]]],[[[11.49,42.3],[11.49,42.37],[11.57,42.37],[11.49,42.3]]],[[[11.34,42.43],[11.18,42.5],[11.18,42.56],[11.34,42.43]]]]}},{"type":"Feature","properties":{"n":"Ethiopian Empire","f":1579,"t":1635,"w":"Q207521"},"geometry":{"type":"MultiPolygon","coordinates":[[[[39.97,15.52],[40.31,14.94],[41.32,14.62],[42.86,12.95],[42.27,12.69],[41.76,10.89],[41.71,9.54],[42.34,8.71],[42.29,7.16],[41.6,6.2],[41.03,6.78],[40.8,6.33],[41.29,5.62],[40.71,5.81],[40.27,5.43],[39.26,5.81],[38.55,6.71],[38.64,7.16],[37.18,7.36],[37.5,8.26],[37.09,9.16],[37.48,9.93],[36.48,10.64],[36.8,11.41],[36.75,12.24],[37.16,13.34],[39.08,16.94],[39.1,15.78],[39.81,15.2],[39.97,15.52]]],[[[36.65,11.47],[36.73,11.47],[36.72,11.41],[36.65,11.47]]],[[[38.14,15.78],[38.22,15.78],[38.21,15.71],[38.14,15.78]]]]}},{"type":"Feature","properties":{"n":"Bidar Sultanate","f":1579,"t":1611,"w":"Q669317"},"geometry":{"type":"Polygon","coordinates":[[[77.45,16.55],[77.3,17.9],[76.24,18.99],[76.43,19.38],[77.97,19.25],[77.8,16.42],[77.45,16.55]]]}},{"type":"Feature","properties":{"n":"Republic of Venice","f":1579,"t":1599,"w":"Q4948"},"geometry":{"type":"MultiPolygon","coordinates":[[[[17.36,43.08],[17.52,43.08],[17.52,42.95],[17.36,43.08]]],[[[15.93,43.47],[15.07,44.39],[16.82,43.73],[17.37,43.21],[15.93,43.47]]],[[[14.99,44.45],[14.99,44.52],[15.07,44.52],[14.99,44.45]]],[[[14.27,44.97],[14.51,44.91],[14.5,44.52],[14.27,44.97]]],[[[14.68,45.17],[14.76,45.04],[14.52,45.1],[14.68,45.17]]],[[[13.78,44.91],[13.55,45.5],[14.12,45.5],[13.79,45.24],[13.78,44.91]]],[[[12.4,44.78],[10.62,45.43],[9.88,45.3],[9.31,45.89],[10.37,46.35],[10.7,45.69],[12.09,46.68],[13.56,46.55],[13.31,45.82],[12.16,45.5],[12.4,44.78]]],[[[24.3,35.32],[26.23,35.19],[23.68,35.26],[23.62,35.52],[24.3,35.32]]],[[[22.89,36.42],[23.12,36.35],[23.11,36.16],[22.89,36.42]]],[[[24.99,37.71],[25.22,37.71],[25.29,37.51],[24.99,37.71]]],[[[20.62,37.9],[20.93,37.9],[20.92,37.64],[20.62,37.9]]],[[[20.49,38.42],[20.8,38.29],[20.79,38.09],[20.32,38.16],[20.49,38.42]]],[[[19.92,39.77],[19.91,39.58],[19.76,39.64],[19.92,39.77]]],[[[18.3,42.63],[18.31,42.69],[18.71,42.82],[18.85,42.37],[18.3,42.63]]],[[[17.51,42.76],[17.51,42.82],[17.59,42.82],[17.51,42.76]]]]}},{"type":"Feature","properties":{"n":"Tsardom of Russia","f":1579,"t":1581,"w":"Q186096"},"geometry":{"type":"MultiPolygon","coordinates":[[[[46.29,43.99],[46.37,43.99],[46.31,44.06],[46.24,44.12],[46.24,44.52],[46.38,44.78],[46.31,44.84],[47.37,46.35],[46.3,47.4],[43.77,48.32],[45.28,51.18],[45.29,51.85],[46.44,52.92],[46.46,53.6],[45.98,53.73],[45.81,54.34],[44.6,54.34],[44.31,53.94],[42.61,54.34],[41.05,54.0],[40.95,53.6],[39.86,53.73],[38.28,53.26],[37.82,51.92],[36.86,50.91],[36.09,50.85],[34.53,51.58],[34.16,50.45],[33.41,50.45],[32.26,51.18],[30.54,50.98],[30.58,51.85],[31.66,52.18],[31.31,53.19],[31.9,53.12],[32.15,53.53],[30.8,54.75],[31.22,56.11],[29.4,55.77],[27.97,56.18],[26.5,55.7],[25.9,56.46],[24.54,56.87],[24.27,58.25],[23.41,58.53],[23.41,59.29],[24.55,59.02],[25.37,59.71],[27.88,59.5],[29.07,60.07],[30.14,59.92],[29.81,60.14],[30.0,60.63],[29.29,61.26],[29.91,62.55],[29.3,64.2],[30.31,65.81],[28.97,66.85],[29.51,67.97],[32.29,69.56],[36.13,69.26],[41.0,67.74],[41.39,67.15],[41.04,66.7],[38.68,66.03],[32.55,67.07],[33.0,66.55],[34.87,65.88],[34.44,65.37],[34.98,64.49],[37.39,63.91],[37.88,63.99],[37.89,64.35],[36.79,64.49],[36.36,65.0],[37.21,65.3],[38.21,64.79],[40.19,64.71],[39.54,65.37],[40.4,65.96],[41.96,66.55],[43.97,66.18],[44.37,67.0],[43.6,67.3],[44.17,68.27],[43.45,68.73],[45.88,68.57],[46.66,67.82],[44.93,67.44],[45.81,66.92],[47.37,66.92],[47.78,67.67],[53.28,69.03],[54.04,68.95],[53.87,68.42],[53.3,68.27],[58.39,69.03],[59.09,69.03],[59.4,68.88],[59.24,68.42],[59.74,68.42],[60.7,68.88],[60.09,69.72],[58.45,70.02],[58.97,70.57],[60.54,69.79],[63.93,69.72],[68.29,68.42],[64.27,64.57],[64.02,63.77],[64.32,62.62],[63.58,61.41],[61.39,60.35],[58.52,60.07],[57.26,58.88],[56.72,56.52],[57.19,55.29],[59.97,54.41],[58.94,54.0],[59.05,52.52],[58.61,51.78],[53.05,52.45],[53.36,53.87],[52.69,54.68],[50.01,53.94],[49.01,52.92],[47.13,52.05],[47.25,51.58],[46.14,49.91],[46.08,48.99],[49.95,47.53],[50.3,46.94],[47.47,45.69],[46.63,44.45],[47.32,43.86],[46.29,43.99]]],[[[46.21,43.99],[46.31,44.06],[46.29,43.99],[46.21,43.99]]],[[[46.24,44.12],[46.23,44.06],[46.15,44.06],[46.24,44.12]]],[[[35.5,65.0],[35.46,65.22],[36.13,65.22],[35.5,65.0]]],[[[48.24,69.41],[48.61,69.56],[50.32,69.33],[49.7,68.88],[48.37,68.8],[48.24,69.41]]]]}},{"type":"Feature","properties":{"n":"Ottoman Empire","f":1579,"t":1587,"w":"Q12560"},"geometry":{"type":"MultiPolygon","coordinates":[[[[22.48,46.28],[21.52,45.37],[22.55,44.97],[22.5,44.32],[22.95,43.8],[25.43,43.6],[27.83,44.19],[27.86,45.3],[28.89,46.48],[31.92,47.14],[31.94,46.68],[30.88,46.68],[29.61,45.69],[29.53,44.91],[28.8,44.97],[28.48,43.47],[27.51,42.63],[27.98,41.65],[28.96,41.13],[31.18,41.07],[32.63,41.91],[35.12,42.04],[36.21,41.26],[40.37,40.94],[41.57,41.46],[41.82,41.98],[41.61,42.63],[39.98,43.41],[40.17,43.6],[42.92,43.21],[43.78,42.69],[45.16,42.76],[47.23,41.52],[45.6,40.48],[44.08,40.81],[44.31,37.9],[45.88,35.39],[45.44,33.91],[47.98,31.72],[47.74,31.01],[48.6,29.99],[47.85,29.41],[48.87,27.67],[50.13,26.77],[50.07,26.07],[50.65,25.1],[51.12,26.13],[51.7,25.87],[51.41,24.33],[51.75,23.88],[50.48,24.78],[49.67,25.87],[49.88,26.45],[48.55,27.48],[47.89,29.09],[46.59,29.6],[43.15,32.81],[40.93,34.1],[38.91,33.26],[37.4,31.01],[37.16,30.05],[41.41,23.11],[46.63,16.16],[47.06,14.69],[46.18,13.4],[45.05,12.76],[43.44,12.69],[42.75,15.14],[42.82,16.61],[41.24,18.61],[40.85,19.7],[39.35,20.79],[38.6,23.62],[37.44,24.33],[37.27,25.23],[35.41,27.87],[34.59,28.06],[34.91,29.41],[34.12,27.74],[32.44,29.79],[35.15,24.65],[35.86,24.01],[35.55,23.69],[35.81,22.91],[31.23,22.01],[31.32,22.4],[30.01,23.11],[28.57,24.65],[28.15,27.35],[25.37,29.28],[22.77,30.37],[20.95,30.56],[18.73,29.99],[15.18,30.89],[14.28,31.91],[11.77,32.3],[9.63,33.14],[8.93,34.16],[7.61,34.55],[2.92,34.36],[2.45,34.61],[1.75,34.74],[-0.47,34.36],[-1.58,33.46],[-1.72,34.68],[-2.12,35.07],[-1.36,35.26],[-1.22,35.64],[-0.67,35.45],[0.68,36.42],[4.47,36.93],[5.56,36.67],[6.33,37.06],[8.52,36.87],[9.6,37.32],[10.23,37.25],[10.23,36.8],[11.01,37.0],[10.46,35.9],[11.08,35.58],[11.08,35.0],[10.0,34.29],[10.24,33.71],[12.23,32.81],[13.3,32.94],[15.06,32.43],[15.65,31.4],[17.85,30.95],[18.97,30.24],[20.2,30.89],[20.02,32.24],[21.88,32.94],[23.09,32.62],[23.3,32.17],[24.89,31.98],[25.25,31.46],[26.85,31.46],[28.87,30.82],[30.97,31.66],[31.88,31.46],[32.0,31.08],[34.3,31.27],[35.64,34.36],[36.05,34.55],[35.84,36.29],[36.14,36.93],[35.49,36.61],[34.58,36.87],[33.98,36.29],[32.71,36.03],[31.09,36.93],[29.94,36.22],[29.24,36.22],[29.12,36.74],[28.59,36.87],[28.03,36.67],[28.07,37.13],[27.22,37.32],[27.28,38.03],[26.43,38.22],[26.38,38.67],[27.06,38.35],[26.85,39.58],[26.13,39.51],[26.6,40.48],[29.05,40.36],[28.91,40.61],[29.48,40.74],[28.17,41.13],[26.92,40.48],[25.38,41.0],[23.7,40.81],[23.74,40.23],[22.65,40.61],[22.61,39.9],[23.14,39.45],[22.8,39.06],[23.49,38.87],[22.94,38.74],[24.03,38.67],[24.16,38.22],[23.98,37.84],[23.04,37.9],[23.4,37.32],[22.71,37.58],[23.06,36.67],[22.36,36.67],[22.22,37.06],[21.74,36.87],[21.7,37.51],[21.24,37.84],[21.74,38.35],[20.74,38.8],[20.91,39.06],[19.25,40.61],[19.54,41.78],[18.71,42.82],[17.52,43.02],[16.82,43.73],[15.23,44.32],[15.88,44.71],[16.52,44.32],[16.29,44.84],[17.55,45.82],[16.92,46.35],[18.17,46.87],[17.94,47.33],[18.89,48.06],[20.69,47.8],[20.9,47.14],[22.48,46.28]]],[[[2.53,34.42],[2.53,34.49],[2.61,34.49],[2.53,34.42]]],[[[25.57,37.13],[25.56,37.0],[25.33,37.0],[25.57,37.13]]],[[[24.36,37.71],[24.43,37.58],[24.27,37.51],[24.36,37.71]]],[[[26.31,37.71],[26.3,37.58],[25.99,37.51],[26.31,37.71]]],[[[24.77,38.03],[25.07,37.77],[24.83,37.71],[24.77,38.03]]],[[[25.82,38.48],[25.99,38.67],[26.22,38.55],[25.88,38.16],[25.82,38.48]]],[[[23.56,38.74],[23.48,38.74],[23.49,38.8],[23.56,38.74]]],[[[24.67,38.93],[24.66,38.74],[24.36,38.87],[24.67,38.93]]],[[[25.79,39.19],[26.04,39.38],[26.64,39.0],[25.79,39.19]]],[[[20.15,39.58],[20.07,39.58],[20.07,39.64],[20.15,39.58]]],[[[25.46,40.03],[25.45,39.84],[24.97,39.84],[25.46,40.03]]],[[[26.04,40.29],[26.02,40.16],[25.7,40.1],[26.04,40.29]]],[[[24.49,40.81],[24.81,40.81],[24.79,40.61],[24.49,40.81]]],[[[43.17,11.54],[44.08,10.57],[45.11,10.51],[44.87,10.06],[43.71,10.25],[43.17,11.54]]],[[[39.3,15.39],[39.26,16.04],[39.41,16.04],[39.74,15.26],[39.3,15.39]]],[[[37.7,18.8],[37.54,18.61],[37.1,18.74],[37.34,19.12],[37.7,18.8]]],[[[44.25,19.57],[44.25,19.64],[44.33,19.64],[44.25,19.57]]],[[[44.18,19.64],[44.18,19.7],[44.26,19.7],[44.18,19.64]]],[[[40.06,25.49],[40.06,25.55],[40.14,25.55],[40.06,25.49]]],[[[34.09,35.0],[33.04,34.55],[32.23,34.94],[34.54,35.71],[34.09,35.0]]],[[[28.02,36.48],[28.25,36.48],[28.14,36.03],[27.74,35.9],[28.02,36.48]]],[[[27.19,36.8],[26.87,36.67],[27.04,36.93],[27.19,36.8]]],[[[34.03,44.65],[34.57,44.97],[35.4,45.1],[33.93,44.45],[33.47,44.65],[34.03,44.65]]],[[[36.42,45.43],[36.38,45.17],[36.23,45.24],[36.42,45.43]]],[[[39.48,47.07],[39.22,47.01],[39.13,47.4],[39.48,47.07]]]]}},{"type":"Feature","properties":{"n":"Khmer Empire","f":1579,"t":1587,"w":"Q201705"},"geometry":{"type":"MultiPolygon","coordinates":[[[[104.12,10.44],[104.09,10.06],[103.81,10.25],[104.12,10.44]]],[[[107.34,10.38],[107.0,10.7],[106.6,9.54],[104.76,8.51],[105.03,9.99],[104.42,10.44],[103.55,10.51],[103.6,11.09],[103.06,10.83],[102.39,13.53],[103.23,14.36],[104.92,14.43],[106.03,13.91],[106.17,14.43],[107.51,14.56],[107.57,12.63],[108.1,12.18],[108.7,12.31],[108.81,11.28],[107.34,10.38]]]]}},{"type":"Feature","properties":{"n":"Kingdom of Pajana","f":1579,"t":1581,"w":"Q1074947"},"geometry":{"type":"Polygon","coordinates":[[[112.41,-8.46],[110.65,-8.26],[109.9,-8.01],[110.01,-7.56],[109.24,-6.85],[110.34,-6.91],[110.89,-6.4],[111.64,-6.72],[111.51,-7.04],[112.52,-7.94],[112.41,-8.46]]]}},{"type":"Feature","properties":{"n":"Sur Empire","f":1579,"t":1587,"w":"Q373650"},"geometry":{"type":"Polygon","coordinates":[[[85.37,19.83],[84.39,18.48],[83.98,18.74],[85.25,21.18],[86.89,21.24],[87.03,20.6],[86.11,19.76],[85.37,19.83]]]}},{"type":"Feature","properties":{"n":"First Toungoo Empire","f":1579,"t":1587,"w":"Q23039102"},"geometry":{"type":"Polygon","coordinates":[[[102.22,11.99],[101.79,12.69],[100.83,12.63],[100.99,13.46],[100.1,13.4],[100.03,12.05],[99.16,9.67],[99.34,9.22],[99.93,9.29],[99.96,8.71],[98.18,8.32],[98.76,11.73],[97.62,16.49],[96.93,17.32],[96.83,16.61],[95.61,15.71],[94.24,15.97],[95.16,18.35],[94.45,20.6],[93.09,21.5],[92.74,24.91],[93.0,25.55],[94.84,26.84],[96.3,27.35],[97.16,27.16],[97.0,27.74],[97.48,28.51],[98.79,27.35],[99.21,24.71],[100.65,23.17],[101.36,21.18],[101.81,21.18],[101.72,22.46],[103.77,22.72],[104.73,21.37],[104.5,20.41],[104.98,20.15],[103.96,19.31],[105.12,18.74],[106.69,16.49],[107.5,16.04],[107.51,14.56],[106.17,14.43],[106.03,13.91],[104.92,14.43],[102.9,14.11],[102.39,13.53],[102.67,12.05],[102.22,11.99]]]}},{"type":"Feature","properties":{"n":"Mughal Empire","f":1579,"t":1587,"w":"Q33296"},"geometry":{"type":"Polygon","coordinates":[[[71.65,34.87],[73.33,34.49],[73.63,32.88],[75.71,32.3],[75.5,32.04],[76.12,31.4],[77.53,30.56],[77.34,29.67],[78.93,28.57],[84.17,26.84],[90.39,26.0],[90.86,22.01],[88.73,21.63],[88.64,22.08],[88.35,21.56],[88.1,21.95],[86.97,21.24],[85.52,20.99],[85.41,21.82],[86.12,23.69],[81.84,24.01],[81.05,23.75],[80.66,21.89],[78.6,21.44],[76.69,21.63],[75.88,20.99],[72.84,20.41],[72.38,22.27],[72.18,21.18],[71.32,20.73],[70.3,20.86],[68.95,22.21],[70.37,22.91],[69.45,22.72],[68.13,23.56],[68.72,24.2],[70.07,24.2],[69.74,25.16],[70.26,26.26],[69.86,27.09],[70.22,27.93],[69.9,28.25],[70.39,28.96],[70.76,31.98],[68.58,31.79],[67.64,30.5],[66.41,29.99],[65.93,30.24],[65.89,30.89],[66.33,36.22],[68.62,36.1],[68.88,36.8],[68.51,37.19],[69.35,37.13],[69.55,37.58],[70.88,37.32],[71.65,34.87]]]}},{"type":"Feature","properties":{"n":"Electorate of Saxony","f":1579,"t":1587,"w":"Q156199"},"geometry":{"type":"MultiPolygon","coordinates":[[[[12.21,50.78],[11.79,50.85],[12.55,50.91],[12.47,51.18],[10.1,51.25],[12.05,51.38],[12.4,52.18],[14.26,51.71],[14.15,50.85],[12.29,50.25],[11.96,50.58],[12.21,50.78]],[[12.8,50.65],[12.81,50.98],[12.55,50.91],[12.8,50.65]],[[13.59,51.85],[13.25,51.85],[13.24,51.71],[13.59,51.85]],[[12.9,51.31],[12.9,51.45],[12.73,51.45],[12.9,51.31]]],[[[10.95,51.71],[11.46,51.65],[11.38,51.51],[10.87,51.45],[10.95,51.71]]]]}},{"type":"Feature","properties":{"n":"Polish-Lithuanian Commonwealth","f":1579,"t":1587,"w":"Q172107"},"geometry":{"type":"MultiPolygon","coordinates":[[[[31.66,48.26],[31.74,48.26],[31.73,48.19],[31.66,48.26]]],[[[20.29,49.25],[20.45,49.18],[20.28,49.12],[20.29,49.25]]],[[[33.96,49.18],[32.48,48.79],[31.22,48.06],[29.8,47.93],[29.22,47.27],[28.88,47.86],[27.39,48.65],[25.51,48.92],[25.25,48.79],[25.54,48.39],[24.91,47.8],[22.78,49.12],[18.88,49.45],[19.24,49.85],[19.03,50.58],[17.55,51.25],[17.32,51.71],[16.13,51.71],[15.49,52.65],[16.1,52.86],[16.4,53.8],[17.08,53.6],[17.19,54.0],[17.62,54.0],[18.02,54.89],[18.46,54.89],[18.69,54.41],[20.83,54.07],[20.1,53.66],[19.45,54.21],[18.7,53.39],[19.74,53.46],[20.4,53.06],[22.42,53.6],[22.81,54.89],[20.84,56.18],[21.31,57.35],[22.52,57.83],[23.41,57.08],[25.9,56.46],[26.5,55.7],[27.97,56.18],[29.4,55.77],[31.22,56.11],[30.8,54.75],[32.15,53.53],[31.9,53.12],[31.31,53.19],[31.66,52.18],[30.58,51.85],[30.54,50.98],[32.26,51.18],[34.47,50.25],[33.96,49.18]]]]}},{"type":"Feature","properties":{"n":"Kingdom of Spain","f":1579,"t":1581,"w":"Q29"},"geometry":{"type":"MultiPolygon","coordinates":[[[[1.27,38.8],[1.18,39.06],[1.65,39.13],[1.27,38.8]]],[[[3.3,39.32],[2.35,39.45],[2.88,39.97],[3.52,39.77],[3.3,39.32]]],[[[-1.77,43.41],[1.58,42.43],[2.99,43.02],[3.12,41.91],[0.7,40.94],[-0.13,40.03],[-0.31,39.13],[0.1,38.74],[-0.66,38.29],[-0.7,37.64],[-1.71,37.45],[-2.06,36.8],[-4.47,36.74],[-5.66,36.03],[-6.43,37.0],[-7.39,37.25],[-7.5,37.71],[-6.99,38.09],[-7.27,38.67],[-6.99,39.0],[-7.44,39.64],[-6.9,39.77],[-6.93,41.0],[-6.27,41.65],[-6.7,41.98],[-8.93,41.91],[-8.66,42.37],[-9.3,43.15],[-8.24,43.73],[-1.77,43.41]]],[[[3.83,39.9],[3.74,40.1],[4.22,40.1],[4.3,39.84],[3.83,39.9]]],[[[4.23,46.35],[4.33,45.96],[4.08,45.96],[4.23,46.35]]],[[[5.86,49.25],[5.93,49.58],[5.35,49.32],[4.83,49.85],[5.15,50.31],[5.9,50.38],[5.71,51.11],[6.07,50.45],[6.4,50.51],[6.07,50.25],[6.58,50.11],[6.27,49.25],[5.86,49.25]]],[[[1.85,50.58],[2.07,51.11],[2.91,51.31],[3.1,50.91],[3.93,51.11],[4.46,50.78],[4.83,51.85],[5.68,51.85],[5.86,51.51],[4.49,49.98],[1.85,50.58]]],[[[15.94,41.39],[17.98,40.61],[18.35,39.9],[17.35,40.55],[16.62,40.29],[16.45,39.64],[17.14,39.06],[15.93,37.96],[15.39,38.16],[15.05,36.74],[12.49,37.71],[12.65,38.09],[14.6,38.03],[15.86,38.29],[16.27,38.74],[15.75,40.03],[13.79,41.13],[13.96,41.72],[13.01,42.04],[12.86,42.5],[13.99,42.95],[14.37,42.24],[16.12,41.91],[15.94,41.39]]],[[[9.59,39.13],[8.34,39.0],[8.15,40.94],[9.5,41.2],[9.82,40.36],[9.59,39.13]]],[[[11.18,42.56],[11.34,42.63],[11.34,42.43],[11.18,42.56]]],[[[10.86,43.08],[10.94,42.89],[10.7,42.95],[10.86,43.08]]],[[[9.32,45.17],[9.4,44.45],[8.34,45.1],[8.58,45.56],[7.92,45.96],[8.32,46.41],[8.9,45.89],[9.39,46.22],[9.31,45.69],[10.45,45.17],[9.32,45.17]]],[[[5.37,46.35],[5.58,47.66],[6.89,47.93],[6.99,47.27],[5.37,46.35]]]]}},{"type":"Feature","properties":{"n":"(Holy Roman Empire)","f":1579,"t":1587,"w":"Q12548"},"geometry":{"type":"MultiPolygon","coordinates":[[[[8.11,43.99],[7.71,44.12],[8.5,45.04],[8.75,44.97],[8.11,43.99]]],[[[6.83,47.14],[7.08,46.94],[6.51,46.87],[6.83,47.14]]],[[[4.49,49.98],[5.62,51.25],[5.9,50.38],[4.82,50.11],[5.18,49.58],[4.94,49.18],[4.49,49.98]]],[[[9.4,44.45],[9.32,45.17],[10.45,45.04],[10.62,45.43],[11.59,44.91],[10.7,43.8],[9.4,44.45]]],[[[11.99,44.65],[11.75,44.84],[11.83,44.97],[12.24,44.97],[11.99,44.65]]],[[[11.52,46.61],[12.09,46.68],[11.02,45.76],[10.45,45.89],[10.53,46.55],[11.52,46.61]]],[[[9.54,47.2],[9.63,47.14],[9.46,47.14],[9.54,47.2]]],[[[13.0,47.53],[13.18,48.06],[13.74,47.07],[12.18,47.07],[12.51,47.66],[13.0,47.53]]],[[[13.36,48.99],[14.1,48.65],[13.85,48.46],[13.27,48.59],[13.36,48.99]]],[[[12.8,50.65],[12.63,50.65],[12.55,50.91],[12.8,50.65]]],[[[7.89,47.66],[7.56,47.53],[7.47,48.06],[7.06,47.93],[7.03,48.99],[7.53,49.12],[6.69,49.32],[7.69,49.38],[7.95,48.99],[8.78,49.25],[7.76,49.91],[7.6,49.58],[6.35,49.58],[6.58,50.11],[6.07,50.25],[6.4,50.51],[6.07,50.45],[5.88,51.11],[6.21,51.45],[5.94,51.85],[6.53,51.85],[7.2,52.52],[7.08,53.73],[10.36,53.66],[10.53,54.0],[13.41,54.75],[13.74,54.27],[13.3,54.21],[14.5,53.73],[15.04,54.21],[18.02,54.89],[17.08,53.6],[15.98,54.07],[16.05,53.66],[14.65,53.06],[13.9,53.73],[13.2,53.33],[11.31,53.46],[11.39,53.06],[10.79,52.99],[10.87,52.59],[11.55,52.38],[12.33,52.79],[12.4,51.71],[11.63,51.25],[10.61,51.38],[10.1,51.25],[11.88,50.98],[12.05,51.31],[12.55,50.91],[11.79,50.85],[12.21,50.78],[12.12,50.18],[11.2,49.78],[10.94,48.85],[10.03,49.12],[10.53,48.26],[10.12,48.06],[10.53,48.19],[10.61,47.6],[10.12,47.33],[9.04,47.73],[9.29,47.99],[8.47,47.6],[8.22,47.66],[8.21,47.99],[8.21,48.26],[7.71,48.32],[7.89,47.66]],[[8.46,47.99],[8.38,48.13],[8.21,47.99],[8.46,47.99]],[[11.38,51.51],[11.46,51.65],[10.95,51.71],[10.87,51.45],[11.38,51.51]],[[10.2,48.46],[10.11,48.46],[10.11,48.32],[10.2,48.46]],[[9.95,48.46],[9.45,48.46],[9.45,48.19],[9.95,48.46]],[[9.54,47.86],[9.54,47.99],[9.37,47.93],[9.54,47.86]],[[9.2,48.32],[9.2,48.26],[9.37,48.26],[9.2,48.32]],[[8.71,48.19],[8.79,48.32],[8.54,48.32],[8.71,48.19]],[[9.04,48.19],[9.04,48.26],[8.87,48.32],[9.04,48.19]],[[8.71,47.99],[8.63,47.99],[8.79,47.86],[8.71,47.99]],[[8.62,48.65],[8.53,48.59],[8.62,48.52],[8.62,48.65]],[[8.45,48.39],[8.21,48.39],[8.29,48.32],[8.45,48.39]],[[8.29,48.59],[8.37,48.46],[8.45,48.59],[8.29,48.59]]],[[[12.9,51.45],[12.9,51.31],[12.64,51.38],[12.9,51.45]]],[[[24.52,57.42],[24.54,56.87],[23.84,56.94],[24.52,57.42]]]]}},{"type":"Feature","properties":{"n":"(Kingdom of France)","f":1579,"t":1587,"w":"Q207162"},"geometry":{"type":"MultiPolygon","coordinates":[[[[-1.68,43.28],[-1.03,45.5],[-1.25,46.28],[-2.84,47.6],[-4.42,47.8],[-4.91,48.52],[-3.46,48.92],[-1.6,48.65],[-2.03,49.78],[0.01,49.38],[0.22,49.85],[1.45,50.25],[1.5,50.91],[2.07,51.11],[1.95,50.31],[4.49,49.98],[5.03,49.05],[4.88,48.65],[5.87,48.85],[5.88,48.46],[5.38,48.52],[5.82,47.73],[4.9,45.96],[5.65,45.43],[6.13,45.56],[7.46,44.39],[6.9,44.32],[6.91,43.54],[6.52,43.21],[3.85,43.6],[1.81,42.56],[-1.68,43.28]],[[4.23,46.35],[3.99,46.28],[4.08,45.96],[4.4,46.09],[4.23,46.35]]],[[[6.79,48.46],[6.72,48.19],[6.47,48.32],[6.79,48.46]]],[[[6.03,48.92],[6.04,48.79],[5.87,48.85],[6.03,48.92]]],[[[7.03,49.05],[6.62,48.85],[7.21,48.59],[5.86,48.99],[7.03,49.05]]],[[[5.7,48.99],[5.36,48.99],[5.35,49.32],[5.7,48.99]]]]}},{"type":"Feature","properties":{"n":"(Spanish Empire)","f":1579,"t":1581,"w":"Q80702"},"geometry":{"type":"MultiPolygon","coordinates":[[[[-73.65,-42.83],[-74.1,-42.76],[-74.03,-42.44],[-73.46,-42.24],[-73.65,-42.83]]],[[[-75.34,-10.77],[-75.27,-10.77],[-75.27,-10.84],[-75.34,-10.77]]],[[[-104.86,22.85],[-104.99,22.4],[-104.11,22.14],[-103.91,22.59],[-103.8,22.08],[-103.57,22.4],[-103.48,21.95],[-103.15,22.14],[-102.12,21.11],[-101.54,21.56],[-100.51,20.86],[-99.91,21.18],[-98.42,20.79],[-98.35,21.18],[-97.35,21.37],[-95.77,18.8],[-94.48,18.22],[-92.5,18.74],[-91.5,18.48],[-90.48,19.89],[-90.32,21.11],[-86.92,21.63],[-86.66,20.99],[-87.35,20.21],[-87.7,18.29],[-87.99,18.74],[-89.17,17.77],[-90.57,17.77],[-90.6,16.55],[-90.38,16.04],[-89.54,15.84],[-85.88,15.97],[-85.69,15.07],[-84.58,14.43],[-84.94,13.72],[-84.42,11.34],[-83.58,10.96],[-82.21,9.03],[-81.03,8.84],[-79.69,9.61],[-78.96,9.61],[-77.99,9.29],[-76.83,8.19],[-76.93,8.64],[-75.66,9.48],[-75.58,10.51],[-74.96,11.15],[-74.36,10.89],[-74.17,11.34],[-73.15,11.41],[-71.84,12.44],[-71.1,12.31],[-71.28,11.79],[-71.92,11.6],[-71.65,10.83],[-69.66,11.66],[-68.46,11.34],[-68.19,10.51],[-66.37,10.7],[-65.09,10.06],[-64.03,10.7],[-61.91,10.76],[-61.98,10.57],[-63.28,10.38],[-64.64,9.74],[-68.96,9.93],[-70.54,9.48],[-71.23,8.64],[-72.04,8.77],[-72.92,7.16],[-73.16,5.69],[-76.15,1.7],[-77.54,-1.45],[-77.87,-3.25],[-77.69,-6.27],[-76.97,-7.88],[-76.34,-8.39],[-75.17,-11.35],[-73.45,-12.7],[-71.88,-13.15],[-70.67,-12.76],[-68.37,-13.28],[-65.67,-14.89],[-63.8,-15.34],[-62.48,-16.75],[-63.18,-20.61],[-64.08,-22.86],[-64.94,-23.63],[-66.59,-29.16],[-65.97,-30.06],[-63.93,-31.02],[-63.82,-31.79],[-64.72,-32.05],[-67.47,-31.47],[-68.47,-33.66],[-70.48,-35.39],[-71.61,-39.59],[-72.91,-40.82],[-73.56,-42.11],[-74.34,-42.24],[-73.81,-41.79],[-74.13,-41.08],[-73.37,-39.46],[-73.84,-37.46],[-73.33,-37.13],[-72.42,-35.2],[-71.63,-32.69],[-71.94,-30.83],[-70.57,-25.17],[-70.53,-23.63],[-70.81,-23.5],[-70.27,-21.96],[-70.26,-19.84],[-70.44,-18.42],[-71.62,-17.33],[-75.22,-15.53],[-76.08,-14.69],[-76.46,-14.18],[-76.38,-13.41],[-77.8,-11.35],[-78.98,-8.46],[-79.98,-6.91],[-81.33,-6.14],[-81.01,-5.63],[-81.47,-4.41],[-80.05,-3.12],[-81.12,-2.29],[-81.03,-0.94],[-80.16,0.22],[-80.23,0.86],[-79.06,1.25],[-78.78,2.34],[-77.91,2.6],[-77.26,3.63],[-77.56,4.08],[-77.41,6.52],[-78.5,7.94],[-78.23,8.45],[-79.64,8.9],[-80.41,8.26],[-80.0,7.42],[-80.94,7.16],[-81.05,7.87],[-81.47,7.61],[-81.94,8.19],[-83.71,8.45],[-83.67,9.09],[-84.83,9.99],[-85.24,9.61],[-85.78,9.99],[-85.72,11.09],[-87.55,12.69],[-87.47,13.34],[-88.85,13.21],[-91.35,13.91],[-94.77,16.36],[-96.73,15.65],[-101.11,17.26],[-101.9,17.96],[-103.43,18.29],[-105.33,19.7],[-105.63,20.47],[-105.13,21.31],[-105.7,22.59],[-108.04,24.91],[-107.32,24.71],[-105.41,22.66],[-105.29,23.11],[-104.86,22.85]]],[[[-76.3,1.31],[-76.22,1.31],[-76.22,1.25],[-76.3,1.31]]],[[[-81.9,7.36],[-81.91,7.61],[-81.7,7.68],[-81.9,7.36]]],[[[-79.03,8.32],[-78.96,8.45],[-78.81,8.45],[-79.03,8.32]]],[[[-69.73,11.66],[-70.24,11.6],[-70.28,12.11],[-69.85,12.24],[-69.73,11.66]]],[[[-69.11,12.18],[-69.12,12.37],[-68.66,11.99],[-69.11,12.18]]],[[[-68.16,12.24],[-68.15,12.05],[-68.29,12.05],[-68.16,12.24]]],[[[-69.93,12.37],[-70.02,12.56],[-69.87,12.56],[-69.93,12.37]]],[[[-78.39,18.29],[-77.01,18.48],[-76.12,17.9],[-77.37,17.84],[-78.39,18.29]]],[[[-67.12,17.96],[-67.26,18.48],[-66.16,18.54],[-65.52,18.16],[-67.12,17.96]]],[[[-69.49,19.12],[-68.58,18.99],[-68.29,18.41],[-70.72,18.35],[-71.28,17.58],[-72.1,18.22],[-74.4,18.29],[-74.24,18.74],[-72.3,18.61],[-72.79,19.51],[-73.41,19.64],[-73.23,19.96],[-70.78,19.96],[-69.12,19.19],[-69.49,19.12]]],[[[-73.3,18.86],[-73.32,18.99],[-72.79,18.93],[-72.83,18.67],[-73.3,18.86]]],[[[-86.7,20.34],[-86.99,20.28],[-87.02,20.47],[-86.67,20.6],[-86.7,20.34]]],[[[-74.07,20.15],[-77.65,19.83],[-77.19,20.66],[-78.24,20.79],[-78.66,21.56],[-82.05,22.27],[-81.74,22.66],[-84.8,21.82],[-84.0,22.79],[-82.29,23.24],[-80.57,23.17],[-74.07,20.15]]],[[[-82.5,21.44],[-82.95,21.44],[-83.04,21.95],[-82.66,21.95],[-82.5,21.44]]],[[[-78.6,22.53],[-78.23,22.59],[-78.2,22.4],[-78.6,22.53]]],[[[-81.57,30.05],[-81.25,30.24],[-81.15,29.67],[-81.57,30.05]]],[[[-80.68,32.3],[-80.82,32.49],[-80.43,32.49],[-80.68,32.3]]],[[[-57.5,-24.34],[-57.0,-24.47],[-58.31,-26.59],[-58.82,-26.52],[-57.5,-24.34]]],[[[-63.42,10.25],[-63.35,10.25],[-63.35,10.19],[-63.42,10.25]]],[[[-61.0,10.06],[-61.73,10.06],[-61.55,10.83],[-60.89,10.83],[-61.0,10.06]]],[[[-64.04,10.83],[-64.35,11.09],[-63.84,11.21],[-64.04,10.83]]],[[[-17.85,27.87],[-17.9,27.61],[-18.06,27.67],[-17.85,27.87]]],[[[-15.73,27.74],[-15.76,28.19],[-15.3,28.12],[-15.73,27.74]]],[[[-17.35,28.19],[-17.12,28.25],[-17.03,28.06],[-17.35,28.19]]],[[[-16.91,28.38],[-16.09,28.57],[-16.36,28.06],[-16.65,27.93],[-16.91,28.38]]],[[[-13.77,28.77],[-13.81,28.25],[-14.32,28.06],[-13.77,28.77]]],[[[-17.71,28.89],[-17.67,28.51],[-17.9,28.51],[-17.71,28.89]]],[[[-13.65,29.22],[-13.42,29.22],[-13.47,28.89],[-13.86,28.96],[-13.65,29.22]]],[[[-2.98,35.26],[-2.99,35.45],[-2.84,35.45],[-2.98,35.26]]],[[[-0.53,35.71],[-0.45,35.58],[-0.67,35.45],[-0.92,35.71],[-0.53,35.71]]],[[[1.65,39.13],[1.66,39.0],[1.27,38.8],[1.18,39.06],[1.65,39.13]]],[[[2.34,39.64],[2.88,39.97],[3.52,39.77],[3.3,39.32],[2.34,39.64]]],[[[1.58,42.43],[2.99,43.02],[3.12,41.91],[0.7,40.94],[-0.13,40.03],[-0.31,39.13],[0.1,38.74],[-0.66,38.29],[-0.7,37.64],[-1.71,37.45],[-2.06,36.8],[-4.47,36.74],[-5.66,36.03],[-6.06,36.22],[-6.43,37.0],[-7.39,37.25],[-7.5,37.71],[-6.99,38.09],[-7.27,38.67],[-6.99,39.0],[-7.44,39.64],[-6.9,39.77],[-6.93,41.0],[-6.27,41.65],[-6.7,41.98],[-8.93,41.91],[-8.66,42.37],[-9.3,43.15],[-8.24,43.73],[-1.68,43.28],[1.58,42.43]]],[[[4.22,40.1],[4.3,39.84],[3.83,39.9],[4.22,40.1]]],[[[9.59,39.13],[8.34,39.0],[8.15,40.94],[9.5,41.2],[9.59,39.13]]],[[[4.08,45.96],[3.99,46.28],[4.23,46.35],[4.4,46.09],[4.08,45.96]]],[[[5.37,46.35],[5.58,47.66],[6.89,47.93],[6.99,47.27],[5.37,46.35]]],[[[5.93,49.58],[5.35,49.32],[4.83,49.85],[5.15,50.31],[5.9,50.38],[5.71,51.11],[6.07,50.45],[6.4,50.51],[6.07,50.25],[6.58,50.11],[6.36,49.25],[5.85,49.32],[5.93,49.58]]],[[[2.07,51.11],[2.82,51.31],[3.1,50.91],[3.93,51.11],[4.46,50.78],[4.83,51.85],[5.68,51.85],[5.86,51.51],[4.49,49.98],[2.55,50.11],[1.95,50.31],[2.07,51.11]]],[[[123.58,9.03],[123.44,9.09],[123.54,9.35],[123.58,9.03]]],[[[124.5,10.19],[124.62,9.93],[123.78,9.54],[123.74,9.86],[124.5,10.19]]],[[[122.81,10.12],[122.9,10.89],[123.56,10.96],[123.15,9.8],[123.22,9.03],[122.33,9.67],[122.81,10.12]]],[[[123.6,9.99],[123.48,9.48],[123.26,9.48],[124.11,11.28],[124.0,10.25],[123.6,9.99]]],[[[123.82,11.28],[123.79,11.02],[123.57,11.02],[123.82,11.28]]],[[[121.93,11.99],[123.12,11.54],[122.62,10.38],[121.9,10.44],[121.93,11.99]]],[[[123.73,12.31],[124.09,11.73],[123.17,11.99],[123.24,12.5],[123.77,12.63],[123.73,12.31]]],[[[121.9,12.37],[122.13,12.44],[122.09,12.11],[121.9,12.37]]],[[[122.69,12.24],[122.41,12.37],[122.51,12.56],[122.69,12.24]]],[[[121.99,12.5],[122.02,12.69],[122.24,12.69],[121.99,12.5]]],[[[120.74,13.59],[121.44,13.34],[121.29,12.18],[120.34,13.34],[120.74,13.59]]],[[[122.2,13.53],[122.16,13.21],[121.86,13.21],[121.75,13.46],[122.2,13.53]]],[[[120.1,13.72],[120.12,13.85],[120.27,13.85],[120.1,13.72]]],[[[124.11,13.53],[124.12,14.11],[124.47,13.98],[124.11,13.53]]],[[[122.13,15.01],[122.07,14.62],[121.86,14.69],[122.13,15.01]]],[[[121.84,14.11],[122.76,14.36],[123.12,13.79],[123.24,14.11],[123.94,13.85],[123.61,13.59],[124.14,13.21],[124.12,12.5],[123.45,13.01],[123.06,12.82],[123.27,13.27],[122.69,13.85],[122.74,13.21],[121.82,13.91],[121.4,13.59],[120.56,13.85],[120.97,14.62],[120.29,14.49],[119.73,16.1],[120.01,16.42],[120.4,16.1],[120.52,18.03],[120.98,17.32],[120.65,16.29],[121.17,15.91],[121.84,14.11]]],[[[18.44,40.1],[18.11,39.9],[17.35,40.55],[16.62,40.29],[16.45,39.64],[17.14,39.06],[15.93,37.96],[15.39,38.16],[15.05,36.74],[12.49,37.71],[12.65,38.09],[14.6,38.03],[15.86,38.29],[16.27,38.74],[15.75,40.03],[13.79,41.13],[13.96,41.72],[13.01,42.04],[12.86,42.5],[13.99,42.95],[14.37,42.24],[16.12,41.91],[15.94,41.39],[18.44,40.1]]],[[[11.34,42.43],[11.18,42.5],[11.18,42.56],[11.34,42.43]]],[[[10.86,43.08],[10.94,42.89],[10.7,42.95],[10.86,43.08]]],[[[9.32,45.17],[9.4,44.45],[8.34,45.1],[8.58,45.56],[7.92,45.96],[8.32,46.41],[8.9,45.89],[9.39,46.22],[9.31,45.69],[10.45,45.17],[9.32,45.17]]]]}},{"type":"Feature","properties":{"n":"Bornu Empire","f":1579,"t":1635,"w":"Q1139762"},"geometry":{"type":"Polygon","coordinates":[[[17.83,11.02],[17.68,10.44],[16.2,9.29],[13.5,9.41],[13.29,10.44],[12.05,10.96],[10.68,13.34],[11.43,15.33],[12.97,15.52],[16.32,13.14],[17.83,11.02]]]}},{"type":"Feature","properties":{"n":"Portuguese Africa","f":1579,"t":1581,"w":"Q16879646"},"geometry":{"type":"MultiPolygon","coordinates":[[[[-2.31,4.85],[-2.6,4.91],[-2.52,5.11],[-2.31,4.85]]],[[[-1.28,5.04],[-1.8,4.85],[-1.79,5.11],[-1.28,5.04]]],[[[-15.92,12.18],[-16.66,12.37],[-15.93,12.37],[-15.92,12.18]]],[[[-24.45,15.07],[-24.23,15.07],[-24.29,14.75],[-24.45,15.07]]],[[[-23.78,14.94],[-23.73,15.33],[-23.42,15.14],[-23.78,14.94]]],[[[-23.2,15.07],[-23.28,15.26],[-23.06,15.33],[-23.2,15.07]]],[[[-22.65,15.97],[-22.94,15.97],[-22.88,16.23],[-22.65,15.97]]],[[[-24.08,16.68],[-24.08,16.55],[-24.37,16.49],[-24.08,16.68]]],[[[-22.84,16.87],[-22.83,16.68],[-22.98,16.68],[-22.84,16.87]]],[[[-25.27,16.87],[-25.29,17.19],[-24.82,16.74],[-25.27,16.87]]],[[[-8.44,32.88],[-8.73,32.62],[-9.05,32.88],[-8.7,33.2],[-8.44,32.88]]],[[[-5.85,35.32],[-6.0,35.39],[-5.88,35.77],[-5.33,35.64],[-5.85,35.32]]],[[[35.33,-24.27],[35.03,-24.21],[34.93,-23.82],[35.38,-23.82],[35.33,-24.27]]],[[[34.54,-19.58],[34.71,-20.16],[34.34,-20.16],[34.54,-19.58]]],[[[37.63,-17.59],[37.2,-17.78],[37.26,-17.39],[37.63,-17.59]]],[[[40.75,-14.69],[40.55,-15.34],[40.17,-14.95],[40.75,-14.69]]],[[[13.54,-9.1],[13.11,-9.49],[12.89,-8.91],[13.25,-8.46],[13.54,-9.1]]],[[[39.67,-7.69],[39.81,-7.69],[39.67,-8.01],[39.67,-7.69]]],[[[39.12,-5.76],[39.27,-5.76],[39.43,-6.53],[39.12,-5.76]]],[[[39.55,-5.11],[39.55,-4.92],[39.77,-4.99],[39.55,-5.44],[39.55,-5.11]]],[[[6.3,0.35],[6.67,0.41],[6.66,0.16],[6.3,0.35]]],[[[7.34,1.51],[7.19,1.51],[7.27,1.7],[7.34,1.51]]],[[[8.54,3.76],[8.83,3.82],[8.68,3.18],[8.31,3.24],[8.54,3.76]]]]}},{"type":"Feature","properties":{"n":"Spanish Empire","f":1582,"t":1587,"w":"Q80702"},"geometry":{"type":"MultiPolygon","coordinates":[[[[-73.65,-42.83],[-74.1,-42.76],[-74.03,-42.44],[-73.46,-42.24],[-73.65,-42.83]]],[[[-37.24,-11.09],[-38.13,-12.83],[-39.03,-13.28],[-39.28,-17.78],[-41.14,-22.15],[-41.91,-22.41],[-42.12,-22.99],[-44.74,-23.05],[-45.5,-23.89],[-46.09,-23.82],[-47.95,-24.98],[-48.82,-22.92],[-45.61,-22.86],[-43.38,-22.21],[-42.49,-21.51],[-41.44,-19.71],[-40.76,-17.01],[-40.02,-15.91],[-39.53,-11.67],[-38.38,-10.39],[-36.68,-9.94],[-36.36,-6.79],[-36.68,-5.11],[-35.3,-5.44],[-34.84,-7.49],[-35.26,-9.1],[-37.24,-11.09]]],[[[-75.34,-10.77],[-75.27,-10.77],[-75.27,-10.84],[-75.34,-10.77]]],[[[-95.77,18.8],[-94.04,18.22],[-92.5,18.74],[-91.3,18.61],[-89.98,21.31],[-86.75,21.5],[-87.7,18.29],[-87.99,18.74],[-89.17,17.77],[-90.57,17.77],[-90.6,16.55],[-90.38,16.04],[-89.54,15.84],[-85.88,15.97],[-85.69,15.07],[-84.58,14.43],[-84.94,13.72],[-84.42,11.34],[-83.58,10.96],[-82.21,9.03],[-81.03,8.84],[-79.69,9.61],[-78.96,9.61],[-77.99,9.29],[-76.83,8.19],[-76.93,8.64],[-75.66,9.48],[-75.58,10.51],[-74.96,11.15],[-74.36,10.89],[-74.17,11.34],[-73.15,11.41],[-71.84,12.44],[-71.1,12.31],[-71.28,11.79],[-71.92,11.6],[-71.65,10.83],[-69.66,11.66],[-68.46,11.34],[-68.19,10.51],[-66.37,10.7],[-65.09,10.06],[-64.03,10.7],[-61.91,10.76],[-61.98,10.57],[-63.28,10.38],[-64.64,9.74],[-68.96,9.93],[-70.54,9.48],[-71.23,8.64],[-72.04,8.77],[-72.92,7.16],[-73.16,5.69],[-76.15,1.7],[-76.96,0.09],[-77.87,-3.25],[-77.81,-5.69],[-75.17,-11.35],[-73.87,-12.44],[-71.88,-13.15],[-70.67,-12.76],[-68.37,-13.28],[-65.67,-14.89],[-63.8,-15.34],[-62.59,-16.36],[-63.18,-20.61],[-64.19,-23.63],[-64.07,-24.79],[-63.27,-26.2],[-61.05,-26.78],[-59.61,-26.72],[-58.58,-25.94],[-57.67,-24.47],[-57.0,-24.47],[-58.43,-26.84],[-58.75,-29.99],[-58.27,-30.89],[-58.55,-34.49],[-60.52,-33.79],[-63.06,-34.62],[-65.97,-34.3],[-69.77,-34.88],[-70.48,-35.39],[-71.61,-39.59],[-73.75,-41.66],[-74.09,-41.53],[-73.37,-39.26],[-73.84,-37.46],[-73.33,-37.13],[-72.42,-35.2],[-71.63,-32.69],[-71.94,-30.83],[-70.57,-25.17],[-70.53,-23.63],[-70.81,-23.5],[-70.27,-21.96],[-70.26,-19.84],[-70.44,-18.42],[-71.62,-17.33],[-75.22,-15.53],[-76.08,-14.69],[-76.46,-14.18],[-76.38,-13.41],[-77.8,-11.35],[-78.98,-8.46],[-79.98,-6.91],[-81.33,-6.14],[-81.01,-5.63],[-81.47,-4.41],[-80.05,-3.12],[-81.12,-2.29],[-81.03,-0.94],[-80.16,0.22],[-80.23,0.86],[-79.06,1.25],[-78.78,2.34],[-77.91,2.6],[-77.26,3.63],[-77.56,4.08],[-77.41,6.52],[-78.5,7.94],[-78.23,8.45],[-79.06,8.96],[-80.41,8.26],[-80.0,7.42],[-80.58,7.16],[-80.94,7.16],[-81.05,7.87],[-81.47,7.61],[-81.94,8.19],[-83.71,8.45],[-83.67,9.09],[-84.83,9.99],[-85.24,9.61],[-85.78,9.99],[-85.72,11.09],[-87.55,12.69],[-87.47,13.34],[-88.85,13.21],[-91.35,13.91],[-94.77,16.36],[-96.73,15.65],[-101.11,17.26],[-101.9,17.96],[-103.43,18.29],[-105.33,19.7],[-105.63,20.47],[-105.13,21.31],[-105.7,22.59],[-108.04,24.91],[-106.94,24.39],[-105.41,22.66],[-105.29,23.11],[-104.86,22.85],[-104.99,22.4],[-104.11,22.14],[-103.91,22.59],[-103.8,22.08],[-103.72,22.4],[-103.48,21.95],[-103.15,22.14],[-102.59,21.24],[-102.05,21.11],[-101.54,21.56],[-100.51,20.86],[-99.91,21.18],[-98.42,20.79],[-98.36,22.01],[-100.01,23.81],[-100.77,25.42],[-100.28,25.87],[-99.36,23.94],[-97.72,22.53],[-97.19,20.92],[-95.77,18.8]]],[[[-76.22,1.31],[-76.22,1.25],[-76.3,1.25],[-76.22,1.31]]],[[[-81.9,7.36],[-81.91,7.61],[-81.7,7.68],[-81.9,7.36]]],[[[-78.96,8.45],[-78.81,8.45],[-78.8,8.26],[-78.96,8.45]]],[[[-63.35,10.25],[-63.35,10.19],[-63.42,10.19],[-63.35,10.25]]],[[[-61.73,10.06],[-61.55,10.83],[-60.89,10.83],[-61.0,10.06],[-61.73,10.06]]],[[[-64.04,10.83],[-64.35,11.09],[-63.84,11.21],[-64.04,10.83]]],[[[-69.73,11.66],[-70.24,11.6],[-70.28,12.11],[-69.85,12.24],[-69.73,11.66]]],[[[-69.11,12.18],[-69.12,12.37],[-68.66,11.99],[-69.11,12.18]]],[[[-68.15,12.05],[-68.29,12.05],[-68.39,12.31],[-68.15,12.05]]],[[[-70.02,12.56],[-69.79,12.44],[-69.93,12.37],[-70.02,12.56]]],[[[-24.23,15.07],[-24.29,14.75],[-24.36,14.75],[-24.23,15.07]]],[[[-23.58,15.33],[-23.41,14.88],[-23.78,14.94],[-23.58,15.33]]],[[[-24.08,16.55],[-24.37,16.49],[-24.38,16.68],[-24.08,16.55]]],[[[-25.29,17.19],[-24.99,17.26],[-24.82,16.74],[-25.29,17.19]]],[[[-78.39,18.29],[-77.01,18.48],[-76.12,17.9],[-77.74,17.84],[-78.39,18.29]]],[[[-67.12,17.96],[-67.26,18.48],[-65.55,18.41],[-65.72,17.96],[-67.12,17.96]]],[[[-69.49,19.12],[-68.58,18.99],[-68.29,18.41],[-70.72,18.35],[-71.28,17.58],[-72.1,18.22],[-74.4,18.29],[-74.24,18.74],[-72.3,18.61],[-72.79,19.51],[-73.41,19.64],[-73.23,19.96],[-70.78,19.96],[-69.12,19.19],[-69.49,19.12]]],[[[-73.3,18.86],[-73.32,18.99],[-72.79,18.93],[-72.83,18.67],[-73.3,18.86]]],[[[-86.7,20.34],[-86.99,20.28],[-87.02,20.47],[-86.67,20.6],[-86.7,20.34]]],[[[-75.63,21.18],[-74.07,20.15],[-77.65,19.83],[-77.19,20.66],[-78.24,20.79],[-78.66,21.56],[-82.05,22.27],[-81.74,22.66],[-84.8,21.82],[-84.0,22.79],[-82.29,23.24],[-80.57,23.17],[-79.25,22.46],[-77.64,22.14],[-77.66,21.82],[-75.63,21.18]]],[[[-82.5,21.44],[-82.95,21.44],[-83.04,21.95],[-82.49,21.82],[-82.5,21.44]]],[[[-78.6,22.53],[-78.23,22.59],[-78.2,22.4],[-78.6,22.53]]],[[[-81.57,30.05],[-81.25,30.24],[-81.15,29.67],[-81.57,30.05]]],[[[-80.68,32.3],[-80.82,32.49],[-80.43,32.49],[-80.68,32.3]]],[[[35.03,-24.21],[34.93,-23.82],[35.38,-23.82],[35.03,-24.21]]],[[[34.71,-20.16],[34.57,-20.29],[34.25,-19.84],[34.54,-19.58],[34.71,-20.16]]],[[[37.26,-17.39],[37.7,-17.46],[37.63,-17.59],[37.26,-17.39]]],[[[40.75,-14.69],[40.55,-15.34],[40.17,-14.95],[40.75,-14.69]]],[[[13.11,-9.49],[12.89,-9.23],[13.25,-8.46],[13.54,-9.1],[13.11,-9.49]]],[[[39.82,-7.88],[39.53,-8.01],[39.52,-7.81],[39.82,-7.88]]],[[[39.49,-6.14],[39.43,-6.53],[39.06,-6.21],[39.27,-5.76],[39.49,-6.14]]],[[[39.77,-4.99],[39.7,-5.44],[39.55,-5.44],[39.77,-4.99]]],[[[6.67,0.41],[6.66,0.16],[6.38,0.03],[6.3,0.35],[6.67,0.41]]],[[[7.27,1.7],[7.34,1.7],[7.34,1.51],[7.27,1.7]]],[[[8.68,3.18],[8.31,3.24],[8.54,3.76],[8.83,3.82],[8.68,3.18]]],[[[-2.52,5.11],[-2.3,5.11],[-2.31,4.85],[-2.52,5.11]]],[[[-1.8,4.85],[-1.35,5.3],[-1.28,5.04],[-1.8,4.85]]],[[[-16.58,12.18],[-16.66,12.37],[-15.93,12.37],[-16.58,12.18]]],[[[74.52,15.26],[74.55,14.81],[74.24,14.62],[73.8,15.39],[74.52,15.26]]],[[[-23.28,15.26],[-23.06,15.33],[-22.99,15.2],[-23.28,15.26]]],[[[-22.65,15.97],[-22.94,15.97],[-22.88,16.23],[-22.65,15.97]]],[[[-22.98,16.68],[-22.98,16.81],[-22.84,16.87],[-22.98,16.68]]],[[[55.79,26.97],[56.32,27.03],[55.29,26.52],[55.79,26.97]]],[[[-17.85,27.87],[-17.9,27.61],[-18.06,27.67],[-17.85,27.87]]],[[[-15.73,27.74],[-15.76,28.19],[-15.3,28.12],[-15.73,27.74]]],[[[-17.12,28.25],[-17.03,28.06],[-17.25,27.99],[-17.12,28.25]]],[[[-16.91,28.38],[-16.09,28.57],[-16.36,28.06],[-16.65,27.93],[-16.91,28.38]]],[[[-13.81,28.25],[-14.32,28.06],[-14.07,28.7],[-13.77,28.77],[-13.81,28.25]]],[[[-17.71,28.89],[-17.67,28.51],[-17.99,28.64],[-17.71,28.89]]],[[[-13.65,29.22],[-13.42,29.22],[-13.47,28.89],[-13.86,28.96],[-13.65,29.22]]],[[[-8.73,32.62],[-9.05,32.81],[-8.7,33.2],[-8.45,32.94],[-8.73,32.62]]],[[[-2.98,35.26],[-2.99,35.45],[-2.84,35.45],[-2.98,35.26]]],[[[-0.53,35.71],[-0.45,35.58],[-0.91,35.52],[-0.53,35.71]]],[[[-6.0,35.39],[-5.88,35.77],[-5.25,35.64],[-6.0,35.39]]],[[[123.82,-9.49],[123.81,-9.36],[124.38,-9.16],[124.33,-9.49],[123.82,-9.49]]],[[[125.52,-8.84],[125.13,-8.59],[125.71,-8.52],[125.52,-8.84]]],[[[122.78,-8.39],[123.0,-8.39],[123.01,-8.52],[122.78,-8.39]]],[[[128.24,-3.51],[128.25,-3.7],[127.81,-3.83],[128.24,-3.51]]],[[[102.1,3.05],[102.67,2.73],[102.42,2.02],[101.71,2.41],[102.1,3.05]]],[[[79.76,6.65],[79.79,8.51],[80.07,8.39],[80.05,6.65],[80.89,6.01],[80.23,5.88],[79.76,6.65]]],[[[123.58,9.03],[123.44,9.09],[123.54,9.35],[123.58,9.03]]],[[[76.56,9.41],[76.26,9.35],[76.21,9.67],[76.56,9.41]]],[[[124.5,10.19],[124.62,9.93],[123.78,9.54],[123.74,9.86],[124.5,10.19]]],[[[122.81,10.12],[122.9,10.89],[123.56,10.96],[123.15,9.8],[123.22,9.03],[122.85,9.03],[122.36,9.99],[122.81,10.12]]],[[[123.26,9.48],[124.11,11.28],[124.0,10.25],[123.26,9.48]]],[[[79.86,10.73],[79.85,10.83],[79.87,10.83],[79.86,10.73]]],[[[123.79,11.02],[123.57,11.02],[123.67,11.28],[123.79,11.02]]],[[[121.93,11.99],[123.12,11.54],[122.62,10.38],[121.9,10.44],[121.93,11.99]]],[[[75.59,11.34],[75.81,11.41],[75.93,10.96],[75.59,11.34]]],[[[75.29,12.31],[75.41,11.92],[75.27,11.92],[75.29,12.31]]],[[[124.09,11.73],[123.17,11.99],[123.24,12.5],[123.83,12.56],[124.09,11.73]]],[[[121.9,12.37],[122.13,12.44],[122.09,12.11],[121.9,12.37]]],[[[122.69,12.24],[122.41,12.37],[122.51,12.56],[122.69,12.24]]],[[[121.99,12.5],[122.02,12.69],[122.24,12.69],[121.99,12.5]]],[[[121.44,13.34],[121.29,12.18],[120.95,12.37],[120.37,13.53],[121.44,13.34]]],[[[80.13,13.21],[80.15,13.4],[80.38,13.46],[80.41,13.08],[80.13,13.21]]],[[[122.2,13.53],[122.16,13.21],[121.86,13.21],[121.75,13.46],[122.2,13.53]]],[[[120.27,13.85],[120.31,13.66],[120.1,13.72],[120.27,13.85]]],[[[124.11,13.53],[124.12,14.11],[124.47,13.98],[124.11,13.53]]],[[[122.13,15.01],[122.07,14.62],[121.86,14.69],[122.13,15.01]]],[[[121.84,14.11],[122.76,14.36],[123.12,13.79],[123.24,14.11],[123.94,13.85],[123.61,13.59],[124.14,13.21],[124.12,12.5],[123.45,13.01],[123.06,12.82],[123.27,13.27],[122.69,13.85],[122.74,13.21],[121.82,13.91],[121.4,13.59],[120.56,13.85],[120.97,14.62],[120.29,14.49],[119.73,16.1],[120.01,16.42],[120.4,16.1],[120.52,18.03],[120.98,17.32],[120.65,16.29],[121.21,16.1],[121.84,14.11]]],[[[113.64,22.14],[113.42,22.14],[113.54,22.4],[113.64,22.14]]]]}},{"type":"Feature","properties":{"n":"(Kingdom of England)","f":1582,"t":1587,"w":"Q179876"},"geometry":{"type":"MultiPolygon","coordinates":[[[[0.3,53.39],[0.08,52.92],[1.09,53.06],[1.72,52.72],[1.59,52.12],[0.52,51.51],[1.38,51.38],[1.31,51.11],[0.49,50.78],[-1.37,50.85],[-1.18,50.58],[-3.13,50.71],[-3.58,50.25],[-5.75,50.05],[-4.2,51.31],[-3.09,51.25],[-2.95,51.45],[-4.91,51.58],[-5.22,52.05],[-4.16,52.45],[-4.3,52.92],[-4.79,52.79],[-4.49,53.12],[-4.7,53.46],[-3.15,53.46],[-2.97,54.14],[-3.59,54.27],[-3.65,54.82],[-2.56,55.23],[-2.11,55.91],[-1.29,54.68],[-0.67,54.61],[0.3,53.39]]],[[[-6.09,52.86],[-6.43,52.18],[-8.48,51.65],[-8.82,51.65],[-8.55,52.12],[-8.85,52.45],[-10.51,52.12],[-9.38,53.12],[-10.21,53.46],[-9.83,53.8],[-10.01,54.34],[-8.7,54.27],[-8.32,54.61],[-8.87,54.82],[-8.41,55.23],[-6.5,55.29],[-5.9,54.07],[-6.33,54.07],[-6.09,52.86]]],[[[-4.36,54.21],[-4.86,54.07],[-4.81,54.34],[-4.36,54.21]]],[[[-5.73,54.75],[-5.99,54.75],[-5.93,54.95],[-5.73,54.75]]]]}},{"type":"Feature","properties":{"n":"Eastern Moghulistan","f":1582,"t":1587,"w":"Q1191125"},"geometry":{"type":"Polygon","coordinates":[[[92.59,39.26],[90.95,38.67],[90.94,38.03],[91.53,37.51],[90.94,36.93],[91.36,36.8],[91.25,36.48],[88.67,36.67],[86.8,36.42],[85.89,35.77],[82.35,35.84],[81.67,35.39],[80.15,35.45],[79.44,35.97],[77.98,35.45],[76.15,35.84],[75.84,36.67],[75.23,37.0],[73.69,37.06],[73.75,38.61],[75.3,39.06],[80.53,42.43],[82.06,42.24],[85.79,42.76],[88.85,42.24],[90.22,41.91],[90.75,40.55],[92.69,39.71],[92.59,39.26]]]}},{"type":"Feature","properties":{"n":"Iberian Union","f":1582,"t":1587,"w":"Q377350"},"geometry":{"type":"MultiPolygon","coordinates":[[[[-17.17,32.88],[-16.69,32.69],[-17.07,32.62],[-17.17,32.88]]],[[[-25.11,37.9],[-25.09,37.77],[-25.7,37.71],[-25.9,37.96],[-25.11,37.9]]],[[[-28.85,38.67],[-28.08,38.35],[-28.39,38.35],[-28.85,38.67]]],[[[-28.04,38.55],[-28.15,38.74],[-27.89,38.61],[-28.04,38.55]]],[[[-27.36,38.67],[-27.39,38.87],[-27.08,38.87],[-27.36,38.67]]],[[[1.18,39.06],[1.65,39.13],[1.66,39.0],[1.18,39.06]]],[[[3.3,39.32],[2.35,39.45],[2.88,39.97],[3.52,39.77],[3.3,39.32]]],[[[-1.77,43.41],[1.58,42.43],[2.99,43.02],[3.12,41.91],[0.7,40.94],[-0.35,39.71],[0.1,38.74],[-0.66,38.29],[-0.7,37.64],[-1.71,37.45],[-2.06,36.8],[-4.47,36.74],[-5.66,36.03],[-6.84,37.25],[-9.0,37.0],[-8.82,38.48],[-9.21,38.42],[-9.57,38.93],[-8.73,40.74],[-8.96,42.17],[-8.66,42.37],[-9.3,43.15],[-8.24,43.73],[-1.77,43.41]]],[[[4.22,40.1],[4.3,39.84],[3.83,39.9],[4.22,40.1]]],[[[4.4,46.09],[4.08,45.96],[3.99,46.28],[4.4,46.09]]],[[[2.07,51.11],[2.91,51.31],[4.46,50.78],[4.83,51.85],[5.68,51.85],[5.86,51.51],[4.49,49.98],[1.95,50.31],[2.07,51.11]]],[[[59.27,22.98],[58.27,23.43],[58.81,23.62],[59.27,22.98]]],[[[50.69,26.26],[50.65,25.87],[50.43,25.94],[50.69,26.26]]],[[[17.98,40.61],[18.35,39.9],[17.35,40.55],[16.62,40.29],[16.45,39.64],[17.14,39.06],[15.93,37.96],[15.39,38.16],[15.05,36.74],[12.49,37.71],[12.65,38.09],[14.6,38.03],[15.86,38.29],[16.27,38.74],[15.75,40.03],[13.79,41.13],[13.96,41.72],[13.01,42.04],[12.86,42.5],[13.99,42.95],[14.61,42.11],[16.12,41.91],[15.94,41.39],[17.98,40.61]]],[[[9.59,39.13],[8.34,39.0],[8.15,40.94],[9.5,41.2],[9.59,39.13]]],[[[11.18,42.56],[11.34,42.63],[11.34,42.43],[11.18,42.56]]],[[[10.86,43.08],[10.94,42.89],[10.86,42.95],[10.86,43.08]]],[[[9.32,45.17],[9.4,44.45],[8.34,45.1],[8.58,45.56],[7.92,45.96],[8.32,46.41],[8.9,45.89],[9.39,46.22],[9.31,45.69],[10.45,45.04],[9.32,45.17]]],[[[5.37,46.35],[5.58,47.66],[6.89,47.93],[6.99,47.27],[5.37,46.35]]],[[[5.93,49.58],[5.35,49.32],[4.83,49.85],[5.15,50.31],[5.9,50.38],[5.71,51.11],[6.07,50.45],[6.4,50.51],[6.07,50.25],[6.58,50.11],[6.36,49.25],[5.86,49.25],[5.93,49.58]]],[[[7.18,53.26],[7.2,52.52],[6.08,52.79],[6.23,53.53],[7.18,53.26]]]]}},{"type":"Feature","properties":{"n":"(Portuguese Empire)","f":1582,"t":1594,"w":"Q200464"},"geometry":{"type":"MultiPolygon","coordinates":[[[[81.88,6.71],[80.97,6.01],[80.32,6.2],[79.89,8.96],[81.4,8.51],[81.88,6.71]]],[[[72.87,19.31],[73.1,19.38],[73.08,19.12],[72.87,19.31]]],[[[72.9,20.21],[73.19,20.15],[73.18,20.09],[72.9,20.21]]],[[[72.93,20.47],[73.0,20.47],[72.99,20.41],[72.93,20.47]]]]}},{"type":"Feature","properties":{"n":"Kingdom of England","f":1582,"t":1587,"w":"Q179876"},"geometry":{"type":"MultiPolygon","coordinates":[[[[0.3,53.39],[0.08,52.92],[1.09,53.06],[1.72,52.72],[1.59,52.12],[0.52,51.51],[1.38,51.38],[1.31,51.11],[0.49,50.78],[-1.37,50.85],[-1.18,50.58],[-3.13,50.71],[-3.58,50.25],[-5.75,50.05],[-4.2,51.31],[-3.09,51.25],[-2.95,51.45],[-4.91,51.58],[-5.22,52.05],[-4.16,52.45],[-4.3,52.92],[-4.79,52.79],[-4.49,53.12],[-4.7,53.46],[-3.15,53.46],[-2.97,54.14],[-3.59,54.27],[-3.65,54.82],[-2.56,55.23],[-2.11,55.91],[-1.29,54.68],[-0.67,54.61],[0.3,53.39]]],[[[-6.09,52.86],[-6.43,52.18],[-8.48,51.65],[-8.82,51.65],[-8.55,52.12],[-8.85,52.45],[-10.51,52.12],[-9.38,53.12],[-10.21,53.46],[-9.83,53.8],[-10.01,54.34],[-8.7,54.27],[-8.32,54.61],[-8.87,54.82],[-8.41,55.23],[-6.5,55.29],[-5.9,54.07],[-6.33,54.07],[-6.09,52.86]]],[[[-4.36,54.21],[-4.86,54.07],[-4.81,54.34],[-4.36,54.21]]],[[[-5.73,54.75],[-5.99,54.75],[-5.93,54.95],[-5.73,54.75]]]]}},{"type":"Feature","properties":{"n":"Khanate of Sibir","f":1582,"t":1587,"w":"Q190513"},"geometry":{"type":"Polygon","coordinates":[[[72.66,72.05],[71.81,71.5],[72.89,71.03],[72.5,69.03],[73.63,68.65],[73.07,67.74],[71.52,66.62],[70.4,66.4],[72.1,66.33],[73.63,67.0],[74.76,67.89],[74.2,68.35],[74.59,68.88],[76.47,69.11],[77.31,68.65],[77.25,68.05],[77.88,68.35],[77.59,68.88],[76.63,69.18],[73.66,69.11],[73.41,69.72],[74.22,70.64],[72.89,71.42],[74.87,72.21],[74.86,72.92],[75.66,72.76],[75.36,71.42],[76.05,71.27],[77.19,71.27],[75.85,71.89],[77.23,72.05],[76.71,72.29],[77.48,72.69],[80.57,72.29],[81.38,71.81],[83.75,72.13],[84.61,70.95],[84.48,69.33],[85.39,66.77],[86.37,65.96],[88.09,65.59],[89.36,63.77],[90.39,61.55],[90.37,60.7],[87.01,56.8],[87.13,56.32],[87.96,55.84],[88.29,54.89],[84.74,50.18],[83.88,50.78],[78.41,51.31],[76.57,53.19],[77.51,54.61],[73.43,53.26],[69.32,52.92],[59.79,54.61],[59.9,55.09],[61.6,56.18],[69.51,56.66],[71.14,57.56],[71.4,58.53],[70.87,59.5],[69.39,60.42],[66.44,61.05],[64.67,62.05],[64.02,63.77],[64.27,64.57],[68.95,68.95],[66.6,69.64],[67.17,70.18],[67.19,70.8],[66.57,70.8],[66.64,71.19],[68.11,71.66],[69.36,73.0],[72.94,72.76],[72.66,72.05]]]}},{"type":"Feature","properties":{"n":"Warring States Japan","f":1582,"t":1587,"w":"Q204023"},"geometry":{"type":"MultiPolygon","coordinates":[[[[130.72,30.44],[130.62,30.18],[130.36,30.31],[130.72,30.44]]],[[[131.02,30.44],[130.82,30.5],[130.92,30.76],[131.17,30.82],[131.02,30.44]]],[[[130.61,32.56],[130.57,32.81],[130.25,33.14],[130.33,32.62],[129.79,32.62],[129.6,33.39],[132.69,35.52],[136.04,35.71],[135.9,36.03],[136.64,36.67],[136.72,37.38],[137.37,37.58],[137.1,36.8],[138.51,37.38],[139.39,38.22],[140.04,39.51],[139.66,39.9],[139.99,40.29],[139.77,40.55],[140.34,41.26],[141.54,41.39],[141.44,40.68],[142.09,39.64],[141.51,38.35],[140.92,38.03],[141.13,37.32],[140.61,36.42],[140.91,35.84],[140.41,35.19],[139.7,34.87],[140.03,35.64],[139.72,35.19],[139.21,35.26],[138.95,34.61],[138.8,35.07],[138.26,34.61],[137.07,34.55],[137.24,34.74],[136.73,34.94],[136.91,34.23],[136.45,34.23],[135.66,33.39],[135.03,33.84],[135.44,34.68],[132.32,34.29],[132.19,33.84],[131.09,33.97],[131.1,33.65],[131.82,33.71],[131.64,33.33],[132.09,33.14],[131.41,31.4],[130.64,31.01],[130.14,31.27],[130.1,31.91],[130.61,32.56]]],[[[130.13,32.17],[129.93,32.24],[129.99,32.56],[130.53,32.56],[130.13,32.17]]],[[[128.77,32.56],[128.57,32.62],[128.65,32.81],[128.77,32.56]]],[[[132.43,32.88],[132.36,33.39],[132.02,33.33],[132.88,34.16],[135.07,34.55],[134.22,33.26],[133.54,33.46],[133.03,32.69],[132.63,32.81],[132.78,33.14],[132.43,32.88]]],[[[129.82,33.71],[129.59,33.71],[129.73,33.84],[129.82,33.71]]],[[[129.31,34.1],[129.11,34.16],[129.4,34.29],[129.31,34.1]]],[[[129.43,34.36],[129.23,34.42],[129.29,34.55],[129.43,34.36]]],[[[138.61,38.09],[138.19,37.77],[138.14,37.96],[138.34,38.29],[138.61,38.09]]],[[[140.23,42.24],[140.94,41.78],[139.95,41.39],[139.9,42.11],[140.23,42.24]]]]}},{"type":"Feature","properties":{"n":"Saadi Sultanate","f":1582,"t":1594,"w":"Q1136188"},"geometry":{"type":"Polygon","coordinates":[[[-1.72,34.68],[-1.58,33.39],[-2.84,32.62],[-4.93,30.18],[-4.65,29.28],[-3.56,28.44],[-2.83,27.22],[-2.72,23.69],[-4.49,23.11],[-6.56,28.06],[-7.12,28.64],[-9.18,27.87],[-11.62,28.25],[-9.83,29.79],[-9.8,31.59],[-9.13,32.81],[-8.73,32.62],[-8.55,33.33],[-6.9,33.91],[-6.0,35.39],[-5.24,35.58],[-4.75,35.19],[-1.72,34.68]]]}},{"type":"Feature","properties":{"n":"Ming Dynasty","f":1582,"t":1587,"w":"Q9903"},"geometry":{"type":"MultiPolygon","coordinates":[[[[108.76,18.41],[108.7,19.38],[109.25,19.96],[110.91,20.15],[111.03,19.57],[109.86,18.35],[108.76,18.41]]],[[[122.28,29.99],[121.98,29.99],[122.05,30.18],[122.28,29.99]]],[[[124.04,40.87],[124.29,40.36],[124.73,40.42],[124.23,39.84],[121.03,38.74],[121.69,39.38],[121.28,39.64],[122.23,40.48],[121.11,40.87],[119.22,39.32],[117.89,39.19],[117.58,38.74],[118.07,38.16],[119.46,37.96],[119.16,37.19],[120.75,37.9],[122.71,37.45],[122.39,36.8],[120.98,36.61],[119.23,34.81],[120.34,34.36],[120.92,32.62],[121.99,31.85],[121.58,31.4],[121.9,30.82],[120.68,30.18],[121.48,30.31],[122.03,29.92],[121.94,29.22],[121.74,29.54],[121.57,29.47],[121.65,28.32],[121.12,28.32],[119.59,26.13],[119.53,25.62],[119.87,25.49],[119.27,25.49],[118.76,24.59],[118.15,24.52],[116.54,22.91],[114.64,22.72],[114.37,22.08],[113.6,22.72],[113.07,21.89],[110.42,21.18],[110.49,20.28],[109.88,20.21],[109.81,21.5],[107.24,21.69],[106.71,22.08],[106.71,22.91],[105.44,23.3],[103.96,22.53],[101.72,22.46],[101.81,21.18],[101.36,21.18],[100.65,23.17],[99.21,24.71],[98.79,27.35],[98.16,28.19],[98.87,28.32],[99.4,29.47],[99.61,28.25],[100.68,29.73],[101.87,33.52],[101.2,33.78],[101.69,34.1],[100.85,34.55],[102.03,34.61],[101.71,35.0],[102.92,36.35],[102.1,37.77],[101.7,37.58],[99.9,38.87],[100.61,39.77],[102.09,38.87],[103.12,39.06],[102.84,38.42],[104.46,37.64],[106.38,38.09],[107.33,39.64],[107.65,39.32],[107.29,38.55],[109.08,37.84],[109.53,37.96],[110.42,39.51],[112.5,40.36],[114.68,40.42],[116.61,41.2],[117.34,40.94],[117.37,40.42],[118.42,40.61],[119.36,40.03],[121.45,41.59],[121.93,41.72],[122.01,41.33],[122.41,41.33],[123.7,42.89],[124.66,42.76],[124.21,42.04],[124.04,40.87]]]]}},{"type":"Feature","properties":{"n":"Tibet","f":1582,"t":1587,"w":"Q521263"},"geometry":{"type":"Polygon","coordinates":[[[100.68,29.73],[99.61,28.25],[99.4,29.47],[98.54,28.19],[97.3,28.96],[96.24,28.96],[95.97,29.41],[95.42,29.02],[94.66,29.28],[93.51,28.64],[87.75,27.8],[85.97,27.93],[82.04,30.37],[81.07,30.12],[79.45,31.01],[78.46,32.3],[79.57,32.75],[78.93,33.52],[78.98,34.04],[79.45,34.04],[80.22,35.45],[81.67,35.39],[82.35,35.84],[85.89,35.77],[86.8,36.42],[91.25,36.48],[92.36,37.0],[98.85,34.1],[101.87,33.52],[100.68,29.73]]]}},{"type":"Feature","properties":{"n":"Tümed","f":1582,"t":1599,"w":"Q3402317"},"geometry":{"type":"Polygon","coordinates":[[[100.34,38.61],[101.7,37.58],[102.1,37.77],[102.84,36.74],[102.52,35.71],[101.71,35.0],[102.03,34.61],[100.92,34.74],[101.07,34.29],[101.69,34.1],[101.53,33.84],[98.85,34.1],[93.54,36.61],[90.94,36.93],[91.53,37.51],[90.94,38.03],[90.95,38.67],[93.22,39.45],[96.22,39.64],[97.91,39.0],[99.2,39.26],[100.23,38.35],[100.34,38.61]]]}},{"type":"Feature","properties":{"n":"Golden Horde","f":1582,"t":1599,"w":"Q79965"},"geometry":{"type":"MultiPolygon","coordinates":[[[[118.94,54.41],[125.6,51.85],[126.07,50.91],[125.99,49.05],[124.19,45.43],[122.92,45.37],[121.11,46.55],[118.62,46.74],[116.72,46.35],[115.88,45.56],[114.74,45.43],[113.69,44.78],[112.02,45.1],[111.39,44.32],[111.96,43.8],[110.55,42.89],[113.55,42.11],[114.97,40.68],[112.5,40.36],[110.42,39.51],[109.53,37.96],[109.08,37.84],[107.29,38.55],[107.65,39.32],[107.33,39.64],[106.16,37.96],[103.76,37.84],[102.84,38.42],[103.12,39.06],[102.09,38.87],[100.61,39.77],[101.07,40.94],[97.18,41.78],[96.59,42.04],[96.52,42.56],[94.54,43.28],[90.71,43.34],[90.18,42.89],[90.22,41.91],[85.79,42.76],[82.06,42.24],[80.19,42.37],[80.79,43.28],[80.41,44.71],[79.95,44.97],[81.82,45.37],[83.04,47.01],[84.7,46.87],[86.63,49.78],[91.52,53.6],[96.56,54.89],[99.5,55.09],[102.64,54.07],[103.22,53.46],[103.27,52.12],[103.84,51.85],[103.57,51.58],[104.83,51.45],[108.83,53.26],[109.64,54.27],[109.99,55.84],[118.94,54.41]]],[[[108.87,53.53],[108.52,53.53],[108.6,53.73],[109.02,53.94],[108.87,53.53]]]]}},{"type":"Feature","properties":{"n":"Portuguese Colonies","f":1582,"t":1599,"w":"Q200464"},"geometry":{"type":"MultiPolygon","coordinates":[[[[72.84,18.99],[72.87,19.31],[73.1,19.38],[72.84,18.99]]],[[[72.9,20.21],[73.19,20.15],[73.18,20.09],[72.9,20.21]]],[[[72.93,20.47],[73.0,20.47],[72.99,20.41],[72.93,20.47]]]]}},{"type":"Feature","properties":{"n":"Mongol Khanate","f":1582,"t":1625,"w":"Q19927420"},"geometry":{"type":"MultiPolygon","coordinates":[[[[102.42,35.64],[102.44,35.71],[102.52,35.71],[102.42,35.64]]],[[[123.32,43.41],[123.57,42.43],[122.81,42.11],[122.41,41.33],[122.01,41.33],[121.93,41.72],[121.45,41.59],[119.36,40.03],[118.42,40.61],[117.37,40.42],[117.34,40.94],[116.61,41.2],[114.77,40.74],[113.55,42.11],[110.55,42.89],[111.96,43.8],[111.39,44.32],[112.02,45.1],[113.69,44.78],[117.42,46.55],[121.11,46.55],[122.92,45.37],[124.14,45.37],[123.32,43.41]]]]}},{"type":"Feature","properties":{"n":"(Dutch Republic)","f":1582,"t":1587,"w":"Q170072"},"geometry":{"type":"MultiPolygon","coordinates":[[[[5.04,44.19],[4.8,44.12],[4.88,44.25],[5.04,44.19]]],[[[5.94,51.85],[6.21,51.45],[5.88,51.11],[5.54,51.25],[5.86,51.51],[5.68,51.85],[4.83,51.85],[4.46,50.78],[2.92,51.18],[3.75,51.45],[3.4,51.65],[4.22,52.18],[4.61,53.12],[5.06,52.65],[5.54,53.39],[6.23,53.46],[6.08,52.79],[6.94,52.38],[5.94,51.85]]]]}},{"type":"Feature","properties":{"n":"Dutch Republic","f":1582,"t":1587,"w":"Q170072"},"geometry":{"type":"MultiPolygon","coordinates":[[[[5.04,44.19],[4.8,44.12],[4.88,44.25],[5.04,44.19]]],[[[5.94,51.85],[6.21,51.45],[5.88,51.11],[5.54,51.25],[5.86,51.51],[5.68,51.85],[4.83,51.85],[4.46,50.78],[2.92,51.18],[3.75,51.45],[3.4,51.65],[4.22,52.18],[4.61,53.12],[5.06,52.65],[5.54,53.39],[6.23,53.46],[6.08,52.79],[6.94,52.38],[5.94,51.85]]]]}},{"type":"Feature","properties":{"n":"Khoshut Khanate","f":1582,"t":1599,"w":"Q10921634"},"geometry":{"type":"Polygon","coordinates":[[[100.23,38.35],[99.2,39.26],[97.91,39.0],[96.22,39.64],[92.59,39.26],[92.69,39.71],[92.28,40.03],[90.65,40.68],[90.18,42.89],[91.49,43.47],[94.54,43.28],[96.52,42.56],[96.59,42.04],[97.18,41.78],[101.07,40.94],[99.9,38.87],[100.23,38.35]]]}},{"type":"Feature","properties":{"n":"(Spanish Empire)","f":1582,"t":1587,"w":"Q80702"},"geometry":{"type":"MultiPolygon","coordinates":[[[[-73.65,-42.83],[-74.1,-42.76],[-74.03,-42.44],[-73.46,-42.24],[-73.65,-42.83]]],[[[-37.24,-11.09],[-38.13,-12.83],[-39.03,-13.28],[-39.28,-17.78],[-41.14,-22.15],[-41.91,-22.41],[-42.12,-22.99],[-44.74,-23.05],[-45.5,-23.89],[-46.09,-23.82],[-47.95,-24.98],[-48.82,-22.92],[-45.61,-22.86],[-43.38,-22.21],[-42.49,-21.51],[-41.44,-19.71],[-40.76,-17.01],[-40.02,-15.91],[-39.53,-11.67],[-38.38,-10.39],[-36.68,-9.94],[-36.36,-6.79],[-36.68,-5.11],[-35.3,-5.44],[-34.84,-7.49],[-35.26,-9.1],[-37.24,-11.09]]],[[[-75.27,-10.77],[-75.27,-10.84],[-75.34,-10.84],[-75.27,-10.77]]],[[[-95.77,18.8],[-94.48,18.22],[-92.5,18.74],[-91.3,18.61],[-89.98,21.31],[-86.75,21.5],[-87.7,18.29],[-87.99,18.74],[-89.17,17.77],[-90.57,17.77],[-90.6,16.55],[-90.38,16.04],[-89.54,15.84],[-85.88,15.97],[-85.69,15.07],[-84.58,14.43],[-84.94,13.72],[-84.42,11.34],[-83.58,10.96],[-82.21,9.03],[-81.03,8.84],[-79.69,9.61],[-78.96,9.61],[-77.99,9.29],[-76.83,8.19],[-76.93,8.64],[-75.66,9.48],[-75.58,10.51],[-74.96,11.15],[-74.36,10.89],[-74.17,11.34],[-73.15,11.41],[-71.84,12.44],[-71.1,12.31],[-71.28,11.79],[-71.92,11.6],[-71.65,10.83],[-69.66,11.66],[-68.46,11.34],[-68.19,10.51],[-66.37,10.7],[-65.09,10.06],[-64.03,10.7],[-61.91,10.76],[-61.98,10.57],[-63.28,10.38],[-64.64,9.74],[-68.96,9.93],[-70.54,9.48],[-71.23,8.64],[-72.04,8.77],[-72.92,7.16],[-73.16,5.69],[-76.15,1.7],[-76.96,0.09],[-77.87,-3.25],[-77.81,-5.69],[-75.17,-11.35],[-73.87,-12.44],[-71.88,-13.15],[-70.67,-12.76],[-68.37,-13.28],[-65.67,-14.89],[-63.8,-15.34],[-62.59,-16.36],[-63.18,-20.61],[-64.19,-23.63],[-64.07,-24.79],[-63.27,-26.2],[-61.05,-26.78],[-59.61,-26.72],[-58.58,-25.94],[-57.67,-24.47],[-57.0,-24.47],[-58.43,-26.84],[-58.75,-29.99],[-58.27,-30.89],[-58.55,-34.49],[-60.52,-33.79],[-63.06,-34.62],[-65.97,-34.3],[-69.77,-34.88],[-70.48,-35.39],[-71.61,-39.59],[-73.75,-41.66],[-74.09,-41.53],[-73.37,-39.26],[-73.84,-37.46],[-73.33,-37.13],[-72.42,-35.2],[-71.63,-32.69],[-71.94,-30.83],[-70.57,-25.17],[-70.53,-23.63],[-70.81,-23.5],[-70.27,-21.96],[-70.26,-19.84],[-70.44,-18.42],[-71.62,-17.33],[-75.22,-15.53],[-76.08,-14.69],[-76.46,-14.18],[-76.38,-13.41],[-77.8,-11.35],[-78.98,-8.46],[-79.98,-6.91],[-81.33,-6.14],[-81.01,-5.63],[-81.47,-4.41],[-80.05,-3.12],[-81.12,-2.29],[-81.03,-0.94],[-80.16,0.22],[-80.23,0.86],[-79.06,1.25],[-78.78,2.34],[-77.91,2.6],[-77.26,3.63],[-77.56,4.08],[-77.41,6.52],[-78.5,7.94],[-78.23,8.45],[-79.06,8.96],[-80.41,8.26],[-80.0,7.42],[-80.58,7.16],[-80.94,7.16],[-81.05,7.87],[-81.47,7.61],[-81.94,8.19],[-83.71,8.45],[-83.67,9.09],[-84.83,9.99],[-85.24,9.61],[-85.78,9.99],[-85.72,11.09],[-87.55,12.69],[-87.47,13.34],[-88.85,13.21],[-91.35,13.91],[-94.77,16.36],[-96.73,15.65],[-101.11,17.26],[-101.9,17.96],[-103.43,18.29],[-105.33,19.7],[-105.63,20.47],[-105.13,21.31],[-105.7,22.59],[-108.04,24.91],[-106.94,24.39],[-105.41,22.66],[-105.29,23.11],[-104.86,22.85],[-104.99,22.4],[-104.11,22.14],[-103.91,22.59],[-103.8,22.08],[-103.72,22.4],[-103.48,21.95],[-103.15,22.14],[-102.59,21.24],[-102.05,21.11],[-101.54,21.56],[-100.51,20.86],[-99.91,21.18],[-98.42,20.79],[-98.36,22.01],[-100.01,23.81],[-100.77,25.42],[-100.28,25.87],[-99.36,23.94],[-97.72,22.53],[-95.77,18.8]]],[[[-76.22,1.31],[-76.22,1.25],[-76.3,1.25],[-76.22,1.31]]],[[[-81.9,7.36],[-81.91,7.61],[-81.7,7.68],[-81.9,7.36]]],[[[-78.96,8.45],[-78.81,8.45],[-78.8,8.26],[-78.96,8.45]]],[[[-63.35,10.25],[-63.35,10.19],[-63.42,10.19],[-63.35,10.25]]],[[[-61.73,10.06],[-61.55,10.83],[-60.89,10.83],[-61.0,10.06],[-61.73,10.06]]],[[[-64.26,10.89],[-64.35,11.09],[-63.84,11.21],[-64.26,10.89]]],[[[-69.73,11.66],[-70.24,11.6],[-70.28,12.11],[-69.76,12.11],[-69.73,11.66]]],[[[-69.11,12.18],[-69.12,12.37],[-68.66,11.99],[-69.11,12.18]]],[[[-68.15,12.05],[-68.29,12.05],[-68.39,12.31],[-68.15,12.05]]],[[[-70.02,12.56],[-69.79,12.44],[-69.93,12.37],[-70.02,12.56]]],[[[-78.39,18.29],[-77.01,18.48],[-76.12,17.9],[-77.74,17.84],[-78.39,18.29]]],[[[-67.12,17.96],[-67.26,18.48],[-65.55,18.41],[-65.72,17.96],[-67.12,17.96]]],[[[-68.58,18.99],[-68.29,18.41],[-70.72,18.35],[-71.28,17.58],[-72.1,18.22],[-73.92,18.03],[-74.44,18.61],[-72.3,18.61],[-72.79,19.51],[-73.41,19.64],[-73.23,19.96],[-70.78,19.96],[-69.08,19.38],[-69.49,19.12],[-68.58,18.99]]],[[[-73.3,18.86],[-73.32,18.99],[-72.79,18.93],[-73.3,18.86]]],[[[-86.7,20.34],[-86.99,20.28],[-87.02,20.47],[-86.67,20.6],[-86.7,20.34]]],[[[-75.63,21.18],[-74.07,20.15],[-77.65,19.83],[-77.19,20.66],[-78.24,20.79],[-78.66,21.56],[-82.05,22.27],[-81.74,22.66],[-84.8,21.82],[-84.0,22.79],[-82.29,23.24],[-80.57,23.17],[-79.25,22.46],[-77.64,22.14],[-77.66,21.82],[-75.63,21.18]]],[[[-82.5,21.44],[-82.95,21.44],[-83.04,21.95],[-82.49,21.82],[-82.5,21.44]]],[[[-78.23,22.59],[-78.2,22.4],[-78.42,22.4],[-78.23,22.59]]],[[[-81.57,30.05],[-81.25,30.24],[-81.15,29.67],[-81.57,30.05]]],[[[-80.68,32.3],[-80.82,32.49],[-80.43,32.49],[-80.68,32.3]]],[[[-28.39,38.35],[-28.85,38.67],[-28.27,38.55],[-28.39,38.35]]],[[[-28.15,38.74],[-27.89,38.61],[-28.04,38.55],[-28.15,38.74]]],[[[-2.52,5.11],[-2.3,5.11],[-2.31,4.85],[-2.52,5.11]]],[[[-1.8,4.85],[-1.35,5.3],[-1.28,5.04],[-1.8,4.85]]],[[[-16.58,12.18],[-16.66,12.37],[-15.93,12.37],[-16.58,12.18]]],[[[-24.29,14.75],[-24.36,14.75],[-24.45,15.07],[-24.29,14.75]]],[[[-23.58,15.33],[-23.41,14.88],[-23.78,14.94],[-23.58,15.33]]],[[[-23.28,15.26],[-23.06,15.33],[-22.99,15.2],[-23.28,15.26]]],[[[-22.94,15.97],[-22.88,16.23],[-22.58,16.16],[-22.94,15.97]]],[[[-24.08,16.55],[-24.37,16.49],[-24.38,16.68],[-24.08,16.55]]],[[[-22.98,16.68],[-22.98,16.81],[-22.84,16.87],[-22.98,16.68]]],[[[-24.99,17.26],[-24.82,16.74],[-25.27,16.87],[-24.99,17.26]]],[[[-17.9,27.61],[-18.06,27.67],[-18.0,27.87],[-17.9,27.61]]],[[[-15.73,27.74],[-15.76,28.19],[-15.3,28.12],[-15.73,27.74]]],[[[-17.35,28.19],[-17.12,28.25],[-17.03,28.06],[-17.35,28.19]]],[[[-16.4,28.57],[-16.09,28.57],[-16.65,27.93],[-16.91,28.38],[-16.4,28.57]]],[[[-13.81,28.25],[-14.32,28.06],[-14.07,28.7],[-13.77,28.77],[-13.81,28.25]]],[[[-17.71,28.89],[-17.67,28.51],[-17.99,28.64],[-17.71,28.89]]],[[[-13.65,29.22],[-13.42,29.22],[-13.47,28.89],[-13.86,29.02],[-13.65,29.22]]],[[[-16.79,32.88],[-16.69,32.69],[-17.07,32.62],[-16.79,32.88]]],[[[-8.73,32.62],[-9.05,32.88],[-8.7,33.2],[-8.44,32.88],[-8.73,32.62]]],[[[-2.98,35.26],[-2.99,35.45],[-2.84,35.45],[-2.98,35.26]]],[[[-0.53,35.71],[-0.45,35.58],[-0.91,35.52],[-0.53,35.71]]],[[[-6.0,35.39],[-5.88,35.77],[-5.25,35.64],[-6.0,35.39]]],[[[-25.7,37.71],[-25.9,37.96],[-25.11,37.9],[-25.7,37.71]]],[[[-27.36,38.67],[-27.39,38.87],[-27.08,38.87],[-27.36,38.67]]],[[[1.65,39.13],[1.66,39.0],[1.27,38.8],[1.26,39.13],[1.65,39.13]]],[[[2.34,39.64],[2.88,39.97],[3.52,39.77],[3.3,39.32],[2.34,39.64]]],[[[1.58,42.43],[2.99,43.02],[3.12,41.91],[0.7,40.94],[-0.35,39.71],[0.1,38.74],[-0.66,38.29],[-0.7,37.64],[-1.71,37.45],[-2.06,36.8],[-4.47,36.74],[-5.66,36.03],[-6.84,37.25],[-9.0,37.0],[-8.82,38.48],[-9.21,38.42],[-9.57,38.93],[-8.73,40.74],[-8.96,42.17],[-8.66,42.37],[-9.3,43.15],[-8.24,43.73],[-1.68,43.28],[1.58,42.43]]],[[[2.91,51.31],[4.46,50.78],[4.83,51.85],[5.68,51.85],[5.86,51.51],[4.49,49.98],[1.95,50.31],[2.07,51.11],[2.91,51.31]]],[[[35.03,-24.21],[34.93,-23.82],[35.38,-23.82],[35.03,-24.21]]],[[[34.71,-20.16],[34.57,-20.29],[34.25,-19.84],[34.54,-19.58],[34.71,-20.16]]],[[[37.26,-17.39],[37.7,-17.46],[37.63,-17.59],[37.26,-17.39]]],[[[40.75,-14.69],[40.55,-15.34],[40.17,-14.95],[40.75,-14.69]]],[[[13.11,-9.49],[12.89,-9.23],[13.25,-8.46],[13.54,-9.1],[13.11,-9.49]]],[[[39.67,-8.01],[39.53,-8.01],[39.67,-7.69],[39.67,-8.01]]],[[[39.49,-6.14],[39.43,-6.53],[39.06,-6.21],[39.27,-5.76],[39.49,-6.14]]],[[[39.77,-4.99],[39.7,-5.44],[39.55,-5.44],[39.77,-4.99]]],[[[6.66,0.16],[6.38,0.03],[6.3,0.35],[6.66,0.16]]],[[[7.27,1.7],[7.34,1.7],[7.34,1.51],[7.27,1.7]]],[[[8.68,3.18],[8.31,3.24],[8.54,3.76],[8.83,3.82],[8.68,3.18]]],[[[76.56,9.41],[76.26,9.35],[76.21,9.67],[76.56,9.41]]],[[[75.81,11.41],[75.93,10.96],[75.78,10.96],[75.81,11.41]]],[[[75.29,12.31],[75.41,11.92],[75.27,11.92],[75.29,12.31]]],[[[74.52,15.26],[74.55,14.81],[74.24,14.62],[73.8,15.46],[74.52,15.26]]],[[[58.4,23.24],[58.29,23.62],[58.81,23.62],[59.27,22.98],[58.4,23.24]]],[[[50.43,25.94],[50.46,26.26],[50.69,26.26],[50.43,25.94]]],[[[55.79,26.97],[56.32,27.03],[55.29,26.52],[55.79,26.97]]],[[[18.44,40.1],[18.11,39.9],[17.35,40.55],[16.62,40.29],[16.45,39.64],[17.14,39.06],[15.93,37.96],[15.39,38.16],[15.05,36.74],[12.49,37.71],[12.65,38.09],[14.6,38.03],[15.86,38.29],[16.27,38.74],[15.75,40.03],[13.79,41.13],[13.96,41.72],[13.01,42.04],[12.86,42.5],[13.99,42.95],[14.37,42.24],[16.12,41.91],[15.94,41.39],[18.44,40.1]]],[[[4.3,39.84],[3.74,40.1],[3.82,40.1],[4.3,39.84]]],[[[9.59,39.13],[8.34,39.0],[8.15,40.94],[9.5,41.2],[9.82,40.74],[9.59,39.13]]],[[[11.18,42.5],[11.18,42.56],[11.34,42.63],[11.18,42.5]]],[[[10.94,42.89],[10.62,43.02],[10.62,43.08],[10.94,42.89]]],[[[9.32,45.17],[9.4,44.45],[8.34,45.1],[8.58,45.56],[7.92,45.96],[8.32,46.41],[8.9,45.89],[9.39,46.22],[9.31,45.69],[10.45,45.04],[9.32,45.17]]],[[[4.08,45.96],[3.99,46.28],[4.23,46.35],[4.08,45.96]]],[[[5.37,46.35],[5.58,47.66],[6.89,47.93],[6.99,47.27],[5.37,46.35]]],[[[5.35,49.32],[4.83,49.85],[5.15,50.31],[5.9,50.38],[5.71,51.11],[6.07,50.45],[6.4,50.51],[6.07,50.25],[6.58,50.11],[6.36,49.25],[5.35,49.32]]],[[[6.94,52.38],[6.08,52.79],[6.23,53.53],[7.09,53.26],[6.94,52.38]]],[[[123.82,-9.49],[123.81,-9.36],[124.38,-9.16],[123.82,-9.49]]],[[[125.52,-8.84],[125.13,-8.59],[125.71,-8.52],[125.52,-8.84]]],[[[122.78,-8.39],[123.0,-8.39],[123.01,-8.52],[122.78,-8.39]]],[[[128.24,-3.51],[128.25,-3.7],[127.81,-3.83],[128.24,-3.51]]],[[[102.1,3.05],[102.67,2.73],[102.42,2.02],[101.72,2.54],[102.1,3.05]]],[[[79.76,6.65],[79.79,8.51],[80.07,8.39],[80.05,6.65],[80.89,6.01],[80.23,5.88],[79.76,6.65]]],[[[123.58,9.03],[123.44,9.09],[123.54,9.35],[123.58,9.03]]],[[[124.5,10.19],[124.59,9.67],[123.78,9.54],[123.98,10.12],[124.5,10.19]]],[[[122.81,10.12],[122.9,10.89],[123.56,10.96],[123.15,9.8],[123.22,9.03],[122.85,9.03],[122.36,9.99],[122.81,10.12]]],[[[123.26,9.48],[124.11,11.28],[124.0,10.25],[123.26,9.48]]],[[[79.85,10.82],[79.85,10.83],[79.87,10.83],[79.85,10.82]]],[[[123.82,11.28],[123.79,11.02],[123.57,11.02],[123.82,11.28]]],[[[121.93,11.99],[123.12,11.54],[122.62,10.38],[121.9,10.44],[121.93,11.99]]],[[[124.09,11.73],[123.17,11.99],[123.24,12.5],[123.83,12.56],[124.09,11.73]]],[[[121.9,12.37],[122.13,12.44],[122.09,12.11],[121.9,12.37]]],[[[122.69,12.24],[122.41,12.37],[122.51,12.56],[122.69,12.24]]],[[[122.02,12.69],[122.24,12.69],[122.22,12.56],[122.02,12.69]]],[[[121.44,13.34],[121.29,12.18],[120.95,12.37],[120.37,13.53],[121.44,13.34]]],[[[80.41,13.08],[80.13,13.21],[80.38,13.46],[80.41,13.08]]],[[[122.16,13.21],[121.74,13.4],[121.75,13.46],[122.2,13.53],[122.16,13.21]]],[[[120.27,13.85],[120.31,13.66],[120.1,13.72],[120.27,13.85]]],[[[124.11,13.53],[124.12,14.11],[124.47,13.98],[124.11,13.53]]],[[[122.13,15.01],[122.07,14.62],[121.86,14.69],[122.13,15.01]]],[[[121.84,14.11],[122.76,14.36],[123.12,13.79],[123.24,14.11],[123.94,13.85],[123.61,13.59],[124.14,13.21],[124.12,12.5],[123.45,13.01],[123.06,12.82],[123.27,13.27],[122.69,13.85],[122.74,13.21],[121.82,13.91],[121.4,13.59],[120.56,13.85],[120.97,14.62],[120.29,14.49],[119.73,16.1],[120.01,16.42],[120.4,16.1],[120.52,18.03],[120.98,17.32],[120.65,16.29],[121.21,16.1],[121.84,14.11]]],[[[113.64,22.14],[113.42,22.14],[113.54,22.4],[113.64,22.14]]]]}},{"type":"Feature","properties":{"n":"Kashmiri Sultanate","f":1582,"t":1587,"w":"Q123027565"},"geometry":{"type":"Polygon","coordinates":[[[78.85,33.52],[79.57,32.75],[79.02,32.36],[78.53,32.56],[78.68,31.59],[73.63,32.88],[73.33,34.49],[74.19,35.13],[75.73,34.55],[78.06,35.45],[78.17,34.74],[78.94,34.16],[78.85,33.52]]]}},{"type":"Feature","properties":{"n":"Kingdom of Pajana","f":1582,"t":1587,"w":"Q1074947"},"geometry":{"type":"Polygon","coordinates":[[[112.41,-8.46],[110.65,-8.26],[109.9,-8.01],[110.01,-7.56],[109.24,-6.85],[110.34,-6.91],[110.89,-6.4],[111.64,-6.72],[111.51,-7.04],[112.52,-7.94],[112.41,-8.46]]]}},{"type":"Feature","properties":{"n":"(Alliance between Papal States and Spanish Empire)","f":1582,"t":1587,"w":"Q170174"},"geometry":{"type":"MultiPolygon","coordinates":[[[[-73.65,-42.83],[-74.1,-42.76],[-74.03,-42.44],[-73.46,-42.24],[-73.65,-42.83]]],[[[-37.24,-11.09],[-38.13,-12.83],[-39.03,-13.28],[-39.28,-17.78],[-41.14,-22.15],[-41.91,-22.41],[-42.12,-22.99],[-44.74,-23.05],[-45.5,-23.89],[-46.09,-23.82],[-47.95,-24.98],[-48.82,-22.92],[-45.61,-22.86],[-43.38,-22.21],[-42.49,-21.51],[-41.44,-19.71],[-40.76,-17.01],[-40.02,-15.91],[-39.53,-11.67],[-38.38,-10.39],[-36.68,-9.94],[-36.36,-6.79],[-36.68,-5.11],[-35.3,-5.44],[-34.84,-7.49],[-35.26,-9.1],[-37.24,-11.09]]],[[[-75.27,-10.77],[-75.27,-10.84],[-75.34,-10.84],[-75.27,-10.77]]],[[[-95.77,18.8],[-94.04,18.22],[-92.5,18.74],[-91.3,18.61],[-89.98,21.31],[-86.75,21.5],[-87.7,18.29],[-87.99,18.74],[-89.17,17.77],[-90.57,17.77],[-90.6,16.55],[-90.38,16.04],[-89.54,15.84],[-85.88,15.97],[-85.69,15.07],[-84.58,14.43],[-84.94,13.72],[-84.42,11.34],[-83.58,10.96],[-82.21,9.03],[-81.03,8.84],[-79.69,9.61],[-78.96,9.61],[-77.99,9.29],[-76.83,8.19],[-76.93,8.64],[-75.66,9.48],[-75.58,10.51],[-74.96,11.15],[-74.36,10.89],[-74.17,11.34],[-73.15,11.41],[-71.84,12.44],[-71.1,12.31],[-71.28,11.79],[-71.92,11.6],[-71.65,10.83],[-69.66,11.66],[-68.46,11.34],[-68.19,10.51],[-66.37,10.7],[-65.09,10.06],[-64.03,10.7],[-61.91,10.76],[-61.98,10.57],[-63.28,10.38],[-64.64,9.74],[-68.96,9.93],[-70.54,9.48],[-71.23,8.64],[-72.04,8.77],[-72.92,7.16],[-73.16,5.69],[-76.15,1.7],[-76.96,0.09],[-77.87,-3.25],[-77.81,-5.69],[-75.17,-11.35],[-73.87,-12.44],[-71.88,-13.15],[-70.67,-12.76],[-68.37,-13.28],[-65.67,-14.89],[-63.8,-15.34],[-62.59,-16.36],[-63.18,-20.61],[-64.19,-23.63],[-64.07,-24.79],[-63.27,-26.2],[-61.05,-26.78],[-59.61,-26.72],[-58.58,-25.94],[-57.67,-24.47],[-57.0,-24.47],[-58.43,-26.84],[-58.75,-29.99],[-58.27,-30.89],[-58.55,-34.49],[-60.52,-33.79],[-63.06,-34.62],[-65.97,-34.3],[-69.77,-34.88],[-70.48,-35.39],[-71.61,-39.59],[-73.75,-41.66],[-74.09,-41.53],[-73.37,-39.26],[-73.84,-37.46],[-73.33,-37.13],[-72.42,-35.2],[-71.63,-32.69],[-71.94,-30.83],[-70.57,-25.17],[-70.53,-23.63],[-70.81,-23.5],[-70.27,-21.96],[-70.26,-19.84],[-70.44,-18.42],[-71.62,-17.33],[-75.22,-15.53],[-76.08,-14.69],[-76.46,-14.18],[-76.38,-13.41],[-77.8,-11.35],[-78.98,-8.46],[-79.98,-6.91],[-81.33,-6.14],[-81.01,-5.63],[-81.47,-4.41],[-80.05,-3.12],[-81.12,-2.29],[-81.03,-0.94],[-80.16,0.22],[-80.23,0.86],[-79.06,1.25],[-78.78,2.34],[-77.91,2.6],[-77.26,3.63],[-77.56,4.08],[-77.41,6.52],[-78.5,7.94],[-78.23,8.45],[-79.06,8.96],[-80.41,8.26],[-80.0,7.42],[-80.58,7.16],[-80.94,7.16],[-81.05,7.87],[-81.47,7.61],[-81.94,8.19],[-83.71,8.45],[-83.67,9.09],[-84.83,9.99],[-85.24,9.61],[-85.78,9.99],[-85.72,11.09],[-87.55,12.69],[-87.47,13.34],[-88.85,13.21],[-91.35,13.91],[-94.77,16.36],[-96.73,15.65],[-101.11,17.26],[-101.9,17.96],[-103.43,18.29],[-105.33,19.7],[-105.63,20.47],[-105.13,21.31],[-105.7,22.59],[-108.04,24.91],[-106.94,24.39],[-105.41,22.66],[-105.29,23.11],[-104.86,22.85],[-104.99,22.4],[-104.11,22.14],[-103.91,22.59],[-103.8,22.08],[-103.72,22.4],[-103.48,21.95],[-103.15,22.14],[-102.59,21.24],[-102.05,21.11],[-101.54,21.56],[-100.51,20.86],[-99.91,21.18],[-98.42,20.79],[-98.36,22.01],[-100.01,23.81],[-100.77,25.42],[-100.28,25.87],[-99.36,23.94],[-97.72,22.53],[-97.19,20.92],[-95.77,18.8]]],[[[-76.22,1.31],[-76.22,1.25],[-76.3,1.25],[-76.22,1.31]]],[[[-81.9,7.36],[-81.91,7.61],[-81.7,7.68],[-81.9,7.36]]],[[[-79.03,8.32],[-78.96,8.45],[-78.81,8.45],[-79.03,8.32]]],[[[-63.35,10.25],[-63.35,10.19],[-63.42,10.19],[-63.35,10.25]]],[[[-61.73,10.06],[-61.55,10.83],[-60.89,10.83],[-61.0,10.06],[-61.73,10.06]]],[[[-64.26,10.89],[-64.35,11.09],[-63.84,11.21],[-64.26,10.89]]],[[[-69.73,11.66],[-70.24,11.6],[-70.28,12.11],[-69.76,12.11],[-69.73,11.66]]],[[[-69.12,12.37],[-68.66,11.99],[-68.95,12.05],[-69.12,12.37]]],[[[-68.16,12.24],[-68.15,12.05],[-68.29,12.05],[-68.16,12.24]]],[[[-70.02,12.56],[-69.79,12.44],[-69.93,12.37],[-70.02,12.56]]],[[[-78.39,18.29],[-77.01,18.48],[-76.12,17.9],[-77.74,17.84],[-78.39,18.29]]],[[[-67.12,17.96],[-67.26,18.48],[-65.55,18.41],[-65.72,17.96],[-67.12,17.96]]],[[[-68.58,18.99],[-68.29,18.41],[-70.72,18.35],[-71.28,17.58],[-72.1,18.22],[-73.92,18.03],[-74.44,18.61],[-72.3,18.61],[-72.79,19.51],[-73.41,19.64],[-73.23,19.96],[-70.78,19.96],[-69.08,19.38],[-69.49,19.12],[-68.58,18.99]]],[[[-73.3,18.86],[-73.32,18.99],[-72.79,18.93],[-73.3,18.86]]],[[[-86.99,20.28],[-87.02,20.47],[-86.67,20.6],[-86.99,20.28]]],[[[-74.07,20.15],[-77.65,19.83],[-77.19,20.66],[-78.24,20.79],[-78.66,21.56],[-82.05,22.27],[-81.74,22.66],[-84.8,21.82],[-84.0,22.79],[-82.29,23.24],[-80.57,23.17],[-74.07,20.15]]],[[[-82.5,21.44],[-82.95,21.44],[-83.04,21.95],[-82.49,21.82],[-82.5,21.44]]],[[[-78.23,22.59],[-78.2,22.4],[-78.42,22.4],[-78.23,22.59]]],[[[-81.57,30.05],[-81.25,30.24],[-81.15,29.67],[-81.57,30.05]]],[[[-80.68,32.3],[-80.82,32.49],[-80.43,32.49],[-80.68,32.3]]],[[[-28.39,38.35],[-28.85,38.67],[-28.27,38.55],[-28.39,38.35]]],[[[-27.89,38.61],[-27.88,38.55],[-28.04,38.55],[-27.89,38.61]]],[[[-2.52,5.11],[-2.3,5.11],[-2.31,4.85],[-2.52,5.11]]],[[[-1.8,4.85],[-1.35,5.3],[-1.28,5.04],[-1.8,4.85]]],[[[-16.58,12.18],[-16.66,12.37],[-15.93,12.37],[-16.58,12.18]]],[[[-24.29,14.75],[-24.36,14.75],[-24.45,15.07],[-24.29,14.75]]],[[[-23.58,15.33],[-23.41,14.88],[-23.78,14.94],[-23.58,15.33]]],[[[-23.06,15.33],[-22.99,15.2],[-23.2,15.07],[-23.06,15.33]]],[[[-22.94,15.97],[-22.88,16.23],[-22.58,16.16],[-22.94,15.97]]],[[[-24.08,16.68],[-24.08,16.55],[-24.37,16.49],[-24.08,16.68]]],[[[-22.98,16.68],[-22.98,16.81],[-22.84,16.87],[-22.98,16.68]]],[[[-24.99,17.26],[-24.82,16.74],[-25.27,16.87],[-24.99,17.26]]],[[[-17.9,27.61],[-18.06,27.67],[-18.0,27.87],[-17.9,27.61]]],[[[-15.73,27.74],[-15.76,28.19],[-15.3,28.12],[-15.73,27.74]]],[[[-17.12,28.25],[-17.03,28.06],[-17.25,27.99],[-17.12,28.25]]],[[[-16.4,28.57],[-16.09,28.57],[-16.65,27.93],[-16.91,28.38],[-16.4,28.57]]],[[[-13.77,28.77],[-13.81,28.25],[-14.32,28.06],[-13.77,28.77]]],[[[-17.71,28.89],[-17.67,28.51],[-17.99,28.64],[-17.71,28.89]]],[[[-13.65,29.22],[-13.42,29.22],[-13.47,28.89],[-13.86,29.02],[-13.65,29.22]]],[[[-16.79,32.88],[-16.69,32.69],[-17.07,32.62],[-16.79,32.88]]],[[[-8.73,32.62],[-9.05,32.88],[-8.7,33.2],[-8.44,32.88],[-8.73,32.62]]],[[[-2.99,35.45],[-2.84,35.45],[-2.83,35.26],[-2.99,35.45]]],[[[-0.53,35.71],[-0.45,35.58],[-0.91,35.52],[-0.53,35.71]]],[[[-5.71,35.58],[-6.0,35.39],[-5.88,35.77],[-5.24,35.58],[-5.71,35.58]]],[[[-25.7,37.71],[-25.9,37.96],[-25.11,37.9],[-25.7,37.71]]],[[[-27.36,38.67],[-27.39,38.87],[-27.08,38.87],[-27.36,38.67]]],[[[1.65,39.13],[1.66,39.0],[1.27,38.8],[1.26,39.13],[1.65,39.13]]],[[[2.34,39.64],[2.88,39.97],[3.52,39.77],[3.3,39.32],[2.34,39.64]]],[[[1.58,42.43],[2.99,43.02],[3.18,42.37],[3.12,41.91],[0.7,40.94],[-0.2,39.97],[-0.31,39.13],[0.1,38.74],[-0.66,38.29],[-0.7,37.64],[-1.71,37.45],[-2.06,36.8],[-4.47,36.74],[-5.66,36.03],[-6.84,37.25],[-9.0,37.0],[-8.82,38.48],[-9.21,38.42],[-9.57,38.93],[-8.73,40.74],[-8.96,42.17],[-8.66,42.37],[-9.3,43.15],[-8.24,43.73],[-1.52,43.28],[1.58,42.43]]],[[[2.91,51.31],[4.46,50.78],[4.83,51.85],[5.68,51.85],[5.86,51.51],[4.49,49.98],[1.95,50.31],[2.07,51.11],[2.91,51.31]]],[[[35.03,-24.21],[34.93,-23.82],[35.38,-23.82],[35.03,-24.21]]],[[[34.71,-20.16],[34.57,-20.29],[34.25,-19.84],[34.54,-19.58],[34.71,-20.16]]],[[[37.26,-17.39],[37.7,-17.46],[37.63,-17.59],[37.26,-17.39]]],[[[40.75,-14.69],[40.55,-15.34],[40.17,-14.95],[40.75,-14.69]]],[[[13.11,-9.49],[12.89,-9.23],[13.25,-8.46],[13.62,-8.71],[13.11,-9.49]]],[[[39.67,-8.01],[39.53,-8.01],[39.67,-7.69],[39.67,-8.01]]],[[[39.49,-6.14],[39.43,-6.53],[39.06,-6.21],[39.27,-5.76],[39.49,-6.14]]],[[[39.77,-4.99],[39.7,-5.44],[39.55,-5.44],[39.77,-4.99]]],[[[6.66,0.16],[6.38,0.03],[6.3,0.35],[6.66,0.16]]],[[[7.27,1.7],[7.34,1.7],[7.34,1.51],[7.27,1.7]]],[[[8.68,3.18],[8.31,3.24],[8.54,3.76],[8.83,3.82],[8.68,3.18]]],[[[74.52,15.26],[74.55,14.81],[74.24,14.62],[73.8,15.46],[74.52,15.26]]],[[[58.4,23.24],[58.29,23.62],[58.81,23.62],[59.27,22.98],[58.4,23.24]]],[[[50.43,25.94],[50.46,26.26],[50.69,26.26],[50.43,25.94]]],[[[55.79,26.97],[56.32,27.03],[56.06,26.71],[55.31,26.71],[55.79,26.97]]],[[[18.36,40.29],[18.35,39.9],[17.35,40.55],[16.62,40.29],[16.45,39.64],[17.14,39.06],[15.93,37.96],[15.39,38.16],[15.05,36.74],[12.49,37.71],[12.65,38.09],[14.6,38.03],[15.86,38.29],[16.27,38.74],[15.75,40.03],[15.04,40.23],[14.89,40.68],[11.73,42.17],[12.06,42.76],[11.82,43.34],[12.23,43.6],[11.51,44.39],[10.86,44.32],[11.35,44.91],[12.16,44.71],[14.37,42.24],[16.12,41.91],[15.94,41.39],[18.36,40.29]]],[[[4.3,39.84],[3.74,40.1],[3.82,40.1],[4.3,39.84]]],[[[9.59,39.13],[8.34,39.0],[8.15,40.94],[9.5,41.2],[9.82,40.74],[9.59,39.13]]],[[[11.49,42.37],[11.57,42.37],[11.57,42.3],[11.49,42.37]]],[[[11.18,42.5],[11.18,42.56],[11.34,42.63],[11.18,42.5]]],[[[10.94,42.89],[10.62,43.02],[10.62,43.08],[10.94,42.89]]],[[[9.32,45.17],[9.4,44.45],[8.34,45.1],[8.58,45.56],[7.92,45.96],[8.32,46.41],[8.9,45.89],[9.39,46.22],[9.31,45.69],[10.45,45.04],[9.32,45.17]]],[[[4.08,45.96],[3.99,46.28],[4.23,46.35],[4.08,45.96]]],[[[5.37,46.35],[5.58,47.66],[6.89,47.93],[6.99,47.27],[5.95,46.35],[5.37,46.35]]],[[[5.35,49.32],[4.83,49.85],[5.15,50.31],[5.9,50.38],[5.71,51.11],[6.07,50.45],[6.4,50.51],[6.07,50.25],[6.58,50.11],[6.36,49.25],[5.35,49.32]]],[[[6.94,52.38],[6.08,52.79],[6.23,53.53],[7.09,53.26],[6.94,52.38]]],[[[123.82,-9.49],[123.81,-9.36],[124.38,-9.16],[124.33,-9.49],[123.82,-9.49]]],[[[125.52,-8.84],[125.13,-8.59],[125.71,-8.52],[125.52,-8.84]]],[[[122.78,-8.39],[123.0,-8.39],[123.01,-8.52],[122.78,-8.39]]],[[[128.24,-3.51],[128.25,-3.7],[127.81,-3.83],[128.24,-3.51]]],[[[102.1,3.05],[102.67,2.73],[102.42,2.02],[101.71,2.41],[102.1,3.05]]],[[[79.76,6.65],[79.79,8.51],[80.07,8.39],[80.05,6.65],[80.89,6.01],[80.23,5.88],[79.76,6.65]]],[[[123.58,9.03],[123.44,9.09],[123.54,9.35],[123.58,9.03]]],[[[76.56,9.41],[76.26,9.35],[76.21,9.67],[76.56,9.41]]],[[[124.5,10.19],[124.59,9.67],[123.78,9.54],[123.98,10.12],[124.5,10.19]]],[[[122.81,10.12],[122.9,10.89],[123.56,10.96],[123.15,9.8],[123.22,9.03],[122.85,9.03],[122.36,9.99],[122.81,10.12]]],[[[123.26,9.48],[124.11,11.28],[124.0,10.25],[123.26,9.48]]],[[[79.85,10.82],[79.85,10.83],[79.87,10.83],[79.85,10.82]]],[[[123.79,11.02],[123.57,11.02],[123.67,11.28],[123.79,11.02]]],[[[121.93,11.99],[123.12,11.54],[122.62,10.38],[121.9,10.44],[121.93,11.99]]],[[[75.59,11.34],[75.81,11.41],[75.93,10.96],[75.59,11.34]]],[[[75.29,12.31],[75.41,11.92],[75.27,11.92],[75.29,12.31]]],[[[124.09,11.73],[123.17,11.99],[123.24,12.5],[123.83,12.56],[124.09,11.73]]],[[[121.9,12.37],[122.13,12.44],[122.09,12.11],[121.9,12.37]]],[[[122.69,12.24],[122.41,12.37],[122.51,12.56],[122.69,12.24]]],[[[122.02,12.69],[122.24,12.69],[122.22,12.56],[122.02,12.69]]],[[[121.44,13.34],[121.29,12.18],[120.95,12.37],[120.37,13.53],[121.44,13.34]]],[[[80.41,13.08],[80.13,13.21],[80.38,13.46],[80.41,13.08]]],[[[122.16,13.21],[121.74,13.4],[121.75,13.46],[122.2,13.53],[122.16,13.21]]],[[[120.27,13.85],[120.31,13.66],[120.1,13.72],[120.27,13.85]]],[[[124.11,13.53],[124.12,14.11],[124.47,13.98],[124.11,13.53]]],[[[122.13,15.01],[122.07,14.62],[121.86,14.69],[122.13,15.01]]],[[[121.84,14.11],[122.76,14.36],[123.12,13.79],[123.24,14.11],[123.94,13.85],[123.61,13.59],[124.14,13.21],[124.12,12.5],[123.45,13.01],[123.06,12.82],[123.27,13.27],[122.69,13.85],[122.74,13.21],[121.82,13.91],[121.4,13.59],[120.56,13.85],[120.97,14.62],[120.29,14.49],[119.73,16.1],[120.01,16.42],[120.4,16.1],[120.52,18.03],[120.98,17.32],[120.65,16.29],[121.21,16.1],[121.84,14.11]]],[[[113.64,22.14],[113.42,22.14],[113.54,22.4],[113.64,22.14]]]]}},{"type":"Feature","properties":{"n":"Sultanate of Brunei","f":1582,"t":1587,"w":"Q887803"},"geometry":{"type":"MultiPolygon","coordinates":[[[[119.27,5.36],[119.03,4.98],[118.16,4.98],[118.48,4.27],[117.68,4.27],[116.77,6.01],[116.41,6.07],[114.73,3.63],[111.62,2.54],[111.49,1.12],[109.11,1.64],[109.63,2.02],[110.92,1.51],[111.26,2.73],[112.81,3.11],[113.91,4.59],[115.31,4.98],[115.35,5.49],[116.69,6.97],[117.75,6.46],[117.64,5.94],[119.27,5.36]]],[[[115.43,4.53],[115.51,4.53],[115.5,4.46],[115.43,4.53]]],[[[115.51,4.66],[115.59,4.66],[115.58,4.59],[115.51,4.66]]],[[[116.99,7.1],[117.01,7.29],[117.22,7.29],[116.99,7.1]]],[[[118.01,8.84],[117.09,8.32],[119.56,11.15],[119.58,10.64],[120.0,10.51],[118.77,9.86],[118.01,8.84]]]]}},{"type":"Feature","properties":{"n":"Tsardom of Russia","f":1582,"t":1587,"w":"Q186096"},"geometry":{"type":"MultiPolygon","coordinates":[[[[46.29,43.99],[46.37,43.99],[46.31,44.06],[46.24,44.12],[46.24,44.52],[46.38,44.78],[46.31,44.84],[47.37,46.35],[46.3,47.4],[43.77,48.32],[45.28,51.18],[45.29,51.85],[46.44,52.92],[46.46,53.6],[45.98,53.73],[45.81,54.34],[44.6,54.34],[44.31,53.94],[42.61,54.34],[41.05,54.0],[40.95,53.6],[39.86,53.73],[38.28,53.26],[37.82,51.92],[36.86,50.91],[36.09,50.85],[34.53,51.58],[34.16,50.45],[33.41,50.45],[32.26,51.18],[30.54,50.98],[30.58,51.85],[31.66,52.18],[31.31,53.19],[31.9,53.12],[32.15,53.53],[30.8,54.75],[31.22,56.11],[29.4,55.77],[27.97,56.18],[26.5,55.7],[25.9,56.46],[24.54,56.87],[24.27,58.25],[23.41,58.53],[23.41,59.29],[24.55,59.02],[25.37,59.71],[27.88,59.5],[29.07,60.07],[30.14,59.92],[29.81,60.14],[30.0,60.63],[29.29,61.26],[29.91,62.55],[29.3,64.2],[30.31,65.81],[28.97,66.85],[29.51,67.97],[32.29,69.56],[36.13,69.26],[41.0,67.74],[41.39,67.15],[41.04,66.7],[38.68,66.03],[32.55,67.07],[33.0,66.55],[34.87,65.88],[34.44,65.37],[34.98,64.49],[37.39,63.91],[37.88,63.99],[37.89,64.35],[36.79,64.49],[36.36,65.0],[37.21,65.3],[38.21,64.79],[40.19,64.71],[39.54,65.37],[40.4,65.96],[41.96,66.55],[43.97,66.18],[44.37,67.0],[43.6,67.3],[44.17,68.27],[43.45,68.73],[45.88,68.57],[46.66,67.82],[44.93,67.44],[45.81,66.92],[47.37,66.92],[47.78,67.67],[53.28,69.03],[54.04,68.95],[53.87,68.42],[53.3,68.27],[58.39,69.03],[59.09,69.03],[59.4,68.88],[59.24,68.42],[59.74,68.42],[60.7,68.88],[60.09,69.72],[58.45,70.02],[58.97,70.57],[60.54,69.79],[63.93,69.72],[68.29,68.42],[64.27,64.57],[64.04,63.48],[64.56,62.19],[65.51,61.55],[69.39,60.42],[70.87,59.5],[71.4,58.53],[70.82,57.14],[69.51,56.66],[62.57,56.39],[60.86,55.91],[59.9,55.09],[59.91,54.27],[58.94,54.0],[59.05,52.52],[58.5,51.71],[53.05,52.45],[53.36,53.87],[52.69,54.68],[50.01,53.94],[49.01,52.92],[47.13,52.05],[47.25,51.58],[46.14,49.91],[46.08,48.99],[49.95,47.53],[50.29,46.87],[47.47,45.69],[46.63,44.45],[47.32,43.86],[46.29,43.99]]],[[[46.21,43.99],[46.31,44.06],[46.29,43.99],[46.21,43.99]]],[[[46.24,44.12],[46.23,44.06],[46.15,44.06],[46.24,44.12]]],[[[35.5,65.0],[35.46,65.22],[36.13,65.22],[35.5,65.0]]],[[[48.24,69.41],[48.61,69.56],[50.32,69.33],[49.7,68.88],[48.37,68.8],[48.24,69.41]]]]}},{"type":"Feature","properties":{"n":"Portuguese Ceylon","f":1582,"t":1594,"w":"Q1709007"},"geometry":{"type":"Polygon","coordinates":[[[81.92,7.42],[81.88,6.71],[80.89,6.01],[80.05,6.65],[80.07,8.39],[79.79,8.58],[79.89,8.96],[81.25,8.51],[81.92,7.42]]]}},{"type":"Feature","properties":{"n":"Holy Roman Empire Minor States","f":1588,"t":1594,"w":"Q12548"},"geometry":{"type":"MultiPolygon","coordinates":[[[[8.11,43.99],[7.71,44.12],[8.5,45.04],[8.75,44.97],[8.11,43.99]]],[[[6.83,47.14],[7.08,46.94],[6.51,46.87],[6.83,47.14]]],[[[4.49,49.98],[5.62,51.25],[5.9,50.38],[4.82,50.11],[5.18,49.58],[4.94,49.18],[4.49,49.98]]],[[[9.4,44.45],[9.32,45.17],[10.45,45.04],[10.62,45.43],[11.59,44.91],[10.7,43.8],[9.4,44.45]]],[[[11.99,44.65],[11.75,44.84],[11.83,44.97],[12.24,44.97],[11.99,44.65]]],[[[11.52,46.61],[12.09,46.68],[11.02,45.76],[10.45,45.89],[10.53,46.55],[11.52,46.61]]],[[[9.54,47.27],[9.63,47.14],[9.46,47.14],[9.54,47.27]]],[[[13.18,48.06],[13.65,47.01],[12.18,47.07],[12.51,47.66],[13.0,47.53],[13.18,48.06]]],[[[13.36,48.99],[14.1,48.65],[13.27,48.59],[13.36,48.99]]],[[[12.55,50.85],[12.81,50.98],[12.8,50.65],[12.55,50.85]]],[[[7.73,47.53],[7.47,48.06],[7.06,47.93],[7.03,48.99],[7.53,49.12],[6.69,49.32],[7.69,49.38],[7.95,48.99],[8.78,49.25],[7.76,49.91],[7.6,49.58],[6.35,49.58],[6.58,50.11],[6.07,50.25],[6.4,50.51],[6.07,50.45],[5.96,51.18],[6.2,51.51],[5.94,51.85],[6.95,52.25],[6.68,52.65],[7.02,52.72],[7.08,53.73],[10.36,53.66],[10.53,54.0],[13.41,54.75],[13.74,54.27],[13.3,54.21],[14.5,53.73],[15.04,54.21],[18.02,54.89],[17.08,53.6],[15.98,54.07],[16.05,53.66],[14.65,53.06],[13.9,53.73],[13.2,53.33],[11.31,53.46],[11.39,53.06],[10.79,52.99],[10.87,52.59],[11.55,52.38],[12.33,52.79],[12.4,51.71],[11.63,51.25],[10.87,51.38],[10.1,51.25],[11.88,50.98],[12.05,51.31],[12.55,50.91],[11.79,50.85],[12.21,50.78],[12.12,50.18],[11.2,49.78],[10.94,48.85],[10.03,49.12],[10.53,48.26],[10.12,48.06],[10.53,48.19],[10.61,47.6],[10.12,47.33],[9.04,47.73],[9.29,47.99],[8.47,47.6],[8.22,47.66],[8.21,47.99],[8.46,47.99],[8.21,48.13],[8.21,48.26],[7.63,48.26],[7.73,47.53]],[[8.37,48.39],[8.21,48.39],[8.21,48.26],[8.37,48.39]],[[10.87,51.45],[11.46,51.65],[10.87,51.65],[10.87,51.45]],[[10.11,48.32],[10.28,48.32],[10.2,48.39],[10.11,48.32]],[[10.03,48.26],[9.45,48.46],[9.45,48.19],[10.03,48.26]],[[9.45,47.99],[9.37,47.86],[9.54,47.86],[9.45,47.99]],[[9.2,48.39],[9.2,48.26],[9.37,48.26],[9.2,48.39]],[[8.95,48.32],[8.87,48.32],[8.87,48.19],[8.95,48.32]],[[8.71,47.99],[8.63,47.99],[8.79,47.86],[8.71,47.99]],[[8.45,48.46],[8.45,48.59],[8.29,48.52],[8.45,48.46]],[[8.79,48.26],[8.54,48.39],[8.54,48.19],[8.79,48.26]],[[8.54,48.52],[8.7,48.52],[8.7,48.65],[8.54,48.52]]]]}},{"type":"Feature","properties":{"n":"Tibet","f":1588,"t":1599,"w":"Q521263"},"geometry":{"type":"Polygon","coordinates":[[[100.68,29.73],[99.61,28.25],[99.4,29.47],[98.54,28.19],[97.3,28.96],[96.24,28.96],[95.97,29.41],[95.42,29.02],[94.66,29.28],[93.51,28.64],[88.21,27.87],[85.98,27.99],[84.41,28.77],[84.14,29.28],[83.45,29.22],[82.04,30.37],[81.01,30.18],[79.45,31.01],[78.46,32.3],[78.71,32.69],[79.46,32.62],[78.83,33.46],[78.98,34.04],[79.45,34.04],[80.22,35.45],[81.67,35.39],[82.35,35.84],[85.89,35.77],[86.8,36.42],[91.25,36.48],[92.36,37.0],[98.85,34.1],[101.87,33.52],[100.68,29.73]]]}},{"type":"Feature","properties":{"n":"Safavid Dynasty","f":1588,"t":1594,"w":"Q161205"},"geometry":{"type":"Polygon","coordinates":[[[66.26,25.49],[64.8,25.16],[61.72,25.04],[57.96,25.55],[57.11,26.07],[56.71,27.16],[54.83,26.45],[53.66,26.71],[51.45,27.87],[50.06,30.18],[49.02,30.31],[48.92,34.04],[49.27,35.84],[50.55,37.0],[51.64,36.55],[54.03,36.87],[53.88,37.71],[56.37,38.42],[56.08,38.87],[56.39,39.9],[57.83,41.26],[60.84,40.94],[62.38,41.33],[62.65,39.71],[64.66,38.03],[65.94,37.51],[66.36,36.67],[65.9,30.5],[66.69,29.86],[66.26,25.49]]]}},{"type":"Feature","properties":{"n":"Kazakh Khanate","f":1588,"t":1594,"w":"Q1433867"},"geometry":{"type":"MultiPolygon","coordinates":[[[[53.1,46.02],[53.18,46.02],[53.17,45.96],[53.1,46.02]]],[[[52.13,51.45],[52.69,52.38],[54.24,52.45],[57.96,51.65],[59.93,51.92],[61.11,53.6],[61.99,54.07],[63.18,54.21],[65.27,53.46],[69.32,52.92],[73.34,53.26],[77.51,54.61],[76.57,53.19],[78.23,51.45],[79.43,50.98],[81.09,51.25],[84.0,50.85],[84.83,50.18],[83.77,49.58],[85.3,48.99],[85.64,48.32],[84.7,46.87],[83.04,47.01],[81.82,45.37],[79.95,44.97],[80.41,44.71],[80.79,43.28],[80.16,42.3],[78.39,42.89],[72.31,42.24],[68.28,40.36],[62.18,43.15],[60.88,44.45],[61.58,44.91],[61.72,45.37],[61.34,45.43],[61.25,45.96],[61.64,46.94],[60.12,46.81],[59.31,46.02],[58.64,45.96],[57.96,44.45],[58.34,43.47],[57.33,43.02],[52.74,42.63],[51.44,43.21],[51.07,44.06],[50.22,44.58],[51.42,44.52],[51.02,44.84],[51.47,45.37],[53.88,45.24],[53.81,44.97],[54.36,45.24],[54.29,45.56],[53.06,45.56],[53.35,46.35],[53.11,47.01],[52.11,46.94],[52.13,51.45]]],[[[52.24,51.78],[52.21,51.71],[52.13,51.71],[52.24,51.78]]]]}},{"type":"Feature","properties":{"n":"Duchy of Lorraine","f":1588,"t":1601,"w":"Q155019"},"geometry":{"type":"MultiPolygon","coordinates":[[[[5.48,48.06],[5.38,48.52],[5.88,48.46],[6.03,48.92],[7.04,48.52],[7.06,47.93],[5.48,48.06]],[[6.47,48.32],[6.72,48.19],[6.79,48.46],[6.47,48.32]]],[[[7.03,48.92],[7.03,48.85],[6.62,48.85],[7.03,48.92]]],[[[7.53,49.12],[7.53,48.99],[7.36,48.92],[6.86,49.12],[7.53,49.12]]],[[[5.29,48.85],[4.88,48.65],[5.18,49.58],[5.36,48.99],[5.85,49.32],[6.03,48.92],[5.3,48.59],[5.29,48.85]]],[[[6.35,49.58],[7.1,49.52],[6.69,49.18],[6.35,49.58]]],[[[5.85,49.32],[5.6,49.52],[6.01,49.52],[5.85,49.32]]]]}},{"type":"Feature","properties":{"n":"Ming Dynasty","f":1588,"t":1594,"w":"Q9903"},"geometry":{"type":"MultiPolygon","coordinates":[[[[108.76,18.41],[108.7,19.38],[109.25,19.96],[110.91,20.15],[111.03,19.57],[109.86,18.35],[108.76,18.41]]],[[[122.28,29.99],[121.98,29.99],[122.05,30.18],[122.28,29.99]]],[[[124.04,40.87],[124.29,40.36],[124.73,40.42],[124.23,39.84],[121.03,38.74],[121.69,39.38],[121.28,39.64],[122.23,40.48],[121.11,40.87],[119.22,39.32],[117.89,39.19],[117.58,38.74],[118.07,38.16],[119.46,37.96],[119.16,37.19],[120.75,37.9],[122.71,37.45],[122.39,36.8],[120.98,36.61],[119.23,34.81],[120.34,34.36],[120.92,32.62],[121.99,31.85],[121.58,31.4],[121.9,30.82],[120.68,30.18],[121.48,30.31],[122.03,29.92],[121.94,29.22],[121.74,29.54],[121.57,29.47],[121.65,28.32],[121.12,28.32],[119.59,26.13],[119.53,25.62],[119.87,25.49],[119.27,25.49],[118.76,24.59],[118.15,24.52],[116.54,22.91],[114.64,22.72],[114.37,22.08],[113.6,22.72],[113.07,21.89],[110.42,21.18],[110.49,20.28],[109.88,20.21],[109.81,21.5],[107.24,21.69],[106.71,22.08],[106.71,22.91],[105.44,23.3],[103.96,22.53],[101.72,22.46],[101.81,21.18],[101.36,21.18],[100.76,22.98],[99.21,24.71],[98.79,27.35],[98.16,28.19],[98.87,28.32],[99.4,29.47],[99.61,28.25],[100.68,29.73],[101.87,33.52],[101.2,33.78],[101.69,34.1],[100.85,34.55],[102.03,34.61],[101.71,35.0],[102.92,36.35],[102.1,37.77],[101.7,37.58],[99.9,38.87],[100.61,39.77],[102.09,38.87],[103.12,39.06],[102.84,38.42],[104.46,37.64],[106.38,38.09],[107.33,39.64],[107.65,39.32],[107.29,38.55],[109.08,37.84],[109.53,37.96],[110.42,39.51],[112.5,40.36],[114.68,40.42],[116.61,41.2],[117.34,40.94],[117.37,40.42],[118.42,40.61],[119.36,40.03],[121.45,41.59],[121.93,41.72],[122.01,41.33],[122.41,41.33],[123.7,42.89],[124.66,42.76],[124.21,42.04],[124.04,40.87]]]]}},{"type":"Feature","properties":{"n":"House of Bourbon","f":1588,"t":1594,"w":"Q58389"},"geometry":{"type":"MultiPolygon","coordinates":[[[[0.32,43.34],[0.35,42.89],[-1.43,43.08],[-1.05,43.41],[0.32,43.34]]],[[[0.64,43.41],[1.28,43.54],[1.73,42.63],[0.99,42.82],[0.64,43.41]]],[[[4.58,45.69],[4.85,45.1],[3.97,44.78],[-0.16,44.65],[1.21,46.09],[0.94,46.55],[2.35,46.35],[2.4,46.81],[2.98,46.81],[3.73,46.55],[4.08,45.96],[5.06,45.89],[4.58,45.69]]]]}},{"type":"Feature","properties":{"n":"Kingdom of Sweden","f":1588,"t":1594,"w":"Q34"},"geometry":{"type":"MultiPolygon","coordinates":[[[[22.35,58.74],[22.2,59.02],[22.84,59.09],[22.35,58.74]]],[[[20.17,60.42],[20.15,60.21],[19.68,60.14],[19.72,60.49],[20.17,60.42]]],[[[29.05,66.77],[30.31,65.81],[29.3,64.2],[29.91,62.55],[29.29,61.26],[30.21,60.77],[30.38,59.78],[30.86,59.43],[24.62,58.88],[24.27,58.25],[23.41,58.53],[23.41,59.29],[24.16,59.5],[27.88,59.5],[28.41,59.92],[29.94,59.85],[30.16,60.07],[28.99,60.14],[28.45,60.7],[23.03,59.85],[21.46,60.56],[21.5,61.69],[20.95,62.62],[21.5,63.34],[22.16,63.34],[24.56,64.93],[25.23,64.93],[25.23,65.52],[22.38,65.81],[22.44,65.52],[21.21,64.93],[21.54,64.42],[20.81,63.91],[17.39,62.47],[17.26,60.77],[18.61,60.42],[19.01,59.71],[18.35,59.43],[18.41,59.09],[16.66,58.46],[16.48,56.87],[17.13,57.42],[16.63,56.39],[13.46,56.59],[12.33,57.77],[11.71,57.7],[12.16,58.18],[11.92,59.92],[12.57,60.35],[12.31,60.98],[12.78,61.19],[12.51,61.69],[14.74,61.69],[15.23,62.19],[14.69,62.62],[16.59,63.12],[15.49,63.7],[16.48,64.35],[14.34,65.22],[14.57,66.11],[16.38,67.07],[16.23,67.59],[18.05,68.12],[18.09,68.57],[19.96,68.42],[20.24,69.03],[21.07,69.26],[22.78,68.65],[24.86,68.57],[25.63,68.95],[26.21,69.87],[28.16,70.02],[26.93,67.44],[29.05,66.77]]]]}},{"type":"Feature","properties":{"n":"Warring States Japan","f":1588,"t":1594,"w":"Q204023"},"geometry":{"type":"MultiPolygon","coordinates":[[[[130.72,30.44],[130.62,30.18],[130.36,30.31],[130.72,30.44]]],[[[131.17,30.82],[131.02,30.44],[130.82,30.5],[131.17,30.82]]],[[[130.53,32.56],[130.13,32.17],[129.99,32.56],[130.53,32.56]]],[[[128.77,32.56],[128.57,32.62],[128.65,32.81],[128.77,32.56]]],[[[129.73,33.84],[129.88,33.84],[129.82,33.71],[129.73,33.84]]],[[[129.31,34.1],[129.11,34.16],[129.17,34.29],[129.31,34.1]]],[[[129.43,34.36],[129.23,34.42],[129.29,34.55],[129.43,34.36]]],[[[133.33,36.16],[133.1,36.16],[133.2,36.35],[133.33,36.16]]],[[[137.07,34.55],[137.24,34.74],[136.73,34.94],[136.91,34.23],[136.45,34.23],[135.81,33.39],[135.03,33.84],[135.21,34.68],[134.22,33.26],[133.54,33.46],[133.03,32.69],[132.08,33.46],[132.88,34.16],[133.51,34.04],[134.94,34.61],[132.32,34.29],[132.19,33.84],[131.09,33.97],[131.1,33.65],[131.82,33.71],[131.64,33.33],[132.08,32.94],[131.41,31.4],[130.79,31.01],[130.14,31.27],[130.1,31.91],[130.52,32.36],[130.57,32.81],[129.79,32.62],[129.56,33.14],[132.69,35.52],[135.38,35.77],[135.71,35.52],[136.71,36.8],[136.72,37.38],[137.37,37.58],[137.1,36.8],[138.51,37.38],[140.04,39.51],[139.66,39.9],[139.9,40.74],[140.92,41.52],[141.54,41.39],[141.44,40.68],[142.09,39.64],[141.51,38.35],[140.92,38.03],[141.13,37.32],[140.61,36.42],[140.91,35.84],[140.41,35.19],[139.7,34.87],[140.03,35.64],[139.72,35.19],[139.21,35.26],[138.95,34.61],[138.8,35.07],[138.26,34.61],[137.07,34.55]],[[140.44,35.68],[140.46,35.71],[140.39,35.69],[140.44,35.68]]],[[[138.34,38.29],[138.61,38.35],[138.34,37.77],[138.34,38.29]]],[[[140.23,42.24],[140.94,41.78],[139.95,41.39],[140.23,42.24]]]]}},{"type":"Feature","properties":{"n":"Kingdom of England","f":1588,"t":1594,"w":"Q179876"},"geometry":{"type":"MultiPolygon","coordinates":[[[[0.3,53.39],[0.08,52.92],[1.09,53.06],[1.72,52.72],[1.59,52.12],[0.52,51.51],[1.38,51.38],[1.31,51.11],[0.49,50.78],[-1.37,50.85],[-1.18,50.58],[-3.13,50.71],[-3.58,50.25],[-5.75,50.05],[-4.2,51.31],[-3.09,51.25],[-2.95,51.45],[-4.91,51.58],[-5.22,52.05],[-4.16,52.45],[-4.3,52.92],[-4.79,52.79],[-4.49,53.12],[-4.7,53.46],[-3.15,53.46],[-2.97,54.14],[-3.59,54.27],[-3.65,54.82],[-2.56,55.23],[-2.11,55.91],[-1.29,54.68],[-0.67,54.61],[0.3,53.39]]],[[[-6.09,52.86],[-6.43,52.18],[-9.64,51.45],[-10.45,51.78],[-10.25,52.12],[-10.53,52.25],[-9.94,52.32],[-9.38,53.12],[-10.21,53.46],[-9.83,53.8],[-10.08,54.27],[-8.7,54.27],[-8.32,54.61],[-8.87,54.82],[-8.41,55.23],[-6.5,55.29],[-5.9,54.07],[-6.33,54.07],[-6.09,52.86]]],[[[-4.36,54.21],[-4.86,54.07],[-4.81,54.34],[-4.36,54.21]]],[[[-5.73,54.75],[-5.99,54.75],[-5.93,54.95],[-5.73,54.75]]]]}},{"type":"Feature","properties":{"n":"Kingdom of France","f":1588,"t":1594,"w":"Q207162"},"geometry":{"type":"MultiPolygon","coordinates":[[[[5.88,48.46],[5.38,48.52],[5.82,47.73],[4.9,45.96],[2.98,46.81],[2.4,46.81],[2.35,46.35],[0.94,46.55],[1.21,46.09],[-0.16,44.65],[3.97,44.78],[4.85,45.1],[4.58,45.69],[5.48,45.69],[6.64,44.84],[6.81,44.32],[6.42,44.06],[6.91,43.54],[5.8,43.15],[3.85,43.6],[1.81,42.56],[1.87,42.89],[0.87,43.67],[0.64,43.41],[0.99,42.82],[0.52,42.69],[0.2,42.76],[0.32,43.34],[-1.68,43.28],[-1.03,45.5],[-1.25,46.28],[-2.84,47.6],[-4.42,47.8],[-4.91,48.52],[-3.46,48.92],[-1.6,48.65],[-2.03,49.78],[0.01,49.38],[0.22,49.85],[1.45,50.25],[1.5,50.91],[1.99,51.11],[1.95,50.31],[4.49,49.98],[5.03,49.05],[4.88,48.65],[5.62,48.85],[5.88,48.46]]],[[[6.54,48.52],[6.79,48.46],[6.72,48.19],[6.54,48.52]]],[[[5.87,48.85],[6.03,48.92],[6.04,48.79],[5.87,48.85]]],[[[7.03,49.05],[6.62,48.85],[7.21,48.59],[5.86,48.99],[7.03,49.05]]],[[[5.7,48.99],[5.36,48.99],[5.35,49.32],[5.7,48.99]]]]}},{"type":"Feature","properties":{"n":"Jaffna kingdom","f":1588,"t":1594,"w":"Q1311219"},"geometry":{"type":"Polygon","coordinates":[[[80.23,9.84],[81.26,8.55],[79.93,8.88],[79.7,9.11],[80.03,9.05],[80.14,9.52],[79.8,9.57],[80.23,9.84]]]}},{"type":"Feature","properties":{"n":"Iberian Union","f":1588,"t":1594,"w":"Q377350"},"geometry":{"type":"MultiPolygon","coordinates":[[[[-17.17,32.88],[-16.69,32.69],[-17.07,32.62],[-17.17,32.88]]],[[[-25.11,37.9],[-25.09,37.77],[-25.7,37.71],[-25.9,37.96],[-25.11,37.9]]],[[[-28.85,38.67],[-28.08,38.35],[-28.39,38.35],[-28.85,38.67]]],[[[-28.04,38.55],[-28.15,38.74],[-27.89,38.61],[-28.04,38.55]]],[[[-27.03,38.61],[-27.36,38.67],[-27.39,38.87],[-27.03,38.61]]],[[[1.18,39.06],[1.65,39.13],[1.66,39.0],[1.18,39.06]]],[[[3.3,39.32],[2.35,39.45],[2.88,39.97],[3.52,39.77],[3.3,39.32]]],[[[1.58,42.43],[2.99,43.02],[3.12,41.91],[0.7,40.94],[-0.35,39.71],[0.1,38.74],[-0.66,38.29],[-0.7,37.64],[-1.71,37.45],[-2.06,36.8],[-4.47,36.74],[-5.66,36.03],[-6.84,37.25],[-9.0,37.0],[-8.82,38.48],[-9.21,38.42],[-9.57,38.93],[-8.73,40.74],[-8.96,42.17],[-8.66,42.37],[-9.3,43.15],[-8.24,43.73],[-1.77,43.41],[1.58,42.43]]],[[[4.22,40.1],[4.3,39.84],[3.83,39.9],[4.22,40.1]]],[[[4.23,46.35],[4.33,45.96],[4.08,45.96],[4.23,46.35]]],[[[59.27,22.98],[58.27,23.43],[58.81,23.62],[59.27,22.98]]],[[[50.69,26.26],[50.65,25.87],[50.43,25.94],[50.69,26.26]]],[[[17.98,40.61],[18.35,39.9],[17.35,40.55],[16.62,40.29],[16.45,39.64],[17.14,39.06],[15.93,37.96],[15.39,38.16],[15.05,36.74],[12.49,37.71],[12.65,38.09],[14.6,38.03],[15.86,38.29],[16.27,38.74],[15.75,40.03],[13.79,41.13],[13.96,41.72],[13.01,42.04],[12.86,42.5],[13.99,42.95],[14.61,42.11],[16.12,41.91],[15.94,41.39],[17.98,40.61]]],[[[9.59,39.13],[8.34,39.0],[8.15,40.94],[9.5,41.2],[9.59,39.13]]],[[[11.18,42.56],[11.34,42.63],[11.34,42.43],[11.18,42.56]]],[[[10.86,43.08],[10.94,42.89],[10.7,42.95],[10.86,43.08]]],[[[9.32,45.17],[9.4,44.45],[8.34,45.1],[8.58,45.56],[7.92,45.96],[8.32,46.41],[8.9,45.89],[9.39,46.22],[9.31,45.69],[10.45,45.17],[9.32,45.17]]],[[[5.37,46.35],[5.58,47.66],[6.89,47.93],[6.99,47.27],[6.03,46.41],[5.37,46.35]]],[[[6.07,50.45],[6.4,50.51],[6.07,50.25],[6.58,50.11],[6.36,49.25],[5.86,49.18],[6.01,49.52],[5.68,49.58],[5.35,49.32],[4.83,49.85],[5.15,50.31],[5.9,50.38],[5.62,51.25],[4.49,49.98],[2.55,50.11],[1.85,50.58],[2.07,51.11],[4.01,51.25],[4.16,51.71],[5.76,51.98],[5.4,52.59],[6.23,53.53],[7.18,53.26],[6.68,52.65],[6.95,52.25],[5.94,51.85],[6.07,50.45]]]]}},{"type":"Feature","properties":{"n":"Mataram Sultanate","f":1588,"t":1618,"w":"Q402145"},"geometry":{"type":"Polygon","coordinates":[[[112.41,-8.46],[110.65,-8.26],[109.9,-8.01],[110.01,-7.56],[109.24,-6.85],[110.34,-6.91],[110.89,-6.4],[111.64,-6.72],[111.51,-7.04],[112.52,-7.94],[112.41,-8.46]]]}},{"type":"Feature","properties":{"n":"Ayutthaya Kingdom","f":1588,"t":1594,"w":"Q841364"},"geometry":{"type":"Polygon","coordinates":[[[102.22,11.99],[101.79,12.69],[100.83,12.63],[100.99,13.46],[100.1,13.4],[100.03,12.05],[99.16,9.67],[99.34,9.22],[99.93,9.29],[100.51,7.16],[101.15,6.91],[100.89,6.26],[99.95,6.52],[98.62,8.32],[98.21,7.74],[98.76,11.73],[98.23,14.94],[98.93,16.36],[97.84,17.96],[98.64,18.41],[99.58,18.29],[100.75,19.12],[100.66,19.51],[101.18,19.57],[101.4,19.06],[101.02,17.51],[101.87,16.81],[103.23,16.55],[103.05,15.78],[103.61,14.49],[102.39,13.53],[102.74,12.05],[102.22,11.99]]]}},{"type":"Feature","properties":{"n":"Eastern Moghulistan","f":1588,"t":1608,"w":"Q1191125"},"geometry":{"type":"Polygon","coordinates":[[[92.59,39.26],[90.95,38.67],[90.94,38.03],[91.53,37.51],[90.94,36.93],[91.36,36.8],[91.25,36.48],[88.67,36.67],[86.8,36.42],[85.89,35.77],[82.35,35.84],[81.67,35.39],[80.15,35.45],[79.44,35.97],[77.98,35.45],[76.09,35.9],[75.96,36.55],[75.31,37.0],[73.69,37.06],[73.75,38.61],[75.3,39.06],[80.53,42.43],[82.06,42.24],[85.79,42.76],[88.85,42.24],[90.22,41.91],[90.75,40.55],[92.69,39.71],[92.59,39.26]]]}},{"type":"Feature","properties":{"n":"(Kingdom of England)","f":1588,"t":1594,"w":"Q179876"},"geometry":{"type":"MultiPolygon","coordinates":[[[[0.3,53.39],[0.08,52.92],[1.09,53.06],[1.72,52.72],[1.59,52.12],[0.52,51.51],[1.38,51.38],[1.31,51.11],[0.49,50.78],[-1.37,50.85],[-1.18,50.58],[-3.13,50.71],[-3.58,50.25],[-5.75,50.05],[-4.2,51.31],[-3.09,51.25],[-2.95,51.45],[-4.91,51.58],[-5.22,52.05],[-4.16,52.45],[-4.3,52.92],[-4.79,52.79],[-4.49,53.12],[-4.7,53.46],[-3.15,53.46],[-2.97,54.14],[-3.59,54.27],[-3.65,54.82],[-2.56,55.23],[-2.11,55.91],[-1.29,54.68],[-0.67,54.61],[0.3,53.39]]],[[[-6.09,52.86],[-6.43,52.18],[-9.64,51.45],[-10.45,51.78],[-10.25,52.12],[-10.53,52.25],[-9.94,52.32],[-9.38,53.12],[-10.21,53.46],[-9.83,53.8],[-10.08,54.27],[-8.7,54.27],[-8.32,54.61],[-8.87,54.82],[-8.41,55.23],[-6.5,55.29],[-5.9,54.07],[-6.33,54.07],[-6.09,52.86]]],[[[-4.36,54.21],[-4.86,54.07],[-4.81,54.34],[-4.36,54.21]]],[[[-5.73,54.75],[-5.99,54.75],[-5.93,54.95],[-5.73,54.75]]]]}},{"type":"Feature","properties":{"n":"Lan Xang","f":1588,"t":1594,"w":"Q853477"},"geometry":{"type":"Polygon","coordinates":[[[107.5,16.04],[107.3,15.65],[107.69,15.33],[107.51,14.56],[106.17,14.43],[106.03,13.91],[104.92,14.43],[103.81,14.36],[103.29,14.81],[103.23,16.55],[101.87,16.81],[101.02,17.51],[101.4,19.06],[101.18,19.57],[100.46,19.7],[100.6,20.09],[100.15,20.54],[101.18,21.44],[101.81,21.18],[101.72,22.46],[103.77,22.72],[104.73,21.37],[104.5,20.41],[104.98,20.15],[103.96,19.31],[105.12,18.74],[106.69,16.49],[107.5,16.04]]]}},{"type":"Feature","properties":{"n":"Spanish Empire","f":1588,"t":1594,"w":"Q80702"},"geometry":{"type":"MultiPolygon","coordinates":[[[[-73.65,-42.83],[-74.1,-42.76],[-74.03,-42.44],[-73.46,-42.24],[-73.65,-42.83]]],[[[-37.24,-11.09],[-38.13,-12.83],[-39.03,-13.28],[-39.28,-17.78],[-41.14,-22.15],[-41.91,-22.41],[-42.12,-22.99],[-44.74,-23.05],[-45.5,-23.89],[-46.09,-23.82],[-47.95,-24.98],[-48.82,-22.92],[-45.61,-22.86],[-43.38,-22.21],[-42.49,-21.51],[-41.44,-19.71],[-40.76,-17.01],[-40.02,-15.91],[-39.53,-11.67],[-38.38,-10.39],[-36.68,-9.94],[-36.36,-6.79],[-36.68,-5.11],[-35.3,-5.44],[-34.84,-7.49],[-35.26,-9.1],[-37.24,-11.09]]],[[[-75.34,-10.77],[-75.27,-10.77],[-75.27,-10.84],[-75.34,-10.77]]],[[[-95.77,18.8],[-94.04,18.22],[-92.5,18.74],[-91.3,18.61],[-89.98,21.31],[-86.75,21.5],[-87.7,18.29],[-87.99,18.74],[-89.17,17.77],[-90.57,17.77],[-90.6,16.55],[-90.38,16.04],[-89.54,15.84],[-85.88,15.97],[-85.69,15.07],[-84.58,14.43],[-84.94,13.72],[-84.42,11.34],[-83.58,10.96],[-82.06,8.96],[-81.03,8.84],[-79.69,9.61],[-78.96,9.61],[-77.99,9.29],[-76.83,8.19],[-76.93,8.64],[-75.66,9.48],[-75.58,10.51],[-74.96,11.15],[-74.36,10.89],[-74.17,11.34],[-73.15,11.41],[-71.84,12.44],[-71.1,12.31],[-71.28,11.79],[-71.92,11.6],[-71.65,10.83],[-69.66,11.66],[-68.46,11.34],[-68.19,10.51],[-66.37,10.7],[-65.09,10.06],[-64.03,10.7],[-61.91,10.76],[-62.84,10.38],[-62.3,9.8],[-61.95,9.99],[-60.83,9.54],[-61.15,8.58],[-64.71,8.06],[-65.12,7.55],[-65.87,7.87],[-67.01,7.16],[-67.06,6.65],[-68.73,6.46],[-71.47,7.42],[-72.05,7.29],[-74.15,4.59],[-74.35,3.89],[-75.79,2.21],[-76.81,0.41],[-77.54,-1.45],[-77.85,-4.92],[-76.97,-7.88],[-76.34,-8.39],[-75.17,-11.35],[-74.07,-12.25],[-71.88,-13.15],[-70.67,-12.76],[-68.37,-13.28],[-65.67,-14.89],[-63.8,-15.34],[-62.59,-16.36],[-63.18,-20.61],[-64.19,-23.63],[-63.65,-25.82],[-61.85,-26.65],[-59.61,-26.72],[-58.58,-25.94],[-57.67,-24.47],[-57.0,-24.47],[-58.43,-26.84],[-58.75,-29.99],[-58.27,-30.89],[-58.55,-34.49],[-60.52,-33.79],[-63.06,-34.62],[-65.97,-34.3],[-69.77,-34.88],[-70.48,-35.39],[-71.61,-39.59],[-72.91,-40.82],[-73.28,-41.85],[-74.34,-42.24],[-73.81,-41.79],[-74.13,-41.08],[-73.37,-39.46],[-73.84,-37.46],[-73.33,-37.13],[-72.42,-35.2],[-71.63,-32.69],[-71.94,-30.83],[-70.57,-25.17],[-70.53,-23.63],[-70.81,-23.5],[-70.27,-21.96],[-70.26,-19.84],[-70.44,-18.42],[-71.62,-17.33],[-75.22,-15.53],[-76.08,-14.69],[-76.46,-14.18],[-76.38,-13.41],[-77.8,-11.35],[-78.98,-8.46],[-79.98,-6.91],[-81.33,-6.14],[-81.01,-5.63],[-81.47,-4.41],[-80.05,-3.12],[-81.12,-2.29],[-81.03,-0.94],[-80.16,0.22],[-80.23,0.86],[-79.06,1.25],[-78.78,2.34],[-77.91,2.6],[-77.26,3.63],[-77.56,4.08],[-77.41,6.52],[-78.5,7.94],[-78.23,8.45],[-79.06,8.96],[-80.41,8.26],[-80.0,7.42],[-80.58,7.16],[-80.94,7.16],[-81.05,7.87],[-81.47,7.61],[-81.94,8.19],[-83.71,8.45],[-83.67,9.09],[-84.83,9.99],[-85.24,9.61],[-85.78,9.99],[-85.72,11.09],[-87.55,12.69],[-87.47,13.34],[-88.85,13.21],[-91.35,13.91],[-94.77,16.36],[-96.73,15.65],[-101.11,17.26],[-101.9,17.96],[-103.43,18.29],[-105.33,19.7],[-105.63,20.47],[-105.13,21.31],[-105.7,22.59],[-108.04,24.91],[-106.94,24.39],[-105.41,22.66],[-105.29,23.11],[-104.86,22.85],[-104.99,22.4],[-104.11,22.14],[-103.91,22.59],[-103.8,22.08],[-103.72,22.4],[-103.48,21.95],[-103.15,22.14],[-102.59,21.24],[-102.05,21.11],[-101.54,21.56],[-100.51,20.86],[-99.91,21.18],[-98.42,20.79],[-98.36,22.01],[-100.01,23.81],[-100.77,25.42],[-100.28,25.87],[-99.36,23.94],[-97.72,22.53],[-97.19,20.92],[-95.77,18.8]]],[[[-76.22,1.31],[-76.22,1.25],[-76.3,1.25],[-76.22,1.31]]],[[[-81.9,7.36],[-81.91,7.61],[-81.7,7.68],[-81.9,7.36]]],[[[-79.03,8.32],[-78.96,8.45],[-78.81,8.45],[-79.03,8.32]]],[[[-61.73,10.06],[-61.55,10.83],[-60.89,10.83],[-61.0,10.06],[-61.73,10.06]]],[[[-64.26,10.89],[-64.35,11.09],[-63.84,11.21],[-64.26,10.89]]],[[[-69.73,11.66],[-70.24,11.6],[-70.28,12.11],[-69.85,12.24],[-69.73,11.66]]],[[[-69.11,12.18],[-69.12,12.37],[-68.66,11.99],[-69.11,12.18]]],[[[-68.16,12.24],[-68.15,12.05],[-68.29,12.05],[-68.16,12.24]]],[[[-70.02,12.56],[-69.79,12.44],[-69.93,12.37],[-70.02,12.56]]],[[[-24.29,14.75],[-24.36,14.75],[-24.45,15.07],[-24.29,14.75]]],[[[-23.73,15.33],[-23.58,15.33],[-23.41,14.88],[-23.78,14.94],[-23.73,15.33]]],[[[-23.06,15.33],[-22.99,15.2],[-23.2,15.07],[-23.06,15.33]]],[[[-24.08,16.55],[-24.37,16.49],[-24.38,16.68],[-24.08,16.55]]],[[[-22.83,16.68],[-22.98,16.68],[-22.98,16.81],[-22.83,16.68]]],[[[-24.99,17.26],[-24.82,16.74],[-25.27,16.87],[-24.99,17.26]]],[[[-78.39,18.29],[-77.01,18.48],[-76.12,17.9],[-77.74,17.84],[-78.39,18.29]]],[[[-67.12,17.96],[-67.26,18.48],[-66.16,18.54],[-65.52,18.16],[-67.12,17.96]]],[[[-69.49,19.12],[-68.58,18.99],[-68.29,18.41],[-70.72,18.35],[-71.28,17.58],[-72.1,18.22],[-74.4,18.29],[-74.24,18.74],[-72.3,18.61],[-72.79,19.51],[-73.41,19.64],[-73.23,19.96],[-70.78,19.96],[-69.12,19.19],[-69.49,19.12]]],[[[-73.3,18.86],[-73.32,18.99],[-72.79,18.93],[-72.83,18.67],[-73.3,18.86]]],[[[-86.99,20.28],[-87.02,20.47],[-86.67,20.6],[-86.99,20.28]]],[[[-75.63,21.18],[-74.07,20.15],[-77.65,19.83],[-77.19,20.66],[-78.24,20.79],[-78.66,21.56],[-82.05,22.27],[-81.74,22.66],[-84.8,21.82],[-84.0,22.79],[-82.29,23.24],[-80.57,23.17],[-79.25,22.46],[-77.64,22.14],[-77.66,21.82],[-75.63,21.18]]],[[[-82.5,21.44],[-82.95,21.44],[-83.04,21.95],[-82.66,21.95],[-82.5,21.44]]],[[[-78.23,22.59],[-78.2,22.4],[-78.42,22.4],[-78.23,22.59]]],[[[-81.21,31.59],[-81.17,29.73],[-81.61,29.92],[-81.81,31.34],[-81.21,31.59]]],[[[35.03,-24.21],[34.93,-23.82],[35.38,-23.82],[35.03,-24.21]]],[[[34.71,-20.16],[34.57,-20.29],[34.25,-19.84],[34.54,-19.58],[34.71,-20.16]]],[[[37.26,-17.39],[37.7,-17.46],[37.63,-17.59],[37.26,-17.39]]],[[[40.75,-14.69],[40.55,-15.34],[40.17,-14.95],[40.75,-14.69]]],[[[13.48,-12.31],[13.63,-12.44],[13.55,-12.83],[12.82,-13.02],[13.48,-12.31]]],[[[13.11,-9.49],[12.89,-9.23],[13.25,-8.46],[13.54,-9.1],[13.11,-9.49]]],[[[39.67,-8.01],[39.53,-8.01],[39.67,-7.69],[39.67,-8.01]]],[[[39.49,-6.14],[39.43,-6.53],[39.06,-6.21],[39.27,-5.76],[39.49,-6.14]]],[[[39.77,-4.99],[39.7,-5.44],[39.55,-5.44],[39.77,-4.99]]],[[[6.66,0.16],[6.38,0.03],[6.3,0.35],[6.66,0.16]]],[[[7.27,1.7],[7.34,1.7],[7.34,1.51],[7.27,1.7]]],[[[8.9,3.63],[8.68,3.18],[8.31,3.24],[8.54,3.76],[8.9,3.63]]],[[[-2.52,5.11],[-2.3,5.11],[-2.31,4.85],[-2.52,5.11]]],[[[-1.8,4.85],[-1.35,5.3],[-1.28,5.04],[-1.8,4.85]]],[[[-16.58,12.18],[-16.66,12.37],[-15.93,12.37],[-16.58,12.18]]],[[[74.52,15.26],[74.55,14.81],[74.24,14.62],[73.8,15.39],[74.52,15.26]]],[[[-22.65,15.97],[-22.94,15.97],[-22.88,16.23],[-22.65,15.97]]],[[[55.79,26.97],[56.32,27.03],[55.29,26.52],[55.79,26.97]]],[[[-17.9,27.61],[-18.06,27.67],[-18.0,27.87],[-17.9,27.61]]],[[[-15.73,27.74],[-15.76,28.19],[-15.3,28.12],[-15.73,27.74]]],[[[-17.35,28.19],[-17.12,28.25],[-17.03,28.06],[-17.35,28.19]]],[[[-16.91,28.38],[-16.09,28.57],[-16.36,28.06],[-16.65,27.93],[-16.91,28.38]]],[[[-13.81,28.25],[-14.32,28.06],[-14.07,28.7],[-13.77,28.77],[-13.81,28.25]]],[[[-17.71,28.89],[-17.67,28.51],[-17.99,28.64],[-17.71,28.89]]],[[[-13.65,29.22],[-13.42,29.22],[-13.47,28.89],[-13.86,28.96],[-13.65,29.22]]],[[[-8.73,32.62],[-9.05,32.81],[-8.7,33.2],[-8.45,32.94],[-8.73,32.62]]],[[[-2.98,35.26],[-2.99,35.45],[-2.84,35.45],[-2.98,35.26]]],[[[-0.53,35.71],[-0.45,35.58],[-0.91,35.52],[-0.53,35.71]]],[[[-6.0,35.39],[-5.88,35.77],[-5.25,35.64],[-6.0,35.39]]],[[[123.82,-9.49],[123.81,-9.36],[124.38,-9.16],[124.33,-9.49],[123.82,-9.49]]],[[[125.52,-8.84],[125.13,-8.59],[125.71,-8.52],[125.52,-8.84]]],[[[122.78,-8.39],[123.0,-8.39],[123.01,-8.52],[122.78,-8.39]]],[[[128.24,-3.51],[128.25,-3.7],[127.81,-3.83],[128.24,-3.51]]],[[[102.1,3.05],[102.67,2.73],[102.42,2.02],[101.71,2.41],[102.1,3.05]]],[[[79.76,6.65],[79.79,8.51],[80.07,8.39],[80.05,6.65],[80.89,6.01],[80.23,5.88],[79.76,6.65]]],[[[123.58,9.03],[123.44,9.09],[123.54,9.35],[123.58,9.03]]],[[[76.56,9.41],[76.26,9.35],[76.21,9.67],[76.56,9.41]]],[[[124.5,10.19],[124.62,9.93],[123.78,9.54],[123.74,9.86],[124.5,10.19]]],[[[122.81,10.12],[122.9,10.89],[123.56,10.96],[123.15,9.8],[123.22,9.03],[122.85,9.03],[122.36,9.99],[122.81,10.12]]],[[[123.26,9.48],[124.11,11.28],[124.0,10.25],[123.26,9.48]]],[[[79.86,10.73],[79.85,10.83],[79.87,10.83],[79.86,10.73]]],[[[123.79,11.02],[123.57,11.02],[123.67,11.28],[123.79,11.02]]],[[[121.93,11.99],[123.12,11.54],[122.62,10.38],[121.9,10.44],[121.93,11.99]]],[[[75.59,11.34],[75.81,11.41],[75.93,10.96],[75.59,11.34]]],[[[75.29,12.31],[75.41,11.92],[75.27,11.92],[75.29,12.31]]],[[[124.09,11.73],[123.17,11.99],[123.24,12.5],[123.83,12.56],[124.09,11.73]]],[[[121.9,12.37],[122.13,12.44],[122.09,12.11],[121.9,12.37]]],[[[122.69,12.24],[122.41,12.37],[122.51,12.56],[122.69,12.24]]],[[[121.99,12.5],[122.02,12.69],[122.24,12.69],[121.99,12.5]]],[[[121.44,13.34],[121.29,12.18],[120.95,12.37],[120.37,13.53],[121.44,13.34]]],[[[80.13,13.21],[80.15,13.4],[80.38,13.46],[80.41,13.08],[80.13,13.21]]],[[[122.2,13.53],[122.16,13.21],[121.86,13.21],[121.75,13.46],[122.2,13.53]]],[[[120.27,13.85],[120.31,13.66],[120.1,13.72],[120.27,13.85]]],[[[124.11,13.53],[124.12,14.11],[124.47,13.98],[124.11,13.53]]],[[[122.13,15.01],[122.07,14.62],[121.86,14.69],[122.13,15.01]]],[[[121.49,15.14],[121.84,14.11],[122.76,14.36],[123.12,13.79],[123.24,14.11],[123.87,13.91],[123.61,13.59],[124.14,13.21],[124.12,12.5],[123.45,13.01],[123.06,12.82],[123.27,13.27],[122.69,13.85],[122.74,13.21],[121.82,13.91],[121.4,13.59],[120.62,13.79],[120.97,14.62],[120.35,14.43],[120.04,14.81],[119.78,16.36],[120.4,16.1],[120.35,17.51],[120.78,18.67],[122.39,18.54],[122.22,17.64],[122.64,17.13],[121.49,15.14]]],[[[113.64,22.14],[113.42,22.14],[113.54,22.4],[113.64,22.14]]]]}},{"type":"Feature","properties":{"n":"Tsardom of Russia","f":1588,"t":1594,"w":"Q186096"},"geometry":{"type":"MultiPolygon","coordinates":[[[[46.29,43.99],[46.37,43.99],[46.31,44.06],[46.24,44.12],[46.24,44.52],[46.38,44.78],[46.31,44.84],[47.37,46.35],[46.3,47.4],[43.77,48.32],[45.28,51.18],[45.29,51.85],[46.44,52.92],[46.46,53.6],[45.98,53.73],[45.81,54.34],[44.6,54.34],[44.48,53.94],[43.21,54.34],[41.05,54.0],[40.95,53.6],[39.95,53.39],[39.08,51.45],[37.98,51.05],[36.09,50.85],[34.53,51.58],[34.16,50.45],[33.41,50.45],[32.26,51.18],[30.54,50.98],[30.58,51.85],[31.66,52.18],[31.31,53.19],[31.9,53.12],[32.15,53.53],[30.8,54.75],[31.37,55.98],[29.4,55.77],[29.04,56.8],[28.14,56.11],[27.65,56.94],[27.8,57.35],[27.39,57.56],[27.98,57.9],[27.94,58.25],[27.48,58.18],[27.73,59.16],[30.86,59.43],[30.66,59.78],[31.1,60.21],[31.82,60.14],[32.17,60.91],[31.02,61.62],[29.29,61.26],[29.91,62.55],[29.3,64.2],[30.31,65.81],[28.97,66.85],[29.51,67.97],[32.29,69.56],[36.13,69.26],[41.0,67.74],[41.39,67.15],[41.04,66.7],[38.68,66.03],[32.55,67.07],[33.0,66.55],[34.87,65.88],[34.44,65.37],[34.98,64.49],[37.39,63.91],[37.88,63.99],[37.89,64.35],[36.79,64.49],[36.36,65.0],[37.21,65.3],[38.21,64.79],[40.19,64.71],[39.54,65.37],[40.4,65.96],[41.96,66.55],[43.97,66.18],[44.37,67.0],[43.6,67.3],[44.17,68.27],[43.45,68.73],[45.88,68.57],[46.66,67.82],[44.93,67.44],[45.81,66.92],[47.37,66.92],[47.78,67.67],[53.28,69.03],[54.04,68.95],[53.87,68.42],[53.3,68.27],[58.39,69.03],[59.09,69.03],[59.4,68.88],[59.24,68.42],[59.74,68.42],[60.7,68.88],[60.09,69.72],[58.45,70.02],[58.97,70.57],[60.54,69.79],[63.93,69.72],[68.29,68.42],[64.27,64.57],[64.04,63.48],[64.56,62.19],[65.51,61.55],[69.39,60.42],[70.87,59.5],[71.53,58.6],[70.82,57.14],[69.51,56.66],[63.31,56.46],[60.98,55.98],[59.87,55.02],[59.91,54.27],[58.94,54.0],[59.05,52.52],[58.5,51.71],[52.11,52.45],[51.47,53.12],[50.49,53.26],[47.82,52.38],[46.14,49.91],[46.08,48.99],[49.95,47.53],[50.3,46.94],[47.47,45.69],[46.63,44.45],[47.32,43.86],[46.29,43.99]]],[[[46.21,43.99],[46.31,44.06],[46.29,43.99],[46.21,43.99]]],[[[46.24,44.12],[46.23,44.06],[46.15,44.06],[46.24,44.12]]],[[[35.5,65.0],[35.46,65.22],[36.13,65.22],[35.5,65.0]]],[[[48.24,69.41],[48.61,69.56],[50.32,69.33],[49.7,68.88],[48.37,68.8],[48.24,69.41]]]]}},{"type":"Feature","properties":{"n":"Sultanate of Brunei","f":1588,"t":1618,"w":"Q887803"},"geometry":{"type":"MultiPolygon","coordinates":[[[[119.27,5.36],[119.03,4.98],[118.16,4.98],[118.48,4.27],[117.68,4.27],[116.77,6.01],[116.41,6.07],[114.73,3.63],[111.62,2.54],[111.49,1.12],[109.11,1.64],[109.63,2.02],[110.92,1.51],[111.26,2.73],[112.81,3.11],[113.91,4.59],[115.31,4.98],[115.35,5.49],[115.79,5.62],[116.69,7.04],[117.75,6.46],[117.64,5.94],[119.27,5.36]]],[[[115.43,4.53],[115.51,4.53],[115.5,4.46],[115.43,4.53]]],[[[115.51,4.66],[115.59,4.66],[115.58,4.59],[115.51,4.66]]],[[[116.99,7.1],[117.01,7.36],[117.23,7.36],[116.99,7.1]]],[[[118.01,8.84],[117.09,8.32],[119.57,11.21],[119.58,10.7],[120.0,10.51],[118.77,9.86],[118.01,8.84]]]]}},{"type":"Feature","properties":{"n":"(Alliance between Papal States and Spanish Empire)","f":1588,"t":1594,"w":"Q170174"},"geometry":{"type":"MultiPolygon","coordinates":[[[[-73.65,-42.83],[-74.1,-42.76],[-74.03,-42.44],[-73.46,-42.24],[-73.65,-42.83]]],[[[-37.24,-11.09],[-38.13,-12.83],[-39.03,-13.28],[-39.28,-17.78],[-41.14,-22.15],[-41.91,-22.41],[-42.12,-22.99],[-44.74,-23.05],[-45.5,-23.89],[-46.09,-23.82],[-47.95,-24.98],[-48.82,-22.92],[-45.61,-22.86],[-43.38,-22.21],[-42.49,-21.51],[-41.44,-19.71],[-40.76,-17.01],[-40.02,-15.91],[-39.53,-11.67],[-38.38,-10.39],[-36.68,-9.94],[-36.36,-6.79],[-36.68,-5.11],[-35.3,-5.44],[-34.84,-7.49],[-35.26,-9.1],[-37.24,-11.09]]],[[[-75.27,-10.77],[-75.27,-10.84],[-75.34,-10.84],[-75.27,-10.77]]],[[[-95.77,18.8],[-94.48,18.22],[-92.5,18.74],[-91.3,18.61],[-89.98,21.31],[-86.75,21.5],[-87.7,18.29],[-87.99,18.74],[-89.17,17.77],[-90.57,17.77],[-90.6,16.55],[-90.38,16.04],[-89.54,15.84],[-85.88,15.97],[-85.69,15.07],[-84.58,14.43],[-84.94,13.72],[-84.42,11.34],[-83.58,10.96],[-82.06,8.96],[-81.03,8.84],[-79.69,9.61],[-78.96,9.61],[-77.99,9.29],[-76.83,8.19],[-76.93,8.64],[-75.66,9.48],[-75.58,10.51],[-74.96,11.15],[-74.36,10.89],[-74.17,11.34],[-73.15,11.41],[-71.84,12.44],[-71.1,12.31],[-71.28,11.79],[-71.92,11.6],[-71.65,10.83],[-69.66,11.66],[-68.46,11.34],[-68.19,10.51],[-66.37,10.7],[-65.09,10.06],[-64.03,10.7],[-61.91,10.76],[-62.84,10.38],[-62.3,9.8],[-61.95,9.99],[-60.83,9.54],[-61.15,8.58],[-64.71,8.06],[-65.12,7.55],[-65.87,7.87],[-67.01,7.16],[-67.06,6.65],[-68.73,6.46],[-71.47,7.42],[-72.05,7.29],[-74.15,4.59],[-74.35,3.89],[-75.79,2.21],[-76.81,0.41],[-77.54,-1.45],[-77.85,-4.92],[-76.97,-7.88],[-76.34,-8.39],[-75.17,-11.35],[-74.07,-12.25],[-71.88,-13.15],[-70.67,-12.76],[-68.37,-13.28],[-65.67,-14.89],[-63.8,-15.34],[-62.59,-16.36],[-63.18,-20.61],[-64.19,-23.63],[-63.65,-25.82],[-61.85,-26.65],[-59.61,-26.72],[-58.58,-25.94],[-57.67,-24.47],[-57.0,-24.47],[-58.43,-26.84],[-58.75,-29.99],[-58.27,-30.89],[-58.55,-34.49],[-60.52,-33.79],[-63.06,-34.62],[-65.97,-34.3],[-69.77,-34.88],[-70.48,-35.39],[-71.61,-39.59],[-72.91,-40.82],[-73.28,-41.85],[-74.34,-42.24],[-73.81,-41.79],[-74.13,-41.08],[-73.37,-39.46],[-73.84,-37.46],[-73.33,-37.13],[-72.42,-35.2],[-71.63,-32.69],[-71.94,-30.83],[-70.57,-25.17],[-70.53,-23.63],[-70.81,-23.5],[-70.27,-21.96],[-70.26,-19.84],[-70.44,-18.42],[-71.62,-17.33],[-75.22,-15.53],[-76.08,-14.69],[-76.46,-14.18],[-76.38,-13.41],[-77.8,-11.35],[-78.98,-8.46],[-79.98,-6.91],[-81.33,-6.14],[-81.01,-5.63],[-81.47,-4.41],[-80.05,-3.12],[-81.12,-2.29],[-81.03,-0.94],[-80.16,0.22],[-80.23,0.86],[-79.06,1.25],[-78.78,2.34],[-77.91,2.6],[-77.26,3.63],[-77.56,4.08],[-77.41,6.52],[-78.5,7.94],[-78.23,8.45],[-79.06,8.96],[-80.41,8.26],[-80.0,7.42],[-80.58,7.16],[-80.94,7.16],[-81.05,7.87],[-81.47,7.61],[-81.94,8.19],[-83.71,8.45],[-83.67,9.09],[-84.83,9.99],[-85.24,9.61],[-85.78,9.99],[-85.72,11.09],[-87.55,12.69],[-87.47,13.34],[-88.85,13.21],[-91.35,13.91],[-94.77,16.36],[-96.73,15.65],[-101.11,17.26],[-101.9,17.96],[-103.43,18.29],[-105.33,19.7],[-105.63,20.47],[-105.13,21.31],[-105.7,22.59],[-108.04,24.91],[-106.94,24.39],[-105.41,22.66],[-105.29,23.11],[-104.86,22.85],[-104.99,22.4],[-104.11,22.14],[-103.91,22.59],[-103.8,22.08],[-103.72,22.4],[-103.48,21.95],[-103.15,22.14],[-102.59,21.24],[-102.05,21.11],[-101.54,21.56],[-100.51,20.86],[-99.91,21.18],[-98.42,20.79],[-98.36,22.01],[-100.01,23.81],[-100.77,25.42],[-100.28,25.87],[-99.36,23.94],[-97.72,22.53],[-95.77,18.8]]],[[[-76.22,1.31],[-76.22,1.25],[-76.3,1.25],[-76.22,1.31]]],[[[-81.9,7.36],[-81.91,7.61],[-81.7,7.68],[-81.9,7.36]]],[[[-78.96,8.45],[-78.81,8.45],[-78.8,8.26],[-78.96,8.45]]],[[[-61.73,10.06],[-61.55,10.83],[-60.89,10.83],[-61.0,10.06],[-61.73,10.06]]],[[[-64.26,10.89],[-64.35,11.09],[-63.84,11.21],[-64.26,10.89]]],[[[-69.73,11.66],[-70.24,11.6],[-70.28,12.11],[-69.76,12.11],[-69.73,11.66]]],[[[-69.12,12.37],[-68.66,11.99],[-68.95,12.05],[-69.12,12.37]]],[[[-68.15,12.05],[-68.29,12.05],[-68.39,12.31],[-68.15,12.05]]],[[[-69.93,12.37],[-70.02,12.56],[-69.87,12.56],[-69.93,12.37]]],[[[-78.39,18.29],[-77.01,18.48],[-76.12,17.9],[-77.74,17.84],[-78.39,18.29]]],[[[-67.12,17.96],[-67.26,18.48],[-65.55,18.41],[-65.72,17.96],[-67.12,17.96]]],[[[-68.58,18.99],[-68.29,18.41],[-70.72,18.35],[-71.28,17.58],[-72.1,18.22],[-73.92,18.03],[-74.44,18.61],[-72.3,18.61],[-72.79,19.51],[-73.41,19.64],[-73.23,19.96],[-70.78,19.96],[-69.08,19.38],[-69.49,19.12],[-68.58,18.99]]],[[[-73.3,18.86],[-73.32,18.99],[-72.79,18.93],[-73.3,18.86]]],[[[-86.99,20.28],[-87.02,20.47],[-86.67,20.6],[-86.99,20.28]]],[[[-75.63,21.18],[-74.07,20.15],[-77.65,19.83],[-77.19,20.66],[-78.24,20.79],[-78.66,21.56],[-82.05,22.27],[-81.74,22.66],[-84.8,21.82],[-84.0,22.79],[-82.29,23.24],[-80.57,23.17],[-79.25,22.46],[-77.64,22.14],[-77.66,21.82],[-75.63,21.18]]],[[[-82.5,21.44],[-82.95,21.44],[-83.04,21.95],[-82.66,21.95],[-82.5,21.44]]],[[[-78.23,22.59],[-78.2,22.4],[-78.42,22.4],[-78.23,22.59]]],[[[-81.21,31.59],[-81.17,29.73],[-81.61,29.92],[-81.81,31.34],[-81.21,31.59]]],[[[-25.7,37.71],[-25.9,37.96],[-25.11,37.9],[-25.7,37.71]]],[[[-28.39,38.35],[-28.85,38.67],[-28.27,38.55],[-28.39,38.35]]],[[[-27.89,38.61],[-27.88,38.55],[-28.04,38.55],[-27.89,38.61]]],[[[-27.36,38.67],[-27.39,38.87],[-27.08,38.87],[-27.36,38.67]]],[[[-2.52,5.11],[-2.3,5.11],[-2.31,4.85],[-2.52,5.11]]],[[[-1.8,4.85],[-1.35,5.3],[-1.28,5.04],[-1.8,4.85]]],[[[-16.58,12.18],[-16.66,12.37],[-15.93,12.37],[-16.58,12.18]]],[[[-24.23,15.07],[-24.29,14.75],[-24.36,14.75],[-24.23,15.07]]],[[[-23.58,15.33],[-23.41,14.88],[-23.78,14.94],[-23.58,15.33]]],[[[-23.06,15.33],[-22.99,15.2],[-23.2,15.07],[-23.06,15.33]]],[[[-22.65,15.97],[-22.94,15.97],[-22.88,16.23],[-22.65,15.97]]],[[[-24.08,16.55],[-24.37,16.49],[-24.38,16.68],[-24.08,16.55]]],[[[-22.98,16.68],[-22.98,16.81],[-22.84,16.87],[-22.98,16.68]]],[[[-24.99,17.26],[-24.82,16.74],[-25.27,16.87],[-24.99,17.26]]],[[[-17.9,27.61],[-18.06,27.67],[-18.0,27.87],[-17.9,27.61]]],[[[-15.73,27.74],[-15.76,28.19],[-15.3,28.12],[-15.73,27.74]]],[[[-17.12,28.25],[-17.03,28.06],[-17.25,27.99],[-17.12,28.25]]],[[[-16.91,28.38],[-16.09,28.57],[-16.36,28.06],[-16.65,27.93],[-16.91,28.38]]],[[[-13.81,28.25],[-14.32,28.06],[-14.07,28.7],[-13.77,28.77],[-13.81,28.25]]],[[[-17.71,28.89],[-17.67,28.51],[-17.99,28.64],[-17.71,28.89]]],[[[-13.65,29.22],[-13.42,29.22],[-13.47,28.89],[-13.86,29.02],[-13.65,29.22]]],[[[-16.79,32.88],[-16.69,32.69],[-17.07,32.62],[-16.79,32.88]]],[[[-8.73,32.62],[-9.05,32.88],[-8.7,33.2],[-8.44,32.88],[-8.73,32.62]]],[[[-2.99,35.45],[-2.84,35.45],[-2.83,35.26],[-2.99,35.45]]],[[[-0.53,35.71],[-0.45,35.58],[-0.67,35.45],[-0.92,35.71],[-0.53,35.71]]],[[[-6.0,35.39],[-5.88,35.77],[-5.25,35.64],[-6.0,35.39]]],[[[1.65,39.13],[1.66,39.0],[1.27,38.8],[1.26,39.13],[1.65,39.13]]],[[[2.34,39.64],[2.88,39.97],[3.52,39.77],[3.3,39.32],[2.34,39.64]]],[[[1.58,42.43],[2.99,43.02],[3.18,42.37],[3.12,41.91],[0.7,40.94],[-0.2,39.97],[-0.31,39.13],[0.1,38.74],[-0.66,38.29],[-0.7,37.64],[-1.71,37.45],[-2.06,36.8],[-4.47,36.74],[-5.66,36.03],[-6.84,37.25],[-9.0,37.0],[-8.82,38.48],[-9.21,38.42],[-9.57,38.93],[-8.73,40.74],[-8.96,42.17],[-8.66,42.37],[-9.3,43.15],[-8.24,43.73],[-1.52,43.28],[1.58,42.43]]],[[[4.3,39.84],[3.74,40.1],[3.82,40.1],[4.3,39.84]]],[[[4.08,45.96],[3.99,46.28],[4.23,46.35],[4.08,45.96]]],[[[35.03,-24.21],[34.93,-23.82],[35.38,-23.82],[35.03,-24.21]]],[[[34.71,-20.16],[34.57,-20.29],[34.25,-19.84],[34.54,-19.58],[34.71,-20.16]]],[[[37.26,-17.39],[37.7,-17.46],[37.63,-17.59],[37.26,-17.39]]],[[[40.75,-14.69],[40.55,-15.34],[40.17,-14.95],[40.75,-14.69]]],[[[13.63,-12.44],[13.55,-12.83],[12.82,-13.02],[13.63,-12.44]]],[[[13.11,-9.49],[12.89,-9.23],[13.25,-8.46],[13.62,-8.71],[13.11,-9.49]]],[[[39.82,-7.88],[39.53,-8.01],[39.52,-7.81],[39.82,-7.88]]],[[[39.49,-6.14],[39.43,-6.53],[39.06,-6.21],[39.27,-5.76],[39.49,-6.14]]],[[[39.77,-4.99],[39.7,-5.44],[39.55,-5.44],[39.77,-4.99]]],[[[6.66,0.16],[6.38,0.03],[6.3,0.35],[6.66,0.16]]],[[[7.27,1.7],[7.34,1.7],[7.34,1.51],[7.27,1.7]]],[[[8.68,3.18],[8.31,3.24],[8.54,3.76],[8.83,3.82],[8.68,3.18]]],[[[75.29,12.31],[75.41,11.92],[75.27,11.92],[75.29,12.31]]],[[[74.52,15.26],[74.55,14.81],[74.24,14.62],[73.8,15.39],[74.52,15.26]]],[[[58.4,23.24],[58.29,23.62],[58.81,23.62],[59.27,22.98],[58.4,23.24]]],[[[50.43,25.94],[50.46,26.26],[50.69,26.26],[50.43,25.94]]],[[[55.79,26.97],[56.32,27.03],[55.29,26.52],[55.79,26.97]]],[[[18.36,40.29],[18.35,39.9],[17.35,40.55],[16.62,40.29],[16.45,39.64],[17.14,39.06],[15.93,37.96],[15.39,38.16],[15.05,36.74],[12.49,37.71],[12.65,38.09],[14.6,38.03],[15.86,38.29],[16.27,38.74],[15.75,40.03],[15.04,40.23],[14.89,40.68],[11.73,42.17],[12.06,42.76],[11.82,43.34],[12.23,43.6],[11.51,44.39],[10.86,44.32],[11.35,44.91],[12.16,44.71],[14.37,42.24],[16.12,41.91],[15.94,41.39],[18.36,40.29]]],[[[9.59,39.13],[8.34,39.0],[8.15,40.94],[9.5,41.2],[9.82,40.74],[9.59,39.13]]],[[[11.49,42.37],[11.57,42.37],[11.57,42.3],[11.49,42.37]]],[[[11.34,42.43],[11.18,42.5],[11.18,42.56],[11.34,42.43]]],[[[10.94,42.89],[10.62,43.02],[10.62,43.08],[10.94,42.89]]],[[[9.32,45.17],[9.4,44.45],[8.34,45.1],[8.58,45.56],[7.92,45.96],[8.32,46.41],[8.9,45.89],[9.39,46.22],[9.31,45.69],[10.45,45.04],[9.32,45.17]]],[[[5.37,46.35],[5.58,47.66],[6.89,47.93],[6.99,47.27],[5.95,46.35],[5.37,46.35]]],[[[6.07,50.45],[6.4,50.51],[6.07,50.25],[6.58,50.11],[6.36,49.25],[5.86,49.18],[6.01,49.52],[5.68,49.58],[5.35,49.32],[4.83,49.85],[5.15,50.31],[5.9,50.38],[5.62,51.25],[4.49,49.98],[2.55,50.11],[1.85,50.58],[2.07,51.11],[5.43,51.78],[5.76,51.98],[5.4,52.59],[5.65,52.92],[6.23,53.53],[6.74,53.53],[7.18,53.26],[6.68,52.65],[6.95,52.25],[5.94,51.85],[6.07,50.45]]],[[[123.82,-9.49],[123.81,-9.36],[124.38,-9.16],[124.33,-9.49],[123.82,-9.49]]],[[[125.52,-8.84],[125.13,-8.59],[125.71,-8.52],[125.52,-8.84]]],[[[122.78,-8.39],[123.0,-8.39],[123.01,-8.52],[122.78,-8.39]]],[[[128.24,-3.51],[128.25,-3.7],[127.81,-3.83],[128.24,-3.51]]],[[[102.1,3.05],[102.67,2.73],[102.42,2.02],[101.71,2.41],[102.1,3.05]]],[[[79.76,6.65],[79.79,8.51],[80.07,8.39],[80.05,6.65],[80.89,6.01],[80.23,5.88],[79.76,6.65]]],[[[123.58,9.03],[123.44,9.09],[123.54,9.35],[123.58,9.03]]],[[[76.58,9.8],[76.56,9.41],[76.26,9.35],[76.23,9.93],[76.58,9.8]]],[[[124.5,10.19],[124.59,9.67],[123.78,9.54],[123.98,10.12],[124.5,10.19]]],[[[122.81,10.12],[122.9,10.89],[123.56,10.96],[123.15,9.8],[123.22,9.03],[122.85,9.03],[122.36,9.99],[122.81,10.12]]],[[[123.26,9.48],[124.11,11.28],[124.0,10.25],[123.26,9.48]]],[[[79.85,10.82],[79.85,10.83],[79.87,10.83],[79.85,10.82]]],[[[123.79,11.02],[123.57,11.02],[123.67,11.28],[123.79,11.02]]],[[[75.59,11.34],[75.81,11.41],[75.93,10.96],[75.59,11.34]]],[[[121.93,11.99],[123.12,11.54],[122.62,10.38],[121.9,10.44],[121.93,11.99]]],[[[124.09,11.73],[123.17,11.99],[123.24,12.5],[123.83,12.56],[124.09,11.73]]],[[[121.9,12.37],[122.13,12.44],[122.09,12.11],[121.9,12.37]]],[[[122.69,12.24],[122.41,12.37],[122.51,12.56],[122.69,12.24]]],[[[122.02,12.69],[122.24,12.69],[122.22,12.56],[122.02,12.69]]],[[[121.44,13.34],[121.29,12.18],[120.95,12.37],[120.37,13.53],[121.44,13.34]]],[[[80.41,13.08],[80.13,13.21],[80.38,13.46],[80.41,13.08]]],[[[122.16,13.21],[121.74,13.4],[121.75,13.46],[122.2,13.53],[122.16,13.21]]],[[[120.27,13.85],[120.31,13.66],[120.1,13.72],[120.27,13.85]]],[[[124.11,13.53],[124.12,14.11],[124.47,13.98],[124.11,13.53]]],[[[122.13,15.01],[122.07,14.62],[121.86,14.69],[122.13,15.01]]],[[[121.49,15.14],[121.84,14.11],[122.76,14.36],[123.12,13.79],[123.24,14.11],[123.87,13.91],[123.61,13.59],[124.14,13.21],[124.12,12.5],[123.45,13.01],[123.06,12.82],[123.27,13.27],[122.69,13.85],[122.74,13.21],[121.82,13.91],[121.4,13.59],[120.62,13.79],[120.97,14.62],[120.35,14.43],[120.04,14.81],[119.78,16.36],[120.4,16.1],[120.35,17.51],[120.78,18.67],[122.39,18.54],[122.22,17.64],[122.64,17.13],[121.49,15.14]]],[[[113.64,22.14],[113.42,22.14],[113.54,22.4],[113.64,22.14]]]]}},{"type":"Feature","properties":{"n":"Electorate of Brandenburg","f":1588,"t":1611,"w":"Q148499"},"geometry":{"type":"MultiPolygon","coordinates":[[[[14.19,52.12],[14.27,51.92],[13.93,52.05],[14.19,52.12]]],[[[15.65,52.32],[14.78,51.92],[13.94,52.32],[12.4,52.18],[12.33,52.79],[11.13,52.38],[10.79,52.99],[11.39,53.06],[11.13,53.33],[11.74,53.6],[13.2,53.33],[13.72,53.73],[14.65,53.06],[16.05,53.66],[15.98,54.07],[16.41,54.0],[16.1,52.86],[15.49,52.65],[15.65,52.32]]]]}},{"type":"Feature","properties":{"n":"Electorate of Saxony","f":1588,"t":1618,"w":"Q156199"},"geometry":{"type":"MultiPolygon","coordinates":[[[[12.21,50.78],[11.79,50.85],[12.55,50.91],[12.47,51.18],[10.1,51.25],[12.05,51.38],[12.4,52.18],[14.26,51.71],[14.15,50.85],[12.29,50.25],[11.96,50.58],[12.21,50.78]],[[13.59,51.85],[13.25,51.85],[13.24,51.71],[13.59,51.85]],[[12.8,50.65],[12.81,50.98],[12.55,50.85],[12.8,50.65]]],[[[11.46,51.65],[10.87,51.45],[10.87,51.65],[11.46,51.65]]]]}},{"type":"Feature","properties":{"n":"Mughal Empire","f":1588,"t":1594,"w":"Q33296"},"geometry":{"type":"Polygon","coordinates":[[[73.8,36.87],[75.31,37.0],[75.96,36.55],[76.09,35.9],[78.87,34.49],[78.56,32.04],[79.45,31.01],[81.01,30.18],[80.35,29.6],[80.17,28.7],[83.08,27.42],[84.43,27.42],[85.27,26.71],[90.39,26.0],[90.86,22.01],[88.73,21.63],[88.64,22.08],[88.35,21.56],[88.1,21.95],[86.97,21.24],[85.52,20.99],[85.41,21.82],[86.12,23.69],[81.84,24.01],[81.05,23.75],[80.66,21.89],[78.6,21.44],[76.69,21.63],[75.88,20.99],[72.84,20.41],[72.38,22.27],[72.18,21.18],[71.32,20.73],[70.3,20.86],[68.95,22.21],[70.37,22.91],[69.45,22.72],[68.13,23.56],[68.72,24.2],[70.07,24.2],[69.74,25.16],[70.26,26.26],[69.86,27.09],[70.22,27.93],[69.9,28.25],[70.39,28.96],[70.84,31.66],[70.76,31.98],[68.33,31.66],[67.15,30.31],[67.04,29.67],[65.93,30.24],[66.33,36.22],[68.62,36.1],[68.88,36.8],[68.51,37.19],[70.08,37.51],[70.71,38.42],[71.18,38.42],[71.57,37.84],[71.58,36.74],[73.78,37.38],[73.8,36.87]]]}},{"type":"Feature","properties":{"n":"First Toungoo Empire","f":1588,"t":1594,"w":"Q23039102"},"geometry":{"type":"Polygon","coordinates":[[[99.58,18.29],[98.64,18.41],[97.84,17.96],[98.93,16.36],[98.26,15.2],[98.54,14.49],[98.18,13.91],[97.62,16.49],[97.0,17.32],[96.83,16.61],[95.61,15.71],[94.24,15.97],[95.16,18.35],[94.45,20.6],[92.99,21.82],[93.4,24.01],[94.21,23.94],[95.16,26.58],[96.21,27.29],[97.16,27.16],[97.0,27.74],[97.48,28.51],[98.79,27.35],[99.21,24.71],[100.24,23.81],[101.22,21.69],[100.15,20.54],[100.6,20.09],[100.57,18.93],[99.58,18.29]]]}},{"type":"Feature","properties":{"n":"Sur Empire","f":1588,"t":1594,"w":"Q373650"},"geometry":{"type":"Polygon","coordinates":[[[85.37,19.83],[84.39,18.48],[83.98,18.74],[85.25,21.18],[86.89,21.24],[87.03,20.6],[86.11,19.76],[85.37,19.83]]]}},{"type":"Feature","properties":{"n":"Habsburg Monarchy","f":1588,"t":1594,"w":"Q66504140"},"geometry":{"type":"MultiPolygon","coordinates":[[[[6.98,47.53],[6.89,47.93],[7.47,48.06],[7.56,47.6],[6.98,47.53]]],[[[8.21,48.26],[8.06,47.33],[7.56,47.53],[7.89,47.73],[7.63,48.26],[8.21,48.26]]],[[[9.29,47.8],[8.88,47.73],[8.96,47.99],[9.29,47.8]]],[[[8.71,47.93],[8.79,47.86],[8.63,47.86],[8.71,47.93]]],[[[8.38,48.13],[8.46,47.99],[8.21,47.99],[8.38,48.13]]],[[[8.95,48.32],[9.04,48.19],[8.87,48.19],[8.95,48.32]]],[[[8.54,48.19],[8.54,48.39],[8.79,48.26],[8.54,48.19]]],[[[8.37,48.39],[8.46,48.32],[8.21,48.26],[8.37,48.39]]],[[[8.45,48.46],[8.29,48.52],[8.37,48.59],[8.45,48.46]]],[[[8.7,48.65],[8.7,48.52],[8.54,48.52],[8.7,48.65]]],[[[9.45,47.99],[9.54,47.99],[9.54,47.86],[9.45,47.99]]],[[[10.53,48.26],[10.53,48.19],[10.36,47.99],[10.2,48.26],[10.53,48.26]]],[[[17.32,51.71],[17.55,51.25],[19.03,50.58],[19.24,49.85],[18.88,49.45],[21.8,49.38],[22.44,49.05],[22.52,47.93],[20.83,47.33],[20.13,47.99],[18.21,47.73],[18.17,46.87],[16.92,46.35],[17.55,45.82],[16.8,45.43],[16.29,44.84],[16.52,44.32],[16.19,44.25],[15.88,44.71],[14.91,44.58],[14.6,45.37],[14.2,45.37],[14.19,45.04],[13.79,45.24],[14.12,45.5],[13.31,45.82],[13.56,46.55],[11.11,46.41],[9.54,47.2],[9.62,47.53],[12.51,47.66],[12.18,47.07],[13.65,47.01],[13.18,48.06],[14.1,48.65],[12.53,49.52],[12.12,50.25],[14.33,50.98],[14.26,51.71],[13.43,52.18],[13.94,52.32],[14.78,51.92],[15.65,52.32],[16.72,51.58],[17.32,51.71]],[[20.29,49.25],[20.28,49.12],[20.45,49.18],[20.29,49.25]],[[14.27,51.92],[14.19,52.12],[13.93,52.05],[14.27,51.92]]],[[[9.45,48.19],[9.45,48.46],[9.95,48.46],[9.45,48.19]]],[[[9.37,48.26],[9.2,48.26],[9.2,48.39],[9.37,48.26]]],[[[10.2,48.46],[10.28,48.32],[10.11,48.32],[10.2,48.46]]],[[[13.67,51.65],[13.24,51.71],[13.25,51.85],[13.67,51.65]]]]}},{"type":"Feature","properties":{"n":"Gorkha Kingdom","f":1588,"t":1717,"w":"Q3332217"},"geometry":{"type":"Polygon","coordinates":[[[88.15,26.45],[86.65,26.45],[85.27,26.71],[84.43,27.42],[81.88,27.87],[80.17,28.7],[80.17,29.09],[80.66,29.99],[82.04,30.37],[85.35,28.25],[88.12,27.8],[88.15,26.45]],[[85.36,27.93],[85.24,27.67],[85.45,27.61],[85.36,27.93]]]}},{"type":"Feature","properties":{"n":"Khmer Empire","f":1588,"t":1652,"w":"Q201705"},"geometry":{"type":"MultiPolygon","coordinates":[[[[104.12,10.44],[104.09,10.06],[103.81,10.25],[104.12,10.44]]],[[[108.81,11.21],[107.34,10.38],[107.0,10.7],[106.6,9.54],[104.76,8.51],[105.03,9.99],[104.42,10.44],[103.55,10.51],[103.6,11.09],[103.06,10.83],[102.39,13.53],[103.61,14.49],[106.03,13.91],[106.17,14.43],[107.51,14.56],[107.57,12.63],[108.1,12.18],[108.7,12.31],[108.81,11.21]]]]}},{"type":"Feature","properties":{"n":"Ottoman Empire","f":1588,"t":1594,"w":"Q12560"},"geometry":{"type":"MultiPolygon","coordinates":[[[[22.48,46.28],[21.52,45.37],[22.55,44.97],[22.5,44.32],[22.95,43.8],[25.43,43.6],[27.83,44.19],[27.86,45.3],[28.89,46.48],[31.92,47.14],[31.94,46.68],[30.88,46.68],[29.61,45.69],[29.53,44.91],[28.8,44.97],[28.48,43.47],[27.51,42.63],[27.98,41.65],[28.96,41.13],[31.18,41.07],[32.63,41.91],[35.12,42.04],[36.21,41.26],[40.37,40.94],[41.57,41.46],[41.82,41.98],[41.33,42.89],[39.99,43.47],[40.74,43.6],[42.92,43.21],[43.78,42.69],[45.16,42.76],[47.5,41.26],[47.99,41.33],[48.28,41.98],[49.51,40.61],[50.19,40.48],[49.4,40.1],[48.76,38.35],[49.09,37.51],[50.55,37.0],[49.5,36.29],[49.07,35.07],[48.99,30.05],[47.85,29.41],[48.87,27.67],[50.13,26.77],[50.07,26.07],[50.65,25.1],[51.12,26.13],[51.7,25.87],[51.41,24.33],[51.75,23.88],[50.48,24.78],[49.67,25.87],[49.88,26.45],[48.55,27.48],[47.89,29.09],[46.59,29.6],[43.15,32.81],[41.37,33.91],[40.23,34.04],[38.91,33.26],[37.21,30.63],[37.68,28.96],[41.41,23.11],[46.63,16.16],[47.06,14.69],[46.18,13.4],[45.05,12.76],[43.44,12.69],[42.75,15.14],[42.82,16.61],[41.24,18.61],[40.85,19.7],[39.35,20.79],[38.6,23.62],[37.44,24.33],[37.27,25.23],[35.41,27.87],[34.59,28.06],[34.91,29.41],[34.12,27.74],[32.44,29.79],[35.15,24.65],[35.86,24.01],[35.55,23.69],[35.81,22.91],[31.23,22.01],[31.32,22.4],[30.01,23.11],[28.57,24.65],[28.15,27.35],[25.37,29.28],[22.77,30.37],[20.95,30.56],[18.73,29.99],[15.18,30.89],[14.28,31.91],[11.77,32.3],[9.63,33.14],[8.93,34.16],[7.61,34.55],[2.92,34.36],[2.45,34.61],[1.75,34.74],[-0.47,34.36],[-1.58,33.46],[-1.72,34.68],[-2.12,35.07],[-1.36,35.26],[-1.22,35.64],[-0.67,35.45],[0.68,36.42],[4.47,36.93],[5.56,36.67],[6.33,37.06],[8.52,36.87],[9.6,37.32],[10.23,37.25],[10.23,36.8],[11.01,37.0],[10.46,35.9],[11.08,35.58],[11.08,35.0],[10.0,34.29],[10.24,33.71],[12.23,32.81],[13.3,32.94],[15.06,32.43],[15.65,31.4],[17.85,30.95],[18.97,30.24],[20.2,30.89],[20.02,32.24],[21.88,32.94],[23.09,32.62],[23.3,32.17],[24.89,31.98],[25.25,31.46],[26.85,31.46],[28.87,30.82],[30.97,31.66],[31.88,31.46],[32.0,31.08],[34.3,31.27],[35.64,34.36],[36.05,34.55],[35.84,36.29],[36.14,36.93],[35.49,36.61],[34.58,36.87],[33.98,36.29],[32.71,36.03],[31.09,36.93],[29.94,36.22],[29.24,36.22],[29.12,36.74],[28.59,36.87],[28.03,36.67],[28.07,37.13],[27.22,37.32],[27.28,38.03],[26.43,38.22],[26.38,38.67],[27.06,38.35],[26.85,39.58],[26.13,39.51],[26.6,40.48],[29.05,40.36],[28.91,40.61],[29.48,40.74],[28.17,41.13],[26.92,40.48],[25.38,41.0],[23.7,40.81],[23.74,40.23],[22.65,40.61],[22.61,39.9],[23.14,39.45],[22.8,39.06],[23.49,38.87],[22.94,38.74],[24.03,38.67],[24.16,38.22],[23.98,37.84],[23.04,37.9],[23.4,37.32],[22.71,37.58],[23.06,36.67],[22.36,36.67],[22.22,37.06],[21.74,36.87],[21.7,37.51],[21.24,37.84],[21.74,38.35],[20.74,38.8],[20.91,39.06],[19.25,40.61],[19.54,41.78],[18.71,42.82],[17.52,43.02],[16.82,43.73],[15.23,44.32],[15.88,44.71],[16.52,44.32],[16.29,44.84],[17.55,45.82],[16.92,46.35],[18.17,46.87],[17.94,47.33],[18.89,48.06],[20.69,47.8],[20.9,47.14],[22.48,46.28]]],[[[2.53,34.42],[2.53,34.49],[2.61,34.49],[2.53,34.42]]],[[[25.57,37.13],[25.56,37.0],[25.33,37.0],[25.57,37.13]]],[[[24.36,37.71],[24.43,37.58],[24.27,37.51],[24.36,37.71]]],[[[26.31,37.71],[26.3,37.58],[25.99,37.51],[26.31,37.71]]],[[[24.77,38.03],[25.07,37.77],[24.83,37.71],[24.77,38.03]]],[[[25.82,38.48],[25.99,38.67],[26.22,38.55],[25.88,38.16],[25.82,38.48]]],[[[23.56,38.74],[23.48,38.74],[23.49,38.8],[23.56,38.74]]],[[[24.67,38.93],[24.66,38.74],[24.36,38.87],[24.67,38.93]]],[[[25.79,39.19],[26.04,39.38],[26.64,39.0],[25.79,39.19]]],[[[20.15,39.58],[20.07,39.58],[20.07,39.64],[20.15,39.58]]],[[[25.46,40.03],[25.45,39.84],[24.97,39.84],[25.46,40.03]]],[[[26.04,40.29],[26.02,40.16],[25.7,40.1],[26.04,40.29]]],[[[24.49,40.81],[24.81,40.81],[24.79,40.61],[24.49,40.81]]],[[[43.17,11.54],[44.08,10.57],[45.11,10.51],[44.87,10.06],[43.71,10.25],[43.17,11.54]]],[[[39.3,15.39],[39.26,16.04],[39.41,16.04],[39.74,15.26],[39.3,15.39]]],[[[37.7,18.8],[37.54,18.61],[37.1,18.74],[37.34,19.12],[37.7,18.8]]],[[[44.25,19.57],[44.25,19.64],[44.33,19.64],[44.25,19.57]]],[[[44.18,19.64],[44.18,19.7],[44.26,19.7],[44.18,19.64]]],[[[40.06,25.49],[40.06,25.55],[40.14,25.55],[40.06,25.49]]],[[[34.09,35.0],[33.04,34.55],[32.23,34.94],[34.54,35.71],[34.09,35.0]]],[[[28.02,36.48],[28.25,36.48],[28.14,36.03],[27.74,35.9],[28.02,36.48]]],[[[27.19,36.8],[26.87,36.67],[27.04,36.93],[27.19,36.8]]],[[[34.03,44.65],[34.57,44.97],[35.4,45.1],[33.93,44.45],[33.47,44.65],[34.03,44.65]]],[[[36.42,45.43],[36.38,45.17],[36.23,45.24],[36.42,45.43]]],[[[39.48,47.07],[39.22,47.01],[39.13,47.4],[39.48,47.07]]]]}},{"type":"Feature","properties":{"n":"(Spanish Empire)","f":1588,"t":1594,"w":"Q80702"},"geometry":{"type":"MultiPolygon","coordinates":[[[[-73.65,-42.83],[-74.1,-42.76],[-74.03,-42.44],[-73.46,-42.24],[-73.65,-42.83]]],[[[-37.24,-11.09],[-38.13,-12.83],[-39.03,-13.28],[-39.28,-17.78],[-41.14,-22.15],[-41.91,-22.41],[-42.12,-22.99],[-44.74,-23.05],[-45.5,-23.89],[-46.09,-23.82],[-47.95,-24.98],[-48.82,-22.92],[-45.61,-22.86],[-43.38,-22.21],[-42.49,-21.51],[-41.44,-19.71],[-40.76,-17.01],[-40.02,-15.91],[-39.53,-11.67],[-38.38,-10.39],[-36.68,-9.94],[-36.36,-6.79],[-36.68,-5.11],[-35.3,-5.44],[-34.84,-7.49],[-35.26,-9.1],[-37.24,-11.09]]],[[[-75.27,-10.77],[-75.27,-10.84],[-75.34,-10.84],[-75.27,-10.77]]],[[[-95.77,18.8],[-94.48,18.22],[-92.5,18.74],[-91.3,18.61],[-89.98,21.31],[-86.75,21.5],[-87.7,18.29],[-87.99,18.74],[-89.17,17.77],[-90.57,17.77],[-90.6,16.55],[-90.38,16.04],[-89.54,15.84],[-85.88,15.97],[-85.69,15.07],[-84.58,14.43],[-84.94,13.72],[-84.42,11.34],[-83.58,10.96],[-82.06,8.96],[-81.03,8.84],[-79.69,9.61],[-78.96,9.61],[-77.99,9.29],[-76.83,8.19],[-76.93,8.64],[-75.66,9.48],[-75.58,10.51],[-74.96,11.15],[-74.36,10.89],[-74.17,11.34],[-73.15,11.41],[-71.84,12.44],[-71.1,12.31],[-71.28,11.79],[-71.92,11.6],[-71.65,10.83],[-69.66,11.66],[-68.46,11.34],[-68.19,10.51],[-66.37,10.7],[-65.09,10.06],[-64.03,10.7],[-61.91,10.76],[-62.84,10.38],[-62.3,9.8],[-61.95,9.99],[-60.83,9.54],[-61.15,8.58],[-64.71,8.06],[-65.12,7.55],[-65.87,7.87],[-67.01,7.16],[-67.06,6.65],[-68.73,6.46],[-71.47,7.42],[-72.05,7.29],[-74.15,4.59],[-74.35,3.89],[-75.79,2.21],[-76.81,0.41],[-77.54,-1.45],[-77.85,-4.92],[-76.97,-7.88],[-76.34,-8.39],[-75.17,-11.35],[-74.07,-12.25],[-71.88,-13.15],[-70.67,-12.76],[-68.37,-13.28],[-65.67,-14.89],[-63.8,-15.34],[-62.59,-16.36],[-63.18,-20.61],[-64.19,-23.63],[-63.65,-25.82],[-61.85,-26.65],[-59.61,-26.72],[-58.58,-25.94],[-57.67,-24.47],[-57.0,-24.47],[-58.43,-26.84],[-58.75,-29.99],[-58.27,-30.89],[-58.55,-34.49],[-60.52,-33.79],[-63.06,-34.62],[-65.97,-34.3],[-69.77,-34.88],[-70.48,-35.39],[-71.61,-39.59],[-72.91,-40.82],[-73.28,-41.85],[-74.34,-42.24],[-73.81,-41.79],[-74.13,-41.08],[-73.37,-39.46],[-73.84,-37.46],[-73.33,-37.13],[-72.42,-35.2],[-71.63,-32.69],[-71.94,-30.83],[-70.57,-25.17],[-70.53,-23.63],[-70.81,-23.5],[-70.27,-21.96],[-70.26,-19.84],[-70.44,-18.42],[-71.62,-17.33],[-75.22,-15.53],[-76.08,-14.69],[-76.46,-14.18],[-76.38,-13.41],[-77.8,-11.35],[-78.98,-8.46],[-79.98,-6.91],[-81.33,-6.14],[-81.01,-5.63],[-81.47,-4.41],[-80.05,-3.12],[-81.12,-2.29],[-81.03,-0.94],[-80.16,0.22],[-80.23,0.86],[-79.06,1.25],[-78.78,2.34],[-77.91,2.6],[-77.26,3.63],[-77.56,4.08],[-77.41,6.52],[-78.5,7.94],[-78.23,8.45],[-79.06,8.96],[-80.41,8.26],[-80.0,7.42],[-80.58,7.16],[-80.94,7.16],[-81.05,7.87],[-81.47,7.61],[-81.94,8.19],[-83.71,8.45],[-83.67,9.09],[-84.83,9.99],[-85.24,9.61],[-85.78,9.99],[-85.72,11.09],[-87.55,12.69],[-87.47,13.34],[-88.85,13.21],[-91.35,13.91],[-94.77,16.36],[-96.73,15.65],[-101.11,17.26],[-101.9,17.96],[-103.43,18.29],[-105.33,19.7],[-105.63,20.47],[-105.13,21.31],[-105.7,22.59],[-108.04,24.91],[-106.94,24.39],[-105.41,22.66],[-105.29,23.11],[-104.86,22.85],[-104.99,22.4],[-104.11,22.14],[-103.91,22.59],[-103.8,22.08],[-103.72,22.4],[-103.48,21.95],[-103.15,22.14],[-102.59,21.24],[-102.05,21.11],[-101.54,21.56],[-100.51,20.86],[-99.91,21.18],[-98.42,20.79],[-98.36,22.01],[-100.01,23.81],[-100.77,25.42],[-100.28,25.87],[-99.36,23.94],[-97.72,22.53],[-95.77,18.8]]],[[[-76.22,1.31],[-76.22,1.25],[-76.3,1.25],[-76.22,1.31]]],[[[-81.9,7.36],[-81.91,7.61],[-81.7,7.68],[-81.9,7.36]]],[[[-78.96,8.45],[-78.81,8.45],[-78.8,8.26],[-78.96,8.45]]],[[[-61.73,10.06],[-61.55,10.83],[-60.89,10.83],[-61.0,10.06],[-61.73,10.06]]],[[[-64.26,10.89],[-64.35,11.09],[-63.84,11.21],[-64.26,10.89]]],[[[-69.73,11.66],[-70.24,11.6],[-70.28,12.11],[-69.76,12.11],[-69.73,11.66]]],[[[-69.12,12.37],[-68.66,11.99],[-68.95,12.05],[-69.12,12.37]]],[[[-68.15,12.05],[-68.29,12.05],[-68.39,12.31],[-68.15,12.05]]],[[[-69.93,12.37],[-70.02,12.56],[-69.87,12.56],[-69.93,12.37]]],[[[-78.39,18.29],[-77.01,18.48],[-76.12,17.9],[-77.74,17.84],[-78.39,18.29]]],[[[-67.12,17.96],[-67.26,18.48],[-65.55,18.41],[-65.72,17.96],[-67.12,17.96]]],[[[-69.49,19.12],[-68.58,18.99],[-68.29,18.41],[-70.72,18.35],[-71.28,17.58],[-72.1,18.22],[-74.4,18.29],[-74.24,18.74],[-72.3,18.61],[-72.79,19.51],[-73.41,19.64],[-73.23,19.96],[-70.78,19.96],[-69.12,19.19],[-69.49,19.12]]],[[[-73.3,18.86],[-73.32,18.99],[-72.79,18.93],[-73.3,18.86]]],[[[-86.99,20.28],[-87.02,20.47],[-86.67,20.6],[-86.99,20.28]]],[[[-74.07,20.15],[-77.65,19.83],[-77.19,20.66],[-78.24,20.79],[-78.66,21.56],[-82.05,22.27],[-81.74,22.66],[-84.8,21.82],[-84.0,22.79],[-82.29,23.24],[-80.57,23.17],[-74.07,20.15]]],[[[-82.5,21.44],[-82.95,21.44],[-83.04,21.95],[-82.49,21.82],[-82.5,21.44]]],[[[-78.23,22.59],[-78.2,22.4],[-78.42,22.4],[-78.23,22.59]]],[[[-81.21,31.59],[-81.17,29.73],[-81.61,29.92],[-81.81,31.34],[-81.21,31.59]]],[[[-25.7,37.71],[-25.9,37.96],[-25.11,37.9],[-25.7,37.71]]],[[[-28.39,38.35],[-28.85,38.67],[-28.27,38.55],[-28.39,38.35]]],[[[-27.89,38.61],[-27.88,38.55],[-28.04,38.55],[-27.89,38.61]]],[[[-27.36,38.67],[-27.39,38.87],[-27.08,38.87],[-27.36,38.67]]],[[[-2.52,5.11],[-2.3,5.11],[-2.31,4.85],[-2.52,5.11]]],[[[-1.8,4.85],[-1.35,5.3],[-1.28,5.04],[-1.8,4.85]]],[[[-16.58,12.18],[-16.66,12.37],[-15.93,12.37],[-16.58,12.18]]],[[[-24.29,14.75],[-24.36,14.75],[-24.45,15.07],[-24.29,14.75]]],[[[-23.58,15.33],[-23.41,14.88],[-23.78,14.94],[-23.58,15.33]]],[[[-23.28,15.26],[-23.06,15.33],[-22.99,15.2],[-23.28,15.26]]],[[[-22.94,15.97],[-22.88,16.23],[-22.58,16.16],[-22.94,15.97]]],[[[-24.08,16.55],[-24.37,16.49],[-24.38,16.68],[-24.08,16.55]]],[[[-22.98,16.68],[-22.98,16.81],[-22.84,16.87],[-22.98,16.68]]],[[[-24.99,17.26],[-24.82,16.74],[-25.27,16.87],[-24.99,17.26]]],[[[-17.9,27.61],[-18.06,27.67],[-18.0,27.87],[-17.9,27.61]]],[[[-15.73,27.74],[-15.76,28.19],[-15.3,28.12],[-15.73,27.74]]],[[[-17.35,28.19],[-17.12,28.25],[-17.03,28.06],[-17.35,28.19]]],[[[-16.4,28.57],[-16.09,28.57],[-16.65,27.93],[-16.91,28.38],[-16.4,28.57]]],[[[-13.81,28.25],[-14.32,28.06],[-14.07,28.7],[-13.77,28.77],[-13.81,28.25]]],[[[-17.71,28.89],[-17.67,28.51],[-17.9,28.51],[-17.71,28.89]]],[[[-13.65,29.22],[-13.42,29.22],[-13.47,28.89],[-13.86,29.02],[-13.65,29.22]]],[[[-16.79,32.88],[-16.69,32.69],[-17.07,32.62],[-16.79,32.88]]],[[[-8.73,32.62],[-9.05,32.81],[-8.7,33.2],[-8.45,32.94],[-8.73,32.62]]],[[[-2.99,35.45],[-2.84,35.45],[-2.83,35.26],[-2.99,35.45]]],[[[-0.53,35.71],[-0.45,35.58],[-0.91,35.52],[-0.53,35.71]]],[[[-6.0,35.39],[-5.88,35.77],[-5.25,35.64],[-6.0,35.39]]],[[[1.65,39.13],[1.66,39.0],[1.27,38.8],[1.26,39.13],[1.65,39.13]]],[[[2.34,39.64],[2.88,39.97],[3.52,39.77],[3.3,39.32],[2.34,39.64]]],[[[1.58,42.43],[2.99,43.02],[3.18,42.37],[3.12,41.91],[0.7,40.94],[-0.2,39.97],[-0.31,39.13],[0.1,38.74],[-0.66,38.29],[-0.7,37.64],[-1.71,37.45],[-2.06,36.8],[-4.47,36.74],[-5.66,36.03],[-6.84,37.25],[-9.0,37.0],[-8.82,38.48],[-9.21,38.42],[-9.57,38.93],[-8.73,40.74],[-8.96,42.17],[-8.66,42.37],[-9.3,43.15],[-8.24,43.73],[-1.52,43.28],[1.58,42.43]]],[[[4.22,40.1],[4.3,39.84],[3.83,39.9],[4.22,40.1]]],[[[4.08,45.96],[3.99,46.28],[4.23,46.35],[4.08,45.96]]],[[[35.03,-24.21],[34.93,-23.82],[35.38,-23.82],[35.03,-24.21]]],[[[34.71,-20.16],[34.57,-20.29],[34.25,-19.84],[34.54,-19.58],[34.71,-20.16]]],[[[37.26,-17.39],[37.7,-17.46],[37.63,-17.59],[37.26,-17.39]]],[[[40.75,-14.69],[40.55,-15.34],[40.17,-14.95],[40.75,-14.69]]],[[[13.48,-12.31],[13.63,-12.44],[13.55,-12.83],[12.82,-13.02],[13.48,-12.31]]],[[[13.11,-9.49],[12.89,-9.23],[13.25,-8.46],[13.62,-8.71],[13.11,-9.49]]],[[[39.67,-8.01],[39.53,-8.01],[39.67,-7.69],[39.67,-8.01]]],[[[39.49,-6.14],[39.43,-6.53],[39.06,-6.21],[39.27,-5.76],[39.49,-6.14]]],[[[39.77,-4.99],[39.7,-5.44],[39.55,-5.44],[39.77,-4.99]]],[[[6.66,0.16],[6.38,0.03],[6.3,0.35],[6.66,0.16]]],[[[7.27,1.7],[7.34,1.7],[7.34,1.51],[7.27,1.7]]],[[[8.9,3.63],[8.68,3.18],[8.31,3.24],[8.54,3.76],[8.9,3.63]]],[[[76.58,9.8],[76.56,9.41],[76.26,9.35],[76.23,9.93],[76.58,9.8]]],[[[79.85,10.82],[79.85,10.83],[79.87,10.83],[79.85,10.82]]],[[[75.59,11.34],[75.81,11.41],[75.93,10.96],[75.59,11.34]]],[[[75.29,12.31],[75.41,11.92],[75.27,11.92],[75.29,12.31]]],[[[74.52,15.26],[74.55,14.81],[74.24,14.62],[73.8,15.46],[74.52,15.26]]],[[[58.4,23.24],[58.29,23.62],[58.81,23.62],[59.05,22.91],[58.4,23.24]]],[[[50.43,25.94],[50.46,26.26],[50.69,26.26],[50.43,25.94]]],[[[55.79,26.97],[56.32,27.03],[55.29,26.52],[55.79,26.97]]],[[[18.36,40.29],[18.35,39.9],[17.35,40.55],[16.62,40.29],[16.45,39.64],[17.14,39.06],[15.93,37.96],[15.39,38.16],[15.05,36.74],[12.49,37.71],[12.65,38.09],[14.6,38.03],[15.86,38.29],[16.27,38.74],[15.75,40.03],[13.79,41.13],[13.8,41.85],[13.01,42.04],[13.1,42.69],[13.99,42.95],[14.37,42.24],[16.12,41.91],[15.94,41.39],[18.36,40.29]]],[[[9.59,39.13],[8.34,39.0],[8.15,40.94],[9.5,41.2],[9.82,40.74],[9.59,39.13]]],[[[11.18,42.5],[11.18,42.56],[11.34,42.63],[11.18,42.5]]],[[[10.94,42.89],[10.62,43.02],[10.62,43.08],[10.94,42.89]]],[[[9.32,45.17],[9.4,44.45],[8.34,45.1],[8.58,45.56],[7.92,45.96],[8.32,46.41],[8.9,45.89],[9.39,46.22],[9.31,45.69],[10.45,45.17],[9.32,45.17]]],[[[5.37,46.35],[5.58,47.66],[6.89,47.93],[6.99,47.27],[5.95,46.35],[5.37,46.35]]],[[[6.07,50.45],[6.4,50.51],[6.07,50.25],[6.58,50.11],[6.36,49.25],[5.86,49.18],[6.01,49.52],[5.68,49.58],[5.35,49.32],[4.83,49.85],[5.15,50.31],[5.9,50.38],[5.62,51.25],[4.49,49.98],[2.55,50.11],[1.85,50.58],[2.07,51.11],[5.43,51.78],[5.76,51.98],[5.4,52.59],[5.65,52.92],[6.23,53.53],[6.74,53.53],[7.18,53.26],[6.68,52.65],[6.95,52.25],[5.94,51.85],[6.07,50.45]]],[[[123.82,-9.49],[123.81,-9.36],[124.38,-9.16],[124.33,-9.49],[123.82,-9.49]]],[[[125.52,-8.84],[125.13,-8.59],[125.71,-8.52],[125.52,-8.84]]],[[[122.78,-8.39],[123.0,-8.39],[123.01,-8.52],[122.78,-8.39]]],[[[128.24,-3.51],[128.25,-3.7],[127.81,-3.83],[128.24,-3.51]]],[[[102.1,3.05],[102.67,2.73],[102.42,2.02],[101.71,2.41],[102.1,3.05]]],[[[79.76,6.65],[79.79,8.51],[80.07,8.39],[80.05,6.65],[80.89,6.01],[80.23,5.88],[79.76,6.65]]],[[[123.58,9.03],[123.44,9.09],[123.54,9.35],[123.58,9.03]]],[[[124.5,10.19],[124.59,9.67],[123.78,9.54],[123.98,10.12],[124.5,10.19]]],[[[122.81,10.12],[122.9,10.89],[123.56,10.96],[123.15,9.8],[123.22,9.03],[122.85,9.03],[122.36,9.99],[122.81,10.12]]],[[[123.26,9.48],[124.11,11.28],[124.0,10.25],[123.26,9.48]]],[[[123.82,11.28],[123.79,11.02],[123.57,11.02],[123.82,11.28]]],[[[121.93,11.99],[123.12,11.54],[122.62,10.38],[121.9,10.44],[121.93,11.99]]],[[[124.09,11.73],[123.17,11.99],[123.24,12.5],[123.83,12.56],[124.09,11.73]]],[[[121.9,12.37],[122.13,12.44],[122.09,12.11],[121.9,12.37]]],[[[122.69,12.24],[122.41,12.37],[122.51,12.56],[122.69,12.24]]],[[[122.02,12.69],[122.24,12.69],[122.22,12.56],[122.02,12.69]]],[[[121.44,13.34],[121.29,12.18],[120.95,12.37],[120.37,13.53],[121.44,13.34]]],[[[80.41,13.08],[80.13,13.21],[80.38,13.46],[80.41,13.08]]],[[[122.16,13.21],[121.74,13.4],[121.75,13.46],[122.2,13.53],[122.16,13.21]]],[[[120.27,13.85],[120.31,13.66],[120.1,13.72],[120.27,13.85]]],[[[124.11,13.53],[124.12,14.11],[124.47,13.98],[124.11,13.53]]],[[[122.13,15.01],[122.07,14.62],[121.86,14.69],[122.13,15.01]]],[[[121.49,15.14],[121.84,14.11],[122.76,14.36],[123.12,13.79],[123.24,14.11],[123.87,13.91],[123.61,13.59],[124.14,13.21],[124.12,12.5],[123.45,13.01],[123.06,12.82],[123.27,13.27],[122.69,13.85],[122.74,13.21],[121.82,13.91],[121.4,13.59],[120.62,13.79],[120.97,14.62],[120.35,14.43],[120.04,14.81],[119.78,16.36],[120.4,16.1],[120.35,17.51],[120.78,18.67],[122.39,18.54],[122.22,17.64],[122.64,17.13],[121.49,15.14]]],[[[113.64,22.14],[113.42,22.14],[113.54,22.4],[113.64,22.14]]]]}},{"type":"Feature","properties":{"n":"(Habsburg Monarchy)","f":1588,"t":1594,"w":"Q66504140"},"geometry":{"type":"MultiPolygon","coordinates":[[[[6.98,47.53],[6.89,47.93],[7.47,48.06],[7.56,47.6],[6.98,47.53]]],[[[8.21,48.26],[8.06,47.33],[7.56,47.53],[7.89,47.73],[7.63,48.26],[8.21,48.26]]],[[[9.29,47.8],[8.88,47.73],[8.96,47.99],[9.29,47.8]]],[[[8.71,47.93],[8.79,47.86],[8.63,47.86],[8.71,47.93]]],[[[8.38,48.13],[8.46,47.99],[8.21,47.99],[8.38,48.13]]],[[[8.95,48.32],[9.04,48.19],[8.87,48.19],[8.95,48.32]]],[[[8.54,48.19],[8.54,48.39],[8.79,48.26],[8.54,48.19]]],[[[8.37,48.39],[8.46,48.32],[8.21,48.26],[8.37,48.39]]],[[[8.45,48.46],[8.29,48.52],[8.37,48.59],[8.45,48.46]]],[[[8.7,48.65],[8.7,48.52],[8.54,48.52],[8.7,48.65]]],[[[9.45,47.99],[9.54,47.99],[9.54,47.86],[9.45,47.99]]],[[[10.53,48.26],[10.53,48.19],[10.36,47.99],[10.2,48.26],[10.53,48.26]]],[[[17.32,51.71],[17.55,51.25],[19.03,50.58],[19.24,49.85],[18.88,49.45],[21.8,49.38],[22.44,49.05],[22.52,47.93],[20.83,47.33],[20.13,47.99],[18.21,47.73],[18.17,46.87],[16.92,46.35],[17.55,45.82],[16.8,45.43],[16.29,44.84],[16.52,44.32],[16.19,44.25],[15.88,44.71],[14.91,44.58],[14.6,45.37],[14.2,45.37],[14.19,45.04],[13.79,45.24],[14.12,45.5],[13.31,45.82],[13.56,46.55],[11.11,46.41],[9.54,47.2],[9.62,47.53],[12.51,47.66],[12.18,47.07],[13.65,47.01],[13.18,48.06],[14.1,48.65],[12.53,49.52],[12.12,50.25],[14.33,50.98],[14.26,51.71],[13.43,52.18],[13.94,52.32],[14.78,51.92],[15.65,52.32],[16.72,51.58],[17.32,51.71]],[[20.29,49.25],[20.28,49.12],[20.45,49.18],[20.29,49.25]],[[14.27,51.92],[14.19,52.12],[13.93,52.05],[14.27,51.92]]],[[[9.45,48.19],[9.45,48.46],[9.95,48.46],[9.45,48.19]]],[[[9.37,48.26],[9.2,48.26],[9.2,48.39],[9.37,48.26]]],[[[10.2,48.46],[10.28,48.32],[10.11,48.32],[10.2,48.46]]],[[[13.67,51.65],[13.24,51.71],[13.25,51.85],[13.67,51.65]]]]}},{"type":"Feature","properties":{"n":"(Kingdom of France)","f":1588,"t":1594,"w":"Q207162"},"geometry":{"type":"MultiPolygon","coordinates":[[[[-1.68,43.28],[-1.03,45.5],[-1.25,46.28],[-2.84,47.6],[-4.42,47.8],[-4.91,48.52],[-3.46,48.92],[-1.6,48.65],[-2.03,49.78],[0.01,49.38],[0.22,49.85],[1.45,50.25],[1.5,50.91],[2.07,51.11],[1.95,50.31],[4.49,49.98],[5.03,49.05],[4.88,48.65],[5.87,48.85],[5.88,48.46],[5.38,48.52],[5.82,47.73],[4.9,45.96],[6.64,44.84],[6.81,44.32],[6.42,44.06],[6.91,43.54],[5.8,43.15],[3.85,43.6],[1.81,42.56],[-1.68,43.28]],[[4.23,46.35],[3.99,46.28],[4.08,45.96],[4.4,46.09],[4.23,46.35]]],[[[6.79,48.46],[6.72,48.19],[6.47,48.32],[6.79,48.46]]],[[[6.03,48.92],[6.04,48.79],[5.87,48.85],[6.03,48.92]]],[[[7.03,49.05],[6.62,48.85],[7.21,48.59],[5.86,48.99],[7.03,49.05]]],[[[5.7,48.99],[5.36,48.99],[5.35,49.32],[5.7,48.99]]]]}},{"type":"Feature","properties":{"n":"Kingdom of Mrauk U","f":1588,"t":1669,"w":"Q10791211"},"geometry":{"type":"Polygon","coordinates":[[[94.84,19.7],[95.16,18.35],[94.57,16.81],[94.36,18.48],[94.12,18.86],[93.51,18.74],[93.8,19.7],[92.12,20.92],[91.74,22.4],[91.37,22.46],[91.53,22.98],[92.32,22.79],[94.14,21.05],[94.84,19.7]]]}},{"type":"Feature","properties":{"n":"(Holy Roman Empire)","f":1588,"t":1594,"w":"Q12548"},"geometry":{"type":"MultiPolygon","coordinates":[[[[8.11,43.99],[7.71,44.12],[8.5,45.04],[8.75,44.97],[8.11,43.99]]],[[[6.83,47.14],[7.08,46.94],[6.51,46.87],[6.83,47.14]]],[[[4.49,49.98],[5.62,51.25],[5.9,50.38],[4.82,50.11],[5.18,49.58],[4.94,49.18],[4.49,49.98]]],[[[9.4,44.45],[9.32,45.17],[10.45,45.04],[10.62,45.43],[11.59,44.91],[10.7,43.8],[9.4,44.45]]],[[[11.99,44.65],[11.75,44.84],[11.83,44.97],[12.24,44.97],[11.99,44.65]]],[[[11.52,46.61],[12.09,46.68],[11.02,45.76],[10.45,45.89],[10.53,46.55],[11.52,46.61]]],[[[9.54,47.27],[9.63,47.14],[9.46,47.14],[9.54,47.27]]],[[[13.18,48.06],[13.65,47.01],[12.18,47.07],[12.51,47.66],[13.0,47.53],[13.18,48.06]]],[[[13.36,48.99],[14.1,48.65],[13.27,48.59],[13.36,48.99]]],[[[12.55,50.85],[12.81,50.98],[12.8,50.65],[12.55,50.85]]],[[[7.73,47.53],[7.47,48.06],[7.06,47.93],[7.03,48.99],[7.53,49.12],[6.69,49.32],[7.69,49.38],[7.95,48.99],[8.78,49.25],[7.76,49.91],[7.6,49.58],[6.35,49.58],[6.58,50.11],[6.07,50.25],[6.4,50.51],[6.07,50.45],[5.96,51.18],[6.2,51.51],[5.94,51.85],[6.95,52.25],[6.68,52.65],[7.02,52.72],[7.08,53.73],[10.36,53.66],[10.53,54.0],[13.41,54.75],[13.74,54.27],[13.3,54.21],[14.5,53.73],[15.04,54.21],[18.02,54.89],[17.08,53.6],[15.98,54.07],[16.05,53.66],[14.65,53.06],[13.9,53.73],[13.2,53.33],[11.31,53.46],[11.39,53.06],[10.79,52.99],[10.87,52.59],[11.55,52.38],[12.33,52.79],[12.4,51.71],[11.63,51.25],[10.87,51.38],[10.1,51.25],[11.88,50.98],[12.05,51.31],[12.55,50.91],[11.79,50.85],[12.21,50.78],[12.12,50.18],[11.2,49.78],[10.94,48.85],[10.03,49.12],[10.53,48.26],[10.12,48.06],[10.53,48.19],[10.61,47.6],[10.12,47.33],[9.04,47.73],[9.29,47.99],[8.47,47.6],[8.22,47.66],[8.21,47.99],[8.46,47.99],[8.21,48.13],[8.21,48.26],[7.63,48.26],[7.73,47.53]],[[8.37,48.39],[8.21,48.39],[8.21,48.26],[8.37,48.39]],[[10.87,51.45],[11.46,51.65],[10.87,51.65],[10.87,51.45]],[[10.11,48.32],[10.28,48.32],[10.2,48.39],[10.11,48.32]],[[10.03,48.26],[9.45,48.46],[9.45,48.19],[10.03,48.26]],[[9.45,47.99],[9.37,47.86],[9.54,47.86],[9.45,47.99]],[[9.2,48.39],[9.2,48.26],[9.37,48.26],[9.2,48.39]],[[8.95,48.32],[8.87,48.32],[8.87,48.19],[8.95,48.32]],[[8.71,47.99],[8.63,47.99],[8.79,47.86],[8.71,47.99]],[[8.45,48.46],[8.45,48.59],[8.29,48.52],[8.45,48.46]],[[8.79,48.26],[8.54,48.39],[8.54,48.19],[8.79,48.26]],[[8.54,48.52],[8.7,48.52],[8.7,48.65],[8.54,48.52]]]]}},{"type":"Feature","properties":{"n":"Dutch Republic","f":1588,"t":1594,"w":"Q170072"},"geometry":{"type":"MultiPolygon","coordinates":[[[[5.04,44.19],[4.8,44.12],[4.88,44.25],[5.04,44.19]]],[[[4.16,51.71],[4.01,51.25],[2.92,51.18],[3.75,51.45],[3.4,51.65],[4.22,52.18],[4.69,53.19],[5.06,52.65],[5.54,53.39],[6.23,53.46],[5.4,52.59],[5.68,51.98],[4.16,51.71]]]]}},{"type":"Feature","properties":{"n":"Khanate of Khiva","f":1588,"t":1717,"w":"Q491106"},"geometry":{"type":"Polygon","coordinates":[[[63.73,42.43],[62.38,41.33],[60.84,40.94],[57.83,41.26],[57.23,42.04],[57.33,43.02],[58.63,43.67],[60.29,43.54],[60.88,44.45],[62.39,43.02],[63.73,42.43]]]}},{"type":"Feature","properties":{"n":"Polish-Lithuanian Commonwealth","f":1588,"t":1594,"w":"Q172107"},"geometry":{"type":"MultiPolygon","coordinates":[[[[31.66,48.26],[31.74,48.26],[31.73,48.19],[31.66,48.26]]],[[[20.29,49.25],[20.45,49.18],[20.28,49.12],[20.29,49.25]]],[[[33.96,49.18],[32.48,48.79],[31.22,48.06],[29.8,47.93],[29.22,47.27],[28.88,47.86],[27.39,48.65],[25.51,48.92],[25.25,48.79],[25.54,48.39],[24.91,47.8],[22.78,49.12],[18.88,49.45],[19.24,49.85],[19.03,50.58],[17.55,51.25],[17.32,51.71],[16.13,51.71],[15.49,52.65],[16.1,52.86],[16.4,53.8],[17.08,53.6],[17.19,54.0],[17.62,54.0],[18.02,54.89],[18.46,54.89],[18.69,54.41],[20.83,54.07],[20.1,53.66],[19.45,54.21],[18.7,53.39],[19.74,53.46],[20.4,53.06],[22.42,53.6],[22.81,54.89],[20.84,56.18],[21.31,57.35],[22.52,57.83],[23.67,57.01],[24.23,57.28],[24.33,58.74],[27.3,59.29],[27.73,58.04],[27.39,57.56],[27.8,57.35],[27.65,56.94],[28.14,56.11],[29.04,56.8],[29.4,55.77],[31.37,55.98],[30.8,54.75],[32.15,53.53],[31.9,53.12],[31.31,53.19],[31.66,52.18],[30.58,51.85],[30.54,50.98],[32.26,51.18],[34.47,50.25],[33.96,49.18]]]]}},{"type":"Feature","properties":{"n":"(Dutch Republic)","f":1588,"t":1594,"w":"Q170072"},"geometry":{"type":"MultiPolygon","coordinates":[[[[5.04,44.19],[4.8,44.12],[4.88,44.25],[5.04,44.19]]],[[[4.16,51.71],[4.01,51.25],[2.92,51.18],[3.75,51.45],[3.4,51.65],[4.22,52.18],[4.69,53.19],[5.06,52.65],[5.54,53.39],[6.23,53.46],[5.4,52.59],[5.68,51.98],[4.16,51.71]]]]}},{"type":"Feature","properties":{"n":"Sultanate of Kedah","f":1588,"t":1690,"w":"Q1317579"},"geometry":{"type":"MultiPolygon","coordinates":[[[[100.24,5.11],[100.02,6.46],[100.33,6.65],[101.09,6.07],[100.24,5.11]]],[[[99.58,6.39],[99.88,6.52],[99.87,6.26],[99.58,6.39]]]]}},{"type":"Feature","properties":{"n":"Patani Kingdom","f":1588,"t":1608,"w":"Q584435"},"geometry":{"type":"Polygon","coordinates":[[[101.15,6.91],[102.06,6.33],[101.88,5.75],[101.0,5.69],[101.15,6.91]]]}},{"type":"Feature","properties":{"n":"Small Horde","f":1588,"t":1635,"w":"Q631210"},"geometry":{"type":"MultiPolygon","coordinates":[[[[42.49,46.09],[42.22,45.5],[40.97,44.91],[39.95,44.65],[36.78,45.1],[36.75,45.43],[37.7,45.3],[37.59,45.63],[38.37,46.35],[37.84,46.61],[39.48,47.07],[39.39,47.47],[42.25,46.55],[42.49,46.09]]],[[[50.3,46.94],[49.92,47.4],[50.69,48.46],[52.0,48.72],[52.11,46.94],[50.3,46.94]]]]}},{"type":"Feature","properties":{"n":"Sultanate of Perak","f":1588,"t":1608,"w":"Q2649311"},"geometry":{"type":"Polygon","coordinates":[[[100.68,3.82],[100.37,4.85],[101.45,5.88],[101.78,5.3],[101.63,3.95],[100.68,3.82]]]}},{"type":"Feature","properties":{"n":"Khanate of Bukhara","f":1588,"t":1594,"w":"Q577668"},"geometry":{"type":"Polygon","coordinates":[[[71.89,36.74],[71.42,37.0],[71.36,38.22],[70.71,38.42],[70.08,37.51],[68.51,37.19],[68.88,36.8],[68.62,36.1],[66.33,36.22],[65.94,37.51],[64.66,38.03],[62.65,39.71],[62.38,41.33],[63.73,42.43],[68.28,40.36],[72.31,42.24],[73.38,42.11],[73.95,40.03],[73.66,37.51],[71.89,36.74]]]}},{"type":"Feature","properties":{"n":"House of Savoy","f":1588,"t":1594,"w":"Q200229"},"geometry":{"type":"Polygon","coordinates":[[[6.91,43.54],[6.42,44.06],[6.81,44.32],[6.64,44.84],[5.07,45.69],[4.97,46.28],[6.68,46.41],[7.1,45.89],[7.92,45.96],[8.58,45.56],[8.51,44.84],[6.91,43.54]]]}},{"type":"Feature","properties":{"n":"Joseon","f":1595,"t":1599,"w":"Q28405"},"geometry":{"type":"MultiPolygon","coordinates":[[[[126.14,33.2],[127.0,33.59],[126.7,33.26],[126.14,33.2]]],[[[128.68,34.74],[128.08,34.94],[127.38,34.42],[127.22,34.74],[126.12,34.36],[126.77,35.9],[126.05,36.8],[126.77,37.0],[127.74,36.61],[128.68,34.74]]],[[[129.76,40.87],[127.58,39.77],[127.44,39.26],[128.36,38.8],[129.47,37.25],[129.57,35.77],[128.97,35.97],[128.74,36.74],[127.31,38.03],[126.52,37.58],[124.9,37.9],[125.39,39.38],[124.27,39.9],[124.73,40.42],[125.99,40.94],[126.87,41.85],[128.22,41.46],[128.0,41.98],[128.96,42.11],[130.13,43.02],[130.74,42.5],[129.81,41.46],[129.76,40.87]]]]}},{"type":"Feature","properties":{"n":"Ottoman Empire","f":1595,"t":1599,"w":"Q12560"},"geometry":{"type":"MultiPolygon","coordinates":[[[[22.38,46.02],[21.52,45.37],[22.55,44.97],[22.5,44.32],[22.95,43.8],[25.43,43.6],[27.83,44.19],[27.86,45.3],[28.89,46.48],[31.92,47.14],[31.94,46.68],[30.88,46.68],[29.61,45.69],[29.53,44.91],[28.8,44.97],[28.48,43.47],[27.51,42.63],[27.98,41.65],[28.96,41.13],[31.18,41.07],[32.63,41.91],[35.12,42.04],[36.21,41.26],[40.37,40.94],[41.57,41.46],[41.82,41.98],[41.33,42.89],[39.99,43.47],[40.74,43.6],[42.92,43.21],[43.78,42.69],[45.16,42.76],[47.5,41.26],[47.99,41.33],[48.28,41.98],[49.51,40.61],[50.19,40.48],[49.4,40.1],[48.76,38.35],[49.09,37.51],[50.55,37.0],[49.5,36.29],[49.07,35.07],[48.99,30.05],[47.85,29.41],[48.87,27.67],[50.13,26.77],[50.07,26.07],[50.65,25.1],[51.12,26.13],[51.7,25.87],[51.41,24.33],[51.75,23.88],[50.48,24.78],[49.67,25.87],[49.88,26.45],[48.55,27.48],[47.89,29.09],[46.59,29.6],[43.15,32.81],[41.37,33.91],[40.23,34.04],[38.91,33.26],[37.21,30.63],[37.68,28.96],[41.41,23.11],[46.63,16.16],[47.06,14.69],[46.18,13.4],[45.05,12.76],[43.44,12.69],[42.75,15.14],[42.82,16.61],[41.24,18.61],[40.85,19.7],[39.35,20.79],[38.6,23.62],[37.44,24.33],[37.27,25.23],[35.41,27.87],[34.59,28.06],[34.91,29.41],[34.12,27.74],[32.44,29.79],[35.15,24.65],[35.86,24.01],[35.55,23.69],[35.81,22.91],[31.23,22.01],[31.32,22.4],[30.01,23.11],[28.57,24.65],[28.15,27.35],[25.37,29.28],[22.77,30.37],[20.95,30.56],[18.73,29.99],[15.18,30.89],[14.28,31.91],[11.77,32.3],[9.63,33.14],[8.93,34.16],[7.61,34.55],[2.92,34.36],[2.45,34.61],[1.75,34.74],[-0.47,34.36],[-1.58,33.46],[-1.72,34.68],[-2.12,35.07],[-1.36,35.26],[-1.22,35.64],[-0.67,35.45],[0.68,36.42],[4.47,36.93],[5.56,36.67],[6.33,37.06],[8.52,36.87],[9.6,37.32],[10.23,37.25],[10.23,36.8],[11.01,37.0],[10.46,35.9],[11.08,35.58],[11.08,35.0],[10.0,34.29],[10.24,33.71],[12.23,32.81],[13.3,32.94],[15.06,32.43],[15.65,31.4],[17.85,30.95],[18.97,30.24],[20.2,30.89],[20.02,32.24],[21.88,32.94],[23.09,32.62],[23.3,32.17],[24.89,31.98],[25.25,31.46],[26.85,31.46],[28.87,30.82],[30.97,31.66],[31.88,31.46],[32.0,31.08],[34.3,31.27],[35.64,34.36],[36.05,34.55],[35.84,36.29],[36.14,36.93],[35.49,36.61],[34.58,36.87],[33.98,36.29],[32.71,36.03],[31.09,36.93],[29.94,36.22],[29.24,36.22],[29.12,36.74],[28.59,36.87],[28.03,36.67],[28.07,37.13],[27.22,37.32],[27.28,38.03],[26.43,38.22],[26.38,38.67],[27.06,38.35],[26.85,39.58],[26.13,39.51],[26.6,40.48],[29.05,40.36],[28.91,40.61],[29.48,40.74],[28.17,41.13],[26.92,40.48],[25.38,41.0],[23.7,40.81],[23.74,40.23],[22.65,40.61],[22.61,39.9],[23.14,39.45],[22.8,39.06],[23.49,38.87],[22.94,38.74],[24.03,38.67],[24.16,38.22],[23.98,37.84],[23.04,37.9],[23.4,37.32],[22.71,37.58],[23.06,36.67],[22.36,36.67],[22.22,37.06],[21.74,36.87],[21.7,37.51],[21.24,37.84],[21.74,38.35],[20.74,38.8],[20.91,39.06],[19.25,40.61],[19.54,41.78],[18.71,42.82],[17.52,43.02],[16.82,43.73],[15.23,44.32],[15.8,44.71],[15.82,45.24],[16.22,45.04],[17.3,45.69],[16.91,46.22],[17.26,46.74],[18.17,46.87],[19.21,47.93],[20.69,47.8],[21.13,46.94],[22.41,46.48],[22.38,46.02]]],[[[2.53,34.42],[2.53,34.49],[2.61,34.49],[2.53,34.42]]],[[[25.57,37.13],[25.56,37.0],[25.33,37.0],[25.57,37.13]]],[[[24.36,37.71],[24.43,37.58],[24.27,37.51],[24.36,37.71]]],[[[26.31,37.71],[26.3,37.58],[25.99,37.51],[26.31,37.71]]],[[[24.77,38.03],[25.07,37.77],[24.83,37.71],[24.77,38.03]]],[[[25.82,38.48],[25.99,38.67],[26.22,38.55],[25.88,38.16],[25.82,38.48]]],[[[23.56,38.74],[23.48,38.74],[23.49,38.8],[23.56,38.74]]],[[[24.67,38.93],[24.66,38.74],[24.36,38.87],[24.67,38.93]]],[[[25.79,39.19],[26.04,39.38],[26.64,39.0],[25.79,39.19]]],[[[20.15,39.58],[20.07,39.58],[20.07,39.64],[20.15,39.58]]],[[[25.46,40.03],[25.45,39.84],[24.97,39.84],[25.46,40.03]]],[[[26.04,40.29],[26.02,40.16],[25.7,40.1],[26.04,40.29]]],[[[24.49,40.81],[24.81,40.81],[24.79,40.61],[24.49,40.81]]],[[[43.17,11.54],[44.08,10.57],[45.11,10.51],[44.87,10.06],[43.71,10.25],[43.17,11.54]]],[[[39.3,15.39],[39.26,16.04],[39.41,16.04],[39.74,15.26],[39.3,15.39]]],[[[37.7,18.8],[37.54,18.61],[37.1,18.74],[37.34,19.12],[37.7,18.8]]],[[[44.25,19.57],[44.25,19.64],[44.33,19.64],[44.25,19.57]]],[[[44.18,19.64],[44.18,19.7],[44.26,19.7],[44.18,19.64]]],[[[40.06,25.49],[40.06,25.55],[40.14,25.55],[40.06,25.49]]],[[[34.09,35.0],[33.04,34.55],[32.23,34.94],[34.54,35.71],[34.09,35.0]]],[[[28.02,36.48],[28.25,36.48],[28.14,36.03],[27.74,35.9],[28.02,36.48]]],[[[27.19,36.8],[26.87,36.67],[27.04,36.93],[27.19,36.8]]],[[[33.93,44.45],[33.47,44.65],[35.4,45.1],[33.93,44.45]]],[[[36.42,45.43],[36.38,45.17],[36.23,45.24],[36.42,45.43]]],[[[39.48,47.07],[39.22,47.01],[39.13,47.4],[39.48,47.07]]]]}},{"type":"Feature","properties":{"n":"Habsburg Monarchy","f":1595,"t":1599,"w":"Q66504140"},"geometry":{"type":"MultiPolygon","coordinates":[[[[6.98,47.53],[6.89,47.93],[7.47,48.06],[7.56,47.6],[6.98,47.53]]],[[[8.21,48.26],[8.06,47.33],[7.56,47.53],[7.89,47.73],[7.63,48.26],[8.21,48.26]]],[[[9.29,47.8],[8.88,47.73],[8.96,47.99],[9.29,47.8]]],[[[8.71,47.93],[8.79,47.86],[8.63,47.86],[8.71,47.93]]],[[[8.38,48.13],[8.46,47.99],[8.21,47.99],[8.38,48.13]]],[[[8.95,48.32],[9.04,48.19],[8.87,48.19],[8.95,48.32]]],[[[8.54,48.19],[8.54,48.39],[8.79,48.26],[8.54,48.19]]],[[[8.37,48.39],[8.46,48.32],[8.21,48.26],[8.37,48.39]]],[[[9.37,48.26],[9.2,48.26],[9.2,48.39],[9.37,48.26]]],[[[8.45,48.46],[8.29,48.52],[8.37,48.59],[8.45,48.46]]],[[[8.62,48.65],[8.7,48.65],[8.7,48.52],[8.62,48.65]]],[[[18.17,46.87],[17.26,46.74],[16.91,46.22],[17.3,45.69],[16.8,45.24],[15.82,45.24],[15.8,44.71],[15.23,44.45],[14.6,45.37],[14.03,45.04],[13.79,45.24],[14.12,45.5],[13.31,45.82],[13.56,46.55],[11.11,46.41],[9.54,47.2],[9.62,47.53],[12.51,47.66],[12.18,47.07],[13.65,47.01],[13.18,48.06],[14.1,48.65],[12.53,49.52],[12.12,50.25],[14.33,50.98],[14.26,51.71],[13.42,52.05],[13.94,52.32],[14.78,51.92],[15.65,52.32],[16.13,51.71],[17.32,51.71],[19.19,50.38],[18.88,49.45],[21.8,49.38],[22.44,49.05],[22.34,47.73],[20.83,47.33],[20.13,47.99],[19.13,47.86],[18.17,46.87]],[[20.29,49.25],[20.28,49.12],[20.45,49.18],[20.29,49.25]],[[14.27,51.92],[14.19,52.12],[13.93,52.05],[14.27,51.92]]],[[[9.45,47.99],[9.54,47.99],[9.54,47.86],[9.45,47.99]]],[[[10.36,47.99],[10.12,48.06],[10.2,48.26],[10.53,48.26],[10.36,47.99]]],[[[9.45,48.19],[9.45,48.46],[9.95,48.46],[9.45,48.19]]],[[[10.2,48.39],[10.28,48.32],[10.11,48.32],[10.2,48.39]]],[[[13.67,51.65],[13.24,51.71],[13.25,51.85],[13.67,51.65]]]]}},{"type":"Feature","properties":{"n":"Mughal Empire","f":1595,"t":1599,"w":"Q33296"},"geometry":{"type":"MultiPolygon","coordinates":[[[[64.58,25.16],[64.67,25.29],[64.8,25.16],[64.58,25.16]]],[[[75.31,37.0],[75.96,36.55],[76.09,35.9],[78.87,34.49],[78.56,32.04],[79.45,31.01],[81.01,30.18],[80.35,29.6],[80.17,28.7],[83.08,27.42],[84.43,27.42],[85.27,26.71],[90.39,26.0],[90.86,22.01],[88.73,21.63],[88.64,22.08],[88.35,21.56],[88.1,21.95],[87.07,21.44],[86.84,20.28],[86.11,19.76],[85.37,19.83],[84.39,18.48],[84.02,19.06],[85.33,21.18],[86.12,23.69],[85.76,23.81],[81.38,23.94],[80.66,21.89],[78.6,21.44],[76.69,21.63],[76.34,21.18],[74.04,20.54],[72.84,20.41],[72.53,22.27],[72.11,21.89],[72.1,21.11],[71.09,20.66],[70.3,20.86],[68.95,22.21],[70.37,22.91],[68.81,22.98],[68.16,23.81],[67.29,24.07],[67.21,24.71],[66.63,24.84],[66.27,25.55],[66.69,29.86],[65.01,30.18],[64.84,31.79],[65.4,32.3],[65.49,33.14],[66.13,33.26],[66.33,36.22],[68.62,36.1],[68.88,36.8],[68.51,37.19],[70.08,37.51],[70.71,38.42],[71.18,38.42],[71.57,37.84],[71.58,36.74],[73.66,37.51],[73.69,37.06],[75.31,37.0]]]]}},{"type":"Feature","properties":{"n":"First Toungoo Empire","f":1595,"t":1599,"w":"Q23039102"},"geometry":{"type":"Polygon","coordinates":[[[100.15,20.54],[100.6,20.09],[100.57,18.93],[99.58,18.29],[98.64,18.41],[97.83,17.9],[96.56,17.84],[96.36,16.42],[95.61,15.71],[94.24,15.97],[95.16,18.35],[94.45,20.6],[92.99,21.82],[93.4,24.01],[94.21,23.94],[95.16,26.58],[96.21,27.29],[97.16,27.16],[97.0,27.74],[97.48,28.51],[98.79,27.35],[99.21,24.71],[100.24,23.81],[101.22,21.69],[100.15,20.54]]]}},{"type":"Feature","properties":{"n":"(Alliance between Papal States and Spanish Empire)","f":1595,"t":1599,"w":"Q170174"},"geometry":{"type":"MultiPolygon","coordinates":[[[[-73.65,-42.83],[-74.1,-42.76],[-74.03,-42.44],[-73.46,-42.24],[-73.65,-42.83]]],[[[-37.24,-11.09],[-38.13,-12.83],[-39.03,-13.28],[-39.28,-17.78],[-41.14,-22.15],[-41.91,-22.41],[-42.12,-22.99],[-44.74,-23.05],[-44.7,-23.37],[-45.48,-23.69],[-45.37,-24.02],[-46.09,-23.82],[-47.95,-24.98],[-48.82,-22.92],[-45.61,-22.86],[-43.38,-22.21],[-42.49,-21.51],[-41.44,-19.71],[-40.76,-17.01],[-40.02,-15.91],[-39.53,-11.67],[-38.38,-10.39],[-36.68,-9.94],[-36.36,-6.79],[-36.68,-5.11],[-35.3,-5.44],[-34.84,-7.49],[-35.26,-9.1],[-37.24,-11.09]]],[[[-75.27,-10.77],[-75.27,-10.84],[-75.34,-10.84],[-75.27,-10.77]]],[[[-97.72,22.53],[-97.19,20.92],[-95.77,18.8],[-94.48,18.22],[-92.5,18.74],[-91.3,18.61],[-89.98,21.31],[-86.75,21.5],[-87.7,18.29],[-87.99,18.74],[-89.17,17.77],[-90.57,17.77],[-90.6,16.55],[-90.38,16.04],[-89.54,15.84],[-85.88,15.97],[-85.69,15.07],[-84.58,14.43],[-84.94,13.72],[-84.42,11.34],[-83.58,10.96],[-82.06,8.96],[-81.03,8.84],[-79.69,9.61],[-78.96,9.61],[-77.99,9.29],[-76.83,8.19],[-76.93,8.64],[-75.66,9.48],[-75.58,10.51],[-74.96,11.15],[-74.36,10.89],[-74.17,11.34],[-73.15,11.41],[-71.84,12.44],[-71.1,12.31],[-71.28,11.79],[-71.92,11.6],[-71.65,10.83],[-69.66,11.66],[-68.46,11.34],[-68.19,10.51],[-66.37,10.7],[-65.09,10.06],[-64.03,10.7],[-61.91,10.76],[-62.84,10.38],[-62.3,9.8],[-61.95,9.99],[-60.83,9.54],[-61.15,8.58],[-64.71,8.06],[-65.12,7.55],[-65.87,7.87],[-67.01,7.16],[-67.06,6.65],[-68.73,6.46],[-71.47,7.42],[-72.05,7.29],[-74.15,4.59],[-74.35,3.89],[-75.79,2.21],[-76.81,0.41],[-77.54,-1.45],[-77.85,-4.92],[-77.5,-6.85],[-76.34,-8.39],[-75.17,-11.35],[-73.87,-12.44],[-71.88,-13.15],[-70.67,-12.76],[-68.37,-13.28],[-65.67,-14.89],[-63.8,-15.34],[-62.59,-16.36],[-63.18,-20.61],[-64.19,-23.63],[-64.07,-24.79],[-63.27,-26.2],[-61.05,-26.78],[-59.61,-26.72],[-58.85,-26.27],[-57.5,-24.34],[-57.0,-24.47],[-58.43,-26.84],[-58.75,-29.99],[-58.27,-30.89],[-58.55,-34.49],[-60.52,-33.79],[-63.06,-34.62],[-65.97,-34.3],[-69.77,-34.88],[-70.48,-35.39],[-71.61,-39.59],[-72.91,-40.82],[-73.28,-41.85],[-74.34,-42.24],[-73.81,-41.79],[-74.13,-41.08],[-73.37,-39.46],[-73.84,-37.46],[-73.33,-37.13],[-72.42,-35.2],[-71.63,-32.69],[-71.94,-30.83],[-70.57,-25.17],[-70.53,-23.63],[-70.81,-23.5],[-70.27,-21.96],[-70.26,-19.84],[-70.44,-18.42],[-71.62,-17.33],[-75.22,-15.53],[-76.08,-14.69],[-76.46,-14.18],[-76.38,-13.41],[-77.8,-11.35],[-78.98,-8.46],[-79.98,-6.91],[-81.33,-6.14],[-81.01,-5.63],[-81.47,-4.41],[-80.05,-3.12],[-81.12,-2.29],[-81.03,-0.94],[-80.16,0.22],[-80.23,0.86],[-79.06,1.25],[-78.78,2.34],[-77.91,2.6],[-77.26,3.63],[-77.56,4.08],[-77.41,6.52],[-78.5,7.94],[-78.23,8.45],[-79.06,8.96],[-80.41,8.26],[-80.0,7.42],[-80.58,7.16],[-80.94,7.16],[-81.05,7.87],[-81.47,7.61],[-81.94,8.19],[-83.71,8.45],[-83.67,9.09],[-84.83,9.99],[-85.24,9.61],[-85.78,9.99],[-85.72,11.09],[-87.55,12.69],[-87.47,13.34],[-88.85,13.21],[-91.35,13.91],[-94.15,16.16],[-94.77,16.36],[-96.73,15.65],[-103.52,18.35],[-105.54,20.02],[-105.13,21.31],[-105.7,22.59],[-108.04,24.91],[-106.11,23.75],[-106.44,25.36],[-104.78,25.87],[-103.78,25.49],[-103.44,26.45],[-102.41,26.52],[-100.59,25.62],[-99.93,25.68],[-99.59,24.26],[-97.72,22.53]]],[[[-76.22,1.31],[-76.22,1.25],[-76.3,1.25],[-76.22,1.31]]],[[[-81.9,7.36],[-81.91,7.61],[-81.7,7.68],[-81.9,7.36]]],[[[-78.96,8.45],[-78.81,8.45],[-78.8,8.26],[-78.96,8.45]]],[[[-61.73,10.06],[-61.55,10.83],[-60.89,10.83],[-61.0,10.06],[-61.73,10.06]]],[[[-64.26,10.89],[-64.35,11.09],[-63.84,11.21],[-64.26,10.89]]],[[[-69.73,11.66],[-70.24,11.6],[-70.28,12.11],[-69.76,12.11],[-69.73,11.66]]],[[[-69.12,12.37],[-68.66,11.99],[-68.95,12.05],[-69.12,12.37]]],[[[-68.15,12.05],[-68.29,12.05],[-68.39,12.31],[-68.15,12.05]]],[[[-69.93,12.37],[-70.02,12.56],[-69.87,12.56],[-69.93,12.37]]],[[[-24.99,17.26],[-24.82,16.74],[-25.27,16.87],[-24.99,17.26]]],[[[-78.39,18.29],[-77.01,18.48],[-76.12,17.9],[-77.74,17.84],[-78.39,18.29]]],[[[-67.12,17.96],[-67.26,18.48],[-65.55,18.41],[-65.72,17.96],[-67.12,17.96]]],[[[-68.58,18.99],[-68.29,18.41],[-70.72,18.35],[-71.28,17.58],[-72.1,18.22],[-73.92,18.03],[-74.44,18.61],[-72.3,18.61],[-72.79,19.51],[-73.41,19.64],[-73.23,19.96],[-70.78,19.96],[-69.08,19.38],[-69.49,19.12],[-68.58,18.99]]],[[[-73.3,18.86],[-73.32,18.99],[-72.79,18.93],[-73.3,18.86]]],[[[-86.99,20.28],[-87.02,20.47],[-86.67,20.6],[-86.99,20.28]]],[[[-74.07,20.15],[-77.65,19.83],[-77.19,20.66],[-78.24,20.79],[-78.66,21.56],[-82.05,22.27],[-81.74,22.66],[-84.8,21.82],[-84.0,22.79],[-82.29,23.24],[-80.57,23.17],[-74.07,20.15]]],[[[-82.5,21.44],[-82.95,21.44],[-83.04,21.95],[-82.49,21.82],[-82.5,21.44]]],[[[-78.23,22.59],[-78.2,22.4],[-78.42,22.4],[-78.23,22.59]]],[[[-81.81,31.34],[-81.21,31.59],[-81.44,30.89],[-80.88,28.96],[-81.82,29.09],[-81.81,31.34]]],[[[-25.7,37.71],[-25.9,37.96],[-25.11,37.9],[-25.7,37.71]]],[[[-28.39,38.35],[-28.85,38.67],[-28.27,38.55],[-28.39,38.35]]],[[[-27.89,38.61],[-27.88,38.55],[-28.04,38.55],[-27.89,38.61]]],[[[-27.36,38.67],[-27.39,38.87],[-27.08,38.87],[-27.36,38.67]]],[[[-2.52,5.11],[-2.3,5.11],[-2.31,4.85],[-2.52,5.11]]],[[[-1.8,4.85],[-1.35,5.3],[-1.28,5.04],[-1.8,4.85]]],[[[-16.58,12.18],[-16.66,12.37],[-15.93,12.37],[-16.58,12.18]]],[[[-24.29,14.75],[-24.36,14.75],[-24.45,15.07],[-24.29,14.75]]],[[[-23.58,15.33],[-23.41,14.88],[-23.78,14.94],[-23.58,15.33]]],[[[-23.28,15.26],[-23.06,15.33],[-22.99,15.2],[-23.28,15.26]]],[[[-22.94,15.97],[-22.88,16.23],[-22.58,16.16],[-22.94,15.97]]],[[[-24.08,16.55],[-24.37,16.49],[-24.38,16.68],[-24.08,16.55]]],[[[-22.98,16.68],[-22.98,16.81],[-22.84,16.87],[-22.98,16.68]]],[[[-17.9,27.61],[-18.06,27.67],[-18.0,27.87],[-17.9,27.61]]],[[[-15.73,27.74],[-15.76,28.19],[-15.3,28.12],[-15.73,27.74]]],[[[-17.12,28.25],[-17.03,28.06],[-17.25,27.99],[-17.12,28.25]]],[[[-16.91,28.38],[-16.09,28.57],[-16.36,28.06],[-16.65,27.93],[-16.91,28.38]]],[[[-13.81,28.25],[-14.32,28.06],[-14.07,28.7],[-13.77,28.77],[-13.81,28.25]]],[[[-17.71,28.89],[-17.67,28.51],[-17.99,28.64],[-17.71,28.89]]],[[[-13.65,29.22],[-13.42,29.22],[-13.47,28.89],[-13.86,29.02],[-13.65,29.22]]],[[[-16.79,32.88],[-16.69,32.69],[-17.07,32.62],[-16.79,32.88]]],[[[-8.73,32.62],[-9.05,32.88],[-8.7,33.2],[-8.44,32.88],[-8.73,32.62]]],[[[-2.99,35.45],[-2.84,35.45],[-2.83,35.26],[-2.99,35.45]]],[[[-0.53,35.71],[-0.45,35.58],[-0.67,35.45],[-0.92,35.71],[-0.53,35.71]]],[[[-6.0,35.39],[-5.88,35.77],[-5.25,35.64],[-6.0,35.39]]],[[[1.65,39.13],[1.66,39.0],[1.27,38.8],[1.26,39.13],[1.65,39.13]]],[[[2.34,39.64],[2.88,39.97],[3.52,39.77],[3.3,39.32],[2.34,39.64]]],[[[1.58,42.43],[2.99,43.02],[3.18,42.37],[3.12,41.91],[0.7,40.94],[-0.2,39.97],[-0.31,39.13],[0.1,38.74],[-0.66,38.29],[-0.7,37.64],[-1.71,37.45],[-2.06,36.8],[-4.47,36.74],[-5.66,36.03],[-6.84,37.25],[-9.0,37.0],[-8.82,38.48],[-9.21,38.42],[-9.57,38.93],[-8.73,40.74],[-8.96,42.17],[-8.66,42.37],[-9.3,43.15],[-8.24,43.73],[-1.44,43.28],[1.58,42.43]]],[[[4.3,39.84],[3.74,40.1],[3.82,40.1],[4.3,39.84]]],[[[4.41,46.02],[4.08,45.96],[3.99,46.28],[4.41,46.02]]],[[[5.37,46.35],[5.58,47.66],[6.89,47.93],[6.99,47.27],[5.37,46.35]]],[[[5.35,49.32],[4.82,50.11],[5.9,50.38],[5.62,51.25],[4.49,49.98],[2.55,50.11],[1.85,50.58],[2.07,51.11],[5.1,51.45],[5.59,52.12],[6.86,52.45],[6.53,51.85],[5.94,51.85],[6.07,50.45],[6.4,50.51],[6.07,50.25],[6.58,50.11],[6.36,49.25],[5.35,49.32]]],[[[35.03,-24.21],[34.93,-23.82],[35.38,-23.82],[35.03,-24.21]]],[[[34.71,-20.16],[34.57,-20.29],[34.25,-19.84],[34.54,-19.58],[34.71,-20.16]]],[[[37.26,-17.39],[37.7,-17.46],[37.63,-17.59],[37.26,-17.39]]],[[[40.75,-14.69],[40.55,-15.34],[40.17,-14.95],[40.75,-14.69]]],[[[13.48,-12.31],[13.63,-12.44],[13.55,-12.83],[12.82,-13.02],[13.48,-12.31]]],[[[13.11,-9.49],[12.89,-9.23],[13.25,-8.46],[13.62,-8.71],[13.11,-9.49]]],[[[39.67,-8.01],[39.53,-8.01],[39.67,-7.69],[39.67,-8.01]]],[[[39.49,-6.14],[39.43,-6.53],[39.06,-6.21],[39.27,-5.76],[39.49,-6.14]]],[[[39.77,-4.99],[39.7,-5.44],[39.55,-5.44],[39.77,-4.99]]],[[[39.54,-4.34],[39.39,-4.41],[39.24,-3.96],[39.75,-3.7],[39.54,-4.34]]],[[[6.66,0.16],[6.38,0.03],[6.3,0.35],[6.66,0.16]]],[[[7.19,1.51],[7.27,1.7],[7.34,1.7],[7.19,1.51]]],[[[8.68,3.18],[8.31,3.24],[8.54,3.76],[8.83,3.82],[8.68,3.18]]],[[[76.58,9.8],[76.56,9.41],[76.26,9.35],[76.23,9.93],[76.58,9.8]]],[[[75.81,11.41],[75.93,10.96],[75.78,10.96],[75.81,11.41]]],[[[75.29,12.31],[75.41,11.92],[75.27,11.92],[75.29,12.31]]],[[[74.52,15.26],[74.55,14.81],[74.24,14.62],[73.8,15.46],[74.52,15.26]]],[[[58.4,23.24],[58.29,23.62],[58.81,23.62],[59.27,22.98],[58.4,23.24]]],[[[50.65,25.87],[50.43,25.94],[50.46,26.26],[50.65,25.87]]],[[[55.79,26.97],[56.32,27.03],[55.29,26.52],[55.79,26.97]]],[[[18.36,40.29],[18.35,39.9],[17.35,40.55],[16.62,40.29],[16.45,39.64],[17.14,39.06],[15.93,37.96],[15.39,38.16],[15.05,36.74],[12.49,37.71],[12.65,38.09],[14.6,38.03],[15.86,38.29],[16.27,38.74],[15.75,40.03],[15.04,40.23],[14.89,40.68],[11.73,42.17],[12.06,42.76],[11.82,43.34],[12.23,43.6],[11.51,44.39],[10.86,44.32],[11.35,44.91],[12.16,44.71],[14.37,42.24],[16.12,41.91],[15.94,41.39],[18.36,40.29]]],[[[9.59,39.13],[8.34,39.0],[8.15,40.94],[9.5,41.2],[9.82,40.74],[9.59,39.13]]],[[[11.49,42.37],[11.57,42.37],[11.57,42.3],[11.49,42.37]]],[[[11.18,42.5],[11.18,42.56],[11.34,42.63],[11.18,42.5]]],[[[10.94,42.89],[10.62,43.02],[10.62,43.08],[10.94,42.89]]],[[[9.32,45.17],[9.4,44.45],[8.34,45.1],[8.58,45.56],[7.92,45.96],[8.32,46.41],[8.9,45.89],[9.39,46.22],[9.31,45.69],[10.45,45.04],[9.32,45.17]]],[[[123.82,-9.49],[123.81,-9.36],[124.38,-9.16],[123.82,-9.49]]],[[[125.52,-8.84],[125.13,-8.59],[125.71,-8.52],[125.52,-8.84]]],[[[122.78,-8.39],[123.0,-8.39],[123.01,-8.52],[122.78,-8.39]]],[[[128.24,-3.51],[128.25,-3.7],[127.81,-3.83],[128.24,-3.51]]],[[[102.1,3.05],[102.67,2.73],[102.42,2.02],[101.72,2.54],[102.1,3.05]]],[[[79.76,6.65],[79.79,8.51],[80.07,8.39],[80.05,6.65],[80.89,6.01],[80.23,5.88],[79.76,6.65]]],[[[123.58,9.03],[123.44,9.09],[123.54,9.35],[123.58,9.03]]],[[[124.5,10.19],[124.59,9.67],[123.78,9.54],[123.98,10.12],[124.5,10.19]]],[[[122.81,10.12],[122.9,10.89],[123.56,10.96],[123.15,9.8],[123.22,9.03],[122.85,9.03],[122.36,9.99],[122.81,10.12]]],[[[123.26,9.48],[124.11,11.28],[124.0,10.25],[123.26,9.48]]],[[[79.85,10.82],[79.85,10.83],[79.87,10.83],[79.85,10.82]]],[[[123.82,11.28],[123.79,11.02],[123.57,11.02],[123.82,11.28]]],[[[121.93,11.99],[123.12,11.54],[122.62,10.38],[121.9,10.44],[121.93,11.99]]],[[[124.09,11.73],[123.17,11.99],[123.24,12.5],[123.83,12.56],[124.09,11.73]]],[[[121.9,12.37],[122.13,12.44],[122.09,12.11],[121.9,12.37]]],[[[122.69,12.24],[122.41,12.37],[122.51,12.56],[122.69,12.24]]],[[[122.02,12.69],[122.24,12.69],[122.22,12.56],[122.02,12.69]]],[[[121.44,13.34],[121.29,12.18],[120.95,12.37],[120.37,13.53],[121.44,13.34]]],[[[80.41,13.08],[80.13,13.21],[80.38,13.46],[80.41,13.08]]],[[[122.16,13.21],[121.74,13.4],[121.75,13.46],[122.2,13.53],[122.16,13.21]]],[[[120.27,13.85],[120.31,13.66],[120.1,13.72],[120.27,13.85]]],[[[124.11,13.53],[124.12,14.11],[124.47,13.98],[124.11,13.53]]],[[[122.13,15.01],[122.07,14.62],[121.86,14.69],[122.13,15.01]]],[[[121.49,15.14],[121.84,14.11],[122.76,14.36],[123.12,13.79],[123.24,14.11],[123.87,13.91],[123.61,13.59],[124.14,13.21],[124.12,12.5],[123.45,13.01],[123.06,12.82],[123.27,13.27],[122.69,13.85],[122.74,13.21],[121.82,13.91],[121.4,13.59],[120.62,13.79],[120.97,14.62],[120.35,14.43],[119.73,16.1],[120.01,16.42],[120.4,16.1],[120.61,18.54],[122.39,18.54],[122.22,17.64],[122.64,17.13],[121.49,15.14]]],[[[113.64,22.14],[113.42,22.14],[113.54,22.4],[113.64,22.14]]]]}},{"type":"Feature","properties":{"n":"Principality of Transylvania","f":1595,"t":1599,"w":"Q655621"},"geometry":{"type":"Polygon","coordinates":[[[25.35,45.37],[23.48,45.5],[22.14,44.97],[21.53,45.56],[22.38,46.02],[22.41,46.48],[21.76,46.55],[20.83,47.33],[22.34,47.73],[22.44,49.05],[22.78,49.12],[24.69,48.13],[25.02,47.2],[25.67,47.14],[26.44,45.76],[25.35,45.37]]]}},{"type":"Feature","properties":{"n":"Portuguese Ceylon","f":1595,"t":1599,"w":"Q1709007"},"geometry":{"type":"Polygon","coordinates":[[[81.92,7.42],[81.88,6.71],[80.89,6.01],[80.05,6.65],[79.88,9.86],[80.45,9.74],[81.92,7.42]]]}},{"type":"Feature","properties":{"n":"Jesuit Reducciones","f":1595,"t":1628,"w":"Q465960"},"geometry":{"type":"Polygon","coordinates":[[[-55.84,-27.49],[-58.36,-27.29],[-58.25,-26.27],[-57.0,-24.47],[-57.84,-24.59],[-57.96,-23.31],[-56.75,-22.66],[-54.4,-22.92],[-53.74,-22.34],[-52.67,-22.15],[-52.31,-22.86],[-54.06,-24.85],[-53.84,-26.33],[-55.84,-27.49]]]}},{"type":"Feature","properties":{"n":"Principality of Moldavia","f":1595,"t":1599,"w":"Q10957559"},"geometry":{"type":"Polygon","coordinates":[[[28.44,46.15],[28.12,45.43],[26.24,45.37],[26.48,46.15],[25.67,47.14],[25.02,47.2],[24.91,47.8],[25.54,48.39],[25.34,48.92],[27.39,48.65],[28.88,47.86],[29.57,46.74],[28.44,46.15]]]}},{"type":"Feature","properties":{"n":"Tsardom of Russia","f":1595,"t":1599,"w":"Q186096"},"geometry":{"type":"MultiPolygon","coordinates":[[[[46.29,43.99],[46.37,43.99],[46.31,44.06],[46.24,44.12],[46.24,44.52],[46.38,44.78],[46.31,44.84],[47.37,46.35],[46.3,47.4],[43.77,48.32],[45.28,51.18],[45.29,51.85],[46.44,52.92],[46.46,53.6],[45.98,53.73],[45.81,54.34],[44.6,54.34],[44.48,53.94],[43.21,54.34],[41.05,54.0],[40.95,53.6],[39.95,53.39],[39.08,51.45],[37.98,51.05],[36.09,50.85],[34.53,51.58],[34.16,50.45],[33.41,50.45],[32.26,51.18],[30.54,50.98],[30.69,51.98],[31.66,52.18],[31.31,53.19],[31.9,53.12],[32.15,53.53],[30.8,54.75],[31.37,55.98],[29.4,55.77],[29.04,56.8],[28.14,56.11],[27.65,56.94],[27.8,57.35],[27.39,57.56],[27.98,57.9],[27.94,58.25],[27.48,58.18],[27.93,59.78],[29.76,59.85],[30.16,60.07],[29.29,61.26],[29.91,62.55],[29.3,64.2],[30.31,65.81],[29.12,66.62],[29.13,67.15],[29.94,67.67],[28.42,68.42],[28.63,68.95],[32.31,70.02],[33.44,69.33],[36.13,69.26],[41.0,67.74],[41.39,67.15],[41.04,66.7],[38.68,66.03],[32.55,67.07],[33.0,66.55],[34.87,65.88],[34.44,65.37],[34.98,64.49],[37.39,63.91],[37.88,63.99],[37.89,64.35],[36.79,64.49],[36.36,65.0],[37.21,65.3],[38.21,64.79],[40.19,64.71],[39.54,65.37],[40.4,65.96],[41.96,66.55],[43.97,66.18],[44.37,67.0],[43.6,67.3],[44.17,68.27],[43.45,68.73],[45.88,68.57],[46.66,67.82],[44.93,67.44],[45.81,66.92],[47.37,66.92],[47.78,67.67],[53.28,69.03],[54.04,68.95],[53.87,68.42],[53.3,68.27],[58.39,69.03],[59.09,69.03],[59.4,68.88],[59.24,68.42],[59.74,68.42],[60.7,68.88],[60.09,69.72],[58.34,70.18],[59.07,70.57],[60.54,69.79],[63.93,69.72],[68.49,68.27],[68.95,68.95],[66.6,69.64],[67.17,70.18],[67.19,70.8],[66.57,70.8],[66.64,71.19],[68.11,71.66],[69.36,73.0],[72.44,72.92],[72.94,72.76],[72.92,72.37],[71.81,71.5],[72.89,71.03],[72.46,69.11],[73.63,68.65],[73.07,67.74],[71.52,66.62],[70.4,66.4],[72.1,66.33],[73.48,66.92],[74.76,67.89],[74.2,68.35],[74.44,68.8],[76.47,69.11],[77.31,68.65],[77.22,67.74],[78.74,67.67],[77.12,64.93],[77.26,63.91],[83.81,62.05],[84.83,61.41],[84.67,60.42],[82.93,59.36],[76.2,57.08],[62.66,56.39],[61.92,55.91],[59.93,51.92],[57.96,51.65],[54.24,52.45],[52.58,52.32],[51.92,49.91],[52.11,46.94],[50.84,47.14],[47.57,45.76],[46.63,44.45],[47.32,43.86],[46.29,43.99]]],[[[46.21,43.99],[46.31,44.06],[46.29,43.99],[46.21,43.99]]],[[[46.24,44.12],[46.23,44.06],[46.15,44.06],[46.24,44.12]]],[[[35.5,65.0],[35.46,65.22],[36.13,65.22],[35.5,65.0]]],[[[48.24,69.41],[48.61,69.56],[50.32,69.33],[49.7,68.88],[48.37,68.8],[48.24,69.41]]]]}},{"type":"Feature","properties":{"n":"Khanate of Bukhara","f":1595,"t":1599,"w":"Q577668"},"geometry":{"type":"Polygon","coordinates":[[[71.89,36.74],[71.42,37.0],[71.36,38.22],[70.71,38.42],[70.08,37.51],[68.51,37.19],[68.88,36.8],[68.62,36.1],[66.33,36.22],[65.94,37.51],[64.66,38.03],[62.65,39.71],[62.38,41.33],[63.73,42.43],[67.53,40.74],[66.8,39.58],[67.68,39.06],[70.58,39.58],[73.68,41.13],[73.66,37.51],[71.89,36.74]]]}},{"type":"Feature","properties":{"n":"House of Savoy","f":1595,"t":1601,"w":"Q200229"},"geometry":{"type":"Polygon","coordinates":[[[6.91,43.54],[6.42,44.06],[6.81,44.32],[6.64,44.84],[5.07,45.63],[4.89,46.22],[6.68,46.41],[7.1,45.89],[7.92,45.96],[8.58,45.56],[8.51,44.84],[6.91,43.54]]]}},{"type":"Feature","properties":{"n":"Nalyvaiko Uprising","f":1595,"t":1599,"w":"Q2560470"},"geometry":{"type":"MultiPolygon","coordinates":[[[[31.65,48.19],[31.66,48.26],[31.74,48.26],[31.65,48.19]]],[[[30.69,50.85],[32.26,51.18],[33.41,50.45],[34.25,50.45],[34.4,49.85],[33.96,49.18],[32.48,48.79],[31.22,48.06],[29.8,47.93],[29.22,47.27],[28.88,47.86],[27.39,48.65],[25.98,48.65],[24.95,49.18],[25.03,50.78],[26.47,51.58],[25.68,52.05],[26.73,52.25],[27.35,54.34],[30.21,54.34],[30.28,52.65],[30.73,52.25],[30.69,50.85]]]]}},{"type":"Feature","properties":{"n":"Đại Việt","f":1595,"t":1652,"w":"Q1317991"},"geometry":{"type":"Polygon","coordinates":[[[105.49,23.17],[106.71,22.91],[106.66,22.21],[105.31,22.59],[105.49,23.17]]]}},{"type":"Feature","properties":{"n":"Maynila","f":1595,"t":1599,"w":"Q4401247"},"geometry":{"type":"MultiPolygon","coordinates":[[[[123.72,24.39],[123.96,24.46],[123.91,24.26],[123.72,24.39]]],[[[125.26,24.91],[125.41,24.91],[125.44,24.71],[125.26,24.91]]],[[[127.82,26.07],[127.65,26.0],[127.93,26.71],[128.42,26.84],[127.82,26.07]]],[[[129.19,28.32],[129.8,28.57],[129.35,28.12],[129.19,28.32]]]]}},{"type":"Feature","properties":{"n":"Polish-Lithuanian Commonwealth","f":1595,"t":1599,"w":"Q172107"},"geometry":{"type":"MultiPolygon","coordinates":[[[[20.28,49.12],[20.29,49.25],[20.45,49.18],[20.28,49.12]]],[[[30.28,52.65],[30.21,54.34],[27.35,54.34],[26.73,52.25],[25.68,52.05],[26.47,51.58],[25.03,50.78],[24.95,49.18],[25.56,48.59],[24.91,47.8],[22.78,49.12],[18.88,49.45],[19.24,49.85],[19.03,50.58],[17.55,51.25],[17.32,51.71],[16.13,51.71],[15.49,52.65],[16.1,52.86],[16.4,53.8],[17.08,53.6],[17.19,54.0],[17.62,54.0],[18.02,54.89],[18.46,54.89],[18.69,54.41],[20.83,54.07],[20.1,53.66],[19.45,54.21],[18.7,53.39],[19.74,53.46],[20.4,53.06],[22.42,53.6],[22.81,54.89],[20.84,56.18],[21.31,57.35],[22.52,57.83],[23.67,57.01],[24.23,57.28],[24.33,58.74],[27.3,59.29],[27.73,58.04],[27.39,57.56],[27.8,57.35],[27.65,56.94],[28.14,56.11],[29.04,56.8],[29.4,55.77],[31.37,55.98],[30.8,54.75],[32.15,53.53],[31.9,53.12],[31.31,53.19],[31.66,52.18],[30.69,51.98],[30.28,52.65]]]]}},{"type":"Feature","properties":{"n":"Mali Empire","f":1595,"t":1608,"w":"Q184536"},"geometry":{"type":"Polygon","coordinates":[[[-7.19,10.19],[-8.43,9.48],[-10.19,10.12],[-10.44,12.89],[-9.86,13.14],[-6.47,12.18],[-7.19,10.19]]]}},{"type":"Feature","properties":{"n":"(Dutch Republic)","f":1595,"t":1599,"w":"Q170072"},"geometry":{"type":"MultiPolygon","coordinates":[[[[5.04,44.19],[4.8,44.12],[4.88,44.25],[5.04,44.19]]],[[[5.59,52.12],[5.1,51.45],[2.92,51.18],[3.75,51.45],[3.4,51.65],[4.22,52.18],[4.69,53.19],[5.06,52.65],[5.54,53.39],[6.74,53.53],[7.18,53.26],[7.2,52.52],[5.59,52.12]]]]}},{"type":"Feature","properties":{"n":"(Spanish Empire)","f":1595,"t":1599,"w":"Q80702"},"geometry":{"type":"MultiPolygon","coordinates":[[[[-73.65,-42.83],[-74.1,-42.76],[-74.03,-42.44],[-73.46,-42.24],[-73.65,-42.83]]],[[[-37.24,-11.09],[-38.13,-12.83],[-39.03,-13.28],[-39.28,-17.78],[-41.14,-22.15],[-41.91,-22.41],[-42.12,-22.99],[-44.74,-23.05],[-44.7,-23.37],[-45.48,-23.69],[-45.37,-24.02],[-46.09,-23.82],[-47.95,-24.98],[-48.82,-22.92],[-45.61,-22.86],[-43.38,-22.21],[-42.49,-21.51],[-41.44,-19.71],[-40.76,-17.01],[-40.02,-15.91],[-39.53,-11.67],[-38.38,-10.39],[-36.68,-9.94],[-36.36,-6.79],[-36.68,-5.11],[-35.3,-5.44],[-34.84,-7.49],[-35.26,-9.1],[-37.24,-11.09]]],[[[-75.27,-10.77],[-75.27,-10.84],[-75.34,-10.84],[-75.27,-10.77]]],[[[-97.72,22.53],[-97.19,20.92],[-95.77,18.8],[-94.48,18.22],[-92.5,18.74],[-91.3,18.61],[-89.98,21.31],[-86.75,21.5],[-87.7,18.29],[-87.99,18.74],[-89.17,17.77],[-90.57,17.77],[-90.6,16.55],[-90.38,16.04],[-89.54,15.84],[-85.88,15.97],[-85.69,15.07],[-84.58,14.43],[-84.94,13.72],[-84.42,11.34],[-83.58,10.96],[-82.06,8.96],[-81.03,8.84],[-79.69,9.61],[-78.96,9.61],[-77.99,9.29],[-76.83,8.19],[-76.93,8.64],[-75.66,9.48],[-75.58,10.51],[-74.96,11.15],[-74.36,10.89],[-74.17,11.34],[-73.15,11.41],[-71.84,12.44],[-71.1,12.31],[-71.28,11.79],[-71.92,11.6],[-71.65,10.83],[-69.66,11.66],[-68.46,11.34],[-68.19,10.51],[-66.37,10.7],[-65.09,10.06],[-64.03,10.7],[-61.91,10.76],[-62.84,10.38],[-62.3,9.8],[-61.95,9.99],[-60.83,9.54],[-61.15,8.58],[-64.71,8.06],[-65.12,7.55],[-65.87,7.87],[-67.01,7.16],[-67.06,6.65],[-68.73,6.46],[-71.47,7.42],[-72.05,7.29],[-74.15,4.59],[-74.35,3.89],[-75.79,2.21],[-76.81,0.41],[-77.54,-1.45],[-77.85,-4.92],[-77.5,-6.85],[-76.34,-8.39],[-75.17,-11.35],[-73.87,-12.44],[-71.88,-13.15],[-70.67,-12.76],[-68.37,-13.28],[-65.67,-14.89],[-63.8,-15.34],[-62.59,-16.36],[-63.18,-20.61],[-64.19,-23.63],[-64.07,-24.79],[-63.27,-26.2],[-61.05,-26.78],[-59.61,-26.72],[-58.85,-26.27],[-57.5,-24.34],[-57.0,-24.47],[-58.43,-26.84],[-58.75,-29.99],[-58.27,-30.89],[-58.55,-34.49],[-60.52,-33.79],[-63.06,-34.62],[-65.97,-34.3],[-69.77,-34.88],[-70.48,-35.39],[-71.61,-39.59],[-72.91,-40.82],[-73.28,-41.85],[-74.34,-42.24],[-73.81,-41.79],[-74.13,-41.08],[-73.37,-39.46],[-73.84,-37.46],[-73.33,-37.13],[-72.42,-35.2],[-71.63,-32.69],[-71.94,-30.83],[-70.57,-25.17],[-70.53,-23.63],[-70.81,-23.5],[-70.27,-21.96],[-70.26,-19.84],[-70.44,-18.42],[-71.62,-17.33],[-75.22,-15.53],[-76.08,-14.69],[-76.46,-14.18],[-76.38,-13.41],[-77.8,-11.35],[-78.98,-8.46],[-79.98,-6.91],[-81.33,-6.14],[-81.01,-5.63],[-81.47,-4.41],[-80.05,-3.12],[-81.12,-2.29],[-81.03,-0.94],[-80.16,0.22],[-80.23,0.86],[-79.06,1.25],[-78.78,2.34],[-77.91,2.6],[-77.26,3.63],[-77.56,4.08],[-77.41,6.52],[-78.5,7.94],[-78.23,8.45],[-79.06,8.96],[-80.41,8.26],[-80.0,7.42],[-80.58,7.16],[-80.94,7.16],[-81.05,7.87],[-81.47,7.61],[-81.94,8.19],[-83.71,8.45],[-83.67,9.09],[-84.83,9.99],[-85.24,9.61],[-85.78,9.99],[-85.72,11.09],[-87.55,12.69],[-87.47,13.34],[-88.85,13.21],[-91.35,13.91],[-94.15,16.16],[-94.77,16.36],[-96.73,15.65],[-103.52,18.35],[-105.54,20.02],[-105.13,21.31],[-105.7,22.59],[-108.04,24.91],[-106.11,23.75],[-106.44,25.36],[-104.78,25.87],[-103.78,25.49],[-103.44,26.45],[-102.41,26.52],[-100.59,25.62],[-99.93,25.68],[-99.59,24.26],[-97.72,22.53]]],[[[-76.22,1.31],[-76.22,1.25],[-76.3,1.25],[-76.22,1.31]]],[[[-81.9,7.36],[-81.91,7.61],[-81.7,7.68],[-81.9,7.36]]],[[[-78.96,8.45],[-78.81,8.45],[-78.8,8.26],[-78.96,8.45]]],[[[-61.73,10.06],[-61.55,10.83],[-60.89,10.83],[-61.0,10.06],[-61.73,10.06]]],[[[-64.26,10.89],[-64.35,11.09],[-63.84,11.21],[-64.26,10.89]]],[[[-69.73,11.66],[-70.24,11.6],[-70.28,12.11],[-69.76,12.11],[-69.73,11.66]]],[[[-69.12,12.37],[-68.66,11.99],[-68.95,12.05],[-69.12,12.37]]],[[[-68.15,12.05],[-68.29,12.05],[-68.39,12.31],[-68.15,12.05]]],[[[-69.93,12.37],[-70.02,12.56],[-69.87,12.56],[-69.93,12.37]]],[[[-78.39,18.29],[-77.01,18.48],[-76.12,17.9],[-77.74,17.84],[-78.39,18.29]]],[[[-67.12,17.96],[-67.26,18.48],[-65.55,18.41],[-65.72,17.96],[-67.12,17.96]]],[[[-69.49,19.12],[-68.58,18.99],[-68.29,18.41],[-70.72,18.35],[-71.28,17.58],[-72.1,18.22],[-74.4,18.29],[-74.24,18.74],[-72.3,18.61],[-72.79,19.51],[-73.41,19.64],[-73.23,19.96],[-70.78,19.96],[-69.12,19.19],[-69.49,19.12]]],[[[-73.3,18.86],[-73.32,18.99],[-72.79,18.93],[-73.3,18.86]]],[[[-86.99,20.28],[-87.02,20.47],[-86.67,20.6],[-86.99,20.28]]],[[[-74.07,20.15],[-77.65,19.83],[-77.19,20.66],[-78.24,20.79],[-78.66,21.56],[-82.05,22.27],[-81.74,22.66],[-84.8,21.82],[-84.0,22.79],[-82.29,23.24],[-80.57,23.17],[-74.07,20.15]]],[[[-82.5,21.44],[-82.95,21.44],[-83.04,21.95],[-82.49,21.82],[-82.5,21.44]]],[[[-78.23,22.59],[-78.2,22.4],[-78.42,22.4],[-78.23,22.59]]],[[[-81.81,31.34],[-81.21,31.59],[-81.44,30.89],[-80.88,28.96],[-81.82,29.09],[-81.81,31.34]]],[[[-25.7,37.71],[-25.9,37.96],[-25.11,37.9],[-25.7,37.71]]],[[[-28.39,38.35],[-28.85,38.67],[-28.27,38.55],[-28.39,38.35]]],[[[-27.89,38.61],[-27.88,38.55],[-28.04,38.55],[-27.89,38.61]]],[[[-27.36,38.67],[-27.39,38.87],[-27.08,38.87],[-27.36,38.67]]],[[[-2.52,5.11],[-2.3,5.11],[-2.31,4.85],[-2.52,5.11]]],[[[-1.8,4.85],[-1.35,5.3],[-1.28,5.04],[-1.8,4.85]]],[[[-16.58,12.18],[-16.66,12.37],[-15.93,12.37],[-16.58,12.18]]],[[[-24.29,14.75],[-24.36,14.75],[-24.45,15.07],[-24.29,14.75]]],[[[-23.58,15.33],[-23.41,14.88],[-23.78,14.94],[-23.58,15.33]]],[[[-23.28,15.26],[-23.06,15.33],[-22.99,15.2],[-23.28,15.26]]],[[[-22.94,15.97],[-22.88,16.23],[-22.58,16.16],[-22.94,15.97]]],[[[-24.08,16.55],[-24.37,16.49],[-24.38,16.68],[-24.08,16.55]]],[[[-22.98,16.68],[-22.98,16.81],[-22.84,16.87],[-22.98,16.68]]],[[[-24.99,17.26],[-24.82,16.74],[-25.27,16.87],[-24.99,17.26]]],[[[-17.9,27.61],[-18.06,27.67],[-18.0,27.87],[-17.9,27.61]]],[[[-15.73,27.74],[-15.76,28.19],[-15.3,28.12],[-15.73,27.74]]],[[[-17.35,28.19],[-17.12,28.25],[-17.03,28.06],[-17.35,28.19]]],[[[-16.4,28.57],[-16.09,28.57],[-16.65,27.93],[-16.91,28.38],[-16.4,28.57]]],[[[-13.81,28.25],[-14.32,28.06],[-14.07,28.7],[-13.77,28.77],[-13.81,28.25]]],[[[-17.71,28.89],[-17.67,28.51],[-17.99,28.64],[-17.71,28.89]]],[[[-13.65,29.22],[-13.42,29.22],[-13.47,28.89],[-13.86,29.02],[-13.65,29.22]]],[[[-16.79,32.88],[-16.69,32.69],[-17.07,32.62],[-16.79,32.88]]],[[[-8.73,32.62],[-9.05,32.88],[-8.7,33.2],[-8.44,32.88],[-8.73,32.62]]],[[[-2.98,35.26],[-2.99,35.45],[-2.84,35.45],[-2.98,35.26]]],[[[-0.53,35.71],[-0.45,35.58],[-0.91,35.52],[-0.53,35.71]]],[[[-6.0,35.39],[-5.88,35.77],[-5.25,35.64],[-6.0,35.39]]],[[[1.65,39.13],[1.66,39.0],[1.27,38.8],[1.26,39.13],[1.65,39.13]]],[[[2.34,39.64],[2.88,39.97],[3.52,39.77],[3.3,39.32],[2.34,39.64]]],[[[1.58,42.43],[2.99,43.02],[3.18,42.37],[3.12,41.91],[0.7,40.94],[-0.2,39.97],[-0.31,39.13],[0.1,38.74],[-0.66,38.29],[-0.7,37.64],[-1.71,37.45],[-2.06,36.8],[-4.47,36.74],[-5.66,36.03],[-6.84,37.25],[-9.0,37.0],[-8.82,38.48],[-9.21,38.42],[-9.57,38.93],[-8.73,40.74],[-8.96,42.17],[-8.66,42.37],[-9.3,43.15],[-8.24,43.73],[-1.44,43.28],[1.58,42.43]]],[[[4.3,39.84],[3.74,40.1],[3.82,40.1],[4.3,39.84]]],[[[4.31,46.28],[4.41,46.02],[4.08,45.96],[4.31,46.28]]],[[[35.03,-24.21],[34.93,-23.82],[35.38,-23.82],[35.03,-24.21]]],[[[34.71,-20.16],[34.57,-20.29],[34.25,-19.84],[34.54,-19.58],[34.71,-20.16]]],[[[37.26,-17.39],[37.7,-17.46],[37.63,-17.59],[37.26,-17.39]]],[[[40.75,-14.69],[40.55,-15.34],[40.17,-14.95],[40.75,-14.69]]],[[[13.63,-12.44],[13.55,-12.83],[12.82,-13.02],[13.63,-12.44]]],[[[13.11,-9.49],[12.89,-9.23],[13.25,-8.46],[13.54,-9.1],[13.11,-9.49]]],[[[39.67,-8.01],[39.53,-8.01],[39.67,-7.69],[39.67,-8.01]]],[[[39.49,-6.14],[39.43,-6.53],[39.06,-6.21],[39.27,-5.76],[39.49,-6.14]]],[[[39.77,-4.99],[39.7,-5.44],[39.55,-5.44],[39.77,-4.99]]],[[[39.54,-4.34],[39.39,-4.41],[39.24,-3.96],[39.75,-3.7],[39.54,-4.34]]],[[[6.66,0.16],[6.38,0.03],[6.3,0.35],[6.66,0.16]]],[[[7.27,1.7],[7.34,1.7],[7.34,1.51],[7.27,1.7]]],[[[8.9,3.63],[8.68,3.18],[8.31,3.24],[8.54,3.76],[8.9,3.63]]],[[[76.58,9.8],[76.56,9.41],[76.26,9.35],[76.23,9.93],[76.58,9.8]]],[[[75.81,11.41],[75.93,10.96],[75.78,10.96],[75.81,11.41]]],[[[75.29,12.31],[75.41,11.92],[75.27,11.92],[75.29,12.31]]],[[[74.52,15.26],[74.55,14.81],[74.24,14.62],[73.8,15.46],[74.52,15.26]]],[[[58.4,23.24],[58.29,23.62],[58.81,23.62],[59.27,22.98],[58.4,23.24]]],[[[50.65,25.87],[50.43,25.94],[50.46,26.26],[50.65,25.87]]],[[[55.79,26.97],[56.32,27.03],[55.29,26.52],[55.79,26.97]]],[[[18.36,40.29],[18.35,39.9],[17.35,40.55],[16.62,40.29],[16.45,39.64],[17.14,39.06],[15.93,37.96],[15.39,38.16],[15.05,36.74],[12.49,37.71],[12.65,38.09],[14.6,38.03],[15.86,38.29],[16.27,38.74],[15.75,40.03],[13.79,41.13],[13.8,41.85],[13.01,42.04],[13.1,42.69],[13.99,42.95],[14.37,42.24],[16.12,41.91],[15.94,41.39],[18.36,40.29]]],[[[9.59,39.13],[8.34,39.0],[8.15,40.94],[9.5,41.2],[9.82,40.74],[9.59,39.13]]],[[[11.18,42.5],[11.18,42.56],[11.34,42.63],[11.18,42.5]]],[[[10.94,42.89],[10.62,43.02],[10.62,43.08],[10.94,42.89]]],[[[9.32,45.17],[9.4,44.45],[8.34,45.1],[8.58,45.56],[7.92,45.96],[8.32,46.41],[8.9,45.89],[9.39,46.22],[9.31,45.69],[10.45,45.04],[9.32,45.17]]],[[[5.37,46.35],[5.58,47.66],[6.89,47.93],[6.99,47.27],[5.37,46.35]]],[[[5.35,49.32],[4.82,50.11],[5.9,50.38],[5.62,51.25],[4.49,49.98],[2.55,50.11],[1.85,50.58],[2.07,51.11],[5.1,51.45],[5.59,52.12],[6.86,52.45],[6.53,51.85],[5.94,51.85],[6.07,50.45],[6.4,50.51],[6.07,50.25],[6.58,50.11],[6.36,49.25],[5.35,49.32]]],[[[123.82,-9.49],[123.81,-9.36],[124.38,-9.16],[123.82,-9.49]]],[[[125.71,-8.52],[125.52,-8.84],[125.13,-8.59],[125.71,-8.52]]],[[[122.78,-8.39],[123.0,-8.39],[123.01,-8.52],[122.78,-8.39]]],[[[128.24,-3.51],[128.25,-3.7],[127.81,-3.83],[128.24,-3.51]]],[[[102.1,3.05],[102.67,2.73],[102.42,2.02],[101.72,2.54],[102.1,3.05]]],[[[79.76,6.65],[79.79,8.51],[80.07,8.39],[80.05,6.65],[80.89,6.01],[80.23,5.88],[79.76,6.65]]],[[[123.58,9.03],[123.44,9.09],[123.54,9.35],[123.58,9.03]]],[[[124.5,10.19],[124.59,9.67],[123.78,9.54],[123.98,10.12],[124.5,10.19]]],[[[122.81,10.12],[122.9,10.89],[123.56,10.96],[123.15,9.8],[123.22,9.03],[122.85,9.03],[122.36,9.99],[122.81,10.12]]],[[[123.26,9.48],[124.11,11.28],[124.0,10.25],[123.26,9.48]]],[[[79.85,10.82],[79.85,10.83],[79.87,10.83],[79.85,10.82]]],[[[123.82,11.28],[123.79,11.02],[123.57,11.02],[123.82,11.28]]],[[[121.93,11.99],[123.12,11.54],[122.62,10.38],[121.9,10.44],[121.93,11.99]]],[[[124.09,11.73],[123.17,11.99],[123.24,12.5],[123.83,12.56],[124.09,11.73]]],[[[121.9,12.37],[122.13,12.44],[122.09,12.11],[121.9,12.37]]],[[[122.69,12.24],[122.41,12.37],[122.51,12.56],[122.69,12.24]]],[[[122.02,12.69],[122.24,12.69],[122.22,12.56],[122.02,12.69]]],[[[121.44,13.34],[121.29,12.18],[120.95,12.37],[120.37,13.53],[121.44,13.34]]],[[[80.41,13.08],[80.13,13.21],[80.38,13.46],[80.41,13.08]]],[[[122.16,13.21],[121.74,13.4],[121.75,13.46],[122.2,13.53],[122.16,13.21]]],[[[120.27,13.85],[120.31,13.66],[120.1,13.72],[120.27,13.85]]],[[[124.11,13.53],[124.12,14.11],[124.47,13.98],[124.11,13.53]]],[[[122.13,15.01],[122.07,14.62],[121.86,14.69],[122.13,15.01]]],[[[121.49,15.14],[121.84,14.11],[122.76,14.36],[123.12,13.79],[123.24,14.11],[123.87,13.91],[123.61,13.59],[124.14,13.21],[124.12,12.5],[123.45,13.01],[123.06,12.82],[123.27,13.27],[122.69,13.85],[122.74,13.21],[121.82,13.91],[121.4,13.59],[120.62,13.79],[120.97,14.62],[120.35,14.43],[119.73,16.1],[120.01,16.42],[120.4,16.1],[120.61,18.54],[122.39,18.54],[122.22,17.64],[122.64,17.13],[121.49,15.14]]],[[[113.64,22.14],[113.42,22.14],[113.54,22.4],[113.64,22.14]]]]}},{"type":"Feature","properties":{"n":"(Kingdom of France)","f":1595,"t":1601,"w":"Q207162"},"geometry":{"type":"MultiPolygon","coordinates":[[[[5.88,48.46],[5.38,48.52],[5.82,47.73],[5.37,46.35],[4.89,46.22],[5.07,45.63],[6.64,44.84],[6.81,44.32],[6.42,44.06],[6.91,43.54],[5.8,43.15],[3.85,43.6],[1.81,42.56],[-1.43,43.08],[-1.69,43.41],[-1.03,45.5],[-1.25,46.28],[-2.84,47.6],[-4.42,47.8],[-4.91,48.52],[-3.46,48.92],[-1.6,48.65],[-2.03,49.78],[0.01,49.38],[0.22,49.85],[1.45,50.25],[1.5,50.91],[1.99,51.11],[1.95,50.31],[4.49,49.98],[5.03,49.05],[4.88,48.65],[5.62,48.85],[5.88,48.46]],[[4.31,46.28],[3.99,46.28],[4.08,45.96],[4.31,46.28]]],[[[6.54,48.52],[6.79,48.46],[6.72,48.19],[6.54,48.52]]],[[[5.87,48.85],[6.03,48.92],[6.04,48.79],[5.87,48.85]]],[[[7.03,49.05],[6.62,48.85],[7.21,48.59],[5.86,48.99],[7.03,49.05]]],[[[5.7,48.99],[5.36,48.99],[5.35,49.32],[5.7,48.99]]]]}},{"type":"Feature","properties":{"n":"(Habsburg Monarchy)","f":1595,"t":1599,"w":"Q66504140"},"geometry":{"type":"MultiPolygon","coordinates":[[[[6.98,47.53],[6.89,47.93],[7.47,48.06],[7.56,47.6],[6.98,47.53]]],[[[8.21,48.26],[8.06,47.33],[7.56,47.53],[7.89,47.73],[7.63,48.26],[8.21,48.26]]],[[[9.29,47.8],[8.88,47.73],[8.96,47.99],[9.29,47.8]]],[[[8.71,47.93],[8.79,47.86],[8.63,47.86],[8.71,47.93]]],[[[8.38,48.13],[8.46,47.99],[8.21,47.99],[8.38,48.13]]],[[[8.95,48.32],[9.04,48.19],[8.87,48.19],[8.95,48.32]]],[[[8.54,48.19],[8.54,48.39],[8.79,48.26],[8.54,48.19]]],[[[8.37,48.39],[8.46,48.32],[8.21,48.26],[8.37,48.39]]],[[[9.37,48.26],[9.2,48.26],[9.2,48.39],[9.37,48.26]]],[[[8.45,48.46],[8.29,48.52],[8.37,48.59],[8.45,48.46]]],[[[8.62,48.65],[8.7,48.65],[8.7,48.52],[8.62,48.65]]],[[[18.17,46.87],[17.26,46.74],[16.91,46.22],[17.3,45.69],[16.8,45.24],[15.82,45.24],[15.8,44.71],[15.23,44.45],[14.6,45.37],[14.03,45.04],[13.79,45.24],[14.12,45.5],[13.31,45.82],[13.56,46.55],[11.11,46.41],[9.54,47.2],[9.62,47.53],[12.51,47.66],[12.18,47.07],[13.65,47.01],[13.18,48.06],[14.1,48.65],[12.53,49.52],[12.12,50.25],[14.33,50.98],[14.26,51.71],[13.42,52.05],[13.94,52.32],[14.78,51.92],[15.65,52.32],[16.13,51.71],[17.32,51.71],[19.19,50.38],[18.88,49.45],[21.8,49.38],[22.44,49.05],[22.34,47.73],[20.83,47.33],[20.13,47.99],[19.13,47.86],[18.17,46.87]],[[20.29,49.25],[20.28,49.12],[20.45,49.18],[20.29,49.25]],[[14.27,51.92],[14.19,52.12],[13.93,52.05],[14.27,51.92]]],[[[9.45,47.99],[9.54,47.99],[9.54,47.86],[9.45,47.99]]],[[[10.36,47.99],[10.12,48.06],[10.2,48.26],[10.53,48.26],[10.36,47.99]]],[[[9.45,48.19],[9.45,48.46],[9.95,48.46],[9.45,48.19]]],[[[10.2,48.39],[10.28,48.32],[10.11,48.32],[10.2,48.39]]],[[[13.67,51.65],[13.24,51.71],[13.25,51.85],[13.67,51.65]]]]}},{"type":"Feature","properties":{"n":"Denmark-Norway","f":1595,"t":1611,"w":"Q62651"},"geometry":{"type":"MultiPolygon","coordinates":[[[[9.75,55.57],[10.63,55.63],[10.88,54.95],[10.54,54.75],[9.93,55.09],[9.93,54.55],[11.05,54.21],[9.93,53.6],[8.89,53.87],[8.53,55.36],[8.0,55.63],[7.98,56.66],[8.5,57.21],[10.46,57.77],[10.28,56.59],[10.9,56.52],[10.81,56.18],[10.37,56.25],[9.75,55.57]]],[[[10.63,55.77],[10.36,55.77],[10.45,55.98],[10.63,55.77]]],[[[14.32,55.98],[14.3,55.36],[12.81,55.36],[12.56,55.98],[12.1,54.75],[10.88,54.75],[11.67,55.09],[10.97,55.29],[10.89,55.77],[11.77,55.84],[12.75,56.52],[11.79,57.42],[11.98,57.77],[13.46,56.59],[16.09,56.32],[14.32,55.98]]],[[[-6.71,61.41],[-6.99,61.48],[-7.02,61.62],[-6.71,61.41]]],[[[-6.66,62.26],[-6.69,61.9],[-7.28,62.05],[-6.66,62.26]]],[[[-19.55,65.81],[-19.2,66.25],[-17.59,66.03],[-15.79,66.55],[-13.7,65.59],[-13.47,65.08],[-14.8,64.28],[-15.5,64.42],[-18.16,63.41],[-19.39,63.41],[-21.15,63.91],[-22.8,63.77],[-22.83,64.13],[-22.17,64.13],[-22.1,64.49],[-24.16,64.93],[-22.06,65.52],[-24.03,65.37],[-24.42,65.66],[-23.8,65.81],[-23.67,66.25],[-22.94,66.11],[-23.0,66.55],[-21.48,66.11],[-21.26,65.44],[-20.4,65.74],[-20.54,66.18],[-19.55,65.81]]],[[[12.89,68.12],[13.19,68.12],[13.19,67.97],[12.89,68.12]]],[[[13.58,68.05],[13.39,68.05],[13.7,68.42],[14.09,68.2],[13.58,68.05]]],[[[15.08,55.23],[15.07,55.02],[14.64,55.09],[15.08,55.23]]],[[[18.91,57.42],[18.08,56.94],[18.23,57.83],[19.05,57.97],[18.91,57.42]]],[[[22.25,58.67],[23.23,58.6],[21.9,57.9],[21.88,58.53],[22.25,58.67]]],[[[28.18,70.57],[28.68,70.95],[31.03,70.57],[29.66,69.95],[30.92,69.72],[28.85,69.03],[29.2,69.72],[26.52,69.95],[24.86,68.57],[22.78,68.65],[21.07,69.26],[20.24,69.03],[19.96,68.42],[18.09,68.57],[18.05,68.12],[16.23,67.59],[16.38,67.07],[14.57,66.11],[14.34,65.22],[16.48,64.35],[15.49,63.7],[16.59,63.12],[14.69,62.62],[15.23,62.19],[14.74,61.69],[12.51,61.69],[12.78,61.19],[12.31,60.98],[12.57,60.35],[11.92,59.92],[12.16,58.18],[11.89,57.97],[11.18,58.39],[11.1,59.16],[10.56,59.64],[10.01,58.95],[7.6,57.97],[5.51,58.6],[6.03,59.36],[5.21,59.29],[5.45,60.14],[4.9,60.21],[5.08,62.26],[5.92,62.19],[6.64,62.76],[7.4,62.62],[6.92,63.05],[8.23,63.19],[7.84,63.55],[9.07,63.7],[9.26,63.41],[10.3,64.42],[11.35,64.49],[11.45,65.0],[12.13,65.15],[12.53,65.74],[12.35,66.25],[12.82,66.03],[12.94,66.62],[15.88,68.27],[14.19,68.2],[14.9,68.57],[14.42,68.8],[15.03,69.11],[15.52,68.8],[15.75,69.33],[16.15,69.33],[15.92,68.88],[17.52,68.88],[17.65,69.18],[17.04,69.11],[16.87,69.49],[18.58,69.49],[18.2,69.72],[19.59,70.33],[19.84,69.87],[20.81,70.33],[20.77,70.02],[21.77,69.95],[21.43,70.41],[22.33,70.33],[22.41,70.8],[24.33,70.72],[25.87,71.27],[25.88,70.8],[26.75,71.03],[26.56,70.64],[26.96,70.57],[27.71,71.19],[28.46,70.88],[28.18,70.57]]],[[[23.97,70.95],[23.99,71.11],[24.1,71.11],[23.97,70.95]]]]}},{"type":"Feature","properties":{"n":"(Holy Roman Empire)","f":1595,"t":1599,"w":"Q12548"},"geometry":{"type":"MultiPolygon","coordinates":[[[[8.11,43.99],[7.71,44.12],[8.5,45.04],[8.75,44.97],[8.11,43.99]]],[[[6.83,47.14],[7.08,46.94],[6.51,46.87],[6.83,47.14]]],[[[4.49,49.98],[5.62,51.25],[5.9,50.38],[4.82,50.11],[5.18,49.58],[4.94,49.18],[4.49,49.98]]],[[[9.4,44.45],[9.32,45.17],[10.45,45.04],[10.62,45.43],[11.59,44.91],[10.7,43.8],[9.4,44.45]]],[[[11.99,44.65],[11.75,44.84],[11.83,44.97],[12.24,44.97],[11.99,44.65]]],[[[11.52,46.61],[12.09,46.68],[11.02,45.76],[10.45,45.89],[10.53,46.55],[11.52,46.61]]],[[[9.54,47.27],[9.63,47.14],[9.46,47.14],[9.54,47.27]]],[[[13.18,48.06],[13.65,47.01],[12.18,47.07],[12.51,47.66],[13.0,47.53],[13.18,48.06]]],[[[13.36,48.99],[14.1,48.65],[13.27,48.59],[13.36,48.99]]],[[[12.55,50.85],[12.81,50.98],[12.8,50.65],[12.55,50.85]]],[[[7.73,47.53],[7.47,48.06],[7.06,47.93],[7.03,48.99],[7.53,49.12],[6.69,49.32],[7.69,49.38],[7.95,48.99],[8.78,49.25],[7.76,49.91],[7.6,49.58],[6.35,49.58],[6.58,50.11],[6.07,50.25],[6.4,50.51],[6.07,50.45],[5.96,51.18],[6.2,51.51],[5.94,51.85],[6.53,51.85],[7.2,52.52],[7.08,53.73],[10.36,53.66],[10.53,54.0],[13.41,54.75],[13.74,54.27],[13.3,54.21],[14.5,53.73],[15.04,54.21],[18.02,54.89],[17.08,53.6],[15.98,54.07],[16.05,53.66],[14.65,53.06],[13.9,53.73],[13.2,53.33],[11.31,53.46],[11.39,53.06],[10.79,52.99],[10.87,52.59],[11.55,52.38],[12.33,52.79],[12.4,51.71],[11.63,51.25],[10.87,51.38],[10.1,51.25],[11.88,50.98],[12.05,51.31],[12.55,50.91],[11.79,50.85],[12.21,50.78],[12.12,50.18],[11.2,49.78],[10.94,48.85],[10.03,49.12],[10.53,48.26],[10.12,48.06],[10.53,48.19],[10.61,47.6],[10.12,47.33],[9.04,47.73],[9.29,47.99],[8.47,47.6],[8.22,47.66],[8.21,47.99],[8.46,47.99],[8.21,48.13],[8.21,48.26],[7.63,48.26],[7.73,47.53]],[[8.37,48.39],[8.21,48.39],[8.21,48.26],[8.37,48.39]],[[10.87,51.45],[11.46,51.65],[10.87,51.65],[10.87,51.45]],[[10.11,48.32],[10.28,48.32],[10.2,48.39],[10.11,48.32]],[[10.03,48.26],[9.45,48.46],[9.45,48.19],[10.03,48.26]],[[9.45,47.99],[9.37,47.86],[9.54,47.86],[9.45,47.99]],[[9.2,48.39],[9.2,48.26],[9.37,48.26],[9.2,48.39]],[[8.95,48.32],[8.87,48.32],[8.87,48.19],[8.95,48.32]],[[8.71,47.99],[8.63,47.99],[8.79,47.86],[8.71,47.99]],[[8.45,48.46],[8.45,48.59],[8.29,48.52],[8.45,48.46]],[[8.79,48.26],[8.54,48.39],[8.54,48.19],[8.79,48.26]],[[8.54,48.52],[8.7,48.52],[8.7,48.65],[8.54,48.52]]]]}},{"type":"Feature","properties":{"n":"Dutch Republic","f":1595,"t":1599,"w":"Q170072"},"geometry":{"type":"MultiPolygon","coordinates":[[[[5.04,44.19],[4.8,44.12],[4.88,44.25],[5.04,44.19]]],[[[5.59,52.12],[5.1,51.45],[2.92,51.18],[3.75,51.45],[3.4,51.65],[4.22,52.18],[4.69,53.19],[5.06,52.65],[5.54,53.39],[6.74,53.53],[7.18,53.26],[7.2,52.52],[5.59,52.12]]]]}},{"type":"Feature","properties":{"n":"Kingdom of France","f":1595,"t":1601,"w":"Q207162"},"geometry":{"type":"MultiPolygon","coordinates":[[[[5.88,48.46],[5.38,48.52],[5.82,47.73],[5.37,46.35],[4.89,46.22],[5.07,45.63],[6.64,44.84],[6.81,44.32],[6.42,44.06],[6.91,43.54],[5.8,43.15],[3.85,43.6],[1.81,42.56],[-1.43,43.08],[-1.69,43.41],[-1.03,45.5],[-1.25,46.28],[-2.84,47.6],[-4.42,47.8],[-4.91,48.52],[-3.46,48.92],[-1.6,48.65],[-2.03,49.78],[0.01,49.38],[0.22,49.85],[1.45,50.25],[1.5,50.91],[1.99,51.11],[1.95,50.31],[4.49,49.98],[5.03,49.05],[4.88,48.65],[5.62,48.85],[5.88,48.46]],[[4.31,46.28],[3.99,46.28],[4.08,45.96],[4.31,46.28]]],[[[6.54,48.52],[6.79,48.46],[6.72,48.19],[6.54,48.52]]],[[[5.87,48.85],[6.03,48.92],[6.04,48.79],[5.87,48.85]]],[[[7.03,49.05],[6.62,48.85],[7.21,48.59],[5.86,48.99],[7.03,49.05]]],[[[5.7,48.99],[5.36,48.99],[5.35,49.32],[5.7,48.99]]]]}},{"type":"Feature","properties":{"n":"Kingdom of England","f":1595,"t":1599,"w":"Q179876"},"geometry":{"type":"MultiPolygon","coordinates":[[[[0.3,53.39],[0.08,52.92],[1.09,53.06],[1.72,52.72],[1.59,52.12],[0.52,51.51],[1.38,51.38],[1.31,51.11],[0.49,50.78],[-1.37,50.85],[-1.18,50.58],[-3.13,50.71],[-3.58,50.25],[-5.75,50.05],[-4.2,51.31],[-3.09,51.25],[-2.95,51.45],[-4.91,51.58],[-5.22,52.05],[-4.16,52.45],[-4.3,52.92],[-4.79,52.79],[-4.49,53.12],[-4.7,53.46],[-3.15,53.46],[-2.97,54.14],[-3.59,54.27],[-3.65,54.82],[-2.56,55.23],[-2.11,55.91],[-1.29,54.68],[-0.67,54.61],[0.3,53.39]]],[[[-6.43,52.18],[-8.48,51.65],[-9.81,51.45],[-10.45,51.78],[-10.25,52.12],[-10.53,52.25],[-9.94,52.32],[-9.38,53.12],[-10.21,53.46],[-9.83,53.8],[-10.01,54.34],[-6.54,54.34],[-6.09,52.86],[-6.43,52.18]]],[[[-4.36,54.21],[-4.86,54.07],[-4.81,54.34],[-4.36,54.21]]],[[[-5.73,54.75],[-5.99,54.75],[-5.93,54.95],[-5.73,54.75]]]]}},{"type":"Feature","properties":{"n":"Kingdom of Sweden","f":1595,"t":1611,"w":"Q34"},"geometry":{"type":"MultiPolygon","coordinates":[[[[22.2,59.02],[22.84,59.09],[22.9,58.81],[22.2,59.02]]],[[[24.62,58.88],[24.27,58.25],[23.41,58.53],[23.41,59.29],[25.37,59.71],[28.06,59.5],[27.55,59.16],[24.62,58.88]]],[[[20.17,60.42],[20.15,60.21],[19.68,60.14],[19.72,60.49],[20.17,60.42]]],[[[28.45,60.7],[23.03,59.85],[21.46,60.56],[21.5,61.69],[20.95,62.62],[21.5,63.34],[22.16,63.34],[24.56,64.93],[25.23,64.93],[25.23,65.52],[22.38,65.81],[22.44,65.52],[21.21,64.93],[21.54,64.42],[20.81,63.91],[17.39,62.47],[17.26,60.77],[18.61,60.42],[19.01,59.71],[18.35,59.43],[18.41,59.09],[16.66,58.46],[16.48,56.87],[17.13,57.42],[16.63,56.39],[13.46,56.59],[12.33,57.77],[11.71,57.7],[12.16,58.18],[11.92,59.92],[12.57,60.35],[12.31,60.98],[12.78,61.19],[12.51,61.69],[14.74,61.69],[15.23,62.19],[14.69,62.62],[16.59,63.12],[15.49,63.7],[16.48,64.35],[14.34,65.22],[14.57,66.11],[16.38,67.07],[16.23,67.59],[18.05,68.12],[18.09,68.57],[19.96,68.42],[20.24,69.03],[21.07,69.26],[22.78,68.65],[24.86,68.57],[26.52,69.95],[29.2,69.72],[28.42,68.42],[29.94,67.67],[29.13,67.15],[29.12,66.62],[30.31,65.81],[29.3,64.2],[29.91,62.55],[29.29,61.26],[29.93,60.28],[28.99,60.14],[28.45,60.7]]]]}},{"type":"Feature","properties":{"n":"Saadi Sultanate","f":1595,"t":1599,"w":"Q1136188"},"geometry":{"type":"Polygon","coordinates":[[[-1.72,34.68],[-1.58,33.39],[-3.42,32.04],[-4.91,29.92],[-2.83,27.22],[-3.02,21.24],[-2.55,19.76],[-1.55,18.16],[0.38,17.26],[0.61,16.23],[-2.27,16.42],[-3.29,16.1],[-3.8,15.78],[-4.44,13.66],[-4.87,13.34],[-5.54,13.66],[-5.7,14.62],[-4.78,17.0],[-4.34,20.41],[-4.91,24.52],[-7.12,28.64],[-9.18,27.87],[-11.62,28.25],[-9.83,29.79],[-9.8,31.59],[-9.13,32.81],[-8.73,32.62],[-8.55,33.33],[-6.9,33.91],[-6.0,35.39],[-5.24,35.58],[-4.75,35.19],[-1.72,34.68]]]}},{"type":"Feature","properties":{"n":"Warring States Japan","f":1595,"t":1599,"w":"Q204023"},"geometry":{"type":"MultiPolygon","coordinates":[[[[129.99,32.56],[130.53,32.56],[130.13,32.17],[129.99,32.56]]],[[[128.77,32.56],[128.57,32.62],[128.65,32.81],[128.77,32.56]]],[[[129.73,33.84],[129.88,33.84],[129.82,33.71],[129.73,33.84]]],[[[129.4,34.29],[129.31,34.1],[129.11,34.16],[129.4,34.29]]],[[[129.43,34.36],[129.23,34.42],[129.29,34.55],[129.43,34.36]]],[[[127.74,36.61],[126.6,37.13],[126.58,37.84],[127.31,38.03],[128.74,36.74],[128.97,35.97],[129.57,35.77],[128.88,35.0],[127.74,36.61]]],[[[130.44,30.5],[130.72,30.44],[130.62,30.18],[130.44,30.5]]],[[[131.17,30.82],[131.02,30.44],[130.82,30.5],[131.17,30.82]]],[[[133.33,36.16],[133.1,36.16],[133.2,36.35],[133.33,36.16]]],[[[141.51,38.35],[140.92,38.03],[141.13,37.32],[140.61,36.42],[140.91,35.84],[140.41,35.19],[139.7,34.87],[139.96,35.64],[139.72,35.19],[139.21,35.26],[138.95,34.61],[138.8,35.07],[138.26,34.61],[137.22,34.55],[136.73,34.94],[136.91,34.23],[136.45,34.23],[135.81,33.39],[135.03,33.84],[135.21,34.68],[134.22,33.26],[133.54,33.46],[133.03,32.69],[132.08,33.46],[132.88,34.16],[133.51,34.04],[134.94,34.61],[132.32,34.29],[132.19,33.84],[131.09,33.97],[131.1,33.65],[131.82,33.71],[131.64,33.33],[132.08,32.94],[131.41,31.4],[130.79,31.01],[130.14,31.27],[130.1,31.91],[130.52,32.36],[130.57,32.81],[129.79,32.62],[129.6,33.39],[132.69,35.52],[135.38,35.77],[135.71,35.52],[136.71,36.8],[136.72,37.38],[137.37,37.58],[137.1,36.8],[138.51,37.38],[139.95,39.26],[139.77,40.55],[140.34,41.26],[141.54,41.39],[141.44,40.68],[141.97,39.71],[141.51,38.35]]],[[[138.34,38.29],[138.61,38.35],[138.34,37.77],[138.34,38.29]]],[[[140.23,42.24],[140.94,41.78],[139.95,41.39],[140.23,42.24]]]]}},{"type":"Feature","properties":{"n":"Ming Dynasty","f":1595,"t":1599,"w":"Q9903"},"geometry":{"type":"MultiPolygon","coordinates":[[[[108.76,18.41],[108.7,19.38],[109.25,19.96],[110.91,20.15],[111.03,19.57],[109.86,18.35],[108.76,18.41]]],[[[122.28,29.99],[121.98,29.99],[122.05,30.18],[122.28,29.99]]],[[[124.04,40.87],[124.29,40.36],[124.73,40.42],[124.23,39.84],[121.03,38.74],[121.69,39.38],[121.28,39.64],[122.23,40.48],[121.11,40.87],[119.22,39.32],[117.89,39.19],[117.58,38.74],[118.07,38.16],[119.46,37.96],[119.16,37.19],[120.75,37.9],[122.71,37.45],[122.39,36.8],[120.98,36.61],[119.23,34.81],[120.34,34.36],[120.92,32.62],[121.99,31.85],[121.58,31.4],[121.9,30.82],[120.68,30.18],[121.48,30.31],[122.03,29.92],[121.94,29.22],[121.74,29.54],[121.57,29.47],[121.65,28.32],[121.12,28.32],[119.59,26.13],[119.53,25.62],[119.87,25.49],[119.27,25.49],[118.76,24.59],[118.15,24.52],[116.54,22.91],[114.64,22.72],[114.37,22.08],[113.6,22.72],[113.07,21.89],[110.42,21.18],[110.49,20.28],[109.88,20.21],[109.81,21.5],[107.1,21.76],[106.66,22.21],[106.71,22.91],[105.44,23.3],[103.96,22.53],[101.72,22.46],[101.81,21.18],[101.36,21.18],[100.76,22.98],[99.21,24.71],[98.79,27.35],[98.16,28.19],[98.87,28.32],[99.4,29.47],[99.61,28.25],[100.68,29.73],[101.87,33.52],[101.2,33.78],[101.69,34.1],[100.85,34.55],[102.03,34.61],[101.71,35.0],[102.92,36.35],[102.1,37.77],[101.7,37.58],[99.9,38.87],[100.61,39.77],[102.09,38.87],[103.12,39.06],[102.84,38.42],[104.46,37.64],[106.38,38.09],[107.33,39.64],[107.65,39.32],[107.29,38.55],[109.08,37.84],[109.53,37.96],[110.42,39.51],[112.5,40.36],[114.68,40.42],[116.61,41.2],[117.34,40.94],[117.37,40.42],[118.42,40.61],[119.36,40.03],[121.45,41.59],[121.93,41.72],[122.01,41.33],[122.41,41.33],[123.7,42.89],[124.66,42.76],[124.21,42.04],[124.04,40.87]]]]}},{"type":"Feature","properties":{"n":"Western Moghulistan","f":1595,"t":1608,"w":"Q1191125"},"geometry":{"type":"Polygon","coordinates":[[[78.77,41.59],[75.3,39.06],[73.67,38.61],[73.95,40.03],[73.36,42.04],[73.67,42.24],[78.55,42.89],[79.97,42.43],[79.98,42.04],[78.77,41.59]]]}},{"type":"Feature","properties":{"n":"Don Cossacks","f":1595,"t":1635,"w":"Q1057292"},"geometry":{"type":"Polygon","coordinates":[[[43.03,48.72],[41.29,47.07],[38.34,47.6],[39.27,49.05],[39.95,49.12],[39.96,49.58],[40.92,49.78],[43.32,49.32],[43.03,48.72]]]}},{"type":"Feature","properties":{"n":"Holy Roman Empire Minor States","f":1595,"t":1599,"w":"Q12548"},"geometry":{"type":"MultiPolygon","coordinates":[[[[8.11,43.99],[7.71,44.12],[8.5,45.04],[8.75,44.97],[8.11,43.99]]],[[[6.83,47.14],[7.08,46.94],[6.51,46.87],[6.83,47.14]]],[[[4.49,49.98],[5.62,51.25],[5.9,50.38],[4.82,50.11],[5.18,49.58],[4.94,49.18],[4.49,49.98]]],[[[9.4,44.45],[9.32,45.17],[10.45,45.04],[10.62,45.43],[11.59,44.91],[10.7,43.8],[9.4,44.45]]],[[[11.99,44.65],[11.75,44.84],[11.83,44.97],[12.24,44.97],[11.99,44.65]]],[[[11.52,46.61],[12.09,46.68],[11.02,45.76],[10.45,45.89],[10.53,46.55],[11.52,46.61]]],[[[9.54,47.27],[9.63,47.14],[9.46,47.14],[9.54,47.27]]],[[[13.18,48.06],[13.65,47.01],[12.18,47.07],[12.51,47.66],[13.0,47.53],[13.18,48.06]]],[[[13.36,48.99],[14.1,48.65],[13.27,48.59],[13.36,48.99]]],[[[12.55,50.85],[12.81,50.98],[12.8,50.65],[12.55,50.85]]],[[[7.73,47.53],[7.47,48.06],[7.06,47.93],[7.03,48.99],[7.53,49.12],[6.69,49.32],[7.69,49.38],[7.95,48.99],[8.78,49.25],[7.76,49.91],[7.6,49.58],[6.35,49.58],[6.58,50.11],[6.07,50.25],[6.4,50.51],[6.07,50.45],[5.96,51.18],[6.2,51.51],[5.94,51.85],[6.53,51.85],[7.2,52.52],[7.08,53.73],[10.36,53.66],[10.53,54.0],[13.41,54.75],[13.74,54.27],[13.3,54.21],[14.5,53.73],[15.04,54.21],[18.02,54.89],[17.08,53.6],[15.98,54.07],[16.05,53.66],[14.65,53.06],[13.9,53.73],[13.2,53.33],[11.31,53.46],[11.39,53.06],[10.79,52.99],[10.87,52.59],[11.55,52.38],[12.33,52.79],[12.4,51.71],[11.63,51.25],[10.87,51.38],[10.1,51.25],[11.88,50.98],[12.05,51.31],[12.55,50.91],[11.79,50.85],[12.21,50.78],[12.12,50.18],[11.2,49.78],[10.94,48.85],[10.03,49.12],[10.53,48.26],[10.12,48.06],[10.53,48.19],[10.61,47.6],[10.12,47.33],[9.04,47.73],[9.29,47.99],[8.47,47.6],[8.22,47.66],[8.21,47.99],[8.46,47.99],[8.21,48.13],[8.21,48.26],[7.63,48.26],[7.73,47.53]],[[8.37,48.39],[8.21,48.39],[8.21,48.26],[8.37,48.39]],[[10.87,51.45],[11.46,51.65],[10.87,51.65],[10.87,51.45]],[[10.11,48.32],[10.28,48.32],[10.2,48.39],[10.11,48.32]],[[10.03,48.26],[9.45,48.46],[9.45,48.19],[10.03,48.26]],[[9.45,47.99],[9.37,47.86],[9.54,47.86],[9.45,47.99]],[[9.2,48.39],[9.2,48.26],[9.37,48.26],[9.2,48.39]],[[8.95,48.32],[8.87,48.32],[8.87,48.19],[8.95,48.32]],[[8.71,47.99],[8.63,47.99],[8.79,47.86],[8.71,47.99]],[[8.45,48.46],[8.45,48.59],[8.29,48.52],[8.45,48.46]],[[8.79,48.26],[8.54,48.39],[8.54,48.19],[8.79,48.26]],[[8.54,48.52],[8.7,48.52],[8.7,48.65],[8.54,48.52]]]]}},{"type":"Feature","properties":{"n":"Safavid Dynasty","f":1595,"t":1599,"w":"Q161205"},"geometry":{"type":"Polygon","coordinates":[[[62.02,25.04],[59.06,25.36],[57.38,25.74],[56.71,27.16],[54.83,26.45],[51.45,27.87],[50.06,30.18],[49.02,30.31],[48.92,34.04],[49.5,36.29],[50.55,37.0],[51.64,36.55],[54.03,36.87],[53.88,37.71],[56.37,38.42],[56.08,38.87],[56.39,39.9],[57.83,41.26],[60.84,40.94],[62.38,41.33],[62.65,39.71],[64.66,38.03],[65.94,37.51],[66.36,36.67],[66.13,33.26],[65.49,33.14],[65.4,32.3],[64.84,31.79],[64.77,30.56],[65.01,30.18],[66.69,29.86],[66.55,26.52],[66.02,25.36],[62.02,25.04]]]}},{"type":"Feature","properties":{"n":"Kazakh Khanate","f":1595,"t":1599,"w":"Q1433867"},"geometry":{"type":"MultiPolygon","coordinates":[[[[53.1,46.02],[53.18,46.02],[53.17,45.96],[53.1,46.02]]],[[[63.18,54.21],[67.41,53.06],[70.38,52.99],[73.34,53.26],[77.51,54.61],[76.57,53.19],[77.14,52.32],[79.43,50.98],[81.09,51.25],[84.14,50.78],[84.83,50.18],[83.77,49.58],[85.3,48.99],[85.51,47.73],[84.7,46.87],[83.04,47.01],[81.82,45.37],[79.95,44.97],[80.41,44.71],[80.79,43.28],[80.16,42.3],[78.55,42.89],[73.95,42.37],[73.36,42.04],[73.75,41.33],[73.08,40.74],[70.58,39.58],[67.68,39.06],[66.8,39.58],[67.53,40.74],[62.39,43.02],[60.88,44.45],[61.58,44.91],[61.72,45.37],[61.34,45.43],[61.25,45.96],[61.64,46.94],[60.12,46.81],[59.31,46.02],[58.64,45.96],[57.96,44.45],[58.34,43.47],[57.33,43.02],[52.74,42.63],[51.44,43.21],[51.07,44.06],[50.26,44.39],[51.42,44.52],[51.02,44.84],[51.47,45.37],[54.3,44.97],[54.29,45.56],[53.06,45.56],[53.35,46.35],[53.11,47.01],[52.11,46.94],[51.92,49.91],[52.58,52.32],[54.24,52.45],[58.92,51.71],[59.93,51.92],[61.16,53.53],[63.18,54.21]]]]}},{"type":"Feature","properties":{"n":"(Kingdom of England)","f":1595,"t":1599,"w":"Q179876"},"geometry":{"type":"MultiPolygon","coordinates":[[[[0.3,53.39],[0.08,52.92],[1.09,53.06],[1.72,52.72],[1.59,52.12],[0.52,51.51],[1.38,51.38],[1.31,51.11],[0.49,50.78],[-1.37,50.85],[-1.18,50.58],[-3.13,50.71],[-3.58,50.25],[-5.75,50.05],[-4.2,51.31],[-3.09,51.25],[-2.95,51.45],[-4.91,51.58],[-5.22,52.05],[-4.16,52.45],[-4.3,52.92],[-4.79,52.79],[-4.49,53.12],[-4.7,53.46],[-3.15,53.46],[-2.97,54.14],[-3.59,54.27],[-3.65,54.82],[-2.56,55.23],[-2.11,55.91],[-1.29,54.68],[-0.67,54.61],[0.3,53.39]]],[[[-6.43,52.18],[-8.48,51.65],[-9.81,51.45],[-10.45,51.78],[-10.25,52.12],[-10.53,52.25],[-9.94,52.32],[-9.38,53.12],[-10.21,53.46],[-9.83,53.8],[-10.01,54.34],[-6.54,54.34],[-6.09,52.86],[-6.43,52.18]]],[[[-4.36,54.21],[-4.86,54.07],[-4.81,54.34],[-4.36,54.21]]],[[[-5.73,54.75],[-5.99,54.75],[-5.93,54.95],[-5.73,54.75]]]]}},{"type":"Feature","properties":{"n":"Crimean Khanate","f":1595,"t":1647,"w":"Q160440"},"geometry":{"type":"MultiPolygon","coordinates":[[[[35.02,45.3],[36.38,45.17],[34.03,44.65],[32.61,45.5],[34.15,46.09],[35.02,45.3]]],[[[37.84,47.6],[39.22,47.47],[35.63,46.68],[34.74,46.15],[31.82,46.35],[33.69,46.87],[34.47,47.66],[37.46,47.27],[37.84,47.6]]]]}},{"type":"Feature","properties":{"n":"Lan Xang","f":1595,"t":1599,"w":"Q853477"},"geometry":{"type":"Polygon","coordinates":[[[105.12,18.74],[106.69,16.49],[107.5,16.04],[107.51,14.56],[106.17,14.43],[106.03,13.91],[103.61,14.49],[103.05,15.78],[103.23,16.55],[101.87,16.81],[101.02,17.51],[101.4,19.06],[101.18,19.57],[100.46,19.7],[100.6,20.09],[100.15,20.54],[101.18,21.44],[101.81,21.18],[101.72,22.46],[103.77,22.72],[104.73,21.37],[104.5,20.41],[104.98,20.15],[104.04,19.38],[105.12,18.74]]]}},{"type":"Feature","properties":{"n":"Spanish Empire","f":1595,"t":1599,"w":"Q80702"},"geometry":{"type":"MultiPolygon","coordinates":[[[[-73.65,-42.83],[-74.1,-42.76],[-74.03,-42.44],[-73.46,-42.24],[-73.65,-42.83]]],[[[-37.24,-11.09],[-38.13,-12.83],[-39.03,-13.28],[-39.28,-17.78],[-41.14,-22.15],[-41.91,-22.41],[-42.12,-22.99],[-44.74,-23.05],[-44.7,-23.37],[-45.48,-23.69],[-45.37,-24.02],[-46.09,-23.82],[-47.95,-24.98],[-48.82,-22.92],[-45.61,-22.86],[-43.38,-22.21],[-42.49,-21.51],[-41.44,-19.71],[-40.76,-17.01],[-40.02,-15.91],[-39.53,-11.67],[-38.38,-10.39],[-36.68,-9.94],[-36.36,-6.79],[-36.68,-5.11],[-35.3,-5.44],[-34.84,-7.49],[-35.26,-9.1],[-37.24,-11.09]]],[[[-75.34,-10.77],[-75.27,-10.77],[-75.27,-10.84],[-75.34,-10.77]]],[[[-97.72,22.53],[-97.19,20.92],[-95.77,18.8],[-94.48,18.22],[-92.5,18.74],[-91.3,18.61],[-89.98,21.31],[-86.75,21.5],[-87.7,18.29],[-87.99,18.74],[-89.17,17.77],[-90.57,17.77],[-90.6,16.55],[-90.38,16.04],[-89.54,15.84],[-85.88,15.97],[-85.69,15.07],[-84.58,14.43],[-84.94,13.72],[-84.42,11.34],[-83.58,10.96],[-82.06,8.96],[-81.03,8.84],[-79.69,9.61],[-78.96,9.61],[-77.99,9.29],[-76.83,8.19],[-76.93,8.64],[-75.66,9.48],[-75.58,10.51],[-74.96,11.15],[-74.36,10.89],[-74.17,11.34],[-73.15,11.41],[-71.84,12.44],[-71.1,12.31],[-71.28,11.79],[-71.92,11.6],[-71.65,10.83],[-69.66,11.66],[-68.46,11.34],[-68.19,10.51],[-66.37,10.7],[-65.09,10.06],[-64.03,10.7],[-61.91,10.76],[-62.84,10.38],[-62.3,9.8],[-61.95,9.99],[-60.83,9.54],[-61.15,8.58],[-64.71,8.06],[-65.12,7.55],[-65.87,7.87],[-67.01,7.16],[-67.06,6.65],[-68.73,6.46],[-71.47,7.42],[-72.05,7.29],[-74.15,4.59],[-74.35,3.89],[-75.79,2.21],[-76.81,0.41],[-77.54,-1.45],[-77.85,-4.92],[-77.5,-6.85],[-76.34,-8.39],[-75.17,-11.35],[-73.87,-12.44],[-71.88,-13.15],[-70.67,-12.76],[-68.37,-13.28],[-65.67,-14.89],[-63.8,-15.34],[-62.59,-16.36],[-63.18,-20.61],[-64.19,-23.63],[-64.07,-24.79],[-63.27,-26.2],[-61.05,-26.78],[-59.61,-26.72],[-58.85,-26.27],[-57.5,-24.34],[-57.0,-24.47],[-58.43,-26.84],[-58.75,-29.99],[-58.27,-30.89],[-58.55,-34.49],[-60.52,-33.79],[-63.06,-34.62],[-65.97,-34.3],[-69.77,-34.88],[-70.48,-35.39],[-71.61,-39.59],[-72.91,-40.82],[-73.28,-41.85],[-74.34,-42.24],[-73.81,-41.79],[-74.13,-41.08],[-73.37,-39.46],[-73.84,-37.46],[-73.33,-37.13],[-72.42,-35.2],[-71.63,-32.69],[-71.94,-30.83],[-70.57,-25.17],[-70.53,-23.63],[-70.81,-23.5],[-70.27,-21.96],[-70.26,-19.84],[-70.44,-18.42],[-71.62,-17.33],[-75.22,-15.53],[-76.08,-14.69],[-76.46,-14.18],[-76.38,-13.41],[-77.8,-11.35],[-78.98,-8.46],[-79.98,-6.91],[-81.33,-6.14],[-81.01,-5.63],[-81.47,-4.41],[-80.05,-3.12],[-81.12,-2.29],[-81.03,-0.94],[-80.16,0.22],[-80.23,0.86],[-79.06,1.25],[-78.78,2.34],[-77.91,2.6],[-77.26,3.63],[-77.56,4.08],[-77.41,6.52],[-78.5,7.94],[-78.23,8.45],[-79.06,8.96],[-80.41,8.26],[-80.0,7.42],[-80.58,7.16],[-80.94,7.16],[-81.05,7.87],[-81.47,7.61],[-81.94,8.19],[-83.71,8.45],[-83.67,9.09],[-84.83,9.99],[-85.24,9.61],[-85.78,9.99],[-85.72,11.09],[-87.55,12.69],[-87.47,13.34],[-88.85,13.21],[-91.35,13.91],[-94.15,16.16],[-94.77,16.36],[-96.73,15.65],[-103.52,18.35],[-105.54,20.02],[-105.13,21.31],[-105.7,22.59],[-108.04,24.91],[-106.11,23.75],[-106.44,25.36],[-104.78,25.87],[-103.78,25.49],[-103.44,26.45],[-102.41,26.52],[-100.59,25.62],[-99.93,25.68],[-99.59,24.26],[-97.72,22.53]]],[[[-76.22,1.31],[-76.22,1.25],[-76.3,1.25],[-76.22,1.31]]],[[[-81.9,7.36],[-81.91,7.61],[-81.7,7.68],[-81.9,7.36]]],[[[-79.03,8.32],[-78.96,8.45],[-78.81,8.45],[-79.03,8.32]]],[[[-61.73,10.06],[-61.55,10.83],[-60.89,10.83],[-61.0,10.06],[-61.73,10.06]]],[[[-64.26,10.89],[-64.35,11.09],[-63.84,11.21],[-64.26,10.89]]],[[[-69.73,11.66],[-70.24,11.6],[-70.28,12.11],[-69.85,12.24],[-69.73,11.66]]],[[[-69.11,12.18],[-69.12,12.37],[-68.66,11.99],[-69.11,12.18]]],[[[-68.16,12.24],[-68.15,12.05],[-68.29,12.05],[-68.16,12.24]]],[[[-70.02,12.56],[-69.79,12.44],[-69.93,12.37],[-70.02,12.56]]],[[[-24.29,14.75],[-24.36,14.75],[-24.45,15.07],[-24.29,14.75]]],[[[-23.73,15.33],[-23.58,15.33],[-23.41,14.88],[-23.78,14.94],[-23.73,15.33]]],[[[-23.06,15.33],[-22.99,15.2],[-23.2,15.07],[-23.06,15.33]]],[[[-24.08,16.55],[-24.37,16.49],[-24.38,16.68],[-24.08,16.55]]],[[[-22.83,16.68],[-22.98,16.68],[-22.98,16.81],[-22.83,16.68]]],[[[-24.99,17.26],[-24.82,16.74],[-25.27,16.87],[-24.99,17.26]]],[[[-78.39,18.29],[-77.01,18.48],[-76.12,17.9],[-77.74,17.84],[-78.39,18.29]]],[[[-67.12,17.96],[-67.26,18.48],[-66.16,18.54],[-65.52,18.16],[-67.12,17.96]]],[[[-69.49,19.12],[-68.58,18.99],[-68.29,18.41],[-70.72,18.35],[-71.28,17.58],[-72.1,18.22],[-74.4,18.29],[-74.24,18.74],[-72.3,18.61],[-72.79,19.51],[-73.41,19.64],[-73.23,19.96],[-70.78,19.96],[-69.12,19.19],[-69.49,19.12]]],[[[-73.3,18.86],[-73.32,18.99],[-72.79,18.93],[-72.83,18.67],[-73.3,18.86]]],[[[-86.99,20.28],[-87.02,20.47],[-86.67,20.6],[-86.99,20.28]]],[[[-75.63,21.18],[-74.07,20.15],[-77.65,19.83],[-77.19,20.66],[-78.24,20.79],[-78.66,21.56],[-82.05,22.27],[-81.74,22.66],[-84.8,21.82],[-84.0,22.79],[-82.29,23.24],[-80.57,23.17],[-79.25,22.46],[-77.64,22.14],[-77.66,21.82],[-75.63,21.18]]],[[[-82.5,21.44],[-82.95,21.44],[-83.04,21.95],[-82.66,21.95],[-82.5,21.44]]],[[[-78.23,22.59],[-78.2,22.4],[-78.42,22.4],[-78.23,22.59]]],[[[-81.81,31.34],[-81.21,31.59],[-81.44,30.89],[-80.88,28.96],[-81.82,29.09],[-81.81,31.34]]],[[[35.03,-24.21],[34.93,-23.82],[35.38,-23.82],[35.03,-24.21]]],[[[34.71,-20.16],[34.57,-20.29],[34.25,-19.84],[34.54,-19.58],[34.71,-20.16]]],[[[37.26,-17.39],[37.7,-17.46],[37.63,-17.59],[37.26,-17.39]]],[[[40.75,-14.69],[40.55,-15.34],[40.17,-14.95],[40.75,-14.69]]],[[[13.48,-12.31],[13.63,-12.44],[13.55,-12.83],[12.82,-13.02],[13.48,-12.31]]],[[[13.11,-9.49],[12.89,-9.23],[13.25,-8.46],[13.54,-9.1],[13.11,-9.49]]],[[[39.67,-8.01],[39.53,-8.01],[39.67,-7.69],[39.67,-8.01]]],[[[39.49,-6.14],[39.43,-6.53],[39.06,-6.21],[39.27,-5.76],[39.49,-6.14]]],[[[39.77,-4.99],[39.7,-5.44],[39.55,-5.44],[39.77,-4.99]]],[[[39.54,-4.34],[39.39,-4.41],[39.24,-3.96],[39.75,-3.7],[39.54,-4.34]]],[[[6.66,0.16],[6.38,0.03],[6.3,0.35],[6.66,0.16]]],[[[7.19,1.51],[7.27,1.7],[7.34,1.7],[7.19,1.51]]],[[[8.68,3.18],[8.31,3.24],[8.54,3.76],[8.83,3.82],[8.68,3.18]]],[[[-2.52,5.11],[-2.3,5.11],[-2.31,4.85],[-2.52,5.11]]],[[[-1.65,4.98],[-1.8,4.85],[-1.57,5.3],[-1.28,5.04],[-1.65,4.98]]],[[[-16.58,12.18],[-16.66,12.37],[-15.93,12.37],[-16.58,12.18]]],[[[-22.65,15.97],[-22.94,15.97],[-22.88,16.23],[-22.65,15.97]]],[[[55.79,26.97],[56.32,27.03],[55.29,26.52],[55.79,26.97]]],[[[-17.9,27.61],[-18.06,27.67],[-18.0,27.87],[-17.9,27.61]]],[[[-15.73,27.74],[-15.76,28.19],[-15.3,28.12],[-15.73,27.74]]],[[[-17.12,28.25],[-17.03,28.06],[-17.25,27.99],[-17.12,28.25]]],[[[-16.4,28.57],[-16.09,28.57],[-16.65,27.93],[-16.91,28.38],[-16.4,28.57]]],[[[-13.77,28.77],[-13.81,28.25],[-14.32,28.06],[-13.77,28.77]]],[[[-17.71,28.89],[-17.67,28.51],[-17.99,28.64],[-17.71,28.89]]],[[[-13.65,29.22],[-13.42,29.22],[-13.47,28.89],[-13.86,29.02],[-13.65,29.22]]],[[[-8.73,32.62],[-9.05,32.81],[-8.7,33.2],[-8.45,32.94],[-8.73,32.62]]],[[[-2.98,35.26],[-2.99,35.45],[-2.84,35.45],[-2.98,35.26]]],[[[-0.53,35.71],[-0.45,35.58],[-0.67,35.45],[-0.92,35.71],[-0.53,35.71]]],[[[-6.0,35.39],[-5.88,35.77],[-5.25,35.64],[-6.0,35.39]]],[[[123.82,-9.49],[123.81,-9.36],[124.38,-9.16],[123.82,-9.49]]],[[[125.71,-8.52],[125.52,-8.84],[125.13,-8.59],[125.71,-8.52]]],[[[122.78,-8.39],[123.0,-8.39],[123.01,-8.52],[122.78,-8.39]]],[[[128.24,-3.51],[128.25,-3.7],[127.81,-3.83],[128.24,-3.51]]],[[[102.1,3.05],[102.67,2.73],[102.42,2.02],[101.72,2.54],[102.1,3.05]]],[[[79.76,6.65],[79.79,8.51],[80.07,8.39],[80.05,6.65],[80.89,6.01],[80.23,5.88],[79.76,6.65]]],[[[123.58,9.03],[123.44,9.09],[123.54,9.35],[123.58,9.03]]],[[[76.56,9.41],[76.26,9.35],[76.21,9.67],[76.56,9.41]]],[[[124.5,10.19],[124.62,9.93],[123.78,9.54],[123.74,9.86],[124.5,10.19]]],[[[122.81,10.12],[122.9,10.89],[123.56,10.96],[123.15,9.8],[123.22,9.03],[122.33,9.67],[122.81,10.12]]],[[[123.26,9.48],[124.11,11.28],[124.0,10.25],[123.26,9.48]]],[[[79.85,10.82],[79.85,10.83],[79.87,10.83],[79.85,10.82]]],[[[123.82,11.28],[123.79,11.02],[123.57,11.02],[123.82,11.28]]],[[[75.81,11.41],[75.93,10.96],[75.78,10.96],[75.81,11.41]]],[[[121.93,11.99],[123.12,11.54],[122.62,10.38],[121.9,10.44],[121.93,11.99]]],[[[75.29,12.31],[75.41,11.92],[75.27,11.92],[75.29,12.31]]],[[[124.09,11.73],[123.17,11.99],[123.24,12.5],[123.83,12.56],[124.09,11.73]]],[[[121.9,12.37],[122.13,12.44],[122.09,12.11],[121.9,12.37]]],[[[122.69,12.24],[122.41,12.37],[122.51,12.56],[122.69,12.24]]],[[[121.99,12.5],[122.02,12.69],[122.24,12.69],[121.99,12.5]]],[[[120.74,13.59],[121.44,13.34],[121.29,12.18],[120.34,13.34],[120.74,13.59]]],[[[80.13,13.21],[80.15,13.4],[80.38,13.46],[80.41,13.08],[80.13,13.21]]],[[[122.16,13.21],[121.74,13.4],[121.75,13.46],[122.2,13.53],[122.16,13.21]]],[[[120.1,13.72],[120.12,13.85],[120.27,13.85],[120.1,13.72]]],[[[124.11,13.53],[124.12,14.11],[124.47,13.98],[124.11,13.53]]],[[[122.13,15.01],[122.07,14.62],[121.86,14.69],[122.13,15.01]]],[[[74.52,15.26],[74.55,14.81],[74.24,14.62],[73.8,15.39],[74.52,15.26]]],[[[121.49,15.14],[121.84,14.11],[122.76,14.36],[123.12,13.79],[123.24,14.11],[123.87,13.91],[123.61,13.59],[124.14,13.21],[124.12,12.5],[123.45,13.01],[123.06,12.82],[123.27,13.27],[122.69,13.85],[122.74,13.21],[121.82,13.91],[121.4,13.59],[120.62,13.79],[120.97,14.62],[120.35,14.43],[119.73,16.1],[120.01,16.42],[120.4,16.1],[120.61,18.54],[122.39,18.54],[122.22,17.64],[122.64,17.13],[121.49,15.14]]],[[[113.64,22.14],[113.42,22.14],[113.54,22.4],[113.64,22.14]]]]}},{"type":"Feature","properties":{"n":"Ayutthaya Kingdom","f":1595,"t":1599,"w":"Q841364"},"geometry":{"type":"Polygon","coordinates":[[[102.22,11.99],[101.79,12.69],[100.83,12.63],[100.99,13.46],[100.1,13.4],[100.03,12.05],[99.16,9.67],[99.34,9.22],[99.93,9.29],[100.51,7.16],[101.15,6.91],[100.89,6.26],[99.95,6.52],[98.62,8.32],[98.21,7.74],[98.65,12.82],[97.77,14.81],[97.62,16.49],[96.93,17.32],[96.92,16.74],[96.37,16.49],[96.39,17.64],[98.29,18.03],[98.64,18.41],[99.58,18.29],[100.75,19.12],[100.66,19.51],[101.18,19.57],[101.4,19.06],[101.02,17.51],[101.87,16.81],[103.23,16.55],[103.05,15.78],[103.61,14.49],[102.39,13.53],[102.74,12.05],[102.22,11.99]]]}},{"type":"Feature","properties":{"n":"Iberian Union","f":1595,"t":1599,"w":"Q377350"},"geometry":{"type":"MultiPolygon","coordinates":[[[[-17.17,32.88],[-16.69,32.69],[-17.07,32.62],[-17.17,32.88]]],[[[-25.11,37.9],[-25.09,37.77],[-25.7,37.71],[-25.9,37.96],[-25.11,37.9]]],[[[-28.85,38.67],[-28.08,38.35],[-28.39,38.35],[-28.85,38.67]]],[[[-28.04,38.55],[-28.15,38.74],[-27.89,38.61],[-28.04,38.55]]],[[[-27.03,38.61],[-27.36,38.67],[-27.39,38.87],[-27.03,38.61]]],[[[1.18,39.06],[1.65,39.13],[1.66,39.0],[1.18,39.06]]],[[[3.3,39.32],[2.35,39.45],[2.88,39.97],[3.52,39.77],[3.3,39.32]]],[[[1.58,42.43],[2.99,43.02],[3.12,41.91],[0.7,40.94],[-0.35,39.71],[0.1,38.74],[-0.66,38.29],[-0.7,37.64],[-1.71,37.45],[-2.06,36.8],[-4.47,36.74],[-5.66,36.03],[-6.84,37.25],[-9.0,37.0],[-8.82,38.48],[-9.21,38.42],[-9.57,38.93],[-8.73,40.74],[-8.96,42.17],[-8.66,42.37],[-9.3,43.15],[-8.24,43.73],[-1.77,43.34],[1.58,42.43]]],[[[4.22,40.1],[4.3,39.84],[3.83,39.9],[4.22,40.1]]],[[[3.99,46.28],[4.31,46.28],[4.41,46.02],[3.99,46.28]]],[[[59.27,22.98],[58.27,23.43],[58.81,23.62],[59.27,22.98]]],[[[50.69,26.26],[50.65,25.87],[50.43,25.94],[50.69,26.26]]],[[[17.98,40.61],[18.35,39.9],[17.35,40.55],[16.62,40.29],[16.45,39.64],[17.14,39.06],[15.93,37.96],[15.39,38.16],[15.05,36.74],[12.49,37.71],[12.65,38.09],[14.6,38.03],[15.86,38.29],[16.27,38.74],[15.75,40.03],[13.79,41.13],[13.96,41.72],[13.01,42.04],[12.86,42.5],[13.99,42.95],[14.61,42.11],[16.12,41.91],[15.94,41.39],[17.98,40.61]]],[[[9.59,39.13],[8.34,39.0],[8.15,40.94],[9.5,41.2],[9.59,39.13]]],[[[11.18,42.56],[11.34,42.63],[11.34,42.43],[11.18,42.56]]],[[[10.86,43.08],[10.94,42.89],[10.7,42.95],[10.86,43.08]]],[[[9.32,45.17],[9.4,44.45],[8.34,45.1],[8.58,45.56],[7.92,45.96],[8.32,46.41],[8.9,45.89],[9.39,46.22],[9.31,45.69],[10.45,45.17],[9.32,45.17]]],[[[5.37,46.35],[5.58,47.66],[6.89,47.93],[6.99,47.27],[6.03,46.41],[5.37,46.35]]],[[[5.35,49.32],[4.83,49.85],[5.15,50.31],[5.9,50.38],[5.62,51.25],[4.49,49.98],[2.55,50.11],[1.85,50.58],[2.07,51.11],[5.1,51.45],[5.59,52.12],[6.86,52.45],[6.53,51.85],[5.94,51.85],[6.07,50.45],[6.4,50.51],[6.07,50.25],[6.58,50.11],[6.36,49.25],[5.86,49.18],[6.01,49.52],[5.35,49.32]]]]}},{"type":"Feature","properties":{"n":"Trịnh lords","f":1595,"t":1644,"w":"Q2267508"},"geometry":{"type":"Polygon","coordinates":[[[106.88,20.86],[105.85,19.57],[105.73,18.86],[106.55,17.96],[105.53,18.03],[105.12,18.74],[104.03,19.31],[104.98,20.15],[104.5,20.41],[104.73,21.37],[104.07,22.27],[104.15,22.79],[105.44,23.3],[105.57,22.34],[108.09,21.44],[106.88,20.86]]]}},{"type":"Feature","properties":{"n":"Songhai Empire","f":1595,"t":1599,"w":"Q202687"},"geometry":{"type":"Polygon","coordinates":[[[-3.66,15.78],[-3.65,15.71],[-3.8,15.78],[-3.66,15.78]]]}},{"type":"Feature","properties":{"n":"(Portuguese Empire)","f":1595,"t":1599,"w":"Q200464"},"geometry":{"type":"MultiPolygon","coordinates":[[[[81.88,6.71],[80.97,6.01],[80.32,6.2],[79.88,9.86],[80.73,9.48],[81.88,6.71]]],[[[72.87,19.31],[73.1,19.38],[73.08,19.12],[72.87,19.31]]],[[[72.9,20.21],[73.19,20.15],[73.18,20.09],[72.9,20.21]]],[[[72.93,20.47],[73.0,20.47],[72.99,20.41],[72.93,20.47]]]]}}]}