{"type":"FeatureCollection","act":{"from":900,"to":1000,"years_inclusive":[900,999]},"attribution":{"source":"Cliopatria v0.2.0 (Seshat Global History Databank)","release":"GitHub tag v0.2.0 — https://github.com/Seshat-Global-History-Databank/cliopatria/releases/tag/v0.2.0","release_archive_sha256":"04e9f0d8ecb1d18a0cbb7d37a0b963a2c0ca4ebc2935708d27cc5d5131e4d5b8","internal_label_note":"The payload self-identifies as \"cliopatria_polities_only_v012\"; cite the release tag, not that label.","licence":"CC BY 4.0 — https://creativecommons.org/licenses/by/4.0/","citation":"Bennett, J.S., Mutch, E., Tollefson, A. et al. (2025). Cliopatria — A geospatial database of world-wide political entities from 3400BCE to 2024CE. Scientific Data 12, 247. https://doi.org/10.1038/s41597-025-04516-9","changes_made":"Changes were made. Features filtered to those overlapping this act window; polygons simplified with Douglas-Peucker at 0.25 degrees (topology preserved), invalid geometries repaired, and coordinates snapped to a 0.01 degree grid (2 decimal places); properties reduced to Name (n), FromYear (f), ToYear (t) and Wikidata Q-ID (w)."},"features":[{"type":"Feature","properties":{"n":"Kingdom of Brycheiniog","f":540,"t":946,"w":"Q954585"},"geometry":{"type":"Polygon","coordinates":[[[-3.32,51.78],[-3.76,51.92],[-3.78,52.12],[-2.93,52.12],[-3.32,51.78]]]}},{"type":"Feature","properties":{"n":"Kingdom of Morgannwg","f":540,"t":946,"w":"Q13131807"},"geometry":{"type":"Polygon","coordinates":[[[-3.7,51.38],[-3.89,51.58],[-3.32,51.78],[-3.28,51.45],[-3.7,51.38]]]}},{"type":"Feature","properties":{"n":"Pandya Dynasty","f":592,"t":910,"w":"Q844910"},"geometry":{"type":"Polygon","coordinates":[[[79.89,10.3],[79.31,10.25],[78.92,9.57],[79.17,9.29],[78.29,9.0],[78.1,8.38],[77.29,8.13],[76.54,8.88],[76.24,9.93],[77.04,10.95],[79.87,10.95],[79.89,10.3]]]}},{"type":"Feature","properties":{"n":"Alodia","f":602,"t":1501,"w":"Q449639"},"geometry":{"type":"Polygon","coordinates":[[[36.05,16.81],[34.71,16.49],[34.68,15.78],[32.53,15.2],[31.53,15.97],[31.1,18.29],[35.37,17.96],[36.05,16.81]]]}},{"type":"Feature","properties":{"n":"Anurādhapura","f":617,"t":1014,"w":"Q5724"},"geometry":{"type":"Polygon","coordinates":[[[81.88,6.71],[81.34,6.14],[80.23,5.88],[79.61,7.87],[80.05,9.16],[79.88,9.86],[80.45,9.74],[81.92,7.42],[81.88,6.71]]]}},{"type":"Feature","properties":{"n":"Haripuñjaya","f":666,"t":1065,"w":"Q255931"},"geometry":{"type":"Polygon","coordinates":[[[101.41,19.12],[101.02,17.51],[101.33,17.13],[100.43,16.04],[99.09,15.91],[97.38,18.41],[97.78,18.61],[97.85,19.57],[99.92,20.47],[100.55,20.28],[100.59,19.57],[101.12,19.64],[101.41,19.12]]]}},{"type":"Feature","properties":{"n":"Volga Bulgaria","f":682,"t":1071,"w":"Q185488"},"geometry":{"type":"MultiPolygon","coordinates":[[[[51.97,55.84],[52.0,55.43],[51.21,54.68],[49.67,54.48],[47.82,54.95],[48.8,56.59],[51.38,55.91],[51.97,55.84]]],[[[51.08,56.05],[51.1,56.11],[51.19,56.11],[51.08,56.05]]]]}},{"type":"Feature","properties":{"n":"Classic Veracruz Culture","f":705,"t":1110,"w":"Q2379418"},"geometry":{"type":"Polygon","coordinates":[[[-96.68,18.54],[-97.35,20.21],[-96.71,20.34],[-95.88,18.61],[-96.68,18.54]]]}},{"type":"Feature","properties":{"n":"Cornwall","f":710,"t":935,"w":"Q23148"},"geometry":{"type":"Polygon","coordinates":[[[-4.74,50.85],[-4.31,50.71],[-4.27,50.38],[-5.15,49.98],[-5.6,50.25],[-4.74,50.85]]]}},{"type":"Feature","properties":{"n":"Mataram Kingdom","f":741,"t":1002,"w":"Q402580"},"geometry":{"type":"Polygon","coordinates":[[[113.13,-8.26],[112.85,-8.46],[109.9,-8.01],[110.01,-7.56],[109.24,-6.85],[110.34,-6.91],[110.89,-6.4],[112.61,-7.11],[113.13,-8.26]]]}},{"type":"Feature","properties":{"n":"Idrisids","f":793,"t":910,"w":"Q431575"},"geometry":{"type":"Polygon","coordinates":[[[0.01,35.84],[-0.09,34.61],[-2.54,32.81],[-6.22,31.53],[-8.05,31.59],[-7.37,32.81],[-7.8,33.59],[-6.61,34.16],[-5.88,35.77],[-5.34,35.84],[-4.91,35.26],[-4.45,35.26],[-4.51,34.94],[-3.5,34.81],[0.01,35.84]]]}},{"type":"Feature","properties":{"n":"Ghana Empire","f":793,"t":1084,"w":"Q206789"},"geometry":{"type":"Polygon","coordinates":[[[-3.88,16.23],[-4.07,14.04],[-5.31,13.34],[-6.71,13.34],[-7.89,13.85],[-8.58,15.46],[-8.18,17.39],[-6.57,17.64],[-4.86,17.26],[-3.88,16.23]]]}},{"type":"Feature","properties":{"n":"Barghawata Conference","f":793,"t":1014,"w":"Q7903"},"geometry":{"type":"Polygon","coordinates":[[[-9.85,31.14],[-9.2,32.75],[-7.8,33.59],[-7.37,32.81],[-8.12,31.59],[-9.85,31.14]]]}},{"type":"Feature","properties":{"n":"Emirate of Nekor","f":793,"t":921,"w":"Q1709337"},"geometry":{"type":"Polygon","coordinates":[[[-4.45,35.26],[-2.84,35.45],[-2.82,35.13],[-2.2,35.07],[-2.42,34.94],[-4.51,34.94],[-4.45,35.26]]]}},{"type":"Feature","properties":{"n":"Lavo Kingdom","f":806,"t":1002,"w":"Q1332305"},"geometry":{"type":"Polygon","coordinates":[[[100.83,12.63],[100.99,13.46],[100.63,13.53],[100.1,13.4],[100.03,12.69],[99.19,13.14],[99.06,13.91],[98.16,15.01],[98.59,16.04],[100.43,16.04],[101.33,17.13],[102.32,16.87],[101.53,15.46],[101.61,14.36],[101.96,14.24],[101.71,12.69],[100.83,12.63]]]}},{"type":"Feature","properties":{"n":"Kingdom of Axum","f":806,"t":935,"w":"Q139377"},"geometry":{"type":"MultiPolygon","coordinates":[[[[42.44,13.27],[41.32,12.82],[38.97,12.82],[38.11,13.4],[38.0,14.17],[38.56,15.2],[39.61,15.59],[39.73,15.2],[39.97,15.52],[42.44,13.27]]],[[[38.33,14.94],[38.33,15.01],[38.4,15.01],[38.33,14.94]]]]}},{"type":"Feature","properties":{"n":"Heian Japan","f":814,"t":1093,"w":"Q193292"},"geometry":{"type":"Polygon","coordinates":[[[140.61,36.42],[140.91,35.84],[140.41,35.19],[139.7,34.87],[139.96,35.64],[139.72,35.19],[139.21,35.26],[138.95,34.61],[138.8,35.07],[138.26,34.61],[137.22,34.55],[136.73,34.94],[136.91,34.23],[136.45,34.23],[135.81,33.39],[135.03,33.84],[135.44,34.68],[132.32,34.29],[132.19,33.84],[131.09,33.97],[131.1,33.65],[131.82,33.71],[131.64,33.33],[132.08,32.94],[131.41,31.4],[130.79,31.01],[130.14,31.27],[130.57,32.81],[129.68,32.88],[129.6,33.39],[132.69,35.52],[135.38,35.77],[135.71,35.52],[136.71,36.8],[136.72,37.38],[137.37,37.58],[137.1,36.8],[138.17,37.19],[139.71,38.87],[141.63,38.93],[141.51,38.35],[140.92,38.03],[141.05,37.32],[140.61,36.42]]]}},{"type":"Feature","properties":{"n":"Emirate of Crete","f":830,"t":959,"w":"Q603771"},"geometry":{"type":"Polygon","coordinates":[[[26.23,35.19],[24.82,35.0],[23.62,35.52],[26.23,35.19]]]}},{"type":"Feature","properties":{"n":"Duchy of Naples","f":840,"t":959,"w":"Q1051600"},"geometry":{"type":"Polygon","coordinates":[[[14.03,41.0],[14.74,40.81],[14.42,40.87],[14.03,41.0]]]}},{"type":"Feature","properties":{"n":"Makuria","f":850,"t":1110,"w":"Q829356"},"geometry":{"type":"Polygon","coordinates":[[[35.29,17.96],[31.1,18.29],[30.54,23.36],[33.39,23.81],[33.82,23.49],[34.26,19.64],[35.29,17.96]]]}},{"type":"Feature","properties":{"n":"Yenisei Kyrgyz","f":850,"t":1205,"w":"Q83142"},"geometry":{"type":"Polygon","coordinates":[[[100.3,55.91],[100.61,55.29],[101.98,54.34],[103.99,53.8],[104.74,51.92],[103.11,51.65],[103.0,51.98],[100.6,52.92],[98.88,52.05],[97.92,52.52],[96.38,52.52],[92.38,51.58],[90.97,51.65],[91.9,53.26],[90.34,54.95],[93.05,55.84],[95.24,58.32],[99.69,58.6],[99.94,58.25],[101.78,58.95],[102.02,58.6],[100.5,56.73],[100.3,55.91]]]}},{"type":"Feature","properties":{"n":"Balhae","f":850,"t":910,"w":"Q28322"},"geometry":{"type":"Polygon","coordinates":[[[133.27,42.69],[131.75,43.28],[129.78,41.78],[129.76,40.87],[128.29,40.03],[126.64,39.77],[125.57,38.87],[125.03,38.74],[125.31,39.51],[124.27,39.9],[121.03,38.74],[121.69,39.38],[121.28,39.64],[122.23,40.48],[121.79,40.81],[121.94,41.2],[123.82,42.56],[125.05,44.32],[128.69,44.78],[132.94,46.15],[133.53,45.96],[138.43,46.68],[135.11,43.47],[133.27,42.69]]]}},{"type":"Feature","properties":{"n":"Puebloans - Chaco Regional System","f":850,"t":1039,"w":"Q478805"},"geometry":{"type":"Polygon","coordinates":[[[-109.03,35.73],[-109.11,36.94],[-108.16,36.71],[-107.64,35.34],[-109.55,35.12],[-109.03,35.73]]]}},{"type":"Feature","properties":{"n":"Gurjara-Pratihara Dynasty","f":860,"t":921,"w":"Q5324"},"geometry":{"type":"Polygon","coordinates":[[[71.71,27.35],[74.73,27.87],[79.64,27.54],[80.04,26.84],[79.67,22.91],[72.76,21.69],[72.38,22.27],[72.1,21.11],[70.72,20.66],[68.95,22.21],[70.37,22.91],[69.45,22.72],[68.34,23.43],[69.34,25.02],[71.71,27.35]]]}},{"type":"Feature","properties":{"n":"Kamarupa Kingdom","f":860,"t":959,"w":"Q1194765"},"geometry":{"type":"Polygon","coordinates":[[[90.8,26.83],[93.56,27.12],[94.45,27.75],[95.17,26.91],[93.78,25.4],[92.72,25.04],[89.35,25.58],[90.8,26.83]]]}},{"type":"Feature","properties":{"n":"Pyu City-States","f":860,"t":959,"w":"Q1627675"},"geometry":{"type":"MultiPolygon","coordinates":[[[[96.42,19.38],[95.68,18.35],[95.09,18.35],[94.73,20.02],[95.63,20.09],[95.76,20.47],[94.66,22.01],[95.29,23.69],[96.59,23.88],[96.83,22.14],[96.42,19.38]]],[[[96.73,23.81],[96.8,23.81],[96.79,23.75],[96.73,23.81]]],[[[96.67,23.88],[96.74,23.88],[96.73,23.81],[96.67,23.88]]]]}},{"type":"Feature","properties":{"n":"Pagan Kingdom","f":860,"t":959,"w":"Q888574"},"geometry":{"type":"MultiPolygon","coordinates":[[[[94.5,19.96],[94.51,20.02],[94.59,20.02],[94.5,19.96]]],[[[94.45,20.09],[94.52,20.09],[94.51,20.02],[94.45,20.09]]],[[[93.98,20.99],[94.73,22.01],[95.76,20.47],[95.24,19.96],[94.53,20.15],[93.98,20.99]]]]}},{"type":"Feature","properties":{"n":"Srivijaya","f":860,"t":1138,"w":"Q234197"},"geometry":{"type":"MultiPolygon","coordinates":[[[[108.12,-3.19],[107.47,-3.19],[107.52,-2.54],[108.18,-2.67],[108.12,-3.19]]],[[[101.7,-2.54],[101.7,-2.61],[101.63,-2.61],[101.7,-2.54]]],[[[106.81,-3.06],[106.45,-3.19],[105.78,-2.8],[105.62,-2.16],[105.11,-2.16],[105.24,-1.51],[105.97,-1.51],[106.81,-3.06]]],[[[103.11,0.93],[102.95,0.41],[103.74,0.16],[103.33,-0.74],[104.21,-1.0],[104.52,-1.96],[105.48,-2.35],[105.64,-2.8],[106.01,-3.06],[105.69,-5.89],[105.23,-5.56],[104.3,-5.89],[102.18,-4.02],[101.53,-1.77],[99.68,0.54],[99.49,1.44],[99.83,2.73],[100.54,2.15],[101.7,2.09],[101.61,1.76],[103.11,0.93]]],[[[104.92,-0.36],[104.13,-0.61],[104.34,0.03],[104.92,-0.36]]],[[[103.4,0.86],[103.39,0.67],[103.18,0.67],[103.4,0.86]]],[[[104.57,1.12],[104.49,0.8],[104.13,0.93],[104.57,1.12]]],[[[103.92,1.25],[104.06,0.99],[103.77,0.93],[103.92,1.25]]],[[[100.51,7.16],[101.51,6.91],[103.17,5.36],[103.4,2.86],[103.96,2.28],[104.14,1.31],[103.27,1.31],[101.22,2.79],[100.48,4.21],[100.03,6.52],[98.62,8.32],[98.21,7.74],[98.34,9.48],[99.18,9.86],[99.34,9.22],[99.93,9.29],[100.51,7.16]]],[[[99.65,6.26],[99.58,6.39],[99.88,6.52],[99.65,6.26]]]]}},{"type":"Feature","properties":{"n":"Principality of Serbia","f":860,"t":910,"w":"Q1311990"},"geometry":{"type":"MultiPolygon","coordinates":[[[[17.75,42.69],[17.67,42.69],[17.67,42.76],[17.75,42.69]]],[[[20.14,42.5],[18.62,42.43],[17.44,43.02],[17.84,43.02],[17.45,43.41],[17.72,43.93],[18.88,44.58],[20.5,43.28],[20.14,42.5]]]]}},{"type":"Feature","properties":{"n":"County of Aragon","f":860,"t":910,"w":"Q1235737"},"geometry":{"type":"Polygon","coordinates":[[[-0.77,42.89],[-0.12,42.76],[-0.49,42.24],[-1.07,42.56],[-0.77,42.89]]]}},{"type":"Feature","properties":{"n":"Giudicato of Cagliari","f":866,"t":910,"w":"Q2297073"},"geometry":{"type":"Polygon","coordinates":[[[8.34,39.0],[8.33,39.51],[9.51,40.23],[9.67,39.19],[8.34,39.0]]]}},{"type":"Feature","properties":{"n":"Ziyadid dynasty","f":866,"t":1039,"w":"Q207017"},"geometry":{"type":"Polygon","coordinates":[[[43.89,18.54],[45.21,15.91],[46.4,15.97],[46.15,15.52],[46.51,15.33],[49.41,14.62],[48.79,14.04],[45.74,13.34],[45.05,12.76],[43.44,12.69],[42.75,15.14],[42.82,16.61],[42.21,17.45],[43.89,18.54]]]}},{"type":"Feature","properties":{"n":"Giudicato of Gallura","f":866,"t":1014,"w":"Q2723760"},"geometry":{"type":"Polygon","coordinates":[[[9.5,41.2],[9.82,40.36],[9.43,40.23],[9.02,41.26],[9.5,41.2]]]}},{"type":"Feature","properties":{"n":"Giudicato of Logudoro","f":866,"t":1014,"w":"Q1761381"},"geometry":{"type":"Polygon","coordinates":[[[9.27,40.03],[8.4,40.16],[8.16,40.55],[8.15,40.94],[9.34,40.94],[9.27,40.03]]]}},{"type":"Feature","properties":{"n":"Giudicato of Arborea","f":866,"t":1014,"w":"Q1241847"},"geometry":{"type":"Polygon","coordinates":[[[8.4,40.16],[9.27,40.03],[8.96,39.64],[8.41,39.64],[8.4,40.16]]]}},{"type":"Feature","properties":{"n":"Later Mayan City-States","f":870,"t":959,"w":"Q28567"},"geometry":{"type":"Polygon","coordinates":[[[-87.35,20.21],[-87.7,18.29],[-87.99,18.74],[-88.25,18.48],[-88.17,17.51],[-90.6,17.0],[-92.23,17.51],[-91.79,18.48],[-90.81,19.25],[-90.12,21.24],[-86.92,21.63],[-86.72,20.92],[-87.35,20.21]]]}},{"type":"Feature","properties":{"n":"Strathclyde","f":870,"t":959,"w":"Q124661"},"geometry":{"type":"Polygon","coordinates":[[[-4.86,56.18],[-3.78,55.98],[-3.06,55.02],[-4.98,55.7],[-4.86,56.18]]]}},{"type":"Feature","properties":{"n":"Tibetans","f":875,"t":959,"w":"Q187985"},"geometry":{"type":"Polygon","coordinates":[[[94.51,37.13],[101.0,35.39],[101.65,34.61],[101.77,33.01],[100.98,31.01],[92.02,27.35],[91.61,27.54],[91.63,27.99],[90.2,28.32],[87.75,27.8],[85.97,27.93],[84.24,29.02],[81.07,30.12],[78.75,31.59],[78.07,34.36],[78.42,35.64],[79.07,36.29],[85.11,37.45],[91.22,37.51],[94.51,37.13]]]}},{"type":"Feature","properties":{"n":"Kashmir","f":875,"t":959,"w":"Q43100"},"geometry":{"type":"Polygon","coordinates":[[[78.75,31.59],[74.77,32.49],[74.08,33.14],[74.28,33.97],[73.7,34.74],[79.07,36.29],[78.42,35.64],[78.09,34.42],[78.75,31.59]]]}},{"type":"Feature","properties":{"n":"Khmer Empire","f":875,"t":1027,"w":"Q201705"},"geometry":{"type":"MultiPolygon","coordinates":[[[[104.12,10.44],[104.09,10.06],[103.81,10.25],[104.12,10.44]]],[[[107.38,14.11],[107.64,12.63],[106.85,12.05],[107.11,11.02],[106.6,9.54],[104.76,8.51],[105.03,9.99],[104.42,10.44],[103.55,10.51],[103.6,11.09],[103.06,10.83],[102.74,12.05],[102.22,11.99],[101.78,12.63],[101.96,14.24],[101.61,14.36],[101.53,15.46],[102.21,16.61],[102.26,16.42],[102.66,16.16],[103.66,15.91],[106.57,16.68],[107.5,16.04],[107.3,15.65],[107.69,15.33],[107.38,14.11]]],[[[102.34,16.49],[102.41,16.49],[102.4,16.42],[102.34,16.49]]]]}},{"type":"Feature","properties":{"n":"Chámpa","f":875,"t":1027,"w":"Q216786"},"geometry":{"type":"Polygon","coordinates":[[[109.02,15.33],[109.51,12.95],[109.21,11.6],[107.34,10.38],[107.05,10.44],[106.85,12.05],[107.64,12.63],[107.38,14.11],[107.69,15.33],[107.3,15.65],[107.5,16.04],[106.69,16.49],[105.78,17.77],[106.59,17.77],[109.02,15.33]]]}},{"type":"Feature","properties":{"n":"Sind-Habbari Dynasty","f":875,"t":935,"w":"Q5636647"},"geometry":{"type":"Polygon","coordinates":[[[67.64,29.28],[69.64,29.36],[70.28,29.95],[72.12,29.85],[72.33,28.97],[71.46,27.25],[69.34,25.02],[68.92,23.94],[68.18,23.58],[66.66,24.83],[67.64,29.28]]]}},{"type":"Feature","properties":{"n":"County of Ribagorza","f":875,"t":921,"w":"Q1297894"},"geometry":{"type":"MultiPolygon","coordinates":[[[[0.16,41.98],[-0.49,42.24],[-0.12,42.76],[0.6,42.69],[0.64,42.04],[0.16,41.98]]],[[[-1.78,42.3],[-3.0,42.63],[-3.14,43.41],[-0.86,43.02],[-1.78,42.3]]]]}},{"type":"Feature","properties":{"n":"Scandinavian minor kingdoms","f":875,"t":935,"w":"Q213649"},"geometry":{"type":"MultiPolygon","coordinates":[[[[14.64,55.29],[15.08,55.23],[15.07,55.02],[14.64,55.29]]],[[[10.63,55.98],[10.63,55.77],[10.36,55.77],[10.63,55.98]]],[[[9.75,55.57],[10.63,55.63],[10.71,54.75],[9.93,55.09],[10.1,54.34],[8.54,54.27],[8.8,54.61],[8.53,55.36],[8.0,55.63],[8.24,57.01],[10.46,57.77],[10.28,56.59],[10.9,56.52],[10.81,56.18],[10.37,56.25],[9.75,55.57]]],[[[19.05,57.97],[18.91,57.42],[18.08,56.94],[18.03,57.56],[19.05,57.97]]],[[[40.49,57.9],[40.47,57.83],[40.38,57.83],[40.49,57.9]]],[[[17.45,60.77],[19.03,60.0],[18.41,59.09],[16.66,58.46],[16.48,56.87],[17.13,57.42],[16.72,56.52],[14.77,56.18],[14.23,55.91],[14.3,55.36],[12.81,55.36],[12.56,55.98],[12.1,54.75],[10.88,54.75],[11.67,55.09],[10.97,55.29],[10.89,55.77],[11.77,55.84],[12.75,56.52],[11.71,57.9],[12.16,58.18],[11.92,59.92],[12.58,60.49],[12.31,60.98],[12.97,61.34],[14.32,60.63],[17.45,60.77]]],[[[17.88,68.42],[17.68,68.42],[17.68,68.5],[17.88,68.42]]],[[[18.08,68.42],[17.89,68.57],[18.2,68.65],[18.08,68.42]]],[[[17.69,68.57],[17.59,68.57],[17.6,68.65],[17.69,68.57]]]]}},{"type":"Feature","properties":{"n":"Oghuz Turks","f":875,"t":969,"w":"Q2118293"},"geometry":{"type":"Polygon","coordinates":[[[63.39,44.19],[61.57,43.8],[60.76,44.06],[61.58,44.91],[61.72,45.37],[61.34,45.43],[61.25,45.96],[61.7,46.87],[60.12,46.81],[59.31,46.02],[58.64,45.96],[57.96,44.45],[58.36,43.54],[57.96,42.37],[56.83,40.74],[54.39,40.81],[54.73,41.26],[54.09,41.59],[53.91,42.17],[53.19,42.17],[52.72,41.52],[52.44,42.04],[52.79,42.82],[51.44,43.21],[50.88,44.25],[50.19,44.45],[51.42,44.52],[51.02,44.84],[51.47,45.37],[54.3,44.97],[54.52,47.33],[56.38,47.8],[63.86,47.93],[64.76,47.4],[64.8,45.56],[63.39,44.19]]]}},{"type":"Feature","properties":{"n":"Kingdom of Asturias","f":878,"t":910,"w":"Q231392"},"geometry":{"type":"Polygon","coordinates":[[[-3.0,42.63],[-2.12,42.63],[-1.83,41.91],[-7.81,41.13],[-8.18,40.03],[-8.97,40.03],[-8.96,42.17],[-8.65,42.3],[-9.3,43.15],[-8.24,43.73],[-3.14,43.41],[-3.0,42.63]]]}},{"type":"Feature","properties":{"n":"Emirate of Sicily","f":878,"t":910,"w":"Q118780154"},"geometry":{"type":"MultiPolygon","coordinates":[[[[14.57,35.97],[14.57,35.77],[14.34,35.84],[14.57,35.97]]],[[[14.66,36.74],[12.49,37.9],[15.63,38.29],[15.07,37.84],[15.05,36.8],[14.66,36.74]]]]}},{"type":"Feature","properties":{"n":"Brythons","f":878,"t":935,"w":"Q849967"},"geometry":{"type":"MultiPolygon","coordinates":[[[[-4.55,52.18],[-4.26,51.85],[-5.08,51.58],[-5.3,51.98],[-4.55,52.18]]],[[[-3.2,53.87],[-2.97,54.14],[-3.3,54.07],[-3.72,54.68],[-3.15,55.02],[-1.89,53.8],[-1.87,53.53],[-2.88,53.33],[-3.2,53.87]]],[[[-5.33,55.02],[-4.62,55.63],[-3.58,54.95],[-5.11,54.68],[-5.33,55.02]]]]}},{"type":"Feature","properties":{"n":"Kingdom of Northumbria","f":878,"t":925,"w":"Q107299"},"geometry":{"type":"Polygon","coordinates":[[[-2.68,54.68],[-3.78,55.98],[-2.02,55.91],[-1.46,54.68],[-2.68,54.68]]]}},{"type":"Feature","properties":{"n":"Kingdom of Gwynedd","f":878,"t":921,"w":"Q816814"},"geometry":{"type":"Polygon","coordinates":[[[-4.79,52.79],[-4.49,53.12],[-4.7,53.46],[-3.49,53.39],[-3.27,52.99],[-3.74,52.59],[-4.79,52.79]]]}},{"type":"Feature","properties":{"n":"Principality of Salerno","f":880,"t":969,"w":"Q1065299"},"geometry":{"type":"MultiPolygon","coordinates":[[[[16.78,40.36],[16.86,40.36],[16.86,40.29],[16.78,40.36]]],[[[14.96,40.29],[14.5,41.0],[16.25,40.94],[16.79,40.55],[16.45,39.77],[14.96,40.29]]]]}},{"type":"Feature","properties":{"n":"Cyprus Condominium","f":884,"t":946,"w":"Q229"},"geometry":{"type":"Polygon","coordinates":[[[34.09,35.0],[33.04,34.55],[32.23,34.94],[32.89,35.39],[34.31,35.71],[34.09,35.0]]]}},{"type":"Feature","properties":{"n":"Shirvan","f":886,"t":946,"w":"Q638064"},"geometry":{"type":"Polygon","coordinates":[[[45.82,40.36],[46.32,40.94],[47.72,40.81],[47.72,41.2],[48.56,41.78],[49.51,40.61],[50.26,40.42],[49.51,40.23],[49.18,39.32],[48.72,39.84],[47.41,39.58],[46.8,40.1],[46.87,40.48],[45.82,40.36]]]}},{"type":"Feature","properties":{"n":"Kingdom of the Iberians","f":886,"t":989,"w":"Q154816"},"geometry":{"type":"Polygon","coordinates":[[[41.75,40.16],[40.3,40.48],[41.58,41.52],[42.86,41.59],[43.48,41.0],[41.75,40.16]]]}},{"type":"Feature","properties":{"n":"Danelaw","f":886,"t":910,"w":"Q339271"},"geometry":{"type":"Polygon","coordinates":[[[0.3,53.39],[0.17,52.86],[1.09,53.06],[1.72,52.72],[0.86,51.51],[-1.1,51.71],[-1.89,53.8],[-2.68,54.68],[-0.67,54.61],[0.3,53.39]]]}},{"type":"Feature","properties":{"n":"Obotrites","f":887,"t":935,"w":"Q156108"},"geometry":{"type":"Polygon","coordinates":[[[12.42,53.39],[11.99,53.06],[10.36,53.46],[10.01,53.94],[10.1,54.41],[12.09,54.0],[12.42,53.39]]]}},{"type":"Feature","properties":{"n":"Republic of Venice","f":887,"t":921,"w":"Q4948"},"geometry":{"type":"MultiPolygon","coordinates":[[[[13.55,45.5],[13.94,44.91],[13.7,45.04],[13.55,45.5]]],[[[13.06,45.63],[12.0,45.37],[12.16,45.69],[13.06,45.63]]]]}},{"type":"Feature","properties":{"n":"County of Pallars","f":888,"t":989,"w":"Q1541787"},"geometry":{"type":"Polygon","coordinates":[[[1.49,42.63],[1.12,41.91],[0.72,41.91],[0.6,42.69],[1.49,42.63]]]}},{"type":"Feature","properties":{"n":"Qocho Kingdom","f":888,"t":1009,"w":"Q2662180"},"geometry":{"type":"Polygon","coordinates":[[[92.43,42.56],[96.09,42.17],[96.96,41.13],[96.44,40.16],[86.52,38.35],[86.3,39.26],[83.92,38.55],[82.43,38.55],[80.86,39.0],[80.32,39.71],[80.17,40.42],[80.61,41.39],[84.27,42.95],[86.93,44.97],[88.77,45.43],[92.21,43.8],[92.43,42.56]]]}},{"type":"Feature","properties":{"n":"Georgia","f":888,"t":910,"w":"Q4962"},"geometry":{"type":"MultiPolygon","coordinates":[[[[47.72,41.2],[47.72,40.81],[46.32,40.94],[45.82,40.36],[45.11,41.26],[41.58,41.52],[41.61,42.63],[39.35,43.99],[43.85,42.63],[45.23,42.69],[47.72,41.2]]],[[[39.35,43.99],[39.19,43.99],[39.2,44.06],[39.35,43.99]]],[[[39.21,44.12],[39.2,44.06],[39.12,44.06],[39.21,44.12]]],[[[39.14,44.19],[39.13,44.12],[39.05,44.12],[39.14,44.19]]]]}},{"type":"Feature","properties":{"n":"Viking settlements","f":892,"t":910,"w":"Q12567"},"geometry":{"type":"MultiPolygon","coordinates":[[[[-7.61,52.12],[-7.65,52.38],[-7.4,52.45],[-7.02,52.12],[-7.61,52.12]]],[[[-6.77,52.18],[-6.56,52.59],[-6.31,52.59],[-6.77,52.18]]],[[[-8.6,52.45],[-8.95,52.52],[-8.91,52.86],[-8.38,52.72],[-8.6,52.45]]],[[[-6.15,52.65],[-6.31,52.59],[-6.43,52.86],[-6.15,52.65]]],[[[-6.09,52.92],[-6.84,53.39],[-6.19,53.66],[-6.09,52.92]]],[[[-6.19,55.57],[-6.63,55.63],[-5.74,56.18],[-6.19,55.57]]],[[[-7.25,57.42],[-7.29,57.08],[-7.47,57.08],[-7.6,57.35],[-7.25,57.42]]],[[[-6.04,57.01],[-6.8,57.35],[-6.5,57.77],[-5.81,57.28],[-6.04,57.01]]],[[[-7.44,57.49],[-7.56,57.7],[-7.12,57.7],[-7.44,57.49]]],[[[-7.13,57.77],[-7.28,58.18],[-6.26,58.53],[-7.13,57.77]]],[[[-6.99,61.48],[-7.02,61.62],[-6.74,61.62],[-6.99,61.48]]],[[[-6.69,61.9],[-7.28,62.05],[-7.32,62.33],[-6.77,62.33],[-6.69,61.9]]],[[[-21.15,63.91],[-22.8,63.77],[-22.83,64.13],[-22.17,64.13],[-22.1,64.49],[-24.16,64.93],[-21.91,65.08],[-19.39,64.06],[-18.73,63.41],[-21.15,63.91]]],[[[-20.31,64.57],[-20.4,64.57],[-20.43,64.64],[-20.31,64.57]]],[[[0.91,50.91],[0.57,50.85],[0.55,51.18],[1.14,51.11],[0.91,50.91]]],[[[0.53,51.45],[0.55,51.18],[0.2,51.31],[0.53,51.45]]],[[[13.29,53.66],[13.29,53.72],[13.46,53.7],[13.29,53.66]]],[[[15.02,53.73],[14.41,53.66],[14.51,54.0],[14.86,54.14],[15.02,53.73]]],[[[13.82,53.94],[13.81,53.87],[13.77,53.87],[13.82,53.94]]],[[[13.27,53.73],[13.04,53.8],[13.3,54.21],[13.56,54.03],[13.27,53.73]]],[[[18.69,54.41],[19.46,54.27],[19.09,54.0],[18.69,54.41]]],[[[12.44,54.48],[12.79,54.41],[12.61,53.94],[12.0,54.14],[12.44,54.48]]],[[[-4.38,54.41],[-4.36,54.21],[-4.86,54.07],[-4.38,54.41]]],[[[13.48,54.34],[13.23,54.75],[13.66,54.61],[13.48,54.34]]],[[[-5.89,55.29],[-5.44,55.84],[-5.12,55.43],[-5.89,55.29]]],[[[-5.0,55.84],[-5.35,55.84],[-5.3,56.11],[-5.0,55.84]]],[[[-5.68,56.39],[-6.29,56.32],[-6.34,56.66],[-5.68,56.39]]]]}},{"type":"Feature","properties":{"n":"Unified Silla","f":892,"t":910,"w":"Q715257"},"geometry":{"type":"MultiPolygon","coordinates":[[[[126.14,33.2],[127.0,33.59],[126.7,33.26],[126.14,33.2]]],[[[129.54,36.93],[129.52,35.52],[129.15,35.07],[128.53,35.07],[128.68,34.74],[127.51,34.87],[127.92,36.03],[126.05,36.8],[126.65,37.06],[126.35,37.84],[125.23,37.64],[124.76,38.09],[125.79,39.26],[127.81,40.16],[128.29,40.16],[127.44,39.26],[128.08,39.0],[129.54,36.93]]]]}},{"type":"Feature","properties":{"n":"Hubaekje","f":892,"t":925,"w":"Q698239"},"geometry":{"type":"Polygon","coordinates":[[[127.38,34.42],[127.22,34.74],[126.12,34.36],[126.77,35.9],[126.48,36.42],[127.92,36.03],[127.45,35.07],[127.74,34.87],[127.38,34.42]]]}},{"type":"Feature","properties":{"n":"Kimek-Kipchak confederation","f":896,"t":969,"w":"Q2477776"},"geometry":{"type":"MultiPolygon","coordinates":[[[[68.01,43.99],[68.09,43.99],[68.07,43.93],[68.01,43.99]]],[[[67.95,44.06],[68.03,44.06],[68.01,43.99],[67.95,44.06]]],[[[74.87,53.06],[77.07,51.85],[79.02,49.98],[84.37,49.45],[85.4,48.85],[85.51,47.73],[80.83,46.48],[78.7,46.87],[72.03,46.61],[69.93,44.19],[68.09,43.99],[68.05,44.12],[67.87,44.06],[67.54,44.52],[66.09,45.3],[64.82,45.63],[64.76,47.4],[63.86,47.93],[56.38,47.8],[54.52,47.33],[53.6,48.19],[51.28,48.19],[51.81,49.52],[51.44,49.98],[51.65,50.98],[52.43,51.58],[54.61,51.78],[58.11,51.11],[59.01,51.71],[59.44,52.65],[61.11,53.39],[61.25,53.33],[63.92,53.73],[71.33,53.53],[74.87,53.06]]],[[[61.31,53.46],[61.28,53.39],[61.2,53.39],[61.31,53.46]]],[[[66.28,53.8],[66.25,53.73],[66.16,53.73],[66.28,53.8]]]]}},{"type":"Feature","properties":{"n":"Khazaria","f":896,"t":910,"w":"Q173282"},"geometry":{"type":"MultiPolygon","coordinates":[[[[35.02,45.3],[36.42,45.43],[36.37,45.1],[34.38,44.78],[32.61,45.5],[34.15,46.09],[35.02,45.3]]],[[[46.63,44.45],[47.34,43.99],[47.38,43.02],[48.21,42.04],[47.72,41.2],[45.23,42.69],[43.85,42.63],[42.99,43.15],[40.4,43.54],[36.78,45.1],[36.91,45.43],[37.7,45.3],[38.37,46.35],[37.84,46.61],[39.13,46.94],[39.2,47.33],[35.63,46.68],[34.74,46.15],[31.82,46.35],[33.69,46.87],[34.12,47.53],[35.03,47.53],[35.35,48.52],[37.26,49.45],[38.02,50.38],[42.4,49.65],[46.81,49.58],[48.78,48.46],[53.6,48.19],[54.52,47.33],[54.29,45.56],[53.67,45.37],[53.06,45.56],[53.35,46.35],[53.11,47.01],[51.58,47.14],[49.3,46.55],[47.57,45.76],[46.63,44.45]]],[[[53.1,46.02],[53.18,46.02],[53.17,45.96],[53.1,46.02]]]]}},{"type":"Feature","properties":{"n":"Galuh Kingdom","f":896,"t":1009,"w":"Q5519387"},"geometry":{"type":"Polygon","coordinates":[[[109.89,-7.94],[107.31,-7.56],[107.49,-6.91],[106.85,-5.89],[108.26,-6.27],[110.01,-7.56],[109.89,-7.94]]]}},{"type":"Feature","properties":{"n":"Ganzhou Kingdom","f":896,"t":910,"w":"Q1000124"},"geometry":{"type":"Polygon","coordinates":[[[105.83,40.61],[108.51,40.74],[107.19,39.19],[106.17,38.67],[98.58,38.35],[96.23,39.13],[96.93,41.07],[105.83,40.61]]]}},{"type":"Feature","properties":{"n":"Kingdom of Brittany","f":896,"t":910,"w":"Q771193"},"geometry":{"type":"Polygon","coordinates":[[[-4.42,47.8],[-4.91,48.52],[-3.46,48.92],[-1.6,48.65],[-2.03,49.78],[-1.36,49.78],[-1.08,48.39],[-0.22,47.99],[-0.36,47.53],[-2.31,47.27],[-4.42,47.8]]]}},{"type":"Feature","properties":{"n":"Kara-Khanids","f":896,"t":959,"w":"Q494354"},"geometry":{"type":"MultiPolygon","coordinates":[[[[73.33,45.5],[73.94,44.97],[74.32,45.96],[75.45,46.55],[78.46,46.28],[80.07,46.81],[81.71,46.41],[82.21,45.69],[82.35,43.73],[83.25,42.63],[81.98,42.24],[80.13,42.43],[77.43,41.39],[74.35,41.0],[75.19,42.04],[73.2,43.41],[72.93,43.99],[70.08,44.39],[72.03,46.61],[74.36,46.68],[73.33,45.5]]],[[[82.23,45.56],[82.26,45.63],[82.34,45.63],[82.23,45.56]]]]}},{"type":"Feature","properties":{"n":"County of Rosellón","f":896,"t":989,"w":"Q13522657"},"geometry":{"type":"Polygon","coordinates":[[[2.99,43.02],[3.11,41.98],[2.86,42.43],[1.97,42.56],[2.99,43.02]]]}},{"type":"Feature","properties":{"n":"Sunda Kingdom","f":896,"t":1027,"w":"Q1469742"},"geometry":{"type":"Polygon","coordinates":[[[107.24,-7.56],[105.37,-6.85],[105.91,-5.89],[107.01,-6.01],[107.49,-6.91],[107.24,-7.56]]]}},{"type":"Feature","properties":{"n":"Byzantine Empire","f":898,"t":910,"w":"Q112039853"},"geometry":{"type":"MultiPolygon","coordinates":[[[[23.12,36.35],[23.11,36.16],[22.87,36.16],[23.12,36.35]]],[[[15.07,37.84],[15.23,37.9],[15.23,37.77],[15.07,37.84]]],[[[20.93,37.9],[20.92,37.64],[20.61,37.71],[20.93,37.9]]],[[[20.57,38.42],[20.79,38.09],[20.32,38.16],[20.57,38.42]]],[[[23.56,38.74],[23.48,38.74],[23.49,38.8],[23.56,38.74]]],[[[17.14,39.06],[15.7,37.96],[16.27,38.8],[15.9,39.71],[17.14,39.06]]],[[[20.15,39.58],[20.07,39.58],[20.07,39.64],[20.15,39.58]]],[[[15.4,41.91],[16.12,41.91],[15.94,41.39],[17.98,40.61],[18.35,39.9],[17.35,40.55],[16.78,40.36],[16.01,41.07],[15.38,41.0],[15.4,41.91]]],[[[19.92,41.33],[19.92,41.39],[20.0,41.39],[19.92,41.33]]],[[[17.99,42.82],[18.15,42.82],[18.15,42.69],[17.99,42.82]]],[[[17.51,42.82],[17.59,42.82],[17.59,42.76],[17.51,42.82]]],[[[17.12,43.21],[17.12,43.08],[16.72,43.08],[17.12,43.21]]],[[[16.73,43.47],[16.81,43.47],[16.81,43.34],[16.73,43.47]]],[[[15.93,43.67],[16.66,43.67],[16.17,43.47],[15.93,43.67]]],[[[15.38,44.19],[15.22,44.12],[15.15,44.39],[15.38,44.19]]],[[[15.15,44.45],[15.15,44.39],[15.07,44.39],[15.15,44.45]]],[[[15.07,44.52],[15.07,44.45],[14.99,44.45],[15.07,44.52]]],[[[28.02,36.48],[28.25,36.48],[28.14,36.03],[27.74,35.9],[28.02,36.48]]],[[[27.19,36.8],[26.87,36.67],[27.04,36.93],[27.19,36.8]]],[[[25.57,37.13],[25.56,37.0],[25.33,37.0],[25.57,37.13]]],[[[24.36,37.71],[24.43,37.58],[24.27,37.51],[24.36,37.71]]],[[[25.22,37.71],[25.29,37.51],[25.05,37.51],[25.22,37.71]]],[[[26.31,37.71],[26.3,37.58],[25.99,37.51],[26.31,37.71]]],[[[24.77,38.03],[25.07,37.77],[24.83,37.71],[24.77,38.03]]],[[[26.22,38.55],[26.11,38.16],[25.88,38.16],[26.22,38.55]]],[[[24.67,38.93],[24.66,38.74],[24.36,38.87],[24.67,38.93]]],[[[31.35,41.13],[32.63,41.91],[35.12,42.04],[36.21,41.26],[37.83,40.94],[40.37,40.94],[41.24,41.39],[41.26,41.07],[39.59,39.97],[37.34,39.71],[33.98,36.29],[32.71,36.03],[31.09,36.93],[30.62,36.93],[30.49,36.35],[29.24,36.22],[29.12,36.74],[28.03,36.67],[28.07,37.13],[27.22,37.32],[27.28,38.03],[26.43,38.22],[26.38,38.67],[26.59,38.35],[27.08,38.55],[26.85,39.58],[26.13,39.51],[26.27,40.29],[29.05,40.36],[28.91,40.61],[29.49,40.87],[29.12,41.07],[27.53,41.07],[26.92,40.48],[24.35,41.0],[23.7,40.81],[23.74,40.23],[22.57,40.55],[22.61,39.9],[23.14,39.45],[22.8,39.06],[23.49,38.87],[22.94,38.74],[24.18,38.55],[23.98,37.84],[23.04,37.9],[23.4,37.32],[22.71,37.58],[23.06,36.67],[22.36,36.67],[22.22,37.06],[21.74,36.87],[21.7,37.51],[21.24,37.84],[21.74,38.35],[21.19,38.42],[20.15,39.71],[19.76,39.64],[20.01,39.97],[19.25,40.61],[19.63,41.98],[19.9,40.94],[21.14,40.36],[24.52,41.26],[25.47,42.11],[27.93,41.98],[28.05,41.59],[31.35,41.13]]],[[[25.79,39.19],[26.04,39.38],[26.64,39.0],[25.79,39.19]]],[[[25.46,40.03],[25.45,39.84],[24.97,39.84],[25.46,40.03]]],[[[26.04,40.29],[26.02,40.16],[25.7,40.1],[26.04,40.29]]],[[[24.81,40.81],[24.79,40.61],[24.55,40.55],[24.81,40.81]]],[[[34.24,44.97],[34.37,44.71],[33.52,44.45],[33.76,45.04],[34.24,44.97]]]]}},{"type":"Feature","properties":{"n":"Bagratid Armenia","f":898,"t":910,"w":"Q2622868"},"geometry":{"type":"Polygon","coordinates":[[[42.7,37.58],[43.09,38.16],[42.07,38.67],[42.93,39.64],[41.63,39.9],[43.58,41.13],[45.11,41.26],[45.6,40.87],[45.46,40.55],[46.45,40.36],[46.86,39.58],[46.67,38.93],[44.57,40.03],[45.34,39.0],[44.49,38.55],[44.96,38.09],[42.7,37.58]]]}},{"type":"Feature","properties":{"n":"Sajid Dynasty","f":898,"t":910,"w":"Q3432153"},"geometry":{"type":"MultiPolygon","coordinates":[[[[49.18,39.32],[48.76,38.35],[46.12,38.48],[45.22,37.77],[45.25,36.93],[44.8,37.06],[44.54,37.9],[44.98,38.22],[44.49,38.55],[45.37,39.13],[44.57,40.03],[45.33,39.84],[46.34,38.87],[46.86,39.58],[46.45,40.36],[46.87,40.48],[46.8,40.1],[47.41,39.58],[48.33,39.84],[49.18,39.32]]],[[[48.48,41.78],[48.12,41.59],[48.09,41.85],[48.48,41.78]]]]}},{"type":"Feature","properties":{"n":"County of Besalú","f":898,"t":921,"w":"Q1541642"},"geometry":{"type":"MultiPolygon","coordinates":[[[[1.69,41.72],[1.45,41.72],[1.53,41.78],[1.69,41.72]]],[[[2.48,41.91],[1.69,41.78],[2.23,42.17],[2.86,42.24],[2.48,41.91]]]]}},{"type":"Feature","properties":{"n":"Emirate of Córdoba","f":898,"t":910,"w":"Q1337854"},"geometry":{"type":"Polygon","coordinates":[[[1.79,41.26],[0.7,40.94],[-0.2,39.97],[-0.31,39.13],[0.1,38.74],[-0.66,38.29],[-0.7,37.64],[-1.71,37.45],[-2.06,36.8],[-4.47,36.74],[-5.58,36.03],[-6.84,37.25],[-9.0,37.0],[-8.82,38.48],[-9.21,38.42],[-9.57,38.93],[-8.97,40.03],[-8.18,40.03],[-8.12,41.0],[-1.83,41.91],[-1.78,42.43],[-0.75,42.5],[1.21,41.85],[1.79,41.26]]]}},{"type":"Feature","properties":{"n":"Zaydi Alid dynasties","f":898,"t":910,"w":"Q1990528"},"geometry":{"type":"Polygon","coordinates":[[[53.96,36.87],[54.22,36.22],[54.01,35.9],[52.03,35.64],[49.19,36.74],[49.16,37.06],[49.54,37.45],[51.26,36.61],[53.96,36.87]]]}},{"type":"Feature","properties":{"n":"County of Urgell","f":898,"t":959,"w":"Q1514510"},"geometry":{"type":"Polygon","coordinates":[[[1.75,42.17],[1.21,41.85],[1.11,42.17],[1.49,42.63],[1.75,42.17]]]}},{"type":"Feature","properties":{"n":"West Franks","f":898,"t":910,"w":"Q46370"},"geometry":{"type":"MultiPolygon","coordinates":[[[[4.58,49.91],[5.03,49.12],[4.88,48.52],[5.82,47.86],[4.57,46.09],[3.98,46.35],[3.94,45.37],[4.36,45.1],[3.97,44.65],[4.57,43.73],[1.81,42.5],[-1.69,43.34],[-1.05,45.69],[-2.23,47.27],[-1.24,47.2],[-0.36,47.53],[-0.22,47.99],[-1.08,48.39],[-1.25,49.38],[0.01,49.38],[0.22,49.85],[1.45,50.25],[1.66,51.05],[3.32,51.45],[4.26,51.31],[3.54,50.58],[3.82,50.05],[4.58,49.91]]],[[[-15.58,64.35],[-15.48,64.35],[-15.46,64.28],[-15.58,64.35]]],[[[-15.41,64.42],[-15.31,64.42],[-15.29,64.35],[-15.41,64.42]]],[[[-23.01,66.03],[-23.48,66.25],[-23.06,66.18],[-23.01,66.03]]]]}},{"type":"Feature","properties":{"n":"County of Berga","f":898,"t":921,"w":"Q15487"},"geometry":{"type":"Polygon","coordinates":[[[1.81,42.5],[2.86,42.43],[2.86,42.3],[1.37,41.85],[1.81,42.5]]]}},{"type":"Feature","properties":{"n":"Rashtrakuta Dynasty","f":898,"t":921,"w":"Q856691"},"geometry":{"type":"Polygon","coordinates":[[[80.45,17.64],[79.75,16.74],[80.25,13.66],[77.64,13.21],[75.46,11.54],[73.25,16.61],[72.63,19.83],[72.76,21.69],[79.67,22.91],[81.06,22.08],[80.45,17.64]]]}},{"type":"Feature","properties":{"n":"County of Barcelona","f":898,"t":959,"w":"Q7038"},"geometry":{"type":"Polygon","coordinates":[[[1.87,41.26],[1.45,41.72],[2.86,42.24],[3.11,41.98],[1.87,41.26]]]}},{"type":"Feature","properties":{"n":"Kingdom of Gwent","f":899,"t":925,"w":"Q2594661"},"geometry":{"type":"Polygon","coordinates":[[[-3.32,51.78],[-2.74,51.92],[-2.63,51.65],[-3.32,51.78]]]}},{"type":"Feature","properties":{"n":"(Anglo-Saxon England)","f":899,"t":910,"w":"Q784963"},"geometry":{"type":"MultiPolygon","coordinates":[[[[-3.49,53.39],[-1.95,53.53],[-1.1,51.71],[1.39,51.18],[0.49,50.78],[-1.37,50.85],[-1.18,50.58],[-3.13,50.71],[-3.58,50.25],[-4.66,50.85],[-4.2,51.31],[-3.09,51.25],[-2.72,51.78],[-3.49,53.39]]],[[[-2.68,54.68],[-3.78,55.98],[-2.02,55.91],[-1.29,54.68],[-2.68,54.68]]]]}},{"type":"Feature","properties":{"n":"Kingdom of Mercia","f":899,"t":921,"w":"Q105092"},"geometry":{"type":"Polygon","coordinates":[[[-2.72,51.78],[-2.73,51.85],[-2.64,51.78],[-2.72,51.78]]]}},{"type":"Feature","properties":{"n":"Kingdom of Wessex","f":899,"t":910,"w":"Q105313"},"geometry":{"type":"Polygon","coordinates":[[[1.39,51.18],[0.49,50.78],[-1.37,50.85],[-1.18,50.58],[-3.13,50.71],[-3.58,50.25],[-4.66,50.85],[-4.2,51.31],[-3.09,51.25],[-2.63,51.65],[-3.32,53.46],[-1.77,53.39],[-1.1,51.71],[1.39,51.18]]]}},{"type":"Feature","properties":{"n":"Old Kingdom of Norway","f":899,"t":946,"w":"Q202266"},"geometry":{"type":"MultiPolygon","coordinates":[[[[-5.2,58.67],[-3.04,58.67],[-4.11,57.9],[-5.47,58.04],[-5.2,58.67]]],[[[-3.2,59.22],[-2.79,58.88],[-3.42,58.81],[-3.2,59.22]]],[[[-2.56,59.22],[-2.83,59.16],[-2.84,59.29],[-2.56,59.22]]],[[[-1.16,60.56],[-1.2,60.07],[-1.67,60.21],[-1.63,60.63],[-0.81,60.63],[-1.16,60.56]]],[[[16.83,67.82],[16.74,67.89],[15.72,67.37],[13.2,65.66],[13.46,64.79],[14.19,64.2],[12.26,62.69],[12.24,62.05],[12.88,61.41],[12.31,60.98],[12.38,60.07],[11.92,59.92],[12.16,58.18],[11.45,58.11],[10.56,59.64],[10.01,58.95],[7.6,57.97],[5.51,58.6],[6.03,59.36],[5.21,59.29],[5.45,60.14],[4.9,60.21],[5.08,62.26],[5.92,62.19],[6.64,62.76],[7.4,62.62],[6.92,63.05],[8.23,63.19],[7.84,63.55],[9.07,63.7],[9.26,63.41],[10.3,64.42],[11.35,64.49],[11.45,65.0],[12.13,65.15],[12.53,65.74],[12.35,66.25],[12.82,66.03],[12.94,66.62],[15.88,68.27],[14.19,68.2],[14.9,68.57],[14.52,68.88],[15.13,69.11],[15.52,68.8],[15.44,69.18],[16.15,69.33],[15.92,68.88],[17.21,68.8],[17.65,69.18],[17.04,69.11],[16.87,69.49],[18.58,69.49],[18.31,69.79],[19.38,69.41],[16.83,67.82]],[[16.84,67.89],[16.85,67.97],[16.74,67.89],[16.84,67.89]],[[16.94,67.97],[16.95,68.04],[16.85,67.97],[16.94,67.97]],[[16.95,68.05],[17.05,68.05],[17.06,68.12],[16.95,68.05]]],[[[12.89,68.12],[13.19,68.12],[13.19,67.97],[12.89,68.12]]],[[[16.42,67.59],[16.32,67.59],[16.33,67.67],[16.42,67.59]]],[[[16.73,67.74],[16.63,67.74],[16.64,67.82],[16.73,67.74]]],[[[13.58,68.05],[13.39,68.05],[13.7,68.42],[14.09,68.2],[13.58,68.05]]]]}},{"type":"Feature","properties":{"n":"Qarmatians","f":899,"t":969,"w":"Q138803"},"geometry":{"type":"MultiPolygon","coordinates":[[[[51.13,25.42],[51.14,25.49],[51.21,25.49],[51.13,25.42]]],[[[50.43,25.94],[50.46,26.26],[50.69,26.26],[50.43,25.94]]],[[[50.13,26.77],[50.07,26.07],[50.65,25.1],[51.12,26.13],[51.7,25.87],[51.41,24.33],[51.91,24.01],[54.08,24.14],[55.81,25.81],[56.03,24.97],[54.5,23.81],[51.88,23.69],[51.1,24.2],[51.32,25.87],[50.62,24.65],[49.67,25.87],[49.88,26.45],[48.55,27.48],[47.65,29.6],[48.22,29.28],[48.87,27.67],[50.13,26.77]]]]}},{"type":"Feature","properties":{"n":"(Alliance between Samanid Empire and Ziyadid dynasty)","f":900,"t":910,"w":"Q486181"},"geometry":{"type":"MultiPolygon","coordinates":[[[[45.21,15.91],[46.47,15.97],[46.15,15.52],[46.51,15.33],[49.48,14.69],[48.79,14.04],[45.74,13.34],[45.05,12.76],[43.44,12.69],[42.75,15.14],[42.82,16.61],[42.21,17.51],[43.89,18.54],[45.21,15.91]]],[[[66.35,25.55],[61.72,25.04],[57.38,25.74],[56.62,27.61],[55.76,27.99],[55.47,29.22],[54.13,30.5],[54.14,32.62],[60.27,38.67],[61.47,39.06],[62.69,38.61],[63.46,38.87],[62.58,40.03],[66.28,40.81],[69.5,43.41],[70.0,44.39],[72.3,44.25],[75.19,42.04],[73.4,39.51],[73.83,38.61],[74.89,38.48],[75.23,37.0],[76.6,35.77],[74.76,35.26],[74.61,35.58],[73.44,35.52],[73.04,35.19],[70.85,32.04],[70.58,29.95],[69.64,29.36],[67.52,29.12],[67.16,26.1],[66.63,24.84],[66.35,25.55]]]]}},{"type":"Feature","properties":{"n":"Aghlabid Dynasty","f":900,"t":910,"w":"Q207600"},"geometry":{"type":"Polygon","coordinates":[[[10.46,36.74],[11.01,37.0],[10.46,35.9],[11.08,35.58],[11.08,35.0],[10.0,34.29],[10.01,33.91],[12.23,32.81],[13.3,32.94],[15.06,32.43],[15.65,31.4],[18.22,30.76],[18.9,30.37],[18.71,29.09],[15.16,30.58],[14.21,31.68],[13.37,32.05],[12.33,31.91],[9.86,32.81],[9.16,34.1],[5.35,34.61],[5.33,36.74],[6.33,37.06],[8.52,36.87],[9.6,37.32],[10.46,36.74]]]}},{"type":"Feature","properties":{"n":"Chola Empire","f":900,"t":921,"w":"Q6806806"},"geometry":{"type":"Polygon","coordinates":[[[77.72,11.47],[78.83,13.46],[80.38,13.46],[79.87,10.88],[77.03,10.96],[77.72,11.47]]]}},{"type":"Feature","properties":{"n":"(Carolingian Empire)","f":900,"t":910,"w":"Q146246"},"geometry":{"type":"MultiPolygon","coordinates":[[[[14.77,42.11],[14.69,42.11],[14.69,42.17],[14.77,42.11]]],[[[9.58,41.98],[9.1,41.33],[8.62,41.72],[8.53,42.5],[9.25,43.02],[9.58,41.98]]],[[[10.21,42.69],[10.13,42.89],[10.46,42.89],[10.21,42.69]]],[[[13.95,45.04],[13.71,45.76],[13.14,45.82],[12.0,45.56],[12.4,45.04],[12.31,44.19],[13.67,43.41],[14.06,42.5],[14.69,42.11],[14.12,41.72],[12.38,42.43],[12.22,43.41],[11.82,43.34],[12.06,42.76],[11.26,42.43],[10.21,43.99],[9.16,44.45],[6.28,43.15],[3.85,43.6],[1.81,42.5],[-1.69,43.34],[-1.05,45.69],[-2.23,47.27],[-0.36,47.53],[-0.22,47.99],[-1.08,48.39],[-1.17,49.45],[0.01,49.38],[0.22,49.85],[1.45,50.25],[1.66,51.05],[3.75,51.45],[3.4,51.65],[4.7,52.99],[5.06,52.65],[5.54,53.39],[8.21,53.6],[8.89,53.87],[8.89,54.34],[10.1,54.34],[10.36,53.46],[11.73,53.06],[11.8,51.98],[11.29,51.38],[12.13,51.05],[12.3,50.65],[11.96,50.38],[12.53,49.52],[14.18,48.59],[14.94,48.99],[16.76,48.79],[17.06,47.8],[16.28,46.81],[16.82,46.02],[18.42,45.1],[16.54,44.84],[14.28,45.37],[13.95,45.04]]],[[[-15.48,64.35],[-15.46,64.28],[-15.56,64.28],[-15.48,64.35]]],[[[-15.29,64.35],[-15.39,64.35],[-15.41,64.42],[-15.29,64.35]]],[[[-23.06,66.18],[-23.01,66.03],[-23.45,66.18],[-23.06,66.18]]]]}},{"type":"Feature","properties":{"n":"Magyars","f":900,"t":910,"w":"Q133032"},"geometry":{"type":"Polygon","coordinates":[[[26.17,45.5],[27.77,45.24],[23.68,44.91],[23.33,44.58],[22.86,44.78],[23.6,45.89],[22.93,47.93],[21.57,48.52],[19.88,48.13],[19.5,48.59],[19.62,49.18],[20.3,49.45],[24.62,48.32],[26.17,45.5]]]}},{"type":"Feature","properties":{"n":"Nitra","f":900,"t":910,"w":"Q26397"},"geometry":{"type":"MultiPolygon","coordinates":[[[[17.71,47.73],[16.99,48.26],[18.54,49.38],[19.29,49.32],[19.68,48.85],[19.3,47.99],[17.71,47.73]]],[[[18.38,49.38],[18.38,49.45],[18.46,49.45],[18.38,49.38]]]]}},{"type":"Feature","properties":{"n":"(Allegiance of Ziyadid dynasty to Abbasid Caliphate)","f":900,"t":910,"w":"Q207017"},"geometry":{"type":"MultiPolygon","coordinates":[[[[45.21,15.91],[46.47,15.97],[46.15,15.52],[46.51,15.33],[49.48,14.69],[48.79,14.04],[45.74,13.34],[45.05,12.76],[43.44,12.69],[42.75,15.14],[42.82,16.61],[41.24,18.61],[40.85,19.7],[39.35,20.79],[38.6,23.62],[37.44,24.33],[37.27,25.23],[35.04,28.06],[36.76,31.59],[39.4,34.16],[40.02,35.52],[39.7,36.1],[38.13,36.61],[36.14,36.93],[34.95,36.67],[34.78,37.25],[36.15,37.71],[36.46,38.29],[37.13,38.67],[38.16,39.9],[38.84,39.71],[40.3,40.48],[42.93,39.64],[42.07,38.67],[43.09,38.16],[42.7,37.58],[44.52,37.77],[44.8,37.06],[45.25,36.93],[45.22,37.77],[46.12,38.48],[47.25,38.67],[48.84,38.35],[48.88,37.71],[49.46,37.45],[49.19,36.74],[50.41,36.16],[52.03,35.64],[54.01,35.9],[53.99,39.0],[53.14,39.45],[53.54,39.51],[53.5,40.03],[52.79,40.03],[52.89,40.87],[56.83,40.74],[58.34,43.47],[60.37,43.54],[62.19,41.78],[62.53,41.0],[62.33,40.29],[63.49,39.0],[62.69,38.61],[61.86,39.06],[60.27,38.67],[54.14,32.62],[54.13,30.5],[55.47,29.22],[55.76,27.99],[56.62,27.61],[56.71,27.16],[55.44,26.52],[55.54,26.77],[54.83,26.45],[53.66,26.71],[51.32,27.99],[50.06,30.18],[48.94,30.31],[48.4,29.6],[47.65,29.6],[48.13,28.51],[47.68,28.51],[45.09,30.5],[43.84,30.82],[41.17,29.99],[39.87,28.12],[39.7,26.84],[40.13,25.49],[42.93,21.05],[44.47,19.51],[43.89,18.48],[45.21,15.91]]],[[[56.0,23.88],[56.14,23.81],[56.06,23.69],[56.0,23.88]]],[[[36.98,38.74],[37.06,38.74],[37.05,38.67],[36.98,38.74]]]]}},{"type":"Feature","properties":{"n":"East Franks","f":900,"t":910,"w":"Q153080"},"geometry":{"type":"Polygon","coordinates":[[[11.8,51.98],[11.29,51.38],[12.13,51.05],[12.3,50.65],[11.96,50.38],[12.53,49.52],[14.18,48.59],[14.94,48.99],[16.76,48.79],[17.06,47.8],[16.28,46.81],[16.82,46.02],[18.42,45.1],[16.54,44.84],[14.28,45.43],[13.65,46.55],[12.58,46.68],[9.3,46.48],[8.98,45.89],[8.49,46.15],[8.31,46.94],[7.65,47.07],[7.73,47.4],[6.98,47.86],[5.82,47.86],[4.88,48.52],[5.03,49.12],[4.58,49.91],[3.55,50.38],[4.26,51.31],[3.5,51.25],[3.75,51.45],[3.4,51.65],[4.7,52.99],[5.06,52.65],[5.39,52.86],[5.54,53.39],[8.21,53.6],[8.89,53.87],[8.89,54.34],[10.1,54.34],[10.36,53.46],[11.73,53.06],[11.8,51.98]]]}},{"type":"Feature","properties":{"n":"Rustamid dynasty","f":900,"t":910,"w":"Q940123"},"geometry":{"type":"Polygon","coordinates":[[[1.34,36.49],[3.85,36.91],[5.38,36.71],[5.34,34.58],[9.26,34.05],[9.2,33.53],[9.82,32.77],[12.37,31.9],[13.37,32.05],[16.16,30.08],[12.77,30.08],[1.62,32.65],[0.8,33.08],[-0.19,35.04],[0.65,36.3],[1.34,36.49]]]}},{"type":"Feature","properties":{"n":"Kingdom of Alba","f":900,"t":959,"w":"Q1991742"},"geometry":{"type":"Polygon","coordinates":[[[-2.67,56.25],[-5.79,55.84],[-5.45,56.59],[-6.0,56.73],[-5.7,57.14],[-5.89,57.83],[-1.85,57.7],[-2.67,56.25]]]}},{"type":"Feature","properties":{"n":"(Allegiance of East Franks to Carolingian Empire)","f":900,"t":910,"w":"Q153080"},"geometry":{"type":"MultiPolygon","coordinates":[[[[14.77,42.11],[14.69,42.11],[14.69,42.17],[14.77,42.11]]],[[[9.58,41.98],[9.1,41.33],[8.62,41.72],[8.53,42.5],[9.25,43.02],[9.58,41.98]]],[[[10.21,42.69],[10.13,42.89],[10.46,42.89],[10.21,42.69]]],[[[13.95,45.04],[13.71,45.76],[13.14,45.82],[12.0,45.56],[12.4,45.04],[12.31,44.19],[13.67,43.41],[14.06,42.5],[14.69,42.11],[14.12,41.72],[12.38,42.43],[12.22,43.41],[11.82,43.34],[12.06,42.76],[11.26,42.43],[10.21,43.99],[9.16,44.45],[6.28,43.15],[3.85,43.6],[1.81,42.5],[-1.69,43.34],[-1.05,45.69],[-2.23,47.27],[-0.36,47.53],[-0.22,47.99],[-1.08,48.39],[-1.17,49.45],[0.01,49.38],[0.22,49.85],[1.45,50.25],[1.66,51.05],[3.75,51.45],[3.4,51.65],[4.7,52.99],[5.06,52.65],[5.54,53.39],[8.21,53.6],[8.89,53.87],[8.89,54.34],[10.1,54.34],[10.36,53.46],[11.73,53.06],[11.8,51.98],[11.29,51.38],[12.13,51.05],[12.3,50.65],[11.96,50.38],[12.53,49.52],[14.18,48.59],[14.94,48.99],[16.76,48.79],[17.06,47.8],[16.28,46.81],[16.82,46.02],[18.42,45.1],[16.54,44.84],[14.28,45.37],[13.95,45.04]]],[[[-15.48,64.35],[-15.46,64.28],[-15.56,64.28],[-15.48,64.35]]],[[[-15.29,64.35],[-15.39,64.35],[-15.41,64.42],[-15.29,64.35]]],[[[-23.06,66.18],[-23.01,66.03],[-23.45,66.18],[-23.06,66.18]]]]}},{"type":"Feature","properties":{"n":"Principality of Hungary","f":900,"t":910,"w":"Q2899771"},"geometry":{"type":"Polygon","coordinates":[[[23.33,44.58],[23.36,43.86],[22.5,44.32],[22.69,44.65],[21.95,44.52],[21.03,45.37],[20.29,45.24],[20.02,44.71],[18.81,44.84],[16.82,46.02],[16.29,47.01],[17.06,47.99],[19.12,47.73],[19.56,48.26],[22.38,48.32],[22.93,47.93],[23.6,45.89],[22.86,44.78],[23.33,44.58]]]}},{"type":"Feature","properties":{"n":"Chandra Dynasty","f":900,"t":946,"w":"Q5032034"},"geometry":{"type":"Polygon","coordinates":[[[92.08,24.1],[92.72,23.54],[93.67,20.27],[94.84,19.13],[94.77,18.02],[94.45,17.94],[94.04,19.19],[94.01,18.73],[93.34,20.02],[93.02,19.82],[92.35,20.72],[91.4,23.9],[92.08,24.1]]]}},{"type":"Feature","properties":{"n":"Abbasid Caliphate","f":900,"t":910,"w":"Q12536"},"geometry":{"type":"MultiPolygon","coordinates":[[[[55.91,23.69],[56.0,23.88],[56.14,23.81],[55.91,23.69]]],[[[62.19,41.78],[62.53,41.0],[62.33,40.29],[63.46,38.87],[62.69,38.61],[61.47,39.06],[60.27,38.67],[54.14,32.62],[54.13,30.5],[55.47,29.22],[55.76,27.99],[56.81,27.29],[56.19,27.16],[56.06,26.71],[54.83,26.45],[53.66,26.71],[51.6,27.8],[50.06,30.18],[48.94,30.31],[48.4,29.6],[47.65,29.6],[48.13,28.51],[46.76,29.09],[45.09,30.5],[43.84,30.82],[41.9,30.44],[40.57,29.22],[39.87,28.12],[39.7,26.84],[40.13,25.49],[42.93,21.05],[44.47,19.51],[44.28,18.8],[42.14,17.51],[40.85,19.7],[39.35,20.79],[38.6,23.62],[37.44,24.33],[37.27,25.23],[35.04,28.06],[36.76,31.59],[39.4,34.16],[40.02,35.52],[39.7,36.1],[38.13,36.61],[36.14,36.93],[34.95,36.67],[34.78,37.25],[36.15,37.71],[36.46,38.29],[37.13,38.67],[38.16,39.9],[38.84,39.71],[40.3,40.48],[42.93,39.64],[42.07,38.67],[43.09,38.16],[42.7,37.58],[44.52,37.77],[44.8,37.06],[45.25,36.93],[45.22,37.77],[46.12,38.48],[47.25,38.67],[48.84,38.35],[48.88,37.71],[49.46,37.45],[49.19,36.74],[50.41,36.16],[52.03,35.64],[54.01,35.9],[53.99,39.0],[53.14,39.45],[53.54,39.51],[53.5,40.03],[52.79,40.03],[52.89,40.87],[56.83,40.74],[58.63,43.67],[60.37,43.54],[62.19,41.78]]],[[[36.98,38.74],[37.06,38.74],[37.05,38.67],[36.98,38.74]]]]}},{"type":"Feature","properties":{"n":"Great Moravia","f":900,"t":910,"w":"Q193152"},"geometry":{"type":"Polygon","coordinates":[[[16.99,48.26],[16.76,48.79],[15.36,48.99],[16.06,50.05],[18.29,49.32],[16.99,48.26]]]}},{"type":"Feature","properties":{"n":"Duchy of Bohemia","f":900,"t":910,"w":"Q2162698"},"geometry":{"type":"MultiPolygon","coordinates":[[[[15.53,49.12],[14.18,48.59],[12.53,49.52],[12.12,50.25],[14.5,51.11],[15.23,50.31],[15.89,49.98],[15.53,49.12]]],[[[15.9,50.11],[15.98,50.11],[15.98,50.05],[15.9,50.11]]],[[[15.15,50.51],[15.24,50.51],[15.24,50.45],[15.15,50.51]]]]}},{"type":"Feature","properties":{"n":"Pala Empire","f":900,"t":946,"w":"Q668412"},"geometry":{"type":"MultiPolygon","coordinates":[[[[91.22,22.4],[91.26,22.21],[91.03,22.14],[91.22,22.4]]],[[[91.4,23.9],[91.6,23.18],[90.94,22.53],[90.78,21.95],[88.73,21.63],[88.64,22.08],[88.2,21.56],[87.89,22.53],[83.32,24.46],[83.29,25.23],[85.03,27.42],[88.55,26.58],[89.34,26.0],[89.9,26.13],[89.35,25.58],[89.66,25.45],[92.47,25.1],[92.34,24.33],[91.4,23.9]]]]}},{"type":"Feature","properties":{"n":"Upper Burgundy","f":900,"t":910,"w":"Q33235"},"geometry":{"type":"Polygon","coordinates":[[[8.31,46.94],[8.4,46.41],[7.93,45.56],[7.03,45.5],[6.53,45.96],[5.8,45.96],[5.36,46.87],[5.58,47.66],[6.31,47.99],[7.73,47.4],[7.9,46.94],[8.31,46.94]]]}},{"type":"Feature","properties":{"n":"Kingdom of Seisyllwg","f":900,"t":910,"w":"Q2456191"},"geometry":{"type":"Polygon","coordinates":[[[-4.31,51.51],[-4.56,52.25],[-3.27,52.99],[-2.93,52.12],[-3.78,52.12],[-3.59,51.92],[-4.31,51.51]]]}},{"type":"Feature","properties":{"n":"Kingdom of Lower Burgundy","f":900,"t":910,"w":"Q33242"},"geometry":{"type":"MultiPolygon","coordinates":[[[[14.77,42.17],[14.77,42.11],[14.69,42.11],[14.77,42.17]]],[[[9.58,41.98],[9.1,41.33],[8.62,41.72],[8.53,42.5],[9.49,43.02],[9.58,41.98]]],[[[10.46,42.69],[10.13,42.89],[10.21,42.89],[10.46,42.69]]],[[[8.98,45.89],[9.3,46.48],[10.04,46.28],[10.04,46.61],[13.65,46.55],[14.28,45.56],[14.19,45.04],[13.71,45.76],[12.16,45.69],[12.15,44.45],[13.67,43.41],[14.06,42.5],[14.69,42.11],[14.12,41.72],[13.01,42.04],[12.38,42.43],[12.22,43.41],[11.82,43.34],[12.06,42.76],[11.26,42.43],[10.21,43.99],[9.16,44.45],[6.28,43.15],[4.34,43.47],[4.73,43.93],[3.97,44.65],[4.36,45.1],[3.94,45.37],[3.98,46.35],[4.57,46.09],[5.36,46.87],[5.8,45.96],[6.53,45.96],[7.03,45.5],[7.93,45.56],[8.4,46.41],[8.98,45.89]]]]}},{"type":"Feature","properties":{"n":"Tang Dynasty","f":900,"t":910,"w":"Q9683"},"geometry":{"type":"MultiPolygon","coordinates":[[[[108.76,18.41],[108.7,19.38],[109.25,19.96],[110.91,20.15],[111.03,19.57],[109.86,18.35],[108.76,18.41]]],[[[119.38,39.77],[118.99,39.19],[117.89,39.19],[117.58,38.74],[118.07,38.16],[119.46,37.96],[119.16,37.19],[120.75,37.9],[122.71,37.45],[122.39,36.8],[120.98,36.61],[119.23,34.81],[120.34,34.36],[120.92,32.62],[121.96,31.98],[121.58,31.4],[121.9,30.82],[120.68,30.18],[121.48,30.31],[122.03,29.92],[121.94,29.22],[121.74,29.54],[121.57,29.47],[121.65,28.32],[121.12,28.32],[119.59,26.13],[119.53,25.62],[119.87,25.49],[119.27,25.49],[118.76,24.59],[118.15,24.52],[116.54,22.91],[114.64,22.72],[114.37,22.08],[113.6,22.72],[113.64,22.14],[110.42,21.18],[110.49,20.28],[109.88,20.21],[109.81,21.5],[107.79,21.44],[105.97,19.83],[105.73,18.86],[106.57,18.09],[106.52,17.77],[105.71,17.77],[105.04,18.67],[104.98,20.15],[104.45,20.54],[105.1,20.86],[104.93,21.18],[106.62,21.56],[108.36,22.59],[107.85,23.43],[108.31,26.32],[107.91,26.84],[106.46,27.35],[106.14,28.44],[104.43,27.67],[104.64,28.44],[104.07,28.57],[103.32,27.74],[103.46,26.45],[102.19,26.13],[101.55,26.97],[101.7,27.87],[100.92,30.56],[101.69,32.75],[103.33,33.52],[103.67,35.07],[106.0,36.1],[105.8,37.13],[104.54,37.64],[107.19,39.19],[108.51,40.74],[109.79,41.07],[112.54,40.87],[114.47,41.07],[115.25,41.46],[116.64,41.52],[117.6,41.39],[117.91,40.55],[119.0,40.23],[119.67,40.29],[121.45,41.59],[122.61,41.78],[121.82,40.87],[121.11,40.87],[119.38,39.77]]],[[[122.28,29.99],[121.98,29.99],[122.05,30.18],[122.28,29.99]]],[[[114.58,41.26],[114.47,41.07],[114.34,41.26],[114.58,41.26]]]]}},{"type":"Feature","properties":{"n":"Duchy of Benevento","f":900,"t":969,"w":"Q267816"},"geometry":{"type":"Polygon","coordinates":[[[14.69,42.11],[15.4,41.91],[15.38,41.0],[13.4,41.33],[14.69,42.11]]]}},{"type":"Feature","properties":{"n":"First Bulgarian Empire","f":900,"t":910,"w":"Q203817"},"geometry":{"type":"MultiPolygon","coordinates":[[[[20.45,40.81],[20.45,40.87],[20.53,40.87],[20.45,40.81]]],[[[33.69,46.87],[32.92,46.61],[30.88,46.68],[29.61,45.69],[29.53,44.91],[28.8,44.97],[28.48,43.47],[27.51,42.63],[27.93,41.98],[25.47,42.11],[24.52,41.26],[22.25,40.55],[20.75,40.48],[20.37,42.3],[21.12,42.89],[21.07,43.41],[19.11,44.32],[19.3,44.84],[20.02,44.71],[20.29,45.24],[21.03,45.37],[21.95,44.52],[22.69,44.65],[22.5,44.32],[23.36,43.86],[23.68,44.91],[26.61,44.97],[28.29,45.5],[29.32,47.4],[34.04,47.53],[33.69,46.87]]]]}},{"type":"Feature","properties":{"n":"Toltec","f":900,"t":1176,"w":"Q187897"},"geometry":{"type":"Polygon","coordinates":[[[-98.55,20.28],[-98.16,19.76],[-98.78,19.51],[-99.17,20.02],[-98.55,20.28]]]}},{"type":"Feature","properties":{"n":"Tulunids","f":900,"t":910,"w":"Q726798"},"geometry":{"type":"Polygon","coordinates":[[[34.59,28.06],[34.91,29.41],[34.12,27.74],[33.19,28.51],[32.53,29.92],[32.69,28.96],[33.61,27.99],[34.05,26.58],[35.85,23.88],[31.67,23.75],[30.46,23.36],[28.57,24.65],[28.15,27.35],[25.37,29.28],[23.74,29.99],[22.45,30.05],[18.71,29.15],[18.73,29.79],[18.89,30.31],[20.2,30.89],[20.02,32.24],[21.88,32.94],[23.09,32.62],[23.3,32.17],[24.89,31.98],[25.25,31.46],[26.85,31.46],[28.87,30.82],[30.97,31.66],[31.88,31.46],[32.0,31.08],[33.98,31.14],[34.63,31.66],[35.64,34.36],[36.05,34.55],[35.84,36.29],[36.29,36.8],[39.7,36.1],[40.04,35.07],[36.76,31.59],[35.05,28.12],[34.59,28.06]]]}},{"type":"Feature","properties":{"n":"(Brythonic Kingdoms)","f":900,"t":910,"w":"Q849967"},"geometry":{"type":"MultiPolygon","coordinates":[[[[-4.66,50.85],[-4.27,50.38],[-5.75,50.05],[-4.66,50.85]]],[[[-5.26,51.71],[-4.16,52.46],[-4.3,52.92],[-4.79,52.79],[-4.49,53.12],[-4.7,53.46],[-3.49,53.39],[-2.64,51.78],[-3.11,51.45],[-5.26,51.71]],[[-3.22,51.65],[-3.3,51.65],[-3.22,51.61],[-3.22,51.65]]],[[[-2.97,54.14],[-3.59,54.27],[-3.57,54.89],[-5.11,54.68],[-5.33,55.02],[-4.78,55.5],[-4.86,56.18],[-3.78,55.98],[-1.89,53.8],[-2.29,53.39],[-3.15,53.46],[-2.97,54.14]],[[-3.36,54.95],[-3.58,54.95],[-3.57,54.89],[-3.36,54.95]]]]}},{"type":"Feature","properties":{"n":"Papal States","f":900,"t":910,"w":"Q170174"},"geometry":{"type":"MultiPolygon","coordinates":[[[[11.57,42.3],[11.49,42.3],[11.49,42.37],[11.57,42.3]]],[[[13.87,41.33],[13.0,41.33],[11.73,42.17],[12.06,42.76],[11.82,43.34],[12.22,43.41],[12.38,42.43],[13.96,41.72],[13.87,41.33]]]]}},{"type":"Feature","properties":{"n":"Duchy of Croatia","f":900,"t":910,"w":"Q2576305"},"geometry":{"type":"MultiPolygon","coordinates":[[[[16.44,44.39],[16.73,43.54],[15.93,43.67],[15.37,43.86],[15.39,44.32],[14.28,45.43],[17.11,44.84],[16.44,44.39]]],[[[14.51,44.91],[14.5,44.52],[14.26,44.58],[14.51,44.91]]]]}},{"type":"Feature","properties":{"n":"Kingdom of Khotan","f":900,"t":999,"w":"Q914898"},"geometry":{"type":"Polygon","coordinates":[[[81.03,36.61],[78.42,37.51],[77.03,38.8],[73.4,39.51],[74.35,41.0],[77.43,41.39],[80.13,42.43],[81.98,42.24],[80.61,41.39],[80.17,40.42],[80.86,39.0],[83.92,38.55],[86.3,39.26],[86.63,38.87],[85.11,37.45],[81.03,36.61]]]}},{"type":"Feature","properties":{"n":"Kievan Rus'","f":900,"t":921,"w":"Q1108445"},"geometry":{"type":"MultiPolygon","coordinates":[[[[26.34,50.45],[26.33,50.38],[26.25,50.38],[26.34,50.45]]],[[[26.09,51.25],[26.09,51.18],[26.0,51.18],[26.09,51.25]]],[[[41.67,58.6],[42.14,56.8],[41.59,55.77],[39.07,55.16],[38.95,54.27],[39.55,53.53],[39.43,52.25],[37.39,49.71],[35.15,49.32],[26.74,49.52],[26.42,50.45],[25.99,51.11],[26.17,51.18],[27.03,52.65],[26.97,52.86],[27.56,53.39],[28.11,54.82],[28.29,54.82],[27.96,56.11],[28.11,56.52],[27.96,56.66],[28.07,56.8],[27.98,56.8],[28.0,56.94],[27.91,56.94],[28.01,58.11],[27.72,58.53],[27.93,59.78],[29.16,60.07],[30.84,59.78],[31.1,60.21],[31.82,60.14],[33.18,60.91],[35.36,61.19],[35.2,60.91],[35.57,60.91],[36.43,61.41],[37.33,61.34],[41.67,58.6]]],[[[27.98,56.8],[27.97,56.73],[27.88,56.73],[27.98,56.8]]],[[[32.99,60.91],[32.98,60.84],[32.89,60.84],[32.99,60.91]]],[[[38.42,60.91],[38.32,60.91],[38.34,60.98],[38.42,60.91]]],[[[33.56,60.98],[33.47,60.98],[33.48,61.05],[33.56,60.98]]]]}},{"type":"Feature","properties":{"n":"Samanid Empire","f":900,"t":910,"w":"Q486181"},"geometry":{"type":"Polygon","coordinates":[[[66.35,25.55],[61.72,25.04],[57.38,25.74],[56.62,27.61],[55.76,27.99],[55.47,29.22],[54.13,30.5],[54.14,32.62],[60.27,38.67],[61.47,39.06],[62.69,38.61],[63.46,38.87],[62.58,40.03],[66.28,40.81],[69.5,43.41],[70.0,44.39],[72.3,44.25],[75.19,42.04],[73.4,39.51],[73.83,38.61],[74.89,38.48],[75.23,37.0],[76.6,35.77],[74.76,35.26],[74.61,35.58],[73.44,35.52],[71.53,33.39],[70.85,32.04],[70.58,29.95],[69.64,29.36],[67.64,29.28],[66.63,24.84],[66.35,25.55]]]}},{"type":"Feature","properties":{"n":"Nanzhao","f":900,"t":910,"w":"Q1045322"},"geometry":{"type":"Polygon","coordinates":[[[104.98,26.52],[104.54,25.55],[105.05,25.16],[104.59,24.33],[105.33,23.94],[106.1,24.07],[106.07,23.49],[103.95,22.46],[103.77,22.72],[101.72,22.46],[101.87,21.56],[101.08,21.76],[100.21,21.44],[100.01,22.01],[99.21,22.14],[99.57,22.98],[98.88,23.3],[98.88,24.14],[97.64,23.88],[97.57,24.78],[98.69,25.87],[98.73,26.77],[101.55,26.97],[102.19,26.13],[104.98,26.52]]]}},{"type":"Feature","properties":{"n":"Yan Kingdom","f":911,"t":921,"w":"Q1291919"},"geometry":{"type":"Polygon","coordinates":[[[118.99,39.19],[117.78,39.13],[117.64,38.55],[116.75,38.8],[116.83,39.58],[115.92,39.64],[116.0,40.81],[114.88,40.94],[115.41,41.46],[117.6,41.39],[118.08,40.42],[119.59,40.29],[119.8,39.97],[118.99,39.19]]]}},{"type":"Feature","properties":{"n":"Min","f":911,"t":935,"w":"Q224634"},"geometry":{"type":"Polygon","coordinates":[[[119.59,26.13],[119.53,25.62],[119.87,25.49],[119.27,25.49],[118.76,24.59],[116.97,23.56],[116.85,24.39],[116.04,24.78],[118.31,28.51],[118.89,28.44],[119.13,27.48],[119.53,27.8],[120.68,27.61],[119.59,26.13]]]}},{"type":"Feature","properties":{"n":"Later Jin","f":911,"t":921,"w":"Q1154540"},"geometry":{"type":"Polygon","coordinates":[[[111.5,37.84],[111.02,38.48],[112.58,40.94],[115.41,41.46],[112.46,37.71],[111.5,37.84]]]}},{"type":"Feature","properties":{"n":"Bagratid Armenia","f":911,"t":935,"w":"Q2622868"},"geometry":{"type":"Polygon","coordinates":[[[46.86,39.58],[46.67,38.93],[46.26,38.87],[44.66,40.1],[44.76,39.71],[43.72,39.19],[41.63,39.9],[44.24,41.26],[45.11,41.26],[45.6,40.87],[45.46,40.55],[46.45,40.36],[46.86,39.58]]]}},{"type":"Feature","properties":{"n":"Kingdom of Wessex","f":911,"t":921,"w":"Q105313"},"geometry":{"type":"Polygon","coordinates":[[[-0.58,51.51],[0.34,51.65],[1.39,51.18],[0.49,50.78],[-1.37,50.85],[-1.18,50.58],[-3.13,50.71],[-3.58,50.25],[-4.66,50.85],[-4.2,51.31],[-3.09,51.25],[-2.63,51.65],[-3.32,53.46],[-1.95,53.53],[-1.31,52.12],[-0.58,51.51]]]}},{"type":"Feature","properties":{"n":"Pandya Dynasty","f":911,"t":921,"w":"Q844910"},"geometry":{"type":"Polygon","coordinates":[[[79.89,10.3],[79.31,10.25],[78.92,9.57],[79.17,9.29],[78.29,9.0],[78.1,8.38],[77.29,8.13],[76.54,8.88],[76.24,9.93],[77.04,10.95],[79.87,10.95],[79.89,10.3]]]}},{"type":"Feature","properties":{"n":"Southern Han","f":911,"t":946,"w":"Q1198071"},"geometry":{"type":"MultiPolygon","coordinates":[[[[108.76,18.41],[108.7,19.38],[109.25,19.96],[110.91,20.15],[111.03,19.57],[110.18,18.48],[108.76,18.41]]],[[[116.54,22.91],[114.64,22.72],[114.37,22.08],[113.6,22.72],[113.64,22.14],[110.42,21.18],[110.49,20.28],[109.88,20.21],[109.81,21.5],[107.79,21.44],[105.85,19.57],[105.73,18.86],[106.52,17.77],[105.71,17.77],[105.14,18.41],[104.98,20.15],[104.45,20.54],[105.1,20.86],[104.93,21.18],[108.08,22.27],[108.39,22.72],[108.16,23.11],[109.54,22.91],[111.49,23.36],[112.07,23.69],[112.61,25.16],[114.33,25.49],[115.09,25.23],[114.55,24.46],[116.26,24.78],[116.85,24.39],[116.54,22.91]]]]}},{"type":"Feature","properties":{"n":"Principality of Serbia","f":911,"t":921,"w":"Q1311990"},"geometry":{"type":"MultiPolygon","coordinates":[[[[17.75,42.69],[17.67,42.69],[17.67,42.76],[17.75,42.69]]],[[[19.98,42.5],[18.62,42.43],[17.44,42.95],[17.84,43.02],[17.45,43.41],[17.72,43.93],[18.88,44.58],[20.5,43.21],[19.98,42.5]]]]}},{"type":"Feature","properties":{"n":"Duchy of Croatia","f":911,"t":921,"w":"Q2576305"},"geometry":{"type":"MultiPolygon","coordinates":[[[[16.44,44.39],[16.73,43.54],[15.93,43.67],[15.37,43.86],[15.39,44.32],[14.28,45.43],[15.42,45.37],[15.57,45.1],[17.11,44.91],[16.44,44.39]]],[[[14.5,44.52],[14.26,44.58],[14.27,44.97],[14.5,44.52]]],[[[16.14,45.1],[16.22,45.1],[16.22,45.04],[16.14,45.1]]],[[[16.3,45.1],[16.38,45.1],[16.38,45.04],[16.3,45.1]]]]}},{"type":"Feature","properties":{"n":"Samanid Empire","f":911,"t":921,"w":"Q486181"},"geometry":{"type":"Polygon","coordinates":[[[66.35,25.55],[61.72,25.04],[57.38,25.74],[56.62,27.61],[55.76,27.99],[55.47,29.22],[51.72,31.72],[51.46,32.56],[52.02,33.71],[51.41,34.23],[51.1,36.1],[49.16,37.06],[49.46,37.45],[50.0,37.38],[51.64,36.55],[54.03,36.87],[53.99,39.0],[53.14,39.45],[53.54,39.51],[53.5,40.03],[52.79,40.03],[52.89,40.87],[56.83,40.74],[58.63,43.67],[60.37,43.54],[62.19,41.78],[62.53,41.0],[62.33,40.29],[62.74,40.03],[66.28,40.81],[69.5,43.41],[70.0,44.39],[72.93,43.99],[75.24,41.72],[73.74,40.36],[73.4,39.51],[73.83,38.61],[74.89,38.48],[75.23,37.0],[76.6,35.77],[74.76,35.26],[74.61,35.58],[73.44,35.52],[71.53,33.39],[70.85,32.04],[70.58,29.95],[69.64,29.36],[67.64,29.28],[66.63,24.84],[66.35,25.55]]]}},{"type":"Feature","properties":{"n":"Byzantine Empire","f":911,"t":921,"w":"Q112039853"},"geometry":{"type":"MultiPolygon","coordinates":[[[[23.12,36.35],[23.11,36.16],[22.87,36.16],[23.12,36.35]]],[[[20.93,37.9],[20.92,37.64],[20.61,37.71],[20.93,37.9]]],[[[20.57,38.42],[20.79,38.09],[20.32,38.16],[20.57,38.42]]],[[[23.56,38.74],[23.48,38.74],[23.49,38.8],[23.56,38.74]]],[[[17.14,39.06],[15.7,37.96],[16.27,38.8],[15.9,39.71],[17.14,39.06]]],[[[20.15,39.58],[20.07,39.58],[20.07,39.64],[20.15,39.58]]],[[[19.91,39.58],[19.76,39.64],[19.76,39.77],[19.91,39.58]]],[[[15.4,41.91],[16.12,41.91],[15.94,41.39],[17.98,40.61],[18.35,39.9],[17.35,40.55],[16.78,40.36],[16.01,41.07],[15.38,41.0],[15.4,41.91]]],[[[19.86,41.72],[19.81,40.81],[19.33,40.74],[19.39,41.91],[19.86,41.72]]],[[[17.99,42.82],[18.15,42.82],[18.15,42.69],[17.99,42.82]]],[[[17.51,42.82],[17.59,42.82],[17.59,42.76],[17.51,42.82]]],[[[17.12,43.21],[17.12,43.08],[16.72,43.08],[17.12,43.21]]],[[[16.73,43.47],[16.81,43.47],[16.81,43.34],[16.73,43.47]]],[[[15.93,43.67],[16.66,43.67],[16.17,43.47],[15.93,43.67]]],[[[15.38,44.19],[15.22,44.12],[15.15,44.39],[15.38,44.19]]],[[[15.15,44.45],[15.15,44.39],[15.07,44.39],[15.15,44.45]]],[[[15.07,44.52],[15.07,44.45],[14.99,44.45],[15.07,44.52]]],[[[28.02,36.48],[28.25,36.48],[28.14,36.03],[27.74,35.9],[28.02,36.48]]],[[[27.19,36.8],[26.87,36.67],[27.04,36.93],[27.19,36.8]]],[[[25.57,37.13],[25.56,37.0],[25.33,37.0],[25.57,37.13]]],[[[24.36,37.71],[24.43,37.58],[24.27,37.51],[24.36,37.71]]],[[[25.22,37.71],[25.29,37.51],[25.05,37.51],[25.22,37.71]]],[[[26.31,37.71],[26.3,37.58],[25.99,37.51],[26.31,37.71]]],[[[24.77,38.03],[25.07,37.77],[24.83,37.71],[24.77,38.03]]],[[[26.22,38.55],[26.11,38.16],[25.88,38.16],[26.22,38.55]]],[[[24.67,38.93],[24.66,38.74],[24.36,38.87],[24.67,38.93]]],[[[31.35,41.13],[32.63,41.91],[35.12,42.04],[36.21,41.26],[37.83,40.94],[40.37,40.94],[41.24,41.39],[41.26,41.07],[39.59,39.97],[37.34,39.71],[33.98,36.29],[32.71,36.03],[31.09,36.93],[30.62,36.93],[30.49,36.35],[29.24,36.22],[29.12,36.74],[28.03,36.67],[28.07,37.13],[27.22,37.32],[27.28,38.03],[26.43,38.22],[26.38,38.67],[26.59,38.35],[27.08,38.55],[26.85,39.58],[26.13,39.51],[26.27,40.29],[29.05,40.36],[28.91,40.61],[29.49,40.87],[29.12,41.07],[27.53,41.07],[26.92,40.48],[24.35,41.0],[23.7,40.81],[23.74,40.23],[22.57,40.55],[22.61,39.9],[23.14,39.45],[22.8,39.06],[23.49,38.87],[22.94,38.74],[24.18,38.55],[23.98,37.84],[23.04,37.9],[23.4,37.32],[22.71,37.58],[23.06,36.67],[22.36,36.67],[22.22,37.06],[21.74,36.87],[21.7,37.51],[21.24,37.84],[21.74,38.35],[21.19,38.42],[20.15,39.64],[23.0,41.0],[24.52,41.26],[25.22,42.04],[27.38,42.11],[28.98,41.26],[31.35,41.13]]],[[[25.79,39.19],[26.04,39.38],[26.64,39.0],[25.79,39.19]]],[[[25.46,40.03],[25.45,39.84],[24.97,39.84],[25.46,40.03]]],[[[26.04,40.29],[26.02,40.16],[25.7,40.1],[26.04,40.29]]],[[[24.81,40.81],[24.79,40.61],[24.55,40.55],[24.81,40.81]]],[[[34.24,44.97],[34.37,44.71],[33.52,44.45],[33.76,45.04],[34.24,44.97]]]]}},{"type":"Feature","properties":{"n":"Unified Silla","f":911,"t":925,"w":"Q715257"},"geometry":{"type":"MultiPolygon","coordinates":[[[[126.14,33.2],[127.0,33.59],[126.7,33.26],[126.14,33.2]]],[[[129.15,35.07],[128.53,35.07],[128.68,34.74],[127.45,35.07],[128.09,36.22],[128.03,36.87],[128.7,37.25],[129.43,37.32],[129.52,35.52],[129.15,35.07]]]]}},{"type":"Feature","properties":{"n":"Fatimid Caliphate","f":911,"t":921,"w":"Q160307"},"geometry":{"type":"MultiPolygon","coordinates":[[[[11.08,35.0],[10.0,34.29],[10.01,33.91],[12.23,32.81],[13.3,32.94],[15.06,32.43],[15.65,31.4],[18.22,30.76],[18.9,30.37],[18.71,29.09],[15.1,30.56],[13.37,32.04],[12.45,31.85],[9.86,32.81],[9.16,34.1],[7.61,34.55],[1.29,34.61],[-0.39,34.36],[-0.07,35.84],[0.38,36.22],[3.46,36.87],[5.56,36.67],[6.33,37.06],[8.52,36.87],[10.23,37.25],[10.23,36.8],[11.01,37.0],[10.46,35.9],[11.08,35.58],[11.08,35.0]]],[[[2.53,34.49],[2.61,34.49],[2.61,34.42],[2.53,34.49]]],[[[14.57,35.77],[14.34,35.84],[14.34,36.03],[14.57,35.77]]],[[[15.05,36.74],[14.66,36.74],[12.49,37.9],[15.63,38.29],[15.05,36.74]]]]}},{"type":"Feature","properties":{"n":"(Five Dynasties and Ten Kingdoms)","f":911,"t":921,"w":"Q242115"},"geometry":{"type":"MultiPolygon","coordinates":[[[[108.64,18.54],[108.7,19.38],[109.25,19.96],[110.91,20.15],[111.03,19.57],[109.84,18.22],[108.64,18.54]]],[[[115.67,22.66],[114.64,22.72],[114.37,22.08],[113.6,22.72],[113.64,22.14],[110.42,21.18],[110.49,20.28],[109.88,20.21],[109.81,21.5],[107.79,21.44],[105.85,19.57],[105.73,18.86],[106.52,17.77],[105.71,17.77],[105.14,18.41],[104.98,20.15],[104.45,20.54],[105.1,20.86],[104.93,21.18],[106.62,21.56],[108.39,22.72],[107.85,23.43],[108.31,26.32],[107.91,26.84],[106.46,27.35],[106.14,28.44],[104.43,27.67],[104.64,28.44],[103.99,28.57],[103.29,27.61],[103.46,26.45],[102.25,26.07],[102.08,26.64],[101.58,26.77],[101.7,27.87],[100.92,30.56],[101.69,32.75],[103.21,33.39],[103.67,35.07],[105.74,35.84],[106.08,36.29],[105.8,37.13],[104.57,37.71],[107.32,38.61],[108.79,37.9],[110.4,38.16],[111.02,38.48],[112.58,40.94],[116.64,41.52],[117.6,41.39],[118.08,40.42],[119.59,40.29],[119.8,39.97],[118.99,39.19],[117.78,39.13],[117.58,38.74],[118.07,38.16],[119.46,37.96],[119.16,37.19],[120.75,37.9],[122.71,37.45],[122.39,36.8],[120.98,36.61],[119.23,34.81],[120.34,34.36],[120.92,32.62],[121.99,31.85],[121.25,31.72],[121.48,31.53],[121.96,31.59],[121.58,31.4],[121.9,30.82],[120.68,30.18],[121.48,30.31],[122.03,29.92],[121.94,29.22],[121.59,29.54],[121.65,28.32],[121.12,28.32],[119.59,26.13],[119.53,25.62],[119.87,25.49],[119.27,25.49],[118.76,24.59],[118.15,24.52],[115.67,22.66]],[[121.22,31.85],[120.89,31.79],[121.17,31.72],[121.22,31.85]]],[[[122.05,30.18],[122.27,30.18],[122.28,29.99],[122.05,30.18]]],[[[121.81,31.59],[121.73,31.59],[121.91,31.66],[121.81,31.59]]]]}},{"type":"Feature","properties":{"n":"Kingdom of León","f":911,"t":921,"w":"Q175276"},"geometry":{"type":"Polygon","coordinates":[[[-7.81,41.13],[-8.18,40.03],[-8.97,40.03],[-8.89,41.59],[-6.15,42.04],[-5.97,43.6],[-4.43,43.41],[-3.96,41.65],[-7.81,41.13]]]}},{"type":"Feature","properties":{"n":"(Anglo-Saxon England)","f":911,"t":921,"w":"Q784963"},"geometry":{"type":"MultiPolygon","coordinates":[[[[-3.49,53.39],[-1.95,53.53],[-1.1,51.71],[1.39,51.18],[0.49,50.78],[-1.37,50.85],[-1.18,50.58],[-3.13,50.71],[-3.58,50.25],[-4.66,50.85],[-4.2,51.31],[-3.09,51.25],[-2.72,51.78],[-3.49,53.39]]],[[[-2.68,54.68],[-3.78,55.98],[-2.02,55.91],[-1.29,54.68],[-2.68,54.68]]]]}},{"type":"Feature","properties":{"n":"(Brythonic Kingdoms)","f":911,"t":921,"w":"Q849967"},"geometry":{"type":"MultiPolygon","coordinates":[[[[-4.66,50.85],[-4.27,50.38],[-5.75,50.05],[-4.66,50.85]]],[[[-5.26,51.71],[-4.16,52.45],[-4.3,52.92],[-4.79,52.79],[-4.49,53.12],[-4.7,53.46],[-3.49,53.39],[-2.64,51.78],[-3.11,51.45],[-5.26,51.71]],[[-3.9,52.45],[-3.91,52.49],[-4.16,52.45],[-3.9,52.45]],[[-3.22,51.65],[-3.3,51.65],[-3.22,51.61],[-3.22,51.65]]],[[[-2.97,54.14],[-3.59,54.27],[-3.57,54.89],[-5.11,54.68],[-5.33,55.02],[-4.78,55.5],[-4.86,56.18],[-3.78,55.98],[-1.89,53.8],[-2.29,53.39],[-3.15,53.46],[-2.97,54.14]],[[-3.36,54.95],[-3.58,54.95],[-3.57,54.89],[-3.36,54.95]]]]}},{"type":"Feature","properties":{"n":"Kingdom of Brittany","f":911,"t":921,"w":"Q771193"},"geometry":{"type":"Polygon","coordinates":[[[-4.42,47.8],[-4.91,48.52],[-3.46,48.92],[-1.6,48.65],[-2.03,49.78],[-1.36,49.78],[-1.08,48.39],[-0.22,47.99],[-0.36,47.53],[-2.31,47.27],[-4.42,47.8]]]}},{"type":"Feature","properties":{"n":"County of Aragon","f":911,"t":921,"w":"Q1235737"},"geometry":{"type":"Polygon","coordinates":[[[-0.77,42.89],[-0.12,42.76],[-0.49,42.24],[-1.07,42.56],[-0.77,42.89]]]}},{"type":"Feature","properties":{"n":"Liao Dynasty","f":911,"t":921,"w":"Q4958"},"geometry":{"type":"MultiPolygon","coordinates":[[[[125.05,44.32],[123.82,42.56],[121.82,40.87],[121.11,40.87],[119.88,39.97],[118.08,40.42],[117.6,41.39],[116.64,41.52],[111.43,40.87],[112.17,41.65],[116.37,42.56],[118.38,44.39],[119.52,44.78],[125.05,44.32]]],[[[121.71,44.65],[121.83,44.71],[121.79,44.65],[121.71,44.65]]]]}},{"type":"Feature","properties":{"n":"Papal States","f":911,"t":921,"w":"Q170174"},"geometry":{"type":"MultiPolygon","coordinates":[[[[11.57,42.3],[11.49,42.3],[11.49,42.37],[11.57,42.3]]],[[[14.04,41.52],[13.0,41.33],[11.73,42.17],[12.06,42.76],[11.82,43.34],[12.22,43.41],[12.38,42.43],[14.04,41.52]]]]}},{"type":"Feature","properties":{"n":"Duchy of Bohemia","f":911,"t":921,"w":"Q2162698"},"geometry":{"type":"MultiPolygon","coordinates":[[[[15.44,48.99],[14.6,48.59],[12.53,49.52],[12.12,50.25],[14.5,51.11],[15.23,50.31],[15.89,49.98],[15.44,48.99]]],[[[15.9,50.11],[15.98,50.11],[15.98,50.05],[15.9,50.11]]],[[[15.15,50.51],[15.24,50.51],[15.24,50.45],[15.15,50.51]]]]}},{"type":"Feature","properties":{"n":"Kingdom of Galicia","f":911,"t":921,"w":"Q303421"},"geometry":{"type":"Polygon","coordinates":[[[-8.89,41.59],[-8.66,42.37],[-9.28,42.89],[-9.16,43.28],[-7.28,43.73],[-6.05,43.54],[-6.15,42.04],[-8.89,41.59]]]}},{"type":"Feature","properties":{"n":"Former Shu","f":911,"t":921,"w":"Q571453"},"geometry":{"type":"Polygon","coordinates":[[[109.39,28.7],[107.34,26.97],[106.22,27.61],[106.14,28.44],[104.43,27.67],[104.64,28.44],[103.99,28.57],[103.29,27.61],[103.46,26.45],[102.25,26.07],[102.08,26.64],[101.58,26.77],[101.7,27.87],[100.98,29.73],[100.98,31.01],[101.69,32.75],[103.21,33.39],[103.67,35.07],[104.35,35.45],[105.19,33.78],[105.82,34.23],[105.7,34.94],[106.36,35.64],[106.48,34.74],[108.82,34.42],[110.26,33.59],[109.86,33.33],[109.61,32.24],[110.48,30.31],[109.39,28.7]]]}},{"type":"Feature","properties":{"n":"Sajid Dynasty","f":911,"t":925,"w":"Q3432153"},"geometry":{"type":"MultiPolygon","coordinates":[[[[49.18,39.32],[48.76,38.35],[46.12,38.48],[45.22,37.77],[45.25,36.93],[44.8,37.06],[44.54,37.9],[44.98,38.22],[44.49,38.55],[45.37,39.13],[44.66,40.1],[46.26,38.87],[46.67,38.93],[46.86,39.58],[46.45,40.36],[46.87,40.48],[46.8,40.1],[47.41,39.58],[48.33,39.84],[49.18,39.32]]],[[[44.73,41.78],[44.89,41.78],[44.79,41.65],[44.73,41.78]]],[[[48.28,41.59],[48.12,41.59],[48.2,41.98],[48.28,41.59]]]]}},{"type":"Feature","properties":{"n":"Later Liang Dynasty","f":911,"t":921,"w":"Q783489"},"geometry":{"type":"Polygon","coordinates":[[[119.16,37.19],[120.75,37.9],[122.71,37.45],[122.39,36.8],[120.98,36.61],[119.62,35.52],[118.06,33.14],[115.61,32.75],[113.87,30.24],[111.16,30.76],[110.52,30.18],[109.61,32.24],[109.86,33.33],[110.26,33.59],[108.82,34.42],[107.14,34.68],[108.33,38.09],[109.76,37.96],[111.02,38.48],[111.5,37.84],[112.46,37.71],[114.89,40.81],[116.0,40.81],[115.92,39.64],[116.83,39.58],[116.75,38.8],[119.46,37.96],[119.16,37.19]]]}},{"type":"Feature","properties":{"n":"Upper Burgundy","f":911,"t":921,"w":"Q33235"},"geometry":{"type":"Polygon","coordinates":[[[7.93,45.56],[7.11,45.43],[6.7,45.89],[5.8,45.96],[5.36,46.87],[5.58,47.66],[6.14,47.99],[8.31,46.94],[7.93,45.56]]]}},{"type":"Feature","properties":{"n":"Kingdom of Seisyllwg","f":911,"t":921,"w":"Q2456191"},"geometry":{"type":"Polygon","coordinates":[[[-3.72,52.32],[-3.64,51.65],[-5.3,51.98],[-3.72,52.32]]]}},{"type":"Feature","properties":{"n":"Kingdom of Germany","f":911,"t":921,"w":"Q175211"},"geometry":{"type":"Polygon","coordinates":[[[11.8,51.98],[11.29,51.38],[12.13,51.05],[12.04,50.31],[12.53,49.52],[14.02,48.65],[15.27,48.85],[14.42,48.26],[14.58,47.73],[13.67,47.8],[13.42,47.47],[13.82,47.2],[13.81,46.48],[10.04,46.61],[10.04,46.28],[9.3,46.48],[8.98,45.89],[7.48,47.53],[8.11,48.99],[7.02,49.45],[7.76,49.91],[6.8,51.38],[6.33,53.06],[8.3,53.26],[8.89,54.34],[10.1,54.34],[10.36,53.46],[11.73,53.06],[11.8,51.98]]]}},{"type":"Feature","properties":{"n":"Georgia","f":911,"t":946,"w":"Q4962"},"geometry":{"type":"MultiPolygon","coordinates":[[[[46.32,40.94],[45.82,40.36],[45.11,41.26],[41.58,41.52],[41.61,42.63],[39.35,43.99],[43.85,42.63],[45.23,42.69],[47.72,41.2],[47.72,40.81],[46.32,40.94]],[[44.89,41.78],[44.73,41.78],[44.79,41.65],[44.89,41.78]]],[[[39.35,43.99],[39.19,43.99],[39.2,44.06],[39.35,43.99]]],[[[39.21,44.12],[39.2,44.06],[39.12,44.06],[39.21,44.12]]],[[[39.14,44.19],[39.13,44.12],[39.05,44.12],[39.14,44.19]]]]}},{"type":"Feature","properties":{"n":"Viking settlements","f":911,"t":921,"w":"Q12567"},"geometry":{"type":"MultiPolygon","coordinates":[[[[-7.61,52.12],[-7.65,52.38],[-7.4,52.45],[-7.02,52.12],[-7.61,52.12]]],[[[-6.77,52.18],[-6.56,52.59],[-6.31,52.59],[-6.77,52.18]]],[[[-8.6,52.45],[-8.95,52.52],[-8.91,52.86],[-8.38,52.72],[-8.6,52.45]]],[[[-6.15,52.65],[-6.31,52.59],[-6.43,52.86],[-6.15,52.65]]],[[[-6.09,52.92],[-6.84,53.39],[-6.19,53.66],[-6.09,52.92]]],[[[-7.29,57.08],[-7.47,57.08],[-7.6,57.35],[-7.25,57.42],[-7.29,57.08]]],[[[-5.78,57.08],[-6.8,57.35],[-6.5,57.77],[-5.78,57.08]]],[[[-7.44,57.49],[-7.56,57.7],[-7.12,57.7],[-7.44,57.49]]],[[[-7.13,57.77],[-7.28,58.18],[-6.26,58.53],[-7.13,57.77]]],[[[-6.99,61.48],[-7.02,61.62],[-6.74,61.62],[-6.99,61.48]]],[[[-6.69,61.9],[-7.28,62.05],[-7.32,62.33],[-6.77,62.33],[-6.69,61.9]]],[[[-21.15,63.91],[-22.8,63.77],[-22.83,64.13],[-22.17,64.13],[-22.1,64.49],[-24.16,64.93],[-21.91,65.08],[-19.39,64.06],[-18.73,63.41],[-21.15,63.91]]],[[[-20.4,64.57],[-20.43,64.64],[-20.33,64.64],[-20.4,64.57]]],[[[1.76,49.32],[0.0,49.45],[0.22,49.85],[1.37,50.25],[1.76,49.32]]],[[[13.29,53.66],[13.29,53.72],[13.46,53.7],[13.29,53.66]]],[[[15.02,53.73],[14.41,53.66],[14.51,54.0],[14.86,54.14],[15.02,53.73]]],[[[13.82,53.94],[13.81,53.87],[13.77,53.87],[13.82,53.94]]],[[[13.27,53.73],[13.04,53.8],[13.3,54.21],[13.56,54.03],[13.27,53.73]]],[[[19.21,54.41],[19.46,54.27],[19.09,54.0],[18.69,54.41],[19.21,54.41]]],[[[12.09,54.34],[12.44,54.48],[12.79,54.41],[12.61,53.94],[12.17,53.94],[12.09,54.34]]],[[[-4.38,54.41],[-4.36,54.21],[-4.86,54.07],[-4.38,54.41]]],[[[13.48,54.34],[13.23,54.75],[13.66,54.61],[13.48,54.34]]],[[[-5.89,55.29],[-5.44,55.84],[-5.12,55.43],[-5.89,55.29]]],[[[-6.19,55.57],[-6.63,55.63],[-5.74,56.18],[-6.19,55.57]]],[[[-5.0,55.84],[-5.35,55.84],[-5.3,56.11],[-5.0,55.84]]],[[[-5.68,56.39],[-6.29,56.32],[-6.34,56.66],[-5.68,56.39]]]]}},{"type":"Feature","properties":{"n":"First Bulgarian Empire","f":911,"t":921,"w":"Q203817"},"geometry":{"type":"MultiPolygon","coordinates":[[[[19.17,42.24],[19.17,42.3],[19.25,42.3],[19.17,42.24]]],[[[33.69,46.87],[32.92,46.61],[30.88,46.68],[29.61,45.69],[29.53,44.91],[28.8,44.97],[28.48,43.47],[27.51,42.63],[27.93,41.98],[25.22,42.04],[24.52,41.26],[23.0,41.0],[19.99,39.64],[19.25,40.61],[19.81,40.81],[19.92,41.33],[19.18,42.5],[19.98,42.5],[20.5,43.28],[19.11,44.32],[19.3,44.84],[20.02,44.71],[20.29,45.24],[21.03,45.37],[21.95,44.52],[22.69,44.65],[22.5,44.32],[23.36,43.86],[23.52,44.91],[25.79,44.91],[28.29,45.5],[29.32,47.4],[34.04,47.53],[33.69,46.87]]]]}},{"type":"Feature","properties":{"n":"Principality of Hungary","f":911,"t":921,"w":"Q2899771"},"geometry":{"type":"MultiPolygon","coordinates":[[[[23.47,46.41],[23.55,46.41],[23.55,46.35],[23.47,46.41]]],[[[23.51,45.89],[23.68,45.89],[23.47,45.3],[22.89,45.17],[23.36,43.86],[22.5,44.32],[22.69,44.65],[21.95,44.52],[21.03,45.37],[20.29,45.24],[20.02,44.71],[18.81,44.84],[15.95,46.81],[16.23,47.86],[18.46,49.38],[19.61,49.12],[21.72,49.45],[22.45,49.18],[23.51,45.89]]],[[[23.08,47.66],[23.16,47.66],[23.15,47.6],[23.08,47.66]]],[[[18.38,49.45],[18.46,49.45],[18.46,49.38],[18.38,49.45]]]]}},{"type":"Feature","properties":{"n":"Taebong","f":911,"t":921,"w":"Q699871"},"geometry":{"type":"Polygon","coordinates":[[[128.03,36.87],[127.92,36.03],[126.05,36.8],[126.65,37.06],[126.35,37.84],[125.23,37.64],[124.76,38.09],[125.35,39.32],[127.48,39.32],[129.39,37.38],[128.03,36.87]]]}},{"type":"Feature","properties":{"n":"Lower Burgundy","f":911,"t":921,"w":"Q33242"},"geometry":{"type":"Polygon","coordinates":[[[7.11,45.43],[6.64,44.97],[6.98,44.25],[7.63,44.19],[7.55,43.8],[6.28,43.15],[4.34,43.47],[4.73,43.93],[3.97,44.65],[4.36,45.1],[3.94,45.37],[3.98,46.35],[4.57,46.09],[5.36,46.87],[5.8,45.96],[6.7,45.89],[7.11,45.43]]]}},{"type":"Feature","properties":{"n":"Ganzhou Kingdom","f":911,"t":921,"w":"Q1000124"},"geometry":{"type":"Polygon","coordinates":[[[105.83,40.61],[108.51,40.74],[107.19,39.19],[106.17,38.67],[98.58,38.35],[96.23,39.13],[96.93,41.07],[105.83,40.61]]]}},{"type":"Feature","properties":{"n":"Wuyue","f":911,"t":946,"w":"Q1193822"},"geometry":{"type":"MultiPolygon","coordinates":[[[[121.9,30.82],[120.68,30.18],[121.48,30.31],[122.03,29.92],[121.94,29.22],[121.59,29.54],[121.65,28.32],[121.12,28.32],[120.68,27.61],[119.0,27.54],[118.89,28.44],[118.31,28.51],[118.18,29.28],[119.4,31.46],[120.77,32.04],[121.48,31.53],[121.96,31.59],[121.58,31.4],[121.9,30.82]]],[[[122.28,29.99],[121.98,29.99],[122.05,30.18],[122.28,29.99]]],[[[121.89,31.59],[121.73,31.59],[121.76,31.66],[121.89,31.59]]],[[[121.78,31.72],[121.76,31.66],[121.68,31.66],[121.78,31.72]]],[[[121.66,31.79],[121.63,31.72],[121.56,31.72],[121.66,31.79]]]]}},{"type":"Feature","properties":{"n":"Danelaw","f":911,"t":921,"w":"Q339271"},"geometry":{"type":"Polygon","coordinates":[[[0.17,52.86],[1.09,53.06],[1.72,52.72],[0.86,51.51],[-1.1,51.71],[-1.89,53.8],[-2.68,54.68],[-0.67,54.61],[0.3,53.39],[0.17,52.86]]]}},{"type":"Feature","properties":{"n":"Kingdom of Vaspurakan","f":911,"t":935,"w":"Q5228183"},"geometry":{"type":"Polygon","coordinates":[[[42.7,37.58],[43.09,38.16],[42.07,38.67],[42.23,39.19],[42.92,39.58],[43.72,39.19],[44.83,39.71],[45.34,39.0],[44.45,38.35],[44.96,38.09],[42.7,37.58]]]}},{"type":"Feature","properties":{"n":"Abbasid Caliphate","f":911,"t":921,"w":"Q12536"},"geometry":{"type":"MultiPolygon","coordinates":[[[[42.07,38.67],[43.09,38.16],[42.7,37.58],[44.52,37.77],[44.8,37.06],[45.25,36.93],[45.22,37.77],[46.12,38.48],[48.84,38.35],[48.88,37.71],[49.46,37.45],[49.12,36.8],[51.1,36.1],[51.41,34.23],[52.02,33.71],[51.46,32.56],[51.72,31.72],[55.33,29.34],[55.76,27.99],[56.81,27.29],[55.44,26.52],[55.54,26.77],[54.83,26.45],[53.66,26.71],[51.32,27.99],[50.06,30.18],[48.94,30.31],[48.4,29.6],[47.65,29.6],[48.13,28.51],[44.52,30.76],[42.84,30.76],[41.17,29.99],[39.87,28.12],[39.94,26.0],[42.93,21.05],[44.47,19.51],[44.28,18.8],[42.66,17.71],[42.14,17.51],[40.85,19.7],[39.35,20.79],[38.6,23.62],[37.44,24.33],[37.27,25.23],[35.41,27.87],[34.59,28.06],[34.91,29.41],[34.12,27.74],[33.19,28.51],[32.53,29.92],[32.43,29.6],[35.85,23.88],[31.67,23.75],[30.54,23.36],[28.57,24.65],[28.15,27.35],[25.37,29.28],[23.74,29.99],[22.45,30.05],[18.71,29.15],[18.89,30.31],[20.2,30.89],[20.02,32.24],[21.88,32.94],[23.09,32.62],[23.3,32.17],[24.89,31.98],[25.25,31.46],[26.85,31.46],[28.87,30.82],[30.97,31.66],[31.88,31.46],[32.0,31.08],[34.3,31.27],[35.64,34.36],[36.05,34.55],[35.84,36.29],[36.29,36.8],[34.95,36.67],[34.78,37.25],[36.15,37.71],[36.46,38.29],[37.13,38.67],[38.16,39.9],[38.84,39.71],[40.3,40.48],[42.92,39.58],[42.07,38.67]]],[[[36.97,38.67],[36.98,38.74],[37.06,38.74],[36.97,38.67]]]]}},{"type":"Feature","properties":{"n":"Giudicato of Cagliari","f":911,"t":1014,"w":"Q2297073"},"geometry":{"type":"Polygon","coordinates":[[[9.59,39.13],[8.42,38.93],[8.33,39.51],[9.51,40.23],[9.59,39.13]]]}},{"type":"Feature","properties":{"n":"Chimor","f":911,"t":1176,"w":"Q581741"},"geometry":{"type":"Polygon","coordinates":[[[-78.98,-8.46],[-79.46,-7.94],[-78.81,-8.2],[-78.98,-8.46]]]}},{"type":"Feature","properties":{"n":"Kingdom of Italy","f":911,"t":921,"w":"Q172579"},"geometry":{"type":"MultiPolygon","coordinates":[[[[14.77,42.17],[14.77,42.11],[14.69,42.11],[14.77,42.17]]],[[[9.58,41.98],[9.1,41.33],[8.62,41.72],[8.53,42.5],[9.49,43.02],[9.58,41.98]]],[[[10.46,42.69],[10.13,42.89],[10.21,42.89],[10.46,42.69]]],[[[13.95,45.04],[13.71,45.76],[13.14,45.82],[12.0,45.56],[12.4,45.04],[12.31,44.19],[13.67,43.41],[14.06,42.5],[14.69,42.11],[14.12,41.72],[12.38,42.43],[12.22,43.41],[11.82,43.34],[12.06,42.76],[11.26,42.43],[10.21,43.99],[9.16,44.45],[7.55,43.8],[7.63,44.19],[6.98,44.25],[6.64,44.97],[7.93,45.56],[8.4,46.41],[8.98,45.89],[9.3,46.48],[10.04,46.28],[10.04,46.61],[13.73,46.48],[13.72,46.22],[14.04,45.69],[14.36,45.56],[13.95,45.04]]],[[[13.89,46.28],[13.89,46.22],[13.8,46.22],[13.89,46.28]]]]}},{"type":"Feature","properties":{"n":"Emirate of Córdoba","f":911,"t":921,"w":"Q1337854"},"geometry":{"type":"MultiPolygon","coordinates":[[[[1.66,39.0],[1.27,38.8],[1.26,39.13],[1.66,39.0]]],[[[1.79,41.26],[0.7,40.94],[-0.35,39.71],[0.1,38.74],[-0.66,38.29],[-0.7,37.64],[-1.71,37.45],[-2.06,36.8],[-4.47,36.74],[-5.58,36.03],[-6.84,37.25],[-9.0,37.0],[-8.82,38.48],[-9.21,38.42],[-9.57,38.93],[-8.97,40.03],[-8.18,40.03],[-8.12,41.0],[-4.52,41.65],[-1.97,41.59],[-1.78,42.43],[-0.75,42.5],[1.37,41.85],[1.79,41.26]]],[[[3.52,39.77],[3.3,39.32],[2.35,39.45],[3.19,39.97],[3.52,39.77]]],[[[4.3,39.84],[3.74,40.1],[3.82,40.1],[4.3,39.84]]]]}},{"type":"Feature","properties":{"n":"(Allegiance of East Franks to Carolingian Empire)","f":911,"t":921,"w":null},"geometry":{"type":"MultiPolygon","coordinates":[[[[7.93,45.56],[7.11,45.43],[6.7,45.89],[5.8,45.96],[5.36,46.87],[4.57,46.09],[3.98,46.35],[3.94,45.37],[4.36,45.1],[3.97,44.65],[4.73,43.93],[4.34,43.47],[3.85,43.6],[1.81,42.5],[-0.12,42.76],[-1.69,43.34],[-1.05,45.69],[-2.23,47.27],[-0.36,47.53],[-0.22,47.99],[-1.08,48.39],[-1.17,49.45],[1.76,49.32],[1.42,50.71],[1.66,51.05],[3.75,51.45],[3.4,51.65],[4.7,52.99],[5.06,52.65],[5.54,53.39],[8.12,53.6],[8.89,53.87],[8.89,54.34],[10.1,54.34],[10.36,53.46],[11.73,53.06],[11.8,51.98],[11.29,51.38],[12.13,51.05],[12.04,50.31],[12.53,49.52],[14.02,48.65],[15.27,48.85],[14.42,48.26],[14.58,47.73],[13.67,47.8],[13.42,47.47],[13.82,47.2],[13.81,46.48],[10.04,46.61],[10.04,46.28],[9.3,46.48],[8.98,45.89],[8.4,46.41],[7.93,45.56]],[[6.61,52.05],[6.61,51.98],[6.7,51.98],[6.61,52.05]]],[[[-15.58,64.35],[-15.48,64.35],[-15.46,64.28],[-15.58,64.35]]],[[[-15.31,64.42],[-15.29,64.35],[-15.39,64.35],[-15.31,64.42]]],[[[-23.45,66.18],[-23.48,66.25],[-23.06,66.18],[-23.45,66.18]]]]}},{"type":"Feature","properties":{"n":"Khazaria","f":911,"t":946,"w":"Q173282"},"geometry":{"type":"MultiPolygon","coordinates":[[[[35.02,45.3],[36.42,45.43],[36.37,45.1],[34.38,44.78],[32.61,45.5],[34.15,46.09],[35.02,45.3]]],[[[46.63,44.45],[47.34,43.99],[47.38,43.02],[48.21,42.04],[47.72,41.2],[45.23,42.69],[43.85,42.63],[42.99,43.15],[40.4,43.54],[36.78,45.1],[36.91,45.43],[37.7,45.3],[38.37,46.35],[37.84,46.61],[39.13,46.94],[39.2,47.33],[35.63,46.68],[34.74,46.15],[31.82,46.35],[33.69,46.87],[34.12,47.53],[35.03,47.53],[35.35,48.52],[37.26,49.45],[38.02,50.38],[42.4,49.65],[46.81,49.58],[48.78,48.46],[53.6,48.19],[54.52,47.33],[54.29,45.56],[53.67,45.37],[53.06,45.56],[53.35,46.35],[53.11,47.01],[51.58,47.14],[49.3,46.55],[47.57,45.76],[46.63,44.45]]],[[[53.1,46.02],[53.18,46.02],[53.17,45.96],[53.1,46.02]]]]}},{"type":"Feature","properties":{"n":"Southern Chu","f":911,"t":925,"w":"Q1192347"},"geometry":{"type":"Polygon","coordinates":[[[112.61,25.16],[112.07,23.69],[111.49,23.36],[109.54,22.91],[108.09,23.11],[107.86,23.88],[108.31,26.32],[107.32,26.9],[109.39,28.7],[110.81,30.63],[113.12,30.24],[114.11,30.5],[114.93,29.28],[113.95,28.06],[114.15,25.36],[112.61,25.16]]]}},{"type":"Feature","properties":{"n":"Balhae","f":911,"t":921,"w":"Q28322"},"geometry":{"type":"Polygon","coordinates":[[[133.27,42.69],[131.75,43.28],[129.78,41.78],[129.76,40.87],[127.58,39.77],[127.48,39.32],[125.35,39.32],[124.34,39.9],[123.6,39.84],[121.03,38.74],[121.69,39.38],[121.28,39.64],[122.23,40.48],[121.79,40.81],[121.94,41.2],[123.82,42.56],[125.05,44.32],[128.69,44.78],[132.94,46.15],[133.53,45.96],[138.43,46.68],[135.11,43.47],[133.27,42.69]]]}},{"type":"Feature","properties":{"n":"Kingdom of Powys","f":911,"t":921,"w":"Q769782"},"geometry":{"type":"Polygon","coordinates":[[[-3.27,52.99],[-2.87,52.38],[-3.69,52.12],[-3.99,52.45],[-3.27,52.99]]]}},{"type":"Feature","properties":{"n":"(Allegiance of Ziyadid dynasty to Abbasid Caliphate)","f":911,"t":921,"w":"Q207017"},"geometry":{"type":"MultiPolygon","coordinates":[[[[45.21,15.91],[46.47,15.97],[46.15,15.52],[46.51,15.33],[49.48,14.69],[48.79,14.04],[45.74,13.34],[45.05,12.76],[43.44,12.69],[42.75,15.14],[42.82,16.61],[41.24,18.61],[40.85,19.7],[39.35,20.79],[38.6,23.62],[37.44,24.33],[37.27,25.23],[35.41,27.87],[34.59,28.06],[34.91,29.41],[34.12,27.74],[33.19,28.51],[32.53,29.92],[32.43,29.6],[35.85,23.88],[31.67,23.75],[30.46,23.36],[28.57,24.65],[28.15,27.35],[27.14,28.25],[23.74,29.99],[21.23,29.86],[18.71,29.15],[18.89,30.31],[20.2,30.89],[20.02,32.24],[21.88,32.94],[23.09,32.62],[23.3,32.17],[24.89,31.98],[25.25,31.46],[26.85,31.46],[28.87,30.82],[30.97,31.66],[31.88,31.46],[32.0,31.08],[34.3,31.27],[35.64,34.36],[36.05,34.55],[35.84,36.29],[36.29,36.8],[34.95,36.67],[34.78,37.25],[36.15,37.71],[36.46,38.29],[37.13,38.67],[38.16,39.9],[38.84,39.71],[40.3,40.48],[42.86,39.71],[42.07,38.67],[43.09,38.16],[42.7,37.58],[44.52,37.77],[44.8,37.06],[45.25,36.93],[45.22,37.77],[46.12,38.48],[48.84,38.35],[48.88,37.71],[49.46,37.45],[49.12,36.8],[51.1,36.1],[51.41,34.23],[52.02,33.71],[51.46,32.56],[51.72,31.72],[55.33,29.34],[55.76,27.99],[56.81,27.29],[55.44,26.52],[55.54,26.77],[54.83,26.45],[53.66,26.71],[51.32,27.99],[50.06,30.18],[48.94,30.31],[48.4,29.6],[47.65,29.6],[48.13,28.51],[44.52,30.76],[42.84,30.76],[41.17,29.99],[39.87,28.12],[39.7,26.84],[40.13,25.49],[42.24,22.08],[44.47,19.51],[43.89,18.48],[45.21,15.91]]],[[[36.98,38.74],[37.06,38.74],[37.05,38.67],[36.98,38.74]]]]}},{"type":"Feature","properties":{"n":"Southern Wu","f":911,"t":946,"w":"Q107994370"},"geometry":{"type":"Polygon","coordinates":[[[121.99,31.85],[120.46,32.04],[119.4,31.46],[118.22,29.41],[118.12,28.12],[115.82,24.46],[114.55,24.46],[115.09,25.23],[114.36,25.29],[114.47,26.07],[113.96,26.71],[114.22,27.93],[113.95,28.06],[114.93,29.28],[114.19,30.05],[114.43,31.21],[115.61,32.75],[118.06,33.14],[119.3,34.81],[120.34,34.36],[120.92,32.62],[121.99,31.85]]]}},{"type":"Feature","properties":{"n":"Idrisids","f":911,"t":921,"w":"Q431575"},"geometry":{"type":"Polygon","coordinates":[[[-0.07,35.84],[-0.17,34.55],[-1.57,33.33],[-5.39,31.72],[-7.73,31.34],[-8.05,31.59],[-7.37,32.81],[-7.8,33.59],[-6.61,34.16],[-5.88,35.77],[-5.34,35.84],[-4.91,35.26],[-4.45,35.26],[-4.51,34.94],[-3.5,34.81],[-0.07,35.84]]]}},{"type":"Feature","properties":{"n":"West Franks","f":911,"t":921,"w":"Q46370"},"geometry":{"type":"MultiPolygon","coordinates":[[[[6.33,53.06],[6.8,51.38],[7.76,49.91],[7.02,49.45],[8.12,48.85],[7.48,47.53],[6.14,47.99],[4.57,46.09],[3.98,46.35],[3.94,45.37],[4.36,45.1],[3.97,44.65],[4.73,43.93],[4.34,43.47],[3.85,43.6],[1.81,42.5],[-1.69,43.34],[-1.05,45.69],[-2.23,47.27],[-1.24,47.2],[-0.36,47.53],[-0.22,47.99],[-1.08,48.39],[-1.25,49.38],[1.76,49.32],[1.42,50.71],[1.66,51.05],[3.75,51.45],[3.4,51.65],[4.7,52.99],[5.06,52.65],[5.39,52.86],[5.54,53.39],[8.38,53.66],[8.3,53.26],[6.33,53.06]]],[[[-15.58,64.35],[-15.48,64.35],[-15.46,64.28],[-15.58,64.35]]],[[[-15.41,64.42],[-15.31,64.42],[-15.29,64.35],[-15.41,64.42]]],[[[-23.01,66.03],[-23.48,66.25],[-23.06,66.18],[-23.01,66.03]]]]}},{"type":"Feature","properties":{"n":"Qi Kingdom","f":911,"t":921,"w":"Q1319681"},"geometry":{"type":"Polygon","coordinates":[[[107.14,34.68],[106.48,34.74],[106.36,35.64],[105.7,34.94],[105.82,34.23],[105.19,33.78],[104.43,35.45],[106.08,36.29],[105.8,37.13],[104.57,37.71],[107.32,38.61],[108.33,38.09],[107.45,35.07],[107.14,34.68]]]}},{"type":"Feature","properties":{"n":"(Alliance between Samanid Empire and Ziyadid dynasty)","f":911,"t":921,"w":"Q486181"},"geometry":{"type":"MultiPolygon","coordinates":[[[[45.21,15.91],[46.47,15.97],[46.15,15.52],[46.51,15.33],[49.48,14.69],[48.79,14.04],[45.74,13.34],[45.05,12.76],[43.44,12.69],[42.75,15.14],[42.82,16.61],[42.21,17.51],[43.89,18.54],[45.21,15.91]]],[[[66.35,25.55],[61.72,25.04],[57.38,25.74],[56.62,27.61],[55.76,27.99],[55.47,29.22],[51.72,31.72],[51.46,32.56],[52.02,33.71],[51.41,34.23],[51.1,36.1],[49.16,37.06],[49.46,37.45],[50.0,37.38],[51.64,36.55],[54.03,36.87],[53.99,39.0],[53.14,39.45],[53.54,39.51],[53.5,40.03],[52.79,40.03],[52.89,40.87],[56.83,40.74],[58.63,43.67],[60.37,43.54],[62.19,41.78],[62.53,41.0],[62.33,40.29],[62.74,40.03],[66.28,40.81],[69.5,43.41],[70.0,44.39],[72.93,43.99],[75.24,41.72],[73.74,40.36],[73.4,39.51],[73.83,38.61],[74.89,38.48],[75.23,37.0],[76.6,35.77],[74.76,35.26],[74.61,35.58],[73.44,35.52],[73.04,35.19],[70.85,32.04],[70.58,29.95],[69.64,29.36],[67.52,29.12],[67.16,26.1],[66.63,24.84],[66.35,25.55]]]]}},{"type":"Feature","properties":{"n":"Kingdom of Asturias","f":911,"t":921,"w":"Q231392"},"geometry":{"type":"Polygon","coordinates":[[[-1.97,41.59],[-3.96,41.65],[-4.43,43.41],[-3.14,43.41],[-3.0,42.63],[-2.02,42.37],[-1.97,41.59]]]}},{"type":"Feature","properties":{"n":"(Carolingian Empire)","f":911,"t":921,"w":"Q146246"},"geometry":{"type":"MultiPolygon","coordinates":[[[[7.93,45.56],[7.11,45.43],[6.7,45.89],[5.8,45.96],[5.36,46.87],[4.57,46.09],[3.98,46.35],[3.94,45.37],[4.36,45.1],[3.97,44.65],[4.73,43.93],[1.81,42.5],[-1.69,43.34],[-1.05,45.69],[-2.23,47.27],[-0.36,47.53],[-0.22,47.99],[-1.08,48.39],[-1.17,49.45],[1.76,49.32],[1.42,50.71],[1.66,51.05],[3.75,51.45],[3.4,51.65],[4.7,52.99],[5.06,52.65],[5.39,52.86],[5.54,53.39],[7.94,53.73],[8.47,53.39],[7.1,52.92],[6.33,53.06],[6.8,51.38],[7.76,49.91],[7.02,49.45],[8.11,48.99],[7.48,47.53],[7.74,47.01],[8.31,46.94],[8.4,46.41],[7.93,45.56]]],[[[-15.58,64.35],[-15.48,64.35],[-15.46,64.28],[-15.58,64.35]]],[[[-15.31,64.42],[-15.29,64.35],[-15.39,64.35],[-15.31,64.42]]],[[[-23.45,66.18],[-23.48,66.25],[-23.06,66.18],[-23.45,66.18]]]]}},{"type":"Feature","properties":{"n":"Principality of Serbia","f":922,"t":925,"w":"Q1311990"},"geometry":{"type":"Polygon","coordinates":[[[20.5,43.28],[19.98,42.5],[18.62,42.43],[17.52,42.95],[16.44,44.39],[18.42,45.17],[19.3,44.84],[19.34,44.19],[20.5,43.28]]]}},{"type":"Feature","properties":{"n":"Duchy of Croatia","f":922,"t":925,"w":"Q2576305"},"geometry":{"type":"MultiPolygon","coordinates":[[[[16.44,44.39],[16.73,43.54],[15.93,43.67],[15.37,43.86],[15.39,44.32],[14.28,45.43],[15.42,45.37],[15.57,45.1],[17.11,44.91],[16.44,44.39]]],[[[14.5,44.52],[14.26,44.58],[14.27,44.97],[14.5,44.52]]],[[[16.14,45.1],[16.22,45.1],[16.22,45.04],[16.14,45.1]]],[[[16.3,45.1],[16.38,45.1],[16.38,45.04],[16.3,45.1]]]]}},{"type":"Feature","properties":{"n":"Samanid Empire","f":922,"t":959,"w":"Q486181"},"geometry":{"type":"Polygon","coordinates":[[[66.35,25.55],[61.72,25.04],[57.38,25.74],[56.62,27.61],[55.76,27.99],[55.47,29.22],[51.98,31.4],[51.42,32.3],[52.02,33.71],[51.41,34.23],[51.09,36.03],[52.34,35.64],[54.22,36.22],[53.92,36.67],[53.99,39.0],[53.14,39.45],[53.54,39.51],[53.5,40.03],[52.79,40.03],[52.89,40.87],[56.83,40.74],[58.34,43.47],[60.37,43.54],[62.19,41.78],[62.53,41.0],[62.33,40.29],[62.74,40.03],[66.28,40.81],[69.5,43.41],[70.0,44.39],[72.93,43.99],[73.2,43.41],[75.19,42.04],[73.4,39.51],[73.83,38.61],[74.89,38.48],[75.23,37.0],[76.6,35.77],[74.76,35.26],[74.61,35.58],[73.44,35.52],[71.53,33.39],[70.85,32.04],[70.58,29.95],[69.64,29.36],[67.64,29.28],[66.63,24.84],[66.35,25.55]]]}},{"type":"Feature","properties":{"n":"Kievan Rus'","f":922,"t":969,"w":"Q1108445"},"geometry":{"type":"MultiPolygon","coordinates":[[[[26.26,50.45],[26.34,50.45],[26.33,50.38],[26.26,50.45]]],[[[26.09,51.25],[26.09,51.18],[26.0,51.18],[26.09,51.25]]],[[[41.67,58.6],[42.14,56.8],[41.59,55.77],[39.07,55.16],[38.95,54.27],[39.55,53.53],[39.43,52.25],[37.39,49.71],[35.15,49.32],[26.74,49.52],[26.42,50.45],[25.99,51.11],[26.17,51.18],[27.03,52.65],[26.97,52.86],[27.56,53.39],[28.11,54.82],[28.29,54.82],[27.96,56.11],[28.11,56.52],[27.96,56.66],[28.07,56.8],[27.98,56.8],[28.0,56.94],[27.91,56.94],[28.01,58.11],[27.72,58.53],[27.93,59.78],[29.16,60.07],[30.84,59.78],[31.1,60.21],[31.82,60.14],[33.18,60.91],[35.36,61.19],[35.2,60.91],[35.57,60.91],[36.43,61.41],[39.29,60.42],[41.67,58.6]]],[[[27.98,56.8],[27.97,56.73],[27.88,56.73],[27.98,56.8]]],[[[32.99,60.91],[32.98,60.84],[32.89,60.84],[32.99,60.91]]],[[[38.44,60.98],[38.42,60.91],[38.32,60.91],[38.44,60.98]]],[[[33.58,61.05],[33.56,60.98],[33.47,60.98],[33.58,61.05]]]]}},{"type":"Feature","properties":{"n":"Byzantine Empire","f":922,"t":925,"w":"Q112039853"},"geometry":{"type":"MultiPolygon","coordinates":[[[[23.12,36.35],[23.11,36.16],[22.87,36.16],[23.12,36.35]]],[[[20.93,37.9],[20.92,37.64],[20.61,37.71],[20.93,37.9]]],[[[20.57,38.42],[20.79,38.09],[20.32,38.16],[20.57,38.42]]],[[[23.56,38.74],[23.48,38.74],[23.49,38.8],[23.56,38.74]]],[[[17.14,39.06],[15.7,37.96],[16.27,38.8],[15.9,39.71],[17.14,39.06]]],[[[20.15,39.58],[20.07,39.58],[20.07,39.64],[20.15,39.58]]],[[[19.91,39.58],[19.76,39.64],[19.76,39.77],[19.91,39.58]]],[[[15.4,41.91],[16.12,41.91],[15.94,41.39],[17.98,40.61],[18.35,39.9],[17.35,40.55],[16.78,40.36],[16.01,41.07],[15.38,41.0],[15.4,41.91]]],[[[19.86,41.72],[19.81,40.81],[19.33,40.74],[19.39,41.91],[19.86,41.72]]],[[[17.99,42.82],[18.15,42.82],[18.15,42.69],[17.99,42.82]]],[[[17.51,42.89],[17.59,42.89],[17.59,42.76],[17.51,42.89]]],[[[17.12,43.21],[17.12,43.08],[16.72,43.08],[17.12,43.21]]],[[[16.73,43.47],[16.81,43.47],[16.81,43.34],[16.73,43.47]]],[[[15.93,43.67],[16.66,43.67],[16.17,43.47],[15.93,43.67]]],[[[15.38,44.19],[15.22,44.12],[15.15,44.39],[15.38,44.19]]],[[[15.15,44.45],[15.15,44.39],[15.07,44.39],[15.15,44.45]]],[[[15.07,44.52],[15.07,44.45],[14.99,44.45],[15.07,44.52]]],[[[28.02,36.48],[28.25,36.48],[28.14,36.03],[27.74,35.9],[28.02,36.48]]],[[[27.19,36.8],[26.87,36.67],[27.04,36.93],[27.19,36.8]]],[[[25.57,37.13],[25.56,37.0],[25.33,37.0],[25.57,37.13]]],[[[24.36,37.71],[24.43,37.58],[24.27,37.51],[24.36,37.71]]],[[[25.22,37.71],[25.29,37.51],[25.05,37.51],[25.22,37.71]]],[[[26.31,37.71],[26.3,37.58],[25.99,37.51],[26.31,37.71]]],[[[24.77,38.03],[25.07,37.77],[24.83,37.71],[24.77,38.03]]],[[[26.22,38.55],[26.11,38.16],[25.88,38.16],[26.22,38.55]]],[[[24.67,38.93],[24.66,38.74],[24.36,38.87],[24.67,38.93]]],[[[31.35,41.13],[32.63,41.91],[35.12,42.04],[36.21,41.26],[37.83,40.94],[40.37,40.94],[41.24,41.39],[41.26,41.07],[39.59,39.97],[37.34,39.71],[33.98,36.29],[32.71,36.03],[31.09,36.93],[30.62,36.93],[30.49,36.35],[29.24,36.22],[29.12,36.74],[28.03,36.67],[28.07,37.13],[27.22,37.32],[27.28,38.03],[26.43,38.22],[26.38,38.67],[26.59,38.35],[27.08,38.55],[26.85,39.58],[26.13,39.51],[26.27,40.29],[29.05,40.36],[28.91,40.61],[29.49,40.87],[29.12,41.07],[27.53,41.07],[26.92,40.48],[24.35,41.0],[23.7,40.81],[23.74,40.23],[22.57,40.55],[22.61,39.9],[23.14,39.45],[22.8,39.06],[23.49,38.87],[22.94,38.74],[24.18,38.55],[23.98,37.84],[23.04,37.9],[23.4,37.32],[22.71,37.58],[23.06,36.67],[22.36,36.67],[22.22,37.06],[21.74,36.87],[21.7,37.51],[21.24,37.84],[21.74,38.35],[21.19,38.42],[20.15,39.64],[23.0,41.0],[24.52,41.26],[25.22,42.04],[27.38,42.11],[28.98,41.26],[31.35,41.13]]],[[[25.79,39.19],[26.04,39.38],[26.64,39.0],[25.79,39.19]]],[[[25.46,40.03],[25.45,39.84],[24.97,39.84],[25.46,40.03]]],[[[26.04,40.29],[26.02,40.16],[25.7,40.1],[26.04,40.29]]],[[[24.81,40.81],[24.79,40.61],[24.55,40.55],[24.81,40.81]]],[[[34.24,44.97],[34.37,44.71],[33.52,44.45],[33.76,45.04],[34.24,44.97]]]]}},{"type":"Feature","properties":{"n":"Fatimid Caliphate","f":922,"t":925,"w":"Q160307"},"geometry":{"type":"MultiPolygon","coordinates":[[[[11.08,35.0],[10.0,34.29],[10.01,33.91],[12.23,32.81],[13.3,32.94],[15.06,32.43],[15.65,31.4],[18.22,30.76],[18.9,30.37],[18.71,29.09],[15.1,30.56],[13.37,32.04],[12.45,31.85],[9.86,32.81],[9.16,34.1],[7.61,34.55],[1.29,34.61],[-0.47,34.36],[-1.57,33.33],[-5.39,31.72],[-7.73,31.34],[-8.05,31.59],[-7.37,32.81],[-7.8,33.59],[-6.61,34.16],[-5.88,35.77],[-5.34,35.84],[-4.91,35.26],[-4.45,35.26],[-4.51,34.94],[-3.5,34.81],[-1.36,35.26],[-1.22,35.64],[0.08,35.84],[1.22,36.55],[4.24,36.93],[5.56,36.67],[6.33,37.06],[8.52,36.87],[9.6,37.32],[10.23,37.25],[10.46,36.74],[11.01,37.0],[10.46,35.9],[11.08,35.58],[11.08,35.0]]],[[[2.53,34.49],[2.61,34.49],[2.61,34.42],[2.53,34.49]]],[[[14.57,35.77],[14.34,35.84],[14.34,36.03],[14.57,35.77]]],[[[15.05,36.74],[14.66,36.74],[12.49,37.9],[15.63,38.29],[15.05,36.74]]]]}},{"type":"Feature","properties":{"n":"Kingdom of Wessex","f":922,"t":925,"w":"Q105313"},"geometry":{"type":"Polygon","coordinates":[[[1.74,52.38],[0.53,51.45],[1.38,51.38],[1.31,51.11],[0.49,50.78],[-3.13,50.71],[-4.09,50.25],[-4.66,50.85],[-4.2,51.31],[-3.09,51.25],[-2.63,51.65],[-3.32,53.46],[-1.15,53.26],[-0.25,53.73],[0.3,53.39],[0.17,52.86],[1.62,52.86],[1.74,52.38]]]}},{"type":"Feature","properties":{"n":"Duchy of Bohemia","f":922,"t":935,"w":"Q2162698"},"geometry":{"type":"MultiPolygon","coordinates":[[[[15.35,48.92],[14.6,48.59],[12.53,49.52],[12.12,50.25],[14.5,51.11],[15.23,50.31],[15.89,49.98],[15.35,48.92]]],[[[15.9,50.11],[15.98,50.11],[15.98,50.05],[15.9,50.11]]],[[[15.15,50.51],[15.24,50.51],[15.24,50.45],[15.15,50.51]]]]}},{"type":"Feature","properties":{"n":"County of Ribagorza","f":922,"t":989,"w":"Q1297894"},"geometry":{"type":"Polygon","coordinates":[[[0.64,42.04],[0.16,41.98],[-0.75,42.5],[-1.78,42.3],[-3.0,42.63],[-3.19,43.08],[-3.14,43.41],[-1.69,43.34],[0.6,42.69],[0.64,42.04]]]}},{"type":"Feature","properties":{"n":"Former Shu","f":922,"t":925,"w":"Q571453"},"geometry":{"type":"Polygon","coordinates":[[[109.39,28.7],[107.34,26.97],[106.22,27.61],[106.14,28.44],[104.43,27.67],[104.64,28.44],[103.99,28.57],[103.29,27.61],[103.46,26.45],[102.25,26.07],[102.08,26.64],[101.58,26.77],[101.7,27.87],[100.98,29.73],[100.98,31.01],[101.69,32.75],[103.21,33.39],[103.67,35.07],[104.35,35.45],[105.19,33.78],[105.82,34.23],[105.7,34.94],[106.36,35.64],[106.48,34.74],[108.82,34.42],[110.26,33.59],[109.86,33.33],[109.61,32.24],[110.48,30.31],[109.39,28.7]]]}},{"type":"Feature","properties":{"n":"Later Liang Dynasty","f":922,"t":925,"w":"Q783489"},"geometry":{"type":"Polygon","coordinates":[[[119.16,37.19],[120.75,37.9],[122.71,37.45],[122.39,36.8],[120.98,36.61],[119.62,35.52],[118.06,33.14],[115.61,32.75],[113.87,30.24],[111.16,30.76],[110.52,30.18],[109.61,32.24],[109.86,33.33],[110.26,33.59],[108.82,34.42],[107.14,34.68],[108.33,38.09],[109.76,37.96],[111.02,38.48],[111.5,37.84],[112.46,37.71],[114.89,40.81],[116.0,40.81],[115.92,39.64],[116.83,39.58],[116.75,38.8],[119.46,37.96],[119.16,37.19]]]}},{"type":"Feature","properties":{"n":"Kingdom of Seisyllwg","f":922,"t":946,"w":"Q2456191"},"geometry":{"type":"Polygon","coordinates":[[[-3.64,51.65],[-5.26,51.71],[-4.16,52.45],[-4.3,52.92],[-4.79,52.79],[-4.49,53.12],[-4.7,53.46],[-3.49,53.39],[-3.27,52.99],[-3.9,52.45],[-3.64,51.65]]]}},{"type":"Feature","properties":{"n":"Republic of Venice","f":922,"t":935,"w":"Q4948"},"geometry":{"type":"MultiPolygon","coordinates":[[[[13.95,45.04],[13.94,44.91],[13.78,44.91],[13.55,45.5],[13.95,45.04]]],[[[12.16,45.37],[12.0,45.37],[12.16,45.69],[12.98,45.82],[13.06,45.63],[12.16,45.37]]]]}},{"type":"Feature","properties":{"n":"Viking settlements","f":922,"t":925,"w":"Q12567"},"geometry":{"type":"MultiPolygon","coordinates":[[[[-8.08,51.78],[-8.58,51.71],[-8.71,52.05],[-8.12,52.12],[-8.08,51.78]]],[[[-7.4,52.45],[-7.02,52.12],[-7.53,52.12],[-7.4,52.45]]],[[[-6.77,52.18],[-6.56,52.59],[-6.31,52.59],[-6.77,52.18]]],[[[-8.44,52.52],[-8.95,52.52],[-8.91,52.86],[-8.44,52.52]]],[[[-6.31,52.59],[-6.43,52.86],[-6.18,52.92],[-6.31,52.59]]],[[[-6.09,52.92],[-6.84,53.39],[-6.19,53.66],[-6.09,52.92]]],[[[-7.25,57.42],[-7.29,57.08],[-7.47,57.08],[-7.6,57.35],[-7.25,57.42]]],[[[-6.04,57.01],[-6.8,57.35],[-6.5,57.77],[-5.81,57.28],[-6.04,57.01]]],[[[-7.44,57.49],[-7.56,57.7],[-7.12,57.7],[-7.44,57.49]]],[[[-7.13,57.77],[-7.28,58.18],[-6.26,58.53],[-7.13,57.77]]],[[[-6.99,61.48],[-7.02,61.62],[-6.74,61.62],[-6.99,61.48]]],[[[-6.69,61.9],[-7.28,62.05],[-7.32,62.33],[-6.77,62.33],[-6.69,61.9]]],[[[-21.15,63.91],[-22.8,63.77],[-22.83,64.13],[-22.17,64.13],[-22.1,64.49],[-24.16,64.93],[-21.91,65.08],[-19.39,64.06],[-18.73,63.41],[-21.15,63.91]]],[[[-20.31,64.57],[-20.4,64.57],[-20.43,64.64],[-20.31,64.57]]],[[[-4.42,47.8],[-4.91,48.52],[-3.46,48.92],[-1.6,48.65],[-2.03,49.78],[-1.36,49.78],[-1.04,48.85],[-1.19,47.66],[-2.16,47.4],[-4.42,47.8]]],[[[13.29,53.66],[13.29,53.72],[13.46,53.7],[13.29,53.66]]],[[[15.02,53.73],[14.41,53.66],[14.51,54.0],[14.86,54.14],[15.02,53.73]]],[[[13.82,53.94],[13.81,53.87],[13.77,53.87],[13.82,53.94]]],[[[13.27,53.73],[13.04,53.8],[13.3,54.21],[13.56,54.03],[13.27,53.73]]],[[[19.21,54.41],[19.46,54.27],[19.09,54.0],[18.69,54.41],[19.21,54.41]]],[[[12.09,54.34],[12.44,54.48],[12.79,54.41],[12.61,53.94],[12.17,53.94],[12.09,54.34]]],[[[-4.38,54.41],[-4.36,54.21],[-4.86,54.07],[-4.38,54.41]]],[[[13.48,54.34],[13.23,54.75],[13.66,54.61],[13.48,54.34]]],[[[-5.89,55.29],[-5.44,55.84],[-5.12,55.43],[-5.89,55.29]]],[[[-6.19,55.57],[-6.63,55.63],[-5.74,56.18],[-6.19,55.57]]],[[[-5.0,55.84],[-5.35,55.84],[-5.3,56.11],[-5.0,55.84]]],[[[-5.68,56.39],[-6.29,56.32],[-6.34,56.66],[-5.68,56.39]]]]}},{"type":"Feature","properties":{"n":"First Bulgarian Empire","f":922,"t":925,"w":"Q203817"},"geometry":{"type":"MultiPolygon","coordinates":[[[[19.17,42.24],[19.17,42.3],[19.25,42.3],[19.17,42.24]]],[[[33.69,46.87],[32.92,46.61],[30.88,46.68],[29.61,45.69],[29.53,44.91],[28.8,44.97],[28.48,43.47],[27.51,42.63],[27.93,41.98],[25.22,42.04],[24.52,41.26],[23.0,41.0],[19.99,39.64],[19.25,40.61],[19.81,40.81],[19.92,41.33],[19.18,42.5],[19.98,42.5],[20.5,43.28],[19.11,44.32],[19.3,44.84],[20.02,44.71],[20.29,45.24],[21.03,45.37],[21.95,44.52],[22.69,44.65],[22.5,44.32],[23.36,43.86],[23.52,44.91],[25.79,44.91],[28.29,45.5],[29.32,47.4],[34.04,47.53],[33.69,46.87]]]]}},{"type":"Feature","properties":{"n":"Kingdom of Germany","f":922,"t":925,"w":"Q175211"},"geometry":{"type":"Polygon","coordinates":[[[11.8,51.98],[11.29,51.38],[12.13,51.05],[12.04,50.31],[12.53,49.52],[14.02,48.65],[15.27,48.92],[14.42,48.26],[14.49,47.73],[13.67,47.8],[13.42,47.47],[13.81,46.48],[10.04,46.61],[10.04,46.28],[9.3,46.48],[8.9,45.89],[7.48,47.53],[8.11,48.99],[7.02,49.45],[7.76,49.91],[6.8,51.38],[6.33,53.06],[8.3,53.26],[8.89,54.34],[10.1,54.34],[10.36,53.46],[11.73,52.99],[11.8,51.98]]]}},{"type":"Feature","properties":{"n":"Early Balinese Kingdoms","f":922,"t":1009,"w":"Q12491027"},"geometry":{"type":"Polygon","coordinates":[[[114.3,-8.33],[114.28,-8.07],[115.61,-8.26],[115.08,-8.91],[114.3,-8.33]]]}},{"type":"Feature","properties":{"n":"Kingdom of Mercia","f":922,"t":925,"w":"Q105092"},"geometry":{"type":"Polygon","coordinates":[[[-2.72,51.78],[-2.73,51.85],[-2.64,51.78],[-2.72,51.78]]]}},{"type":"Feature","properties":{"n":"(Five Dynasties and Ten Kingdoms)","f":922,"t":925,"w":"Q242115"},"geometry":{"type":"MultiPolygon","coordinates":[[[[108.64,18.54],[108.7,19.38],[109.25,19.96],[110.91,20.15],[111.03,19.57],[109.84,18.22],[108.64,18.54]]],[[[115.67,22.66],[114.64,22.72],[114.37,22.08],[113.6,22.72],[113.64,22.14],[110.42,21.18],[110.49,20.28],[109.88,20.21],[109.81,21.5],[107.79,21.44],[105.85,19.57],[105.73,18.86],[106.52,17.77],[105.71,17.77],[105.14,18.41],[104.98,20.15],[104.45,20.54],[105.1,20.86],[104.93,21.18],[106.62,21.56],[108.39,22.72],[107.85,23.43],[108.31,26.32],[107.91,26.84],[106.46,27.35],[106.14,28.44],[104.43,27.67],[104.64,28.44],[103.99,28.57],[103.29,27.61],[103.46,26.45],[102.25,26.07],[102.08,26.64],[101.58,26.77],[101.7,27.87],[100.92,30.56],[101.69,32.75],[103.21,33.39],[103.67,35.07],[105.74,35.84],[106.08,36.29],[105.8,37.13],[104.57,37.71],[107.32,38.61],[108.79,37.9],[110.4,38.16],[111.02,38.48],[112.58,40.94],[115.76,41.52],[117.4,41.46],[118.08,40.42],[119.59,40.29],[119.8,39.97],[119.22,39.32],[117.78,39.13],[117.58,38.74],[118.07,38.16],[119.46,37.96],[119.16,37.19],[120.75,37.9],[122.71,37.45],[122.39,36.8],[120.98,36.61],[119.23,34.81],[120.34,34.36],[120.92,32.62],[121.99,31.85],[121.25,31.72],[121.48,31.53],[121.96,31.59],[121.58,31.4],[121.9,30.82],[120.68,30.18],[121.48,30.31],[122.03,29.92],[121.94,29.22],[121.59,29.54],[121.65,28.32],[121.12,28.32],[119.59,26.13],[119.53,25.62],[119.87,25.49],[119.27,25.49],[118.76,24.59],[118.15,24.52],[115.67,22.66]],[[121.22,31.85],[120.89,31.79],[121.17,31.72],[121.22,31.85]]],[[[122.05,30.18],[122.27,30.18],[122.28,29.99],[122.05,30.18]]],[[[121.81,31.59],[121.73,31.59],[121.91,31.66],[121.81,31.59]]]]}},{"type":"Feature","properties":{"n":"(Anglo-Saxon England)","f":922,"t":925,"w":"Q784963"},"geometry":{"type":"MultiPolygon","coordinates":[[[[-3.49,53.39],[-1.15,53.26],[-0.25,53.73],[0.3,53.39],[0.17,52.86],[1.01,53.06],[1.62,52.86],[1.74,52.38],[0.53,51.45],[1.38,51.38],[1.31,51.11],[0.49,50.78],[-3.13,50.71],[-4.09,50.25],[-4.66,50.85],[-4.2,51.31],[-3.09,51.25],[-2.72,51.78],[-3.49,53.39]]],[[[-2.68,54.68],[-3.78,55.98],[-2.02,55.91],[-1.29,54.68],[-2.68,54.68]]]]}},{"type":"Feature","properties":{"n":"Kingdom of León","f":922,"t":925,"w":"Q175276"},"geometry":{"type":"Polygon","coordinates":[[[-3.96,41.65],[-7.81,41.13],[-8.18,40.03],[-8.97,40.03],[-8.96,42.17],[-8.65,42.3],[-9.3,43.15],[-8.24,43.73],[-4.43,43.41],[-3.96,41.65]]]}},{"type":"Feature","properties":{"n":"(Brythonic Kingdoms)","f":922,"t":925,"w":"Q849967"},"geometry":{"type":"MultiPolygon","coordinates":[[[[-4.66,50.85],[-4.27,50.38],[-5.75,50.05],[-4.66,50.85]]],[[[-5.26,51.71],[-4.16,52.45],[-4.3,52.92],[-4.79,52.79],[-4.49,53.12],[-4.7,53.46],[-3.49,53.39],[-2.64,51.78],[-3.11,51.45],[-5.26,51.71]],[[-3.22,51.65],[-3.3,51.65],[-3.22,51.61],[-3.22,51.65]]],[[[-2.97,54.14],[-3.59,54.27],[-3.57,54.89],[-5.11,54.68],[-5.33,55.02],[-4.78,55.5],[-4.86,56.18],[-3.78,55.98],[-1.89,53.8],[-2.29,53.39],[-3.15,53.46],[-2.97,54.14]],[[-3.36,54.95],[-3.58,54.95],[-3.57,54.89],[-3.36,54.95]]]]}},{"type":"Feature","properties":{"n":"Liao Dynasty","f":922,"t":925,"w":"Q4958"},"geometry":{"type":"MultiPolygon","coordinates":[[[[125.05,44.32],[123.82,42.56],[121.82,40.87],[121.11,40.87],[119.88,39.97],[118.08,40.42],[117.4,41.46],[106.62,40.61],[108.23,42.76],[115.27,43.67],[119.52,44.78],[125.05,44.32]]],[[[121.71,44.65],[121.83,44.71],[121.79,44.65],[121.71,44.65]]]]}},{"type":"Feature","properties":{"n":"Papal States","f":922,"t":935,"w":"Q170174"},"geometry":{"type":"MultiPolygon","coordinates":[[[[11.57,42.3],[11.49,42.3],[11.49,42.37],[11.57,42.3]]],[[[13.87,41.33],[13.0,41.33],[11.73,42.17],[12.06,42.76],[11.82,43.34],[12.22,43.41],[12.38,42.43],[13.96,41.72],[13.87,41.33]]]]}},{"type":"Feature","properties":{"n":"Emirate of Nekor","f":922,"t":925,"w":"Q1709337"},"geometry":{"type":"Polygon","coordinates":[[[-2.84,35.45],[-2.82,35.13],[-2.2,35.07],[-3.5,34.81],[-4.51,34.94],[-4.37,35.26],[-2.84,35.45]]]}},{"type":"Feature","properties":{"n":"Duchy of Normandy","f":922,"t":925,"w":"Q842091"},"geometry":{"type":"Polygon","coordinates":[[[1.45,50.25],[1.84,49.38],[1.02,49.25],[-0.0,49.52],[1.45,50.25]]]}},{"type":"Feature","properties":{"n":"Emirate of Córdoba","f":922,"t":925,"w":"Q1337854"},"geometry":{"type":"MultiPolygon","coordinates":[[[[1.66,39.0],[1.27,38.8],[1.26,39.13],[1.66,39.0]]],[[[1.79,41.26],[0.7,40.94],[-0.35,39.71],[0.1,38.74],[-0.66,38.29],[-0.7,37.64],[-1.71,37.45],[-2.06,36.8],[-4.47,36.74],[-5.58,36.03],[-6.84,37.25],[-9.0,37.0],[-8.82,38.48],[-9.21,38.42],[-9.57,38.93],[-8.97,40.03],[-8.18,40.03],[-8.12,41.0],[-4.52,41.65],[-1.97,41.59],[-1.78,42.43],[-1.07,42.5],[1.37,41.85],[1.79,41.26]]],[[[3.52,39.77],[3.3,39.32],[2.35,39.45],[3.19,39.97],[3.52,39.77]]],[[[4.3,39.84],[3.74,40.1],[3.82,40.1],[4.3,39.84]]]]}},{"type":"Feature","properties":{"n":"(Holy Roman Empire)","f":922,"t":925,"w":"Q12548"},"geometry":{"type":"Polygon","coordinates":[[[11.8,51.98],[11.29,51.38],[12.13,51.05],[12.04,50.31],[12.53,49.52],[14.02,48.65],[15.27,48.92],[14.42,48.26],[14.49,47.73],[13.67,47.8],[13.42,47.47],[13.81,46.48],[10.04,46.61],[10.04,46.28],[9.3,46.48],[8.9,45.89],[7.48,47.53],[8.11,48.99],[7.02,49.45],[7.76,49.91],[6.8,51.38],[6.33,53.06],[8.3,53.26],[8.89,54.34],[10.1,54.34],[10.36,53.46],[11.73,52.99],[11.8,51.98]]]}},{"type":"Feature","properties":{"n":"Principality of Hungary","f":922,"t":925,"w":"Q2899771"},"geometry":{"type":"MultiPolygon","coordinates":[[[[23.47,46.41],[23.55,46.41],[23.55,46.35],[23.47,46.41]]],[[[23.51,45.89],[23.68,45.89],[23.47,45.3],[22.89,45.17],[23.46,44.06],[22.95,43.8],[22.5,44.32],[22.69,44.65],[21.95,44.52],[21.03,45.37],[20.29,45.24],[20.02,44.71],[18.89,44.84],[16.98,45.89],[16.52,46.55],[15.85,46.22],[13.81,46.48],[13.74,47.2],[13.41,47.27],[13.67,47.8],[14.49,47.73],[14.42,48.26],[15.27,48.92],[16.93,48.72],[18.46,49.38],[19.61,49.12],[21.72,49.45],[22.45,49.18],[23.51,45.89]]],[[[23.08,47.66],[23.16,47.66],[23.15,47.6],[23.08,47.66]]],[[[18.38,49.45],[18.46,49.45],[18.46,49.38],[18.38,49.45]]]]}},{"type":"Feature","properties":{"n":"Zaydi Alid dynasties","f":922,"t":925,"w":"Q1990528"},"geometry":{"type":"Polygon","coordinates":[[[53.96,36.87],[54.22,36.22],[54.01,35.9],[52.03,35.64],[49.19,36.74],[49.16,37.06],[49.54,37.45],[51.26,36.61],[53.96,36.87]]]}},{"type":"Feature","properties":{"n":"Former Jin","f":922,"t":925,"w":"Q6201794"},"geometry":{"type":"Polygon","coordinates":[[[118.99,39.19],[117.78,39.13],[117.64,38.55],[116.75,38.8],[116.83,39.58],[115.92,39.64],[116.17,40.55],[115.43,40.94],[114.59,40.55],[112.46,37.71],[111.5,37.84],[110.95,38.67],[112.58,40.94],[115.76,41.52],[117.6,41.39],[118.08,40.42],[119.59,40.29],[119.8,39.97],[118.99,39.19]]]}},{"type":"Feature","properties":{"n":"Lower Burgundy","f":922,"t":925,"w":"Q33242"},"geometry":{"type":"Polygon","coordinates":[[[6.28,43.15],[4.34,43.47],[4.73,43.93],[3.97,44.65],[4.36,45.1],[3.94,45.37],[3.98,46.35],[4.57,46.09],[5.36,46.87],[5.8,45.96],[7.11,45.5],[6.64,44.97],[6.98,44.25],[7.63,44.19],[6.28,43.15]]]}},{"type":"Feature","properties":{"n":"Gurjara-Pratihara Dynasty","f":922,"t":925,"w":"Q5324"},"geometry":{"type":"Polygon","coordinates":[[[71.55,27.29],[73.34,27.67],[75.49,27.93],[78.91,27.67],[75.22,24.78],[73.21,21.76],[72.54,21.76],[72.38,22.27],[72.1,21.11],[71.09,20.66],[70.3,20.86],[68.95,22.21],[70.37,22.91],[69.45,22.72],[68.34,23.43],[69.34,25.02],[71.55,27.29]]]}},{"type":"Feature","properties":{"n":"Upper Burgundy and Italy","f":922,"t":925,"w":"Q33235"},"geometry":{"type":"MultiPolygon","coordinates":[[[[14.77,42.17],[14.77,42.11],[14.69,42.11],[14.77,42.17]]],[[[9.58,41.98],[9.1,41.33],[8.62,41.72],[8.53,42.5],[9.49,43.02],[9.58,41.98]]],[[[10.46,42.69],[10.13,42.89],[10.21,42.89],[10.46,42.69]]],[[[8.9,45.89],[9.3,46.48],[10.04,46.28],[10.04,46.61],[13.73,46.48],[13.72,46.22],[14.04,45.69],[14.36,45.56],[14.19,45.04],[13.71,45.76],[12.16,45.69],[12.15,44.45],[13.67,43.41],[14.06,42.5],[14.69,42.11],[14.12,41.72],[13.01,42.04],[12.38,42.43],[12.22,43.41],[11.82,43.34],[12.06,42.76],[11.26,42.43],[10.21,43.99],[9.16,44.45],[7.55,43.8],[7.63,44.19],[6.98,44.25],[6.64,44.97],[7.11,45.5],[5.8,45.96],[5.36,46.87],[5.58,47.66],[6.98,47.86],[7.73,47.4],[7.65,47.07],[8.31,46.94],[8.9,45.89]]],[[[13.89,46.28],[13.89,46.22],[13.8,46.22],[13.89,46.28]]]]}},{"type":"Feature","properties":{"n":"Ganzhou Kingdom","f":922,"t":925,"w":"Q1000124"},"geometry":{"type":"Polygon","coordinates":[[[106.54,40.61],[108.51,40.74],[107.19,39.19],[106.17,38.67],[98.58,38.35],[96.23,39.13],[96.93,41.07],[106.54,40.61]]]}},{"type":"Feature","properties":{"n":"Abbasid Caliphate","f":922,"t":925,"w":"Q12536"},"geometry":{"type":"MultiPolygon","coordinates":[[[[56.32,24.91],[56.3,24.71],[56.08,24.78],[56.32,24.91]]],[[[42.07,38.67],[43.09,38.16],[42.7,37.58],[44.52,37.77],[44.8,37.06],[45.25,36.93],[45.22,37.77],[46.12,38.48],[48.84,38.35],[48.88,37.71],[49.46,37.45],[49.19,36.74],[50.81,36.22],[51.49,35.19],[51.41,34.23],[52.02,33.71],[51.46,32.56],[51.72,31.72],[55.33,29.34],[55.76,27.99],[56.81,27.29],[55.44,26.52],[55.54,26.77],[54.83,26.45],[53.66,26.71],[51.32,27.99],[50.06,30.18],[48.94,30.31],[48.4,29.6],[47.65,29.6],[48.13,28.51],[44.52,30.76],[42.84,30.76],[41.17,29.99],[39.87,28.12],[39.94,26.0],[42.93,21.05],[44.47,19.51],[44.28,18.8],[42.66,17.71],[42.14,17.51],[40.85,19.7],[39.35,20.79],[38.6,23.62],[37.44,24.33],[37.27,25.23],[35.41,27.87],[34.59,28.06],[34.91,29.41],[34.12,27.74],[33.19,28.51],[32.53,29.92],[32.43,29.6],[35.85,23.88],[31.67,23.75],[30.54,23.36],[28.57,24.65],[28.15,27.35],[25.37,29.28],[23.74,29.99],[22.45,30.05],[18.71,29.15],[18.89,30.31],[20.2,30.89],[20.02,32.24],[21.88,32.94],[23.09,32.62],[23.3,32.17],[24.89,31.98],[25.25,31.46],[26.85,31.46],[28.87,30.82],[30.97,31.66],[31.88,31.46],[32.0,31.08],[34.3,31.27],[35.64,34.36],[36.05,34.55],[35.84,36.29],[36.29,36.8],[34.95,36.67],[34.78,37.25],[36.15,37.71],[36.46,38.29],[37.13,38.67],[38.16,39.9],[38.84,39.71],[40.3,40.48],[42.86,39.71],[42.07,38.67]]],[[[36.98,38.74],[37.06,38.74],[37.05,38.67],[36.98,38.74]]]]}},{"type":"Feature","properties":{"n":"Danelaw","f":922,"t":935,"w":"Q339271"},"geometry":{"type":"Polygon","coordinates":[[[0.02,53.66],[-1.59,53.33],[-2.68,54.68],[-0.67,54.61],[0.02,53.66]]]}},{"type":"Feature","properties":{"n":"West Franks","f":922,"t":925,"w":"Q46370"},"geometry":{"type":"MultiPolygon","coordinates":[[[[5.59,47.14],[4.57,46.09],[3.98,46.35],[3.94,45.37],[4.36,45.1],[3.97,44.65],[4.73,43.93],[4.34,43.47],[3.85,43.6],[1.81,42.5],[-1.69,43.34],[-1.05,45.69],[-2.58,47.47],[-1.04,47.86],[-1.25,49.38],[1.76,49.32],[1.42,50.71],[1.66,51.05],[3.75,51.45],[3.4,51.65],[4.53,52.86],[5.39,52.86],[5.54,53.39],[8.38,53.66],[8.3,53.26],[6.33,53.06],[6.8,51.38],[7.76,49.91],[7.02,49.45],[8.12,48.85],[7.48,47.53],[6.14,47.99],[5.58,47.66],[5.59,47.14]]],[[[-15.58,64.35],[-15.48,64.35],[-15.46,64.28],[-15.58,64.35]]],[[[-15.31,64.42],[-15.29,64.35],[-15.39,64.35],[-15.31,64.42]]],[[[-23.45,66.18],[-23.48,66.25],[-23.06,66.18],[-23.45,66.18]]]]}},{"type":"Feature","properties":{"n":"Qi Kingdom","f":922,"t":925,"w":"Q1319681"},"geometry":{"type":"Polygon","coordinates":[[[107.14,34.68],[106.48,34.74],[106.36,35.64],[105.7,34.94],[105.82,34.23],[105.19,33.78],[104.43,35.45],[106.08,36.29],[105.8,37.13],[104.57,37.71],[107.32,38.61],[108.33,38.09],[107.45,35.07],[107.14,34.68]]]}},{"type":"Feature","properties":{"n":"(Alliance between Samanid Empire and Ziyadid dynasty)","f":922,"t":959,"w":"Q486181"},"geometry":{"type":"MultiPolygon","coordinates":[[[[45.21,15.91],[46.47,15.97],[46.15,15.52],[46.51,15.33],[49.48,14.69],[48.79,14.04],[45.74,13.34],[45.05,12.76],[43.44,12.69],[42.75,15.14],[42.82,16.61],[42.21,17.51],[43.89,18.54],[45.21,15.91]]],[[[66.35,25.55],[61.72,25.04],[57.38,25.74],[56.62,27.61],[55.76,27.99],[55.47,29.22],[51.98,31.4],[51.42,32.3],[52.02,33.71],[51.41,34.23],[51.09,36.03],[52.34,35.64],[54.22,36.22],[53.92,36.67],[53.99,39.0],[53.14,39.45],[53.54,39.51],[53.5,40.03],[52.79,40.03],[52.89,40.87],[56.83,40.74],[58.34,43.47],[60.37,43.54],[62.19,41.78],[62.53,41.0],[62.33,40.29],[62.74,40.03],[66.28,40.81],[69.5,43.41],[70.0,44.39],[72.93,43.99],[73.2,43.41],[75.19,42.04],[73.4,39.51],[73.83,38.61],[74.89,38.48],[75.23,37.0],[76.6,35.77],[74.76,35.26],[74.61,35.58],[73.44,35.52],[73.04,35.19],[70.85,32.04],[70.58,29.95],[69.64,29.36],[67.52,29.12],[67.16,26.1],[66.63,24.84],[66.35,25.55]]]]}},{"type":"Feature","properties":{"n":"Kingdom of Asturias","f":922,"t":925,"w":"Q231392"},"geometry":{"type":"Polygon","coordinates":[[[-1.97,41.59],[-3.96,41.65],[-4.43,43.41],[-3.14,43.41],[-3.0,42.63],[-2.02,42.37],[-1.97,41.59]]]}},{"type":"Feature","properties":{"n":"Chola Empire","f":922,"t":935,"w":"Q6806806"},"geometry":{"type":"Polygon","coordinates":[[[79.9,10.25],[79.32,10.25],[78.96,9.22],[78.28,8.96],[77.87,8.19],[77.14,8.13],[77.13,9.16],[76.69,9.22],[77.03,10.96],[77.72,11.47],[78.83,13.46],[80.38,13.46],[79.88,11.99],[79.9,10.25]]]}},{"type":"Feature","properties":{"n":"County of Berga","f":922,"t":935,"w":"Q15487"},"geometry":{"type":"Polygon","coordinates":[[[1.81,42.5],[2.86,42.43],[2.48,41.91],[1.37,41.85],[1.81,42.5]]]}},{"type":"Feature","properties":{"n":"(Carolingian Empire)","f":922,"t":925,"w":"Q146246"},"geometry":{"type":"MultiPolygon","coordinates":[[[[5.59,47.14],[4.57,46.09],[3.98,46.35],[3.94,45.37],[4.36,45.1],[3.97,44.65],[4.73,43.93],[4.34,43.47],[3.85,43.6],[1.81,42.5],[-1.69,43.34],[-1.05,45.69],[-2.58,47.47],[-1.04,47.86],[-1.25,49.38],[1.76,49.32],[1.42,50.71],[1.66,51.05],[3.75,51.45],[3.4,51.65],[4.53,52.86],[5.39,52.86],[5.54,53.39],[8.38,53.66],[8.3,53.26],[6.33,53.06],[6.8,51.38],[7.76,49.91],[7.02,49.45],[8.12,48.85],[7.48,47.53],[6.14,47.99],[5.58,47.66],[5.59,47.14]]],[[[-15.58,64.35],[-15.48,64.35],[-15.46,64.28],[-15.58,64.35]]],[[[-15.31,64.42],[-15.29,64.35],[-15.39,64.35],[-15.31,64.42]]],[[[-23.45,66.18],[-23.48,66.25],[-23.06,66.18],[-23.45,66.18]]]]}},{"type":"Feature","properties":{"n":"Goryeo","f":922,"t":935,"w":"Q28208"},"geometry":{"type":"Polygon","coordinates":[[[128.03,36.87],[127.92,36.03],[126.05,36.8],[126.65,37.06],[126.35,37.84],[125.23,37.64],[124.76,38.09],[125.35,39.32],[127.48,39.32],[129.39,37.38],[128.03,36.87]]]}},{"type":"Feature","properties":{"n":"Rashtrakuta Dynasty","f":922,"t":925,"w":"Q856691"},"geometry":{"type":"Polygon","coordinates":[[[81.27,22.01],[80.37,18.86],[80.45,17.64],[79.79,17.06],[80.25,13.66],[77.64,13.21],[75.46,11.54],[73.25,16.61],[72.63,19.83],[72.9,20.92],[72.56,21.24],[73.55,22.14],[75.22,24.78],[78.9,27.61],[79.91,27.35],[79.67,22.91],[81.27,22.01]]]}},{"type":"Feature","properties":{"n":"Balhae","f":922,"t":925,"w":"Q28322"},"geometry":{"type":"Polygon","coordinates":[[[133.27,42.69],[131.75,43.28],[129.78,41.78],[129.76,40.87],[127.58,39.77],[127.48,39.32],[125.35,39.32],[124.34,39.9],[123.6,39.84],[121.03,38.74],[121.69,39.38],[121.28,39.64],[122.23,40.48],[121.79,40.81],[121.94,41.2],[123.82,42.56],[125.05,44.32],[128.69,44.78],[132.94,46.15],[133.53,45.96],[138.43,46.68],[135.11,43.47],[133.27,42.69]]]}},{"type":"Feature","properties":{"n":"Kingdom of Powys","f":922,"t":946,"w":"Q769782"},"geometry":{"type":"Polygon","coordinates":[[[-3.27,52.99],[-2.87,52.38],[-3.69,52.12],[-3.99,52.45],[-3.27,52.99]]]}},{"type":"Feature","properties":{"n":"(Allegiance of Ziyadid dynasty to Abbasid Caliphate)","f":922,"t":925,"w":"Q207017"},"geometry":{"type":"MultiPolygon","coordinates":[[[[45.21,15.91],[46.47,15.97],[46.15,15.52],[46.51,15.33],[49.48,14.69],[48.79,14.04],[45.74,13.34],[45.05,12.76],[43.44,12.69],[42.75,15.14],[42.82,16.61],[41.24,18.61],[40.85,19.7],[39.35,20.79],[38.6,23.62],[37.44,24.33],[37.27,25.23],[35.41,27.87],[34.59,28.06],[34.91,29.41],[34.12,27.74],[33.19,28.51],[32.53,29.92],[32.43,29.6],[35.85,23.88],[31.67,23.75],[30.46,23.36],[28.57,24.65],[28.15,27.35],[25.37,29.28],[23.74,29.99],[22.45,30.05],[18.71,29.15],[18.89,30.31],[20.2,30.89],[20.02,32.24],[21.88,32.94],[23.09,32.62],[23.3,32.17],[24.89,31.98],[25.25,31.46],[26.85,31.46],[28.87,30.82],[30.97,31.66],[31.88,31.46],[32.0,31.08],[33.75,31.08],[34.63,31.66],[35.64,34.36],[36.05,34.55],[35.84,36.29],[36.29,36.8],[34.95,36.67],[34.78,37.25],[36.15,37.71],[36.46,38.29],[37.13,38.67],[38.16,39.9],[38.84,39.71],[40.3,40.48],[42.57,39.84],[42.92,39.58],[42.07,38.67],[43.09,38.16],[42.7,37.58],[44.52,37.77],[44.8,37.06],[45.25,36.93],[45.22,37.77],[46.12,38.48],[48.84,38.35],[48.88,37.71],[49.46,37.45],[49.19,36.74],[50.81,36.22],[51.49,35.19],[51.41,34.23],[52.02,33.71],[51.46,32.56],[51.72,31.72],[55.33,29.34],[55.76,27.99],[56.81,27.29],[55.44,26.52],[55.54,26.77],[54.83,26.45],[53.66,26.71],[51.32,27.99],[50.06,30.18],[48.94,30.31],[48.4,29.6],[47.65,29.6],[48.13,28.51],[44.52,30.76],[42.84,30.76],[41.17,29.99],[39.87,28.12],[39.7,26.84],[40.13,25.49],[42.24,22.08],[44.47,19.51],[43.89,18.48],[45.21,15.91]]],[[[56.3,24.71],[56.08,24.78],[56.18,24.97],[56.3,24.71]]],[[[36.98,38.74],[37.06,38.74],[37.05,38.67],[36.98,38.74]]]]}},{"type":"Feature","properties":{"n":"Zaydi Alid dynasties","f":926,"t":935,"w":"Q1990528"},"geometry":{"type":"Polygon","coordinates":[[[54.22,36.22],[54.01,35.9],[52.03,35.64],[49.19,36.74],[49.16,37.06],[49.54,37.45],[51.26,36.61],[53.96,36.87],[54.22,36.22]]]}},{"type":"Feature","properties":{"n":"Principality of Hungary","f":926,"t":946,"w":"Q2899771"},"geometry":{"type":"MultiPolygon","coordinates":[[[[23.47,46.41],[23.55,46.41],[23.55,46.35],[23.47,46.41]]],[[[23.51,45.89],[23.68,45.89],[23.47,45.3],[22.12,44.58],[21.4,44.78],[21.03,45.37],[19.24,45.24],[18.78,45.89],[17.88,45.76],[16.44,46.61],[15.6,46.22],[13.81,46.48],[13.74,47.2],[13.41,47.27],[13.67,47.8],[14.49,47.73],[14.42,48.26],[15.27,48.92],[16.93,48.72],[18.46,49.38],[19.61,49.12],[21.72,49.45],[22.45,49.18],[23.51,45.89]]],[[[23.08,47.66],[23.16,47.66],[23.15,47.6],[23.08,47.66]]],[[[18.38,49.45],[18.46,49.45],[18.46,49.38],[18.38,49.45]]]]}},{"type":"Feature","properties":{"n":"Kingdom of Croatia","f":926,"t":935,"w":"Q858841"},"geometry":{"type":"MultiPolygon","coordinates":[[[[14.51,44.91],[14.5,44.52],[14.26,44.58],[14.51,44.91]]],[[[19.24,45.24],[18.97,44.84],[18.58,45.1],[16.94,44.84],[16.44,44.39],[16.73,43.54],[15.37,43.86],[14.92,44.97],[14.28,45.37],[14.61,45.69],[15.26,45.5],[15.52,46.22],[16.44,46.61],[17.88,45.76],[18.78,45.89],[19.24,45.24]]]]}},{"type":"Feature","properties":{"n":"Gurjara-Pratihara Dynasty","f":926,"t":935,"w":"Q5324"},"geometry":{"type":"Polygon","coordinates":[[[71.71,27.35],[74.73,27.87],[79.64,27.54],[80.04,26.84],[79.67,22.91],[72.76,21.69],[72.38,22.27],[72.1,21.11],[70.72,20.66],[68.95,22.21],[70.37,22.91],[69.45,22.72],[68.34,23.43],[69.34,25.02],[71.71,27.35]]]}},{"type":"Feature","properties":{"n":"Ganzhou Kingdom","f":926,"t":989,"w":"Q1000124"},"geometry":{"type":"Polygon","coordinates":[[[103.88,40.68],[108.51,40.74],[107.19,39.19],[106.17,38.67],[98.58,38.35],[96.23,39.13],[96.93,41.07],[103.88,40.68]]]}},{"type":"Feature","properties":{"n":"Abbasid Caliphate","f":926,"t":935,"w":"Q12536"},"geometry":{"type":"Polygon","coordinates":[[[44.8,37.06],[45.25,36.93],[45.22,37.77],[46.12,38.48],[48.84,38.35],[48.88,37.71],[49.46,37.45],[49.19,36.74],[50.81,36.22],[51.49,35.19],[51.41,34.23],[52.02,33.71],[51.46,32.56],[51.72,31.72],[55.33,29.34],[55.76,27.99],[56.81,27.29],[55.44,26.52],[55.54,26.77],[55.24,26.77],[54.83,26.45],[53.66,26.71],[51.32,27.99],[50.06,30.18],[48.94,30.31],[48.4,29.6],[47.65,29.6],[48.13,28.51],[44.52,30.76],[42.84,30.76],[41.17,29.99],[39.87,28.12],[39.94,26.0],[42.93,21.05],[44.47,19.51],[44.28,18.8],[42.21,17.51],[41.24,18.61],[40.85,19.7],[39.35,20.79],[38.6,23.62],[37.44,24.33],[37.27,25.23],[35.41,27.87],[34.59,28.06],[34.91,29.41],[34.12,27.74],[33.19,28.51],[32.53,29.92],[32.43,29.6],[35.85,23.88],[31.67,23.75],[30.54,23.36],[28.57,24.65],[28.15,27.35],[25.37,29.28],[23.74,29.99],[22.45,30.05],[18.71,29.15],[18.89,30.31],[20.2,30.89],[20.02,32.24],[21.88,32.94],[23.09,32.62],[23.3,32.17],[24.89,31.98],[25.25,31.46],[26.85,31.46],[28.87,30.82],[30.97,31.66],[31.88,31.46],[32.0,31.08],[34.3,31.27],[35.64,34.36],[36.05,34.55],[35.84,36.29],[36.29,36.8],[34.95,36.67],[34.69,37.13],[36.15,37.64],[38.16,39.9],[38.84,39.71],[40.3,40.48],[41.75,40.16],[41.63,39.9],[42.92,39.58],[42.07,38.67],[43.09,38.16],[42.7,37.58],[44.52,37.77],[44.8,37.06]]]}},{"type":"Feature","properties":{"n":"Emirate of Nekor","f":926,"t":935,"w":"Q1709337"},"geometry":{"type":"Polygon","coordinates":[[[-4.45,35.26],[-2.84,35.45],[-2.82,35.13],[-2.2,35.07],[-2.42,34.94],[-4.51,34.94],[-4.45,35.26]]]}},{"type":"Feature","properties":{"n":"Hubaekje","f":926,"t":935,"w":"Q698239"},"geometry":{"type":"Polygon","coordinates":[[[127.38,34.42],[127.22,34.74],[126.12,34.36],[126.77,35.9],[126.48,36.42],[127.92,36.03],[127.45,35.07],[127.74,34.87],[127.38,34.42]]]}},{"type":"Feature","properties":{"n":"Emirate of Córdoba","f":926,"t":935,"w":"Q1337854"},"geometry":{"type":"MultiPolygon","coordinates":[[[[1.66,39.0],[1.27,38.8],[1.26,39.13],[1.66,39.0]]],[[[1.79,41.26],[0.7,40.94],[-0.35,39.71],[0.1,38.74],[-0.66,38.29],[-0.7,37.64],[-1.71,37.45],[-2.06,36.8],[-4.47,36.74],[-5.58,36.03],[-6.84,37.25],[-9.0,37.0],[-8.82,38.48],[-9.21,38.42],[-9.57,38.93],[-8.97,40.03],[-8.18,40.03],[-8.12,41.0],[-4.52,41.65],[-1.97,41.59],[-1.78,42.43],[-1.07,42.5],[1.37,41.85],[1.79,41.26]]],[[[3.52,39.77],[3.3,39.32],[2.35,39.45],[3.19,39.97],[3.52,39.77]]],[[[4.3,39.84],[3.74,40.1],[3.82,40.1],[4.3,39.84]]]]}},{"type":"Feature","properties":{"n":"Duchy of Normandy","f":926,"t":935,"w":"Q842091"},"geometry":{"type":"Polygon","coordinates":[[[-1.17,49.45],[0.01,49.38],[0.22,49.85],[1.37,50.25],[1.82,49.78],[1.47,48.65],[-1.08,48.39],[-1.17,49.45]]]}},{"type":"Feature","properties":{"n":"(Holy Roman Empire)","f":926,"t":935,"w":"Q12548"},"geometry":{"type":"Polygon","coordinates":[[[11.8,51.98],[11.29,51.38],[12.13,51.05],[12.04,50.31],[12.53,49.52],[14.02,48.65],[15.27,48.92],[14.42,48.26],[14.49,47.73],[13.67,47.8],[13.42,47.47],[13.81,46.48],[10.04,46.61],[10.04,46.28],[9.3,46.48],[8.98,45.89],[8.4,46.41],[8.55,47.6],[7.15,47.47],[6.81,47.93],[5.74,47.86],[5.72,48.19],[4.88,48.52],[5.03,49.12],[4.58,49.91],[3.55,50.38],[4.26,51.31],[3.5,51.25],[3.75,51.45],[3.4,51.65],[4.7,52.99],[5.06,52.65],[5.39,52.86],[5.54,53.39],[8.21,53.6],[8.89,53.87],[8.89,54.34],[10.1,54.34],[10.36,53.46],[11.73,53.06],[11.8,51.98]]]}},{"type":"Feature","properties":{"n":"Rashtrakuta Dynasty","f":926,"t":935,"w":"Q856691"},"geometry":{"type":"Polygon","coordinates":[[[80.45,17.64],[79.75,16.74],[80.25,13.66],[77.64,13.21],[75.46,11.54],[73.25,16.61],[72.63,19.83],[72.76,21.69],[79.67,22.91],[81.06,22.08],[80.45,17.64]]]}},{"type":"Feature","properties":{"n":"Southern Chu","f":926,"t":946,"w":"Q1192347"},"geometry":{"type":"Polygon","coordinates":[[[114.19,30.05],[114.93,29.28],[113.95,28.06],[114.33,25.49],[112.61,25.16],[112.07,23.69],[111.49,23.36],[109.54,22.91],[107.95,23.17],[108.31,26.32],[107.32,26.9],[107.8,27.61],[109.39,28.7],[110.81,30.63],[114.3,30.37],[114.19,30.05]]]}},{"type":"Feature","properties":{"n":"(Allegiance of Ziyadid dynasty to Abbasid Caliphate)","f":926,"t":935,"w":"Q207017"},"geometry":{"type":"Polygon","coordinates":[[[45.21,15.91],[46.47,15.97],[46.15,15.52],[46.51,15.33],[49.48,14.69],[48.79,14.04],[45.74,13.34],[45.05,12.76],[43.44,12.69],[42.75,15.14],[42.82,16.61],[41.24,18.61],[40.85,19.7],[39.35,20.79],[38.6,23.62],[37.44,24.33],[37.27,25.23],[35.41,27.87],[34.59,28.06],[34.91,29.41],[34.12,27.74],[33.19,28.51],[32.53,29.92],[32.43,29.6],[35.85,23.88],[31.67,23.75],[30.46,23.36],[28.57,24.65],[28.15,27.35],[27.14,28.25],[23.74,29.99],[21.23,29.86],[18.71,29.15],[18.89,30.31],[20.2,30.89],[20.02,32.24],[21.88,32.94],[23.09,32.62],[23.3,32.17],[24.89,31.98],[25.25,31.46],[26.85,31.46],[28.87,30.82],[30.97,31.66],[31.88,31.46],[32.0,31.08],[34.3,31.27],[35.64,34.36],[36.05,34.55],[35.84,36.29],[36.29,36.8],[34.95,36.67],[34.69,37.13],[36.15,37.64],[38.16,39.9],[38.84,39.71],[40.3,40.48],[42.86,39.71],[42.07,38.67],[43.09,38.16],[42.7,37.58],[44.52,37.77],[44.8,37.06],[45.25,36.93],[45.22,37.77],[46.12,38.48],[48.84,38.35],[48.88,37.71],[49.46,37.45],[49.19,36.74],[50.81,36.22],[51.49,35.19],[51.41,34.23],[52.02,33.71],[51.46,32.56],[51.72,31.72],[55.33,29.34],[55.76,27.99],[56.81,27.29],[55.44,26.52],[55.54,26.77],[54.83,26.45],[53.66,26.71],[51.32,27.99],[50.06,30.18],[48.94,30.31],[48.4,29.6],[47.65,29.6],[48.13,28.51],[44.52,30.76],[42.84,30.76],[41.17,29.99],[39.87,28.12],[39.7,26.84],[40.13,25.49],[42.24,22.08],[44.47,19.51],[43.89,18.48],[45.21,15.91]]]}},{"type":"Feature","properties":{"n":"Idrisids","f":926,"t":935,"w":"Q431575"},"geometry":{"type":"Polygon","coordinates":[[[-0.07,35.84],[-0.17,34.55],[-1.57,33.33],[-5.39,31.72],[-7.73,31.34],[-8.05,31.59],[-7.37,32.81],[-7.8,33.59],[-6.61,34.16],[-5.88,35.77],[-5.34,35.84],[-4.91,35.26],[-4.45,35.26],[-4.51,34.94],[-3.5,34.81],[-0.07,35.84]]]}},{"type":"Feature","properties":{"n":"West Franks","f":926,"t":935,"w":"Q46370"},"geometry":{"type":"MultiPolygon","coordinates":[[[[4.58,49.91],[5.03,49.12],[4.88,48.52],[5.82,47.86],[4.57,46.09],[3.98,46.35],[3.94,45.37],[4.36,45.1],[3.97,44.65],[4.57,43.73],[1.81,42.5],[-1.69,43.34],[-1.05,45.69],[-2.58,47.47],[-1.19,47.66],[-1.0,48.39],[1.47,48.65],[1.84,49.38],[1.45,50.25],[1.66,51.05],[4.26,51.31],[3.54,50.58],[3.82,50.05],[4.58,49.91]]],[[[-15.58,64.35],[-15.48,64.35],[-15.46,64.28],[-15.58,64.35]]],[[[-15.31,64.42],[-15.29,64.35],[-15.39,64.35],[-15.31,64.42]]],[[[-23.45,66.18],[-23.48,66.25],[-23.06,66.18],[-23.45,66.18]]]]}},{"type":"Feature","properties":{"n":"(Carolingian Empire)","f":926,"t":935,"w":"Q146246"},"geometry":{"type":"MultiPolygon","coordinates":[[[[3.85,43.6],[1.81,42.5],[-1.69,43.34],[-1.05,45.69],[-1.25,46.28],[-2.56,47.27],[-1.19,47.66],[-1.0,48.39],[1.47,48.65],[1.84,49.38],[1.42,50.71],[3.32,51.45],[4.26,51.31],[3.55,50.38],[4.58,49.91],[5.03,49.12],[4.88,48.52],[5.72,48.19],[5.74,47.86],[6.98,47.86],[7.15,47.47],[8.55,47.6],[8.4,46.41],[8.98,45.89],[9.3,46.48],[10.04,46.28],[10.04,46.61],[13.81,46.41],[13.72,46.22],[14.28,45.56],[14.19,45.04],[13.71,45.76],[12.16,45.69],[12.15,44.45],[13.67,43.41],[14.06,42.5],[14.69,42.11],[14.12,41.72],[13.01,42.04],[12.38,42.43],[12.22,43.41],[11.82,43.34],[12.06,42.76],[11.26,42.43],[10.21,43.99],[9.16,44.45],[6.28,43.15],[3.85,43.6]]],[[[-15.46,64.28],[-15.56,64.28],[-15.58,64.35],[-15.46,64.28]]],[[[-15.29,64.35],[-15.39,64.35],[-15.41,64.42],[-15.29,64.35]]],[[[-23.45,66.18],[-23.48,66.25],[-23.06,66.18],[-23.45,66.18]]],[[[14.69,42.11],[14.69,42.17],[14.77,42.17],[14.69,42.11]]],[[[9.58,41.98],[9.1,41.33],[8.62,41.72],[8.53,42.5],[9.25,43.02],[9.58,41.98]]],[[[10.21,42.69],[10.13,42.89],[10.46,42.89],[10.21,42.69]]],[[[13.89,46.22],[13.8,46.22],[13.81,46.28],[13.89,46.22]]]]}},{"type":"Feature","properties":{"n":"Kingdom of Wessex","f":926,"t":935,"w":"Q105313"},"geometry":{"type":"Polygon","coordinates":[[[1.74,52.38],[0.53,51.45],[1.38,51.38],[1.31,51.11],[0.49,50.78],[-3.13,50.71],[-4.09,50.25],[-4.66,50.85],[-4.2,51.31],[-3.09,51.25],[-2.63,51.65],[-3.32,53.46],[-1.15,53.26],[-0.25,53.73],[0.3,53.39],[0.17,52.86],[1.62,52.86],[1.74,52.38]]]}},{"type":"Feature","properties":{"n":"Byzantine Empire","f":926,"t":935,"w":"Q112039853"},"geometry":{"type":"MultiPolygon","coordinates":[[[[23.12,36.35],[23.11,36.16],[22.87,36.16],[23.12,36.35]]],[[[20.93,37.9],[20.92,37.64],[20.61,37.71],[20.93,37.9]]],[[[20.57,38.42],[20.79,38.09],[20.32,38.16],[20.57,38.42]]],[[[23.56,38.74],[23.48,38.74],[23.49,38.8],[23.56,38.74]]],[[[17.14,39.06],[15.7,37.96],[16.27,38.8],[15.9,39.71],[17.14,39.06]]],[[[20.15,39.58],[20.07,39.58],[20.07,39.64],[20.15,39.58]]],[[[19.91,39.58],[19.76,39.64],[19.76,39.77],[19.91,39.58]]],[[[15.4,41.91],[16.12,41.91],[15.94,41.39],[17.98,40.61],[18.35,39.9],[17.35,40.55],[16.78,40.36],[16.01,41.07],[15.38,41.0],[15.4,41.91]]],[[[19.86,41.72],[19.81,40.81],[19.33,40.74],[19.39,41.91],[19.86,41.72]]],[[[17.99,42.82],[18.15,42.82],[18.15,42.69],[17.99,42.82]]],[[[17.51,42.89],[17.59,42.89],[17.59,42.76],[17.51,42.89]]],[[[17.12,43.21],[17.12,43.08],[16.72,43.08],[17.12,43.21]]],[[[16.73,43.47],[16.81,43.47],[16.81,43.34],[16.73,43.47]]],[[[15.93,43.67],[16.66,43.67],[16.17,43.47],[15.93,43.67]]],[[[15.38,44.19],[15.22,44.12],[15.15,44.39],[15.38,44.19]]],[[[15.15,44.45],[15.15,44.39],[15.07,44.39],[15.15,44.45]]],[[[15.07,44.52],[15.07,44.45],[14.99,44.45],[15.07,44.52]]],[[[28.02,36.48],[28.25,36.48],[28.14,36.03],[27.74,35.9],[28.02,36.48]]],[[[27.19,36.8],[26.87,36.67],[27.04,36.93],[27.19,36.8]]],[[[25.57,37.13],[25.56,37.0],[25.33,37.0],[25.57,37.13]]],[[[24.36,37.71],[24.43,37.58],[24.27,37.51],[24.36,37.71]]],[[[25.22,37.71],[25.29,37.51],[25.05,37.51],[25.22,37.71]]],[[[26.31,37.71],[26.3,37.58],[25.99,37.51],[26.31,37.71]]],[[[24.77,38.03],[25.07,37.77],[24.83,37.71],[24.77,38.03]]],[[[26.22,38.55],[26.11,38.16],[25.88,38.16],[26.22,38.55]]],[[[24.67,38.93],[24.66,38.74],[24.36,38.87],[24.67,38.93]]],[[[31.35,41.13],[32.63,41.91],[35.12,42.04],[36.21,41.26],[37.83,40.94],[40.37,40.94],[41.24,41.39],[41.26,41.07],[39.59,39.97],[38.16,39.9],[36.15,37.64],[35.03,37.45],[33.98,36.29],[32.71,36.03],[31.09,36.93],[30.62,36.93],[30.49,36.35],[29.24,36.22],[29.12,36.74],[28.03,36.67],[28.07,37.13],[27.22,37.32],[27.28,38.03],[26.43,38.22],[26.38,38.67],[26.59,38.35],[27.08,38.55],[26.85,39.58],[26.13,39.51],[26.27,40.29],[29.05,40.36],[28.91,40.61],[29.49,40.87],[29.12,41.07],[27.53,41.07],[26.92,40.48],[24.35,41.0],[23.7,40.81],[23.74,40.23],[22.57,40.55],[22.61,39.9],[23.14,39.45],[22.8,39.06],[23.49,38.87],[22.94,38.74],[24.18,38.55],[23.98,37.84],[23.04,37.9],[23.4,37.32],[22.71,37.58],[23.06,36.67],[22.36,36.67],[22.22,37.06],[21.74,36.87],[21.7,37.51],[21.24,37.84],[21.74,38.35],[21.19,38.42],[20.15,39.64],[23.0,41.0],[24.52,41.26],[25.22,42.04],[27.38,42.11],[28.98,41.26],[31.35,41.13]]],[[[25.79,39.19],[26.04,39.38],[26.64,39.0],[25.79,39.19]]],[[[25.46,40.03],[25.45,39.84],[24.97,39.84],[25.46,40.03]]],[[[26.04,40.29],[26.02,40.16],[25.7,40.1],[26.04,40.29]]],[[[24.81,40.81],[24.79,40.61],[24.55,40.55],[24.81,40.81]]],[[[34.24,44.97],[34.37,44.71],[33.52,44.45],[33.76,45.04],[34.24,44.97]]]]}},{"type":"Feature","properties":{"n":"Fatimid Caliphate","f":926,"t":935,"w":"Q160307"},"geometry":{"type":"MultiPolygon","coordinates":[[[[11.08,35.0],[10.0,34.29],[10.01,33.91],[12.23,32.81],[13.3,32.94],[15.06,32.43],[15.65,31.4],[18.22,30.76],[18.9,30.37],[18.71,29.09],[15.1,30.56],[13.37,32.04],[12.45,31.85],[9.86,32.81],[9.16,34.1],[7.61,34.55],[1.29,34.61],[-0.39,34.36],[-0.07,35.84],[0.38,36.22],[3.46,36.87],[5.56,36.67],[6.33,37.06],[8.52,36.87],[10.23,37.25],[10.23,36.8],[11.01,37.0],[10.46,35.9],[11.08,35.58],[11.08,35.0]]],[[[2.53,34.49],[2.61,34.49],[2.61,34.42],[2.53,34.49]]],[[[14.57,35.77],[14.34,35.84],[14.34,36.03],[14.57,35.77]]],[[[15.05,36.74],[14.66,36.74],[12.49,37.9],[15.63,38.29],[15.05,36.74]]]]}},{"type":"Feature","properties":{"n":"Unified Silla","f":926,"t":935,"w":"Q715257"},"geometry":{"type":"MultiPolygon","coordinates":[[[[126.14,33.2],[127.0,33.59],[126.7,33.26],[126.14,33.2]]],[[[129.15,35.07],[128.53,35.07],[128.68,34.74],[127.45,35.07],[128.09,36.22],[128.03,36.87],[128.7,37.25],[129.43,37.32],[129.52,35.52],[129.15,35.07]]]]}},{"type":"Feature","properties":{"n":"(Five Dynasties and Ten Kingdoms)","f":926,"t":935,"w":"Q242115"},"geometry":{"type":"MultiPolygon","coordinates":[[[[108.64,18.54],[108.7,19.38],[109.25,19.96],[110.91,20.15],[111.03,19.57],[109.84,18.22],[108.64,18.54]]],[[[115.67,22.66],[114.64,22.72],[114.37,22.08],[113.6,22.72],[113.64,22.14],[110.42,21.18],[110.49,20.28],[109.88,20.21],[109.81,21.5],[107.79,21.44],[105.85,19.57],[105.73,18.86],[106.52,17.77],[105.71,17.77],[105.14,18.41],[104.98,20.15],[104.45,20.54],[105.1,20.86],[104.93,21.18],[106.62,21.56],[108.39,22.72],[107.85,23.43],[108.31,26.32],[107.91,26.84],[106.46,27.35],[106.14,28.44],[104.43,27.67],[104.64,28.44],[103.99,28.57],[103.29,27.61],[103.46,26.45],[102.25,26.07],[102.08,26.64],[101.58,26.77],[101.7,27.87],[100.92,30.56],[101.69,32.75],[103.33,33.52],[103.67,35.07],[106.0,36.1],[105.8,37.13],[104.57,37.71],[107.32,38.61],[108.79,37.9],[110.4,38.16],[111.02,38.48],[112.58,40.94],[115.76,41.52],[117.4,41.46],[118.08,40.42],[119.59,40.29],[119.8,39.97],[119.22,39.32],[117.78,39.13],[117.58,38.74],[118.07,38.16],[119.46,37.96],[119.16,37.19],[120.75,37.9],[122.71,37.45],[122.39,36.8],[120.98,36.61],[119.23,34.81],[120.34,34.36],[120.92,32.62],[121.99,31.85],[121.25,31.72],[121.48,31.53],[121.96,31.59],[121.58,31.4],[121.9,30.82],[120.68,30.18],[121.48,30.31],[122.03,29.92],[121.94,29.22],[121.59,29.54],[121.65,28.32],[121.12,28.32],[119.59,26.13],[119.53,25.62],[119.87,25.49],[119.27,25.49],[118.76,24.59],[118.15,24.52],[115.67,22.66]],[[121.17,31.72],[121.22,31.85],[121.0,31.85],[121.17,31.72]]],[[[122.05,30.18],[122.27,30.18],[122.28,29.99],[122.05,30.18]]],[[[121.89,31.59],[121.73,31.59],[121.76,31.66],[121.89,31.59]]]]}},{"type":"Feature","properties":{"n":"Kingdom of Northumbria","f":926,"t":935,"w":"Q107299"},"geometry":{"type":"Polygon","coordinates":[[[-2.68,54.68],[-3.78,55.98],[-2.02,55.91],[-1.46,54.68],[-2.68,54.68]]]}},{"type":"Feature","properties":{"n":"Kingdom of León","f":926,"t":946,"w":"Q175276"},"geometry":{"type":"Polygon","coordinates":[[[-3.0,42.63],[-2.12,42.63],[-1.82,41.78],[-7.81,41.13],[-8.18,40.03],[-8.97,40.03],[-8.96,42.17],[-8.65,42.3],[-9.3,43.15],[-8.24,43.73],[-3.14,43.41],[-3.0,42.63]]]}},{"type":"Feature","properties":{"n":"(Anglo-Saxon England)","f":926,"t":935,"w":"Q784963"},"geometry":{"type":"MultiPolygon","coordinates":[[[[1.62,52.86],[1.74,52.38],[0.53,51.45],[1.38,51.38],[1.31,51.11],[0.49,50.78],[-3.13,50.71],[-4.09,50.25],[-4.66,50.85],[-4.2,51.31],[-3.09,51.25],[-2.63,51.65],[-3.32,53.46],[-1.15,53.26],[-0.25,53.73],[0.3,53.39],[0.17,52.86],[1.62,52.86]]],[[[-2.68,54.68],[-3.78,55.98],[-2.02,55.91],[-1.3,54.82],[-2.68,54.68]]]]}},{"type":"Feature","properties":{"n":"(Brythonic Kingdoms)","f":926,"t":935,"w":"Q849967"},"geometry":{"type":"MultiPolygon","coordinates":[[[[-4.66,50.85],[-4.27,50.38],[-5.75,50.05],[-4.66,50.85]]],[[[-5.26,51.71],[-4.16,52.45],[-4.3,52.92],[-4.79,52.79],[-4.49,53.12],[-4.7,53.46],[-3.49,53.39],[-2.63,51.65],[-3.7,51.38],[-5.26,51.71]],[[-3.22,51.65],[-3.3,51.65],[-3.22,51.61],[-3.22,51.65]]],[[[-2.97,54.14],[-3.59,54.27],[-3.57,54.89],[-5.11,54.68],[-5.33,55.02],[-4.78,55.5],[-4.86,56.18],[-3.78,55.98],[-1.89,53.8],[-2.29,53.39],[-3.15,53.46],[-2.97,54.14]],[[-3.36,54.95],[-3.58,54.95],[-3.57,54.89],[-3.36,54.95]]]]}},{"type":"Feature","properties":{"n":"Jingnan","f":926,"t":935,"w":"Q1325075"},"geometry":{"type":"Polygon","coordinates":[[[113.22,31.01],[113.69,30.82],[113.69,30.37],[111.16,30.76],[110.86,30.31],[110.33,30.31],[109.61,32.24],[109.89,33.01],[113.31,31.91],[113.22,31.01]]]}},{"type":"Feature","properties":{"n":"Liao Dynasty","f":926,"t":935,"w":"Q4958"},"geometry":{"type":"MultiPolygon","coordinates":[[[[119.83,47.2],[120.13,45.69],[120.75,44.91],[121.67,44.58],[124.49,44.32],[128.69,44.78],[132.94,46.15],[133.53,45.96],[138.43,46.68],[135.28,43.6],[134.22,43.02],[132.95,42.69],[131.75,43.28],[129.78,41.78],[129.76,40.87],[127.58,39.77],[127.48,39.32],[125.35,39.32],[124.34,39.9],[123.6,39.84],[121.03,38.74],[121.52,39.06],[121.69,39.38],[121.21,39.51],[122.11,40.68],[121.11,40.87],[119.8,39.97],[119.59,40.29],[118.08,40.42],[117.4,41.46],[112.58,40.94],[109.79,41.07],[107.41,40.61],[103.96,40.68],[102.81,42.04],[101.48,42.56],[99.67,42.63],[100.12,45.5],[101.55,46.74],[108.35,47.4],[112.41,48.32],[114.81,48.19],[115.5,48.59],[115.69,48.26],[117.38,48.79],[118.0,48.72],[119.83,47.2]]],[[[121.71,44.65],[121.83,44.71],[121.79,44.65],[121.71,44.65]]]]}},{"type":"Feature","properties":{"n":"Kingdom of Gwent","f":926,"t":946,"w":"Q2594661"},"geometry":{"type":"Polygon","coordinates":[[[-3.32,51.78],[-2.82,51.92],[-2.63,51.65],[-3.32,51.78]]]}},{"type":"Feature","properties":{"n":"Later Tang","f":926,"t":935,"w":"Q1143126"},"geometry":{"type":"Polygon","coordinates":[[[118.99,39.19],[117.78,39.13],[117.6,38.48],[119.46,37.96],[119.16,37.19],[120.75,37.9],[122.71,37.45],[122.39,36.8],[120.98,36.61],[119.62,35.52],[118.06,33.14],[115.61,32.75],[113.87,30.24],[113.22,31.01],[113.31,31.91],[109.89,33.01],[109.61,32.24],[110.48,30.05],[107.34,26.97],[106.22,27.61],[106.14,28.44],[104.43,27.67],[104.64,28.44],[103.99,28.57],[103.29,27.61],[103.46,26.45],[102.25,26.07],[102.08,26.64],[101.58,26.77],[101.7,27.87],[100.92,30.56],[101.69,32.75],[103.33,33.52],[103.89,35.26],[106.0,36.1],[105.8,37.13],[104.57,37.71],[107.32,38.61],[108.79,37.9],[110.4,38.16],[111.02,38.48],[112.58,40.94],[115.76,41.52],[117.6,41.39],[118.08,40.42],[119.59,40.29],[119.8,39.97],[118.99,39.19]]]}},{"type":"Feature","properties":{"n":"Sajid Dynasty","f":926,"t":935,"w":"Q3432153"},"geometry":{"type":"MultiPolygon","coordinates":[[[[49.18,39.32],[48.76,38.35],[46.12,38.48],[45.22,37.77],[45.25,36.93],[44.8,37.06],[44.54,37.9],[44.98,38.22],[44.49,38.55],[45.37,39.13],[44.66,40.1],[46.26,38.87],[46.67,38.93],[46.86,39.58],[46.45,40.36],[46.87,40.48],[46.8,40.1],[47.41,39.58],[48.33,39.84],[49.18,39.32]]],[[[44.73,41.78],[44.89,41.78],[44.79,41.65],[44.73,41.78]]],[[[48.28,41.59],[48.12,41.59],[48.2,41.98],[48.28,41.59]]]]}},{"type":"Feature","properties":{"n":"Upper Burgundy","f":926,"t":935,"w":"Q33235"},"geometry":{"type":"Polygon","coordinates":[[[5.8,45.96],[5.36,46.87],[5.82,47.86],[6.81,47.93],[7.15,47.47],[8.55,47.6],[7.93,45.56],[5.8,45.96]]]}},{"type":"Feature","properties":{"n":"Kingdom of Lower Burgundy","f":926,"t":935,"w":"Q33242"},"geometry":{"type":"MultiPolygon","coordinates":[[[[14.77,42.17],[14.77,42.11],[14.69,42.11],[14.77,42.17]]],[[[9.58,41.98],[9.1,41.33],[8.62,41.72],[8.53,42.5],[9.49,43.02],[9.58,41.98]]],[[[10.46,42.69],[10.13,42.89],[10.21,42.89],[10.46,42.69]]],[[[8.4,46.41],[8.98,45.89],[9.3,46.48],[10.04,46.28],[10.04,46.61],[13.73,46.48],[13.72,46.22],[14.28,45.56],[14.19,45.04],[13.71,45.76],[12.16,45.69],[12.15,44.45],[13.67,43.41],[14.06,42.5],[14.69,42.11],[14.12,41.72],[13.01,42.04],[12.38,42.43],[12.22,43.41],[11.82,43.34],[12.06,42.76],[11.26,42.43],[10.21,43.99],[9.16,44.45],[6.28,43.15],[4.34,43.47],[4.73,43.93],[3.97,44.65],[4.36,45.1],[3.94,45.37],[3.98,46.35],[4.57,46.09],[5.36,46.87],[5.8,45.96],[6.53,45.96],[7.03,45.5],[7.93,45.56],[8.4,46.41]]],[[[13.89,46.28],[13.89,46.22],[13.8,46.22],[13.89,46.28]]]]}},{"type":"Feature","properties":{"n":"Kingdom of Germany","f":926,"t":935,"w":"Q175211"},"geometry":{"type":"Polygon","coordinates":[[[11.8,51.98],[11.29,51.38],[12.13,51.05],[12.04,50.31],[12.53,49.52],[14.02,48.65],[15.27,48.92],[14.42,48.26],[14.49,47.73],[13.67,47.8],[13.42,47.47],[13.81,46.48],[10.04,46.61],[10.04,46.28],[9.3,46.48],[8.98,45.89],[8.4,46.41],[8.55,47.6],[7.15,47.47],[6.81,47.93],[5.74,47.86],[5.72,48.19],[4.88,48.52],[5.03,49.12],[4.58,49.91],[3.55,50.38],[4.26,51.31],[3.5,51.25],[3.75,51.45],[3.4,51.65],[4.7,52.99],[5.06,52.65],[5.39,52.86],[5.54,53.39],[8.21,53.6],[8.89,53.87],[8.89,54.34],[10.1,54.34],[10.36,53.46],[11.73,53.06],[11.8,51.98]]]}},{"type":"Feature","properties":{"n":"Viking settlements","f":926,"t":935,"w":"Q12567"},"geometry":{"type":"MultiPolygon","coordinates":[[[[-8.08,51.78],[-8.58,51.71],[-8.71,52.05],[-8.12,52.12],[-8.08,51.78]]],[[[-7.4,52.45],[-7.02,52.12],[-7.53,52.12],[-7.4,52.45]]],[[[-6.77,52.18],[-6.56,52.59],[-6.31,52.59],[-6.77,52.18]]],[[[-8.44,52.52],[-8.95,52.52],[-8.91,52.86],[-8.44,52.52]]],[[[-6.31,52.59],[-6.43,52.86],[-6.18,52.92],[-6.31,52.59]]],[[[-6.09,52.92],[-6.84,53.39],[-6.19,53.66],[-6.09,52.92]]],[[[-7.25,57.42],[-7.29,57.08],[-7.47,57.08],[-7.6,57.35],[-7.25,57.42]]],[[[-6.04,57.01],[-6.8,57.35],[-6.5,57.77],[-5.81,57.28],[-6.04,57.01]]],[[[-7.44,57.49],[-7.56,57.7],[-7.12,57.7],[-7.44,57.49]]],[[[-7.13,57.77],[-7.28,58.18],[-6.26,58.53],[-7.13,57.77]]],[[[-6.99,61.48],[-7.02,61.62],[-6.74,61.62],[-6.99,61.48]]],[[[-6.69,61.9],[-7.28,62.05],[-7.32,62.33],[-6.77,62.33],[-6.69,61.9]]],[[[-21.15,63.91],[-22.8,63.77],[-22.83,64.13],[-22.17,64.13],[-22.1,64.49],[-24.16,64.93],[-21.91,65.08],[-19.39,64.06],[-18.73,63.41],[-21.15,63.91]]],[[[-20.31,64.57],[-20.4,64.57],[-20.43,64.64],[-20.31,64.57]]],[[[-4.42,47.8],[-4.91,48.52],[-3.46,48.92],[-1.6,48.65],[-2.03,49.78],[-1.36,49.78],[-1.04,48.92],[-1.19,47.66],[-2.16,47.4],[-4.42,47.8]]],[[[13.29,53.66],[13.29,53.72],[13.46,53.7],[13.29,53.66]]],[[[15.02,53.73],[14.41,53.66],[14.51,54.0],[14.86,54.14],[15.02,53.73]]],[[[13.82,53.94],[13.81,53.87],[13.77,53.87],[13.82,53.94]]],[[[13.27,53.73],[13.04,53.8],[13.3,54.21],[13.56,54.03],[13.27,53.73]]],[[[19.21,54.41],[19.46,54.27],[19.09,54.0],[18.69,54.41],[19.21,54.41]]],[[[12.09,54.34],[12.44,54.48],[12.79,54.41],[12.61,53.94],[12.17,53.94],[12.09,54.34]]],[[[-4.38,54.41],[-4.36,54.21],[-4.86,54.07],[-4.38,54.41]]],[[[13.48,54.34],[13.23,54.75],[13.66,54.61],[13.48,54.34]]],[[[-5.89,55.29],[-5.44,55.84],[-5.12,55.43],[-5.89,55.29]]],[[[-6.19,55.57],[-6.63,55.63],[-5.74,56.18],[-6.19,55.57]]],[[[-5.0,55.84],[-5.35,55.84],[-5.3,56.11],[-5.0,55.84]]],[[[-5.68,56.39],[-6.29,56.32],[-6.34,56.66],[-5.68,56.39]]]]}},{"type":"Feature","properties":{"n":"First Bulgarian Empire","f":926,"t":935,"w":"Q203817"},"geometry":{"type":"MultiPolygon","coordinates":[[[[19.17,42.24],[19.17,42.3],[19.25,42.3],[19.17,42.24]]],[[[33.69,46.87],[32.92,46.61],[30.88,46.68],[29.61,45.69],[29.53,44.91],[28.8,44.97],[28.48,43.47],[27.51,42.63],[27.93,41.98],[25.22,42.04],[24.52,41.26],[23.0,41.0],[19.99,39.64],[19.25,40.61],[19.9,41.07],[19.71,41.98],[19.02,42.5],[17.52,42.95],[16.51,43.93],[16.44,44.39],[16.94,44.84],[17.85,45.1],[18.97,44.84],[20.06,45.37],[21.03,45.37],[21.87,44.58],[22.64,45.04],[23.5,44.65],[23.52,44.91],[27.52,45.17],[28.47,45.63],[29.32,47.4],[34.04,47.53],[33.69,46.87]]]]}},{"type":"Feature","properties":{"n":"Principality of Serbia","f":936,"t":959,"w":"Q1311990"},"geometry":{"type":"Polygon","coordinates":[[[20.5,43.28],[19.98,42.5],[18.62,42.43],[17.52,42.95],[16.44,44.39],[16.94,44.84],[18.58,45.1],[19.3,44.91],[19.34,44.19],[20.5,43.28]]]}},{"type":"Feature","properties":{"n":"Scandinavian minor kingdoms","f":936,"t":959,"w":"Q213649"},"geometry":{"type":"MultiPolygon","coordinates":[[[[14.64,55.09],[14.64,55.29],[15.08,55.23],[14.64,55.09]]],[[[19.05,57.97],[18.91,57.42],[18.08,56.94],[18.03,57.56],[19.05,57.97]]],[[[17.99,60.63],[18.61,60.42],[19.01,59.71],[18.35,59.43],[18.41,59.09],[16.66,58.46],[16.48,56.87],[17.12,57.28],[16.44,56.25],[16.19,56.52],[15.82,56.11],[14.77,56.18],[14.23,55.91],[14.3,55.36],[12.81,55.36],[12.91,55.77],[12.48,56.11],[12.75,56.66],[11.71,57.9],[12.16,58.18],[11.92,59.92],[12.58,60.49],[12.31,60.98],[12.97,61.34],[14.32,60.63],[17.99,60.63]]],[[[17.88,68.42],[17.68,68.42],[17.68,68.5],[17.88,68.42]]],[[[18.08,68.42],[17.89,68.57],[18.2,68.65],[18.08,68.42]]],[[[17.7,68.65],[17.69,68.57],[17.59,68.57],[17.7,68.65]]]]}},{"type":"Feature","properties":{"n":"Byzantine Empire","f":936,"t":946,"w":"Q112039853"},"geometry":{"type":"MultiPolygon","coordinates":[[[[23.12,36.35],[23.11,36.16],[22.87,36.16],[23.12,36.35]]],[[[24.36,37.71],[24.43,37.58],[24.27,37.51],[24.36,37.71]]],[[[20.93,37.9],[20.92,37.64],[20.61,37.71],[20.93,37.9]]],[[[20.57,38.42],[20.79,38.09],[20.32,38.16],[20.57,38.42]]],[[[23.56,38.74],[23.48,38.74],[23.49,38.8],[23.56,38.74]]],[[[17.14,39.06],[15.7,37.96],[16.27,38.8],[15.9,39.71],[17.14,39.06]]],[[[20.15,39.58],[20.07,39.58],[20.07,39.64],[20.15,39.58]]],[[[19.91,39.58],[19.76,39.64],[19.76,39.77],[19.91,39.58]]],[[[15.4,41.91],[16.12,41.91],[15.94,41.39],[17.98,40.61],[18.35,39.9],[17.35,40.55],[16.78,40.36],[16.01,41.07],[15.38,41.0],[15.4,41.91]]],[[[19.86,41.72],[19.81,40.81],[19.33,40.74],[19.39,41.91],[19.86,41.72]]],[[[17.99,42.82],[18.15,42.82],[18.15,42.69],[17.99,42.82]]],[[[17.51,42.89],[17.59,42.89],[17.59,42.76],[17.51,42.89]]],[[[15.93,43.67],[16.66,43.67],[16.17,43.47],[15.93,43.67]]],[[[15.38,44.19],[15.22,44.12],[15.15,44.39],[15.38,44.19]]],[[[15.07,44.45],[15.15,44.45],[15.15,44.39],[15.07,44.45]]],[[[14.99,44.52],[15.07,44.52],[15.07,44.45],[14.99,44.52]]],[[[28.02,36.48],[28.25,36.48],[28.14,36.03],[27.74,35.9],[28.02,36.48]]],[[[27.19,36.8],[26.87,36.67],[27.04,36.93],[27.19,36.8]]],[[[25.57,37.13],[25.56,37.0],[25.33,37.0],[25.57,37.13]]],[[[25.22,37.71],[25.29,37.51],[25.05,37.51],[25.22,37.71]]],[[[26.31,37.71],[26.3,37.58],[25.99,37.51],[26.31,37.71]]],[[[24.77,38.03],[25.07,37.77],[24.83,37.71],[24.77,38.03]]],[[[26.22,38.55],[26.11,38.16],[25.88,38.16],[26.22,38.55]]],[[[24.67,38.93],[24.66,38.74],[24.36,38.87],[24.67,38.93]]],[[[31.35,41.13],[32.63,41.91],[34.88,42.04],[35.95,41.72],[36.21,41.26],[38.3,40.87],[40.37,40.94],[41.24,41.39],[41.26,41.07],[40.3,40.48],[42.92,39.58],[42.13,39.06],[42.49,38.29],[40.62,38.93],[39.64,38.67],[38.4,37.51],[37.84,38.09],[36.57,37.9],[35.03,37.45],[33.98,36.29],[32.56,36.03],[31.09,36.93],[30.62,36.93],[30.49,36.35],[29.24,36.22],[29.12,36.74],[28.03,36.67],[28.07,37.13],[27.22,37.32],[27.28,38.03],[26.43,38.22],[26.38,38.67],[26.59,38.35],[27.08,38.55],[26.85,39.58],[26.13,39.51],[26.27,40.29],[29.05,40.36],[28.91,40.61],[29.49,40.87],[29.12,41.07],[27.53,41.07],[26.92,40.48],[24.35,41.0],[23.7,40.81],[23.74,40.23],[22.57,40.55],[22.61,39.9],[23.14,39.45],[22.8,39.06],[23.49,38.87],[22.94,38.74],[24.18,38.55],[23.98,37.84],[23.04,37.9],[23.4,37.32],[22.71,37.58],[23.06,36.67],[22.36,36.67],[22.22,37.06],[21.74,36.87],[21.7,37.51],[21.24,37.84],[21.74,38.35],[21.19,38.42],[20.15,39.64],[23.0,41.0],[24.52,41.26],[25.22,42.04],[27.38,42.11],[28.98,41.26],[31.35,41.13]]],[[[25.79,39.19],[26.04,39.38],[26.64,39.0],[25.79,39.19]]],[[[25.46,40.03],[25.45,39.84],[24.97,39.84],[25.46,40.03]]],[[[26.04,40.29],[26.02,40.16],[25.7,40.1],[26.04,40.29]]],[[[24.81,40.81],[24.79,40.61],[24.55,40.55],[24.81,40.81]]],[[[34.24,44.97],[34.37,44.71],[33.52,44.45],[33.68,45.04],[34.24,44.97]]]]}},{"type":"Feature","properties":{"n":"Fatimid Caliphate","f":936,"t":946,"w":"Q160307"},"geometry":{"type":"MultiPolygon","coordinates":[[[[11.08,35.0],[10.0,34.29],[10.01,33.91],[12.23,32.81],[13.3,32.94],[15.06,32.43],[15.65,31.4],[18.22,30.76],[18.9,30.37],[18.71,29.09],[15.1,30.56],[13.37,32.04],[12.45,31.85],[9.86,32.81],[9.16,34.1],[7.61,34.55],[1.29,34.61],[-0.47,34.36],[-1.57,33.33],[-5.39,31.72],[-7.73,31.34],[-8.05,31.59],[-7.37,32.81],[-7.8,33.59],[-6.61,34.16],[-5.88,35.77],[-5.34,35.84],[-4.91,35.26],[-4.45,35.26],[-4.51,34.94],[-3.5,34.81],[-1.36,35.26],[-1.22,35.64],[0.08,35.84],[1.22,36.55],[4.24,36.93],[5.56,36.67],[6.33,37.06],[8.52,36.87],[9.6,37.32],[10.23,37.25],[10.46,36.74],[11.01,37.0],[10.46,35.9],[11.08,35.58],[11.08,35.0]]],[[[2.53,34.49],[2.61,34.49],[2.61,34.42],[2.53,34.49]]],[[[14.57,35.77],[14.34,35.84],[14.34,36.03],[14.57,35.77]]],[[[15.05,36.74],[14.66,36.74],[12.49,37.9],[15.63,38.29],[15.05,36.74]]]]}},{"type":"Feature","properties":{"n":"Min","f":936,"t":946,"w":"Q224634"},"geometry":{"type":"Polygon","coordinates":[[[119.59,26.13],[119.53,25.62],[119.87,25.49],[119.27,25.49],[118.76,24.59],[116.97,23.56],[116.85,24.39],[116.04,24.78],[118.31,28.51],[118.89,28.44],[119.13,27.48],[119.53,27.8],[120.68,27.61],[119.59,26.13]]]}},{"type":"Feature","properties":{"n":"Bagratid Armenia","f":936,"t":946,"w":"Q2622868"},"geometry":{"type":"Polygon","coordinates":[[[46.86,39.58],[46.67,38.93],[46.26,38.87],[45.15,39.71],[43.72,39.19],[41.63,39.9],[44.24,41.26],[45.11,41.26],[45.6,40.87],[45.46,40.55],[46.45,40.36],[46.86,39.58]]]}},{"type":"Feature","properties":{"n":"Later Jin","f":936,"t":946,"w":"Q1154540"},"geometry":{"type":"Polygon","coordinates":[[[118.07,38.16],[119.46,37.96],[119.16,37.19],[120.75,37.9],[122.71,37.45],[122.39,36.8],[120.98,36.61],[119.62,35.52],[118.06,33.14],[115.61,32.75],[113.87,30.24],[113.22,31.01],[113.31,31.91],[109.87,32.94],[110.21,33.65],[109.67,34.04],[106.48,34.74],[106.44,35.64],[105.7,34.94],[105.82,34.23],[105.19,33.78],[104.49,35.0],[104.46,35.52],[105.74,35.84],[106.08,36.29],[105.8,37.13],[104.54,37.64],[106.09,37.96],[106.52,38.42],[107.32,38.61],[108.79,37.9],[110.4,38.16],[111.3,39.06],[111.8,38.8],[113.58,39.06],[114.86,38.48],[117.58,38.74],[118.07,38.16]]]}},{"type":"Feature","properties":{"n":"Caliphate of Córdoba","f":936,"t":946,"w":"Q171740"},"geometry":{"type":"MultiPolygon","coordinates":[[[[1.66,39.0],[1.27,38.8],[1.26,39.13],[1.66,39.0]]],[[[1.79,41.26],[0.7,40.94],[-0.35,39.71],[0.1,38.74],[-0.66,38.29],[-0.7,37.64],[-1.71,37.45],[-2.06,36.8],[-4.47,36.74],[-5.58,36.03],[-6.84,37.25],[-9.0,37.0],[-8.82,38.48],[-9.21,38.42],[-9.57,38.93],[-8.97,40.03],[-8.18,40.03],[-8.12,41.0],[-4.52,41.65],[-1.97,41.59],[-1.78,42.43],[-1.07,42.5],[1.37,41.85],[1.79,41.26]]],[[[3.52,39.77],[3.3,39.32],[2.35,39.45],[3.19,39.97],[3.52,39.77]]],[[[4.3,39.84],[3.74,40.1],[3.82,40.1],[4.3,39.84]]]]}},{"type":"Feature","properties":{"n":"Sind-Habbari Dynasty","f":936,"t":979,"w":"Q5636647"},"geometry":{"type":"Polygon","coordinates":[[[67.64,29.28],[69.64,29.36],[70.28,29.95],[72.12,29.85],[72.33,28.97],[71.46,27.25],[69.34,25.02],[68.92,23.94],[68.18,23.58],[66.66,24.83],[67.64,29.28]]]}},{"type":"Feature","properties":{"n":"(Kingdom of England)","f":936,"t":946,"w":"Q179876"},"geometry":{"type":"Polygon","coordinates":[[[0.17,52.86],[1.09,53.06],[1.72,52.72],[1.59,52.12],[0.52,51.51],[1.38,51.38],[1.31,51.11],[0.49,50.78],[-1.37,50.85],[-1.18,50.58],[-3.13,50.71],[-3.58,50.25],[-4.66,50.85],[-4.2,51.31],[-3.09,51.25],[-2.63,51.65],[-3.49,53.39],[-2.56,54.41],[-3.78,55.98],[-2.02,55.91],[-1.29,54.68],[-0.58,54.55],[0.3,53.39],[0.17,52.86]]]}},{"type":"Feature","properties":{"n":"Duchy of Bohemia","f":936,"t":946,"w":"Q2162698"},"geometry":{"type":"MultiPolygon","coordinates":[[[[15.35,48.92],[14.18,48.59],[12.53,49.52],[12.21,50.25],[14.5,51.11],[15.23,50.31],[15.89,49.98],[16.14,49.98],[15.35,48.92]]],[[[15.9,50.11],[15.98,50.11],[15.98,50.05],[15.9,50.11]]],[[[15.15,50.51],[15.24,50.51],[15.24,50.45],[15.15,50.51]]]]}},{"type":"Feature","properties":{"n":"Upper Burgundy","f":936,"t":946,"w":"Q33235"},"geometry":{"type":"Polygon","coordinates":[[[4.48,46.09],[4.05,46.68],[2.8,47.01],[2.43,47.86],[2.99,48.26],[4.17,47.66],[4.82,47.99],[5.58,47.66],[5.59,47.14],[4.48,46.09]]]}},{"type":"Feature","properties":{"n":"Tamna","f":936,"t":1271,"w":"Q28057"},"geometry":{"type":"Polygon","coordinates":[[[126.14,33.2],[127.0,33.59],[126.7,33.26],[126.14,33.2]]]}},{"type":"Feature","properties":{"n":"Kingdom of Germany","f":936,"t":946,"w":"Q175211"},"geometry":{"type":"MultiPolygon","coordinates":[[[[12.85,53.12],[13.55,53.66],[14.31,53.19],[14.04,52.72],[14.11,52.45],[13.92,51.58],[14.0,51.38],[13.56,50.78],[12.21,50.25],[12.53,49.52],[14.18,48.59],[15.27,48.92],[14.42,48.26],[14.49,47.73],[13.67,47.8],[13.42,47.47],[13.81,46.48],[10.04,46.61],[10.04,46.28],[9.3,46.48],[8.98,45.89],[8.4,46.41],[8.55,47.6],[7.15,47.47],[6.81,47.93],[5.82,47.86],[4.88,48.52],[5.03,49.12],[4.58,49.91],[3.55,50.38],[4.26,51.31],[3.5,51.25],[3.75,51.45],[3.4,51.65],[4.7,52.99],[5.06,52.65],[5.39,52.86],[5.54,53.39],[8.21,53.6],[8.89,53.87],[8.89,54.34],[10.1,54.34],[10.36,53.46],[12.85,53.12]]],[[[14.0,51.51],[14.0,51.58],[14.09,51.58],[14.0,51.51]]]]}},{"type":"Feature","properties":{"n":"First Bulgarian Empire","f":936,"t":946,"w":"Q203817"},"geometry":{"type":"MultiPolygon","coordinates":[[[[19.17,42.24],[19.17,42.3],[19.25,42.3],[19.17,42.24]]],[[[33.69,46.87],[32.92,46.61],[30.88,46.68],[29.61,45.69],[29.53,44.91],[28.8,44.97],[28.48,43.47],[27.51,42.63],[27.93,41.98],[25.22,42.04],[24.52,41.26],[23.0,41.0],[20.31,39.71],[19.92,39.71],[19.25,40.61],[19.81,40.81],[19.92,41.33],[19.18,42.5],[19.98,42.5],[20.5,43.28],[19.11,44.32],[19.24,45.24],[21.03,45.37],[21.87,44.58],[22.64,45.04],[23.5,44.65],[23.52,44.91],[26.7,45.04],[28.47,45.63],[29.32,47.4],[34.04,47.53],[33.69,46.87]]]]}},{"type":"Feature","properties":{"n":"Viking settlements","f":936,"t":946,"w":"Q12567"},"geometry":{"type":"MultiPolygon","coordinates":[[[[-8.08,51.78],[-8.58,51.71],[-8.71,52.05],[-8.12,52.12],[-8.08,51.78]]],[[[-7.4,52.45],[-7.02,52.12],[-7.53,52.12],[-7.4,52.45]]],[[[-6.77,52.18],[-6.56,52.59],[-6.31,52.59],[-6.77,52.18]]],[[[-8.44,52.52],[-8.95,52.52],[-8.91,52.86],[-8.44,52.52]]],[[[-6.31,52.59],[-6.43,52.86],[-6.18,52.92],[-6.31,52.59]]],[[[-6.09,52.92],[-6.84,53.39],[-6.19,53.66],[-6.09,52.92]]],[[[-6.19,55.57],[-6.63,55.63],[-6.51,55.98],[-5.74,56.18],[-6.19,55.57]]],[[[-7.29,57.08],[-7.47,57.08],[-7.6,57.35],[-7.25,57.42],[-7.29,57.08]]],[[[-6.04,57.01],[-6.8,57.35],[-6.5,57.77],[-5.81,57.28],[-6.04,57.01]]],[[[-7.44,57.49],[-7.56,57.7],[-7.12,57.7],[-7.44,57.49]]],[[[-7.13,57.77],[-7.28,58.18],[-6.26,58.53],[-7.13,57.77]]],[[[-6.99,61.48],[-7.02,61.62],[-6.74,61.62],[-6.99,61.48]]],[[[-6.66,62.26],[-6.69,61.9],[-7.28,62.05],[-6.66,62.26]]],[[[-4.42,47.8],[-4.91,48.52],[-3.12,48.92],[-1.0,48.39],[-1.19,47.66],[-2.58,47.47],[-4.42,47.8]]],[[[13.29,53.66],[13.29,53.72],[13.46,53.7],[13.29,53.66]]],[[[15.03,54.14],[15.02,53.73],[14.41,53.66],[15.03,54.14]]],[[[13.82,53.94],[13.81,53.87],[13.77,53.87],[13.82,53.94]]],[[[13.27,53.73],[13.04,53.8],[13.3,54.21],[13.56,54.03],[13.27,53.73]]],[[[18.69,54.41],[19.46,54.27],[19.09,54.0],[18.69,54.41]]],[[[12.44,54.48],[12.79,54.41],[12.61,53.94],[12.0,54.14],[12.44,54.48]]],[[[-4.38,54.41],[-4.36,54.21],[-4.86,54.07],[-4.38,54.41]]],[[[13.48,54.34],[13.23,54.75],[13.66,54.61],[13.48,54.34]]],[[[-5.89,55.29],[-5.44,55.84],[-5.12,55.43],[-5.89,55.29]]],[[[-5.0,55.84],[-5.35,55.84],[-5.3,56.11],[-5.0,55.84]]],[[[-5.68,56.39],[-6.29,56.32],[-6.34,56.66],[-5.68,56.39]]]]}},{"type":"Feature","properties":{"n":"Republic of Venice","f":936,"t":960,"w":"Q4948"},"geometry":{"type":"MultiPolygon","coordinates":[[[[13.55,45.5],[13.94,44.91],[13.7,45.04],[13.55,45.5]]],[[[13.06,45.63],[12.0,45.37],[12.16,45.69],[13.06,45.63]]]]}},{"type":"Feature","properties":{"n":"Icelandic Commonwealth","f":936,"t":1259,"w":"Q62389"},"geometry":{"type":"Polygon","coordinates":[[[-20.54,66.18],[-19.55,65.81],[-19.2,66.25],[-17.59,66.03],[-15.79,66.55],[-13.7,65.59],[-13.47,65.08],[-14.8,64.28],[-15.5,64.42],[-18.16,63.41],[-19.39,63.41],[-21.15,63.91],[-22.8,63.77],[-22.83,64.13],[-22.17,64.13],[-22.1,64.49],[-24.16,64.93],[-22.06,65.52],[-24.03,65.37],[-24.42,65.66],[-23.8,65.81],[-23.67,66.25],[-22.94,66.11],[-23.0,66.55],[-21.48,66.11],[-21.26,65.44],[-20.4,65.74],[-20.54,66.18]]]}},{"type":"Feature","properties":{"n":"(Five Dynasties and Ten Kingdoms)","f":936,"t":946,"w":"Q242115"},"geometry":{"type":"MultiPolygon","coordinates":[[[[108.64,18.54],[108.7,19.38],[109.25,19.96],[110.91,20.15],[111.03,19.57],[109.84,18.22],[108.64,18.54]]],[[[115.67,22.66],[114.64,22.72],[114.37,22.08],[113.6,22.72],[113.64,22.14],[110.42,21.18],[110.49,20.28],[109.88,20.21],[109.81,21.5],[107.79,21.44],[105.85,19.57],[105.73,18.86],[106.52,17.77],[105.71,17.77],[105.14,18.41],[104.98,20.15],[104.45,20.54],[105.1,20.86],[104.93,21.18],[106.62,21.56],[108.39,22.72],[107.85,23.43],[108.31,26.32],[107.91,26.84],[106.46,27.35],[106.14,28.44],[104.43,27.67],[104.64,28.44],[103.99,28.57],[103.29,27.61],[103.46,26.45],[102.25,26.07],[102.08,26.64],[101.58,26.77],[101.7,27.87],[100.92,30.56],[101.69,32.75],[103.21,33.39],[103.67,35.07],[105.74,35.84],[106.08,36.29],[105.8,37.13],[104.74,37.38],[104.67,37.77],[107.32,38.61],[108.79,37.9],[109.76,37.96],[111.02,38.48],[111.3,39.06],[111.8,38.8],[113.58,39.06],[114.86,38.48],[117.65,38.74],[118.07,38.16],[119.46,37.96],[119.16,37.19],[120.75,37.9],[122.71,37.45],[122.39,36.8],[120.98,36.61],[119.23,34.81],[120.34,34.36],[120.92,32.62],[121.99,31.85],[121.25,31.72],[121.48,31.53],[121.96,31.59],[121.58,31.4],[121.9,30.82],[120.68,30.18],[121.48,30.31],[122.03,29.92],[121.94,29.22],[121.59,29.54],[121.65,28.32],[121.12,28.32],[119.59,26.13],[119.53,25.62],[119.87,25.49],[119.27,25.49],[118.76,24.59],[118.15,24.52],[115.67,22.66]],[[121.17,31.72],[121.22,31.85],[121.0,31.85],[121.17,31.72]]],[[[122.05,30.18],[122.27,30.18],[122.28,29.99],[122.05,30.18]]],[[[121.81,31.59],[121.73,31.59],[121.91,31.66],[121.81,31.59]]]]}},{"type":"Feature","properties":{"n":"Kingdom of England","f":936,"t":946,"w":"Q179876"},"geometry":{"type":"MultiPolygon","coordinates":[[[[0.17,52.86],[1.09,53.06],[1.72,52.72],[1.59,52.12],[0.52,51.51],[1.38,51.38],[1.31,51.11],[0.49,50.78],[-1.37,50.85],[-1.18,50.58],[-3.13,50.71],[-3.58,50.25],[-4.66,50.85],[-4.2,51.31],[-3.09,51.25],[-2.63,51.65],[-3.49,53.39],[-2.97,54.14],[-2.55,54.34],[-1.41,53.26],[-0.77,53.73],[0.3,53.39],[0.17,52.86]]],[[[-3.78,55.98],[-2.02,55.91],[-1.29,54.68],[-2.68,54.68],[-3.78,55.98]]]]}},{"type":"Feature","properties":{"n":"(Brythonic Kingdoms)","f":936,"t":946,"w":"Q849967"},"geometry":{"type":"MultiPolygon","coordinates":[[[[-4.66,50.85],[-4.27,50.38],[-5.75,50.05],[-4.66,50.85]]],[[[-5.26,51.71],[-4.16,52.45],[-4.3,52.92],[-4.79,52.79],[-4.49,53.12],[-4.7,53.46],[-3.49,53.39],[-2.63,51.65],[-3.7,51.38],[-5.26,51.71]],[[-3.22,51.65],[-3.3,51.65],[-3.22,51.61],[-3.22,51.65]]],[[[-5.11,54.68],[-5.33,55.02],[-4.78,55.5],[-4.86,56.18],[-3.78,55.98],[-2.55,54.34],[-3.3,54.07],[-3.57,54.89],[-5.11,54.68]],[[-3.36,54.95],[-3.58,54.95],[-3.57,54.89],[-3.36,54.95]]]]}},{"type":"Feature","properties":{"n":"Jingnan","f":936,"t":961,"w":"Q1325075"},"geometry":{"type":"Polygon","coordinates":[[[113.5,30.24],[111.16,30.76],[110.52,30.18],[109.68,32.62],[110.05,33.01],[113.31,31.91],[113.22,31.01],[113.69,30.82],[113.5,30.24]]]}},{"type":"Feature","properties":{"n":"Papal States","f":936,"t":960,"w":"Q170174"},"geometry":{"type":"MultiPolygon","coordinates":[[[[11.57,42.3],[11.49,42.3],[11.49,42.37],[11.57,42.3]]],[[[14.04,41.52],[13.0,41.33],[11.73,42.17],[12.06,42.76],[11.82,43.34],[12.22,43.41],[12.38,42.43],[14.04,41.52]]]]}},{"type":"Feature","properties":{"n":"Liao Dynasty","f":936,"t":959,"w":"Q4958"},"geometry":{"type":"MultiPolygon","coordinates":[[[[119.83,47.2],[120.13,45.69],[120.75,44.91],[121.67,44.58],[124.49,44.32],[128.69,44.78],[132.94,46.15],[133.53,45.96],[138.43,46.68],[135.28,43.6],[134.22,43.02],[132.95,42.69],[131.75,43.28],[129.78,41.78],[129.76,40.87],[127.58,39.77],[127.48,39.32],[125.35,39.32],[124.34,39.9],[123.6,39.84],[121.03,38.74],[121.69,39.38],[121.28,39.64],[122.23,40.48],[121.11,40.87],[119.22,39.32],[117.89,39.19],[117.58,38.74],[114.86,38.48],[113.58,39.06],[111.8,38.8],[111.35,39.32],[112.58,40.94],[103.96,40.68],[102.81,42.04],[101.48,42.56],[99.67,42.63],[100.12,45.5],[101.55,46.74],[108.35,47.4],[112.41,48.32],[114.81,48.19],[115.5,48.59],[115.69,48.26],[117.38,48.79],[118.0,48.72],[119.83,47.2]]],[[[121.71,44.65],[121.83,44.71],[121.79,44.65],[121.71,44.65]]]]}},{"type":"Feature","properties":{"n":"County of Besalú","f":936,"t":959,"w":"Q1541642"},"geometry":{"type":"MultiPolygon","coordinates":[[[[1.69,41.72],[1.45,41.72],[1.53,41.78],[1.69,41.72]]],[[[2.48,41.91],[1.69,41.78],[2.23,42.17],[2.86,42.24],[2.48,41.91]]]]}},{"type":"Feature","properties":{"n":"Obotrites","f":936,"t":946,"w":"Q156108"},"geometry":{"type":"Polygon","coordinates":[[[12.42,53.39],[11.47,53.12],[10.01,53.94],[10.1,54.41],[12.09,54.0],[12.42,53.39]]]}},{"type":"Feature","properties":{"n":"Kingdom of Arles","f":936,"t":959,"w":"Q3271735"},"geometry":{"type":"Polygon","coordinates":[[[6.63,45.1],[6.9,44.32],[7.63,44.19],[7.55,43.8],[6.28,43.15],[4.34,43.47],[4.73,43.93],[3.97,44.65],[4.36,45.1],[3.94,45.37],[3.98,46.35],[4.48,46.09],[4.88,46.35],[5.59,47.14],[5.58,47.66],[6.14,47.99],[6.98,47.86],[7.15,47.47],[8.55,47.6],[7.93,45.56],[6.63,45.1]]]}},{"type":"Feature","properties":{"n":"Emirate of Nekor","f":936,"t":946,"w":"Q1709337"},"geometry":{"type":"Polygon","coordinates":[[[-2.84,35.45],[-2.82,35.13],[-2.2,35.07],[-3.5,34.81],[-4.51,34.94],[-4.37,35.26],[-2.84,35.45]]]}},{"type":"Feature","properties":{"n":"(Kingdom of Denmark)","f":936,"t":946,"w":"Q756617"},"geometry":{"type":"MultiPolygon","coordinates":[[[[10.88,54.75],[11.67,55.09],[10.97,55.29],[10.89,55.77],[12.48,56.18],[12.1,54.75],[10.88,54.75]]],[[[10.45,55.98],[10.63,55.98],[10.63,55.77],[10.45,55.98]]],[[[9.75,55.57],[10.63,55.63],[10.71,54.75],[9.93,55.09],[10.1,54.34],[8.54,54.27],[8.8,54.61],[8.53,55.36],[8.0,55.63],[8.24,57.01],[10.46,57.77],[10.28,56.59],[10.9,56.52],[9.75,55.57]]]]}},{"type":"Feature","properties":{"n":"Kingdom of Italy","f":936,"t":959,"w":"Q172579"},"geometry":{"type":"MultiPolygon","coordinates":[[[[14.77,42.17],[14.77,42.11],[14.69,42.11],[14.77,42.17]]],[[[9.58,41.98],[9.1,41.33],[8.62,41.72],[8.53,42.5],[9.49,43.02],[9.58,41.98]]],[[[10.46,42.69],[10.13,42.89],[10.21,42.89],[10.46,42.69]]],[[[13.71,45.76],[12.0,45.56],[12.4,45.04],[12.31,44.19],[13.67,43.41],[14.06,42.5],[14.69,42.11],[13.96,41.72],[12.38,42.43],[12.22,43.41],[11.82,43.34],[12.06,42.76],[11.26,42.43],[10.21,43.99],[9.16,44.45],[7.55,43.8],[7.63,44.19],[6.9,44.32],[6.63,45.1],[7.93,45.56],[8.4,46.41],[8.98,45.89],[9.3,46.48],[12.58,46.68],[13.81,46.41],[13.72,46.22],[14.28,45.56],[14.19,45.04],[13.71,45.76]]],[[[13.89,46.28],[13.89,46.22],[13.8,46.22],[13.89,46.28]]]]}},{"type":"Feature","properties":{"n":"(Holy Roman Empire)","f":936,"t":946,"w":"Q12548"},"geometry":{"type":"MultiPolygon","coordinates":[[[[12.85,53.12],[13.55,53.66],[14.31,53.19],[14.04,52.72],[14.11,52.45],[13.92,51.58],[14.0,51.38],[13.56,50.78],[12.21,50.25],[12.53,49.52],[14.18,48.59],[15.27,48.92],[14.42,48.26],[14.49,47.73],[13.67,47.8],[13.42,47.47],[13.81,46.48],[10.04,46.61],[10.04,46.28],[9.3,46.48],[8.98,45.89],[8.4,46.41],[8.55,47.6],[7.15,47.47],[6.81,47.93],[5.82,47.86],[4.88,48.52],[5.03,49.12],[4.58,49.91],[3.55,50.38],[4.26,51.31],[3.5,51.25],[3.75,51.45],[3.4,51.65],[4.7,52.99],[5.06,52.65],[5.39,52.86],[5.54,53.39],[8.21,53.6],[8.89,53.87],[8.89,54.34],[10.1,54.34],[10.36,53.46],[12.85,53.12]]],[[[14.0,51.51],[14.0,51.58],[14.09,51.58],[14.0,51.51]]]]}},{"type":"Feature","properties":{"n":"Duchy of Normandy","f":936,"t":989,"w":"Q842091"},"geometry":{"type":"Polygon","coordinates":[[[-1.5,48.39],[-2.03,49.78],[0.01,49.38],[0.22,49.85],[1.45,50.25],[1.84,49.38],[1.06,48.52],[-1.5,48.39]]]}},{"type":"Feature","properties":{"n":"Kingdom of Croatia","f":936,"t":959,"w":"Q858841"},"geometry":{"type":"MultiPolygon","coordinates":[[[[17.12,43.08],[16.72,43.08],[16.72,43.21],[17.12,43.08]]],[[[16.81,43.34],[16.73,43.34],[16.73,43.47],[16.81,43.34]]],[[[14.5,44.52],[14.26,44.58],[14.27,44.97],[14.5,44.52]]],[[[19.23,45.17],[18.89,44.84],[18.58,45.1],[16.94,44.84],[16.44,44.39],[16.73,43.54],[15.37,43.86],[14.92,44.97],[14.28,45.37],[14.61,45.69],[15.26,45.5],[15.52,46.22],[16.44,46.61],[17.88,45.76],[18.78,45.89],[19.23,45.17]]]]}},{"type":"Feature","properties":{"n":"Gurjara-Pratihara Dynasty","f":936,"t":946,"w":"Q5324"},"geometry":{"type":"Polygon","coordinates":[[[71.71,27.35],[77.44,27.87],[79.91,27.35],[80.02,25.36],[78.89,24.33],[75.28,24.14],[74.69,23.56],[74.37,22.14],[72.69,21.69],[70.7,25.62],[70.28,25.74],[71.71,27.35]]]}},{"type":"Feature","properties":{"n":"Brythons","f":936,"t":946,"w":"Q849967"},"geometry":{"type":"MultiPolygon","coordinates":[[[[-2.79,54.95],[-2.55,54.34],[-3.3,54.07],[-3.72,54.68],[-2.79,54.95]]],[[[-5.33,55.02],[-4.62,55.63],[-3.58,54.95],[-4.94,54.68],[-5.33,55.02]]]]}},{"type":"Feature","properties":{"n":"Hamdanid Emirates","f":936,"t":946,"w":"Q837187"},"geometry":{"type":"Polygon","coordinates":[[[42.21,33.26],[40.1,34.29],[39.45,38.42],[40.62,38.93],[41.85,38.74],[42.24,38.22],[43.09,38.16],[42.84,37.51],[44.52,37.77],[45.35,36.03],[42.21,33.26]]]}},{"type":"Feature","properties":{"n":"Cornwall","f":936,"t":946,"w":"Q23148"},"geometry":{"type":"Polygon","coordinates":[[[-4.74,50.85],[-4.31,50.71],[-4.27,50.38],[-5.15,49.98],[-5.68,50.25],[-4.74,50.85]]]}},{"type":"Feature","properties":{"n":"Danelaw","f":936,"t":946,"w":"Q339271"},"geometry":{"type":"Polygon","coordinates":[[[-0.77,53.73],[-1.41,53.26],[-2.68,54.68],[-0.58,54.55],[0.02,53.66],[-0.77,53.73]]]}},{"type":"Feature","properties":{"n":"Kingdom of Vaspurakan","f":936,"t":946,"w":"Q5228183"},"geometry":{"type":"Polygon","coordinates":[[[43.09,38.16],[42.07,38.67],[42.13,39.06],[42.92,39.58],[43.72,39.19],[44.83,39.71],[45.37,39.13],[44.49,38.55],[44.98,38.22],[42.7,37.58],[43.09,38.16]]]}},{"type":"Feature","properties":{"n":"Abbasid Caliphate","f":936,"t":946,"w":"Q12536"},"geometry":{"type":"MultiPolygon","coordinates":[[[[42.45,33.33],[44.93,35.84],[45.2,35.0],[45.72,34.81],[45.44,33.91],[46.23,32.94],[47.71,31.98],[48.94,32.62],[50.18,31.66],[49.73,31.14],[50.26,30.5],[47.65,29.6],[48.13,28.51],[46.76,29.09],[45.09,30.5],[43.23,30.82],[41.17,29.99],[39.87,28.12],[39.7,26.84],[40.13,25.49],[42.93,21.05],[44.47,19.51],[44.28,18.8],[42.21,17.51],[41.24,18.61],[40.85,19.7],[39.35,20.79],[38.6,23.62],[37.44,24.33],[37.27,25.23],[35.41,27.87],[34.59,28.06],[34.91,29.41],[34.12,27.74],[33.19,28.51],[32.53,29.92],[32.43,29.6],[35.85,23.88],[31.67,23.75],[30.54,23.36],[28.57,24.65],[28.15,27.35],[25.37,29.28],[23.74,29.99],[22.45,30.05],[18.71,29.15],[18.89,30.31],[20.2,30.89],[20.02,32.24],[21.88,32.94],[23.09,32.62],[23.3,32.17],[24.89,31.98],[25.25,31.46],[26.85,31.46],[28.87,30.82],[30.97,31.66],[31.88,31.46],[32.0,31.08],[34.3,31.27],[35.64,34.36],[36.05,34.55],[35.84,36.29],[36.29,36.8],[34.95,36.67],[34.69,37.13],[36.57,37.9],[37.84,38.09],[38.4,37.51],[39.5,38.22],[40.1,34.29],[42.45,33.33]]],[[[49.18,39.32],[48.76,38.35],[48.88,37.71],[49.46,37.45],[49.24,37.06],[47.63,37.19],[47.11,36.35],[45.1,36.42],[44.52,37.77],[44.98,38.22],[44.45,38.35],[45.34,39.0],[44.83,39.71],[45.67,39.51],[46.26,38.87],[46.67,38.93],[46.86,39.58],[46.45,40.36],[46.87,40.48],[46.8,40.1],[47.41,39.58],[48.72,39.84],[49.18,39.32]]],[[[44.73,41.78],[44.89,41.78],[44.79,41.65],[44.73,41.78]]],[[[48.28,41.59],[48.12,41.59],[48.2,41.98],[48.28,41.59]]]]}},{"type":"Feature","properties":{"n":"West Franks","f":936,"t":959,"w":"Q46370"},"geometry":{"type":"Polygon","coordinates":[[[5.25,47.6],[4.57,47.99],[4.17,47.66],[2.99,48.26],[2.43,47.86],[2.8,47.01],[4.23,46.41],[3.94,45.37],[4.36,45.1],[3.97,44.65],[4.73,43.93],[4.34,43.47],[3.85,43.6],[1.81,42.5],[-1.69,43.34],[-1.05,45.69],[-2.58,47.47],[-1.19,47.66],[-1.0,48.39],[1.47,48.65],[1.84,49.38],[1.45,50.25],[1.66,51.05],[4.26,51.31],[3.55,50.38],[4.58,49.91],[5.03,49.12],[4.88,48.52],[5.82,47.86],[5.25,47.6]]]}},{"type":"Feature","properties":{"n":"Kingdom of Denmark","f":936,"t":946,"w":"Q756617"},"geometry":{"type":"MultiPolygon","coordinates":[[[[10.88,54.75],[11.67,55.09],[10.97,55.29],[10.89,55.77],[12.48,56.18],[12.1,54.75],[10.88,54.75]]],[[[10.45,55.98],[10.63,55.98],[10.63,55.77],[10.45,55.98]]],[[[9.75,55.57],[10.63,55.63],[10.71,54.75],[9.93,55.09],[10.1,54.34],[8.54,54.27],[8.8,54.61],[8.53,55.36],[8.0,55.63],[8.24,57.01],[10.46,57.77],[10.28,56.59],[10.9,56.52],[9.75,55.57]]]]}},{"type":"Feature","properties":{"n":"Ziyarid dynasty","f":936,"t":969,"w":"Q207044"},"geometry":{"type":"Polygon","coordinates":[[[54.22,36.22],[54.01,35.9],[52.03,35.64],[49.08,37.0],[49.54,37.45],[51.26,36.61],[53.96,36.87],[54.22,36.22]]]}},{"type":"Feature","properties":{"n":"(Carolingian Empire)","f":936,"t":959,"w":"Q146246"},"geometry":{"type":"Polygon","coordinates":[[[4.88,46.35],[4.48,46.09],[3.98,46.35],[3.94,45.37],[4.36,45.1],[3.97,44.65],[4.73,43.93],[4.34,43.47],[3.85,43.6],[1.81,42.5],[-1.69,43.34],[-1.05,45.69],[-2.58,47.47],[-1.19,47.66],[-1.0,48.39],[1.47,48.65],[1.84,49.38],[1.45,50.25],[1.66,51.05],[4.26,51.31],[3.55,50.38],[4.58,49.91],[5.03,49.12],[4.88,48.52],[5.82,47.8],[4.88,46.35]]]}},{"type":"Feature","properties":{"n":"County of Berga","f":936,"t":959,"w":"Q15487"},"geometry":{"type":"Polygon","coordinates":[[[1.81,42.5],[2.86,42.43],[2.86,42.3],[1.37,41.85],[1.81,42.5]]]}},{"type":"Feature","properties":{"n":"Chola Empire","f":936,"t":946,"w":"Q6806806"},"geometry":{"type":"Polygon","coordinates":[[[79.9,10.25],[79.32,10.25],[78.96,9.22],[77.96,9.61],[76.69,9.22],[77.12,11.21],[77.72,11.47],[78.83,13.46],[80.38,13.46],[79.88,11.99],[79.9,10.25]]]}},{"type":"Feature","properties":{"n":"Later Shu","f":936,"t":946,"w":"Q526507"},"geometry":{"type":"Polygon","coordinates":[[[109.39,28.7],[107.34,26.97],[106.22,27.61],[106.14,28.44],[104.43,27.67],[104.64,28.44],[103.99,28.57],[103.29,27.61],[103.46,26.45],[102.25,26.07],[102.08,26.64],[101.58,26.77],[101.7,27.87],[100.98,29.73],[100.98,31.01],[101.69,32.75],[103.21,33.39],[103.67,35.07],[104.35,35.45],[105.19,33.78],[105.82,34.23],[105.7,34.94],[106.44,35.64],[106.48,34.74],[108.82,34.42],[110.21,33.65],[109.61,32.24],[110.48,30.31],[109.39,28.7]]]}},{"type":"Feature","properties":{"n":"Kingdom of Axum","f":936,"t":946,"w":"Q139377"},"geometry":{"type":"MultiPolygon","coordinates":[[[[42.44,13.27],[41.32,12.82],[38.97,12.82],[38.11,13.4],[38.0,14.17],[38.56,15.2],[39.61,15.59],[39.73,15.2],[39.97,15.52],[42.44,13.27]]],[[[38.33,14.94],[38.33,15.01],[38.4,15.01],[38.33,14.94]]]]}},{"type":"Feature","properties":{"n":"Buyid Dynasty","f":936,"t":946,"w":"Q12536"},"geometry":{"type":"Polygon","coordinates":[[[51.49,35.19],[51.41,34.23],[52.02,33.71],[51.46,32.56],[51.59,31.91],[52.87,30.69],[55.47,29.22],[55.76,27.99],[56.81,27.29],[56.19,27.16],[56.06,26.71],[54.83,26.45],[53.66,26.71],[51.45,27.87],[50.06,30.18],[49.52,30.05],[50.26,30.5],[49.73,31.14],[50.18,31.66],[48.94,32.62],[47.71,31.98],[46.23,32.94],[45.44,33.91],[45.72,34.81],[45.2,35.0],[44.93,35.84],[47.11,36.35],[47.2,36.93],[48.26,37.25],[50.81,36.22],[51.49,35.19]]]}},{"type":"Feature","properties":{"n":"Goryeo","f":936,"t":1138,"w":"Q28208"},"geometry":{"type":"Polygon","coordinates":[[[129.47,37.25],[129.62,35.71],[129.15,35.07],[128.53,35.07],[128.68,34.74],[128.08,34.94],[127.38,34.42],[127.22,34.74],[126.12,34.36],[126.77,35.9],[126.05,36.8],[126.7,37.32],[126.35,37.84],[125.23,37.64],[124.79,38.29],[125.35,39.32],[126.06,39.45],[127.48,39.32],[129.47,37.25]]]}},{"type":"Feature","properties":{"n":"Rashtrakuta Dynasty","f":936,"t":946,"w":"Q856691"},"geometry":{"type":"Polygon","coordinates":[[[80.45,17.64],[79.75,16.74],[80.25,13.66],[77.64,13.21],[75.46,11.54],[73.25,16.61],[72.63,19.83],[72.76,21.69],[79.08,22.91],[79.75,22.91],[81.06,22.08],[80.45,17.64]]]}},{"type":"Feature","properties":{"n":"(Allegiance of Ziyadid dynasty to Abbasid Caliphate)","f":936,"t":946,"w":"Q207017"},"geometry":{"type":"MultiPolygon","coordinates":[[[[45.21,15.91],[46.47,15.97],[46.15,15.52],[46.51,15.33],[49.48,14.69],[48.79,14.04],[45.74,13.34],[45.05,12.76],[43.44,12.69],[42.75,15.14],[42.82,16.61],[41.24,18.61],[40.85,19.7],[39.35,20.79],[38.6,23.62],[37.44,24.33],[37.27,25.23],[35.41,27.87],[34.59,28.06],[34.91,29.41],[34.12,27.74],[33.19,28.51],[32.53,29.92],[32.43,29.6],[35.85,23.88],[31.67,23.75],[30.46,23.36],[28.57,24.65],[28.15,27.35],[25.37,29.28],[23.74,29.99],[22.45,30.05],[18.71,29.15],[18.89,30.31],[20.2,30.89],[20.02,32.24],[21.88,32.94],[23.09,32.62],[23.3,32.17],[24.89,31.98],[25.25,31.46],[26.85,31.46],[28.87,30.82],[30.97,31.66],[31.88,31.46],[32.0,31.08],[33.75,31.08],[34.63,31.66],[35.64,34.36],[36.05,34.55],[35.84,36.29],[36.29,36.8],[34.95,36.67],[34.69,37.13],[37.84,38.09],[38.4,37.51],[39.5,38.22],[40.1,34.29],[42.21,33.26],[43.81,34.42],[44.93,35.84],[45.2,35.0],[45.72,34.81],[45.44,33.91],[46.23,32.94],[47.71,31.98],[48.94,32.62],[50.18,31.66],[49.73,31.14],[50.28,30.69],[49.52,30.05],[48.94,30.31],[48.4,29.6],[47.65,29.6],[48.13,28.51],[47.68,28.51],[45.09,30.5],[42.84,30.76],[41.17,29.99],[39.87,28.12],[39.7,26.84],[40.13,25.49],[42.93,21.05],[44.47,19.51],[43.89,18.48],[45.21,15.91]]],[[[49.18,39.32],[48.76,38.35],[48.88,37.71],[49.46,37.45],[49.24,37.06],[47.63,37.19],[47.11,36.35],[45.1,36.42],[44.52,37.77],[44.98,38.22],[44.45,38.35],[45.34,39.0],[44.83,39.71],[45.67,39.51],[46.26,38.87],[46.67,38.93],[46.86,39.58],[46.45,40.36],[46.87,40.48],[46.8,40.1],[47.41,39.58],[48.72,39.84],[49.18,39.32]]],[[[44.81,41.78],[44.89,41.78],[44.79,41.65],[44.81,41.78]]],[[[48.12,41.59],[48.2,41.98],[48.48,41.78],[48.12,41.59]]]]}},{"type":"Feature","properties":{"n":"Southern Han","f":947,"t":959,"w":"Q1198071"},"geometry":{"type":"MultiPolygon","coordinates":[[[[108.76,18.41],[108.7,19.38],[109.25,19.96],[110.91,20.15],[111.03,19.57],[109.86,18.35],[108.76,18.41]]],[[[106.1,21.56],[106.18,21.56],[106.17,21.5],[106.1,21.56]]],[[[106.19,21.63],[106.26,21.63],[106.25,21.56],[106.19,21.63]]],[[[116.54,22.91],[114.64,22.72],[114.37,22.08],[113.6,22.72],[113.64,22.14],[110.42,21.18],[110.49,20.28],[109.88,20.21],[109.81,21.5],[107.1,21.76],[108.17,22.34],[108.16,23.11],[109.54,22.91],[112.07,23.69],[112.61,25.16],[113.49,25.42],[115.09,25.23],[114.55,24.46],[115.82,24.46],[115.96,24.78],[116.73,24.52],[116.54,22.91]]]]}},{"type":"Feature","properties":{"n":"Caliphate of Córdoba","f":947,"t":960,"w":"Q171740"},"geometry":{"type":"MultiPolygon","coordinates":[[[[1.66,39.0],[1.27,38.8],[1.26,39.13],[1.66,39.0]]],[[[1.79,41.26],[0.7,40.94],[-0.35,39.71],[0.1,38.74],[-0.66,38.29],[-0.7,37.64],[-1.71,37.45],[-2.06,36.8],[-4.47,36.74],[-5.58,36.03],[-6.84,37.25],[-9.0,37.0],[-8.82,38.48],[-9.21,38.42],[-9.57,38.93],[-8.97,40.03],[-6.25,40.55],[-5.33,39.97],[-4.71,40.03],[-3.22,41.26],[-2.35,41.33],[-1.82,41.78],[-1.78,42.43],[-0.75,42.5],[1.37,41.85],[1.79,41.26]]],[[[3.52,39.77],[3.3,39.32],[2.35,39.45],[3.19,39.97],[3.52,39.77]]],[[[4.3,39.84],[3.74,40.1],[3.82,40.1],[4.3,39.84]]]]}},{"type":"Feature","properties":{"n":"Kingdom of Brycheiniog","f":947,"t":959,"w":"Q954585"},"geometry":{"type":"Polygon","coordinates":[[[-3.06,51.78],[-3.76,51.92],[-3.78,52.12],[-3.01,52.12],[-3.06,51.78]]]}},{"type":"Feature","properties":{"n":"Bagratid Armenia","f":947,"t":999,"w":"Q2622868"},"geometry":{"type":"Polygon","coordinates":[[[46.86,39.58],[46.67,38.93],[46.26,38.87],[45.15,39.71],[43.72,39.19],[41.63,39.9],[44.24,41.26],[45.11,41.26],[45.74,40.36],[46.45,40.36],[46.86,39.58]]]}},{"type":"Feature","properties":{"n":"Fatimid Caliphate","f":947,"t":959,"w":"Q160307"},"geometry":{"type":"MultiPolygon","coordinates":[[[[11.08,35.0],[10.0,34.29],[10.01,33.91],[12.23,32.81],[13.3,32.94],[15.06,32.43],[15.65,31.4],[18.22,30.76],[18.9,30.37],[18.71,29.09],[15.1,30.56],[13.37,32.04],[12.45,31.85],[9.86,32.81],[9.16,34.1],[7.61,34.55],[1.29,34.61],[-0.39,34.36],[-0.07,35.84],[0.38,36.22],[3.46,36.87],[5.56,36.67],[6.33,37.06],[8.52,36.87],[10.23,37.25],[10.23,36.8],[11.01,37.0],[10.46,35.9],[11.08,35.58],[11.08,35.0]]],[[[2.53,34.49],[2.61,34.49],[2.61,34.42],[2.53,34.49]]],[[[14.57,35.77],[14.34,35.84],[14.34,36.03],[14.57,35.77]]],[[[15.05,36.74],[14.66,36.74],[12.49,37.9],[15.63,38.29],[15.05,36.74]]]]}},{"type":"Feature","properties":{"n":"Byzantine Empire","f":947,"t":959,"w":"Q112039853"},"geometry":{"type":"MultiPolygon","coordinates":[[[[23.12,36.35],[23.11,36.16],[22.87,36.16],[23.12,36.35]]],[[[24.36,37.71],[24.43,37.58],[24.27,37.51],[24.36,37.71]]],[[[20.93,37.9],[20.92,37.64],[20.61,37.71],[20.93,37.9]]],[[[20.57,38.42],[20.79,38.09],[20.32,38.16],[20.57,38.42]]],[[[23.56,38.74],[23.48,38.74],[23.49,38.8],[23.56,38.74]]],[[[17.14,39.06],[15.7,37.96],[16.27,38.8],[15.9,39.71],[17.14,39.06]]],[[[20.15,39.58],[20.07,39.58],[20.07,39.64],[20.15,39.58]]],[[[19.91,39.58],[19.76,39.64],[19.76,39.77],[19.91,39.58]]],[[[15.4,41.91],[16.12,41.91],[15.94,41.39],[17.98,40.61],[18.35,39.9],[17.35,40.55],[16.78,40.36],[16.01,41.07],[15.38,41.0],[15.4,41.91]]],[[[19.86,41.72],[19.81,40.81],[19.33,40.74],[19.39,41.91],[19.86,41.72]]],[[[17.99,42.82],[18.15,42.82],[18.15,42.69],[17.99,42.82]]],[[[17.51,42.89],[17.59,42.89],[17.59,42.76],[17.51,42.89]]],[[[15.93,43.67],[16.66,43.67],[16.17,43.47],[15.93,43.67]]],[[[15.38,44.19],[15.22,44.12],[15.15,44.39],[15.38,44.19]]],[[[15.07,44.45],[15.15,44.45],[15.15,44.39],[15.07,44.45]]],[[[14.99,44.52],[15.07,44.52],[15.07,44.45],[14.99,44.52]]],[[[28.02,36.48],[28.25,36.48],[28.14,36.03],[27.74,35.9],[28.02,36.48]]],[[[27.19,36.8],[26.87,36.67],[27.04,36.93],[27.19,36.8]]],[[[25.57,37.13],[25.56,37.0],[25.33,37.0],[25.57,37.13]]],[[[25.22,37.71],[25.29,37.51],[25.05,37.51],[25.22,37.71]]],[[[26.31,37.71],[26.3,37.58],[25.99,37.51],[26.31,37.71]]],[[[24.77,38.03],[25.07,37.77],[24.83,37.71],[24.77,38.03]]],[[[26.22,38.55],[26.11,38.16],[25.88,38.16],[26.22,38.55]]],[[[24.67,38.93],[24.66,38.74],[24.36,38.87],[24.67,38.93]]],[[[31.35,41.13],[32.63,41.91],[34.88,42.04],[35.95,41.72],[36.21,41.26],[38.3,40.87],[40.37,40.94],[41.24,41.39],[41.26,41.07],[40.3,40.48],[42.92,39.58],[42.13,39.06],[42.49,38.29],[40.62,38.93],[39.64,38.67],[38.72,37.64],[37.84,38.09],[36.57,37.9],[35.03,37.45],[33.98,36.29],[32.56,36.03],[31.09,36.93],[30.62,36.93],[30.49,36.35],[29.24,36.22],[29.12,36.74],[28.03,36.67],[28.07,37.13],[27.22,37.32],[27.28,38.03],[26.43,38.22],[26.38,38.67],[26.59,38.35],[27.08,38.55],[26.85,39.58],[26.13,39.51],[26.27,40.29],[29.05,40.36],[28.91,40.61],[29.49,40.87],[29.12,41.07],[27.53,41.07],[26.92,40.48],[24.35,41.0],[23.7,40.81],[23.74,40.23],[22.57,40.55],[22.61,39.9],[23.14,39.45],[22.8,39.06],[23.49,38.87],[22.94,38.74],[24.18,38.55],[23.98,37.84],[23.04,37.9],[23.4,37.32],[22.71,37.58],[23.06,36.67],[22.36,36.67],[22.22,37.06],[21.74,36.87],[21.7,37.51],[21.24,37.84],[21.74,38.35],[21.19,38.42],[20.15,39.64],[23.0,41.0],[24.52,41.26],[25.22,42.04],[27.38,42.11],[28.98,41.26],[31.35,41.13]]],[[[25.79,39.19],[26.04,39.38],[26.64,39.0],[25.79,39.19]]],[[[25.46,40.03],[25.45,39.84],[24.97,39.84],[25.46,40.03]]],[[[26.04,40.29],[26.02,40.16],[25.7,40.1],[26.04,40.29]]],[[[24.81,40.81],[24.79,40.61],[24.55,40.55],[24.81,40.81]]],[[[34.24,44.97],[34.37,44.71],[33.52,44.45],[33.68,45.04],[34.24,44.97]]]]}},{"type":"Feature","properties":{"n":"Shirvan","f":947,"t":979,"w":"Q638064"},"geometry":{"type":"Polygon","coordinates":[[[45.82,40.36],[46.32,40.94],[47.47,40.74],[48.56,41.78],[49.51,40.61],[50.26,40.42],[49.51,40.23],[49.18,39.32],[48.72,39.84],[47.41,39.58],[46.8,40.1],[46.87,40.48],[45.82,40.36]]]}},{"type":"Feature","properties":{"n":"Ngô Dynasty","f":947,"t":969,"w":"Q703919"},"geometry":{"type":"Polygon","coordinates":[[[105.73,18.86],[106.52,17.77],[105.71,17.77],[105.04,18.67],[104.98,20.15],[104.45,20.54],[105.1,20.86],[104.93,21.18],[106.62,21.56],[106.91,21.95],[108.1,21.5],[105.85,19.57],[105.73,18.86]]]}},{"type":"Feature","properties":{"n":"Kingdom of England","f":947,"t":959,"w":"Q179876"},"geometry":{"type":"MultiPolygon","coordinates":[[[[0.02,53.66],[0.17,52.86],[1.09,53.06],[1.72,52.72],[1.59,52.12],[0.52,51.51],[1.38,51.38],[1.31,51.11],[0.49,50.78],[-1.37,50.85],[-1.18,50.58],[-3.13,50.71],[-3.58,50.25],[-5.75,50.05],[-4.2,51.31],[-3.09,51.25],[-2.63,51.65],[-3.49,53.39],[-2.81,54.27],[-1.59,53.33],[0.02,53.66]]],[[[-2.68,54.68],[-3.78,55.98],[-2.02,55.91],[-1.3,54.82],[-2.68,54.68]]]]}},{"type":"Feature","properties":{"n":"(Brythonic Kingdoms)","f":947,"t":959,"w":"Q849967"},"geometry":{"type":"MultiPolygon","coordinates":[[[[-5.26,51.71],[-4.16,52.45],[-4.3,52.92],[-4.79,52.79],[-4.49,53.12],[-4.7,53.46],[-3.49,53.39],[-2.63,51.65],[-5.26,51.71]]],[[[-5.11,54.68],[-5.33,55.02],[-4.78,55.5],[-4.86,56.18],[-3.78,55.98],[-2.55,54.27],[-3.3,54.07],[-3.57,54.89],[-5.11,54.68]],[[-3.36,54.95],[-3.58,54.95],[-3.57,54.89],[-3.36,54.95]]]]}},{"type":"Feature","properties":{"n":"Kingdom of León","f":947,"t":960,"w":"Q175276"},"geometry":{"type":"Polygon","coordinates":[[[-3.0,42.63],[-2.12,42.63],[-1.82,41.78],[-3.22,41.26],[-4.71,40.03],[-5.33,39.97],[-6.25,40.55],[-8.97,40.03],[-8.96,42.17],[-8.65,42.3],[-9.3,43.15],[-8.24,43.73],[-3.14,43.41],[-3.0,42.63]]]}},{"type":"Feature","properties":{"n":"(Five Dynasties and Ten Kingdoms)","f":947,"t":959,"w":"Q242115"},"geometry":{"type":"MultiPolygon","coordinates":[[[[108.64,18.54],[108.7,19.38],[109.25,19.96],[110.91,20.15],[111.03,19.57],[109.84,18.22],[108.64,18.54]]],[[[106.17,21.5],[106.09,21.5],[106.1,21.56],[106.17,21.5]]],[[[106.25,21.56],[106.18,21.56],[106.19,21.63],[106.25,21.56]]],[[[115.67,22.66],[114.64,22.72],[114.37,22.08],[113.6,22.72],[113.64,22.14],[110.42,21.18],[110.49,20.28],[109.88,20.21],[109.81,21.5],[107.1,21.76],[108.39,22.72],[107.85,23.43],[108.31,26.32],[107.91,26.84],[106.46,27.35],[106.14,28.44],[104.43,27.67],[104.64,28.44],[103.99,28.57],[103.32,27.74],[103.28,26.32],[102.19,26.13],[101.66,26.77],[100.98,31.01],[101.69,32.75],[103.21,33.39],[103.67,35.07],[105.74,35.84],[106.08,36.29],[105.8,37.13],[104.74,37.38],[104.67,37.77],[107.32,38.61],[108.79,37.9],[109.76,37.96],[111.02,38.48],[111.3,39.06],[111.8,38.8],[113.58,39.06],[114.86,38.48],[117.65,38.74],[118.07,38.16],[119.46,37.96],[119.16,37.19],[120.75,37.9],[122.71,37.45],[122.39,36.8],[120.98,36.61],[119.23,34.81],[120.34,34.36],[120.92,32.62],[121.99,31.85],[121.25,31.72],[121.48,31.53],[121.96,31.59],[121.58,31.4],[121.9,30.82],[120.68,30.18],[121.48,30.31],[122.03,29.92],[121.94,29.22],[121.59,29.54],[121.65,28.32],[121.12,28.32],[119.59,26.13],[119.53,25.62],[119.87,25.49],[119.27,25.49],[118.76,24.59],[118.15,24.52],[115.67,22.66]],[[121.17,31.72],[121.22,31.85],[120.92,31.85],[121.17,31.72]]],[[[122.05,30.18],[122.27,30.18],[122.28,29.99],[122.05,30.18]]],[[[121.81,31.59],[121.73,31.59],[121.91,31.66],[121.81,31.59]]]]}},{"type":"Feature","properties":{"n":"Viking settlements","f":947,"t":979,"w":"Q12567"},"geometry":{"type":"MultiPolygon","coordinates":[[[[-8.08,51.78],[-8.58,51.71],[-8.71,52.05],[-8.12,52.12],[-8.08,51.78]]],[[[-7.61,52.12],[-7.65,52.38],[-7.4,52.45],[-7.02,52.12],[-7.61,52.12]]],[[[-6.43,52.18],[-6.77,52.18],[-6.56,52.59],[-6.43,52.18]]],[[[-8.6,52.45],[-8.95,52.52],[-8.91,52.86],[-8.38,52.72],[-8.6,52.45]]],[[[-6.09,52.92],[-6.84,53.39],[-6.19,53.66],[-6.09,52.92]]],[[[-7.25,57.42],[-7.29,57.08],[-7.47,57.08],[-7.6,57.35],[-7.25,57.42]]],[[[-5.78,57.08],[-6.8,57.35],[-6.5,57.77],[-5.78,57.08]]],[[[-7.44,57.49],[-7.56,57.7],[-7.12,57.7],[-7.44,57.49]]],[[[-7.13,57.77],[-7.28,58.18],[-6.26,58.53],[-7.13,57.77]]],[[[-6.99,61.48],[-7.02,61.62],[-6.74,61.62],[-6.99,61.48]]],[[[-6.66,62.26],[-6.69,61.9],[-7.28,62.05],[-6.66,62.26]]],[[[-6.15,52.65],[-6.31,52.59],[-6.43,52.86],[-6.15,52.65]]],[[[15.03,54.14],[15.02,53.73],[14.41,53.66],[15.03,54.14]]],[[[13.82,53.94],[13.46,53.66],[13.21,53.73],[13.39,54.14],[13.82,53.94]]],[[[19.21,54.41],[19.46,54.27],[19.09,54.0],[18.69,54.41],[19.21,54.41]]],[[[-4.81,54.34],[-4.38,54.41],[-4.36,54.21],[-4.86,54.07],[-4.81,54.34]]],[[[13.74,54.34],[13.13,54.27],[13.05,54.61],[13.74,54.34]]],[[[-5.89,55.29],[-5.44,55.84],[-5.12,55.43],[-5.89,55.29]]],[[[-6.19,55.57],[-6.63,55.63],[-6.51,55.98],[-5.74,56.18],[-6.19,55.57]]],[[[-5.0,55.84],[-5.35,55.84],[-5.3,56.11],[-5.0,55.84]]],[[[-5.68,56.39],[-6.29,56.32],[-6.34,56.66],[-5.68,56.39]]]]}},{"type":"Feature","properties":{"n":"Georgia","f":947,"t":959,"w":"Q4962"},"geometry":{"type":"MultiPolygon","coordinates":[[[[47.14,41.46],[46.43,41.07],[45.29,41.39],[45.14,41.85],[43.98,41.13],[42.86,41.59],[41.58,41.52],[41.61,42.63],[39.35,43.99],[43.85,42.63],[45.23,42.69],[47.14,41.46]]],[[[39.35,43.99],[39.19,43.99],[39.2,44.06],[39.35,43.99]]],[[[39.13,44.12],[39.21,44.12],[39.2,44.06],[39.13,44.12]]],[[[39.06,44.19],[39.14,44.19],[39.13,44.12],[39.06,44.19]]]]}},{"type":"Feature","properties":{"n":"First Bulgarian Empire","f":947,"t":959,"w":"Q203817"},"geometry":{"type":"MultiPolygon","coordinates":[[[[19.17,42.24],[19.17,42.3],[19.25,42.3],[19.17,42.24]]],[[[33.69,46.87],[32.92,46.61],[30.88,46.68],[29.61,45.69],[29.53,44.91],[28.8,44.97],[28.48,43.47],[27.51,42.63],[27.93,41.98],[25.22,42.04],[24.52,41.26],[23.0,41.0],[19.99,39.64],[19.25,40.61],[19.81,40.81],[19.92,41.33],[19.18,42.5],[19.98,42.5],[20.5,43.28],[19.11,44.32],[19.24,45.24],[20.14,45.37],[20.59,44.78],[21.87,44.58],[22.64,45.04],[23.5,44.65],[23.52,44.91],[26.7,45.04],[28.47,45.63],[29.32,47.4],[34.04,47.53],[33.69,46.87]]]]}},{"type":"Feature","properties":{"n":"Kingdom of Germany","f":947,"t":959,"w":"Q175211"},"geometry":{"type":"Polygon","coordinates":[[[13.39,54.21],[13.21,53.73],[14.23,53.33],[14.13,52.86],[15.21,52.12],[15.93,50.85],[14.33,51.05],[12.21,50.25],[12.53,49.52],[14.02,48.65],[15.27,48.92],[14.42,48.26],[14.49,47.73],[13.67,47.8],[13.42,47.47],[13.81,46.48],[10.04,46.61],[10.04,46.28],[9.3,46.48],[8.98,45.89],[8.4,46.41],[8.55,47.6],[7.15,47.47],[6.81,47.93],[5.82,47.86],[4.88,48.52],[5.03,49.12],[4.58,49.91],[3.55,50.38],[4.26,51.31],[3.5,51.25],[3.75,51.45],[3.4,51.65],[4.7,52.99],[5.06,52.65],[5.39,52.86],[5.54,53.39],[8.21,53.6],[8.89,53.87],[8.89,54.34],[11.05,54.41],[10.88,54.07],[11.4,54.0],[12.27,54.41],[13.39,54.21]]]}},{"type":"Feature","properties":{"n":"Kingdom of Seisyllwg","f":947,"t":959,"w":"Q2456191"},"geometry":{"type":"Polygon","coordinates":[[[-3.78,52.12],[-3.64,51.65],[-4.31,51.51],[-5.08,51.58],[-5.3,51.98],[-4.16,52.45],[-4.3,52.92],[-4.79,52.79],[-4.49,53.12],[-4.7,53.46],[-3.49,53.39],[-2.93,52.12],[-3.78,52.12]]]}},{"type":"Feature","properties":{"n":"Zagwe dynasty","f":947,"t":1138,"w":"Q140446"},"geometry":{"type":"Polygon","coordinates":[[[38.13,11.99],[38.08,12.44],[39.41,12.76],[39.6,12.11],[38.93,11.79],[38.13,11.99]]]}},{"type":"Feature","properties":{"n":"Upper Burgundy","f":947,"t":959,"w":"Q33235"},"geometry":{"type":"Polygon","coordinates":[[[3.06,46.81],[2.37,47.47],[2.43,47.86],[3.48,48.26],[3.67,47.8],[4.82,47.99],[5.58,47.66],[5.59,47.14],[4.48,46.09],[4.05,46.68],[3.06,46.81]]]}},{"type":"Feature","properties":{"n":"Pala Empire","f":947,"t":961,"w":"Q668412"},"geometry":{"type":"MultiPolygon","coordinates":[[[[89.28,25.23],[90.37,24.65],[90.86,22.01],[88.73,21.63],[88.64,22.08],[88.2,21.56],[87.89,22.53],[84.05,24.33],[84.09,25.1],[84.7,25.62],[89.28,25.23]]],[[[92.39,25.04],[92.4,25.1],[92.47,25.1],[92.39,25.04]]]]}},{"type":"Feature","properties":{"n":"(Kingdom of England)","f":947,"t":959,"w":"Q179876"},"geometry":{"type":"Polygon","coordinates":[[[1.09,53.06],[1.72,52.72],[1.59,52.12],[0.52,51.51],[1.38,51.38],[1.31,51.11],[0.49,50.78],[-1.37,50.85],[-1.18,50.58],[-3.13,50.71],[-3.58,50.25],[-5.75,50.05],[-4.2,51.31],[-3.09,51.25],[-2.63,51.65],[-3.49,53.39],[-2.46,54.27],[-3.78,55.98],[-2.02,55.91],[-1.46,54.68],[-0.67,54.61],[0.17,52.86],[1.09,53.06]],[[-0.93,53.6],[-0.84,53.6],[-0.84,53.63],[-0.93,53.6]],[[-1.03,53.33],[-0.99,53.33],[-0.98,53.35],[-1.03,53.33]]]}},{"type":"Feature","properties":{"n":"Duchy of Bohemia","f":947,"t":959,"w":"Q2162698"},"geometry":{"type":"Polygon","coordinates":[[[19.04,49.32],[17.01,48.72],[14.94,48.99],[14.6,48.59],[13.28,49.05],[12.2,50.05],[14.33,51.05],[18.57,49.91],[19.04,49.32]]]}},{"type":"Feature","properties":{"n":"Kingdom of Dali","f":947,"t":969,"w":"Q26472"},"geometry":{"type":"Polygon","coordinates":[[[104.98,26.52],[104.54,25.55],[105.05,25.16],[104.59,24.33],[105.33,23.94],[106.1,24.07],[106.16,23.56],[103.95,22.46],[103.77,22.72],[101.72,22.46],[101.87,21.56],[101.08,21.76],[100.21,21.44],[100.01,22.01],[99.28,22.08],[99.57,22.98],[98.67,23.81],[99.08,25.23],[98.62,25.94],[98.54,28.19],[100.62,28.96],[101.42,28.57],[101.61,26.9],[102.19,26.13],[104.98,26.52]]]}},{"type":"Feature","properties":{"n":"Abbasid Caliphate","f":947,"t":959,"w":"Q12536"},"geometry":{"type":"Polygon","coordinates":[[[40.91,29.67],[39.78,27.87],[39.7,26.84],[40.13,25.49],[42.24,22.08],[44.47,19.51],[44.28,18.8],[42.21,17.51],[41.24,18.61],[40.85,19.7],[39.35,20.79],[38.6,23.62],[37.44,24.33],[37.27,25.23],[35.41,27.87],[34.59,28.06],[34.91,29.41],[34.12,27.74],[33.19,28.51],[32.53,29.92],[32.43,29.6],[35.85,23.88],[31.67,23.75],[30.54,23.36],[28.57,24.65],[28.15,27.35],[25.37,29.28],[23.74,29.99],[22.45,30.05],[18.71,29.15],[18.89,30.31],[20.2,30.89],[20.02,32.24],[20.64,32.69],[21.88,32.94],[23.09,32.62],[23.3,32.17],[24.89,31.98],[25.25,31.46],[26.85,31.46],[28.87,30.82],[30.97,31.66],[31.88,31.46],[32.0,31.08],[33.75,31.08],[34.63,31.66],[35.64,34.36],[36.06,34.61],[36.44,34.61],[37.09,33.39],[39.51,34.49],[42.36,33.26],[42.68,30.69],[40.91,29.67]]]}},{"type":"Feature","properties":{"n":"Kingdom of Vaspurakan","f":947,"t":979,"w":"Q5228183"},"geometry":{"type":"Polygon","coordinates":[[[42.92,39.58],[43.72,39.19],[44.83,39.71],[45.37,39.13],[44.49,38.55],[44.98,38.22],[44.79,37.96],[44.11,37.64],[42.7,37.58],[43.09,38.16],[42.07,38.67],[42.92,39.58]]]}},{"type":"Feature","properties":{"n":"Danelaw","f":947,"t":959,"w":"Q339271"},"geometry":{"type":"Polygon","coordinates":[[[0.02,53.66],[-1.59,53.33],[-2.68,54.68],[-0.67,54.61],[0.02,53.66]]]}},{"type":"Feature","properties":{"n":"Jaemtland","f":947,"t":1002,"w":"Q211661"},"geometry":{"type":"Polygon","coordinates":[[[13.82,61.83],[12.24,62.05],[12.65,63.26],[14.19,64.2],[15.22,63.77],[14.68,62.55],[13.82,61.83]]]}},{"type":"Feature","properties":{"n":"Wuyue","f":947,"t":959,"w":"Q1193822"},"geometry":{"type":"MultiPolygon","coordinates":[[[[121.9,30.82],[120.68,30.18],[121.48,30.31],[122.03,29.92],[121.94,29.22],[121.59,29.54],[121.65,28.32],[121.12,28.32],[120.68,27.61],[119.0,27.54],[118.89,28.44],[118.31,28.51],[118.18,29.28],[119.06,30.95],[120.46,32.04],[121.45,31.85],[121.48,31.53],[121.96,31.59],[121.58,31.4],[121.9,30.82]]],[[[122.28,29.99],[121.98,29.99],[122.05,30.18],[122.28,29.99]]],[[[121.89,31.59],[121.73,31.59],[121.76,31.66],[121.89,31.59]]],[[[121.78,31.72],[121.76,31.66],[121.68,31.66],[121.78,31.72]]],[[[121.66,31.79],[121.63,31.72],[121.56,31.72],[121.66,31.79]]]]}},{"type":"Feature","properties":{"n":"Gurjara-Pratihara Dynasty","f":947,"t":959,"w":"Q5324"},"geometry":{"type":"Polygon","coordinates":[[[71.71,27.35],[77.44,27.87],[79.91,27.35],[80.02,25.36],[78.89,24.33],[75.28,24.14],[74.11,22.08],[74.37,24.01],[73.15,24.23],[72.23,25.91],[71.08,24.58],[70.7,25.62],[70.28,25.74],[71.71,27.35]]]}},{"type":"Feature","properties":{"n":"Brythons","f":947,"t":959,"w":"Q849967"},"geometry":{"type":"MultiPolygon","coordinates":[[[[-2.79,54.95],[-2.55,54.27],[-3.3,54.07],[-3.72,54.68],[-2.79,54.95]]],[[[-5.33,55.02],[-4.62,55.63],[-3.58,54.95],[-4.94,54.68],[-5.33,55.02]]]]}},{"type":"Feature","properties":{"n":"Chandra Dynasty","f":947,"t":1045,"w":"Q5032034"},"geometry":{"type":"Polygon","coordinates":[[[91.92,24.13],[92.53,23.84],[93.67,20.27],[94.84,19.13],[94.77,18.02],[94.45,17.94],[94.04,19.19],[94.01,18.73],[93.34,20.02],[93.02,19.82],[92.35,20.72],[91.33,23.73],[91.92,24.13]]]}},{"type":"Feature","properties":{"n":"Hamdanid Emirates","f":947,"t":959,"w":"Q837187"},"geometry":{"type":"MultiPolygon","coordinates":[[[[49.18,39.32],[48.76,38.35],[48.88,37.71],[49.46,37.45],[49.24,37.06],[47.63,37.19],[47.11,36.35],[45.12,36.03],[42.36,33.26],[39.51,34.49],[37.09,33.39],[35.93,34.87],[35.84,36.29],[36.29,36.8],[34.66,36.87],[35.03,37.45],[36.57,37.9],[37.84,38.09],[38.72,37.64],[39.64,38.67],[40.62,38.93],[43.09,38.16],[42.84,37.51],[44.11,37.64],[44.98,38.22],[44.45,38.35],[44.58,38.67],[45.34,39.0],[44.83,39.71],[45.67,39.51],[46.26,38.87],[46.67,38.93],[46.86,39.58],[46.45,40.36],[46.87,40.48],[46.8,40.1],[47.41,39.58],[48.33,39.84],[49.18,39.32]]],[[[44.73,41.78],[44.89,41.78],[44.79,41.65],[44.73,41.78]]],[[[48.28,41.59],[48.12,41.59],[48.2,41.98],[48.28,41.59]]]]}},{"type":"Feature","properties":{"n":"Abbasid Caliphate/Buyid Dynasty","f":947,"t":959,"w":"Q12536"},"geometry":{"type":"Polygon","coordinates":[[[51.41,34.23],[52.02,33.71],[51.46,32.56],[51.59,31.91],[52.87,30.69],[55.47,29.22],[55.76,27.99],[56.81,27.29],[56.19,27.16],[56.06,26.71],[54.83,26.45],[53.66,26.71],[51.6,27.8],[50.06,30.18],[48.94,30.31],[48.4,29.6],[47.65,29.6],[48.06,28.51],[44.52,30.76],[42.68,30.63],[42.36,33.26],[45.12,36.03],[47.11,36.35],[47.2,36.93],[48.26,37.25],[51.09,36.03],[51.41,34.23]]]}},{"type":"Feature","properties":{"n":"Cyprus Condominium","f":947,"t":959,"w":"Q229"},"geometry":{"type":"Polygon","coordinates":[[[34.09,35.0],[33.04,34.55],[32.23,34.94],[32.89,35.39],[34.31,35.71],[34.09,35.0]]]}},{"type":"Feature","properties":{"n":"Principality of Hungary","f":947,"t":959,"w":"Q2899771"},"geometry":{"type":"MultiPolygon","coordinates":[[[[23.47,46.35],[23.47,46.41],[23.55,46.41],[23.47,46.35]]],[[[23.51,45.89],[23.68,45.89],[23.47,45.3],[22.12,44.58],[20.59,44.78],[20.14,45.37],[19.24,45.24],[18.78,45.89],[17.88,45.76],[16.44,46.61],[15.6,46.22],[13.81,46.48],[13.74,47.2],[13.41,47.27],[13.67,47.8],[14.49,47.73],[14.42,48.26],[15.27,48.92],[17.01,48.72],[18.46,49.32],[21.72,49.45],[22.45,49.18],[23.51,45.89]]],[[[23.08,47.66],[23.16,47.66],[23.15,47.6],[23.08,47.66]]]]}},{"type":"Feature","properties":{"n":"(Holy Roman Empire)","f":947,"t":959,"w":"Q12548"},"geometry":{"type":"Polygon","coordinates":[[[13.39,54.21],[13.21,53.73],[14.23,53.33],[14.13,52.86],[15.21,52.12],[15.93,50.85],[14.33,51.05],[12.21,50.25],[12.53,49.52],[14.02,48.65],[15.27,48.92],[14.42,48.26],[14.49,47.73],[13.67,47.8],[13.42,47.47],[13.81,46.48],[10.04,46.61],[10.04,46.28],[9.3,46.48],[8.98,45.89],[8.4,46.41],[8.55,47.6],[7.15,47.47],[6.81,47.93],[5.82,47.86],[4.88,48.52],[5.03,49.12],[4.58,49.91],[3.55,50.38],[4.26,51.31],[3.5,51.25],[3.75,51.45],[3.4,51.65],[4.7,52.99],[5.06,52.65],[5.39,52.86],[5.54,53.39],[8.21,53.6],[8.89,53.87],[8.89,54.34],[11.05,54.41],[10.88,54.07],[11.4,54.0],[12.27,54.41],[13.39,54.21]]]}},{"type":"Feature","properties":{"n":"Duchy of Brittany","f":947,"t":989,"w":"Q71747"},"geometry":{"type":"Polygon","coordinates":[[[-1.04,47.86],[-2.16,47.4],[-4.42,47.8],[-4.91,48.52],[-3.12,48.92],[-1.0,48.39],[-1.04,47.86]]]}},{"type":"Feature","properties":{"n":"(Kingdom of Denmark)","f":947,"t":959,"w":"Q756617"},"geometry":{"type":"MultiPolygon","coordinates":[[[[10.88,54.75],[11.67,55.09],[10.97,55.29],[10.89,55.77],[12.48,56.18],[12.1,54.75],[10.88,54.75]]],[[[10.45,55.98],[10.63,55.98],[10.63,55.77],[10.45,55.98]]],[[[9.75,55.57],[10.63,55.63],[10.71,54.75],[9.93,55.09],[10.19,54.55],[9.93,54.27],[8.54,54.27],[8.8,54.61],[8.53,55.36],[8.0,55.63],[8.24,57.01],[10.46,57.77],[10.28,56.59],[10.9,56.52],[9.75,55.57]]]]}},{"type":"Feature","properties":{"n":"Emirate of Nekor","f":947,"t":979,"w":"Q1709337"},"geometry":{"type":"Polygon","coordinates":[[[-4.45,35.26],[-2.84,35.45],[-2.82,35.13],[-2.2,35.07],[-2.42,34.94],[-4.51,34.94],[-4.45,35.26]]]}},{"type":"Feature","properties":{"n":"Southern Wu","f":947,"t":959,"w":"Q107994370"},"geometry":{"type":"Polygon","coordinates":[[[121.99,31.85],[120.46,32.04],[119.52,31.59],[118.18,29.28],[118.31,28.51],[118.89,28.44],[119.0,27.54],[119.53,27.8],[120.73,27.54],[119.59,26.13],[119.53,25.62],[119.87,25.49],[119.27,25.49],[118.76,24.59],[118.15,24.52],[117.18,23.49],[116.85,24.39],[116.26,24.78],[114.55,24.46],[115.09,25.23],[114.36,25.29],[114.47,26.07],[113.96,26.71],[114.22,27.93],[113.95,28.06],[114.93,29.28],[114.19,30.05],[114.43,31.21],[115.61,32.75],[118.06,33.14],[119.3,34.81],[120.34,34.36],[120.92,32.62],[121.99,31.85]]]}},{"type":"Feature","properties":{"n":"Later Han","f":947,"t":959,"w":"Q957429"},"geometry":{"type":"Polygon","coordinates":[[[118.07,38.16],[119.46,37.96],[119.16,37.19],[120.75,37.9],[122.71,37.45],[122.39,36.8],[120.98,36.61],[119.62,35.52],[118.06,33.14],[115.61,32.75],[113.87,30.24],[113.22,31.01],[113.31,31.91],[109.87,32.94],[110.21,33.65],[109.67,34.04],[106.48,34.74],[106.44,35.64],[105.7,34.94],[105.82,34.23],[105.19,33.78],[104.49,35.0],[104.46,35.52],[105.74,35.84],[106.08,36.29],[105.8,37.13],[104.54,37.64],[106.09,37.96],[106.52,38.42],[107.32,38.61],[108.79,37.9],[110.4,38.16],[111.3,39.06],[111.8,38.8],[113.58,39.06],[114.86,38.48],[117.58,38.74],[118.07,38.16]]]}},{"type":"Feature","properties":{"n":"Rashtrakuta Dynasty","f":947,"t":979,"w":"Q856691"},"geometry":{"type":"Polygon","coordinates":[[[79.75,22.91],[81.27,22.01],[80.37,18.86],[80.45,17.64],[79.79,17.06],[80.25,13.66],[77.64,13.21],[75.53,11.54],[73.42,16.04],[72.63,19.83],[72.85,20.43],[73.41,20.45],[73.95,21.2],[74.14,22.08],[79.75,22.91]]]}},{"type":"Feature","properties":{"n":"Southern Chu","f":947,"t":959,"w":"Q1192347"},"geometry":{"type":"Polygon","coordinates":[[[114.19,30.05],[114.93,29.28],[113.95,28.06],[114.33,25.49],[112.61,25.16],[112.07,23.69],[111.49,23.36],[109.54,22.91],[107.95,23.17],[108.31,26.32],[107.32,26.9],[107.8,27.61],[109.39,28.7],[110.81,30.63],[114.3,30.37],[114.19,30.05]]]}},{"type":"Feature","properties":{"n":"Khazaria","f":947,"t":959,"w":"Q173282"},"geometry":{"type":"MultiPolygon","coordinates":[[[[35.02,45.3],[36.42,45.43],[36.37,45.1],[34.38,44.78],[32.61,45.5],[34.15,46.09],[35.02,45.3]]],[[[46.63,44.45],[47.34,43.99],[47.38,43.02],[48.21,42.04],[47.72,41.2],[45.23,42.69],[43.85,42.63],[42.99,43.15],[40.4,43.54],[36.78,45.1],[36.91,45.43],[37.7,45.3],[38.37,46.35],[37.84,46.61],[39.13,46.94],[39.2,47.33],[35.63,46.68],[34.74,46.15],[31.82,46.35],[33.69,46.87],[34.12,47.53],[35.03,47.53],[35.35,48.52],[37.26,49.45],[38.02,50.38],[42.4,49.65],[46.81,49.58],[48.78,48.46],[53.6,48.19],[54.52,47.33],[54.29,45.56],[53.67,45.37],[53.06,45.56],[53.35,46.35],[53.11,47.01],[51.58,47.14],[49.3,46.55],[47.57,45.76],[46.63,44.45]]],[[[53.1,46.02],[53.18,46.02],[53.17,45.96],[53.1,46.02]]]]}},{"type":"Feature","properties":{"n":"Old Kingdom of Norway","f":947,"t":969,"w":"Q202266"},"geometry":{"type":"MultiPolygon","coordinates":[[[[-5.2,58.67],[-3.04,58.67],[-4.11,57.9],[-5.47,58.04],[-5.2,58.67]]],[[[-3.2,59.22],[-2.79,58.88],[-3.42,58.81],[-3.2,59.22]]],[[[-2.56,59.22],[-2.83,59.16],[-2.84,59.29],[-2.56,59.22]]],[[[-1.16,60.56],[-1.2,60.07],[-1.67,60.21],[-1.63,60.63],[-0.81,60.63],[-1.16,60.56]]],[[[17.15,68.05],[16.83,67.82],[16.74,67.89],[15.72,67.37],[13.2,65.66],[13.46,64.79],[14.19,64.2],[12.26,62.69],[12.24,62.05],[12.88,61.41],[12.31,60.98],[12.38,60.07],[11.92,59.92],[12.16,58.18],[11.45,58.11],[10.56,59.64],[10.01,58.95],[7.6,57.97],[5.51,58.6],[6.03,59.36],[5.21,59.29],[5.45,60.14],[4.9,60.21],[5.08,62.26],[5.92,62.19],[6.64,62.76],[7.4,62.62],[6.92,63.05],[8.23,63.19],[7.84,63.55],[9.07,63.7],[9.26,63.41],[10.3,64.42],[11.35,64.49],[11.45,65.0],[12.13,65.15],[12.53,65.74],[12.35,66.25],[12.82,66.03],[12.94,66.62],[15.88,68.27],[14.19,68.2],[14.9,68.57],[14.52,68.88],[15.13,69.11],[15.52,68.8],[15.44,69.18],[16.15,69.33],[15.92,68.88],[17.21,68.8],[17.65,69.18],[17.04,69.11],[16.87,69.49],[18.58,69.49],[18.31,69.79],[19.38,69.41],[17.29,68.5],[17.15,68.05]],[[16.84,67.89],[16.85,67.97],[16.74,67.89],[16.84,67.89]],[[16.94,67.97],[16.95,68.04],[16.85,67.97],[16.94,67.97]],[[16.95,68.05],[17.05,68.05],[17.06,68.12],[16.95,68.05]]],[[[12.89,68.12],[13.19,68.12],[13.19,67.97],[12.89,68.12]]],[[[16.42,67.59],[16.32,67.59],[16.33,67.67],[16.42,67.59]]],[[[16.73,67.74],[16.63,67.74],[16.64,67.82],[16.73,67.74]]],[[[13.58,68.05],[13.39,68.05],[13.7,68.42],[14.09,68.2],[13.58,68.05]]]]}},{"type":"Feature","properties":{"n":"Kingdom of Morgannwg","f":947,"t":959,"w":"Q13131807"},"geometry":{"type":"Polygon","coordinates":[[[-3.28,51.38],[-3.89,51.58],[-2.82,51.92],[-2.63,51.65],[-3.28,51.38]]]}},{"type":"Feature","properties":{"n":"Chaulukya Dynasty","f":947,"t":959,"w":"Q18211496"},"geometry":{"type":"MultiPolygon","coordinates":[[[[72.61,21.46],[73.11,21.75],[72.54,21.7],[72.52,21.98],[72.81,22.23],[72.18,22.27],[72.08,21.22],[70.88,20.71],[69.01,22.2],[70.51,23.04],[69.24,22.85],[68.45,23.63],[71.37,24.61],[72.23,25.91],[73.15,24.23],[74.47,23.71],[73.95,21.2],[73.41,20.45],[72.88,20.56],[72.61,21.46]]]]}},{"type":"Feature","properties":{"n":"Later Shu","f":947,"t":961,"w":"Q526507"},"geometry":{"type":"Polygon","coordinates":[[[109.39,28.7],[107.34,26.97],[106.22,27.61],[106.14,28.44],[104.43,27.67],[104.64,28.44],[103.99,28.57],[103.29,27.61],[103.46,26.45],[102.19,26.13],[101.61,26.9],[101.7,27.87],[100.92,30.56],[101.69,32.75],[103.21,33.39],[103.67,35.07],[104.43,35.45],[105.19,33.78],[105.82,34.23],[105.7,34.94],[106.44,35.64],[106.48,34.74],[108.82,34.42],[110.21,33.65],[109.61,32.24],[110.48,30.31],[109.39,28.7]]]}},{"type":"Feature","properties":{"n":"Chola Empire","f":947,"t":959,"w":"Q6806806"},"geometry":{"type":"Polygon","coordinates":[[[79.32,10.25],[78.96,9.22],[77.74,9.61],[76.69,9.22],[77.12,11.21],[77.72,11.47],[78.83,13.46],[80.38,13.46],[79.9,10.25],[79.32,10.25]]]}},{"type":"Feature","properties":{"n":"Kingdom of Denmark","f":947,"t":959,"w":"Q756617"},"geometry":{"type":"MultiPolygon","coordinates":[[[[10.88,54.75],[11.67,55.09],[10.97,55.29],[10.89,55.77],[12.48,56.18],[12.1,54.75],[10.88,54.75]]],[[[10.45,55.98],[10.63,55.98],[10.63,55.77],[10.45,55.98]]],[[[9.75,55.57],[10.63,55.63],[10.71,54.75],[9.93,55.09],[10.19,54.55],[9.93,54.27],[8.54,54.27],[8.8,54.61],[8.53,55.36],[8.0,55.63],[8.24,57.01],[10.46,57.77],[10.28,56.59],[10.9,56.52],[9.75,55.57]]]]}},{"type":"Feature","properties":{"n":"Idrisids","f":947,"t":969,"w":"Q431575"},"geometry":{"type":"Polygon","coordinates":[[[-0.07,35.84],[-0.17,34.55],[-1.57,33.33],[-5.39,31.72],[-7.73,31.34],[-8.05,31.59],[-7.37,32.81],[-7.8,33.59],[-6.61,34.16],[-5.88,35.77],[-5.34,35.84],[-4.91,35.26],[-4.45,35.26],[-4.51,34.94],[-3.5,34.81],[-0.07,35.84]]]}},{"type":"Feature","properties":{"n":"Fatimid Caliphate","f":960,"t":969,"w":"Q160307"},"geometry":{"type":"MultiPolygon","coordinates":[[[[11.08,35.0],[10.0,34.29],[10.24,33.71],[12.23,32.81],[13.3,32.94],[15.06,32.43],[15.65,31.4],[17.85,30.95],[18.97,30.24],[20.2,30.89],[20.02,32.24],[20.64,32.69],[22.11,32.94],[23.09,32.62],[23.15,32.24],[24.89,31.98],[24.85,29.47],[22.45,30.05],[18.64,29.09],[17.44,29.86],[15.1,30.56],[13.98,31.79],[12.45,31.85],[9.86,32.81],[9.16,34.1],[7.61,34.55],[1.29,34.61],[-0.39,34.36],[-0.07,35.84],[0.38,36.22],[3.46,36.87],[5.56,36.67],[6.33,37.06],[8.52,36.87],[10.23,37.25],[10.23,36.8],[11.01,37.0],[10.46,36.42],[11.08,35.0]]],[[[2.53,34.49],[2.61,34.49],[2.61,34.42],[2.53,34.49]]],[[[14.57,35.77],[14.34,35.84],[14.34,36.03],[14.57,35.77]]]]}},{"type":"Feature","properties":{"n":"Southern Tang","f":960,"t":969,"w":"Q1326742"},"geometry":{"type":"Polygon","coordinates":[[[119.59,26.13],[119.53,25.62],[119.87,25.49],[119.27,25.49],[118.76,24.59],[118.15,24.52],[117.18,23.49],[116.85,24.39],[116.26,24.78],[114.55,24.46],[115.09,25.23],[114.26,25.49],[112.61,25.16],[112.07,23.69],[110.77,23.11],[109.54,22.91],[107.85,23.43],[108.31,26.32],[107.34,26.97],[111.16,30.76],[113.12,30.24],[113.87,30.24],[114.68,30.82],[115.21,30.37],[116.04,30.37],[118.86,32.24],[119.85,32.24],[120.18,31.91],[119.25,31.27],[118.18,29.28],[118.31,28.51],[118.89,28.44],[119.0,27.54],[120.68,27.61],[119.59,26.13]]]}},{"type":"Feature","properties":{"n":"Byzantine Empire","f":960,"t":960,"w":"Q112039853"},"geometry":{"type":"MultiPolygon","coordinates":[[[[23.12,36.35],[23.11,36.16],[22.87,36.16],[23.12,36.35]]],[[[24.36,37.71],[24.43,37.58],[24.27,37.51],[24.36,37.71]]],[[[20.93,37.9],[20.92,37.64],[20.61,37.71],[20.93,37.9]]],[[[20.57,38.42],[20.79,38.09],[20.32,38.16],[20.57,38.42]]],[[[23.56,38.74],[23.48,38.74],[23.49,38.8],[23.56,38.74]]],[[[17.14,39.06],[15.7,37.96],[16.27,38.8],[15.9,39.71],[17.14,39.06]]],[[[20.15,39.58],[20.07,39.58],[20.07,39.64],[20.15,39.58]]],[[[19.91,39.58],[19.76,39.64],[19.76,39.77],[19.91,39.58]]],[[[15.4,41.91],[16.12,41.91],[15.94,41.39],[17.98,40.61],[18.35,39.9],[17.35,40.55],[16.78,40.36],[16.01,41.07],[15.38,41.0],[15.4,41.91]]],[[[19.86,41.72],[19.81,40.81],[19.33,40.74],[19.39,41.91],[19.86,41.72]]],[[[17.99,42.82],[18.15,42.82],[18.15,42.69],[17.99,42.82]]],[[[17.51,42.89],[17.59,42.89],[17.59,42.76],[17.51,42.89]]],[[[17.12,43.21],[17.12,43.08],[16.72,43.08],[17.12,43.21]]],[[[16.73,43.47],[16.81,43.47],[16.81,43.34],[16.73,43.47]]],[[[15.93,43.67],[16.66,43.67],[16.17,43.47],[15.93,43.67]]],[[[15.22,44.12],[15.15,44.39],[15.39,44.32],[15.22,44.12]]],[[[15.15,44.45],[15.15,44.39],[15.07,44.39],[15.15,44.45]]],[[[14.99,44.52],[15.07,44.52],[15.07,44.45],[14.99,44.52]]],[[[33.04,34.55],[32.23,34.94],[34.54,35.71],[34.09,35.0],[33.04,34.55]]],[[[28.02,36.48],[28.25,36.48],[28.14,36.03],[27.74,35.9],[28.02,36.48]]],[[[27.19,36.8],[26.87,36.67],[27.04,36.93],[27.19,36.8]]],[[[25.57,37.13],[25.56,37.0],[25.33,37.0],[25.57,37.13]]],[[[25.22,37.71],[25.29,37.51],[25.05,37.51],[25.22,37.71]]],[[[26.31,37.71],[26.3,37.58],[25.99,37.51],[26.31,37.71]]],[[[25.07,37.77],[24.68,37.84],[24.77,38.03],[25.07,37.77]]],[[[26.22,38.55],[26.11,38.16],[25.88,38.16],[25.82,38.48],[26.22,38.55]]],[[[24.67,38.93],[24.66,38.74],[24.36,38.87],[24.67,38.93]]],[[[31.35,41.13],[32.63,41.91],[34.88,42.04],[35.95,41.72],[36.21,41.26],[38.3,40.87],[40.37,40.94],[41.24,41.39],[41.26,41.07],[40.3,40.48],[42.92,39.58],[42.13,39.06],[42.49,38.29],[40.62,38.93],[39.64,38.67],[38.4,37.51],[35.2,37.51],[33.98,36.29],[32.56,36.03],[31.09,36.93],[30.62,36.93],[30.49,36.35],[29.24,36.22],[29.12,36.74],[28.03,36.67],[28.07,37.13],[27.22,37.32],[27.28,38.03],[26.43,38.22],[26.38,38.67],[26.59,38.35],[27.08,38.55],[26.85,39.58],[26.13,39.51],[26.27,40.29],[29.05,40.36],[28.91,40.61],[29.49,40.87],[29.12,41.07],[27.53,41.07],[26.92,40.48],[24.35,41.0],[23.7,40.81],[23.74,40.23],[22.57,40.55],[22.61,39.9],[23.14,39.45],[22.8,39.06],[23.49,38.87],[22.94,38.74],[24.18,38.55],[23.98,37.84],[23.04,37.9],[23.4,37.32],[22.71,37.58],[23.06,36.67],[22.36,36.67],[22.22,37.06],[21.74,36.87],[21.7,37.51],[21.24,37.84],[21.74,38.35],[21.19,38.42],[20.15,39.64],[23.0,41.0],[24.52,41.26],[25.22,42.04],[27.38,42.11],[28.98,41.26],[31.35,41.13]]],[[[25.79,39.19],[26.04,39.38],[26.64,39.0],[25.79,39.19]]],[[[25.46,40.03],[25.45,39.84],[24.97,39.84],[25.46,40.03]]],[[[26.04,40.29],[26.02,40.16],[25.7,40.1],[26.04,40.29]]],[[[24.81,40.81],[24.79,40.61],[24.55,40.55],[24.81,40.81]]],[[[34.24,44.97],[34.37,44.71],[33.52,44.45],[33.76,45.04],[34.24,44.97]]]]}},{"type":"Feature","properties":{"n":"Scandinavian minor kingdoms","f":960,"t":979,"w":"Q213649"},"geometry":{"type":"MultiPolygon","coordinates":[[[[19.05,57.97],[18.91,57.42],[18.08,56.94],[18.23,57.83],[19.05,57.97]]],[[[17.45,60.77],[19.03,60.0],[18.41,59.09],[16.66,58.46],[16.48,56.87],[17.13,57.42],[16.63,56.39],[13.46,56.59],[12.6,57.63],[11.71,57.7],[12.16,58.18],[11.92,59.92],[12.58,60.49],[12.31,60.98],[12.97,61.34],[14.32,60.63],[17.45,60.77]]],[[[17.88,68.42],[17.68,68.42],[17.68,68.5],[17.88,68.42]]],[[[18.08,68.42],[17.89,68.57],[18.2,68.65],[18.08,68.42]]],[[[17.7,68.65],[17.69,68.57],[17.59,68.57],[17.7,68.65]]]]}},{"type":"Feature","properties":{"n":"Samanid Empire","f":960,"t":961,"w":"Q486181"},"geometry":{"type":"Polygon","coordinates":[[[66.35,25.55],[61.72,25.04],[57.38,25.74],[56.62,27.61],[55.76,27.99],[55.47,29.22],[51.98,31.4],[51.42,32.3],[52.02,33.71],[51.41,34.23],[51.09,36.03],[52.34,35.64],[54.22,36.22],[53.92,36.67],[53.99,39.0],[53.14,39.45],[53.54,39.51],[53.5,40.03],[52.79,40.03],[52.89,40.87],[56.83,40.74],[58.34,43.47],[60.37,43.54],[62.19,41.78],[62.53,41.0],[62.33,40.29],[62.74,40.03],[66.28,40.81],[69.5,43.41],[70.0,44.39],[72.93,43.99],[73.2,43.41],[75.19,42.04],[73.4,39.51],[73.83,38.61],[74.89,38.48],[75.11,37.39],[71.94,37.75],[71.12,37.31],[70.98,35.89],[72.39,35.45],[73.02,34.81],[71.53,33.39],[70.85,32.04],[70.58,29.95],[69.64,29.36],[67.52,29.12],[67.16,26.1],[66.64,24.91],[66.35,25.55]]]}},{"type":"Feature","properties":{"n":"Principality of Serbia","f":960,"t":960,"w":"Q1311990"},"geometry":{"type":"Polygon","coordinates":[[[20.5,43.28],[19.98,42.5],[18.14,42.63],[16.43,44.12],[16.94,44.84],[17.85,45.1],[19.3,44.91],[19.34,44.19],[20.5,43.28]]]}},{"type":"Feature","properties":{"n":"Kingdom of Brycheiniog","f":960,"t":1055,"w":"Q954585"},"geometry":{"type":"Polygon","coordinates":[[[-3.32,51.78],[-3.76,51.92],[-3.78,52.12],[-2.93,52.12],[-3.32,51.78]]]}},{"type":"Feature","properties":{"n":"Southern Han","f":960,"t":969,"w":"Q1198071"},"geometry":{"type":"MultiPolygon","coordinates":[[[[108.76,18.41],[108.7,19.38],[109.25,19.96],[110.91,20.15],[111.03,19.57],[109.86,18.35],[108.76,18.41]]],[[[106.1,21.56],[106.18,21.56],[106.17,21.5],[106.1,21.56]]],[[[106.19,21.63],[106.26,21.63],[106.25,21.56],[106.19,21.63]]],[[[116.54,22.91],[114.64,22.72],[114.37,22.08],[113.6,22.72],[113.64,22.14],[110.42,21.18],[110.49,20.28],[109.88,20.21],[109.81,21.5],[107.1,21.76],[108.17,22.34],[108.16,23.11],[109.54,22.91],[112.07,23.69],[112.61,25.16],[113.49,25.42],[115.09,25.23],[114.55,24.46],[115.82,24.46],[115.96,24.78],[116.73,24.52],[116.54,22.91]]]]}},{"type":"Feature","properties":{"n":"Kingdom of Gwynedd","f":960,"t":1039,"w":"Q816814"},"geometry":{"type":"Polygon","coordinates":[[[-4.79,52.79],[-4.49,53.12],[-4.7,53.46],[-3.49,53.39],[-3.27,52.99],[-3.74,52.59],[-4.79,52.79]]]}},{"type":"Feature","properties":{"n":"First Bulgarian Empire","f":960,"t":960,"w":"Q203817"},"geometry":{"type":"MultiPolygon","coordinates":[[[[19.17,42.24],[19.17,42.3],[19.25,42.3],[19.17,42.24]]],[[[33.69,46.87],[32.92,46.61],[30.88,46.68],[29.61,45.69],[29.53,44.91],[28.8,44.97],[28.48,43.47],[27.51,42.63],[27.93,41.98],[25.22,42.04],[24.52,41.26],[23.0,41.0],[20.31,39.71],[19.92,39.71],[19.25,40.61],[19.81,40.81],[19.92,41.33],[19.18,42.5],[19.98,42.5],[20.5,43.28],[19.11,44.32],[19.24,45.24],[20.14,45.37],[20.59,44.78],[21.87,44.58],[22.64,45.04],[23.5,44.65],[23.52,44.91],[26.7,45.04],[28.47,45.63],[29.32,47.4],[34.04,47.53],[33.69,46.87]]]]}},{"type":"Feature","properties":{"n":"Georgia","f":960,"t":979,"w":"Q4962"},"geometry":{"type":"MultiPolygon","coordinates":[[[[45.62,42.24],[43.98,41.13],[42.86,41.59],[41.58,41.52],[41.61,42.63],[39.35,43.99],[43.85,42.63],[45.23,42.69],[45.62,42.24]]],[[[39.35,43.99],[39.19,43.99],[39.2,44.06],[39.35,43.99]]],[[[39.13,44.12],[39.21,44.12],[39.2,44.06],[39.13,44.12]]],[[[39.06,44.19],[39.14,44.19],[39.13,44.12],[39.06,44.19]]]]}},{"type":"Feature","properties":{"n":"Kingdom of Germany","f":960,"t":960,"w":"Q175211"},"geometry":{"type":"Polygon","coordinates":[[[13.39,54.21],[13.21,53.73],[14.23,53.33],[14.13,52.86],[15.21,52.12],[15.93,50.98],[14.33,51.05],[12.38,50.38],[12.37,49.71],[14.18,48.59],[14.94,48.99],[16.93,48.72],[16.98,48.06],[16.32,47.86],[16.02,46.41],[15.34,45.5],[14.28,45.56],[13.65,46.55],[12.58,46.68],[9.3,46.48],[8.98,45.89],[8.4,46.41],[8.55,47.6],[7.15,47.47],[6.81,47.93],[5.82,47.86],[4.88,48.52],[5.03,49.12],[4.58,49.91],[3.55,50.38],[4.26,51.31],[3.5,51.25],[3.75,51.45],[3.4,51.65],[4.7,52.99],[5.06,52.65],[5.39,52.86],[5.54,53.39],[8.21,53.6],[8.89,53.87],[8.89,54.34],[11.05,54.41],[10.88,54.07],[11.4,54.0],[12.27,54.41],[13.39,54.21]]]}},{"type":"Feature","properties":{"n":"Duchy of Bohemia","f":960,"t":961,"w":"Q2162698"},"geometry":{"type":"Polygon","coordinates":[[[19.62,50.51],[20.34,50.11],[20.12,49.25],[18.46,49.32],[16.93,48.72],[14.94,48.99],[14.18,48.59],[12.2,50.05],[14.33,51.05],[15.92,50.78],[15.61,51.51],[16.47,51.71],[17.24,51.78],[17.63,51.25],[19.73,50.91],[19.62,50.51]]]}},{"type":"Feature","properties":{"n":"(Kingdom of England)","f":960,"t":979,"w":"Q179876"},"geometry":{"type":"Polygon","coordinates":[[[-0.2,54.21],[0.3,53.39],[0.17,52.86],[1.62,52.86],[1.59,52.12],[0.52,51.51],[1.39,51.18],[0.49,50.78],[-3.13,50.71],[-3.58,50.25],[-5.75,50.05],[-4.2,51.31],[-3.09,51.25],[-2.63,51.65],[-3.49,53.39],[-2.56,54.41],[-3.53,56.05],[-2.02,55.91],[-1.11,54.61],[-0.2,54.21]]]}},{"type":"Feature","properties":{"n":"Kingdom of Gwent","f":960,"t":1045,"w":"Q2594661"},"geometry":{"type":"Polygon","coordinates":[[[-3.32,51.78],[-2.82,51.92],[-2.63,51.65],[-3.32,51.78]]]}},{"type":"Feature","properties":{"n":"Kingdom of Arles","f":960,"t":960,"w":"Q3271735"},"geometry":{"type":"Polygon","coordinates":[[[6.63,45.1],[6.9,44.32],[7.63,44.19],[7.55,43.8],[6.28,43.15],[4.34,43.47],[4.73,43.93],[3.97,44.65],[4.36,45.1],[3.94,45.37],[3.98,46.35],[4.57,46.09],[6.14,47.99],[6.98,47.86],[7.15,47.47],[8.55,47.6],[7.93,45.56],[6.63,45.1]]]}},{"type":"Feature","properties":{"n":"County of Besalú","f":960,"t":960,"w":"Q1541642"},"geometry":{"type":"Polygon","coordinates":[[[1.81,42.5],[2.86,42.43],[2.48,41.91],[1.45,41.78],[1.81,42.5]]]}},{"type":"Feature","properties":{"n":"Liao Dynasty","f":960,"t":979,"w":"Q4958"},"geometry":{"type":"MultiPolygon","coordinates":[[[[119.83,47.2],[120.13,45.69],[120.75,44.91],[121.67,44.58],[124.49,44.32],[128.69,44.78],[132.94,46.15],[133.53,45.96],[138.43,46.68],[135.28,43.6],[134.22,43.02],[132.95,42.69],[131.75,43.28],[129.78,41.78],[129.76,40.87],[127.58,39.77],[127.48,39.32],[125.35,39.32],[124.34,39.9],[123.6,39.84],[121.03,38.74],[121.69,39.38],[121.28,39.64],[122.23,40.48],[121.11,40.87],[119.22,39.32],[117.89,39.19],[117.58,38.74],[114.86,38.48],[113.58,39.06],[111.8,38.8],[111.35,39.32],[112.58,40.94],[103.96,40.68],[102.81,42.04],[101.48,42.56],[99.67,42.63],[100.12,45.5],[101.55,46.74],[108.35,47.4],[112.41,48.32],[114.81,48.19],[115.5,48.59],[115.69,48.26],[117.38,48.79],[118.0,48.72],[119.83,47.2]]],[[[121.71,44.65],[121.83,44.71],[121.79,44.65],[121.71,44.65]]]]}},{"type":"Feature","properties":{"n":"Northern Han","f":960,"t":969,"w":"Q1141471"},"geometry":{"type":"Polygon","coordinates":[[[113.36,37.96],[112.45,38.03],[111.9,37.51],[110.95,38.67],[111.3,39.06],[113.83,38.93],[113.36,37.96]]]}},{"type":"Feature","properties":{"n":"(Brythonic Kingdoms)","f":960,"t":979,"w":"Q849967"},"geometry":{"type":"MultiPolygon","coordinates":[[[[-5.26,51.71],[-4.16,52.45],[-4.3,52.92],[-4.79,52.79],[-4.49,53.12],[-4.7,53.46],[-3.49,53.39],[-2.63,51.65],[-3.7,51.38],[-5.26,51.71]],[[-3.9,52.45],[-3.91,52.49],[-4.16,52.45],[-3.9,52.45]],[[-3.22,51.65],[-3.3,51.65],[-3.22,51.61],[-3.22,51.65]]],[[[-5.11,54.68],[-5.33,55.02],[-4.78,55.5],[-4.86,56.18],[-3.68,55.84],[-2.56,54.41],[-3.3,54.07],[-3.57,54.89],[-5.11,54.68]],[[-3.36,54.95],[-3.58,54.95],[-3.57,54.89],[-3.36,54.95]]]]}},{"type":"Feature","properties":{"n":"Later Zhou","f":960,"t":960,"w":"Q1154556"},"geometry":{"type":"Polygon","coordinates":[[[118.07,38.16],[119.46,37.96],[119.16,37.19],[120.75,37.9],[122.71,37.45],[122.39,36.8],[120.98,36.61],[119.23,34.81],[120.34,34.36],[120.92,32.62],[121.78,32.11],[121.76,31.66],[118.86,32.24],[116.91,30.69],[115.21,30.37],[114.68,30.82],[113.72,30.24],[113.69,30.82],[113.22,31.01],[113.31,31.91],[109.87,32.94],[110.21,33.65],[109.67,34.04],[106.48,34.74],[106.44,35.64],[105.7,34.94],[105.82,34.23],[105.19,33.78],[104.49,35.0],[104.46,35.52],[105.74,35.84],[106.08,36.29],[105.8,37.13],[104.54,37.64],[106.09,37.96],[106.52,38.42],[107.32,38.61],[108.79,37.9],[111.1,38.48],[111.9,37.51],[112.45,38.03],[113.36,37.96],[113.83,38.93],[114.86,38.48],[117.58,38.74],[118.07,38.16]]]}},{"type":"Feature","properties":{"n":"Kingdom of England","f":960,"t":979,"w":"Q179876"},"geometry":{"type":"Polygon","coordinates":[[[-0.2,54.21],[0.3,53.39],[0.17,52.86],[1.62,52.86],[1.59,52.12],[0.52,51.51],[1.39,51.18],[0.49,50.78],[-3.13,50.71],[-3.58,50.25],[-5.75,50.05],[-4.2,51.31],[-3.09,51.25],[-2.63,51.65],[-3.49,53.39],[-2.56,54.41],[-3.53,56.05],[-2.02,55.91],[-1.11,54.61],[-0.2,54.21]]]}},{"type":"Feature","properties":{"n":"(Five Dynasties and Ten Kingdoms)","f":960,"t":969,"w":"Q242115"},"geometry":{"type":"MultiPolygon","coordinates":[[[[108.64,18.54],[108.7,19.38],[109.25,19.96],[110.91,20.15],[111.03,19.57],[109.84,18.22],[108.64,18.54]]],[[[106.17,21.5],[106.09,21.5],[106.1,21.56],[106.17,21.5]]],[[[106.25,21.56],[106.18,21.56],[106.19,21.63],[106.25,21.56]]],[[[115.67,22.66],[114.64,22.72],[114.37,22.08],[113.6,22.72],[113.64,22.14],[110.42,21.18],[110.49,20.28],[109.88,20.21],[109.81,21.5],[107.1,21.76],[108.39,22.72],[107.85,23.43],[108.31,26.32],[107.91,26.84],[106.46,27.35],[106.14,28.44],[104.43,27.67],[104.64,28.44],[103.99,28.57],[103.32,27.74],[103.28,26.32],[102.19,26.13],[101.66,26.77],[100.98,31.01],[101.69,32.75],[103.21,33.39],[103.67,35.07],[105.74,35.84],[106.08,36.29],[105.8,37.13],[104.74,37.38],[104.67,37.77],[107.32,38.61],[108.79,37.9],[109.76,37.96],[111.02,38.48],[111.3,39.06],[111.8,38.8],[113.58,39.06],[114.86,38.48],[117.65,38.74],[118.07,38.16],[119.46,37.96],[119.16,37.19],[120.75,37.9],[122.71,37.45],[122.39,36.8],[120.98,36.61],[119.23,34.81],[120.34,34.36],[120.92,32.62],[121.99,31.85],[121.25,31.72],[121.48,31.53],[121.96,31.59],[121.58,31.4],[121.9,30.82],[120.68,30.18],[121.48,30.31],[122.03,29.92],[121.94,29.22],[121.59,29.54],[121.65,28.32],[121.12,28.32],[119.59,26.13],[119.53,25.62],[119.87,25.49],[119.27,25.49],[118.76,24.59],[118.15,24.52],[115.67,22.66]],[[121.22,31.85],[120.89,31.79],[121.17,31.72],[121.22,31.85]]],[[[122.05,30.18],[122.27,30.18],[122.28,29.99],[122.05,30.18]]],[[[121.81,31.59],[121.73,31.59],[121.91,31.66],[121.81,31.59]]]]}},{"type":"Feature","properties":{"n":"Kara-Khanids","f":960,"t":999,"w":"Q494354"},"geometry":{"type":"MultiPolygon","coordinates":[[[[73.33,45.5],[73.94,44.97],[74.32,45.96],[75.45,46.55],[78.46,46.28],[80.07,46.81],[81.71,46.41],[82.21,45.69],[82.35,43.73],[83.25,42.63],[81.98,42.24],[80.13,42.43],[77.43,41.39],[74.35,41.0],[75.19,42.04],[73.2,43.41],[72.93,43.99],[70.08,44.39],[72.03,46.61],[74.36,46.68],[73.33,45.5]]],[[[82.23,45.56],[82.26,45.63],[82.34,45.63],[82.23,45.56]]]]}},{"type":"Feature","properties":{"n":"Kingdom of Alba","f":960,"t":979,"w":"Q1991742"},"geometry":{"type":"Polygon","coordinates":[[[-2.67,56.25],[-3.68,55.84],[-4.86,56.18],[-5.79,55.84],[-5.45,56.59],[-6.0,56.73],[-5.7,57.14],[-5.89,57.83],[-1.85,57.7],[-2.67,56.25]]]}},{"type":"Feature","properties":{"n":"Republic of Amalfi","f":960,"t":1027,"w":"Q686312"},"geometry":{"type":"Polygon","coordinates":[[[14.66,40.74],[14.66,40.68],[14.5,40.74],[14.66,40.74]]]}},{"type":"Feature","properties":{"n":"(Holy Roman Empire)","f":960,"t":960,"w":"Q12548"},"geometry":{"type":"Polygon","coordinates":[[[13.39,54.21],[13.21,53.73],[14.23,53.33],[14.13,52.86],[15.21,52.12],[15.93,50.98],[14.33,51.05],[12.38,50.38],[12.37,49.71],[14.18,48.59],[14.94,48.99],[16.93,48.72],[16.98,48.06],[16.32,47.86],[16.02,46.41],[15.34,45.5],[14.28,45.56],[13.65,46.55],[12.58,46.68],[9.3,46.48],[8.98,45.89],[8.4,46.41],[8.55,47.6],[7.15,47.47],[6.81,47.93],[5.82,47.86],[4.88,48.52],[5.03,49.12],[4.58,49.91],[3.55,50.38],[4.26,51.31],[3.5,51.25],[3.75,51.45],[3.4,51.65],[4.7,52.99],[5.06,52.65],[5.39,52.86],[5.54,53.39],[8.21,53.6],[8.89,53.87],[8.89,54.34],[11.05,54.41],[10.88,54.07],[11.4,54.0],[12.27,54.41],[13.39,54.21]]]}},{"type":"Feature","properties":{"n":"Duchy of Naples","f":960,"t":979,"w":"Q1051600"},"geometry":{"type":"Polygon","coordinates":[[[14.5,41.0],[14.74,40.81],[14.03,40.94],[14.5,41.0]]]}},{"type":"Feature","properties":{"n":"Kingdom of Italy","f":960,"t":969,"w":"Q172579"},"geometry":{"type":"MultiPolygon","coordinates":[[[[14.77,42.17],[14.77,42.11],[14.69,42.11],[14.77,42.17]]],[[[9.58,41.98],[9.1,41.33],[8.62,41.72],[8.53,42.5],[9.49,43.02],[9.58,41.98]]],[[[10.46,42.69],[10.13,42.89],[10.21,42.89],[10.46,42.69]]],[[[13.71,45.76],[12.0,45.56],[12.4,45.04],[12.31,44.19],[13.67,43.41],[14.06,42.5],[14.69,42.11],[14.12,41.72],[12.38,42.43],[12.22,43.41],[11.82,43.34],[12.06,42.76],[11.26,42.43],[10.21,43.99],[9.16,44.45],[7.55,43.8],[7.63,44.19],[6.9,44.32],[6.63,45.1],[7.93,45.56],[8.4,46.41],[8.98,45.89],[9.3,46.48],[12.58,46.68],[13.73,46.48],[14.28,45.56],[14.03,45.04],[13.71,45.76]]]]}},{"type":"Feature","properties":{"n":"(Kingdom of Denmark)","f":960,"t":969,"w":"Q756617"},"geometry":{"type":"MultiPolygon","coordinates":[[[[14.64,55.09],[14.64,55.29],[15.08,55.23],[14.64,55.09]]],[[[10.45,55.98],[10.63,55.98],[10.63,55.77],[10.45,55.98]]],[[[9.75,55.57],[10.63,55.63],[10.71,54.75],[9.93,55.09],[10.19,54.55],[9.93,54.27],[8.54,54.27],[8.8,54.61],[8.53,55.36],[8.0,55.63],[8.24,57.01],[10.46,57.77],[10.28,56.59],[10.9,56.52],[9.75,55.57]]],[[[14.23,55.91],[14.3,55.36],[12.81,55.36],[12.56,55.98],[12.1,54.75],[10.88,54.75],[11.67,55.09],[10.97,55.29],[10.89,55.77],[11.77,55.84],[12.75,56.52],[11.79,57.42],[11.98,57.77],[12.6,57.63],[13.46,56.59],[16.1,56.39],[14.23,55.91]]]]}},{"type":"Feature","properties":{"n":"Pyu City-States","f":960,"t":1039,"w":"Q1627675"},"geometry":{"type":"MultiPolygon","coordinates":[[[[96.42,19.38],[95.68,18.35],[95.09,18.35],[94.73,20.02],[95.63,20.09],[96.48,21.31],[95.85,22.08],[94.66,22.01],[95.29,23.69],[96.59,23.88],[96.83,22.14],[96.42,19.38]]],[[[96.73,23.81],[96.8,23.81],[96.79,23.75],[96.73,23.81]]],[[[96.67,23.88],[96.74,23.88],[96.73,23.81],[96.67,23.88]]]]}},{"type":"Feature","properties":{"n":"Kamarupa Kingdom","f":960,"t":999,"w":"Q1194765"},"geometry":{"type":"Polygon","coordinates":[[[88.18,27.64],[92.3,27.62],[94.34,28.95],[95.94,28.94],[96.64,28.31],[96.52,27.5],[93.47,24.92],[87.54,26.05],[88.18,27.64]]]}},{"type":"Feature","properties":{"n":"Kashmir","f":960,"t":1009,"w":"Q43100"},"geometry":{"type":"Polygon","coordinates":[[[79.07,36.29],[78.04,34.55],[78.75,31.59],[75.33,32.3],[74.08,33.14],[74.28,33.97],[73.8,34.82],[74.92,34.67],[75.63,33.76],[76.82,33.36],[77.33,35.9],[79.07,36.29]]]}},{"type":"Feature","properties":{"n":"Wuyue","f":960,"t":969,"w":"Q1193822"},"geometry":{"type":"MultiPolygon","coordinates":[[[[121.9,30.82],[120.68,30.18],[121.48,30.31],[122.03,29.92],[121.94,29.22],[121.59,29.54],[121.65,28.32],[121.12,28.32],[120.68,27.61],[119.0,27.54],[118.89,28.44],[118.31,28.51],[118.18,29.28],[119.25,31.27],[120.77,32.04],[121.48,31.53],[121.96,31.59],[121.58,31.4],[121.9,30.82]]],[[[122.28,29.99],[121.98,29.99],[122.05,30.18],[122.28,29.99]]],[[[121.89,31.59],[121.73,31.59],[121.76,31.66],[121.89,31.59]]],[[[121.78,31.72],[121.76,31.66],[121.68,31.66],[121.78,31.72]]],[[[121.66,31.79],[121.63,31.72],[121.56,31.72],[121.66,31.79]]]]}},{"type":"Feature","properties":{"n":"Abbasid Caliphate","f":960,"t":969,"w":"Q12536"},"geometry":{"type":"Polygon","coordinates":[[[40.91,29.67],[39.78,27.87],[39.7,26.84],[40.13,25.49],[42.24,22.08],[44.47,19.51],[44.28,18.8],[42.21,17.51],[41.24,18.61],[40.85,19.7],[39.35,20.79],[38.6,23.62],[37.44,24.33],[37.27,25.23],[35.41,27.87],[34.59,28.06],[34.91,29.41],[34.12,27.74],[33.19,28.51],[32.53,29.92],[32.43,29.6],[35.85,23.88],[31.67,23.75],[30.46,23.36],[28.57,24.65],[28.15,27.35],[24.85,29.41],[24.72,29.92],[25.1,31.59],[28.87,30.82],[30.97,31.66],[31.88,31.46],[32.0,31.08],[34.3,31.27],[36.06,34.61],[36.44,34.61],[37.09,33.39],[39.51,34.49],[42.36,33.26],[42.68,30.69],[40.91,29.67]]]}},{"type":"Feature","properties":{"n":"Emirate of Sicily","f":960,"t":1065,"w":"Q118780154"},"geometry":{"type":"Polygon","coordinates":[[[15.21,37.0],[14.66,36.74],[12.49,37.9],[15.63,38.29],[15.07,37.58],[15.21,37.0]]]}},{"type":"Feature","properties":{"n":"Tibetans","f":960,"t":1009,"w":"Q187985"},"geometry":{"type":"Polygon","coordinates":[[[90.2,28.32],[87.75,27.8],[85.97,27.93],[85.75,28.32],[79.45,31.01],[78.75,31.59],[78.05,33.97],[78.42,35.64],[79.07,36.29],[85.11,37.45],[90.25,37.64],[99.31,36.03],[101.0,35.39],[101.65,34.61],[101.77,33.01],[100.98,31.01],[96.27,29.09],[94.34,28.95],[92.3,27.62],[90.2,28.32]]]}},{"type":"Feature","properties":{"n":"Hamdanid Emirates","f":960,"t":961,"w":"Q837187"},"geometry":{"type":"MultiPolygon","coordinates":[[[[49.18,39.32],[48.76,38.35],[48.88,37.71],[49.46,37.45],[49.24,37.06],[47.63,37.19],[47.11,36.35],[45.12,36.03],[42.36,33.26],[39.51,34.49],[37.09,33.39],[35.93,34.87],[35.84,36.29],[36.29,36.8],[34.66,36.87],[35.2,37.51],[38.4,37.51],[39.64,38.67],[40.62,38.93],[43.09,38.16],[42.84,37.51],[44.11,37.64],[44.98,38.22],[44.45,38.35],[44.58,38.67],[45.34,39.0],[44.83,39.71],[45.67,39.51],[46.26,38.87],[46.67,38.93],[46.86,39.58],[46.45,40.36],[46.87,40.48],[46.8,40.1],[47.41,39.58],[48.33,39.84],[49.18,39.32]]],[[[44.73,41.78],[44.89,41.78],[44.79,41.65],[44.73,41.78]]],[[[48.28,41.59],[48.12,41.59],[48.2,41.98],[48.28,41.59]]]]}},{"type":"Feature","properties":{"n":"Later Mayan City-States","f":960,"t":1259,"w":"Q28567"},"geometry":{"type":"Polygon","coordinates":[[[-87.35,20.21],[-87.7,18.29],[-87.99,18.74],[-88.25,18.48],[-88.17,17.51],[-89.76,17.77],[-91.2,18.93],[-89.98,21.31],[-86.92,21.63],[-86.72,20.92],[-87.35,20.21]]]}},{"type":"Feature","properties":{"n":"Brythons","f":960,"t":979,"w":"Q849967"},"geometry":{"type":"MultiPolygon","coordinates":[[[[-5.3,51.98],[-3.72,52.32],[-3.64,51.65],[-5.3,51.98]]],[[[-2.79,54.95],[-2.63,54.27],[-3.3,54.07],[-3.57,54.89],[-2.79,54.95]]],[[[-5.33,55.02],[-4.62,55.63],[-3.58,54.95],[-5.11,54.68],[-5.33,55.02]]]]}},{"type":"Feature","properties":{"n":"Gurjara-Pratihara Dynasty","f":960,"t":979,"w":"Q5324"},"geometry":{"type":"Polygon","coordinates":[[[78.27,27.03],[78.82,27.61],[79.64,27.54],[79.99,26.11],[78.96,25.29],[78.27,27.03]]]}},{"type":"Feature","properties":{"n":"Chandela Kingdom","f":960,"t":1084,"w":"Q2039087"},"geometry":{"type":"Polygon","coordinates":[[[78.82,25.1],[80.04,26.14],[83.58,24.39],[82.56,23.88],[79.31,23.3],[78.82,25.1]]]}},{"type":"Feature","properties":{"n":"Utpala Dynasty","f":960,"t":961,"w":"Q1617123"},"geometry":{"type":"Polygon","coordinates":[[[77.35,35.26],[76.82,33.36],[75.63,33.76],[74.92,34.67],[70.98,35.89],[71.12,37.31],[71.94,37.75],[77.27,37.0],[77.35,35.26]]]}},{"type":"Feature","properties":{"n":"Kingdom of Croatia","f":960,"t":960,"w":"Q858841"},"geometry":{"type":"MultiPolygon","coordinates":[[[[14.51,44.91],[14.5,44.52],[14.26,44.58],[14.51,44.91]]],[[[19.24,45.24],[18.89,44.84],[17.85,45.1],[16.45,44.58],[16.73,43.54],[15.37,43.86],[14.92,44.97],[14.28,45.37],[15.34,45.5],[15.6,46.22],[16.44,46.61],[17.88,45.76],[18.78,45.89],[19.24,45.24]]]]}},{"type":"Feature","properties":{"n":"Principality of Hungary","f":960,"t":979,"w":"Q2899771"},"geometry":{"type":"MultiPolygon","coordinates":[[[[23.47,46.35],[23.47,46.41],[23.55,46.41],[23.47,46.35]]],[[[23.51,45.89],[23.68,45.89],[23.47,45.3],[22.12,44.58],[20.59,44.78],[20.14,45.37],[19.0,45.37],[18.78,45.89],[17.88,45.76],[16.44,46.61],[15.86,46.55],[16.32,47.86],[16.98,48.06],[16.93,48.72],[18.46,49.32],[21.72,49.45],[22.74,48.65],[23.51,45.89]]],[[[23.08,47.66],[23.16,47.66],[23.15,47.6],[23.08,47.66]]]]}},{"type":"Feature","properties":{"n":"Abbasid Caliphate/Buyid Dynasty","f":960,"t":961,"w":"Q12536"},"geometry":{"type":"Polygon","coordinates":[[[51.41,34.23],[52.02,33.71],[51.46,32.56],[51.59,31.91],[52.87,30.69],[55.47,29.22],[55.76,27.99],[56.81,27.29],[56.19,27.16],[56.06,26.71],[54.83,26.45],[53.66,26.71],[51.6,27.8],[50.06,30.18],[48.94,30.31],[48.4,29.6],[47.65,29.6],[48.06,28.51],[44.52,30.76],[42.68,30.63],[42.36,33.26],[45.12,36.03],[47.11,36.35],[47.2,36.93],[48.26,37.25],[51.09,36.03],[51.41,34.23]]]}},{"type":"Feature","properties":{"n":"Chola Empire","f":960,"t":969,"w":"Q6806806"},"geometry":{"type":"Polygon","coordinates":[[[79.32,10.25],[78.96,9.22],[78.28,8.96],[77.87,8.19],[77.14,8.13],[77.13,9.16],[76.69,9.22],[77.03,10.96],[77.72,11.47],[78.83,13.46],[80.38,13.46],[79.9,10.25],[79.32,10.25]]]}},{"type":"Feature","properties":{"n":"(Carolingian Empire)","f":960,"t":979,"w":"Q146246"},"geometry":{"type":"Polygon","coordinates":[[[3.85,43.6],[1.81,42.5],[-1.69,43.34],[-1.05,45.69],[-1.25,46.28],[-2.56,47.27],[-1.19,47.66],[-1.0,48.39],[1.47,48.65],[1.84,49.38],[1.42,50.71],[3.32,51.45],[4.26,51.31],[3.55,50.38],[4.58,49.91],[5.03,49.12],[4.88,48.52],[5.82,47.86],[4.57,46.09],[3.98,46.35],[3.94,45.37],[4.36,45.1],[3.97,44.65],[4.73,43.93],[4.34,43.47],[3.85,43.6]]]}},{"type":"Feature","properties":{"n":"Chaulukya Dynasty","f":960,"t":1110,"w":"Q18211496"},"geometry":{"type":"MultiPolygon","coordinates":[[[[72.61,21.46],[73.11,21.75],[72.54,21.7],[72.52,21.98],[72.81,22.23],[72.18,22.27],[72.02,21.16],[70.72,20.74],[68.97,22.29],[70.18,22.57],[70.49,23.09],[69.24,22.85],[68.42,23.57],[71.37,24.61],[72.23,25.91],[73.15,24.23],[74.47,23.71],[73.95,21.2],[73.41,20.45],[72.88,20.56],[72.61,21.46]]]]}},{"type":"Feature","properties":{"n":"(Alliance between Samanid Empire and Ziyadid dynasty)","f":960,"t":961,"w":"Q486181"},"geometry":{"type":"MultiPolygon","coordinates":[[[[45.21,15.91],[46.47,15.97],[46.15,15.52],[46.51,15.33],[49.48,14.69],[48.79,14.04],[45.74,13.34],[45.05,12.76],[43.44,12.69],[42.75,15.14],[42.82,16.61],[42.21,17.51],[43.89,18.54],[45.21,15.91]]],[[[61.72,25.04],[57.38,25.74],[56.62,27.61],[55.76,27.99],[55.47,29.22],[51.98,31.4],[51.42,32.3],[52.02,33.71],[51.41,34.23],[51.09,36.03],[52.34,35.64],[54.22,36.22],[53.92,36.67],[53.99,39.0],[53.14,39.45],[53.54,39.51],[53.5,40.03],[52.79,40.03],[52.89,40.87],[56.83,40.74],[58.34,43.47],[60.37,43.54],[62.19,41.78],[62.53,41.0],[62.33,40.29],[62.74,40.03],[66.28,40.81],[69.5,43.41],[70.0,44.39],[72.93,43.99],[73.2,43.41],[75.19,42.04],[73.4,39.51],[73.83,38.61],[74.89,38.48],[75.11,37.39],[71.94,37.75],[71.12,37.31],[70.98,35.89],[72.39,35.45],[73.02,34.81],[71.53,33.39],[70.85,32.04],[70.58,29.95],[69.64,29.36],[67.52,29.12],[66.66,24.84],[66.62,25.36],[61.72,25.04]]]]}},{"type":"Feature","properties":{"n":"Kingdom of Denmark","f":960,"t":969,"w":"Q756617"},"geometry":{"type":"MultiPolygon","coordinates":[[[[14.64,55.09],[14.64,55.29],[15.08,55.23],[14.64,55.09]]],[[[10.45,55.98],[10.63,55.98],[10.63,55.77],[10.45,55.98]]],[[[9.75,55.57],[10.63,55.63],[10.71,54.75],[9.93,55.09],[10.19,54.55],[9.93,54.27],[8.54,54.27],[8.8,54.61],[8.53,55.36],[8.0,55.63],[8.24,57.01],[10.46,57.77],[10.28,56.59],[10.9,56.52],[9.75,55.57]]],[[[14.23,55.91],[14.3,55.36],[12.81,55.36],[12.56,55.98],[12.1,54.75],[10.88,54.75],[11.67,55.09],[10.97,55.29],[10.89,55.77],[11.77,55.84],[12.75,56.52],[11.79,57.42],[11.98,57.77],[12.6,57.63],[13.46,56.59],[16.1,56.39],[14.23,55.91]]]]}},{"type":"Feature","properties":{"n":"Pagan Kingdom","f":960,"t":1045,"w":"Q888574"},"geometry":{"type":"MultiPolygon","coordinates":[[[[94.5,19.96],[94.51,20.02],[94.59,20.02],[94.5,19.96]]],[[[94.45,20.09],[94.52,20.09],[94.51,20.02],[94.45,20.09]]],[[[93.98,20.99],[94.31,21.69],[95.04,22.08],[96.32,21.69],[96.32,20.73],[95.63,20.09],[95.24,19.96],[94.53,20.15],[93.98,20.99]]]]}},{"type":"Feature","properties":{"n":"West Franks","f":960,"t":979,"w":"Q46370"},"geometry":{"type":"Polygon","coordinates":[[[3.85,43.6],[1.81,42.5],[-1.69,43.34],[-1.05,45.69],[-1.25,46.28],[-2.56,47.27],[-1.19,47.66],[-1.0,48.39],[1.47,48.65],[1.84,49.38],[1.42,50.71],[3.32,51.45],[4.26,51.31],[3.55,50.38],[4.58,49.91],[5.03,49.12],[4.88,48.52],[5.82,47.86],[4.57,46.09],[3.98,46.35],[3.94,45.37],[4.36,45.1],[3.97,44.65],[4.73,43.93],[4.34,43.47],[3.85,43.6]]]}},{"type":"Feature","properties":{"n":"Emirate of Crete","f":960,"t":960,"w":"Q603771"},"geometry":{"type":"Polygon","coordinates":[[[26.23,35.19],[24.82,35.0],[23.62,35.52],[26.23,35.19]]]}},{"type":"Feature","properties":{"n":"Kingdom of Powys","f":960,"t":1039,"w":"Q769782"},"geometry":{"type":"Polygon","coordinates":[[[-3.27,52.99],[-2.87,52.38],[-3.69,52.12],[-3.99,52.45],[-3.27,52.99]]]}},{"type":"Feature","properties":{"n":"County of Barcelona","f":960,"t":960,"w":"Q7038"},"geometry":{"type":"MultiPolygon","coordinates":[[[[2.86,42.24],[3.11,41.98],[1.79,41.26],[1.45,41.72],[2.86,42.24]]],[[[1.75,42.17],[1.21,41.85],[1.11,42.17],[1.57,42.63],[1.75,42.17]]]]}},{"type":"Feature","properties":{"n":"Khazaria","f":960,"t":969,"w":"Q173282"},"geometry":{"type":"MultiPolygon","coordinates":[[[[35.02,45.3],[36.42,45.43],[36.37,45.1],[34.38,44.78],[32.61,45.5],[34.15,46.09],[35.02,45.3]]],[[[46.63,44.45],[47.34,43.99],[47.38,43.02],[48.21,42.04],[47.72,41.2],[45.23,42.69],[43.85,42.63],[42.99,43.15],[40.4,43.54],[36.78,45.1],[36.91,45.43],[37.7,45.3],[38.37,46.35],[37.84,46.61],[39.13,46.94],[39.2,47.33],[35.63,46.68],[34.74,46.15],[31.82,46.35],[33.69,46.87],[34.12,47.53],[35.03,47.53],[35.35,48.52],[37.26,49.45],[38.02,50.38],[42.4,49.65],[46.81,49.58],[48.78,48.46],[53.6,48.19],[54.52,47.33],[54.29,45.56],[53.67,45.37],[53.06,45.56],[53.35,46.35],[53.11,47.01],[51.58,47.14],[49.3,46.55],[47.57,45.76],[46.63,44.45]]],[[[53.1,46.02],[53.18,46.02],[53.17,45.96],[53.1,46.02]]]]}},{"type":"Feature","properties":{"n":"Strathclyde","f":960,"t":979,"w":"Q124661"},"geometry":{"type":"Polygon","coordinates":[[[-4.86,56.18],[-3.68,55.84],[-3.06,55.02],[-4.98,55.7],[-4.86,56.18]]]}},{"type":"Feature","properties":{"n":"Kingdom of Morgannwg","f":960,"t":1045,"w":"Q13131807"},"geometry":{"type":"Polygon","coordinates":[[[-3.7,51.38],[-3.89,51.58],[-3.32,51.78],[-3.28,51.45],[-3.7,51.38]]]}},{"type":"Feature","properties":{"n":"First Bulgarian Empire","f":961,"t":969,"w":"Q203817"},"geometry":{"type":"MultiPolygon","coordinates":[[[[19.17,42.24],[19.17,42.3],[19.25,42.3],[19.17,42.24]]],[[[33.69,46.87],[32.92,46.61],[30.88,46.68],[29.61,45.69],[29.53,44.91],[28.8,44.97],[28.48,43.47],[27.51,42.63],[27.93,41.98],[25.22,42.04],[24.52,41.26],[23.0,41.0],[20.31,39.71],[19.92,39.71],[19.25,40.61],[19.81,40.81],[19.92,41.33],[19.1,42.56],[20.06,42.56],[20.5,43.28],[19.03,44.39],[19.24,45.24],[20.14,45.37],[20.59,44.78],[21.87,44.58],[22.64,45.04],[23.5,44.65],[23.52,44.91],[26.7,45.04],[28.47,45.63],[29.32,47.4],[34.04,47.53],[33.69,46.87]]]]}},{"type":"Feature","properties":{"n":"Kingdom of Germany","f":961,"t":961,"w":"Q175211"},"geometry":{"type":"MultiPolygon","coordinates":[[[[14.69,42.17],[14.77,42.17],[14.77,42.11],[14.69,42.17]]],[[[10.46,42.69],[10.13,42.89],[10.21,42.89],[10.46,42.69]]],[[[13.39,54.21],[13.21,53.73],[14.23,53.33],[14.13,52.86],[15.21,52.12],[15.92,50.78],[14.33,51.05],[12.38,50.38],[12.37,49.71],[14.18,48.59],[14.94,48.99],[16.93,48.72],[16.98,48.06],[16.32,47.86],[16.02,46.41],[15.34,45.5],[14.45,45.63],[13.95,45.04],[13.71,45.76],[12.0,45.56],[12.4,45.04],[12.31,44.19],[13.67,43.41],[14.06,42.5],[14.69,42.11],[14.12,41.72],[12.38,42.43],[12.22,43.41],[11.82,43.34],[12.06,42.76],[11.49,42.37],[10.54,43.08],[9.97,44.12],[8.43,44.39],[7.55,43.8],[7.63,44.19],[6.9,44.32],[6.63,45.1],[8.01,45.63],[8.55,47.6],[7.15,47.47],[6.81,47.93],[5.48,48.06],[4.88,48.52],[5.03,49.12],[4.58,49.91],[3.55,50.38],[4.26,51.31],[3.41,51.45],[3.75,51.45],[3.4,51.65],[4.7,52.99],[5.06,52.65],[5.39,52.86],[5.54,53.39],[8.21,53.6],[8.89,53.87],[8.89,54.34],[11.05,54.41],[10.88,54.07],[11.4,54.0],[13.05,54.48],[13.39,54.21]]]]}},{"type":"Feature","properties":{"n":"Republic of Venice","f":961,"t":999,"w":"Q4948"},"geometry":{"type":"MultiPolygon","coordinates":[[[[13.55,45.5],[13.94,44.91],[13.7,45.04],[13.55,45.5]]],[[[12.16,45.37],[12.0,45.37],[12.82,45.89],[13.06,45.63],[12.16,45.37]]]]}},{"type":"Feature","properties":{"n":"Kingdom of Castile","f":961,"t":1009,"w":"Q179293"},"geometry":{"type":"Polygon","coordinates":[[[-1.82,41.78],[-2.35,41.33],[-3.74,40.87],[-4.51,41.52],[-4.16,42.11],[-4.43,43.41],[-3.14,43.41],[-3.0,42.63],[-2.02,42.37],[-1.82,41.78]]]}},{"type":"Feature","properties":{"n":"County of Besalú","f":961,"t":969,"w":"Q1541642"},"geometry":{"type":"Polygon","coordinates":[[[1.81,42.5],[2.86,42.43],[2.48,41.91],[1.37,41.85],[1.81,42.5]]]}},{"type":"Feature","properties":{"n":"Papal States","f":961,"t":969,"w":"Q170174"},"geometry":{"type":"MultiPolygon","coordinates":[[[[11.57,42.3],[11.49,42.3],[11.49,42.37],[11.57,42.3]]],[[[13.87,41.33],[13.0,41.33],[11.73,42.17],[12.06,42.76],[11.82,43.34],[12.22,43.41],[12.38,42.43],[13.96,41.72],[13.87,41.33]]]]}},{"type":"Feature","properties":{"n":"Kingdom of Arles","f":961,"t":989,"w":"Q3271735"},"geometry":{"type":"Polygon","coordinates":[[[8.01,45.63],[6.63,45.1],[6.9,44.32],[7.63,44.19],[7.55,43.8],[6.28,43.15],[4.34,43.47],[4.73,43.93],[3.97,44.65],[4.36,45.1],[3.94,45.37],[3.98,46.35],[4.57,46.09],[6.14,47.99],[6.98,47.86],[7.15,47.47],[8.55,47.6],[8.01,45.63]]]}},{"type":"Feature","properties":{"n":"Kingdom of León","f":961,"t":989,"w":"Q175276"},"geometry":{"type":"Polygon","coordinates":[[[-4.16,42.11],[-4.51,41.52],[-3.73,40.68],[-5.02,39.97],[-6.09,40.55],[-8.97,40.03],[-8.96,42.17],[-8.65,42.3],[-9.3,43.15],[-8.24,43.73],[-4.43,43.41],[-4.16,42.11]]]}},{"type":"Feature","properties":{"n":"Byzantine Empire","f":961,"t":961,"w":"Q112039853"},"geometry":{"type":"MultiPolygon","coordinates":[[[[23.12,36.35],[23.11,36.16],[22.87,36.16],[23.12,36.35]]],[[[24.36,37.71],[24.43,37.58],[24.27,37.51],[24.36,37.71]]],[[[20.93,37.9],[20.92,37.64],[20.61,37.71],[20.93,37.9]]],[[[20.57,38.42],[20.79,38.09],[20.32,38.16],[20.57,38.42]]],[[[23.56,38.74],[23.48,38.74],[23.49,38.8],[23.56,38.74]]],[[[17.14,39.06],[15.7,37.96],[16.27,38.8],[15.9,39.71],[17.14,39.06]]],[[[20.15,39.58],[20.07,39.58],[20.07,39.64],[20.15,39.58]]],[[[19.91,39.58],[19.76,39.64],[19.76,39.77],[19.91,39.58]]],[[[16.12,41.91],[15.94,41.39],[17.98,40.61],[18.35,39.9],[17.35,40.55],[16.78,40.36],[16.01,41.07],[15.38,41.0],[15.48,41.72],[16.12,41.91]]],[[[19.86,41.72],[19.81,40.81],[19.33,40.74],[19.39,41.91],[19.86,41.72]]],[[[17.99,42.76],[17.83,42.89],[18.07,42.89],[17.99,42.76]]],[[[17.51,42.89],[17.59,42.89],[17.59,42.76],[17.51,42.89]]],[[[17.12,43.21],[17.12,43.08],[16.72,43.08],[17.12,43.21]]],[[[16.73,43.47],[16.81,43.47],[16.81,43.34],[16.73,43.47]]],[[[15.93,43.67],[16.66,43.67],[16.17,43.47],[15.93,43.67]]],[[[15.38,44.19],[15.22,44.12],[15.15,44.39],[15.38,44.19]]],[[[15.15,44.45],[15.15,44.39],[15.07,44.39],[15.15,44.45]]],[[[15.07,44.52],[15.07,44.45],[14.99,44.45],[15.07,44.52]]],[[[33.04,34.55],[32.23,34.94],[34.54,35.71],[34.09,35.0],[33.04,34.55]]],[[[25.68,35.13],[26.23,35.19],[24.82,35.0],[23.62,35.52],[25.68,35.13]]],[[[28.02,36.48],[28.25,36.48],[28.14,36.03],[27.74,35.9],[28.02,36.48]]],[[[27.19,36.8],[26.87,36.67],[27.04,36.93],[27.19,36.8]]],[[[25.57,37.13],[25.56,37.0],[25.33,37.0],[25.57,37.13]]],[[[25.22,37.71],[25.29,37.51],[25.05,37.51],[25.22,37.71]]],[[[26.31,37.71],[26.3,37.58],[25.99,37.51],[26.31,37.71]]],[[[25.07,37.77],[24.68,37.84],[24.77,38.03],[25.07,37.77]]],[[[26.22,38.55],[26.11,38.16],[25.88,38.16],[25.82,38.48],[26.22,38.55]]],[[[24.67,38.93],[24.66,38.74],[24.36,38.87],[24.67,38.93]]],[[[31.35,41.13],[32.63,41.91],[34.88,42.04],[35.95,41.72],[36.21,41.26],[38.3,40.87],[40.37,40.94],[41.24,41.39],[41.26,41.07],[40.3,40.48],[42.92,39.58],[42.13,39.06],[42.49,38.29],[40.62,38.93],[39.64,38.67],[38.4,37.51],[35.2,37.51],[33.98,36.29],[32.56,36.03],[31.09,36.93],[30.62,36.93],[30.49,36.35],[29.24,36.22],[29.12,36.74],[28.03,36.67],[28.07,37.13],[27.22,37.32],[27.28,38.03],[26.43,38.22],[26.38,38.67],[26.59,38.35],[27.08,38.55],[26.85,39.58],[26.13,39.51],[26.27,40.29],[29.05,40.36],[28.91,40.61],[29.49,40.87],[29.12,41.07],[27.53,41.07],[26.92,40.48],[24.35,41.0],[23.7,40.81],[23.74,40.23],[22.57,40.55],[22.61,39.9],[23.14,39.45],[22.8,39.06],[23.49,38.87],[22.94,38.74],[24.18,38.55],[23.98,37.84],[23.04,37.9],[23.4,37.32],[22.71,37.58],[23.06,36.67],[22.36,36.67],[22.22,37.06],[21.74,36.87],[21.7,37.51],[21.24,37.84],[21.74,38.35],[21.19,38.42],[20.15,39.64],[23.0,41.0],[24.52,41.26],[25.22,42.04],[27.38,42.11],[28.98,41.26],[31.35,41.13]]],[[[25.79,39.19],[26.04,39.38],[26.64,39.0],[25.79,39.19]]],[[[25.46,40.03],[25.45,39.84],[24.97,39.84],[25.46,40.03]]],[[[26.04,40.29],[26.02,40.16],[25.7,40.1],[26.04,40.29]]],[[[24.81,40.81],[24.79,40.61],[24.55,40.55],[24.81,40.81]]],[[[34.24,44.97],[34.37,44.71],[33.52,44.45],[33.76,45.04],[34.24,44.97]]]]}},{"type":"Feature","properties":{"n":"Northern Song","f":961,"t":969,"w":"Q7462"},"geometry":{"type":"Polygon","coordinates":[[[118.07,38.16],[119.46,37.96],[119.16,37.19],[120.75,37.9],[122.71,37.45],[122.39,36.8],[120.98,36.61],[119.23,34.81],[120.34,34.36],[120.92,32.62],[121.78,32.11],[121.76,31.66],[118.86,32.24],[116.91,30.69],[115.21,30.37],[114.68,30.82],[113.72,30.24],[113.69,30.82],[113.22,31.01],[113.31,31.91],[109.87,32.94],[110.21,33.65],[109.67,34.04],[106.48,34.74],[106.44,35.64],[105.7,34.94],[105.82,34.23],[105.19,33.78],[104.49,35.0],[104.46,35.52],[105.74,35.84],[106.08,36.29],[105.8,37.13],[104.54,37.64],[106.09,37.96],[106.52,38.42],[107.32,38.61],[108.79,37.9],[111.1,38.48],[111.9,37.51],[112.45,38.03],[113.36,37.96],[113.83,38.93],[114.86,38.48],[117.58,38.74],[118.07,38.16]]]}},{"type":"Feature","properties":{"n":"Principality of Serbia","f":961,"t":961,"w":"Q1311990"},"geometry":{"type":"Polygon","coordinates":[[[18.38,42.56],[18.14,42.63],[18.31,42.82],[18.38,42.56]]]}},{"type":"Feature","properties":{"n":"Caliphate of Córdoba","f":961,"t":979,"w":"Q171740"},"geometry":{"type":"MultiPolygon","coordinates":[[[[1.66,39.0],[1.27,38.8],[1.26,39.13],[1.66,39.0]]],[[[1.79,41.26],[0.7,40.94],[-0.35,39.71],[0.1,38.74],[-0.66,38.29],[-0.7,37.64],[-1.71,37.45],[-2.06,36.8],[-4.47,36.74],[-5.58,36.03],[-6.84,37.25],[-9.0,37.0],[-8.82,38.48],[-9.21,38.42],[-9.57,38.93],[-8.97,40.03],[-6.09,40.55],[-5.33,39.97],[-4.71,40.03],[-3.22,41.26],[-2.35,41.33],[-1.82,41.78],[-1.78,42.43],[-0.75,42.5],[1.37,41.85],[1.79,41.26]]],[[[3.52,39.77],[3.3,39.32],[2.35,39.45],[3.19,39.97],[3.52,39.77]]],[[[4.3,39.84],[3.74,40.1],[3.82,40.1],[4.3,39.84]]]]}},{"type":"Feature","properties":{"n":"County of Barcelona","f":961,"t":969,"w":"Q7038"},"geometry":{"type":"Polygon","coordinates":[[[1.87,41.26],[1.45,41.72],[2.86,42.24],[3.11,41.98],[1.87,41.26]]]}},{"type":"Feature","properties":{"n":"(Holy Roman Empire)","f":961,"t":961,"w":"Q12548"},"geometry":{"type":"MultiPolygon","coordinates":[[[[14.69,42.17],[14.77,42.17],[14.77,42.11],[14.69,42.17]]],[[[10.46,42.69],[10.13,42.89],[10.21,42.89],[10.46,42.69]]],[[[13.39,54.21],[13.21,53.73],[14.23,53.33],[14.13,52.86],[15.21,52.12],[15.92,50.78],[14.33,51.05],[12.38,50.38],[12.37,49.71],[14.18,48.59],[14.94,48.99],[16.93,48.72],[16.98,48.06],[16.32,47.86],[16.02,46.41],[15.34,45.5],[14.45,45.63],[13.95,45.04],[13.71,45.76],[12.0,45.56],[12.4,45.04],[12.31,44.19],[13.67,43.41],[14.06,42.5],[14.69,42.11],[14.12,41.72],[12.38,42.43],[12.22,43.41],[11.82,43.34],[12.06,42.76],[11.49,42.37],[10.54,43.08],[9.97,44.12],[8.43,44.39],[7.55,43.8],[7.63,44.19],[6.9,44.32],[6.63,45.1],[8.01,45.63],[8.55,47.6],[7.15,47.47],[6.81,47.93],[5.48,48.06],[4.88,48.52],[5.03,49.12],[4.58,49.91],[3.55,50.38],[4.26,51.31],[3.41,51.45],[3.75,51.45],[3.4,51.65],[4.7,52.99],[5.06,52.65],[5.39,52.86],[5.54,53.39],[8.21,53.6],[8.89,53.87],[8.89,54.34],[11.05,54.41],[10.88,54.07],[11.4,54.0],[13.05,54.48],[13.39,54.21]]]]}},{"type":"Feature","properties":{"n":"County of Urgell","f":961,"t":969,"w":"Q1514510"},"geometry":{"type":"Polygon","coordinates":[[[1.75,42.17],[1.21,41.85],[1.11,42.17],[1.49,42.63],[1.75,42.17]]]}},{"type":"Feature","properties":{"n":"Kingdom of Croatia","f":961,"t":969,"w":"Q858841"},"geometry":{"type":"MultiPolygon","coordinates":[[[[14.51,44.91],[14.5,44.52],[14.26,44.58],[14.51,44.91]]],[[[19.24,45.24],[19.05,44.84],[17.93,45.1],[16.61,44.58],[16.73,43.54],[15.37,43.86],[14.92,44.97],[14.28,45.37],[15.34,45.5],[15.6,46.22],[16.44,46.61],[17.88,45.76],[18.78,45.89],[19.24,45.24]]]]}},{"type":"Feature","properties":{"n":"(Holy Roman Empire)","f":962,"t":969,"w":"Q12548"},"geometry":{"type":"MultiPolygon","coordinates":[[[[14.69,42.17],[14.77,42.17],[14.77,42.11],[14.69,42.17]]],[[[10.46,42.69],[10.13,42.89],[10.21,42.89],[10.46,42.69]]],[[[13.39,54.21],[13.21,53.73],[14.23,53.33],[14.13,52.86],[14.63,52.65],[14.62,52.18],[15.21,52.12],[15.92,50.78],[14.33,51.05],[12.38,50.38],[12.37,49.71],[14.18,48.59],[14.94,48.99],[16.93,48.72],[16.98,48.06],[16.32,47.86],[16.02,46.41],[15.34,45.5],[14.45,45.63],[13.95,45.04],[13.71,45.76],[12.0,45.56],[12.4,45.04],[12.31,44.19],[13.67,43.41],[14.06,42.5],[14.69,42.11],[14.12,41.72],[12.38,42.43],[12.22,43.41],[11.82,43.34],[12.06,42.76],[11.49,42.37],[10.54,43.08],[9.97,44.12],[8.43,44.39],[7.55,43.8],[7.63,44.19],[6.9,44.32],[6.63,45.1],[8.01,45.63],[8.55,47.6],[7.15,47.47],[6.81,47.93],[5.48,48.06],[4.88,48.52],[5.03,49.12],[4.58,49.91],[3.55,50.38],[4.26,51.31],[3.41,51.45],[3.75,51.45],[3.4,51.65],[4.7,52.99],[5.06,52.65],[5.39,52.86],[5.54,53.39],[7.08,53.73],[8.12,53.53],[8.89,53.87],[8.89,54.34],[11.05,54.41],[10.88,54.07],[11.4,54.0],[13.05,54.48],[13.39,54.21]]]]}},{"type":"Feature","properties":{"n":"Utpala Dynasty","f":962,"t":979,"w":"Q1617123"},"geometry":{"type":"Polygon","coordinates":[[[77.35,35.26],[76.82,33.36],[75.63,33.76],[74.92,34.67],[70.98,35.89],[71.12,37.31],[71.94,37.75],[77.27,37.0],[77.35,35.26]]]}},{"type":"Feature","properties":{"n":"Abbasid Caliphate/Buyid Dynasty","f":962,"t":969,"w":"Q12536"},"geometry":{"type":"Polygon","coordinates":[[[51.41,34.23],[52.02,33.71],[51.46,32.56],[51.59,31.91],[52.87,30.69],[55.47,29.22],[55.76,27.99],[56.81,27.29],[56.19,27.16],[56.06,26.71],[54.83,26.45],[53.66,26.71],[51.6,27.8],[50.06,30.18],[48.94,30.31],[48.4,29.6],[47.65,29.6],[48.06,28.51],[44.52,30.76],[42.68,30.63],[42.36,33.26],[45.12,36.03],[47.11,36.35],[47.2,36.93],[48.26,37.25],[51.09,36.03],[51.41,34.23]]]}},{"type":"Feature","properties":{"n":"Hamdanid Emirates","f":962,"t":969,"w":"Q837187"},"geometry":{"type":"MultiPolygon","coordinates":[[[[49.18,39.32],[48.76,38.35],[48.88,37.71],[49.46,37.45],[49.24,37.06],[47.63,37.19],[47.11,36.35],[45.12,36.03],[42.36,33.26],[39.51,34.49],[37.09,33.39],[35.93,34.87],[35.84,36.29],[36.63,37.13],[38.72,37.64],[39.64,38.67],[41.85,38.74],[42.24,38.22],[43.09,38.16],[42.7,37.58],[44.11,37.64],[44.98,38.22],[44.45,38.35],[44.58,38.67],[45.34,39.0],[44.83,39.71],[45.67,39.51],[46.26,38.87],[46.67,38.93],[46.86,39.58],[46.45,40.36],[46.87,40.48],[46.8,40.1],[47.41,39.58],[48.33,39.84],[49.18,39.32]]],[[[44.73,41.78],[44.89,41.78],[44.79,41.65],[44.73,41.78]]],[[[48.28,41.59],[48.12,41.59],[48.2,41.98],[48.28,41.59]]]]}},{"type":"Feature","properties":{"n":"(Alliance between Samanid Empire and Ziyadid dynasty)","f":962,"t":969,"w":"Q486181"},"geometry":{"type":"MultiPolygon","coordinates":[[[[45.21,15.91],[46.47,15.97],[46.15,15.52],[46.51,15.33],[49.48,14.69],[48.79,14.04],[45.74,13.34],[45.05,12.76],[43.44,12.69],[42.75,15.14],[42.82,16.61],[42.21,17.51],[43.89,18.54],[45.21,15.91]]],[[[61.72,25.04],[57.38,25.74],[56.62,27.61],[55.76,27.99],[55.47,29.22],[51.98,31.4],[51.42,32.3],[52.02,33.71],[51.41,34.23],[51.09,36.03],[52.34,35.64],[54.22,36.22],[53.92,36.67],[53.99,39.0],[53.14,39.45],[53.54,39.51],[53.5,40.03],[52.79,40.03],[52.89,40.87],[56.83,40.74],[58.34,43.47],[60.37,43.54],[62.19,41.78],[62.53,41.0],[62.33,40.29],[62.74,40.03],[66.28,40.81],[69.5,43.41],[70.0,44.39],[72.93,43.99],[73.2,43.41],[75.19,42.04],[73.4,39.51],[73.83,38.61],[74.89,38.48],[75.11,37.39],[71.94,37.75],[71.12,37.31],[70.98,36.8],[67.07,36.42],[65.93,34.49],[64.36,33.59],[64.46,30.95],[67.17,30.37],[67.56,31.27],[69.09,31.66],[69.54,33.07],[70.26,33.2],[69.99,34.04],[71.08,34.1],[71.65,35.48],[73.09,35.05],[71.53,33.39],[70.85,32.04],[70.58,29.95],[69.64,29.36],[67.52,29.12],[66.66,24.84],[66.62,25.36],[61.72,25.04]]]]}},{"type":"Feature","properties":{"n":"Later Shu","f":962,"t":969,"w":"Q526507"},"geometry":{"type":"Polygon","coordinates":[[[107.34,26.97],[106.22,27.61],[106.14,28.44],[104.43,27.67],[104.64,28.44],[103.99,28.57],[103.29,27.61],[103.46,26.45],[102.19,26.13],[101.61,26.9],[101.7,27.87],[100.92,30.56],[101.69,32.75],[103.21,33.39],[103.67,35.07],[104.43,35.45],[105.19,33.78],[105.82,34.23],[105.7,34.94],[106.44,35.64],[106.48,34.74],[108.82,34.42],[110.21,33.65],[109.61,32.24],[110.52,30.18],[107.34,26.97]]]}},{"type":"Feature","properties":{"n":"Ghaznavid Empire","f":962,"t":979,"w":"Q12844800"},"geometry":{"type":"Polygon","coordinates":[[[71.08,34.1],[69.99,34.04],[70.26,33.2],[69.54,33.07],[69.09,31.66],[67.56,31.27],[67.17,30.37],[64.46,30.95],[64.36,33.59],[65.93,34.49],[67.07,36.42],[70.98,36.8],[70.98,35.89],[71.64,35.45],[71.08,34.1]]]}},{"type":"Feature","properties":{"n":"Byzantine Empire","f":962,"t":969,"w":"Q112039853"},"geometry":{"type":"MultiPolygon","coordinates":[[[[23.12,36.35],[23.11,36.16],[22.87,36.16],[23.12,36.35]]],[[[24.36,37.71],[24.43,37.58],[24.27,37.51],[24.36,37.71]]],[[[20.93,37.9],[20.92,37.64],[20.61,37.71],[20.93,37.9]]],[[[20.57,38.42],[20.79,38.09],[20.32,38.16],[20.57,38.42]]],[[[23.56,38.74],[23.48,38.74],[23.49,38.8],[23.56,38.74]]],[[[17.14,39.06],[15.7,37.96],[16.27,38.8],[15.9,39.71],[17.14,39.06]]],[[[20.15,39.58],[20.07,39.58],[20.07,39.64],[20.15,39.58]]],[[[19.91,39.58],[19.76,39.64],[19.76,39.77],[19.91,39.58]]],[[[16.12,41.91],[15.94,41.39],[17.98,40.61],[18.35,39.9],[17.35,40.55],[16.78,40.36],[16.01,41.07],[15.38,41.0],[15.48,41.72],[16.12,41.91]]],[[[19.86,41.72],[19.81,40.81],[19.33,40.74],[19.39,41.91],[19.86,41.72]]],[[[18.07,42.89],[18.23,42.76],[18.07,42.69],[18.07,42.89]]],[[[17.51,42.89],[17.59,42.89],[17.59,42.76],[17.51,42.89]]],[[[17.12,43.21],[17.12,43.08],[16.72,43.08],[17.12,43.21]]],[[[16.73,43.47],[16.81,43.47],[16.81,43.34],[16.73,43.47]]],[[[15.93,43.67],[16.66,43.67],[16.17,43.47],[15.93,43.67]]],[[[15.38,44.19],[15.22,44.12],[15.15,44.39],[15.38,44.19]]],[[[15.15,44.45],[15.15,44.39],[15.07,44.39],[15.15,44.45]]],[[[15.07,44.52],[15.07,44.45],[14.99,44.45],[15.07,44.52]]],[[[33.04,34.55],[32.23,34.94],[34.54,35.71],[34.09,35.0],[33.04,34.55]]],[[[25.68,35.13],[26.23,35.19],[24.82,35.0],[23.62,35.52],[25.68,35.13]]],[[[28.02,36.48],[28.25,36.48],[28.14,36.03],[27.74,35.9],[28.02,36.48]]],[[[27.19,36.8],[26.87,36.67],[27.04,36.93],[27.19,36.8]]],[[[25.57,37.13],[25.56,37.0],[25.33,37.0],[25.57,37.13]]],[[[25.22,37.71],[25.29,37.51],[25.05,37.51],[25.22,37.71]]],[[[26.31,37.71],[26.3,37.58],[25.99,37.51],[26.31,37.71]]],[[[25.07,37.77],[24.68,37.84],[24.77,38.03],[25.07,37.77]]],[[[26.22,38.55],[26.11,38.16],[25.88,38.16],[25.82,38.48],[26.22,38.55]]],[[[24.67,38.93],[24.66,38.74],[24.36,38.87],[24.67,38.93]]],[[[31.35,41.13],[32.63,41.91],[34.88,42.04],[35.95,41.72],[36.21,41.26],[38.3,40.87],[40.37,40.94],[41.24,41.39],[41.26,41.07],[40.3,40.48],[42.92,39.58],[42.13,39.06],[42.49,38.29],[40.62,38.93],[39.64,38.67],[38.72,37.64],[37.29,37.38],[36.28,36.74],[34.58,36.87],[33.98,36.29],[32.56,36.03],[31.09,36.93],[30.62,36.93],[30.49,36.35],[29.24,36.22],[29.12,36.74],[28.03,36.67],[28.07,37.13],[27.22,37.32],[27.28,38.03],[26.43,38.22],[26.38,38.67],[26.59,38.35],[27.08,38.55],[26.85,39.58],[26.13,39.51],[26.27,40.29],[29.05,40.36],[28.91,40.61],[29.49,40.87],[29.12,41.07],[27.53,41.07],[26.92,40.48],[24.35,41.0],[23.7,40.81],[23.74,40.23],[22.57,40.55],[22.61,39.9],[23.14,39.45],[22.8,39.06],[23.49,38.87],[22.94,38.74],[24.18,38.55],[23.98,37.84],[23.04,37.9],[23.4,37.32],[22.71,37.58],[23.06,36.67],[22.36,36.67],[22.22,37.06],[21.74,36.87],[21.7,37.51],[21.24,37.84],[21.74,38.35],[21.19,38.42],[20.15,39.64],[23.0,41.0],[24.52,41.26],[25.22,42.04],[27.38,42.11],[28.98,41.26],[31.35,41.13]]],[[[25.79,39.19],[26.04,39.38],[26.64,39.0],[25.79,39.19]]],[[[25.46,40.03],[25.45,39.84],[24.97,39.84],[25.46,40.03]]],[[[26.04,40.29],[26.02,40.16],[25.7,40.1],[26.04,40.29]]],[[[24.81,40.81],[24.79,40.61],[24.55,40.55],[24.81,40.81]]],[[[34.24,44.97],[34.37,44.71],[33.52,44.45],[33.76,45.04],[34.24,44.97]]]]}},{"type":"Feature","properties":{"n":"Samanid Empire","f":962,"t":969,"w":"Q486181"},"geometry":{"type":"Polygon","coordinates":[[[66.35,25.55],[61.72,25.04],[57.38,25.74],[56.62,27.61],[55.76,27.99],[55.47,29.22],[51.98,31.4],[51.42,32.3],[52.02,33.71],[51.41,34.23],[51.09,36.03],[52.34,35.64],[54.22,36.22],[53.92,36.67],[53.99,39.0],[53.14,39.45],[53.54,39.51],[53.5,40.03],[52.79,40.03],[52.89,40.87],[56.83,40.74],[58.34,43.47],[60.37,43.54],[62.19,41.78],[62.53,41.0],[62.33,40.29],[62.74,40.03],[66.28,40.81],[69.5,43.41],[70.0,44.39],[72.93,43.99],[73.2,43.41],[75.19,42.04],[73.4,39.51],[73.83,38.61],[74.89,38.48],[75.11,37.39],[71.94,37.75],[71.12,37.31],[70.98,36.8],[67.07,36.42],[65.93,34.49],[64.36,33.59],[64.46,30.95],[67.17,30.37],[67.56,31.27],[69.09,31.66],[69.54,33.07],[70.26,33.2],[69.99,34.04],[71.08,34.1],[71.65,35.48],[73.09,35.05],[71.53,33.39],[70.85,32.04],[70.58,29.95],[69.64,29.36],[67.52,29.12],[67.16,26.1],[66.64,24.91],[66.35,25.55]]]}},{"type":"Feature","properties":{"n":"Kingdom of Poland","f":962,"t":969,"w":"Q577867"},"geometry":{"type":"MultiPolygon","coordinates":[[[[22.17,53.66],[22.65,53.26],[22.18,51.98],[20.73,51.85],[20.5,51.11],[20.07,51.05],[20.11,50.38],[19.61,50.45],[19.4,51.05],[17.55,51.25],[17.32,51.71],[15.53,51.51],[14.55,52.59],[16.27,52.92],[17.95,53.73],[20.49,53.12],[22.17,53.66]]],[[[15.67,52.92],[15.76,52.92],[15.75,52.86],[15.67,52.92]]],[[[16.19,53.06],[16.28,53.06],[16.27,52.99],[16.19,53.06]]],[[[16.28,53.12],[16.37,53.12],[16.36,53.06],[16.28,53.12]]]]}},{"type":"Feature","properties":{"n":"Holy Roman Empire","f":962,"t":969,"w":"Q12548"},"geometry":{"type":"MultiPolygon","coordinates":[[[[14.69,42.17],[14.77,42.17],[14.77,42.11],[14.69,42.17]]],[[[10.46,42.69],[10.13,42.89],[10.21,42.89],[10.46,42.69]]],[[[13.39,54.21],[13.21,53.73],[14.23,53.33],[14.13,52.86],[14.63,52.65],[14.62,52.18],[15.21,52.12],[15.92,50.78],[14.33,51.05],[12.38,50.38],[12.37,49.71],[14.18,48.59],[14.94,48.99],[16.93,48.72],[16.98,48.06],[16.32,47.86],[16.02,46.41],[15.34,45.5],[14.45,45.63],[13.95,45.04],[13.71,45.76],[12.0,45.56],[12.4,45.04],[12.31,44.19],[13.67,43.41],[14.06,42.5],[14.69,42.11],[14.12,41.72],[12.38,42.43],[12.22,43.41],[11.82,43.34],[12.06,42.76],[11.49,42.37],[10.54,43.08],[9.97,44.12],[8.43,44.39],[7.55,43.8],[7.63,44.19],[6.9,44.32],[6.63,45.1],[8.01,45.63],[8.55,47.6],[7.15,47.47],[6.81,47.93],[5.48,48.06],[4.88,48.52],[5.03,49.12],[4.58,49.91],[3.55,50.38],[4.26,51.31],[3.41,51.45],[3.75,51.45],[3.4,51.65],[4.7,52.99],[5.06,52.65],[5.39,52.86],[5.54,53.39],[7.08,53.73],[8.12,53.53],[8.89,53.87],[8.89,54.34],[11.05,54.41],[10.88,54.07],[11.4,54.0],[13.05,54.48],[13.39,54.21]]]]}},{"type":"Feature","properties":{"n":"Duchy of Bohemia","f":962,"t":989,"w":"Q2162698"},"geometry":{"type":"Polygon","coordinates":[[[20.38,49.45],[20.12,49.25],[18.46,49.32],[16.93,48.72],[14.94,48.99],[14.18,48.59],[12.2,50.05],[14.33,51.05],[15.92,50.78],[15.61,51.51],[16.98,51.71],[17.55,51.25],[19.4,51.05],[19.61,50.45],[20.11,50.38],[20.38,49.45]]]}},{"type":"Feature","properties":{"n":"Pala Empire","f":962,"t":979,"w":"Q668412"},"geometry":{"type":"MultiPolygon","coordinates":[[[[91.22,22.4],[91.26,22.21],[91.03,22.14],[91.22,22.4]]],[[[89.28,25.23],[90.37,24.65],[90.86,22.01],[88.73,21.63],[88.64,22.08],[88.2,21.56],[87.89,22.53],[84.05,24.33],[84.09,25.1],[84.7,25.62],[89.28,25.23]]]]}},{"type":"Feature","properties":{"n":"Jingnan","f":962,"t":969,"w":"Q1325075"},"geometry":{"type":"Polygon","coordinates":[[[113.5,30.24],[111.16,30.76],[110.52,30.18],[109.68,32.62],[110.05,33.01],[113.31,31.91],[113.22,31.01],[113.69,30.82],[113.5,30.24]]]}},{"type":"Feature","properties":{"n":"(Kingdom of Poland)","f":962,"t":969,"w":"Q577867"},"geometry":{"type":"MultiPolygon","coordinates":[[[[22.17,53.66],[22.65,53.26],[22.18,51.98],[20.73,51.85],[20.5,51.11],[20.07,51.05],[20.11,50.38],[19.61,50.45],[19.4,51.05],[17.55,51.25],[17.32,51.71],[15.53,51.51],[14.55,52.59],[16.27,52.92],[17.95,53.73],[20.49,53.12],[22.17,53.66]]],[[[15.67,52.92],[15.76,52.92],[15.75,52.86],[15.67,52.92]]],[[[16.19,53.06],[16.28,53.06],[16.27,52.99],[16.19,53.06]]],[[[16.28,53.12],[16.37,53.12],[16.36,53.06],[16.28,53.12]]]]}},{"type":"Feature","properties":{"n":"Kingdom of Dali","f":970,"t":1055,"w":"Q26472"},"geometry":{"type":"Polygon","coordinates":[[[104.54,25.55],[105.05,25.16],[104.59,24.33],[105.33,23.94],[106.1,24.07],[106.07,23.49],[104.04,22.53],[101.72,22.46],[101.87,21.56],[101.08,21.76],[100.21,21.44],[100.01,22.01],[99.21,22.14],[99.57,22.98],[98.67,23.81],[99.08,25.23],[98.62,25.94],[98.54,28.19],[99.92,28.89],[101.17,28.77],[101.7,27.87],[101.66,26.77],[102.19,26.13],[104.98,26.52],[104.54,25.55]]]}},{"type":"Feature","properties":{"n":"Wuyue","f":970,"t":979,"w":"Q1193822"},"geometry":{"type":"MultiPolygon","coordinates":[[[[121.9,30.82],[120.68,30.18],[121.48,30.31],[122.03,29.92],[121.94,29.22],[121.59,29.54],[121.65,28.32],[121.12,28.32],[120.68,27.61],[119.0,27.54],[118.89,28.44],[118.31,28.51],[118.18,29.28],[119.25,31.27],[120.77,32.04],[121.48,31.53],[121.96,31.59],[121.58,31.4],[121.9,30.82]]],[[[122.28,29.99],[121.98,29.99],[122.05,30.18],[122.28,29.99]]],[[[121.89,31.59],[121.73,31.59],[121.76,31.66],[121.89,31.59]]],[[[121.78,31.72],[121.76,31.66],[121.68,31.66],[121.78,31.72]]],[[[121.66,31.79],[121.63,31.72],[121.56,31.72],[121.66,31.79]]]]}},{"type":"Feature","properties":{"n":"Hamdanid Emirates","f":970,"t":979,"w":"Q837187"},"geometry":{"type":"MultiPolygon","coordinates":[[[[49.18,39.32],[48.76,38.35],[48.88,37.71],[49.46,37.45],[49.24,37.06],[47.63,37.19],[47.11,36.35],[45.12,36.03],[42.36,33.26],[39.51,34.49],[37.09,33.39],[36.17,34.94],[36.34,35.9],[37.28,36.67],[40.69,37.77],[41.81,37.38],[42.17,38.29],[43.09,38.16],[42.84,37.51],[44.11,37.64],[44.98,38.22],[44.45,38.35],[44.58,38.67],[45.34,39.0],[44.83,39.71],[46.67,38.93],[46.86,39.58],[46.34,40.16],[46.87,40.48],[46.8,40.1],[47.41,39.58],[48.33,39.84],[49.18,39.32]]],[[[44.73,41.78],[44.89,41.78],[44.79,41.65],[44.73,41.78]]],[[[48.28,41.59],[48.12,41.59],[48.2,41.98],[48.28,41.59]]]]}},{"type":"Feature","properties":{"n":"Kingdom of Croatia","f":970,"t":979,"w":"Q858841"},"geometry":{"type":"MultiPolygon","coordinates":[[[[14.51,44.91],[14.5,44.52],[14.26,44.58],[14.51,44.91]]],[[[19.24,45.24],[18.89,44.84],[18.58,45.1],[16.94,44.84],[16.44,44.39],[16.73,43.54],[15.37,43.86],[14.92,44.97],[14.28,45.37],[15.34,45.5],[15.6,46.22],[16.44,46.61],[17.88,45.76],[18.78,45.89],[19.24,45.24]]]]}},{"type":"Feature","properties":{"n":"(Holy Roman Empire)","f":970,"t":979,"w":"Q12548"},"geometry":{"type":"MultiPolygon","coordinates":[[[[9.58,41.98],[9.1,41.33],[8.62,41.72],[8.53,42.5],[9.33,43.02],[9.58,41.98]]],[[[10.46,42.69],[10.13,42.89],[10.21,42.89],[10.46,42.69]]],[[[13.39,54.21],[13.21,53.73],[14.23,53.33],[14.13,52.86],[14.63,52.65],[14.62,52.18],[15.21,52.12],[15.92,50.78],[14.33,51.05],[12.38,50.38],[12.37,49.71],[14.18,48.59],[14.94,48.99],[16.93,48.72],[16.98,48.06],[16.32,47.86],[16.02,46.41],[15.34,45.5],[14.45,45.63],[13.95,45.04],[13.71,45.76],[12.0,45.56],[12.4,45.04],[12.31,44.19],[13.51,43.47],[11.82,43.34],[12.06,42.76],[11.49,42.37],[10.54,43.08],[9.97,44.12],[8.43,44.39],[7.55,43.8],[7.63,44.19],[6.9,44.32],[6.63,45.1],[8.01,45.63],[8.55,47.6],[7.15,47.47],[6.98,47.86],[5.82,47.86],[4.88,48.52],[5.03,49.12],[4.58,49.91],[3.55,50.38],[4.26,51.31],[3.5,51.25],[3.75,51.45],[3.4,51.65],[4.7,52.99],[5.06,52.65],[5.39,52.86],[5.54,53.39],[7.08,53.73],[8.12,53.53],[8.89,53.87],[8.89,54.34],[11.05,54.41],[10.88,54.07],[11.4,54.0],[13.05,54.48],[13.39,54.21]]]]}},{"type":"Feature","properties":{"n":"(Kingdom of Denmark)","f":970,"t":989,"w":"Q756617"},"geometry":{"type":"MultiPolygon","coordinates":[[[[14.64,55.09],[14.64,55.29],[15.08,55.23],[14.64,55.09]]],[[[10.45,55.98],[10.63,55.98],[10.63,55.77],[10.45,55.98]]],[[[9.75,55.57],[10.63,55.63],[10.71,54.75],[9.93,55.09],[10.19,54.55],[9.93,54.27],[8.54,54.27],[8.8,54.61],[8.53,55.36],[8.0,55.63],[8.24,57.01],[10.46,57.77],[10.28,56.59],[10.9,56.52],[9.75,55.57]]],[[[14.23,55.91],[14.3,55.36],[12.81,55.36],[12.56,55.98],[12.1,54.75],[10.88,54.75],[11.67,55.09],[10.97,55.29],[10.89,55.77],[11.77,55.84],[12.75,56.52],[11.79,57.42],[11.98,57.77],[12.6,57.63],[13.46,56.59],[16.1,56.39],[14.23,55.91]]],[[[11.1,59.16],[10.56,59.64],[10.37,59.16],[9.65,59.02],[10.1,60.42],[10.93,61.26],[12.39,60.21],[11.92,59.92],[12.16,58.18],[11.71,57.97],[11.18,58.39],[11.1,59.16]]]]}},{"type":"Feature","properties":{"n":"Principality of Salerno","f":970,"t":979,"w":"Q1065299"},"geometry":{"type":"Polygon","coordinates":[[[14.97,40.61],[14.5,41.0],[15.54,41.0],[15.59,40.03],[14.97,40.61]]]}},{"type":"Feature","properties":{"n":"County of Barcelona","f":970,"t":989,"w":"Q7038"},"geometry":{"type":"MultiPolygon","coordinates":[[[[2.86,42.24],[3.11,41.98],[1.79,41.26],[1.45,41.72],[2.86,42.24]]],[[[1.75,42.17],[1.21,41.85],[1.11,42.17],[1.57,42.63],[1.75,42.17]]]]}},{"type":"Feature","properties":{"n":"Khazaria","f":970,"t":979,"w":"Q173282"},"geometry":{"type":"Polygon","coordinates":[[[47.66,46.15],[47.98,45.76],[47.47,45.69],[46.63,44.45],[47.34,43.99],[47.38,43.02],[48.21,42.04],[48.08,41.39],[47.27,41.33],[45.23,42.69],[43.85,42.63],[39.21,44.12],[41.74,47.27],[43.63,48.46],[45.86,48.39],[47.98,46.48],[47.66,46.15]]]}},{"type":"Feature","properties":{"n":"Old Kingdom of Norway","f":970,"t":979,"w":"Q202266"},"geometry":{"type":"MultiPolygon","coordinates":[[[[-5.2,58.67],[-3.04,58.67],[-4.11,57.9],[-5.47,58.04],[-5.2,58.67]]],[[[-3.2,59.22],[-2.79,58.88],[-3.42,58.81],[-3.2,59.22]]],[[[-2.56,59.22],[-2.83,59.16],[-2.84,59.29],[-2.56,59.22]]],[[[-1.16,60.56],[-1.2,60.07],[-1.67,60.21],[-1.63,60.63],[-0.81,60.63],[-1.16,60.56]]],[[[17.15,68.05],[16.83,67.82],[16.74,67.89],[15.72,67.37],[13.2,65.66],[13.46,64.79],[14.19,64.2],[12.26,62.69],[12.24,62.05],[12.88,61.41],[12.31,60.98],[12.57,60.35],[11.93,60.35],[10.93,61.26],[10.1,60.42],[9.65,58.95],[8.67,58.32],[6.61,58.04],[5.51,58.6],[6.03,59.36],[5.21,59.29],[5.45,60.14],[4.9,60.21],[5.08,62.26],[5.92,62.19],[6.64,62.76],[7.4,62.62],[6.92,63.05],[8.23,63.19],[7.84,63.55],[9.07,63.7],[9.26,63.41],[10.3,64.42],[11.35,64.49],[11.45,65.0],[12.13,65.15],[12.53,65.74],[12.35,66.25],[12.82,66.03],[12.94,66.62],[15.88,68.27],[14.19,68.2],[14.9,68.57],[14.52,68.88],[15.13,69.11],[15.52,68.8],[15.44,69.18],[16.15,69.33],[15.92,68.88],[17.21,68.8],[17.65,69.18],[17.04,69.11],[16.87,69.49],[18.58,69.49],[18.31,69.79],[19.38,69.41],[17.29,68.5],[17.15,68.05]],[[16.84,67.89],[16.85,67.97],[16.74,67.89],[16.84,67.89]],[[16.94,67.97],[16.95,68.04],[16.85,67.97],[16.94,67.97]],[[16.95,68.05],[17.05,68.05],[17.06,68.12],[16.95,68.05]]],[[[12.89,68.12],[13.19,68.12],[13.19,67.97],[12.89,68.12]]],[[[16.42,67.59],[16.32,67.59],[16.33,67.67],[16.42,67.59]]],[[[16.73,67.74],[16.63,67.74],[16.64,67.82],[16.73,67.74]]],[[[13.39,68.05],[14.1,68.42],[14.09,68.2],[13.39,68.05]]]]}},{"type":"Feature","properties":{"n":"Qarmatians","f":970,"t":979,"w":"Q138803"},"geometry":{"type":"MultiPolygon","coordinates":[[[[51.13,25.42],[51.14,25.49],[51.21,25.49],[51.13,25.42]]],[[[50.43,25.94],[50.46,26.26],[50.69,26.26],[50.43,25.94]]],[[[50.13,26.77],[50.07,26.07],[50.65,25.1],[51.12,26.13],[51.7,25.87],[51.41,24.33],[51.91,24.01],[54.08,24.14],[55.73,25.74],[56.03,24.97],[54.5,23.81],[51.88,23.69],[51.1,24.2],[51.32,25.87],[50.62,24.65],[49.67,25.87],[49.88,26.45],[48.55,27.48],[47.65,29.6],[48.22,29.28],[48.87,27.67],[50.13,26.77]]]]}},{"type":"Feature","properties":{"n":"Buyid Dynasty","f":970,"t":979,"w":"Q12536"},"geometry":{"type":"MultiPolygon","coordinates":[[[[57.49,23.88],[58.81,23.62],[59.27,22.91],[56.81,23.75],[55.81,25.74],[56.17,26.32],[56.54,26.32],[56.4,24.97],[57.49,23.88]]],[[[54.56,33.78],[56.11,32.04],[56.28,31.14],[58.14,30.44],[58.87,29.22],[58.45,27.22],[57.14,26.26],[56.71,27.16],[54.68,26.45],[51.45,27.87],[50.06,30.18],[48.94,30.31],[48.4,29.6],[47.65,29.6],[48.06,28.51],[44.52,30.76],[42.68,30.63],[42.57,33.71],[43.81,34.42],[45.12,36.03],[47.11,36.35],[47.63,37.19],[48.8,37.19],[52.03,35.64],[54.11,36.03],[54.56,33.78]]]]}},{"type":"Feature","properties":{"n":"Kimek-Kipchak confederation","f":970,"t":989,"w":"Q2477776"},"geometry":{"type":"MultiPolygon","coordinates":[[[[68.01,43.99],[68.09,43.99],[68.07,43.93],[68.01,43.99]]],[[[67.95,44.06],[68.03,44.06],[68.01,43.99],[67.95,44.06]]],[[[74.87,53.06],[77.07,51.85],[79.02,49.98],[84.37,49.45],[85.4,48.85],[85.51,47.73],[80.83,46.48],[78.7,46.87],[72.03,46.61],[69.93,44.19],[68.9,43.99],[68.05,44.12],[67.87,44.06],[66.09,45.3],[64.82,45.63],[64.76,47.4],[64.09,47.86],[56.38,47.8],[53.24,46.87],[51.86,46.94],[51.31,47.66],[51.81,49.52],[51.43,50.25],[51.65,50.98],[52.43,51.58],[54.61,51.78],[58.11,51.11],[59.01,51.71],[59.44,52.65],[61.11,53.39],[61.25,53.33],[63.92,53.73],[71.33,53.53],[74.87,53.06]]],[[[61.31,53.46],[61.28,53.39],[61.2,53.39],[61.31,53.46]]],[[[66.28,53.8],[66.25,53.73],[66.16,53.73],[66.28,53.8]]]]}},{"type":"Feature","properties":{"n":"Chola Empire","f":970,"t":999,"w":"Q6806806"},"geometry":{"type":"Polygon","coordinates":[[[79.32,10.25],[78.96,9.22],[77.74,9.61],[76.69,9.22],[77.12,11.21],[77.72,11.47],[78.83,13.46],[80.38,13.46],[79.9,10.25],[79.32,10.25]]]}},{"type":"Feature","properties":{"n":"Ziyarid dynasty","f":970,"t":979,"w":"Q207044"},"geometry":{"type":"Polygon","coordinates":[[[54.22,36.22],[54.01,35.9],[52.03,35.64],[49.08,37.0],[49.54,37.45],[51.26,36.61],[53.96,36.87],[54.22,36.22]]]}},{"type":"Feature","properties":{"n":"(Alliance between Samanid Empire and Ziyadid dynasty)","f":970,"t":979,"w":"Q486181"},"geometry":{"type":"MultiPolygon","coordinates":[[[[45.21,15.91],[46.47,15.97],[46.15,15.52],[46.51,15.33],[49.48,14.69],[48.79,14.04],[45.74,13.34],[45.05,12.76],[43.44,12.69],[42.75,15.14],[42.82,16.61],[42.21,17.51],[43.89,18.54],[45.21,15.91]]],[[[61.72,25.04],[57.18,25.94],[57.14,26.26],[58.45,27.22],[58.87,29.22],[58.14,30.44],[56.28,31.14],[56.11,32.04],[54.56,33.78],[54.44,35.71],[53.92,36.67],[53.99,39.0],[53.14,39.45],[53.54,39.51],[53.5,40.03],[52.79,40.03],[52.89,40.87],[56.83,40.74],[58.34,43.47],[60.37,43.54],[62.19,41.78],[62.53,41.0],[62.33,40.29],[62.74,40.03],[66.28,40.81],[69.5,43.41],[70.0,44.39],[72.93,43.99],[73.2,43.41],[75.19,42.04],[73.4,39.51],[73.83,38.61],[74.89,38.48],[75.11,37.39],[71.94,37.75],[71.12,37.31],[70.98,36.8],[67.07,36.42],[65.93,34.49],[64.36,33.59],[64.46,30.95],[67.17,30.37],[67.56,31.27],[69.09,31.66],[69.54,33.07],[70.26,33.2],[69.99,34.04],[71.08,34.1],[71.65,35.48],[73.09,35.05],[71.53,33.39],[70.85,32.04],[70.58,29.95],[69.64,29.36],[67.52,29.12],[66.66,24.84],[66.62,25.36],[61.72,25.04]]]]}},{"type":"Feature","properties":{"n":"Kingdom of Denmark","f":970,"t":989,"w":"Q756617"},"geometry":{"type":"MultiPolygon","coordinates":[[[[14.64,55.09],[14.64,55.29],[15.08,55.23],[14.64,55.09]]],[[[10.45,55.98],[10.63,55.98],[10.63,55.77],[10.45,55.98]]],[[[9.75,55.57],[10.63,55.63],[10.71,54.75],[9.93,55.09],[10.19,54.55],[9.93,54.27],[8.54,54.27],[8.8,54.61],[8.53,55.36],[8.0,55.63],[8.24,57.01],[10.46,57.77],[10.28,56.59],[10.9,56.52],[9.75,55.57]]],[[[14.23,55.91],[14.3,55.36],[12.81,55.36],[12.56,55.98],[12.1,54.75],[10.88,54.75],[11.67,55.09],[10.97,55.29],[10.89,55.77],[11.77,55.84],[12.75,56.52],[11.79,57.42],[11.98,57.77],[12.6,57.63],[13.46,56.59],[16.1,56.39],[14.23,55.91]]],[[[11.1,59.16],[10.56,59.64],[10.37,59.16],[9.65,59.02],[10.1,60.42],[10.93,61.26],[12.39,60.21],[11.92,59.92],[12.16,58.18],[11.71,57.97],[11.18,58.39],[11.1,59.16]]]]}},{"type":"Feature","properties":{"n":"Idrisids","f":970,"t":979,"w":"Q431575"},"geometry":{"type":"Polygon","coordinates":[[[-0.07,35.84],[-0.17,34.55],[-1.57,33.33],[-5.39,31.72],[-7.73,31.34],[-8.05,31.59],[-7.37,32.81],[-7.8,33.59],[-6.61,34.16],[-5.88,35.77],[-5.34,35.84],[-4.91,35.26],[-4.45,35.26],[-4.51,34.94],[-3.5,34.81],[-0.07,35.84]]]}},{"type":"Feature","properties":{"n":"Southern Han","f":970,"t":979,"w":"Q1198071"},"geometry":{"type":"MultiPolygon","coordinates":[[[[108.76,18.41],[108.7,19.38],[109.25,19.96],[110.91,20.15],[111.03,19.57],[110.18,18.48],[108.76,18.41]]],[[[116.54,22.91],[114.64,22.72],[114.37,22.08],[113.6,22.72],[113.64,22.14],[110.42,21.18],[110.49,20.28],[109.88,20.21],[109.81,21.5],[107.1,21.76],[108.17,22.34],[108.16,23.11],[109.54,22.91],[112.07,23.69],[112.61,25.16],[113.49,25.42],[115.09,25.23],[114.55,24.46],[116.26,24.78],[116.85,24.39],[116.54,22.91]]]]}},{"type":"Feature","properties":{"n":"Fatimid Caliphate","f":970,"t":979,"w":"Q160307"},"geometry":{"type":"MultiPolygon","coordinates":[[[[11.08,35.0],[10.0,34.29],[10.24,33.71],[12.23,32.81],[13.3,32.94],[15.06,32.43],[15.65,31.4],[17.85,30.95],[18.97,30.24],[19.96,30.56],[20.02,32.24],[21.11,32.81],[21.88,32.94],[23.09,32.62],[23.3,32.17],[24.89,31.98],[25.25,31.46],[26.85,31.46],[28.87,30.82],[30.97,31.66],[32.83,31.01],[34.55,31.53],[35.64,34.36],[36.22,34.68],[37.09,33.39],[39.12,34.49],[40.7,34.16],[42.36,33.26],[42.68,30.69],[40.91,29.67],[39.78,27.87],[39.7,26.84],[40.13,25.49],[42.24,22.08],[44.47,19.51],[44.28,18.8],[42.21,17.51],[41.58,18.09],[40.85,19.7],[39.35,20.79],[38.6,23.62],[37.44,24.33],[37.27,25.23],[35.41,27.87],[34.59,28.06],[34.91,29.41],[34.12,27.74],[33.19,28.51],[32.53,29.92],[32.43,29.6],[35.85,23.88],[31.67,23.75],[30.46,23.36],[28.57,24.65],[28.15,27.35],[23.96,29.92],[21.54,29.92],[18.64,29.09],[17.44,29.86],[15.1,30.56],[13.98,31.79],[12.45,31.85],[9.86,32.81],[9.16,34.1],[7.61,34.55],[1.29,34.61],[-0.39,34.36],[-0.07,35.84],[0.38,36.22],[3.46,36.87],[5.56,36.67],[6.33,37.06],[8.52,36.87],[10.23,37.25],[10.23,36.8],[11.01,37.0],[10.46,36.42],[11.08,35.0]]],[[[2.53,34.49],[2.61,34.49],[2.61,34.42],[2.53,34.49]]],[[[14.57,35.77],[14.34,35.84],[14.34,36.03],[14.57,35.77]]]]}},{"type":"Feature","properties":{"n":"Southern Tang","f":970,"t":979,"w":"Q1326742"},"geometry":{"type":"Polygon","coordinates":[[[119.59,26.13],[119.53,25.62],[119.87,25.49],[119.27,25.49],[118.76,24.59],[118.15,24.52],[117.18,23.49],[116.85,24.39],[116.26,24.78],[114.55,24.46],[115.09,25.23],[114.26,25.49],[112.61,25.16],[112.07,23.69],[110.77,23.11],[109.54,22.91],[107.85,23.43],[108.31,26.32],[107.34,26.97],[109.39,28.7],[110.81,30.63],[113.87,30.24],[114.83,30.82],[115.21,30.37],[116.04,30.37],[118.86,32.24],[119.85,32.24],[120.18,31.91],[119.25,31.27],[118.18,29.28],[118.31,28.51],[118.89,28.44],[119.0,27.54],[120.68,27.61],[119.59,26.13]]]}},{"type":"Feature","properties":{"n":"Byzantine Empire","f":970,"t":979,"w":"Q112039853"},"geometry":{"type":"MultiPolygon","coordinates":[[[[22.89,36.42],[23.12,36.35],[23.11,36.16],[22.89,36.42]]],[[[24.36,37.71],[24.43,37.58],[24.27,37.51],[24.36,37.71]]],[[[20.93,37.9],[20.92,37.64],[20.61,37.71],[20.93,37.9]]],[[[24.77,38.03],[25.07,37.77],[24.83,37.71],[24.77,38.03]]],[[[20.57,38.42],[20.79,38.09],[20.32,38.16],[20.57,38.42]]],[[[23.56,38.74],[23.48,38.74],[23.49,38.8],[23.56,38.74]]],[[[24.67,38.93],[24.66,38.74],[24.36,38.87],[24.67,38.93]]],[[[20.15,39.58],[20.07,39.58],[20.07,39.64],[20.15,39.58]]],[[[19.91,39.58],[19.76,39.64],[19.76,39.77],[19.91,39.58]]],[[[15.7,37.96],[16.27,38.93],[15.36,40.48],[15.4,41.91],[16.12,41.91],[15.94,41.39],[18.44,40.16],[18.11,39.9],[17.81,40.36],[16.87,40.48],[16.45,39.64],[17.14,39.06],[15.7,37.96]]],[[[24.81,40.81],[24.79,40.61],[24.55,40.55],[24.81,40.81]]],[[[19.18,42.5],[19.92,41.33],[19.81,40.81],[19.33,40.74],[19.54,41.78],[16.73,43.34],[16.74,43.8],[16.44,44.39],[17.85,45.1],[19.3,44.91],[19.11,44.32],[20.5,43.28],[19.98,42.5],[19.18,42.5]]],[[[15.93,43.67],[16.66,43.67],[16.17,43.47],[15.93,43.67]]],[[[15.38,44.19],[15.22,44.12],[15.15,44.39],[15.38,44.19]]],[[[15.07,44.45],[15.15,44.45],[15.15,44.39],[15.07,44.45]]],[[[14.99,44.52],[15.07,44.52],[15.07,44.45],[14.99,44.52]]],[[[33.04,34.55],[32.23,34.94],[34.54,35.71],[34.09,35.0],[33.04,34.55]]],[[[25.68,35.13],[26.23,35.19],[24.82,35.0],[23.62,35.52],[25.68,35.13]]],[[[28.02,36.48],[28.25,36.48],[28.14,36.03],[27.74,35.9],[28.02,36.48]]],[[[27.19,36.8],[26.87,36.67],[27.04,36.93],[27.19,36.8]]],[[[25.57,37.13],[25.56,37.0],[25.33,37.0],[25.57,37.13]]],[[[25.22,37.71],[25.29,37.51],[25.05,37.51],[25.22,37.71]]],[[[26.31,37.71],[26.3,37.58],[25.99,37.51],[26.31,37.71]]],[[[31.35,41.13],[32.63,41.91],[34.88,42.04],[35.95,41.72],[36.21,41.26],[38.3,40.87],[40.37,40.94],[41.24,41.39],[41.26,41.07],[40.3,40.48],[42.92,39.58],[42.13,39.06],[42.49,38.29],[42.08,38.16],[41.81,37.38],[40.69,37.77],[37.28,36.67],[36.34,35.9],[36.06,34.61],[35.85,36.35],[36.26,36.61],[36.14,36.93],[35.49,36.61],[34.58,36.87],[33.98,36.29],[32.56,36.03],[31.09,36.93],[30.62,36.93],[30.49,36.35],[29.24,36.22],[29.12,36.74],[28.03,36.67],[28.07,37.13],[27.22,37.32],[27.28,38.03],[26.43,38.22],[26.38,38.67],[26.59,38.35],[27.08,38.55],[26.85,39.58],[26.13,39.51],[26.27,40.29],[29.05,40.36],[28.91,40.61],[29.49,40.87],[29.12,41.07],[27.53,41.07],[26.92,40.48],[24.35,41.0],[23.7,40.81],[23.74,40.23],[22.57,40.55],[22.61,39.9],[23.14,39.45],[22.8,39.06],[23.49,38.87],[22.94,38.74],[24.18,38.55],[23.98,37.84],[23.04,37.9],[23.4,37.32],[22.71,37.58],[23.06,36.67],[22.36,36.67],[22.22,37.06],[21.74,36.87],[21.7,37.51],[21.24,37.84],[21.74,38.35],[21.19,38.42],[20.15,39.64],[23.0,41.0],[24.52,41.26],[25.22,42.04],[26.57,41.91],[27.08,41.39],[27.58,41.59],[27.3,42.04],[27.93,41.98],[28.35,41.39],[31.35,41.13]]],[[[26.22,38.55],[26.11,38.16],[25.88,38.16],[26.22,38.55]]],[[[25.79,39.19],[26.04,39.38],[26.64,39.0],[25.79,39.19]]],[[[25.46,40.03],[25.45,39.84],[24.97,39.84],[25.46,40.03]]],[[[26.04,40.29],[26.02,40.16],[25.7,40.1],[26.04,40.29]]],[[[34.09,45.04],[34.37,44.71],[33.52,44.45],[33.6,45.04],[34.09,45.04]]]]}},{"type":"Feature","properties":{"n":"Kingdom of Poland","f":970,"t":979,"w":"Q577867"},"geometry":{"type":"MultiPolygon","coordinates":[[[[22.17,53.66],[22.65,53.26],[22.18,51.98],[20.73,51.85],[20.5,51.11],[20.07,51.05],[20.11,50.38],[19.61,50.45],[19.4,51.05],[17.55,51.25],[17.32,51.71],[15.53,51.51],[14.55,52.59],[16.27,52.92],[17.95,53.73],[20.49,53.12],[22.17,53.66]]],[[[15.67,52.92],[15.76,52.92],[15.75,52.86],[15.67,52.92]]],[[[16.19,53.06],[16.28,53.06],[16.27,52.99],[16.19,53.06]]],[[[16.28,53.12],[16.37,53.12],[16.36,53.06],[16.28,53.12]]]]}},{"type":"Feature","properties":{"n":"Oghuz Turks","f":970,"t":989,"w":"Q2118293"},"geometry":{"type":"MultiPolygon","coordinates":[[[[63.39,44.19],[61.57,43.8],[60.76,44.06],[61.58,44.91],[61.72,45.37],[61.34,45.43],[61.25,45.96],[61.7,46.87],[60.12,46.81],[59.31,46.02],[58.64,45.96],[57.96,44.45],[58.36,43.54],[57.96,42.37],[56.83,40.74],[54.39,40.81],[54.73,41.26],[54.09,41.59],[53.91,42.17],[53.19,42.17],[52.72,41.52],[52.44,42.04],[52.79,42.82],[51.44,43.21],[50.88,44.25],[50.19,44.45],[51.42,44.52],[51.02,44.84],[51.47,45.37],[54.3,44.97],[54.29,45.56],[53.06,45.56],[53.35,46.35],[53.24,46.87],[56.38,47.8],[64.09,47.86],[64.76,47.4],[64.8,45.56],[63.39,44.19]]],[[[53.08,45.96],[53.1,46.02],[53.18,46.02],[53.08,45.96]]]]}},{"type":"Feature","properties":{"n":"Samanid Empire","f":970,"t":979,"w":"Q486181"},"geometry":{"type":"Polygon","coordinates":[[[66.35,25.55],[61.72,25.04],[57.18,25.94],[57.14,26.26],[58.45,27.22],[58.87,29.22],[58.14,30.44],[56.28,31.14],[56.11,32.04],[54.56,33.78],[54.44,35.71],[53.92,36.67],[53.99,39.0],[53.14,39.45],[53.54,39.51],[53.5,40.03],[52.79,40.03],[52.89,40.87],[56.83,40.74],[58.34,43.47],[60.37,43.54],[62.19,41.78],[62.53,41.0],[62.33,40.29],[62.74,40.03],[66.28,40.81],[69.5,43.41],[70.0,44.39],[72.93,43.99],[73.2,43.41],[75.19,42.04],[73.4,39.51],[73.83,38.61],[74.89,38.48],[75.11,37.39],[71.94,37.75],[71.12,37.31],[70.98,36.8],[67.07,36.42],[65.93,34.49],[64.36,33.59],[64.46,30.95],[67.17,30.37],[67.56,31.27],[69.09,31.66],[69.54,33.07],[70.26,33.2],[69.99,34.04],[71.08,34.1],[71.65,35.48],[73.09,35.05],[71.53,33.39],[70.85,32.04],[70.58,29.95],[69.64,29.36],[67.52,29.12],[67.16,26.1],[66.64,24.91],[66.35,25.55]]]}},{"type":"Feature","properties":{"n":"Northern Song","f":970,"t":979,"w":"Q7462"},"geometry":{"type":"Polygon","coordinates":[[[118.07,38.16],[119.46,37.96],[119.16,37.19],[120.75,37.9],[122.71,37.45],[122.39,36.8],[120.98,36.61],[119.23,34.81],[120.34,34.36],[120.92,32.62],[121.78,32.11],[121.76,31.66],[118.86,32.24],[116.04,30.37],[115.21,30.37],[114.83,30.82],[113.87,30.24],[110.81,30.63],[109.39,28.7],[107.34,26.97],[106.22,27.61],[106.14,28.44],[104.43,27.67],[104.64,28.44],[103.99,28.57],[103.29,27.61],[103.46,26.45],[102.19,26.13],[101.66,26.77],[100.92,30.56],[101.69,32.75],[103.33,33.52],[103.89,35.26],[106.0,36.1],[105.8,37.13],[104.57,37.71],[107.32,38.61],[108.79,37.9],[111.1,38.48],[111.9,37.51],[112.45,38.03],[113.36,37.96],[113.83,38.93],[114.86,38.48],[117.58,38.74],[118.07,38.16]]]}},{"type":"Feature","properties":{"n":"Kievan Rus'","f":970,"t":979,"w":"Q1108445"},"geometry":{"type":"MultiPolygon","coordinates":[[[[26.34,50.45],[26.33,50.38],[26.25,50.38],[26.34,50.45]]],[[[26.09,51.25],[26.09,51.18],[26.0,51.18],[26.09,51.25]]],[[[27.08,41.39],[25.71,42.11],[24.49,41.91],[26.47,43.47],[25.71,44.91],[28.47,45.63],[28.76,46.81],[29.62,47.86],[29.31,49.38],[26.74,49.52],[26.42,50.45],[25.98,50.98],[28.29,54.82],[27.96,56.11],[28.11,56.52],[27.96,56.66],[28.07,56.8],[27.98,56.8],[28.0,56.94],[27.91,56.94],[28.01,58.11],[27.72,58.53],[27.93,59.78],[29.16,60.07],[30.84,59.78],[31.1,60.21],[31.82,60.14],[33.18,60.91],[35.36,61.19],[35.2,60.91],[35.57,60.91],[36.43,61.41],[39.29,60.42],[41.67,58.6],[42.14,56.8],[41.59,55.77],[39.07,55.16],[38.95,54.27],[39.55,53.53],[38.86,51.18],[37.39,49.71],[35.15,49.32],[30.39,49.32],[30.11,46.41],[30.4,46.09],[29.61,45.69],[29.53,44.91],[28.8,44.97],[28.48,43.47],[27.51,42.63],[27.93,41.98],[27.3,42.04],[27.58,41.59],[27.08,41.39]]],[[[27.98,56.8],[27.97,56.73],[27.88,56.73],[27.98,56.8]]],[[[32.99,60.91],[32.98,60.84],[32.89,60.84],[32.99,60.91]]],[[[38.44,60.98],[38.42,60.91],[38.32,60.91],[38.44,60.98]]],[[[33.58,61.05],[33.56,60.98],[33.47,60.98],[33.58,61.05]]]]}},{"type":"Feature","properties":{"n":"County of Besalú","f":970,"t":979,"w":"Q1541642"},"geometry":{"type":"Polygon","coordinates":[[[1.81,42.5],[2.86,42.43],[2.48,41.91],[1.45,41.78],[1.81,42.5]]]}},{"type":"Feature","properties":{"n":"Ngô Dynasty","f":970,"t":979,"w":"Q703919"},"geometry":{"type":"MultiPolygon","coordinates":[[[[104.53,19.64],[104.54,19.7],[104.61,19.7],[104.53,19.64]]],[[[108.09,21.44],[106.06,19.96],[105.73,18.86],[106.52,17.77],[105.71,17.77],[105.19,18.67],[104.42,18.99],[104.98,20.15],[104.44,20.47],[104.62,20.66],[102.97,21.05],[103.6,21.69],[103.53,22.59],[104.84,22.85],[105.21,23.3],[106.72,22.98],[106.77,22.01],[108.09,21.44]]]]}},{"type":"Feature","properties":{"n":"(Kingdom of Poland)","f":970,"t":979,"w":"Q577867"},"geometry":{"type":"MultiPolygon","coordinates":[[[[22.17,53.66],[22.65,53.26],[22.18,51.98],[20.73,51.85],[20.5,51.11],[20.07,51.05],[20.11,50.38],[19.61,50.45],[19.4,51.05],[17.55,51.25],[17.32,51.71],[15.53,51.51],[14.55,52.59],[16.27,52.92],[17.95,53.73],[20.49,53.12],[22.17,53.66]]],[[[15.67,52.92],[15.76,52.92],[15.75,52.86],[15.67,52.92]]],[[[16.19,53.06],[16.28,53.06],[16.27,52.99],[16.19,53.06]]],[[[16.28,53.12],[16.37,53.12],[16.36,53.06],[16.28,53.12]]]]}},{"type":"Feature","properties":{"n":"Papal States","f":970,"t":989,"w":"Q170174"},"geometry":{"type":"MultiPolygon","coordinates":[[[[11.57,42.3],[11.49,42.3],[11.49,42.37],[11.57,42.3]]],[[[13.8,41.85],[13.87,41.33],[13.0,41.33],[11.73,42.17],[12.06,42.76],[11.82,43.34],[12.22,43.41],[12.38,42.43],[13.8,41.85]]]]}},{"type":"Feature","properties":{"n":"Northern Han","f":970,"t":979,"w":"Q1141471"},"geometry":{"type":"Polygon","coordinates":[[[113.36,37.96],[112.45,38.03],[111.9,37.51],[110.95,38.67],[111.3,39.06],[113.83,38.93],[113.36,37.96]]]}},{"type":"Feature","properties":{"n":"(Five Dynasties and Ten Kingdoms)","f":970,"t":979,"w":"Q242115"},"geometry":{"type":"MultiPolygon","coordinates":[[[[108.64,18.54],[108.7,19.38],[109.25,19.96],[110.91,20.15],[111.03,19.57],[109.84,18.22],[108.64,18.54]]],[[[115.67,22.66],[114.64,22.72],[114.37,22.08],[113.6,22.72],[113.64,22.14],[110.42,21.18],[110.49,20.28],[109.88,20.21],[109.81,21.5],[107.1,21.76],[108.39,22.72],[107.85,23.43],[108.31,26.32],[107.34,26.97],[109.39,28.7],[110.81,30.63],[113.87,30.24],[114.83,30.82],[115.21,30.37],[116.04,30.37],[118.86,32.24],[119.85,32.24],[120.18,31.91],[120.77,32.04],[121.48,31.53],[121.96,31.59],[121.58,31.4],[121.9,30.82],[120.68,30.18],[121.48,30.31],[122.03,29.92],[121.94,29.22],[121.59,29.54],[121.65,28.32],[121.12,28.32],[119.59,26.13],[119.53,25.62],[119.87,25.49],[119.27,25.49],[118.76,24.59],[118.15,24.52],[116.81,23.17],[115.67,22.66]]],[[[121.98,29.99],[122.05,30.18],[122.27,30.18],[121.98,29.99]]],[[[121.89,31.59],[121.73,31.59],[121.76,31.66],[121.89,31.59]]],[[[121.78,31.72],[121.76,31.66],[121.68,31.66],[121.78,31.72]]],[[[121.63,31.72],[121.56,31.72],[121.58,31.79],[121.63,31.72]]],[[[112.45,38.03],[111.67,37.51],[110.95,38.67],[111.3,39.06],[113.83,38.93],[113.36,37.96],[112.45,38.03]]]]}},{"type":"Feature","properties":{"n":"First Bulgarian Empire","f":970,"t":979,"w":"Q203817"},"geometry":{"type":"Polygon","coordinates":[[[23.26,44.65],[25.72,44.97],[26.47,43.47],[24.5,42.04],[24.8,41.72],[24.52,41.26],[19.92,39.71],[19.25,40.61],[19.81,40.81],[19.86,41.72],[19.18,42.5],[19.98,42.5],[20.5,43.28],[19.11,44.32],[19.15,45.17],[20.14,45.37],[20.59,44.78],[21.87,44.58],[22.88,44.97],[23.26,44.65]]]}},{"type":"Feature","properties":{"n":"Holy Roman Empire","f":970,"t":979,"w":"Q12548"},"geometry":{"type":"MultiPolygon","coordinates":[[[[9.58,41.98],[9.1,41.33],[8.62,41.72],[8.53,42.5],[9.33,43.02],[9.58,41.98]]],[[[10.46,42.69],[10.13,42.89],[10.21,42.89],[10.46,42.69]]],[[[13.39,54.21],[13.21,53.73],[14.23,53.33],[14.13,52.86],[14.63,52.65],[14.62,52.18],[15.21,52.12],[15.92,50.78],[14.33,51.05],[12.38,50.38],[12.37,49.71],[14.18,48.59],[14.94,48.99],[16.93,48.72],[16.98,48.06],[16.32,47.86],[16.02,46.41],[15.34,45.5],[14.45,45.63],[13.95,45.04],[13.71,45.76],[12.0,45.56],[12.4,45.04],[12.31,44.19],[13.51,43.47],[11.82,43.34],[12.06,42.76],[11.49,42.37],[10.54,43.08],[9.97,44.12],[8.43,44.39],[7.55,43.8],[7.63,44.19],[6.9,44.32],[6.63,45.1],[8.01,45.63],[8.55,47.6],[7.15,47.47],[6.98,47.86],[5.82,47.86],[4.88,48.52],[5.03,49.12],[4.58,49.91],[3.55,50.38],[4.26,51.31],[3.5,51.25],[3.75,51.45],[3.4,51.65],[4.7,52.99],[5.06,52.65],[5.39,52.86],[5.54,53.39],[7.08,53.73],[8.12,53.53],[8.89,53.87],[8.89,54.34],[11.05,54.41],[10.88,54.07],[11.4,54.0],[13.05,54.48],[13.39,54.21]]]]}},{"type":"Feature","properties":{"n":"Duchy of Benevento","f":970,"t":979,"w":"Q267816"},"geometry":{"type":"Polygon","coordinates":[[[15.4,41.91],[15.38,41.0],[13.4,41.26],[14.04,41.59],[12.38,42.43],[12.22,43.41],[13.59,43.47],[14.29,42.3],[15.4,41.91]]]}},{"type":"Feature","properties":{"n":"Buyid Dynasty","f":980,"t":989,"w":"Q12536"},"geometry":{"type":"MultiPolygon","coordinates":[[[[58.81,23.62],[59.27,22.91],[56.81,23.75],[55.72,25.68],[56.33,26.39],[56.4,24.97],[57.06,24.07],[58.81,23.62]]],[[[51.64,36.55],[53.96,36.87],[54.97,33.01],[56.11,32.04],[56.28,31.14],[58.14,30.44],[58.87,29.22],[58.91,28.44],[57.94,26.71],[57.14,26.26],[56.71,27.16],[55.29,26.52],[55.54,26.77],[54.68,26.45],[53.66,26.71],[51.45,27.87],[50.06,30.18],[48.94,30.31],[48.37,29.92],[48.4,29.6],[47.85,29.41],[48.43,28.51],[47.68,28.51],[44.52,30.76],[42.68,30.63],[42.36,33.26],[40.1,34.29],[39.55,37.38],[40.69,37.77],[41.81,37.38],[42.17,38.29],[42.64,38.29],[43.09,38.16],[42.84,37.51],[44.52,37.77],[45.37,36.16],[47.11,36.35],[47.63,37.19],[49.15,37.0],[49.54,37.45],[51.64,36.55]]]]}},{"type":"Feature","properties":{"n":"Qarmatians","f":980,"t":1065,"w":"Q138803"},"geometry":{"type":"MultiPolygon","coordinates":[[[[55.54,24.52],[55.39,24.52],[55.55,24.65],[55.54,24.52]]],[[[50.43,25.94],[50.46,26.26],[50.69,26.26],[50.43,25.94]]],[[[49.69,26.84],[49.85,26.97],[50.26,25.68],[49.67,25.87],[49.69,26.84]]]]}},{"type":"Feature","properties":{"n":"Old Kingdom of Norway","f":980,"t":989,"w":"Q202266"},"geometry":{"type":"MultiPolygon","coordinates":[[[[-5.2,58.67],[-3.04,58.67],[-4.11,57.9],[-5.47,58.04],[-5.2,58.67]]],[[[-3.2,59.22],[-2.79,58.88],[-3.42,58.81],[-3.2,59.22]]],[[[-2.56,59.22],[-2.83,59.16],[-2.84,59.29],[-2.56,59.22]]],[[[-1.16,60.56],[-1.2,60.07],[-1.67,60.21],[-1.63,60.63],[-0.81,60.63],[-1.16,60.56]]],[[[17.15,68.05],[16.83,67.82],[16.74,67.89],[15.72,67.37],[13.2,65.66],[13.46,64.79],[14.19,64.2],[12.26,62.69],[12.24,62.05],[12.88,61.41],[12.31,60.98],[12.38,60.07],[11.92,59.92],[12.16,58.18],[11.45,58.11],[10.56,59.64],[10.01,58.95],[7.6,57.97],[5.51,58.6],[6.03,59.36],[5.21,59.29],[5.45,60.14],[4.9,60.21],[5.08,62.26],[5.92,62.19],[6.64,62.76],[7.4,62.62],[6.92,63.05],[8.23,63.19],[7.84,63.55],[9.07,63.7],[9.26,63.41],[10.3,64.42],[11.35,64.49],[11.45,65.0],[12.13,65.15],[12.53,65.74],[12.35,66.25],[12.82,66.03],[12.94,66.62],[15.88,68.27],[14.19,68.2],[14.9,68.57],[14.52,68.88],[15.13,69.11],[15.52,68.8],[15.44,69.18],[16.15,69.33],[15.92,68.88],[17.21,68.8],[17.65,69.18],[17.04,69.11],[16.87,69.49],[18.58,69.49],[18.31,69.79],[19.38,69.41],[17.29,68.5],[17.15,68.05]],[[16.84,67.89],[16.85,67.97],[16.74,67.89],[16.84,67.89]],[[16.94,67.97],[16.95,68.04],[16.85,67.97],[16.94,67.97]],[[16.95,68.05],[17.05,68.05],[17.06,68.12],[16.95,68.05]]],[[[12.89,68.12],[13.19,68.12],[13.19,67.97],[12.89,68.12]]],[[[16.42,67.59],[16.32,67.59],[16.33,67.67],[16.42,67.59]]],[[[16.73,67.74],[16.63,67.74],[16.64,67.82],[16.73,67.74]]],[[[13.58,68.05],[13.39,68.05],[13.7,68.42],[14.09,68.2],[13.58,68.05]]]]}},{"type":"Feature","properties":{"n":"Rashtrakuta Dynasty","f":980,"t":989,"w":"Q856691"},"geometry":{"type":"Polygon","coordinates":[[[75.38,13.34],[76.15,13.85],[77.1,13.72],[77.48,13.08],[75.4,12.69],[75.38,13.34]]]}},{"type":"Feature","properties":{"n":"Strathclyde","f":980,"t":1027,"w":"Q124661"},"geometry":{"type":"Polygon","coordinates":[[[-4.86,56.18],[-3.78,55.98],[-3.06,55.02],[-4.98,55.7],[-4.86,56.18]]]}},{"type":"Feature","properties":{"n":"Ghaznavid Empire","f":980,"t":999,"w":"Q12844800"},"geometry":{"type":"Polygon","coordinates":[[[66.35,25.55],[64.8,25.16],[63.63,25.36],[62.85,26.97],[62.63,30.05],[63.48,32.24],[64.32,32.62],[64.36,33.59],[65.93,34.49],[67.07,36.42],[70.98,36.8],[70.98,35.89],[72.39,35.45],[73.02,34.81],[71.53,33.39],[70.85,32.04],[70.58,29.95],[69.64,29.36],[67.52,29.12],[67.16,26.1],[66.64,24.91],[66.35,25.55]]]}},{"type":"Feature","properties":{"n":"West Franks","f":980,"t":989,"w":"Q46370"},"geometry":{"type":"Polygon","coordinates":[[[3.85,43.6],[1.81,42.5],[-1.69,43.34],[-1.05,45.69],[-1.25,46.28],[-2.56,47.27],[-1.19,47.66],[-1.0,48.39],[1.47,48.65],[1.84,49.38],[1.42,50.71],[3.32,51.45],[4.26,51.31],[3.55,50.38],[4.58,49.91],[5.03,49.12],[4.88,48.52],[5.82,47.86],[4.57,46.09],[3.98,46.35],[3.94,45.37],[4.36,45.1],[3.97,44.65],[4.73,43.93],[4.34,43.47],[3.85,43.6]]]}},{"type":"Feature","properties":{"n":"(Alliance between Samanid Empire and Ziyadid dynasty)","f":980,"t":989,"w":"Q486181"},"geometry":{"type":"MultiPolygon","coordinates":[[[[45.21,15.91],[46.47,15.97],[46.15,15.52],[46.51,15.33],[49.48,14.69],[48.79,14.04],[45.74,13.34],[45.05,12.76],[43.44,12.69],[42.75,15.14],[42.82,16.61],[42.21,17.51],[43.89,18.54],[45.21,15.91]]],[[[67.07,36.42],[65.93,34.49],[64.56,33.84],[64.32,32.62],[63.48,32.24],[62.5,29.22],[62.85,26.97],[63.62,25.29],[61.72,25.04],[57.96,25.55],[57.14,26.26],[58.45,27.22],[58.87,29.22],[58.14,30.44],[56.28,31.14],[56.11,32.04],[54.97,33.01],[53.92,36.67],[53.99,39.0],[53.14,39.45],[53.54,39.51],[53.5,40.03],[52.79,40.03],[52.7,40.36],[52.89,40.87],[56.83,40.74],[58.63,43.67],[60.37,43.54],[62.19,41.78],[62.53,41.0],[62.33,40.29],[62.74,40.03],[66.28,40.81],[69.5,43.41],[70.0,44.39],[72.3,44.25],[75.19,42.04],[73.4,39.51],[73.83,38.61],[74.89,38.48],[75.11,37.39],[71.94,37.75],[71.12,37.31],[70.98,36.8],[67.07,36.42]]]]}},{"type":"Feature","properties":{"n":"(Carolingian Empire)","f":980,"t":989,"w":"Q146246"},"geometry":{"type":"Polygon","coordinates":[[[3.85,43.6],[1.81,42.5],[-1.69,43.34],[-1.05,45.69],[-1.25,46.28],[-2.56,47.27],[-1.19,47.66],[-1.0,48.39],[1.47,48.65],[1.84,49.38],[1.42,50.71],[3.32,51.45],[4.26,51.31],[3.55,50.38],[4.58,49.91],[5.03,49.12],[4.88,48.52],[5.82,47.86],[4.57,46.09],[3.98,46.35],[3.94,45.37],[4.36,45.1],[3.97,44.65],[4.73,43.93],[4.34,43.47],[3.85,43.6]]]}},{"type":"Feature","properties":{"n":"Utpala Dynasty","f":980,"t":999,"w":"Q1617123"},"geometry":{"type":"Polygon","coordinates":[[[77.35,35.26],[76.82,33.36],[75.63,33.76],[74.92,34.67],[70.98,35.89],[71.12,37.31],[71.94,37.75],[77.27,37.0],[77.35,35.26]]]}},{"type":"Feature","properties":{"n":"Kingdom of Croatia","f":980,"t":989,"w":"Q858841"},"geometry":{"type":"MultiPolygon","coordinates":[[[[18.74,43.34],[18.74,43.41],[18.82,43.41],[18.74,43.34]]],[[[14.5,44.52],[14.26,44.58],[14.27,44.97],[14.5,44.52]]],[[[19.26,44.19],[18.92,43.86],[18.56,43.02],[17.06,43.73],[15.37,43.86],[14.92,44.97],[14.28,45.37],[15.34,45.5],[15.6,46.22],[16.44,46.61],[17.88,45.76],[18.78,45.89],[19.26,44.19]]]]}},{"type":"Feature","properties":{"n":"Principality of Hungary","f":980,"t":989,"w":"Q2899771"},"geometry":{"type":"MultiPolygon","coordinates":[[[[23.47,46.35],[23.47,46.41],[23.55,46.41],[23.47,46.35]]],[[[23.51,45.89],[23.68,45.89],[23.47,45.3],[22.12,44.58],[19.3,44.84],[18.78,45.89],[17.88,45.76],[16.44,46.61],[15.86,46.55],[16.32,47.86],[16.98,48.06],[16.93,48.72],[18.46,49.32],[21.72,49.45],[22.45,49.18],[23.51,45.89]]],[[[23.08,47.66],[23.16,47.66],[23.15,47.6],[23.08,47.66]]]]}},{"type":"Feature","properties":{"n":"Hamdanid Emirates","f":980,"t":989,"w":"Q837187"},"geometry":{"type":"MultiPolygon","coordinates":[[[[39.12,34.49],[37.09,33.39],[36.29,34.68],[36.43,36.03],[37.28,36.67],[39.55,37.38],[40.1,34.29],[39.12,34.49]]],[[[49.18,39.32],[48.8,39.0],[48.88,37.71],[49.46,37.45],[49.15,37.0],[47.63,37.19],[47.11,36.35],[45.1,36.42],[44.52,37.77],[44.98,38.22],[44.45,38.35],[45.34,39.0],[44.83,39.71],[45.67,39.51],[46.26,38.87],[46.67,38.93],[46.86,39.58],[46.45,40.36],[46.87,40.48],[46.8,40.1],[47.41,39.58],[48.72,39.84],[49.18,39.32]]],[[[44.73,41.78],[44.89,41.78],[44.79,41.65],[44.73,41.78]]],[[[48.48,41.78],[48.12,41.59],[48.12,41.98],[48.48,41.78]]]]}},{"type":"Feature","properties":{"n":"Gurjara-Pratihara Dynasty","f":980,"t":1033,"w":"Q5324"},"geometry":{"type":"Polygon","coordinates":[[[78.66,27.54],[79.64,27.54],[79.99,26.11],[78.96,25.29],[78.25,26.9],[78.66,27.54]]]}},{"type":"Feature","properties":{"n":"Brythons","f":980,"t":1039,"w":"Q849967"},"geometry":{"type":"MultiPolygon","coordinates":[[[[-5.3,51.98],[-3.72,52.32],[-3.64,51.65],[-5.3,51.98]]],[[[-2.89,55.02],[-2.55,54.34],[-3.3,54.07],[-3.57,54.89],[-2.89,55.02]]],[[[-5.33,55.02],[-4.62,55.63],[-3.58,54.95],[-5.11,54.68],[-5.33,55.02]]]]}},{"type":"Feature","properties":{"n":"Western Chalukya Empire","f":980,"t":989,"w":"Q14624218"},"geometry":{"type":"Polygon","coordinates":[[[81.27,22.01],[80.37,18.86],[80.45,17.64],[79.79,17.06],[80.25,13.66],[77.49,13.14],[77.1,13.72],[76.15,13.85],[75.38,13.34],[75.4,12.69],[74.75,12.82],[74.37,14.49],[73.25,16.61],[72.76,20.34],[73.41,20.45],[74.11,22.08],[79.45,22.91],[81.27,22.01]]]}},{"type":"Feature","properties":{"n":"Kingdom of Vaspurakan","f":980,"t":989,"w":"Q5228183"},"geometry":{"type":"Polygon","coordinates":[[[43.09,38.16],[42.07,38.67],[42.13,39.06],[42.92,39.58],[43.72,39.19],[44.83,39.71],[45.37,39.13],[44.49,38.55],[44.98,38.22],[42.7,37.58],[43.09,38.16]]]}},{"type":"Feature","properties":{"n":"Emirate of Nekor","f":980,"t":1014,"w":"Q1709337"},"geometry":{"type":"Polygon","coordinates":[[[-4.51,34.94],[-4.45,35.26],[-2.84,35.45],[-2.82,35.13],[-2.2,35.07],[-4.51,34.94]]]}},{"type":"Feature","properties":{"n":"Duchy of Naples","f":980,"t":989,"w":"Q1051600"},"geometry":{"type":"Polygon","coordinates":[[[14.03,41.0],[14.74,40.81],[14.42,40.68],[14.03,41.0]]]}},{"type":"Feature","properties":{"n":"Kingdom of Alba","f":980,"t":1033,"w":"Q1991742"},"geometry":{"type":"Polygon","coordinates":[[[-2.67,56.25],[-3.26,56.05],[-2.11,55.91],[-2.56,55.23],[-3.06,55.02],[-4.25,56.18],[-5.79,55.84],[-5.45,56.59],[-6.0,56.73],[-5.7,57.14],[-5.89,57.83],[-1.85,57.7],[-2.67,56.25]]]}},{"type":"Feature","properties":{"n":"(Holy Roman Empire)","f":980,"t":989,"w":"Q12548"},"geometry":{"type":"MultiPolygon","coordinates":[[[[9.58,41.98],[9.1,41.33],[8.62,41.72],[8.53,42.5],[9.33,43.02],[9.58,41.98]]],[[[10.46,42.69],[10.13,42.89],[10.21,42.89],[10.46,42.69]]],[[[13.39,54.21],[13.21,53.73],[14.23,53.33],[14.13,52.79],[14.62,52.18],[15.21,52.12],[15.92,50.78],[14.33,51.05],[12.38,50.38],[12.37,49.71],[14.18,48.59],[14.94,48.99],[16.93,48.72],[16.98,48.06],[16.32,47.86],[16.02,46.41],[15.34,45.5],[14.45,45.63],[13.95,45.04],[13.71,45.76],[12.0,45.56],[12.4,45.04],[12.31,44.19],[13.51,43.47],[11.82,43.34],[12.06,42.76],[11.49,42.37],[10.54,43.08],[9.97,44.12],[8.43,44.39],[7.55,43.8],[7.63,44.19],[6.9,44.32],[6.63,45.1],[8.01,45.63],[8.55,47.6],[7.15,47.47],[6.98,47.86],[5.82,47.86],[4.88,48.52],[5.03,49.12],[4.58,49.91],[3.55,50.38],[4.26,51.31],[3.5,51.25],[3.75,51.45],[3.4,51.65],[4.7,52.99],[5.06,52.65],[5.39,52.86],[5.54,53.39],[7.08,53.73],[8.12,53.53],[8.89,53.87],[8.89,54.34],[11.05,54.41],[10.88,54.07],[11.4,54.0],[13.05,54.48],[13.39,54.21]]]]}},{"type":"Feature","properties":{"n":"(Brythonic Kingdoms)","f":980,"t":1039,"w":"Q849967"},"geometry":{"type":"MultiPolygon","coordinates":[[[[-5.26,51.71],[-4.16,52.45],[-4.3,52.92],[-4.79,52.79],[-4.49,53.12],[-4.7,53.46],[-3.49,53.39],[-2.63,51.65],[-3.7,51.38],[-5.26,51.71]],[[-3.9,52.45],[-3.91,52.49],[-4.16,52.45],[-3.9,52.45]],[[-3.22,51.65],[-3.3,51.65],[-3.22,51.61],[-3.22,51.65]]],[[[-5.11,54.68],[-5.33,55.02],[-4.78,55.5],[-4.86,56.18],[-3.78,55.98],[-2.55,54.34],[-3.3,54.07],[-3.57,54.89],[-5.11,54.68]],[[-3.32,54.95],[-3.58,54.95],[-3.57,54.89],[-3.32,54.95]]]]}},{"type":"Feature","properties":{"n":"Kingdom of England","f":980,"t":1014,"w":"Q179876"},"geometry":{"type":"Polygon","coordinates":[[[0.3,53.39],[0.08,52.92],[1.09,53.06],[1.72,52.72],[1.59,52.12],[0.52,51.51],[1.39,51.18],[0.49,50.78],[-3.13,50.71],[-3.58,50.25],[-5.75,50.05],[-4.2,51.31],[-3.09,51.25],[-2.63,51.65],[-3.49,53.39],[-2.55,54.34],[-2.89,55.02],[-2.11,55.91],[-1.29,54.68],[-0.38,54.27],[0.3,53.39]]]}},{"type":"Feature","properties":{"n":"(Kingdom of Poland)","f":980,"t":989,"w":"Q577867"},"geometry":{"type":"Polygon","coordinates":[[[19.97,53.12],[22.5,53.53],[22.1,52.05],[23.0,51.58],[22.95,50.11],[21.21,49.38],[20.52,50.25],[19.61,50.45],[19.4,51.05],[17.55,51.25],[17.32,51.71],[15.53,51.51],[14.13,52.79],[14.15,53.73],[14.51,54.0],[17.15,54.82],[18.46,54.89],[19.15,53.6],[19.97,53.12]]]}},{"type":"Feature","properties":{"n":"County of Besalú","f":980,"t":989,"w":"Q1541642"},"geometry":{"type":"Polygon","coordinates":[[[1.81,42.5],[2.86,42.43],[2.48,41.91],[1.45,41.78],[1.81,42.5]]]}},{"type":"Feature","properties":{"n":"Ngô Dynasty","f":980,"t":1055,"w":"Q703919"},"geometry":{"type":"MultiPolygon","coordinates":[[[[104.53,19.64],[104.54,19.7],[104.61,19.7],[104.53,19.64]]],[[[107.1,21.76],[108.09,21.44],[106.06,19.96],[105.73,18.86],[106.52,17.77],[105.71,17.77],[105.19,18.67],[104.42,18.99],[104.98,20.15],[104.44,20.47],[104.62,20.66],[102.97,21.05],[103.6,21.69],[103.53,22.59],[104.84,22.85],[105.21,23.3],[106.72,22.98],[107.1,21.76]]]]}},{"type":"Feature","properties":{"n":"Liao Dynasty","f":980,"t":989,"w":"Q4958"},"geometry":{"type":"MultiPolygon","coordinates":[[[[119.83,47.2],[120.13,45.69],[120.75,44.91],[121.67,44.58],[124.49,44.32],[128.69,44.78],[132.94,46.15],[133.53,45.96],[138.43,46.68],[135.28,43.6],[134.22,43.02],[132.95,42.69],[131.75,43.28],[129.78,41.78],[129.76,40.87],[127.58,39.77],[127.48,39.32],[125.35,39.32],[124.34,39.9],[123.6,39.84],[121.03,38.74],[121.69,39.38],[121.28,39.64],[122.23,40.48],[121.11,40.87],[119.22,39.32],[117.89,39.19],[117.58,38.74],[114.86,38.48],[113.58,39.06],[111.8,38.8],[111.35,39.32],[112.58,40.94],[103.96,40.68],[102.81,42.04],[101.48,42.56],[99.67,42.63],[100.12,45.5],[101.55,46.74],[108.35,47.4],[112.41,48.32],[114.81,48.19],[115.5,48.59],[115.69,48.26],[117.38,48.79],[118.0,48.72],[119.83,47.2]]],[[[121.71,44.65],[121.83,44.71],[121.79,44.65],[121.71,44.65]]]]}},{"type":"Feature","properties":{"n":"Sind-Habbari Dynasty","f":980,"t":1014,"w":"Q5636647"},"geometry":{"type":"Polygon","coordinates":[[[70.41,25.84],[69.34,25.02],[68.92,23.94],[68.18,23.58],[66.66,24.83],[67.64,29.28],[69.64,29.36],[70.28,29.95],[72.12,29.85],[72.33,28.97],[71.79,28.89],[72.03,28.38],[70.41,25.84]]]}},{"type":"Feature","properties":{"n":"Paramara Dynasty","f":980,"t":1055,"w":"Q7135130"},"geometry":{"type":"Polygon","coordinates":[[[73.16,24.27],[73.16,24.89],[74.16,26.15],[75.1,26.42],[76.46,25.87],[78.26,26.77],[78.84,25.98],[78.79,24.44],[79.3,22.85],[74.16,22.13],[74.4,24.01],[73.16,24.27]]]}},{"type":"Feature","properties":{"n":"(Kingdom of England)","f":980,"t":1014,"w":"Q179876"},"geometry":{"type":"Polygon","coordinates":[[[0.3,53.39],[0.08,52.92],[1.09,53.06],[1.72,52.72],[1.59,52.12],[0.52,51.51],[1.39,51.18],[0.49,50.78],[-3.13,50.71],[-3.58,50.25],[-5.75,50.05],[-4.2,51.31],[-3.09,51.25],[-2.63,51.65],[-3.49,53.39],[-2.55,54.34],[-2.89,55.02],[-2.11,55.91],[-1.29,54.68],[-0.38,54.27],[0.3,53.39]]]}},{"type":"Feature","properties":{"n":"Pala Empire","f":980,"t":989,"w":"Q668412"},"geometry":{"type":"MultiPolygon","coordinates":[[[[87.96,24.97],[87.73,24.01],[86.28,23.3],[84.05,24.33],[84.09,25.1],[84.7,25.62],[87.59,25.42],[87.96,24.97]]],[[[89.88,24.84],[89.9,24.91],[89.97,24.91],[89.88,24.84]]]]}},{"type":"Feature","properties":{"n":"Duchy of Benevento","f":980,"t":989,"w":"Q267816"},"geometry":{"type":"Polygon","coordinates":[[[15.4,41.91],[15.59,40.03],[14.5,41.0],[13.4,41.26],[14.04,41.59],[12.38,42.43],[12.22,43.41],[13.59,43.47],[14.37,42.3],[15.4,41.91]]]}},{"type":"Feature","properties":{"n":"Holy Roman Empire","f":980,"t":989,"w":"Q12548"},"geometry":{"type":"MultiPolygon","coordinates":[[[[9.58,41.98],[9.1,41.33],[8.62,41.72],[8.53,42.5],[9.33,43.02],[9.58,41.98]]],[[[10.46,42.69],[10.13,42.89],[10.21,42.89],[10.46,42.69]]],[[[13.39,54.21],[13.21,53.73],[14.23,53.33],[14.13,52.79],[14.62,52.18],[15.21,52.12],[15.92,50.78],[14.33,51.05],[12.38,50.38],[12.37,49.71],[14.18,48.59],[14.94,48.99],[16.93,48.72],[16.98,48.06],[16.32,47.86],[16.02,46.41],[15.34,45.5],[14.45,45.63],[13.95,45.04],[13.71,45.76],[12.0,45.56],[12.4,45.04],[12.31,44.19],[13.51,43.47],[11.82,43.34],[12.06,42.76],[11.49,42.37],[10.54,43.08],[9.97,44.12],[8.43,44.39],[7.55,43.8],[7.63,44.19],[6.9,44.32],[6.63,45.1],[8.01,45.63],[8.55,47.6],[7.15,47.47],[6.98,47.86],[5.82,47.86],[4.88,48.52],[5.03,49.12],[4.58,49.91],[3.55,50.38],[4.26,51.31],[3.5,51.25],[3.75,51.45],[3.4,51.65],[4.7,52.99],[5.06,52.65],[5.39,52.86],[5.54,53.39],[7.08,53.73],[8.12,53.53],[8.89,53.87],[8.89,54.34],[11.05,54.41],[10.88,54.07],[11.4,54.0],[13.05,54.48],[13.39,54.21]]]]}},{"type":"Feature","properties":{"n":"First Bulgarian Empire","f":980,"t":989,"w":"Q203817"},"geometry":{"type":"Polygon","coordinates":[[[26.51,43.86],[26.11,43.08],[24.5,42.04],[24.8,41.72],[24.52,41.26],[19.92,39.71],[19.25,40.61],[19.81,40.81],[19.86,41.72],[19.18,42.56],[20.06,42.56],[20.5,43.28],[19.11,44.32],[19.3,44.84],[22.12,44.58],[22.88,45.04],[23.42,44.65],[23.36,43.93],[26.51,43.86]]]}},{"type":"Feature","properties":{"n":"Georgia","f":980,"t":1009,"w":"Q4962"},"geometry":{"type":"MultiPolygon","coordinates":[[[[42.92,43.21],[43.78,42.69],[45.16,42.76],[45.7,42.24],[43.98,41.13],[42.86,41.59],[41.58,41.52],[41.61,42.63],[39.35,43.99],[42.92,43.21]]],[[[39.35,43.99],[39.19,43.99],[39.2,44.06],[39.35,43.99]]],[[[39.13,44.12],[39.21,44.12],[39.2,44.06],[39.13,44.12]]],[[[39.06,44.19],[39.14,44.19],[39.13,44.12],[39.06,44.19]]]]}},{"type":"Feature","properties":{"n":"Viking settlements","f":980,"t":999,"w":"Q12567"},"geometry":{"type":"MultiPolygon","coordinates":[[[[-8.08,51.78],[-8.58,51.71],[-8.71,52.05],[-8.12,52.12],[-8.08,51.78]]],[[[-7.61,52.12],[-7.65,52.38],[-7.4,52.45],[-7.02,52.12],[-7.61,52.12]]],[[[-6.43,52.18],[-6.77,52.18],[-6.56,52.59],[-6.43,52.18]]],[[[-8.46,52.65],[-8.46,52.72],[-8.38,52.72],[-8.46,52.65]]],[[[-6.09,52.92],[-6.84,53.39],[-6.19,53.66],[-6.09,52.92]]],[[[-7.25,57.42],[-7.29,57.08],[-7.47,57.08],[-7.6,57.35],[-7.25,57.42]]],[[[-7.44,57.49],[-7.56,57.7],[-7.12,57.7],[-7.44,57.49]]],[[[-7.13,57.77],[-7.28,58.18],[-6.26,58.53],[-6.21,58.18],[-7.13,57.77]]],[[[-6.99,61.48],[-7.02,61.62],[-6.74,61.62],[-6.99,61.48]]],[[[-6.69,61.9],[-7.28,62.05],[-7.32,62.33],[-6.77,62.33],[-6.69,61.9]]],[[[-6.15,52.65],[-6.31,52.59],[-6.43,52.86],[-6.15,52.65]]],[[[13.48,54.14],[13.82,53.94],[13.46,53.66],[13.21,54.0],[13.48,54.14]]],[[[18.67,54.14],[18.77,54.41],[19.46,54.34],[18.67,54.14]]],[[[-4.38,54.41],[-4.36,54.21],[-4.86,54.07],[-4.38,54.41]]],[[[13.74,54.34],[13.13,54.27],[13.05,54.61],[13.74,54.34]]],[[[-5.89,55.29],[-5.92,55.5],[-5.16,55.77],[-5.89,55.29]]],[[[-6.19,55.57],[-6.63,55.63],[-6.51,55.98],[-5.74,56.18],[-6.19,55.57]]],[[[-4.93,56.05],[-5.0,55.84],[-5.35,55.84],[-4.93,56.05]]],[[[-5.68,56.39],[-6.29,56.32],[-6.34,56.66],[-5.68,56.39]]],[[[-6.04,57.01],[-6.8,57.35],[-6.5,57.77],[-5.81,57.28],[-6.04,57.01]]]]}},{"type":"Feature","properties":{"n":"Caliphate of Córdoba","f":980,"t":989,"w":"Q171740"},"geometry":{"type":"MultiPolygon","coordinates":[[[[-0.07,35.84],[-0.17,34.55],[-1.57,33.33],[-5.39,31.72],[-7.73,31.34],[-8.05,31.59],[-7.37,32.81],[-7.8,33.59],[-6.61,34.16],[-5.88,35.77],[-5.34,35.84],[-4.91,35.26],[-4.45,35.26],[-4.51,34.94],[-3.42,34.81],[-0.07,35.84]]],[[[1.66,39.0],[1.27,38.8],[1.26,39.13],[1.66,39.0]]],[[[1.79,41.26],[0.7,40.94],[-0.35,39.71],[0.1,38.74],[-0.66,38.29],[-0.7,37.64],[-1.71,37.45],[-2.06,36.8],[-4.47,36.74],[-5.58,36.03],[-6.84,37.25],[-9.0,37.0],[-8.82,38.48],[-9.21,38.42],[-9.57,38.93],[-8.97,40.03],[-6.09,40.55],[-5.33,39.97],[-4.71,40.03],[-3.22,41.26],[-2.35,41.33],[-1.82,41.78],[-1.78,42.43],[-0.75,42.5],[1.37,41.85],[1.79,41.26]]],[[[3.52,39.77],[3.3,39.32],[2.35,39.45],[2.88,39.97],[3.52,39.77]]],[[[3.83,39.9],[3.74,40.1],[4.22,40.1],[4.3,39.84],[3.83,39.9]]]]}},{"type":"Feature","properties":{"n":"Chauhan Dynasty","f":980,"t":1027,"w":"Q1068371"},"geometry":{"type":"Polygon","coordinates":[[[76.46,25.87],[75.05,26.44],[74.16,26.17],[73.11,24.9],[72.03,26.05],[71.79,28.89],[72.36,28.97],[74.78,31.32],[76.38,31.05],[76.59,28.73],[77.89,26.83],[76.46,25.87]]]}},{"type":"Feature","properties":{"n":"Samanid Empire","f":980,"t":989,"w":"Q486181"},"geometry":{"type":"Polygon","coordinates":[[[67.07,36.42],[65.93,34.49],[64.56,33.84],[64.32,32.62],[63.48,32.24],[62.5,29.22],[62.85,26.97],[63.62,25.29],[61.72,25.04],[57.96,25.55],[57.14,26.26],[58.45,27.22],[58.87,29.22],[58.14,30.44],[56.28,31.14],[56.11,32.04],[54.97,33.01],[53.92,36.67],[53.99,39.0],[53.14,39.45],[53.54,39.51],[53.5,40.03],[52.79,40.03],[52.7,40.36],[52.89,40.87],[56.83,40.74],[58.63,43.67],[60.37,43.54],[62.19,41.78],[62.53,41.0],[62.33,40.29],[62.74,40.03],[66.28,40.81],[69.5,43.41],[70.0,44.39],[72.3,44.25],[75.19,42.04],[73.4,39.51],[73.83,38.61],[74.89,38.48],[75.11,37.39],[71.94,37.75],[70.9,36.8],[67.07,36.42]]]}},{"type":"Feature","properties":{"n":"Shirvan","f":980,"t":1009,"w":"Q638064"},"geometry":{"type":"Polygon","coordinates":[[[46.32,40.94],[47.72,40.81],[47.73,41.26],[48.48,41.78],[49.51,40.61],[50.26,40.42],[49.51,40.23],[49.18,39.32],[48.72,39.84],[47.41,39.58],[46.8,40.1],[46.87,40.48],[45.82,40.36],[46.32,40.94]]]}},{"type":"Feature","properties":{"n":"Kievan Rus'","f":980,"t":989,"w":"Q1108445"},"geometry":{"type":"MultiPolygon","coordinates":[[[[26.26,50.45],[26.34,50.45],[26.33,50.38],[26.26,50.45]]],[[[26.09,51.25],[26.09,51.18],[26.0,51.18],[26.09,51.25]]],[[[41.67,58.6],[42.14,56.8],[41.59,55.77],[39.07,55.16],[38.95,54.27],[39.55,53.53],[39.41,52.18],[37.87,50.05],[35.15,49.32],[26.66,49.58],[26.42,50.45],[25.99,51.11],[26.17,51.18],[27.03,52.65],[26.97,52.86],[27.56,53.39],[28.32,55.02],[27.96,56.11],[28.11,56.52],[27.96,56.66],[28.07,56.8],[27.98,56.8],[28.0,56.94],[27.91,56.94],[27.97,58.39],[27.72,58.53],[27.93,59.78],[29.16,60.07],[30.84,59.78],[31.1,60.21],[31.82,60.14],[33.18,60.91],[35.36,61.19],[35.2,60.91],[35.57,60.91],[36.43,61.41],[39.29,60.42],[41.67,58.6]]],[[[27.98,56.8],[27.97,56.73],[27.88,56.73],[27.98,56.8]]],[[[32.99,60.91],[32.98,60.84],[32.89,60.84],[32.99,60.91]]],[[[38.44,60.98],[38.42,60.91],[38.32,60.91],[38.44,60.98]]],[[[33.58,61.05],[33.56,60.98],[33.47,60.98],[33.58,61.05]]]]}},{"type":"Feature","properties":{"n":"Northern Song","f":980,"t":989,"w":"Q7462"},"geometry":{"type":"MultiPolygon","coordinates":[[[[108.76,18.41],[108.7,19.38],[109.25,19.96],[110.91,20.15],[111.03,19.57],[110.18,18.48],[108.76,18.41]]],[[[119.46,37.96],[119.16,37.19],[120.75,37.9],[122.71,37.45],[122.39,36.8],[120.98,36.61],[119.23,34.81],[120.34,34.36],[120.92,32.62],[121.96,31.98],[121.58,31.4],[121.9,30.82],[120.68,30.18],[121.48,30.31],[122.03,29.92],[121.94,29.22],[121.74,29.54],[121.57,29.47],[121.65,28.32],[121.12,28.32],[119.59,26.13],[119.53,25.62],[119.87,25.49],[119.27,25.49],[118.76,24.59],[118.15,24.52],[116.54,22.91],[114.64,22.72],[114.37,22.08],[113.6,22.72],[113.64,22.14],[110.42,21.18],[110.49,20.28],[109.88,20.21],[109.81,21.5],[107.1,21.76],[108.39,22.72],[107.85,23.43],[108.34,26.13],[107.97,26.77],[106.46,27.35],[106.14,28.44],[104.43,27.67],[104.64,28.44],[103.99,28.57],[103.32,27.74],[103.28,26.32],[102.19,26.13],[101.66,26.77],[100.92,30.56],[101.69,32.75],[103.33,33.52],[103.89,35.26],[106.0,36.1],[105.8,37.13],[104.57,37.71],[106.09,37.96],[106.52,38.42],[107.32,38.61],[108.79,37.9],[109.76,37.96],[111.02,38.48],[111.3,39.06],[111.8,38.8],[113.58,39.06],[114.86,38.48],[117.65,38.74],[117.6,38.48],[119.46,37.96]]],[[[122.28,29.99],[121.98,29.99],[122.05,30.18],[122.28,29.99]]]]}},{"type":"Feature","properties":{"n":"Scandinavian minor kingdoms","f":980,"t":999,"w":"Q213649"},"geometry":{"type":"MultiPolygon","coordinates":[[[[19.05,57.97],[18.91,57.42],[18.08,56.94],[18.23,57.83],[19.05,57.97]]],[[[17.63,60.7],[16.57,59.92],[15.46,59.71],[15.7,58.95],[16.83,58.32],[16.48,56.87],[17.12,57.28],[16.63,56.39],[13.46,56.59],[12.6,57.63],[11.71,57.7],[12.16,58.18],[11.92,59.92],[12.38,60.07],[12.31,60.98],[12.87,61.34],[14.32,60.63],[17.63,60.7]]],[[[17.88,68.42],[17.68,68.42],[17.68,68.5],[17.88,68.42]]],[[[18.08,68.42],[17.89,68.57],[18.2,68.65],[18.08,68.42]]],[[[17.7,68.65],[17.69,68.57],[17.59,68.57],[17.7,68.65]]]]}},{"type":"Feature","properties":{"n":"Kingdom of Poland","f":980,"t":989,"w":"Q577867"},"geometry":{"type":"Polygon","coordinates":[[[19.97,53.12],[22.5,53.53],[22.1,52.05],[23.0,51.58],[22.95,50.11],[21.21,49.38],[20.52,50.25],[19.61,50.45],[19.4,51.05],[17.55,51.25],[17.32,51.71],[15.53,51.51],[14.13,52.79],[14.15,53.73],[14.51,54.0],[17.15,54.82],[18.46,54.89],[19.15,53.6],[19.97,53.12]]]}},{"type":"Feature","properties":{"n":"Kingdom of Sweden","f":980,"t":999,"w":"Q34"},"geometry":{"type":"Polygon","coordinates":[[[18.41,59.09],[16.39,58.46],[15.7,58.95],[15.46,59.71],[17.71,60.63],[19.03,60.0],[18.41,59.09]]]}},{"type":"Feature","properties":{"n":"Byzantine Empire","f":980,"t":989,"w":"Q112039853"},"geometry":{"type":"MultiPolygon","coordinates":[[[[23.12,36.35],[23.11,36.16],[22.87,36.16],[23.12,36.35]]],[[[24.36,37.71],[24.43,37.58],[24.27,37.51],[24.36,37.71]]],[[[20.93,37.9],[20.92,37.64],[20.61,37.71],[20.93,37.9]]],[[[20.57,38.42],[20.79,38.09],[20.32,38.16],[20.57,38.42]]],[[[23.56,38.74],[23.48,38.74],[23.49,38.8],[23.56,38.74]]],[[[24.67,38.93],[24.66,38.74],[24.36,38.87],[24.67,38.93]]],[[[20.15,39.58],[20.07,39.58],[20.07,39.64],[20.15,39.58]]],[[[19.91,39.58],[19.76,39.64],[19.76,39.77],[19.91,39.58]]],[[[15.7,37.96],[16.27,38.93],[15.36,40.48],[15.4,41.91],[16.12,41.91],[15.94,41.39],[18.44,40.16],[18.11,39.9],[17.81,40.36],[16.87,40.48],[16.45,39.64],[17.14,39.06],[15.7,37.96]]],[[[24.81,40.81],[24.79,40.61],[24.55,40.55],[24.81,40.81]]],[[[19.86,41.72],[19.81,40.81],[19.33,40.74],[19.54,41.78],[17.05,43.41],[16.73,43.34],[16.74,43.73],[19.18,42.56],[19.86,41.72]]],[[[17.51,42.89],[17.59,42.89],[17.59,42.76],[17.51,42.89]]],[[[15.93,43.67],[16.66,43.67],[16.17,43.47],[15.93,43.67]]],[[[15.38,44.19],[15.22,44.12],[15.15,44.39],[15.38,44.19]]],[[[15.07,44.45],[15.15,44.45],[15.15,44.39],[15.07,44.45]]],[[[14.99,44.52],[15.07,44.52],[15.07,44.45],[14.99,44.52]]],[[[33.04,34.55],[32.23,34.94],[34.54,35.71],[34.09,35.0],[33.04,34.55]]],[[[25.68,35.13],[26.23,35.19],[24.82,35.0],[23.62,35.52],[25.68,35.13]]],[[[28.02,36.48],[28.25,36.48],[28.14,36.03],[27.74,35.9],[28.02,36.48]]],[[[27.19,36.8],[26.87,36.67],[27.04,36.93],[27.19,36.8]]],[[[25.57,37.13],[25.56,37.0],[25.33,37.0],[25.57,37.13]]],[[[25.22,37.71],[25.29,37.51],[25.05,37.51],[25.22,37.71]]],[[[26.31,37.71],[26.3,37.58],[25.99,37.51],[26.31,37.71]]],[[[24.77,38.03],[25.07,37.77],[24.83,37.71],[24.77,38.03]]],[[[26.22,38.55],[26.11,38.16],[25.88,38.16],[26.22,38.55]]],[[[25.79,39.19],[26.04,39.38],[26.64,39.0],[25.79,39.19]]],[[[25.46,40.03],[25.45,39.84],[24.97,39.84],[25.46,40.03]]],[[[28.48,43.47],[27.51,42.63],[28.51,41.33],[31.18,41.07],[32.63,41.91],[34.88,42.04],[35.95,41.72],[36.21,41.26],[38.3,40.87],[40.37,40.94],[41.24,41.39],[41.26,41.07],[40.3,40.48],[42.86,39.71],[42.13,39.06],[42.49,38.29],[42.08,38.16],[41.81,37.38],[40.69,37.77],[37.28,36.67],[36.43,36.03],[36.06,34.61],[35.85,36.35],[36.26,36.61],[36.14,36.93],[35.49,36.61],[34.58,36.87],[33.98,36.29],[32.56,36.03],[31.09,36.93],[30.62,36.93],[30.49,36.35],[29.24,36.22],[29.12,36.74],[28.03,36.67],[28.07,37.13],[27.22,37.32],[27.28,38.03],[26.43,38.22],[26.38,38.67],[26.59,38.35],[27.08,38.55],[26.85,39.58],[26.13,39.51],[26.27,40.29],[29.05,40.36],[28.91,40.61],[29.49,40.87],[27.53,41.07],[26.92,40.48],[24.35,41.0],[23.7,40.81],[23.74,40.23],[22.57,40.55],[22.61,39.9],[23.14,39.45],[22.8,39.06],[23.49,38.87],[22.94,38.74],[24.03,38.67],[23.98,37.84],[23.04,37.9],[23.4,37.32],[22.71,37.58],[23.06,36.67],[22.36,36.67],[22.22,37.06],[21.74,36.87],[21.7,37.51],[21.24,37.84],[21.74,38.35],[21.19,38.42],[20.15,39.71],[23.0,41.0],[24.52,41.26],[24.8,41.72],[24.5,42.04],[26.47,43.47],[26.28,44.06],[27.92,44.32],[28.05,45.56],[29.67,45.43],[29.53,44.91],[28.8,44.97],[28.48,43.47]]],[[[26.04,40.29],[26.02,40.16],[25.7,40.1],[26.04,40.29]]],[[[34.09,45.04],[34.37,44.71],[33.52,44.45],[33.6,45.04],[34.09,45.04]]]]}},{"type":"Feature","properties":{"n":"Fatimid Caliphate","f":980,"t":989,"w":"Q160307"},"geometry":{"type":"MultiPolygon","coordinates":[[[[11.08,35.0],[10.0,34.29],[10.24,33.71],[12.23,32.81],[13.3,32.94],[15.06,32.43],[15.65,31.4],[17.85,30.95],[18.97,30.24],[19.96,30.56],[20.02,32.24],[21.11,32.81],[21.88,32.94],[23.09,32.62],[23.3,32.17],[24.89,31.98],[25.25,31.46],[26.85,31.46],[28.87,30.82],[30.97,31.66],[32.83,31.01],[34.55,31.53],[35.64,34.36],[36.22,34.68],[37.09,33.39],[39.12,34.49],[40.85,34.1],[42.36,33.26],[42.68,30.69],[40.91,29.67],[39.78,27.87],[39.7,26.84],[40.13,25.49],[42.24,22.08],[44.47,19.51],[44.28,18.8],[42.21,17.51],[41.58,18.09],[40.85,19.7],[39.35,20.79],[38.6,23.62],[37.44,24.33],[37.27,25.23],[35.41,27.87],[34.59,28.06],[34.91,29.41],[34.12,27.74],[33.19,28.51],[32.53,29.92],[32.43,29.6],[35.85,23.88],[31.67,23.75],[30.46,23.36],[28.57,24.65],[28.15,27.35],[23.96,29.92],[21.54,29.92],[18.64,29.09],[17.44,29.86],[15.1,30.56],[13.98,31.79],[12.45,31.85],[9.86,32.81],[9.16,34.1],[7.61,34.55],[1.29,34.61],[-0.39,34.36],[-0.07,35.84],[0.38,36.22],[3.46,36.87],[5.56,36.67],[6.33,37.06],[8.52,36.87],[10.23,37.25],[10.23,36.8],[11.01,37.0],[10.46,36.42],[11.08,35.0]]],[[[2.53,34.49],[2.61,34.49],[2.61,34.42],[2.53,34.49]]],[[[14.57,35.77],[14.34,35.84],[14.34,36.03],[14.57,35.77]]]]}},{"type":"Feature","properties":{"n":"Pala Empire","f":990,"t":999,"w":"Q668412"},"geometry":{"type":"MultiPolygon","coordinates":[[[[89.88,24.84],[89.9,24.91],[89.97,24.91],[89.88,24.84]]],[[[87.73,24.01],[86.28,23.3],[84.05,24.33],[83.86,25.49],[84.67,26.71],[87.69,26.39],[87.54,26.05],[88.02,25.74],[87.73,24.01]]]]}},{"type":"Feature","properties":{"n":"County of Ribagorza","f":990,"t":1014,"w":"Q1297894"},"geometry":{"type":"Polygon","coordinates":[[[0.64,42.04],[0.16,41.98],[-0.75,42.5],[-1.78,42.3],[-3.0,42.63],[-3.19,43.08],[-3.14,43.41],[-0.96,43.34],[-0.86,42.95],[0.6,42.69],[0.64,42.04]]]}},{"type":"Feature","properties":{"n":"Duchy of Bohemia","f":990,"t":999,"w":"Q2162698"},"geometry":{"type":"Polygon","coordinates":[[[17.43,48.79],[14.94,48.99],[14.18,48.59],[12.53,49.52],[12.21,50.25],[14.33,51.05],[15.26,50.98],[19.05,49.45],[17.43,48.79]]]}},{"type":"Feature","properties":{"n":"Holy Roman Empire","f":990,"t":1002,"w":"Q12548"},"geometry":{"type":"MultiPolygon","coordinates":[[[[14.77,42.17],[14.77,42.11],[14.69,42.11],[14.77,42.17]]],[[[9.58,41.98],[9.1,41.33],[8.62,41.72],[8.53,42.5],[9.49,43.02],[9.58,41.98]]],[[[10.46,42.69],[10.13,42.89],[10.21,42.89],[10.46,42.69]]],[[[11.82,53.12],[11.72,51.98],[13.17,52.38],[15.21,52.12],[15.93,50.98],[14.33,51.05],[12.38,50.38],[12.2,50.05],[12.7,49.38],[14.18,48.59],[14.94,48.99],[16.93,48.72],[16.98,48.06],[16.32,47.86],[16.02,46.41],[15.34,45.5],[14.45,45.63],[13.95,45.04],[13.71,45.76],[12.0,45.56],[12.4,45.04],[12.31,44.19],[13.67,43.41],[14.06,42.5],[14.69,42.11],[14.12,41.72],[12.38,42.43],[12.22,43.41],[11.82,43.34],[12.06,42.76],[11.49,42.37],[10.54,43.08],[9.97,44.12],[8.43,44.39],[7.55,43.8],[7.63,44.19],[6.9,44.32],[6.63,45.1],[8.01,45.63],[8.55,47.6],[7.15,47.47],[6.81,47.93],[5.82,47.86],[4.88,48.52],[5.03,49.12],[4.58,49.91],[3.55,50.38],[4.26,51.31],[3.5,51.25],[3.75,51.45],[3.4,51.65],[4.7,52.99],[5.06,52.65],[5.39,52.86],[5.54,53.39],[7.08,53.73],[8.12,53.53],[8.89,53.87],[8.89,54.34],[10.1,54.34],[10.19,53.73],[11.82,53.12]]]]}},{"type":"Feature","properties":{"n":"First Bulgarian Empire","f":990,"t":999,"w":"Q203817"},"geometry":{"type":"MultiPolygon","coordinates":[[[[20.15,39.58],[20.07,39.58],[20.07,39.64],[20.15,39.58]]],[[[28.48,43.47],[27.79,43.02],[25.76,42.76],[24.5,42.04],[24.8,41.72],[24.52,41.26],[22.5,40.74],[22.39,40.1],[22.83,39.58],[22.41,39.19],[19.92,39.71],[19.25,40.61],[19.72,42.04],[18.48,43.02],[19.62,44.91],[22.12,44.58],[22.88,45.04],[23.42,44.65],[23.36,43.93],[25.28,43.67],[27.75,44.19],[28.05,45.56],[29.67,45.43],[29.62,45.04],[29.05,44.97],[28.48,43.47]]]]}},{"type":"Feature","properties":{"n":"Duchy of Benevento","f":990,"t":1009,"w":"Q267816"},"geometry":{"type":"MultiPolygon","coordinates":[[[[13.95,40.94],[13.87,40.94],[13.87,41.0],[13.95,40.94]]],[[[13.95,41.0],[14.11,41.26],[13.4,41.33],[14.69,42.11],[15.4,41.91],[15.38,41.0],[13.95,41.0]]]]}},{"type":"Feature","properties":{"n":"County of Toulouse","f":990,"t":1027,"w":"Q1334322"},"geometry":{"type":"Polygon","coordinates":[[[0.99,42.82],[0.64,43.47],[1.45,44.84],[2.1,44.78],[1.73,44.12],[2.48,43.67],[1.84,43.47],[1.89,42.5],[0.99,42.82]]]}},{"type":"Feature","properties":{"n":"County of Rosellón","f":990,"t":999,"w":"Q13522657"},"geometry":{"type":"Polygon","coordinates":[[[2.99,43.02],[3.11,41.98],[2.86,42.43],[1.97,42.56],[2.99,43.02]]]}},{"type":"Feature","properties":{"n":"Duchy of Gascony","f":990,"t":1017,"w":"Q2295939"},"geometry":{"type":"Polygon","coordinates":[[[0.64,43.47],[0.99,42.82],[-0.12,42.76],[-0.86,42.95],[-0.96,43.34],[-1.69,43.34],[-1.04,45.56],[-0.11,45.17],[-0.24,44.65],[0.91,44.32],[0.64,43.47]]]}},{"type":"Feature","properties":{"n":"Kingdom of León","f":990,"t":1009,"w":"Q175276"},"geometry":{"type":"Polygon","coordinates":[[[-4.16,42.11],[-4.51,41.52],[-3.73,40.68],[-5.33,39.97],[-6.09,40.55],[-6.79,40.36],[-7.23,40.87],[-8.73,40.81],[-8.96,42.17],[-8.66,42.37],[-9.3,43.15],[-8.24,43.73],[-4.43,43.41],[-4.16,42.11]]]}},{"type":"Feature","properties":{"n":"County of Blôis","f":990,"t":1027,"w":"Q19336869"},"geometry":{"type":"Polygon","coordinates":[[[0.49,47.2],[1.3,47.47],[0.82,48.46],[1.39,48.65],[1.73,48.46],[1.89,47.14],[1.17,46.81],[0.49,47.2]]]}},{"type":"Feature","properties":{"n":"Papal States","f":990,"t":1033,"w":"Q170174"},"geometry":{"type":"MultiPolygon","coordinates":[[[[11.57,42.3],[11.49,42.3],[11.49,42.37],[11.57,42.3]]],[[[13.87,41.33],[13.0,41.33],[11.73,42.17],[12.06,42.76],[11.82,43.34],[12.22,43.41],[12.38,42.43],[13.96,41.72],[13.87,41.33]]]]}},{"type":"Feature","properties":{"n":"(Kingdom of Poland)","f":990,"t":1002,"w":"Q577867"},"geometry":{"type":"Polygon","coordinates":[[[19.97,53.12],[22.5,53.53],[22.1,52.05],[23.0,51.58],[22.95,50.11],[20.96,49.32],[19.04,49.32],[18.32,49.98],[15.92,50.78],[15.21,52.12],[14.04,52.86],[14.23,53.26],[13.81,53.73],[17.5,54.89],[18.46,54.89],[18.69,54.41],[19.46,54.34],[18.98,53.66],[19.97,53.12]]]}},{"type":"Feature","properties":{"n":"Liao Dynasty","f":990,"t":1039,"w":"Q4958"},"geometry":{"type":"MultiPolygon","coordinates":[[[[119.83,47.2],[120.13,45.69],[120.75,44.91],[121.67,44.58],[124.49,44.32],[128.69,44.78],[132.94,46.15],[133.53,45.96],[138.43,46.68],[135.28,43.6],[134.22,43.02],[132.95,42.69],[131.75,43.28],[129.78,41.78],[129.76,40.87],[127.58,39.77],[127.48,39.32],[125.35,39.32],[124.34,39.9],[123.6,39.84],[121.03,38.74],[121.69,39.38],[121.28,39.64],[122.23,40.48],[121.11,40.87],[119.22,39.32],[117.89,39.19],[117.58,38.74],[114.86,38.48],[113.58,39.06],[111.8,38.8],[111.39,39.26],[112.58,40.94],[103.96,40.68],[102.81,42.04],[101.48,42.56],[99.67,42.63],[100.12,45.5],[101.55,46.74],[108.35,47.4],[112.41,48.32],[114.81,48.19],[115.5,48.59],[115.69,48.26],[117.38,48.79],[118.0,48.72],[119.83,47.2]]],[[[121.71,44.65],[121.83,44.71],[121.79,44.65],[121.71,44.65]]]]}},{"type":"Feature","properties":{"n":"Kingdom of Arles","f":990,"t":1009,"w":"Q3271735"},"geometry":{"type":"Polygon","coordinates":[[[8.01,45.63],[6.63,45.1],[6.9,44.32],[7.63,44.19],[7.55,43.8],[6.28,43.15],[4.34,43.47],[4.73,43.93],[4.06,44.52],[4.35,45.3],[3.94,45.37],[3.98,46.35],[4.48,46.09],[4.88,46.35],[5.59,47.14],[5.58,47.66],[6.14,47.99],[6.98,47.86],[7.15,47.47],[8.55,47.6],[8.01,45.63]]]}},{"type":"Feature","properties":{"n":"County of Pallars","f":990,"t":1009,"w":"Q1541787"},"geometry":{"type":"Polygon","coordinates":[[[1.49,42.63],[1.12,41.91],[0.72,41.91],[0.6,42.69],[1.49,42.63]]]}},{"type":"Feature","properties":{"n":"Kingdom of Poland","f":990,"t":1002,"w":"Q577867"},"geometry":{"type":"Polygon","coordinates":[[[19.97,53.12],[22.5,53.53],[22.1,52.05],[23.0,51.58],[22.95,50.11],[20.96,49.32],[19.04,49.32],[18.32,49.98],[15.92,50.78],[15.21,52.12],[14.04,52.86],[14.23,53.26],[13.81,53.73],[17.5,54.89],[18.46,54.89],[18.69,54.41],[19.46,54.34],[18.98,53.66],[19.97,53.12]]]}},{"type":"Feature","properties":{"n":"Oghuz Turks","f":990,"t":1045,"w":"Q2118293"},"geometry":{"type":"MultiPolygon","coordinates":[[[[61.9,45.96],[61.43,46.28],[61.64,46.94],[60.12,46.81],[59.31,46.02],[58.64,45.96],[57.96,44.45],[58.36,43.54],[57.96,42.37],[56.83,40.74],[54.39,40.81],[54.73,41.26],[54.09,41.59],[53.91,42.17],[53.19,42.17],[52.72,41.52],[52.44,42.04],[52.79,42.82],[51.44,43.21],[50.88,44.25],[50.19,44.45],[51.42,44.52],[51.02,44.84],[51.47,45.37],[54.3,44.97],[54.29,45.56],[53.06,45.56],[53.35,46.35],[53.24,46.87],[56.38,47.8],[64.09,47.86],[64.76,47.4],[64.82,45.63],[61.9,45.96]]],[[[53.08,45.96],[53.1,46.02],[53.18,46.02],[53.08,45.96]]]]}},{"type":"Feature","properties":{"n":"Kingdom of the Iberians","f":990,"t":999,"w":"Q154816"},"geometry":{"type":"Polygon","coordinates":[[[41.75,40.16],[40.3,40.48],[41.58,41.52],[42.86,41.59],[43.48,41.0],[41.75,40.16]]]}},{"type":"Feature","properties":{"n":"Samanid Empire","f":990,"t":999,"w":"Q486181"},"geometry":{"type":"Polygon","coordinates":[[[67.07,36.42],[65.93,34.49],[64.56,33.84],[64.32,32.62],[63.48,32.24],[62.5,29.22],[62.85,26.97],[63.62,25.29],[61.72,25.04],[57.96,25.55],[57.14,26.26],[58.45,27.22],[58.87,29.22],[58.14,30.44],[56.28,31.14],[56.11,32.04],[54.97,33.01],[54.25,35.07],[54.83,36.55],[53.91,37.45],[53.99,39.0],[53.14,39.45],[53.54,39.51],[53.5,40.03],[52.79,40.03],[52.7,40.36],[52.89,40.87],[56.83,40.74],[58.63,43.67],[60.37,43.54],[61.94,42.04],[62.44,41.26],[62.42,40.03],[66.28,40.81],[69.63,43.54],[70.0,44.39],[72.3,44.25],[75.19,42.04],[73.4,39.51],[73.83,38.61],[74.89,38.48],[75.11,37.39],[71.94,37.75],[70.9,36.8],[67.07,36.42]]]}},{"type":"Feature","properties":{"n":"Kievan Rus'","f":990,"t":1017,"w":"Q1108445"},"geometry":{"type":"MultiPolygon","coordinates":[[[[36.75,45.43],[37.22,45.3],[37.17,45.04],[36.75,45.43]]],[[[24.51,54.48],[24.5,54.41],[24.41,54.41],[24.51,54.48]]],[[[41.67,58.6],[42.14,56.8],[41.59,55.77],[39.07,55.16],[38.95,54.27],[39.55,53.53],[39.41,52.18],[37.39,49.71],[35.15,49.32],[27.32,49.45],[26.24,48.79],[25.33,48.79],[24.71,49.25],[23.87,49.25],[22.95,50.11],[23.0,51.58],[22.1,52.05],[22.75,53.39],[23.42,54.07],[24.49,54.34],[28.03,55.98],[27.93,59.78],[29.16,60.07],[30.84,59.78],[31.1,60.21],[31.82,60.14],[33.18,60.91],[35.36,61.19],[35.2,60.91],[35.57,60.91],[36.43,61.41],[39.29,60.42],[41.67,58.6]]],[[[27.98,56.8],[27.97,56.73],[27.88,56.73],[27.98,56.8]]],[[[32.99,60.91],[32.98,60.84],[32.89,60.84],[32.99,60.91]]],[[[38.44,60.98],[38.42,60.91],[38.32,60.91],[38.44,60.98]]],[[[33.58,61.05],[33.56,60.98],[33.47,60.98],[33.58,61.05]]]]}},{"type":"Feature","properties":{"n":"Northern Song","f":990,"t":1017,"w":"Q7462"},"geometry":{"type":"MultiPolygon","coordinates":[[[[108.76,18.41],[108.7,19.38],[109.25,19.96],[110.91,20.15],[111.03,19.57],[110.18,18.48],[108.76,18.41]]],[[[119.46,37.96],[119.16,37.19],[120.75,37.9],[122.71,37.45],[122.39,36.8],[120.98,36.61],[119.23,34.81],[120.34,34.36],[120.92,32.62],[121.96,31.98],[121.58,31.4],[121.9,30.82],[120.68,30.18],[121.48,30.31],[122.03,29.92],[121.94,29.22],[121.74,29.54],[121.57,29.47],[121.65,28.32],[121.12,28.32],[119.59,26.13],[119.53,25.62],[119.87,25.49],[119.27,25.49],[118.76,24.59],[118.15,24.52],[116.54,22.91],[114.64,22.72],[114.37,22.08],[113.6,22.72],[113.64,22.14],[110.42,21.18],[110.49,20.28],[109.88,20.21],[109.81,21.5],[107.1,21.76],[108.39,22.72],[107.85,23.43],[108.34,26.13],[107.97,26.77],[106.46,27.35],[106.14,28.44],[104.43,27.67],[104.64,28.44],[103.99,28.57],[103.32,27.74],[103.28,26.32],[102.19,26.13],[101.66,26.77],[100.92,30.56],[101.69,32.75],[103.33,33.52],[103.89,35.26],[105.85,35.9],[106.08,36.29],[105.86,37.06],[104.54,37.64],[106.09,37.96],[106.82,38.55],[109.08,37.84],[111.02,38.48],[111.38,39.06],[111.8,38.8],[113.58,39.06],[114.86,38.48],[117.65,38.74],[117.6,38.48],[119.46,37.96]]],[[[122.28,29.99],[121.98,29.99],[122.05,30.18],[122.28,29.99]]]]}},{"type":"Feature","properties":{"n":"Byzantine Empire","f":990,"t":999,"w":"Q112039853"},"geometry":{"type":"MultiPolygon","coordinates":[[[[22.89,36.42],[23.12,36.35],[23.11,36.16],[22.89,36.42]]],[[[24.36,37.71],[24.43,37.58],[24.27,37.51],[24.36,37.71]]],[[[20.93,37.9],[20.92,37.64],[20.61,37.71],[20.93,37.9]]],[[[24.77,38.03],[25.07,37.77],[24.83,37.71],[24.77,38.03]]],[[[20.57,38.42],[20.79,38.09],[20.32,38.16],[20.57,38.42]]],[[[23.56,38.74],[23.48,38.74],[23.49,38.8],[23.56,38.74]]],[[[24.67,38.93],[24.66,38.74],[24.36,38.87],[24.67,38.93]]],[[[19.91,39.58],[19.76,39.64],[19.76,39.77],[19.91,39.58]]],[[[15.7,37.96],[16.27,38.93],[15.44,40.42],[15.4,41.91],[16.12,41.91],[15.94,41.39],[18.44,40.16],[18.11,39.9],[17.81,40.36],[16.87,40.48],[16.45,39.64],[17.14,39.06],[15.7,37.96]]],[[[24.81,40.81],[24.79,40.61],[24.55,40.55],[24.81,40.81]]],[[[17.44,43.02],[18.48,43.02],[19.71,41.91],[17.44,43.02]]],[[[17.75,42.69],[17.67,42.69],[17.67,42.76],[17.75,42.69]]],[[[15.93,43.67],[16.66,43.67],[16.17,43.47],[15.93,43.67]]],[[[15.38,44.19],[15.22,44.12],[15.15,44.39],[15.38,44.19]]],[[[15.07,44.45],[15.15,44.45],[15.15,44.39],[15.07,44.45]]],[[[14.99,44.52],[15.07,44.52],[15.07,44.45],[14.99,44.52]]],[[[33.04,34.55],[32.23,34.94],[34.54,35.71],[34.09,35.0],[33.04,34.55]]],[[[25.68,35.13],[26.23,35.19],[24.82,35.0],[23.62,35.52],[25.68,35.13]]],[[[28.02,36.48],[28.25,36.48],[28.14,36.03],[27.74,35.9],[28.02,36.48]]],[[[27.19,36.8],[26.87,36.67],[27.04,36.93],[27.19,36.8]]],[[[25.57,37.13],[25.56,37.0],[25.33,37.0],[25.57,37.13]]],[[[25.22,37.71],[25.29,37.51],[25.05,37.51],[25.22,37.71]]],[[[26.31,37.71],[26.3,37.58],[25.99,37.51],[26.31,37.71]]],[[[26.22,38.55],[26.11,38.16],[25.88,38.16],[26.22,38.55]]],[[[32.63,41.91],[34.88,42.04],[35.95,41.72],[36.21,41.26],[38.3,40.87],[40.37,40.94],[41.24,41.39],[41.26,41.07],[40.3,40.48],[42.92,39.58],[42.13,39.06],[42.48,38.22],[42.17,38.29],[41.81,37.38],[40.69,37.77],[37.28,36.67],[36.34,35.9],[36.06,34.61],[35.85,36.35],[36.26,36.61],[36.14,36.93],[35.49,36.61],[34.58,36.87],[33.98,36.29],[32.56,36.03],[31.09,36.93],[30.62,36.93],[30.49,36.35],[29.24,36.22],[29.12,36.74],[28.03,36.67],[28.07,37.13],[27.22,37.32],[27.28,38.03],[26.43,38.22],[26.38,38.67],[26.59,38.35],[27.08,38.55],[26.85,39.58],[26.13,39.51],[26.27,40.29],[29.05,40.36],[28.91,40.61],[29.49,40.87],[29.12,41.07],[27.53,41.07],[26.92,40.48],[24.35,41.0],[23.7,40.81],[23.74,40.23],[22.57,40.55],[22.61,39.9],[23.14,39.45],[22.8,39.06],[23.49,38.87],[22.94,38.74],[24.18,38.55],[23.98,37.84],[23.04,37.9],[23.4,37.32],[22.71,37.58],[23.06,36.67],[22.36,36.67],[22.22,37.06],[21.74,36.87],[21.7,37.51],[21.24,37.84],[21.74,38.35],[21.19,38.42],[20.37,39.32],[22.41,39.19],[22.83,39.58],[22.39,40.1],[22.5,40.74],[24.52,41.26],[24.8,41.72],[24.5,42.04],[25.76,42.76],[27.79,43.02],[27.49,42.43],[27.98,41.65],[28.96,41.13],[31.18,41.07],[32.63,41.91]]],[[[25.79,39.19],[26.04,39.38],[26.64,39.0],[25.79,39.19]]],[[[25.46,40.03],[25.45,39.84],[24.97,39.84],[25.46,40.03]]],[[[26.04,40.29],[26.02,40.16],[25.7,40.1],[26.04,40.29]]],[[[34.09,45.04],[34.37,44.71],[33.52,44.45],[33.6,45.04],[34.09,45.04]]]]}},{"type":"Feature","properties":{"n":"County of Vexin","f":990,"t":1065,"w":"Q1476089"},"geometry":{"type":"MultiPolygon","coordinates":[[[[2.19,49.18],[1.57,48.46],[1.39,48.65],[1.69,49.18],[2.19,49.18]]],[[[3.03,48.99],[2.94,49.12],[3.6,49.32],[3.46,48.85],[3.03,48.99]]]]}},{"type":"Feature","properties":{"n":"(Allegiance of Duchy of Aquitaine to Kingdom of France)","f":990,"t":1002,"w":"Q7703611"},"geometry":{"type":"Polygon","coordinates":[[[-1.69,43.34],[-1.03,45.5],[-1.25,46.28],[-2.84,47.6],[-4.42,47.8],[-4.91,48.52],[-3.46,48.92],[-1.6,48.65],[-2.03,49.78],[0.01,49.38],[0.22,49.85],[1.45,50.25],[1.66,51.05],[4.26,51.31],[3.55,50.38],[4.58,49.91],[5.03,49.12],[4.88,48.52],[5.82,47.86],[4.88,46.35],[4.48,46.09],[3.98,46.35],[3.94,45.37],[4.35,45.3],[4.06,44.52],[4.73,43.93],[4.34,43.47],[3.85,43.6],[1.89,42.5],[-1.69,43.34]],[[1.66,50.49],[1.69,50.45],[1.78,50.45],[1.66,50.49]]]}},{"type":"Feature","properties":{"n":"Fatimid Caliphate","f":990,"t":1014,"w":"Q160307"},"geometry":{"type":"MultiPolygon","coordinates":[[[[11.08,35.0],[10.0,34.29],[10.24,33.71],[12.23,32.81],[13.3,32.94],[15.06,32.43],[15.65,31.4],[17.85,30.95],[18.97,30.24],[19.96,30.56],[20.02,32.24],[21.11,32.81],[21.88,32.94],[23.09,32.62],[23.3,32.17],[24.89,31.98],[25.25,31.46],[26.85,31.46],[28.87,30.82],[30.97,31.66],[32.83,31.01],[34.55,31.53],[35.64,34.36],[36.22,34.68],[37.09,33.39],[39.12,34.49],[40.7,34.16],[42.36,33.26],[42.68,30.69],[40.91,29.67],[39.78,27.87],[39.7,26.84],[40.13,25.49],[42.24,22.08],[44.47,19.51],[44.28,18.8],[42.21,17.51],[41.58,18.09],[40.85,19.7],[39.35,20.79],[38.6,23.62],[37.44,24.33],[37.27,25.23],[35.41,27.87],[34.59,28.06],[34.91,29.41],[34.12,27.74],[33.19,28.51],[32.53,29.92],[32.43,29.6],[35.85,23.88],[31.67,23.75],[30.46,23.36],[28.57,24.65],[28.15,27.35],[23.96,29.92],[21.54,29.92],[18.64,29.09],[17.44,29.86],[15.1,30.56],[13.98,31.79],[12.45,31.85],[9.86,32.81],[9.16,34.1],[7.61,34.55],[1.29,34.61],[-0.39,34.36],[-0.07,35.84],[0.38,36.22],[3.46,36.87],[5.56,36.67],[6.33,37.06],[8.52,36.87],[10.23,37.25],[10.23,36.8],[11.01,37.0],[10.46,36.42],[11.08,35.0]]],[[[2.53,34.49],[2.61,34.49],[2.61,34.42],[2.53,34.49]]],[[[14.57,35.77],[14.34,35.84],[14.34,36.03],[14.57,35.77]]]]}},{"type":"Feature","properties":{"n":"County of Flanders","f":990,"t":1009,"w":"Q157070"},"geometry":{"type":"Polygon","coordinates":[[[2.55,50.11],[1.43,50.58],[1.66,51.05],[4.26,51.31],[3.73,50.11],[2.55,50.11]]]}},{"type":"Feature","properties":{"n":"Western Xia","f":990,"t":1033,"w":"Q7427"},"geometry":{"type":"Polygon","coordinates":[[[109.08,37.84],[106.17,38.67],[107.19,39.19],[108.51,40.74],[109.79,41.07],[112.58,40.94],[111.02,38.48],[109.08,37.84]]]}},{"type":"Feature","properties":{"n":"Seljuk Dynasty","f":990,"t":999,"w":"Q3708255"},"geometry":{"type":"Polygon","coordinates":[[[68.31,43.93],[68.5,42.56],[66.28,40.81],[62.42,40.03],[62.07,41.91],[60.39,43.34],[60.9,44.52],[61.58,44.91],[61.72,45.37],[61.4,45.37],[61.27,46.02],[61.43,46.28],[66.09,45.3],[68.31,43.93]]]}},{"type":"Feature","properties":{"n":"County of Maine","f":990,"t":1045,"w":"Q732738"},"geometry":{"type":"Polygon","coordinates":[[[-1.2,47.8],[-1.0,48.39],[-0.09,48.46],[0.44,47.99],[0.92,48.13],[1.21,47.47],[-1.2,47.8]]]}},{"type":"Feature","properties":{"n":"County of Vermandois","f":990,"t":1033,"w":"Q26385"},"geometry":{"type":"Polygon","coordinates":[[[3.85,49.38],[2.61,49.05],[1.77,49.18],[1.45,50.38],[2.55,50.11],[3.98,50.05],[3.85,49.38]]]}},{"type":"Feature","properties":{"n":"Caliphate of Córdoba","f":990,"t":1009,"w":"Q171740"},"geometry":{"type":"MultiPolygon","coordinates":[[[[-0.07,35.84],[-0.17,34.55],[-1.57,33.33],[-5.39,31.72],[-7.73,31.34],[-8.05,31.59],[-7.37,32.81],[-7.8,33.59],[-6.61,34.16],[-5.88,35.77],[-5.34,35.84],[-4.91,35.26],[-4.45,35.26],[-4.51,34.94],[-3.42,34.81],[-0.07,35.84]]],[[[1.66,39.0],[1.27,38.8],[1.26,39.13],[1.66,39.0]]],[[[1.79,41.26],[0.7,40.94],[-0.35,39.71],[0.1,38.74],[-0.66,38.29],[-0.7,37.64],[-1.71,37.45],[-2.06,36.8],[-4.47,36.74],[-5.58,36.03],[-6.84,37.25],[-9.0,37.0],[-8.82,38.48],[-9.21,38.42],[-9.57,38.93],[-8.73,40.81],[-7.23,40.87],[-6.79,40.36],[-6.09,40.55],[-5.02,39.97],[-3.22,41.26],[-2.35,41.33],[-1.82,41.78],[-1.78,42.43],[-0.75,42.5],[1.37,41.85],[1.79,41.26]]],[[[3.52,39.77],[3.3,39.32],[2.35,39.45],[2.88,39.97],[3.52,39.77]]],[[[3.83,39.9],[3.74,40.1],[4.22,40.1],[4.3,39.84],[3.83,39.9]]]]}},{"type":"Feature","properties":{"n":"Principality of Capua","f":990,"t":1009,"w":"Q1280122"},"geometry":{"type":"Polygon","coordinates":[[[14.11,41.26],[14.11,41.07],[13.79,41.2],[14.11,41.26]]]}},{"type":"Feature","properties":{"n":"County of Rouergue","f":990,"t":1039,"w":"Q590016"},"geometry":{"type":"Polygon","coordinates":[[[3.85,43.6],[2.12,42.76],[1.84,43.47],[2.48,43.67],[1.73,44.12],[2.58,44.84],[3.34,44.19],[4.06,44.52],[4.73,43.93],[4.34,43.47],[3.85,43.6]]]}},{"type":"Feature","properties":{"n":"Kingdom of Denmark","f":990,"t":1002,"w":"Q756617"},"geometry":{"type":"MultiPolygon","coordinates":[[[[14.64,55.09],[14.64,55.29],[15.08,55.23],[14.64,55.09]]],[[[10.45,55.98],[10.63,55.98],[10.63,55.77],[10.45,55.98]]],[[[9.75,55.57],[10.63,55.63],[10.71,54.75],[9.93,55.09],[10.19,54.34],[8.54,54.27],[8.8,54.61],[8.53,55.36],[8.0,55.63],[8.24,57.01],[10.46,57.77],[10.28,56.59],[10.9,56.52],[9.75,55.57]]],[[[14.23,55.91],[14.3,55.36],[12.81,55.36],[12.56,55.98],[12.1,54.75],[10.88,54.75],[11.67,55.09],[10.97,55.29],[10.89,55.77],[11.77,55.84],[12.75,56.52],[11.79,57.42],[11.98,57.77],[12.6,57.63],[13.46,56.59],[16.1,56.39],[14.23,55.91]]]]}},{"type":"Feature","properties":{"n":"(Alliance between Samanid Empire and Ziyadid dynasty)","f":990,"t":999,"w":"Q486181"},"geometry":{"type":"MultiPolygon","coordinates":[[[[45.21,15.91],[46.47,15.97],[46.15,15.52],[46.51,15.33],[49.48,14.69],[48.79,14.04],[45.74,13.34],[45.05,12.76],[43.44,12.69],[42.75,15.14],[42.82,16.61],[42.21,17.51],[43.89,18.54],[45.21,15.91]]],[[[67.07,36.42],[65.93,34.49],[64.56,33.84],[64.32,32.62],[63.48,32.24],[62.5,29.22],[62.85,26.97],[63.62,25.29],[61.72,25.04],[57.96,25.55],[57.14,26.26],[58.45,27.22],[58.87,29.22],[58.14,30.44],[56.28,31.14],[56.11,32.04],[54.97,33.01],[54.25,35.07],[54.83,36.55],[53.91,37.45],[53.99,39.0],[53.14,39.45],[53.54,39.51],[53.5,40.03],[52.79,40.03],[52.7,40.36],[52.89,40.87],[56.83,40.74],[58.63,43.67],[60.37,43.54],[61.94,42.04],[62.44,41.26],[62.42,40.03],[66.28,40.81],[69.63,43.54],[70.0,44.39],[72.3,44.25],[75.19,42.04],[73.4,39.51],[73.83,38.61],[74.89,38.48],[75.11,37.39],[71.94,37.75],[71.12,37.31],[70.98,36.8],[67.07,36.42]]]]}},{"type":"Feature","properties":{"n":"Kimek-Kipchak confederation","f":990,"t":999,"w":"Q2477776"},"geometry":{"type":"MultiPolygon","coordinates":[[[[74.87,53.06],[77.07,51.85],[79.02,49.98],[83.8,49.65],[85.3,48.99],[85.51,47.73],[80.83,46.48],[78.7,46.87],[72.03,46.61],[69.93,44.19],[68.9,43.99],[67.81,44.12],[66.09,45.3],[64.82,45.63],[64.76,47.4],[64.09,47.86],[56.38,47.8],[53.24,46.87],[51.5,47.14],[51.25,48.39],[51.81,49.52],[51.43,50.25],[52.05,51.45],[54.61,51.78],[58.11,51.11],[59.01,51.71],[59.44,52.65],[61.11,53.39],[61.25,53.33],[63.92,53.73],[74.87,53.06]]],[[[61.22,53.46],[61.31,53.46],[61.28,53.39],[61.22,53.46]]],[[[66.19,53.8],[66.28,53.8],[66.25,53.73],[66.19,53.8]]]]}},{"type":"Feature","properties":{"n":"(Kingdom of France)","f":990,"t":1002,"w":"Q207162"},"geometry":{"type":"Polygon","coordinates":[[[-1.69,43.34],[-1.03,45.5],[-1.25,46.28],[-2.84,47.6],[-4.42,47.8],[-4.91,48.52],[-3.46,48.92],[-1.6,48.65],[-2.03,49.78],[0.01,49.38],[0.22,49.85],[1.45,50.25],[1.66,51.05],[4.26,51.31],[3.55,50.38],[4.58,49.91],[5.03,49.12],[4.88,48.52],[5.82,47.86],[4.88,46.35],[4.48,46.09],[3.98,46.35],[3.94,45.37],[4.35,45.3],[4.06,44.52],[4.73,43.93],[4.34,43.47],[3.85,43.6],[1.89,42.5],[-1.69,43.34]],[[1.66,50.49],[1.69,50.45],[1.78,50.45],[1.66,50.49]]]}},{"type":"Feature","properties":{"n":"County of Berga","f":990,"t":1002,"w":"Q15487"},"geometry":{"type":"Polygon","coordinates":[[[1.37,41.85],[1.81,42.5],[2.86,42.43],[1.37,41.85]]]}},{"type":"Feature","properties":{"n":"Old Kingdom of Norway","f":990,"t":1002,"w":"Q202266"},"geometry":{"type":"MultiPolygon","coordinates":[[[[-4.81,54.34],[-4.38,54.41],[-4.36,54.21],[-4.86,54.07],[-4.81,54.34]]],[[[-5.89,55.29],[-5.44,55.84],[-5.12,55.43],[-5.89,55.29]]],[[[-6.19,55.57],[-6.63,55.63],[-5.74,56.18],[-6.19,55.57]]],[[[-5.3,56.11],[-4.93,56.05],[-5.0,55.84],[-5.3,56.11]]],[[[-5.68,56.39],[-6.29,56.32],[-6.34,56.66],[-5.68,56.39]]],[[[-7.29,57.08],[-7.47,57.08],[-7.6,57.35],[-7.25,57.42],[-7.29,57.08]]],[[[-5.78,57.08],[-6.8,57.35],[-6.5,57.77],[-5.78,57.08]]],[[[-7.44,57.49],[-7.56,57.7],[-7.12,57.7],[-7.44,57.49]]],[[[-7.13,57.77],[-7.28,58.18],[-6.26,58.53],[-7.13,57.77]]],[[[-5.2,58.67],[-3.04,58.67],[-4.11,57.9],[-5.47,58.04],[-5.2,58.67]]],[[[-2.81,59.02],[-2.79,58.88],[-3.42,58.81],[-3.38,59.22],[-2.81,59.02]]],[[[-2.83,59.16],[-2.84,59.29],[-2.58,59.36],[-2.83,59.16]]],[[[-1.16,60.56],[-1.2,60.07],[-1.67,60.21],[-1.63,60.63],[-0.81,60.63],[-1.16,60.56]]],[[[17.15,68.05],[16.83,67.82],[16.74,67.89],[15.72,67.37],[13.2,65.66],[13.46,64.79],[14.19,64.2],[12.26,62.69],[12.24,62.05],[12.88,61.41],[12.31,60.98],[12.38,60.07],[11.92,59.92],[12.16,58.18],[11.45,58.11],[10.56,59.64],[10.01,58.95],[7.6,57.97],[5.51,58.6],[6.03,59.36],[5.21,59.29],[5.45,60.14],[4.9,60.21],[5.08,62.26],[5.92,62.19],[6.64,62.76],[7.4,62.62],[6.92,63.05],[8.23,63.19],[7.84,63.55],[9.07,63.7],[9.26,63.41],[10.3,64.42],[11.35,64.49],[11.45,65.0],[12.13,65.15],[12.53,65.74],[12.35,66.25],[12.82,66.03],[12.94,66.62],[15.88,68.27],[14.19,68.2],[14.9,68.57],[14.52,68.88],[15.13,69.11],[15.52,68.8],[15.44,69.18],[16.15,69.33],[15.92,68.88],[17.21,68.8],[17.65,69.18],[17.04,69.11],[16.87,69.49],[18.58,69.49],[18.31,69.79],[19.38,69.41],[17.29,68.5],[17.15,68.05]],[[16.84,67.89],[16.85,67.97],[16.74,67.89],[16.84,67.89]],[[16.94,67.97],[16.95,68.04],[16.85,67.97],[16.94,67.97]],[[16.95,68.05],[17.05,68.05],[17.06,68.12],[16.95,68.05]]],[[[16.32,67.59],[16.33,67.67],[16.43,67.67],[16.32,67.59]]],[[[16.73,67.74],[16.63,67.74],[16.64,67.82],[16.73,67.74]]],[[[12.89,68.12],[13.19,68.12],[12.79,67.89],[12.89,68.12]]],[[[13.39,68.05],[14.1,68.42],[14.09,68.2],[13.39,68.05]]]]}},{"type":"Feature","properties":{"n":"Buyid Dynasty","f":990,"t":999,"w":"Q12536"},"geometry":{"type":"MultiPolygon","coordinates":[[[[57.49,23.88],[58.81,23.62],[59.27,22.91],[56.81,23.75],[55.72,25.68],[56.33,26.39],[56.73,24.46],[57.49,23.88]]],[[[54.83,36.55],[54.25,35.07],[54.97,33.01],[56.11,32.04],[56.28,31.14],[58.14,30.44],[58.87,29.22],[58.45,27.22],[57.14,26.26],[56.71,27.16],[54.68,26.45],[51.45,27.87],[50.06,30.18],[48.94,30.31],[48.37,29.92],[48.4,29.6],[47.85,29.41],[48.43,28.51],[47.68,28.51],[44.52,30.76],[42.68,30.63],[42.36,33.26],[45.12,36.03],[47.11,36.35],[47.63,37.19],[49.15,37.0],[49.46,37.45],[51.26,36.61],[54.03,36.87],[54.83,36.55]]]]}},{"type":"Feature","properties":{"n":"County of Barcelona","f":990,"t":999,"w":"Q7038"},"geometry":{"type":"MultiPolygon","coordinates":[[[[2.86,42.24],[3.11,41.98],[1.79,41.26],[1.45,41.72],[2.86,42.24]]],[[[1.75,42.17],[1.21,41.85],[1.11,42.17],[1.57,42.63],[1.75,42.17]]]]}},{"type":"Feature","properties":{"n":"Principality of Salerno","f":990,"t":1045,"w":"Q1065299"},"geometry":{"type":"Polygon","coordinates":[[[14.97,40.61],[14.5,41.0],[15.54,41.0],[15.59,40.03],[14.97,40.61]]]}},{"type":"Feature","properties":{"n":"County of Champagne","f":990,"t":1002,"w":"Q546266"},"geometry":{"type":"Polygon","coordinates":[[[5.82,47.73],[4.57,47.99],[4.17,47.66],[2.79,48.85],[3.54,48.85],[4.15,49.98],[4.58,49.91],[5.03,49.12],[4.88,48.52],[5.82,47.73]]]}},{"type":"Feature","properties":{"n":"County of Anjou","f":990,"t":1045,"w":"Q2991084"},"geometry":{"type":"Polygon","coordinates":[[[-1.05,46.87],[-1.39,47.01],[-1.19,47.6],[0.72,47.47],[0.18,46.94],[-1.05,46.87]]]}},{"type":"Feature","properties":{"n":"Duchy of Aquitaine","f":990,"t":1002,"w":"Q7703611"},"geometry":{"type":"Polygon","coordinates":[[[4.36,45.1],[3.59,44.19],[2.75,44.84],[2.2,44.52],[1.45,44.84],[0.91,44.32],[-0.24,44.65],[-0.11,45.17],[-0.77,45.24],[-1.25,46.28],[-2.21,47.01],[1.17,46.81],[2.79,47.2],[3.06,46.81],[4.05,46.68],[3.94,45.37],[4.36,45.1]]]}},{"type":"Feature","properties":{"n":"(Kingdom of Denmark)","f":990,"t":1002,"w":"Q756617"},"geometry":{"type":"MultiPolygon","coordinates":[[[[14.64,55.09],[14.64,55.29],[15.08,55.23],[14.64,55.09]]],[[[10.45,55.98],[10.63,55.98],[10.63,55.77],[10.45,55.98]]],[[[9.75,55.57],[10.63,55.63],[10.71,54.75],[9.93,55.09],[10.19,54.34],[8.54,54.27],[8.8,54.61],[8.53,55.36],[8.0,55.63],[8.24,57.01],[10.46,57.77],[10.28,56.59],[10.9,56.52],[9.75,55.57]]],[[[14.23,55.91],[14.3,55.36],[12.81,55.36],[12.56,55.98],[12.1,54.75],[10.88,54.75],[11.67,55.09],[10.97,55.29],[10.89,55.77],[11.77,55.84],[12.75,56.52],[11.79,57.42],[11.98,57.77],[12.6,57.63],[13.46,56.59],[16.1,56.39],[14.23,55.91]]]]}},{"type":"Feature","properties":{"n":"Duchy of Naples","f":990,"t":1027,"w":"Q1051600"},"geometry":{"type":"Polygon","coordinates":[[[14.5,41.0],[14.74,40.81],[14.03,40.94],[14.5,41.0]]]}},{"type":"Feature","properties":{"n":"(Holy Roman Empire)","f":990,"t":1002,"w":"Q12548"},"geometry":{"type":"MultiPolygon","coordinates":[[[[14.77,42.17],[14.77,42.11],[14.69,42.11],[14.77,42.17]]],[[[9.58,41.98],[9.1,41.33],[8.62,41.72],[8.53,42.5],[9.49,43.02],[9.58,41.98]]],[[[10.46,42.69],[10.13,42.89],[10.21,42.89],[10.46,42.69]]],[[[11.82,53.12],[11.72,51.98],[13.17,52.38],[15.21,52.12],[15.93,50.98],[14.33,51.05],[12.38,50.38],[12.2,50.05],[12.7,49.38],[14.18,48.59],[14.94,48.99],[16.93,48.72],[16.98,48.06],[16.32,47.86],[16.02,46.41],[15.34,45.5],[14.45,45.63],[13.95,45.04],[13.71,45.76],[12.0,45.56],[12.4,45.04],[12.31,44.19],[13.67,43.41],[14.06,42.5],[14.69,42.11],[14.12,41.72],[12.38,42.43],[12.22,43.41],[11.82,43.34],[12.06,42.76],[11.49,42.37],[10.54,43.08],[9.97,44.12],[8.43,44.39],[7.55,43.8],[7.63,44.19],[6.9,44.32],[6.63,45.1],[8.01,45.63],[8.55,47.6],[7.15,47.47],[6.81,47.93],[5.82,47.86],[4.88,48.52],[5.03,49.12],[4.58,49.91],[3.55,50.38],[4.26,51.31],[3.5,51.25],[3.75,51.45],[3.4,51.65],[4.7,52.99],[5.06,52.65],[5.39,52.86],[5.54,53.39],[7.08,53.73],[8.12,53.53],[8.89,53.87],[8.89,54.34],[10.1,54.34],[10.19,53.73],[11.82,53.12]]]]}},{"type":"Feature","properties":{"n":"Duchy of Brittany","f":990,"t":1146,"w":"Q71747"},"geometry":{"type":"Polygon","coordinates":[[[-2.13,47.01],[-2.84,47.6],[-4.42,47.8],[-4.91,48.52],[-3.46,48.92],[-1.52,48.65],[-1.0,48.39],[-1.39,47.01],[-2.13,47.01]]]}},{"type":"Feature","properties":{"n":"County of Osona","f":990,"t":999,"w":"Q1541779"},"geometry":{"type":"MultiPolygon","coordinates":[[[[1.69,41.72],[1.45,41.72],[1.53,41.78],[1.69,41.72]]],[[[2.86,42.24],[1.69,41.78],[2.07,42.04],[2.86,42.24]],[[2.16,41.98],[2.15,42.04],[2.13,41.98],[2.16,41.98]]]]}},{"type":"Feature","properties":{"n":"Duchy of Normandy","f":990,"t":1065,"w":"Q842091"},"geometry":{"type":"Polygon","coordinates":[[[-0.09,48.46],[-1.5,48.39],[-2.03,49.78],[0.01,49.38],[0.22,49.85],[1.45,50.25],[1.77,49.18],[0.44,47.99],[-0.09,48.46]]]}},{"type":"Feature","properties":{"n":"Kingdom of Croatia","f":990,"t":999,"w":"Q858841"},"geometry":{"type":"MultiPolygon","coordinates":[[[[16.73,43.47],[16.81,43.47],[16.81,43.41],[16.73,43.47]]],[[[14.5,44.52],[14.26,44.58],[14.27,44.97],[14.5,44.52]]],[[[19.26,44.19],[18.48,43.02],[17.52,43.02],[16.66,43.67],[15.37,43.86],[14.92,44.97],[14.28,45.37],[15.34,45.5],[15.6,46.22],[16.44,46.61],[17.88,45.76],[18.78,45.89],[19.26,44.19]]]]}},{"type":"Feature","properties":{"n":"Kingdom of France","f":990,"t":1002,"w":"Q207162"},"geometry":{"type":"MultiPolygon","coordinates":[[[[4.17,47.66],[4.57,47.99],[5.58,47.66],[5.59,47.14],[4.48,46.09],[4.05,46.68],[3.06,46.81],[2.79,47.2],[1.89,47.14],[1.69,47.86],[2.19,49.18],[2.94,49.12],[2.88,48.65],[4.17,47.66]]],[[[1.79,50.25],[1.43,50.58],[1.6,50.58],[1.79,50.25]]]]}},{"type":"Feature","properties":{"n":"Principality of Hungary","f":990,"t":999,"w":"Q2899771"},"geometry":{"type":"MultiPolygon","coordinates":[[[[23.47,46.35],[23.47,46.41],[23.55,46.41],[23.47,46.35]]],[[[22.92,47.8],[23.37,47.14],[23.25,46.74],[23.68,45.89],[23.47,45.3],[22.12,44.58],[19.3,44.84],[18.78,45.89],[17.88,45.76],[16.44,46.61],[15.86,46.55],[16.32,47.86],[16.98,48.06],[16.93,48.72],[18.46,49.32],[21.72,49.45],[22.53,49.12],[22.92,47.8]]],[[[23.08,47.66],[23.16,47.66],[23.15,47.6],[23.08,47.66]]]]}},{"type":"Feature","properties":{"n":"Hamdanid Emirates","f":990,"t":1027,"w":"Q837187"},"geometry":{"type":"MultiPolygon","coordinates":[[[[49.18,39.32],[48.76,38.35],[48.88,37.71],[49.46,37.45],[49.15,37.0],[47.63,37.19],[47.11,36.35],[45.12,36.03],[42.36,33.26],[39.51,34.49],[37.09,33.39],[36.17,34.94],[36.34,35.9],[37.28,36.67],[40.69,37.77],[41.81,37.38],[42.17,38.29],[42.84,37.51],[44.35,37.71],[44.49,38.55],[45.34,39.0],[44.83,39.71],[46.67,38.93],[46.86,39.58],[46.34,40.16],[46.87,40.48],[46.8,40.1],[47.41,39.58],[48.33,39.84],[49.18,39.32]]],[[[44.73,41.78],[44.89,41.78],[44.79,41.65],[44.73,41.78]]],[[[48.48,41.78],[48.12,41.59],[48.12,41.98],[48.48,41.78]]]]}},{"type":"Feature","properties":{"n":"Western Chalukya Empire","f":990,"t":999,"w":"Q14624218"},"geometry":{"type":"Polygon","coordinates":[[[81.27,22.01],[80.37,18.86],[80.45,17.64],[79.79,17.06],[80.25,13.66],[76.2,12.63],[74.75,12.82],[74.37,14.49],[73.25,16.61],[72.63,19.83],[72.85,20.43],[73.41,20.45],[74.11,22.08],[79.45,22.91],[81.27,22.01]]]}},{"type":"Feature","properties":{"n":"Ganzhou Kingdom","f":990,"t":1033,"w":"Q1000124"},"geometry":{"type":"Polygon","coordinates":[[[107.19,39.19],[106.17,38.67],[98.58,38.35],[96.23,39.13],[96.93,41.07],[108.51,40.74],[107.19,39.19]]]}},{"type":"Feature","properties":{"n":"Kingdom of Vaspurakan","f":990,"t":1017,"w":"Q5228183"},"geometry":{"type":"Polygon","coordinates":[[[42.13,39.06],[42.92,39.58],[43.72,39.19],[44.83,39.71],[45.37,39.13],[44.49,38.55],[44.35,37.71],[42.84,37.51],[42.13,39.06]]]}}]}