{"type":"FeatureCollection","act":{"from":500,"to":600,"years_inclusive":[500,599]},"attribution":{"source":"Cliopatria v0.2.0 (Seshat Global History Databank)","release":"GitHub tag v0.2.0 — https://github.com/Seshat-Global-History-Databank/cliopatria/releases/tag/v0.2.0","release_archive_sha256":"04e9f0d8ecb1d18a0cbb7d37a0b963a2c0ca4ebc2935708d27cc5d5131e4d5b8","internal_label_note":"The payload self-identifies as \"cliopatria_polities_only_v012\"; cite the release tag, not that label.","licence":"CC BY 4.0 — https://creativecommons.org/licenses/by/4.0/","citation":"Bennett, J.S., Mutch, E., Tollefson, A. et al. (2025). Cliopatria — A geospatial database of world-wide political entities from 3400BCE to 2024CE. Scientific Data 12, 247. https://doi.org/10.1038/s41597-025-04516-9","changes_made":"Changes were made. Features filtered to those overlapping this act window; polygons simplified with Douglas-Peucker at 0.25 degrees (topology preserved), invalid geometries repaired, and coordinates snapped to a 0.01 degree grid (2 decimal places); properties reduced to Name (n), FromYear (f), ToYear (t) and Wikidata Q-ID (w)."},"features":[{"type":"Feature","properties":{"n":"Byeonhan","f":-91,"t":533,"w":"Q1378584"},"geometry":{"type":"Polygon","coordinates":[[[128.81,35.0],[128.68,34.74],[127.45,34.74],[127.93,35.9],[129.35,35.32],[128.5,35.0],[128.81,35.0]]]}},{"type":"Feature","properties":{"n":"Pyu City-States","f":84,"t":849,"w":"Q1627675"},"geometry":{"type":"MultiPolygon","coordinates":[[[[96.19,18.86],[95.09,18.35],[94.41,20.86],[95.29,23.69],[96.59,23.88],[96.83,22.14],[96.19,18.86]]],[[[96.73,23.81],[96.8,23.81],[96.79,23.75],[96.73,23.81]]],[[[96.67,23.88],[96.74,23.88],[96.73,23.81],[96.67,23.88]]]]}},{"type":"Feature","properties":{"n":"Teotihuacan","f":106,"t":655,"w":"Q172613"},"geometry":{"type":"Polygon","coordinates":[[[-98.74,19.7],[-98.02,19.38],[-98.29,18.86],[-98.87,19.19],[-98.74,19.7]]]}},{"type":"Feature","properties":{"n":"Chámpa","f":207,"t":545,"w":"Q216786"},"geometry":{"type":"Polygon","coordinates":[[[108.02,15.01],[106.52,16.87],[106.95,17.26],[109.02,15.33],[109.51,12.95],[109.05,11.47],[108.08,11.92],[108.02,15.01]]]}},{"type":"Feature","properties":{"n":"Zapotec Civilization","f":207,"t":509,"w":"Q844750"},"geometry":{"type":"MultiPolygon","coordinates":[[[[-94.6,17.13],[-94.54,16.29],[-96.21,15.65],[-98.05,16.1],[-97.77,16.68],[-98.06,17.96],[-94.6,17.13]]],[[[-94.84,17.26],[-94.85,17.32],[-94.78,17.32],[-94.84,17.26]]]]}},{"type":"Feature","properties":{"n":"Funan","f":238,"t":545,"w":"Q867782"},"geometry":{"type":"Polygon","coordinates":[[[109.05,11.41],[107.34,10.38],[107.0,10.7],[106.6,9.54],[104.77,8.51],[105.03,9.99],[104.16,10.56],[104.01,9.87],[103.53,10.48],[103.6,11.09],[103.06,10.83],[102.87,11.86],[102.22,11.99],[101.68,13.08],[101.87,14.04],[106.3,13.08],[108.24,13.34],[108.14,11.79],[109.05,11.41]]]}},{"type":"Feature","properties":{"n":"Tamna","f":263,"t":681,"w":"Q28057"},"geometry":{"type":"Polygon","coordinates":[[[126.14,33.2],[127.0,33.59],[126.7,33.26],[126.14,33.2]]]}},{"type":"Feature","properties":{"n":"Mayan City-States","f":299,"t":554,"w":"Q28567"},"geometry":{"type":"Polygon","coordinates":[[[-87.35,20.21],[-87.7,18.29],[-87.99,18.74],[-88.25,18.48],[-88.14,16.81],[-88.82,15.97],[-88.38,15.39],[-88.82,14.24],[-89.92,13.59],[-91.35,13.91],[-93.82,15.91],[-93.37,17.26],[-93.84,18.35],[-91.3,18.61],[-90.43,20.02],[-90.32,21.11],[-86.92,21.63],[-86.72,20.92],[-87.35,20.21]]]}},{"type":"Feature","properties":{"n":"Alodia","f":347,"t":601,"w":"Q449639"},"geometry":{"type":"Polygon","coordinates":[[[36.05,16.81],[34.71,16.49],[34.68,15.78],[32.53,15.2],[31.53,15.97],[31.1,18.29],[35.37,17.96],[36.05,16.81]]]}},{"type":"Feature","properties":{"n":"Makuria","f":347,"t":568,"w":"Q829356"},"geometry":{"type":"Polygon","coordinates":[[[35.29,17.96],[31.1,18.29],[30.87,20.02],[32.03,19.51],[34.26,19.64],[35.29,17.96]]]}},{"type":"Feature","properties":{"n":"Nobatia","f":347,"t":646,"w":"Q568523"},"geometry":{"type":"Polygon","coordinates":[[[32.03,19.51],[30.87,20.02],[30.54,23.36],[33.39,23.81],[33.82,23.49],[34.26,19.64],[32.03,19.51]]]}},{"type":"Feature","properties":{"n":"Kalabhra Dynasty","f":353,"t":591,"w":"Q2572901"},"geometry":{"type":"Polygon","coordinates":[[[80.15,12.46],[79.76,11.67],[79.84,10.27],[79.23,10.18],[78.9,9.48],[79.29,9.26],[78.46,9.12],[78.09,8.38],[77.34,8.11],[76.54,8.98],[76.05,10.51],[76.95,11.34],[77.07,12.21],[77.85,12.15],[79.5,12.85],[80.15,12.46]]]}},{"type":"Feature","properties":{"n":"Kingdom of Axum","f":353,"t":533,"w":"Q139377"},"geometry":{"type":"MultiPolygon","coordinates":[[[[42.44,13.27],[41.32,12.82],[38.97,12.82],[38.11,13.4],[38.0,14.17],[38.56,15.2],[39.61,15.59],[39.73,15.2],[39.97,15.52],[42.44,13.27]]],[[[38.33,14.94],[38.33,15.01],[38.4,15.01],[38.33,14.94]]]]}},{"type":"Feature","properties":{"n":"Tarumanagara","f":367,"t":533,"w":"Q2247225"},"geometry":{"type":"Polygon","coordinates":[[[106.25,-6.79],[105.43,-6.53],[105.91,-5.89],[107.0,-5.89],[107.62,-6.53],[106.25,-6.79]]]}},{"type":"Feature","properties":{"n":"Himyarite Kingdom","f":378,"t":533,"w":"Q289577"},"geometry":{"type":"MultiPolygon","coordinates":[[[[45.58,15.84],[51.08,16.68],[52.38,16.29],[52.1,15.46],[49.41,14.69],[48.79,14.04],[45.74,13.34],[45.05,12.76],[43.44,12.69],[42.49,17.19],[43.55,17.77],[43.95,16.94],[45.58,15.84]]],[[[46.63,16.23],[46.71,16.23],[46.7,16.16],[46.63,16.23]]],[[[43.74,18.48],[43.75,18.54],[43.9,18.61],[43.74,18.48]]]]}},{"type":"Feature","properties":{"n":"Silla","f":378,"t":533,"w":"Q28456"},"geometry":{"type":"Polygon","coordinates":[[[127.85,35.9],[127.99,36.8],[129.43,37.32],[129.35,35.32],[127.85,35.9]]]}},{"type":"Feature","properties":{"n":"Caucasian Iberia","f":402,"t":509,"w":"Q19083"},"geometry":{"type":"Polygon","coordinates":[[[45.7,42.24],[44.24,41.26],[43.34,41.13],[42.62,41.59],[42.93,42.43],[42.5,43.15],[45.68,42.56],[45.7,42.24]]]}},{"type":"Feature","properties":{"n":"Lazica","f":402,"t":533,"w":"Q136884"},"geometry":{"type":"Polygon","coordinates":[[[42.93,42.43],[42.62,41.59],[41.53,41.26],[41.84,41.65],[41.61,42.63],[39.99,43.47],[40.74,43.6],[42.5,43.15],[42.93,42.43]]]}},{"type":"Feature","properties":{"n":"Anurādhapura","f":439,"t":616,"w":"Q5724"},"geometry":{"type":"Polygon","coordinates":[[[81.88,6.71],[81.34,6.14],[80.23,5.88],[79.61,7.87],[80.05,9.16],[79.88,9.86],[80.45,9.74],[81.92,7.42],[81.88,6.71]]]}},{"type":"Feature","properties":{"n":"Late Pallava Empire","f":451,"t":554,"w":"Q466803"},"geometry":{"type":"Polygon","coordinates":[[[77.8,15.31],[78.4,15.29],[78.56,15.87],[79.23,15.92],[80.13,15.33],[80.12,14.2],[77.74,14.66],[77.8,15.31]]]}},{"type":"Feature","properties":{"n":"Kadamba Empire","f":451,"t":545,"w":"Q1479952"},"geometry":{"type":"Polygon","coordinates":[[[73.67,17.9],[74.5,18.8],[75.82,18.72],[77.06,17.85],[77.5,17.03],[77.76,13.35],[76.94,12.76],[76.01,12.88],[74.74,14.32],[73.67,17.9]]]}},{"type":"Feature","properties":{"n":"Kamarupa Kingdom","f":451,"t":554,"w":"Q1194765"},"geometry":{"type":"Polygon","coordinates":[[[90.45,27.37],[93.65,28.2],[94.23,28.23],[95.46,26.6],[93.08,25.16],[90.34,25.34],[89.87,25.78],[90.45,27.37]]]}},{"type":"Feature","properties":{"n":"Hunnic Empire","f":476,"t":629,"w":"Q45813"},"geometry":{"type":"MultiPolygon","coordinates":[[[[37.75,45.56],[37.58,45.56],[37.59,45.63],[37.75,45.56]]],[[[30.22,45.96],[30.21,45.89],[30.04,45.89],[30.22,45.96]]]]}},{"type":"Feature","properties":{"n":"Maitraka Dynasty","f":476,"t":533,"w":"Q6737189"},"geometry":{"type":"MultiPolygon","coordinates":[[[[73.11,21.75],[72.54,21.7],[72.81,22.23],[72.18,22.27],[72.02,21.16],[70.49,20.84],[68.97,22.29],[70.18,22.57],[70.49,23.09],[69.66,22.76],[68.42,23.57],[70.06,24.12],[74.0,23.6],[74.03,21.65],[72.62,21.37],[73.11,21.75]]],[[[68.55,23.78],[68.63,23.8],[68.54,23.76],[68.55,23.78]]]]}},{"type":"Feature","properties":{"n":"Protectorate of the Western Regions","f":476,"t":554,"w":"Q911440"},"geometry":{"type":"Polygon","coordinates":[[[85.38,39.32],[82.06,37.64],[81.69,37.0],[82.02,36.8],[81.03,36.61],[79.4,37.13],[77.45,38.42],[78.34,39.45],[78.29,41.13],[77.8,41.52],[80.03,42.37],[82.06,42.24],[85.79,42.76],[90.22,41.91],[92.48,41.07],[85.38,39.32]]]}},{"type":"Feature","properties":{"n":"Kingdom of Thuringia","f":476,"t":522,"w":"Q268562"},"geometry":{"type":"MultiPolygon","coordinates":[[[[12.04,50.25],[12.04,50.31],[12.12,50.31],[12.04,50.25]]],[[[10.53,49.25],[9.44,49.58],[9.18,50.71],[9.43,51.25],[10.87,51.92],[11.55,51.78],[11.29,51.38],[12.3,50.65],[10.53,49.25]]]]}},{"type":"Feature","properties":{"n":"Baekje","f":476,"t":566,"w":"Q28428"},"geometry":{"type":"Polygon","coordinates":[[[126.12,34.36],[126.77,35.9],[126.05,36.8],[126.49,37.06],[127.99,36.8],[127.52,34.55],[126.12,34.36]]]}},{"type":"Feature","properties":{"n":"Tuyuhun","f":476,"t":535,"w":"Q1196201"},"geometry":{"type":"Polygon","coordinates":[[[93.35,39.38],[95.32,39.38],[96.36,38.67],[96.7,38.74],[96.76,39.45],[97.91,39.0],[99.2,39.26],[99.81,38.48],[100.41,38.61],[101.57,37.64],[102.1,37.77],[103.65,36.42],[103.21,33.39],[101.69,32.75],[101.54,34.74],[101.0,35.39],[94.51,37.13],[88.25,37.71],[81.69,37.0],[82.06,37.64],[84.33,38.8],[88.25,40.23],[92.8,41.07],[93.85,40.74],[93.28,40.16],[93.35,39.38]]]}},{"type":"Feature","properties":{"n":"Kingdom of the Suebi","f":476,"t":576,"w":"Q1048918"},"geometry":{"type":"Polygon","coordinates":[[[-6.85,41.07],[-6.86,40.29],[-9.37,39.26],[-8.73,40.74],[-8.96,42.17],[-8.65,42.3],[-9.3,43.15],[-8.24,43.73],[-6.05,43.54],[-5.7,42.43],[-6.85,41.07]]]}},{"type":"Feature","properties":{"n":"Northern Wei","f":476,"t":509,"w":"Q875305"},"geometry":{"type":"Polygon","coordinates":[[[117.78,39.13],[117.6,38.48],[119.46,37.96],[119.16,37.19],[120.75,37.9],[122.71,37.45],[122.39,36.8],[120.98,36.61],[118.05,33.84],[111.24,32.3],[110.17,32.3],[108.1,33.14],[107.65,32.94],[107.48,33.33],[105.17,33.07],[103.21,33.39],[103.65,36.42],[102.1,37.77],[101.57,37.64],[100.41,38.61],[99.81,38.48],[99.2,39.26],[97.91,39.0],[96.76,39.45],[96.7,38.74],[96.36,38.67],[95.32,39.38],[93.35,39.38],[93.09,39.9],[93.85,40.74],[96.93,41.07],[100.94,39.64],[104.58,39.84],[104.67,39.51],[103.67,38.87],[104.11,38.8],[103.66,37.96],[106.41,37.45],[110.4,38.16],[111.74,38.67],[112.58,39.58],[115.08,39.84],[117.48,41.33],[121.22,41.33],[122.61,41.78],[121.82,40.87],[118.99,39.19],[117.78,39.13]]]}},{"type":"Feature","properties":{"n":"(Brythonic Kingdoms)","f":480,"t":522,"w":"Q849967"},"geometry":{"type":"MultiPolygon","coordinates":[[[[-3.16,47.47],[-4.42,47.8],[-4.91,48.52],[-3.12,48.92],[-2.76,48.59],[-1.6,48.65],[-1.65,48.19],[-3.16,47.47]]],[[[-1.52,50.71],[-1.11,50.78],[-1.1,50.65],[-1.52,50.71]]],[[[-2.19,54.14],[-1.5,52.38],[-2.22,51.85],[-1.78,50.71],[-5.75,50.05],[-4.2,51.31],[-3.09,51.25],[-2.95,51.45],[-5.26,51.71],[-5.22,52.05],[-4.16,52.45],[-4.3,52.92],[-4.81,52.92],[-3.15,53.46],[-2.96,54.07],[-3.59,54.27],[-3.57,54.89],[-5.21,54.75],[-4.77,55.43],[-5.01,55.98],[-2.02,55.91],[-1.29,54.75],[-2.19,54.14]]]]}},{"type":"Feature","properties":{"n":"(Alliance between Northern Wei and Rouran Khaganate)","f":480,"t":509,"w":"Q875305"},"geometry":{"type":"MultiPolygon","coordinates":[[[[118.99,39.19],[117.78,39.13],[117.6,38.48],[119.46,37.96],[119.16,37.19],[120.75,37.9],[122.71,37.45],[122.39,36.8],[120.98,36.61],[118.8,34.36],[116.86,33.39],[110.17,32.3],[109.16,32.88],[107.65,32.94],[107.48,33.33],[105.17,33.07],[103.21,33.39],[103.65,36.42],[102.1,37.77],[101.57,37.64],[100.41,38.61],[99.81,38.48],[99.2,39.26],[97.91,39.0],[96.76,39.45],[96.7,38.74],[96.36,38.67],[95.32,39.38],[93.35,39.38],[93.09,39.9],[93.85,40.74],[88.11,42.37],[84.11,42.76],[82.06,42.24],[77.93,42.95],[79.87,44.97],[82.37,46.61],[82.75,47.47],[82.35,48.39],[82.69,48.92],[84.98,50.31],[88.4,51.45],[90.08,51.85],[92.38,51.58],[96.38,52.52],[98.84,52.12],[100.56,52.99],[103.3,51.92],[103.29,51.18],[104.29,50.91],[108.72,51.78],[112.27,51.65],[117.05,52.72],[118.28,52.65],[120.82,51.31],[118.55,47.01],[118.38,45.89],[119.38,45.3],[123.35,45.04],[125.05,44.32],[123.82,42.56],[121.82,40.87],[120.65,40.48],[118.99,39.19]]],[[[93.09,51.92],[93.18,51.92],[93.14,51.85],[93.09,51.92]]]]}},{"type":"Feature","properties":{"n":"Brythons","f":480,"t":522,"w":"Q849967"},"geometry":{"type":"MultiPolygon","coordinates":[[[[-3.16,47.47],[-4.42,47.8],[-4.91,48.52],[-3.12,48.92],[-2.76,48.59],[-1.6,48.65],[-1.65,48.19],[-3.16,47.47]]],[[[-1.52,50.71],[-1.11,50.78],[-1.1,50.65],[-1.52,50.71]]],[[[-2.19,54.14],[-1.5,52.38],[-2.22,51.85],[-1.78,50.71],[-5.75,50.05],[-4.2,51.31],[-3.09,51.25],[-2.95,51.45],[-5.26,51.71],[-5.22,52.05],[-4.16,52.45],[-4.3,52.92],[-4.81,52.92],[-3.15,53.46],[-2.96,54.07],[-3.59,54.27],[-3.57,54.89],[-5.21,54.75],[-4.77,55.43],[-5.01,55.98],[-2.02,55.91],[-1.29,54.75],[-2.19,54.14]]]]}},{"type":"Feature","properties":{"n":"Rouran Khaganate","f":480,"t":533,"w":"Q155361"},"geometry":{"type":"MultiPolygon","coordinates":[[[[103.3,51.92],[103.5,50.98],[104.29,50.91],[108.72,51.78],[112.27,51.65],[117.05,52.72],[118.28,52.65],[120.82,51.31],[118.55,47.01],[118.38,45.89],[119.38,45.3],[123.35,45.04],[125.05,44.32],[123.82,42.56],[122.61,41.78],[121.22,41.33],[117.48,41.33],[115.08,39.84],[112.58,39.58],[111.74,38.67],[110.4,38.16],[106.41,37.45],[103.66,37.96],[104.11,38.8],[103.67,38.87],[104.67,39.51],[104.58,39.84],[100.94,39.64],[96.93,41.07],[93.85,40.74],[90.22,41.91],[85.79,42.76],[82.06,42.24],[77.93,42.95],[79.87,44.97],[82.37,46.61],[82.75,47.47],[82.35,48.39],[82.69,48.92],[85.83,50.65],[90.08,51.85],[92.38,51.58],[96.38,52.52],[98.84,52.12],[100.56,52.99],[103.3,51.92]]],[[[93.05,51.85],[93.18,51.92],[93.14,51.85],[93.05,51.85]]]]}},{"type":"Feature","properties":{"n":"Kingdom of Kent","f":490,"t":533,"w":"Q328818"},"geometry":{"type":"Polygon","coordinates":[[[1.38,51.38],[0.82,50.91],[-0.07,51.51],[1.38,51.38]]]}},{"type":"Feature","properties":{"n":"Gupta Empire","f":490,"t":533,"w":"Q11774"},"geometry":{"type":"Polygon","coordinates":[[[74.61,24.65],[74.76,25.23],[77.05,26.9],[76.13,29.67],[76.3,30.5],[77.81,31.79],[78.84,31.66],[81.04,30.31],[80.1,28.77],[83.29,27.35],[84.43,27.42],[85.27,26.71],[88.99,26.52],[89.88,26.07],[90.34,24.46],[89.56,21.76],[88.73,21.63],[88.64,22.08],[88.35,21.56],[88.1,21.95],[87.07,21.44],[86.84,20.28],[86.11,19.76],[85.37,19.83],[84.47,18.54],[83.11,18.93],[81.52,20.39],[83.1,20.8],[83.77,21.95],[82.95,23.03],[82.11,23.22],[80.88,22.21],[79.54,23.41],[78.8,23.35],[76.5,24.58],[74.61,24.65]]]}},{"type":"Feature","properties":{"n":"Sasanian Empire","f":490,"t":509,"w":"Q1661685"},"geometry":{"type":"MultiPolygon","coordinates":[[[[51.14,25.49],[51.21,25.49],[51.21,25.42],[51.14,25.49]]],[[[50.43,25.94],[50.46,26.26],[50.69,26.26],[50.43,25.94]]],[[[49.09,37.51],[51.64,36.55],[54.03,36.87],[54.04,37.32],[55.2,38.03],[56.58,38.29],[61.2,36.55],[61.26,35.39],[60.38,33.26],[60.19,30.44],[63.53,26.39],[63.39,25.23],[61.72,25.04],[57.96,25.55],[57.18,25.94],[56.71,27.16],[55.44,26.52],[55.54,26.77],[54.83,26.45],[53.66,26.71],[51.32,27.99],[50.06,30.18],[48.94,30.31],[47.85,29.41],[48.87,27.67],[50.13,26.77],[50.07,26.07],[50.65,25.1],[51.12,26.13],[51.7,25.87],[51.41,24.33],[51.91,24.01],[54.08,24.14],[56.48,26.39],[56.4,24.97],[56.79,24.33],[58.81,23.62],[59.27,22.91],[56.81,23.75],[56.09,24.84],[54.27,23.75],[51.88,23.69],[51.1,24.2],[51.32,25.87],[50.62,24.65],[49.67,25.87],[49.88,26.45],[48.55,27.48],[47.53,29.28],[47.65,29.67],[45.77,30.44],[44.81,31.34],[44.73,31.98],[43.91,32.11],[40.1,34.29],[41.11,35.0],[41.09,36.03],[41.66,36.29],[40.87,38.48],[41.67,40.16],[41.53,41.26],[42.62,41.59],[43.34,41.13],[45.11,41.26],[45.6,40.87],[45.46,40.55],[46.46,39.97],[48.81,39.45],[49.09,37.51]],[[56.97,35.58],[57.05,35.58],[57.06,35.64],[56.97,35.58]],[[53.74,31.46],[53.66,31.46],[53.65,31.4],[53.74,31.46]],[[53.54,31.66],[53.53,31.59],[53.6,31.59],[53.54,31.66]],[[47.49,38.22],[47.41,38.22],[47.4,38.16],[47.49,38.22]],[[47.35,38.35],[47.34,38.29],[47.42,38.29],[47.35,38.35]]]]}},{"type":"Feature","properties":{"n":"Vandal Kingdom","f":490,"t":522,"w":"Q10416611"},"geometry":{"type":"MultiPolygon","coordinates":[[[[11.01,37.0],[10.46,35.9],[11.08,35.58],[11.08,35.0],[10.0,34.29],[10.24,33.71],[12.23,32.81],[13.07,32.94],[13.76,32.88],[15.21,32.36],[15.65,31.4],[18.0,30.89],[18.9,30.37],[18.81,29.99],[15.18,30.89],[13.83,32.11],[11.77,32.3],[9.63,33.14],[8.85,34.74],[7.99,35.07],[7.59,36.61],[1.15,36.16],[-1.88,34.81],[-5.28,34.94],[-6.11,34.61],[-6.73,33.59],[-7.47,33.26],[-7.88,33.52],[-6.61,34.16],[-5.88,35.77],[-5.34,35.84],[-4.75,35.19],[-2.84,35.45],[-2.66,35.07],[-1.89,35.07],[0.68,36.42],[3.46,36.87],[8.52,36.87],[8.9,37.13],[9.6,37.32],[10.23,37.25],[10.23,37.06],[10.15,37.0],[10.23,37.0],[10.23,36.8],[11.01,37.0]],[[13.07,32.88],[13.07,32.81],[13.15,32.81],[13.07,32.88]],[[8.83,37.0],[8.83,36.93],[8.9,36.93],[8.83,37.0]],[[8.37,36.1],[8.29,36.1],[8.29,36.03],[8.37,36.1]]],[[[1.27,38.8],[1.18,39.06],[1.65,39.13],[1.27,38.8]]],[[[3.52,39.77],[3.3,39.32],[2.35,39.45],[2.88,39.97],[3.52,39.77]]],[[[4.3,39.84],[3.74,40.1],[3.82,40.1],[4.3,39.84]]],[[[9.59,39.13],[8.34,39.0],[8.15,40.94],[9.1,41.26],[9.82,40.74],[9.59,39.13]]],[[[9.58,41.98],[9.1,41.33],[8.62,41.72],[8.53,42.5],[9.25,43.02],[9.58,41.98]]]]}},{"type":"Feature","properties":{"n":"Anglo-Saxon England","f":490,"t":522,"w":"Q784963"},"geometry":{"type":"Polygon","coordinates":[[[-0.07,51.51],[0.05,51.11],[-1.15,51.25],[-1.78,50.71],[-2.22,51.85],[-1.5,52.38],[-2.19,54.14],[-0.67,54.61],[0.3,53.39],[0.17,52.86],[1.53,52.92],[1.59,52.12],[0.69,51.51],[-0.07,51.51]]]}},{"type":"Feature","properties":{"n":"Goguryeo","f":490,"t":522,"w":"Q28370"},"geometry":{"type":"Polygon","coordinates":[[[132.6,43.8],[132.1,43.08],[131.75,43.28],[129.78,41.78],[129.76,40.87],[127.58,39.77],[127.44,39.26],[128.36,38.8],[129.21,37.19],[127.99,36.8],[126.74,36.93],[126.35,37.84],[125.23,37.64],[124.76,38.09],[125.39,39.38],[124.34,39.9],[121.03,38.74],[121.69,39.38],[121.28,39.64],[122.23,40.48],[121.79,40.81],[121.94,41.2],[123.82,42.56],[125.05,44.32],[129.41,45.1],[130.78,44.19],[132.6,43.8]],[[126.91,38.74],[127.03,38.8],[126.95,38.8],[126.91,38.74]]]}},{"type":"Feature","properties":{"n":"Vakataka Kingdom","f":490,"t":545,"w":"Q1501306"},"geometry":{"type":"Polygon","coordinates":[[[77.5,17.03],[77.06,17.85],[75.82,18.72],[74.5,18.8],[73.67,17.9],[73.83,17.0],[73.28,16.9],[72.67,21.24],[74.03,21.65],[74.27,24.33],[76.5,24.58],[78.8,23.35],[79.54,23.41],[80.88,22.21],[82.11,23.22],[83.76,22.31],[83.1,20.8],[80.56,19.8],[80.52,18.76],[81.83,17.54],[80.98,15.76],[80.38,15.79],[80.12,15.35],[79.23,15.92],[78.56,15.87],[78.39,15.29],[77.5,15.51],[77.5,17.03]]]}},{"type":"Feature","properties":{"n":"Lakhmid Kingdom","f":490,"t":509,"w":"Q943191"},"geometry":{"type":"MultiPolygon","coordinates":[[[[42.78,28.64],[42.86,28.64],[42.85,28.57],[42.78,28.64]]],[[[41.91,28.96],[41.98,28.96],[41.98,28.89],[41.91,28.96]]],[[[41.76,29.02],[41.84,29.02],[41.83,28.96],[41.76,29.02]]],[[[44.81,31.34],[45.77,30.44],[47.65,29.67],[47.53,29.28],[48.25,28.19],[46.7,27.74],[43.8,28.19],[42.86,28.64],[41.27,29.41],[41.11,29.34],[39.98,30.24],[40.06,31.08],[42.21,33.26],[43.91,32.11],[44.73,31.98],[44.81,31.34]]]]}},{"type":"Feature","properties":{"n":"White Huns","f":490,"t":522,"w":"Q41761342"},"geometry":{"type":"Polygon","coordinates":[[[67.29,24.07],[67.21,24.71],[66.63,24.84],[66.35,25.55],[63.39,25.23],[63.53,26.39],[60.19,30.44],[60.38,33.26],[61.26,35.39],[61.2,36.55],[56.9,38.29],[55.2,38.03],[53.96,37.32],[53.99,39.0],[53.14,39.45],[53.54,39.51],[53.5,40.03],[52.72,40.1],[52.89,40.87],[56.83,40.74],[57.46,41.39],[58.26,43.47],[60.29,43.54],[61.7,45.3],[64.48,44.58],[67.7,44.52],[69.84,43.93],[71.38,43.02],[74.3,43.34],[75.34,42.89],[79.08,42.82],[80.03,42.37],[77.8,41.52],[78.39,40.74],[78.03,38.74],[74.98,38.55],[74.54,37.84],[75.34,35.71],[75.47,33.2],[77.75,31.85],[76.3,30.5],[76.13,29.67],[77.05,26.9],[74.76,25.23],[74.0,23.6],[70.06,24.12],[68.74,23.84],[68.48,23.36],[67.29,24.07]],[[78.04,42.17],[78.66,42.76],[76.53,42.63],[77.37,42.11],[78.04,42.17]]]}},{"type":"Feature","properties":{"n":"Eastern Roman Empire","f":490,"t":509,"w":"Q12544"},"geometry":{"type":"MultiPolygon","coordinates":[[[[24.3,35.32],[26.23,35.19],[23.68,35.26],[23.62,35.52],[24.3,35.32]]],[[[14.57,35.97],[14.57,35.77],[14.34,35.84],[14.57,35.97]]],[[[23.12,36.35],[23.11,36.16],[22.87,36.16],[23.12,36.35]]],[[[24.36,37.71],[24.43,37.58],[24.27,37.51],[24.36,37.71]]],[[[25.22,37.71],[25.29,37.51],[25.05,37.51],[25.22,37.71]]],[[[20.93,37.9],[20.92,37.64],[20.61,37.71],[20.93,37.9]]],[[[24.77,38.03],[25.07,37.77],[24.83,37.71],[24.77,38.03]]],[[[20.57,38.42],[20.79,38.09],[20.32,38.16],[20.57,38.42]]],[[[23.56,38.74],[23.48,38.74],[23.49,38.8],[23.56,38.74]]],[[[24.67,38.93],[24.66,38.74],[24.36,38.87],[24.67,38.93]]],[[[20.15,39.58],[20.07,39.58],[20.07,39.64],[20.15,39.58]]],[[[25.46,40.03],[25.45,39.84],[24.97,39.84],[25.46,40.03]]],[[[24.49,40.81],[24.81,40.81],[24.79,40.61],[24.49,40.81]]],[[[28.48,43.47],[27.9,43.28],[27.49,42.43],[27.98,41.65],[28.96,41.13],[31.18,41.07],[32.63,41.91],[34.88,42.04],[35.95,41.72],[36.21,41.26],[38.3,40.87],[40.37,40.94],[41.84,41.65],[41.36,40.68],[41.67,40.16],[40.87,38.48],[41.68,36.42],[41.09,36.03],[41.11,35.0],[40.1,34.29],[39.12,34.49],[37.99,33.97],[36.9,33.07],[35.2,28.06],[34.59,28.06],[34.91,29.41],[34.12,27.74],[32.44,29.79],[35.85,23.88],[31.67,23.75],[30.46,23.36],[28.57,24.65],[28.15,27.35],[25.37,29.28],[21.94,30.56],[18.81,30.05],[20.2,30.89],[20.02,32.24],[21.88,32.94],[23.09,32.62],[23.3,32.17],[24.89,31.98],[25.25,31.46],[26.85,31.46],[28.87,30.82],[30.97,31.66],[32.83,31.01],[34.55,31.53],[35.06,33.01],[35.5,33.65],[35.45,33.91],[35.68,33.97],[35.64,34.36],[36.05,34.55],[35.84,36.29],[36.14,36.93],[35.49,36.61],[34.58,36.87],[33.98,36.29],[32.71,36.03],[31.09,36.93],[29.94,36.22],[29.24,36.22],[29.12,36.74],[28.59,36.87],[28.03,36.67],[28.07,37.13],[27.22,37.32],[27.28,38.03],[26.43,38.22],[26.38,38.67],[26.59,38.35],[27.08,38.55],[26.85,39.58],[26.13,39.51],[26.27,40.29],[29.05,40.36],[28.91,40.61],[29.49,40.87],[27.53,41.07],[26.92,40.48],[24.35,41.0],[23.7,40.81],[23.74,40.23],[22.57,40.55],[22.61,39.9],[23.14,39.45],[22.8,39.06],[23.49,38.87],[22.94,38.74],[24.18,38.55],[23.98,37.84],[23.04,37.9],[23.4,37.32],[22.71,37.58],[23.06,36.67],[22.36,36.67],[22.22,37.06],[21.74,36.87],[21.7,37.51],[21.24,37.84],[21.74,38.35],[21.19,38.42],[20.15,39.71],[19.76,39.64],[20.01,39.97],[19.25,40.61],[19.54,41.78],[19.0,42.17],[19.11,42.82],[20.29,45.24],[20.67,44.78],[22.69,44.71],[22.88,43.86],[24.08,43.73],[27.75,44.19],[28.05,45.56],[29.67,45.43],[29.53,44.91],[28.8,44.97],[28.48,43.47]],[[35.6,33.91],[35.52,33.91],[35.52,33.84],[35.6,33.91]],[[34.92,32.36],[34.85,32.36],[34.84,32.3],[34.92,32.36]],[[31.59,37.38],[31.6,37.45],[31.52,37.45],[31.59,37.38]],[[22.98,38.16],[22.98,38.09],[23.06,38.09],[22.98,38.16]],[[22.51,38.22],[22.6,38.42],[22.29,38.42],[22.66,37.96],[22.91,38.22],[22.51,38.22]],[[22.98,38.22],[22.99,38.29],[22.91,38.29],[22.91,38.22],[22.98,38.22]],[[22.43,38.09],[22.43,38.16],[22.35,38.16],[22.43,38.09]],[[22.28,38.16],[22.28,38.22],[22.2,38.22],[22.28,38.16]],[[22.36,38.29],[22.28,38.29],[22.28,38.22],[22.36,38.29]],[[21.15,39.06],[20.99,39.06],[20.99,39.0],[21.15,39.06]]],[[[33.04,34.55],[32.23,34.94],[34.54,35.71],[34.09,35.0],[33.04,34.55]]],[[[27.69,36.29],[28.25,36.48],[28.14,36.03],[27.74,35.9],[27.69,36.29]]],[[[27.19,36.8],[26.87,36.67],[27.04,36.93],[27.19,36.8]]],[[[25.57,37.13],[25.56,37.0],[25.33,37.0],[25.57,37.13]]],[[[26.08,37.71],[26.31,37.71],[26.3,37.58],[26.08,37.71]]],[[[26.22,38.55],[26.11,38.16],[25.88,38.16],[26.22,38.55]]],[[[25.79,39.19],[26.04,39.38],[26.64,39.0],[25.79,39.19]]],[[[26.04,40.29],[26.02,40.16],[25.7,40.1],[26.04,40.29]]],[[[33.61,45.1],[32.61,45.5],[33.74,46.02],[34.32,46.09],[35.43,45.3],[33.93,44.45],[33.47,44.65],[33.61,45.1]]]]}},{"type":"Feature","properties":{"n":"(Anglo-Saxon England)","f":490,"t":533,"w":"Q784963"},"geometry":{"type":"Polygon","coordinates":[[[-1.78,50.71],[-2.17,51.31],[-2.22,51.85],[-1.5,52.38],[-2.19,54.14],[-1.2,54.68],[-0.2,54.21],[0.3,53.39],[0.17,52.86],[1.09,53.06],[1.74,52.38],[0.52,51.51],[1.38,51.38],[0.74,50.85],[-1.78,50.71]]]}},{"type":"Feature","properties":{"n":"Visigothic Kingdom","f":490,"t":509,"w":"Q126936"},"geometry":{"type":"MultiPolygon","coordinates":[[[[6.28,43.15],[4.17,43.6],[3.14,43.28],[3.12,41.91],[0.7,40.94],[-0.35,39.71],[0.1,38.74],[-0.66,38.29],[-0.7,37.64],[-1.71,37.45],[-2.06,36.8],[-4.47,36.74],[-5.66,36.03],[-6.84,37.25],[-9.0,37.0],[-8.82,38.48],[-9.55,38.74],[-9.45,39.26],[-6.86,40.29],[-6.85,41.07],[-5.9,41.98],[-5.73,42.76],[-2.28,42.63],[-0.94,42.95],[-1.76,43.28],[-1.32,43.86],[-1.05,45.69],[-2.23,47.27],[1.31,47.2],[2.02,47.73],[2.95,47.47],[3.08,46.48],[4.22,44.39],[5.86,43.93],[6.09,44.39],[6.81,44.52],[7.39,43.8],[6.28,43.15]]],[[[-1.85,43.34],[-1.85,43.41],[-1.77,43.41],[-1.85,43.34]]]]}},{"type":"Feature","properties":{"n":"Kingdom of Sussex","f":490,"t":691,"w":"Q676184"},"geometry":{"type":"Polygon","coordinates":[[[-1.37,50.85],[-1.47,51.05],[0.74,50.91],[-1.37,50.85]]]}},{"type":"Feature","properties":{"n":"(Alliance between Gupta Empire and Vakataka Kingdom)","f":490,"t":533,"w":"Q11774"},"geometry":{"type":"Polygon","coordinates":[[[77.06,17.85],[75.82,18.72],[74.5,18.8],[73.67,17.9],[73.83,17.0],[73.28,16.9],[72.67,21.24],[74.03,21.65],[74.17,24.21],[75.21,24.5],[74.61,24.65],[74.76,25.23],[77.05,26.9],[76.13,29.67],[76.3,30.5],[77.73,31.79],[78.84,31.66],[81.04,30.31],[80.1,28.77],[81.19,28.19],[83.29,27.35],[84.43,27.42],[85.27,26.71],[88.55,26.58],[89.88,26.07],[90.34,24.46],[89.56,21.76],[88.73,21.63],[88.64,22.08],[88.35,21.56],[88.1,21.95],[87.07,21.44],[86.84,20.28],[86.11,19.76],[85.37,19.83],[84.47,18.54],[83.11,18.93],[81.54,20.4],[81.12,20.23],[80.56,19.8],[80.52,18.76],[81.83,17.54],[80.98,15.76],[80.38,15.79],[80.12,15.35],[79.23,15.92],[78.56,15.87],[78.39,15.29],[77.5,15.51],[77.06,17.85]]]}},{"type":"Feature","properties":{"n":"(Alliance between Ostrogothic Kingdom and Visigothic Kingdom)","f":500,"t":509,"w":"Q583038"},"geometry":{"type":"MultiPolygon","coordinates":[[[[6.28,43.15],[4.17,43.6],[3.14,43.28],[3.12,41.91],[0.7,40.94],[-0.35,39.71],[0.1,38.74],[-0.66,38.29],[-0.7,37.64],[-1.71,37.45],[-2.06,36.8],[-4.47,36.74],[-5.66,36.03],[-6.84,37.25],[-9.0,37.0],[-8.82,38.48],[-9.55,38.74],[-9.45,39.26],[-6.86,40.29],[-6.85,41.07],[-5.9,41.98],[-5.73,42.76],[-2.28,42.63],[-0.94,42.95],[-1.76,43.28],[-1.32,43.86],[-1.05,45.69],[-2.23,47.27],[1.31,47.2],[2.02,47.73],[2.95,47.47],[3.08,46.48],[4.22,44.39],[5.86,43.93],[6.97,44.71],[6.63,45.1],[9.95,47.66],[10.11,48.46],[12.11,49.18],[14.26,48.26],[18.8,47.93],[19.27,47.47],[18.83,47.01],[18.92,45.5],[20.3,45.3],[18.93,42.24],[17.51,42.76],[17.05,43.41],[15.37,43.86],[14.6,45.37],[13.78,44.91],[13.71,45.76],[12.16,45.5],[12.31,44.19],[13.67,43.41],[14.06,42.5],[14.92,41.98],[16.12,41.91],[15.94,41.39],[18.44,40.16],[18.11,39.9],[17.35,40.55],[16.62,40.29],[16.45,39.64],[17.14,39.06],[15.93,37.96],[15.39,38.16],[15.05,36.74],[12.49,37.9],[15.86,38.29],[16.27,38.93],[15.75,40.03],[11.26,42.43],[10.13,44.06],[8.59,44.45],[6.28,43.15]]],[[[10.21,42.69],[10.13,42.89],[10.46,42.89],[10.21,42.69]]],[[[-1.77,43.41],[-1.77,43.34],[-1.85,43.34],[-1.77,43.41]]],[[[14.26,44.58],[14.27,44.97],[14.51,44.91],[14.26,44.58]]],[[[19.09,45.56],[19.09,45.5],[19.0,45.5],[19.09,45.56]]]]}},{"type":"Feature","properties":{"n":"Lombards","f":500,"t":539,"w":"Q130900"},"geometry":{"type":"Polygon","coordinates":[[[14.26,48.26],[13.69,48.85],[16.85,48.79],[16.91,48.26],[14.26,48.26]]]}},{"type":"Feature","properties":{"n":"Salian Franks","f":500,"t":509,"w":"Q939852"},"geometry":{"type":"Polygon","coordinates":[[[4.31,50.25],[4.78,48.99],[5.45,48.92],[5.76,49.58],[7.09,49.91],[8.27,49.85],[8.76,50.51],[9.52,49.98],[9.44,49.58],[11.11,49.18],[11.03,48.79],[10.11,48.46],[9.95,47.66],[8.89,46.94],[6.31,47.99],[5.58,47.66],[5.51,47.07],[4.67,47.73],[2.95,47.47],[2.02,47.73],[1.31,47.2],[-2.83,47.53],[-1.8,47.99],[-1.51,48.52],[-2.03,49.78],[0.01,49.38],[0.22,49.85],[1.45,50.25],[1.66,51.05],[4.09,51.31],[4.16,51.71],[5.94,51.78],[6.2,51.51],[5.89,50.71],[4.31,50.25]]]}},{"type":"Feature","properties":{"n":"(Allegiance of Ostrogothic Kingdom to Eastern Roman Empire)","f":500,"t":509,"w":"Q583038"},"geometry":{"type":"MultiPolygon","coordinates":[[[[14.34,36.03],[14.57,35.97],[14.57,35.77],[14.34,36.03]]],[[[23.12,36.35],[23.11,36.16],[22.87,36.16],[23.12,36.35]]],[[[24.36,37.71],[24.43,37.58],[24.27,37.51],[24.36,37.71]]],[[[20.93,37.9],[20.92,37.64],[20.61,37.71],[20.93,37.9]]],[[[24.77,38.03],[25.07,37.77],[24.83,37.71],[24.77,38.03]]],[[[20.57,38.42],[20.79,38.09],[20.32,38.16],[20.57,38.42]]],[[[23.56,38.74],[23.48,38.74],[23.49,38.8],[23.56,38.74]]],[[[24.67,38.93],[24.66,38.74],[24.36,38.87],[24.67,38.93]]],[[[20.15,39.58],[20.07,39.58],[20.07,39.64],[20.15,39.58]]],[[[24.81,40.81],[24.79,40.61],[24.55,40.55],[24.81,40.81]]],[[[10.46,42.89],[10.46,42.69],[10.21,42.69],[10.46,42.89]]],[[[17.63,47.8],[18.8,47.93],[19.27,47.47],[18.83,47.01],[19.0,45.37],[20.3,45.3],[20.67,44.78],[21.41,44.91],[22.03,44.52],[22.69,44.71],[22.88,43.86],[25.28,43.67],[27.75,44.19],[28.05,45.56],[29.67,45.43],[29.53,44.91],[28.8,44.97],[28.48,43.47],[27.51,42.63],[27.98,41.65],[28.96,41.13],[31.18,41.07],[32.63,41.91],[34.88,42.04],[35.95,41.72],[36.21,41.26],[38.3,40.87],[40.37,40.94],[41.84,41.65],[41.36,40.68],[41.67,40.16],[40.87,38.48],[41.68,36.42],[41.09,36.03],[41.11,35.0],[40.1,34.29],[39.12,34.49],[37.99,33.97],[36.9,33.07],[35.2,28.06],[34.59,28.06],[34.91,29.41],[34.12,27.74],[32.44,29.79],[35.85,23.88],[31.67,23.75],[30.46,23.36],[28.57,24.65],[28.15,27.35],[25.37,29.28],[21.94,30.56],[18.81,30.05],[20.2,30.89],[20.02,32.24],[21.88,32.94],[23.09,32.62],[23.3,32.17],[24.89,31.98],[25.25,31.46],[26.85,31.46],[28.87,30.82],[30.97,31.66],[31.88,31.46],[32.0,31.08],[33.98,31.14],[34.55,31.53],[35.06,33.01],[35.5,33.65],[35.45,33.91],[35.68,33.97],[35.64,34.36],[36.05,34.55],[35.84,36.29],[36.14,36.93],[35.49,36.61],[34.58,36.87],[33.98,36.29],[32.71,36.03],[31.09,36.93],[29.94,36.22],[29.24,36.22],[29.12,36.74],[28.59,36.87],[28.03,36.67],[28.07,37.13],[27.22,37.32],[27.28,38.03],[26.43,38.22],[26.38,38.67],[26.59,38.35],[27.08,38.55],[26.85,39.58],[26.13,39.51],[26.27,40.29],[29.05,40.36],[28.91,40.61],[29.49,40.87],[27.53,41.07],[26.92,40.48],[24.35,41.0],[23.7,40.81],[23.74,40.23],[22.57,40.55],[22.61,39.9],[23.14,39.45],[22.8,39.06],[23.49,38.87],[22.94,38.74],[24.03,38.67],[24.16,38.22],[23.98,37.84],[23.04,37.9],[23.4,37.32],[22.71,37.58],[23.06,36.67],[22.36,36.67],[22.22,37.06],[21.74,36.87],[21.7,37.51],[21.24,37.84],[21.74,38.35],[21.19,38.42],[20.15,39.71],[19.76,39.64],[20.01,39.97],[19.25,40.61],[19.54,41.78],[17.83,42.89],[17.51,42.76],[17.05,43.41],[15.93,43.47],[14.6,45.37],[13.78,44.91],[13.71,45.76],[13.14,45.82],[12.16,45.5],[12.31,44.19],[13.67,43.41],[14.61,42.11],[16.12,41.91],[15.94,41.39],[18.44,40.16],[18.11,39.9],[17.35,40.55],[16.62,40.29],[16.45,39.64],[17.14,39.06],[15.93,37.96],[15.39,38.16],[15.21,37.0],[14.66,36.74],[12.49,37.9],[15.86,38.29],[16.27,38.93],[15.75,40.03],[11.26,42.43],[10.13,44.06],[8.59,44.45],[7.47,43.8],[6.64,44.97],[9.95,47.66],[10.11,48.46],[11.69,49.12],[14.26,48.26],[16.99,48.19],[17.63,47.8]],[[35.59,33.84],[35.6,33.91],[35.52,33.91],[35.59,33.84]],[[34.92,32.3],[34.92,32.36],[34.85,32.36],[34.92,32.3]],[[31.52,37.38],[31.59,37.38],[31.6,37.45],[31.52,37.38]],[[23.06,38.16],[22.98,38.16],[22.98,38.09],[23.06,38.16]],[[22.84,38.35],[22.29,38.42],[22.66,37.96],[22.97,37.96],[22.84,38.35]],[[22.99,38.29],[22.91,38.29],[22.91,38.22],[22.99,38.29]],[[22.35,38.09],[22.43,38.09],[22.43,38.16],[22.35,38.09]],[[22.2,38.16],[22.28,38.16],[22.28,38.22],[22.2,38.16]],[[22.36,38.22],[22.36,38.29],[22.28,38.29],[22.28,38.22],[22.36,38.22]],[[21.14,38.93],[21.15,39.06],[20.99,39.06],[21.14,38.93]]],[[[14.51,44.91],[14.5,44.52],[14.26,44.58],[14.51,44.91]]],[[[19.0,45.5],[19.01,45.56],[19.09,45.56],[19.0,45.5]]],[[[33.04,34.55],[32.23,34.94],[34.54,35.71],[34.09,35.0],[33.04,34.55]]],[[[25.68,35.13],[26.23,35.19],[24.82,35.0],[23.62,35.52],[25.68,35.13]]],[[[28.02,36.48],[28.25,36.48],[28.14,36.03],[27.74,35.9],[28.02,36.48]]],[[[27.19,36.8],[26.87,36.67],[27.04,36.93],[27.19,36.8]]],[[[25.57,37.13],[25.56,37.0],[25.33,37.0],[25.57,37.13]]],[[[25.22,37.71],[25.29,37.51],[25.05,37.51],[25.22,37.71]]],[[[26.31,37.71],[26.3,37.58],[25.99,37.51],[26.31,37.71]]],[[[26.22,38.55],[26.11,38.16],[25.88,38.16],[26.22,38.55]]],[[[25.79,39.19],[26.04,39.38],[26.64,39.0],[25.79,39.19]]],[[[25.46,40.03],[25.45,39.84],[24.97,39.84],[25.46,40.03]]],[[[26.04,40.29],[26.02,40.16],[25.7,40.1],[26.04,40.29]]],[[[33.61,45.1],[32.61,45.5],[33.74,46.02],[34.32,46.09],[35.43,45.3],[33.93,44.45],[33.47,44.65],[33.61,45.1]]]]}},{"type":"Feature","properties":{"n":"Kingdom of the Franks","f":500,"t":509,"w":"Q146246"},"geometry":{"type":"Polygon","coordinates":[[[6.2,51.51],[6.71,51.51],[7.15,50.98],[6.08,50.18],[6.35,49.52],[5.76,49.58],[5.45,48.92],[4.78,48.99],[4.31,50.25],[5.89,50.71],[6.2,51.51]]]}},{"type":"Feature","properties":{"n":"Southern Qi","f":500,"t":509,"w":"Q62456"},"geometry":{"type":"MultiPolygon","coordinates":[[[[108.76,18.41],[108.7,19.38],[109.25,19.96],[110.91,20.15],[111.03,19.57],[110.18,18.48],[108.76,18.41]]],[[[120.92,32.62],[121.99,31.85],[120.92,31.85],[122.0,31.08],[120.68,30.18],[121.48,30.31],[122.03,29.92],[122.0,29.41],[121.71,29.22],[121.59,29.54],[121.65,28.32],[121.12,28.32],[119.59,26.13],[119.53,25.62],[119.87,25.49],[119.27,25.49],[118.76,24.59],[118.15,24.52],[116.54,22.91],[114.64,22.72],[114.37,22.08],[113.6,22.72],[113.64,22.14],[110.42,21.18],[110.49,20.28],[109.88,20.21],[109.81,21.5],[108.65,21.69],[106.96,20.92],[105.97,19.83],[105.73,18.86],[106.96,17.32],[106.4,17.0],[105.14,18.41],[104.98,20.15],[104.44,20.47],[105.1,20.86],[104.87,22.21],[105.69,23.04],[102.85,23.43],[101.81,24.26],[101.46,25.16],[100.89,29.92],[101.69,32.75],[103.21,33.39],[105.17,33.07],[107.48,33.33],[107.65,32.94],[108.1,33.14],[110.17,32.3],[111.24,32.3],[114.08,33.14],[116.86,33.39],[119.23,34.81],[120.34,34.36],[120.92,32.62]]],[[[122.28,29.99],[121.98,29.99],[122.05,30.18],[122.28,29.99]]]]}},{"type":"Feature","properties":{"n":"Saxons","f":500,"t":533,"w":"Q101985"},"geometry":{"type":"Polygon","coordinates":[[[10.96,53.33],[11.82,53.12],[11.55,51.78],[10.87,51.92],[8.34,50.71],[6.7,51.98],[7.1,53.12],[8.38,53.33],[8.37,53.87],[8.89,53.87],[8.54,54.27],[8.8,54.55],[9.58,54.07],[11.22,53.94],[10.96,53.33]]]}},{"type":"Feature","properties":{"n":"(Merovingian Empire)","f":500,"t":509,"w":"Q146246"},"geometry":{"type":"Polygon","coordinates":[[[8.27,49.85],[8.76,50.51],[9.52,49.98],[9.44,49.58],[11.11,49.18],[11.03,48.79],[10.11,48.46],[9.95,47.66],[8.89,46.94],[6.31,47.99],[5.58,47.66],[5.51,47.07],[4.67,47.73],[2.95,47.47],[2.02,47.73],[1.31,47.2],[-2.83,47.53],[-1.8,47.99],[-1.51,48.52],[-2.03,49.78],[0.01,49.38],[0.22,49.85],[1.45,50.25],[1.66,51.05],[4.09,51.31],[4.16,51.71],[6.71,51.51],[7.15,50.78],[6.08,50.18],[6.43,49.71],[8.27,49.85]]]}},{"type":"Feature","properties":{"n":"(Kingdom of the Franks)","f":500,"t":509,"w":"Q146246"},"geometry":{"type":"Polygon","coordinates":[[[6.2,51.51],[6.71,51.51],[7.15,50.98],[6.08,50.18],[6.35,49.52],[5.76,49.58],[5.45,48.92],[4.78,48.99],[4.31,50.25],[5.89,50.71],[6.2,51.51]]]}},{"type":"Feature","properties":{"n":"Ostrogothic Kingdom","f":500,"t":509,"w":"Q583038"},"geometry":{"type":"MultiPolygon","coordinates":[[[[10.46,42.69],[10.13,42.89],[10.21,42.89],[10.46,42.69]]],[[[17.63,47.8],[18.96,47.8],[19.27,47.47],[18.83,47.01],[18.92,45.5],[20.3,45.3],[19.41,43.93],[19.17,42.3],[17.51,42.76],[16.58,43.6],[15.93,43.47],[14.6,45.37],[13.78,44.91],[13.71,45.76],[12.16,45.5],[12.31,44.19],[13.67,43.41],[14.06,42.5],[14.92,41.98],[16.12,41.91],[15.94,41.39],[18.44,40.16],[18.11,39.9],[17.35,40.55],[16.62,40.29],[16.45,39.64],[17.14,39.06],[15.93,37.96],[15.39,38.16],[15.21,37.0],[14.66,36.74],[12.49,37.9],[15.86,38.29],[16.27,38.93],[15.75,40.03],[11.26,42.43],[10.13,44.06],[8.59,44.45],[7.47,43.8],[6.63,45.1],[9.95,47.66],[10.11,48.46],[11.69,49.12],[14.26,48.26],[16.91,48.19],[17.63,47.8]]],[[[14.5,44.52],[14.26,44.58],[14.27,44.97],[14.5,44.52]]],[[[19.09,45.56],[19.09,45.5],[19.0,45.5],[19.09,45.56]]]]}},{"type":"Feature","properties":{"n":"Burgundian Kingdom","f":500,"t":509,"w":"Q13590051"},"geometry":{"type":"Polygon","coordinates":[[[5.86,43.93],[4.39,44.25],[3.08,46.48],[2.95,47.47],[4.67,47.73],[5.51,47.07],[5.58,47.66],[6.31,47.99],[8.72,46.94],[6.63,45.1],[6.97,44.71],[5.86,43.93]]]}},{"type":"Feature","properties":{"n":"Caucasian Albania","f":500,"t":509,"w":"Q177076"},"geometry":{"type":"Polygon","coordinates":[[[48.56,41.78],[49.51,40.61],[50.26,40.42],[49.51,40.23],[48.92,39.19],[48.53,39.64],[47.12,39.71],[45.59,40.42],[45.11,41.26],[44.24,41.26],[45.54,42.24],[47.5,41.26],[48.56,41.78]]]}},{"type":"Feature","properties":{"n":"Ripuarian Franks","f":500,"t":509,"w":"Q316860"},"geometry":{"type":"Polygon","coordinates":[[[8.76,50.51],[8.27,49.85],[6.43,49.71],[6.08,50.18],[7.15,50.98],[5.94,51.78],[4.41,51.71],[4.56,52.32],[5.39,52.99],[5.65,52.65],[6.67,53.19],[7.02,52.92],[6.61,51.98],[8.34,50.71],[9.43,51.25],[9.27,50.25],[8.76,50.51]]]}},{"type":"Feature","properties":{"n":"Scandinavian minor kingdoms","f":500,"t":522,"w":"Q1275225"},"geometry":{"type":"MultiPolygon","coordinates":[[[[11.45,54.62],[10.99,54.79],[12.17,54.84],[11.45,54.62]]],[[[10.68,55.06],[9.59,55.42],[9.77,54.9],[9.44,54.81],[10.04,54.62],[8.29,54.74],[8.69,55.16],[8.09,55.56],[8.13,55.98],[8.4,55.89],[8.11,56.02],[8.22,56.71],[8.24,56.7],[8.74,56.49],[9.07,56.81],[9.06,56.57],[9.32,56.53],[9.3,57.0],[10.31,56.98],[9.87,56.65],[10.96,56.44],[9.55,55.7],[10.62,55.61],[10.68,55.06]]],[[[11.25,55.2],[10.88,55.73],[11.77,55.96],[12.06,55.66],[11.85,55.96],[12.62,56.04],[12.18,55.12],[11.25,55.2]]],[[[10.36,55.77],[10.63,55.98],[10.63,55.77],[10.36,55.77]]],[[[8.51,56.74],[8.91,56.95],[8.88,56.8],[8.51,56.74]]],[[[8.55,56.59],[8.24,56.7],[8.62,57.12],[10.65,57.74],[10.32,56.99],[9.12,57.05],[8.68,56.95],[8.42,56.68],[8.55,56.59]]],[[[15.68,59.84],[17.61,60.63],[19.07,59.74],[18.09,59.33],[18.45,59.33],[18.48,59.44],[18.64,59.32],[16.19,58.63],[16.93,58.49],[16.42,58.48],[16.83,58.18],[16.51,57.99],[16.69,57.48],[15.87,56.09],[14.69,56.16],[14.16,55.38],[12.98,55.4],[13.06,55.68],[12.46,56.3],[12.92,56.58],[11.7,57.7],[11.8,58.32],[11.2,58.4],[11.11,59.0],[11.43,59.0],[10.76,59.22],[10.74,59.89],[10.51,59.53],[10.23,59.73],[10.52,59.31],[10.23,59.04],[9.55,59.11],[8.13,58.1],[6.6,58.07],[5.51,58.67],[5.56,59.03],[6.17,58.83],[6.62,59.05],[5.87,59.07],[6.47,59.56],[5.18,59.51],[7.1,60.5],[5.75,59.99],[5.73,60.38],[5.14,60.36],[5.53,60.64],[5.2,60.58],[4.93,60.8],[5.43,60.63],[5.01,61.04],[6.37,61.06],[6.82,61.14],[7.11,60.86],[7.56,61.47],[6.96,61.11],[6.71,61.39],[5.12,61.14],[5.63,61.36],[4.95,61.41],[5.8,61.45],[4.98,61.74],[6.76,61.87],[5.15,61.89],[5.4,62.02],[5.08,62.18],[7.42,62.23],[6.25,62.58],[8.14,62.69],[6.95,62.93],[8.55,62.65],[7.88,63.0],[8.53,62.85],[8.16,63.12],[9.65,63.62],[10.26,63.26],[10.06,63.42],[11.08,63.7],[10.59,62.95],[11.48,61.08],[15.68,59.84]],[[17.59,59.8],[17.73,59.44],[17.38,59.65],[16.03,59.49],[17.37,59.25],[17.61,59.42],[17.73,59.32],[18.09,59.33],[17.59,59.8]],[[5.65,60.47],[5.48,60.46],[5.64,60.42],[5.65,60.47]],[[5.69,60.67],[5.68,60.56],[5.72,60.67],[5.69,60.67]]],[[[9.79,63.66],[10.09,63.76],[9.55,63.66],[10.5,64.42],[11.29,64.37],[10.58,63.8],[10.94,63.74],[9.79,63.66]]],[[[11.73,64.88],[12.18,64.94],[11.73,64.58],[11.4,64.67],[11.73,64.88]]],[[[10.82,64.85],[11.26,64.89],[11.06,64.85],[10.82,64.85]]],[[[12.21,65.05],[11.24,64.73],[11.7,64.9],[11.35,64.9],[12.21,65.05]]],[[[10.78,64.92],[11.11,64.97],[10.74,64.85],[10.78,64.92]]],[[[12.18,65.21],[12.31,65.1],[12.13,65.05],[12.18,65.21]]],[[[14.68,55.1],[14.75,55.29],[15.15,55.13],[14.68,55.1]]],[[[12.5,65.39],[12.06,65.21],[12.11,65.28],[12.5,65.39]]],[[[13.58,66.21],[12.94,65.32],[12.25,65.23],[12.63,65.42],[12.35,65.64],[13.58,66.21]]],[[[12.53,66.0],[12.9,66.01],[12.44,65.86],[12.53,66.0]]],[[[12.66,66.1],[12.29,66.01],[12.34,66.08],[12.66,66.1]]],[[[12.98,66.52],[15.32,67.17],[13.91,66.29],[13.03,66.19],[13.53,66.31],[12.98,66.52]]],[[[14.19,67.0],[13.99,67.08],[14.26,67.13],[14.19,67.0]]],[[[15.15,67.54],[15.56,67.35],[14.33,67.24],[15.15,67.54]]],[[[16.5,67.95],[15.96,67.55],[15.59,67.37],[15.89,67.56],[15.18,67.62],[15.78,67.73],[14.73,67.65],[14.92,67.88],[15.87,67.92],[15.96,68.01],[15.29,68.03],[15.74,68.09],[16.5,67.95]]],[[[13.05,68.1],[13.15,68.08],[13.14,67.96],[12.84,67.88],[13.05,68.1]]],[[[15.5,67.99],[15.92,67.99],[15.52,67.98],[15.5,67.99]]],[[[13.45,68.06],[14.09,68.26],[13.84,68.1],[13.45,68.06]]],[[[15.17,68.45],[14.2,68.15],[14.54,68.4],[15.17,68.45]]],[[[16.24,68.52],[15.93,68.37],[14.99,68.25],[15.17,68.45],[15.36,68.66],[15.63,68.94],[15.99,68.75],[15.74,68.53],[16.57,68.7],[16.24,68.52]]],[[[15.13,69.01],[15.36,68.66],[14.37,68.69],[15.13,69.01]]],[[[17.1,57.35],[16.42,56.21],[16.39,56.53],[17.1,57.35]]],[[[18.71,57.24],[18.14,56.91],[18.12,57.53],[19.01,57.91],[18.71,57.24]]],[[[17.07,59.46],[17.32,59.41],[17.15,59.39],[17.07,59.46]]],[[[16.11,68.27],[17.19,68.34],[16.72,68.0],[16.11,68.27]]],[[[16.24,68.52],[16.46,68.47],[16.31,68.41],[16.24,68.52]]],[[[17.17,68.82],[17.09,68.91],[17.44,68.86],[17.17,68.82]]],[[[16.38,68.91],[16.26,68.97],[16.61,68.94],[16.38,68.91]]],[[[16.47,68.51],[17.67,68.66],[17.24,68.75],[17.79,68.76],[17.43,68.9],[18.15,69.15],[18.26,69.49],[18.54,69.3],[18.93,69.3],[17.51,68.52],[16.47,68.51]]],[[[15.56,69.1],[16.15,69.28],[15.87,69.03],[15.56,69.1]]],[[[16.77,69.07],[17.47,69.6],[18.09,69.42],[16.77,69.07]]],[[[18.47,69.51],[19.13,69.35],[18.76,69.35],[18.47,69.51]]],[[[19.55,69.55],[19.6,69.47],[19.16,69.38],[19.13,69.72],[19.55,69.55]]],[[[18.69,69.88],[19.06,69.79],[18.74,69.56],[18.0,69.59],[18.63,69.69],[18.35,69.73],[18.69,69.88]]]]}},{"type":"Feature","properties":{"n":"Liang Dynasty","f":510,"t":533,"w":"Q783489"},"geometry":{"type":"MultiPolygon","coordinates":[[[[108.76,18.41],[108.7,19.38],[109.25,19.96],[110.91,20.15],[111.03,19.57],[110.18,18.48],[108.76,18.41]]],[[[120.92,32.62],[121.99,31.85],[120.92,31.85],[122.0,31.08],[120.68,30.18],[121.48,30.31],[122.03,29.92],[122.0,29.41],[121.71,29.22],[121.59,29.54],[121.65,28.32],[121.12,28.32],[119.59,26.13],[119.53,25.62],[119.87,25.49],[119.27,25.49],[118.76,24.59],[118.15,24.52],[116.54,22.91],[114.64,22.72],[114.37,22.08],[113.6,22.72],[113.64,22.14],[110.42,21.18],[110.49,20.28],[109.88,20.21],[109.81,21.5],[108.65,21.69],[106.96,20.92],[105.97,19.83],[105.73,18.86],[106.96,17.32],[106.4,17.0],[105.14,18.41],[104.98,20.15],[104.44,20.47],[105.1,20.86],[104.87,22.21],[105.69,23.04],[102.85,23.43],[101.81,24.26],[101.46,25.16],[100.89,29.92],[101.69,32.75],[103.21,33.39],[105.17,33.07],[107.48,33.33],[107.65,32.94],[108.1,33.14],[110.17,32.3],[111.24,32.3],[114.08,33.14],[116.86,33.39],[119.23,34.81],[120.34,34.36],[120.92,32.62]]],[[[122.28,29.99],[121.98,29.99],[122.05,30.18],[122.28,29.99]]]]}},{"type":"Feature","properties":{"n":"Zapotec Civilization","f":510,"t":601,"w":"Q844750"},"geometry":{"type":"MultiPolygon","coordinates":[[[[-94.6,17.13],[-94.54,16.29],[-96.21,15.65],[-98.05,16.1],[-97.77,16.68],[-98.06,17.96],[-94.6,17.13]]],[[[-94.84,17.26],[-94.85,17.32],[-94.78,17.32],[-94.84,17.26]]]]}},{"type":"Feature","properties":{"n":"Ostrogothic Kingdom","f":510,"t":533,"w":"Q583038"},"geometry":{"type":"MultiPolygon","coordinates":[[[[10.46,42.69],[10.13,42.89],[10.21,42.89],[10.46,42.69]]],[[[17.63,47.8],[18.8,47.93],[19.27,47.47],[18.83,47.01],[18.78,45.89],[19.14,44.97],[19.93,44.65],[19.41,43.93],[19.17,42.3],[17.51,42.76],[16.58,43.6],[15.93,43.47],[14.6,45.37],[13.78,44.91],[13.71,45.76],[12.16,45.5],[12.31,44.19],[13.67,43.41],[14.06,42.5],[14.92,41.98],[16.12,41.91],[15.94,41.39],[18.44,40.16],[18.11,39.9],[17.35,40.55],[16.62,40.29],[16.45,39.64],[17.14,39.06],[15.93,37.96],[15.39,38.16],[15.05,36.74],[12.49,37.9],[15.86,38.29],[16.27,38.93],[15.75,40.03],[11.26,42.43],[10.13,44.06],[8.59,44.45],[6.28,43.15],[4.09,43.6],[4.71,44.25],[5.86,43.93],[6.09,44.39],[6.89,44.52],[6.63,45.1],[9.95,47.66],[10.11,48.46],[11.69,49.12],[14.26,48.26],[16.91,48.19],[17.63,47.8]]],[[[14.5,44.52],[14.26,44.58],[14.27,44.97],[14.5,44.52]]]]}},{"type":"Feature","properties":{"n":"Burgundian Kingdom","f":510,"t":522,"w":"Q13590051"},"geometry":{"type":"Polygon","coordinates":[[[6.63,45.1],[6.89,44.52],[6.09,44.39],[5.86,43.93],[4.24,44.06],[2.95,47.47],[4.67,47.73],[5.51,47.07],[5.58,47.66],[6.31,47.99],[8.64,46.68],[6.63,45.1]]]}},{"type":"Feature","properties":{"n":"(Alliance between Northern Wei and Rouran Khaganate)","f":510,"t":522,"w":"Q875305"},"geometry":{"type":"MultiPolygon","coordinates":[[[[118.99,39.19],[117.78,39.13],[117.6,38.48],[119.46,37.96],[119.16,37.19],[120.75,37.9],[122.71,37.45],[122.39,36.8],[120.98,36.61],[118.8,34.36],[116.86,33.39],[110.17,32.3],[109.16,32.88],[107.65,32.94],[107.48,33.33],[105.17,33.07],[103.21,33.39],[103.65,36.42],[102.1,37.77],[101.57,37.64],[100.41,38.61],[99.81,38.48],[99.2,39.26],[97.91,39.0],[96.76,39.45],[96.7,38.74],[96.36,38.67],[95.32,39.38],[93.35,39.38],[93.09,39.9],[93.85,40.74],[88.11,42.37],[84.11,42.76],[82.06,42.24],[77.93,42.95],[79.87,44.97],[82.37,46.61],[82.75,47.47],[82.35,48.39],[82.69,48.92],[84.98,50.31],[88.4,51.45],[90.08,51.85],[92.38,51.58],[96.38,52.52],[98.84,52.12],[100.56,52.99],[103.3,51.92],[103.29,51.18],[104.29,50.91],[108.72,51.78],[112.27,51.65],[117.05,52.72],[118.28,52.65],[120.82,51.31],[118.55,47.01],[118.38,45.89],[119.38,45.3],[123.35,45.04],[125.05,44.32],[123.82,42.56],[121.82,40.87],[120.65,40.48],[118.99,39.19]]],[[[93.09,51.92],[93.18,51.92],[93.14,51.85],[93.09,51.92]]]]}},{"type":"Feature","properties":{"n":"Eastern Roman Empire","f":510,"t":522,"w":"Q12544"},"geometry":{"type":"MultiPolygon","coordinates":[[[[24.3,35.32],[26.23,35.19],[23.68,35.26],[23.62,35.52],[24.3,35.32]]],[[[14.57,35.97],[14.57,35.77],[14.34,35.84],[14.57,35.97]]],[[[23.12,36.35],[23.11,36.16],[22.87,36.16],[23.12,36.35]]],[[[24.36,37.71],[24.43,37.58],[24.27,37.51],[24.36,37.71]]],[[[25.22,37.71],[25.29,37.51],[25.05,37.51],[25.22,37.71]]],[[[20.93,37.9],[20.92,37.64],[20.61,37.71],[20.93,37.9]]],[[[24.77,38.03],[25.07,37.77],[24.83,37.71],[24.77,38.03]]],[[[20.57,38.42],[20.79,38.09],[20.32,38.16],[20.57,38.42]]],[[[23.56,38.74],[23.48,38.74],[23.49,38.8],[23.56,38.74]]],[[[24.67,38.93],[24.66,38.74],[24.36,38.87],[24.67,38.93]]],[[[20.15,39.58],[20.07,39.58],[20.07,39.64],[20.15,39.58]]],[[[25.46,40.03],[25.45,39.84],[24.97,39.84],[25.46,40.03]]],[[[24.49,40.81],[24.81,40.81],[24.79,40.61],[24.49,40.81]]],[[[28.48,43.47],[27.9,43.28],[27.49,42.43],[27.98,41.65],[28.96,41.13],[31.18,41.07],[32.63,41.91],[34.88,42.04],[35.95,41.72],[36.21,41.26],[38.3,40.87],[40.37,40.94],[41.84,41.65],[41.36,40.68],[41.67,40.16],[40.87,38.48],[41.68,36.42],[41.09,36.03],[41.11,35.0],[40.1,34.29],[39.12,34.49],[37.07,33.26],[36.32,30.89],[34.84,29.41],[34.35,27.74],[33.19,28.51],[35.85,23.88],[31.67,23.75],[30.46,23.36],[28.57,24.65],[28.15,27.35],[25.37,29.28],[21.94,30.56],[18.81,30.05],[20.2,30.89],[20.02,32.24],[21.88,32.94],[23.09,32.62],[23.3,32.17],[24.89,31.98],[25.25,31.46],[26.85,31.46],[28.87,30.82],[30.97,31.66],[32.83,31.01],[34.55,31.53],[35.06,33.01],[35.5,33.65],[35.45,33.91],[35.68,33.97],[35.64,34.36],[36.05,34.55],[35.84,36.29],[36.14,36.93],[35.49,36.61],[34.58,36.87],[33.98,36.29],[32.71,36.03],[31.09,36.93],[29.94,36.22],[29.24,36.22],[29.12,36.74],[28.59,36.87],[28.03,36.67],[28.07,37.13],[27.22,37.32],[27.28,38.03],[26.43,38.22],[26.38,38.67],[26.59,38.35],[27.08,38.55],[26.85,39.58],[26.13,39.51],[26.27,40.29],[29.05,40.36],[28.91,40.61],[29.49,40.87],[27.53,41.07],[26.92,40.48],[24.35,41.0],[23.7,40.81],[23.74,40.23],[22.57,40.55],[22.61,39.9],[23.14,39.45],[22.8,39.06],[23.49,38.87],[22.94,38.74],[24.18,38.55],[23.98,37.84],[23.04,37.9],[23.4,37.32],[22.71,37.58],[23.06,36.67],[22.36,36.67],[22.22,37.06],[21.74,36.87],[21.7,37.51],[21.24,37.84],[21.74,38.35],[21.19,38.42],[20.15,39.71],[19.76,39.64],[20.01,39.97],[19.25,40.61],[19.54,41.78],[19.01,42.24],[19.93,44.65],[22.6,43.41],[23.36,43.93],[25.52,43.67],[26.37,44.12],[27.75,44.19],[28.05,45.56],[29.67,45.43],[29.53,44.91],[28.8,44.97],[28.48,43.47]],[[35.6,33.91],[35.52,33.91],[35.52,33.84],[35.6,33.91]],[[34.92,32.36],[34.85,32.36],[34.84,32.3],[34.92,32.36]],[[31.59,37.38],[31.6,37.45],[31.52,37.45],[31.59,37.38]],[[22.98,38.16],[22.98,38.09],[23.06,38.09],[22.98,38.16]],[[22.51,38.22],[22.6,38.42],[22.29,38.42],[22.66,37.96],[22.91,38.22],[22.51,38.22]],[[22.98,38.22],[22.99,38.29],[22.91,38.29],[22.91,38.22],[22.98,38.22]],[[22.43,38.09],[22.43,38.16],[22.35,38.16],[22.43,38.09]],[[22.28,38.16],[22.28,38.22],[22.2,38.22],[22.28,38.16]],[[22.36,38.29],[22.28,38.29],[22.28,38.22],[22.36,38.29]],[[21.15,39.06],[20.99,39.06],[20.99,39.0],[21.15,39.06]]],[[[33.04,34.55],[32.23,34.94],[34.54,35.71],[34.09,35.0],[33.04,34.55]]],[[[27.69,36.29],[28.25,36.48],[28.14,36.03],[27.74,35.9],[27.69,36.29]]],[[[27.19,36.8],[26.87,36.67],[27.04,36.93],[27.19,36.8]]],[[[25.57,37.13],[25.56,37.0],[25.33,37.0],[25.57,37.13]]],[[[26.08,37.71],[26.31,37.71],[26.3,37.58],[26.08,37.71]]],[[[26.22,38.55],[26.11,38.16],[25.88,38.16],[26.22,38.55]]],[[[25.79,39.19],[26.04,39.38],[26.64,39.0],[25.79,39.19]]],[[[26.04,40.29],[26.02,40.16],[25.7,40.1],[26.04,40.29]]],[[[33.61,45.1],[32.61,45.5],[33.74,46.02],[34.32,46.09],[35.43,45.3],[33.93,44.45],[33.47,44.65],[33.61,45.1]]]]}},{"type":"Feature","properties":{"n":"Visigothic Kingdom","f":510,"t":522,"w":"Q126936"},"geometry":{"type":"Polygon","coordinates":[[[-2.06,36.8],[-4.47,36.74],[-5.66,36.03],[-6.84,37.25],[-9.0,37.0],[-8.82,38.48],[-9.55,38.74],[-9.45,39.26],[-6.86,40.29],[-6.85,41.07],[-5.9,41.98],[-5.73,42.76],[-2.28,42.63],[-0.94,43.02],[1.49,42.63],[2.63,43.8],[4.14,44.52],[4.09,43.6],[2.98,43.15],[3.12,41.91],[0.7,40.94],[-0.35,39.71],[0.1,38.74],[-0.66,38.29],[-0.7,37.64],[-1.71,37.45],[-2.06,36.8]]]}},{"type":"Feature","properties":{"n":"(Kingdom of the Franks)","f":510,"t":522,"w":"Q146246"},"geometry":{"type":"MultiPolygon","coordinates":[[[[-1.85,43.34],[-1.85,43.41],[-1.77,43.41],[-1.85,43.34]]],[[[11.03,48.79],[10.11,48.46],[9.95,47.66],[8.89,46.94],[6.31,47.99],[5.58,47.66],[5.51,47.07],[4.67,47.73],[2.95,47.47],[3.08,46.48],[4.13,44.65],[1.49,42.63],[-1.77,43.34],[-1.32,43.86],[-1.05,45.69],[-1.25,46.28],[-2.84,47.6],[-1.8,47.99],[-1.51,48.52],[-2.03,49.78],[0.01,49.38],[0.22,49.85],[1.45,50.25],[1.66,51.05],[4.26,51.38],[4.89,52.65],[5.39,52.99],[5.65,52.65],[6.25,52.79],[6.67,53.19],[7.02,52.92],[6.61,51.98],[8.34,50.71],[9.43,51.25],[9.18,50.71],[9.44,49.58],[10.94,49.25],[11.03,48.79]]]]}},{"type":"Feature","properties":{"n":"Ghassanids","f":510,"t":539,"w":"Q733668"},"geometry":{"type":"Polygon","coordinates":[[[40.24,31.34],[40.05,30.18],[35.68,27.42],[35.2,28.06],[34.59,28.06],[34.91,29.41],[36.32,30.89],[37.07,33.26],[39.12,34.49],[42.21,33.26],[40.24,31.34]]]}},{"type":"Feature","properties":{"n":"Caucasian Iberia","f":510,"t":522,"w":"Q19083"},"geometry":{"type":"Polygon","coordinates":[[[45.7,42.24],[44.24,41.26],[43.34,41.13],[42.62,41.59],[42.93,42.43],[42.5,43.15],[45.68,42.56],[45.7,42.24]]]}},{"type":"Feature","properties":{"n":"(Alliance between Ostrogothic Kingdom and Visigothic Kingdom)","f":510,"t":522,"w":"Q583038"},"geometry":{"type":"MultiPolygon","coordinates":[[[[-2.06,36.8],[-4.47,36.74],[-5.66,36.03],[-6.84,37.25],[-9.0,37.0],[-8.82,38.48],[-9.55,38.74],[-9.45,39.26],[-6.86,40.29],[-6.85,41.07],[-5.9,41.98],[-5.73,42.76],[-2.28,42.63],[-0.94,43.02],[1.49,42.63],[3.81,44.52],[4.24,44.06],[5.86,43.93],[6.09,44.39],[6.89,44.52],[6.63,45.1],[9.95,47.66],[10.11,48.46],[11.69,49.12],[14.26,48.26],[18.8,47.93],[19.27,47.47],[18.83,47.01],[18.78,45.89],[19.14,44.97],[19.93,44.65],[19.01,42.24],[17.51,42.76],[17.05,43.41],[15.37,43.86],[14.6,45.37],[13.78,44.91],[13.71,45.76],[12.16,45.5],[12.31,44.19],[13.67,43.41],[14.06,42.5],[14.92,41.98],[16.12,41.91],[15.94,41.39],[18.44,40.16],[18.11,39.9],[17.35,40.55],[16.62,40.29],[16.45,39.64],[17.14,39.06],[15.93,37.96],[15.39,38.16],[15.05,36.74],[12.49,37.9],[15.86,38.29],[16.27,38.93],[15.75,40.03],[11.26,42.43],[10.13,44.06],[9.16,44.45],[6.28,43.15],[4.17,43.6],[2.98,43.15],[3.12,41.91],[0.7,40.94],[-0.35,39.71],[0.1,38.74],[-0.66,38.29],[-0.7,37.64],[-1.86,37.32],[-2.06,36.8]]],[[[10.46,42.69],[10.13,42.89],[10.21,42.89],[10.46,42.69]]],[[[14.26,44.58],[14.27,44.97],[14.51,44.91],[14.26,44.58]]]]}},{"type":"Feature","properties":{"n":"Sasanian Empire","f":510,"t":522,"w":"Q1661685"},"geometry":{"type":"MultiPolygon","coordinates":[[[[51.14,25.49],[51.21,25.49],[51.21,25.42],[51.14,25.49]]],[[[50.43,25.94],[50.46,26.26],[50.69,26.26],[50.43,25.94]]],[[[49.51,40.61],[50.26,40.42],[49.51,40.23],[48.8,39.0],[48.83,37.84],[50.53,36.87],[51.64,36.55],[54.03,36.87],[54.04,37.32],[55.2,38.03],[56.9,38.29],[61.2,36.55],[61.26,35.39],[60.38,33.26],[60.19,30.44],[63.53,26.39],[63.39,25.23],[61.72,25.04],[57.96,25.55],[57.18,25.94],[56.71,27.16],[55.44,26.52],[55.54,26.77],[54.83,26.45],[53.66,26.71],[51.32,27.99],[50.06,30.18],[48.94,30.31],[47.85,29.41],[48.87,27.67],[50.13,26.77],[50.07,26.07],[50.65,25.1],[51.12,26.13],[51.7,25.87],[51.41,24.33],[51.91,24.01],[54.08,24.14],[56.48,26.39],[56.4,24.97],[56.79,24.33],[58.81,23.62],[59.27,22.91],[56.81,23.75],[56.09,24.84],[54.27,23.75],[51.88,23.69],[51.1,24.2],[51.32,25.87],[50.62,24.65],[49.67,25.87],[49.88,26.45],[48.55,27.48],[47.53,29.28],[47.65,29.67],[45.77,30.44],[44.81,31.34],[44.73,31.98],[43.91,32.11],[40.1,34.29],[41.11,35.0],[41.09,36.03],[41.66,36.29],[40.87,38.48],[41.67,40.16],[41.53,41.26],[42.86,41.59],[43.98,41.13],[45.54,42.24],[47.5,41.26],[48.56,41.78],[49.51,40.61]],[[56.97,35.58],[57.05,35.58],[57.06,35.64],[56.97,35.58]],[[53.74,31.46],[53.66,31.46],[53.65,31.4],[53.74,31.46]],[[53.54,31.66],[53.53,31.59],[53.6,31.59],[53.54,31.66]],[[47.49,38.22],[47.41,38.22],[47.4,38.16],[47.49,38.22]],[[47.35,38.35],[47.34,38.29],[47.42,38.29],[47.35,38.35]]]]}},{"type":"Feature","properties":{"n":"Kingdom of the Gepids","f":510,"t":545,"w":"Q201706"},"geometry":{"type":"MultiPolygon","coordinates":[[[[23.52,44.97],[23.61,44.97],[23.6,44.91],[23.52,44.97]]],[[[24.35,47.14],[24.92,46.15],[24.59,46.02],[24.47,45.56],[23.79,45.24],[23.35,44.84],[23.36,43.93],[22.85,43.47],[19.14,44.97],[18.83,47.01],[19.61,47.6],[19.69,47.66],[20.54,47.99],[24.35,47.14]]],[[[24.58,45.89],[24.66,45.89],[24.65,45.82],[24.58,45.89]]],[[[19.61,47.66],[19.61,47.6],[19.52,47.6],[19.61,47.66]]]]}},{"type":"Feature","properties":{"n":"Northern Wei","f":510,"t":522,"w":"Q875305"},"geometry":{"type":"Polygon","coordinates":[[[117.78,39.13],[117.6,38.48],[119.46,37.96],[119.16,37.19],[120.75,37.9],[122.71,37.45],[122.39,36.8],[120.98,36.61],[118.05,33.84],[111.24,32.3],[110.17,32.3],[108.1,33.14],[107.65,32.94],[107.48,33.33],[105.17,33.07],[103.21,33.39],[103.65,36.42],[102.1,37.77],[101.57,37.64],[100.41,38.61],[99.81,38.48],[99.2,39.26],[97.91,39.0],[96.76,39.45],[96.7,38.74],[96.36,38.67],[95.32,39.38],[93.35,39.38],[93.09,39.9],[93.85,40.74],[96.93,41.07],[100.94,39.64],[104.58,39.84],[104.67,39.51],[103.67,38.87],[104.11,38.8],[103.66,37.96],[106.41,37.45],[110.4,38.16],[111.74,38.67],[112.58,39.58],[115.08,39.84],[117.48,41.33],[121.22,41.33],[122.61,41.78],[121.82,40.87],[118.99,39.19],[117.78,39.13]]]}},{"type":"Feature","properties":{"n":"(Merovingian Empire)","f":510,"t":522,"w":"Q146246"},"geometry":{"type":"MultiPolygon","coordinates":[[[[-1.85,43.34],[-1.85,43.41],[-1.77,43.41],[-1.85,43.34]]],[[[11.03,48.79],[10.11,48.46],[9.95,47.66],[8.89,46.94],[6.31,47.99],[5.58,47.66],[5.51,47.07],[4.67,47.73],[2.95,47.47],[3.08,46.48],[4.13,44.65],[1.49,42.63],[-1.77,43.34],[-1.32,43.86],[-1.05,45.69],[-1.25,46.28],[-2.84,47.6],[-1.8,47.99],[-1.51,48.52],[-2.03,49.78],[0.01,49.38],[0.22,49.85],[1.45,50.25],[1.66,51.05],[4.26,51.38],[4.89,52.65],[5.39,52.99],[5.65,52.65],[6.25,52.79],[6.67,53.19],[7.02,52.92],[6.61,51.98],[8.34,50.71],[9.43,51.25],[9.18,50.71],[9.44,49.58],[10.94,49.25],[11.03,48.79]]]]}},{"type":"Feature","properties":{"n":"(Allegiance of Ostrogothic Kingdom to Eastern Roman Empire)","f":510,"t":522,"w":"Q583038"},"geometry":{"type":"MultiPolygon","coordinates":[[[[24.3,35.32],[26.23,35.19],[23.68,35.26],[23.62,35.52],[24.3,35.32]]],[[[14.57,35.97],[14.57,35.77],[14.34,35.84],[14.57,35.97]]],[[[23.12,36.35],[23.11,36.16],[22.87,36.16],[23.12,36.35]]],[[[24.36,37.71],[24.43,37.58],[24.27,37.51],[24.36,37.71]]],[[[20.93,37.9],[20.92,37.64],[20.61,37.71],[20.93,37.9]]],[[[24.77,38.03],[25.07,37.77],[24.83,37.71],[24.77,38.03]]],[[[20.57,38.42],[20.79,38.09],[20.32,38.16],[20.57,38.42]]],[[[23.57,38.8],[23.56,38.74],[23.48,38.74],[23.57,38.8]]],[[[24.67,38.93],[24.66,38.74],[24.36,38.87],[24.67,38.93]]],[[[20.15,39.58],[20.07,39.58],[20.07,39.64],[20.15,39.58]]],[[[24.81,40.81],[24.79,40.61],[24.55,40.55],[24.81,40.81]]],[[[10.46,42.89],[10.46,42.69],[10.21,42.69],[10.46,42.89]]],[[[19.27,47.47],[18.83,47.01],[19.14,44.97],[22.6,43.41],[23.36,43.93],[25.52,43.67],[26.37,44.12],[27.75,44.19],[28.05,45.56],[29.67,45.43],[29.53,44.91],[28.8,44.97],[28.48,43.47],[27.51,42.63],[27.98,41.65],[28.96,41.13],[31.18,41.07],[32.63,41.91],[34.88,42.04],[35.95,41.72],[36.21,41.26],[38.3,40.87],[40.37,40.94],[41.84,41.65],[41.36,40.68],[41.67,40.16],[40.87,38.48],[41.68,36.42],[41.09,36.03],[41.11,35.0],[40.1,34.29],[39.12,34.49],[37.07,33.26],[36.32,30.89],[34.84,29.41],[34.35,27.74],[33.19,28.51],[35.85,23.88],[31.67,23.75],[30.46,23.36],[28.57,24.65],[28.15,27.35],[25.37,29.28],[21.94,30.56],[18.81,30.05],[20.2,30.89],[20.02,32.24],[21.88,32.94],[23.09,32.62],[23.3,32.17],[24.89,31.98],[25.25,31.46],[26.85,31.46],[28.87,30.82],[30.97,31.66],[31.88,31.46],[32.0,31.08],[33.98,31.14],[34.55,31.53],[35.06,33.01],[35.5,33.65],[35.45,33.91],[35.68,33.97],[35.64,34.36],[36.05,34.55],[35.84,36.29],[36.14,36.93],[35.49,36.61],[34.58,36.87],[33.98,36.29],[32.71,36.03],[31.09,36.93],[29.94,36.22],[29.24,36.22],[29.12,36.74],[28.59,36.87],[28.03,36.67],[28.07,37.13],[27.22,37.32],[27.28,38.03],[26.43,38.22],[26.38,38.67],[26.59,38.35],[27.08,38.55],[26.85,39.58],[26.13,39.51],[26.27,40.29],[29.05,40.36],[28.91,40.61],[29.49,40.87],[27.53,41.07],[26.92,40.48],[24.35,41.0],[23.7,40.81],[23.74,40.23],[22.57,40.55],[22.61,39.9],[23.14,39.45],[22.8,39.06],[23.49,38.87],[22.94,38.74],[24.03,38.67],[24.16,38.22],[23.98,37.84],[23.04,37.9],[23.4,37.32],[22.71,37.58],[23.06,36.67],[22.36,36.67],[22.22,37.06],[21.74,36.87],[21.7,37.51],[21.24,37.84],[21.74,38.35],[21.19,38.42],[20.15,39.71],[19.76,39.64],[20.01,39.97],[19.25,40.61],[19.54,41.78],[17.83,42.89],[17.51,42.76],[17.05,43.41],[15.93,43.47],[14.6,45.37],[13.78,44.91],[13.71,45.76],[13.14,45.82],[12.16,45.5],[12.31,44.19],[13.67,43.41],[14.61,42.11],[16.12,41.91],[15.94,41.39],[18.44,40.16],[18.11,39.9],[17.35,40.55],[16.62,40.29],[16.45,39.64],[17.14,39.06],[15.93,37.96],[15.39,38.16],[15.21,37.0],[14.66,36.74],[12.49,37.9],[15.86,38.29],[16.27,38.93],[15.75,40.03],[11.26,42.43],[10.13,44.06],[8.59,44.45],[6.28,43.15],[4.09,43.6],[4.71,44.25],[5.86,43.93],[6.09,44.39],[6.89,44.52],[6.63,45.1],[9.95,47.66],[10.11,48.46],[11.69,49.12],[14.26,48.26],[16.99,48.26],[17.63,47.8],[19.27,47.47]],[[35.6,33.91],[35.52,33.91],[35.52,33.84],[35.6,33.91]],[[34.92,32.36],[34.85,32.36],[34.84,32.3],[34.92,32.36]],[[31.59,37.38],[31.6,37.45],[31.52,37.45],[31.59,37.38]],[[22.98,38.16],[22.98,38.09],[23.06,38.09],[22.98,38.16]],[[22.51,38.22],[22.6,38.42],[22.29,38.42],[22.66,37.96],[22.91,38.22],[22.51,38.22]],[[22.98,38.22],[22.99,38.29],[22.91,38.29],[22.91,38.22],[22.98,38.22]],[[22.43,38.09],[22.43,38.16],[22.35,38.16],[22.43,38.09]],[[22.28,38.16],[22.28,38.22],[22.2,38.22],[22.28,38.16]],[[22.36,38.29],[22.28,38.29],[22.28,38.22],[22.36,38.29]],[[21.15,39.06],[20.99,39.06],[20.99,39.0],[21.15,39.06]]],[[[14.51,44.91],[14.5,44.52],[14.26,44.58],[14.51,44.91]]],[[[33.04,34.55],[32.23,34.94],[34.54,35.71],[34.09,35.0],[33.04,34.55]]],[[[28.02,36.48],[28.25,36.48],[28.14,36.03],[27.74,35.9],[28.02,36.48]]],[[[27.19,36.8],[26.87,36.67],[27.04,36.93],[27.19,36.8]]],[[[25.57,37.13],[25.56,37.0],[25.33,37.0],[25.57,37.13]]],[[[25.22,37.71],[25.29,37.51],[25.05,37.51],[25.22,37.71]]],[[[26.31,37.71],[26.3,37.58],[25.99,37.51],[26.31,37.71]]],[[[26.22,38.55],[26.11,38.16],[25.88,38.16],[26.22,38.55]]],[[[25.79,39.19],[26.04,39.38],[26.64,39.0],[25.79,39.19]]],[[[25.46,40.03],[25.45,39.84],[24.97,39.84],[25.46,40.03]]],[[[26.04,40.29],[26.02,40.16],[25.7,40.1],[26.04,40.29]]],[[[33.61,45.1],[32.61,45.5],[33.74,46.02],[34.32,46.09],[35.43,45.3],[33.93,44.45],[33.47,44.65],[33.61,45.1]]]]}},{"type":"Feature","properties":{"n":"Kingdom of the Franks","f":510,"t":522,"w":"Q146246"},"geometry":{"type":"MultiPolygon","coordinates":[[[[-1.85,43.34],[-1.85,43.41],[-1.77,43.41],[-1.85,43.34]]],[[[11.03,48.79],[10.11,48.46],[9.95,47.66],[8.89,46.94],[6.31,47.99],[5.58,47.66],[5.51,47.07],[4.67,47.73],[2.95,47.47],[3.08,46.48],[4.13,44.65],[1.49,42.63],[-1.77,43.34],[-1.32,43.86],[-1.05,45.69],[-1.25,46.28],[-2.84,47.6],[-1.8,47.99],[-1.51,48.52],[-2.03,49.78],[0.01,49.38],[0.22,49.85],[1.45,50.25],[1.66,51.05],[4.26,51.38],[4.89,52.65],[5.39,52.99],[5.65,52.65],[6.25,52.79],[6.67,53.19],[7.02,52.92],[6.61,51.98],[8.34,50.71],[9.43,51.25],[9.18,50.71],[9.44,49.58],[10.94,49.25],[11.03,48.79]]]]}},{"type":"Feature","properties":{"n":"Lakhmid Kingdom","f":510,"t":601,"w":"Q943191"},"geometry":{"type":"MultiPolygon","coordinates":[[[[42.78,28.64],[42.86,28.64],[42.85,28.57],[42.78,28.64]]],[[[41.91,28.96],[41.98,28.96],[41.98,28.89],[41.91,28.96]]],[[[41.76,29.02],[41.84,29.02],[41.83,28.96],[41.76,29.02]]],[[[44.81,31.34],[45.77,30.44],[47.65,29.67],[47.53,29.28],[48.25,28.19],[46.7,27.74],[45.13,27.87],[43.28,28.32],[42.87,28.7],[41.11,29.34],[40.05,30.12],[40.24,31.34],[42.21,33.26],[43.91,32.11],[44.73,31.98],[44.81,31.34]]]]}},{"type":"Feature","properties":{"n":"Visigothic Kingdom","f":523,"t":533,"w":"Q126936"},"geometry":{"type":"Polygon","coordinates":[[[-2.06,36.8],[-4.47,36.74],[-5.66,36.03],[-6.84,37.25],[-9.0,37.0],[-8.82,38.48],[-9.55,38.74],[-9.45,39.26],[-6.86,40.29],[-6.85,41.07],[-5.9,41.98],[-5.73,42.76],[-2.28,42.63],[-0.94,43.02],[1.49,42.63],[3.03,44.06],[4.14,44.52],[4.09,43.6],[2.98,43.15],[3.12,41.91],[0.7,40.94],[-0.35,39.71],[0.1,38.74],[-0.66,38.29],[-0.7,37.64],[-1.63,37.45],[-2.06,36.8]]]}},{"type":"Feature","properties":{"n":"(Kingdom of the Franks)","f":523,"t":533,"w":"Q146246"},"geometry":{"type":"MultiPolygon","coordinates":[[[[-1.77,43.41],[-1.77,43.34],[-1.85,43.34],[-1.77,43.41]]],[[[1.49,42.63],[0.04,42.69],[-1.77,43.34],[-1.32,43.86],[-1.05,45.69],[-1.25,46.28],[-2.84,47.6],[-1.64,48.13],[-2.03,49.78],[0.01,49.38],[0.22,49.85],[1.45,50.31],[1.66,51.05],[4.26,51.38],[4.16,51.71],[4.5,51.78],[4.73,52.32],[4.89,52.65],[5.39,52.99],[5.65,52.65],[6.25,52.79],[6.67,53.19],[7.02,52.92],[6.61,51.98],[8.34,50.71],[9.43,51.25],[9.18,50.71],[9.44,49.58],[11.11,49.18],[11.03,48.79],[10.11,48.46],[9.95,47.66],[8.89,46.94],[6.14,47.99],[5.58,47.66],[5.51,47.07],[4.67,47.73],[2.95,47.47],[4.13,44.65],[1.49,42.63]]],[[[4.64,52.32],[4.73,52.32],[4.56,52.18],[4.64,52.32]]]]}},{"type":"Feature","properties":{"n":"(Brythonic Kingdoms)","f":523,"t":533,"w":"Q849967"},"geometry":{"type":"MultiPolygon","coordinates":[[[[-3.16,47.47],[-4.42,47.8],[-4.91,48.52],[-3.12,48.92],[-2.76,48.59],[-1.6,48.65],[-1.65,48.19],[-3.16,47.47]]],[[[-1.36,54.55],[-2.19,54.14],[-1.5,52.38],[-2.22,51.85],[-1.78,50.71],[-5.75,50.05],[-4.2,51.31],[-3.09,51.25],[-2.95,51.45],[-5.26,51.71],[-5.22,52.05],[-4.16,52.45],[-4.3,52.92],[-4.79,52.79],[-4.49,53.12],[-4.7,53.46],[-3.32,53.39],[-2.96,54.07],[-3.59,54.27],[-3.57,54.89],[-5.21,54.75],[-4.77,55.43],[-5.01,55.98],[-2.66,56.11],[-1.73,55.7],[-1.36,54.55]]]]}},{"type":"Feature","properties":{"n":"Kingdom of Thuringia","f":523,"t":533,"w":"Q268562"},"geometry":{"type":"MultiPolygon","coordinates":[[[[12.04,50.25],[12.04,50.31],[12.12,50.31],[12.04,50.25]]],[[[10.53,49.25],[9.44,49.58],[9.18,50.71],[9.43,51.25],[10.87,51.92],[11.55,51.78],[11.29,51.38],[12.3,50.65],[10.53,49.25]]]]}},{"type":"Feature","properties":{"n":"Burgundian Kingdom","f":523,"t":533,"w":"Q13590051"},"geometry":{"type":"Polygon","coordinates":[[[6.63,45.1],[6.89,44.52],[6.09,44.39],[5.86,43.93],[4.24,44.06],[2.95,47.47],[4.67,47.73],[5.51,47.07],[5.58,47.66],[6.14,47.99],[8.64,46.68],[6.63,45.1]]]}},{"type":"Feature","properties":{"n":"(Alliance between Northern Wei and Rouran Khaganate)","f":523,"t":533,"w":"Q875305"},"geometry":{"type":"MultiPolygon","coordinates":[[[[118.99,39.19],[117.78,39.13],[117.6,38.48],[119.46,37.96],[119.16,37.19],[120.75,37.9],[122.71,37.45],[122.39,36.8],[120.98,36.61],[118.8,34.36],[116.86,33.39],[110.17,32.3],[109.16,32.88],[107.65,32.94],[107.48,33.33],[105.17,33.07],[103.21,33.39],[103.65,36.42],[102.1,37.77],[101.57,37.64],[100.41,38.61],[99.81,38.48],[99.2,39.26],[97.91,39.0],[96.76,39.45],[96.7,38.74],[96.36,38.67],[95.32,39.38],[93.35,39.38],[93.09,39.9],[93.85,40.74],[88.11,42.37],[84.11,42.76],[82.06,42.24],[77.93,42.95],[79.87,44.97],[82.37,46.61],[82.75,47.47],[82.35,48.39],[82.69,48.92],[84.98,50.31],[88.4,51.45],[90.08,51.85],[92.38,51.58],[96.38,52.52],[98.84,52.12],[100.56,52.99],[103.3,51.92],[103.29,51.18],[104.29,50.91],[108.72,51.78],[112.27,51.65],[117.05,52.72],[118.28,52.65],[120.82,51.31],[118.55,47.01],[118.38,45.89],[119.38,45.3],[123.35,45.04],[125.05,44.32],[123.82,42.56],[121.82,40.87],[120.65,40.48],[118.99,39.19]]],[[[93.09,51.92],[93.18,51.92],[93.14,51.85],[93.09,51.92]]]]}},{"type":"Feature","properties":{"n":"Eastern Roman Empire","f":523,"t":533,"w":"Q12544"},"geometry":{"type":"MultiPolygon","coordinates":[[[[24.3,35.32],[26.23,35.19],[23.68,35.26],[23.62,35.52],[24.3,35.32]]],[[[14.57,35.97],[14.57,35.77],[14.34,35.84],[14.57,35.97]]],[[[23.12,36.35],[23.11,36.16],[22.87,36.16],[23.12,36.35]]],[[[24.36,37.71],[24.43,37.58],[24.27,37.51],[24.36,37.71]]],[[[25.22,37.71],[25.29,37.51],[25.05,37.51],[25.22,37.71]]],[[[20.93,37.9],[20.92,37.64],[20.61,37.71],[20.93,37.9]]],[[[24.77,38.03],[25.07,37.77],[24.83,37.71],[24.77,38.03]]],[[[20.57,38.42],[20.79,38.09],[20.32,38.16],[20.57,38.42]]],[[[23.56,38.74],[23.48,38.74],[23.49,38.8],[23.56,38.74]]],[[[24.67,38.93],[24.66,38.74],[24.36,38.87],[24.67,38.93]]],[[[20.15,39.58],[20.07,39.58],[20.07,39.64],[20.15,39.58]]],[[[25.46,40.03],[25.45,39.84],[24.97,39.84],[25.46,40.03]]],[[[24.81,40.81],[24.79,40.61],[24.55,40.55],[24.81,40.81]]],[[[28.48,43.47],[27.9,43.28],[27.49,42.43],[27.98,41.65],[28.96,41.13],[31.18,41.07],[32.63,41.91],[34.88,42.04],[35.95,41.72],[36.21,41.26],[38.3,40.87],[40.37,40.94],[41.84,41.65],[41.36,40.68],[41.67,40.16],[40.87,38.48],[41.68,36.42],[41.09,36.03],[41.11,35.0],[40.1,34.29],[39.12,34.49],[37.07,33.26],[36.32,30.89],[34.84,29.41],[34.35,27.74],[33.19,28.51],[35.85,23.88],[31.67,23.75],[30.46,23.36],[28.57,24.65],[28.15,27.35],[25.37,29.28],[21.94,30.56],[18.81,30.05],[20.2,30.89],[20.02,32.24],[21.88,32.94],[23.09,32.62],[23.3,32.17],[24.89,31.98],[25.25,31.46],[26.85,31.46],[28.87,30.82],[30.97,31.66],[32.83,31.01],[34.55,31.53],[35.64,34.36],[36.05,34.55],[35.84,36.29],[36.14,36.93],[35.49,36.61],[34.58,36.87],[33.98,36.29],[32.71,36.03],[31.09,36.93],[29.94,36.22],[29.24,36.22],[29.12,36.74],[28.59,36.87],[28.03,36.67],[28.07,37.13],[27.22,37.32],[27.28,38.03],[26.43,38.22],[26.38,38.67],[26.59,38.35],[27.08,38.55],[26.85,39.58],[26.13,39.51],[26.27,40.29],[29.05,40.36],[28.91,40.61],[29.49,40.87],[27.53,41.07],[26.92,40.48],[24.35,41.0],[23.7,40.81],[23.74,40.23],[22.57,40.55],[22.61,39.9],[23.14,39.45],[22.8,39.06],[23.49,38.87],[22.94,38.74],[24.18,38.55],[23.98,37.84],[23.04,37.9],[23.4,37.32],[22.71,37.58],[23.06,36.67],[22.36,36.67],[22.22,37.06],[21.74,36.87],[21.7,37.51],[21.24,37.84],[21.74,38.35],[21.19,38.42],[20.15,39.71],[19.76,39.64],[20.01,39.97],[19.25,40.61],[19.54,41.78],[19.01,42.24],[19.93,44.65],[22.6,43.41],[23.36,43.93],[25.52,43.67],[26.37,44.12],[27.75,44.19],[28.05,45.56],[29.67,45.43],[29.53,44.91],[28.8,44.97],[28.48,43.47]]],[[[33.04,34.55],[32.23,34.94],[34.54,35.71],[34.09,35.0],[33.04,34.55]]],[[[28.02,36.48],[28.25,36.48],[28.14,36.03],[27.74,35.9],[28.02,36.48]]],[[[27.19,36.8],[26.87,36.67],[27.04,36.93],[27.19,36.8]]],[[[25.57,37.13],[25.56,37.0],[25.33,37.0],[25.57,37.13]]],[[[26.31,37.71],[26.3,37.58],[25.99,37.51],[26.31,37.71]]],[[[25.82,38.48],[25.99,38.67],[26.22,38.55],[25.88,38.16],[25.82,38.48]]],[[[25.79,39.19],[26.04,39.38],[26.64,39.0],[25.79,39.19]]],[[[26.04,40.29],[26.02,40.16],[25.7,40.1],[26.04,40.29]]],[[[32.61,45.5],[34.32,46.09],[35.43,45.3],[33.76,44.45],[33.6,45.04],[32.61,45.5]]]]}},{"type":"Feature","properties":{"n":"Scandinavian minor kingdoms","f":523,"t":792,"w":"Q1275225"},"geometry":{"type":"MultiPolygon","coordinates":[[[[11.45,54.62],[10.99,54.79],[12.17,54.84],[11.45,54.62]]],[[[9.68,55.49],[10.1,55.09],[9.44,54.81],[10.04,54.62],[8.29,54.74],[8.69,55.16],[8.09,55.56],[8.13,55.98],[8.4,55.89],[8.11,56.02],[8.22,56.71],[8.24,56.7],[8.74,56.49],[9.07,56.81],[9.06,56.57],[9.32,56.53],[9.17,56.89],[9.97,57.07],[10.31,56.75],[9.87,56.65],[10.96,56.44],[9.55,55.7],[10.62,55.61],[10.88,54.95],[10.54,54.75],[9.68,55.49]]],[[[11.25,55.2],[10.88,55.73],[11.77,55.96],[12.06,55.66],[11.85,55.96],[12.62,56.04],[12.07,54.97],[11.25,55.2]]],[[[10.36,55.77],[10.36,55.91],[10.42,55.91],[10.36,55.77]]],[[[10.36,55.77],[10.63,55.98],[10.63,55.77],[10.36,55.77]]],[[[8.51,56.74],[8.91,56.95],[8.88,56.8],[8.51,56.74]]],[[[8.55,56.59],[8.24,56.7],[8.62,57.12],[10.65,57.74],[10.32,56.99],[10.0,57.09],[9.12,57.05],[8.68,56.95],[8.42,56.68],[8.55,56.59]]],[[[15.68,59.84],[17.61,60.63],[19.07,59.74],[18.09,59.33],[18.45,59.33],[18.48,59.44],[18.64,59.32],[16.19,58.63],[16.93,58.49],[16.42,58.48],[16.83,58.18],[16.51,57.99],[16.69,57.48],[15.87,56.09],[14.69,56.16],[14.16,55.38],[12.98,55.4],[13.06,55.68],[12.46,56.3],[12.92,56.58],[11.7,57.7],[11.8,58.32],[11.2,58.4],[11.11,59.0],[11.43,59.0],[10.76,59.22],[10.74,59.89],[10.51,59.53],[10.23,59.73],[10.52,59.31],[10.23,59.04],[9.55,59.11],[8.13,58.1],[6.6,58.07],[5.51,58.67],[5.56,59.03],[6.17,58.83],[6.62,59.05],[5.87,59.07],[6.47,59.56],[5.18,59.51],[7.1,60.5],[5.75,59.99],[5.73,60.38],[5.14,60.36],[5.53,60.64],[5.2,60.58],[4.93,60.8],[5.43,60.63],[5.01,61.04],[6.37,61.06],[6.82,61.14],[7.11,60.86],[7.56,61.47],[6.96,61.11],[6.71,61.39],[5.12,61.14],[5.63,61.36],[4.95,61.41],[5.8,61.45],[4.98,61.74],[6.76,61.87],[5.15,61.89],[5.4,62.02],[5.08,62.18],[7.42,62.23],[6.25,62.58],[8.14,62.69],[6.95,62.93],[8.55,62.65],[7.88,63.0],[8.53,62.85],[8.16,63.12],[9.65,63.62],[10.26,63.26],[10.06,63.42],[11.08,63.7],[10.59,62.95],[11.48,61.08],[15.68,59.84]],[[17.59,59.8],[17.73,59.44],[17.38,59.65],[16.03,59.49],[17.37,59.25],[17.61,59.42],[17.73,59.32],[18.09,59.33],[17.59,59.8]],[[5.64,60.42],[5.65,60.47],[5.48,60.46],[5.64,60.42]],[[5.72,60.67],[5.69,60.67],[5.68,60.56],[5.72,60.67]]],[[[10.05,63.5],[9.79,63.66],[10.09,63.76],[9.55,63.66],[10.97,64.6],[11.33,64.11],[10.58,63.8],[10.94,63.74],[10.05,63.5]]],[[[11.73,64.88],[12.18,64.94],[11.73,64.58],[11.4,64.67],[11.73,64.88]]],[[[11.11,64.95],[11.26,64.89],[11.13,64.83],[10.82,64.85],[11.11,64.95]]],[[[11.35,64.9],[12.21,65.05],[11.24,64.73],[11.7,64.9],[11.35,64.9]]],[[[10.78,64.92],[11.11,64.97],[10.74,64.85],[10.78,64.92]]],[[[14.68,55.1],[14.75,55.29],[15.15,55.13],[14.68,55.1]]],[[[12.18,65.21],[12.31,65.1],[12.13,65.05],[12.18,65.21]]],[[[12.5,65.39],[12.06,65.21],[12.11,65.28],[12.5,65.39]]],[[[12.96,66.04],[12.67,66.06],[13.58,66.21],[12.94,65.32],[12.25,65.23],[12.63,65.42],[12.35,65.64],[12.83,65.97],[13.17,65.85],[12.96,66.04]]],[[[12.53,66.0],[12.9,66.01],[12.44,65.86],[12.53,66.0]]],[[[12.66,66.1],[12.29,66.01],[12.34,66.08],[12.66,66.1]]],[[[13.71,66.6],[13.23,66.71],[13.99,66.79],[13.55,66.93],[14.59,67.03],[14.35,67.15],[14.74,67.12],[14.58,67.2],[15.32,67.17],[13.91,66.29],[13.02,66.32],[13.71,66.6]]],[[[14.19,67.0],[13.99,67.08],[14.26,67.13],[14.19,67.0]]],[[[14.73,67.49],[15.56,67.35],[14.33,67.24],[14.73,67.49]]],[[[15.86,68.1],[16.01,68.24],[16.22,68.0],[16.5,67.95],[15.96,67.55],[15.59,67.37],[15.89,67.56],[15.18,67.62],[15.78,67.73],[14.73,67.65],[14.92,67.88],[15.87,67.92],[15.96,68.01],[15.29,68.03],[15.86,68.1]]],[[[13.05,68.1],[13.15,68.08],[13.14,67.96],[12.83,67.86],[13.05,68.1]]],[[[15.92,67.99],[15.52,67.98],[15.5,67.99],[15.92,67.99]]],[[[13.45,68.06],[14.09,68.26],[13.84,68.1],[13.45,68.06]]],[[[14.54,68.4],[15.17,68.45],[14.78,68.26],[14.2,68.15],[14.54,68.4]]],[[[16.22,68.55],[15.93,68.37],[15.33,68.33],[15.54,68.5],[14.99,68.25],[15.17,68.45],[15.36,68.66],[15.63,68.94],[15.99,68.75],[15.74,68.53],[16.2,68.86],[16.5,68.55],[16.22,68.55]]],[[[15.13,69.01],[15.36,68.66],[14.37,68.69],[15.13,69.01]]],[[[15.56,69.1],[16.15,69.28],[15.87,69.03],[15.56,69.1]]],[[[17.1,57.35],[16.42,56.21],[16.39,56.53],[17.1,57.35]]],[[[18.14,57.77],[19.05,57.97],[18.81,57.7],[18.91,57.42],[18.74,57.35],[18.71,57.24],[18.17,56.94],[18.14,57.77]]],[[[17.07,59.46],[17.32,59.41],[17.15,59.39],[17.07,59.46]]],[[[16.11,68.27],[17.19,68.34],[16.72,68.0],[16.11,68.27]]],[[[16.24,68.52],[16.46,68.47],[16.31,68.41],[16.24,68.52]]],[[[17.0,68.85],[17.14,68.76],[17.03,68.75],[17.0,68.85]]],[[[17.44,68.86],[17.17,68.82],[17.09,68.91],[17.44,68.86]]],[[[16.38,68.91],[16.26,68.97],[16.61,68.94],[16.38,68.91]]],[[[17.67,68.66],[17.24,68.75],[17.79,68.76],[17.43,68.9],[18.15,69.15],[18.26,69.49],[18.54,69.3],[18.93,69.3],[17.51,68.52],[16.5,68.44],[17.67,68.66]]],[[[16.77,69.07],[17.47,69.6],[18.09,69.42],[16.77,69.07]]],[[[18.47,69.51],[19.13,69.35],[18.76,69.35],[18.47,69.51]]],[[[19.55,69.55],[19.6,69.47],[19.16,69.38],[19.13,69.72],[19.55,69.55]]],[[[18.69,69.88],[19.06,69.79],[18.74,69.56],[18.0,69.59],[18.63,69.69],[18.35,69.73],[18.69,69.88]]]]}},{"type":"Feature","properties":{"n":"Anglo-Saxon England","f":523,"t":533,"w":"Q784963"},"geometry":{"type":"Polygon","coordinates":[[[-0.07,51.51],[0.05,51.11],[-1.15,51.25],[-1.78,50.71],[-2.22,51.85],[-1.5,52.38],[-2.19,54.14],[-0.67,54.61],[0.3,53.39],[0.17,52.86],[1.53,52.92],[1.59,52.12],[0.69,51.51],[-0.07,51.51]]]}},{"type":"Feature","properties":{"n":"(Alliance between Ostrogothic Kingdom and Visigothic Kingdom)","f":523,"t":533,"w":"Q583038"},"geometry":{"type":"MultiPolygon","coordinates":[[[[-2.06,36.8],[-4.47,36.74],[-5.66,36.03],[-6.84,37.25],[-9.0,37.0],[-8.82,38.48],[-9.55,38.74],[-9.45,39.26],[-6.86,40.29],[-6.85,41.07],[-5.9,41.98],[-5.73,42.76],[-2.28,42.63],[-0.94,43.02],[1.49,42.63],[3.81,44.52],[4.24,44.06],[5.86,43.93],[6.09,44.39],[6.89,44.52],[6.63,45.1],[9.95,47.66],[10.11,48.46],[11.69,49.12],[14.26,48.26],[18.8,47.93],[19.27,47.47],[18.83,47.01],[18.78,45.89],[19.14,44.97],[19.93,44.65],[19.01,42.24],[17.51,42.76],[17.05,43.41],[15.37,43.86],[14.6,45.37],[13.78,44.91],[13.71,45.76],[12.16,45.5],[12.31,44.19],[13.67,43.41],[14.06,42.5],[14.92,41.98],[16.12,41.91],[15.94,41.39],[18.44,40.16],[18.11,39.9],[17.35,40.55],[16.62,40.29],[16.45,39.64],[17.14,39.06],[15.93,37.96],[15.39,38.16],[15.05,36.74],[12.49,37.9],[15.86,38.29],[16.27,38.93],[15.75,40.03],[11.26,42.43],[10.13,44.06],[9.16,44.45],[6.28,43.15],[4.17,43.6],[2.98,43.15],[3.12,41.91],[0.7,40.94],[-0.35,39.71],[0.1,38.74],[-0.66,38.29],[-0.7,37.64],[-2.06,36.8]]],[[[10.46,42.69],[10.13,42.89],[10.21,42.89],[10.46,42.69]]],[[[14.26,44.58],[14.27,44.97],[14.51,44.91],[14.26,44.58]]]]}},{"type":"Feature","properties":{"n":"Vandal Kingdom","f":523,"t":533,"w":"Q10416611"},"geometry":{"type":"MultiPolygon","coordinates":[[[[11.08,35.0],[10.0,34.29],[10.24,33.71],[12.23,32.81],[13.76,32.88],[15.21,32.36],[15.65,31.4],[18.0,30.89],[18.9,30.37],[18.81,29.99],[15.18,30.89],[13.83,32.11],[11.77,32.3],[9.63,33.14],[8.85,34.74],[7.99,35.07],[7.59,36.61],[1.15,36.16],[-1.88,34.81],[-5.28,34.94],[-6.11,34.61],[-6.73,33.59],[-7.47,33.26],[-7.88,33.52],[-6.61,34.16],[-5.88,35.77],[-5.34,35.84],[-4.75,35.19],[-2.84,35.45],[-2.66,35.07],[-1.89,35.07],[0.68,36.42],[3.46,36.87],[5.56,36.67],[6.33,37.06],[8.52,36.87],[10.23,37.25],[10.23,36.8],[11.01,37.0],[10.46,35.9],[11.08,35.58],[11.08,35.0]]],[[[1.27,38.8],[1.18,39.06],[1.65,39.13],[1.27,38.8]]],[[[3.52,39.77],[3.3,39.32],[2.35,39.45],[2.88,39.97],[3.52,39.77]]],[[[4.3,39.84],[3.74,40.1],[3.82,40.1],[4.3,39.84]]],[[[9.59,39.13],[8.34,39.0],[8.15,40.94],[9.1,41.26],[9.82,40.74],[9.59,39.13]]],[[[9.58,41.98],[9.1,41.33],[8.62,41.72],[8.53,42.5],[9.25,43.02],[9.58,41.98]]]]}},{"type":"Feature","properties":{"n":"Sasanian Empire","f":523,"t":533,"w":"Q1661685"},"geometry":{"type":"MultiPolygon","coordinates":[[[[51.14,25.49],[51.21,25.49],[51.21,25.42],[51.14,25.49]]],[[[50.46,26.26],[50.69,26.26],[50.65,25.87],[50.46,26.26]]],[[[49.51,40.61],[50.26,40.42],[49.51,40.23],[48.8,39.0],[48.88,37.71],[51.64,36.55],[54.03,36.87],[53.99,39.0],[53.14,39.45],[53.54,39.51],[53.5,40.03],[52.72,40.1],[52.89,40.87],[57.08,40.16],[58.4,40.36],[60.63,39.51],[62.56,39.97],[64.37,38.42],[64.94,37.25],[64.9,35.07],[66.99,33.33],[68.12,32.88],[66.48,28.57],[66.4,26.52],[65.8,25.36],[61.72,25.04],[57.96,25.55],[57.18,25.94],[56.71,27.16],[55.44,26.52],[55.54,26.77],[54.83,26.45],[53.66,26.71],[51.32,27.99],[50.06,30.18],[48.94,30.31],[47.85,29.41],[48.87,27.67],[50.13,26.77],[50.07,26.07],[50.65,25.1],[51.12,26.13],[51.7,25.87],[51.41,24.33],[51.91,24.01],[54.08,24.14],[56.48,26.39],[56.4,24.97],[56.79,24.33],[58.81,23.62],[59.27,22.91],[56.81,23.75],[56.09,24.84],[54.27,23.75],[51.88,23.69],[51.1,24.2],[51.32,25.87],[50.62,24.65],[49.67,25.87],[49.88,26.45],[48.55,27.48],[47.53,29.28],[47.65,29.67],[45.77,30.44],[44.81,31.34],[44.73,31.98],[43.91,32.11],[40.1,34.29],[41.11,35.0],[41.09,36.03],[41.66,36.29],[40.87,38.48],[41.67,40.16],[41.53,41.26],[42.86,41.59],[43.98,41.13],[45.54,42.24],[47.5,41.26],[48.56,41.78],[49.51,40.61]]]]}},{"type":"Feature","properties":{"n":"Northern Wei","f":523,"t":533,"w":"Q875305"},"geometry":{"type":"Polygon","coordinates":[[[117.78,39.13],[117.6,38.48],[119.46,37.96],[119.16,37.19],[120.75,37.9],[122.71,37.45],[122.39,36.8],[120.98,36.61],[118.05,33.84],[111.24,32.3],[110.17,32.3],[108.1,33.14],[107.65,32.94],[107.48,33.33],[105.17,33.07],[103.21,33.39],[103.65,36.42],[102.1,37.77],[101.57,37.64],[100.41,38.61],[99.81,38.48],[99.2,39.26],[97.91,39.0],[96.76,39.45],[96.7,38.74],[96.36,38.67],[95.32,39.38],[93.35,39.38],[93.09,39.9],[93.85,40.74],[96.93,41.07],[100.94,39.64],[104.58,39.84],[104.67,39.51],[103.67,38.87],[104.11,38.8],[103.66,37.96],[106.41,37.45],[110.4,38.16],[111.74,38.67],[112.58,39.58],[115.08,39.84],[117.48,41.33],[121.22,41.33],[122.61,41.78],[121.82,40.87],[118.99,39.19],[117.78,39.13]]]}},{"type":"Feature","properties":{"n":"Caucasian Iberia","f":523,"t":533,"w":"Q19083"},"geometry":{"type":"Polygon","coordinates":[[[45.7,42.24],[44.24,41.26],[43.34,41.13],[42.62,41.59],[42.93,42.43],[42.5,43.15],[45.68,42.56],[45.7,42.24]]]}},{"type":"Feature","properties":{"n":"Brythons","f":523,"t":533,"w":"Q849967"},"geometry":{"type":"MultiPolygon","coordinates":[[[[-3.16,47.47],[-4.42,47.8],[-4.91,48.52],[-3.12,48.92],[-2.76,48.59],[-1.6,48.65],[-1.65,48.19],[-3.16,47.47]]],[[[-1.36,54.55],[-2.19,54.14],[-1.5,52.38],[-2.22,51.85],[-1.78,50.71],[-5.75,50.05],[-4.2,51.31],[-3.09,51.25],[-2.95,51.45],[-5.26,51.71],[-5.22,52.05],[-4.16,52.45],[-4.3,52.92],[-4.79,52.79],[-4.49,53.12],[-4.7,53.46],[-3.32,53.39],[-2.96,54.07],[-3.59,54.27],[-3.57,54.89],[-5.21,54.75],[-4.77,55.43],[-5.01,55.98],[-2.66,56.11],[-1.73,55.7],[-1.36,54.55]]]]}},{"type":"Feature","properties":{"n":"Kingdom of the Franks","f":523,"t":533,"w":"Q146246"},"geometry":{"type":"MultiPolygon","coordinates":[[[[-1.77,43.41],[-1.77,43.34],[-1.85,43.34],[-1.77,43.41]]],[[[1.49,42.63],[0.04,42.69],[-1.77,43.34],[-1.32,43.86],[-1.05,45.69],[-1.25,46.28],[-2.84,47.6],[-1.64,48.13],[-2.03,49.78],[0.01,49.38],[0.22,49.85],[1.45,50.31],[1.66,51.05],[4.26,51.38],[4.16,51.71],[4.5,51.78],[4.73,52.32],[4.89,52.65],[5.39,52.99],[5.65,52.65],[6.25,52.79],[6.67,53.19],[7.02,52.92],[6.61,51.98],[8.34,50.71],[9.43,51.25],[9.18,50.71],[9.44,49.58],[11.11,49.18],[11.03,48.79],[10.11,48.46],[9.95,47.66],[8.89,46.94],[6.14,47.99],[5.58,47.66],[5.51,47.07],[4.67,47.73],[2.95,47.47],[4.13,44.65],[1.49,42.63]]],[[[4.64,52.32],[4.73,52.32],[4.56,52.18],[4.64,52.32]]]]}},{"type":"Feature","properties":{"n":"(Allegiance of Ostrogothic Kingdom to Eastern Roman Empire)","f":523,"t":533,"w":"Q583038"},"geometry":{"type":"MultiPolygon","coordinates":[[[[24.3,35.32],[26.23,35.19],[23.68,35.26],[23.62,35.52],[24.3,35.32]]],[[[14.57,35.97],[14.57,35.77],[14.34,35.84],[14.57,35.97]]],[[[23.12,36.35],[23.11,36.16],[22.87,36.16],[23.12,36.35]]],[[[24.36,37.71],[24.43,37.58],[24.27,37.51],[24.36,37.71]]],[[[20.93,37.9],[20.92,37.64],[20.61,37.71],[20.93,37.9]]],[[[24.77,38.03],[25.07,37.77],[24.83,37.71],[24.77,38.03]]],[[[20.57,38.42],[20.79,38.09],[20.32,38.16],[20.57,38.42]]],[[[23.56,38.74],[23.48,38.74],[23.49,38.8],[23.56,38.74]]],[[[24.67,38.93],[24.66,38.74],[24.36,38.87],[24.67,38.93]]],[[[20.15,39.58],[20.07,39.58],[20.07,39.64],[20.15,39.58]]],[[[24.81,40.81],[24.79,40.61],[24.55,40.55],[24.81,40.81]]],[[[10.46,42.89],[10.46,42.69],[10.21,42.69],[10.46,42.89]]],[[[17.63,47.8],[18.8,47.93],[19.27,47.47],[18.83,47.01],[19.14,44.97],[22.6,43.41],[23.36,43.93],[25.52,43.67],[26.37,44.12],[27.75,44.19],[28.05,45.56],[29.67,45.43],[29.53,44.91],[28.8,44.97],[28.48,43.47],[27.51,42.63],[27.98,41.65],[28.96,41.13],[31.18,41.07],[32.63,41.91],[34.88,42.04],[35.95,41.72],[36.21,41.26],[38.3,40.87],[40.37,40.94],[41.84,41.65],[41.36,40.68],[41.67,40.16],[40.87,38.48],[41.68,36.42],[41.09,36.03],[41.11,35.0],[40.1,34.29],[39.12,34.49],[37.07,33.26],[36.32,30.89],[34.84,29.41],[34.35,27.74],[33.19,28.51],[35.85,23.88],[31.67,23.75],[30.46,23.36],[28.57,24.65],[28.15,27.35],[25.37,29.28],[21.94,30.56],[18.81,30.05],[20.2,30.89],[20.02,32.24],[21.88,32.94],[23.09,32.62],[23.3,32.17],[24.89,31.98],[25.25,31.46],[26.85,31.46],[28.87,30.82],[30.97,31.66],[31.88,31.46],[32.0,31.08],[33.98,31.14],[34.55,31.53],[35.64,34.36],[36.05,34.55],[35.84,36.29],[36.14,36.93],[35.49,36.61],[34.58,36.87],[33.98,36.29],[32.71,36.03],[31.09,36.93],[29.94,36.22],[29.24,36.22],[29.12,36.74],[28.59,36.87],[28.03,36.67],[28.07,37.13],[27.22,37.32],[27.28,38.03],[26.43,38.22],[26.38,38.67],[26.59,38.35],[27.08,38.55],[26.85,39.58],[26.13,39.51],[26.27,40.29],[29.05,40.36],[28.91,40.61],[29.49,40.87],[27.53,41.07],[26.92,40.48],[24.35,41.0],[23.7,40.81],[23.74,40.23],[22.57,40.55],[22.61,39.9],[23.14,39.45],[22.8,39.06],[23.49,38.87],[22.94,38.74],[24.03,38.67],[24.16,38.22],[23.98,37.84],[23.04,37.9],[23.4,37.32],[22.71,37.58],[23.06,36.67],[22.36,36.67],[22.22,37.06],[21.74,36.87],[21.7,37.51],[21.24,37.84],[21.74,38.35],[21.19,38.42],[20.15,39.71],[19.76,39.64],[20.01,39.97],[19.25,40.61],[19.54,41.78],[17.83,42.89],[17.51,42.76],[17.05,43.41],[15.93,43.47],[14.6,45.37],[13.78,44.91],[13.71,45.76],[13.14,45.82],[12.16,45.5],[12.31,44.19],[13.67,43.41],[14.61,42.11],[16.12,41.91],[15.94,41.39],[18.44,40.16],[18.11,39.9],[17.35,40.55],[16.62,40.29],[16.45,39.64],[17.14,39.06],[15.93,37.96],[15.39,38.16],[15.21,37.0],[14.66,36.74],[12.49,37.9],[15.86,38.29],[16.27,38.93],[15.75,40.03],[11.26,42.43],[10.13,44.06],[8.59,44.45],[6.28,43.15],[4.09,43.6],[4.71,44.25],[5.86,43.93],[6.09,44.39],[6.89,44.52],[6.63,45.1],[9.95,47.66],[10.11,48.46],[11.69,49.12],[14.26,48.26],[16.99,48.19],[17.63,47.8]]],[[[14.51,44.91],[14.5,44.52],[14.26,44.58],[14.51,44.91]]],[[[33.04,34.55],[32.23,34.94],[34.54,35.71],[34.09,35.0],[33.04,34.55]]],[[[28.02,36.48],[28.25,36.48],[28.14,36.03],[27.74,35.9],[28.02,36.48]]],[[[27.19,36.8],[26.87,36.67],[27.04,36.93],[27.19,36.8]]],[[[25.57,37.13],[25.56,37.0],[25.33,37.0],[25.57,37.13]]],[[[25.22,37.71],[25.29,37.51],[25.05,37.51],[25.22,37.71]]],[[[26.31,37.71],[26.3,37.58],[25.99,37.51],[26.31,37.71]]],[[[26.22,38.55],[26.11,38.16],[25.88,38.16],[26.22,38.55]]],[[[25.79,39.19],[26.04,39.38],[26.64,39.0],[25.79,39.19]]],[[[25.46,40.03],[25.45,39.84],[24.97,39.84],[25.46,40.03]]],[[[26.04,40.29],[26.02,40.16],[25.7,40.1],[26.04,40.29]]],[[[32.61,45.5],[34.32,46.09],[35.43,45.3],[33.76,44.45],[33.6,45.04],[32.61,45.5]]]]}},{"type":"Feature","properties":{"n":"White Huns","f":523,"t":533,"w":"Q41761342"},"geometry":{"type":"Polygon","coordinates":[[[67.29,24.07],[67.21,24.71],[66.63,24.84],[66.49,25.49],[65.8,25.36],[66.4,26.52],[66.48,28.57],[68.12,32.88],[66.99,33.33],[64.9,35.07],[64.74,38.03],[62.56,39.97],[60.63,39.51],[59.67,40.1],[56.59,40.42],[57.46,41.39],[58.26,43.47],[60.29,43.54],[61.7,45.3],[64.48,44.58],[67.7,44.52],[69.84,43.93],[71.38,43.02],[74.3,43.34],[75.34,42.89],[79.08,42.82],[80.03,42.37],[77.8,41.52],[78.39,40.74],[78.03,38.74],[74.98,38.55],[74.54,37.84],[75.34,35.71],[75.47,33.2],[77.75,31.85],[76.3,30.5],[76.13,29.67],[77.05,26.9],[74.76,25.23],[74.0,23.6],[70.06,24.12],[68.74,23.84],[68.48,23.36],[67.29,24.07]]]}},{"type":"Feature","properties":{"n":"Wihtgar","f":523,"t":660,"w":"Q3568009"},"geometry":{"type":"Polygon","coordinates":[[[-1.52,50.71],[-1.11,50.78],[-1.51,50.58],[-1.52,50.71]]]}},{"type":"Feature","properties":{"n":"Goguryeo","f":523,"t":554,"w":"Q28370"},"geometry":{"type":"Polygon","coordinates":[[[132.6,43.8],[132.1,43.08],[131.75,43.28],[129.78,41.78],[129.76,40.87],[127.58,39.77],[127.44,39.26],[128.36,38.8],[129.21,37.19],[127.99,36.8],[126.74,36.93],[126.35,37.84],[125.23,37.64],[124.76,38.09],[125.39,39.38],[124.34,39.9],[121.03,38.74],[121.69,39.38],[121.28,39.64],[122.23,40.48],[121.79,40.81],[121.94,41.2],[123.82,42.56],[125.05,44.32],[129.41,45.1],[130.78,44.19],[132.6,43.8]]]}},{"type":"Feature","properties":{"n":"(Merovingian Empire)","f":523,"t":533,"w":"Q146246"},"geometry":{"type":"MultiPolygon","coordinates":[[[[-1.77,43.41],[-1.77,43.34],[-1.85,43.34],[-1.77,43.41]]],[[[1.49,42.63],[0.04,42.69],[-1.77,43.34],[-1.32,43.86],[-1.05,45.69],[-1.25,46.28],[-2.84,47.6],[-1.64,48.13],[-2.03,49.78],[0.01,49.38],[0.22,49.85],[1.45,50.31],[1.66,51.05],[4.26,51.38],[4.16,51.71],[4.5,51.78],[4.73,52.32],[4.89,52.65],[5.39,52.99],[5.65,52.65],[6.25,52.79],[6.67,53.19],[7.02,52.92],[6.61,51.98],[8.34,50.71],[9.43,51.25],[9.18,50.71],[9.44,49.58],[11.11,49.18],[11.03,48.79],[10.11,48.46],[9.95,47.66],[8.89,46.94],[6.14,47.99],[5.58,47.66],[5.51,47.07],[4.67,47.73],[2.95,47.47],[4.13,44.65],[1.49,42.63]]],[[[4.64,52.32],[4.73,52.32],[4.56,52.18],[4.64,52.32]]]]}},{"type":"Feature","properties":{"n":"Brythons","f":534,"t":539,"w":"Q849967"},"geometry":{"type":"MultiPolygon","coordinates":[[[[-3.16,47.47],[-4.42,47.8],[-4.91,48.52],[-3.12,48.92],[-2.76,48.59],[-1.6,48.65],[-1.65,48.19],[-3.16,47.47]]],[[[-1.36,54.55],[-2.19,54.14],[-1.51,52.45],[-2.21,51.71],[-1.78,50.71],[-5.75,50.05],[-4.2,51.31],[-3.09,51.25],[-2.95,51.45],[-5.26,51.71],[-5.22,52.05],[-4.16,52.45],[-4.3,52.92],[-4.79,52.79],[-4.49,53.12],[-4.7,53.46],[-3.32,53.39],[-2.96,54.07],[-3.59,54.27],[-3.57,54.89],[-5.21,54.75],[-4.77,55.43],[-5.01,55.98],[-2.66,56.11],[-1.73,55.7],[-1.36,54.55]]]]}},{"type":"Feature","properties":{"n":"Rouran Khaganate","f":534,"t":545,"w":"Q155361"},"geometry":{"type":"MultiPolygon","coordinates":[[[[103.3,51.92],[103.5,50.98],[104.29,50.91],[108.72,51.78],[112.27,51.65],[117.05,52.72],[118.28,52.65],[120.82,51.31],[118.55,47.01],[118.38,45.89],[119.38,45.3],[123.35,45.04],[125.05,44.32],[123.82,42.56],[122.61,41.78],[121.22,41.33],[117.48,41.33],[115.08,39.84],[112.58,39.58],[111.74,38.67],[110.4,38.16],[106.41,37.45],[103.66,37.96],[104.11,38.8],[103.61,38.74],[104.67,39.51],[104.58,39.84],[100.94,39.64],[96.93,41.07],[93.85,40.74],[90.22,41.91],[85.79,42.76],[82.06,42.24],[77.93,42.95],[79.87,44.97],[82.37,46.61],[82.75,47.47],[82.35,48.39],[82.69,48.92],[85.83,50.65],[90.08,51.85],[92.38,51.58],[96.38,52.52],[98.84,52.12],[100.56,52.99],[103.3,51.92]]],[[[93.05,51.85],[93.18,51.92],[93.14,51.85],[93.05,51.85]]]]}},{"type":"Feature","properties":{"n":"Byeonhan","f":534,"t":560,"w":"Q1378584"},"geometry":{"type":"Polygon","coordinates":[[[127.45,34.74],[127.93,35.9],[128.61,35.71],[128.55,34.94],[128.81,35.0],[128.53,34.74],[127.45,34.74]]]}},{"type":"Feature","properties":{"n":"White Huns","f":534,"t":539,"w":"Q41761342"},"geometry":{"type":"MultiPolygon","coordinates":[[[[76.64,27.99],[76.65,28.06],[76.72,28.06],[76.64,27.99]]],[[[67.7,44.52],[69.84,43.93],[71.38,43.02],[74.3,43.34],[75.34,42.89],[79.08,42.82],[80.03,42.37],[77.8,41.52],[78.39,40.74],[78.03,38.74],[77.47,38.48],[75.98,38.74],[74.65,38.22],[74.53,37.25],[75.37,35.52],[74.95,34.81],[74.18,34.49],[73.64,34.81],[73.0,33.78],[72.14,34.04],[70.7,32.43],[69.1,31.72],[68.12,32.88],[65.14,34.74],[64.77,35.52],[64.74,38.03],[62.56,39.97],[60.63,39.51],[59.67,40.1],[56.59,40.42],[57.46,41.39],[58.26,43.47],[60.29,43.54],[61.7,45.3],[64.12,44.71],[67.7,44.52]]]]}},{"type":"Feature","properties":{"n":"Kingdom of the Franks","f":534,"t":539,"w":"Q146246"},"geometry":{"type":"MultiPolygon","coordinates":[[[[-1.77,43.41],[-1.77,43.34],[-1.85,43.34],[-1.77,43.41]]],[[[4.63,44.25],[3.81,44.52],[1.49,42.63],[-1.42,43.02],[-1.77,43.34],[-1.32,43.86],[-1.05,45.69],[-1.25,46.28],[-2.84,47.6],[-1.64,48.13],[-2.03,49.78],[0.01,49.38],[0.22,49.85],[1.45,50.31],[1.66,51.05],[4.26,51.38],[4.16,51.71],[5.39,52.99],[5.65,52.65],[6.49,53.19],[7.02,52.92],[6.61,51.98],[8.34,50.71],[10.87,51.92],[11.55,51.78],[11.29,51.38],[12.3,50.65],[11.03,49.65],[11.03,48.79],[10.11,48.46],[9.3,46.35],[8.16,46.28],[7.04,45.24],[4.63,44.25]]],[[[12.12,50.25],[12.04,50.25],[12.04,50.31],[12.12,50.25]]],[[[4.73,52.32],[4.56,52.18],[4.56,52.32],[4.73,52.32]]]]}},{"type":"Feature","properties":{"n":"(Allegiance of Ostrogothic Kingdom to Eastern Roman Empire)","f":534,"t":535,"w":"Q583038"},"geometry":{"type":"MultiPolygon","coordinates":[[[[28.48,43.47],[27.9,43.28],[27.49,42.43],[27.98,41.65],[28.96,41.13],[31.18,41.07],[32.63,41.91],[34.88,42.04],[35.95,41.72],[36.21,41.26],[38.3,40.87],[40.37,40.94],[41.84,41.65],[41.36,40.68],[41.67,40.16],[40.87,38.48],[41.68,36.42],[41.09,36.03],[41.11,35.0],[40.1,34.29],[39.12,34.49],[37.07,33.26],[36.32,30.89],[34.84,29.41],[34.35,27.74],[33.19,28.51],[35.85,23.88],[31.67,23.75],[30.46,23.36],[28.57,24.65],[28.15,27.35],[25.37,29.28],[21.94,30.56],[18.28,30.05],[15.18,30.89],[13.83,32.11],[11.77,32.3],[9.63,33.14],[8.85,34.74],[7.99,35.07],[7.59,36.61],[1.01,36.03],[0.68,36.35],[4.24,36.93],[8.52,36.87],[9.6,37.32],[10.23,37.25],[10.46,36.74],[11.01,37.0],[10.46,35.9],[11.08,35.58],[11.08,35.0],[10.0,34.29],[10.01,33.91],[12.23,32.81],[13.3,32.94],[15.06,32.43],[15.65,31.4],[17.85,30.95],[18.97,30.24],[20.2,30.89],[20.02,32.24],[21.88,32.94],[23.09,32.62],[23.3,32.17],[24.89,31.98],[25.25,31.46],[26.85,31.46],[28.87,30.82],[30.97,31.66],[31.88,31.46],[32.0,31.08],[34.3,31.27],[35.64,34.36],[36.05,34.55],[35.84,36.29],[36.29,36.8],[34.58,36.87],[33.98,36.29],[32.71,36.03],[31.09,36.93],[29.94,36.22],[29.24,36.22],[29.12,36.74],[28.59,36.87],[28.03,36.67],[28.07,37.13],[27.22,37.32],[27.28,38.03],[26.43,38.22],[26.38,38.67],[26.59,38.35],[27.08,38.55],[26.85,39.58],[26.13,39.51],[26.27,40.29],[29.05,40.36],[28.91,40.61],[29.49,40.87],[29.12,41.07],[27.53,41.07],[26.92,40.48],[24.35,41.0],[23.7,40.81],[23.74,40.23],[22.57,40.55],[22.61,39.9],[23.14,39.45],[22.8,39.06],[23.49,38.87],[22.94,38.74],[24.18,38.55],[23.98,37.84],[23.04,37.9],[23.4,37.32],[22.71,37.58],[23.06,36.67],[22.36,36.67],[22.22,37.06],[21.74,36.87],[21.7,37.51],[21.24,37.84],[21.74,38.35],[21.19,38.42],[20.15,39.71],[19.76,39.64],[20.01,39.97],[19.25,40.61],[19.54,41.78],[17.83,42.89],[17.51,42.76],[17.05,43.41],[15.93,43.47],[14.6,45.37],[13.78,44.91],[13.71,45.76],[13.14,45.82],[12.16,45.5],[12.31,44.19],[13.67,43.41],[14.61,42.11],[16.12,41.91],[15.94,41.39],[18.44,40.16],[18.11,39.9],[17.35,40.55],[16.62,40.29],[16.45,39.64],[17.14,39.06],[15.93,37.96],[15.39,38.16],[15.21,37.0],[14.66,36.74],[12.49,37.9],[15.86,38.29],[16.27,38.93],[15.75,40.03],[11.26,42.43],[10.13,44.06],[8.59,44.45],[6.28,43.15],[4.09,43.6],[4.71,44.45],[5.76,44.52],[8.16,46.28],[9.3,46.35],[10.11,48.46],[12.11,49.18],[14.26,48.26],[18.8,47.93],[19.27,47.47],[18.83,47.01],[19.14,44.97],[22.6,43.41],[23.36,43.93],[25.52,43.67],[26.37,44.12],[27.75,44.19],[28.05,45.56],[29.67,45.43],[29.53,44.91],[28.8,44.97],[28.48,43.47]]],[[[-5.34,35.84],[-5.08,35.39],[-6.0,35.39],[-5.34,35.84]]],[[[14.57,35.97],[14.57,35.77],[14.34,35.84],[14.57,35.97]]],[[[23.12,36.35],[23.11,36.16],[22.87,36.16],[23.12,36.35]]],[[[24.36,37.71],[24.43,37.58],[24.27,37.51],[24.36,37.71]]],[[[20.93,37.9],[20.92,37.64],[20.61,37.71],[20.93,37.9]]],[[[20.57,38.42],[20.79,38.09],[20.32,38.16],[20.57,38.42]]],[[[23.48,38.74],[23.49,38.8],[23.57,38.8],[23.48,38.74]]],[[[1.65,39.13],[1.66,39.0],[1.27,38.8],[1.18,39.06],[1.65,39.13]]],[[[20.15,39.58],[20.07,39.58],[20.07,39.64],[20.15,39.58]]],[[[2.35,39.45],[2.34,39.64],[3.19,39.97],[3.52,39.77],[3.3,39.32],[2.35,39.45]]],[[[4.22,40.1],[4.3,39.84],[3.83,39.9],[4.22,40.1]]],[[[9.59,39.13],[8.34,39.0],[8.15,40.94],[9.5,41.2],[9.59,39.13]]],[[[9.1,41.33],[8.62,41.72],[8.53,42.5],[9.49,43.02],[9.58,41.98],[9.1,41.33]]],[[[10.46,42.89],[10.46,42.69],[10.21,42.69],[10.46,42.89]]],[[[14.51,44.91],[14.5,44.52],[14.26,44.58],[14.51,44.91]]],[[[33.04,34.55],[32.23,34.94],[34.54,35.71],[34.09,35.0],[33.04,34.55]]],[[[25.68,35.13],[26.23,35.19],[24.82,35.0],[23.62,35.52],[25.68,35.13]]],[[[28.02,36.48],[28.25,36.48],[28.14,36.03],[27.74,35.9],[28.02,36.48]]],[[[27.19,36.8],[26.87,36.67],[27.04,36.93],[27.19,36.8]]],[[[25.57,37.13],[25.56,37.0],[25.33,37.0],[25.57,37.13]]],[[[25.22,37.71],[25.29,37.51],[25.05,37.51],[25.22,37.71]]],[[[26.31,37.71],[26.3,37.58],[25.99,37.51],[26.31,37.71]]],[[[25.07,37.77],[24.68,37.84],[24.77,38.03],[25.07,37.77]]],[[[26.22,38.55],[26.11,38.16],[25.88,38.16],[25.82,38.48],[26.22,38.55]]],[[[24.67,38.93],[24.66,38.74],[24.36,38.87],[24.67,38.93]]],[[[25.79,39.19],[26.04,39.38],[26.64,39.0],[25.79,39.19]]],[[[25.46,40.03],[25.45,39.84],[24.97,39.84],[25.46,40.03]]],[[[26.04,40.29],[26.02,40.16],[25.7,40.1],[26.04,40.29]]],[[[24.81,40.81],[24.79,40.61],[24.55,40.55],[24.81,40.81]]],[[[32.61,45.5],[34.32,46.09],[35.43,45.3],[33.76,44.45],[33.61,45.1],[32.61,45.5]]]]}},{"type":"Feature","properties":{"n":"Eastern Wei","f":534,"t":545,"w":"Q307069"},"geometry":{"type":"Polygon","coordinates":[[[117.78,39.13],[117.6,38.48],[119.46,37.96],[119.16,37.19],[120.75,37.9],[122.71,37.45],[122.39,36.8],[120.98,36.61],[118.8,34.36],[116.86,33.39],[114.08,33.14],[111.16,32.3],[110.32,33.14],[111.58,35.71],[110.83,35.97],[110.8,37.32],[111.34,38.16],[111.04,38.35],[112.58,39.58],[115.08,39.84],[117.48,41.33],[121.22,41.33],[122.61,41.78],[121.82,40.87],[118.99,39.19],[117.78,39.13]]]}},{"type":"Feature","properties":{"n":"(Merovingian Empire)","f":534,"t":539,"w":"Q146246"},"geometry":{"type":"MultiPolygon","coordinates":[[[[-1.77,43.41],[-1.77,43.34],[-1.85,43.34],[-1.77,43.41]]],[[[4.63,44.25],[3.81,44.52],[1.49,42.63],[-1.42,43.02],[-1.77,43.34],[-1.32,43.86],[-1.05,45.69],[-1.25,46.28],[-2.84,47.6],[-1.64,48.13],[-2.03,49.78],[0.01,49.38],[0.22,49.85],[1.45,50.31],[1.66,51.05],[4.26,51.38],[4.16,51.71],[5.39,52.99],[5.65,52.65],[6.49,53.19],[7.02,52.92],[6.61,51.98],[8.34,50.71],[10.87,51.92],[11.55,51.78],[11.29,51.38],[12.3,50.65],[11.03,49.65],[11.03,48.79],[10.11,48.46],[9.3,46.35],[8.16,46.28],[7.04,45.24],[4.63,44.25]]],[[[12.12,50.25],[12.04,50.25],[12.04,50.31],[12.12,50.25]]],[[[4.73,52.32],[4.56,52.18],[4.56,52.32],[4.73,52.32]]]]}},{"type":"Feature","properties":{"n":"Saxons","f":534,"t":566,"w":"Q101985"},"geometry":{"type":"Polygon","coordinates":[[[10.96,53.33],[11.82,53.12],[11.55,51.78],[10.87,51.92],[8.34,50.71],[6.7,51.98],[7.1,53.12],[8.38,53.33],[8.37,53.87],[8.89,53.87],[8.54,54.27],[8.8,54.55],[9.58,54.07],[11.22,53.94],[10.96,53.33]]]}},{"type":"Feature","properties":{"n":"(Alliance between Ostrogothic Kingdom and Visigothic Kingdom)","f":534,"t":535,"w":"Q583038"},"geometry":{"type":"MultiPolygon","coordinates":[[[[3.12,41.91],[0.7,40.94],[-0.13,40.03],[-0.31,39.13],[0.1,38.74],[-0.66,38.29],[-0.7,37.64],[-1.71,37.45],[-2.06,36.8],[-4.47,36.74],[-5.66,36.03],[-6.84,37.25],[-9.0,37.0],[-8.82,38.48],[-9.55,38.74],[-9.45,39.26],[-6.86,40.29],[-6.85,41.07],[-5.9,41.98],[-5.73,42.76],[-2.28,42.63],[-0.94,43.02],[1.49,42.63],[3.81,44.52],[4.63,44.25],[5.76,44.52],[8.16,46.28],[9.3,46.35],[10.11,48.46],[11.69,49.12],[14.26,48.26],[18.8,47.93],[19.27,47.47],[18.83,47.01],[18.78,45.89],[19.14,44.97],[19.93,44.65],[18.93,42.24],[17.51,42.76],[17.05,43.41],[15.37,43.86],[14.6,45.37],[13.78,44.91],[13.71,45.76],[12.16,45.5],[12.31,44.19],[13.67,43.41],[14.06,42.5],[14.92,41.98],[16.12,41.91],[15.94,41.39],[18.44,40.16],[18.11,39.9],[17.35,40.55],[16.62,40.29],[16.45,39.64],[17.14,39.06],[15.93,37.96],[15.39,38.16],[15.05,36.74],[12.49,37.9],[15.86,38.29],[16.27,38.93],[15.75,40.03],[11.26,42.43],[10.13,44.06],[8.59,44.45],[6.28,43.15],[4.01,43.6],[2.98,43.15],[3.12,41.91]]],[[[10.46,42.69],[10.13,42.89],[10.21,42.89],[10.46,42.69]]],[[[14.26,44.58],[14.27,44.97],[14.51,44.91],[14.26,44.58]]]]}},{"type":"Feature","properties":{"n":"Kingdom of Axum","f":534,"t":601,"w":"Q139377"},"geometry":{"type":"MultiPolygon","coordinates":[[[[42.44,13.27],[41.32,12.82],[38.97,12.82],[38.11,13.4],[38.17,14.69],[38.93,15.39],[39.61,15.59],[39.81,15.2],[39.97,15.52],[40.31,14.94],[41.39,14.56],[42.44,13.27]]],[[[38.33,15.01],[38.4,15.01],[38.4,14.94],[38.33,15.01]]],[[[46.02,15.84],[51.08,16.68],[52.38,16.29],[52.1,15.46],[49.41,14.69],[48.79,14.04],[45.74,13.34],[45.05,12.76],[43.44,12.69],[42.49,17.19],[43.55,17.77],[43.95,16.94],[46.02,15.84]]],[[[46.63,16.23],[46.71,16.23],[46.7,16.16],[46.63,16.23]]]]}},{"type":"Feature","properties":{"n":"Himyarite Kingdom","f":534,"t":576,"w":"Q289577"},"geometry":{"type":"Polygon","coordinates":[[[43.74,18.48],[43.82,18.61],[43.89,18.48],[43.74,18.48]]]}},{"type":"Feature","properties":{"n":"Sasanian Empire","f":534,"t":539,"w":"Q1661685"},"geometry":{"type":"MultiPolygon","coordinates":[[[[51.14,25.49],[51.21,25.49],[51.21,25.42],[51.14,25.49]]],[[[50.46,26.26],[50.69,26.26],[50.65,25.87],[50.46,26.26]]],[[[47.5,41.26],[47.99,41.33],[48.28,41.98],[49.51,40.61],[50.26,40.42],[49.4,40.1],[48.8,39.0],[48.83,37.84],[51.26,36.61],[54.03,36.87],[53.99,39.0],[53.14,39.45],[53.54,39.51],[53.5,40.03],[52.72,40.1],[52.89,40.87],[57.08,40.16],[58.4,40.36],[60.63,39.51],[62.56,39.97],[64.74,38.03],[64.77,35.52],[65.14,34.74],[68.12,32.88],[66.48,28.57],[66.4,26.52],[65.8,25.36],[61.72,25.04],[57.96,25.55],[57.18,25.94],[56.71,27.16],[55.29,26.52],[55.54,26.77],[54.68,26.45],[53.66,26.71],[51.45,27.87],[50.06,30.18],[48.94,30.31],[47.85,29.41],[48.87,27.67],[50.13,26.77],[50.07,26.07],[50.65,25.1],[51.12,26.13],[51.7,25.87],[51.41,24.33],[51.91,24.01],[54.08,24.14],[56.48,26.39],[56.4,24.97],[56.79,24.33],[58.81,23.62],[59.27,22.91],[56.81,23.75],[56.09,24.84],[54.27,23.75],[51.88,23.69],[51.17,24.07],[51.32,25.87],[50.62,24.65],[49.67,25.87],[49.88,26.45],[48.55,27.48],[47.53,29.28],[47.65,29.67],[45.77,30.44],[44.81,31.34],[44.73,31.98],[43.91,32.11],[40.1,34.29],[41.11,35.0],[41.09,36.03],[41.66,36.29],[40.87,38.48],[41.67,40.16],[41.53,41.26],[42.61,41.52],[42.93,42.43],[42.5,43.15],[45.31,42.69],[47.5,41.26]]]]}},{"type":"Feature","properties":{"n":"Gupta Empire","f":534,"t":545,"w":"Q11774"},"geometry":{"type":"Polygon","coordinates":[[[74.61,24.65],[74.76,25.23],[77.05,26.9],[76.13,29.67],[76.3,30.5],[78.04,31.79],[81.04,30.31],[80.1,28.77],[83.29,27.35],[84.43,27.42],[85.27,26.71],[88.99,26.52],[89.88,26.07],[90.34,24.46],[89.56,21.76],[88.73,21.63],[88.64,22.08],[88.35,21.56],[88.1,21.95],[87.07,21.44],[86.84,20.28],[86.11,19.76],[85.37,19.83],[84.47,18.54],[83.11,18.93],[81.52,20.39],[83.1,20.8],[83.77,21.95],[82.95,23.03],[82.11,23.22],[80.88,22.21],[79.54,23.41],[78.8,23.35],[76.5,24.58],[74.61,24.65]]]}},{"type":"Feature","properties":{"n":"Kingdom of Kent","f":534,"t":691,"w":"Q328818"},"geometry":{"type":"Polygon","coordinates":[[[1.38,51.38],[0.82,50.91],[-0.06,51.45],[1.38,51.38]]]}},{"type":"Feature","properties":{"n":"Western Wei","f":534,"t":535,"w":"Q1143164"},"geometry":{"type":"Polygon","coordinates":[[[111.34,38.16],[110.8,37.32],[110.83,35.97],[111.58,35.71],[110.32,33.14],[111.16,32.3],[110.17,32.3],[109.16,32.88],[107.65,32.94],[107.48,33.33],[105.17,33.07],[103.21,33.39],[103.65,36.42],[102.1,37.77],[101.57,37.64],[100.41,38.61],[99.81,38.48],[99.2,39.26],[97.91,39.0],[96.76,39.45],[96.7,38.74],[96.36,38.67],[95.32,39.38],[93.35,39.38],[93.09,39.9],[93.85,40.74],[96.93,41.07],[100.94,39.64],[104.58,39.84],[104.67,39.51],[103.61,38.74],[104.11,38.8],[103.66,37.96],[104.46,37.64],[106.41,37.45],[110.67,38.42],[111.34,38.16]]]}},{"type":"Feature","properties":{"n":"Kingdom of East Anglia","f":534,"t":665,"w":"Q837998"},"geometry":{"type":"Polygon","coordinates":[[[0.32,51.92],[0.12,52.32],[0.49,53.06],[1.62,52.86],[1.74,52.38],[1.1,51.78],[0.32,51.92]]]}},{"type":"Feature","properties":{"n":"Kingdom of Deira","f":534,"t":545,"w":"Q506008"},"geometry":{"type":"Polygon","coordinates":[[[-2.19,54.14],[-0.67,54.61],[0.02,53.66],[-2.13,53.53],[-2.19,54.14]]]}},{"type":"Feature","properties":{"n":"Silla","f":534,"t":554,"w":"Q28456"},"geometry":{"type":"Polygon","coordinates":[[[129.15,35.07],[128.64,35.13],[128.61,35.71],[127.85,35.9],[127.99,36.8],[129.43,37.32],[129.55,35.58],[129.15,35.07]]]}},{"type":"Feature","properties":{"n":"Kingdom of Wessex","f":534,"t":576,"w":"Q105313"},"geometry":{"type":"Polygon","coordinates":[[[-1.78,50.71],[-2.21,51.71],[0.02,51.51],[0.05,51.11],[-1.15,51.25],[-1.78,50.71]]]}},{"type":"Feature","properties":{"n":"(Alliance between Gupta Empire and Vakataka Kingdom)","f":534,"t":545,"w":"Q11774"},"geometry":{"type":"Polygon","coordinates":[[[77.06,17.85],[75.82,18.72],[74.5,18.8],[73.67,17.9],[73.83,17.0],[73.28,16.9],[72.67,21.24],[74.03,21.65],[74.17,24.21],[75.21,24.5],[74.61,24.65],[74.76,25.23],[77.05,26.9],[76.13,29.67],[76.3,30.5],[77.73,31.79],[78.84,31.66],[80.92,30.44],[80.1,28.77],[81.19,28.19],[83.29,27.35],[84.43,27.42],[85.27,26.71],[88.55,26.58],[89.88,26.07],[90.34,24.46],[89.56,21.76],[88.73,21.63],[88.64,22.08],[88.35,21.56],[88.1,21.95],[87.07,21.44],[86.84,20.28],[86.11,19.76],[85.37,19.83],[84.47,18.54],[83.11,18.93],[81.54,20.4],[81.12,20.23],[80.56,19.8],[80.52,18.76],[81.83,17.54],[80.98,15.76],[80.38,15.79],[80.12,15.35],[79.23,15.92],[78.56,15.87],[78.39,15.29],[77.5,15.51],[77.06,17.85]]]}},{"type":"Feature","properties":{"n":"Tarumanagara","f":534,"t":611,"w":"Q2247225"},"geometry":{"type":"Polygon","coordinates":[[[105.37,-6.85],[105.91,-5.89],[107.22,-5.95],[107.69,-7.69],[105.37,-6.85]]]}},{"type":"Feature","properties":{"n":"(Anglo-Saxon England)","f":534,"t":545,"w":"Q784963"},"geometry":{"type":"Polygon","coordinates":[[[-1.78,50.71],[-2.17,51.31],[-2.14,51.92],[-1.49,52.25],[-2.19,54.14],[-1.2,54.68],[-0.39,54.41],[0.01,53.73],[-0.68,53.73],[-0.82,53.39],[0.17,52.86],[1.62,52.86],[1.74,52.38],[0.86,51.51],[0.02,51.5],[1.38,51.38],[0.74,50.85],[-1.78,50.71]]]}},{"type":"Feature","properties":{"n":"(Kingdom of the Franks)","f":534,"t":539,"w":"Q146246"},"geometry":{"type":"MultiPolygon","coordinates":[[[[-1.77,43.41],[-1.77,43.34],[-1.85,43.34],[-1.77,43.41]]],[[[4.63,44.25],[3.81,44.52],[1.49,42.63],[-1.42,43.02],[-1.77,43.34],[-1.32,43.86],[-1.05,45.69],[-1.25,46.28],[-2.84,47.6],[-1.64,48.13],[-2.03,49.78],[0.01,49.38],[0.22,49.85],[1.45,50.31],[1.66,51.05],[4.26,51.38],[4.16,51.71],[5.39,52.99],[5.65,52.65],[6.49,53.19],[7.02,52.92],[6.61,51.98],[8.34,50.71],[10.87,51.92],[11.55,51.78],[11.29,51.38],[12.3,50.65],[11.03,49.65],[11.03,48.79],[10.11,48.46],[9.3,46.35],[8.16,46.28],[7.04,45.24],[4.63,44.25]]],[[[12.12,50.25],[12.04,50.25],[12.04,50.31],[12.12,50.25]]],[[[4.73,52.32],[4.56,52.18],[4.56,52.32],[4.73,52.32]]]]}},{"type":"Feature","properties":{"n":"Kingdom of Mercia","f":534,"t":576,"w":"Q105092"},"geometry":{"type":"Polygon","coordinates":[[[-0.7,51.92],[-0.58,51.51],[-2.21,51.71],[-1.49,52.25],[-2.04,53.53],[-0.83,53.53],[0.25,52.86],[0.32,51.92],[-0.7,51.92]]]}},{"type":"Feature","properties":{"n":"Visigothic Kingdom","f":534,"t":539,"w":"Q126936"},"geometry":{"type":"Polygon","coordinates":[[[2.98,43.15],[3.12,41.91],[0.7,40.94],[-0.35,39.71],[0.1,38.74],[-0.66,38.29],[-0.7,37.64],[-1.71,37.45],[-2.06,36.8],[-4.47,36.74],[-5.66,36.03],[-6.84,37.25],[-9.0,37.0],[-8.82,38.48],[-9.55,38.74],[-9.45,39.26],[-6.86,40.29],[-6.85,41.07],[-5.9,41.98],[-5.73,42.76],[-2.28,42.63],[-0.94,43.02],[1.49,42.63],[3.81,44.52],[4.63,44.25],[2.98,43.15]]]}},{"type":"Feature","properties":{"n":"Kingdom of Essex","f":534,"t":627,"w":"Q110888"},"geometry":{"type":"Polygon","coordinates":[[[-0.7,51.92],[0.85,51.71],[0.86,51.51],[-0.58,51.51],[-0.7,51.92]]]}},{"type":"Feature","properties":{"n":"(Brythonic Kingdoms)","f":534,"t":539,"w":"Q849967"},"geometry":{"type":"MultiPolygon","coordinates":[[[[-3.16,47.47],[-4.42,47.8],[-4.91,48.52],[-3.12,48.92],[-2.76,48.59],[-1.6,48.65],[-1.65,48.19],[-3.16,47.47]]],[[[-1.36,54.55],[-2.19,54.14],[-1.51,52.45],[-2.21,51.71],[-1.78,50.71],[-5.75,50.05],[-4.2,51.31],[-3.09,51.25],[-2.95,51.45],[-5.26,51.71],[-5.22,52.05],[-4.16,52.45],[-4.3,52.92],[-4.79,52.79],[-4.49,53.12],[-4.7,53.46],[-3.32,53.39],[-2.96,54.07],[-3.59,54.27],[-3.57,54.89],[-5.21,54.75],[-4.77,55.43],[-5.01,55.98],[-2.66,56.11],[-1.73,55.7],[-1.36,54.55]]]]}},{"type":"Feature","properties":{"n":"Maitraka Dynasty","f":534,"t":554,"w":"Q6737189"},"geometry":{"type":"MultiPolygon","coordinates":[[[[73.11,21.75],[72.54,21.7],[72.81,22.23],[72.18,22.27],[72.02,21.16],[70.49,20.84],[68.97,22.29],[70.18,22.57],[70.49,23.09],[69.24,22.85],[68.42,23.57],[70.06,24.12],[74.0,23.6],[74.03,21.65],[72.62,21.37],[73.11,21.75]]],[[[68.55,23.78],[68.63,23.8],[68.54,23.76],[68.55,23.78]]]]}},{"type":"Feature","properties":{"n":"Liang Dynasty","f":534,"t":535,"w":"Q783489"},"geometry":{"type":"MultiPolygon","coordinates":[[[[108.76,18.41],[108.7,19.38],[109.25,19.96],[110.91,20.15],[111.03,19.57],[110.18,18.48],[108.76,18.41]]],[[[120.92,32.62],[121.99,31.85],[120.92,31.85],[122.0,31.08],[120.68,30.18],[121.48,30.31],[122.03,29.92],[122.0,29.41],[121.71,29.22],[121.59,29.54],[121.65,28.32],[121.12,28.32],[119.59,26.13],[119.53,25.62],[119.87,25.49],[119.27,25.49],[118.76,24.59],[118.15,24.52],[116.54,22.91],[114.64,22.72],[114.37,22.08],[113.6,22.72],[113.64,22.14],[110.42,21.18],[110.49,20.28],[109.88,20.21],[109.81,21.5],[108.65,21.69],[106.96,20.92],[105.97,19.83],[105.73,18.86],[106.96,17.32],[106.4,17.0],[105.14,18.41],[104.98,20.15],[104.44,20.47],[105.1,20.86],[104.87,22.21],[105.69,23.04],[102.85,23.43],[101.81,24.26],[101.46,25.16],[100.89,29.92],[101.69,32.75],[103.21,33.39],[105.17,33.07],[107.48,33.33],[107.65,32.94],[108.1,33.14],[110.17,32.3],[111.16,32.3],[114.08,33.14],[116.86,33.39],[119.23,34.81],[120.34,34.36],[120.92,32.62]]],[[[122.28,29.99],[121.98,29.99],[122.05,30.18],[122.28,29.99]]]]}},{"type":"Feature","properties":{"n":"Kingdom of Lindsey","f":534,"t":545,"w":"Q886986"},"geometry":{"type":"Polygon","coordinates":[[[-0.68,53.73],[0.02,53.66],[0.32,53.12],[0.08,52.92],[-0.73,53.33],[-0.68,53.73]]]}},{"type":"Feature","properties":{"n":"Ostrogothic Kingdom","f":534,"t":535,"w":"Q583038"},"geometry":{"type":"MultiPolygon","coordinates":[[[[10.46,42.69],[10.13,42.89],[10.21,42.89],[10.46,42.69]]],[[[17.63,47.8],[18.8,47.93],[19.27,47.47],[18.83,47.01],[18.78,45.89],[19.14,44.97],[19.93,44.65],[19.41,43.93],[19.17,42.3],[17.51,42.76],[16.58,43.6],[15.93,43.47],[14.6,45.37],[13.78,44.91],[13.71,45.76],[12.16,45.5],[12.31,44.19],[13.67,43.41],[14.06,42.5],[14.92,41.98],[16.12,41.91],[15.94,41.39],[18.44,40.16],[18.11,39.9],[17.35,40.55],[16.62,40.29],[16.45,39.64],[17.14,39.06],[15.93,37.96],[15.39,38.16],[15.05,36.74],[12.49,37.9],[15.86,38.29],[16.27,38.93],[15.75,40.03],[11.26,42.43],[10.13,44.06],[8.59,44.45],[6.28,43.15],[4.09,43.6],[4.71,44.45],[5.76,44.52],[8.16,46.28],[9.3,46.35],[10.11,48.46],[11.69,49.12],[14.26,48.26],[16.91,48.19],[17.63,47.8]]],[[[14.5,44.52],[14.26,44.58],[14.27,44.97],[14.5,44.52]]]]}},{"type":"Feature","properties":{"n":"Eastern Roman Empire","f":534,"t":535,"w":"Q12544"},"geometry":{"type":"MultiPolygon","coordinates":[[[[28.48,43.47],[27.9,43.28],[27.49,42.43],[27.98,41.65],[28.96,41.13],[31.18,41.07],[32.63,41.91],[34.88,42.04],[35.95,41.72],[36.21,41.26],[38.3,40.87],[40.37,40.94],[41.84,41.65],[41.36,40.68],[41.67,40.16],[40.87,38.48],[41.68,36.42],[41.09,36.03],[41.11,35.0],[40.1,34.29],[39.12,34.49],[37.07,33.26],[36.32,30.89],[34.84,29.41],[34.35,27.74],[33.19,28.51],[35.85,23.88],[31.67,23.75],[30.46,23.36],[28.57,24.65],[28.15,27.35],[25.37,29.28],[21.94,30.56],[18.28,30.05],[15.18,30.89],[13.83,32.11],[11.77,32.3],[9.63,33.14],[8.85,34.74],[7.99,35.07],[7.59,36.61],[1.01,36.03],[0.68,36.35],[4.24,36.93],[8.52,36.87],[9.6,37.32],[10.23,37.25],[10.46,36.74],[11.01,37.0],[10.46,35.9],[11.08,35.58],[11.08,35.0],[10.0,34.29],[10.01,33.91],[12.23,32.81],[13.3,32.94],[15.06,32.43],[15.65,31.4],[17.85,30.95],[18.97,30.24],[20.2,30.89],[20.02,32.24],[21.88,32.94],[23.09,32.62],[23.3,32.17],[24.89,31.98],[25.25,31.46],[26.85,31.46],[28.87,30.82],[30.97,31.66],[31.88,31.46],[32.0,31.08],[34.3,31.27],[35.64,34.36],[36.05,34.55],[35.84,36.29],[36.14,36.93],[35.49,36.61],[34.58,36.87],[33.98,36.29],[32.71,36.03],[31.09,36.93],[29.94,36.22],[29.24,36.22],[29.12,36.74],[28.59,36.87],[28.03,36.67],[28.07,37.13],[27.22,37.32],[27.28,38.03],[26.43,38.22],[26.38,38.67],[26.59,38.35],[27.08,38.55],[26.85,39.58],[26.13,39.51],[26.27,40.29],[29.05,40.36],[28.91,40.61],[29.49,40.87],[27.53,41.07],[26.92,40.48],[24.35,41.0],[23.7,40.81],[23.74,40.23],[22.57,40.55],[22.61,39.9],[23.14,39.45],[22.8,39.06],[23.49,38.87],[22.94,38.74],[24.18,38.55],[23.98,37.84],[23.04,37.9],[23.4,37.32],[22.71,37.58],[23.06,36.67],[22.36,36.67],[22.22,37.06],[21.74,36.87],[21.7,37.51],[21.24,37.84],[21.74,38.35],[21.19,38.42],[20.15,39.71],[19.76,39.64],[20.01,39.97],[19.25,40.61],[19.54,41.78],[19.01,42.24],[19.93,44.65],[22.6,43.41],[23.36,43.93],[25.52,43.67],[26.37,44.12],[27.75,44.19],[28.05,45.56],[29.67,45.43],[29.53,44.91],[28.8,44.97],[28.48,43.47]]],[[[-5.34,35.84],[-5.08,35.39],[-6.0,35.39],[-5.34,35.84]]],[[[14.57,35.97],[14.57,35.77],[14.34,35.84],[14.57,35.97]]],[[[23.12,36.35],[23.11,36.16],[22.87,36.16],[23.12,36.35]]],[[[24.36,37.71],[24.43,37.58],[24.27,37.51],[24.36,37.71]]],[[[20.93,37.9],[20.92,37.64],[20.61,37.71],[20.93,37.9]]],[[[20.57,38.42],[20.79,38.09],[20.32,38.16],[20.57,38.42]]],[[[23.56,38.74],[23.48,38.74],[23.49,38.8],[23.56,38.74]]],[[[24.67,38.93],[24.66,38.74],[24.36,38.87],[24.67,38.93]]],[[[1.26,39.13],[1.65,39.13],[1.66,39.0],[1.27,38.8],[1.26,39.13]]],[[[20.15,39.58],[20.07,39.58],[20.07,39.64],[20.15,39.58]]],[[[2.35,39.45],[2.34,39.64],[3.19,39.97],[3.52,39.77],[3.3,39.32],[2.35,39.45]]],[[[4.22,40.1],[4.3,39.84],[3.83,39.9],[4.22,40.1]]],[[[9.59,39.13],[8.34,39.0],[8.15,40.94],[9.5,41.2],[9.59,39.13]]],[[[24.81,40.81],[24.79,40.61],[24.55,40.55],[24.81,40.81]]],[[[9.1,41.33],[8.62,41.72],[8.53,42.5],[9.49,43.02],[9.58,41.98],[9.1,41.33]]],[[[33.04,34.55],[32.23,34.94],[34.54,35.71],[34.09,35.0],[33.04,34.55]]],[[[25.68,35.13],[26.23,35.19],[24.82,35.0],[23.62,35.52],[25.68,35.13]]],[[[28.02,36.48],[28.25,36.48],[28.14,36.03],[27.74,35.9],[28.02,36.48]]],[[[27.19,36.8],[26.87,36.67],[27.04,36.93],[27.19,36.8]]],[[[25.57,37.13],[25.56,37.0],[25.33,37.0],[25.57,37.13]]],[[[25.22,37.71],[25.29,37.51],[25.05,37.51],[25.22,37.71]]],[[[26.31,37.71],[26.3,37.58],[25.99,37.51],[26.31,37.71]]],[[[24.77,38.03],[25.07,37.77],[24.83,37.71],[24.77,38.03]]],[[[26.22,38.55],[26.11,38.16],[25.88,38.16],[26.22,38.55]]],[[[25.79,39.19],[26.04,39.38],[26.64,39.0],[25.79,39.19]]],[[[25.46,40.03],[25.45,39.84],[24.97,39.84],[25.46,40.03]]],[[[26.04,40.29],[26.02,40.16],[25.7,40.1],[26.04,40.29]]],[[[32.61,45.5],[34.32,46.09],[35.43,45.3],[33.76,44.45],[33.6,45.04],[32.61,45.5]]]]}},{"type":"Feature","properties":{"n":"Lazica","f":534,"t":539,"w":"Q136884"},"geometry":{"type":"Polygon","coordinates":[[[42.93,42.43],[42.61,41.52],[41.53,41.26],[41.84,41.65],[41.61,42.63],[39.99,43.47],[40.74,43.6],[42.5,43.15],[42.93,42.43]]]}},{"type":"Feature","properties":{"n":"Liang Dynasty","f":536,"t":545,"w":"Q783489"},"geometry":{"type":"MultiPolygon","coordinates":[[[[108.76,18.41],[108.7,19.38],[109.25,19.96],[110.91,20.15],[111.03,19.57],[110.18,18.48],[108.76,18.41]]],[[[120.92,32.62],[121.99,31.85],[120.92,31.85],[122.0,31.08],[120.68,30.18],[121.48,30.31],[122.03,29.92],[122.0,29.41],[121.71,29.22],[121.59,29.54],[121.65,28.32],[121.12,28.32],[119.59,26.13],[119.53,25.62],[119.87,25.49],[119.27,25.49],[118.76,24.59],[118.15,24.52],[116.54,22.91],[114.64,22.72],[114.37,22.08],[113.6,22.72],[113.64,22.14],[110.42,21.18],[110.49,20.28],[109.88,20.21],[109.81,21.5],[108.65,21.69],[106.96,20.92],[105.97,19.83],[105.73,18.86],[106.96,17.32],[106.4,17.0],[105.14,18.41],[104.98,20.15],[104.44,20.47],[105.1,20.86],[104.87,22.21],[105.69,23.04],[102.99,23.36],[101.81,24.26],[100.99,28.64],[101.99,28.7],[102.85,27.67],[103.55,27.74],[104.3,28.89],[107.91,30.56],[109.58,32.56],[111.16,32.3],[114.08,33.14],[116.86,33.39],[119.23,34.81],[120.34,34.36],[120.92,32.62]]],[[[122.28,29.99],[121.98,29.99],[122.05,30.18],[122.28,29.99]]]]}},{"type":"Feature","properties":{"n":"Ostrogothic Kingdom","f":536,"t":539,"w":"Q583038"},"geometry":{"type":"MultiPolygon","coordinates":[[[[10.46,42.69],[10.13,42.89],[10.21,42.89],[10.46,42.69]]],[[[14.5,44.52],[14.26,44.58],[14.27,44.97],[14.5,44.52]]],[[[17.63,47.8],[18.8,47.93],[19.27,47.47],[18.83,47.01],[18.78,45.89],[19.14,44.97],[19.93,44.65],[19.38,43.34],[17.86,43.41],[16.43,43.99],[14.93,45.56],[13.78,44.91],[13.71,45.76],[13.14,45.82],[12.16,45.5],[12.15,44.45],[13.67,43.41],[14.21,42.37],[13.09,42.24],[12.53,41.65],[12.37,42.24],[11.97,42.04],[11.26,42.43],[10.21,43.99],[9.16,44.45],[6.28,43.15],[4.09,43.6],[4.71,44.45],[5.76,44.52],[8.16,46.28],[9.3,46.35],[10.11,48.46],[11.69,49.12],[14.26,48.26],[16.91,48.19],[17.63,47.8]]]]}},{"type":"Feature","properties":{"n":"Eastern Roman Empire","f":536,"t":539,"w":"Q12544"},"geometry":{"type":"MultiPolygon","coordinates":[[[[26.37,44.12],[27.75,44.19],[28.05,45.56],[29.51,45.5],[29.62,45.04],[28.8,44.97],[28.48,43.47],[27.51,42.63],[27.98,41.65],[28.96,41.13],[31.18,41.07],[32.63,41.91],[34.88,42.04],[35.95,41.72],[36.21,41.26],[38.3,40.87],[40.37,40.94],[41.84,41.65],[41.36,40.68],[41.67,40.16],[40.87,38.48],[41.68,36.42],[41.09,36.03],[41.11,35.0],[40.1,34.29],[39.12,34.49],[37.07,33.26],[36.32,30.89],[34.84,29.41],[34.35,27.74],[33.19,28.51],[35.85,23.88],[31.67,23.75],[30.46,23.36],[28.57,24.65],[28.15,27.35],[25.37,29.28],[21.94,30.56],[18.28,30.05],[15.18,30.89],[13.83,32.11],[11.77,32.3],[9.63,33.14],[8.85,34.74],[7.99,35.07],[7.59,36.61],[1.01,36.03],[0.68,36.35],[4.24,36.93],[8.52,36.87],[9.6,37.32],[10.23,37.25],[10.46,36.74],[11.01,37.0],[10.46,35.9],[11.08,35.58],[11.08,35.0],[10.0,34.29],[10.01,33.91],[12.23,32.81],[13.3,32.94],[15.06,32.43],[15.65,31.4],[17.85,30.95],[18.97,30.24],[20.2,30.89],[20.02,32.24],[21.88,32.94],[23.09,32.62],[23.3,32.17],[24.89,31.98],[25.25,31.46],[26.85,31.46],[28.87,30.82],[30.97,31.66],[31.88,31.46],[32.0,31.08],[34.3,31.27],[35.64,34.36],[36.05,34.55],[35.84,36.29],[36.14,36.93],[35.49,36.61],[34.58,36.87],[33.98,36.29],[32.71,36.03],[31.09,36.93],[29.94,36.22],[29.24,36.22],[29.12,36.74],[28.59,36.87],[28.03,36.67],[28.07,37.13],[27.22,37.32],[27.28,38.03],[26.43,38.22],[26.38,38.67],[26.59,38.35],[27.08,38.55],[26.85,39.58],[26.13,39.51],[26.27,40.29],[29.05,40.36],[28.91,40.61],[29.49,40.87],[27.53,41.07],[26.92,40.48],[24.35,41.0],[23.7,40.81],[23.74,40.23],[22.57,40.55],[22.61,39.9],[23.14,39.45],[22.8,39.06],[23.49,38.87],[22.94,38.74],[24.03,38.67],[24.16,38.22],[23.98,37.84],[23.04,37.9],[23.4,37.32],[22.71,37.58],[23.06,36.67],[22.36,36.67],[22.22,37.06],[21.74,36.87],[21.7,37.51],[21.24,37.84],[21.74,38.35],[21.19,38.42],[20.15,39.71],[19.76,39.64],[20.01,39.97],[19.25,40.61],[19.54,41.78],[17.99,42.82],[17.51,42.76],[17.05,43.41],[15.93,43.47],[14.52,45.1],[14.93,45.56],[16.43,43.99],[17.86,43.41],[19.38,43.34],[19.93,44.65],[22.6,43.41],[23.36,43.93],[25.52,43.67],[26.37,44.12]]],[[[-5.34,35.84],[-5.08,35.39],[-6.0,35.39],[-5.34,35.84]]],[[[14.57,35.97],[14.57,35.77],[14.34,35.84],[14.57,35.97]]],[[[23.12,36.35],[23.11,36.16],[22.87,36.16],[23.12,36.35]]],[[[24.36,37.71],[24.43,37.58],[24.27,37.51],[24.36,37.71]]],[[[20.93,37.9],[20.92,37.64],[20.61,37.71],[20.93,37.9]]],[[[20.57,38.42],[20.79,38.09],[20.32,38.16],[20.57,38.42]]],[[[23.48,38.74],[23.49,38.8],[23.57,38.8],[23.48,38.74]]],[[[1.65,39.13],[1.66,39.0],[1.27,38.8],[1.18,39.06],[1.65,39.13]]],[[[15.93,37.96],[15.39,38.16],[15.05,36.74],[12.49,37.71],[12.65,38.09],[14.06,37.96],[15.86,38.29],[16.27,38.74],[15.75,40.03],[12.53,41.59],[12.85,42.11],[14.29,42.37],[16.12,41.91],[15.94,41.39],[18.44,40.16],[18.11,39.9],[17.35,40.55],[16.62,40.29],[16.45,39.64],[17.14,39.06],[16.5,38.8],[15.93,37.96]]],[[[20.15,39.58],[20.07,39.58],[20.07,39.64],[20.15,39.58]]],[[[2.35,39.45],[2.34,39.64],[3.19,39.97],[3.52,39.77],[3.3,39.32],[2.35,39.45]]],[[[4.22,40.1],[4.3,39.84],[3.83,39.9],[4.22,40.1]]],[[[9.59,39.13],[8.34,39.0],[8.15,40.94],[9.5,41.2],[9.59,39.13]]],[[[12.13,41.85],[12.05,41.85],[12.05,41.91],[12.13,41.85]]],[[[12.37,42.24],[12.45,41.91],[12.13,41.91],[12.37,42.24]]],[[[9.1,41.33],[8.62,41.72],[8.53,42.5],[9.49,43.02],[9.58,41.98],[9.1,41.33]]],[[[33.04,34.55],[32.23,34.94],[34.54,35.71],[34.09,35.0],[33.04,34.55]]],[[[25.68,35.13],[26.23,35.19],[24.82,35.0],[23.62,35.52],[25.68,35.13]]],[[[28.02,36.48],[28.25,36.48],[28.14,36.03],[27.74,35.9],[28.02,36.48]]],[[[27.19,36.8],[26.87,36.67],[27.04,36.93],[27.19,36.8]]],[[[25.57,37.13],[25.56,37.0],[25.33,37.0],[25.57,37.13]]],[[[25.22,37.71],[25.29,37.51],[25.05,37.51],[25.22,37.71]]],[[[26.3,37.58],[25.99,37.51],[26.08,37.71],[26.3,37.58]]],[[[25.07,37.77],[24.68,37.84],[24.77,38.03],[25.07,37.77]]],[[[26.22,38.55],[26.11,38.16],[25.88,38.16],[26.22,38.55]]],[[[24.67,38.93],[24.66,38.74],[24.36,38.87],[24.67,38.93]]],[[[25.79,39.19],[26.04,39.38],[26.64,39.0],[25.79,39.19]]],[[[25.46,40.03],[25.45,39.84],[24.97,39.84],[25.46,40.03]]],[[[26.04,40.29],[26.02,40.16],[25.7,40.1],[26.04,40.29]]],[[[24.81,40.81],[24.79,40.61],[24.55,40.55],[24.81,40.81]]],[[[32.61,45.5],[34.32,46.09],[35.43,45.3],[33.76,44.45],[33.61,45.1],[32.61,45.5]]]]}},{"type":"Feature","properties":{"n":"(Allegiance of Ostrogothic Kingdom to Eastern Roman Empire)","f":536,"t":539,"w":"Q583038"},"geometry":{"type":"MultiPolygon","coordinates":[[[[-5.34,35.84],[-5.08,35.39],[-6.0,35.39],[-5.34,35.84]]],[[[14.57,35.97],[14.57,35.77],[14.34,35.84],[14.57,35.97]]],[[[1.26,39.13],[1.65,39.13],[1.66,39.0],[1.27,38.8],[1.26,39.13]]],[[[2.34,39.64],[2.88,39.97],[3.52,39.77],[3.3,39.32],[2.34,39.64]]],[[[4.22,40.1],[4.3,39.84],[3.83,39.9],[4.22,40.1]]],[[[9.59,39.13],[8.34,39.0],[8.15,40.94],[9.5,41.2],[9.59,39.13]]],[[[12.13,41.85],[12.05,41.85],[12.05,41.91],[12.13,41.85]]],[[[10.54,43.08],[10.21,43.99],[9.16,44.45],[6.28,43.15],[4.09,43.6],[4.71,44.45],[5.76,44.52],[8.16,46.28],[9.3,46.35],[10.11,48.46],[11.69,49.12],[14.26,48.26],[18.8,47.93],[19.27,47.47],[18.83,47.01],[19.14,44.97],[22.6,43.41],[23.36,43.93],[25.52,43.67],[26.37,44.12],[27.75,44.19],[28.05,45.56],[29.67,45.43],[29.53,44.91],[28.8,44.97],[28.48,43.47],[27.51,42.63],[27.98,41.65],[28.96,41.13],[31.18,41.07],[32.63,41.91],[34.88,42.04],[35.95,41.72],[36.21,41.26],[38.3,40.87],[40.37,40.94],[41.84,41.65],[41.36,40.68],[41.67,40.16],[40.87,38.48],[41.66,36.29],[41.09,36.03],[41.11,35.0],[40.1,34.29],[39.12,34.49],[37.07,33.26],[36.32,30.89],[34.84,29.41],[34.35,27.74],[33.19,28.51],[35.85,23.88],[31.67,23.75],[30.46,23.36],[28.57,24.65],[28.15,27.35],[24.26,29.79],[21.94,30.56],[18.28,30.05],[15.18,30.89],[13.83,32.11],[11.77,32.3],[9.63,33.14],[8.85,34.74],[7.99,35.07],[7.59,36.61],[1.01,36.03],[0.68,36.35],[4.24,36.93],[8.52,36.87],[9.6,37.32],[10.23,37.25],[10.46,36.74],[11.01,37.0],[10.46,35.9],[11.08,35.58],[11.08,35.0],[10.0,34.29],[10.01,33.91],[12.23,32.81],[13.3,32.94],[15.06,32.43],[15.65,31.4],[17.85,30.95],[18.97,30.24],[20.2,30.89],[20.02,32.24],[21.88,32.94],[23.09,32.62],[23.3,32.17],[24.89,31.98],[25.25,31.46],[26.85,31.46],[28.87,30.82],[30.97,31.66],[31.88,31.46],[32.0,31.08],[34.3,31.27],[35.64,34.36],[36.05,34.55],[35.84,36.29],[36.29,36.8],[34.58,36.87],[33.98,36.29],[32.71,36.03],[31.09,36.93],[29.94,36.22],[29.24,36.22],[29.12,36.74],[28.59,36.87],[28.03,36.67],[28.07,37.13],[27.22,37.32],[27.28,38.03],[26.43,38.22],[26.38,38.67],[26.59,38.35],[27.08,38.55],[26.85,39.58],[26.13,39.51],[26.27,40.29],[29.05,40.36],[28.91,40.61],[29.49,40.87],[29.12,41.07],[27.53,41.07],[26.92,40.48],[24.35,41.0],[23.7,40.81],[23.74,40.23],[22.57,40.55],[22.61,39.9],[23.14,39.45],[22.8,39.06],[23.49,38.87],[22.94,38.74],[24.03,38.67],[24.16,38.22],[23.98,37.84],[23.04,37.9],[23.4,37.32],[22.71,37.58],[23.06,36.67],[22.36,36.67],[22.22,37.06],[21.74,36.87],[21.7,37.51],[21.24,37.84],[21.74,38.35],[21.19,38.42],[20.15,39.71],[19.76,39.64],[20.01,39.97],[19.25,40.61],[19.54,41.78],[17.99,42.82],[17.51,42.76],[17.05,43.41],[15.93,43.47],[14.6,45.37],[13.78,44.91],[13.71,45.76],[13.14,45.82],[12.16,45.5],[12.31,44.19],[13.67,43.41],[14.61,42.11],[16.12,41.91],[15.94,41.39],[18.44,40.16],[18.11,39.9],[17.35,40.55],[16.62,40.29],[16.45,39.64],[17.14,39.06],[15.93,37.96],[15.39,38.16],[15.21,37.0],[14.66,36.74],[12.49,37.9],[15.86,38.29],[16.27,38.74],[15.9,39.77],[14.89,40.68],[10.54,43.08]]],[[[9.1,41.33],[8.62,41.72],[8.53,42.5],[9.49,43.02],[9.58,41.98],[9.1,41.33]]],[[[10.46,42.89],[10.46,42.69],[10.21,42.69],[10.46,42.89]]],[[[14.51,44.91],[14.5,44.52],[14.26,44.58],[14.51,44.91]]],[[[25.68,35.13],[26.23,35.19],[24.82,35.0],[23.62,35.52],[25.68,35.13]]],[[[23.12,36.35],[23.11,36.16],[22.87,36.16],[23.12,36.35]]],[[[24.36,37.71],[24.43,37.58],[24.27,37.51],[24.36,37.71]]],[[[25.22,37.71],[25.29,37.51],[25.05,37.51],[25.22,37.71]]],[[[20.93,37.9],[20.92,37.64],[20.61,37.71],[20.93,37.9]]],[[[24.77,38.03],[25.07,37.77],[24.83,37.71],[24.77,38.03]]],[[[20.57,38.42],[20.79,38.09],[20.32,38.16],[20.57,38.42]]],[[[23.56,38.74],[23.48,38.74],[23.49,38.8],[23.56,38.74]]],[[[24.67,38.93],[24.66,38.74],[24.36,38.87],[24.67,38.93]]],[[[20.15,39.58],[20.07,39.58],[20.07,39.64],[20.15,39.58]]],[[[24.81,40.81],[24.79,40.61],[24.55,40.55],[24.81,40.81]]],[[[33.04,34.55],[32.23,34.94],[34.54,35.71],[33.04,34.55]]],[[[28.14,36.03],[27.74,35.9],[27.69,36.29],[28.02,36.48],[28.14,36.03]]],[[[27.19,36.8],[26.87,36.67],[27.04,36.93],[27.19,36.8]]],[[[25.57,37.13],[25.56,37.0],[25.33,37.0],[25.57,37.13]]],[[[26.31,37.71],[26.3,37.58],[25.99,37.51],[26.31,37.71]]],[[[26.22,38.55],[26.11,38.16],[25.88,38.16],[25.82,38.48],[26.22,38.55]]],[[[25.79,39.19],[26.51,39.32],[26.64,39.0],[25.79,39.19]]],[[[25.46,40.03],[25.45,39.84],[24.97,39.84],[25.46,40.03]]],[[[26.04,40.29],[26.02,40.16],[25.7,40.1],[26.04,40.29]]],[[[32.61,45.5],[34.32,46.09],[35.43,45.3],[33.76,44.45],[33.61,45.1],[32.61,45.5]]]]}},{"type":"Feature","properties":{"n":"Tuyuhun","f":536,"t":601,"w":"Q1196201"},"geometry":{"type":"Polygon","coordinates":[[[93.35,39.38],[95.32,39.38],[96.36,38.67],[96.7,38.74],[96.76,39.45],[97.91,39.0],[99.2,39.26],[99.81,38.48],[100.41,38.61],[101.7,37.58],[102.1,37.77],[103.65,36.42],[103.21,33.39],[101.69,32.75],[101.54,34.74],[101.0,35.39],[94.51,37.13],[88.25,37.71],[81.69,37.0],[82.06,37.64],[84.33,38.8],[88.25,40.23],[92.8,41.07],[93.85,40.74],[93.28,40.16],[93.35,39.38]]]}},{"type":"Feature","properties":{"n":"(Alliance between Ostrogothic Kingdom and Visigothic Kingdom)","f":536,"t":539,"w":"Q583038"},"geometry":{"type":"MultiPolygon","coordinates":[[[[3.12,41.91],[0.7,40.94],[-0.13,40.03],[-0.31,39.13],[0.1,38.74],[-0.66,38.29],[-0.7,37.64],[-1.71,37.45],[-2.06,36.8],[-4.47,36.74],[-5.66,36.03],[-6.84,37.25],[-9.0,37.0],[-8.82,38.48],[-9.55,38.74],[-9.45,39.26],[-6.86,40.29],[-6.85,41.07],[-5.9,41.98],[-5.73,42.76],[-2.28,42.63],[-0.94,43.02],[1.49,42.63],[3.81,44.52],[4.63,44.25],[5.76,44.52],[8.16,46.28],[9.3,46.35],[10.11,48.46],[11.69,49.12],[14.26,48.26],[18.8,47.93],[19.27,47.47],[18.83,47.01],[18.78,45.89],[19.14,44.97],[19.93,44.65],[19.38,43.34],[17.86,43.41],[16.43,43.99],[14.93,45.56],[13.94,44.91],[13.54,45.3],[13.71,45.76],[12.16,45.5],[12.31,44.19],[13.67,43.41],[14.22,42.43],[13.09,42.24],[12.53,41.65],[12.37,42.24],[11.97,42.04],[11.26,42.43],[10.21,43.99],[9.16,44.45],[6.28,43.15],[4.01,43.6],[2.98,43.15],[3.12,41.91]]],[[[10.46,42.69],[10.13,42.89],[10.21,42.89],[10.46,42.69]]],[[[14.5,44.52],[14.26,44.58],[14.27,44.97],[14.5,44.52]]]]}},{"type":"Feature","properties":{"n":"Western Wei","f":536,"t":554,"w":"Q1143164"},"geometry":{"type":"Polygon","coordinates":[[[100.98,31.01],[101.69,32.75],[103.21,33.39],[103.65,36.42],[102.1,37.77],[101.7,37.58],[100.41,38.61],[99.81,38.48],[99.2,39.26],[97.91,39.0],[96.76,39.45],[96.7,38.74],[96.36,38.67],[95.32,39.38],[93.35,39.38],[93.09,39.9],[93.36,40.55],[96.93,41.07],[100.94,39.64],[104.58,39.84],[104.67,39.51],[103.61,38.74],[104.11,38.8],[103.66,37.96],[104.46,37.64],[106.41,37.45],[111.1,38.48],[111.34,38.16],[110.75,36.67],[110.83,35.97],[111.58,35.71],[110.32,33.14],[111.16,32.3],[109.58,32.56],[107.91,30.56],[104.3,28.89],[103.55,27.74],[102.85,27.67],[101.99,28.7],[101.01,28.7],[100.98,31.01]]]}},{"type":"Feature","properties":{"n":"(Brythonic Kingdoms)","f":540,"t":554,"w":"Q849967"},"geometry":{"type":"MultiPolygon","coordinates":[[[[-3.16,47.47],[-4.42,47.8],[-4.91,48.52],[-3.12,48.92],[-2.76,48.59],[-1.6,48.65],[-1.72,48.13],[-3.16,47.47]]],[[[-5.08,51.58],[-5.3,51.98],[-4.16,52.45],[-4.3,52.92],[-4.79,52.79],[-4.49,53.12],[-4.7,53.46],[-3.15,53.46],[-2.97,54.14],[-3.59,54.27],[-3.57,54.89],[-5.21,54.75],[-4.77,55.43],[-5.01,55.91],[-2.02,55.91],[-1.29,54.68],[-2.19,54.14],[-1.51,52.45],[-2.21,51.71],[-1.78,50.71],[-5.75,50.05],[-4.2,51.31],[-2.95,51.45],[-5.08,51.58]],[[-3.22,51.65],[-3.3,51.65],[-3.22,51.61],[-3.22,51.65]]]]}},{"type":"Feature","properties":{"n":"Visigothic Kingdom","f":540,"t":554,"w":"Q126936"},"geometry":{"type":"Polygon","coordinates":[[[2.98,43.15],[3.12,41.91],[0.7,40.94],[-0.35,39.71],[0.1,38.74],[-0.66,38.29],[-0.7,37.64],[-1.71,37.45],[-2.06,36.8],[-4.47,36.74],[-5.66,36.03],[-6.84,37.25],[-9.0,37.0],[-8.82,38.48],[-9.55,38.74],[-9.45,39.26],[-6.86,40.29],[-6.85,41.07],[-5.9,41.98],[-5.73,42.76],[-2.28,42.63],[-0.94,43.02],[1.49,42.63],[3.81,44.52],[4.55,44.32],[4.09,43.6],[2.98,43.15]]]}},{"type":"Feature","properties":{"n":"(Kingdom of the Franks)","f":540,"t":545,"w":"Q146246"},"geometry":{"type":"MultiPolygon","coordinates":[[[[-1.77,43.41],[-1.77,43.34],[-1.85,43.34],[-1.77,43.41]]],[[[4.64,44.19],[3.81,44.52],[1.49,42.63],[-1.77,43.34],[-1.32,43.86],[-1.05,45.69],[-1.25,46.28],[-2.84,47.6],[-1.64,48.13],[-2.03,49.78],[0.01,49.38],[0.22,49.85],[1.45,50.31],[1.66,51.05],[4.26,51.38],[4.16,51.71],[4.5,51.78],[4.73,52.32],[4.89,52.65],[5.39,52.99],[5.65,52.65],[6.25,52.79],[6.49,53.19],[7.02,52.92],[6.61,51.98],[8.34,50.71],[10.87,51.92],[11.55,51.78],[11.29,51.38],[12.3,50.65],[11.03,49.65],[11.03,48.79],[10.11,48.46],[9.39,46.48],[8.49,46.09],[8.58,45.3],[7.11,45.43],[6.63,45.1],[7.15,43.67],[5.8,43.15],[4.09,43.73],[4.64,44.19]]],[[[4.64,52.32],[4.73,52.32],[4.56,52.18],[4.64,52.32]]],[[[12.12,50.25],[12.04,50.25],[12.04,50.31],[12.12,50.25]]]]}},{"type":"Feature","properties":{"n":"Lazica","f":540,"t":545,"w":"Q136884"},"geometry":{"type":"Polygon","coordinates":[[[42.93,42.43],[42.61,41.52],[41.53,41.26],[41.84,41.65],[41.61,42.63],[39.99,43.47],[40.74,43.6],[42.5,43.15],[42.93,42.43]]]}},{"type":"Feature","properties":{"n":"Eastern Roman Empire","f":540,"t":545,"w":"Q12544"},"geometry":{"type":"MultiPolygon","coordinates":[[[[26.37,44.12],[27.75,44.19],[28.05,45.56],[29.51,45.5],[29.62,45.04],[28.8,44.97],[28.48,43.47],[27.51,42.63],[27.98,41.65],[28.96,41.13],[31.18,41.07],[32.63,41.91],[34.88,42.04],[35.95,41.72],[36.21,41.26],[38.3,40.87],[40.37,40.94],[41.84,41.65],[41.36,40.68],[41.67,40.16],[40.98,39.26],[41.13,37.58],[36.08,36.35],[38.23,34.1],[36.9,33.07],[36.32,30.89],[34.84,29.41],[34.35,27.74],[33.19,28.51],[35.85,23.88],[31.67,23.75],[30.46,23.36],[28.57,24.65],[28.15,27.35],[25.37,29.28],[21.94,30.56],[18.28,30.05],[15.18,30.89],[13.83,32.11],[11.77,32.3],[9.63,33.14],[8.85,34.74],[7.99,35.07],[7.59,36.61],[1.01,36.03],[0.68,36.35],[4.24,36.93],[8.52,36.87],[9.6,37.32],[10.23,37.25],[10.46,36.74],[11.01,37.0],[10.46,35.9],[11.08,35.58],[11.08,35.0],[10.0,34.29],[10.01,33.91],[12.23,32.81],[13.3,32.94],[15.06,32.43],[15.65,31.4],[17.85,30.95],[18.97,30.24],[20.2,30.89],[20.02,32.24],[21.88,32.94],[23.09,32.62],[23.3,32.17],[24.89,31.98],[25.25,31.46],[26.85,31.46],[28.87,30.82],[30.97,31.66],[31.88,31.46],[32.0,31.08],[34.3,31.27],[35.64,34.36],[36.05,34.55],[35.84,36.29],[36.29,36.8],[34.58,36.87],[33.98,36.29],[32.71,36.03],[31.09,36.93],[29.94,36.22],[29.24,36.22],[29.12,36.74],[28.59,36.87],[28.03,36.67],[28.07,37.13],[27.22,37.32],[27.28,38.03],[26.43,38.22],[26.38,38.67],[26.59,38.35],[27.08,38.55],[26.85,39.58],[26.13,39.51],[26.27,40.29],[29.05,40.36],[28.91,40.61],[29.49,40.87],[29.12,41.07],[27.53,41.07],[26.92,40.48],[24.35,41.0],[23.7,40.81],[23.74,40.23],[22.57,40.55],[22.61,39.9],[23.14,39.45],[22.8,39.06],[23.49,38.87],[22.94,38.74],[24.18,38.55],[23.98,37.84],[23.04,37.9],[23.4,37.32],[22.71,37.58],[23.06,36.67],[22.36,36.67],[22.22,37.06],[21.74,36.87],[21.7,37.51],[21.24,37.84],[21.74,38.35],[21.19,38.42],[20.15,39.71],[19.76,39.64],[20.01,39.97],[19.25,40.61],[19.54,41.78],[17.99,42.82],[17.51,42.76],[17.05,43.41],[15.93,43.47],[14.6,45.37],[13.78,44.91],[13.71,45.76],[13.14,45.82],[12.16,45.5],[12.31,44.19],[13.67,43.41],[14.37,42.24],[16.12,41.91],[15.94,41.39],[18.44,40.16],[18.11,39.9],[17.35,40.55],[16.62,40.29],[16.45,39.64],[17.14,39.06],[15.93,37.96],[15.39,38.16],[15.21,37.0],[14.66,36.74],[12.49,37.9],[15.86,38.29],[16.27,38.93],[15.75,40.03],[11.26,42.43],[10.13,44.06],[8.59,44.45],[7.15,43.73],[6.63,45.1],[7.11,45.43],[8.58,45.3],[8.58,45.56],[11.51,45.5],[12.9,46.22],[14.53,45.89],[16.43,43.99],[17.86,43.41],[19.38,43.34],[19.93,44.65],[22.6,43.41],[23.36,43.93],[25.52,43.67],[26.37,44.12]]],[[[-5.34,35.84],[-5.08,35.39],[-6.0,35.39],[-5.34,35.84]]],[[[14.57,35.97],[14.57,35.77],[14.34,35.84],[14.57,35.97]]],[[[23.12,36.35],[23.11,36.16],[22.87,36.16],[23.12,36.35]]],[[[24.36,37.71],[24.43,37.58],[24.27,37.51],[24.36,37.71]]],[[[20.93,37.9],[20.92,37.64],[20.61,37.71],[20.93,37.9]]],[[[20.57,38.42],[20.79,38.09],[20.32,38.16],[20.57,38.42]]],[[[23.56,38.74],[23.48,38.74],[23.49,38.8],[23.56,38.74]]],[[[24.67,38.93],[24.66,38.74],[24.36,38.87],[24.67,38.93]]],[[[1.26,39.13],[1.65,39.13],[1.66,39.0],[1.27,38.8],[1.26,39.13]]],[[[20.15,39.58],[20.07,39.58],[20.07,39.64],[20.15,39.58]]],[[[2.35,39.45],[2.34,39.64],[3.19,39.97],[3.52,39.77],[3.3,39.32],[2.35,39.45]]],[[[4.22,40.1],[4.3,39.84],[3.83,39.9],[4.22,40.1]]],[[[9.59,39.13],[8.34,39.0],[8.15,40.94],[9.5,41.2],[9.59,39.13]]],[[[9.1,41.33],[8.62,41.72],[8.53,42.5],[9.49,43.02],[9.58,41.98],[9.1,41.33]]],[[[10.46,42.89],[10.46,42.69],[10.21,42.69],[10.46,42.89]]],[[[14.51,44.91],[14.5,44.52],[14.26,44.58],[14.51,44.91]]],[[[33.04,34.55],[32.23,34.94],[34.54,35.71],[34.09,35.0],[33.04,34.55]]],[[[25.68,35.13],[26.23,35.19],[24.82,35.0],[23.62,35.52],[25.68,35.13]]],[[[28.02,36.48],[28.25,36.48],[28.14,36.03],[27.74,35.9],[28.02,36.48]]],[[[27.19,36.8],[26.87,36.67],[27.04,36.93],[27.19,36.8]]],[[[25.57,37.13],[25.56,37.0],[25.33,37.0],[25.57,37.13]]],[[[25.22,37.71],[25.29,37.51],[25.05,37.51],[25.22,37.71]]],[[[26.31,37.71],[26.3,37.58],[25.99,37.51],[26.31,37.71]]],[[[24.77,38.03],[25.07,37.77],[24.83,37.71],[24.77,38.03]]],[[[26.22,38.55],[26.11,38.16],[25.88,38.16],[26.22,38.55]]],[[[25.79,39.19],[26.04,39.38],[26.64,39.0],[25.79,39.19]]],[[[25.46,40.03],[25.45,39.84],[24.97,39.84],[25.46,40.03]]],[[[26.04,40.29],[26.02,40.16],[25.7,40.1],[26.04,40.29]]],[[[24.81,40.81],[24.79,40.61],[24.55,40.55],[24.81,40.81]]],[[[32.61,45.5],[34.32,46.09],[35.43,45.3],[33.76,44.45],[33.61,45.1],[32.61,45.5]]]]}},{"type":"Feature","properties":{"n":"Ostrogothic Kingdom","f":540,"t":545,"w":"Q583038"},"geometry":{"type":"Polygon","coordinates":[[[18.8,47.93],[19.27,47.47],[18.83,47.01],[18.78,45.89],[19.14,44.97],[19.93,44.65],[19.38,43.34],[17.86,43.41],[16.43,43.99],[14.13,46.09],[12.9,46.22],[11.51,45.5],[8.41,45.63],[8.49,46.09],[9.39,46.48],[12.83,46.61],[12.83,47.07],[13.65,47.01],[14.76,48.32],[18.8,47.93]]]}},{"type":"Feature","properties":{"n":"Kingdom of Gwent","f":540,"t":576,"w":"Q2594661"},"geometry":{"type":"Polygon","coordinates":[[[-3.32,51.78],[-2.55,51.71],[-2.95,51.51],[-3.32,51.78]]]}},{"type":"Feature","properties":{"n":"Asuka Japan","f":540,"t":704,"w":"Q210688"},"geometry":{"type":"MultiPolygon","coordinates":[[[[141.13,37.32],[140.61,36.42],[140.91,35.84],[140.41,35.19],[139.7,34.87],[139.96,35.64],[139.72,35.19],[139.21,35.26],[138.95,34.61],[138.8,35.07],[138.26,34.61],[137.22,34.55],[136.73,34.94],[136.91,34.23],[136.45,34.23],[135.81,33.39],[135.03,33.84],[135.44,34.68],[132.32,34.29],[132.19,33.84],[131.09,33.97],[131.1,33.65],[131.82,33.71],[131.64,33.33],[132.08,32.94],[131.41,31.4],[130.79,31.01],[130.14,31.27],[130.57,32.81],[129.68,32.88],[129.6,33.39],[132.69,35.52],[135.38,35.77],[135.71,35.52],[136.95,37.51],[137.37,37.58],[136.96,37.13],[137.25,36.8],[139.35,38.16],[139.87,37.84],[140.34,37.84],[141.0,38.16],[141.13,37.32]]],[[[140.3,37.9],[140.41,37.96],[140.37,37.9],[140.3,37.9]]]]}},{"type":"Feature","properties":{"n":"Ghassanids","f":540,"t":545,"w":"Q733668"},"geometry":{"type":"Polygon","coordinates":[[[40.24,31.34],[40.05,30.18],[35.68,27.42],[35.2,28.06],[34.59,28.06],[34.91,29.41],[36.32,30.89],[36.9,33.07],[39.12,34.49],[42.21,33.26],[40.24,31.34]]]}},{"type":"Feature","properties":{"n":"Kingdom of Brycheiniog","f":540,"t":946,"w":"Q954585"},"geometry":{"type":"Polygon","coordinates":[[[-3.32,51.78],[-3.76,51.92],[-3.78,52.12],[-2.93,52.12],[-3.32,51.78]]]}},{"type":"Feature","properties":{"n":"Kingdom of Gwynedd","f":540,"t":591,"w":"Q816814"},"geometry":{"type":"Polygon","coordinates":[[[-4.3,52.92],[-4.81,52.92],[-4.49,53.12],[-4.7,53.46],[-2.89,53.39],[-2.85,52.99],[-3.99,52.45],[-4.3,52.92]]]}},{"type":"Feature","properties":{"n":"Sasanian Empire","f":540,"t":545,"w":"Q1661685"},"geometry":{"type":"MultiPolygon","coordinates":[[[[51.14,25.49],[51.21,25.49],[51.21,25.42],[51.14,25.49]]],[[[50.43,25.94],[50.46,26.26],[50.69,26.26],[50.43,25.94]]],[[[47.5,41.26],[47.99,41.33],[48.28,41.98],[49.51,40.61],[50.26,40.42],[49.4,40.1],[48.8,39.0],[48.83,37.84],[51.26,36.61],[54.03,36.87],[53.99,39.0],[53.14,39.45],[53.54,39.51],[53.5,40.03],[52.72,40.1],[52.89,40.87],[57.08,40.16],[58.4,40.36],[60.63,39.51],[62.56,39.97],[64.74,38.03],[64.77,35.52],[65.14,34.74],[68.12,32.88],[66.48,28.57],[66.4,26.52],[65.8,25.36],[61.72,25.04],[57.96,25.55],[57.18,25.94],[56.71,27.16],[55.29,26.52],[55.54,26.77],[54.68,26.45],[53.66,26.71],[51.45,27.87],[50.06,30.18],[48.94,30.31],[47.85,29.41],[48.87,27.67],[50.13,26.77],[50.07,26.07],[50.65,25.1],[51.12,26.13],[51.7,25.87],[51.41,24.33],[51.91,24.01],[54.08,24.14],[56.48,26.39],[56.4,24.97],[56.79,24.33],[58.81,23.62],[59.27,22.91],[56.81,23.75],[56.09,24.84],[54.27,23.75],[51.88,23.69],[51.1,24.2],[51.32,25.87],[50.62,24.65],[49.67,25.87],[49.88,26.45],[48.55,27.48],[47.53,29.28],[47.65,29.67],[45.77,30.44],[44.81,31.34],[44.73,31.98],[43.91,32.11],[40.7,34.16],[39.12,34.49],[38.23,34.1],[36.12,36.03],[36.5,36.61],[41.13,37.58],[40.87,38.48],[41.67,40.16],[41.53,41.26],[42.61,41.52],[42.93,42.43],[42.5,43.15],[45.31,42.69],[47.5,41.26]]]]}},{"type":"Feature","properties":{"n":"Kingdom of Powys","f":540,"t":616,"w":"Q769782"},"geometry":{"type":"Polygon","coordinates":[[[-2.93,52.12],[-3.99,52.45],[-2.85,52.99],[-2.93,52.12]]]}},{"type":"Feature","properties":{"n":"Kingdom of Morgannwg","f":540,"t":946,"w":"Q13131807"},"geometry":{"type":"Polygon","coordinates":[[[-3.7,51.38],[-3.89,51.58],[-3.32,51.78],[-3.28,51.45],[-3.7,51.38]]]}},{"type":"Feature","properties":{"n":"(Alliance between Ostrogothic Kingdom and Visigothic Kingdom)","f":540,"t":545,"w":"Q583038"},"geometry":{"type":"MultiPolygon","coordinates":[[[[3.12,41.91],[0.7,40.94],[-0.35,39.71],[0.1,38.74],[-0.66,38.29],[-0.7,37.64],[-1.71,37.45],[-2.06,36.8],[-4.47,36.74],[-5.66,36.03],[-6.84,37.25],[-9.0,37.0],[-8.82,38.48],[-9.55,38.74],[-9.45,39.26],[-6.86,40.29],[-6.85,41.07],[-5.9,41.98],[-5.73,42.76],[-2.28,42.63],[-0.94,43.02],[1.49,42.63],[3.81,44.52],[4.55,44.32],[4.09,43.6],[2.98,43.15],[3.12,41.91]]],[[[18.8,47.93],[19.27,47.47],[18.83,47.01],[18.78,45.89],[19.14,44.97],[19.93,44.65],[19.38,43.34],[17.86,43.41],[16.43,43.99],[14.13,46.09],[12.9,46.22],[11.51,45.5],[8.41,45.63],[8.49,46.09],[9.39,46.48],[12.83,46.61],[12.83,47.07],[13.65,47.01],[14.76,48.32],[16.99,48.26],[17.63,47.8],[18.8,47.93]]]]}},{"type":"Feature","properties":{"n":"Dál Riata","f":540,"t":586,"w":"Q111471"},"geometry":{"type":"MultiPolygon","coordinates":[[[[-6.15,55.29],[-5.92,54.89],[-6.69,54.82],[-7.01,55.23],[-6.15,55.29]]],[[[-6.56,55.7],[-6.59,55.91],[-5.89,55.98],[-6.19,55.57],[-6.56,55.7]]],[[[-5.12,55.43],[-5.89,55.29],[-5.68,56.39],[-6.34,56.66],[-5.7,57.14],[-5.95,57.63],[-5.39,57.49],[-4.94,56.73],[-4.85,56.05],[-5.44,55.91],[-5.12,55.43]]]]}},{"type":"Feature","properties":{"n":"Kingdom of the Franks","f":540,"t":545,"w":"Q146246"},"geometry":{"type":"MultiPolygon","coordinates":[[[[-1.77,43.41],[-1.77,43.34],[-1.85,43.34],[-1.77,43.41]]],[[[4.64,44.19],[3.81,44.52],[1.49,42.63],[-1.77,43.34],[-1.32,43.86],[-1.05,45.69],[-1.25,46.28],[-2.84,47.6],[-1.64,48.13],[-2.03,49.78],[0.01,49.38],[0.22,49.85],[1.45,50.31],[1.66,51.05],[4.26,51.38],[4.16,51.71],[4.5,51.78],[4.73,52.32],[4.89,52.65],[5.39,52.99],[5.65,52.65],[6.25,52.79],[6.49,53.19],[7.02,52.92],[6.61,51.98],[8.34,50.71],[10.87,51.92],[11.55,51.78],[11.29,51.38],[12.3,50.65],[11.03,49.65],[11.03,48.79],[10.11,48.46],[9.39,46.48],[8.49,46.09],[8.58,45.3],[7.11,45.43],[6.63,45.1],[7.15,43.67],[5.8,43.15],[4.09,43.73],[4.64,44.19]]],[[[4.64,52.32],[4.73,52.32],[4.56,52.18],[4.64,52.32]]],[[[12.12,50.25],[12.04,50.25],[12.04,50.31],[12.12,50.25]]]]}},{"type":"Feature","properties":{"n":"(Allegiance of Ostrogothic Kingdom to Eastern Roman Empire)","f":540,"t":545,"w":"Q583038"},"geometry":{"type":"MultiPolygon","coordinates":[[[[26.37,44.12],[27.75,44.19],[28.05,45.56],[29.51,45.5],[29.62,45.04],[28.8,44.97],[28.48,43.47],[27.51,42.63],[27.98,41.65],[28.96,41.13],[31.18,41.07],[32.63,41.91],[34.88,42.04],[35.95,41.72],[36.21,41.26],[38.3,40.87],[40.37,40.94],[41.84,41.65],[41.36,40.68],[41.67,40.16],[40.98,39.26],[41.13,37.58],[36.08,36.35],[38.23,34.1],[36.9,33.07],[36.32,30.89],[34.84,29.41],[34.35,27.74],[33.19,28.51],[35.85,23.88],[31.67,23.75],[30.46,23.36],[28.57,24.65],[28.15,27.35],[25.37,29.28],[21.94,30.56],[18.28,30.05],[15.18,30.89],[13.83,32.11],[11.77,32.3],[9.63,33.14],[8.85,34.74],[7.99,35.07],[7.59,36.61],[1.01,36.03],[0.68,36.35],[4.24,36.93],[8.52,36.87],[9.6,37.32],[10.23,37.25],[10.46,36.74],[11.01,37.0],[10.46,35.9],[11.08,35.58],[11.08,35.0],[10.0,34.29],[10.01,33.91],[12.23,32.81],[13.3,32.94],[15.06,32.43],[15.65,31.4],[17.85,30.95],[18.97,30.24],[20.2,30.89],[20.02,32.24],[21.88,32.94],[23.09,32.62],[23.3,32.17],[24.89,31.98],[25.25,31.46],[26.85,31.46],[28.87,30.82],[30.97,31.66],[31.88,31.46],[32.0,31.08],[34.3,31.27],[35.64,34.36],[36.05,34.55],[35.84,36.29],[36.29,36.8],[34.58,36.87],[33.98,36.29],[32.71,36.03],[31.09,36.93],[29.94,36.22],[29.24,36.22],[29.12,36.74],[28.59,36.87],[28.03,36.67],[28.07,37.13],[27.22,37.32],[27.28,38.03],[26.43,38.22],[26.38,38.67],[26.59,38.35],[27.08,38.55],[26.85,39.58],[26.13,39.51],[26.27,40.29],[29.05,40.36],[28.91,40.61],[29.49,40.87],[29.12,41.07],[27.53,41.07],[26.92,40.48],[24.35,41.0],[23.7,40.81],[23.74,40.23],[22.57,40.55],[22.61,39.9],[23.14,39.45],[22.8,39.06],[23.49,38.87],[22.94,38.74],[24.18,38.55],[23.98,37.84],[23.04,37.9],[23.4,37.32],[22.71,37.58],[23.06,36.67],[22.36,36.67],[22.22,37.06],[21.74,36.87],[21.7,37.51],[21.24,37.84],[21.74,38.35],[21.19,38.42],[20.15,39.71],[19.76,39.64],[20.01,39.97],[19.25,40.61],[19.54,41.78],[17.99,42.82],[17.51,42.76],[17.05,43.41],[15.93,43.47],[14.6,45.37],[13.78,44.91],[13.71,45.76],[13.14,45.82],[12.16,45.5],[12.31,44.19],[13.67,43.41],[14.37,42.24],[16.12,41.91],[15.94,41.39],[18.44,40.16],[18.11,39.9],[17.35,40.55],[16.62,40.29],[16.45,39.64],[17.14,39.06],[15.93,37.96],[15.39,38.16],[15.21,37.0],[14.66,36.74],[12.49,37.9],[15.86,38.29],[16.27,38.93],[15.75,40.03],[11.26,42.43],[10.13,44.06],[8.59,44.45],[7.15,43.73],[6.63,45.1],[7.11,45.43],[8.58,45.3],[8.49,46.09],[9.39,46.48],[12.83,46.61],[12.83,47.07],[13.65,47.01],[14.76,48.32],[16.58,48.32],[17.63,47.8],[18.8,47.93],[19.27,47.47],[18.83,47.01],[18.78,45.89],[19.14,44.97],[20.16,44.39],[20.66,44.52],[22.6,43.41],[23.36,43.93],[25.52,43.67],[26.37,44.12]]],[[[-5.34,35.84],[-5.08,35.39],[-6.0,35.39],[-5.34,35.84]]],[[[14.57,35.97],[14.57,35.77],[14.34,35.84],[14.57,35.97]]],[[[23.12,36.35],[23.11,36.16],[22.87,36.16],[23.12,36.35]]],[[[24.36,37.71],[24.43,37.58],[24.27,37.51],[24.36,37.71]]],[[[20.93,37.9],[20.92,37.64],[20.61,37.71],[20.93,37.9]]],[[[20.57,38.42],[20.79,38.09],[20.32,38.16],[20.57,38.42]]],[[[23.48,38.74],[23.49,38.8],[23.57,38.8],[23.48,38.74]]],[[[1.65,39.13],[1.66,39.0],[1.27,38.8],[1.18,39.06],[1.65,39.13]]],[[[20.15,39.58],[20.07,39.58],[20.07,39.64],[20.15,39.58]]],[[[2.35,39.45],[2.34,39.64],[3.19,39.97],[3.52,39.77],[3.3,39.32],[2.35,39.45]]],[[[4.22,40.1],[4.3,39.84],[3.83,39.9],[4.22,40.1]]],[[[9.59,39.13],[8.34,39.0],[8.15,40.94],[9.5,41.2],[9.59,39.13]]],[[[9.1,41.33],[8.62,41.72],[8.53,42.5],[9.49,43.02],[9.58,41.98],[9.1,41.33]]],[[[10.46,42.89],[10.46,42.69],[10.21,42.69],[10.46,42.89]]],[[[14.51,44.91],[14.5,44.52],[14.26,44.58],[14.51,44.91]]],[[[33.04,34.55],[32.23,34.94],[34.54,35.71],[34.09,35.0],[33.04,34.55]]],[[[25.68,35.13],[26.23,35.19],[24.82,35.0],[23.62,35.52],[25.68,35.13]]],[[[28.02,36.48],[28.25,36.48],[28.14,36.03],[27.74,35.9],[28.02,36.48]]],[[[27.19,36.8],[26.87,36.67],[27.04,36.93],[27.19,36.8]]],[[[25.57,37.13],[25.56,37.0],[25.33,37.0],[25.57,37.13]]],[[[25.22,37.71],[25.29,37.51],[25.05,37.51],[25.22,37.71]]],[[[26.31,37.71],[26.3,37.58],[25.99,37.51],[26.31,37.71]]],[[[25.07,37.77],[24.68,37.84],[24.77,38.03],[25.07,37.77]]],[[[26.22,38.55],[26.11,38.16],[25.88,38.16],[25.82,38.48],[26.22,38.55]]],[[[24.67,38.93],[24.66,38.74],[24.36,38.87],[24.67,38.93]]],[[[25.79,39.19],[26.04,39.38],[26.64,39.0],[25.79,39.19]]],[[[25.46,40.03],[25.45,39.84],[24.97,39.84],[25.46,40.03]]],[[[26.04,40.29],[26.02,40.16],[25.7,40.1],[26.04,40.29]]],[[[24.81,40.81],[24.79,40.61],[24.55,40.55],[24.81,40.81]]],[[[32.61,45.5],[34.32,46.09],[35.43,45.3],[33.76,44.45],[33.61,45.1],[32.61,45.5]]]]}},{"type":"Feature","properties":{"n":"White Huns","f":540,"t":554,"w":"Q41761342"},"geometry":{"type":"MultiPolygon","coordinates":[[[[76.64,27.99],[76.65,28.06],[76.72,28.06],[76.64,27.99]]],[[[70.09,31.34],[70.19,31.46],[70.33,31.4],[70.09,31.34]]],[[[67.7,44.52],[69.84,43.93],[71.38,43.02],[74.3,43.34],[75.34,42.89],[79.08,42.82],[80.03,42.37],[77.8,41.52],[78.39,40.74],[78.03,38.74],[77.47,38.48],[75.98,38.74],[74.65,38.22],[74.53,37.25],[75.37,35.52],[74.95,34.81],[74.18,34.49],[73.64,34.81],[73.0,33.78],[72.14,34.04],[70.7,32.43],[69.1,31.72],[68.12,32.88],[65.14,34.74],[64.77,35.52],[64.74,38.03],[62.56,39.97],[60.63,39.51],[59.67,40.1],[56.59,40.42],[57.46,41.39],[58.26,43.47],[60.29,43.54],[61.7,45.3],[64.48,44.58],[67.7,44.52]]]]}},{"type":"Feature","properties":{"n":"Lombards","f":540,"t":545,"w":"Q130900"},"geometry":{"type":"Polygon","coordinates":[[[14.42,48.19],[13.69,48.85],[16.85,48.79],[16.91,48.26],[14.42,48.19]]]}},{"type":"Feature","properties":{"n":"Brythons","f":540,"t":554,"w":"Q849967"},"geometry":{"type":"MultiPolygon","coordinates":[[[[-3.16,47.47],[-4.42,47.8],[-4.91,48.52],[-3.12,48.92],[-2.76,48.59],[-1.6,48.65],[-1.65,48.19],[-3.16,47.47]]],[[[-5.3,51.98],[-3.72,52.32],[-3.64,51.65],[-5.08,51.58],[-5.3,51.98]]],[[[-1.36,54.55],[-2.19,54.14],[-1.51,52.45],[-2.21,51.71],[-1.78,50.71],[-5.75,50.05],[-4.2,51.31],[-3.09,51.25],[-2.55,51.71],[-2.91,51.98],[-2.97,54.14],[-3.59,54.27],[-3.57,54.89],[-5.21,54.75],[-4.77,55.43],[-5.01,55.91],[-2.66,56.11],[-1.73,55.7],[-1.36,54.55]]]]}},{"type":"Feature","properties":{"n":"(Merovingian Empire)","f":540,"t":545,"w":"Q146246"},"geometry":{"type":"MultiPolygon","coordinates":[[[[-1.77,43.41],[-1.77,43.34],[-1.85,43.34],[-1.77,43.41]]],[[[4.64,44.19],[3.81,44.52],[1.49,42.63],[-1.77,43.34],[-1.32,43.86],[-1.05,45.69],[-1.25,46.28],[-2.84,47.6],[-1.64,48.13],[-2.03,49.78],[0.01,49.38],[0.22,49.85],[1.45,50.31],[1.66,51.05],[4.26,51.38],[4.16,51.71],[4.5,51.78],[4.73,52.32],[4.89,52.65],[5.39,52.99],[5.65,52.65],[6.25,52.79],[6.49,53.19],[7.02,52.92],[6.61,51.98],[8.34,50.71],[10.87,51.92],[11.55,51.78],[11.29,51.38],[12.3,50.65],[11.03,49.65],[11.03,48.79],[10.11,48.46],[9.39,46.48],[8.49,46.09],[8.58,45.3],[7.11,45.43],[6.63,45.1],[7.15,43.67],[5.8,43.15],[4.09,43.73],[4.64,44.19]]],[[[4.64,52.32],[4.73,52.32],[4.56,52.18],[4.64,52.32]]],[[[12.12,50.25],[12.04,50.25],[12.04,50.31],[12.12,50.25]]]]}},{"type":"Feature","properties":{"n":"Bavarians","f":540,"t":545,"w":"Q13048507"},"geometry":{"type":"Polygon","coordinates":[[[10.11,48.46],[11.69,49.12],[13.68,48.59],[14.58,47.93],[13.75,47.47],[13.65,47.01],[12.83,47.07],[12.83,46.61],[10.04,46.61],[10.04,46.28],[9.38,46.68],[10.11,48.46]]]}},{"type":"Feature","properties":{"n":"Eastern Roman Empire","f":546,"t":554,"w":"Q12544"},"geometry":{"type":"MultiPolygon","coordinates":[[[[26.37,44.12],[27.75,44.19],[28.05,45.56],[29.51,45.5],[29.62,45.04],[28.8,44.97],[28.48,43.47],[27.51,42.63],[27.98,41.65],[28.96,41.13],[31.18,41.07],[32.63,41.91],[34.88,42.04],[35.95,41.72],[36.21,41.26],[38.3,40.87],[40.37,40.94],[41.84,41.65],[41.36,40.68],[41.67,40.16],[40.87,38.48],[41.68,36.42],[41.09,36.03],[41.11,35.0],[40.1,34.29],[39.12,34.49],[37.07,33.26],[36.32,30.89],[34.84,29.41],[34.35,27.74],[33.19,28.51],[35.85,23.88],[31.67,23.75],[30.46,23.36],[28.57,24.65],[28.15,27.35],[25.37,29.28],[21.94,30.56],[18.28,30.05],[15.18,30.89],[13.83,32.11],[11.77,32.3],[9.63,33.14],[8.85,34.74],[7.99,35.07],[7.59,36.61],[1.01,36.03],[0.68,36.35],[4.24,36.93],[8.52,36.87],[9.6,37.32],[10.23,37.25],[10.46,36.74],[11.01,37.0],[10.46,35.9],[11.08,35.58],[11.08,35.0],[10.0,34.29],[10.01,33.91],[12.23,32.81],[13.3,32.94],[15.06,32.43],[15.65,31.4],[17.85,30.95],[18.97,30.24],[20.2,30.89],[20.02,32.24],[21.88,32.94],[23.09,32.62],[23.3,32.17],[24.89,31.98],[25.25,31.46],[26.85,31.46],[28.87,30.82],[30.97,31.66],[31.88,31.46],[32.0,31.08],[34.3,31.27],[35.64,34.36],[36.05,34.55],[35.84,36.29],[36.29,36.8],[34.58,36.87],[33.98,36.29],[32.71,36.03],[31.09,36.93],[29.94,36.22],[29.24,36.22],[29.12,36.74],[28.59,36.87],[28.03,36.67],[28.07,37.13],[27.22,37.32],[27.28,38.03],[26.43,38.22],[26.38,38.67],[26.59,38.35],[27.08,38.55],[26.85,39.58],[26.13,39.51],[26.27,40.29],[29.05,40.36],[28.91,40.61],[29.49,40.87],[29.12,41.07],[27.53,41.07],[26.92,40.48],[24.35,41.0],[23.7,40.81],[23.74,40.23],[22.57,40.55],[22.61,39.9],[23.14,39.45],[22.8,39.06],[23.49,38.87],[22.94,38.74],[24.18,38.55],[23.98,37.84],[23.04,37.9],[23.4,37.32],[22.71,37.58],[23.06,36.67],[22.36,36.67],[22.22,37.06],[21.74,36.87],[21.7,37.51],[21.24,37.84],[21.74,38.35],[21.19,38.42],[20.15,39.71],[19.76,39.64],[20.01,39.97],[19.25,40.61],[19.54,41.78],[17.99,42.82],[17.51,42.76],[17.05,43.41],[15.37,43.86],[14.6,45.37],[13.78,44.91],[13.71,45.76],[12.16,45.5],[12.15,44.45],[13.67,43.41],[14.37,42.24],[16.12,41.91],[15.87,41.46],[12.85,42.04],[12.06,42.82],[11.26,42.43],[10.21,43.99],[9.16,44.45],[7.15,43.73],[6.63,45.1],[7.11,45.43],[8.58,45.3],[8.58,45.56],[11.51,45.5],[13.23,46.15],[14.53,45.89],[16.43,43.99],[17.86,43.41],[19.38,43.34],[19.93,44.65],[22.6,43.41],[23.36,43.93],[25.52,43.67],[26.37,44.12]]],[[[-5.34,35.84],[-5.08,35.39],[-6.0,35.39],[-5.34,35.84]]],[[[14.57,35.97],[14.57,35.77],[14.34,35.84],[14.57,35.97]]],[[[23.12,36.35],[23.11,36.16],[22.87,36.16],[23.12,36.35]]],[[[24.36,37.71],[24.43,37.58],[24.27,37.51],[24.36,37.71]]],[[[20.93,37.9],[20.92,37.64],[20.61,37.71],[20.93,37.9]]],[[[20.57,38.42],[20.79,38.09],[20.32,38.16],[20.57,38.42]]],[[[23.48,38.74],[23.49,38.8],[23.57,38.8],[23.48,38.74]]],[[[15.93,37.96],[15.39,38.16],[15.05,36.74],[12.49,37.71],[12.65,38.09],[14.6,38.03],[15.86,38.29],[16.27,38.74],[15.75,40.03],[14.42,40.81],[16.71,40.61],[16.45,39.64],[17.14,39.06],[15.93,37.96]]],[[[1.26,39.13],[1.65,39.13],[1.66,39.0],[1.27,38.8],[1.26,39.13]]],[[[20.15,39.58],[20.07,39.58],[20.07,39.64],[20.15,39.58]]],[[[2.35,39.45],[2.34,39.64],[3.19,39.97],[3.52,39.77],[3.3,39.32],[2.35,39.45]]],[[[4.22,40.1],[4.3,39.84],[3.83,39.9],[4.22,40.1]]],[[[9.59,39.13],[8.34,39.0],[8.15,40.94],[9.5,41.2],[9.59,39.13]]],[[[16.78,40.36],[16.86,40.36],[16.86,40.29],[16.78,40.36]]],[[[9.1,41.33],[8.62,41.72],[8.53,42.5],[9.49,43.02],[9.58,41.98],[9.1,41.33]]],[[[10.46,42.89],[10.46,42.69],[10.21,42.69],[10.46,42.89]]],[[[14.51,44.91],[14.5,44.52],[14.26,44.58],[14.51,44.91]]],[[[33.04,34.55],[32.23,34.94],[34.54,35.71],[34.09,35.0],[33.04,34.55]]],[[[25.68,35.13],[26.23,35.19],[24.82,35.0],[23.62,35.52],[25.68,35.13]]],[[[28.02,36.48],[28.25,36.48],[28.14,36.03],[27.74,35.9],[28.02,36.48]]],[[[27.19,36.8],[26.87,36.67],[27.04,36.93],[27.19,36.8]]],[[[25.57,37.13],[25.56,37.0],[25.33,37.0],[25.57,37.13]]],[[[25.22,37.71],[25.29,37.51],[25.05,37.51],[25.22,37.71]]],[[[26.31,37.71],[26.3,37.58],[25.99,37.51],[26.31,37.71]]],[[[25.07,37.77],[24.68,37.84],[24.77,38.03],[25.07,37.77]]],[[[26.22,38.55],[26.11,38.16],[25.88,38.16],[25.82,38.48],[26.22,38.55]]],[[[24.67,38.93],[24.66,38.74],[24.36,38.87],[24.67,38.93]]],[[[25.79,39.19],[26.04,39.38],[26.64,39.0],[25.79,39.19]]],[[[25.46,40.03],[25.45,39.84],[24.97,39.84],[25.46,40.03]]],[[[26.04,40.29],[26.02,40.16],[25.7,40.1],[26.04,40.29]]],[[[24.81,40.81],[24.79,40.61],[24.55,40.55],[24.81,40.81]]],[[[32.61,45.5],[34.32,46.09],[35.43,45.3],[33.76,44.45],[33.61,45.1],[32.61,45.5]]]]}},{"type":"Feature","properties":{"n":"Ostrogothic Kingdom","f":546,"t":554,"w":"Q583038"},"geometry":{"type":"MultiPolygon","coordinates":[[[[15.95,41.46],[18.44,40.1],[18.11,39.9],[17.35,40.55],[14.1,40.87],[11.57,42.37],[12.06,42.82],[12.85,42.04],[15.95,41.46]]],[[[11.49,42.3],[11.49,42.37],[11.57,42.37],[11.49,42.3]]],[[[11.51,45.5],[8.41,45.63],[8.49,46.09],[9.39,46.48],[11.52,46.41],[12.83,46.61],[12.83,47.07],[13.65,47.01],[13.97,46.09],[12.74,46.15],[11.51,45.5]]]]}},{"type":"Feature","properties":{"n":"Kadamba Empire","f":546,"t":554,"w":"Q1479952"},"geometry":{"type":"Polygon","coordinates":[[[73.67,17.9],[74.5,18.8],[75.82,18.72],[77.06,17.85],[77.5,17.03],[77.76,13.35],[76.94,12.76],[76.01,12.88],[74.74,14.32],[73.67,17.9]]]}},{"type":"Feature","properties":{"n":"Liang Dynasty","f":546,"t":554,"w":"Q783489"},"geometry":{"type":"MultiPolygon","coordinates":[[[[108.76,18.41],[108.7,19.38],[109.25,19.96],[110.91,20.15],[111.03,19.57],[110.18,18.48],[108.76,18.41]]],[[[120.92,32.62],[121.99,31.85],[120.92,31.85],[122.0,31.08],[120.68,30.18],[121.48,30.31],[122.03,29.92],[121.94,29.22],[121.59,29.54],[121.65,28.32],[121.12,28.32],[119.59,26.13],[119.53,25.62],[119.87,25.49],[119.27,25.49],[118.76,24.59],[118.15,24.52],[116.54,22.91],[114.64,22.72],[114.37,22.08],[113.6,22.72],[113.64,22.14],[110.42,21.18],[110.49,20.28],[109.88,20.21],[109.81,21.5],[107.59,21.56],[106.71,22.08],[106.71,22.91],[102.99,23.36],[101.81,24.26],[100.99,28.64],[101.99,28.7],[102.85,27.67],[103.55,27.74],[104.3,28.89],[107.91,30.56],[109.58,32.56],[111.16,32.3],[114.08,33.14],[116.86,33.39],[119.23,34.81],[120.34,34.36],[120.92,32.62]]],[[[122.28,29.99],[121.98,29.99],[122.05,30.18],[122.28,29.99]]]]}},{"type":"Feature","properties":{"n":"Kingdom of Lindsey","f":546,"t":554,"w":"Q886986"},"geometry":{"type":"Polygon","coordinates":[[[-0.68,53.73],[-0.25,53.73],[0.32,53.12],[0.08,52.92],[-0.73,53.33],[-0.68,53.73]]]}},{"type":"Feature","properties":{"n":"Chámpa","f":546,"t":554,"w":"Q216786"},"geometry":{"type":"Polygon","coordinates":[[[108.02,15.01],[107.22,15.65],[107.5,16.04],[106.75,16.42],[105.87,17.9],[106.59,17.77],[109.02,15.33],[109.51,12.95],[109.05,11.47],[108.08,11.92],[108.02,15.01]]]}},{"type":"Feature","properties":{"n":"(Anglo-Saxon England)","f":546,"t":554,"w":"Q784963"},"geometry":{"type":"Polygon","coordinates":[[[-1.78,50.71],[-2.17,51.31],[-2.14,51.92],[-1.49,52.25],[-2.19,54.14],[-1.2,54.68],[-0.39,54.41],[0.0,53.8],[-0.82,53.39],[0.17,52.86],[1.62,52.86],[1.74,52.38],[0.86,51.51],[0.02,51.5],[1.39,51.18],[-1.78,50.71]]]}},{"type":"Feature","properties":{"n":"(Kingdom of the Franks)","f":546,"t":554,"w":"Q146246"},"geometry":{"type":"MultiPolygon","coordinates":[[[[-1.77,43.41],[-1.77,43.34],[-1.85,43.34],[-1.77,43.41]]],[[[4.64,44.19],[3.81,44.52],[1.49,42.63],[-1.77,43.34],[-1.32,43.86],[-1.05,45.69],[-1.25,46.28],[-2.84,47.6],[-1.64,48.13],[-2.03,49.78],[0.01,49.38],[0.22,49.85],[1.45,50.31],[1.66,51.05],[4.26,51.38],[4.16,51.71],[4.5,51.78],[4.73,52.32],[4.89,52.65],[5.39,52.99],[5.65,52.65],[6.25,52.79],[6.49,53.19],[7.02,52.92],[6.61,51.98],[8.34,50.71],[10.87,51.92],[11.55,51.78],[11.29,51.38],[12.3,50.65],[11.03,49.65],[11.03,48.79],[10.11,48.46],[9.39,46.48],[8.49,46.09],[8.58,45.3],[7.11,45.43],[6.63,45.1],[7.15,43.67],[5.8,43.15],[4.18,43.47],[4.64,44.19]]],[[[4.73,52.32],[4.56,52.18],[4.56,52.32],[4.73,52.32]]],[[[12.12,50.25],[12.04,50.25],[12.04,50.31],[12.12,50.25]]]]}},{"type":"Feature","properties":{"n":"Ghassanids","f":546,"t":601,"w":"Q733668"},"geometry":{"type":"Polygon","coordinates":[[[40.24,31.34],[40.05,30.18],[35.68,27.42],[35.2,28.06],[34.59,28.06],[34.91,29.41],[36.32,30.89],[37.07,33.26],[39.12,34.49],[42.21,33.26],[40.24,31.34]]]}},{"type":"Feature","properties":{"n":"Early Lý Dynasty","f":546,"t":560,"w":"Q2441129"},"geometry":{"type":"Polygon","coordinates":[[[106.06,19.96],[105.73,18.86],[106.52,17.77],[105.71,17.77],[105.04,18.67],[104.98,20.15],[104.44,20.47],[105.1,20.86],[105.12,23.17],[106.71,22.91],[106.71,22.08],[108.1,21.5],[106.06,19.96]]]}},{"type":"Feature","properties":{"n":"(Alliance between Gupta Empire and Vakataka Kingdom)","f":546,"t":554,"w":"Q11774"},"geometry":{"type":"Polygon","coordinates":[[[77.06,17.85],[75.82,18.72],[74.5,18.8],[73.67,17.9],[73.83,17.0],[73.28,16.9],[72.67,21.24],[74.03,21.65],[74.17,24.21],[75.21,24.5],[74.61,24.65],[74.76,25.23],[77.05,26.9],[76.13,29.67],[76.3,30.5],[77.73,31.79],[78.84,31.66],[80.92,30.44],[80.1,28.77],[81.19,28.19],[83.29,27.35],[84.43,27.42],[85.27,26.71],[88.55,26.58],[89.88,26.07],[90.34,24.46],[89.56,21.76],[88.73,21.63],[88.64,22.08],[88.35,21.56],[88.1,21.95],[87.07,21.44],[86.84,20.28],[86.11,19.76],[85.37,19.83],[84.47,18.54],[83.11,18.93],[81.54,20.4],[81.12,20.23],[80.56,19.8],[80.52,18.76],[81.83,17.54],[80.98,15.76],[80.38,15.79],[80.12,15.35],[79.23,15.92],[78.56,15.87],[78.39,15.29],[77.5,15.51],[77.06,17.85]]]}},{"type":"Feature","properties":{"n":"Kingdom of Deira","f":546,"t":554,"w":"Q506008"},"geometry":{"type":"Polygon","coordinates":[[[-1.33,53.33],[-2.13,53.53],[-2.19,54.14],[-0.67,54.61],[0.0,53.8],[-1.33,53.33]]]}},{"type":"Feature","properties":{"n":"Kingdom of the Gepids","f":546,"t":554,"w":"Q201706"},"geometry":{"type":"MultiPolygon","coordinates":[[[[23.52,44.97],[23.61,44.97],[23.6,44.91],[23.52,44.97]]],[[[24.35,47.14],[24.92,46.15],[24.59,46.02],[24.47,45.56],[23.79,45.24],[23.35,44.84],[23.36,43.93],[22.85,43.47],[19.14,44.97],[18.83,47.01],[19.69,47.66],[20.54,47.99],[24.35,47.14]]],[[[24.58,45.89],[24.66,45.89],[24.65,45.82],[24.58,45.89]]]]}},{"type":"Feature","properties":{"n":"Sasanian Empire","f":546,"t":554,"w":"Q1661685"},"geometry":{"type":"MultiPolygon","coordinates":[[[[51.14,25.49],[51.21,25.49],[51.21,25.42],[51.14,25.49]]],[[[50.46,26.26],[50.69,26.26],[50.65,25.87],[50.46,26.26]]],[[[45.68,42.56],[45.68,42.17],[47.5,41.26],[47.99,41.33],[48.28,41.98],[49.51,40.61],[50.19,40.48],[49.51,40.23],[48.8,39.0],[48.83,37.84],[51.26,36.61],[54.03,36.87],[53.99,39.0],[53.14,39.45],[53.54,39.51],[53.5,40.03],[52.72,40.1],[52.89,40.87],[57.08,40.16],[58.4,40.36],[60.63,39.51],[62.56,39.97],[64.74,38.03],[64.77,35.52],[65.14,34.74],[68.12,32.88],[66.48,28.57],[66.4,26.52],[65.8,25.36],[61.72,25.04],[57.96,25.55],[57.18,25.94],[56.71,27.16],[55.29,26.52],[55.54,26.77],[54.68,26.45],[53.66,26.71],[51.45,27.87],[50.06,30.18],[48.94,30.31],[47.85,29.41],[48.87,27.67],[50.13,26.77],[50.07,26.07],[50.65,25.1],[51.12,26.13],[51.7,25.87],[51.41,24.33],[51.91,24.01],[54.08,24.14],[56.48,26.39],[56.4,24.97],[56.79,24.33],[58.81,23.62],[59.27,22.91],[56.81,23.75],[56.09,24.84],[54.27,23.75],[51.88,23.69],[51.17,24.07],[51.32,25.87],[50.62,24.65],[49.67,25.87],[49.88,26.45],[48.55,27.48],[47.53,29.28],[47.65,29.67],[45.77,30.44],[44.81,31.34],[44.73,31.98],[43.91,32.11],[40.1,34.29],[41.11,35.0],[41.09,36.03],[41.66,36.29],[40.87,38.48],[41.67,40.16],[41.36,40.68],[41.84,41.65],[41.61,42.63],[39.99,43.47],[42.53,43.28],[43.78,42.69],[45.68,42.56]]]]}},{"type":"Feature","properties":{"n":"Gupta Empire","f":546,"t":554,"w":"Q11774"},"geometry":{"type":"Polygon","coordinates":[[[74.61,24.65],[74.76,25.23],[77.05,26.9],[76.13,29.67],[76.3,30.5],[78.04,31.79],[81.04,30.31],[80.1,28.77],[83.29,27.35],[84.43,27.42],[85.27,26.71],[88.99,26.52],[89.88,26.07],[90.34,24.46],[89.56,21.76],[88.73,21.63],[88.64,22.08],[88.35,21.56],[88.1,21.95],[87.07,21.44],[86.84,20.28],[86.11,19.76],[85.37,19.83],[84.47,18.54],[83.11,18.93],[81.52,20.39],[83.1,20.8],[83.77,21.95],[82.95,23.03],[82.11,23.22],[80.88,22.21],[79.54,23.41],[78.8,23.35],[76.5,24.58],[74.61,24.65]]]}},{"type":"Feature","properties":{"n":"(Alliance between Ostrogothic Kingdom and Visigothic Kingdom)","f":546,"t":554,"w":"Q583038"},"geometry":{"type":"MultiPolygon","coordinates":[[[[3.12,41.91],[0.7,40.94],[-0.13,40.03],[-0.31,39.13],[0.1,38.74],[-0.66,38.29],[-0.7,37.64],[-1.71,37.45],[-2.06,36.8],[-4.47,36.74],[-5.66,36.03],[-6.84,37.25],[-9.0,37.0],[-8.82,38.48],[-9.55,38.74],[-9.45,39.26],[-6.86,40.29],[-6.85,41.07],[-5.9,41.98],[-5.73,42.76],[-2.28,42.63],[-0.94,43.02],[1.49,42.63],[3.81,44.52],[4.55,44.32],[4.09,43.6],[2.98,43.15],[3.12,41.91]]],[[[15.95,41.46],[18.44,40.1],[18.11,39.9],[17.35,40.55],[14.1,40.87],[11.57,42.37],[12.06,42.82],[12.85,42.04],[15.95,41.46]]],[[[11.49,42.3],[11.49,42.37],[11.57,42.37],[11.49,42.3]]],[[[11.51,45.5],[8.41,45.63],[8.49,46.09],[9.39,46.48],[11.52,46.41],[12.83,46.61],[12.83,47.07],[13.65,47.01],[13.97,46.09],[12.74,46.15],[11.51,45.5]]]]}},{"type":"Feature","properties":{"n":"Bavarians","f":546,"t":554,"w":"Q13048507"},"geometry":{"type":"Polygon","coordinates":[[[14.58,47.8],[13.75,47.47],[13.65,47.01],[12.83,47.07],[12.83,46.61],[9.39,46.48],[10.11,48.46],[11.69,49.12],[14.18,48.32],[14.58,47.8]]]}},{"type":"Feature","properties":{"n":"(Merovingian Empire)","f":546,"t":554,"w":"Q146246"},"geometry":{"type":"MultiPolygon","coordinates":[[[[-1.77,43.41],[-1.77,43.34],[-1.85,43.34],[-1.77,43.41]]],[[[4.64,44.19],[3.81,44.52],[1.49,42.63],[-1.77,43.34],[-1.32,43.86],[-1.05,45.69],[-1.25,46.28],[-2.84,47.6],[-1.64,48.13],[-2.03,49.78],[0.01,49.38],[0.22,49.85],[1.45,50.31],[1.66,51.05],[4.26,51.38],[4.16,51.71],[4.5,51.78],[4.73,52.32],[4.89,52.65],[5.39,52.99],[5.65,52.65],[6.25,52.79],[6.49,53.19],[7.02,52.92],[6.61,51.98],[8.34,50.71],[10.87,51.92],[11.55,51.78],[11.29,51.38],[12.3,50.65],[11.03,49.65],[11.03,48.79],[10.11,48.46],[9.39,46.48],[8.49,46.09],[8.58,45.3],[7.11,45.43],[6.63,45.1],[7.15,43.67],[5.8,43.15],[4.18,43.47],[4.64,44.19]]],[[[4.73,52.32],[4.56,52.18],[4.56,52.32],[4.73,52.32]]],[[[12.12,50.25],[12.04,50.25],[12.04,50.31],[12.12,50.25]]]]}},{"type":"Feature","properties":{"n":"Funan","f":546,"t":637,"w":"Q867782"},"geometry":{"type":"Polygon","coordinates":[[[109.05,11.41],[107.34,10.38],[107.0,10.7],[106.6,9.54],[104.77,8.51],[105.03,9.99],[104.16,10.56],[104.01,9.87],[103.53,10.48],[103.6,11.09],[103.06,10.83],[102.87,11.86],[102.22,11.99],[101.68,13.08],[101.87,14.04],[106.3,13.08],[108.24,13.34],[108.14,11.79],[109.05,11.41]]]}},{"type":"Feature","properties":{"n":"Eastern Wei","f":546,"t":554,"w":"Q307069"},"geometry":{"type":"Polygon","coordinates":[[[117.78,39.13],[117.6,38.48],[119.46,37.96],[119.16,37.19],[120.75,37.9],[122.71,37.45],[122.39,36.8],[120.98,36.61],[118.8,34.36],[116.86,33.39],[114.08,33.14],[111.16,32.3],[110.32,33.14],[111.58,35.71],[110.83,35.97],[110.8,37.32],[111.34,38.16],[111.04,38.35],[112.58,39.58],[115.08,39.84],[117.48,41.33],[121.22,41.33],[122.61,41.78],[121.82,40.87],[118.99,39.19],[117.78,39.13]]]}},{"type":"Feature","properties":{"n":"Vakataka Kingdom","f":546,"t":554,"w":"Q1501306"},"geometry":{"type":"Polygon","coordinates":[[[77.5,17.03],[77.06,17.85],[75.82,18.72],[74.5,18.8],[73.67,17.9],[73.83,17.0],[73.28,16.9],[72.67,21.24],[74.03,21.65],[74.27,24.33],[76.5,24.58],[78.8,23.35],[79.54,23.41],[80.88,22.21],[82.11,23.22],[83.76,22.31],[83.1,20.8],[80.56,19.8],[80.52,18.76],[81.83,17.54],[80.98,15.76],[80.38,15.79],[80.12,15.35],[79.23,15.92],[78.56,15.87],[78.39,15.29],[77.5,15.51],[77.5,17.03]]]}},{"type":"Feature","properties":{"n":"Kingdom of the Franks","f":546,"t":554,"w":"Q146246"},"geometry":{"type":"MultiPolygon","coordinates":[[[[-1.77,43.41],[-1.77,43.34],[-1.85,43.34],[-1.77,43.41]]],[[[4.64,44.19],[3.81,44.52],[1.49,42.63],[-1.77,43.34],[-1.32,43.86],[-1.05,45.69],[-1.25,46.28],[-2.84,47.6],[-1.64,48.13],[-2.03,49.78],[0.01,49.38],[0.22,49.85],[1.45,50.31],[1.66,51.05],[4.26,51.38],[4.16,51.71],[4.5,51.78],[4.73,52.32],[4.89,52.65],[5.39,52.99],[5.65,52.65],[6.25,52.79],[6.49,53.19],[7.02,52.92],[6.61,51.98],[8.34,50.71],[10.87,51.92],[11.55,51.78],[11.29,51.38],[12.3,50.65],[11.03,49.65],[11.03,48.79],[10.11,48.46],[9.39,46.48],[8.49,46.09],[8.58,45.3],[7.11,45.43],[6.63,45.1],[7.15,43.67],[5.8,43.15],[4.18,43.47],[4.64,44.19]]],[[[4.73,52.32],[4.56,52.18],[4.56,52.32],[4.73,52.32]]],[[[12.12,50.25],[12.04,50.25],[12.04,50.31],[12.12,50.25]]]]}},{"type":"Feature","properties":{"n":"(Allegiance of Ostrogothic Kingdom to Eastern Roman Empire)","f":546,"t":554,"w":"Q583038"},"geometry":{"type":"MultiPolygon","coordinates":[[[[26.37,44.12],[27.75,44.19],[28.05,45.56],[29.51,45.5],[29.62,45.04],[28.8,44.97],[28.48,43.47],[27.51,42.63],[27.98,41.65],[28.96,41.13],[31.18,41.07],[32.63,41.91],[34.88,42.04],[35.95,41.72],[36.21,41.26],[38.3,40.87],[40.37,40.94],[41.84,41.65],[41.36,40.68],[41.67,40.16],[40.87,38.48],[41.68,36.42],[41.09,36.03],[41.11,35.0],[40.1,34.29],[39.12,34.49],[37.07,33.26],[36.32,30.89],[34.84,29.41],[34.35,27.74],[33.19,28.51],[35.85,23.88],[31.67,23.75],[30.46,23.36],[28.57,24.65],[28.15,27.35],[25.37,29.28],[21.94,30.56],[18.28,30.05],[15.18,30.89],[13.83,32.11],[11.77,32.3],[9.63,33.14],[8.85,34.74],[7.99,35.07],[7.59,36.61],[1.01,36.03],[0.68,36.35],[4.24,36.93],[8.52,36.87],[9.6,37.32],[10.23,37.25],[10.46,36.74],[11.01,37.0],[10.46,35.9],[11.08,35.58],[11.08,35.0],[10.0,34.29],[10.01,33.91],[12.23,32.81],[13.3,32.94],[15.06,32.43],[15.65,31.4],[17.85,30.95],[18.97,30.24],[20.2,30.89],[20.02,32.24],[21.88,32.94],[23.09,32.62],[23.3,32.17],[24.89,31.98],[25.25,31.46],[26.85,31.46],[28.87,30.82],[30.97,31.66],[31.88,31.46],[32.0,31.08],[34.3,31.27],[35.64,34.36],[36.05,34.55],[35.84,36.29],[36.29,36.8],[34.58,36.87],[33.98,36.29],[32.71,36.03],[31.09,36.93],[29.94,36.22],[29.24,36.22],[29.12,36.74],[28.59,36.87],[28.03,36.67],[28.07,37.13],[27.22,37.32],[27.28,38.03],[26.43,38.22],[26.38,38.67],[26.59,38.35],[27.08,38.55],[26.85,39.58],[26.13,39.51],[26.27,40.29],[29.05,40.36],[28.91,40.61],[29.49,40.87],[29.12,41.07],[27.53,41.07],[26.92,40.48],[24.35,41.0],[23.7,40.81],[23.74,40.23],[22.57,40.55],[22.61,39.9],[23.14,39.45],[22.8,39.06],[23.49,38.87],[22.94,38.74],[24.18,38.55],[23.98,37.84],[23.04,37.9],[23.4,37.32],[22.71,37.58],[23.06,36.67],[22.36,36.67],[22.22,37.06],[21.74,36.87],[21.7,37.51],[21.24,37.84],[21.74,38.35],[21.19,38.42],[20.15,39.71],[19.76,39.64],[20.01,39.97],[19.25,40.61],[19.54,41.78],[17.99,42.82],[17.51,42.76],[17.05,43.41],[15.93,43.47],[14.6,45.37],[13.78,44.91],[13.71,45.76],[13.14,45.82],[12.16,45.5],[12.31,44.19],[13.67,43.41],[14.37,42.24],[16.12,41.91],[15.87,41.46],[18.44,40.1],[18.11,39.9],[17.35,40.55],[16.62,40.29],[16.45,39.64],[17.14,39.06],[15.93,37.96],[15.39,38.16],[15.21,37.0],[14.66,36.74],[12.49,37.9],[15.86,38.29],[16.27,38.74],[15.75,40.03],[11.26,42.43],[9.97,44.12],[8.59,44.45],[7.15,43.73],[6.63,45.1],[7.11,45.43],[8.58,45.3],[8.49,46.09],[9.39,46.48],[12.83,46.61],[12.83,47.07],[13.65,47.01],[13.97,46.09],[16.43,43.99],[17.86,43.41],[19.38,43.34],[19.93,44.65],[22.6,43.41],[23.36,43.93],[25.52,43.67],[26.37,44.12]]],[[[-5.34,35.84],[-5.08,35.39],[-6.0,35.39],[-5.34,35.84]]],[[[14.57,35.97],[14.57,35.77],[14.34,35.84],[14.57,35.97]]],[[[23.12,36.35],[23.11,36.16],[22.87,36.16],[23.12,36.35]]],[[[20.93,37.9],[20.92,37.64],[20.61,37.71],[20.93,37.9]]],[[[20.57,38.42],[20.79,38.09],[20.32,38.16],[20.57,38.42]]],[[[23.56,38.74],[23.48,38.74],[23.49,38.8],[23.56,38.74]]],[[[1.65,39.13],[1.66,39.0],[1.27,38.8],[1.18,39.06],[1.65,39.13]]],[[[20.15,39.58],[20.07,39.58],[20.07,39.64],[20.15,39.58]]],[[[2.35,39.45],[2.34,39.64],[3.19,39.97],[3.52,39.77],[3.3,39.32],[2.35,39.45]]],[[[4.22,40.1],[4.3,39.84],[3.83,39.9],[4.22,40.1]]],[[[9.59,39.13],[8.34,39.0],[8.15,40.94],[9.5,41.2],[9.59,39.13]]],[[[9.1,41.33],[8.62,41.72],[8.53,42.5],[9.49,43.02],[9.58,41.98],[9.1,41.33]]],[[[10.46,42.89],[10.46,42.69],[10.21,42.69],[10.46,42.89]]],[[[14.51,44.91],[14.5,44.52],[14.26,44.58],[14.51,44.91]]],[[[33.04,34.55],[32.23,34.94],[34.54,35.71],[34.09,35.0],[33.04,34.55]]],[[[25.68,35.13],[26.23,35.19],[24.82,35.0],[23.62,35.52],[25.68,35.13]]],[[[28.14,36.03],[27.74,35.9],[27.69,36.29],[28.02,36.48],[28.14,36.03]]],[[[26.87,36.67],[27.04,36.93],[27.19,36.8],[26.87,36.67]]],[[[25.57,37.13],[25.56,37.0],[25.33,37.0],[25.57,37.13]]],[[[24.36,37.71],[24.43,37.58],[24.27,37.51],[24.36,37.71]]],[[[25.22,37.71],[25.29,37.51],[25.05,37.51],[25.22,37.71]]],[[[26.3,37.58],[25.99,37.51],[26.08,37.71],[26.3,37.58]]],[[[25.07,37.77],[24.68,37.84],[24.77,38.03],[25.07,37.77]]],[[[26.22,38.55],[26.11,38.16],[25.88,38.16],[26.22,38.55]]],[[[24.67,38.93],[24.66,38.74],[24.36,38.87],[24.67,38.93]]],[[[25.79,39.19],[26.04,39.38],[26.64,39.0],[25.79,39.19]]],[[[25.46,40.03],[25.45,39.84],[24.97,39.84],[25.46,40.03]]],[[[26.04,40.29],[26.02,40.16],[25.7,40.1],[26.04,40.29]]],[[[24.81,40.81],[24.79,40.61],[24.55,40.55],[24.81,40.81]]],[[[32.61,45.5],[34.32,46.09],[35.43,45.3],[33.76,44.45],[33.61,45.1],[32.61,45.5]]]]}},{"type":"Feature","properties":{"n":"Lombards","f":546,"t":554,"w":"Q130900"},"geometry":{"type":"MultiPolygon","coordinates":[[[[19.7,47.73],[18.83,47.01],[19.14,44.97],[19.93,44.65],[19.38,43.34],[17.86,43.41],[16.43,43.99],[13.73,46.35],[13.75,47.47],[14.58,47.8],[14.42,48.32],[16.66,48.32],[16.9,48.13],[17.07,48.19],[19.7,47.73]]],[[[16.91,48.26],[16.99,48.26],[16.99,48.19],[16.91,48.26]]],[[[16.83,48.32],[16.91,48.32],[16.91,48.26],[16.83,48.32]]]]}},{"type":"Feature","properties":{"n":"Rouran Khaganate","f":546,"t":554,"w":"Q155361"},"geometry":{"type":"MultiPolygon","coordinates":[[[[103.3,51.92],[103.5,50.98],[104.29,50.91],[108.72,51.78],[112.27,51.65],[117.05,52.72],[118.28,52.65],[120.82,51.31],[118.55,47.01],[118.38,45.89],[119.38,45.3],[123.35,45.04],[125.05,44.32],[123.82,42.56],[122.61,41.78],[121.22,41.33],[117.48,41.33],[115.08,39.84],[112.58,39.58],[111.74,38.67],[110.4,38.16],[106.41,37.45],[103.66,37.96],[104.11,38.8],[103.61,38.74],[104.67,39.51],[104.58,39.84],[100.94,39.64],[96.93,41.07],[93.85,40.74],[90.22,41.91],[85.79,42.76],[82.06,42.24],[77.93,42.95],[79.87,44.97],[82.37,46.61],[82.75,47.47],[82.35,48.39],[82.69,48.92],[85.83,50.65],[90.08,51.85],[92.38,51.58],[96.38,52.52],[98.84,52.12],[100.56,52.99],[103.3,51.92]]],[[[93.05,51.85],[93.18,51.92],[93.14,51.85],[93.05,51.85]]]]}},{"type":"Feature","properties":{"n":"Mayan City-States","f":555,"t":839,"w":"Q28567"},"geometry":{"type":"Polygon","coordinates":[[[-87.35,20.21],[-87.7,18.29],[-87.99,18.74],[-88.25,18.48],[-88.14,16.81],[-88.82,15.97],[-88.38,15.39],[-88.82,14.24],[-89.92,13.59],[-91.35,13.91],[-93.82,15.91],[-93.37,17.26],[-93.84,18.35],[-91.3,18.61],[-90.43,20.02],[-90.32,21.11],[-86.92,21.63],[-86.72,20.92],[-87.35,20.21]]]}},{"type":"Feature","properties":{"n":"Classic Veracruz Culture","f":555,"t":704,"w":"Q2379418"},"geometry":{"type":"MultiPolygon","coordinates":[[[[-97.35,20.21],[-96.86,20.34],[-96.38,19.76],[-97.01,19.57],[-97.35,20.21]]],[[[-96.86,20.34],[-96.87,20.41],[-96.8,20.41],[-96.86,20.34]]]]}},{"type":"Feature","properties":{"n":"Yenisei Kyrgyz","f":555,"t":681,"w":"Q83142"},"geometry":{"type":"Polygon","coordinates":[[[100.3,55.91],[100.61,55.29],[101.98,54.34],[103.99,53.8],[104.79,51.98],[103.16,51.71],[100.6,52.92],[99.01,52.12],[96.38,52.52],[92.38,51.58],[90.97,51.65],[91.9,53.26],[90.34,54.95],[93.05,55.84],[95.24,58.32],[99.69,58.6],[99.94,58.25],[101.78,58.95],[102.02,58.6],[100.5,56.73],[100.3,55.91]]]}},{"type":"Feature","properties":{"n":"Northern Qi","f":555,"t":560,"w":"Q1143524"},"geometry":{"type":"Polygon","coordinates":[[[119.38,39.77],[119.22,39.32],[117.89,39.19],[117.6,38.48],[119.46,37.96],[119.16,37.19],[120.75,37.9],[122.71,37.45],[122.39,36.8],[120.98,36.61],[118.8,34.36],[116.86,33.39],[114.08,33.14],[111.16,32.3],[110.32,33.14],[111.58,35.71],[110.83,35.97],[110.8,37.32],[111.34,38.16],[111.05,38.55],[111.74,38.67],[112.58,39.58],[114.64,39.9],[116.52,41.46],[117.6,41.39],[117.91,40.55],[119.0,40.23],[121.37,41.72],[122.57,41.85],[121.82,40.87],[121.19,40.87],[119.38,39.77]],[[114.44,38.09],[114.47,38.16],[114.36,38.09],[114.44,38.09]]]}},{"type":"Feature","properties":{"n":"(Brythonic Kingdoms)","f":555,"t":568,"w":"Q849967"},"geometry":{"type":"MultiPolygon","coordinates":[[[[-3.16,47.47],[-4.42,47.8],[-4.91,48.52],[-3.12,48.92],[-2.76,48.59],[-1.6,48.65],[-1.72,48.13],[-3.16,47.47]]],[[[-5.08,51.58],[-5.3,51.98],[-4.16,52.45],[-4.3,52.92],[-4.79,52.79],[-4.49,53.12],[-4.7,53.46],[-3.15,53.46],[-2.97,54.14],[-3.59,54.27],[-3.57,54.89],[-5.11,54.68],[-5.33,55.02],[-4.77,55.43],[-4.93,55.98],[-4.15,56.11],[-3.09,56.05],[-2.47,55.23],[-1.49,52.25],[-2.21,51.71],[-1.78,50.71],[-5.75,50.05],[-4.2,51.31],[-2.95,51.45],[-5.08,51.58]],[[-3.22,51.65],[-3.3,51.65],[-3.22,51.61],[-3.22,51.65]]]]}},{"type":"Feature","properties":{"n":"Protectorate of the Western Regions","f":555,"t":560,"w":"Q911440"},"geometry":{"type":"Polygon","coordinates":[[[85.38,39.32],[82.06,37.64],[81.69,37.0],[82.02,36.8],[81.03,36.61],[79.4,37.13],[77.45,38.42],[78.34,39.45],[78.29,41.13],[77.8,41.52],[80.13,42.43],[82.06,42.24],[85.79,42.76],[90.22,41.91],[92.48,41.07],[85.38,39.32]]]}},{"type":"Feature","properties":{"n":"Visigothic Kingdom","f":555,"t":560,"w":"Q126936"},"geometry":{"type":"Polygon","coordinates":[[[2.98,43.15],[3.12,41.91],[0.7,40.94],[-0.2,39.97],[-0.32,39.19],[-1.53,38.35],[-3.02,38.48],[-3.84,37.84],[-9.0,37.0],[-8.82,38.48],[-9.55,38.74],[-9.45,39.26],[-6.86,40.29],[-6.85,41.07],[-5.9,41.98],[-5.73,42.76],[-2.28,42.63],[-0.94,43.02],[1.49,42.63],[3.81,44.52],[4.63,44.25],[2.98,43.15]]]}},{"type":"Feature","properties":{"n":"Chámpa","f":555,"t":616,"w":"Q216786"},"geometry":{"type":"Polygon","coordinates":[[[105.87,17.9],[106.59,17.77],[109.02,15.33],[109.51,12.95],[109.05,11.47],[108.14,11.79],[108.08,14.94],[107.3,15.65],[107.5,16.04],[105.87,17.9]]]}},{"type":"Feature","properties":{"n":"(Kingdom of the Franks)","f":555,"t":560,"w":"Q146246"},"geometry":{"type":"MultiPolygon","coordinates":[[[[-1.85,43.41],[-1.77,43.41],[-1.77,43.34],[-1.85,43.41]]],[[[4.63,44.25],[3.81,44.52],[1.49,42.63],[-1.77,43.34],[-1.32,43.86],[-1.05,45.69],[-1.25,46.28],[-2.84,47.6],[-1.64,48.13],[-2.03,49.78],[0.01,49.38],[0.22,49.85],[1.45,50.31],[1.66,51.05],[4.26,51.38],[4.89,52.65],[5.39,52.99],[5.65,52.65],[6.25,52.79],[6.49,53.19],[7.02,52.92],[6.61,51.98],[8.34,50.71],[10.87,51.92],[11.55,51.78],[11.29,51.38],[12.3,50.65],[11.03,49.65],[11.03,48.79],[10.11,48.46],[9.39,46.48],[8.49,46.09],[8.58,45.3],[7.19,45.5],[6.63,45.1],[7.15,43.67],[5.8,43.15],[4.09,43.73],[4.63,44.25]]],[[[12.12,50.31],[12.12,50.25],[12.04,50.25],[12.12,50.31]]]]}},{"type":"Feature","properties":{"n":"Late Pallava Empire","f":555,"t":601,"w":"Q466803"},"geometry":{"type":"Polygon","coordinates":[[[77.74,14.97],[77.88,15.42],[78.4,15.29],[78.56,15.87],[79.23,15.92],[80.13,15.33],[80.12,14.2],[77.83,14.43],[77.74,14.97]]]}},{"type":"Feature","properties":{"n":"(Anglo-Saxon England)","f":555,"t":576,"w":"Q784963"},"geometry":{"type":"Polygon","coordinates":[[[-1.78,50.71],[-2.17,51.31],[-2.14,51.92],[-1.51,52.45],[-2.14,53.66],[-2.05,54.55],[-3.09,56.05],[-1.73,55.7],[-1.28,54.61],[-0.2,54.21],[0.02,53.66],[-0.68,53.73],[-0.73,53.33],[0.17,52.86],[1.62,52.86],[1.43,51.98],[0.86,51.51],[0.02,51.5],[1.39,51.18],[-1.78,50.71]]]}},{"type":"Feature","properties":{"n":"Chalukya Dynasty","f":555,"t":601,"w":"Q1395011"},"geometry":{"type":"Polygon","coordinates":[[[77.37,14.36],[76.95,12.89],[75.46,11.54],[73.42,16.04],[73.26,17.39],[75.2,16.16],[76.48,16.49],[77.94,16.29],[79.39,16.81],[80.83,16.49],[80.9,15.84],[80.2,15.46],[80.19,14.43],[80.13,15.33],[79.23,15.92],[78.56,15.87],[78.4,15.29],[77.88,15.42],[77.75,14.49],[77.37,14.36]]]}},{"type":"Feature","properties":{"n":"Eastern Roman Empire","f":555,"t":560,"w":"Q12544"},"geometry":{"type":"MultiPolygon","coordinates":[[[[10.46,36.42],[10.46,35.9],[11.08,35.58],[11.08,35.0],[10.0,34.29],[10.24,33.71],[12.23,32.81],[13.3,32.94],[15.06,32.43],[15.65,31.4],[17.85,30.95],[18.97,30.24],[20.2,30.89],[20.02,32.24],[21.88,32.94],[23.09,32.62],[23.3,32.17],[24.89,31.98],[25.25,31.46],[26.85,31.46],[28.87,30.82],[30.97,31.66],[31.88,31.46],[32.0,31.08],[33.75,31.08],[34.63,31.66],[34.77,32.36],[35.5,33.65],[35.45,33.91],[35.68,33.97],[35.64,34.36],[36.05,34.55],[35.84,36.29],[36.29,36.8],[34.58,36.87],[33.98,36.29],[32.71,36.03],[31.09,36.93],[29.94,36.22],[29.24,36.22],[29.12,36.74],[28.59,36.87],[28.03,36.67],[28.07,37.13],[27.22,37.32],[27.28,38.03],[26.43,38.22],[26.38,38.67],[26.59,38.35],[27.08,38.55],[26.85,39.58],[26.13,39.51],[26.27,40.29],[29.05,40.36],[28.91,40.61],[29.49,40.87],[27.53,41.07],[26.92,40.48],[24.35,41.0],[23.7,40.81],[23.74,40.23],[22.57,40.55],[22.61,39.9],[23.14,39.45],[22.8,39.06],[23.49,38.87],[22.94,38.74],[24.18,38.55],[23.98,37.84],[23.04,37.9],[23.4,37.32],[22.71,37.58],[23.06,36.67],[22.36,36.67],[22.22,37.06],[21.74,36.87],[21.7,37.51],[21.24,37.84],[21.74,38.35],[21.19,38.42],[20.15,39.71],[19.76,39.64],[20.01,39.97],[19.25,40.61],[19.54,41.78],[17.99,42.82],[17.51,42.76],[17.05,43.41],[15.93,43.47],[14.6,45.37],[13.78,44.91],[13.71,45.76],[13.14,45.82],[12.16,45.5],[12.31,44.19],[13.67,43.41],[14.37,42.24],[16.12,41.91],[15.94,41.39],[18.44,40.16],[18.11,39.9],[17.35,40.55],[16.62,40.29],[16.45,39.64],[17.14,39.06],[15.93,37.96],[15.39,38.16],[15.21,37.0],[14.66,36.74],[12.49,37.9],[15.86,38.29],[16.27,38.93],[15.75,40.03],[11.26,42.43],[10.13,44.06],[8.59,44.45],[7.15,43.73],[6.63,45.1],[7.19,45.5],[11.51,45.5],[12.9,46.22],[13.97,46.09],[16.43,43.99],[17.86,43.41],[19.38,43.34],[20.29,45.17],[20.75,44.71],[22.69,44.65],[22.5,44.32],[22.88,43.86],[25.52,43.67],[26.37,44.12],[27.75,44.19],[28.05,45.56],[29.51,45.5],[29.62,45.04],[28.8,44.97],[28.48,43.47],[27.51,42.63],[27.98,41.65],[28.96,41.13],[31.35,41.13],[32.63,41.91],[35.12,42.04],[36.21,41.26],[40.37,40.94],[41.57,41.46],[41.82,41.98],[41.33,42.89],[40.07,43.47],[41.97,43.28],[42.41,42.63],[42.25,41.72],[41.36,40.68],[41.67,40.16],[40.98,39.26],[41.21,37.0],[41.68,36.42],[41.09,36.03],[41.11,35.0],[40.1,34.29],[39.12,34.49],[37.07,33.26],[36.32,30.89],[34.84,29.41],[34.35,27.74],[33.19,28.51],[32.44,29.79],[35.15,24.65],[35.86,24.01],[35.55,23.81],[31.67,23.75],[30.46,23.36],[28.57,24.65],[28.15,27.35],[25.37,29.28],[21.94,30.56],[18.28,30.05],[15.18,30.89],[13.83,32.11],[11.77,32.3],[9.63,33.14],[8.85,34.74],[7.99,35.07],[7.59,36.61],[1.01,36.03],[0.68,36.35],[4.24,36.93],[8.52,36.87],[8.9,37.13],[9.6,37.32],[10.23,37.25],[10.23,37.06],[10.15,37.0],[10.23,37.0],[10.23,36.8],[11.01,36.8],[10.46,36.42]],[[35.6,33.91],[35.52,33.91],[35.52,33.84],[35.6,33.91]],[[34.92,32.36],[34.85,32.36],[34.84,32.3],[34.92,32.36]],[[31.6,37.45],[31.52,37.45],[31.52,37.38],[31.6,37.45]],[[22.98,38.16],[22.98,38.09],[23.06,38.09],[22.98,38.16]],[[22.51,38.22],[22.6,38.42],[22.29,38.42],[22.66,37.96],[22.91,38.22],[22.51,38.22]],[[22.98,38.22],[22.99,38.29],[22.91,38.29],[22.91,38.22],[22.98,38.22]],[[22.43,38.09],[22.43,38.16],[22.35,38.16],[22.43,38.09]],[[22.28,38.16],[22.28,38.22],[22.2,38.22],[22.28,38.16]],[[22.36,38.29],[22.28,38.29],[22.28,38.22],[22.36,38.29]],[[21.14,38.93],[21.15,39.06],[20.99,39.06],[21.14,38.93]],[[13.15,32.88],[13.07,32.88],[13.07,32.81],[13.15,32.88]],[[8.9,37.0],[8.83,37.0],[8.83,36.93],[8.9,37.0]],[[8.37,36.03],[8.37,36.1],[8.29,36.1],[8.37,36.03]]],[[[-5.34,35.84],[-5.08,35.39],[-6.0,35.39],[-5.34,35.84]]],[[[14.57,35.97],[14.57,35.77],[14.34,35.84],[14.57,35.97]]],[[[23.12,36.35],[23.11,36.16],[22.87,36.16],[23.12,36.35]]],[[[24.36,37.71],[24.43,37.58],[24.27,37.51],[24.36,37.71]]],[[[-4.47,36.74],[-5.58,36.03],[-6.84,37.25],[-7.68,37.0],[-8.32,37.25],[-5.76,37.38],[-4.55,37.96],[-3.84,37.84],[-3.02,38.48],[-1.53,38.35],[-0.32,39.19],[0.1,38.74],[-0.66,38.29],[-0.7,37.64],[-2.53,36.87],[-4.47,36.74]]],[[[20.93,37.9],[20.92,37.64],[20.61,37.71],[20.93,37.9]]],[[[20.57,38.42],[20.79,38.09],[20.32,38.16],[20.57,38.42]]],[[[23.56,38.74],[23.48,38.74],[23.49,38.8],[23.56,38.74]]],[[[24.67,38.93],[24.66,38.74],[24.36,38.87],[24.67,38.93]]],[[[1.26,39.13],[1.65,39.13],[1.66,39.0],[1.27,38.8],[1.26,39.13]]],[[[20.15,39.58],[20.07,39.58],[20.07,39.64],[20.15,39.58]]],[[[2.35,39.45],[2.34,39.64],[3.19,39.97],[3.52,39.77],[3.3,39.32],[2.35,39.45]]],[[[4.22,40.1],[4.3,39.84],[3.83,39.9],[4.22,40.1]]],[[[9.59,39.13],[8.34,39.0],[8.15,40.94],[9.5,41.2],[9.59,39.13]]],[[[9.1,41.33],[8.62,41.72],[8.53,42.5],[9.49,43.02],[9.1,41.33]]],[[[10.46,42.89],[10.46,42.69],[10.21,42.69],[10.46,42.89]]],[[[14.51,44.91],[14.5,44.52],[14.26,44.58],[14.51,44.91]]],[[[33.04,34.55],[32.23,34.94],[34.54,35.71],[34.09,35.0],[33.04,34.55]]],[[[25.68,35.13],[26.23,35.19],[24.82,35.0],[23.62,35.52],[25.68,35.13]]],[[[28.02,36.48],[28.25,36.48],[28.14,36.03],[27.74,35.9],[28.02,36.48]]],[[[27.19,36.8],[26.87,36.67],[27.04,36.93],[27.19,36.8]]],[[[25.57,37.13],[25.56,37.0],[25.33,37.0],[25.57,37.13]]],[[[25.22,37.71],[25.29,37.51],[25.05,37.51],[25.22,37.71]]],[[[26.3,37.58],[25.99,37.51],[26.08,37.71],[26.3,37.58]]],[[[25.07,37.77],[24.68,37.84],[24.77,38.03],[25.07,37.77]]],[[[26.22,38.55],[26.11,38.16],[25.88,38.16],[26.22,38.55]]],[[[25.79,39.19],[26.04,39.38],[26.64,39.0],[25.79,39.19]]],[[[25.46,40.03],[25.45,39.84],[24.97,39.84],[25.46,40.03]]],[[[26.04,40.29],[26.02,40.16],[25.7,40.1],[26.04,40.29]]],[[[24.81,40.81],[24.79,40.61],[24.55,40.55],[24.81,40.81]]],[[[32.61,45.5],[34.32,46.09],[35.43,45.3],[33.76,44.45],[33.61,45.1],[32.61,45.5]]]]}},{"type":"Feature","properties":{"n":"Ostrogothic Kingdom","f":555,"t":560,"w":"Q583038"},"geometry":{"type":"Polygon","coordinates":[[[8.41,45.63],[8.49,46.09],[9.39,46.48],[10.04,46.28],[10.04,46.61],[12.09,46.68],[13.97,46.22],[11.51,45.5],[8.41,45.63]]]}},{"type":"Feature","properties":{"n":"Kingdom of Lindsey","f":555,"t":611,"w":"Q886986"},"geometry":{"type":"Polygon","coordinates":[[[-0.68,53.73],[0.02,53.66],[0.32,53.12],[0.08,52.92],[-0.73,53.33],[-0.68,53.73]]]}},{"type":"Feature","properties":{"n":"Liang Dynasty","f":555,"t":560,"w":"Q783489"},"geometry":{"type":"MultiPolygon","coordinates":[[[[108.76,18.41],[108.7,19.38],[109.25,19.96],[110.91,20.15],[111.03,19.57],[110.18,18.48],[108.76,18.41]]],[[[120.92,32.62],[121.99,31.85],[120.92,31.85],[122.0,31.08],[120.68,30.18],[121.48,30.31],[122.03,29.92],[121.94,29.22],[121.59,29.54],[121.65,28.32],[121.12,28.32],[119.59,26.13],[119.53,25.62],[119.87,25.49],[119.27,25.49],[118.76,24.59],[118.15,24.52],[116.54,22.91],[114.64,22.72],[114.37,22.08],[113.6,22.72],[113.64,22.14],[110.42,21.18],[110.49,20.28],[109.88,20.21],[109.81,21.5],[107.59,21.56],[106.71,22.08],[106.71,22.91],[102.99,23.36],[101.81,24.26],[100.99,28.64],[101.99,28.7],[102.85,27.67],[103.55,27.74],[104.3,28.89],[107.91,30.56],[109.58,32.56],[111.16,32.3],[114.08,33.14],[116.86,33.39],[119.23,34.81],[120.34,34.36],[120.92,32.62]]],[[[122.28,29.99],[121.98,29.99],[122.05,30.18],[122.28,29.99]]]]}},{"type":"Feature","properties":{"n":"Chenla","f":555,"t":616,"w":"Q1057118"},"geometry":{"type":"Polygon","coordinates":[[[102.19,14.88],[103.52,15.97],[106.57,16.68],[107.5,16.04],[107.3,15.65],[108.08,14.94],[108.32,13.14],[106.3,13.08],[101.9,14.03],[102.19,14.88]]]}},{"type":"Feature","properties":{"n":"Maitraka Dynasty","f":555,"t":611,"w":"Q6737189"},"geometry":{"type":"Polygon","coordinates":[[[72.61,21.46],[73.11,21.75],[72.54,21.7],[72.59,22.28],[72.18,22.27],[72.02,21.16],[70.49,20.84],[68.97,22.29],[70.18,22.57],[70.49,23.09],[69.24,22.85],[68.42,23.57],[69.38,24.11],[74.08,23.81],[74.8,22.61],[73.44,22.38],[73.66,21.5],[72.88,20.77],[72.61,21.46]]]}},{"type":"Feature","properties":{"n":"Kingdom of the Franks","f":555,"t":560,"w":"Q146246"},"geometry":{"type":"MultiPolygon","coordinates":[[[[-1.85,43.41],[-1.77,43.41],[-1.77,43.34],[-1.85,43.41]]],[[[4.63,44.25],[3.81,44.52],[1.49,42.63],[-1.77,43.34],[-1.32,43.86],[-1.05,45.69],[-1.25,46.28],[-2.84,47.6],[-1.64,48.13],[-2.03,49.78],[0.01,49.38],[0.22,49.85],[1.45,50.31],[1.66,51.05],[4.26,51.38],[4.89,52.65],[5.39,52.99],[5.65,52.65],[6.25,52.79],[6.49,53.19],[7.02,52.92],[6.61,51.98],[8.34,50.71],[10.87,51.92],[11.55,51.78],[11.29,51.38],[12.3,50.65],[11.03,49.65],[11.03,48.79],[10.11,48.46],[9.39,46.48],[8.49,46.09],[8.58,45.3],[7.19,45.5],[6.63,45.1],[7.15,43.67],[5.8,43.15],[4.09,43.73],[4.63,44.25]]],[[[12.12,50.31],[12.12,50.25],[12.04,50.25],[12.12,50.31]]]]}},{"type":"Feature","properties":{"n":"White Huns","f":555,"t":560,"w":"Q41761342"},"geometry":{"type":"MultiPolygon","coordinates":[[[[76.64,27.99],[76.65,28.06],[76.72,28.06],[76.64,27.99]]],[[[75.98,38.74],[74.65,38.22],[74.53,37.25],[75.37,35.52],[74.95,34.81],[74.18,34.49],[73.64,34.81],[73.0,33.78],[72.14,34.04],[70.7,32.43],[69.1,31.72],[68.12,32.88],[65.14,34.74],[64.77,35.52],[64.74,38.03],[62.56,39.97],[60.63,39.51],[59.67,40.1],[56.59,40.42],[57.46,41.39],[58.34,43.47],[60.29,43.54],[61.7,45.3],[64.48,44.58],[68.74,44.25],[71.38,43.02],[74.36,43.28],[75.4,42.82],[77.77,42.95],[79.08,42.82],[79.97,42.43],[77.8,41.52],[78.29,41.13],[78.34,39.45],[78.03,38.74],[75.98,38.74]],[[78.04,42.17],[78.66,42.76],[76.53,42.63],[77.29,42.11],[78.04,42.17]]]]}},{"type":"Feature","properties":{"n":"Lombards","f":555,"t":560,"w":"Q130900"},"geometry":{"type":"MultiPolygon","coordinates":[[[[19.7,47.73],[18.83,47.01],[19.0,45.37],[20.29,45.17],[19.38,43.34],[17.86,43.41],[16.43,43.99],[13.73,46.35],[13.75,47.47],[14.58,47.8],[14.42,48.32],[16.66,48.32],[16.9,48.13],[17.07,48.19],[19.7,47.73]]],[[[16.91,48.26],[16.99,48.26],[16.99,48.19],[16.91,48.26]]],[[[16.83,48.32],[16.91,48.32],[16.91,48.26],[16.83,48.32]]]]}},{"type":"Feature","properties":{"n":"Maukhari Dynasty","f":555,"t":601,"w":"Q12448145"},"geometry":{"type":"Polygon","coordinates":[[[87.94,22.37],[87.95,21.83],[87.1,21.5],[86.89,20.98],[85.41,21.34],[84.1,22.18],[83.25,23.02],[83.38,23.69],[82.27,24.78],[77.82,27.13],[77.97,29.21],[78.88,29.7],[81.06,29.06],[82.85,27.8],[85.6,26.94],[88.09,26.64],[89.77,25.69],[89.7,24.02],[88.82,23.35],[88.19,22.11],[87.94,22.37]]]}},{"type":"Feature","properties":{"n":"Brythons","f":555,"t":568,"w":"Q849967"},"geometry":{"type":"MultiPolygon","coordinates":[[[[-3.16,47.47],[-4.42,47.8],[-4.91,48.52],[-3.12,48.92],[-2.76,48.59],[-1.6,48.65],[-1.65,48.19],[-3.16,47.47]]],[[[-5.3,51.98],[-3.72,52.32],[-3.64,51.65],[-5.08,51.58],[-5.3,51.98]]],[[[-1.49,52.25],[-2.21,51.71],[-1.78,50.71],[-5.75,50.05],[-4.2,51.31],[-3.09,51.25],[-2.55,51.71],[-2.91,51.98],[-2.97,54.14],[-3.59,54.27],[-3.57,54.89],[-5.11,54.68],[-5.33,55.02],[-4.77,55.43],[-4.93,55.98],[-3.09,56.05],[-2.05,54.55],[-1.88,52.79],[-1.49,52.25]]]]}},{"type":"Feature","properties":{"n":"(Merovingian Empire)","f":555,"t":560,"w":"Q146246"},"geometry":{"type":"MultiPolygon","coordinates":[[[[-1.85,43.41],[-1.77,43.41],[-1.77,43.34],[-1.85,43.41]]],[[[4.63,44.25],[3.81,44.52],[1.49,42.63],[-1.77,43.34],[-1.32,43.86],[-1.05,45.69],[-1.25,46.28],[-2.84,47.6],[-1.64,48.13],[-2.03,49.78],[0.01,49.38],[0.22,49.85],[1.45,50.31],[1.66,51.05],[4.26,51.38],[4.89,52.65],[5.39,52.99],[5.65,52.65],[6.25,52.79],[6.49,53.19],[7.02,52.92],[6.61,51.98],[8.34,50.71],[10.87,51.92],[11.55,51.78],[11.29,51.38],[12.3,50.65],[11.03,49.65],[11.03,48.79],[10.11,48.46],[9.39,46.48],[8.49,46.09],[8.58,45.3],[7.19,45.5],[6.63,45.1],[7.15,43.67],[5.8,43.15],[4.09,43.73],[4.63,44.25]]],[[[12.12,50.31],[12.12,50.25],[12.04,50.25],[12.12,50.31]]]]}},{"type":"Feature","properties":{"n":"Kingdom of Bernicia","f":555,"t":611,"w":"Q623751"},"geometry":{"type":"Polygon","coordinates":[[[-2.05,54.55],[-3.09,56.05],[-1.73,55.7],[-1.37,54.61],[-2.05,54.55]]]}},{"type":"Feature","properties":{"n":"Bavarians","f":555,"t":566,"w":"Q13048507"},"geometry":{"type":"Polygon","coordinates":[[[14.58,47.8],[13.75,47.47],[13.73,46.48],[9.39,46.48],[10.11,48.46],[11.69,49.12],[14.18,48.32],[14.58,47.8]]]}},{"type":"Feature","properties":{"n":"Kamarupa Kingdom","f":555,"t":655,"w":"Q1194765"},"geometry":{"type":"Polygon","coordinates":[[[92.22,27.69],[94.11,28.22],[95.39,26.59],[92.97,25.16],[90.21,25.33],[89.91,25.67],[90.24,27.86],[92.22,27.69]]]}},{"type":"Feature","properties":{"n":"Goguryeo","f":555,"t":611,"w":"Q28370"},"geometry":{"type":"Polygon","coordinates":[[[132.6,43.8],[132.1,43.08],[131.75,43.28],[129.78,41.78],[129.76,40.87],[128.29,40.03],[126.83,39.84],[126.95,38.22],[126.66,37.84],[124.9,37.9],[125.39,39.38],[124.34,39.9],[121.03,38.74],[121.69,39.38],[121.28,39.64],[122.23,40.48],[121.79,40.81],[121.94,41.2],[123.82,42.56],[125.05,44.32],[129.41,45.1],[130.7,44.19],[132.6,43.8]]]}},{"type":"Feature","properties":{"n":"Göktürk Khaganate","f":555,"t":560,"w":"Q15146034"},"geometry":{"type":"MultiPolygon","coordinates":[[[[53.09,50.18],[55.47,50.51],[66.75,50.31],[68.12,51.18],[71.14,50.38],[82.29,50.31],[86.24,50.78],[90.08,51.85],[92.38,51.58],[96.38,52.52],[99.01,52.12],[100.6,52.92],[103.21,51.92],[103.5,50.98],[104.29,50.91],[108.72,51.78],[112.27,51.65],[117.65,52.72],[120.82,51.31],[118.49,46.68],[114.66,42.11],[111.65,39.77],[111.02,38.48],[106.41,37.45],[103.66,37.96],[104.11,38.8],[103.61,38.74],[104.67,39.51],[104.58,39.84],[100.94,39.64],[96.93,41.07],[93.85,40.74],[90.22,41.91],[85.79,42.76],[82.06,42.24],[79.92,42.3],[79.08,42.82],[77.77,42.95],[75.4,42.82],[74.36,43.28],[71.38,43.02],[68.74,44.25],[64.48,44.58],[61.4,45.37],[61.64,46.94],[60.12,46.81],[59.31,46.02],[58.64,45.96],[57.96,44.45],[58.36,43.54],[57.85,42.56],[56.81,44.39],[54.3,44.97],[54.29,45.56],[53.06,45.56],[53.35,46.35],[53.24,46.87],[52.46,47.01],[53.09,50.18]],[[73.94,44.97],[74.32,45.96],[75.45,46.55],[78.46,46.28],[79.33,46.81],[74.6,46.87],[73.63,46.28],[73.4,45.69],[73.94,44.97]]],[[[53.08,45.96],[53.1,46.02],[53.18,46.02],[53.08,45.96]]]]}},{"type":"Feature","properties":{"n":"Kingdom of the Gepids","f":555,"t":560,"w":"Q201706"},"geometry":{"type":"MultiPolygon","coordinates":[[[[23.52,44.97],[23.61,44.97],[23.6,44.91],[23.52,44.97]]],[[[24.58,45.89],[24.66,45.89],[24.65,45.82],[24.58,45.89]]],[[[24.35,47.14],[24.92,46.15],[24.59,46.02],[24.47,45.56],[23.79,45.24],[23.35,44.84],[23.19,43.8],[22.5,44.32],[22.69,44.65],[20.75,44.71],[20.14,45.37],[19.0,45.37],[18.78,45.89],[18.83,47.01],[20.54,47.99],[24.35,47.14]]]]}},{"type":"Feature","properties":{"n":"Sasanian Empire","f":555,"t":560,"w":"Q1661685"},"geometry":{"type":"MultiPolygon","coordinates":[[[[51.14,25.49],[51.21,25.49],[51.21,25.42],[51.14,25.49]]],[[[50.43,25.94],[50.46,26.26],[50.69,26.26],[50.43,25.94]]],[[[47.5,41.26],[47.99,41.33],[48.28,41.98],[49.51,40.61],[50.19,40.48],[49.51,40.23],[48.8,39.0],[48.83,37.84],[51.26,36.61],[54.03,36.87],[53.99,39.0],[53.14,39.45],[53.54,39.51],[53.5,40.03],[52.72,40.1],[52.89,40.87],[57.08,40.16],[58.4,40.36],[60.63,39.51],[62.56,39.97],[64.74,38.03],[64.77,35.52],[65.14,34.74],[68.12,32.88],[66.48,28.57],[66.4,26.52],[65.8,25.36],[61.72,25.04],[57.96,25.55],[57.18,25.94],[56.71,27.16],[55.29,26.52],[55.54,26.77],[54.68,26.45],[53.66,26.71],[51.45,27.87],[50.06,30.18],[48.94,30.31],[47.85,29.41],[48.87,27.67],[50.13,26.77],[50.07,26.07],[50.65,25.1],[51.12,26.13],[51.7,25.87],[51.41,24.33],[51.91,24.01],[54.08,24.14],[56.48,26.39],[56.4,24.97],[56.79,24.33],[58.81,23.62],[59.27,22.91],[56.81,23.75],[56.09,24.84],[54.27,23.75],[51.88,23.69],[51.17,24.07],[51.32,25.87],[50.62,24.65],[49.67,25.87],[49.88,26.45],[48.55,27.48],[47.53,29.28],[47.65,29.67],[45.77,30.44],[44.81,31.34],[44.73,31.98],[43.91,32.11],[40.1,34.29],[41.11,35.0],[41.09,36.03],[41.66,36.29],[40.87,38.48],[41.67,40.16],[41.53,41.26],[42.25,41.72],[42.41,42.63],[41.86,43.15],[45.44,42.56],[47.5,41.26]],[[56.97,35.58],[57.05,35.58],[57.06,35.64],[56.97,35.58]],[[53.74,31.46],[53.66,31.46],[53.65,31.4],[53.74,31.46]],[[53.54,31.66],[53.53,31.59],[53.6,31.59],[53.54,31.66]],[[47.49,38.22],[47.41,38.22],[47.4,38.16],[47.49,38.22]],[[47.35,38.35],[47.34,38.29],[47.42,38.29],[47.35,38.35]]]]}},{"type":"Feature","properties":{"n":"(Chenla)","f":555,"t":616,"w":"Q1057118"},"geometry":{"type":"Polygon","coordinates":[[[102.19,14.88],[103.52,15.97],[106.57,16.68],[107.5,16.04],[107.3,15.65],[108.08,14.94],[108.32,13.14],[106.3,13.08],[101.9,14.03],[102.19,14.88]]]}},{"type":"Feature","properties":{"n":"Silla","f":555,"t":566,"w":"Q28456"},"geometry":{"type":"Polygon","coordinates":[[[129.67,35.97],[129.15,35.07],[127.85,35.9],[127.95,36.87],[126.74,36.93],[126.6,37.58],[126.29,37.58],[126.95,38.22],[126.83,39.84],[128.29,40.16],[127.44,39.26],[129.47,37.25],[129.67,35.97]]]}},{"type":"Feature","properties":{"n":"Kingdom of Deira","f":555,"t":591,"w":"Q506008"},"geometry":{"type":"Polygon","coordinates":[[[-2.05,54.55],[-0.67,54.61],[0.02,53.66],[-2.04,53.53],[-2.05,54.55]]]}},{"type":"Feature","properties":{"n":"Western Wei","f":555,"t":560,"w":"Q1143164"},"geometry":{"type":"Polygon","coordinates":[[[100.98,31.01],[101.69,32.75],[103.21,33.39],[103.65,36.42],[102.1,37.77],[101.7,37.58],[100.41,38.61],[99.81,38.48],[99.2,39.26],[97.91,39.0],[96.76,39.45],[96.7,38.74],[96.36,38.67],[95.32,39.38],[93.35,39.38],[93.09,39.9],[93.36,40.55],[96.93,41.07],[100.94,39.64],[104.58,39.84],[104.67,39.51],[103.61,38.74],[104.11,38.8],[103.66,37.96],[104.46,37.64],[106.41,37.45],[111.02,38.48],[111.34,38.16],[110.75,36.67],[110.83,35.97],[111.58,35.71],[110.32,33.14],[111.16,32.3],[109.58,32.56],[107.91,30.56],[104.3,28.89],[103.55,27.74],[102.85,27.67],[101.99,28.7],[101.01,28.7],[100.98,31.01]]]}},{"type":"Feature","properties":{"n":"Protectorate of the Western Regions","f":561,"t":591,"w":"Q911440"},"geometry":{"type":"Polygon","coordinates":[[[85.38,39.32],[82.06,37.64],[81.69,37.0],[82.02,36.8],[81.03,36.61],[78.56,37.45],[77.03,38.8],[73.4,39.51],[73.8,40.29],[73.08,40.74],[77.43,41.39],[80.13,42.43],[82.06,42.24],[84.11,42.76],[88.85,42.24],[92.48,41.07],[85.38,39.32]]]}},{"type":"Feature","properties":{"n":"(Kingdom of the Franks)","f":561,"t":566,"w":"Q146246"},"geometry":{"type":"MultiPolygon","coordinates":[[[[-1.85,43.34],[-1.85,43.41],[-1.77,43.41],[-1.85,43.34]]],[[[12.3,50.65],[11.03,49.65],[11.03,48.79],[10.11,48.46],[9.14,46.15],[6.78,45.82],[7.12,45.3],[6.64,44.97],[7.22,44.12],[6.6,43.28],[4.18,43.47],[4.63,44.25],[4.06,44.52],[2.63,43.8],[1.49,42.63],[-1.77,43.34],[-1.32,43.86],[-1.05,45.69],[-1.25,46.28],[-2.84,47.6],[-1.8,47.99],[-1.51,48.52],[-2.03,49.78],[0.01,49.38],[0.22,49.85],[1.45,50.25],[1.66,51.05],[4.26,51.38],[4.89,52.65],[5.39,52.99],[5.65,52.65],[6.25,52.79],[6.49,53.19],[7.02,52.92],[6.61,51.98],[8.34,50.71],[10.87,51.92],[11.55,51.78],[11.29,51.38],[12.3,50.65]]],[[[12.04,50.31],[12.12,50.31],[12.12,50.25],[12.04,50.31]]]]}},{"type":"Feature","properties":{"n":"Visigothic Kingdom","f":561,"t":566,"w":"Q126936"},"geometry":{"type":"Polygon","coordinates":[[[2.98,43.15],[3.12,41.91],[0.7,40.94],[-0.2,39.97],[-0.32,39.19],[-1.53,38.35],[-3.02,38.48],[-3.84,37.84],[-9.0,37.0],[-8.82,38.48],[-9.55,38.74],[-9.45,39.26],[-6.86,40.29],[-6.85,41.07],[-5.9,41.98],[-5.73,42.76],[-2.28,42.63],[-0.94,43.02],[1.49,42.63],[3.81,44.52],[4.63,44.25],[2.98,43.15]]]}},{"type":"Feature","properties":{"n":"Eastern Roman Empire","f":561,"t":566,"w":"Q12544"},"geometry":{"type":"MultiPolygon","coordinates":[[[[22.69,44.65],[22.5,44.32],[22.88,43.86],[25.43,43.6],[27.92,44.25],[27.87,45.37],[29.58,45.43],[29.53,44.91],[28.8,44.97],[28.48,43.47],[27.51,42.63],[27.98,41.65],[28.96,41.13],[31.18,41.07],[32.63,41.91],[35.12,42.04],[36.21,41.26],[40.37,40.94],[41.57,41.46],[41.82,41.98],[41.33,42.89],[39.99,43.47],[42.6,43.21],[42.89,42.17],[42.25,41.26],[41.53,41.26],[41.67,40.16],[40.98,39.26],[41.21,37.0],[41.68,36.42],[41.09,36.03],[41.11,35.0],[40.1,34.29],[39.12,34.49],[37.07,33.26],[36.32,30.89],[34.84,29.41],[34.35,27.74],[33.19,28.51],[35.85,23.88],[31.67,23.75],[30.46,23.36],[28.57,24.65],[28.15,27.35],[25.37,29.28],[21.94,30.56],[18.28,30.05],[15.18,30.89],[13.83,32.11],[11.77,32.3],[9.63,33.14],[8.85,34.74],[7.99,35.07],[7.59,36.61],[1.01,36.03],[0.68,36.35],[4.24,36.93],[8.52,36.87],[9.6,37.32],[10.23,37.25],[10.46,36.74],[11.01,37.0],[10.46,35.9],[11.08,35.58],[11.08,35.0],[10.0,34.29],[10.01,33.91],[12.23,32.81],[13.3,32.94],[15.06,32.43],[15.65,31.4],[17.85,30.95],[18.97,30.24],[20.2,30.89],[20.02,32.24],[21.88,32.94],[23.09,32.62],[23.3,32.17],[24.89,31.98],[25.25,31.46],[26.85,31.46],[28.87,30.82],[30.97,31.66],[31.88,31.46],[32.0,31.08],[34.3,31.27],[35.64,34.36],[36.05,34.55],[35.84,36.29],[36.29,36.8],[34.58,36.87],[33.98,36.29],[32.71,36.03],[31.09,36.93],[29.94,36.22],[29.24,36.22],[29.12,36.74],[28.59,36.87],[28.03,36.67],[28.07,37.13],[27.22,37.32],[27.28,38.03],[26.43,38.22],[26.38,38.67],[26.59,38.35],[27.08,38.55],[26.85,39.58],[26.13,39.51],[26.27,40.29],[29.05,40.36],[28.91,40.61],[29.49,40.87],[29.12,41.07],[27.53,41.07],[26.92,40.48],[24.35,41.0],[23.7,40.81],[23.74,40.23],[22.57,40.55],[22.61,39.9],[23.14,39.45],[22.8,39.06],[23.49,38.87],[22.94,38.74],[24.18,38.55],[23.98,37.84],[23.04,37.9],[23.4,37.32],[22.71,37.58],[23.06,36.67],[22.36,36.67],[22.22,37.06],[21.74,36.87],[21.7,37.51],[21.24,37.84],[21.74,38.35],[21.19,38.42],[20.15,39.71],[19.76,39.64],[20.01,39.97],[19.25,40.61],[19.54,41.78],[17.99,42.82],[17.51,42.76],[17.05,43.41],[15.93,43.47],[14.6,45.37],[13.78,44.91],[13.71,45.76],[13.14,45.82],[12.16,45.5],[12.31,44.19],[13.67,43.41],[14.37,42.24],[16.12,41.91],[15.94,41.39],[18.44,40.16],[18.11,39.9],[17.35,40.55],[16.62,40.29],[16.45,39.64],[17.14,39.06],[15.93,37.96],[15.39,38.16],[15.21,37.0],[14.66,36.74],[12.49,37.9],[15.86,38.29],[16.27,38.93],[15.75,40.03],[11.26,42.43],[10.13,44.06],[8.59,44.45],[7.15,43.73],[6.97,44.84],[6.64,44.97],[7.12,45.3],[6.94,45.96],[12.09,46.68],[13.73,46.48],[16.43,43.99],[17.86,43.41],[19.38,43.34],[20.29,45.17],[20.75,44.71],[22.69,44.65]]],[[[-5.34,35.84],[-5.08,35.39],[-6.0,35.39],[-5.34,35.84]]],[[[14.57,35.97],[14.57,35.77],[14.34,35.84],[14.57,35.97]]],[[[23.12,36.35],[23.11,36.16],[22.87,36.16],[23.12,36.35]]],[[[24.36,37.71],[24.43,37.58],[24.27,37.51],[24.36,37.71]]],[[[-4.47,36.74],[-5.58,36.03],[-6.84,37.25],[-7.68,37.0],[-8.32,37.25],[-5.76,37.38],[-4.55,37.96],[-3.84,37.84],[-3.02,38.48],[-1.53,38.35],[-0.32,39.19],[0.1,38.74],[-0.66,38.29],[-0.7,37.64],[-2.53,36.87],[-4.47,36.74]]],[[[20.93,37.9],[20.92,37.64],[20.61,37.71],[20.93,37.9]]],[[[20.57,38.42],[20.79,38.09],[20.32,38.16],[20.57,38.42]]],[[[23.56,38.74],[23.48,38.74],[23.49,38.8],[23.56,38.74]]],[[[24.67,38.93],[24.66,38.74],[24.36,38.87],[24.67,38.93]]],[[[1.26,39.13],[1.65,39.13],[1.66,39.0],[1.27,38.8],[1.26,39.13]]],[[[20.15,39.58],[20.07,39.58],[20.07,39.64],[20.15,39.58]]],[[[2.35,39.45],[2.34,39.64],[3.19,39.97],[3.52,39.77],[3.3,39.32],[2.35,39.45]]],[[[4.22,40.1],[4.3,39.84],[3.83,39.9],[4.22,40.1]]],[[[9.59,39.13],[8.34,39.0],[8.15,40.94],[9.5,41.2],[9.59,39.13]]],[[[9.1,41.33],[8.62,41.72],[8.53,42.5],[9.49,43.02],[9.1,41.33]]],[[[10.46,42.89],[10.46,42.69],[10.21,42.69],[10.46,42.89]]],[[[14.51,44.91],[14.5,44.52],[14.26,44.58],[14.51,44.91]]],[[[33.04,34.55],[32.23,34.94],[34.54,35.71],[34.09,35.0],[33.04,34.55]]],[[[25.68,35.13],[26.23,35.19],[24.82,35.0],[23.62,35.52],[25.68,35.13]]],[[[28.02,36.48],[28.25,36.48],[28.14,36.03],[27.74,35.9],[28.02,36.48]]],[[[27.19,36.8],[26.87,36.67],[27.04,36.93],[27.19,36.8]]],[[[25.57,37.13],[25.56,37.0],[25.33,37.0],[25.57,37.13]]],[[[25.22,37.71],[25.29,37.51],[25.05,37.51],[25.22,37.71]]],[[[26.3,37.58],[25.99,37.51],[26.08,37.71],[26.3,37.58]]],[[[25.07,37.77],[24.68,37.84],[24.77,38.03],[25.07,37.77]]],[[[26.22,38.55],[26.11,38.16],[25.88,38.16],[26.22,38.55]]],[[[25.79,39.19],[26.04,39.38],[26.64,39.0],[25.79,39.19]]],[[[25.46,40.03],[25.45,39.84],[24.97,39.84],[25.46,40.03]]],[[[26.04,40.29],[26.02,40.16],[25.7,40.1],[26.04,40.29]]],[[[24.81,40.81],[24.79,40.61],[24.55,40.55],[24.81,40.81]]],[[[32.61,45.5],[34.32,46.09],[35.43,45.3],[33.76,44.45],[33.61,45.1],[32.61,45.5]]]]}},{"type":"Feature","properties":{"n":"Early Lý Dynasty","f":561,"t":591,"w":"Q2441129"},"geometry":{"type":"Polygon","coordinates":[[[106.06,19.96],[105.73,18.86],[106.52,17.77],[105.71,17.77],[105.04,18.67],[104.98,20.15],[104.44,20.47],[105.1,20.86],[104.87,22.21],[105.69,23.04],[106.71,22.91],[106.71,22.08],[108.1,21.5],[106.06,19.96]]]}},{"type":"Feature","properties":{"n":"Avar Khaganate","f":561,"t":566,"w":"Q68962"},"geometry":{"type":"MultiPolygon","coordinates":[[[[29.58,45.43],[29.67,45.43],[29.66,45.37],[29.58,45.43]]],[[[39.17,48.52],[39.03,47.33],[35.63,46.68],[34.74,46.15],[32.68,46.09],[31.82,46.35],[32.03,46.74],[30.88,46.68],[29.58,45.43],[27.87,45.37],[27.92,44.25],[27.49,44.06],[26.28,44.06],[25.43,43.6],[23.36,43.93],[23.35,44.84],[24.38,45.5],[24.95,46.48],[24.35,47.14],[22.49,47.53],[22.99,48.65],[22.66,49.71],[24.01,50.71],[27.51,51.05],[32.2,50.25],[34.32,50.85],[34.81,51.25],[36.36,51.38],[37.88,50.51],[39.17,48.52]]],[[[32.48,50.45],[32.56,50.45],[32.55,50.38],[32.48,50.45]]]]}},{"type":"Feature","properties":{"n":"Turk Shahis","f":561,"t":643,"w":"Q654380"},"geometry":{"type":"Polygon","coordinates":[[[69.99,34.04],[70.26,33.2],[68.31,32.69],[65.46,34.42],[64.81,35.71],[67.57,35.9],[68.99,35.39],[70.09,35.77],[70.77,35.39],[71.24,36.03],[71.68,35.32],[70.73,33.91],[69.99,34.04]]]}},{"type":"Feature","properties":{"n":"Northern Qi","f":561,"t":568,"w":"Q1143524"},"geometry":{"type":"Polygon","coordinates":[[[119.22,39.32],[117.89,39.19],[117.58,38.74],[118.07,38.16],[119.46,37.96],[119.16,37.19],[120.75,37.9],[122.71,37.45],[122.39,36.8],[120.98,36.61],[119.23,34.81],[120.34,34.36],[120.92,32.62],[121.78,32.11],[121.84,31.66],[118.86,32.24],[116.91,30.69],[115.21,30.37],[114.68,30.82],[113.72,30.24],[113.97,30.76],[111.47,31.66],[111.21,32.43],[110.32,33.14],[111.58,35.71],[110.83,35.97],[110.8,37.32],[111.34,38.16],[111.05,38.55],[111.74,38.67],[112.58,39.58],[114.64,39.9],[116.52,41.46],[117.6,41.39],[117.91,40.55],[119.0,40.23],[121.37,41.72],[122.57,41.85],[121.82,40.87],[119.38,39.77],[119.22,39.32]]]}},{"type":"Feature","properties":{"n":"Sasanian Empire","f":561,"t":566,"w":"Q1661685"},"geometry":{"type":"MultiPolygon","coordinates":[[[[51.14,25.49],[51.21,25.49],[51.21,25.42],[51.14,25.49]]],[[[50.43,25.94],[50.46,26.26],[50.69,26.26],[50.43,25.94]]],[[[47.5,41.26],[47.99,41.33],[48.28,41.98],[49.51,40.61],[50.19,40.48],[49.51,40.23],[48.8,39.0],[48.83,37.84],[51.64,36.55],[54.03,36.87],[53.99,39.0],[53.14,39.45],[53.54,39.51],[53.5,40.03],[52.72,40.1],[52.89,40.87],[57.16,40.16],[58.33,40.42],[59.77,40.16],[59.77,39.84],[60.71,39.51],[62.69,39.84],[64.74,38.03],[65.14,34.74],[68.12,32.88],[66.48,28.57],[66.4,26.52],[65.8,25.36],[61.72,25.04],[57.96,25.55],[57.18,25.94],[56.71,27.16],[55.29,26.52],[55.54,26.77],[54.68,26.45],[53.66,26.71],[51.45,27.87],[50.06,30.18],[48.94,30.31],[47.85,29.41],[48.87,27.67],[50.13,26.77],[50.07,26.07],[50.65,25.1],[51.12,26.13],[51.7,25.87],[51.41,24.33],[51.91,24.01],[54.08,24.14],[56.48,26.39],[56.4,24.97],[56.79,24.33],[58.81,23.62],[59.27,22.91],[56.81,23.75],[56.09,24.84],[54.27,23.75],[51.88,23.69],[51.17,24.07],[51.32,25.87],[50.62,24.65],[49.67,25.87],[49.88,26.45],[48.55,27.48],[47.53,29.28],[47.65,29.67],[45.77,30.44],[44.81,31.34],[44.73,31.98],[43.91,32.11],[40.1,34.29],[41.11,35.0],[41.09,36.03],[41.66,36.29],[40.87,38.48],[41.67,40.16],[41.53,41.26],[42.25,41.26],[42.89,42.17],[42.49,43.08],[45.23,42.69],[45.75,42.5],[45.68,42.17],[47.5,41.26]]]]}},{"type":"Feature","properties":{"n":"Kingdom of the Gepids","f":561,"t":566,"w":"Q201706"},"geometry":{"type":"Polygon","coordinates":[[[18.83,47.01],[20.54,47.99],[24.35,47.14],[24.95,46.48],[24.38,45.5],[23.35,44.84],[23.19,43.8],[22.5,44.32],[22.69,44.65],[20.75,44.71],[20.14,45.37],[19.24,45.24],[18.83,47.01]]]}},{"type":"Feature","properties":{"n":"Göktürk Khaganate","f":561,"t":576,"w":"Q15146034"},"geometry":{"type":"MultiPolygon","coordinates":[[[[58.28,42.37],[58.29,42.43],[58.37,42.43],[58.28,42.37]]],[[[47.06,44.91],[45.43,44.91],[42.97,45.63],[38.39,46.02],[37.83,46.55],[39.13,46.94],[39.23,47.99],[38.02,50.38],[42.42,48.59],[45.86,48.39],[52.76,50.18],[55.47,50.51],[66.75,50.31],[68.45,51.18],[71.14,50.38],[82.29,50.31],[86.24,50.78],[90.08,51.85],[92.38,51.58],[96.38,52.52],[99.01,52.12],[100.6,52.92],[103.21,51.92],[103.5,50.98],[104.29,50.91],[108.72,51.78],[112.27,51.65],[117.65,52.72],[120.82,51.31],[118.49,46.68],[114.66,42.11],[111.65,39.77],[111.02,38.48],[106.41,37.45],[103.66,37.96],[104.11,38.8],[103.61,38.74],[104.67,39.51],[104.58,39.84],[100.94,39.64],[96.93,41.07],[93.85,40.74],[88.85,42.24],[84.11,42.76],[82.06,42.24],[80.13,42.43],[77.43,41.39],[73.32,41.0],[73.08,40.74],[73.8,40.29],[73.4,39.51],[73.75,39.13],[73.49,38.55],[72.63,37.71],[72.36,36.74],[71.58,36.42],[70.77,35.39],[70.09,35.77],[68.45,35.39],[67.57,35.9],[65.31,35.52],[64.81,35.71],[64.74,38.03],[62.65,39.71],[61.87,41.2],[60.29,41.26],[59.96,41.78],[58.39,42.5],[57.99,42.5],[56.88,44.32],[54.3,44.97],[54.29,45.56],[53.13,45.5],[53.35,46.35],[53.11,47.01],[50.84,47.14],[47.57,45.76],[47.06,44.91]]],[[[53.1,46.02],[53.18,46.02],[53.17,45.96],[53.1,46.02]]]]}},{"type":"Feature","properties":{"n":"Chen Dynasty","f":561,"t":586,"w":"Q62454"},"geometry":{"type":"MultiPolygon","coordinates":[[[[108.76,18.41],[108.7,19.38],[109.25,19.96],[110.91,20.15],[111.03,19.57],[109.86,18.35],[108.76,18.41]]],[[[106.09,23.62],[106.17,23.62],[106.16,23.56],[106.09,23.62]]],[[[121.9,30.82],[120.68,30.18],[121.48,30.31],[122.03,29.92],[121.94,29.22],[121.59,29.54],[121.65,28.32],[121.12,28.32],[119.59,26.13],[119.53,25.62],[119.87,25.49],[119.27,25.49],[118.76,24.59],[118.15,24.52],[116.54,22.91],[114.64,22.72],[114.37,22.08],[113.6,22.72],[113.64,22.14],[110.42,21.18],[110.49,20.28],[109.88,20.21],[109.81,21.5],[107.24,21.69],[106.71,22.08],[106.71,22.91],[105.76,23.04],[106.16,23.56],[107.39,24.14],[111.01,24.33],[111.36,24.91],[111.97,26.84],[111.96,28.19],[110.8,28.89],[109.48,29.02],[109.55,29.99],[111.16,30.31],[113.25,29.73],[114.68,30.82],[115.21,30.37],[116.04,30.37],[118.86,32.24],[120.77,32.04],[121.63,31.53],[121.9,30.82]]],[[[122.28,29.99],[121.98,29.99],[122.05,30.18],[122.28,29.99]]]]}},{"type":"Feature","properties":{"n":"Byeonhan","f":561,"t":566,"w":"Q1378584"},"geometry":{"type":"Polygon","coordinates":[[[127.45,34.74],[127.93,35.9],[128.61,35.71],[128.55,34.94],[128.81,35.0],[128.53,34.74],[127.45,34.74]]]}},{"type":"Feature","properties":{"n":"Kingdom of the Franks","f":561,"t":566,"w":"Q146246"},"geometry":{"type":"MultiPolygon","coordinates":[[[[-1.85,43.34],[-1.85,43.41],[-1.77,43.41],[-1.85,43.34]]],[[[12.3,50.65],[11.03,49.65],[11.03,48.79],[10.11,48.46],[9.14,46.15],[6.78,45.82],[7.12,45.3],[6.64,44.97],[7.22,44.12],[6.6,43.28],[4.18,43.47],[4.63,44.25],[4.06,44.52],[2.63,43.8],[1.49,42.63],[-1.77,43.34],[-1.32,43.86],[-1.05,45.69],[-1.25,46.28],[-2.84,47.6],[-1.8,47.99],[-1.51,48.52],[-2.03,49.78],[0.01,49.38],[0.22,49.85],[1.45,50.25],[1.66,51.05],[4.26,51.38],[4.89,52.65],[5.39,52.99],[5.65,52.65],[6.25,52.79],[6.49,53.19],[7.02,52.92],[6.61,51.98],[8.34,50.71],[10.87,51.92],[11.55,51.78],[11.29,51.38],[12.3,50.65]]],[[[12.04,50.31],[12.12,50.31],[12.12,50.25],[12.04,50.31]]]]}},{"type":"Feature","properties":{"n":"Lombards","f":561,"t":566,"w":"Q130900"},"geometry":{"type":"MultiPolygon","coordinates":[[[[19.7,47.73],[18.83,47.01],[19.0,45.37],[20.29,45.17],[19.38,43.34],[17.86,43.41],[16.43,43.99],[13.73,46.35],[13.75,47.47],[14.58,47.8],[14.42,48.32],[16.66,48.32],[16.9,48.13],[17.07,48.19],[19.7,47.73]]],[[[16.91,48.26],[16.99,48.26],[16.99,48.19],[16.91,48.26]]],[[[16.83,48.32],[16.91,48.32],[16.91,48.26],[16.83,48.32]]]]}},{"type":"Feature","properties":{"n":"Northern Zhou","f":561,"t":576,"w":"Q551067"},"geometry":{"type":"Polygon","coordinates":[[[109.46,28.96],[107.65,28.96],[105.13,28.32],[101.61,29.28],[100.98,29.73],[101.14,31.53],[101.69,32.75],[103.21,33.39],[103.65,36.42],[102.1,37.77],[101.7,37.58],[100.41,38.61],[99.81,38.48],[99.2,39.26],[97.91,39.0],[96.76,39.45],[96.7,38.74],[96.36,38.67],[95.32,39.38],[93.35,39.38],[93.09,39.9],[93.36,40.55],[96.93,41.07],[100.94,39.64],[104.58,39.84],[104.67,39.51],[103.61,38.74],[104.11,38.8],[103.66,37.96],[106.02,37.45],[111.1,38.48],[111.34,38.16],[110.8,37.32],[110.83,35.97],[111.58,35.71],[110.32,33.14],[111.54,31.85],[109.46,31.59],[108.83,30.37],[110.08,30.24],[109.55,29.99],[109.46,28.96]]]}},{"type":"Feature","properties":{"n":"(Merovingian Empire)","f":561,"t":566,"w":"Q146246"},"geometry":{"type":"MultiPolygon","coordinates":[[[[-1.85,43.34],[-1.85,43.41],[-1.77,43.41],[-1.85,43.34]]],[[[12.3,50.65],[11.03,49.65],[11.03,48.79],[10.11,48.46],[9.14,46.15],[6.78,45.82],[7.12,45.3],[6.64,44.97],[7.22,44.12],[6.6,43.28],[4.18,43.47],[4.63,44.25],[4.06,44.52],[2.63,43.8],[1.49,42.63],[-1.77,43.34],[-1.32,43.86],[-1.05,45.69],[-1.25,46.28],[-2.84,47.6],[-1.8,47.99],[-1.51,48.52],[-2.03,49.78],[0.01,49.38],[0.22,49.85],[1.45,50.25],[1.66,51.05],[4.26,51.38],[4.89,52.65],[5.39,52.99],[5.65,52.65],[6.25,52.79],[6.49,53.19],[7.02,52.92],[6.61,51.98],[8.34,50.71],[10.87,51.92],[11.55,51.78],[11.29,51.38],[12.3,50.65]]],[[[12.04,50.31],[12.12,50.31],[12.12,50.25],[12.04,50.31]]]]}},{"type":"Feature","properties":{"n":"Later Western Liang","f":561,"t":576,"w":"Q4186404"},"geometry":{"type":"Polygon","coordinates":[[[109.46,31.59],[110.57,31.91],[112.9,31.4],[113.05,30.95],[113.97,30.76],[113.25,29.73],[111.16,30.31],[108.83,30.37],[109.46,31.59]]]}},{"type":"Feature","properties":{"n":"Georgia","f":567,"t":576,"w":"Q4962"},"geometry":{"type":"Polygon","coordinates":[[[42.93,42.43],[42.61,41.52],[41.53,41.26],[41.84,41.65],[41.61,42.63],[39.99,43.47],[40.74,43.6],[42.5,43.15],[42.93,42.43]]]}},{"type":"Feature","properties":{"n":"Eastern Roman Empire","f":567,"t":568,"w":"Q12544"},"geometry":{"type":"MultiPolygon","coordinates":[[[[22.69,44.65],[22.5,44.32],[22.95,43.8],[25.43,43.6],[27.83,44.19],[27.87,45.37],[29.58,45.43],[29.53,44.91],[28.8,44.97],[28.48,43.47],[27.51,42.63],[27.98,41.65],[28.96,41.13],[31.18,41.07],[32.63,41.91],[34.88,42.04],[35.95,41.72],[36.21,41.26],[38.3,40.87],[40.37,40.94],[41.84,41.65],[41.36,40.68],[41.67,40.16],[40.87,38.48],[41.68,36.42],[41.09,36.03],[41.11,35.0],[40.1,34.29],[39.12,34.49],[37.07,33.26],[36.32,30.89],[34.84,29.41],[34.35,27.74],[33.19,28.51],[35.85,23.88],[31.67,23.75],[30.46,23.36],[28.57,24.65],[28.15,27.35],[25.37,29.28],[21.94,30.56],[18.28,30.05],[15.18,30.89],[13.83,32.11],[11.77,32.3],[9.63,33.14],[8.85,34.74],[7.99,35.07],[7.59,36.61],[1.01,36.03],[0.68,36.35],[4.24,36.93],[8.52,36.87],[9.6,37.32],[10.23,37.25],[10.46,36.74],[11.01,37.0],[10.46,35.9],[11.08,35.58],[11.08,35.0],[10.0,34.29],[10.01,33.91],[12.23,32.81],[13.3,32.94],[15.06,32.43],[15.65,31.4],[17.85,30.95],[18.97,30.24],[20.2,30.89],[20.02,32.24],[21.88,32.94],[23.09,32.62],[23.3,32.17],[24.89,31.98],[25.25,31.46],[26.85,31.46],[28.87,30.82],[30.97,31.66],[31.88,31.46],[32.0,31.08],[34.3,31.27],[35.64,34.36],[36.05,34.55],[35.84,36.29],[36.29,36.8],[34.58,36.87],[33.98,36.29],[32.71,36.03],[31.09,36.93],[29.94,36.22],[29.24,36.22],[29.12,36.74],[28.59,36.87],[28.03,36.67],[28.07,37.13],[27.22,37.32],[27.28,38.03],[26.43,38.22],[26.38,38.67],[26.59,38.35],[27.08,38.55],[26.85,39.58],[26.13,39.51],[26.27,40.29],[29.05,40.36],[28.91,40.61],[29.49,40.87],[29.12,41.07],[27.53,41.07],[26.92,40.48],[24.35,41.0],[23.7,40.81],[23.74,40.23],[22.57,40.55],[22.61,39.9],[23.14,39.45],[22.8,39.06],[23.49,38.87],[22.94,38.74],[24.18,38.55],[23.98,37.84],[23.04,37.9],[23.4,37.32],[22.71,37.58],[23.06,36.67],[22.36,36.67],[22.22,37.06],[21.74,36.87],[21.7,37.51],[21.24,37.84],[21.74,38.35],[21.19,38.42],[20.15,39.71],[19.76,39.64],[20.01,39.97],[19.25,40.61],[19.54,41.78],[17.99,42.82],[17.51,42.76],[17.05,43.41],[15.93,43.47],[14.6,45.37],[13.78,44.91],[13.71,45.76],[13.14,45.82],[12.16,45.5],[12.31,44.19],[13.67,43.41],[14.37,42.24],[16.12,41.91],[15.94,41.39],[18.44,40.16],[18.11,39.9],[17.35,40.55],[16.62,40.29],[16.45,39.64],[17.14,39.06],[15.93,37.96],[15.39,38.16],[15.21,37.0],[14.66,36.74],[12.49,37.9],[15.86,38.29],[16.27,38.93],[15.75,40.03],[11.26,42.43],[10.13,44.06],[8.59,44.45],[7.15,43.73],[6.97,44.84],[6.64,44.97],[7.12,45.3],[6.94,45.96],[12.09,46.68],[13.73,46.48],[16.43,43.99],[17.86,43.41],[19.38,43.34],[20.29,45.17],[20.75,44.71],[22.69,44.65]]],[[[-5.34,35.84],[-5.08,35.39],[-6.0,35.39],[-5.34,35.84]]],[[[14.57,35.97],[14.57,35.77],[14.34,35.84],[14.57,35.97]]],[[[23.12,36.35],[23.11,36.16],[22.87,36.16],[23.12,36.35]]],[[[24.36,37.71],[24.43,37.58],[24.27,37.51],[24.36,37.71]]],[[[-4.47,36.74],[-5.58,36.03],[-6.84,37.25],[-7.68,37.0],[-8.32,37.25],[-6.47,37.51],[-5.65,36.93],[-5.23,37.58],[-4.55,37.96],[-3.84,37.84],[-3.02,38.48],[-1.53,38.35],[-0.32,39.19],[0.1,38.74],[-0.66,38.29],[-0.7,37.64],[-2.53,36.87],[-4.47,36.74]]],[[[20.93,37.9],[20.92,37.64],[20.61,37.71],[20.93,37.9]]],[[[20.57,38.42],[20.79,38.09],[20.32,38.16],[20.57,38.42]]],[[[23.56,38.74],[23.48,38.74],[23.49,38.8],[23.56,38.74]]],[[[24.67,38.93],[24.66,38.74],[24.36,38.87],[24.67,38.93]]],[[[1.26,39.13],[1.65,39.13],[1.66,39.0],[1.27,38.8],[1.26,39.13]]],[[[20.15,39.58],[20.07,39.58],[20.07,39.64],[20.15,39.58]]],[[[2.35,39.45],[2.34,39.64],[3.19,39.97],[3.52,39.77],[3.3,39.32],[2.35,39.45]]],[[[4.22,40.1],[4.3,39.84],[3.83,39.9],[4.22,40.1]]],[[[9.59,39.13],[8.34,39.0],[8.15,40.94],[9.5,41.2],[9.59,39.13]]],[[[9.1,41.33],[8.62,41.72],[8.53,42.5],[9.49,43.02],[9.1,41.33]]],[[[10.46,42.89],[10.46,42.69],[10.21,42.69],[10.46,42.89]]],[[[14.51,44.91],[14.5,44.52],[14.26,44.58],[14.51,44.91]]],[[[33.04,34.55],[32.23,34.94],[34.54,35.71],[34.09,35.0],[33.04,34.55]]],[[[25.68,35.13],[26.23,35.19],[24.82,35.0],[23.62,35.52],[25.68,35.13]]],[[[28.02,36.48],[28.25,36.48],[28.14,36.03],[27.74,35.9],[28.02,36.48]]],[[[27.19,36.8],[26.87,36.67],[27.04,36.93],[27.19,36.8]]],[[[25.57,37.13],[25.56,37.0],[25.33,37.0],[25.57,37.13]]],[[[25.22,37.71],[25.29,37.51],[25.05,37.51],[25.22,37.71]]],[[[26.3,37.58],[25.99,37.51],[26.08,37.71],[26.3,37.58]]],[[[25.07,37.77],[24.68,37.84],[24.77,38.03],[25.07,37.77]]],[[[26.22,38.55],[26.11,38.16],[25.88,38.16],[26.22,38.55]]],[[[25.79,39.19],[26.04,39.38],[26.64,39.0],[25.79,39.19]]],[[[25.46,40.03],[25.45,39.84],[24.97,39.84],[25.46,40.03]]],[[[26.04,40.29],[26.02,40.16],[25.7,40.1],[26.04,40.29]]],[[[24.81,40.81],[24.79,40.61],[24.55,40.55],[24.81,40.81]]],[[[32.61,45.5],[34.32,46.09],[35.43,45.3],[33.76,44.45],[33.61,45.1],[32.61,45.5]]]]}},{"type":"Feature","properties":{"n":"Visigothic Kingdom","f":567,"t":576,"w":"Q126936"},"geometry":{"type":"Polygon","coordinates":[[[3.12,41.91],[0.7,40.94],[-0.2,39.97],[-0.32,39.19],[-1.53,38.35],[-2.63,38.55],[-3.84,37.84],[-4.55,37.96],[-5.65,36.93],[-6.47,37.51],[-9.0,37.0],[-8.82,38.48],[-9.55,38.74],[-9.45,39.26],[-6.86,40.29],[-6.85,41.07],[-5.9,41.98],[-5.73,42.76],[-2.28,42.63],[-0.94,43.02],[1.49,42.63],[3.81,44.52],[4.63,44.25],[2.98,43.15],[3.12,41.91]]]}},{"type":"Feature","properties":{"n":"(Kingdom of the Franks)","f":567,"t":568,"w":"Q146246"},"geometry":{"type":"MultiPolygon","coordinates":[[[[4.18,43.47],[4.63,44.25],[3.81,44.52],[1.49,42.63],[-1.42,43.02],[-1.77,43.34],[-1.32,43.86],[-1.05,45.69],[-1.25,46.28],[-2.84,47.6],[-1.8,47.99],[-1.51,48.52],[-2.03,49.78],[0.01,49.38],[0.22,49.85],[1.45,50.31],[1.66,51.05],[4.26,51.38],[4.16,51.71],[4.5,51.78],[4.73,52.32],[4.89,52.65],[5.39,52.99],[5.65,52.65],[6.25,52.79],[6.67,53.19],[7.02,52.92],[6.61,51.98],[8.34,50.71],[9.43,51.25],[9.18,50.71],[9.44,49.58],[11.11,49.18],[11.03,48.79],[10.11,48.46],[9.14,46.15],[6.78,45.82],[7.12,45.3],[6.64,44.97],[6.97,44.84],[7.15,43.67],[6.52,43.21],[4.18,43.47]]],[[[-1.77,43.41],[-1.77,43.34],[-1.85,43.34],[-1.77,43.41]]],[[[4.73,52.32],[4.56,52.18],[4.56,52.32],[4.73,52.32]]]]}},{"type":"Feature","properties":{"n":"Avar Khaganate","f":567,"t":568,"w":"Q68962"},"geometry":{"type":"MultiPolygon","coordinates":[[[[29.58,45.43],[29.67,45.43],[29.66,45.37],[29.58,45.43]]],[[[39.17,48.52],[39.03,47.33],[35.63,46.68],[34.74,46.15],[32.68,46.09],[31.82,46.35],[32.03,46.74],[30.88,46.68],[29.58,45.43],[27.87,45.37],[27.94,44.52],[27.49,44.06],[26.28,44.06],[25.43,43.6],[22.95,43.8],[22.5,44.32],[22.69,44.65],[20.75,44.71],[19.98,45.5],[20.38,46.81],[20.81,47.07],[20.53,47.93],[22.49,47.53],[22.99,48.65],[22.66,49.71],[24.01,50.71],[27.51,51.05],[32.2,50.25],[34.32,50.85],[34.81,51.25],[36.36,51.38],[37.88,50.51],[39.17,48.52]]],[[[32.48,50.45],[32.56,50.45],[32.55,50.38],[32.48,50.45]]]]}},{"type":"Feature","properties":{"n":"Silla","f":567,"t":660,"w":"Q28456"},"geometry":{"type":"Polygon","coordinates":[[[129.67,35.97],[129.15,35.07],[128.53,35.07],[128.68,34.74],[128.08,34.94],[127.55,34.61],[127.99,36.8],[126.74,36.93],[126.6,37.58],[126.29,37.58],[126.95,38.22],[126.83,39.84],[128.29,40.16],[127.44,39.26],[129.47,37.25],[129.67,35.97]]]}},{"type":"Feature","properties":{"n":"Sasanian Empire","f":567,"t":576,"w":"Q1661685"},"geometry":{"type":"MultiPolygon","coordinates":[[[[51.14,25.49],[51.21,25.49],[51.21,25.42],[51.14,25.49]]],[[[50.43,25.94],[50.46,26.26],[50.69,26.26],[50.43,25.94]]],[[[47.5,41.26],[47.99,41.33],[48.28,41.98],[49.51,40.61],[50.19,40.48],[49.51,40.23],[48.8,39.0],[48.83,37.84],[51.64,36.55],[54.03,36.87],[53.99,39.0],[53.14,39.45],[53.54,39.51],[53.5,40.03],[52.72,40.1],[52.89,40.87],[57.16,40.16],[58.33,40.42],[59.77,40.16],[59.77,39.84],[60.71,39.51],[62.69,39.84],[64.74,38.03],[65.14,34.74],[68.12,32.88],[66.48,28.57],[66.4,26.52],[65.8,25.36],[61.72,25.04],[57.96,25.55],[57.18,25.94],[56.71,27.16],[55.29,26.52],[55.54,26.77],[54.68,26.45],[53.66,26.71],[51.45,27.87],[50.06,30.18],[48.94,30.31],[47.85,29.41],[48.87,27.67],[50.13,26.77],[50.07,26.07],[50.65,25.1],[51.12,26.13],[51.7,25.87],[51.41,24.33],[51.91,24.01],[54.08,24.14],[56.48,26.39],[56.4,24.97],[56.79,24.33],[58.81,23.62],[59.27,22.91],[56.81,23.75],[56.09,24.84],[54.27,23.75],[51.88,23.69],[51.17,24.07],[51.32,25.87],[50.62,24.65],[49.67,25.87],[49.88,26.45],[48.55,27.48],[47.53,29.28],[47.65,29.67],[45.77,30.44],[44.81,31.34],[44.73,31.98],[43.91,32.11],[40.1,34.29],[41.11,35.0],[41.09,36.03],[41.66,36.29],[40.87,38.48],[41.67,40.16],[41.53,41.26],[42.61,41.52],[42.93,42.43],[42.5,43.15],[45.23,42.69],[45.75,42.5],[45.68,42.17],[47.5,41.26]]]]}},{"type":"Feature","properties":{"n":"(Merovingian Empire)","f":567,"t":568,"w":"Q146246"},"geometry":{"type":"MultiPolygon","coordinates":[[[[4.18,43.47],[4.63,44.25],[3.81,44.52],[1.49,42.63],[-1.42,43.02],[-1.77,43.34],[-1.32,43.86],[-1.05,45.69],[-1.25,46.28],[-2.84,47.6],[-1.8,47.99],[-1.51,48.52],[-2.03,49.78],[0.01,49.38],[0.22,49.85],[1.45,50.31],[1.66,51.05],[4.26,51.38],[4.16,51.71],[4.5,51.78],[4.73,52.32],[4.89,52.65],[5.39,52.99],[5.65,52.65],[6.25,52.79],[6.67,53.19],[7.02,52.92],[6.61,51.98],[8.34,50.71],[9.43,51.25],[9.18,50.71],[9.44,49.58],[11.11,49.18],[11.03,48.79],[10.11,48.46],[9.14,46.15],[6.78,45.82],[7.12,45.3],[6.64,44.97],[6.97,44.84],[7.15,43.67],[6.52,43.21],[4.18,43.47]]],[[[-1.77,43.41],[-1.77,43.34],[-1.85,43.34],[-1.77,43.41]]],[[[4.73,52.32],[4.56,52.18],[4.56,52.32],[4.73,52.32]]]]}},{"type":"Feature","properties":{"n":"Saxons","f":567,"t":601,"w":"Q101985"},"geometry":{"type":"Polygon","coordinates":[[[10.96,53.33],[11.82,53.12],[11.55,51.78],[10.87,51.92],[8.34,50.71],[6.7,51.98],[7.1,53.12],[8.38,53.33],[8.37,53.87],[8.89,53.87],[8.54,54.27],[8.8,54.55],[9.58,54.07],[11.22,53.94],[10.96,53.33]]]}},{"type":"Feature","properties":{"n":"Bavarians","f":567,"t":591,"w":"Q13048507"},"geometry":{"type":"Polygon","coordinates":[[[14.58,47.8],[13.75,47.47],[13.73,46.48],[9.39,46.48],[10.11,48.46],[11.69,49.12],[14.18,48.32],[14.58,47.8]]]}},{"type":"Feature","properties":{"n":"Duchy of Thuringia","f":567,"t":632,"w":"Q5311389"},"geometry":{"type":"MultiPolygon","coordinates":[[[[12.04,50.25],[12.04,50.31],[12.12,50.31],[12.04,50.25]]],[[[10.53,49.25],[9.44,49.58],[9.18,50.71],[9.43,51.25],[10.87,51.92],[11.55,51.78],[11.29,51.38],[12.3,50.65],[10.53,49.25]]]]}},{"type":"Feature","properties":{"n":"Baekje","f":567,"t":655,"w":"Q28428"},"geometry":{"type":"Polygon","coordinates":[[[126.12,34.36],[126.77,35.9],[126.05,36.8],[126.49,37.06],[127.99,36.8],[127.52,34.55],[126.12,34.36]]]}},{"type":"Feature","properties":{"n":"Kingdom of the Franks","f":567,"t":568,"w":"Q146246"},"geometry":{"type":"MultiPolygon","coordinates":[[[[4.18,43.47],[4.63,44.25],[3.81,44.52],[1.49,42.63],[-1.42,43.02],[-1.77,43.34],[-1.32,43.86],[-1.05,45.69],[-1.25,46.28],[-2.84,47.6],[-1.8,47.99],[-1.51,48.52],[-2.03,49.78],[0.01,49.38],[0.22,49.85],[1.45,50.31],[1.66,51.05],[4.26,51.38],[4.16,51.71],[4.5,51.78],[4.73,52.32],[4.89,52.65],[5.39,52.99],[5.65,52.65],[6.25,52.79],[6.67,53.19],[7.02,52.92],[6.61,51.98],[8.34,50.71],[9.43,51.25],[9.18,50.71],[9.44,49.58],[11.11,49.18],[11.03,48.79],[10.11,48.46],[9.14,46.15],[6.78,45.82],[7.12,45.3],[6.64,44.97],[6.97,44.84],[7.15,43.67],[6.52,43.21],[4.18,43.47]]],[[[-1.77,43.41],[-1.77,43.34],[-1.85,43.34],[-1.77,43.41]]],[[[4.73,52.32],[4.56,52.18],[4.56,52.32],[4.73,52.32]]]]}},{"type":"Feature","properties":{"n":"Lombards","f":567,"t":568,"w":"Q130900"},"geometry":{"type":"MultiPolygon","coordinates":[[[[19.53,47.66],[20.54,47.99],[20.83,47.4],[20.01,45.96],[20.29,45.17],[19.38,43.34],[17.86,43.41],[16.43,43.99],[13.73,46.35],[13.75,47.47],[14.58,47.8],[14.42,48.32],[16.66,48.32],[16.9,48.13],[17.07,48.19],[19.53,47.66]]],[[[16.91,48.26],[16.99,48.26],[16.99,48.19],[16.91,48.26]]],[[[16.83,48.32],[16.91,48.32],[16.91,48.26],[16.83,48.32]]]]}},{"type":"Feature","properties":{"n":"(Merovingian Empire)","f":569,"t":586,"w":"Q146246"},"geometry":{"type":"MultiPolygon","coordinates":[[[[0.04,42.69],[-1.76,43.28],[-1.04,45.63],[-1.25,46.28],[-2.84,47.6],[-1.5,48.46],[-2.03,49.78],[0.01,49.38],[0.22,49.85],[1.45,50.25],[1.66,51.05],[4.26,51.38],[4.16,51.71],[4.5,51.78],[4.73,52.32],[4.89,52.65],[5.39,52.99],[5.65,52.65],[6.25,52.79],[6.67,53.19],[7.02,52.92],[6.61,51.98],[8.34,50.71],[9.43,51.25],[9.18,50.71],[9.44,49.58],[11.11,49.18],[11.03,48.79],[10.11,48.46],[9.14,46.15],[6.78,45.82],[7.12,45.3],[6.64,44.97],[7.23,43.86],[6.52,43.21],[4.18,43.47],[4.63,44.25],[3.81,44.52],[1.49,42.63],[0.04,42.69]],[[2.36,46.15],[2.36,46.09],[2.44,46.09],[2.36,46.15]]],[[[-1.77,43.34],[-1.85,43.34],[-1.85,43.41],[-1.77,43.34]]],[[[4.73,52.32],[4.56,52.18],[4.56,52.32],[4.73,52.32]]]]}},{"type":"Feature","properties":{"n":"Brythons","f":569,"t":576,"w":"Q849967"},"geometry":{"type":"MultiPolygon","coordinates":[[[[-3.16,47.47],[-4.42,47.8],[-4.91,48.52],[-3.12,48.92],[-2.76,48.59],[-1.52,48.65],[-1.65,48.19],[-3.16,47.47]]],[[[-5.3,51.98],[-3.72,52.32],[-3.64,51.65],[-5.08,51.58],[-5.3,51.98]]],[[[-1.49,52.25],[-2.21,51.71],[-1.78,50.71],[-5.75,50.05],[-4.2,51.31],[-3.09,51.25],[-2.55,51.71],[-2.91,51.98],[-2.97,54.14],[-3.59,54.27],[-3.57,54.89],[-5.11,54.68],[-5.33,55.02],[-4.77,55.43],[-4.93,55.98],[-3.09,56.05],[-2.05,54.55],[-1.88,52.79],[-1.49,52.25]]]]}},{"type":"Feature","properties":{"n":"Lombards","f":569,"t":576,"w":"Q130900"},"geometry":{"type":"MultiPolygon","coordinates":[[[[10.54,43.08],[9.64,44.45],[11.26,44.06],[11.66,43.6],[11.98,42.82],[11.26,42.43],[10.54,43.08]]],[[[12.08,45.76],[11.1,44.97],[9.32,45.17],[9.48,44.52],[8.19,44.58],[8.03,44.12],[7.23,43.93],[6.64,44.97],[7.12,45.3],[6.94,45.96],[9.14,46.15],[9.39,46.48],[10.04,46.28],[10.04,46.61],[13.73,46.48],[14.13,46.02],[12.08,45.76]],[[8.59,45.04],[8.99,45.04],[8.99,45.37],[8.58,45.37],[8.59,45.04]]]]}},{"type":"Feature","properties":{"n":"Kingdom of the Franks","f":569,"t":586,"w":"Q146246"},"geometry":{"type":"MultiPolygon","coordinates":[[[[0.04,42.69],[-1.76,43.28],[-1.04,45.63],[-1.25,46.28],[-2.84,47.6],[-1.5,48.46],[-2.03,49.78],[0.01,49.38],[0.22,49.85],[1.45,50.25],[1.66,51.05],[4.26,51.38],[4.16,51.71],[4.5,51.78],[4.73,52.32],[4.89,52.65],[5.39,52.99],[5.65,52.65],[6.25,52.79],[6.67,53.19],[7.02,52.92],[6.61,51.98],[8.34,50.71],[9.43,51.25],[9.18,50.71],[9.44,49.58],[11.11,49.18],[11.03,48.79],[10.11,48.46],[9.14,46.15],[6.78,45.82],[7.12,45.3],[6.64,44.97],[7.23,43.86],[6.52,43.21],[4.18,43.47],[4.63,44.25],[3.81,44.52],[1.49,42.63],[0.04,42.69]],[[2.36,46.15],[2.36,46.09],[2.44,46.09],[2.36,46.15]]],[[[-1.77,43.34],[-1.85,43.34],[-1.85,43.41],[-1.77,43.34]]],[[[4.73,52.32],[4.56,52.18],[4.56,52.32],[4.73,52.32]]]]}},{"type":"Feature","properties":{"n":"Northern Qi","f":569,"t":576,"w":"Q1143524"},"geometry":{"type":"Polygon","coordinates":[[[119.38,39.77],[119.22,39.32],[117.89,39.19],[117.58,38.74],[118.07,38.16],[119.46,37.96],[119.16,37.19],[120.75,37.9],[122.71,37.45],[122.39,36.8],[120.98,36.61],[119.23,34.81],[120.34,34.36],[120.92,32.62],[121.78,32.11],[121.84,31.66],[118.86,32.24],[116.91,30.69],[115.21,30.37],[114.68,30.82],[113.72,30.24],[113.97,30.76],[111.47,31.66],[111.21,32.43],[110.32,33.14],[111.58,35.71],[110.83,35.97],[110.8,37.32],[111.34,38.16],[111.05,38.55],[111.74,38.67],[112.58,39.58],[114.64,39.9],[116.52,41.46],[117.6,41.39],[117.91,40.55],[119.0,40.23],[121.37,41.72],[122.57,41.85],[121.82,40.87],[121.19,40.87],[119.38,39.77]]]}},{"type":"Feature","properties":{"n":"Avar Khaganate","f":569,"t":576,"w":"Q68962"},"geometry":{"type":"MultiPolygon","coordinates":[[[[29.67,45.43],[29.66,45.37],[29.58,45.37],[29.67,45.43]]],[[[39.17,48.52],[39.03,47.33],[35.63,46.68],[34.74,46.15],[32.68,46.09],[31.82,46.35],[32.03,46.74],[30.88,46.68],[29.58,45.43],[27.87,45.37],[27.83,44.19],[25.43,43.6],[22.95,43.8],[22.5,44.32],[22.69,44.65],[20.75,44.71],[20.29,45.17],[19.38,43.34],[17.86,43.41],[16.43,43.99],[13.73,46.35],[13.75,47.47],[14.58,47.8],[14.42,48.32],[16.66,48.32],[17.63,47.8],[19.53,47.66],[20.54,47.99],[22.49,47.53],[22.99,48.65],[22.66,49.71],[24.01,50.71],[25.48,51.05],[29.76,50.85],[32.2,50.25],[34.32,50.85],[34.81,51.25],[36.36,51.38],[37.88,50.51],[39.17,48.52]]],[[[16.91,48.26],[16.99,48.26],[16.99,48.19],[16.91,48.26]]],[[[16.91,48.32],[16.91,48.26],[16.83,48.26],[16.91,48.32]]],[[[32.56,50.45],[32.55,50.38],[32.47,50.38],[32.56,50.45]]]]}},{"type":"Feature","properties":{"n":"Eastern Roman Empire","f":569,"t":576,"w":"Q12544"},"geometry":{"type":"MultiPolygon","coordinates":[[[[28.48,43.47],[27.9,43.28],[27.49,42.43],[27.98,41.65],[28.96,41.13],[31.18,41.07],[32.63,41.91],[34.88,42.04],[35.95,41.72],[36.21,41.26],[38.3,40.87],[40.37,40.94],[41.84,41.65],[41.36,40.68],[41.67,40.16],[40.87,38.48],[41.68,36.42],[41.09,36.03],[41.11,35.0],[40.1,34.29],[39.12,34.49],[37.07,33.26],[36.32,30.89],[34.84,29.41],[34.35,27.74],[33.19,28.51],[35.85,23.88],[31.67,23.75],[30.46,23.36],[28.57,24.65],[28.15,27.35],[25.37,29.28],[21.94,30.56],[18.28,30.05],[15.18,30.89],[13.83,32.11],[11.77,32.3],[9.63,33.14],[8.85,34.74],[7.99,35.07],[7.59,36.61],[1.01,36.03],[0.68,36.35],[4.24,36.93],[8.52,36.87],[9.6,37.32],[10.23,37.25],[10.46,36.74],[11.01,37.0],[10.46,35.9],[11.08,35.58],[11.08,35.0],[10.0,34.29],[10.01,33.91],[12.23,32.81],[13.3,32.94],[15.06,32.43],[15.65,31.4],[17.85,30.95],[18.97,30.24],[20.2,30.89],[20.02,32.24],[21.88,32.94],[23.09,32.62],[23.3,32.17],[24.89,31.98],[25.25,31.46],[26.85,31.46],[28.87,30.82],[30.97,31.66],[31.88,31.46],[32.0,31.08],[34.3,31.27],[35.64,34.36],[36.05,34.55],[35.84,36.29],[36.14,36.93],[35.49,36.61],[34.58,36.87],[33.98,36.29],[32.71,36.03],[31.09,36.93],[29.94,36.22],[29.24,36.22],[29.12,36.74],[28.59,36.87],[28.03,36.67],[28.07,37.13],[27.22,37.32],[27.28,38.03],[26.43,38.22],[26.38,38.67],[26.59,38.35],[27.08,38.55],[26.85,39.58],[26.13,39.51],[26.27,40.29],[29.05,40.36],[28.91,40.61],[29.49,40.87],[27.53,41.07],[26.92,40.48],[24.35,41.0],[23.7,40.81],[23.74,40.23],[22.57,40.55],[22.61,39.9],[23.14,39.45],[22.8,39.06],[23.49,38.87],[22.94,38.74],[24.03,38.67],[24.16,38.22],[23.98,37.84],[23.04,37.9],[23.4,37.32],[22.71,37.58],[23.06,36.67],[22.36,36.67],[22.22,37.06],[21.74,36.87],[21.7,37.51],[21.24,37.84],[21.74,38.35],[21.19,38.42],[20.15,39.71],[19.76,39.64],[20.01,39.97],[19.25,40.61],[19.54,41.78],[17.99,42.82],[17.51,42.76],[17.05,43.41],[15.93,43.47],[14.6,45.37],[13.78,44.91],[13.55,45.5],[13.64,45.89],[14.53,45.89],[16.43,43.99],[18.5,43.34],[19.38,43.34],[20.29,45.17],[20.75,44.71],[22.69,44.65],[22.5,44.32],[22.95,43.8],[25.43,43.6],[27.83,44.19],[27.87,45.37],[29.66,45.37],[29.53,44.91],[29.05,44.97],[28.48,43.47]]],[[[-5.34,35.84],[-5.08,35.39],[-6.0,35.39],[-5.34,35.84]]],[[[14.57,35.97],[14.57,35.77],[14.34,35.84],[14.57,35.97]]],[[[23.12,36.35],[23.11,36.16],[22.87,36.16],[23.12,36.35]]],[[[-4.47,36.74],[-5.58,36.03],[-6.84,37.25],[-7.68,37.0],[-8.32,37.25],[-6.47,37.51],[-5.65,36.93],[-5.23,37.58],[-4.55,37.96],[-3.84,37.84],[-3.02,38.48],[-1.53,38.35],[-0.32,39.19],[0.1,38.74],[-0.66,38.29],[-0.7,37.64],[-2.53,36.87],[-4.47,36.74]]],[[[20.93,37.9],[20.92,37.64],[20.61,37.71],[20.93,37.9]]],[[[20.57,38.42],[20.79,38.09],[20.32,38.16],[20.57,38.42]]],[[[23.48,38.74],[23.49,38.8],[23.57,38.8],[23.48,38.74]]],[[[1.65,39.13],[1.66,39.0],[1.27,38.8],[1.18,39.06],[1.65,39.13]]],[[[20.15,39.58],[20.07,39.58],[20.07,39.64],[20.15,39.58]]],[[[2.35,39.45],[2.34,39.64],[3.19,39.97],[3.52,39.77],[3.3,39.32],[2.35,39.45]]],[[[4.22,40.1],[4.3,39.84],[3.83,39.9],[4.22,40.1]]],[[[9.59,39.13],[8.34,39.0],[8.15,40.94],[9.5,41.2],[9.59,39.13]]],[[[14.37,42.24],[16.12,41.91],[15.87,41.46],[18.44,40.16],[18.11,39.9],[17.35,40.55],[16.62,40.29],[16.45,39.64],[17.14,39.06],[15.93,37.96],[15.39,38.16],[15.05,36.74],[12.49,37.9],[15.86,38.29],[16.27,38.93],[15.9,39.77],[14.89,40.68],[11.73,42.17],[11.98,42.82],[11.26,44.06],[8.59,44.45],[8.03,43.93],[7.15,43.73],[8.03,44.12],[8.19,44.58],[9.48,44.52],[9.32,45.17],[11.1,44.97],[12.08,45.76],[12.98,45.89],[13.06,45.63],[12.16,45.5],[12.15,44.45],[13.67,43.41],[14.37,42.24]]],[[[9.1,41.33],[8.62,41.72],[8.53,42.5],[9.49,43.02],[9.58,41.98],[9.1,41.33]]],[[[11.57,42.3],[11.49,42.3],[11.49,42.37],[11.57,42.3]]],[[[10.46,42.89],[10.46,42.69],[10.21,42.69],[10.46,42.89]]],[[[9.97,43.99],[9.89,43.99],[9.89,44.06],[9.97,43.99]]],[[[14.51,44.91],[14.5,44.52],[14.26,44.58],[14.51,44.91]]],[[[8.99,45.37],[8.99,45.04],[8.59,45.04],[8.58,45.37],[8.99,45.37]]],[[[33.04,34.55],[32.23,34.94],[34.54,35.71],[34.09,35.0],[33.04,34.55]]],[[[25.68,35.13],[26.23,35.19],[24.82,35.0],[23.62,35.52],[25.68,35.13]]],[[[28.14,36.03],[27.74,35.9],[27.69,36.29],[28.02,36.48],[28.14,36.03]]],[[[26.87,36.67],[27.04,36.93],[27.19,36.8],[26.87,36.67]]],[[[25.57,37.13],[25.56,37.0],[25.33,37.0],[25.57,37.13]]],[[[24.36,37.71],[24.43,37.58],[24.27,37.51],[24.36,37.71]]],[[[25.22,37.71],[25.29,37.51],[25.05,37.51],[25.22,37.71]]],[[[26.3,37.58],[25.99,37.51],[26.08,37.71],[26.3,37.58]]],[[[25.07,37.77],[24.68,37.84],[24.77,38.03],[25.07,37.77]]],[[[26.22,38.55],[26.11,38.16],[25.88,38.16],[26.22,38.55]]],[[[24.67,38.93],[24.66,38.74],[24.36,38.87],[24.67,38.93]]],[[[25.79,39.19],[26.04,39.38],[26.64,39.0],[25.79,39.19]]],[[[25.46,40.03],[25.45,39.84],[24.97,39.84],[25.46,40.03]]],[[[26.04,40.29],[26.02,40.16],[25.7,40.1],[26.04,40.29]]],[[[24.81,40.81],[24.79,40.61],[24.55,40.55],[24.81,40.81]]],[[[32.61,45.5],[34.32,46.09],[35.43,45.3],[33.76,44.45],[33.61,45.1],[32.61,45.5]]]]}},{"type":"Feature","properties":{"n":"(Kingdom of the Franks)","f":569,"t":586,"w":"Q146246"},"geometry":{"type":"MultiPolygon","coordinates":[[[[0.04,42.69],[-1.76,43.28],[-1.04,45.63],[-1.25,46.28],[-2.84,47.6],[-1.5,48.46],[-2.03,49.78],[0.01,49.38],[0.22,49.85],[1.45,50.25],[1.66,51.05],[4.26,51.38],[4.16,51.71],[4.5,51.78],[4.73,52.32],[4.89,52.65],[5.39,52.99],[5.65,52.65],[6.25,52.79],[6.67,53.19],[7.02,52.92],[6.61,51.98],[8.34,50.71],[9.43,51.25],[9.18,50.71],[9.44,49.58],[11.11,49.18],[11.03,48.79],[10.11,48.46],[9.14,46.15],[6.78,45.82],[7.12,45.3],[6.64,44.97],[7.23,43.86],[6.52,43.21],[4.18,43.47],[4.63,44.25],[3.81,44.52],[1.49,42.63],[0.04,42.69]],[[2.36,46.15],[2.36,46.09],[2.44,46.09],[2.36,46.15]]],[[[-1.77,43.34],[-1.85,43.34],[-1.85,43.41],[-1.77,43.34]]],[[[4.73,52.32],[4.56,52.18],[4.56,52.32],[4.73,52.32]]]]}},{"type":"Feature","properties":{"n":"Makuria","f":569,"t":622,"w":"Q829356"},"geometry":{"type":"Polygon","coordinates":[[[35.29,17.96],[31.1,18.29],[30.87,20.02],[32.03,19.51],[34.26,19.64],[35.29,17.96]]]}},{"type":"Feature","properties":{"n":"(Brythonic Kingdoms)","f":569,"t":576,"w":"Q849967"},"geometry":{"type":"MultiPolygon","coordinates":[[[[-3.16,47.47],[-4.42,47.8],[-4.91,48.52],[-3.46,48.92],[-1.52,48.65],[-1.8,47.99],[-3.16,47.47]]],[[[-5.08,51.58],[-5.3,51.98],[-4.16,52.45],[-4.3,52.92],[-4.79,52.79],[-4.49,53.12],[-4.7,53.46],[-3.15,53.46],[-2.97,54.14],[-3.59,54.27],[-3.57,54.89],[-5.11,54.68],[-5.33,55.02],[-4.77,55.43],[-4.93,55.98],[-4.15,56.11],[-3.09,56.05],[-2.47,55.23],[-1.49,52.25],[-2.21,51.71],[-1.78,50.71],[-5.75,50.05],[-4.2,51.31],[-2.95,51.45],[-5.08,51.58]],[[-3.22,51.65],[-3.3,51.65],[-3.22,51.61],[-3.22,51.65]]]]}},{"type":"Feature","properties":{"n":"Göktürk Khaganate","f":577,"t":586,"w":"Q15146034"},"geometry":{"type":"MultiPolygon","coordinates":[[[[58.28,42.37],[58.29,42.43],[58.37,42.43],[58.28,42.37]]],[[[47.06,44.91],[45.43,44.91],[42.97,45.63],[38.39,46.02],[37.83,46.55],[39.13,46.94],[39.23,47.99],[38.02,50.38],[42.42,48.59],[45.86,48.39],[52.76,50.18],[55.47,50.51],[66.75,50.31],[68.45,51.18],[71.14,50.38],[82.29,50.31],[86.24,50.78],[90.08,51.85],[92.38,51.58],[96.38,52.52],[99.01,52.12],[100.6,52.92],[103.21,51.92],[103.5,50.98],[104.29,50.91],[108.72,51.78],[112.27,51.65],[117.65,52.72],[120.82,51.31],[118.49,46.68],[114.66,42.11],[112.48,40.61],[110.4,38.16],[106.91,37.51],[103.76,37.84],[104.11,38.8],[103.61,38.74],[104.67,39.51],[104.58,39.84],[100.94,39.64],[96.93,41.07],[93.85,40.74],[88.85,42.24],[84.11,42.76],[82.06,42.24],[80.13,42.43],[77.43,41.39],[73.32,41.0],[73.08,40.74],[73.8,40.29],[73.4,39.51],[73.75,39.13],[73.49,38.55],[72.63,37.71],[72.36,36.74],[71.58,36.42],[70.77,35.39],[70.09,35.77],[68.45,35.39],[67.57,35.9],[65.31,35.52],[64.81,35.71],[64.74,38.03],[62.65,39.71],[61.87,41.2],[60.29,41.26],[59.96,41.78],[58.39,42.5],[57.99,42.5],[56.88,44.32],[54.3,44.97],[54.29,45.56],[53.13,45.5],[53.35,46.35],[53.11,47.01],[50.84,47.14],[47.57,45.76],[47.06,44.91]]],[[[53.1,46.02],[53.18,46.02],[53.17,45.96],[53.1,46.02]]]]}},{"type":"Feature","properties":{"n":"Sasanian Empire","f":577,"t":586,"w":"Q1661685"},"geometry":{"type":"MultiPolygon","coordinates":[[[[51.13,25.42],[51.14,25.49],[51.21,25.49],[51.13,25.42]]],[[[50.43,25.94],[50.46,26.26],[50.69,26.26],[50.43,25.94]]],[[[47.5,41.26],[47.99,41.33],[48.28,41.98],[49.51,40.61],[50.19,40.48],[49.51,40.23],[48.8,39.0],[48.83,37.84],[51.64,36.55],[54.03,36.87],[53.99,39.0],[53.14,39.45],[53.54,39.51],[53.5,40.03],[52.72,40.1],[52.89,40.87],[57.16,40.16],[58.33,40.42],[59.77,40.16],[59.77,39.84],[60.71,39.51],[62.69,39.84],[64.74,38.03],[65.14,34.74],[68.12,32.88],[66.48,28.57],[66.4,26.52],[65.8,25.36],[61.72,25.04],[57.96,25.55],[57.18,25.94],[56.71,27.16],[55.29,26.52],[55.54,26.77],[54.68,26.45],[53.66,26.71],[51.45,27.87],[50.06,30.18],[48.94,30.31],[47.85,29.41],[48.87,27.67],[50.13,26.77],[50.07,26.07],[50.65,25.1],[51.12,26.13],[51.7,25.87],[51.41,24.33],[51.91,24.01],[54.08,24.14],[56.48,26.39],[56.4,24.97],[56.79,24.33],[58.81,23.62],[59.27,22.91],[56.81,23.75],[56.09,24.84],[54.27,23.75],[51.88,23.69],[51.1,24.2],[51.32,25.87],[50.62,24.65],[49.67,25.87],[49.88,26.45],[48.55,27.48],[47.53,29.28],[47.65,29.67],[45.77,30.44],[44.81,31.34],[44.73,31.98],[43.91,32.11],[40.1,34.29],[41.11,35.0],[41.09,36.03],[41.66,36.29],[41.42,36.8],[40.36,37.0],[40.11,37.51],[40.91,38.22],[41.29,39.71],[38.28,39.64],[36.74,39.32],[35.3,38.48],[36.73,39.84],[41.67,40.16],[41.53,41.26],[42.25,41.26],[42.89,42.17],[42.6,43.21],[43.78,42.69],[45.23,42.69],[45.75,42.5],[45.68,42.17],[47.5,41.26]],[[40.91,39.84],[41.15,39.84],[41.18,40.03],[40.91,39.84]]]]}},{"type":"Feature","properties":{"n":"Himyarite Kingdom","f":577,"t":591,"w":"Q289577"},"geometry":{"type":"MultiPolygon","coordinates":[[[[45.58,15.84],[51.08,16.68],[52.38,16.29],[52.1,15.46],[49.41,14.69],[48.79,14.04],[45.74,13.34],[45.05,12.76],[43.44,12.69],[42.49,17.19],[43.55,17.77],[43.95,16.94],[45.58,15.84]]],[[[46.63,16.23],[46.71,16.23],[46.7,16.16],[46.63,16.23]]],[[[43.74,18.48],[43.75,18.54],[43.9,18.61],[43.74,18.48]]]]}},{"type":"Feature","properties":{"n":"Kingdom of the Suebi","f":577,"t":586,"w":"Q1048918"},"geometry":{"type":"Polygon","coordinates":[[[-6.85,41.07],[-6.86,40.29],[-9.37,39.26],[-8.73,40.74],[-8.96,42.17],[-8.65,42.3],[-9.3,43.15],[-8.24,43.73],[-6.05,43.54],[-5.7,42.43],[-6.85,41.07]]]}},{"type":"Feature","properties":{"n":"Duchy of Tuscia","f":577,"t":586,"w":"Q1054580"},"geometry":{"type":"Polygon","coordinates":[[[10.54,43.08],[9.64,44.45],[11.26,44.06],[11.98,42.82],[11.49,42.37],[10.54,43.08]]]}},{"type":"Feature","properties":{"n":"Northern Zhou","f":577,"t":586,"w":"Q551067"},"geometry":{"type":"Polygon","coordinates":[[[119.38,39.77],[119.22,39.32],[117.89,39.19],[117.58,38.74],[118.07,38.16],[119.46,37.96],[119.16,37.19],[120.75,37.9],[122.71,37.45],[122.39,36.8],[120.98,36.61],[119.23,34.81],[120.34,34.36],[120.92,32.62],[121.78,32.11],[121.84,31.66],[118.86,32.24],[116.91,30.69],[115.21,30.37],[114.68,30.82],[113.72,30.24],[114.03,30.69],[113.05,30.95],[113.03,31.34],[110.57,31.91],[109.56,31.66],[108.87,30.95],[108.83,30.37],[110.08,30.24],[109.55,29.99],[109.46,28.96],[107.65,28.96],[105.13,28.32],[100.98,29.73],[101.14,31.53],[101.69,32.75],[103.21,33.39],[103.49,33.97],[103.73,36.03],[103.26,36.8],[100.41,38.61],[99.81,38.48],[99.2,39.26],[97.91,39.0],[96.76,39.45],[96.7,38.74],[96.36,38.67],[95.32,39.38],[93.35,39.38],[93.09,39.9],[93.85,40.74],[96.93,41.07],[100.94,39.64],[104.58,39.84],[104.67,39.51],[103.61,38.74],[104.11,38.8],[103.66,37.96],[106.02,37.45],[110.4,38.16],[111.74,38.67],[112.58,39.58],[114.64,39.9],[116.52,41.46],[117.6,41.39],[117.91,40.55],[119.0,40.23],[121.37,41.72],[122.57,41.85],[121.82,40.87],[121.19,40.87],[119.38,39.77]]]}},{"type":"Feature","properties":{"n":"Lombards","f":577,"t":586,"w":"Q130900"},"geometry":{"type":"Polygon","coordinates":[[[12.08,45.76],[11.1,44.97],[9.32,45.17],[9.48,44.52],[8.19,44.58],[8.03,44.12],[7.23,43.93],[6.64,44.97],[7.12,45.3],[6.94,45.96],[9.14,46.15],[9.39,46.48],[10.04,46.28],[10.04,46.61],[13.73,46.48],[14.13,46.02],[12.08,45.76]]]}},{"type":"Feature","properties":{"n":"Brythons","f":577,"t":586,"w":"Q849967"},"geometry":{"type":"MultiPolygon","coordinates":[[[[-3.16,47.47],[-4.42,47.8],[-4.91,48.52],[-3.46,48.92],[-1.52,48.65],[-1.8,47.99],[-3.16,47.47]]],[[[-5.15,49.98],[-5.77,50.25],[-4.2,51.31],[-3.09,51.25],[-2.87,50.71],[-5.15,49.98]]],[[[-5.3,51.98],[-3.72,52.32],[-3.64,51.65],[-5.08,51.58],[-5.3,51.98]]],[[[-1.84,52.32],[-2.53,52.38],[-2.38,51.78],[-2.92,52.05],[-2.97,54.14],[-3.59,54.27],[-3.57,54.89],[-5.11,54.68],[-5.33,55.02],[-4.77,55.43],[-4.93,55.98],[-3.09,56.05],[-2.05,54.55],[-1.84,52.32]]]]}},{"type":"Feature","properties":{"n":"Later Western Liang","f":577,"t":586,"w":"Q4186404"},"geometry":{"type":"Polygon","coordinates":[[[113.05,30.95],[114.03,30.69],[113.5,29.79],[108.83,30.37],[108.87,30.95],[109.56,31.66],[110.57,31.91],[112.9,31.4],[113.05,30.95]]]}},{"type":"Feature","properties":{"n":"(Brythonic Kingdoms)","f":577,"t":586,"w":"Q849967"},"geometry":{"type":"MultiPolygon","coordinates":[[[[-3.16,47.47],[-4.42,47.8],[-4.91,48.52],[-3.46,48.92],[-1.52,48.65],[-1.8,47.99],[-3.16,47.47]]],[[[-5.15,49.98],[-5.75,50.05],[-4.2,51.31],[-2.9,50.98],[-3.67,50.25],[-5.15,49.98]]],[[[-5.08,51.58],[-5.3,51.98],[-4.16,52.45],[-4.3,52.92],[-4.79,52.79],[-4.49,53.12],[-4.7,53.46],[-3.15,53.46],[-2.97,54.14],[-3.59,54.27],[-3.57,54.89],[-5.11,54.68],[-5.33,55.02],[-4.77,55.43],[-4.93,55.98],[-4.15,56.11],[-3.09,56.05],[-2.47,55.23],[-1.68,52.45],[-2.46,52.52],[-2.38,51.78],[-3.11,51.45],[-5.08,51.58]],[[-2.83,51.96],[-2.82,51.92],[-2.78,51.92],[-2.83,51.96]],[[-2.92,52.05],[-2.91,51.98],[-2.85,51.98],[-2.92,52.05]]]]}},{"type":"Feature","properties":{"n":"Visigothic Kingdom","f":577,"t":586,"w":"Q126936"},"geometry":{"type":"Polygon","coordinates":[[[3.12,41.91],[0.7,40.94],[-0.2,39.97],[-0.32,39.19],[-2.48,37.38],[-5.52,37.25],[-6.07,36.35],[-6.84,37.25],[-9.0,37.0],[-8.82,38.48],[-9.55,38.74],[-9.45,39.26],[-6.86,40.29],[-6.85,41.07],[-5.9,41.98],[-5.73,42.76],[-2.28,42.63],[-0.94,43.02],[1.49,42.63],[3.81,44.52],[4.63,44.25],[2.98,43.15],[3.12,41.91]]]}},{"type":"Feature","properties":{"n":"Kingdom of Mercia","f":577,"t":616,"w":"Q105092"},"geometry":{"type":"Polygon","coordinates":[[[-0.7,51.92],[-0.58,51.51],[-1.7,51.78],[-2.04,53.53],[-0.83,53.53],[0.25,52.86],[0.32,51.92],[-0.7,51.92]]]}},{"type":"Feature","properties":{"n":"(Anglo-Saxon England)","f":577,"t":586,"w":"Q784963"},"geometry":{"type":"Polygon","coordinates":[[[-2.61,50.58],[-3.09,51.25],[-2.38,51.78],[-2.46,52.52],[-1.68,52.45],[-2.05,54.55],[-3.09,56.05],[-1.73,55.7],[-1.28,54.61],[-0.2,54.21],[0.02,53.66],[-0.68,53.73],[-0.73,53.33],[0.17,52.86],[1.62,52.86],[1.43,51.98],[0.86,51.51],[0.02,51.5],[1.39,51.18],[-2.61,50.58]]]}},{"type":"Feature","properties":{"n":"Eastern Roman Empire","f":577,"t":586,"w":"Q12544"},"geometry":{"type":"MultiPolygon","coordinates":[[[[-5.34,35.84],[-5.08,35.39],[-6.0,35.39],[-5.34,35.84]]],[[[14.57,35.97],[14.57,35.77],[14.34,35.84],[14.57,35.97]]],[[[-4.47,36.74],[-5.58,36.03],[-6.07,36.29],[-5.52,37.25],[-2.48,37.38],[-0.55,39.13],[0.1,38.74],[-0.66,38.29],[-0.7,37.64],[-2.53,36.87],[-4.47,36.74]]],[[[1.65,39.13],[1.66,39.0],[1.27,38.8],[1.18,39.06],[1.65,39.13]]],[[[2.34,39.64],[2.88,39.97],[3.52,39.77],[3.3,39.32],[2.34,39.64]]],[[[4.22,40.1],[4.3,39.84],[3.83,39.9],[4.22,40.1]]],[[[9.59,39.13],[8.34,39.0],[8.15,40.94],[9.5,41.2],[9.59,39.13]]],[[[14.6,41.98],[14.53,42.17],[14.77,42.17],[14.6,41.98]]],[[[9.1,41.33],[8.62,41.72],[8.53,42.5],[9.49,43.02],[9.1,41.33]]],[[[11.49,42.3],[11.49,42.37],[11.57,42.37],[11.49,42.3]]],[[[10.46,42.89],[10.46,42.69],[10.21,42.69],[10.46,42.89]]],[[[14.06,42.43],[13.11,43.6],[12.55,43.47],[12.38,42.95],[12.61,42.37],[14.04,41.59],[13.79,41.2],[11.73,42.17],[11.57,42.37],[11.98,42.82],[11.26,44.06],[8.59,44.45],[8.03,43.93],[7.15,43.73],[8.03,44.12],[8.19,44.58],[9.48,44.52],[9.32,45.17],[11.1,44.97],[12.08,45.76],[12.98,45.89],[13.06,45.63],[12.16,45.5],[12.15,44.45],[13.36,43.67],[14.06,42.43]]],[[[9.97,44.06],[9.97,43.99],[9.89,43.99],[9.97,44.06]]],[[[14.51,44.91],[14.5,44.52],[14.26,44.58],[14.51,44.91]]],[[[28.48,43.47],[27.9,43.28],[27.49,42.43],[27.98,41.65],[28.96,41.13],[31.18,41.07],[32.63,41.91],[35.12,42.04],[36.21,41.26],[40.37,40.94],[41.57,41.46],[41.82,41.98],[41.61,42.63],[40.17,43.6],[42.6,43.21],[42.93,42.43],[42.61,41.52],[41.53,41.26],[41.67,40.16],[36.73,39.84],[35.33,38.74],[35.53,38.42],[36.74,39.32],[38.28,39.64],[41.29,39.71],[40.91,38.22],[40.11,37.51],[40.36,37.0],[41.42,36.8],[41.66,36.29],[41.09,36.03],[41.11,35.0],[40.1,34.29],[39.12,34.49],[37.07,33.26],[36.32,30.89],[34.84,29.41],[34.35,27.74],[33.19,28.51],[35.85,23.88],[31.67,23.75],[30.46,23.36],[28.57,24.65],[28.15,27.35],[25.37,29.28],[21.94,30.56],[18.28,30.05],[15.18,30.89],[13.83,32.11],[11.77,32.3],[9.63,33.14],[8.85,34.74],[7.99,35.07],[7.59,36.61],[1.01,36.03],[0.68,36.35],[4.24,36.93],[8.52,36.87],[9.6,37.32],[10.23,37.25],[10.46,36.74],[11.01,37.0],[10.46,35.9],[11.08,35.58],[11.08,35.0],[10.0,34.29],[10.01,33.91],[12.23,32.81],[13.3,32.94],[15.06,32.43],[15.65,31.4],[17.85,30.95],[18.97,30.24],[20.2,30.89],[20.02,32.24],[21.88,32.94],[23.09,32.62],[23.3,32.17],[24.89,31.98],[25.25,31.46],[26.85,31.46],[28.87,30.82],[30.97,31.66],[31.88,31.46],[32.0,31.08],[34.3,31.27],[35.64,34.36],[36.05,34.55],[35.84,36.29],[36.14,36.93],[35.49,36.61],[34.58,36.87],[33.98,36.29],[32.71,36.03],[31.09,36.93],[29.94,36.22],[29.24,36.22],[29.12,36.74],[28.59,36.87],[28.03,36.67],[28.07,37.13],[27.22,37.32],[27.28,38.03],[26.43,38.22],[26.38,38.67],[26.59,38.35],[27.08,38.55],[26.85,39.58],[26.13,39.51],[26.27,40.29],[29.05,40.36],[28.91,40.61],[29.49,40.87],[27.53,41.07],[26.92,40.48],[24.35,41.0],[23.7,40.81],[23.74,40.23],[22.57,40.55],[22.61,39.9],[23.14,39.45],[22.8,39.06],[23.49,38.87],[22.94,38.74],[24.03,38.67],[24.16,38.22],[23.98,37.84],[23.04,37.9],[23.4,37.32],[22.71,37.58],[23.06,36.67],[22.36,36.67],[22.22,37.06],[21.74,36.87],[21.7,37.51],[21.24,37.84],[21.74,38.35],[21.19,38.42],[20.15,39.71],[19.76,39.64],[20.01,39.97],[19.25,40.61],[19.54,41.78],[17.99,42.82],[17.51,42.76],[17.05,43.41],[15.93,43.47],[14.6,45.37],[13.78,44.91],[13.55,45.5],[13.64,45.89],[14.53,45.89],[16.43,43.99],[18.5,43.34],[19.38,43.34],[20.29,45.17],[20.75,44.71],[22.69,44.65],[22.5,44.32],[22.95,43.8],[25.43,43.6],[27.83,44.19],[27.87,45.37],[29.66,45.37],[29.53,44.91],[28.8,44.97],[28.48,43.47]]],[[[25.68,35.13],[26.23,35.19],[24.82,35.0],[23.62,35.52],[25.68,35.13]]],[[[23.12,36.35],[23.11,36.16],[22.87,36.16],[23.12,36.35]]],[[[24.43,37.58],[24.27,37.51],[24.2,37.64],[24.43,37.58]]],[[[20.93,37.9],[20.92,37.64],[20.61,37.71],[20.93,37.9]]],[[[25.07,37.77],[24.68,37.84],[24.77,38.03],[25.07,37.77]]],[[[20.8,38.29],[20.79,38.09],[20.32,38.16],[20.8,38.29]]],[[[23.56,38.74],[23.48,38.74],[23.49,38.8],[23.56,38.74]]],[[[24.67,38.93],[24.66,38.74],[24.36,38.87],[24.67,38.93]]],[[[17.14,39.06],[16.5,38.8],[16.49,38.42],[15.93,37.96],[15.39,38.16],[15.05,36.74],[12.49,37.71],[12.65,38.09],[14.6,38.03],[15.86,38.29],[16.27,38.74],[15.75,40.03],[14.03,41.0],[14.98,40.81],[15.98,40.03],[15.98,39.71],[16.92,39.51],[17.14,39.06]]],[[[20.07,39.58],[20.07,39.64],[20.15,39.64],[20.07,39.58]]],[[[17.98,40.61],[18.35,39.9],[17.35,40.55],[16.78,40.36],[16.09,40.94],[16.34,41.26],[17.98,40.61]]],[[[24.81,40.81],[24.79,40.61],[24.55,40.55],[24.81,40.81]]],[[[15.87,41.46],[15.63,41.52],[15.63,41.72],[15.87,41.46]]],[[[33.04,34.55],[32.23,34.94],[34.54,35.71],[34.09,35.0],[33.04,34.55]]],[[[28.14,36.03],[27.74,35.9],[27.69,36.29],[28.02,36.48],[28.14,36.03]]],[[[26.87,36.67],[27.04,36.93],[27.19,36.8],[26.87,36.67]]],[[[25.57,37.13],[25.56,37.0],[25.33,37.0],[25.57,37.13]]],[[[25.22,37.71],[25.29,37.51],[25.05,37.51],[25.22,37.71]]],[[[26.31,37.71],[26.3,37.58],[25.99,37.51],[26.31,37.71]]],[[[26.22,38.55],[26.11,38.16],[25.88,38.16],[25.82,38.48],[26.22,38.55]]],[[[25.79,39.19],[26.51,39.32],[26.64,39.0],[25.79,39.19]]],[[[25.46,40.03],[25.45,39.84],[24.97,39.84],[25.46,40.03]]],[[[40.91,39.84],[40.94,40.03],[41.18,40.03],[40.91,39.84]]],[[[26.04,40.29],[26.02,40.16],[25.7,40.1],[26.04,40.29]]],[[[32.61,45.5],[34.32,46.09],[35.43,45.3],[33.76,44.45],[33.61,45.1],[32.61,45.5]]]]}},{"type":"Feature","properties":{"n":"Duchy of Benevento","f":577,"t":586,"w":"Q267816"},"geometry":{"type":"MultiPolygon","coordinates":[[[[16.78,40.36],[16.86,40.36],[16.86,40.29],[16.78,40.36]]],[[[15.63,41.52],[16.26,41.33],[16.09,40.94],[16.79,40.55],[16.45,39.71],[15.98,39.71],[14.98,40.81],[13.79,41.13],[14.04,41.59],[13.73,42.04],[14.14,42.5],[14.6,41.98],[16.03,41.72],[15.63,41.52]]]]}},{"type":"Feature","properties":{"n":"Duchy of Spoleto","f":577,"t":586,"w":"Q2829270"},"geometry":{"type":"Polygon","coordinates":[[[12.61,42.37],[12.38,42.95],[12.71,43.6],[13.59,43.21],[13.73,41.98],[12.61,42.37]]]}},{"type":"Feature","properties":{"n":"Kingdom of Gwent","f":577,"t":586,"w":"Q2594661"},"geometry":{"type":"Polygon","coordinates":[[[-3.12,51.51],[-3.32,51.78],[-2.74,51.92],[-3.12,51.51]]]}},{"type":"Feature","properties":{"n":"Kingdom of Wessex","f":577,"t":586,"w":"Q105313"},"geometry":{"type":"Polygon","coordinates":[[[-2.61,50.58],[-3.1,51.31],[-2.39,51.85],[0.02,51.51],[0.05,51.11],[-1.15,51.25],[-1.36,50.78],[-2.61,50.58]]]}},{"type":"Feature","properties":{"n":"Hwicce","f":577,"t":586,"w":"Q733799"},"geometry":{"type":"Polygon","coordinates":[[[-1.7,51.78],[-2.39,51.85],[-2.53,52.38],[-2.2,52.52],[-1.7,51.78]]]}},{"type":"Feature","properties":{"n":"Avar Khaganate","f":577,"t":586,"w":"Q68962"},"geometry":{"type":"MultiPolygon","coordinates":[[[[29.67,45.43],[29.66,45.37],[29.58,45.37],[29.67,45.43]]],[[[39.17,48.52],[39.03,47.33],[35.63,46.68],[34.74,46.15],[32.68,46.09],[31.82,46.35],[32.03,46.74],[30.88,46.68],[29.58,45.43],[27.87,45.37],[27.83,44.19],[25.43,43.6],[22.95,43.8],[22.5,44.32],[22.69,44.65],[20.75,44.71],[20.29,45.17],[19.38,43.34],[17.86,43.41],[16.43,43.99],[13.73,46.35],[13.75,47.47],[14.58,47.8],[14.42,48.32],[16.66,48.32],[17.63,47.8],[19.53,47.66],[20.54,47.99],[22.49,47.53],[22.99,48.65],[22.66,49.71],[24.01,50.71],[25.48,51.05],[29.76,50.85],[32.2,50.25],[34.32,50.85],[34.81,51.25],[36.36,51.38],[37.88,50.51],[39.17,48.52]]],[[[16.91,48.26],[16.99,48.26],[16.99,48.19],[16.91,48.26]]],[[[16.91,48.32],[16.91,48.26],[16.83,48.26],[16.91,48.32]]],[[[32.56,50.45],[32.55,50.38],[32.47,50.38],[32.56,50.45]]]]}},{"type":"Feature","properties":{"n":"Brythons","f":587,"t":591,"w":"Q849967"},"geometry":{"type":"MultiPolygon","coordinates":[[[[-4.77,50.31],[-5.15,49.98],[-5.77,50.25],[-4.2,51.31],[-3.09,51.25],[-2.87,50.71],[-3.75,50.25],[-4.77,50.31]]],[[[-5.3,51.98],[-3.72,52.32],[-3.64,51.65],[-5.08,51.58],[-5.3,51.98]]],[[[-1.84,52.32],[-2.46,52.52],[-2.39,51.85],[-2.92,52.05],[-2.97,54.14],[-3.59,54.27],[-3.57,54.89],[-5.11,54.68],[-5.33,55.02],[-4.77,55.43],[-4.93,55.98],[-3.09,56.05],[-2.05,54.55],[-1.84,52.32]]]]}},{"type":"Feature","properties":{"n":"Kingdom of the Franks","f":587,"t":591,"w":"Q146246"},"geometry":{"type":"MultiPolygon","coordinates":[[[[0.04,42.69],[-1.76,43.28],[-1.04,45.63],[-1.25,46.28],[-2.84,47.6],[-1.5,48.46],[-2.03,49.78],[0.01,49.38],[0.22,49.85],[1.45,50.25],[1.66,51.05],[4.26,51.38],[4.16,51.71],[4.5,51.78],[4.73,52.32],[4.89,52.65],[5.39,52.99],[5.65,52.65],[6.25,52.79],[6.67,53.19],[7.02,52.92],[6.61,51.98],[8.34,50.71],[9.43,51.25],[9.18,50.71],[9.44,49.58],[11.11,49.18],[11.03,48.79],[10.11,48.46],[9.14,46.15],[6.78,45.82],[7.12,45.3],[6.64,44.97],[7.23,43.86],[6.52,43.21],[4.18,43.47],[4.63,44.25],[3.81,44.52],[1.49,42.63],[0.04,42.69]],[[2.36,46.15],[2.36,46.09],[2.44,46.09],[2.36,46.15]]],[[[-1.77,43.34],[-1.85,43.34],[-1.85,43.41],[-1.77,43.34]]],[[[4.73,52.32],[4.56,52.18],[4.56,52.32],[4.73,52.32]]]]}},{"type":"Feature","properties":{"n":"(Merovingian Empire)","f":587,"t":591,"w":"Q146246"},"geometry":{"type":"MultiPolygon","coordinates":[[[[0.04,42.69],[-1.76,43.28],[-1.04,45.63],[-1.25,46.28],[-2.84,47.6],[-1.5,48.46],[-2.03,49.78],[0.01,49.38],[0.22,49.85],[1.45,50.25],[1.66,51.05],[4.26,51.38],[4.16,51.71],[4.5,51.78],[4.73,52.32],[4.89,52.65],[5.39,52.99],[5.65,52.65],[6.25,52.79],[6.67,53.19],[7.02,52.92],[6.61,51.98],[8.34,50.71],[9.43,51.25],[9.18,50.71],[9.44,49.58],[11.11,49.18],[11.03,48.79],[10.11,48.46],[9.14,46.15],[6.78,45.82],[7.12,45.3],[6.64,44.97],[7.23,43.86],[6.52,43.21],[4.18,43.47],[4.63,44.25],[3.81,44.52],[1.49,42.63],[0.04,42.69]],[[2.36,46.15],[2.36,46.09],[2.44,46.09],[2.36,46.15]]],[[[-1.77,43.34],[-1.85,43.34],[-1.85,43.41],[-1.77,43.34]]],[[[4.73,52.32],[4.56,52.18],[4.56,52.32],[4.73,52.32]]]]}},{"type":"Feature","properties":{"n":"Kingdom of Italy","f":587,"t":601,"w":"Q172579"},"geometry":{"type":"MultiPolygon","coordinates":[[[[16.86,40.36],[16.86,40.29],[16.78,40.29],[16.86,40.36]]],[[[16.12,41.91],[15.63,41.52],[16.26,41.33],[16.09,40.94],[16.79,40.55],[16.45,39.71],[15.98,39.71],[14.98,40.81],[13.79,41.13],[13.96,41.72],[12.54,42.5],[12.55,43.47],[13.11,43.6],[14.37,42.24],[16.12,41.91]]],[[[10.54,43.08],[9.64,44.45],[11.26,44.06],[11.66,43.6],[11.98,42.82],[11.57,42.37],[10.54,43.08]]],[[[12.08,45.76],[11.1,44.97],[9.32,45.17],[9.48,44.52],[8.19,44.58],[8.03,44.12],[7.23,43.93],[6.64,44.97],[7.12,45.3],[6.94,45.96],[9.14,46.15],[9.39,46.48],[10.04,46.28],[10.04,46.61],[13.73,46.48],[14.13,46.02],[12.08,45.76]]]]}},{"type":"Feature","properties":{"n":"Dál Riata","f":587,"t":611,"w":"Q111471"},"geometry":{"type":"MultiPolygon","coordinates":[[[[-4.36,54.21],[-4.86,54.07],[-4.81,54.34],[-4.36,54.21]]],[[[-6.08,54.75],[-7.01,55.23],[-6.67,55.29],[-6.15,55.29],[-6.08,54.75]]],[[[-6.56,55.7],[-6.59,55.91],[-5.89,55.98],[-6.19,55.57],[-6.56,55.7]]],[[[-5.12,55.43],[-5.89,55.29],[-5.68,56.39],[-6.34,56.66],[-5.7,57.14],[-5.95,57.63],[-5.39,57.49],[-4.94,56.73],[-4.85,56.05],[-5.44,55.91],[-5.12,55.43]]]]}},{"type":"Feature","properties":{"n":"Sasanian Empire","f":587,"t":591,"w":"Q1661685"},"geometry":{"type":"MultiPolygon","coordinates":[[[[51.13,25.42],[51.14,25.49],[51.21,25.49],[51.13,25.42]]],[[[50.43,25.94],[50.46,26.26],[50.69,26.26],[50.43,25.94]]],[[[47.5,41.26],[47.99,41.33],[48.28,41.98],[49.51,40.61],[50.19,40.48],[49.51,40.23],[48.8,39.0],[48.83,37.84],[51.64,36.55],[54.03,36.87],[53.99,39.0],[53.14,39.45],[53.54,39.51],[53.5,40.03],[52.72,40.1],[52.89,40.87],[57.16,40.16],[58.33,40.42],[59.77,40.16],[59.77,39.84],[60.71,39.51],[62.69,39.84],[64.74,38.03],[65.14,34.74],[68.12,32.88],[66.48,28.57],[66.4,26.52],[65.8,25.36],[61.72,25.04],[57.96,25.55],[57.18,25.94],[56.71,27.16],[55.29,26.52],[55.54,26.77],[54.68,26.45],[53.66,26.71],[51.45,27.87],[50.06,30.18],[48.94,30.31],[47.85,29.41],[48.87,27.67],[50.13,26.77],[50.07,26.07],[50.65,25.1],[51.12,26.13],[51.7,25.87],[51.41,24.33],[51.91,24.01],[54.08,24.14],[56.48,26.39],[56.4,24.97],[56.79,24.33],[58.81,23.62],[59.27,22.91],[56.81,23.75],[56.09,24.84],[54.27,23.75],[51.88,23.69],[51.17,24.07],[51.32,25.87],[50.62,24.65],[49.67,25.87],[49.88,26.45],[48.55,27.48],[47.53,29.28],[47.65,29.67],[45.77,30.44],[44.81,31.34],[44.73,31.98],[43.91,32.11],[40.1,34.29],[41.11,35.0],[41.09,36.03],[41.66,36.29],[41.42,36.8],[40.29,37.06],[40.11,37.51],[40.91,38.22],[40.98,39.26],[41.67,40.16],[41.53,41.26],[42.61,41.52],[42.93,42.43],[42.49,43.08],[45.16,42.76],[45.68,42.56],[45.68,42.17],[47.5,41.26]]]]}},{"type":"Feature","properties":{"n":"Chen Dynasty","f":587,"t":591,"w":"Q62454"},"geometry":{"type":"MultiPolygon","coordinates":[[[[108.76,18.41],[108.7,19.38],[109.25,19.96],[110.91,20.15],[111.03,19.57],[109.86,18.35],[108.76,18.41]]],[[[106.09,23.62],[106.17,23.62],[106.16,23.56],[106.09,23.62]]],[[[121.9,30.82],[120.68,30.18],[121.48,30.31],[122.03,29.92],[121.94,29.22],[121.59,29.54],[121.65,28.32],[121.12,28.32],[119.59,26.13],[119.53,25.62],[119.87,25.49],[119.27,25.49],[118.76,24.59],[118.15,24.52],[116.54,22.91],[114.64,22.72],[114.37,22.08],[113.6,22.72],[113.64,22.14],[110.42,21.18],[110.49,20.28],[109.88,20.21],[109.81,21.5],[107.24,21.69],[106.71,22.08],[106.71,22.91],[105.76,23.04],[106.16,23.56],[107.39,24.14],[111.01,24.33],[111.36,24.91],[111.97,26.84],[111.96,28.19],[110.8,28.89],[109.48,29.02],[109.55,29.99],[111.16,30.31],[113.25,29.73],[114.68,30.82],[115.21,30.37],[116.04,30.37],[118.86,32.24],[120.77,32.04],[121.63,31.53],[121.9,30.82]]],[[[122.28,29.99],[121.98,29.99],[122.05,30.18],[122.28,29.99]]]]}},{"type":"Feature","properties":{"n":"Hwicce","f":587,"t":591,"w":"Q733799"},"geometry":{"type":"Polygon","coordinates":[[[-2.39,51.85],[-2.46,52.52],[-1.84,52.32],[-1.7,51.78],[-2.35,51.38],[-2.71,51.65],[-2.39,51.85]]]}},{"type":"Feature","properties":{"n":"Kingdom of Wessex","f":587,"t":627,"w":"Q105313"},"geometry":{"type":"Polygon","coordinates":[[[-2.61,50.58],[-3.1,51.31],[-1.7,51.78],[0.02,51.51],[0.05,51.11],[-1.15,51.25],[-1.36,50.78],[-2.61,50.58]]]}},{"type":"Feature","properties":{"n":"Eastern Göktürks","f":587,"t":611,"w":"Q205466"},"geometry":{"type":"Polygon","coordinates":[[[103.5,50.98],[104.29,50.91],[108.72,51.78],[112.27,51.65],[117.65,52.72],[120.82,51.31],[118.49,46.68],[114.66,42.11],[113.05,40.94],[109.79,41.07],[108.51,40.74],[106.38,38.09],[104.54,37.64],[103.76,37.84],[104.11,38.8],[103.61,38.74],[104.67,39.51],[104.58,39.84],[100.94,39.64],[96.93,41.07],[93.85,40.74],[92.56,41.07],[93.31,42.04],[94.1,42.37],[94.05,43.6],[92.0,45.04],[90.74,45.3],[91.01,46.68],[90.17,47.8],[89.03,47.99],[87.73,48.85],[90.68,51.71],[92.38,51.58],[96.38,52.52],[99.01,52.12],[100.6,52.92],[103.24,51.71],[103.5,50.98]]]}},{"type":"Feature","properties":{"n":"Avar Khaganate","f":587,"t":616,"w":"Q68962"},"geometry":{"type":"MultiPolygon","coordinates":[[[[29.67,45.43],[29.66,45.37],[29.58,45.37],[29.67,45.43]]],[[[39.17,48.52],[38.94,47.27],[35.63,46.68],[34.74,46.15],[32.68,46.09],[31.82,46.35],[32.03,46.74],[30.88,46.68],[29.58,45.43],[27.87,45.37],[27.83,44.19],[25.43,43.6],[22.95,43.8],[22.5,44.32],[22.69,44.65],[20.75,44.71],[20.29,45.17],[19.38,43.34],[17.86,43.41],[16.43,43.99],[13.73,46.35],[13.75,47.47],[14.58,47.8],[14.42,48.32],[22.58,47.6],[22.99,48.65],[22.66,49.71],[24.01,50.71],[25.48,51.05],[29.76,50.85],[32.2,50.25],[34.32,50.85],[34.81,51.25],[36.36,51.38],[38.02,50.38],[39.17,48.52]]],[[[16.91,48.26],[16.99,48.26],[16.99,48.19],[16.91,48.26]]],[[[16.91,48.32],[16.91,48.26],[16.83,48.26],[16.91,48.32]]],[[[32.56,50.45],[32.55,50.38],[32.47,50.38],[32.56,50.45]]]]}},{"type":"Feature","properties":{"n":"Sui Dynasty","f":587,"t":591,"w":"Q7405"},"geometry":{"type":"Polygon","coordinates":[[[119.38,39.77],[119.22,39.32],[117.89,39.19],[117.58,38.74],[118.07,38.16],[119.46,37.96],[119.16,37.19],[120.75,37.9],[122.71,37.45],[122.39,36.8],[120.98,36.61],[119.23,34.81],[120.34,34.36],[120.92,32.62],[121.78,32.11],[121.84,31.66],[118.86,32.24],[116.04,30.37],[115.21,30.37],[114.68,30.82],[113.25,29.73],[110.25,30.31],[109.55,29.99],[109.46,28.96],[107.65,28.96],[105.13,28.32],[100.98,29.73],[101.14,31.53],[101.69,32.75],[103.21,33.39],[103.49,33.97],[103.73,36.03],[103.26,36.8],[100.41,38.61],[99.81,38.48],[99.2,39.26],[97.91,39.0],[96.76,39.45],[96.7,38.74],[96.36,38.67],[95.32,39.38],[93.35,39.38],[93.09,39.9],[93.85,40.74],[96.93,41.07],[100.94,39.64],[104.58,39.84],[104.67,39.51],[103.61,38.74],[104.11,38.8],[103.76,37.84],[104.54,37.64],[106.38,38.09],[108.51,40.74],[109.79,41.07],[113.13,40.94],[115.76,41.52],[117.4,41.46],[118.08,40.42],[119.0,40.23],[121.37,41.72],[122.57,41.85],[121.82,40.87],[121.19,40.87],[119.38,39.77]]]}},{"type":"Feature","properties":{"n":"Breton Kingdoms","f":587,"t":601,"w":"Q309197"},"geometry":{"type":"Polygon","coordinates":[[[-4.42,47.8],[-4.91,48.52],[-3.12,48.92],[-2.76,48.59],[-1.52,48.65],[-3.16,47.47],[-4.42,47.8]]]}},{"type":"Feature","properties":{"n":"(Kingdom of the Franks)","f":587,"t":591,"w":"Q146246"},"geometry":{"type":"MultiPolygon","coordinates":[[[[0.04,42.69],[-1.76,43.28],[-1.04,45.63],[-1.25,46.28],[-2.84,47.6],[-1.5,48.46],[-2.03,49.78],[0.01,49.38],[0.22,49.85],[1.45,50.25],[1.66,51.05],[4.26,51.38],[4.16,51.71],[4.5,51.78],[4.73,52.32],[4.89,52.65],[5.39,52.99],[5.65,52.65],[6.25,52.79],[6.67,53.19],[7.02,52.92],[6.61,51.98],[8.34,50.71],[9.43,51.25],[9.18,50.71],[9.44,49.58],[11.11,49.18],[11.03,48.79],[10.11,48.46],[9.14,46.15],[6.78,45.82],[7.12,45.3],[6.64,44.97],[7.23,43.86],[6.52,43.21],[4.18,43.47],[4.63,44.25],[3.81,44.52],[1.49,42.63],[0.04,42.69]],[[2.36,46.15],[2.36,46.09],[2.44,46.09],[2.36,46.15]]],[[[-1.77,43.34],[-1.85,43.34],[-1.85,43.41],[-1.77,43.34]]],[[[4.73,52.32],[4.56,52.18],[4.56,52.32],[4.73,52.32]]]]}},{"type":"Feature","properties":{"n":"(Anglo-Saxon England)","f":587,"t":591,"w":"Q784963"},"geometry":{"type":"Polygon","coordinates":[[[-2.61,50.58],[-3.09,51.25],[-2.39,51.85],[-2.46,52.52],[-1.68,52.45],[-2.05,54.55],[-3.09,56.05],[-1.73,55.7],[-1.28,54.61],[-0.2,54.21],[0.02,53.66],[-0.68,53.73],[-0.73,53.33],[0.17,52.86],[1.62,52.86],[1.43,51.98],[0.86,51.51],[0.02,51.5],[1.39,51.18],[-2.61,50.58]]]}},{"type":"Feature","properties":{"n":"Visigothic Kingdom","f":587,"t":591,"w":"Q126936"},"geometry":{"type":"Polygon","coordinates":[[[3.12,41.91],[0.7,40.94],[-0.2,39.97],[-0.32,39.19],[-2.48,37.38],[-5.52,37.25],[-6.07,36.35],[-6.84,37.25],[-9.0,37.0],[-8.82,38.48],[-9.21,38.42],[-9.57,38.93],[-8.9,40.1],[-8.96,42.17],[-8.65,42.3],[-9.3,43.15],[-8.24,43.73],[-6.05,43.54],[-5.81,42.76],[-5.33,42.69],[-2.28,42.63],[-0.94,43.02],[1.49,42.63],[3.81,44.52],[4.63,44.25],[2.98,43.15],[3.12,41.91]]]}},{"type":"Feature","properties":{"n":"(Brythonic Kingdoms)","f":587,"t":591,"w":"Q849967"},"geometry":{"type":"MultiPolygon","coordinates":[[[[-5.15,49.98],[-5.75,50.05],[-4.2,51.31],[-2.9,50.98],[-3.67,50.25],[-5.15,49.98]]],[[[-5.08,51.58],[-5.3,51.98],[-4.16,52.45],[-4.3,52.92],[-4.79,52.79],[-4.49,53.12],[-4.7,53.46],[-3.15,53.46],[-2.97,54.14],[-3.59,54.27],[-3.57,54.89],[-5.11,54.68],[-5.33,55.02],[-4.77,55.43],[-4.93,55.98],[-4.15,56.11],[-3.09,56.05],[-2.47,55.23],[-1.68,52.45],[-2.46,52.52],[-2.7,51.58],[-5.08,51.58]],[[-2.85,51.98],[-2.92,52.05],[-2.91,51.98],[-2.85,51.98]],[[-2.78,51.92],[-2.83,51.96],[-2.82,51.92],[-2.78,51.92]]]]}},{"type":"Feature","properties":{"n":"Western Göktürks","f":587,"t":591,"w":"Q205466"},"geometry":{"type":"MultiPolygon","coordinates":[[[[58.28,42.37],[58.29,42.43],[58.37,42.43],[58.28,42.37]]],[[[53.55,50.31],[55.47,50.51],[66.75,50.31],[68.12,51.18],[71.14,50.38],[81.08,50.25],[89.17,51.31],[89.61,50.91],[87.73,48.85],[89.03,47.99],[90.17,47.8],[91.01,46.68],[90.74,45.3],[92.0,45.04],[92.57,44.39],[93.76,43.99],[94.31,43.15],[94.1,42.37],[93.31,42.04],[92.56,41.07],[88.85,42.24],[84.11,42.76],[82.06,42.24],[80.13,42.43],[77.43,41.39],[73.32,41.0],[73.08,40.74],[73.8,40.29],[73.4,39.51],[73.75,39.13],[73.49,38.55],[72.63,37.71],[72.36,36.74],[71.58,36.42],[70.77,35.39],[70.09,35.77],[68.45,35.39],[67.57,35.9],[65.31,35.52],[64.81,35.71],[64.74,38.03],[62.65,39.71],[61.87,41.2],[60.29,41.26],[59.96,41.78],[58.39,42.5],[57.99,42.5],[56.88,44.32],[54.3,44.97],[54.29,45.56],[53.13,45.5],[53.35,46.35],[53.24,46.87],[52.46,47.01],[52.93,49.05],[52.74,49.85],[53.55,50.31]]],[[[53.1,46.02],[53.18,46.02],[53.17,45.96],[53.1,46.02]]]]}},{"type":"Feature","properties":{"n":"Kingdom of Gwent","f":587,"t":627,"w":"Q2594661"},"geometry":{"type":"Polygon","coordinates":[[[-3.12,51.51],[-3.32,51.78],[-2.74,51.92],[-3.12,51.51]]]}},{"type":"Feature","properties":{"n":"Eastern Roman Empire","f":587,"t":591,"w":"Q12544"},"geometry":{"type":"MultiPolygon","coordinates":[[[[-5.34,35.84],[-5.08,35.39],[-6.0,35.39],[-5.34,35.84]]],[[[14.57,35.97],[14.57,35.77],[14.34,35.84],[14.57,35.97]]],[[[-4.47,36.74],[-5.58,36.03],[-6.07,36.29],[-5.52,37.25],[-2.48,37.38],[-0.55,39.13],[0.1,38.74],[-0.66,38.29],[-0.7,37.64],[-2.53,36.87],[-4.47,36.74]]],[[[1.65,39.13],[1.66,39.0],[1.27,38.8],[1.18,39.06],[1.65,39.13]]],[[[2.34,39.64],[2.88,39.97],[3.52,39.77],[3.3,39.32],[2.34,39.64]]],[[[4.22,40.1],[4.3,39.84],[3.83,39.9],[4.22,40.1]]],[[[9.59,39.13],[8.34,39.0],[8.15,40.94],[9.5,41.2],[9.59,39.13]]],[[[14.6,41.98],[14.53,42.17],[14.77,42.17],[14.6,41.98]]],[[[9.1,41.33],[8.62,41.72],[8.53,42.5],[9.49,43.02],[9.1,41.33]]],[[[11.49,42.3],[11.49,42.37],[11.57,42.37],[11.49,42.3]]],[[[10.46,42.89],[10.46,42.69],[10.21,42.69],[10.46,42.89]]],[[[14.06,42.5],[13.11,43.6],[12.38,43.15],[13.01,42.04],[13.96,41.72],[13.79,41.2],[11.73,42.17],[11.57,42.37],[11.98,42.82],[11.26,44.06],[8.59,44.45],[8.03,43.93],[7.15,43.73],[8.03,44.12],[8.19,44.58],[9.48,44.52],[9.32,45.17],[11.1,44.97],[12.08,45.76],[12.98,45.89],[13.06,45.63],[12.16,45.5],[12.15,44.45],[13.36,43.67],[14.06,42.5]]],[[[9.97,44.06],[9.97,43.99],[9.89,43.99],[9.97,44.06]]],[[[14.51,44.91],[14.5,44.52],[14.26,44.58],[14.51,44.91]]],[[[28.48,43.47],[27.9,43.28],[27.49,42.43],[27.98,41.65],[28.96,41.13],[31.18,41.07],[32.63,41.91],[35.12,42.04],[36.21,41.26],[40.37,40.94],[41.57,41.46],[41.82,41.98],[41.61,42.63],[40.17,43.6],[42.6,43.21],[42.93,42.43],[42.61,41.52],[41.53,41.26],[41.67,40.16],[40.98,39.26],[40.91,38.22],[40.15,37.84],[40.29,37.06],[41.42,36.8],[41.66,36.29],[41.09,36.03],[41.11,35.0],[40.1,34.29],[39.12,34.49],[37.07,33.26],[36.32,30.89],[34.84,29.41],[34.35,27.74],[33.19,28.51],[35.85,23.88],[31.67,23.75],[30.46,23.36],[28.57,24.65],[28.15,27.35],[25.37,29.28],[21.94,30.56],[18.28,30.05],[15.18,30.89],[13.83,32.11],[11.77,32.3],[9.63,33.14],[8.85,34.74],[7.99,35.07],[7.59,36.61],[1.01,36.03],[0.68,36.35],[4.24,36.93],[8.52,36.87],[9.6,37.32],[10.23,37.25],[10.46,36.74],[11.01,37.0],[10.46,35.9],[11.08,35.58],[11.08,35.0],[10.0,34.29],[10.01,33.91],[12.23,32.81],[13.3,32.94],[15.06,32.43],[15.65,31.4],[17.85,30.95],[18.97,30.24],[20.2,30.89],[20.02,32.24],[21.88,32.94],[23.09,32.62],[23.3,32.17],[24.89,31.98],[25.25,31.46],[26.85,31.46],[28.87,30.82],[30.97,31.66],[31.88,31.46],[32.0,31.08],[34.3,31.27],[35.64,34.36],[36.05,34.55],[35.84,36.29],[36.14,36.93],[35.49,36.61],[34.58,36.87],[33.98,36.29],[32.71,36.03],[31.09,36.93],[29.94,36.22],[29.24,36.22],[29.12,36.74],[28.59,36.87],[28.03,36.67],[28.07,37.13],[27.22,37.32],[27.28,38.03],[26.43,38.22],[26.38,38.67],[26.59,38.35],[27.08,38.55],[26.85,39.58],[26.13,39.51],[26.27,40.29],[29.05,40.36],[28.91,40.61],[29.49,40.87],[27.53,41.07],[26.92,40.48],[24.35,41.0],[23.7,40.81],[23.74,40.23],[22.57,40.55],[22.61,39.9],[23.14,39.45],[22.8,39.06],[23.49,38.87],[22.94,38.74],[24.03,38.67],[24.16,38.22],[23.98,37.84],[23.04,37.9],[23.4,37.32],[22.71,37.58],[23.06,36.67],[22.36,36.67],[22.22,37.06],[21.74,36.87],[21.7,37.51],[21.24,37.84],[21.74,38.35],[21.19,38.42],[20.15,39.71],[19.76,39.64],[20.01,39.97],[19.25,40.61],[19.54,41.78],[17.99,42.82],[17.51,42.76],[17.05,43.41],[15.93,43.47],[14.6,45.37],[13.78,44.91],[13.55,45.5],[13.64,45.89],[14.53,45.89],[16.43,43.99],[18.5,43.34],[19.38,43.34],[20.29,45.17],[20.75,44.71],[22.69,44.65],[22.5,44.32],[22.95,43.8],[25.43,43.6],[27.83,44.19],[27.87,45.37],[29.66,45.37],[29.53,44.91],[28.8,44.97],[28.48,43.47]]],[[[25.68,35.13],[26.23,35.19],[24.82,35.0],[23.62,35.52],[25.68,35.13]]],[[[23.12,36.35],[23.11,36.16],[22.87,36.16],[23.12,36.35]]],[[[24.36,37.71],[24.43,37.58],[24.27,37.51],[24.36,37.71]]],[[[20.93,37.9],[20.92,37.64],[20.61,37.71],[20.93,37.9]]],[[[25.07,37.77],[24.68,37.84],[24.77,38.03],[25.07,37.77]]],[[[20.57,38.42],[20.79,38.09],[20.32,38.16],[20.57,38.42]]],[[[23.56,38.74],[23.48,38.74],[23.49,38.8],[23.56,38.74]]],[[[24.67,38.93],[24.66,38.74],[24.36,38.87],[24.67,38.93]]],[[[17.14,39.06],[15.93,37.96],[15.39,38.16],[15.05,36.74],[12.49,37.71],[12.65,38.09],[14.6,38.03],[15.86,38.29],[16.27,38.74],[15.75,40.03],[14.03,41.0],[14.98,40.81],[15.98,40.03],[15.98,39.71],[17.14,39.06]]],[[[20.07,39.58],[20.07,39.64],[20.15,39.64],[20.07,39.58]]],[[[17.98,40.61],[18.35,39.9],[17.35,40.55],[16.78,40.36],[16.09,40.94],[16.26,41.26],[17.98,40.61]]],[[[24.81,40.81],[24.79,40.61],[24.55,40.55],[24.81,40.81]]],[[[15.87,41.46],[15.63,41.52],[15.63,41.72],[15.87,41.46]]],[[[33.04,34.55],[32.23,34.94],[34.54,35.71],[33.04,34.55]]],[[[28.14,36.03],[27.74,35.9],[27.69,36.29],[28.02,36.48],[28.14,36.03]]],[[[27.19,36.8],[26.87,36.67],[27.04,36.93],[27.19,36.8]]],[[[25.57,37.13],[25.56,37.0],[25.33,37.0],[25.57,37.13]]],[[[25.22,37.71],[25.29,37.51],[25.05,37.51],[25.22,37.71]]],[[[26.3,37.58],[25.99,37.51],[26.08,37.71],[26.3,37.58]]],[[[26.22,38.55],[26.11,38.16],[25.88,38.16],[25.82,38.48],[26.22,38.55]]],[[[25.79,39.19],[26.04,39.38],[26.64,39.0],[25.79,39.19]]],[[[25.46,40.03],[25.45,39.84],[24.97,39.84],[25.46,40.03]]],[[[26.04,40.29],[26.02,40.16],[25.7,40.1],[26.04,40.29]]],[[[32.61,45.5],[34.32,46.09],[35.43,45.3],[33.76,44.45],[33.61,45.1],[32.61,45.5]]]]}},{"type":"Feature","properties":{"n":"Himyarite Kingdom","f":592,"t":601,"w":"Q289577"},"geometry":{"type":"MultiPolygon","coordinates":[[[[45.58,15.84],[51.08,16.68],[52.38,16.29],[52.1,15.46],[49.41,14.69],[48.79,14.04],[45.74,13.34],[45.05,12.76],[43.44,12.69],[42.49,17.19],[43.55,17.77],[43.95,16.94],[45.58,15.84]]],[[[46.63,16.23],[46.71,16.23],[46.7,16.16],[46.63,16.23]]],[[[43.74,18.48],[43.75,18.54],[43.9,18.61],[43.74,18.48]]]]}},{"type":"Feature","properties":{"n":"Karkota Dynasty","f":592,"t":601,"w":"Q466433"},"geometry":{"type":"Polygon","coordinates":[[[70.77,35.39],[70.09,35.77],[68.45,35.39],[67.57,35.9],[65.31,35.52],[64.81,35.71],[64.74,38.03],[68.15,37.0],[68.78,37.32],[69.35,37.13],[69.55,37.58],[70.27,37.64],[70.42,38.22],[71.18,38.42],[71.57,37.84],[71.46,36.87],[72.34,36.93],[70.77,35.39]]]}},{"type":"Feature","properties":{"n":"Sasanian Empire","f":592,"t":601,"w":"Q1661685"},"geometry":{"type":"MultiPolygon","coordinates":[[[[51.13,25.42],[51.14,25.49],[51.21,25.49],[51.13,25.42]]],[[[50.43,25.94],[50.46,26.26],[50.69,26.26],[50.43,25.94]]],[[[48.28,41.98],[49.51,40.61],[50.26,40.42],[49.4,40.1],[48.8,39.0],[49.09,37.51],[51.64,36.55],[54.03,36.87],[53.99,39.0],[53.14,39.45],[53.54,39.51],[53.5,40.03],[52.72,40.1],[52.89,40.87],[57.16,40.16],[58.33,40.42],[59.77,40.16],[59.77,39.84],[60.71,39.51],[62.48,39.97],[64.37,38.42],[64.94,37.25],[64.9,35.07],[66.99,33.33],[68.12,32.88],[66.48,28.57],[66.4,26.52],[65.8,25.36],[61.72,25.04],[57.96,25.55],[57.18,25.94],[56.71,27.16],[55.29,26.52],[55.54,26.77],[54.68,26.45],[53.66,26.71],[51.45,27.87],[50.06,30.18],[48.94,30.31],[47.85,29.41],[48.87,27.67],[50.13,26.77],[50.07,26.07],[50.65,25.1],[51.12,26.13],[51.7,25.87],[51.41,24.33],[51.91,24.01],[54.08,24.14],[56.48,26.39],[56.4,24.97],[56.79,24.33],[58.81,23.62],[59.27,22.91],[56.81,23.75],[56.09,24.84],[54.27,23.75],[51.88,23.69],[51.17,24.07],[51.32,25.87],[50.62,24.65],[49.67,25.87],[49.88,26.45],[48.55,27.48],[47.53,29.28],[47.65,29.67],[45.77,30.44],[44.81,31.34],[44.73,31.98],[43.91,32.11],[40.1,34.29],[41.11,35.0],[41.09,36.03],[41.66,36.29],[41.18,37.32],[44.5,39.58],[44.84,42.76],[47.81,41.26],[48.28,41.98]]]]}},{"type":"Feature","properties":{"n":"Kingdom of Deira","f":592,"t":611,"w":"Q506008"},"geometry":{"type":"Polygon","coordinates":[[[-2.05,54.55],[-0.67,54.61],[0.02,53.66],[-2.13,53.53],[-2.05,54.55]]]}},{"type":"Feature","properties":{"n":"Brythons","f":592,"t":611,"w":"Q849967"},"geometry":{"type":"MultiPolygon","coordinates":[[[[-5.15,49.98],[-5.77,50.25],[-4.2,51.31],[-3.09,51.25],[-2.87,50.71],[-5.15,49.98]]],[[[-5.3,51.98],[-3.72,52.32],[-3.64,51.65],[-5.08,51.58],[-5.3,51.98]]],[[[-2.92,52.05],[-2.88,53.33],[-2.04,53.53],[-1.68,52.45],[-2.46,52.52],[-2.39,51.85],[-2.92,52.05]]],[[[-2.61,54.89],[-5.11,54.68],[-5.33,55.02],[-4.77,55.43],[-4.93,55.98],[-3.09,56.05],[-2.04,54.41],[-2.61,54.89]]]]}},{"type":"Feature","properties":{"n":"Kingdom of the Franks","f":592,"t":601,"w":"Q146246"},"geometry":{"type":"MultiPolygon","coordinates":[[[[-1.85,43.41],[-1.77,43.41],[-1.77,43.34],[-1.85,43.41]]],[[[10.11,48.46],[9.14,46.15],[6.78,45.82],[7.12,45.3],[6.64,44.97],[7.23,43.86],[6.6,43.28],[4.18,43.47],[4.63,44.25],[4.06,44.52],[2.63,43.8],[1.49,42.63],[-1.77,43.34],[-1.32,43.86],[-1.05,45.69],[-1.25,46.28],[-2.84,47.6],[-1.5,48.46],[-2.03,49.78],[0.01,49.38],[0.22,49.85],[1.45,50.25],[1.66,51.05],[4.26,51.38],[4.16,51.71],[5.39,52.99],[5.65,52.65],[6.49,53.19],[7.02,52.92],[6.61,51.98],[8.34,50.71],[9.43,51.25],[9.18,50.71],[9.44,49.58],[11.11,49.18],[10.11,48.46]]],[[[4.56,52.32],[4.73,52.32],[4.56,52.18],[4.56,52.32]]]]}},{"type":"Feature","properties":{"n":"Bavarians","f":592,"t":601,"w":"Q13048507"},"geometry":{"type":"Polygon","coordinates":[[[14.58,47.8],[13.75,47.47],[13.73,46.48],[9.39,46.48],[10.11,48.46],[11.69,49.12],[14.18,48.32],[14.58,47.8]]]}},{"type":"Feature","properties":{"n":"(Merovingian Empire)","f":592,"t":601,"w":"Q146246"},"geometry":{"type":"MultiPolygon","coordinates":[[[[-1.85,43.41],[-1.77,43.41],[-1.77,43.34],[-1.85,43.41]]],[[[10.11,48.46],[9.14,46.15],[6.78,45.82],[7.12,45.3],[6.64,44.97],[7.23,43.86],[6.6,43.28],[4.18,43.47],[4.63,44.25],[4.06,44.52],[2.63,43.8],[1.49,42.63],[-1.77,43.34],[-1.32,43.86],[-1.05,45.69],[-1.25,46.28],[-2.84,47.6],[-1.5,48.46],[-2.03,49.78],[0.01,49.38],[0.22,49.85],[1.45,50.25],[1.66,51.05],[4.26,51.38],[4.16,51.71],[5.39,52.99],[5.65,52.65],[6.49,53.19],[7.02,52.92],[6.61,51.98],[8.34,50.71],[9.43,51.25],[9.18,50.71],[9.44,49.58],[11.11,49.18],[10.11,48.46]]],[[[4.56,52.32],[4.73,52.32],[4.56,52.18],[4.56,52.32]]]]}},{"type":"Feature","properties":{"n":"Kingdom of Dunoting","f":592,"t":622,"w":"Q2264840"},"geometry":{"type":"Polygon","coordinates":[[[-2.39,54.41],[-2.04,54.41],[-2.14,53.66],[-2.39,54.41]]]}},{"type":"Feature","properties":{"n":"Sui Dynasty","f":592,"t":601,"w":"Q7405"},"geometry":{"type":"MultiPolygon","coordinates":[[[[108.76,18.41],[108.7,19.38],[109.25,19.96],[110.91,20.15],[111.03,19.57],[109.86,18.35],[108.76,18.41]]],[[[106.09,23.62],[106.17,23.62],[106.16,23.56],[106.09,23.62]]],[[[122.28,29.99],[121.98,29.99],[122.05,30.18],[122.28,29.99]]],[[[119.38,39.77],[119.22,39.32],[117.89,39.19],[117.58,38.74],[118.07,38.16],[119.46,37.96],[119.16,37.19],[120.75,37.9],[122.71,37.45],[122.39,36.8],[120.98,36.61],[119.23,34.81],[120.34,34.36],[120.92,32.62],[121.99,31.85],[120.89,31.79],[122.0,31.08],[120.68,30.18],[121.48,30.31],[122.03,29.92],[121.94,29.22],[121.59,29.54],[121.65,28.32],[121.12,28.32],[119.59,26.13],[119.53,25.62],[119.87,25.49],[119.27,25.49],[118.76,24.59],[118.15,24.52],[116.54,22.91],[114.64,22.72],[114.37,22.08],[113.6,22.72],[113.64,22.14],[110.42,21.18],[110.49,20.28],[109.88,20.21],[109.81,21.5],[107.24,21.69],[106.71,22.08],[106.71,22.91],[105.76,23.04],[106.16,23.56],[106.74,23.88],[107.76,24.14],[108.31,26.32],[107.91,26.84],[106.46,27.35],[106.14,28.44],[104.43,27.67],[104.64,28.44],[103.99,28.57],[103.32,27.74],[103.51,26.64],[103.19,26.26],[102.25,26.07],[102.14,26.58],[101.58,26.77],[101.7,27.87],[100.92,30.56],[101.69,32.75],[103.21,33.39],[103.49,33.97],[103.65,36.42],[102.1,37.77],[101.7,37.58],[100.41,38.61],[99.81,38.48],[99.2,39.26],[97.91,39.0],[96.76,39.45],[96.7,38.74],[96.36,38.67],[95.32,39.38],[93.35,39.38],[93.09,39.9],[93.85,40.74],[96.93,41.07],[100.94,39.64],[104.58,39.84],[104.67,39.51],[103.61,38.74],[104.11,38.8],[103.76,37.84],[104.54,37.64],[106.38,38.09],[108.51,40.74],[109.79,41.07],[113.13,40.94],[115.76,41.52],[117.4,41.46],[118.08,40.42],[119.0,40.23],[121.37,41.72],[122.57,41.85],[121.82,40.87],[119.38,39.77]]]]}},{"type":"Feature","properties":{"n":"Kalabhra Dynasty","f":592,"t":601,"w":"Q2572901"},"geometry":{"type":"Polygon","coordinates":[[[76.05,10.51],[76.95,11.34],[77.07,12.21],[77.95,12.17],[79.2,12.89],[80.15,12.46],[79.84,10.94],[77.04,10.95],[76.28,10.05],[76.05,10.51]]]}},{"type":"Feature","properties":{"n":"(Kingdom of the Franks)","f":592,"t":601,"w":"Q146246"},"geometry":{"type":"MultiPolygon","coordinates":[[[[-1.85,43.41],[-1.77,43.41],[-1.77,43.34],[-1.85,43.41]]],[[[10.11,48.46],[9.14,46.15],[6.78,45.82],[7.12,45.3],[6.64,44.97],[7.23,43.86],[6.6,43.28],[4.18,43.47],[4.63,44.25],[4.06,44.52],[2.63,43.8],[1.49,42.63],[-1.77,43.34],[-1.32,43.86],[-1.05,45.69],[-1.25,46.28],[-2.84,47.6],[-1.5,48.46],[-2.03,49.78],[0.01,49.38],[0.22,49.85],[1.45,50.25],[1.66,51.05],[4.26,51.38],[4.16,51.71],[5.39,52.99],[5.65,52.65],[6.49,53.19],[7.02,52.92],[6.61,51.98],[8.34,50.71],[9.43,51.25],[9.18,50.71],[9.44,49.58],[11.11,49.18],[10.11,48.46]]],[[[4.56,52.32],[4.73,52.32],[4.56,52.18],[4.56,52.32]]]]}},{"type":"Feature","properties":{"n":"(Anglo-Saxon England)","f":592,"t":611,"w":"Q784963"},"geometry":{"type":"Polygon","coordinates":[[[-2.61,50.58],[-3.09,51.25],[-2.39,51.85],[-2.46,52.52],[-1.68,52.45],[-2.13,53.53],[-1.94,54.27],[-3.09,56.05],[-1.73,55.7],[-1.28,54.61],[-0.2,54.21],[0.02,53.66],[-0.68,53.73],[-0.73,53.33],[0.17,52.86],[1.62,52.86],[1.43,51.98],[0.86,51.51],[0.02,51.5],[1.39,51.18],[-2.61,50.58]]]}},{"type":"Feature","properties":{"n":"Visigothic Kingdom","f":592,"t":601,"w":"Q126936"},"geometry":{"type":"Polygon","coordinates":[[[2.98,43.15],[3.12,41.91],[0.7,40.94],[-0.2,39.97],[-0.31,39.13],[0.02,38.67],[-1.23,38.74],[-1.36,38.22],[-1.91,38.16],[-2.48,37.38],[-5.52,37.25],[-6.07,36.35],[-6.84,37.25],[-9.0,37.0],[-8.82,38.48],[-9.21,38.42],[-9.57,38.93],[-8.9,40.1],[-8.96,42.17],[-8.65,42.3],[-9.3,43.15],[-8.24,43.73],[-6.05,43.54],[-5.81,42.76],[-5.33,42.69],[-2.28,42.63],[-0.94,43.02],[1.49,42.63],[3.81,44.52],[4.63,44.25],[2.98,43.15]]]}},{"type":"Feature","properties":{"n":"Protectorate of the Western Regions","f":592,"t":601,"w":"Q911440"},"geometry":{"type":"Polygon","coordinates":[[[85.38,39.32],[82.06,37.64],[81.69,37.0],[82.02,36.8],[81.03,36.61],[78.56,37.45],[77.03,38.8],[73.4,39.51],[73.8,40.29],[73.08,40.74],[77.43,41.39],[80.13,42.43],[82.06,42.24],[84.11,42.76],[88.85,42.24],[92.48,41.07],[85.38,39.32]]]}},{"type":"Feature","properties":{"n":"(Brythonic Kingdoms)","f":592,"t":601,"w":"Q849967"},"geometry":{"type":"MultiPolygon","coordinates":[[[[-5.15,49.98],[-5.75,50.05],[-4.2,51.31],[-2.9,50.98],[-3.67,50.25],[-5.15,49.98]]],[[[-5.08,51.58],[-5.3,51.98],[-4.16,52.45],[-4.3,52.92],[-4.79,52.79],[-4.49,53.12],[-4.7,53.46],[-3.11,53.45],[-2.97,54.14],[-3.7,54.55],[-3.4,54.95],[-5.11,54.68],[-5.33,55.02],[-4.77,55.43],[-4.93,55.98],[-4.15,56.11],[-3.09,56.05],[-2.47,55.23],[-1.68,52.45],[-2.46,52.52],[-2.7,51.58],[-5.08,51.58]],[[-3.22,51.61],[-3.32,51.78],[-3.3,51.65],[-3.22,51.61]],[[-2.92,52.05],[-2.91,51.98],[-2.85,51.98],[-2.92,52.05]],[[-2.83,51.96],[-2.82,51.92],[-2.78,51.92],[-2.83,51.96]]]]}},{"type":"Feature","properties":{"n":"Western Göktürks","f":592,"t":601,"w":"Q205466"},"geometry":{"type":"MultiPolygon","coordinates":[[[[60.01,41.98],[60.03,42.04],[60.11,42.04],[60.01,41.98]]],[[[53.55,50.31],[55.47,50.51],[66.75,50.31],[68.12,51.18],[71.14,50.38],[81.08,50.25],[89.17,51.31],[89.61,50.91],[87.73,48.85],[89.03,47.99],[90.17,47.8],[91.01,46.68],[90.74,45.3],[92.0,45.04],[92.57,44.39],[93.76,43.99],[94.31,43.15],[94.1,42.37],[93.31,42.04],[92.56,41.07],[88.85,42.24],[84.11,42.76],[82.06,42.24],[80.13,42.43],[77.43,41.39],[73.32,41.0],[73.08,40.74],[73.8,40.29],[73.4,39.51],[73.75,39.13],[72.43,37.0],[71.46,36.87],[71.57,37.84],[71.18,38.42],[70.42,38.22],[70.27,37.64],[69.55,37.58],[69.35,37.13],[67.92,37.0],[64.74,38.03],[62.65,39.71],[61.87,41.2],[61.31,41.2],[59.86,42.3],[57.59,43.08],[56.88,44.32],[54.3,44.97],[54.29,45.56],[53.13,45.5],[53.35,46.35],[53.24,46.87],[52.46,47.01],[52.93,49.05],[52.74,49.85],[53.55,50.31]]],[[[53.1,46.02],[53.18,46.02],[53.17,45.96],[53.1,46.02]]]]}},{"type":"Feature","properties":{"n":"Eastern Roman Empire","f":592,"t":601,"w":"Q12544"},"geometry":{"type":"MultiPolygon","coordinates":[[[[-5.34,35.84],[-5.08,35.39],[-6.0,35.39],[-5.34,35.84]]],[[[14.57,35.97],[14.57,35.77],[14.34,35.84],[14.57,35.97]]],[[[-4.47,36.74],[-5.58,36.03],[-6.07,36.29],[-5.52,37.25],[-2.48,37.38],[-1.91,38.16],[-1.36,38.22],[-1.23,38.74],[-0.05,38.67],[-0.66,38.29],[-0.7,37.64],[-2.53,36.87],[-4.47,36.74]]],[[[1.65,39.13],[1.66,39.0],[1.27,38.8],[1.18,39.06],[1.65,39.13]]],[[[2.34,39.64],[2.88,39.97],[3.52,39.77],[3.3,39.32],[2.34,39.64]]],[[[4.22,40.1],[4.3,39.84],[3.83,39.9],[4.22,40.1]]],[[[9.59,39.13],[8.34,39.0],[8.15,40.94],[9.5,41.2],[9.59,39.13]]],[[[14.6,41.98],[14.53,42.17],[14.77,42.17],[14.6,41.98]]],[[[9.1,41.33],[8.62,41.72],[8.53,42.5],[9.49,43.02],[9.1,41.33]]],[[[11.49,42.3],[11.49,42.37],[11.57,42.37],[11.49,42.3]]],[[[10.46,42.89],[10.46,42.69],[10.21,42.69],[10.46,42.89]]],[[[14.06,42.5],[13.11,43.6],[12.38,43.15],[13.01,42.04],[13.96,41.72],[13.79,41.2],[11.73,42.17],[11.57,42.37],[11.98,42.82],[11.26,44.06],[8.59,44.45],[8.03,43.93],[7.15,43.73],[8.03,44.12],[8.19,44.58],[9.48,44.52],[9.32,45.17],[11.1,44.97],[12.08,45.76],[12.98,45.89],[13.06,45.63],[12.16,45.5],[12.15,44.45],[13.36,43.67],[14.06,42.5]]],[[[9.97,44.06],[9.97,43.99],[9.89,43.99],[9.97,44.06]]],[[[14.51,44.91],[14.5,44.52],[14.26,44.58],[14.51,44.91]]],[[[28.48,43.47],[27.9,43.28],[27.49,42.43],[27.98,41.65],[28.96,41.13],[31.18,41.07],[32.63,41.91],[35.12,42.04],[36.21,41.26],[40.37,40.94],[41.57,41.46],[41.82,41.98],[41.61,42.63],[39.98,43.41],[40.17,43.6],[44.82,42.69],[44.5,39.58],[41.18,37.32],[41.68,36.42],[41.09,36.03],[41.11,35.0],[40.1,34.29],[39.12,34.49],[37.07,33.26],[36.32,30.89],[34.84,29.41],[34.35,27.74],[33.19,28.51],[35.85,23.88],[31.67,23.75],[30.46,23.36],[28.57,24.65],[28.15,27.35],[25.37,29.28],[21.94,30.56],[18.28,30.05],[15.18,30.89],[13.83,32.11],[11.77,32.3],[9.63,33.14],[8.85,34.74],[7.99,35.07],[7.59,36.61],[1.01,36.03],[0.68,36.35],[4.24,36.93],[8.52,36.87],[9.6,37.32],[10.23,37.25],[10.46,36.74],[11.01,37.0],[10.46,35.9],[11.08,35.58],[11.08,35.0],[10.0,34.29],[10.01,33.91],[12.23,32.81],[13.3,32.94],[15.06,32.43],[15.65,31.4],[17.85,30.95],[18.97,30.24],[20.2,30.89],[20.02,32.24],[21.88,32.94],[23.09,32.62],[23.3,32.17],[24.89,31.98],[25.25,31.46],[26.85,31.46],[28.87,30.82],[30.97,31.66],[31.88,31.46],[32.0,31.08],[34.3,31.27],[35.64,34.36],[36.05,34.55],[35.84,36.29],[36.14,36.93],[35.49,36.61],[34.58,36.87],[33.98,36.29],[32.71,36.03],[31.09,36.93],[29.94,36.22],[29.24,36.22],[29.12,36.74],[28.59,36.87],[28.03,36.67],[28.07,37.13],[27.22,37.32],[27.28,38.03],[26.43,38.22],[26.38,38.67],[26.59,38.35],[27.08,38.55],[26.85,39.58],[26.13,39.51],[26.27,40.29],[29.05,40.36],[28.91,40.61],[29.49,40.87],[27.53,41.07],[26.92,40.48],[24.35,41.0],[23.7,40.81],[23.74,40.23],[22.57,40.55],[22.61,39.9],[23.14,39.45],[22.8,39.06],[23.49,38.87],[22.94,38.74],[24.03,38.67],[24.16,38.22],[23.98,37.84],[23.04,37.9],[23.4,37.32],[22.71,37.58],[23.06,36.67],[22.36,36.67],[22.22,37.06],[21.74,36.87],[21.7,37.51],[21.24,37.84],[21.74,38.35],[21.19,38.42],[20.15,39.71],[19.76,39.64],[20.01,39.97],[19.25,40.61],[19.54,41.78],[17.99,42.82],[17.51,42.76],[17.05,43.41],[15.93,43.47],[14.6,45.37],[13.78,44.91],[13.55,45.5],[13.64,45.89],[14.53,45.89],[16.43,43.99],[18.5,43.34],[19.38,43.34],[20.29,45.17],[20.75,44.71],[22.69,44.65],[22.5,44.32],[22.95,43.8],[25.43,43.6],[27.83,44.19],[27.87,45.37],[29.66,45.37],[29.53,44.91],[28.8,44.97],[28.48,43.47]]],[[[25.68,35.13],[26.23,35.19],[24.82,35.0],[23.62,35.52],[25.68,35.13]]],[[[23.12,36.35],[23.11,36.16],[22.87,36.16],[23.12,36.35]]],[[[24.36,37.71],[24.43,37.58],[24.27,37.51],[24.36,37.71]]],[[[20.93,37.9],[20.92,37.64],[20.61,37.71],[20.93,37.9]]],[[[25.07,37.77],[24.68,37.84],[24.77,38.03],[25.07,37.77]]],[[[20.57,38.42],[20.79,38.09],[20.32,38.16],[20.57,38.42]]],[[[23.56,38.74],[23.48,38.74],[23.49,38.8],[23.56,38.74]]],[[[24.67,38.93],[24.66,38.74],[24.36,38.87],[24.67,38.93]]],[[[17.14,39.06],[15.93,37.96],[15.39,38.16],[15.05,36.74],[12.49,37.71],[12.65,38.09],[14.6,38.03],[15.86,38.29],[16.27,38.74],[15.75,40.03],[14.03,41.0],[14.98,40.81],[15.98,40.03],[15.98,39.71],[17.14,39.06]]],[[[20.07,39.58],[20.07,39.64],[20.15,39.64],[20.07,39.58]]],[[[17.98,40.61],[18.35,39.9],[17.35,40.55],[16.78,40.36],[16.09,40.94],[16.26,41.26],[17.98,40.61]]],[[[24.81,40.81],[24.79,40.61],[24.55,40.55],[24.81,40.81]]],[[[15.87,41.46],[15.63,41.52],[15.63,41.72],[15.87,41.46]]],[[[33.04,34.55],[32.23,34.94],[34.54,35.71],[33.04,34.55]]],[[[28.14,36.03],[27.74,35.9],[27.69,36.29],[28.02,36.48],[28.14,36.03]]],[[[27.19,36.8],[26.87,36.67],[27.04,36.93],[27.19,36.8]]],[[[25.57,37.13],[25.56,37.0],[25.33,37.0],[25.57,37.13]]],[[[25.22,37.71],[25.29,37.51],[25.05,37.51],[25.22,37.71]]],[[[26.3,37.58],[25.99,37.51],[26.08,37.71],[26.3,37.58]]],[[[26.22,38.55],[26.11,38.16],[25.88,38.16],[25.82,38.48],[26.22,38.55]]],[[[25.79,39.19],[26.04,39.38],[26.64,39.0],[25.79,39.19]]],[[[25.46,40.03],[25.45,39.84],[24.97,39.84],[25.46,40.03]]],[[[26.04,40.29],[26.02,40.16],[25.7,40.1],[26.04,40.29]]],[[[32.61,45.5],[34.32,46.09],[35.43,45.3],[33.76,44.45],[33.61,45.1],[32.61,45.5]]]]}},{"type":"Feature","properties":{"n":"Hwicce","f":592,"t":616,"w":"Q733799"},"geometry":{"type":"Polygon","coordinates":[[[-2.39,51.85],[-2.46,52.52],[-1.84,52.32],[-1.7,51.78],[-2.35,51.38],[-2.71,51.65],[-2.39,51.85]]]}},{"type":"Feature","properties":{"n":"Kingdom of Gwynedd","f":592,"t":625,"w":"Q816814"},"geometry":{"type":"Polygon","coordinates":[[[-4.3,52.92],[-4.81,52.92],[-4.49,53.12],[-4.7,53.46],[-2.89,53.39],[-2.85,52.99],[-3.99,52.45],[-4.3,52.92]]]}},{"type":"Feature","properties":{"n":"Pandya Dynasty","f":592,"t":910,"w":"Q844910"},"geometry":{"type":"Polygon","coordinates":[[[79.89,10.3],[79.31,10.25],[78.92,9.57],[79.17,9.29],[78.29,9.0],[78.1,8.38],[77.29,8.13],[76.54,8.88],[76.24,9.93],[77.04,10.95],[79.87,10.95],[79.89,10.3]]]}},{"type":"Feature","properties":{"n":"Early Lý Dynasty","f":592,"t":601,"w":"Q2441129"},"geometry":{"type":"Polygon","coordinates":[[[106.06,19.96],[105.73,18.86],[106.52,17.77],[105.71,17.77],[105.04,18.67],[104.98,20.15],[104.44,20.47],[105.1,20.86],[104.87,22.21],[105.69,23.04],[106.71,22.91],[106.71,22.08],[108.1,21.5],[106.06,19.96]]]}},{"type":"Feature","properties":{"n":"Kingdom of Rheged","f":592,"t":616,"w":"Q633573"},"geometry":{"type":"Polygon","coordinates":[[[-3.2,53.87],[-2.97,54.14],[-3.7,54.55],[-3.4,54.95],[-2.61,54.89],[-2.18,54.07],[-2.13,53.53],[-2.89,53.39],[-3.2,53.87]]]}}]}