{"type":"FeatureCollection","act":{"from":1650,"to":1700,"years_inclusive":[1650,1699]},"attribution":{"source":"Cliopatria v0.2.0 (Seshat Global History Databank)","release":"GitHub tag v0.2.0 — https://github.com/Seshat-Global-History-Databank/cliopatria/releases/tag/v0.2.0","release_archive_sha256":"04e9f0d8ecb1d18a0cbb7d37a0b963a2c0ca4ebc2935708d27cc5d5131e4d5b8","internal_label_note":"The payload self-identifies as \"cliopatria_polities_only_v012\"; cite the release tag, not that label.","licence":"CC BY 4.0 — https://creativecommons.org/licenses/by/4.0/","citation":"Bennett, J.S., Mutch, E., Tollefson, A. et al. (2025). Cliopatria — A geospatial database of world-wide political entities from 3400BCE to 2024CE. Scientific Data 12, 247. https://doi.org/10.1038/s41597-025-04516-9","changes_made":"Changes were made. Features filtered to those overlapping this act window; polygons simplified with Douglas-Peucker at 0.25 degrees (topology preserved), invalid geometries repaired, and coordinates snapped to a 0.01 degree grid (2 decimal places); properties reduced to Name (n), FromYear (f), ToYear (t) and Wikidata Q-ID (w)."},"features":[{"type":"Feature","properties":{"n":"Kathmandu","f":1202,"t":1743,"w":"Q3037"},"geometry":{"type":"Polygon","coordinates":[[[85.24,27.67],[85.36,27.93],[85.45,27.61],[85.24,27.67]]]}},{"type":"Feature","properties":{"n":"Republic of Ragusa","f":1429,"t":1771,"w":"Q208169"},"geometry":{"type":"MultiPolygon","coordinates":[[[[18.3,42.63],[18.38,42.63],[18.38,42.56],[18.3,42.63]]],[[[17.67,42.69],[17.67,42.76],[17.75,42.76],[17.67,42.69]]],[[[17.52,43.02],[18.08,43.02],[18.3,42.63],[17.52,43.02]]]]}},{"type":"Feature","properties":{"n":"Comtat Venaissin","f":1482,"t":1672,"w":"Q1122980"},"geometry":{"type":"Polygon","coordinates":[[[5.11,44.52],[5.29,43.99],[4.73,43.8],[5.04,44.25],[4.71,44.32],[5.11,44.52]]]}},{"type":"Feature","properties":{"n":"Kingdom of Kongo","f":1492,"t":1661,"w":"Q796583"},"geometry":{"type":"MultiPolygon","coordinates":[[[[15.95,-7.49],[14.64,-8.26],[13.25,-8.46],[12.22,-6.01],[14.62,-4.99],[14.91,-4.47],[15.42,-4.6],[16.08,-4.28],[16.59,-5.11],[15.94,-5.76],[15.95,-7.49]]],[[[14.55,-4.86],[14.62,-4.86],[14.62,-4.92],[14.55,-4.86]]],[[[14.99,-4.41],[15.06,-4.41],[15.06,-4.47],[14.99,-4.41]]]]}},{"type":"Feature","properties":{"n":"Sultanate of Gowa","f":1512,"t":1661,"w":"Q1408641"},"geometry":{"type":"Polygon","coordinates":[[[119.66,-5.37],[119.31,-5.63],[119.21,-5.11],[119.49,-4.92],[119.66,-5.37]]]}},{"type":"Feature","properties":{"n":"Sultanate of Bone","f":1512,"t":1669,"w":"Q43292"},"geometry":{"type":"Polygon","coordinates":[[[120.13,-4.66],[120.28,-4.66],[119.94,-5.18],[120.13,-4.66]]]}},{"type":"Feature","properties":{"n":"Sultanate of Banjar","f":1526,"t":1858,"w":"Q1660566"},"geometry":{"type":"Polygon","coordinates":[[[115.79,-3.7],[114.5,-4.21],[114.4,-3.44],[113.52,-3.51],[113.0,-3.06],[111.71,-3.64],[111.61,-2.8],[113.57,-2.61],[114.89,-2.93],[115.79,-3.7]]]}},{"type":"Feature","properties":{"n":"Sultanate of Sulu","f":1529,"t":1672,"w":"Q422065"},"geometry":{"type":"MultiPolygon","coordinates":[[[[120.14,5.17],[119.69,5.04],[119.7,5.17],[120.14,5.17]]],[[[121.36,6.01],[121.35,5.81],[120.84,5.88],[121.36,6.01]]],[[[121.85,6.78],[122.29,6.71],[122.19,6.46],[121.76,6.46],[121.85,6.78]]]]}},{"type":"Feature","properties":{"n":"Sultanate of Palembang","f":1556,"t":1669,"w":"Q3503555"},"geometry":{"type":"MultiPolygon","coordinates":[[[[105.83,-4.15],[105.23,-3.7],[104.37,-4.15],[103.55,-3.51],[103.15,-2.41],[104.44,-1.64],[105.86,-2.93],[105.83,-4.15]]],[[[108.12,-3.19],[107.47,-3.19],[107.45,-2.61],[108.03,-2.54],[108.12,-3.19]]],[[[106.81,-3.06],[106.45,-3.19],[105.78,-2.8],[105.62,-2.16],[104.96,-1.96],[105.24,-1.51],[105.97,-1.51],[106.81,-3.06]]]]}},{"type":"Feature","properties":{"n":"Itza Mayans","f":1564,"t":1669,"w":"Q606377"},"geometry":{"type":"MultiPolygon","coordinates":[[[[-88.56,17.19],[-88.57,17.26],[-88.5,17.26],[-88.56,17.19]]],[[[-90.38,16.04],[-90.57,17.77],[-89.17,17.77],[-88.25,18.48],[-88.17,17.51],[-88.55,17.58],[-88.42,17.26],[-88.58,17.32],[-90.38,16.04]]]]}},{"type":"Feature","properties":{"n":"Nayaks of Madurai","f":1572,"t":1712,"w":"Q1530838"},"geometry":{"type":"Polygon","coordinates":[[[79.16,9.29],[78.42,9.12],[78.06,8.36],[77.15,8.25],[77.66,11.2],[78.61,11.07],[79.16,9.29]]]}},{"type":"Feature","properties":{"n":"Kingdom of Mysore","f":1572,"t":1672,"w":"Q266923"},"geometry":{"type":"Polygon","coordinates":[[[77.3,11.68],[76.29,11.67],[76.04,12.64],[77.55,12.49],[77.3,11.68]]]}},{"type":"Feature","properties":{"n":"Nguyễn lords","f":1572,"t":1652,"w":"Q2301908"},"geometry":{"type":"Polygon","coordinates":[[[109.47,12.56],[108.1,12.18],[107.57,12.63],[107.5,16.04],[106.69,16.49],[105.67,18.03],[106.55,17.96],[109.02,15.33],[109.47,12.56]]]}},{"type":"Feature","properties":{"n":"Nayaks of Thanjavur","f":1572,"t":1672,"w":"Q1588434"},"geometry":{"type":"Polygon","coordinates":[[[79.91,10.28],[79.33,10.22],[79.18,9.81],[78.54,10.96],[79.69,11.37],[79.91,10.28]]]}},{"type":"Feature","properties":{"n":"Gorkha Kingdom","f":1588,"t":1717,"w":"Q3332217"},"geometry":{"type":"Polygon","coordinates":[[[88.15,26.45],[86.65,26.45],[85.27,26.71],[84.43,27.42],[81.88,27.87],[80.17,28.7],[80.17,29.09],[80.66,29.99],[82.04,30.37],[85.35,28.25],[88.12,27.8],[88.15,26.45]],[[85.36,27.93],[85.24,27.67],[85.45,27.61],[85.36,27.93]]]}},{"type":"Feature","properties":{"n":"Khmer Empire","f":1588,"t":1652,"w":"Q201705"},"geometry":{"type":"MultiPolygon","coordinates":[[[[104.12,10.44],[104.09,10.06],[103.81,10.25],[104.12,10.44]]],[[[108.81,11.21],[107.34,10.38],[107.0,10.7],[106.6,9.54],[104.76,8.51],[105.03,9.99],[104.42,10.44],[103.55,10.51],[103.6,11.09],[103.06,10.83],[102.39,13.53],[103.61,14.49],[106.03,13.91],[106.17,14.43],[107.51,14.56],[107.57,12.63],[108.1,12.18],[108.7,12.31],[108.81,11.21]]]]}},{"type":"Feature","properties":{"n":"Kingdom of Mrauk U","f":1588,"t":1669,"w":"Q10791211"},"geometry":{"type":"Polygon","coordinates":[[[94.84,19.7],[95.16,18.35],[94.57,16.81],[94.36,18.48],[94.12,18.86],[93.51,18.74],[93.8,19.7],[92.12,20.92],[91.74,22.4],[91.37,22.46],[91.53,22.98],[92.32,22.79],[94.14,21.05],[94.84,19.7]]]}},{"type":"Feature","properties":{"n":"Khanate of Khiva","f":1588,"t":1717,"w":"Q491106"},"geometry":{"type":"Polygon","coordinates":[[[63.73,42.43],[62.38,41.33],[60.84,40.94],[57.83,41.26],[57.23,42.04],[57.33,43.02],[58.63,43.67],[60.29,43.54],[60.88,44.45],[62.39,43.02],[63.73,42.43]]]}},{"type":"Feature","properties":{"n":"Sultanate of Kedah","f":1588,"t":1690,"w":"Q1317579"},"geometry":{"type":"MultiPolygon","coordinates":[[[[100.24,5.11],[100.02,6.46],[100.33,6.65],[101.09,6.07],[100.24,5.11]]],[[[99.58,6.39],[99.88,6.52],[99.87,6.26],[99.58,6.39]]]]}},{"type":"Feature","properties":{"n":"Đại Việt","f":1595,"t":1652,"w":"Q1317991"},"geometry":{"type":"Polygon","coordinates":[[[105.49,23.17],[106.71,22.91],[106.66,22.21],[105.31,22.59],[105.49,23.17]]]}},{"type":"Feature","properties":{"n":"Republic of Florence","f":1600,"t":1708,"w":"Q148540"},"geometry":{"type":"Polygon","coordinates":[[[11.34,42.43],[10.21,43.93],[10.62,43.8],[11.51,44.39],[12.23,43.6],[11.82,43.34],[11.98,42.95],[11.34,42.43]]]}},{"type":"Feature","properties":{"n":"Papal States","f":1600,"t":1652,"w":"Q170174"},"geometry":{"type":"MultiPolygon","coordinates":[[[[11.57,42.3],[11.49,42.3],[11.49,42.37],[11.57,42.3]]],[[[12.86,42.5],[13.01,42.04],[14.04,41.52],[13.79,41.2],[13.0,41.33],[11.57,42.37],[12.23,43.6],[11.51,44.39],[10.86,44.39],[11.35,44.97],[12.24,44.97],[12.31,44.19],[13.75,43.08],[12.86,42.5]]]]}},{"type":"Feature","properties":{"n":"Principality of Wallachia","f":1602,"t":1690,"w":"Q171393"},"geometry":{"type":"Polygon","coordinates":[[[27.83,44.19],[25.43,43.6],[22.95,43.8],[22.5,44.32],[22.74,45.3],[23.48,45.5],[26.1,45.63],[27.85,45.17],[27.83,44.19]]]}},{"type":"Feature","properties":{"n":"Principality of Moldavia","f":1602,"t":1658,"w":"Q10957559"},"geometry":{"type":"Polygon","coordinates":[[[28.44,46.15],[28.12,45.43],[26.24,45.37],[26.48,46.15],[25.67,47.14],[25.02,47.2],[24.91,47.8],[25.54,48.39],[25.25,48.79],[25.51,48.92],[27.39,48.65],[28.88,47.86],[29.57,46.74],[28.44,46.15]]]}},{"type":"Feature","properties":{"n":"Balinese Kingdom","f":1609,"t":1682,"w":"Q12491027"},"geometry":{"type":"MultiPolygon","coordinates":[[[[116.62,-9.04],[116.72,-8.46],[117.91,-8.71],[116.62,-9.04]]],[[[116.64,-8.33],[116.47,-8.97],[115.73,-8.91],[115.91,-8.39],[116.64,-8.33]]],[[[114.3,-8.33],[114.36,-8.07],[115.61,-8.26],[114.93,-8.91],[114.3,-8.33]]]]}},{"type":"Feature","properties":{"n":"Oyo Empire","f":1609,"t":1669,"w":"Q849623"},"geometry":{"type":"Polygon","coordinates":[[[4.58,8.77],[5.23,8.58],[4.94,7.94],[4.21,8.39],[4.58,8.77]]]}},{"type":"Feature","properties":{"n":"Tokugawa Shogunate","f":1609,"t":1798,"w":"Q205662"},"geometry":{"type":"MultiPolygon","coordinates":[[[[123.96,24.46],[123.91,24.26],[123.72,24.39],[123.96,24.46]]],[[[125.44,24.71],[125.22,24.71],[125.26,24.91],[125.44,24.71]]],[[[127.65,26.0],[127.93,26.71],[128.42,26.84],[127.65,26.0]]],[[[129.35,28.12],[129.15,28.19],[129.19,28.32],[129.8,28.57],[129.35,28.12]]],[[[128.77,32.56],[128.57,32.62],[128.65,32.81],[128.77,32.56]]],[[[129.73,33.84],[129.88,33.84],[129.82,33.71],[129.73,33.84]]],[[[129.31,34.1],[129.11,34.16],[129.17,34.29],[129.31,34.1]]],[[[129.43,34.36],[129.23,34.42],[129.29,34.55],[129.43,34.36]]],[[[130.72,30.44],[130.62,30.18],[130.36,30.31],[130.72,30.44]]],[[[131.17,30.82],[131.02,30.44],[130.82,30.5],[131.17,30.82]]],[[[130.53,32.56],[130.13,32.17],[129.99,32.56],[130.53,32.56]]],[[[133.33,36.16],[133.1,36.16],[133.2,36.35],[133.33,36.16]]],[[[141.51,38.35],[140.92,38.03],[141.13,37.32],[140.61,36.42],[140.91,35.84],[140.41,35.19],[139.7,34.87],[139.96,35.64],[139.72,35.19],[139.21,35.26],[138.95,34.61],[138.8,35.07],[138.26,34.61],[137.22,34.55],[136.73,34.94],[136.91,34.23],[136.45,34.23],[135.81,33.39],[135.03,33.84],[135.21,34.68],[134.22,33.26],[133.54,33.46],[133.03,32.69],[132.08,33.46],[132.88,34.16],[133.51,34.04],[134.94,34.61],[132.32,34.29],[132.19,33.84],[131.09,33.97],[131.1,33.65],[131.82,33.71],[131.64,33.33],[132.08,32.94],[131.41,31.4],[130.79,31.01],[130.14,31.27],[130.1,31.91],[130.52,32.36],[130.57,32.81],[129.79,32.62],[129.6,33.39],[132.69,35.52],[135.38,35.77],[135.71,35.52],[136.71,36.8],[136.72,37.38],[137.37,37.58],[137.1,36.8],[138.51,37.38],[139.95,39.26],[139.77,40.55],[140.34,41.26],[141.54,41.39],[141.44,40.68],[142.09,39.64],[141.51,38.35]]],[[[138.34,38.29],[138.61,38.35],[138.34,37.77],[138.34,38.29]]],[[[140.23,42.24],[140.94,41.78],[139.95,41.39],[140.23,42.24]]]]}},{"type":"Feature","properties":{"n":"Patani Kingdom","f":1609,"t":1686,"w":"Q584435"},"geometry":{"type":"Polygon","coordinates":[[[101.53,4.85],[101.73,5.75],[101.0,5.69],[100.89,6.26],[101.15,6.91],[102.34,6.2],[102.49,5.04],[101.53,4.85]]]}},{"type":"Feature","properties":{"n":"Sultanate of Perak","f":1609,"t":1821,"w":"Q2649311"},"geometry":{"type":"Polygon","coordinates":[[[100.68,3.82],[100.37,4.85],[101.45,5.88],[101.78,5.3],[101.63,3.95],[100.68,3.82]]]}},{"type":"Feature","properties":{"n":"Principality of Guria","f":1612,"t":1726,"w":"Q2195101"},"geometry":{"type":"Polygon","coordinates":[[[41.76,42.11],[42.66,41.78],[42.44,41.46],[41.58,41.52],[41.76,42.11]]]}},{"type":"Feature","properties":{"n":"Sultanate of Maguindanao","f":1612,"t":1848,"w":"Q248572"},"geometry":{"type":"Polygon","coordinates":[[[125.6,7.1],[125.75,7.1],[125.59,6.97],[125.6,7.1]]]}},{"type":"Feature","properties":{"n":"Kingdom of Kartli","f":1612,"t":1701,"w":"Q195972"},"geometry":{"type":"Polygon","coordinates":[[[42.89,41.72],[43.48,41.91],[43.78,42.69],[44.69,42.82],[44.49,41.78],[43.19,41.2],[42.89,41.72]]]}},{"type":"Feature","properties":{"n":"Principality of Mingrelia","f":1612,"t":1699,"w":"Q2907860"},"geometry":{"type":"Polygon","coordinates":[[[42.39,42.04],[41.6,42.11],[41.33,42.89],[41.72,43.28],[43.44,43.02],[42.7,42.89],[42.39,42.04]]]}},{"type":"Feature","properties":{"n":"Principality of Abkhazia","f":1612,"t":1699,"w":"Q1760473"},"geometry":{"type":"Polygon","coordinates":[[[41.74,43.34],[41.51,42.95],[39.99,43.47],[41.74,43.34]]]}},{"type":"Feature","properties":{"n":"Kingdom of Imereti","f":1612,"t":1699,"w":"Q1069959"},"geometry":{"type":"Polygon","coordinates":[[[42.62,42.89],[43.74,42.89],[43.48,41.91],[42.62,41.59],[42.62,42.89]]]}},{"type":"Feature","properties":{"n":"First Toungoo Empire","f":1619,"t":1652,"w":"Q23039102"},"geometry":{"type":"Polygon","coordinates":[[[99.58,18.29],[98.64,18.41],[97.84,17.96],[98.93,16.36],[98.26,15.2],[98.54,14.49],[98.18,13.91],[97.62,16.49],[97.0,17.32],[96.83,16.61],[95.61,15.71],[94.24,15.97],[95.16,18.35],[94.45,20.6],[93.09,21.5],[93.17,23.04],[93.4,24.01],[94.21,23.94],[94.74,24.84],[95.16,26.58],[96.21,27.29],[97.48,26.9],[96.97,25.16],[97.25,23.81],[98.49,24.07],[98.22,22.91],[98.62,21.69],[98.51,20.02],[100.13,20.41],[100.54,20.21],[100.57,18.93],[99.58,18.29]]]}},{"type":"Feature","properties":{"n":"Sultanate of Sukadana","f":1619,"t":1829,"w":"Q3446232"},"geometry":{"type":"Polygon","coordinates":[[[110.09,-3.06],[109.76,-1.9],[109.88,-0.94],[110.33,-1.39],[110.37,-2.93],[110.09,-3.06]]]}},{"type":"Feature","properties":{"n":"Sultanate of Sambas","f":1619,"t":1819,"w":"Q3109927"},"geometry":{"type":"MultiPolygon","coordinates":[[[[109.34,2.02],[109.61,1.57],[108.79,0.93],[109.34,2.02]]],[[[109.61,1.51],[109.61,1.57],[109.69,1.57],[109.61,1.51]]]]}},{"type":"Feature","properties":{"n":"Sultanate of Mempawah","f":1619,"t":1824,"w":"Q19746028"},"geometry":{"type":"Polygon","coordinates":[[[108.91,0.16],[108.71,0.67],[109.36,0.48],[108.91,0.16]]]}},{"type":"Feature","properties":{"n":"Sultanate of Cirebon","f":1619,"t":1672,"w":"Q2077648"},"geometry":{"type":"Polygon","coordinates":[[[109.89,-7.94],[107.99,-7.81],[108.1,-7.3],[107.27,-6.79],[106.85,-5.89],[108.26,-6.27],[110.01,-7.56],[109.89,-7.94]]]}},{"type":"Feature","properties":{"n":"Ayutthaya Kingdom","f":1619,"t":1661,"w":"Q841364"},"geometry":{"type":"Polygon","coordinates":[[[102.22,11.99],[101.79,12.69],[100.83,12.63],[100.99,13.46],[100.1,13.4],[100.03,12.05],[99.16,9.67],[99.34,9.22],[99.93,9.29],[100.51,7.16],[101.15,6.91],[100.89,6.26],[99.95,6.52],[98.62,8.32],[98.21,7.74],[98.76,11.73],[98.23,14.94],[98.93,16.36],[97.84,17.96],[98.64,18.41],[99.58,18.29],[100.75,19.12],[100.66,19.51],[101.18,19.57],[101.4,19.06],[101.02,17.51],[101.87,16.81],[103.23,16.55],[103.05,15.78],[103.61,14.49],[102.39,13.53],[102.74,12.05],[102.22,11.99]]]}},{"type":"Feature","properties":{"n":"Sultanate of Banten","f":1619,"t":1676,"w":"Q734867"},"geometry":{"type":"MultiPolygon","coordinates":[[[[108.1,-7.3],[107.99,-7.81],[105.37,-6.85],[105.91,-5.89],[106.35,-5.95],[106.3,-6.4],[106.74,-6.4],[106.86,-5.95],[108.1,-7.3]]],[[[105.23,-3.7],[105.76,-4.15],[105.76,-5.82],[104.51,-5.56],[104.45,-5.95],[102.02,-3.64],[103.58,-4.41],[105.23,-3.7]]]]}},{"type":"Feature","properties":{"n":"Blambangan Kingdom","f":1622,"t":1740,"w":"Q287996"},"geometry":{"type":"MultiPolygon","coordinates":[[[[112.85,-8.39],[112.74,-7.94],[114.41,-7.81],[114.49,-8.84],[112.85,-8.39]]],[[[112.41,-7.43],[112.24,-6.91],[112.52,-6.85],[112.71,-7.49],[112.41,-7.43]]]]}},{"type":"Feature","properties":{"n":"Principality of Transylvania","f":1622,"t":1661,"w":"Q655621"},"geometry":{"type":"Polygon","coordinates":[[[25.35,45.37],[23.48,45.5],[22.14,44.97],[21.53,45.56],[22.38,46.02],[22.41,46.48],[21.13,46.94],[20.68,47.66],[22.78,49.12],[24.69,48.13],[25.02,47.2],[25.67,47.14],[26.44,45.76],[25.35,45.37]]]}},{"type":"Feature","properties":{"n":"Sultanate of Johor","f":1626,"t":1669,"w":"Q1150344"},"geometry":{"type":"MultiPolygon","coordinates":[[[[104.92,-0.23],[104.41,-0.29],[104.42,-0.68],[104.13,-0.61],[104.34,0.03],[104.92,-0.23]]],[[[102.41,1.57],[102.39,1.12],[103.11,0.93],[102.95,0.41],[103.6,0.35],[103.33,-0.74],[104.21,-1.0],[104.44,-1.58],[103.29,-2.41],[100.78,-0.42],[100.61,0.22],[99.89,0.48],[99.85,1.31],[100.37,1.57],[100.18,2.47],[101.7,2.09],[101.82,1.57],[102.41,1.57]]],[[[103.4,0.86],[103.39,0.67],[103.18,0.67],[103.4,0.86]]],[[[104.57,1.12],[104.49,0.8],[104.13,0.93],[104.57,1.12]]],[[[103.92,1.25],[104.06,0.99],[103.77,0.93],[103.92,1.25]]],[[[104.21,2.86],[104.2,2.73],[103.98,2.73],[104.21,2.86]]],[[[104.22,1.38],[103.27,1.31],[102.42,1.96],[102.67,2.73],[101.89,3.18],[101.43,4.27],[101.69,4.98],[102.49,5.04],[102.4,6.01],[103.17,5.36],[103.48,4.4],[103.4,2.86],[104.22,1.38]]],[[[107.98,4.14],[108.34,4.08],[108.25,3.63],[107.98,4.14]]]]}},{"type":"Feature","properties":{"n":"Sultanate of Bima","f":1626,"t":1865,"w":"Q2817348"},"geometry":{"type":"MultiPolygon","coordinates":[[[[119.44,-8.71],[120.06,-8.26],[120.87,-8.33],[120.62,-8.84],[119.44,-8.71]]],[[[119.42,-8.39],[119.51,-8.59],[119.29,-8.65],[119.42,-8.39]]],[[[118.54,-8.33],[118.9,-8.26],[119.08,-8.71],[118.65,-8.78],[118.54,-8.33]]]]}},{"type":"Feature","properties":{"n":"Mataram Sultanate","f":1626,"t":1676,"w":"Q402145"},"geometry":{"type":"Polygon","coordinates":[[[112.69,-7.24],[112.79,-7.62],[113.74,-7.69],[112.74,-7.94],[112.85,-8.46],[109.9,-8.01],[110.01,-7.56],[109.24,-6.85],[110.34,-6.91],[110.89,-6.4],[113.99,-7.04],[112.69,-7.24]]]}},{"type":"Feature","properties":{"n":"Yarubid dynasty","f":1626,"t":1652,"w":"Q1752110"},"geometry":{"type":"Polygon","coordinates":[[[59.9,22.53],[59.28,21.31],[58.24,22.27],[56.83,22.27],[55.56,23.94],[55.42,24.84],[55.06,24.97],[56.33,26.39],[56.73,24.46],[59.9,22.53]]]}},{"type":"Feature","properties":{"n":"Sultanate of Brunei","f":1629,"t":1672,"w":"Q887803"},"geometry":{"type":"MultiPolygon","coordinates":[[[[119.27,5.36],[119.03,4.98],[118.16,4.98],[118.48,4.27],[117.68,4.27],[116.77,6.01],[116.41,6.07],[114.73,3.63],[111.62,2.54],[111.49,1.12],[109.61,1.57],[109.49,2.02],[110.92,1.51],[111.26,2.73],[112.81,3.11],[113.91,4.59],[115.31,4.98],[115.35,5.49],[115.79,5.62],[116.69,7.04],[117.75,6.46],[117.64,5.94],[119.27,5.36]]],[[[115.43,4.53],[115.51,4.53],[115.5,4.46],[115.43,4.53]]],[[[115.51,4.66],[115.59,4.66],[115.58,4.59],[115.51,4.66]]],[[[116.99,7.1],[117.01,7.36],[117.23,7.36],[116.99,7.1]]],[[[118.72,10.12],[118.85,9.99],[118.73,9.48],[117.09,8.32],[118.72,10.12]]]]}},{"type":"Feature","properties":{"n":"Eastern Moghulistan","f":1636,"t":1682,"w":"Q1191125"},"geometry":{"type":"Polygon","coordinates":[[[92.59,39.26],[90.95,38.67],[90.94,38.03],[91.53,37.51],[90.94,36.93],[91.36,36.8],[91.25,36.48],[88.67,36.67],[86.8,36.42],[85.89,35.77],[82.35,35.84],[81.67,35.39],[80.15,35.45],[79.44,35.97],[77.98,35.45],[76.09,35.9],[75.96,36.55],[75.31,37.0],[73.69,37.06],[73.75,38.61],[75.78,39.32],[80.29,42.43],[82.06,42.24],[85.79,42.76],[90.22,41.91],[90.75,40.55],[92.69,39.71],[92.59,39.26]]]}},{"type":"Feature","properties":{"n":"Kingdom of Bhutan","f":1636,"t":1682,"w":"Q917"},"geometry":{"type":"Polygon","coordinates":[[[92.11,27.42],[91.82,26.77],[89.7,26.71],[88.8,27.09],[89.89,28.32],[91.65,28.06],[91.68,27.54],[92.11,27.42]]]}},{"type":"Feature","properties":{"n":"Oirat Confederation","f":1636,"t":1658,"w":"Q4332415"},"geometry":{"type":"Polygon","coordinates":[[[86.75,42.56],[80.29,42.43],[75.78,39.32],[73.67,38.61],[73.69,39.45],[73.4,39.51],[73.82,41.07],[73.38,42.11],[74.33,43.41],[74.12,45.43],[74.88,46.35],[78.97,46.35],[80.55,48.26],[83.84,48.72],[85.22,49.65],[86.61,49.58],[87.78,49.12],[88.64,48.19],[90.17,47.8],[91.03,46.55],[90.69,45.69],[87.55,44.19],[86.75,42.56]]]}},{"type":"Feature","properties":{"n":"Kalmyk Khanate","f":1636,"t":1737,"w":"Q4210248"},"geometry":{"type":"Polygon","coordinates":[[[46.08,43.34],[45.04,43.8],[43.55,43.6],[43.11,44.65],[41.9,45.1],[42.42,46.15],[41.29,47.07],[41.46,47.53],[43.77,48.32],[46.3,47.4],[47.41,46.15],[46.19,44.25],[46.64,43.73],[46.08,43.34]]]}},{"type":"Feature","properties":{"n":"Kazakh Khanate","f":1636,"t":1658,"w":"Q1433867"},"geometry":{"type":"MultiPolygon","coordinates":[[[[53.1,46.02],[53.18,46.02],[53.17,45.96],[53.1,46.02]]],[[[63.18,54.21],[67.41,53.06],[70.38,52.99],[73.34,53.26],[77.51,54.61],[76.57,53.19],[78.41,51.31],[84.0,50.85],[84.83,50.18],[83.77,49.58],[84.5,49.38],[84.19,48.92],[80.55,48.26],[79.28,46.87],[78.27,46.61],[74.6,46.87],[73.63,46.28],[73.33,45.5],[74.05,45.04],[74.34,43.67],[73.38,42.11],[72.31,42.24],[68.28,40.36],[62.18,43.15],[60.88,44.45],[61.58,44.91],[61.72,45.37],[61.34,45.43],[61.25,45.96],[61.64,46.94],[60.12,46.81],[59.31,46.02],[58.64,45.96],[57.96,44.45],[58.34,43.47],[57.33,43.02],[52.74,42.63],[51.44,43.21],[51.07,44.06],[50.26,44.39],[51.42,44.52],[51.02,44.84],[51.47,45.37],[54.3,44.97],[54.29,45.56],[53.06,45.56],[53.35,46.35],[53.11,47.01],[52.11,46.94],[51.92,49.91],[52.58,52.32],[54.24,52.45],[58.92,51.71],[59.93,51.92],[61.16,53.53],[63.18,54.21]]]]}},{"type":"Feature","properties":{"n":"Duchy of Bavaria","f":1636,"t":1701,"w":"Q47261"},"geometry":{"type":"Polygon","coordinates":[[[10.61,47.6],[10.03,49.12],[10.94,48.85],[11.28,49.12],[11.2,49.78],[12.12,50.18],[13.36,48.99],[13.27,48.59],[13.85,48.46],[12.93,48.06],[13.0,47.53],[10.61,47.6]]]}},{"type":"Feature","properties":{"n":"Wadai Empire","f":1636,"t":1889,"w":"Q1132786"},"geometry":{"type":"Polygon","coordinates":[[[17.83,10.76],[16.54,12.89],[14.95,14.36],[18.03,14.36],[20.1,15.33],[22.46,15.39],[22.19,12.89],[22.88,10.89],[17.83,10.76]]]}},{"type":"Feature","properties":{"n":"Small Horde","f":1636,"t":1669,"w":"Q631210"},"geometry":{"type":"Polygon","coordinates":[[[42.42,46.15],[41.91,45.17],[39.95,44.65],[36.78,45.1],[36.75,45.43],[37.7,45.3],[37.59,45.63],[38.37,46.35],[37.84,46.61],[39.48,47.07],[39.39,47.47],[41.89,46.81],[42.42,46.15]]]}},{"type":"Feature","properties":{"n":"Funj Sultanate","f":1636,"t":1768,"w":"Q1475713"},"geometry":{"type":"MultiPolygon","coordinates":[[[[27.42,11.28],[27.43,11.34],[27.5,11.34],[27.42,11.28]]],[[[36.26,12.89],[35.21,11.99],[35.03,11.09],[32.54,10.89],[31.45,11.28],[27.5,11.34],[27.39,13.01],[27.79,13.98],[27.37,14.69],[27.28,16.55],[31.47,16.42],[31.5,17.32],[35.22,18.03],[36.21,17.06],[37.02,17.06],[36.26,12.89]]]]}},{"type":"Feature","properties":{"n":"Khanate of Bukhara","f":1636,"t":1686,"w":"Q577668"},"geometry":{"type":"Polygon","coordinates":[[[71.89,36.74],[71.42,37.0],[71.36,38.22],[70.71,38.42],[70.08,37.51],[68.51,37.19],[68.88,36.8],[68.62,36.1],[66.33,36.22],[65.94,37.51],[64.66,38.03],[62.65,39.71],[62.38,41.33],[63.73,42.43],[68.28,40.36],[72.31,42.24],[73.38,42.11],[73.82,41.07],[73.4,39.51],[73.69,39.45],[73.66,37.51],[71.89,36.74]]]}},{"type":"Feature","properties":{"n":"Bornu Empire","f":1636,"t":1804,"w":"Q1139762"},"geometry":{"type":"Polygon","coordinates":[[[15.89,13.59],[17.83,11.02],[17.68,10.44],[16.2,9.29],[13.5,9.41],[13.29,10.44],[12.05,10.96],[10.68,13.34],[10.98,14.69],[12.02,15.59],[14.22,14.94],[15.89,13.59]]]}},{"type":"Feature","properties":{"n":"Sultanate of Darfur","f":1636,"t":1821,"w":"Q1474791"},"geometry":{"type":"Polygon","coordinates":[[[22.88,10.83],[22.19,12.89],[22.61,15.59],[27.28,16.55],[27.37,14.69],[27.79,13.98],[27.39,13.01],[27.5,11.34],[22.88,10.83]]]}},{"type":"Feature","properties":{"n":"Portuguese Ceylon","f":1636,"t":1658,"w":"Q1709007"},"geometry":{"type":"Polygon","coordinates":[[[81.72,6.46],[80.89,6.01],[80.36,7.04],[80.37,8.51],[81.13,8.9],[81.09,8.32],[81.65,7.94],[81.42,7.61],[81.91,7.23],[81.72,6.46]]]}},{"type":"Feature","properties":{"n":"Ethiopian Empire","f":1636,"t":1768,"w":"Q207521"},"geometry":{"type":"MultiPolygon","coordinates":[[[[39.97,15.52],[40.31,14.94],[41.32,14.62],[42.86,12.95],[42.27,12.69],[41.76,10.89],[41.71,9.54],[42.34,8.71],[42.29,7.16],[41.6,6.2],[41.03,6.78],[40.8,6.33],[41.29,5.62],[40.71,5.81],[40.27,5.43],[39.26,5.81],[38.55,6.71],[38.64,7.16],[37.18,7.36],[37.2,8.0],[37.49,8.0],[37.08,8.96],[37.47,9.61],[37.28,10.38],[35.45,10.51],[35.03,11.15],[35.21,11.99],[36.26,12.89],[36.61,14.43],[37.96,14.94],[39.08,16.94],[39.1,15.78],[39.73,15.2],[39.97,15.52]]],[[[38.14,15.71],[38.14,15.78],[38.22,15.78],[38.14,15.71]]]]}},{"type":"Feature","properties":{"n":"New Sweden","f":1640,"t":1652,"w":"Q322187"},"geometry":{"type":"Polygon","coordinates":[[[-75.14,39.26],[-75.75,39.58],[-75.2,39.97],[-75.14,39.26]]]}},{"type":"Feature","properties":{"n":"Saadi Sultanate","f":1640,"t":1669,"w":"Q1136188"},"geometry":{"type":"Polygon","coordinates":[[[-1.72,34.68],[-1.58,33.39],[-2.84,32.62],[-4.57,30.56],[-8.66,27.93],[-11.62,28.25],[-9.83,29.79],[-9.8,31.59],[-9.13,32.81],[-8.73,32.62],[-8.55,33.33],[-6.9,33.91],[-5.72,35.77],[-4.75,35.19],[-1.72,34.68]]]}},{"type":"Feature","properties":{"n":"Bijapur Sultanate","f":1640,"t":1652,"w":"Q83821"},"geometry":{"type":"Polygon","coordinates":[[[80.17,13.59],[79.08,13.79],[77.64,13.27],[76.14,13.66],[75.75,12.56],[74.76,12.95],[74.31,14.56],[74.52,15.26],[73.8,15.46],[73.42,16.04],[72.93,18.48],[74.22,18.74],[75.63,18.16],[76.54,18.35],[76.43,19.38],[77.97,19.25],[77.79,16.36],[78.3,16.23],[78.72,15.39],[80.09,15.07],[80.17,13.59]]]}},{"type":"Feature","properties":{"n":"Spanish Empire","f":1640,"t":1658,"w":"Q80702"},"geometry":{"type":"MultiPolygon","coordinates":[[[[-73.46,-42.24],[-73.65,-42.83],[-74.1,-42.76],[-73.46,-42.24]]],[[[-73.9,-40.17],[-73.37,-39.46],[-73.0,-39.72],[-73.9,-40.17]]],[[[-75.34,-10.77],[-75.27,-10.77],[-75.27,-10.84],[-75.34,-10.77]]],[[[-99.79,25.42],[-99.59,24.26],[-97.72,22.53],[-96.25,19.44],[-95.77,18.8],[-94.48,18.22],[-92.5,18.74],[-91.3,18.61],[-89.98,21.31],[-86.75,21.5],[-87.7,18.29],[-87.99,18.74],[-89.17,17.77],[-90.57,17.77],[-90.6,16.55],[-90.38,16.04],[-89.54,15.84],[-85.88,15.97],[-85.69,15.07],[-84.58,14.43],[-84.94,13.72],[-84.42,11.34],[-83.58,10.96],[-82.21,9.03],[-81.03,8.84],[-79.69,9.61],[-78.96,9.61],[-77.99,9.29],[-76.83,8.19],[-76.93,8.64],[-75.66,9.48],[-75.58,10.51],[-74.96,11.15],[-74.36,10.89],[-74.17,11.34],[-73.15,11.41],[-71.84,12.44],[-71.1,12.31],[-71.28,11.79],[-71.92,11.6],[-71.65,10.83],[-69.66,11.66],[-68.46,11.34],[-68.19,10.51],[-66.37,10.7],[-65.09,10.06],[-64.03,10.7],[-61.91,10.76],[-62.84,10.38],[-62.3,9.8],[-61.95,9.99],[-60.83,9.54],[-61.15,8.58],[-64.71,8.06],[-65.12,7.55],[-65.87,7.87],[-67.01,7.16],[-67.06,6.65],[-68.73,6.46],[-71.47,7.42],[-72.05,7.29],[-74.15,4.59],[-74.35,3.89],[-75.79,2.21],[-76.3,1.31],[-76.81,0.41],[-77.54,-1.45],[-77.85,-4.92],[-77.5,-6.85],[-76.34,-8.39],[-75.17,-11.35],[-73.87,-12.44],[-71.88,-13.15],[-70.67,-12.76],[-68.37,-13.28],[-65.67,-14.89],[-63.8,-15.34],[-62.59,-16.36],[-63.18,-20.61],[-64.19,-23.63],[-64.07,-24.79],[-63.27,-26.2],[-61.05,-26.78],[-59.61,-26.72],[-58.85,-26.27],[-57.5,-24.34],[-57.0,-24.47],[-58.43,-26.84],[-58.75,-30.32],[-58.27,-30.89],[-58.56,-32.76],[-58.25,-33.34],[-58.55,-34.49],[-60.29,-33.79],[-63.06,-34.62],[-64.35,-34.3],[-67.86,-34.43],[-70.36,-35.27],[-70.7,-36.3],[-71.2,-36.62],[-71.35,-37.91],[-73.34,-36.94],[-71.63,-32.69],[-71.94,-30.83],[-70.57,-25.17],[-70.53,-23.63],[-70.81,-23.5],[-70.27,-21.96],[-70.26,-19.84],[-70.44,-18.42],[-71.62,-17.33],[-75.22,-15.53],[-76.08,-14.69],[-76.46,-14.18],[-76.38,-13.41],[-77.8,-11.35],[-78.98,-8.46],[-79.98,-6.91],[-81.33,-6.14],[-81.01,-5.63],[-81.47,-4.41],[-80.05,-3.12],[-81.12,-2.29],[-81.03,-0.94],[-80.16,0.22],[-80.23,0.86],[-79.06,1.25],[-78.78,2.34],[-77.91,2.6],[-77.26,3.63],[-77.56,4.08],[-77.41,6.52],[-78.5,7.94],[-78.23,8.45],[-79.64,8.9],[-80.41,8.26],[-80.0,7.42],[-80.94,7.16],[-81.05,7.87],[-81.47,7.61],[-81.94,8.19],[-83.71,8.45],[-83.67,9.09],[-84.83,9.99],[-85.24,9.61],[-85.78,9.99],[-85.72,11.09],[-87.55,12.69],[-87.47,13.34],[-88.85,13.21],[-91.35,13.91],[-94.77,16.36],[-96.21,15.65],[-97.72,15.91],[-101.11,17.26],[-101.9,17.96],[-103.19,18.16],[-104.87,19.25],[-105.54,20.02],[-105.13,21.31],[-105.7,22.59],[-108.04,24.91],[-105.93,23.94],[-106.44,25.36],[-105.47,25.94],[-106.55,27.29],[-102.71,26.52],[-101.55,26.9],[-100.66,26.71],[-99.79,25.42]]],[[[-76.3,1.31],[-76.22,1.31],[-76.22,1.25],[-76.3,1.31]]],[[[-81.9,7.36],[-81.91,7.61],[-81.7,7.68],[-81.9,7.36]]],[[[-79.03,8.32],[-78.96,8.45],[-78.81,8.45],[-79.03,8.32]]],[[[-69.73,11.66],[-70.24,11.6],[-70.28,12.11],[-69.85,12.24],[-69.73,11.66]]],[[[-78.39,18.29],[-77.01,18.48],[-76.12,17.9],[-77.37,17.84],[-78.39,18.29]]],[[[-67.12,17.96],[-67.26,18.48],[-66.16,18.54],[-65.52,18.16],[-67.12,17.96]]],[[[-69.49,19.12],[-68.58,18.99],[-68.29,18.41],[-70.72,18.35],[-71.28,17.58],[-72.1,18.22],[-74.4,18.29],[-74.24,18.74],[-72.3,18.61],[-72.79,19.51],[-73.41,19.64],[-73.23,19.96],[-70.78,19.96],[-69.12,19.19],[-69.49,19.12]]],[[[-73.3,18.86],[-73.32,18.99],[-72.79,18.93],[-72.83,18.67],[-73.3,18.86]]],[[[-86.7,20.34],[-86.99,20.28],[-87.02,20.47],[-86.67,20.6],[-86.7,20.34]]],[[[-77.66,21.82],[-75.63,21.18],[-74.07,20.15],[-77.65,19.83],[-77.19,20.66],[-78.24,20.79],[-78.66,21.56],[-82.05,22.27],[-81.74,22.66],[-84.8,21.82],[-84.0,22.79],[-82.29,23.24],[-80.57,23.17],[-79.25,22.46],[-77.64,22.14],[-77.66,21.82]]],[[[-82.5,21.44],[-82.95,21.44],[-83.04,21.95],[-82.66,21.95],[-82.5,21.44]]],[[[-78.6,22.53],[-78.23,22.59],[-78.2,22.4],[-78.6,22.53]]],[[[-83.84,30.05],[-84.88,29.73],[-85.12,30.24],[-84.84,30.82],[-81.97,30.37],[-81.87,31.27],[-81.21,31.59],[-81.44,30.89],[-80.55,28.57],[-81.94,28.12],[-83.84,30.05]]],[[[-106.36,36.48],[-105.19,35.19],[-105.62,34.81],[-106.35,34.87],[-106.93,35.9],[-106.36,36.48]]],[[[-61.0,10.06],[-61.73,10.06],[-61.55,10.83],[-60.89,10.83],[-61.0,10.06]]],[[[120.0,10.51],[118.85,9.93],[118.73,10.19],[119.19,10.44],[119.34,11.15],[120.0,10.51]]],[[[-63.76,10.96],[-64.26,10.89],[-64.35,11.09],[-63.76,10.96]]],[[[119.85,11.79],[119.87,11.92],[120.09,11.92],[119.85,11.79]]],[[[119.84,12.31],[120.34,12.18],[120.32,11.99],[119.84,12.31]]],[[[120.74,13.59],[121.44,13.34],[121.29,12.18],[120.34,13.34],[120.74,13.59]]],[[[120.1,13.72],[120.12,13.85],[120.27,13.85],[120.1,13.72]]],[[[121.6,15.84],[121.67,14.43],[122.19,13.98],[122.76,14.36],[123.12,13.79],[123.24,14.11],[123.87,13.91],[123.61,13.59],[124.14,13.21],[124.12,12.5],[123.45,13.01],[123.06,12.82],[123.27,13.27],[122.69,13.85],[122.74,13.21],[121.82,13.91],[121.4,13.59],[120.62,13.79],[120.97,14.62],[120.35,14.43],[119.73,16.1],[120.01,16.42],[120.4,16.1],[120.61,18.54],[122.39,18.54],[122.22,17.64],[122.64,17.13],[122.26,16.23],[121.6,15.84]]],[[[120.96,25.04],[121.77,25.29],[121.82,24.59],[121.36,24.52],[120.96,25.04]]],[[[-17.85,27.87],[-17.9,27.61],[-18.06,27.67],[-17.85,27.87]]],[[[-15.73,27.74],[-15.76,28.19],[-15.3,28.12],[-15.73,27.74]]],[[[-17.35,28.19],[-17.12,28.25],[-17.03,28.06],[-17.35,28.19]]],[[[-16.91,28.38],[-16.09,28.57],[-16.36,28.06],[-16.65,27.93],[-16.91,28.38]]],[[[-13.77,28.77],[-13.81,28.25],[-14.32,28.06],[-13.77,28.77]]],[[[-17.71,28.89],[-17.67,28.51],[-17.9,28.51],[-17.71,28.89]]],[[[-13.65,29.22],[-13.42,29.22],[-13.47,28.89],[-13.86,28.96],[-13.65,29.22]]],[[[-2.98,35.26],[-2.99,35.45],[-2.84,35.45],[-2.98,35.26]]],[[[-0.53,35.71],[-0.45,35.58],[-0.67,35.45],[-0.92,35.71],[-0.53,35.71]]],[[[-5.57,35.84],[-5.34,35.84],[-5.33,35.77],[-5.57,35.84]]],[[[126.2,6.39],[125.83,7.23],[125.52,7.04],[125.65,5.88],[125.33,5.49],[125.15,6.01],[124.7,5.81],[124.0,6.26],[124.09,7.42],[123.68,7.74],[122.76,7.23],[122.59,7.74],[122.23,6.97],[121.8,6.97],[122.1,8.0],[123.34,8.77],[124.09,8.19],[124.82,9.03],[125.48,9.03],[125.42,9.86],[126.24,9.29],[126.59,7.61],[126.2,6.39]]],[[[124.55,9.22],[124.77,9.29],[124.82,9.03],[124.55,9.22]]],[[[123.58,9.03],[123.44,9.09],[123.54,9.35],[123.58,9.03]]],[[[125.83,9.61],[125.92,9.74],[125.91,9.67],[125.83,9.61]]],[[[126.14,9.8],[126.06,9.67],[125.94,9.99],[126.14,9.8]]],[[[124.5,10.19],[124.62,9.93],[123.78,9.54],[123.74,9.86],[124.5,10.19]]],[[[122.81,10.12],[122.9,10.89],[123.56,10.96],[123.15,9.8],[123.22,9.03],[122.33,9.67],[122.81,10.12]]],[[[125.47,10.38],[125.7,10.44],[125.71,9.86],[125.47,10.38]]],[[[123.6,9.99],[123.48,9.48],[123.26,9.48],[124.11,11.28],[124.0,10.25],[123.6,9.99]]],[[[121.93,11.99],[123.12,11.54],[122.62,10.38],[121.9,10.44],[121.93,11.99]]],[[[125.24,10.25],[124.92,9.99],[124.25,11.21],[124.31,11.73],[124.71,11.34],[124.97,11.73],[124.27,12.56],[125.55,12.24],[125.77,11.02],[125.06,11.21],[125.24,10.25]]],[[[123.83,12.56],[124.09,11.73],[123.17,11.99],[123.83,12.56]]],[[[121.9,12.37],[122.13,12.44],[122.09,12.11],[121.9,12.37]]],[[[122.69,12.24],[122.41,12.37],[122.51,12.56],[122.69,12.24]]],[[[121.99,12.5],[122.02,12.69],[122.24,12.69],[121.99,12.5]]],[[[122.2,13.53],[122.16,13.21],[121.86,13.21],[121.75,13.46],[122.2,13.53]]],[[[124.11,13.53],[124.12,14.11],[124.47,13.98],[124.11,13.53]]],[[[122.13,15.01],[122.07,14.62],[121.86,14.69],[122.13,15.01]]]]}},{"type":"Feature","properties":{"n":"Sultanate of Aceh","f":1640,"t":1861,"w":"Q1061057"},"geometry":{"type":"Polygon","coordinates":[[[98.24,4.53],[97.69,3.69],[97.13,4.14],[96.1,4.01],[95.07,5.17],[95.24,5.69],[96.24,5.24],[97.48,5.3],[98.24,4.53]]]}},{"type":"Feature","properties":{"n":"Sultanate of Malacca","f":1640,"t":1676,"w":"Q46652"},"geometry":{"type":"MultiPolygon","coordinates":[[[[100.37,1.57],[100.07,1.38],[97.84,3.82],[98.0,4.21],[99.91,2.99],[100.37,1.57]]],[[[101.23,3.18],[100.75,3.82],[101.7,3.76],[102.1,3.05],[101.72,2.54],[101.23,3.18]]]]}},{"type":"Feature","properties":{"n":"Joseon","f":1640,"t":1859,"w":"Q28405"},"geometry":{"type":"MultiPolygon","coordinates":[[[[126.14,33.2],[127.0,33.59],[126.7,33.26],[126.14,33.2]]],[[[129.76,40.87],[127.58,39.77],[127.44,39.26],[128.36,38.8],[129.47,37.25],[129.62,35.71],[129.15,35.07],[128.53,35.07],[128.68,34.74],[128.08,34.94],[127.38,34.42],[127.22,34.74],[126.12,34.36],[126.77,35.9],[126.05,36.8],[126.7,37.32],[126.35,37.84],[124.9,37.9],[125.39,39.38],[124.27,39.9],[126.83,41.78],[128.1,41.39],[128.34,41.65],[128.07,41.98],[130.2,42.89],[130.69,42.43],[129.73,41.33],[129.76,40.87]]]]}},{"type":"Feature","properties":{"n":"Golconda Sultanate","f":1640,"t":1658,"w":"Q1148042"},"geometry":{"type":"Polygon","coordinates":[[[82.41,19.19],[84.39,18.48],[82.45,17.13],[82.22,16.42],[80.46,15.78],[80.09,15.14],[78.72,15.39],[78.3,16.23],[77.79,16.36],[77.97,19.25],[79.25,19.38],[80.58,18.8],[82.41,19.19]]]}},{"type":"Feature","properties":{"n":"Kingdom of Portugal","f":1640,"t":1705,"w":"Q45670"},"geometry":{"type":"MultiPolygon","coordinates":[[[[58.81,23.62],[59.27,22.98],[58.54,23.11],[58.27,23.43],[58.81,23.62]]],[[[-17.07,32.62],[-17.17,32.88],[-16.79,32.88],[-17.07,32.62]]],[[[-25.9,37.96],[-25.09,37.77],[-25.7,37.71],[-25.9,37.96]]],[[[-28.81,38.48],[-28.85,38.67],[-28.08,38.35],[-28.81,38.48]]],[[[-27.89,38.61],[-27.88,38.55],[-28.04,38.55],[-27.89,38.61]]],[[[-27.08,38.87],[-27.03,38.61],[-27.36,38.67],[-27.08,38.87]]],[[[-9.0,37.0],[-8.82,38.48],[-9.55,38.74],[-8.73,40.74],[-8.93,41.91],[-6.7,41.98],[-6.25,41.46],[-6.93,41.0],[-6.9,39.77],[-7.44,39.64],[-6.99,39.0],[-7.27,38.67],[-6.99,38.09],[-7.5,37.71],[-7.45,37.13],[-9.0,37.0]]]]}},{"type":"Feature","properties":{"n":"Jesuit Reducciones","f":1640,"t":1737,"w":"Q465960"},"geometry":{"type":"Polygon","coordinates":[[[-53.9,-27.17],[-55.47,-27.94],[-56.59,-29.09],[-56.83,-28.77],[-56.09,-28.07],[-56.2,-27.42],[-58.36,-27.29],[-58.25,-26.27],[-57.0,-24.47],[-57.84,-24.59],[-57.96,-23.31],[-57.46,-22.92],[-55.7,-22.6],[-54.4,-22.92],[-53.74,-22.34],[-52.67,-22.15],[-52.31,-22.86],[-54.06,-24.85],[-53.9,-27.17]]]}},{"type":"Feature","properties":{"n":"Haudenosaunee","f":1642,"t":1652,"w":"Q68518"},"geometry":{"type":"Polygon","coordinates":[[[-74.06,43.02],[-75.31,42.11],[-78.92,42.63],[-79.11,43.15],[-76.17,43.54],[-76.07,44.45],[-74.43,45.37],[-73.5,45.3],[-74.06,43.02]]]}},{"type":"Feature","properties":{"n":"County of Urgell","f":1642,"t":1701,"w":"Q1514510"},"geometry":{"type":"Polygon","coordinates":[[[1.73,42.63],[1.81,42.56],[1.58,42.43],[1.73,42.63]]]}},{"type":"Feature","properties":{"n":"Principality of Monaco","f":1645,"t":1793,"w":"Q235"},"geometry":{"type":"MultiPolygon","coordinates":[[[[7.23,43.73],[7.23,43.8],[7.31,43.8],[7.23,43.73]]],[[[7.55,43.8],[7.31,43.8],[7.47,43.93],[7.55,43.8]]]]}},{"type":"Feature","properties":{"n":"Khoshut Khanate","f":1645,"t":1652,"w":"Q10921634"},"geometry":{"type":"Polygon","coordinates":[[[100.97,40.23],[99.9,38.87],[100.23,38.35],[99.2,39.26],[97.91,39.0],[96.22,39.64],[92.59,39.26],[92.69,39.71],[92.28,40.03],[90.65,40.68],[90.18,42.89],[91.49,43.47],[94.54,43.28],[96.52,42.56],[96.59,42.04],[97.18,41.78],[101.12,40.87],[100.97,40.23]]]}},{"type":"Feature","properties":{"n":"Denmark-Norway","f":1645,"t":1658,"w":"Q62651"},"geometry":{"type":"MultiPolygon","coordinates":[[[[14.23,55.91],[14.3,55.36],[12.81,55.36],[12.56,55.98],[12.1,54.75],[10.88,54.75],[11.67,55.09],[10.97,55.29],[10.89,55.77],[11.77,55.84],[12.57,56.52],[16.1,56.39],[14.23,55.91]]],[[[9.75,55.57],[10.63,55.63],[10.88,54.95],[10.54,54.75],[9.93,55.09],[9.93,54.55],[11.05,54.21],[10.36,53.66],[9.5,53.6],[8.54,54.27],[8.8,54.61],[8.0,55.63],[7.98,56.66],[8.5,57.21],[10.46,57.77],[10.28,56.59],[10.9,56.52],[10.81,56.18],[10.28,56.25],[9.75,55.57]]],[[[10.63,55.77],[10.36,55.77],[10.45,55.98],[10.63,55.77]]],[[[-6.74,61.62],[-6.71,61.41],[-6.99,61.48],[-6.74,61.62]]],[[[-6.66,62.26],[-6.69,61.9],[-7.28,62.05],[-6.66,62.26]]],[[[-19.55,65.81],[-19.2,66.25],[-17.59,66.03],[-15.79,66.55],[-13.7,65.59],[-13.47,65.08],[-14.8,64.28],[-15.5,64.42],[-18.16,63.41],[-19.39,63.41],[-21.15,63.91],[-22.8,63.77],[-22.83,64.13],[-22.17,64.13],[-22.1,64.49],[-24.16,64.93],[-22.06,65.52],[-24.03,65.37],[-24.42,65.66],[-23.8,65.81],[-23.67,66.25],[-22.94,66.11],[-23.0,66.55],[-21.48,66.11],[-21.26,65.44],[-20.4,65.74],[-20.54,66.18],[-19.55,65.81]]],[[[12.79,67.89],[12.89,68.12],[13.19,67.97],[12.79,67.89]]],[[[15.08,55.23],[15.07,55.02],[14.64,55.09],[15.08,55.23]]],[[[28.18,70.57],[28.68,70.95],[31.03,70.57],[29.66,69.95],[30.92,69.72],[28.85,69.03],[29.2,69.72],[26.52,69.95],[24.86,68.57],[22.78,68.65],[21.07,69.26],[20.24,69.03],[19.96,68.42],[18.09,68.57],[18.05,68.12],[16.23,67.59],[16.38,67.07],[14.57,66.11],[14.54,65.44],[13.64,64.71],[14.1,64.13],[12.76,64.06],[12.09,63.55],[12.14,61.76],[12.78,61.19],[12.31,60.98],[12.57,60.35],[11.92,59.92],[12.16,58.18],[11.89,57.97],[11.18,58.39],[11.1,59.16],[10.56,59.64],[10.01,58.95],[7.6,57.97],[5.51,58.6],[6.03,59.36],[5.21,59.29],[5.45,60.14],[4.9,60.21],[5.08,62.26],[5.92,62.19],[6.64,62.76],[7.4,62.62],[6.92,63.05],[8.23,63.19],[7.84,63.55],[9.07,63.7],[9.26,63.41],[10.3,64.42],[11.35,64.49],[11.45,65.0],[12.13,65.15],[12.53,65.74],[12.35,66.25],[12.82,66.03],[12.94,66.62],[15.88,68.27],[14.19,68.2],[14.9,68.57],[14.42,68.8],[15.03,69.11],[15.52,68.8],[15.75,69.33],[16.15,69.33],[15.92,68.88],[17.52,68.88],[17.65,69.18],[17.04,69.11],[16.87,69.49],[18.58,69.49],[18.2,69.72],[19.59,70.33],[19.84,69.87],[20.81,70.33],[20.77,70.02],[21.77,69.95],[21.43,70.41],[22.33,70.33],[22.41,70.8],[24.33,70.72],[25.87,71.27],[25.88,70.8],[26.75,71.03],[26.56,70.64],[26.96,70.57],[27.71,71.19],[28.46,70.88],[28.18,70.57]]],[[[13.58,68.05],[13.39,68.05],[13.7,68.42],[14.09,68.2],[13.58,68.05]]],[[[23.97,70.95],[23.99,71.11],[24.1,71.11],[23.97,70.95]]]]}},{"type":"Feature","properties":{"n":"House of Savoy","f":1645,"t":1690,"w":"Q200229"},"geometry":{"type":"Polygon","coordinates":[[[8.83,44.65],[8.35,44.71],[8.03,44.12],[6.91,43.54],[6.42,44.06],[6.81,44.32],[6.64,44.84],[5.48,45.56],[6.68,46.41],[7.1,45.89],[8.33,45.76],[8.83,44.65]]]}},{"type":"Feature","properties":{"n":"Republic of Genoa","f":1645,"t":1708,"w":"Q174306"},"geometry":{"type":"MultiPolygon","coordinates":[[[[9.58,41.98],[9.1,41.33],[8.62,41.72],[8.53,42.5],[9.49,43.02],[9.58,41.98]]],[[[8.03,44.12],[8.03,43.93],[7.55,43.8],[8.03,44.12]]],[[[9.97,43.99],[9.89,43.99],[9.89,44.06],[9.97,43.99]]],[[[9.16,44.45],[8.35,44.45],[8.83,44.71],[9.89,44.12],[9.16,44.45]]]]}},{"type":"Feature","properties":{"n":"Qasimids","f":1645,"t":1658,"w":"Q5261548"},"geometry":{"type":"Polygon","coordinates":[[[47.06,14.69],[46.18,13.4],[45.05,12.76],[43.8,12.63],[43.68,13.27],[43.25,13.4],[42.71,15.78],[43.51,18.29],[44.52,19.19],[45.69,17.64],[47.06,14.69]]]}},{"type":"Feature","properties":{"n":"New France","f":1645,"t":1652,"w":"Q170604"},"geometry":{"type":"MultiPolygon","coordinates":[[[[-64.66,17.77],[-64.65,17.71],[-64.73,17.71],[-64.66,17.77]]],[[[-64.88,17.71],[-64.89,17.84],[-64.74,17.84],[-64.88,17.71]]],[[[-63.02,18.29],[-62.95,18.29],[-62.93,18.09],[-63.02,18.29]]],[[[-65.51,44.91],[-65.28,44.58],[-65.69,44.58],[-65.51,44.91]]],[[[-66.18,45.3],[-66.35,45.5],[-66.0,45.63],[-66.18,45.3]]],[[[-73.94,45.37],[-74.48,45.63],[-73.4,46.55],[-71.58,47.14],[-70.95,46.87],[-73.61,46.15],[-73.94,45.37]]],[[[47.09,-24.79],[46.97,-25.11],[46.53,-25.24],[47.09,-24.79]]],[[[-60.82,14.04],[-60.8,13.72],[-60.94,13.66],[-60.82,14.04]]],[[[-60.81,14.75],[-60.78,14.43],[-61.08,14.49],[-60.81,14.75]]],[[[-61.77,16.29],[-61.35,16.49],[-61.17,16.23],[-61.74,15.97],[-61.77,16.29]]],[[[-60.69,47.07],[-60.26,46.68],[-60.45,46.35],[-59.79,45.96],[-60.51,45.56],[-61.41,45.56],[-61.66,45.96],[-60.69,47.07]]]]}},{"type":"Feature","properties":{"n":"Dutch Republic","f":1648,"t":1652,"w":"Q170072"},"geometry":{"type":"MultiPolygon","coordinates":[[[[57.45,-19.96],[57.67,-20.03],[57.57,-20.54],[57.18,-20.35],[57.45,-19.96]]],[[[-2.31,4.85],[-2.6,4.91],[-2.52,5.11],[-2.31,4.85]]],[[[-1.14,5.36],[-1.06,5.17],[-1.8,4.85],[-1.14,5.36]]],[[[-0.41,5.43],[-0.4,5.81],[-0.26,5.81],[-0.41,5.43]]],[[[80.31,12.76],[80.21,12.44],[80.0,12.5],[80.31,12.76]]],[[[-17.09,14.94],[-16.62,13.91],[-17.01,14.49],[-17.45,14.69],[-17.09,14.94]]],[[[4.96,44.25],[5.04,44.19],[4.8,44.12],[4.96,44.25]]],[[[5.72,50.71],[5.71,51.05],[5.97,50.98],[5.72,50.71]]],[[[5.37,51.25],[3.41,51.45],[3.75,51.45],[3.4,51.65],[4.22,52.18],[4.69,53.19],[5.06,52.65],[5.54,53.39],[7.18,53.26],[6.68,52.65],[6.94,52.38],[6.7,51.92],[5.37,51.25]]],[[[123.74,-9.36],[124.26,-9.49],[124.65,-8.91],[125.02,-9.04],[124.4,-10.19],[123.17,-10.39],[123.74,-9.36]]],[[[123.52,-8.59],[122.79,-8.59],[122.91,-8.26],[123.73,-8.39],[123.52,-8.59]]],[[[125.02,-8.2],[124.97,-8.46],[123.8,-8.46],[125.02,-8.2]]],[[[106.79,-6.08],[106.74,-6.4],[106.3,-6.4],[106.42,-5.95],[106.79,-6.08]]],[[[134.21,-6.08],[134.53,-5.44],[134.68,-6.59],[133.97,-6.91],[133.92,-6.14],[134.21,-6.08]]],[[[127.8,-3.57],[128.24,-3.51],[128.25,-3.7],[127.8,-3.57]]],[[[102.1,3.05],[102.67,2.73],[102.42,2.02],[101.71,2.41],[102.1,3.05]]],[[[80.38,13.46],[80.41,13.08],[80.13,13.21],[80.38,13.46]]],[[[120.01,23.11],[120.17,23.88],[120.96,25.04],[121.77,25.29],[122.01,25.04],[121.54,23.3],[120.67,21.95],[120.01,23.11]]]]}},{"type":"Feature","properties":{"n":"(Holy Roman Empire)","f":1648,"t":1652,"w":"Q12548"},"geometry":{"type":"MultiPolygon","coordinates":[[[[8.03,44.06],[8.11,44.52],[8.59,44.71],[8.03,44.06]]],[[[8.75,44.91],[8.51,44.91],[8.59,45.04],[8.75,44.91]]],[[[6.83,47.14],[7.08,46.94],[6.51,46.87],[6.83,47.14]]],[[[6.99,47.47],[6.82,47.53],[6.98,47.66],[6.99,47.47]]],[[[7.55,47.93],[7.89,47.66],[7.56,47.53],[7.55,47.93]]],[[[7.2,48.99],[7.2,48.85],[7.03,48.85],[7.2,48.99]]],[[[8.46,53.94],[8.81,53.87],[8.72,53.66],[8.46,53.94]]],[[[9.24,44.91],[9.32,45.17],[10.45,45.04],[10.62,45.43],[11.35,44.84],[10.62,43.8],[9.24,44.91]]],[[[11.52,46.61],[12.09,46.68],[11.02,45.76],[10.45,45.89],[10.53,46.55],[11.52,46.61]]],[[[9.54,47.2],[9.63,47.14],[9.46,47.14],[9.54,47.2]]],[[[13.0,47.53],[13.18,48.06],[13.74,47.07],[12.18,47.07],[12.51,47.66],[13.0,47.53]]],[[[13.36,48.99],[14.1,48.65],[13.85,48.46],[13.27,48.59],[13.36,48.99]]],[[[12.8,50.65],[12.63,50.65],[12.55,50.91],[12.8,50.65]]],[[[7.95,48.52],[7.53,49.12],[6.69,49.18],[7.01,49.65],[6.35,49.58],[6.58,50.11],[6.07,50.25],[6.4,50.51],[6.07,50.45],[5.97,50.98],[5.71,51.05],[5.9,50.38],[4.65,50.11],[5.77,51.78],[6.88,51.45],[6.45,51.85],[6.95,52.25],[6.68,52.65],[7.18,53.33],[6.91,53.6],[8.38,53.66],[8.82,52.79],[9.5,53.12],[9.5,53.6],[11.14,54.07],[11.48,53.8],[11.4,54.14],[12.36,54.41],[13.12,53.66],[13.55,53.8],[13.2,53.33],[11.74,53.6],[11.13,53.26],[11.39,53.06],[10.79,52.99],[11.13,52.38],[12.33,52.79],[12.4,51.71],[11.63,51.25],[10.61,51.38],[10.19,51.11],[11.88,50.98],[12.05,51.31],[12.55,50.91],[11.79,50.85],[12.21,50.78],[12.12,50.18],[11.2,49.78],[11.28,49.12],[10.94,48.85],[10.03,49.12],[10.53,48.26],[10.12,48.06],[10.53,48.19],[10.69,47.73],[10.37,47.33],[9.04,47.73],[9.29,47.99],[8.22,47.66],[8.21,47.99],[8.21,48.26],[7.71,48.32],[7.95,48.52]],[[8.46,47.99],[8.38,48.13],[8.21,47.99],[8.46,47.99]],[[11.38,51.51],[11.46,51.65],[10.95,51.71],[10.87,51.45],[11.38,51.51]],[[10.2,48.46],[10.11,48.46],[10.11,48.32],[10.2,48.46]],[[9.95,48.46],[9.45,48.46],[9.45,48.19],[9.95,48.46]],[[9.54,47.86],[9.54,47.99],[9.37,47.93],[9.54,47.86]],[[9.37,48.26],[9.37,48.46],[9.2,48.32],[9.37,48.26]],[[8.71,48.19],[8.79,48.32],[8.54,48.32],[8.71,48.19]],[[9.04,48.19],[9.04,48.26],[8.87,48.32],[9.04,48.19]],[[8.91,52.12],[8.91,52.52],[8.14,52.59],[7.98,51.98],[8.91,52.12]],[[8.71,47.99],[8.63,47.99],[8.79,47.86],[8.71,47.99]],[[8.62,48.65],[8.53,48.59],[8.62,48.52],[8.62,48.65]],[[8.45,48.39],[8.21,48.39],[8.29,48.32],[8.45,48.39]],[[8.29,48.59],[8.37,48.46],[8.45,48.59],[8.29,48.59]],[[7.8,52.18],[7.71,52.52],[7.28,52.59],[7.8,52.18]],[[7.23,51.18],[7.64,51.51],[7.56,51.65],[7.05,51.58],[7.23,51.18]]]]}},{"type":"Feature","properties":{"n":"Kingdom of Spain","f":1648,"t":1652,"w":"Q29"},"geometry":{"type":"MultiPolygon","coordinates":[[[[1.27,38.8],[1.18,39.06],[1.65,39.13],[1.27,38.8]]],[[[3.3,39.32],[2.35,39.45],[2.88,39.97],[3.52,39.77],[3.3,39.32]]],[[[-1.69,43.34],[2.62,42.24],[2.48,41.78],[0.7,40.94],[-0.2,39.97],[-0.31,39.13],[0.1,38.74],[-0.66,38.29],[-0.7,37.64],[-1.71,37.45],[-2.06,36.8],[-4.47,36.74],[-5.66,36.03],[-6.43,37.0],[-7.39,37.25],[-7.5,37.71],[-6.99,38.09],[-7.27,38.67],[-6.99,39.0],[-7.44,39.64],[-6.9,39.77],[-6.93,41.0],[-6.27,41.65],[-6.7,41.98],[-8.93,41.91],[-8.66,42.37],[-9.3,43.15],[-8.24,43.73],[-1.69,43.34]]],[[[4.22,40.1],[4.3,39.84],[3.83,39.9],[4.22,40.1]]],[[[3.99,46.28],[4.31,46.28],[4.41,46.02],[3.99,46.28]]],[[[5.93,49.58],[5.35,49.32],[4.82,50.05],[5.9,50.38],[5.97,50.78],[6.59,49.98],[6.36,49.25],[5.85,49.32],[5.93,49.58]]],[[[2.36,50.58],[2.24,51.18],[5.37,51.25],[4.49,49.98],[3.4,50.05],[2.36,50.58]]],[[[15.94,41.39],[17.98,40.61],[18.35,39.9],[17.35,40.55],[16.62,40.29],[16.45,39.64],[17.14,39.06],[15.93,37.96],[15.39,38.16],[15.05,36.74],[12.49,37.71],[12.65,38.09],[14.6,38.03],[15.86,38.29],[16.27,38.74],[15.75,40.03],[13.79,41.13],[13.96,41.72],[13.01,42.04],[12.86,42.5],[13.99,42.95],[14.37,42.24],[16.11,41.78],[15.94,41.39]]],[[[9.59,39.13],[8.34,39.0],[8.15,40.94],[9.5,41.2],[9.82,40.36],[9.59,39.13]]],[[[11.18,42.56],[11.34,42.63],[11.34,42.43],[11.18,42.56]]],[[[10.13,42.89],[10.46,42.89],[10.46,42.69],[10.13,42.89]]],[[[10.86,43.08],[10.94,42.89],[10.7,42.95],[10.86,43.08]]],[[[9.32,45.17],[9.4,44.45],[8.34,45.1],[8.58,45.56],[7.92,45.96],[8.32,46.41],[8.9,45.89],[9.39,46.22],[9.31,45.69],[10.45,45.04],[9.32,45.17]]],[[[5.82,47.86],[6.89,47.93],[6.99,47.27],[5.95,46.35],[5.38,46.28],[5.82,47.86]]]]}},{"type":"Feature","properties":{"n":"(Kingdom of France)","f":1648,"t":1652,"w":"Q207162"},"geometry":{"type":"MultiPolygon","coordinates":[[[[-60.82,14.04],[-60.8,13.72],[-60.94,13.66],[-60.82,14.04]]],[[[-60.78,14.43],[-61.08,14.49],[-61.19,14.88],[-60.78,14.43]]],[[[-61.77,16.29],[-61.35,16.49],[-61.17,16.23],[-61.74,15.97],[-61.77,16.29]]],[[[-64.65,17.71],[-64.73,17.71],[-64.73,17.77],[-64.65,17.71]]],[[[-64.88,17.71],[-64.89,17.84],[-64.74,17.84],[-64.88,17.71]]],[[[-62.95,18.29],[-62.93,18.09],[-63.08,18.16],[-62.95,18.29]]],[[[-65.51,44.91],[-65.28,44.58],[-65.69,44.58],[-65.51,44.91]]],[[[-66.18,45.3],[-66.35,45.5],[-66.0,45.63],[-66.18,45.3]]],[[[-74.48,45.63],[-73.79,46.35],[-71.58,47.14],[-71.02,47.01],[-73.61,46.15],[-73.89,45.43],[-74.48,45.63]]],[[[47.09,-24.79],[46.97,-25.11],[46.53,-25.24],[47.09,-24.79]]],[[[4.88,48.65],[5.87,48.85],[5.88,48.46],[5.38,48.52],[5.82,47.73],[5.38,46.28],[6.03,46.22],[5.48,45.56],[6.64,44.84],[6.81,44.32],[6.42,44.06],[6.91,43.54],[6.28,43.15],[3.69,43.54],[2.98,43.15],[3.12,41.91],[1.87,41.26],[2.62,42.37],[-1.43,43.08],[-1.69,43.41],[-1.03,45.5],[-1.25,46.28],[-2.01,46.61],[-2.58,47.47],[-4.42,47.8],[-4.89,48.32],[-4.6,48.72],[-3.46,48.92],[-1.6,48.65],[-2.03,49.78],[0.01,49.38],[0.22,49.85],[1.45,50.25],[1.66,51.05],[2.24,51.11],[2.36,50.58],[3.4,50.05],[4.74,50.11],[5.08,49.78],[4.88,48.65]],[[4.08,45.96],[4.41,46.02],[4.31,46.28],[4.08,45.96]]],[[[-60.69,47.07],[-60.26,46.68],[-60.45,46.35],[-59.79,45.96],[-60.51,45.56],[-61.41,45.56],[-61.66,45.96],[-60.69,47.07]]],[[[6.72,48.19],[6.47,48.32],[6.54,48.52],[6.72,48.19]]],[[[7.56,47.6],[6.98,47.53],[7.04,48.52],[6.45,48.85],[5.86,48.99],[6.78,49.18],[7.03,48.92],[6.62,48.85],[7.36,48.92],[7.71,48.39],[7.56,47.6]]],[[[6.04,48.79],[5.87,48.85],[5.95,48.92],[6.04,48.79]]],[[[5.7,48.99],[5.36,48.99],[5.35,49.32],[5.77,49.38],[5.7,48.99]]]]}},{"type":"Feature","properties":{"n":"(Habsburg Monarchy)","f":1648,"t":1652,"w":"Q66504140"},"geometry":{"type":"MultiPolygon","coordinates":[[[[8.21,48.26],[8.06,47.33],[7.56,47.53],[7.89,47.66],[7.55,47.93],[7.71,48.32],[8.21,48.26]]],[[[9.29,47.99],[9.29,47.8],[8.88,47.73],[9.29,47.99]]],[[[8.71,47.93],[8.79,47.86],[8.63,47.86],[8.71,47.93]]],[[[8.21,47.99],[8.21,48.13],[8.38,48.13],[8.21,47.99]]],[[[8.79,48.32],[8.71,48.19],[8.54,48.32],[8.79,48.32]]],[[[8.87,48.19],[8.87,48.32],[9.04,48.26],[8.87,48.19]]],[[[8.21,48.39],[8.45,48.39],[8.29,48.32],[8.21,48.39]]],[[[8.29,48.59],[8.45,48.59],[8.37,48.46],[8.29,48.59]]],[[[7.79,48.52],[7.79,48.59],[7.95,48.59],[7.79,48.52]]],[[[8.53,48.59],[8.62,48.65],[8.7,48.52],[8.53,48.59]]],[[[9.54,47.99],[9.54,47.86],[9.37,47.93],[9.54,47.99]]],[[[10.36,47.99],[10.12,48.06],[10.2,48.26],[10.53,48.26],[10.36,47.99]]],[[[9.95,48.46],[10.03,48.26],[9.45,48.19],[9.95,48.46]]],[[[9.37,48.26],[9.2,48.26],[9.2,48.32],[9.37,48.26]]],[[[20.85,47.66],[19.21,47.93],[18.17,46.87],[17.26,46.74],[16.91,46.22],[17.3,45.69],[16.22,45.04],[15.82,45.24],[15.8,44.71],[15.23,44.45],[14.6,45.37],[14.03,45.04],[13.79,45.24],[14.12,45.5],[13.31,45.82],[13.56,46.55],[11.11,46.41],[9.54,47.2],[9.62,47.53],[12.51,47.66],[12.18,47.07],[13.74,47.07],[13.18,48.06],[14.1,48.65],[12.53,49.52],[12.12,50.25],[14.33,51.05],[15.0,50.91],[15.13,52.25],[15.81,52.25],[16.13,51.71],[17.32,51.71],[17.55,51.25],[18.71,50.85],[19.19,50.38],[18.88,49.45],[21.8,49.38],[22.44,49.05],[20.85,47.66]],[[20.29,49.25],[20.28,49.12],[20.45,49.18],[20.29,49.25]]],[[[10.11,48.32],[10.11,48.46],[10.28,48.39],[10.11,48.32]]]]}},{"type":"Feature","properties":{"n":"(Spanish Empire)","f":1648,"t":1652,"w":"Q80702"},"geometry":{"type":"MultiPolygon","coordinates":[[[[-73.65,-42.83],[-74.1,-42.76],[-74.03,-42.44],[-73.46,-42.24],[-73.65,-42.83]]],[[[-73.9,-40.17],[-73.37,-39.46],[-73.0,-39.72],[-73.9,-40.17]]],[[[-75.34,-10.77],[-75.27,-10.77],[-75.27,-10.84],[-75.34,-10.77]]],[[[-99.79,25.42],[-99.59,24.26],[-97.72,22.53],[-96.25,19.44],[-95.77,18.8],[-94.48,18.22],[-92.5,18.74],[-91.3,18.61],[-89.98,21.31],[-86.75,21.5],[-87.7,18.29],[-87.99,18.74],[-89.17,17.77],[-90.57,17.77],[-90.6,16.55],[-90.38,16.04],[-89.54,15.84],[-85.88,15.97],[-85.69,15.07],[-84.58,14.43],[-84.94,13.72],[-84.42,11.34],[-83.58,10.96],[-82.21,9.03],[-81.03,8.84],[-79.69,9.61],[-78.96,9.61],[-77.99,9.29],[-76.83,8.19],[-76.93,8.64],[-75.66,9.48],[-75.58,10.51],[-74.96,11.15],[-74.36,10.89],[-74.17,11.34],[-73.15,11.41],[-71.84,12.44],[-71.1,12.31],[-71.28,11.79],[-71.92,11.6],[-71.65,10.83],[-69.66,11.66],[-68.46,11.34],[-68.19,10.51],[-66.37,10.7],[-65.09,10.06],[-64.03,10.7],[-61.91,10.76],[-62.84,10.38],[-62.3,9.8],[-61.95,9.99],[-60.83,9.54],[-61.15,8.58],[-64.71,8.06],[-65.12,7.55],[-65.87,7.87],[-67.01,7.16],[-67.06,6.65],[-68.73,6.46],[-71.47,7.42],[-72.05,7.29],[-74.15,4.59],[-74.35,3.89],[-75.79,2.21],[-76.3,1.31],[-76.81,0.41],[-77.54,-1.45],[-77.85,-4.92],[-77.5,-6.85],[-76.34,-8.39],[-75.17,-11.35],[-73.87,-12.44],[-71.88,-13.15],[-70.67,-12.76],[-68.37,-13.28],[-65.67,-14.89],[-63.8,-15.34],[-62.59,-16.36],[-63.18,-20.61],[-64.19,-23.63],[-64.07,-24.79],[-63.27,-26.2],[-61.05,-26.78],[-59.61,-26.72],[-58.85,-26.27],[-57.5,-24.34],[-57.0,-24.47],[-58.43,-26.84],[-58.75,-30.32],[-58.27,-30.89],[-58.56,-32.76],[-58.25,-33.34],[-58.55,-34.49],[-60.29,-33.79],[-63.06,-34.62],[-64.35,-34.3],[-67.86,-34.43],[-70.36,-35.27],[-70.7,-36.3],[-71.2,-36.62],[-71.35,-37.91],[-73.34,-36.94],[-71.63,-32.69],[-71.94,-30.83],[-70.57,-25.17],[-70.53,-23.63],[-70.81,-23.5],[-70.27,-21.96],[-70.26,-19.84],[-70.44,-18.42],[-71.62,-17.33],[-75.22,-15.53],[-76.08,-14.69],[-76.46,-14.18],[-76.38,-13.41],[-77.8,-11.35],[-78.98,-8.46],[-79.98,-6.91],[-81.33,-6.14],[-81.01,-5.63],[-81.47,-4.41],[-80.05,-3.12],[-81.12,-2.29],[-81.03,-0.94],[-80.16,0.22],[-80.23,0.86],[-79.06,1.25],[-78.78,2.34],[-77.91,2.6],[-77.26,3.63],[-77.56,4.08],[-77.41,6.52],[-78.5,7.94],[-78.23,8.45],[-79.64,8.9],[-80.41,8.26],[-80.0,7.42],[-80.94,7.16],[-81.05,7.87],[-81.47,7.61],[-81.94,8.19],[-83.71,8.45],[-83.67,9.09],[-84.83,9.99],[-85.24,9.61],[-85.78,9.99],[-85.72,11.09],[-87.55,12.69],[-87.47,13.34],[-88.85,13.21],[-91.35,13.91],[-94.77,16.36],[-96.21,15.65],[-97.72,15.91],[-101.11,17.26],[-101.9,17.96],[-103.19,18.16],[-104.87,19.25],[-105.54,20.02],[-105.13,21.31],[-105.7,22.59],[-108.04,24.91],[-105.93,23.94],[-106.44,25.36],[-105.47,25.94],[-106.55,27.29],[-102.71,26.52],[-101.55,26.9],[-100.66,26.71],[-99.79,25.42]]],[[[-76.3,1.31],[-76.22,1.31],[-76.22,1.25],[-76.3,1.31]]],[[[-81.9,7.36],[-81.91,7.61],[-81.7,7.68],[-81.9,7.36]]],[[[-79.03,8.32],[-78.96,8.45],[-78.81,8.45],[-79.03,8.32]]],[[[-61.0,10.06],[-61.73,10.06],[-61.55,10.83],[-60.89,10.83],[-61.0,10.06]]],[[[-64.04,10.83],[-64.35,11.09],[-63.84,11.21],[-64.04,10.83]]],[[[-69.73,11.66],[-70.24,11.6],[-70.28,12.11],[-69.85,12.24],[-69.73,11.66]]],[[[-78.39,18.29],[-77.01,18.48],[-76.12,17.9],[-77.37,17.84],[-78.39,18.29]]],[[[-67.12,17.96],[-67.26,18.48],[-66.16,18.54],[-65.52,18.16],[-67.12,17.96]]],[[[-69.49,19.12],[-68.58,18.99],[-68.29,18.41],[-70.72,18.35],[-71.28,17.58],[-72.1,18.22],[-74.4,18.29],[-74.24,18.74],[-72.3,18.61],[-72.79,19.51],[-73.41,19.64],[-73.23,19.96],[-70.78,19.96],[-69.12,19.19],[-69.49,19.12]]],[[[-73.3,18.86],[-73.32,18.99],[-72.79,18.93],[-72.83,18.67],[-73.3,18.86]]],[[[-86.99,20.28],[-87.02,20.47],[-86.67,20.6],[-86.99,20.28]]],[[[-75.63,21.18],[-74.07,20.15],[-77.65,19.83],[-77.19,20.66],[-78.24,20.79],[-78.66,21.56],[-82.05,22.27],[-81.74,22.66],[-84.8,21.82],[-84.0,22.79],[-82.29,23.24],[-80.57,23.17],[-79.25,22.46],[-77.64,22.14],[-77.66,21.82],[-75.63,21.18]]],[[[-82.5,21.44],[-82.95,21.44],[-83.04,21.95],[-82.66,21.95],[-82.5,21.44]]],[[[-78.6,22.53],[-78.23,22.59],[-78.2,22.4],[-78.6,22.53]]],[[[-17.85,27.87],[-17.9,27.61],[-18.06,27.67],[-17.85,27.87]]],[[[-17.71,28.89],[-17.67,28.51],[-17.9,28.51],[-17.71,28.89]]],[[[-83.84,30.05],[-84.88,29.73],[-85.12,30.24],[-84.84,30.82],[-81.97,30.37],[-81.87,31.27],[-81.21,31.59],[-81.44,30.89],[-80.55,28.57],[-81.94,28.12],[-83.84,30.05]]],[[[-106.36,36.48],[-105.19,35.19],[-105.62,34.81],[-106.35,34.87],[-106.93,35.9],[-106.36,36.48]]],[[[120.0,10.51],[118.85,9.93],[118.73,10.19],[119.19,10.44],[119.34,11.15],[120.0,10.51]]],[[[-15.73,27.74],[-15.76,28.19],[-15.3,28.12],[-15.73,27.74]]],[[[-17.35,28.19],[-17.12,28.25],[-17.03,28.06],[-17.35,28.19]]],[[[-16.91,28.38],[-16.09,28.57],[-16.36,28.06],[-16.65,27.93],[-16.91,28.38]]],[[[-13.77,28.77],[-13.81,28.25],[-14.32,28.06],[-13.77,28.77]]],[[[-13.65,29.22],[-13.42,29.22],[-13.47,28.89],[-13.86,28.96],[-13.65,29.22]]],[[[-2.98,35.26],[-2.99,35.45],[-2.84,35.45],[-2.98,35.26]]],[[[-0.53,35.71],[-0.45,35.58],[-0.67,35.45],[-0.92,35.71],[-0.53,35.71]]],[[[-5.57,35.84],[-5.34,35.84],[-5.33,35.77],[-5.57,35.84]]],[[[1.65,39.13],[1.66,39.0],[1.27,38.8],[1.26,39.13],[1.65,39.13]]],[[[2.34,39.64],[2.88,39.97],[3.52,39.77],[3.3,39.32],[2.34,39.64]]],[[[18.44,40.1],[18.11,39.9],[17.35,40.55],[16.62,40.29],[16.45,39.64],[17.14,39.06],[15.93,37.96],[15.39,38.16],[15.05,36.74],[12.49,37.71],[12.65,38.09],[14.6,38.03],[15.86,38.29],[16.27,38.74],[15.75,40.03],[13.79,41.13],[13.96,41.72],[13.01,42.04],[12.86,42.5],[13.99,42.95],[14.37,42.24],[16.12,41.91],[15.94,41.39],[18.44,40.1]]],[[[0.04,42.69],[2.46,42.43],[2.48,41.78],[0.7,40.94],[-0.2,39.97],[-0.31,39.13],[0.1,38.74],[-0.66,38.29],[-0.7,37.64],[-1.71,37.45],[-2.06,36.8],[-4.47,36.74],[-5.66,36.03],[-6.06,36.22],[-6.43,37.0],[-7.39,37.25],[-7.5,37.71],[-6.99,38.09],[-7.27,38.67],[-6.99,39.0],[-7.44,39.64],[-6.9,39.77],[-6.93,41.0],[-6.27,41.65],[-6.7,41.98],[-8.93,41.91],[-8.66,42.37],[-9.3,43.15],[-8.24,43.73],[-1.69,43.34],[0.04,42.69]]],[[[4.22,40.1],[4.3,39.84],[3.83,39.9],[4.22,40.1]]],[[[9.59,39.13],[8.34,39.0],[8.15,40.94],[9.5,41.2],[9.59,39.13]]],[[[11.34,42.43],[11.18,42.5],[11.18,42.56],[11.34,42.43]]],[[[10.46,42.89],[10.46,42.69],[10.21,42.69],[10.46,42.89]]],[[[10.86,43.08],[10.94,42.89],[10.7,42.95],[10.86,43.08]]],[[[9.32,45.17],[9.4,44.45],[8.34,45.1],[8.58,45.56],[7.92,45.96],[8.32,46.41],[8.9,45.89],[9.39,46.22],[9.31,45.69],[10.45,45.04],[9.32,45.17]]],[[[4.31,46.28],[4.41,46.02],[4.08,45.96],[4.31,46.28]]],[[[6.89,47.93],[6.99,47.27],[5.38,46.28],[5.58,47.66],[6.89,47.93]]],[[[5.35,49.32],[4.82,50.05],[5.9,50.38],[5.97,50.78],[6.59,49.98],[6.36,49.25],[5.86,49.25],[5.93,49.58],[5.35,49.32]]],[[[3.32,51.45],[5.37,51.25],[4.49,49.98],[3.4,50.05],[2.36,50.58],[2.24,51.11],[3.32,51.45]]],[[[126.2,6.39],[125.83,7.23],[125.52,7.04],[125.65,5.88],[125.33,5.49],[125.15,6.01],[124.7,5.81],[124.0,6.26],[124.09,7.42],[123.68,7.74],[122.76,7.23],[122.59,7.74],[122.23,6.97],[121.8,6.97],[122.1,8.0],[123.34,8.77],[124.09,8.19],[124.82,9.03],[125.48,9.03],[125.42,9.86],[126.24,9.29],[126.59,7.61],[126.2,6.39]]],[[[124.55,9.22],[124.77,9.29],[124.82,9.03],[124.55,9.22]]],[[[123.58,9.03],[123.44,9.09],[123.54,9.35],[123.58,9.03]]],[[[125.92,9.74],[125.97,9.54],[125.83,9.61],[125.92,9.74]]],[[[125.92,9.74],[125.94,9.99],[126.1,10.06],[125.92,9.74]]],[[[124.5,10.19],[124.62,9.93],[123.78,9.54],[123.74,9.86],[124.5,10.19]]],[[[122.81,10.12],[122.9,10.89],[123.56,10.96],[123.15,9.8],[123.22,9.03],[122.33,9.67],[122.81,10.12]]],[[[125.47,10.38],[125.7,10.44],[125.71,9.86],[125.47,10.38]]],[[[123.6,9.99],[123.48,9.48],[123.26,9.48],[124.11,11.28],[124.0,10.25],[123.6,9.99]]],[[[121.93,11.99],[123.12,11.54],[122.62,10.38],[121.9,10.44],[121.93,11.99]]],[[[125.24,10.25],[124.92,9.99],[124.25,11.21],[124.31,11.73],[124.71,11.34],[124.97,11.73],[124.27,12.56],[125.55,12.24],[125.77,11.02],[125.06,11.21],[125.24,10.25]]],[[[119.85,11.79],[119.87,11.92],[120.09,11.92],[119.85,11.79]]],[[[119.84,12.31],[120.34,12.18],[120.32,11.99],[119.84,12.31]]],[[[124.09,11.73],[123.17,11.99],[123.24,12.5],[123.83,12.56],[124.09,11.73]]],[[[121.9,12.37],[122.13,12.44],[122.09,12.11],[121.9,12.37]]],[[[122.69,12.24],[122.41,12.37],[122.51,12.56],[122.69,12.24]]],[[[121.99,12.5],[122.02,12.69],[122.24,12.69],[121.99,12.5]]],[[[120.74,13.59],[121.44,13.34],[121.29,12.18],[120.34,13.34],[120.74,13.59]]],[[[122.2,13.53],[122.16,13.21],[121.86,13.21],[121.75,13.46],[122.2,13.53]]],[[[120.1,13.72],[120.12,13.85],[120.27,13.85],[120.1,13.72]]],[[[124.11,13.53],[124.12,14.11],[124.47,13.98],[124.11,13.53]]],[[[122.13,15.01],[122.07,14.62],[121.86,14.69],[122.13,15.01]]],[[[121.49,15.14],[121.84,14.11],[122.76,14.36],[123.12,13.79],[123.24,14.11],[123.87,13.91],[123.61,13.59],[124.14,13.21],[124.12,12.5],[123.45,13.01],[123.06,12.82],[123.27,13.27],[122.69,13.85],[122.74,13.21],[121.82,13.91],[121.4,13.59],[120.62,13.79],[120.97,14.62],[120.35,14.43],[119.73,16.1],[120.01,16.42],[120.4,16.1],[120.61,18.54],[122.39,18.54],[122.22,17.64],[122.64,17.13],[121.49,15.14]]]]}},{"type":"Feature","properties":{"n":"(Dutch Republic)","f":1648,"t":1652,"w":"Q170072"},"geometry":{"type":"MultiPolygon","coordinates":[[[[57.45,-19.96],[57.67,-20.03],[57.57,-20.54],[57.18,-20.35],[57.45,-19.96]]],[[[-2.31,4.85],[-2.6,4.91],[-2.52,5.11],[-2.31,4.85]]],[[[-1.14,5.36],[-1.06,5.17],[-1.8,4.85],[-1.14,5.36]]],[[[-0.41,5.43],[-0.4,5.81],[-0.26,5.81],[-0.41,5.43]]],[[[80.31,12.76],[80.21,12.44],[80.0,12.5],[80.31,12.76]]],[[[-17.09,14.94],[-16.62,13.91],[-17.01,14.49],[-17.45,14.69],[-17.09,14.94]]],[[[4.96,44.25],[5.04,44.19],[4.8,44.12],[4.96,44.25]]],[[[5.72,50.71],[5.71,51.05],[5.97,50.98],[5.72,50.71]]],[[[5.37,51.25],[3.41,51.45],[3.75,51.45],[3.4,51.65],[4.22,52.18],[4.69,53.19],[5.06,52.65],[5.54,53.39],[7.18,53.26],[6.68,52.65],[6.94,52.38],[6.7,51.92],[5.37,51.25]]],[[[123.74,-9.36],[124.26,-9.49],[124.65,-8.91],[125.02,-9.04],[124.4,-10.19],[123.17,-10.39],[123.74,-9.36]]],[[[123.52,-8.59],[122.79,-8.59],[122.91,-8.26],[123.73,-8.39],[123.52,-8.59]]],[[[125.02,-8.2],[124.97,-8.46],[123.8,-8.46],[125.02,-8.2]]],[[[106.79,-6.08],[106.74,-6.4],[106.3,-6.4],[106.42,-5.95],[106.79,-6.08]]],[[[134.21,-6.08],[134.53,-5.44],[134.68,-6.59],[133.97,-6.91],[133.92,-6.14],[134.21,-6.08]]],[[[127.8,-3.57],[128.24,-3.51],[128.25,-3.7],[127.8,-3.57]]],[[[102.1,3.05],[102.67,2.73],[102.42,2.02],[101.71,2.41],[102.1,3.05]]],[[[80.38,13.46],[80.41,13.08],[80.13,13.21],[80.38,13.46]]],[[[120.01,23.11],[120.17,23.88],[120.96,25.04],[121.77,25.29],[122.01,25.04],[121.54,23.3],[120.67,21.95],[120.01,23.11]]]]}},{"type":"Feature","properties":{"n":"Polish-Lithuanian Commonwealth","f":1648,"t":1652,"w":"Q172107"},"geometry":{"type":"MultiPolygon","coordinates":[[[[-60.62,11.09],[-60.84,11.09],[-60.7,11.34],[-60.62,11.09]]],[[[20.37,49.18],[20.28,49.12],[20.29,49.25],[20.37,49.18]]],[[[27.72,56.87],[28.48,57.14],[28.29,56.52],[29.88,56.52],[30.0,56.18],[32.32,56.8],[33.12,56.39],[32.83,55.84],[34.81,56.05],[34.49,54.95],[33.0,54.41],[32.97,53.8],[33.42,53.46],[33.19,53.12],[33.69,53.06],[33.59,52.52],[32.96,52.32],[32.73,51.98],[33.09,51.58],[32.25,51.11],[34.39,50.31],[34.05,49.25],[31.22,48.06],[29.8,47.93],[29.22,47.27],[28.88,47.86],[27.39,48.65],[25.51,48.92],[25.25,48.79],[25.54,48.39],[24.91,47.8],[22.78,49.12],[18.88,49.45],[19.24,49.85],[19.03,50.58],[17.55,51.25],[17.32,51.71],[16.13,51.71],[15.49,52.65],[16.1,52.86],[16.4,53.8],[17.17,53.66],[17.5,54.89],[20.83,54.07],[20.1,53.66],[19.45,54.21],[18.7,53.39],[19.74,53.46],[20.4,53.06],[22.42,53.6],[22.81,54.89],[20.84,56.18],[21.6,57.63],[22.52,57.83],[23.59,57.08],[23.47,56.8],[25.45,56.39],[26.53,56.59],[27.3,57.56],[27.72,56.87]]]]}},{"type":"Feature","properties":{"n":"Golden Horde","f":1648,"t":1652,"w":"Q79965"},"geometry":{"type":"MultiPolygon","coordinates":[[[[117.48,54.82],[121.15,53.39],[119.9,52.65],[120.53,52.59],[120.67,52.05],[119.65,51.11],[119.28,50.11],[117.83,49.52],[116.68,49.78],[115.42,47.99],[115.82,47.73],[118.48,47.99],[119.75,47.2],[119.8,46.68],[116.72,46.35],[115.88,45.56],[112.07,44.39],[111.89,43.67],[109.89,42.56],[106.86,42.3],[104.97,41.59],[102.73,42.04],[101.12,40.87],[97.18,41.78],[95.92,42.82],[92.94,43.47],[90.71,43.34],[90.18,42.89],[90.22,41.91],[86.75,42.56],[87.55,44.19],[90.69,45.69],[91.03,46.55],[90.17,47.8],[89.03,47.99],[88.06,48.52],[87.78,49.12],[86.52,49.58],[88.4,51.45],[91.52,53.6],[94.66,54.41],[97.81,52.99],[99.01,52.86],[100.16,53.39],[101.79,52.32],[104.83,51.45],[108.83,53.26],[109.64,54.27],[109.99,55.84],[117.48,54.82]]],[[[103.8,51.78],[103.71,51.78],[103.76,51.85],[103.8,51.78]]],[[[108.87,53.53],[108.52,53.53],[108.6,53.73],[109.11,53.94],[108.87,53.53]]]]}},{"type":"Feature","properties":{"n":"Portuguese Colonies","f":1648,"t":1652,"w":"Q200464"},"geometry":{"type":"MultiPolygon","coordinates":[[[[76.23,9.93],[76.45,9.99],[76.56,9.41],[76.26,9.35],[76.23,9.93]]],[[[79.87,10.83],[79.86,10.73],[79.85,10.82],[79.87,10.83]]],[[[75.78,10.96],[75.59,11.34],[75.81,11.41],[75.78,10.96]]],[[[75.27,11.92],[75.07,12.24],[75.29,12.31],[75.27,11.92]]],[[[74.52,15.26],[74.55,14.81],[74.24,14.62],[73.86,15.33],[74.52,15.26]]],[[[73.1,19.38],[72.99,18.99],[72.84,18.99],[73.1,19.38]]],[[[73.18,20.09],[72.89,20.15],[73.12,20.21],[73.18,20.09]]],[[[124.26,-9.49],[123.81,-9.36],[123.94,-9.23],[124.38,-9.16],[124.26,-9.49]]],[[[125.02,-9.04],[124.71,-8.84],[125.2,-8.52],[127.23,-8.39],[125.0,-9.55],[125.02,-9.04]]],[[[122.28,-8.52],[122.82,-8.07],[122.93,-8.46],[122.28,-8.52]]],[[[81.69,7.29],[81.43,7.81],[81.65,7.87],[81.69,7.29]]],[[[80.36,7.04],[80.89,5.94],[80.23,5.88],[79.62,8.06],[80.05,9.16],[79.88,9.86],[81.06,8.96],[80.37,8.51],[80.36,7.04]]],[[[81.39,8.39],[81.09,8.32],[81.04,8.58],[81.39,8.39]]],[[[113.45,22.34],[113.69,22.4],[113.64,22.14],[113.45,22.34]]]]}},{"type":"Feature","properties":{"n":"Republic of Venice","f":1648,"t":1672,"w":"Q4948"},"geometry":{"type":"MultiPolygon","coordinates":[[[[17.36,43.08],[17.52,43.08],[17.52,42.95],[17.36,43.08]]],[[[15.93,43.47],[15.07,44.39],[16.82,43.73],[17.37,43.21],[15.93,43.47]]],[[[14.99,44.45],[14.99,44.52],[15.07,44.52],[14.99,44.45]]],[[[14.27,44.97],[14.51,44.91],[14.5,44.52],[14.27,44.97]]],[[[14.68,45.17],[14.76,45.04],[14.52,45.1],[14.68,45.17]]],[[[13.78,44.91],[13.55,45.5],[14.12,45.5],[13.79,45.24],[13.78,44.91]]],[[[12.4,44.78],[10.62,45.43],[9.88,45.3],[9.31,45.89],[10.37,46.35],[10.7,45.69],[12.09,46.68],[13.56,46.55],[13.06,45.63],[12.16,45.5],[12.4,44.78]]],[[[25.07,35.32],[25.38,35.32],[25.06,35.13],[25.07,35.32]]],[[[22.89,36.42],[23.12,36.35],[23.11,36.16],[22.89,36.42]]],[[[24.99,37.71],[25.22,37.71],[25.29,37.51],[24.99,37.71]]],[[[20.62,37.9],[20.93,37.9],[20.92,37.64],[20.62,37.9]]],[[[20.49,38.42],[20.8,38.29],[20.79,38.09],[20.32,38.16],[20.49,38.42]]],[[[19.92,39.77],[19.91,39.58],[19.76,39.64],[19.92,39.77]]],[[[18.3,42.63],[18.31,42.69],[18.71,42.82],[18.85,42.37],[18.3,42.63]]],[[[17.51,42.76],[17.51,42.82],[17.59,42.82],[17.51,42.76]]]]}},{"type":"Feature","properties":{"n":"Tsardom of Russia","f":1648,"t":1652,"w":"Q186096"},"geometry":{"type":"MultiPolygon","coordinates":[[[[41.2,50.71],[41.29,50.71],[41.27,50.65],[41.2,50.71]]],[[[118.9,73.73],[118.4,73.33],[120.56,73.0],[123.08,73.0],[123.21,73.57],[124.01,73.81],[128.08,73.57],[129.12,73.16],[128.74,72.92],[129.22,72.76],[128.74,72.53],[129.64,72.37],[128.31,71.97],[130.99,70.8],[132.46,71.97],[133.49,71.5],[136.33,71.74],[137.77,71.34],[138.61,71.74],[139.7,71.58],[139.36,71.81],[139.8,72.21],[139.0,72.29],[140.92,72.92],[146.06,72.69],[146.82,72.53],[145.13,71.74],[147.41,72.45],[149.14,72.37],[150.13,72.05],[148.95,71.74],[151.81,71.42],[152.49,70.88],[155.5,71.19],[159.39,70.95],[160.15,70.64],[159.78,69.87],[161.09,69.64],[158.28,68.95],[152.85,65.96],[146.81,65.0],[144.9,65.08],[139.11,63.84],[131.12,63.12],[123.99,60.07],[121.47,59.92],[119.65,60.28],[118.99,61.48],[118.07,61.83],[116.62,61.69],[110.76,57.63],[107.64,56.18],[106.51,55.02],[106.27,53.73],[104.39,52.72],[103.71,51.78],[101.79,52.32],[100.16,53.39],[99.01,52.86],[97.81,52.99],[93.63,54.68],[86.66,53.26],[84.45,56.8],[70.99,56.8],[62.66,56.39],[61.92,55.91],[59.93,51.92],[57.96,51.65],[54.24,52.45],[52.58,52.32],[51.92,49.91],[52.11,46.94],[50.84,47.14],[47.57,45.76],[46.69,44.71],[47.34,43.99],[46.8,43.73],[46.19,44.25],[47.41,46.15],[47.25,46.55],[46.3,47.4],[43.77,48.32],[45.2,50.85],[45.2,51.51],[43.52,51.58],[41.37,50.71],[40.51,51.38],[39.66,51.38],[36.43,50.45],[35.43,51.38],[34.53,51.58],[34.16,50.45],[33.41,50.45],[32.25,51.11],[33.09,51.58],[32.73,51.98],[32.96,52.32],[33.59,52.52],[33.69,53.06],[33.19,53.12],[33.42,53.46],[32.97,53.8],[33.0,54.41],[34.49,54.95],[34.81,56.05],[32.83,55.84],[33.12,56.39],[32.32,56.8],[30.26,56.18],[29.88,56.52],[29.14,56.32],[29.1,56.59],[28.29,56.52],[28.48,57.14],[27.72,56.87],[27.8,57.35],[27.3,57.56],[27.98,57.9],[27.94,58.25],[27.48,58.18],[27.94,59.29],[30.08,59.16],[30.86,59.43],[30.66,59.78],[31.1,60.21],[31.82,60.14],[32.09,60.56],[32.17,60.91],[31.6,61.26],[32.14,62.47],[30.05,63.7],[30.55,64.28],[29.81,64.86],[30.31,65.81],[29.05,66.77],[29.94,67.67],[28.42,68.42],[28.63,68.95],[30.96,69.87],[32.31,70.02],[33.44,69.33],[36.13,69.26],[41.0,67.74],[41.39,67.15],[41.04,66.7],[38.68,66.03],[32.55,67.07],[33.0,66.55],[34.87,65.88],[34.44,65.37],[34.98,64.49],[37.39,63.91],[37.88,63.99],[37.89,64.35],[36.79,64.49],[36.36,65.0],[37.21,65.3],[38.21,64.79],[40.19,64.71],[39.54,65.37],[40.4,65.96],[41.96,66.55],[43.97,66.18],[44.37,67.0],[43.6,67.3],[44.17,68.27],[43.45,68.73],[45.88,68.57],[46.66,67.82],[44.93,67.44],[45.81,66.92],[47.37,66.92],[47.78,67.67],[53.28,69.03],[54.04,68.95],[53.87,68.42],[53.3,68.27],[58.39,69.03],[59.09,69.03],[59.4,68.88],[59.24,68.42],[59.74,68.42],[60.7,68.88],[60.09,69.72],[58.34,70.18],[59.07,70.57],[60.54,69.79],[63.93,69.72],[68.49,68.27],[68.95,68.95],[66.6,69.64],[67.17,70.18],[67.19,70.8],[66.53,71.03],[68.11,71.66],[69.36,73.0],[72.98,72.69],[71.81,71.5],[72.89,71.03],[72.5,69.03],[73.63,68.65],[73.07,67.74],[71.52,66.62],[70.4,66.4],[72.1,66.33],[74.65,67.74],[74.2,68.35],[74.59,68.88],[76.47,69.11],[77.31,68.65],[77.25,68.05],[77.88,68.35],[77.59,68.88],[76.63,69.18],[73.66,69.11],[73.41,69.72],[74.22,70.64],[72.89,71.42],[74.87,72.21],[74.86,72.92],[75.77,72.53],[75.27,71.81],[75.4,71.34],[77.19,71.27],[75.85,71.89],[77.23,72.05],[76.71,72.29],[77.48,72.69],[82.52,71.81],[84.97,72.21],[104.91,72.76],[106.15,73.25],[110.4,73.65],[111.3,74.14],[111.89,73.73],[113.21,74.05],[113.6,73.81],[113.36,73.57],[118.9,73.73]]],[[[36.09,65.08],[35.5,65.0],[35.46,65.22],[36.09,65.08]]],[[[48.24,69.41],[48.61,69.56],[50.32,69.33],[49.7,68.88],[48.34,68.73],[48.24,69.41]]]]}},{"type":"Feature","properties":{"n":"Swiss Confederation","f":1648,"t":1672,"w":"Q39"},"geometry":{"type":"Polygon","coordinates":[[[10.12,46.02],[9.22,46.22],[8.9,45.89],[8.32,46.41],[7.92,45.96],[7.1,45.89],[6.68,46.41],[5.95,46.28],[6.42,46.87],[7.08,46.94],[6.98,47.53],[8.06,47.33],[8.55,47.73],[9.62,47.53],[9.54,47.14],[10.37,47.01],[10.53,46.55],[10.12,46.02]]]}},{"type":"Feature","properties":{"n":"Habsburg Monarchy","f":1648,"t":1652,"w":"Q66504140"},"geometry":{"type":"MultiPolygon","coordinates":[[[[8.21,48.26],[8.06,47.33],[7.56,47.53],[7.89,47.66],[7.55,47.93],[7.71,48.32],[8.21,48.26]]],[[[9.29,47.99],[9.29,47.8],[8.88,47.73],[9.29,47.99]]],[[[8.71,47.93],[8.79,47.86],[8.63,47.86],[8.71,47.93]]],[[[8.21,47.99],[8.21,48.13],[8.38,48.13],[8.21,47.99]]],[[[8.79,48.32],[8.71,48.19],[8.54,48.32],[8.79,48.32]]],[[[8.87,48.19],[8.87,48.32],[9.04,48.26],[8.87,48.19]]],[[[8.21,48.39],[8.45,48.39],[8.29,48.32],[8.21,48.39]]],[[[8.29,48.59],[8.45,48.59],[8.37,48.46],[8.29,48.59]]],[[[7.79,48.52],[7.79,48.59],[7.95,48.59],[7.79,48.52]]],[[[8.53,48.59],[8.62,48.65],[8.7,48.52],[8.53,48.59]]],[[[9.54,47.99],[9.54,47.86],[9.37,47.93],[9.54,47.99]]],[[[10.36,47.99],[10.12,48.06],[10.2,48.26],[10.53,48.26],[10.36,47.99]]],[[[9.95,48.46],[10.03,48.26],[9.45,48.19],[9.95,48.46]]],[[[9.37,48.26],[9.2,48.26],[9.2,48.32],[9.37,48.26]]],[[[20.85,47.66],[19.21,47.93],[18.17,46.87],[17.26,46.74],[16.91,46.22],[17.3,45.69],[16.22,45.04],[15.82,45.24],[15.8,44.71],[15.23,44.45],[14.6,45.37],[14.03,45.04],[13.79,45.24],[14.12,45.5],[13.31,45.82],[13.56,46.55],[11.11,46.41],[9.54,47.2],[9.62,47.53],[12.51,47.66],[12.18,47.07],[13.74,47.07],[13.18,48.06],[14.1,48.65],[12.53,49.52],[12.12,50.25],[14.33,51.05],[15.0,50.91],[15.13,52.25],[15.81,52.25],[16.13,51.71],[17.32,51.71],[17.55,51.25],[18.71,50.85],[19.19,50.38],[18.88,49.45],[21.8,49.38],[22.44,49.05],[20.85,47.66]],[[20.29,49.25],[20.28,49.12],[20.45,49.18],[20.29,49.25]]],[[[10.11,48.32],[10.11,48.46],[10.28,48.39],[10.11,48.32]]]]}},{"type":"Feature","properties":{"n":"Mughal Empire","f":1648,"t":1652,"w":"Q33296"},"geometry":{"type":"Polygon","coordinates":[[[75.31,37.0],[75.96,36.55],[76.09,35.9],[78.87,34.49],[78.56,32.04],[79.45,31.01],[81.01,30.18],[80.35,29.6],[80.17,28.7],[83.08,27.42],[84.43,27.42],[85.27,26.71],[90.39,26.0],[90.4,25.23],[91.06,25.16],[91.5,24.2],[90.64,23.49],[90.86,22.01],[88.73,21.63],[88.64,22.08],[88.35,21.56],[88.1,21.95],[87.07,21.44],[86.84,20.28],[86.11,19.76],[85.37,19.83],[84.39,18.48],[83.99,18.86],[85.33,21.18],[85.98,23.75],[81.84,24.01],[81.05,23.75],[80.66,21.89],[78.53,21.44],[78.74,20.09],[80.69,19.7],[80.36,18.8],[79.25,19.38],[76.79,19.25],[74.31,20.21],[73.32,20.02],[72.74,19.44],[72.9,20.92],[72.53,22.27],[72.11,21.89],[72.1,21.11],[71.09,20.66],[70.3,20.86],[68.95,22.21],[70.37,22.91],[68.81,22.98],[68.16,23.81],[67.29,24.07],[67.21,24.71],[66.63,24.84],[66.27,25.55],[66.69,29.86],[65.99,30.18],[65.55,32.3],[66.23,33.71],[66.33,36.22],[68.62,36.1],[68.88,36.8],[68.51,37.19],[70.08,37.51],[70.71,38.42],[71.18,38.42],[71.57,37.84],[71.58,36.74],[73.66,37.51],[73.69,37.06],[75.31,37.0]],[[73.18,20.09],[73.19,20.21],[73.12,20.21],[73.18,20.09]]]}},{"type":"Feature","properties":{"n":"English Colonial Empire","f":1648,"t":1652,"w":"Q617219"},"geometry":{"type":"MultiPolygon","coordinates":[[[[-76.09,24.78],[-76.23,24.78],[-76.26,24.91],[-76.09,24.78]]],[[[-76.48,25.29],[-76.6,25.49],[-76.35,25.36],[-76.48,25.29]]],[[[-77.4,37.9],[-76.7,37.71],[-75.81,36.61],[-76.79,36.55],[-77.56,37.51],[-77.4,37.9]]],[[[-76.72,38.16],[-76.73,38.55],[-76.33,38.35],[-76.72,38.16]]],[[[-75.32,39.13],[-75.05,38.67],[-75.42,38.8],[-75.32,39.13]]],[[[-71.99,41.13],[-71.99,40.94],[-73.38,40.68],[-73.74,41.13],[-71.99,41.13]]],[[[-73.17,41.46],[-72.77,41.26],[-73.06,41.2],[-73.17,41.46]]],[[[-70.73,41.33],[-70.73,41.52],[-70.58,41.52],[-70.73,41.33]]],[[[-70.58,41.72],[-70.66,41.72],[-70.69,41.78],[-70.58,41.72]]],[[[-70.05,41.59],[-70.44,41.59],[-70.67,41.91],[-71.05,42.04],[-71.52,41.33],[-72.45,41.26],[-72.67,42.11],[-71.37,42.04],[-71.58,42.69],[-71.08,42.82],[-70.77,43.54],[-70.49,43.28],[-70.98,42.43],[-70.37,41.78],[-69.95,41.91],[-70.05,41.59]]],[[[-70.39,43.41],[-70.59,43.67],[-70.44,43.86],[-70.14,43.73],[-70.39,43.41]]],[[[-69.66,44.25],[-69.33,44.06],[-69.72,43.86],[-69.66,44.25]]],[[[-0.92,5.43],[-0.85,5.17],[-1.06,5.17],[-0.92,5.43]]],[[[-12.51,7.61],[-12.51,7.42],[-12.95,7.49],[-12.51,7.61]]],[[[80.35,13.14],[80.31,12.76],[80.1,12.82],[80.35,13.14]]],[[[-59.36,13.08],[-59.57,13.01],[-59.67,13.34],[-59.36,13.08]]],[[[-61.64,17.19],[-61.62,16.94],[-61.76,16.94],[-61.64,17.19]]],[[[-64.65,17.64],[-64.87,17.64],[-64.73,17.77],[-64.65,17.64]]],[[[-64.65,17.71],[-64.66,17.77],[-64.59,17.77],[-64.65,17.71]]],[[[-64.73,17.77],[-64.74,17.84],[-64.67,17.84],[-64.66,17.77],[-64.73,17.77]]],[[[-64.67,32.17],[-64.86,32.3],[-64.65,32.36],[-64.67,32.17]]],[[[-53.46,46.68],[-53.64,47.73],[-53.36,48.06],[-53.0,47.99],[-53.23,47.53],[-52.76,47.8],[-52.85,46.81],[-53.46,46.68]]]]}},{"type":"Feature","properties":{"n":"Electorate of Saxony","f":1648,"t":1682,"w":"Q156199"},"geometry":{"type":"MultiPolygon","coordinates":[[[[10.1,51.25],[11.63,51.25],[12.4,51.71],[12.15,52.12],[13.94,52.32],[14.95,52.05],[14.85,51.58],[15.27,51.45],[15.0,50.91],[14.33,51.05],[11.96,50.31],[12.21,50.78],[11.79,50.85],[12.55,50.91],[12.47,51.18],[10.1,51.25]],[[12.8,50.65],[12.81,50.98],[12.55,50.91],[12.8,50.65]],[[14.19,52.12],[13.93,52.12],[13.93,52.05],[14.19,52.12]]],[[[10.95,51.71],[11.46,51.65],[11.38,51.51],[10.87,51.45],[10.95,51.71]]]]}},{"type":"Feature","properties":{"n":"Brandenburg-Prussia","f":1648,"t":1658,"w":"Q157367"},"geometry":{"type":"MultiPolygon","coordinates":[[[[7.05,51.58],[7.56,51.65],[7.48,51.18],[7.05,51.58]]],[[[6.88,51.65],[6.88,51.45],[5.94,51.78],[6.88,51.65]]],[[[13.93,52.05],[13.93,52.12],[14.19,52.12],[13.93,52.05]]],[[[7.98,51.98],[8.14,52.59],[8.91,52.52],[8.91,52.12],[7.98,51.98]]],[[[7.71,52.52],[7.8,52.18],[7.55,52.12],[7.29,52.38],[7.71,52.52]]],[[[16.1,52.86],[15.49,52.65],[15.65,52.32],[14.69,51.92],[13.94,52.32],[12.4,52.18],[12.33,52.79],[11.13,52.38],[10.79,52.99],[11.39,53.06],[11.13,53.26],[11.74,53.6],[13.2,53.33],[13.9,53.73],[14.48,53.12],[14.77,54.07],[17.5,54.82],[17.17,53.66],[16.4,53.8],[16.1,52.86]]],[[[22.42,53.6],[20.4,53.06],[19.74,53.46],[18.7,53.39],[19.45,54.21],[20.1,53.66],[20.83,54.07],[19.81,54.34],[19.84,54.68],[19.95,55.02],[20.99,54.95],[20.99,55.91],[22.81,54.89],[22.42,53.6]]]]}},{"type":"Feature","properties":{"n":"Ottoman Empire","f":1648,"t":1661,"w":"Q12560"},"geometry":{"type":"MultiPolygon","coordinates":[[[[22.38,46.02],[21.52,45.37],[22.55,44.97],[22.5,44.32],[22.95,43.8],[25.43,43.6],[27.83,44.19],[27.86,45.3],[28.89,46.48],[31.92,47.14],[31.94,46.68],[30.88,46.68],[29.61,45.69],[29.53,44.91],[28.8,44.97],[28.48,43.47],[27.51,42.63],[28.35,41.39],[31.18,41.07],[32.63,41.91],[35.12,42.04],[36.21,41.26],[38.3,40.87],[40.37,40.94],[41.58,41.52],[42.86,41.59],[43.77,40.87],[43.65,40.16],[44.77,39.77],[44.07,39.38],[44.31,37.9],[45.35,36.03],[46.25,35.84],[45.44,33.91],[46.23,32.94],[47.6,32.3],[47.98,31.72],[47.74,31.01],[48.6,29.99],[48.4,29.6],[45.68,30.31],[43.15,32.81],[40.93,34.1],[38.91,33.26],[37.31,30.89],[37.16,30.05],[41.41,23.11],[43.69,20.09],[44.31,19.38],[44.46,19.44],[43.51,18.29],[43.04,16.49],[41.24,18.61],[40.85,19.7],[39.35,20.79],[38.6,23.62],[37.44,24.33],[37.27,25.23],[35.41,27.87],[34.59,28.06],[34.91,29.41],[34.12,27.74],[32.44,29.79],[35.15,24.65],[35.86,24.01],[35.55,23.69],[35.81,22.91],[31.23,22.01],[31.32,22.4],[30.01,23.11],[28.57,24.65],[28.15,27.35],[25.37,29.28],[22.77,30.37],[20.95,30.56],[18.73,29.99],[15.18,30.89],[14.28,31.91],[11.77,32.3],[9.63,33.14],[8.93,34.16],[7.61,34.55],[2.92,34.36],[2.45,34.61],[1.75,34.74],[-0.47,34.36],[-1.58,33.46],[-1.72,34.68],[-2.12,35.07],[-1.36,35.26],[-1.22,35.64],[-0.67,35.45],[0.68,36.42],[4.47,36.93],[5.56,36.67],[6.33,37.06],[8.52,36.87],[9.6,37.32],[10.23,37.25],[10.23,36.8],[11.01,37.0],[10.46,35.9],[11.08,35.58],[11.08,35.0],[10.0,34.29],[10.24,33.71],[12.23,32.81],[13.3,32.94],[15.06,32.43],[15.65,31.4],[17.85,30.95],[18.97,30.24],[20.2,30.89],[20.02,32.24],[21.88,32.94],[23.09,32.62],[23.3,32.17],[24.89,31.98],[25.25,31.46],[26.85,31.46],[28.87,30.82],[30.97,31.66],[31.88,31.46],[32.0,31.08],[34.3,31.27],[35.64,34.36],[36.05,34.55],[35.84,36.29],[36.14,36.93],[35.49,36.61],[34.58,36.87],[33.98,36.29],[32.71,36.03],[31.09,36.93],[29.94,36.22],[29.24,36.22],[29.12,36.74],[28.59,36.87],[28.03,36.67],[28.07,37.13],[27.22,37.32],[27.28,38.03],[26.43,38.22],[26.38,38.67],[27.06,38.35],[26.85,39.58],[26.13,39.51],[26.6,40.48],[29.05,40.36],[28.91,40.61],[29.48,40.74],[28.17,41.13],[26.92,40.48],[25.38,41.0],[23.7,40.81],[23.74,40.23],[22.65,40.61],[22.61,39.9],[23.14,39.45],[22.8,39.06],[23.49,38.87],[22.94,38.74],[24.03,38.67],[24.16,38.22],[23.98,37.84],[23.04,37.9],[23.4,37.32],[22.71,37.58],[23.06,36.67],[22.36,36.67],[22.22,37.06],[21.74,36.87],[21.7,37.51],[21.24,37.84],[21.74,38.35],[20.74,38.8],[20.91,39.06],[19.25,40.61],[19.54,41.78],[18.71,42.82],[17.52,43.02],[16.82,43.73],[15.23,44.32],[15.8,44.71],[15.82,45.24],[16.22,45.04],[17.3,45.69],[16.91,46.22],[17.26,46.74],[18.17,46.87],[19.21,47.93],[20.69,47.8],[21.13,46.94],[22.41,46.48],[22.38,46.02]]],[[[2.53,34.42],[2.53,34.49],[2.61,34.49],[2.53,34.42]]],[[[23.62,35.52],[26.23,35.19],[24.82,35.0],[23.62,35.52]]],[[[27.19,36.8],[26.87,36.67],[27.04,36.93],[27.19,36.8]]],[[[25.57,37.13],[25.56,37.0],[25.33,37.0],[25.57,37.13]]],[[[24.36,37.71],[24.43,37.58],[24.27,37.51],[24.36,37.71]]],[[[26.31,37.71],[26.3,37.58],[25.99,37.51],[26.31,37.71]]],[[[24.77,38.03],[25.07,37.77],[24.83,37.71],[24.77,38.03]]],[[[26.22,38.55],[26.11,38.16],[25.88,38.16],[26.22,38.55]]],[[[23.56,38.74],[23.48,38.74],[23.49,38.8],[23.56,38.74]]],[[[24.67,38.93],[24.66,38.74],[24.36,38.87],[24.67,38.93]]],[[[25.79,39.19],[26.04,39.38],[26.64,39.0],[25.79,39.19]]],[[[20.15,39.58],[20.07,39.58],[20.07,39.64],[20.15,39.58]]],[[[25.46,40.03],[25.45,39.84],[24.97,39.84],[25.46,40.03]]],[[[26.04,40.29],[26.02,40.16],[25.7,40.1],[26.04,40.29]]],[[[24.81,40.81],[24.79,40.61],[24.55,40.55],[24.81,40.81]]],[[[43.17,11.54],[44.08,10.57],[45.11,10.51],[44.87,10.06],[43.71,10.25],[43.17,11.54]]],[[[43.24,13.08],[43.25,13.4],[43.68,13.27],[43.81,12.69],[43.24,13.08]]],[[[39.3,15.39],[39.26,16.04],[39.41,16.04],[39.74,15.26],[39.3,15.39]]],[[[37.7,18.8],[37.54,18.61],[37.1,18.74],[37.34,19.12],[37.7,18.8]]],[[[44.25,19.57],[44.25,19.64],[44.33,19.64],[44.25,19.57]]],[[[44.18,19.64],[44.18,19.7],[44.26,19.7],[44.18,19.64]]],[[[40.06,25.49],[40.06,25.55],[40.14,25.55],[40.06,25.49]]],[[[33.04,34.55],[32.23,34.94],[34.54,35.71],[34.09,35.0],[33.04,34.55]]],[[[28.02,36.48],[28.25,36.48],[28.14,36.03],[27.74,35.9],[28.02,36.48]]],[[[41.33,42.89],[41.17,42.89],[41.2,43.02],[41.33,42.89]]],[[[40.96,43.02],[40.97,43.08],[41.13,43.08],[40.96,43.02]]],[[[33.93,44.45],[33.47,44.65],[35.4,45.1],[33.93,44.45]]],[[[36.42,45.43],[36.38,45.17],[36.23,45.24],[36.42,45.43]]],[[[39.48,47.07],[39.22,47.01],[39.13,47.4],[39.48,47.07]]]]}},{"type":"Feature","properties":{"n":"Southern Ming","f":1648,"t":1652,"w":"Q1198163"},"geometry":{"type":"MultiPolygon","coordinates":[[[[108.76,18.41],[108.7,19.38],[109.25,19.96],[110.91,20.15],[111.03,19.57],[110.18,18.48],[108.76,18.41]]],[[[121.96,31.98],[121.58,31.4],[122.0,31.08],[120.68,30.18],[121.48,30.31],[122.03,29.92],[121.94,29.22],[121.59,29.54],[121.65,28.32],[121.12,28.32],[119.59,26.13],[119.53,25.62],[119.87,25.49],[119.27,25.49],[118.76,24.59],[118.15,24.52],[116.54,22.91],[114.64,22.72],[114.37,22.08],[113.6,22.72],[113.07,21.89],[110.42,21.18],[110.57,20.34],[109.88,20.21],[109.81,21.5],[107.59,21.56],[106.66,22.21],[106.71,22.91],[105.21,23.3],[103.96,22.53],[101.72,22.46],[101.81,21.18],[100.95,21.37],[100.13,20.41],[98.51,20.02],[98.62,21.69],[98.22,22.91],[98.49,24.07],[97.25,23.81],[96.97,25.16],[97.55,26.52],[96.94,27.48],[97.48,28.51],[98.69,28.19],[99.47,29.47],[99.61,28.25],[100.31,29.22],[100.82,28.57],[100.57,28.19],[101.26,27.93],[101.66,26.45],[102.64,26.13],[103.48,26.52],[103.32,27.74],[104.3,28.89],[104.68,28.89],[104.64,28.19],[105.37,28.38],[105.89,28.06],[106.26,28.32],[105.61,28.7],[106.02,29.09],[106.48,28.83],[106.76,29.28],[106.95,28.89],[107.61,29.6],[108.37,29.6],[108.8,28.77],[109.39,28.7],[109.37,29.67],[108.66,30.31],[108.86,31.14],[110.48,31.66],[110.61,32.04],[109.8,32.75],[115.77,32.94],[117.66,33.46],[119.14,33.33],[120.53,33.91],[120.92,32.62],[121.96,31.98]]],[[[122.28,29.99],[121.98,29.99],[122.05,30.18],[122.28,29.99]]]]}},{"type":"Feature","properties":{"n":"(Portuguese Empire)","f":1648,"t":1652,"w":"Q200464"},"geometry":{"type":"MultiPolygon","coordinates":[[[[-48.49,-0.23],[-48.93,-1.51],[-48.27,-0.74],[-47.4,-0.55],[-45.44,-1.64],[-44.93,-1.45],[-44.07,-2.54],[-43.19,-2.35],[-41.6,-2.93],[-39.92,-2.86],[-37.26,-4.86],[-35.59,-5.11],[-34.83,-7.17],[-35.36,-7.69],[-35.02,-8.59],[-35.41,-9.36],[-37.24,-11.09],[-38.13,-12.83],[-39.03,-13.28],[-39.28,-17.78],[-41.14,-22.15],[-41.91,-22.41],[-42.12,-22.99],[-44.74,-23.05],[-44.7,-23.37],[-45.48,-23.69],[-45.37,-24.02],[-46.09,-23.82],[-47.95,-24.98],[-48.82,-22.92],[-45.61,-22.86],[-43.38,-22.21],[-42.32,-21.25],[-41.15,-18.94],[-40.76,-17.01],[-40.02,-15.91],[-39.53,-11.67],[-38.46,-10.51],[-37.87,-8.46],[-39.32,-5.76],[-40.46,-4.79],[-42.42,-4.15],[-45.04,-3.89],[-46.47,-2.41],[-47.7,-1.84],[-49.31,-2.35],[-49.68,-2.86],[-49.82,-2.29],[-52.36,-1.96],[-53.23,-1.45],[-53.15,-0.81],[-50.67,1.96],[-49.95,1.7],[-50.39,0.74],[-49.81,0.09],[-48.49,-0.23]]],[[[-15.92,12.18],[-16.58,12.18],[-16.81,12.63],[-16.08,12.76],[-15.92,12.18]]],[[[-24.45,15.07],[-24.23,15.07],[-24.29,14.75],[-24.45,15.07]]],[[[-23.73,15.33],[-23.58,15.33],[-23.41,14.88],[-23.78,14.94],[-23.73,15.33]]],[[[-23.28,15.26],[-23.06,15.33],[-22.99,15.2],[-23.28,15.26]]],[[[-22.65,15.97],[-22.94,15.97],[-22.88,16.23],[-22.65,15.97]]],[[[-24.08,16.68],[-24.08,16.55],[-24.37,16.49],[-24.08,16.68]]],[[[-22.83,16.68],[-22.98,16.68],[-22.98,16.81],[-22.83,16.68]]],[[[-25.27,16.87],[-25.29,17.19],[-24.82,16.74],[-25.27,16.87]]],[[[-16.79,32.88],[-16.69,32.69],[-17.07,32.62],[-16.79,32.88]]],[[[-8.73,32.62],[-9.05,32.81],[-8.7,33.2],[-8.45,32.94],[-8.73,32.62]]],[[[-25.7,37.71],[-25.9,37.96],[-25.11,37.9],[-25.7,37.71]]],[[[-28.08,38.35],[-28.85,38.67],[-28.27,38.55],[-28.08,38.35]]],[[[-28.15,38.74],[-27.89,38.61],[-28.04,38.55],[-28.15,38.74]]],[[[-27.36,38.67],[-27.39,38.87],[-27.08,38.87],[-27.36,38.67]]],[[[-8.82,38.48],[-9.21,38.42],[-9.57,38.93],[-8.73,40.74],[-8.93,41.91],[-6.7,41.98],[-6.25,41.46],[-6.93,41.0],[-6.9,39.77],[-7.44,39.64],[-6.99,39.0],[-7.27,38.67],[-6.99,38.09],[-7.68,37.0],[-9.0,37.0],[-8.82,38.48]]],[[[35.03,-24.21],[34.93,-23.82],[35.38,-23.82],[35.03,-24.21]]],[[[34.54,-19.58],[34.71,-20.16],[34.34,-20.16],[34.54,-19.58]]],[[[37.26,-17.39],[37.7,-17.46],[37.63,-17.59],[37.26,-17.39]]],[[[40.75,-14.69],[40.55,-15.34],[40.17,-14.95],[40.75,-14.69]]],[[[12.89,-12.64],[13.63,-12.44],[13.55,-12.83],[12.82,-13.02],[12.89,-12.64]]],[[[13.11,-9.49],[12.89,-9.23],[13.25,-8.46],[13.54,-9.1],[13.11,-9.49]]],[[[39.82,-7.88],[39.53,-8.01],[39.52,-7.81],[39.82,-7.88]]],[[[39.12,-5.76],[39.27,-5.76],[39.43,-6.53],[39.12,-5.76]]],[[[39.55,-5.11],[39.55,-4.92],[39.77,-4.99],[39.55,-5.44],[39.55,-5.11]]],[[[39.39,-3.76],[39.75,-3.7],[39.54,-4.34],[39.39,-3.76]]],[[[6.67,0.41],[6.66,0.16],[6.38,0.03],[6.3,0.35],[6.67,0.41]]],[[[7.19,1.51],[7.27,1.7],[7.34,1.7],[7.19,1.51]]],[[[8.54,3.76],[8.83,3.82],[8.68,3.18],[8.31,3.24],[8.54,3.76]]],[[[72.99,18.99],[72.84,18.99],[72.87,19.31],[72.99,18.99]]],[[[59.05,22.91],[58.27,23.43],[58.44,23.69],[59.08,23.3],[59.05,22.91]]],[[[-6.0,35.39],[-5.88,35.77],[-5.72,35.77],[-6.0,35.39]]],[[[123.94,-9.23],[124.38,-9.16],[124.26,-9.49],[123.94,-9.23]]],[[[124.71,-8.84],[125.2,-8.52],[127.23,-8.39],[124.92,-9.55],[124.71,-8.84]]],[[[122.61,-8.07],[122.82,-8.07],[122.93,-8.46],[122.29,-8.65],[122.61,-8.07]]],[[[80.23,5.88],[79.76,6.65],[79.88,9.86],[80.73,9.48],[81.92,7.42],[81.72,6.46],[80.23,5.88]],[[81.04,8.64],[81.04,8.58],[81.11,8.58],[81.04,8.64]]],[[[76.56,9.41],[76.26,9.35],[76.21,9.67],[76.56,9.41]]],[[[79.87,10.76],[79.86,10.73],[79.85,10.82],[79.87,10.76]]],[[[75.59,11.34],[75.81,11.41],[75.93,10.96],[75.59,11.34]]],[[[75.29,12.31],[75.41,11.92],[75.27,11.92],[75.29,12.31]]],[[[74.1,15.52],[74.52,15.26],[74.55,14.81],[74.24,14.62],[73.79,15.33],[74.1,15.52]]],[[[73.12,20.21],[73.19,20.21],[73.18,20.09],[73.12,20.21]]],[[[113.45,22.34],[113.69,22.4],[113.64,22.14],[113.45,22.34]]]]}},{"type":"Feature","properties":{"n":"Chámpa","f":1648,"t":1652,"w":"Q216786"},"geometry":{"type":"Polygon","coordinates":[[[109.25,12.63],[109.21,11.6],[108.81,11.28],[108.7,12.31],[109.25,12.63]]]}},{"type":"Feature","properties":{"n":"Irish Catholic Confederation","f":1648,"t":1652,"w":"Q1407718"},"geometry":{"type":"MultiPolygon","coordinates":[[[[-8.71,52.05],[-8.48,51.65],[-9.81,51.45],[-10.45,51.78],[-10.25,52.12],[-10.53,52.25],[-7.77,52.65],[-7.02,52.12],[-8.71,52.05]]],[[[-7.81,52.92],[-10.23,53.6],[-9.83,53.8],[-10.01,54.34],[-8.7,54.27],[-8.32,54.61],[-8.87,54.82],[-7.82,55.36],[-6.84,55.23],[-6.42,54.07],[-7.81,52.92]]]]}},{"type":"Feature","properties":{"n":"Trịnh lords","f":1648,"t":1652,"w":"Q2267508"},"geometry":{"type":"Polygon","coordinates":[[[106.88,20.86],[105.85,19.57],[105.73,18.86],[106.55,17.96],[105.53,18.03],[105.12,18.74],[103.96,19.31],[104.98,20.15],[104.5,20.41],[104.73,21.37],[104.07,22.27],[104.15,22.79],[105.44,23.3],[105.57,22.34],[108.1,21.5],[106.88,20.86]]]}},{"type":"Feature","properties":{"n":"Ahmadnagar Sultanate","f":1648,"t":1652,"w":"Q400998"},"geometry":{"type":"Polygon","coordinates":[[[76.54,18.35],[75.63,18.16],[74.22,18.74],[72.93,18.48],[73.1,19.38],[72.74,19.44],[73.32,20.02],[74.31,20.21],[76.43,19.38],[76.54,18.35]]]}},{"type":"Feature","properties":{"n":"Lan Xang","f":1648,"t":1652,"w":"Q853477"},"geometry":{"type":"Polygon","coordinates":[[[107.5,16.04],[107.3,15.65],[107.69,15.33],[107.51,14.56],[106.17,14.43],[106.03,13.91],[104.92,14.43],[103.81,14.36],[103.29,14.81],[103.23,16.55],[101.87,16.81],[101.02,17.51],[101.4,19.06],[101.18,19.57],[100.46,19.7],[100.24,20.66],[100.95,21.37],[101.81,21.18],[101.72,22.46],[103.77,22.72],[104.73,21.37],[104.5,20.41],[104.98,20.15],[103.96,19.31],[105.12,18.74],[106.69,16.49],[107.5,16.04]]]}},{"type":"Feature","properties":{"n":"Commonwealth of England","f":1648,"t":1652,"w":"Q330362"},"geometry":{"type":"MultiPolygon","coordinates":[[[[-8.49,51.71],[-8.71,52.05],[-8.02,51.98],[-8.49,51.71]]],[[[0.3,53.39],[0.08,52.92],[1.09,53.06],[1.72,52.72],[1.59,52.12],[0.52,51.51],[1.38,51.38],[1.31,51.11],[0.49,50.78],[-1.37,50.85],[-1.18,50.58],[-3.13,50.71],[-3.58,50.25],[-5.75,50.05],[-4.2,51.31],[-3.09,51.25],[-2.95,51.45],[-5.08,51.58],[-5.3,51.98],[-4.16,52.45],[-4.3,52.92],[-4.79,52.79],[-4.49,53.12],[-4.7,53.46],[-3.32,53.39],[-2.26,54.0],[-2.65,55.23],[-2.11,55.91],[-1.29,54.68],[-0.2,54.21],[0.3,53.39]]],[[[-6.08,53.46],[-6.15,52.65],[-6.83,53.33],[-6.92,53.94],[-6.42,54.07],[-6.84,55.23],[-6.15,55.29],[-5.44,54.55],[-6.33,54.07],[-6.08,53.46]]],[[[-4.36,54.21],[-4.86,54.07],[-4.81,54.34],[-4.36,54.21]]]]}},{"type":"Feature","properties":{"n":"(Kingdom of England)","f":1648,"t":1652,"w":"Q179876"},"geometry":{"type":"MultiPolygon","coordinates":[[[[-76.09,24.78],[-76.23,24.78],[-76.26,24.91],[-76.09,24.78]]],[[[-76.48,25.29],[-76.6,25.49],[-76.35,25.36],[-76.48,25.29]]],[[[-76.7,37.71],[-75.81,36.61],[-76.79,36.55],[-77.64,37.71],[-76.7,37.71]]],[[[-76.72,38.16],[-76.73,38.55],[-76.33,38.35],[-76.72,38.16]]],[[[-75.32,39.13],[-75.05,38.67],[-75.42,38.8],[-75.32,39.13]]],[[[-73.18,40.94],[-71.99,40.94],[-73.38,40.68],[-73.74,41.13],[-73.18,40.94]]],[[[-73.14,41.2],[-73.3,41.39],[-72.82,41.39],[-73.14,41.2]]],[[[-70.73,41.33],[-70.73,41.52],[-70.58,41.52],[-70.73,41.33]]],[[[-70.66,41.72],[-70.69,41.78],[-70.61,41.78],[-70.66,41.72]]],[[[-69.86,41.72],[-70.44,41.59],[-70.67,41.91],[-71.05,42.04],[-71.52,41.33],[-72.45,41.26],[-72.67,42.11],[-71.37,42.04],[-71.58,42.69],[-71.08,42.82],[-70.77,43.54],[-70.49,43.28],[-70.98,42.43],[-69.86,41.72]]],[[[-70.39,43.41],[-70.59,43.67],[-70.44,43.86],[-70.14,43.73],[-70.39,43.41]]],[[[-69.33,44.06],[-69.48,43.86],[-69.95,44.19],[-69.33,44.06]]],[[[-1.06,5.43],[-0.92,5.43],[-0.85,5.17],[-1.06,5.43]]],[[[-12.51,7.61],[-12.51,7.42],[-12.95,7.49],[-12.51,7.61]]],[[[80.31,12.76],[80.1,12.82],[80.2,13.14],[80.31,12.76]]],[[[-59.36,13.21],[-59.36,13.08],[-59.57,13.01],[-59.67,13.34],[-59.36,13.21]]],[[[-61.64,17.19],[-61.62,16.94],[-61.76,16.94],[-61.64,17.19]]],[[[-64.65,17.64],[-64.87,17.64],[-64.73,17.77],[-64.65,17.64]]],[[[-64.58,17.71],[-64.65,17.71],[-64.66,17.77],[-64.58,17.71]]],[[[-64.73,17.77],[-64.74,17.84],[-64.67,17.84],[-64.66,17.77],[-64.73,17.77]]],[[[-64.86,32.3],[-64.65,32.36],[-64.67,32.17],[-64.86,32.3]]],[[[-53.46,46.68],[-53.5,47.99],[-53.0,47.99],[-53.23,47.53],[-52.76,47.8],[-52.9,46.94],[-53.46,46.68]]],[[[-8.75,52.32],[-9.97,52.52],[-9.39,53.19],[-7.81,52.92],[-7.06,53.73],[-6.22,52.59],[-6.43,52.18],[-7.02,52.18],[-8.2,52.65],[-8.75,52.32]]]]}},{"type":"Feature","properties":{"n":"Astrakhan Khanate","f":1648,"t":1661,"w":"Q210163"},"geometry":{"type":"Polygon","coordinates":[[[42.49,48.13],[41.29,47.07],[38.35,47.66],[39.27,49.05],[41.02,49.85],[41.37,50.71],[43.52,51.58],[45.2,51.51],[45.2,50.85],[43.77,48.32],[42.49,48.13]]]}},{"type":"Feature","properties":{"n":"Crimean Khanate","f":1648,"t":1661,"w":"Q160440"},"geometry":{"type":"MultiPolygon","coordinates":[[[[35.02,45.3],[36.38,45.17],[34.03,44.65],[32.61,45.5],[34.15,46.09],[35.02,45.3]]],[[[39.22,47.47],[35.63,46.68],[34.74,46.15],[31.82,46.35],[33.69,46.87],[34.38,47.6],[36.95,47.2],[37.84,47.6],[39.22,47.47]]]]}},{"type":"Feature","properties":{"n":"New Netherland","f":1648,"t":1652,"w":"Q382593"},"geometry":{"type":"MultiPolygon","coordinates":[[[[-35.01,-8.2],[-35.36,-7.69],[-34.92,-7.56],[-35.01,-8.2]]],[[[-58.88,6.14],[-58.68,6.97],[-57.28,6.33],[-57.26,5.43],[-58.88,6.14]]],[[[-68.74,12.18],[-68.66,11.99],[-68.95,12.05],[-69.12,12.37],[-68.74,12.18]]],[[[-68.29,12.05],[-68.39,12.31],[-68.16,12.24],[-68.29,12.05]]],[[[-69.87,12.56],[-69.78,12.37],[-69.93,12.37],[-69.87,12.56]]],[[[-62.93,18.09],[-62.92,18.03],[-63.14,18.03],[-62.93,18.09]]],[[[-73.11,41.13],[-73.74,41.13],[-73.38,40.68],[-74.4,40.48],[-75.12,39.77],[-74.14,41.13],[-74.26,42.76],[-73.55,42.11],[-72.64,42.04],[-72.45,41.26],[-73.09,41.46],[-73.11,41.13]]]]}},{"type":"Feature","properties":{"n":"Safavid Dynasty","f":1648,"t":1705,"w":"Q161205"},"geometry":{"type":"MultiPolygon","coordinates":[[[[50.43,25.94],[50.46,26.26],[50.69,26.26],[50.43,25.94]]],[[[47.81,41.26],[48.28,41.98],[49.51,40.61],[50.26,40.42],[49.4,40.1],[48.8,39.0],[48.83,37.84],[51.64,36.55],[54.03,36.87],[53.88,37.71],[56.37,38.42],[56.08,38.87],[56.39,39.9],[57.83,41.26],[60.84,40.94],[62.38,41.33],[62.65,39.71],[64.66,38.03],[65.94,37.51],[66.36,36.67],[66.23,33.71],[65.55,32.3],[65.99,30.18],[66.69,29.86],[66.26,25.49],[61.72,25.04],[57.96,25.55],[57.18,25.94],[56.71,27.16],[55.44,26.52],[55.54,26.77],[54.83,26.45],[53.66,26.71],[51.32,27.99],[50.06,30.18],[48.39,30.12],[47.74,31.01],[47.98,31.72],[47.6,32.3],[46.23,32.94],[45.44,33.91],[46.25,35.84],[45.35,36.03],[44.31,37.9],[44.07,39.38],[44.77,39.77],[43.65,40.16],[43.56,41.0],[45.16,42.76],[47.81,41.26]]]]}},{"type":"Feature","properties":{"n":"Swedish Empire","f":1648,"t":1652,"w":"Q215443"},"geometry":{"type":"MultiPolygon","coordinates":[[[[9.24,53.87],[9.5,53.12],[8.82,52.79],[8.46,53.6],[9.24,53.87]]],[[[11.48,53.94],[11.48,53.8],[11.22,53.8],[11.48,53.94]]],[[[14.77,54.07],[14.48,53.12],[13.9,53.73],[13.12,53.66],[12.44,54.48],[13.58,54.68],[13.74,54.27],[13.3,54.21],[14.17,54.07],[14.15,53.73],[14.77,54.07]]],[[[19.05,57.97],[18.91,57.42],[18.08,56.94],[18.03,57.56],[19.05,57.97]]],[[[22.25,58.67],[23.23,58.6],[22.08,57.9],[21.88,58.53],[22.25,58.67]]],[[[22.49,59.16],[22.9,58.81],[22.35,58.74],[22.49,59.16]]],[[[19.95,60.07],[19.68,60.14],[19.72,60.49],[20.17,60.42],[19.95,60.07]]],[[[29.8,61.05],[30.86,59.43],[27.37,59.16],[27.7,57.83],[26.53,56.59],[25.45,56.39],[23.47,56.8],[24.23,57.28],[24.27,58.25],[23.41,58.53],[23.41,59.29],[25.37,59.71],[27.88,59.5],[28.41,59.92],[29.94,59.85],[30.16,60.07],[28.99,60.14],[28.45,60.7],[23.03,59.85],[21.46,60.56],[21.5,61.69],[20.95,62.62],[21.5,63.34],[22.16,63.34],[24.56,64.93],[25.23,64.93],[25.23,65.52],[22.38,65.81],[22.44,65.52],[21.21,64.93],[21.54,64.42],[20.81,63.91],[17.39,62.47],[17.26,60.77],[18.61,60.42],[19.01,59.71],[18.35,59.43],[18.41,59.09],[16.66,58.46],[16.48,56.87],[17.13,57.42],[16.63,56.39],[12.75,56.52],[11.79,57.42],[11.71,57.97],[12.16,58.18],[11.92,59.92],[12.57,60.35],[12.31,60.98],[12.78,61.19],[12.14,61.76],[12.19,63.77],[14.1,64.13],[13.64,64.71],[14.54,65.44],[14.57,66.11],[16.38,67.07],[16.23,67.59],[18.05,68.12],[18.09,68.57],[19.96,68.42],[20.24,69.03],[21.07,69.26],[22.78,68.65],[24.86,68.57],[26.52,69.95],[29.2,69.72],[28.42,68.42],[29.94,67.67],[29.05,66.77],[30.31,65.81],[29.81,64.86],[30.55,64.28],[30.05,63.7],[32.2,62.33],[31.61,61.34],[31.02,61.62],[29.8,61.05]]]]}},{"type":"Feature","properties":{"n":"Tibet","f":1648,"t":1652,"w":"Q521263"},"geometry":{"type":"Polygon","coordinates":[[[100.68,29.73],[99.61,28.25],[99.47,29.47],[98.69,28.19],[97.56,28.51],[97.3,28.96],[96.24,28.96],[95.97,29.41],[95.42,29.02],[94.66,29.28],[93.51,28.64],[89.89,28.32],[88.95,27.42],[88.78,28.06],[85.98,27.99],[84.41,28.77],[84.14,29.28],[83.45,29.22],[82.04,30.37],[81.01,30.18],[78.81,31.53],[78.46,32.3],[78.71,32.69],[79.46,32.62],[78.83,33.46],[78.98,34.04],[79.45,34.04],[80.22,35.45],[81.67,35.39],[82.35,35.84],[85.89,35.77],[86.8,36.42],[91.25,36.48],[92.36,37.0],[98.85,34.1],[101.87,33.52],[100.68,29.73]]]}},{"type":"Feature","properties":{"n":"Tümed","f":1648,"t":1652,"w":"Q3402317"},"geometry":{"type":"Polygon","coordinates":[[[100.34,38.61],[101.7,37.58],[102.1,37.77],[102.84,36.74],[102.52,35.71],[101.71,35.0],[102.03,34.61],[100.92,34.74],[101.07,34.29],[101.69,34.1],[101.53,33.84],[98.85,34.1],[93.54,36.61],[90.94,36.93],[91.53,37.51],[90.94,38.03],[90.95,38.67],[93.22,39.45],[96.22,39.64],[97.91,39.0],[99.2,39.26],[100.23,38.35],[100.34,38.61]]]}},{"type":"Feature","properties":{"n":"Holy Roman Empire Minor States","f":1648,"t":1652,"w":"Q12548"},"geometry":{"type":"MultiPolygon","coordinates":[[[[8.03,44.06],[8.11,44.52],[8.59,44.71],[8.03,44.06]]],[[[8.75,44.91],[8.51,44.91],[8.59,45.04],[8.75,44.91]]],[[[6.83,47.14],[7.08,46.94],[6.51,46.87],[6.83,47.14]]],[[[6.99,47.47],[6.82,47.53],[6.98,47.66],[6.99,47.47]]],[[[7.55,47.93],[7.89,47.66],[7.56,47.53],[7.55,47.93]]],[[[7.2,48.99],[7.2,48.85],[7.03,48.85],[7.2,48.99]]],[[[8.46,53.94],[8.81,53.87],[8.72,53.66],[8.46,53.94]]],[[[9.24,44.91],[9.32,45.17],[10.45,45.04],[10.62,45.43],[11.35,44.84],[10.62,43.8],[9.24,44.91]]],[[[11.52,46.61],[12.09,46.68],[11.02,45.76],[10.45,45.89],[10.53,46.55],[11.52,46.61]]],[[[9.54,47.2],[9.63,47.14],[9.46,47.14],[9.54,47.2]]],[[[13.0,47.53],[13.18,48.06],[13.74,47.07],[12.18,47.07],[12.51,47.66],[13.0,47.53]]],[[[13.36,48.99],[14.1,48.65],[13.85,48.46],[13.27,48.59],[13.36,48.99]]],[[[12.8,50.65],[12.63,50.65],[12.55,50.91],[12.8,50.65]]],[[[7.95,48.52],[7.53,49.12],[6.69,49.18],[7.01,49.65],[6.35,49.58],[6.58,50.11],[6.07,50.25],[6.4,50.51],[6.07,50.45],[5.97,50.98],[5.71,51.05],[5.9,50.38],[4.65,50.11],[5.77,51.78],[6.88,51.45],[6.45,51.85],[6.95,52.25],[6.68,52.65],[7.18,53.33],[6.91,53.6],[8.38,53.66],[8.82,52.79],[9.5,53.12],[9.5,53.6],[11.14,54.07],[11.48,53.8],[11.4,54.14],[12.36,54.41],[13.12,53.66],[13.55,53.8],[13.2,53.33],[11.74,53.6],[11.13,53.26],[11.39,53.06],[10.79,52.99],[11.13,52.38],[12.33,52.79],[12.4,51.71],[11.63,51.25],[10.61,51.38],[10.19,51.11],[11.88,50.98],[12.05,51.31],[12.55,50.91],[11.79,50.85],[12.21,50.78],[12.12,50.18],[11.2,49.78],[11.28,49.12],[10.94,48.85],[10.03,49.12],[10.53,48.26],[10.12,48.06],[10.53,48.19],[10.69,47.73],[10.37,47.33],[9.04,47.73],[9.29,47.99],[8.22,47.66],[8.21,47.99],[8.21,48.26],[7.71,48.32],[7.95,48.52]],[[8.46,47.99],[8.38,48.13],[8.21,47.99],[8.46,47.99]],[[11.38,51.51],[11.46,51.65],[10.95,51.71],[10.87,51.45],[11.38,51.51]],[[10.2,48.46],[10.11,48.46],[10.11,48.32],[10.2,48.46]],[[9.95,48.46],[9.45,48.46],[9.45,48.19],[9.95,48.46]],[[9.54,47.86],[9.54,47.99],[9.37,47.93],[9.54,47.86]],[[9.37,48.26],[9.37,48.46],[9.2,48.32],[9.37,48.26]],[[8.71,48.19],[8.79,48.32],[8.54,48.32],[8.71,48.19]],[[9.04,48.19],[9.04,48.26],[8.87,48.32],[9.04,48.19]],[[8.91,52.12],[8.91,52.52],[8.14,52.59],[7.98,51.98],[8.91,52.12]],[[8.71,47.99],[8.63,47.99],[8.79,47.86],[8.71,47.99]],[[8.62,48.65],[8.53,48.59],[8.62,48.52],[8.62,48.65]],[[8.45,48.39],[8.21,48.39],[8.29,48.32],[8.45,48.39]],[[8.29,48.59],[8.37,48.46],[8.45,48.59],[8.29,48.59]],[[7.8,52.18],[7.71,52.52],[7.28,52.59],[7.8,52.18]],[[7.23,51.18],[7.64,51.51],[7.56,51.65],[7.05,51.58],[7.23,51.18]]]]}},{"type":"Feature","properties":{"n":"Portuguese Empire","f":1648,"t":1658,"w":"Q200464"},"geometry":{"type":"MultiPolygon","coordinates":[[[[-48.49,-0.23],[-48.93,-1.51],[-48.27,-0.74],[-47.4,-0.55],[-45.44,-1.64],[-44.93,-1.45],[-44.07,-2.54],[-43.19,-2.35],[-41.6,-2.93],[-39.92,-2.86],[-37.26,-4.86],[-35.59,-5.11],[-34.83,-7.17],[-35.36,-7.69],[-35.02,-8.59],[-35.41,-9.36],[-37.24,-11.09],[-38.13,-12.83],[-39.03,-13.28],[-39.28,-17.78],[-41.14,-22.15],[-41.91,-22.41],[-42.12,-22.99],[-44.74,-23.05],[-44.7,-23.37],[-45.48,-23.69],[-45.37,-24.02],[-46.09,-23.82],[-47.95,-24.98],[-48.82,-22.92],[-45.61,-22.86],[-43.38,-22.21],[-42.32,-21.25],[-41.15,-18.94],[-40.76,-17.01],[-40.02,-15.91],[-39.53,-11.67],[-38.46,-10.51],[-37.87,-8.46],[-39.32,-5.76],[-40.46,-4.79],[-42.42,-4.15],[-45.04,-3.89],[-46.47,-2.41],[-47.7,-1.84],[-49.31,-2.35],[-49.68,-2.86],[-49.82,-2.29],[-52.36,-1.96],[-53.23,-1.45],[-53.15,-0.81],[-50.67,1.96],[-49.95,1.7],[-50.39,0.74],[-48.49,-0.23]]],[[[6.3,0.35],[6.67,0.41],[6.38,0.03],[6.3,0.35]]],[[[-15.92,12.18],[-16.58,12.18],[-16.81,12.63],[-16.08,12.76],[-15.92,12.18]]],[[[-24.36,14.75],[-24.45,15.07],[-24.23,15.07],[-24.36,14.75]]],[[[-23.78,14.94],[-23.73,15.33],[-23.42,15.14],[-23.78,14.94]]],[[[-23.28,15.26],[-23.06,15.33],[-22.99,15.2],[-23.28,15.26]]],[[[-22.58,16.16],[-22.65,15.97],[-22.94,15.97],[-22.58,16.16]]],[[[-24.08,16.68],[-24.08,16.55],[-24.37,16.49],[-24.08,16.68]]],[[[-22.83,16.68],[-22.98,16.68],[-22.98,16.81],[-22.83,16.68]]],[[[-25.27,16.87],[-25.29,17.19],[-24.99,17.26],[-24.97,16.74],[-25.27,16.87]]],[[[-8.44,32.88],[-8.73,32.62],[-9.05,32.88],[-8.7,33.2],[-8.44,32.88]]],[[[-6.0,35.39],[-5.88,35.77],[-5.72,35.77],[-6.0,35.39]]],[[[35.38,-23.82],[35.33,-24.27],[35.03,-24.21],[34.93,-23.82],[35.38,-23.82]]],[[[34.54,-19.58],[34.71,-20.16],[34.34,-20.16],[34.54,-19.58]]],[[[37.34,-17.65],[37.2,-17.78],[37.26,-17.39],[37.63,-17.59],[37.34,-17.65]]],[[[40.31,-14.69],[40.75,-14.69],[40.55,-15.34],[40.31,-14.69]]],[[[12.89,-12.64],[13.63,-12.44],[13.55,-12.83],[12.82,-13.02],[12.89,-12.64]]],[[[13.54,-9.1],[13.11,-9.49],[12.89,-8.91],[13.25,-8.46],[13.54,-9.1]]],[[[39.67,-7.69],[39.81,-7.69],[39.67,-8.01],[39.67,-7.69]]],[[[39.12,-5.76],[39.27,-5.76],[39.43,-6.53],[39.12,-5.76]]],[[[39.55,-5.11],[39.55,-4.92],[39.77,-4.99],[39.55,-5.44],[39.55,-5.11]]],[[[39.39,-3.76],[39.75,-3.7],[39.54,-4.34],[39.25,-4.21],[39.39,-3.76]]],[[[7.34,1.51],[7.19,1.51],[7.27,1.7],[7.34,1.51]]],[[[8.54,3.76],[8.83,3.82],[8.68,3.18],[8.31,3.24],[8.54,3.76]]]]}},{"type":"Feature","properties":{"n":"Duchy of Lorraine","f":1648,"t":1658,"w":"Q155019"},"geometry":{"type":"MultiPolygon","coordinates":[[[[6.45,48.85],[7.04,48.52],[7.14,48.06],[5.82,47.86],[5.38,48.52],[6.45,48.85]],[[6.47,48.32],[6.72,48.19],[6.79,48.46],[6.47,48.32]]],[[[7.03,48.92],[7.03,48.85],[6.62,48.85],[7.03,48.92]]],[[[7.53,49.12],[7.53,48.99],[7.2,48.92],[6.95,49.05],[7.53,49.12]]],[[[5.29,48.85],[4.88,48.65],[5.18,49.58],[5.36,48.99],[5.85,49.32],[6.03,48.92],[5.3,48.59],[5.29,48.85]]],[[[6.35,49.58],[7.01,49.65],[7.1,49.38],[6.36,49.25],[6.35,49.58]]],[[[5.93,49.58],[6.02,49.38],[5.85,49.32],[5.6,49.52],[5.93,49.58]]]]}},{"type":"Feature","properties":{"n":"Qing Dynasty","f":1648,"t":1652,"w":"Q8733"},"geometry":{"type":"Polygon","coordinates":[[[127.28,52.12],[127.87,51.92],[135.31,51.78],[138.16,51.92],[140.8,53.6],[141.46,53.33],[141.15,52.52],[141.56,52.25],[140.65,51.25],[140.25,48.59],[135.28,43.6],[133.27,42.69],[131.91,43.28],[130.77,42.43],[129.84,42.95],[129.7,42.5],[128.07,41.98],[128.34,41.65],[128.1,41.39],[126.83,41.78],[124.23,39.84],[122.94,39.64],[121.42,38.74],[121.03,38.74],[121.69,39.38],[121.21,39.51],[122.23,40.48],[121.11,40.87],[119.22,39.32],[117.78,39.13],[117.58,38.74],[118.07,38.16],[119.46,37.96],[119.16,37.19],[120.75,37.9],[122.71,37.45],[122.5,36.87],[120.98,36.61],[119.37,35.13],[119.23,34.81],[120.34,34.36],[120.46,33.91],[119.14,33.33],[117.66,33.46],[115.77,32.94],[109.8,32.75],[110.61,32.04],[110.48,31.66],[108.86,31.14],[108.66,30.31],[109.37,29.67],[109.39,28.7],[108.8,28.77],[108.37,29.6],[107.61,29.6],[106.95,28.89],[106.76,29.28],[106.48,28.83],[106.02,29.09],[105.61,28.7],[106.26,28.32],[105.89,28.06],[105.37,28.38],[104.64,28.19],[104.68,28.89],[104.3,28.89],[103.32,27.74],[103.48,26.52],[101.9,26.19],[100.31,29.22],[101.87,33.52],[101.2,33.78],[101.69,34.1],[101.07,34.29],[100.92,34.74],[102.03,34.61],[101.71,35.0],[102.92,36.35],[102.1,37.77],[101.7,37.58],[99.9,38.87],[101.12,40.87],[102.73,42.04],[104.97,41.59],[106.86,42.3],[109.89,42.56],[111.89,43.67],[112.07,44.39],[115.88,45.56],[116.72,46.35],[119.8,46.68],[119.75,47.2],[118.48,47.99],[117.31,47.73],[115.42,47.99],[116.68,49.78],[117.83,49.52],[119.28,50.11],[119.65,51.11],[120.67,52.05],[120.53,52.59],[119.9,52.65],[120.42,53.06],[122.04,53.53],[125.96,53.66],[127.28,52.12]]]}},{"type":"Feature","properties":{"n":"Kingdom of France","f":1648,"t":1652,"w":"Q207162"},"geometry":{"type":"MultiPolygon","coordinates":[[[[5.18,49.58],[4.88,48.65],[5.87,48.85],[5.88,48.46],[5.38,48.52],[5.82,47.73],[5.38,46.28],[6.03,46.22],[5.48,45.56],[6.64,44.84],[6.81,44.32],[6.42,44.06],[6.91,43.54],[6.28,43.15],[3.69,43.54],[2.98,43.15],[3.12,41.91],[1.87,41.26],[2.62,42.37],[-1.43,43.08],[-1.69,43.41],[-1.03,45.5],[-1.25,46.28],[-2.01,46.61],[-2.58,47.47],[-4.42,47.8],[-4.89,48.32],[-4.6,48.72],[-3.46,48.92],[-1.6,48.65],[-2.03,49.78],[0.01,49.38],[0.22,49.85],[1.45,50.25],[1.66,51.05],[2.24,51.11],[2.36,50.58],[3.4,50.05],[4.82,50.05],[5.18,49.58]],[[4.31,46.28],[3.99,46.28],[4.08,45.96],[4.31,46.28]]],[[[6.79,48.46],[6.72,48.19],[6.47,48.32],[6.79,48.46]]],[[[7.56,47.6],[6.98,47.53],[7.04,48.52],[6.45,48.85],[5.86,48.99],[6.78,49.18],[7.03,48.92],[6.62,48.85],[7.36,48.92],[7.71,48.46],[7.56,47.6]]],[[[6.03,48.92],[6.04,48.79],[5.87,48.85],[6.03,48.92]]],[[[5.7,48.99],[5.36,48.99],[5.35,49.32],[5.7,48.99]]]]}},{"type":"Feature","properties":{"n":"Kingdom of England","f":1648,"t":1652,"w":"Q179876"},"geometry":{"type":"Polygon","coordinates":[[[-7.77,52.65],[-8.75,52.32],[-9.97,52.52],[-9.39,53.19],[-7.81,52.92],[-6.89,53.73],[-6.22,52.59],[-6.43,52.18],[-7.77,52.65]]]}},{"type":"Feature","properties":{"n":"Kutai Kingdom","f":1648,"t":1726,"w":"Q1794655"},"geometry":{"type":"Polygon","coordinates":[[[116.57,-0.29],[117.37,-0.29],[117.52,-0.81],[116.88,-1.26],[116.57,-0.29]]]}},{"type":"Feature","properties":{"n":"Trịnh lords","f":1653,"t":1658,"w":"Q2267508"},"geometry":{"type":"Polygon","coordinates":[[[106.06,19.96],[105.86,18.74],[105.25,18.61],[103.96,19.31],[104.98,20.15],[104.5,20.41],[104.73,21.37],[104.07,22.27],[104.15,22.79],[105.44,23.3],[105.57,22.34],[108.1,21.5],[106.06,19.96]]]}},{"type":"Feature","properties":{"n":"(Portuguese Empire)","f":1653,"t":1658,"w":"Q200464"},"geometry":{"type":"MultiPolygon","coordinates":[[[[-48.49,-0.23],[-48.93,-1.51],[-48.27,-0.74],[-47.4,-0.55],[-45.44,-1.64],[-44.93,-1.45],[-44.07,-2.54],[-43.19,-2.35],[-41.6,-2.93],[-39.92,-2.86],[-37.26,-4.86],[-35.59,-5.11],[-34.83,-7.17],[-35.36,-7.69],[-35.02,-8.59],[-35.41,-9.36],[-37.24,-11.09],[-38.13,-12.83],[-39.03,-13.28],[-39.28,-17.78],[-41.14,-22.15],[-41.91,-22.41],[-42.12,-22.99],[-44.74,-23.05],[-44.7,-23.37],[-45.48,-23.69],[-45.37,-24.02],[-46.09,-23.82],[-47.95,-24.98],[-48.82,-22.92],[-45.61,-22.86],[-43.38,-22.21],[-42.32,-21.25],[-41.15,-18.94],[-40.76,-17.01],[-40.02,-15.91],[-39.53,-11.67],[-38.46,-10.51],[-37.87,-8.46],[-39.32,-5.76],[-40.46,-4.79],[-42.42,-4.15],[-45.04,-3.89],[-46.47,-2.41],[-47.7,-1.84],[-49.31,-2.35],[-49.68,-2.86],[-49.82,-2.29],[-52.36,-1.96],[-53.23,-1.45],[-53.15,-0.81],[-50.67,1.96],[-49.95,1.7],[-50.39,0.74],[-49.81,0.09],[-48.49,-0.23]]],[[[-15.92,12.18],[-16.58,12.18],[-16.81,12.63],[-16.08,12.76],[-15.92,12.18]]],[[[-24.45,15.07],[-24.23,15.07],[-24.29,14.75],[-24.45,15.07]]],[[[-23.73,15.33],[-23.58,15.33],[-23.41,14.88],[-23.78,14.94],[-23.73,15.33]]],[[[-23.28,15.26],[-23.06,15.33],[-22.99,15.2],[-23.28,15.26]]],[[[-22.65,15.97],[-22.94,15.97],[-22.88,16.23],[-22.65,15.97]]],[[[-24.08,16.68],[-24.08,16.55],[-24.37,16.49],[-24.08,16.68]]],[[[-22.83,16.68],[-22.98,16.68],[-22.98,16.81],[-22.83,16.68]]],[[[-25.27,16.87],[-25.29,17.19],[-24.82,16.74],[-25.27,16.87]]],[[[-16.79,32.88],[-16.69,32.69],[-17.07,32.62],[-16.79,32.88]]],[[[-8.73,32.62],[-9.05,32.81],[-8.7,33.2],[-8.45,32.94],[-8.73,32.62]]],[[[-25.7,37.71],[-25.9,37.96],[-25.11,37.9],[-25.7,37.71]]],[[[-28.19,38.55],[-28.08,38.35],[-28.81,38.48],[-28.19,38.55]]],[[[-28.04,38.55],[-28.15,38.74],[-27.89,38.61],[-28.04,38.55]]],[[[-27.36,38.67],[-27.39,38.87],[-27.08,38.87],[-27.36,38.67]]],[[[35.03,-24.21],[34.93,-23.82],[35.38,-23.82],[35.03,-24.21]]],[[[34.54,-19.58],[34.71,-20.16],[34.34,-20.16],[34.54,-19.58]]],[[[37.26,-17.39],[37.7,-17.46],[37.63,-17.59],[37.26,-17.39]]],[[[40.75,-14.69],[40.55,-15.34],[40.17,-14.95],[40.75,-14.69]]],[[[12.89,-12.64],[13.63,-12.44],[13.55,-12.83],[12.82,-13.02],[12.89,-12.64]]],[[[13.11,-9.49],[12.89,-9.23],[13.25,-8.46],[13.54,-9.1],[13.11,-9.49]]],[[[39.82,-7.88],[39.53,-8.01],[39.52,-7.81],[39.82,-7.88]]],[[[39.12,-5.76],[39.27,-5.76],[39.43,-6.53],[39.12,-5.76]]],[[[39.55,-5.11],[39.55,-4.92],[39.77,-4.99],[39.55,-5.44],[39.55,-5.11]]],[[[39.39,-3.76],[39.75,-3.7],[39.54,-4.34],[39.39,-3.76]]],[[[6.67,0.41],[6.66,0.16],[6.38,0.03],[6.3,0.35],[6.67,0.41]]],[[[7.19,1.51],[7.27,1.7],[7.34,1.7],[7.19,1.51]]],[[[8.54,3.76],[8.83,3.82],[8.68,3.18],[8.31,3.24],[8.54,3.76]]],[[[-5.95,35.71],[-5.72,35.77],[-5.77,35.39],[-5.95,35.71]]],[[[-8.82,38.48],[-9.21,38.42],[-9.57,38.93],[-8.73,40.74],[-8.93,41.91],[-6.7,41.98],[-6.25,41.46],[-6.93,41.0],[-6.9,39.77],[-7.44,39.64],[-6.99,39.0],[-7.27,38.67],[-6.99,38.09],[-7.68,37.0],[-9.0,37.0],[-8.82,38.48]]],[[[123.94,-9.23],[124.38,-9.16],[124.26,-9.49],[123.94,-9.23]]],[[[124.71,-8.84],[125.2,-8.52],[127.23,-8.39],[124.92,-9.55],[124.71,-8.84]]],[[[122.61,-8.07],[122.82,-8.07],[122.66,-8.71],[122.28,-8.52],[122.61,-8.07]]],[[[80.23,5.88],[79.76,6.65],[79.88,9.86],[80.73,9.48],[81.92,7.42],[81.72,6.46],[80.23,5.88]],[[81.04,8.64],[81.04,8.58],[81.11,8.58],[81.04,8.64]]],[[[76.56,9.41],[76.26,9.35],[76.21,9.67],[76.56,9.41]]],[[[79.86,10.73],[79.85,10.83],[79.87,10.83],[79.86,10.73]]],[[[75.78,10.96],[75.59,11.34],[75.81,11.41],[75.78,10.96]]],[[[75.29,12.31],[75.41,11.92],[75.27,11.92],[75.29,12.31]]],[[[74.52,15.26],[74.55,14.81],[74.24,14.62],[73.8,15.39],[74.52,15.26]]],[[[73.1,19.38],[72.91,18.99],[72.84,18.99],[73.1,19.38]]],[[[73.12,20.21],[73.19,20.21],[73.18,20.09],[73.12,20.21]]],[[[113.45,22.34],[113.69,22.4],[113.64,22.14],[113.45,22.34]]]]}},{"type":"Feature","properties":{"n":"(Kingdom of England)","f":1653,"t":1658,"w":"Q179876"},"geometry":{"type":"MultiPolygon","coordinates":[[[[-76.09,24.78],[-76.23,24.78],[-76.26,24.91],[-76.09,24.78]]],[[[-76.48,25.29],[-76.6,25.49],[-76.35,25.36],[-76.48,25.29]]],[[[-76.73,35.97],[-77.14,36.22],[-76.8,36.35],[-76.73,35.97]]],[[[-77.4,37.9],[-76.7,37.71],[-75.81,36.61],[-76.79,36.55],[-77.56,37.51],[-77.4,37.9]]],[[[-76.88,38.35],[-76.91,38.42],[-76.83,38.42],[-76.88,38.35]]],[[[-76.86,38.87],[-76.52,39.0],[-76.31,38.09],[-76.86,38.87]]],[[[-75.32,39.13],[-75.05,38.67],[-75.42,38.8],[-75.32,39.13]]],[[[-73.18,40.94],[-71.99,40.94],[-73.38,40.68],[-73.74,41.13],[-73.18,40.94]]],[[[-73.17,41.46],[-72.77,41.26],[-73.06,41.2],[-73.17,41.46]]],[[[-70.73,41.33],[-70.73,41.52],[-70.58,41.52],[-70.73,41.33]]],[[[-70.66,41.72],[-70.69,41.78],[-70.61,41.78],[-70.66,41.72]]],[[[-70.05,41.59],[-70.44,41.59],[-70.67,41.91],[-71.05,42.04],[-71.52,41.33],[-72.45,41.26],[-72.67,42.11],[-71.71,42.11],[-72.02,42.43],[-71.08,42.82],[-70.77,43.54],[-70.49,43.28],[-70.98,42.43],[-70.37,41.78],[-69.95,41.91],[-70.05,41.59]]],[[[-70.39,43.41],[-70.59,43.67],[-70.44,43.86],[-70.14,43.73],[-70.39,43.41]]],[[[-1.06,5.43],[-0.92,5.43],[-0.85,5.17],[-1.06,5.43]]],[[[-57.26,5.49],[-57.12,5.94],[-54.06,5.81],[-54.27,5.24],[-55.87,5.17],[-56.09,5.49],[-57.26,5.49]]],[[[-12.51,7.61],[-12.51,7.42],[-12.95,7.49],[-12.51,7.61]]],[[[80.11,12.95],[80.35,13.14],[80.31,12.76],[80.11,12.95]]],[[[-59.36,13.08],[-59.57,13.01],[-59.67,13.34],[-59.36,13.08]]],[[[-61.64,17.19],[-61.62,16.94],[-61.76,16.94],[-61.64,17.19]]],[[[-64.65,17.64],[-64.87,17.64],[-64.73,17.77],[-64.65,17.64]]],[[[-64.65,17.71],[-64.66,17.77],[-64.59,17.77],[-64.65,17.71]]],[[[-64.73,17.77],[-64.74,17.84],[-64.67,17.84],[-64.66,17.77],[-64.73,17.77]]],[[[-64.86,32.3],[-64.65,32.36],[-64.67,32.17],[-64.86,32.3]]],[[[-69.33,44.06],[-69.48,43.86],[-69.95,44.19],[-69.33,44.06]]],[[[-53.46,46.68],[-53.64,47.73],[-53.36,48.06],[-53.0,47.99],[-53.23,47.53],[-52.76,47.8],[-52.85,46.81],[-53.46,46.68]]]]}},{"type":"Feature","properties":{"n":"Lan Xang","f":1653,"t":1658,"w":"Q853477"},"geometry":{"type":"Polygon","coordinates":[[[106.69,16.49],[107.5,16.04],[107.3,15.65],[107.69,15.33],[107.51,14.56],[106.17,14.43],[106.03,13.91],[104.92,14.43],[103.81,14.36],[103.29,14.81],[103.23,16.55],[101.87,16.81],[101.02,17.51],[101.4,19.06],[101.18,19.57],[100.46,19.7],[100.6,20.09],[100.15,20.54],[101.18,21.44],[101.81,21.18],[101.72,22.46],[103.77,22.72],[104.73,21.37],[104.5,20.41],[104.98,20.15],[103.96,19.31],[105.12,18.74],[106.69,16.49]]]}},{"type":"Feature","properties":{"n":"Commonwealth of England","f":1653,"t":1658,"w":"Q330362"},"geometry":{"type":"MultiPolygon","coordinates":[[[[-6.09,52.86],[-6.43,52.18],[-9.64,51.45],[-10.45,51.78],[-10.25,52.12],[-10.53,52.25],[-9.94,52.32],[-9.38,53.12],[-10.21,53.46],[-9.83,53.8],[-10.08,54.27],[-8.7,54.27],[-8.32,54.61],[-8.87,54.82],[-8.41,55.23],[-6.15,55.29],[-5.43,54.48],[-6.33,54.07],[-6.09,52.86]]],[[[-4.86,54.07],[-4.81,54.34],[-4.36,54.21],[-4.86,54.07]]],[[[-2.67,56.25],[-3.26,56.05],[-1.73,55.7],[-1.29,54.68],[-0.2,54.21],[0.3,53.39],[0.17,52.86],[1.62,52.86],[1.59,52.12],[0.52,51.51],[1.38,51.38],[1.31,51.11],[0.49,50.78],[-1.37,50.85],[-1.18,50.58],[-3.13,50.71],[-3.58,50.25],[-5.75,50.05],[-4.2,51.31],[-3.09,51.25],[-2.95,51.45],[-5.08,51.58],[-5.3,51.98],[-4.16,52.45],[-4.3,52.92],[-4.79,52.79],[-4.49,53.12],[-4.7,53.46],[-3.32,53.39],[-2.97,54.14],[-3.59,54.27],[-3.57,54.89],[-5.21,54.75],[-4.77,55.43],[-5.0,55.84],[-5.44,55.91],[-5.12,55.43],[-5.57,55.57],[-5.63,55.29],[-5.89,55.29],[-5.8,55.98],[-6.63,55.63],[-5.66,56.18],[-6.29,56.32],[-5.95,57.01],[-6.82,57.49],[-6.32,57.77],[-5.7,57.14],[-5.89,57.83],[-5.2,58.67],[-3.14,58.74],[-3.43,58.18],[-4.12,57.97],[-3.99,57.7],[-1.85,57.7],[-2.67,56.25]]],[[[-7.25,57.42],[-7.29,57.08],[-7.47,57.08],[-7.6,57.35],[-7.25,57.42]]],[[[-7.12,57.7],[-7.11,57.63],[-7.44,57.49],[-7.12,57.7]]],[[[-6.21,58.18],[-7.13,57.77],[-7.28,58.18],[-6.26,58.53],[-6.21,58.18]]],[[[-3.2,59.22],[-2.79,58.88],[-3.42,58.81],[-3.2,59.22]]],[[[-2.56,59.22],[-2.83,59.16],[-2.84,59.29],[-2.56,59.22]]],[[[-1.16,60.56],[-1.2,60.07],[-1.67,60.21],[-1.63,60.63],[-0.81,60.63],[-1.16,60.56]]]]}},{"type":"Feature","properties":{"n":"Bijapur Sultanate","f":1653,"t":1658,"w":"Q83821"},"geometry":{"type":"Polygon","coordinates":[[[74.76,12.95],[74.31,14.56],[74.52,15.26],[73.8,15.46],[73.42,16.04],[72.93,18.48],[74.22,18.74],[75.78,18.16],[76.54,18.35],[76.43,19.38],[77.97,19.25],[77.79,16.36],[78.3,16.23],[78.72,15.39],[80.09,15.14],[80.14,12.37],[79.85,11.6],[78.98,11.6],[77.58,12.11],[76.77,12.91],[76.04,12.44],[74.76,12.95]]]}},{"type":"Feature","properties":{"n":"Yarubid dynasty","f":1653,"t":1699,"w":"Q1752110"},"geometry":{"type":"Polygon","coordinates":[[[57.49,23.88],[58.81,23.62],[59.9,22.53],[59.44,21.44],[58.24,22.27],[56.83,22.27],[55.56,23.94],[55.07,25.1],[56.33,26.39],[56.73,24.52],[57.49,23.88]]]}},{"type":"Feature","properties":{"n":"Holy Roman Empire Minor States","f":1653,"t":1661,"w":"Q12548"},"geometry":{"type":"MultiPolygon","coordinates":[[[[8.03,44.06],[8.11,44.52],[8.59,44.71],[8.03,44.06]]],[[[8.75,44.91],[8.51,44.91],[8.59,45.04],[8.75,44.91]]],[[[6.83,47.14],[7.08,46.94],[6.51,46.87],[6.83,47.14]]],[[[6.99,47.47],[6.82,47.53],[6.98,47.66],[6.99,47.47]]],[[[7.55,47.93],[7.89,47.66],[7.56,47.53],[7.55,47.93]]],[[[7.2,48.99],[7.2,48.85],[7.03,48.85],[7.2,48.99]]],[[[8.46,53.94],[8.81,53.87],[8.72,53.66],[8.46,53.94]]],[[[9.24,44.91],[9.32,45.17],[10.45,45.04],[10.62,45.43],[11.35,44.84],[10.62,43.8],[9.24,44.91]]],[[[11.52,46.61],[12.09,46.68],[11.02,45.76],[10.45,45.89],[10.53,46.55],[11.52,46.61]]],[[[9.54,47.2],[9.63,47.14],[9.46,47.14],[9.54,47.2]]],[[[13.0,47.53],[13.18,48.06],[13.74,47.07],[12.18,47.07],[12.51,47.66],[13.0,47.53]]],[[[13.36,48.99],[14.1,48.65],[13.85,48.46],[13.27,48.59],[13.36,48.99]]],[[[12.8,50.65],[12.63,50.65],[12.55,50.91],[12.8,50.65]]],[[[7.95,48.52],[7.53,49.12],[6.69,49.18],[7.01,49.65],[6.35,49.58],[6.58,50.11],[6.07,50.25],[6.4,50.51],[6.07,50.45],[5.97,50.98],[5.71,51.05],[5.9,50.38],[4.65,50.11],[5.77,51.78],[6.88,51.45],[6.45,51.85],[6.95,52.25],[6.68,52.65],[7.18,53.33],[6.91,53.6],[8.38,53.66],[8.82,52.79],[9.5,53.12],[9.5,53.6],[11.14,54.07],[11.48,53.8],[11.4,54.14],[12.36,54.41],[13.12,53.66],[13.55,53.8],[13.2,53.33],[11.74,53.6],[11.13,53.26],[11.39,53.06],[10.79,52.99],[11.13,52.38],[12.33,52.79],[12.4,51.71],[11.63,51.25],[10.61,51.38],[10.19,51.11],[11.88,50.98],[12.05,51.31],[12.55,50.91],[11.79,50.85],[12.21,50.78],[12.12,50.18],[11.2,49.78],[11.28,49.12],[10.94,48.85],[10.03,49.12],[10.53,48.26],[10.12,48.06],[10.53,48.19],[10.69,47.73],[10.37,47.33],[9.04,47.73],[9.29,47.99],[8.22,47.66],[8.21,47.99],[8.21,48.26],[7.71,48.32],[7.95,48.52]],[[8.46,47.99],[8.38,48.13],[8.21,47.99],[8.46,47.99]],[[11.38,51.51],[11.46,51.65],[10.95,51.71],[10.87,51.45],[11.38,51.51]],[[10.2,48.46],[10.11,48.46],[10.11,48.32],[10.2,48.46]],[[9.95,48.46],[9.45,48.46],[9.45,48.19],[9.95,48.46]],[[9.54,47.86],[9.54,47.99],[9.37,47.93],[9.54,47.86]],[[9.37,48.26],[9.37,48.46],[9.2,48.32],[9.37,48.26]],[[8.71,48.19],[8.79,48.32],[8.54,48.32],[8.71,48.19]],[[9.04,48.19],[9.04,48.26],[8.87,48.32],[9.04,48.19]],[[8.91,52.12],[8.91,52.52],[8.14,52.59],[7.98,51.98],[8.91,52.12]],[[8.71,47.99],[8.63,47.99],[8.79,47.86],[8.71,47.99]],[[8.62,48.65],[8.53,48.59],[8.62,48.52],[8.62,48.65]],[[8.45,48.39],[8.21,48.39],[8.29,48.32],[8.45,48.39]],[[8.29,48.59],[8.37,48.46],[8.45,48.59],[8.29,48.59]],[[7.8,52.18],[7.71,52.52],[7.28,52.59],[7.8,52.18]],[[7.23,51.18],[7.64,51.51],[7.56,51.65],[7.05,51.58],[7.23,51.18]]]]}},{"type":"Feature","properties":{"n":"Tümed","f":1653,"t":1676,"w":"Q3402317"},"geometry":{"type":"Polygon","coordinates":[[[100.34,38.61],[101.7,37.58],[102.1,37.77],[102.84,36.74],[102.57,35.64],[101.71,35.0],[102.03,34.61],[100.92,34.74],[101.07,34.29],[101.69,34.1],[101.53,33.84],[98.85,34.1],[93.54,36.61],[90.94,36.93],[91.53,37.51],[90.94,38.03],[90.95,38.67],[93.22,39.45],[96.22,39.64],[97.91,39.0],[99.2,39.26],[100.23,38.35],[100.34,38.61]]]}},{"type":"Feature","properties":{"n":"Tibet","f":1653,"t":1672,"w":"Q521263"},"geometry":{"type":"Polygon","coordinates":[[[100.68,29.73],[99.61,28.25],[99.4,29.47],[98.54,28.19],[97.3,28.96],[96.24,28.96],[95.97,29.41],[95.42,29.02],[94.66,29.28],[93.51,28.64],[89.89,28.32],[88.95,27.42],[88.78,28.06],[85.98,27.99],[84.41,28.77],[84.14,29.28],[83.45,29.22],[82.04,30.37],[81.01,30.18],[78.81,31.53],[78.46,32.3],[78.71,32.69],[79.46,32.62],[78.83,33.46],[78.98,34.04],[79.45,34.04],[80.22,35.45],[81.67,35.39],[82.35,35.84],[85.89,35.77],[86.8,36.42],[91.25,36.48],[92.36,37.0],[98.85,34.1],[101.87,33.52],[100.68,29.73]]]}},{"type":"Feature","properties":{"n":"Swedish Empire","f":1653,"t":1658,"w":"Q215443"},"geometry":{"type":"MultiPolygon","coordinates":[[[[-1.06,5.36],[-1.06,5.11],[-1.21,5.11],[-1.06,5.36]]],[[[-0.19,5.56],[-0.18,5.81],[-0.04,5.81],[-0.19,5.56]]],[[[9.24,53.87],[9.5,53.12],[8.82,52.79],[8.46,53.6],[9.24,53.87]]],[[[11.48,53.8],[11.22,53.8],[11.31,54.0],[11.48,53.8]]],[[[14.48,53.12],[13.9,53.73],[13.12,53.66],[12.44,54.48],[13.58,54.68],[13.74,54.27],[13.3,54.21],[14.17,54.07],[14.15,53.73],[14.68,54.07],[14.48,53.12]]],[[[19.05,57.97],[18.91,57.42],[18.08,56.94],[18.03,57.56],[19.05,57.97]]],[[[22.25,58.67],[23.23,58.6],[22.08,57.9],[21.88,58.53],[22.25,58.67]]],[[[22.49,59.16],[22.9,58.81],[22.35,58.74],[22.49,59.16]]],[[[19.68,60.14],[19.72,60.49],[20.17,60.42],[19.68,60.14]]],[[[29.8,61.05],[30.86,59.43],[27.37,59.16],[27.7,57.83],[26.53,56.59],[25.45,56.39],[23.47,56.8],[24.23,57.28],[24.27,58.25],[23.41,58.53],[23.41,59.29],[25.37,59.71],[27.88,59.5],[28.41,59.92],[29.94,59.85],[30.16,60.07],[28.99,60.14],[28.45,60.7],[23.03,59.85],[21.46,60.56],[21.5,61.69],[20.95,62.62],[21.5,63.34],[22.16,63.34],[24.56,64.93],[25.23,64.93],[25.23,65.52],[22.38,65.81],[22.44,65.52],[21.21,64.93],[21.54,64.42],[20.81,63.91],[17.39,62.47],[17.26,60.77],[18.61,60.42],[19.01,59.71],[18.35,59.43],[18.41,59.09],[16.66,58.46],[16.48,56.87],[17.13,57.42],[16.63,56.39],[12.75,56.52],[11.79,57.42],[11.71,57.97],[12.16,58.18],[11.92,59.92],[12.57,60.35],[12.31,60.98],[12.78,61.19],[12.14,61.76],[12.19,63.77],[14.1,64.13],[13.64,64.71],[14.54,65.44],[14.57,66.11],[16.38,67.07],[16.23,67.59],[18.05,68.12],[18.09,68.57],[19.96,68.42],[20.24,69.03],[21.07,69.26],[22.78,68.65],[24.86,68.57],[26.52,69.95],[29.2,69.72],[28.42,68.42],[29.94,67.67],[29.05,66.77],[30.31,65.81],[29.81,64.86],[30.55,64.28],[30.05,63.7],[32.2,62.33],[31.61,61.34],[30.56,61.62],[29.8,61.05]]]]}},{"type":"Feature","properties":{"n":"New Netherland","f":1653,"t":1658,"w":"Q382593"},"geometry":{"type":"MultiPolygon","coordinates":[[[[-35.01,-8.2],[-35.36,-7.69],[-34.92,-7.56],[-35.01,-8.2]]],[[[-58.61,6.84],[-58.24,6.91],[-57.12,5.94],[-57.26,5.43],[-58.73,5.94],[-58.61,6.84]]],[[[-68.74,12.18],[-68.66,11.99],[-68.95,12.05],[-69.12,12.37],[-68.74,12.18]]],[[[-68.29,12.05],[-68.39,12.31],[-68.16,12.24],[-68.29,12.05]]],[[[-69.87,12.56],[-69.78,12.37],[-69.93,12.37],[-69.87,12.56]]],[[[-62.93,18.09],[-62.92,18.03],[-63.14,18.03],[-62.93,18.09]]],[[[-73.11,41.13],[-73.74,41.13],[-73.38,40.68],[-74.4,40.48],[-75.12,39.77],[-74.14,41.13],[-74.26,42.76],[-73.55,42.11],[-72.64,42.04],[-72.45,41.26],[-73.09,41.46],[-73.11,41.13]]]]}},{"type":"Feature","properties":{"n":"New France","f":1653,"t":1658,"w":"Q170604"},"geometry":{"type":"MultiPolygon","coordinates":[[[[-64.66,17.77],[-64.65,17.71],[-64.73,17.71],[-64.66,17.77]]],[[[-64.88,17.71],[-64.89,17.84],[-64.74,17.84],[-64.88,17.71]]],[[[-62.95,18.29],[-62.93,18.09],[-63.08,18.16],[-62.95,18.29]]],[[[-65.69,44.58],[-65.77,44.78],[-65.51,44.91],[-65.28,44.58],[-65.69,44.58]]],[[[-66.18,45.3],[-66.35,45.5],[-66.0,45.63],[-66.18,45.3]]],[[[-74.48,45.63],[-73.52,46.61],[-71.02,47.01],[-73.61,46.15],[-73.89,45.43],[-74.48,45.63]]],[[[46.79,-24.79],[47.09,-24.79],[46.53,-25.24],[46.79,-24.79]]],[[[-61.71,12.24],[-61.57,12.24],[-61.55,11.99],[-61.71,12.24]]],[[[-60.82,14.04],[-60.8,13.72],[-60.94,13.66],[-60.82,14.04]]],[[[-60.81,14.75],[-60.78,14.43],[-61.08,14.49],[-60.81,14.75]]],[[[-61.77,16.29],[-61.35,16.49],[-61.17,16.23],[-61.74,15.97],[-61.77,16.29]]],[[[-60.69,47.07],[-60.26,46.68],[-60.45,46.35],[-59.79,45.96],[-60.51,45.56],[-61.41,45.56],[-61.66,45.96],[-60.69,47.07]]]]}},{"type":"Feature","properties":{"n":"Kingdom of France","f":1653,"t":1658,"w":"Q207162"},"geometry":{"type":"MultiPolygon","coordinates":[[[[5.18,49.58],[4.88,48.65],[5.87,48.85],[5.88,48.46],[5.38,48.52],[5.82,47.73],[5.38,46.28],[6.03,46.22],[5.48,45.56],[6.64,44.84],[6.81,44.32],[6.42,44.06],[6.91,43.54],[5.8,43.15],[3.85,43.6],[2.98,43.15],[3.09,42.5],[2.46,42.37],[-1.43,43.08],[-1.69,43.41],[-1.03,45.5],[-1.25,46.28],[-2.01,46.61],[-2.58,47.47],[-4.42,47.8],[-4.89,48.32],[-4.6,48.72],[-3.46,48.92],[-1.6,48.65],[-2.03,49.78],[0.01,49.38],[0.22,49.85],[1.45,50.25],[1.66,51.05],[2.24,51.11],[2.36,50.58],[3.4,50.05],[4.82,50.05],[5.18,49.58]],[[4.31,46.28],[3.99,46.28],[4.08,45.96],[4.31,46.28]]],[[[6.79,48.46],[6.72,48.19],[6.47,48.32],[6.79,48.46]]],[[[7.56,47.6],[6.98,47.53],[7.04,48.52],[6.45,48.85],[5.86,48.99],[6.78,49.18],[7.03,48.92],[6.62,48.85],[7.36,48.92],[7.71,48.46],[7.56,47.6]]],[[[6.03,48.92],[6.04,48.79],[5.87,48.85],[6.03,48.92]]],[[[5.7,48.99],[5.36,48.99],[5.35,49.32],[5.7,48.99]]]]}},{"type":"Feature","properties":{"n":"Qing Dynasty","f":1653,"t":1658,"w":"Q8733"},"geometry":{"type":"MultiPolygon","coordinates":[[[[108.76,18.41],[108.7,19.38],[109.25,19.96],[110.91,20.15],[111.03,19.57],[110.18,18.48],[108.76,18.41]]],[[[122.28,29.99],[121.98,29.99],[122.05,30.18],[122.28,29.99]]],[[[127.87,51.92],[138.16,51.92],[140.8,53.6],[141.46,53.33],[141.15,52.52],[141.56,52.25],[140.65,51.25],[140.25,48.59],[135.28,43.6],[133.27,42.69],[131.91,43.28],[130.77,42.43],[129.84,42.95],[129.7,42.5],[128.07,41.98],[128.34,41.65],[128.1,41.39],[126.83,41.78],[124.23,39.84],[122.94,39.64],[121.42,38.74],[121.03,38.74],[121.69,39.38],[121.21,39.51],[122.23,40.48],[121.82,40.87],[121.11,40.87],[118.99,39.19],[117.78,39.13],[117.77,38.35],[119.46,37.96],[119.16,37.19],[120.75,37.9],[122.71,37.45],[122.39,36.8],[120.98,36.61],[119.23,34.81],[120.34,34.36],[120.92,32.62],[121.96,31.98],[121.58,31.4],[121.9,30.82],[120.68,30.18],[121.48,30.31],[122.03,29.92],[121.94,29.22],[121.59,29.54],[121.65,28.32],[121.12,28.32],[119.59,26.13],[119.53,25.62],[119.87,25.49],[119.27,25.49],[118.76,24.59],[118.15,24.52],[116.54,22.91],[114.64,22.72],[114.37,22.08],[113.6,22.72],[113.07,21.89],[110.42,21.18],[110.57,20.34],[110.03,20.21],[109.81,21.5],[107.1,21.76],[106.66,22.21],[106.71,22.91],[105.44,23.3],[103.96,22.53],[101.72,22.46],[103.24,25.81],[100.52,26.71],[98.69,25.87],[98.79,27.35],[98.16,28.19],[98.87,28.32],[99.4,29.47],[99.61,28.25],[100.68,29.73],[101.87,33.52],[101.2,33.78],[101.69,34.1],[100.85,34.55],[102.03,34.61],[101.71,35.0],[102.57,35.64],[102.84,36.74],[102.1,37.77],[101.7,37.58],[99.9,38.87],[100.97,40.23],[101.07,40.94],[97.21,41.85],[97.09,42.76],[101.56,42.56],[104.81,41.59],[106.86,42.3],[110.28,42.69],[111.89,43.67],[112.07,44.39],[115.88,45.56],[116.72,46.35],[119.94,46.87],[118.48,47.99],[117.31,47.73],[115.42,47.99],[116.68,49.78],[117.83,49.52],[119.28,50.11],[119.65,51.11],[120.67,52.05],[120.53,52.59],[119.9,52.65],[120.42,53.06],[122.04,53.53],[125.96,53.66],[127.87,51.92]]]]}},{"type":"Feature","properties":{"n":"Papal States","f":1653,"t":1708,"w":"Q170174"},"geometry":{"type":"MultiPolygon","coordinates":[[[[11.57,42.3],[11.49,42.3],[11.49,42.37],[11.57,42.3]]],[[[12.86,42.5],[13.01,42.04],[14.04,41.52],[13.79,41.2],[13.0,41.33],[11.57,42.37],[12.23,43.6],[11.51,44.39],[10.86,44.39],[11.35,44.97],[12.24,44.97],[12.31,44.19],[13.75,43.08],[12.86,42.5]]]]}},{"type":"Feature","properties":{"n":"New Sweden","f":1653,"t":1658,"w":"Q322187"},"geometry":{"type":"Polygon","coordinates":[[[-75.14,39.26],[-75.75,39.58],[-75.2,39.97],[-75.14,39.26]]]}},{"type":"Feature","properties":{"n":"Polish-Lithuanian Commonwealth","f":1653,"t":1658,"w":"Q172107"},"geometry":{"type":"MultiPolygon","coordinates":[[[[-60.7,11.34],[-60.56,11.34],[-60.62,11.09],[-60.7,11.34]]],[[[20.37,49.18],[20.28,49.12],[20.29,49.25],[20.37,49.18]]],[[[27.72,56.87],[28.48,57.14],[28.29,56.52],[29.88,56.52],[30.0,56.18],[32.32,56.8],[33.12,56.39],[32.83,55.84],[34.81,56.05],[34.49,54.95],[33.0,54.41],[32.97,53.8],[33.42,53.46],[33.19,53.12],[33.69,53.06],[33.59,52.52],[32.96,52.32],[32.73,51.98],[33.09,51.58],[32.25,51.11],[33.02,50.65],[30.08,50.11],[29.82,49.45],[30.13,47.93],[29.22,47.27],[28.88,47.86],[27.39,48.65],[25.34,48.92],[25.54,48.39],[24.91,47.8],[22.78,49.12],[18.88,49.45],[19.24,49.85],[19.03,50.58],[17.55,51.25],[17.32,51.71],[16.13,51.71],[15.49,52.65],[16.1,52.86],[16.4,53.8],[17.17,53.66],[17.5,54.89],[20.83,54.07],[20.1,53.66],[19.45,54.21],[18.7,53.39],[19.74,53.46],[20.4,53.06],[22.42,53.6],[22.81,54.89],[20.84,56.18],[21.6,57.63],[22.52,57.83],[23.59,57.08],[23.47,56.8],[25.45,56.39],[26.53,56.59],[27.3,57.56],[27.72,56.87]]]]}},{"type":"Feature","properties":{"n":"(Dutch Republic)","f":1653,"t":1658,"w":"Q170072"},"geometry":{"type":"MultiPolygon","coordinates":[[[[18.55,-34.11],[18.17,-34.36],[17.9,-33.14],[19.68,-33.53],[20.49,-34.49],[19.96,-34.82],[18.55,-34.11]]],[[[57.7,-20.35],[57.19,-20.54],[57.18,-20.35],[57.45,-19.96],[57.7,-20.35]]],[[[123.16,-8.65],[122.79,-8.59],[122.91,-8.26],[123.78,-8.2],[123.16,-8.65]]],[[[106.74,-6.4],[106.3,-6.4],[106.35,-5.95],[106.79,-6.08],[106.74,-6.4]]],[[[102.1,3.05],[102.67,2.73],[102.42,2.02],[101.71,2.47],[102.1,3.05]]],[[[-2.6,4.91],[-2.52,5.11],[-2.3,5.11],[-2.6,4.91]]],[[[-1.21,5.11],[-1.8,4.85],[-1.57,5.3],[-1.21,5.11]]],[[[-0.4,5.81],[-0.26,5.81],[-0.19,5.49],[-0.4,5.81]]],[[[80.01,12.63],[80.31,12.76],[80.21,12.44],[80.01,12.63]]],[[[80.38,13.46],[80.41,13.08],[80.2,13.14],[80.38,13.46]]],[[[-16.56,14.3],[-16.62,13.91],[-17.45,14.69],[-16.56,14.3]]],[[[120.01,23.11],[120.17,23.88],[120.96,25.04],[121.77,25.29],[122.01,25.04],[121.54,23.3],[120.67,21.95],[120.01,23.11]]],[[[5.04,44.19],[4.8,44.12],[4.88,44.25],[5.04,44.19]]],[[[5.72,50.71],[5.71,51.05],[5.97,50.98],[5.72,50.71]]],[[[5.37,51.25],[3.41,51.45],[3.75,51.45],[3.4,51.65],[4.22,52.18],[4.69,53.19],[5.06,52.65],[5.54,53.39],[7.18,53.26],[6.68,52.65],[6.94,52.38],[6.7,51.92],[5.37,51.25]]],[[[123.74,-9.36],[124.26,-9.49],[124.65,-8.91],[125.02,-9.04],[124.4,-10.19],[123.17,-10.39],[123.74,-9.36]]],[[[124.97,-8.46],[123.8,-8.46],[124.0,-8.2],[125.02,-8.2],[124.97,-8.46]]],[[[130.95,-8.33],[130.59,-8.39],[130.86,-8.14],[130.95,-8.33]]],[[[127.66,-8.26],[127.64,-8.07],[127.79,-8.07],[127.66,-8.26]]],[[[129.76,-8.07],[129.46,-8.01],[129.44,-7.75],[129.76,-8.07]]],[[[126.4,-8.01],[125.67,-8.01],[125.71,-7.69],[126.51,-7.56],[126.4,-8.01]]],[[[131.0,-8.07],[130.97,-7.69],[131.58,-7.11],[131.0,-8.07]]],[[[130.81,-7.56],[130.87,-7.36],[131.02,-7.36],[130.81,-7.56]]],[[[128.38,-7.24],[128.37,-7.11],[128.59,-7.04],[128.38,-7.24]]],[[[134.53,-5.44],[134.68,-6.59],[133.97,-6.91],[133.92,-6.14],[134.53,-5.44]]],[[[132.52,-5.95],[132.5,-5.69],[132.95,-5.76],[132.52,-5.95]]],[[[132.86,-5.5],[133.07,-5.44],[133.01,-5.56],[132.86,-5.5]]],[[[128.24,-3.51],[128.25,-3.7],[127.81,-3.83],[128.24,-3.51]]],[[[126.01,-2.48],[125.26,-1.77],[126.14,-1.77],[126.01,-2.48]]],[[[125.11,-1.71],[125.19,-1.9],[124.25,-2.03],[124.24,-1.64],[125.11,-1.71]]]]}},{"type":"Feature","properties":{"n":"(Spanish Empire)","f":1653,"t":1658,"w":"Q80702"},"geometry":{"type":"MultiPolygon","coordinates":[[[[-73.65,-42.83],[-74.1,-42.76],[-74.03,-42.44],[-73.46,-42.24],[-73.65,-42.83]]],[[[-73.9,-40.17],[-73.37,-39.46],[-73.0,-39.72],[-73.9,-40.17]]],[[[-75.34,-10.77],[-75.27,-10.77],[-75.27,-10.84],[-75.34,-10.77]]],[[[-99.79,25.42],[-99.59,24.26],[-97.72,22.53],[-96.25,19.44],[-95.77,18.8],[-94.48,18.22],[-92.5,18.74],[-91.3,18.61],[-89.98,21.31],[-86.75,21.5],[-87.7,18.29],[-87.99,18.74],[-89.17,17.77],[-90.57,17.77],[-90.6,16.55],[-90.38,16.04],[-89.54,15.84],[-85.88,15.97],[-85.69,15.07],[-84.58,14.43],[-84.94,13.72],[-84.42,11.34],[-83.58,10.96],[-82.21,9.03],[-81.03,8.84],[-79.69,9.61],[-78.96,9.61],[-77.99,9.29],[-76.83,8.19],[-76.93,8.64],[-75.66,9.48],[-75.58,10.51],[-74.96,11.15],[-74.36,10.89],[-74.17,11.34],[-73.15,11.41],[-71.84,12.44],[-71.1,12.31],[-71.28,11.79],[-71.92,11.6],[-71.65,10.83],[-69.66,11.66],[-68.46,11.34],[-68.19,10.51],[-66.37,10.7],[-65.09,10.06],[-64.03,10.7],[-61.91,10.76],[-62.84,10.38],[-62.3,9.8],[-61.95,9.99],[-60.83,9.54],[-61.15,8.58],[-64.71,8.06],[-65.12,7.55],[-65.87,7.87],[-67.01,7.16],[-67.06,6.65],[-68.73,6.46],[-71.47,7.42],[-72.05,7.29],[-74.15,4.59],[-74.35,3.89],[-75.79,2.21],[-76.3,1.31],[-76.81,0.41],[-77.54,-1.45],[-77.85,-4.92],[-77.5,-6.85],[-76.34,-8.39],[-75.17,-11.35],[-73.87,-12.44],[-71.88,-13.15],[-70.67,-12.76],[-68.37,-13.28],[-65.67,-14.89],[-63.8,-15.34],[-62.59,-16.36],[-63.18,-20.61],[-64.19,-23.63],[-64.07,-24.79],[-63.27,-26.2],[-61.05,-26.78],[-59.61,-26.72],[-58.85,-26.27],[-57.5,-24.34],[-57.0,-24.47],[-58.43,-26.84],[-58.75,-30.32],[-58.27,-30.89],[-58.56,-32.76],[-58.25,-33.34],[-58.55,-34.49],[-60.29,-33.79],[-63.06,-34.62],[-64.35,-34.3],[-67.86,-34.43],[-70.36,-35.27],[-70.7,-36.3],[-71.2,-36.62],[-71.35,-37.91],[-73.34,-36.94],[-71.63,-32.69],[-71.94,-30.83],[-70.57,-25.17],[-70.53,-23.63],[-70.81,-23.5],[-70.27,-21.96],[-70.26,-19.84],[-70.44,-18.42],[-71.62,-17.33],[-75.22,-15.53],[-76.08,-14.69],[-76.46,-14.18],[-76.38,-13.41],[-77.8,-11.35],[-78.98,-8.46],[-79.98,-6.91],[-81.33,-6.14],[-81.01,-5.63],[-81.47,-4.41],[-80.05,-3.12],[-81.12,-2.29],[-81.03,-0.94],[-80.16,0.22],[-80.23,0.86],[-79.06,1.25],[-78.78,2.34],[-77.91,2.6],[-77.26,3.63],[-77.56,4.08],[-77.41,6.52],[-78.5,7.94],[-78.23,8.45],[-79.64,8.9],[-80.41,8.26],[-80.0,7.42],[-80.94,7.16],[-81.05,7.87],[-81.47,7.61],[-81.94,8.19],[-83.71,8.45],[-83.67,9.09],[-84.83,9.99],[-85.24,9.61],[-85.78,9.99],[-85.72,11.09],[-87.55,12.69],[-87.47,13.34],[-88.85,13.21],[-91.35,13.91],[-94.77,16.36],[-96.21,15.65],[-97.72,15.91],[-101.11,17.26],[-101.9,17.96],[-103.19,18.16],[-104.87,19.25],[-105.54,20.02],[-105.13,21.31],[-105.7,22.59],[-108.04,24.91],[-105.93,23.94],[-106.44,25.36],[-105.47,25.94],[-106.55,27.29],[-102.71,26.52],[-101.55,26.9],[-100.66,26.71],[-99.79,25.42]]],[[[-76.3,1.31],[-76.22,1.31],[-76.22,1.25],[-76.3,1.31]]],[[[-81.9,7.36],[-81.91,7.61],[-81.7,7.68],[-81.9,7.36]]],[[[-79.03,8.32],[-78.96,8.45],[-78.81,8.45],[-79.03,8.32]]],[[[-61.0,10.06],[-61.73,10.06],[-61.55,10.83],[-60.89,10.83],[-61.0,10.06]]],[[[-64.04,10.83],[-64.35,11.09],[-63.84,11.21],[-64.04,10.83]]],[[[-69.73,11.66],[-70.24,11.6],[-70.28,12.11],[-69.85,12.24],[-69.73,11.66]]],[[[-78.39,18.29],[-77.01,18.48],[-76.12,17.9],[-77.37,17.84],[-78.39,18.29]]],[[[-67.12,17.96],[-67.26,18.48],[-66.16,18.54],[-65.52,18.16],[-67.12,17.96]]],[[[-69.49,19.12],[-68.58,18.99],[-68.29,18.41],[-70.72,18.35],[-71.28,17.58],[-72.1,18.22],[-74.4,18.29],[-74.24,18.74],[-72.3,18.61],[-72.79,19.51],[-73.41,19.64],[-73.23,19.96],[-70.78,19.96],[-69.12,19.19],[-69.49,19.12]]],[[[-73.3,18.86],[-73.32,18.99],[-72.79,18.93],[-72.83,18.67],[-73.3,18.86]]],[[[-86.99,20.28],[-87.02,20.47],[-86.67,20.6],[-86.99,20.28]]],[[[-75.63,21.18],[-74.07,20.15],[-77.65,19.83],[-77.19,20.66],[-78.24,20.79],[-78.66,21.56],[-82.05,22.27],[-81.74,22.66],[-84.8,21.82],[-84.0,22.79],[-82.29,23.24],[-80.57,23.17],[-79.25,22.46],[-77.64,22.14],[-77.66,21.82],[-75.63,21.18]]],[[[-82.5,21.44],[-82.95,21.44],[-83.04,21.95],[-82.66,21.95],[-82.5,21.44]]],[[[-78.6,22.53],[-78.23,22.59],[-78.2,22.4],[-78.6,22.53]]],[[[-17.85,27.87],[-17.9,27.61],[-18.06,27.67],[-17.85,27.87]]],[[[-17.71,28.89],[-17.67,28.51],[-17.9,28.51],[-17.71,28.89]]],[[[-83.84,30.05],[-84.88,29.73],[-85.12,30.24],[-84.84,30.82],[-81.97,30.37],[-81.87,31.27],[-81.21,31.59],[-81.44,30.89],[-80.55,28.57],[-81.94,28.12],[-83.84,30.05]]],[[[-106.36,36.48],[-105.19,35.19],[-105.62,34.81],[-106.35,34.87],[-106.93,35.9],[-106.36,36.48]]],[[[120.0,10.51],[118.85,9.93],[118.73,10.19],[119.19,10.44],[119.34,11.15],[120.0,10.51]]],[[[-15.73,27.74],[-15.76,28.19],[-15.3,28.12],[-15.73,27.74]]],[[[-17.35,28.19],[-17.12,28.25],[-17.03,28.06],[-17.35,28.19]]],[[[-16.91,28.38],[-16.09,28.57],[-16.36,28.06],[-16.65,27.93],[-16.91,28.38]]],[[[-13.77,28.77],[-13.81,28.25],[-14.32,28.06],[-13.77,28.77]]],[[[-13.65,29.22],[-13.42,29.22],[-13.47,28.89],[-13.86,28.96],[-13.65,29.22]]],[[[-2.98,35.26],[-2.99,35.45],[-2.84,35.45],[-2.98,35.26]]],[[[-0.53,35.71],[-0.45,35.58],[-0.67,35.45],[-0.92,35.71],[-0.53,35.71]]],[[[-5.57,35.84],[-5.34,35.84],[-5.33,35.77],[-5.57,35.84]]],[[[1.65,39.13],[1.66,39.0],[1.27,38.8],[1.26,39.13],[1.65,39.13]]],[[[2.34,39.64],[2.88,39.97],[3.52,39.77],[3.3,39.32],[2.34,39.64]]],[[[18.44,40.1],[18.11,39.9],[17.35,40.55],[16.62,40.29],[16.45,39.64],[17.14,39.06],[15.93,37.96],[15.39,38.16],[15.05,36.74],[12.49,37.71],[12.65,38.09],[14.6,38.03],[15.86,38.29],[16.27,38.74],[15.75,40.03],[13.79,41.13],[13.96,41.72],[13.01,42.04],[12.86,42.5],[13.99,42.95],[14.37,42.24],[16.12,41.91],[15.94,41.39],[18.44,40.1]]],[[[0.04,42.69],[3.09,42.5],[3.12,41.91],[0.7,40.94],[-0.2,39.97],[-0.31,39.13],[0.1,38.74],[-0.66,38.29],[-0.7,37.64],[-1.71,37.45],[-2.06,36.8],[-4.47,36.74],[-5.66,36.03],[-6.06,36.22],[-6.43,37.0],[-7.39,37.25],[-7.5,37.71],[-6.99,38.09],[-7.27,38.67],[-6.99,39.0],[-7.44,39.64],[-6.9,39.77],[-6.93,41.0],[-6.27,41.65],[-6.7,41.98],[-8.93,41.91],[-8.66,42.37],[-9.3,43.15],[-8.24,43.73],[-1.69,43.34],[0.04,42.69]]],[[[4.22,40.1],[4.3,39.84],[3.83,39.9],[4.22,40.1]]],[[[9.59,39.13],[8.34,39.0],[8.15,40.94],[9.5,41.2],[9.59,39.13]]],[[[11.34,42.43],[11.18,42.5],[11.18,42.56],[11.34,42.43]]],[[[10.46,42.89],[10.46,42.69],[10.21,42.69],[10.46,42.89]]],[[[10.86,43.08],[10.94,42.89],[10.7,42.95],[10.86,43.08]]],[[[9.32,45.17],[9.4,44.45],[8.34,45.1],[8.58,45.56],[7.92,45.96],[8.32,46.41],[8.9,45.89],[9.39,46.22],[9.31,45.69],[10.45,45.04],[9.32,45.17]]],[[[4.31,46.28],[4.41,46.02],[4.08,45.96],[4.31,46.28]]],[[[6.89,47.93],[6.99,47.27],[5.38,46.28],[5.58,47.66],[6.89,47.93]]],[[[5.35,49.32],[4.82,50.05],[5.9,50.38],[5.97,50.78],[6.59,49.98],[6.36,49.25],[5.86,49.25],[5.93,49.58],[5.35,49.32]]],[[[3.32,51.45],[5.37,51.25],[4.49,49.98],[3.4,50.05],[2.36,50.58],[2.24,51.11],[3.32,51.45]]],[[[126.2,6.39],[125.83,7.23],[125.52,7.04],[125.65,5.88],[125.33,5.49],[125.15,6.01],[124.7,5.81],[124.0,6.26],[124.09,7.42],[123.68,7.74],[122.76,7.23],[122.59,7.74],[122.23,6.97],[121.8,6.97],[122.1,8.0],[123.34,8.77],[124.09,8.19],[124.82,9.03],[125.48,9.03],[125.42,9.86],[126.24,9.29],[126.59,7.61],[126.2,6.39]]],[[[124.55,9.22],[124.77,9.29],[124.82,9.03],[124.55,9.22]]],[[[123.58,9.03],[123.44,9.09],[123.54,9.35],[123.58,9.03]]],[[[125.92,9.74],[125.97,9.54],[125.83,9.61],[125.92,9.74]]],[[[125.92,9.74],[125.94,9.99],[126.1,10.06],[125.92,9.74]]],[[[124.5,10.19],[124.62,9.93],[123.78,9.54],[123.74,9.86],[124.5,10.19]]],[[[122.81,10.12],[122.9,10.89],[123.56,10.96],[123.15,9.8],[123.22,9.03],[122.33,9.67],[122.81,10.12]]],[[[125.47,10.38],[125.7,10.44],[125.71,9.86],[125.47,10.38]]],[[[123.6,9.99],[123.48,9.48],[123.26,9.48],[124.11,11.28],[124.0,10.25],[123.6,9.99]]],[[[121.93,11.99],[123.12,11.54],[122.62,10.38],[121.9,10.44],[121.93,11.99]]],[[[125.24,10.25],[124.92,9.99],[124.25,11.21],[124.31,11.73],[124.71,11.34],[124.97,11.73],[124.27,12.56],[125.55,12.24],[125.77,11.02],[125.06,11.21],[125.24,10.25]]],[[[119.85,11.79],[119.87,11.92],[120.09,11.92],[119.85,11.79]]],[[[119.84,12.31],[120.34,12.18],[120.32,11.99],[119.84,12.31]]],[[[124.09,11.73],[123.17,11.99],[123.24,12.5],[123.83,12.56],[124.09,11.73]]],[[[121.9,12.37],[122.13,12.44],[122.09,12.11],[121.9,12.37]]],[[[122.69,12.24],[122.41,12.37],[122.51,12.56],[122.69,12.24]]],[[[121.99,12.5],[122.02,12.69],[122.24,12.69],[121.99,12.5]]],[[[120.74,13.59],[121.44,13.34],[121.29,12.18],[120.34,13.34],[120.74,13.59]]],[[[122.2,13.53],[122.16,13.21],[121.86,13.21],[121.75,13.46],[122.2,13.53]]],[[[120.1,13.72],[120.12,13.85],[120.27,13.85],[120.1,13.72]]],[[[124.11,13.53],[124.12,14.11],[124.47,13.98],[124.11,13.53]]],[[[122.13,15.01],[122.07,14.62],[121.86,14.69],[122.13,15.01]]],[[[121.49,15.14],[121.84,14.11],[122.76,14.36],[123.12,13.79],[123.24,14.11],[123.87,13.91],[123.61,13.59],[124.14,13.21],[124.12,12.5],[123.45,13.01],[123.06,12.82],[123.27,13.27],[122.69,13.85],[122.74,13.21],[121.82,13.91],[121.4,13.59],[120.62,13.79],[120.97,14.62],[120.35,14.43],[119.73,16.1],[120.01,16.42],[120.4,16.1],[120.61,18.54],[122.39,18.54],[122.22,17.64],[122.64,17.13],[121.49,15.14]]]]}},{"type":"Feature","properties":{"n":"(Habsburg Monarchy)","f":1653,"t":1669,"w":"Q66504140"},"geometry":{"type":"MultiPolygon","coordinates":[[[[8.21,48.26],[8.06,47.33],[7.56,47.53],[7.89,47.66],[7.55,47.93],[7.71,48.32],[8.21,48.26]]],[[[9.29,47.99],[9.29,47.8],[8.88,47.73],[9.29,47.99]]],[[[8.71,47.93],[8.79,47.86],[8.63,47.86],[8.71,47.93]]],[[[8.21,47.99],[8.21,48.13],[8.38,48.13],[8.21,47.99]]],[[[8.79,48.32],[8.71,48.19],[8.54,48.32],[8.79,48.32]]],[[[8.87,48.19],[8.87,48.32],[9.04,48.26],[8.87,48.19]]],[[[8.21,48.39],[8.45,48.39],[8.29,48.32],[8.21,48.39]]],[[[8.29,48.59],[8.45,48.59],[8.37,48.46],[8.29,48.59]]],[[[7.79,48.52],[7.79,48.59],[7.95,48.59],[7.79,48.52]]],[[[8.53,48.59],[8.62,48.65],[8.7,48.52],[8.53,48.59]]],[[[9.54,47.99],[9.54,47.86],[9.37,47.93],[9.54,47.99]]],[[[10.36,47.99],[10.12,48.06],[10.2,48.26],[10.53,48.26],[10.36,47.99]]],[[[9.95,48.46],[10.03,48.26],[9.45,48.19],[9.95,48.46]]],[[[9.37,48.26],[9.2,48.26],[9.2,48.32],[9.37,48.26]]],[[[20.85,47.66],[19.21,47.93],[18.17,46.87],[17.26,46.74],[16.91,46.22],[17.3,45.69],[16.22,45.04],[15.82,45.24],[15.8,44.71],[15.23,44.45],[14.6,45.37],[14.03,45.04],[13.79,45.24],[14.12,45.5],[13.31,45.82],[13.56,46.55],[11.11,46.41],[9.54,47.2],[9.62,47.53],[12.51,47.66],[12.18,47.07],[13.74,47.07],[13.18,48.06],[14.1,48.65],[12.53,49.52],[12.12,50.25],[14.33,51.05],[15.0,50.91],[15.13,52.25],[15.81,52.25],[16.13,51.71],[17.32,51.71],[17.55,51.25],[18.71,50.85],[19.19,50.38],[18.88,49.45],[21.8,49.38],[22.44,49.05],[20.85,47.66]],[[20.29,49.25],[20.28,49.12],[20.45,49.18],[20.29,49.25]]],[[[10.11,48.32],[10.11,48.46],[10.28,48.39],[10.11,48.32]]]]}},{"type":"Feature","properties":{"n":"(Kingdom of France)","f":1653,"t":1658,"w":"Q207162"},"geometry":{"type":"MultiPolygon","coordinates":[[[[-61.71,12.24],[-61.57,12.24],[-61.55,11.99],[-61.71,12.24]]],[[[-60.78,14.43],[-61.08,14.49],[-61.19,14.88],[-60.78,14.43]]],[[[-61.77,16.29],[-61.35,16.49],[-61.17,16.23],[-61.74,15.97],[-61.77,16.29]]],[[[-64.65,17.71],[-64.73,17.71],[-64.73,17.77],[-64.65,17.71]]],[[[-64.88,17.71],[-64.89,17.84],[-64.74,17.84],[-64.88,17.71]]],[[[-62.95,18.29],[-62.93,18.09],[-63.08,18.16],[-62.95,18.29]]],[[[-65.51,44.91],[-65.28,44.58],[-65.69,44.58],[-65.51,44.91]]],[[[-66.3,45.56],[-65.89,45.56],[-65.88,45.37],[-66.3,45.56]]],[[[-74.48,45.63],[-73.52,46.61],[-71.58,47.14],[-70.95,46.87],[-73.61,46.15],[-73.97,45.43],[-74.48,45.63]]],[[[47.09,-24.79],[46.97,-25.11],[46.53,-25.24],[47.09,-24.79]]],[[[-60.82,14.04],[-60.8,13.72],[-60.94,13.66],[-60.82,14.04]]],[[[-60.69,47.07],[-60.26,46.68],[-60.45,46.35],[-59.79,45.96],[-60.51,45.56],[-61.41,45.56],[-61.66,45.96],[-60.69,47.07]]],[[[4.88,48.65],[5.87,48.85],[5.88,48.46],[5.38,48.52],[5.82,47.73],[5.38,46.28],[6.03,46.22],[5.48,45.56],[6.64,44.84],[6.81,44.32],[6.42,44.06],[6.91,43.54],[5.8,43.15],[3.85,43.6],[2.98,43.15],[3.09,42.5],[2.46,42.37],[-1.43,43.08],[-1.69,43.41],[-1.03,45.5],[-1.25,46.28],[-2.01,46.61],[-2.58,47.47],[-4.42,47.8],[-4.89,48.32],[-4.6,48.72],[-3.46,48.92],[-1.6,48.65],[-2.03,49.78],[0.01,49.38],[0.22,49.85],[1.45,50.25],[1.66,51.05],[2.24,51.11],[2.36,50.58],[3.4,50.05],[4.74,50.11],[5.08,49.78],[4.88,48.65]],[[4.08,45.96],[4.41,46.02],[4.31,46.28],[4.08,45.96]]],[[[6.72,48.19],[6.47,48.32],[6.54,48.52],[6.72,48.19]]],[[[7.56,47.6],[6.98,47.53],[7.04,48.52],[6.45,48.85],[5.86,48.99],[6.78,49.18],[7.03,48.92],[6.62,48.85],[7.36,48.92],[7.71,48.39],[7.56,47.6]]],[[[6.04,48.79],[5.87,48.85],[5.95,48.92],[6.04,48.79]]],[[[5.7,48.99],[5.36,48.99],[5.35,49.32],[5.77,49.38],[5.7,48.99]]]]}},{"type":"Feature","properties":{"n":"Khoshut Khanate","f":1653,"t":1682,"w":"Q10921634"},"geometry":{"type":"Polygon","coordinates":[[[101.07,40.94],[100.97,40.23],[99.9,38.87],[100.23,38.35],[99.2,39.26],[97.91,39.0],[96.22,39.64],[92.59,39.26],[92.69,39.71],[92.28,40.03],[90.65,40.68],[90.18,42.89],[91.49,43.47],[94.54,43.28],[96.52,42.56],[96.59,42.04],[101.07,40.94]]]}},{"type":"Feature","properties":{"n":"Kingdom of Spain","f":1653,"t":1658,"w":"Q29"},"geometry":{"type":"MultiPolygon","coordinates":[[[[1.27,38.8],[1.18,39.06],[1.65,39.13],[1.27,38.8]]],[[[3.3,39.32],[2.35,39.45],[2.88,39.97],[3.52,39.77],[3.3,39.32]]],[[[-1.69,43.34],[1.58,42.43],[3.09,42.5],[3.12,41.91],[0.7,40.94],[-0.2,39.97],[-0.31,39.13],[0.1,38.74],[-0.66,38.29],[-0.7,37.64],[-1.71,37.45],[-2.06,36.8],[-4.47,36.74],[-5.66,36.03],[-6.43,37.0],[-7.39,37.25],[-7.5,37.71],[-6.99,38.09],[-7.27,38.67],[-6.99,39.0],[-7.44,39.64],[-6.9,39.77],[-6.93,41.0],[-6.27,41.65],[-6.7,41.98],[-8.93,41.91],[-8.66,42.37],[-9.3,43.15],[-8.24,43.73],[-1.69,43.34]]],[[[4.22,40.1],[4.3,39.84],[3.83,39.9],[4.22,40.1]]],[[[3.99,46.28],[4.31,46.28],[4.41,46.02],[3.99,46.28]]],[[[5.93,49.58],[5.35,49.32],[4.82,50.05],[5.9,50.38],[5.97,50.78],[6.59,49.98],[6.36,49.25],[5.85,49.32],[5.93,49.58]]],[[[2.36,50.58],[2.24,51.18],[5.37,51.25],[4.49,49.98],[3.4,50.05],[2.36,50.58]]],[[[15.94,41.39],[17.98,40.61],[18.35,39.9],[17.35,40.55],[16.62,40.29],[16.45,39.64],[17.14,39.06],[15.93,37.96],[15.39,38.16],[15.05,36.74],[12.49,37.71],[12.65,38.09],[14.6,38.03],[15.86,38.29],[16.27,38.74],[15.75,40.03],[13.79,41.13],[13.96,41.72],[13.01,42.04],[12.86,42.5],[13.99,42.95],[14.37,42.24],[16.11,41.78],[15.94,41.39]]],[[[9.59,39.13],[8.34,39.0],[8.15,40.94],[9.5,41.2],[9.82,40.36],[9.59,39.13]]],[[[11.18,42.56],[11.34,42.63],[11.34,42.43],[11.18,42.56]]],[[[10.13,42.89],[10.46,42.89],[10.46,42.69],[10.13,42.89]]],[[[10.86,43.08],[10.94,42.89],[10.7,42.95],[10.86,43.08]]],[[[9.32,45.17],[9.4,44.45],[8.34,45.1],[8.58,45.56],[7.92,45.96],[8.32,46.41],[8.9,45.89],[9.39,46.22],[9.31,45.69],[10.45,45.04],[9.32,45.17]]],[[[5.82,47.86],[6.89,47.93],[6.99,47.27],[5.95,46.35],[5.38,46.28],[5.82,47.86]]]]}},{"type":"Feature","properties":{"n":"(Holy Roman Empire)","f":1653,"t":1661,"w":"Q12548"},"geometry":{"type":"MultiPolygon","coordinates":[[[[8.03,44.06],[8.11,44.52],[8.59,44.71],[8.03,44.06]]],[[[8.75,44.91],[8.51,44.91],[8.59,45.04],[8.75,44.91]]],[[[6.83,47.14],[7.08,46.94],[6.51,46.87],[6.83,47.14]]],[[[6.99,47.47],[6.82,47.53],[6.98,47.66],[6.99,47.47]]],[[[7.55,47.93],[7.89,47.66],[7.56,47.53],[7.55,47.93]]],[[[7.2,48.99],[7.2,48.85],[7.03,48.85],[7.2,48.99]]],[[[8.46,53.94],[8.81,53.87],[8.72,53.66],[8.46,53.94]]],[[[9.24,44.91],[9.32,45.17],[10.45,45.04],[10.62,45.43],[11.35,44.84],[10.62,43.8],[9.24,44.91]]],[[[11.52,46.61],[12.09,46.68],[11.02,45.76],[10.45,45.89],[10.53,46.55],[11.52,46.61]]],[[[9.54,47.2],[9.63,47.14],[9.46,47.14],[9.54,47.2]]],[[[13.0,47.53],[13.18,48.06],[13.74,47.07],[12.18,47.07],[12.51,47.66],[13.0,47.53]]],[[[13.36,48.99],[14.1,48.65],[13.85,48.46],[13.27,48.59],[13.36,48.99]]],[[[12.8,50.65],[12.63,50.65],[12.55,50.91],[12.8,50.65]]],[[[7.95,48.52],[7.53,49.12],[6.69,49.18],[7.01,49.65],[6.35,49.58],[6.58,50.11],[6.07,50.25],[6.4,50.51],[6.07,50.45],[5.97,50.98],[5.71,51.05],[5.9,50.38],[4.65,50.11],[5.77,51.78],[6.88,51.45],[6.45,51.85],[6.95,52.25],[6.68,52.65],[7.18,53.33],[6.91,53.6],[8.38,53.66],[8.82,52.79],[9.5,53.12],[9.5,53.6],[11.14,54.07],[11.48,53.8],[11.4,54.14],[12.36,54.41],[13.12,53.66],[13.55,53.8],[13.2,53.33],[11.74,53.6],[11.13,53.26],[11.39,53.06],[10.79,52.99],[11.13,52.38],[12.33,52.79],[12.4,51.71],[11.63,51.25],[10.61,51.38],[10.19,51.11],[11.88,50.98],[12.05,51.31],[12.55,50.91],[11.79,50.85],[12.21,50.78],[12.12,50.18],[11.2,49.78],[11.28,49.12],[10.94,48.85],[10.03,49.12],[10.53,48.26],[10.12,48.06],[10.53,48.19],[10.69,47.73],[10.37,47.33],[9.04,47.73],[9.29,47.99],[8.22,47.66],[8.21,47.99],[8.21,48.26],[7.71,48.32],[7.95,48.52]],[[8.46,47.99],[8.38,48.13],[8.21,47.99],[8.46,47.99]],[[11.38,51.51],[11.46,51.65],[10.95,51.71],[10.87,51.45],[11.38,51.51]],[[10.2,48.46],[10.11,48.46],[10.11,48.32],[10.2,48.46]],[[9.95,48.46],[9.45,48.46],[9.45,48.19],[9.95,48.46]],[[9.54,47.86],[9.54,47.99],[9.37,47.93],[9.54,47.86]],[[9.37,48.26],[9.37,48.46],[9.2,48.32],[9.37,48.26]],[[8.71,48.19],[8.79,48.32],[8.54,48.32],[8.71,48.19]],[[9.04,48.19],[9.04,48.26],[8.87,48.32],[9.04,48.19]],[[8.91,52.12],[8.91,52.52],[8.14,52.59],[7.98,51.98],[8.91,52.12]],[[8.71,47.99],[8.63,47.99],[8.79,47.86],[8.71,47.99]],[[8.62,48.65],[8.53,48.59],[8.62,48.52],[8.62,48.65]],[[8.45,48.39],[8.21,48.39],[8.29,48.32],[8.45,48.39]],[[8.29,48.59],[8.37,48.46],[8.45,48.59],[8.29,48.59]],[[7.8,52.18],[7.71,52.52],[7.28,52.59],[7.8,52.18]],[[7.23,51.18],[7.64,51.51],[7.56,51.65],[7.05,51.58],[7.23,51.18]]]]}},{"type":"Feature","properties":{"n":"Dutch Republic","f":1653,"t":1658,"w":"Q170072"},"geometry":{"type":"MultiPolygon","coordinates":[[[[57.45,-19.96],[57.67,-20.03],[57.57,-20.54],[57.18,-20.35],[57.45,-19.96]]],[[[123.74,-9.36],[124.26,-9.49],[124.65,-8.91],[125.02,-9.04],[124.61,-10.06],[123.17,-10.39],[123.74,-9.36]]],[[[123.16,-8.65],[122.79,-8.59],[122.91,-8.26],[123.78,-8.2],[123.16,-8.65]]],[[[125.02,-8.2],[124.97,-8.46],[123.8,-8.46],[125.02,-8.2]]],[[[106.74,-6.4],[106.3,-6.4],[106.35,-5.95],[106.79,-6.08],[106.74,-6.4]]],[[[125.11,-1.71],[125.19,-1.9],[124.25,-2.03],[124.24,-1.64],[125.11,-1.71]]],[[[102.1,3.05],[102.67,2.73],[102.42,2.02],[101.71,2.41],[102.1,3.05]]],[[[80.01,12.63],[80.31,12.76],[80.21,12.44],[80.01,12.63]]],[[[80.38,13.46],[80.41,13.08],[80.2,13.14],[80.38,13.46]]],[[[120.01,23.11],[120.17,23.88],[120.96,25.04],[121.77,25.29],[122.01,25.04],[120.89,21.95],[120.01,23.11]]],[[[5.04,44.19],[4.8,44.12],[4.88,44.25],[5.04,44.19]]],[[[5.72,50.71],[5.71,51.05],[5.97,50.98],[5.72,50.71]]],[[[5.37,51.25],[3.41,51.45],[3.75,51.45],[3.4,51.65],[4.22,52.18],[4.69,53.19],[5.06,52.65],[5.54,53.39],[7.18,53.26],[6.68,52.65],[6.94,52.38],[6.7,51.92],[5.94,51.85],[5.37,51.25]]],[[[130.95,-8.33],[130.59,-8.39],[130.86,-8.14],[130.95,-8.33]]],[[[127.66,-8.26],[127.64,-8.07],[127.79,-8.07],[127.66,-8.26]]],[[[129.74,-7.81],[129.76,-8.07],[129.46,-8.01],[129.74,-7.81]]],[[[126.4,-8.01],[125.67,-8.01],[125.71,-7.69],[126.51,-7.56],[126.4,-8.01]]],[[[131.0,-8.07],[130.97,-7.69],[131.58,-7.11],[131.0,-8.07]]],[[[131.03,-7.56],[130.81,-7.56],[130.87,-7.36],[131.03,-7.56]]],[[[128.38,-7.24],[128.37,-7.11],[128.59,-7.04],[128.38,-7.24]]],[[[134.53,-5.44],[134.68,-6.59],[133.97,-6.91],[133.92,-6.14],[134.53,-5.44]]],[[[132.52,-5.95],[132.5,-5.69],[132.95,-5.76],[132.52,-5.95]]],[[[132.86,-5.5],[133.07,-5.44],[133.01,-5.56],[132.86,-5.5]]],[[[128.24,-3.51],[128.25,-3.7],[127.81,-3.83],[128.24,-3.51]]],[[[126.01,-2.48],[125.26,-1.77],[126.14,-1.77],[126.01,-2.48]]]]}},{"type":"Feature","properties":{"n":"Dutch Cape Coast","f":1653,"t":1669,"w":"Q221283"},"geometry":{"type":"MultiPolygon","coordinates":[[[[20.49,-34.49],[19.96,-34.82],[18.55,-34.11],[18.17,-34.36],[17.9,-33.14],[19.05,-33.21],[20.49,-34.49]]],[[[-2.52,5.11],[-2.3,5.11],[-2.31,4.85],[-2.52,5.11]]],[[[-1.57,5.3],[-1.21,5.36],[-1.21,5.11],[-1.8,4.85],[-1.57,5.3]]],[[[-0.4,5.81],[-0.26,5.81],[-0.19,5.49],[-0.4,5.81]]],[[[-17.09,14.94],[-16.62,13.91],[-16.77,13.91],[-17.09,14.94]]]]}},{"type":"Feature","properties":{"n":"Portuguese Colonies","f":1653,"t":1661,"w":"Q200464"},"geometry":{"type":"MultiPolygon","coordinates":[[[[76.23,9.93],[76.45,9.99],[76.56,9.41],[76.26,9.35],[76.23,9.93]]],[[[79.87,10.83],[79.86,10.73],[79.85,10.82],[79.87,10.83]]],[[[75.78,10.96],[75.59,11.34],[75.81,11.41],[75.78,10.96]]],[[[75.27,11.92],[75.07,12.24],[75.29,12.31],[75.27,11.92]]],[[[74.52,15.26],[74.55,14.81],[74.24,14.62],[73.86,15.33],[74.52,15.26]]],[[[72.87,19.31],[73.1,19.38],[72.91,18.99],[72.87,19.31]]],[[[73.18,20.09],[72.89,20.15],[73.12,20.21],[73.18,20.09]]],[[[124.26,-9.49],[123.81,-9.36],[123.94,-9.23],[124.38,-9.16],[124.26,-9.49]]],[[[125.02,-9.04],[124.71,-8.84],[125.2,-8.52],[127.23,-8.39],[125.0,-9.55],[125.02,-9.04]]],[[[122.28,-8.52],[122.82,-8.07],[122.93,-8.46],[122.28,-8.52]]],[[[81.69,7.29],[81.43,7.81],[81.65,7.87],[81.69,7.29]]],[[[80.36,7.04],[80.89,5.94],[80.23,5.88],[79.62,8.06],[80.05,9.16],[79.88,9.86],[81.06,8.96],[80.37,8.51],[80.36,7.04]]],[[[81.39,8.39],[81.09,8.32],[81.04,8.58],[81.39,8.39]]],[[[113.45,22.34],[113.69,22.4],[113.64,22.14],[113.45,22.34]]]]}},{"type":"Feature","properties":{"n":"Golden Horde","f":1653,"t":1658,"w":"Q79965"},"geometry":{"type":"MultiPolygon","coordinates":[[[[117.48,54.82],[121.15,53.39],[119.9,52.65],[120.53,52.59],[120.67,52.05],[119.65,51.11],[119.28,50.11],[117.83,49.52],[116.68,49.78],[115.42,47.99],[115.82,47.73],[118.48,47.99],[119.75,47.2],[119.68,46.61],[116.72,46.35],[115.88,45.56],[112.07,44.39],[111.89,43.67],[110.28,42.69],[106.86,42.3],[104.81,41.59],[101.56,42.56],[97.09,42.76],[97.21,41.85],[95.92,42.82],[92.94,43.47],[90.71,43.34],[90.18,42.89],[90.22,41.91],[86.75,42.56],[87.55,44.19],[90.69,45.69],[91.03,46.55],[90.17,47.8],[89.03,47.99],[88.06,48.52],[87.78,49.12],[86.52,49.58],[88.4,51.45],[91.52,53.6],[94.66,54.41],[97.81,52.99],[99.01,52.86],[100.16,53.39],[101.79,52.32],[104.83,51.45],[108.83,53.26],[109.64,54.27],[109.99,55.84],[117.48,54.82]]],[[[108.87,53.53],[108.52,53.53],[108.6,53.73],[109.02,53.94],[108.87,53.53]]]]}},{"type":"Feature","properties":{"n":"Đại Việt","f":1653,"t":1682,"w":"Q1317991"},"geometry":{"type":"MultiPolygon","coordinates":[[[[109.23,11.79],[108.89,11.28],[108.62,11.54],[108.68,12.05],[109.23,11.79]]],[[[105.31,22.59],[105.49,23.17],[106.71,22.91],[106.66,22.21],[105.31,22.59]]]]}},{"type":"Feature","properties":{"n":"Nguyễn lords","f":1653,"t":1658,"w":"Q2301908"},"geometry":{"type":"Polygon","coordinates":[[[109.51,12.95],[109.23,11.79],[107.57,12.63],[107.5,16.04],[106.69,16.49],[105.25,18.61],[105.86,18.74],[109.02,15.33],[109.51,12.95]]]}},{"type":"Feature","properties":{"n":"Haudenosaunee","f":1653,"t":1658,"w":"Q68518"},"geometry":{"type":"Polygon","coordinates":[[[-74.06,43.02],[-75.31,42.11],[-78.73,42.56],[-78.95,43.15],[-80.44,42.63],[-81.6,42.69],[-82.54,42.04],[-83.23,42.3],[-82.44,42.3],[-82.49,43.02],[-81.7,43.34],[-81.73,43.99],[-81.24,44.58],[-81.48,45.17],[-80.36,44.45],[-79.84,44.84],[-80.05,45.24],[-79.58,44.97],[-79.34,44.52],[-79.74,44.06],[-79.7,43.21],[-76.76,43.28],[-76.12,43.6],[-76.07,44.45],[-74.43,45.37],[-73.5,45.3],[-74.06,43.02]]]}},{"type":"Feature","properties":{"n":"Tsardom of Russia","f":1653,"t":1658,"w":"Q186096"},"geometry":{"type":"MultiPolygon","coordinates":[[[[41.2,50.71],[41.29,50.71],[41.27,50.65],[41.2,50.71]]],[[[118.9,73.73],[118.4,73.33],[120.56,73.0],[123.08,73.0],[123.21,73.57],[124.01,73.81],[128.08,73.57],[129.12,73.16],[128.74,72.92],[129.22,72.76],[128.74,72.53],[129.64,72.37],[128.31,71.97],[130.99,70.8],[132.46,71.97],[133.49,71.5],[139.7,71.58],[139.36,71.81],[139.8,72.21],[139.0,72.29],[141.34,72.92],[146.82,72.53],[145.13,71.74],[147.41,72.45],[149.62,72.29],[150.1,71.97],[148.95,71.74],[151.81,71.42],[152.49,70.88],[155.5,71.19],[159.39,70.95],[160.15,70.64],[159.78,69.87],[160.89,69.64],[166.9,69.56],[168.17,69.87],[168.45,69.26],[170.75,68.88],[168.43,67.15],[168.24,65.96],[168.72,65.44],[176.57,65.15],[176.19,64.93],[176.38,64.71],[177.59,64.86],[177.46,64.35],[178.45,64.42],[178.89,63.91],[178.58,63.62],[179.76,62.83],[179.0,62.33],[177.06,62.62],[175.79,62.19],[170.67,62.83],[163.99,62.69],[163.19,62.47],[163.47,62.47],[163.07,61.9],[163.42,61.83],[163.0,61.55],[162.27,61.62],[160.17,60.63],[160.23,61.05],[159.67,60.98],[160.28,61.9],[157.38,61.76],[154.25,59.85],[154.14,59.5],[154.96,59.64],[155.12,59.22],[153.4,59.22],[152.85,58.88],[151.23,58.88],[152.05,59.29],[149.7,59.78],[148.61,59.22],[145.8,59.16],[145.61,59.43],[142.45,59.22],[142.7,59.71],[139.32,59.85],[125.69,60.21],[121.47,59.92],[119.45,60.35],[119.11,61.34],[118.47,61.69],[116.88,61.76],[110.76,57.63],[107.64,56.18],[106.51,55.02],[106.45,54.07],[108.56,54.55],[108.39,54.34],[105.4,52.12],[103.8,51.78],[101.79,52.32],[100.16,53.39],[99.01,52.86],[97.81,52.99],[93.63,54.68],[86.66,53.26],[84.45,56.8],[70.99,56.8],[62.66,56.39],[61.92,55.91],[59.93,51.92],[57.96,51.65],[54.24,52.45],[52.58,52.32],[51.92,49.91],[52.11,46.94],[50.84,47.14],[47.57,45.76],[46.69,44.71],[47.34,43.99],[46.8,43.73],[46.19,44.25],[47.41,46.15],[47.25,46.55],[46.3,47.4],[43.77,48.32],[45.2,50.85],[45.2,51.51],[43.52,51.58],[41.37,50.71],[40.51,51.38],[39.66,51.38],[36.43,50.45],[35.43,51.38],[34.53,51.58],[34.1,51.05],[34.15,50.38],[33.65,50.38],[32.25,51.11],[33.09,51.58],[32.73,51.98],[32.96,52.32],[33.59,52.52],[33.69,53.06],[33.19,53.12],[33.42,53.46],[32.97,53.8],[33.0,54.41],[34.49,54.95],[34.81,56.05],[32.83,55.84],[33.12,56.39],[32.32,56.8],[30.26,56.18],[29.88,56.52],[29.14,56.32],[29.1,56.59],[28.29,56.52],[28.48,57.14],[27.72,56.87],[27.8,57.35],[27.3,57.56],[27.98,57.9],[27.94,58.25],[27.48,58.18],[27.94,59.29],[30.08,59.16],[30.86,59.43],[30.66,59.78],[31.1,60.21],[31.82,60.14],[32.09,60.56],[32.17,60.91],[31.6,61.26],[32.14,62.47],[30.05,63.7],[30.55,64.28],[29.81,64.86],[30.31,65.81],[29.05,66.77],[29.94,67.67],[28.42,68.42],[28.63,68.95],[30.96,69.87],[32.31,70.02],[33.44,69.33],[36.13,69.26],[41.0,67.74],[41.39,67.15],[41.04,66.7],[38.68,66.03],[32.55,67.07],[33.0,66.55],[34.87,65.88],[34.44,65.37],[34.98,64.49],[37.39,63.91],[37.88,63.99],[37.89,64.35],[36.79,64.49],[36.36,65.0],[37.21,65.3],[38.21,64.79],[40.19,64.71],[39.54,65.37],[40.4,65.96],[41.96,66.55],[43.97,66.18],[44.37,67.0],[43.6,67.3],[44.17,68.27],[43.45,68.73],[45.88,68.57],[46.66,67.82],[44.93,67.44],[45.81,66.92],[47.37,66.92],[47.78,67.67],[53.28,69.03],[54.04,68.95],[53.87,68.42],[53.3,68.27],[58.39,69.03],[59.09,69.03],[59.4,68.88],[59.24,68.42],[59.74,68.42],[60.7,68.88],[60.09,69.72],[58.34,70.18],[59.07,70.57],[60.54,69.79],[63.93,69.72],[68.49,68.27],[68.95,68.95],[66.6,69.64],[67.17,70.18],[67.19,70.8],[66.53,71.03],[68.11,71.66],[69.36,73.0],[72.98,72.69],[71.81,71.5],[72.89,71.03],[72.5,69.03],[73.63,68.65],[73.07,67.74],[71.52,66.62],[70.4,66.4],[72.1,66.33],[74.65,67.74],[74.2,68.35],[74.59,68.88],[76.47,69.11],[77.31,68.65],[77.25,68.05],[77.88,68.35],[77.59,68.88],[76.63,69.18],[73.66,69.11],[73.41,69.72],[74.22,70.64],[72.89,71.42],[74.87,72.21],[74.86,72.92],[75.77,72.53],[75.27,71.81],[75.4,71.34],[77.19,71.27],[75.85,71.89],[77.23,72.05],[76.71,72.29],[77.48,72.69],[82.52,71.81],[84.97,72.21],[104.91,72.76],[106.15,73.25],[110.4,73.65],[111.3,74.14],[111.89,73.73],[113.21,74.05],[113.6,73.81],[113.36,73.57],[118.9,73.73]]],[[[36.09,65.08],[35.5,65.0],[35.46,65.22],[36.09,65.08]]],[[[48.24,69.41],[48.61,69.56],[50.32,69.33],[49.7,68.88],[48.34,68.73],[48.24,69.41]]]]}},{"type":"Feature","properties":{"n":"Southern Ming","f":1653,"t":1658,"w":"Q1198163"},"geometry":{"type":"Polygon","coordinates":[[[101.81,21.18],[101.36,21.18],[101.16,21.76],[100.22,21.5],[99.94,22.08],[99.29,22.14],[99.57,22.98],[98.94,23.24],[98.88,24.14],[97.65,23.94],[97.87,25.16],[100.14,26.71],[103.24,25.81],[101.74,22.59],[101.81,21.18]]]}},{"type":"Feature","properties":{"n":"Khmer Empire","f":1653,"t":1690,"w":"Q201705"},"geometry":{"type":"MultiPolygon","coordinates":[[[[104.12,10.44],[104.09,10.06],[103.81,10.25],[104.12,10.44]]],[[[108.81,11.21],[107.34,10.38],[107.0,10.7],[106.6,9.54],[104.76,8.51],[105.03,9.99],[104.42,10.44],[103.55,10.51],[103.6,11.09],[103.06,10.83],[102.39,13.53],[103.61,14.49],[106.03,13.91],[106.17,14.43],[107.51,14.56],[107.57,12.63],[108.69,12.18],[108.81,11.21]]]]}},{"type":"Feature","properties":{"n":"First Toungoo Empire","f":1653,"t":1658,"w":"Q23039102"},"geometry":{"type":"Polygon","coordinates":[[[99.58,18.29],[98.64,18.41],[97.84,17.96],[98.93,16.36],[98.26,15.2],[98.54,14.49],[98.18,13.91],[97.62,16.49],[97.0,17.32],[96.83,16.61],[95.61,15.71],[94.24,15.97],[95.16,18.35],[94.45,20.6],[92.99,21.82],[93.4,24.01],[94.21,23.94],[95.16,26.58],[96.21,27.29],[97.16,27.16],[97.0,27.74],[97.48,28.51],[98.56,27.67],[98.84,26.58],[98.69,25.87],[97.65,24.78],[97.65,23.94],[98.88,24.14],[98.94,23.24],[99.57,22.98],[99.29,22.14],[99.94,22.08],[100.22,21.5],[101.16,21.76],[100.15,20.54],[100.6,20.09],[100.57,18.93],[99.58,18.29]]]}},{"type":"Feature","properties":{"n":"Mughal Empire","f":1653,"t":1658,"w":"Q33296"},"geometry":{"type":"Polygon","coordinates":[[[75.31,37.0],[75.96,36.55],[76.09,35.9],[78.87,34.49],[78.56,32.04],[79.45,31.01],[81.01,30.18],[80.35,29.6],[80.17,28.7],[83.08,27.42],[84.43,27.42],[85.27,26.71],[90.39,26.0],[90.4,25.23],[91.06,25.16],[91.5,24.2],[90.64,23.49],[90.86,22.01],[88.73,21.63],[88.64,22.08],[88.35,21.56],[88.1,21.95],[87.07,21.44],[86.84,20.28],[86.11,19.76],[85.37,19.83],[84.39,18.48],[83.99,18.86],[85.33,21.18],[86.12,23.69],[81.38,23.94],[80.66,21.89],[78.53,21.44],[78.74,20.09],[80.69,19.7],[80.36,18.8],[79.25,19.38],[76.43,19.38],[76.54,18.35],[75.78,18.16],[74.22,18.74],[72.93,18.48],[73.1,19.38],[72.8,19.31],[72.63,19.83],[72.9,20.92],[72.53,22.27],[72.11,21.89],[72.1,21.11],[70.72,20.66],[68.95,22.21],[70.37,22.91],[68.81,22.98],[68.16,23.81],[67.29,24.07],[67.21,24.71],[66.63,24.84],[66.23,25.81],[66.69,29.86],[65.99,30.18],[65.55,32.3],[66.23,33.71],[66.33,36.22],[68.62,36.1],[68.88,36.8],[68.51,37.19],[70.08,37.51],[70.71,38.42],[71.18,38.42],[71.57,37.84],[71.58,36.74],[73.66,37.51],[73.69,37.06],[75.31,37.0]],[[73.18,20.09],[73.19,20.21],[73.12,20.21],[73.18,20.09]]]}},{"type":"Feature","properties":{"n":"English Colonial Empire","f":1653,"t":1658,"w":"Q617219"},"geometry":{"type":"MultiPolygon","coordinates":[[[[-76.09,24.78],[-76.23,24.78],[-76.26,24.91],[-76.09,24.78]]],[[[-76.48,25.29],[-76.6,25.49],[-76.35,25.36],[-76.48,25.29]]],[[[-76.73,35.97],[-77.14,36.22],[-76.8,36.35],[-76.73,35.97]]],[[[-77.4,37.9],[-76.7,37.71],[-75.81,36.61],[-76.79,36.55],[-77.56,37.51],[-77.4,37.9]]],[[[-76.88,38.35],[-76.91,38.42],[-76.83,38.42],[-76.88,38.35]]],[[[-76.86,38.87],[-76.52,39.0],[-76.31,38.09],[-76.86,38.87]]],[[[-75.32,39.13],[-75.05,38.67],[-75.42,38.8],[-75.32,39.13]]],[[[-73.18,40.94],[-71.99,40.94],[-73.38,40.68],[-73.74,41.13],[-73.18,40.94]]],[[[-73.17,41.46],[-72.77,41.26],[-73.06,41.2],[-73.17,41.46]]],[[[-70.73,41.33],[-70.73,41.52],[-70.58,41.52],[-70.73,41.33]]],[[[-70.66,41.72],[-70.69,41.78],[-70.61,41.78],[-70.66,41.72]]],[[[-70.05,41.59],[-70.44,41.59],[-70.67,41.91],[-71.05,42.04],[-71.52,41.33],[-72.45,41.26],[-72.67,42.11],[-71.71,42.11],[-72.02,42.43],[-71.08,42.82],[-70.77,43.54],[-70.49,43.28],[-70.98,42.43],[-70.37,41.78],[-69.95,41.91],[-70.05,41.59]]],[[[-70.39,43.41],[-70.59,43.67],[-70.44,43.86],[-70.14,43.73],[-70.39,43.41]]],[[[-1.06,5.43],[-0.92,5.43],[-0.85,5.17],[-1.06,5.43]]],[[[-57.26,5.49],[-57.12,5.94],[-54.06,5.81],[-54.27,5.24],[-55.87,5.17],[-56.09,5.49],[-57.26,5.49]]],[[[-12.51,7.61],[-12.51,7.42],[-12.95,7.49],[-12.51,7.61]]],[[[80.11,12.95],[80.35,13.14],[80.31,12.76],[80.11,12.95]]],[[[-59.36,13.08],[-59.57,13.01],[-59.67,13.34],[-59.36,13.08]]],[[[-61.64,17.19],[-61.62,16.94],[-61.76,16.94],[-61.64,17.19]]],[[[-64.65,17.64],[-64.87,17.64],[-64.73,17.77],[-64.65,17.64]]],[[[-64.65,17.71],[-64.66,17.77],[-64.59,17.77],[-64.65,17.71]]],[[[-64.73,17.77],[-64.74,17.84],[-64.67,17.84],[-64.66,17.77],[-64.73,17.77]]],[[[-64.86,32.3],[-64.65,32.36],[-64.67,32.17],[-64.86,32.3]]],[[[-69.33,44.06],[-69.48,43.86],[-69.95,44.19],[-69.33,44.06]]],[[[-53.46,46.68],[-53.64,47.73],[-53.36,48.06],[-53.0,47.99],[-53.23,47.53],[-52.76,47.8],[-52.85,46.81],[-53.46,46.68]]]]}},{"type":"Feature","properties":{"n":"Habsburg Monarchy","f":1653,"t":1669,"w":"Q66504140"},"geometry":{"type":"MultiPolygon","coordinates":[[[[8.21,48.26],[8.06,47.33],[7.56,47.53],[7.89,47.66],[7.55,47.93],[7.71,48.32],[8.21,48.26]]],[[[9.29,47.99],[9.29,47.8],[8.88,47.73],[9.29,47.99]]],[[[8.71,47.93],[8.79,47.86],[8.63,47.86],[8.71,47.93]]],[[[8.21,47.99],[8.21,48.13],[8.38,48.13],[8.21,47.99]]],[[[8.79,48.32],[8.71,48.19],[8.54,48.32],[8.79,48.32]]],[[[8.87,48.19],[8.87,48.32],[9.04,48.26],[8.87,48.19]]],[[[8.21,48.39],[8.45,48.39],[8.29,48.32],[8.21,48.39]]],[[[8.29,48.59],[8.45,48.59],[8.37,48.46],[8.29,48.59]]],[[[7.79,48.52],[7.79,48.59],[7.95,48.59],[7.79,48.52]]],[[[8.53,48.59],[8.62,48.65],[8.7,48.52],[8.53,48.59]]],[[[9.54,47.99],[9.54,47.86],[9.37,47.93],[9.54,47.99]]],[[[10.36,47.99],[10.12,48.06],[10.2,48.26],[10.53,48.26],[10.36,47.99]]],[[[9.95,48.46],[10.03,48.26],[9.45,48.19],[9.95,48.46]]],[[[9.37,48.26],[9.2,48.26],[9.2,48.32],[9.37,48.26]]],[[[20.85,47.66],[19.21,47.93],[18.17,46.87],[17.26,46.74],[16.91,46.22],[17.3,45.69],[16.22,45.04],[15.82,45.24],[15.8,44.71],[15.23,44.45],[14.6,45.37],[14.03,45.04],[13.79,45.24],[14.12,45.5],[13.31,45.82],[13.56,46.55],[11.11,46.41],[9.54,47.2],[9.62,47.53],[12.51,47.66],[12.18,47.07],[13.74,47.07],[13.18,48.06],[14.1,48.65],[12.53,49.52],[12.12,50.25],[14.33,51.05],[15.0,50.91],[15.13,52.25],[15.81,52.25],[16.13,51.71],[17.32,51.71],[17.55,51.25],[18.71,50.85],[19.19,50.38],[18.88,49.45],[21.8,49.38],[22.44,49.05],[20.85,47.66]],[[20.29,49.25],[20.28,49.12],[20.45,49.18],[20.29,49.25]]],[[[10.11,48.32],[10.11,48.46],[10.28,48.39],[10.11,48.32]]]]}},{"type":"Feature","properties":{"n":"Qing Dynasty","f":1659,"t":1669,"w":"Q8733"},"geometry":{"type":"MultiPolygon","coordinates":[[[[108.76,18.41],[108.7,19.38],[109.25,19.96],[110.91,20.15],[111.03,19.57],[110.18,18.48],[108.76,18.41]]],[[[122.28,29.99],[121.98,29.99],[122.05,30.18],[122.28,29.99]]],[[[127.28,52.12],[127.87,51.92],[135.31,51.78],[138.16,51.92],[140.8,53.6],[141.46,53.33],[141.15,52.52],[141.56,52.25],[140.65,51.25],[140.25,48.59],[135.28,43.6],[133.27,42.69],[131.91,43.28],[130.77,42.43],[129.84,42.95],[129.7,42.5],[128.07,41.98],[128.34,41.65],[128.1,41.39],[126.83,41.78],[124.23,39.84],[122.94,39.64],[121.42,38.74],[121.03,38.74],[121.69,39.38],[121.21,39.51],[122.23,40.48],[121.82,40.87],[121.11,40.87],[118.99,39.19],[117.78,39.13],[117.77,38.35],[119.46,37.96],[119.16,37.19],[120.75,37.9],[122.71,37.45],[122.39,36.8],[120.98,36.61],[119.23,34.81],[120.34,34.36],[120.92,32.62],[121.96,31.98],[121.58,31.4],[121.9,30.82],[120.68,30.18],[121.48,30.31],[122.03,29.92],[121.94,29.22],[121.59,29.54],[121.65,28.32],[121.12,28.32],[119.59,26.13],[119.53,25.62],[119.87,25.49],[119.27,25.49],[118.76,24.59],[118.15,24.52],[116.54,22.91],[114.64,22.72],[114.37,22.08],[113.6,22.72],[113.07,21.89],[110.42,21.18],[110.57,20.34],[110.03,20.21],[109.81,21.5],[107.1,21.76],[106.66,22.21],[106.71,22.91],[105.44,23.3],[103.96,22.53],[101.72,22.46],[101.81,21.18],[101.36,21.18],[101.16,21.76],[100.22,21.5],[99.94,22.08],[99.29,22.14],[99.57,22.98],[98.94,23.24],[98.88,24.14],[97.65,23.94],[97.65,24.78],[98.67,25.81],[98.84,26.58],[98.74,27.48],[98.16,28.19],[98.87,28.32],[99.4,29.47],[99.61,28.25],[100.68,29.73],[101.87,33.52],[101.2,33.78],[101.69,34.1],[100.85,34.55],[102.03,34.61],[101.71,35.0],[102.92,36.35],[102.1,37.77],[101.7,37.58],[99.9,38.87],[100.97,40.23],[101.07,40.94],[97.21,41.85],[97.09,42.76],[101.56,42.56],[104.81,41.59],[106.86,42.3],[110.28,42.69],[111.89,43.67],[112.07,44.39],[115.88,45.56],[116.72,46.35],[119.94,46.87],[118.48,47.99],[117.31,47.73],[115.42,47.99],[116.68,49.78],[117.83,49.52],[119.28,50.11],[119.65,51.11],[120.67,52.05],[120.53,52.59],[119.9,52.65],[120.42,53.06],[122.04,53.53],[125.96,53.66],[127.28,52.12]]]]}},{"type":"Feature","properties":{"n":"Kingdom of France","f":1659,"t":1661,"w":"Q207162"},"geometry":{"type":"MultiPolygon","coordinates":[[[[5.85,49.38],[5.36,48.99],[5.09,49.52],[4.88,48.65],[5.87,48.85],[5.88,48.46],[5.38,48.52],[5.82,47.73],[5.38,46.28],[6.03,46.22],[5.48,45.56],[6.64,44.84],[6.81,44.32],[6.42,44.06],[6.91,43.54],[5.8,43.15],[3.85,43.6],[2.98,43.15],[3.09,42.5],[2.46,42.37],[-1.43,43.08],[-1.69,43.41],[-1.03,45.5],[-1.25,46.28],[-2.01,46.61],[-2.58,47.47],[-4.42,47.8],[-4.89,48.32],[-4.6,48.72],[-3.46,48.92],[-1.6,48.65],[-2.03,49.78],[0.01,49.38],[0.22,49.85],[1.45,50.25],[1.66,51.05],[3.97,50.38],[4.15,49.98],[4.82,50.05],[5.85,49.38]],[[4.31,46.28],[3.99,46.28],[4.08,45.96],[4.31,46.28]]],[[[6.54,48.52],[6.79,48.46],[6.72,48.19],[6.54,48.52]]],[[[7.56,47.6],[6.98,47.53],[7.04,48.52],[6.45,48.85],[5.86,48.99],[5.85,49.32],[6.27,49.45],[6.36,49.12],[7.03,49.05],[6.62,48.85],[7.36,48.92],[7.71,48.52],[7.56,47.6]]],[[[6.03,48.92],[6.04,48.79],[5.87,48.85],[6.03,48.92]]]]}},{"type":"Feature","properties":{"n":"New France","f":1659,"t":1661,"w":"Q170604"},"geometry":{"type":"MultiPolygon","coordinates":[[[[-64.66,17.77],[-64.65,17.71],[-64.73,17.71],[-64.66,17.77]]],[[[-64.88,17.71],[-64.89,17.84],[-64.74,17.84],[-64.88,17.71]]],[[[-62.95,18.29],[-62.93,18.09],[-63.08,18.16],[-62.95,18.29]]],[[[-65.69,44.58],[-65.77,44.78],[-65.51,44.91],[-65.28,44.58],[-65.69,44.58]]],[[[-66.18,45.3],[-66.35,45.5],[-66.0,45.63],[-66.18,45.3]]],[[[-74.2,45.24],[-74.48,45.63],[-73.52,46.61],[-71.58,47.14],[-70.59,46.81],[-73.61,46.15],[-74.2,45.24]]],[[[46.79,-24.79],[47.09,-24.79],[46.53,-25.24],[46.79,-24.79]]],[[[-61.71,12.24],[-61.57,12.24],[-61.55,11.99],[-61.71,12.24]]],[[[-60.82,14.04],[-60.8,13.72],[-60.94,13.66],[-60.82,14.04]]],[[[-60.81,14.75],[-60.78,14.43],[-61.08,14.49],[-60.81,14.75]]],[[[-16.24,15.78],[-16.6,15.65],[-16.47,16.16],[-16.24,15.78]]],[[[-61.77,16.29],[-61.35,16.49],[-61.17,16.23],[-61.74,15.97],[-61.77,16.29]]]]}},{"type":"Feature","properties":{"n":"Kazakh Khanate","f":1659,"t":1676,"w":"Q1433867"},"geometry":{"type":"MultiPolygon","coordinates":[[[[53.1,46.02],[53.18,46.02],[53.17,45.96],[53.1,46.02]]],[[[63.18,54.21],[67.41,53.06],[70.38,52.99],[73.34,53.26],[77.51,54.61],[76.57,53.19],[78.41,51.31],[84.0,50.85],[84.83,50.18],[83.77,49.58],[84.5,49.38],[84.19,48.92],[80.55,48.26],[79.28,46.87],[78.27,46.61],[74.6,46.87],[73.63,46.28],[73.33,45.5],[74.05,45.04],[74.34,43.67],[73.38,42.11],[72.31,42.24],[68.28,40.36],[62.18,43.15],[60.88,44.45],[61.58,44.91],[61.72,45.37],[61.34,45.43],[61.25,45.96],[61.64,46.94],[60.12,46.81],[59.31,46.02],[58.64,45.96],[57.96,44.45],[58.34,43.47],[57.33,43.02],[52.74,42.63],[51.44,43.21],[51.07,44.06],[50.26,44.39],[51.42,44.52],[51.02,44.84],[51.47,45.37],[54.3,44.97],[54.29,45.56],[53.06,45.56],[53.35,46.35],[53.11,47.01],[52.11,46.94],[51.92,49.91],[52.58,52.32],[54.24,52.45],[58.92,51.71],[59.93,51.92],[61.16,53.53],[63.18,54.21]]]]}},{"type":"Feature","properties":{"n":"New Netherland","f":1659,"t":1661,"w":"Q382593"},"geometry":{"type":"MultiPolygon","coordinates":[[[[-58.73,5.94],[-58.74,6.39],[-58.24,6.91],[-57.13,6.01],[-57.26,5.43],[-58.73,5.94]]],[[[-60.62,11.09],[-60.84,11.09],[-60.7,11.34],[-60.62,11.09]]],[[[-68.74,12.18],[-68.66,11.99],[-68.95,12.05],[-69.12,12.37],[-68.74,12.18]]],[[[-68.29,12.05],[-68.39,12.31],[-68.16,12.24],[-68.29,12.05]]],[[[-69.87,12.56],[-69.78,12.37],[-69.93,12.37],[-69.87,12.56]]],[[[-62.93,18.09],[-62.92,18.03],[-63.14,18.03],[-62.93,18.09]]],[[[-73.11,41.13],[-73.74,41.13],[-73.38,40.68],[-74.14,40.61],[-75.28,39.77],[-75.14,39.26],[-75.86,39.84],[-74.82,40.16],[-74.14,41.13],[-74.26,42.76],[-73.55,42.11],[-72.64,42.04],[-72.45,41.26],[-73.09,41.46],[-73.11,41.13]]]]}},{"type":"Feature","properties":{"n":"Swedish Empire","f":1659,"t":1661,"w":"Q215443"},"geometry":{"type":"MultiPolygon","coordinates":[[[[9.24,53.87],[9.5,53.12],[8.82,52.79],[8.46,53.6],[9.24,53.87]]],[[[11.48,53.94],[11.48,53.8],[11.22,53.8],[11.48,53.94]]],[[[14.77,54.07],[14.48,53.12],[13.9,53.73],[13.12,53.66],[12.44,54.48],[13.58,54.68],[13.74,54.27],[13.3,54.21],[14.17,54.07],[14.15,53.73],[14.77,54.07]]],[[[15.08,55.23],[15.07,55.02],[14.64,55.09],[15.08,55.23]]],[[[18.91,57.42],[18.08,56.94],[18.23,57.83],[19.05,57.97],[18.91,57.42]]],[[[30.86,59.43],[29.54,59.16],[28.84,59.29],[28.67,59.85],[29.94,59.85],[30.16,60.07],[28.99,60.14],[28.54,60.7],[23.03,59.85],[21.38,60.63],[21.5,61.69],[20.95,62.62],[21.5,63.34],[22.16,63.34],[24.56,64.93],[25.23,64.93],[25.23,65.52],[22.38,65.81],[22.44,65.52],[21.21,64.93],[21.54,64.42],[20.81,63.91],[17.39,62.47],[17.26,60.77],[18.61,60.42],[19.01,59.71],[18.35,59.43],[18.41,59.09],[16.66,58.46],[16.48,56.87],[17.13,57.42],[16.72,56.52],[14.77,56.18],[14.23,55.91],[14.3,55.36],[12.81,55.36],[12.91,55.77],[12.48,56.11],[12.75,56.66],[11.79,57.42],[11.1,59.02],[11.64,58.95],[11.83,59.85],[12.57,60.35],[12.31,60.98],[12.78,61.41],[12.14,61.76],[12.25,62.26],[11.42,62.69],[8.43,62.26],[7.59,62.4],[6.92,63.05],[7.95,63.05],[8.22,63.34],[7.75,63.48],[8.5,63.7],[9.26,63.41],[10.3,64.42],[11.35,64.49],[11.84,65.22],[14.34,65.22],[14.57,66.11],[16.38,67.07],[16.12,67.52],[18.05,68.12],[18.09,68.57],[19.96,68.42],[20.24,69.03],[21.07,69.26],[22.78,68.65],[24.86,68.57],[25.63,68.95],[26.21,69.87],[28.16,70.02],[29.27,69.56],[28.42,68.42],[29.94,67.67],[29.05,66.77],[30.31,65.81],[29.81,64.86],[30.55,64.28],[30.05,63.7],[31.5,62.98],[31.11,62.47],[30.18,62.47],[28.92,61.76],[29.83,61.19],[30.86,59.43]]],[[[26.63,56.66],[25.36,56.39],[23.47,56.8],[24.23,57.28],[24.27,58.25],[23.41,58.53],[23.41,59.29],[25.37,59.71],[27.52,59.5],[27.46,58.6],[26.71,58.39],[26.63,56.66]]],[[[22.25,58.67],[23.23,58.6],[22.08,57.9],[21.88,58.53],[22.25,58.67]]],[[[22.49,59.16],[22.9,58.81],[22.35,58.74],[22.49,59.16]]],[[[19.68,60.14],[19.72,60.49],[20.17,60.42],[19.68,60.14]]]]}},{"type":"Feature","properties":{"n":"Portuguese Empire","f":1659,"t":1661,"w":"Q200464"},"geometry":{"type":"MultiPolygon","coordinates":[[[[-49.51,-0.1],[-48.49,-0.23],[-48.93,-1.51],[-48.27,-0.74],[-47.4,-0.55],[-45.44,-1.64],[-44.93,-1.45],[-44.07,-2.54],[-43.19,-2.35],[-42.32,-2.8],[-39.63,-2.99],[-37.26,-4.86],[-35.59,-5.11],[-34.83,-7.17],[-35.41,-9.36],[-37.24,-11.09],[-38.13,-12.83],[-39.03,-13.28],[-39.28,-17.78],[-41.14,-22.15],[-41.91,-22.41],[-42.12,-22.99],[-44.74,-23.05],[-44.7,-23.37],[-45.48,-23.69],[-45.37,-24.02],[-46.09,-23.82],[-47.88,-24.98],[-48.82,-22.92],[-45.61,-22.86],[-43.38,-22.21],[-42.32,-21.25],[-41.15,-18.94],[-40.76,-17.01],[-40.02,-15.91],[-39.53,-11.67],[-38.46,-10.51],[-37.87,-8.46],[-39.32,-5.76],[-40.46,-4.79],[-42.42,-4.15],[-45.04,-3.89],[-46.47,-2.41],[-47.7,-1.84],[-49.31,-2.35],[-49.68,-2.86],[-49.82,-2.29],[-53.09,-1.71],[-53.15,-0.81],[-50.67,1.96],[-49.95,1.7],[-50.39,0.74],[-49.51,-0.1]]],[[[6.3,0.35],[6.67,0.41],[6.38,0.03],[6.3,0.35]]],[[[-15.92,12.18],[-16.58,12.18],[-16.81,12.63],[-16.08,12.76],[-15.92,12.18]]],[[[-24.36,14.75],[-24.45,15.07],[-24.23,15.07],[-24.36,14.75]]],[[[-23.78,14.94],[-23.73,15.33],[-23.42,15.14],[-23.78,14.94]]],[[[-23.28,15.26],[-23.06,15.33],[-22.99,15.2],[-23.28,15.26]]],[[[-22.58,16.16],[-22.65,15.97],[-22.94,15.97],[-22.58,16.16]]],[[[-24.08,16.68],[-24.08,16.55],[-24.37,16.49],[-24.08,16.68]]],[[[-22.83,16.68],[-22.98,16.68],[-22.98,16.81],[-22.83,16.68]]],[[[-25.27,16.87],[-25.29,17.19],[-24.99,17.26],[-24.97,16.74],[-25.27,16.87]]],[[[-8.44,32.88],[-8.73,32.62],[-9.05,32.88],[-8.7,33.2],[-8.44,32.88]]],[[[-6.0,35.39],[-5.88,35.77],[-5.72,35.77],[-6.0,35.39]]],[[[35.38,-23.82],[35.33,-24.27],[35.03,-24.21],[34.93,-23.82],[35.38,-23.82]]],[[[34.54,-19.58],[34.71,-20.16],[34.34,-20.16],[34.54,-19.58]]],[[[37.34,-17.65],[37.2,-17.78],[37.26,-17.39],[37.63,-17.59],[37.34,-17.65]]],[[[40.31,-14.69],[40.75,-14.69],[40.55,-15.34],[40.31,-14.69]]],[[[12.89,-12.64],[13.63,-12.44],[13.55,-12.83],[12.82,-13.02],[12.89,-12.64]]],[[[13.54,-9.1],[13.11,-9.49],[12.89,-8.91],[13.25,-8.46],[13.54,-9.1]]],[[[39.67,-7.69],[39.81,-7.69],[39.67,-8.01],[39.67,-7.69]]],[[[39.12,-5.76],[39.27,-5.76],[39.43,-6.53],[39.12,-5.76]]],[[[39.55,-5.11],[39.55,-4.92],[39.77,-4.99],[39.55,-5.44],[39.55,-5.11]]],[[[39.39,-3.76],[39.75,-3.7],[39.54,-4.34],[39.25,-4.21],[39.39,-3.76]]],[[[7.34,1.51],[7.19,1.51],[7.27,1.7],[7.34,1.51]]],[[[8.54,3.76],[8.83,3.82],[8.68,3.18],[8.31,3.24],[8.54,3.76]]]]}},{"type":"Feature","properties":{"n":"Bijapur Sultanate","f":1659,"t":1661,"w":"Q83821"},"geometry":{"type":"Polygon","coordinates":[[[74.76,12.95],[74.31,14.56],[74.52,15.26],[73.8,15.46],[73.25,16.61],[72.93,18.41],[73.17,18.61],[74.22,18.74],[76.13,18.03],[78.04,17.9],[77.79,16.36],[78.3,16.23],[78.72,15.39],[80.09,15.14],[80.31,13.53],[79.85,11.6],[77.58,12.11],[76.77,12.91],[76.04,12.44],[74.76,12.95]]]}},{"type":"Feature","properties":{"n":"Duchy of Lorraine","f":1659,"t":1669,"w":"Q155019"},"geometry":{"type":"MultiPolygon","coordinates":[[[[6.45,48.85],[7.04,48.52],[7.14,48.06],[5.82,47.86],[5.38,48.52],[6.45,48.85]],[[6.47,48.32],[6.72,48.19],[6.79,48.46],[6.47,48.32]]],[[[7.03,48.92],[7.03,48.85],[6.62,48.85],[7.03,48.92]]],[[[7.53,49.12],[7.53,48.99],[7.2,48.92],[6.95,49.05],[7.53,49.12]]],[[[4.87,48.99],[5.26,49.58],[5.36,48.99],[5.85,49.32],[6.03,48.92],[5.3,48.59],[4.87,48.99]]],[[[7.01,49.65],[7.1,49.38],[6.36,49.12],[6.27,49.45],[7.01,49.65]]],[[[5.93,49.58],[6.02,49.38],[5.85,49.32],[5.6,49.52],[5.93,49.58]]]]}},{"type":"Feature","properties":{"n":"Spanish Empire","f":1659,"t":1669,"w":"Q80702"},"geometry":{"type":"MultiPolygon","coordinates":[[[[-73.46,-42.24],[-73.65,-42.83],[-74.1,-42.76],[-73.46,-42.24]]],[[[-73.9,-40.17],[-73.37,-39.46],[-73.0,-39.72],[-73.9,-40.17]]],[[[-75.34,-10.77],[-75.27,-10.77],[-75.27,-10.84],[-75.34,-10.77]]],[[[-104.74,27.03],[-102.71,26.52],[-101.55,26.9],[-100.66,26.71],[-99.97,25.81],[-99.47,24.07],[-97.72,22.53],[-96.25,19.44],[-95.77,18.8],[-94.48,18.22],[-92.5,18.74],[-91.3,18.61],[-89.98,21.31],[-86.75,21.5],[-87.7,18.29],[-87.99,18.74],[-89.17,17.77],[-90.57,17.77],[-90.6,16.55],[-90.38,16.04],[-89.54,15.84],[-85.88,15.97],[-85.69,15.07],[-84.58,14.43],[-84.94,13.72],[-84.42,11.34],[-83.58,10.96],[-82.21,9.03],[-81.03,8.84],[-79.69,9.61],[-78.96,9.61],[-77.99,9.29],[-76.83,8.19],[-76.93,8.64],[-75.66,9.48],[-75.58,10.51],[-74.96,11.15],[-74.36,10.89],[-74.17,11.34],[-73.15,11.41],[-71.84,12.44],[-71.1,12.31],[-71.28,11.79],[-71.92,11.6],[-71.65,10.83],[-69.66,11.66],[-68.46,11.34],[-68.19,10.51],[-66.37,10.7],[-65.09,10.06],[-64.03,10.7],[-61.91,10.76],[-62.84,10.38],[-62.3,9.8],[-61.95,9.99],[-60.83,9.54],[-61.15,8.58],[-64.71,8.06],[-65.12,7.55],[-65.87,7.87],[-67.01,7.16],[-67.06,6.65],[-69.96,6.2],[-73.64,4.59],[-75.79,2.21],[-76.3,1.31],[-76.81,0.41],[-76.74,0.22],[-76.96,0.09],[-77.87,-3.25],[-77.85,-4.92],[-77.5,-6.85],[-76.34,-8.39],[-75.17,-11.35],[-73.87,-12.44],[-71.88,-13.15],[-70.67,-12.76],[-68.37,-13.28],[-65.67,-14.89],[-63.8,-15.34],[-62.59,-16.36],[-63.18,-20.61],[-64.19,-23.63],[-64.07,-24.79],[-63.27,-26.2],[-61.05,-26.78],[-59.61,-26.72],[-58.85,-26.27],[-57.5,-24.34],[-57.0,-24.47],[-58.43,-26.84],[-58.75,-30.32],[-58.27,-30.89],[-58.56,-32.76],[-58.25,-33.34],[-58.55,-34.49],[-60.29,-33.79],[-63.06,-34.62],[-64.35,-34.3],[-67.86,-34.43],[-70.36,-35.27],[-70.7,-36.3],[-71.2,-36.62],[-71.35,-37.91],[-73.34,-36.94],[-71.63,-32.69],[-71.94,-30.83],[-70.57,-25.17],[-70.53,-23.63],[-70.81,-23.5],[-70.27,-21.96],[-70.26,-19.84],[-70.44,-18.42],[-71.62,-17.33],[-75.22,-15.53],[-76.08,-14.69],[-76.46,-14.18],[-76.38,-13.41],[-77.8,-11.35],[-78.98,-8.46],[-79.98,-6.91],[-81.33,-6.14],[-81.01,-5.63],[-81.47,-4.41],[-80.05,-3.12],[-81.12,-2.29],[-81.03,-0.94],[-80.16,0.22],[-80.23,0.86],[-79.06,1.25],[-78.78,2.34],[-77.91,2.6],[-77.26,3.63],[-77.56,4.08],[-77.41,6.52],[-78.5,7.94],[-78.23,8.45],[-79.64,8.9],[-80.41,8.26],[-80.0,7.42],[-80.94,7.16],[-81.05,7.87],[-81.47,7.61],[-81.94,8.19],[-83.71,8.45],[-83.67,9.09],[-84.83,9.99],[-85.24,9.61],[-85.78,9.99],[-85.72,11.09],[-87.55,12.69],[-87.47,13.34],[-88.85,13.21],[-91.35,13.91],[-94.77,16.36],[-96.21,15.65],[-97.72,15.91],[-101.11,17.26],[-101.9,17.96],[-103.19,18.16],[-105.05,19.38],[-105.54,20.02],[-105.13,21.31],[-105.7,22.59],[-108.04,24.91],[-106.11,23.75],[-106.44,25.36],[-105.47,25.94],[-106.58,27.16],[-105.88,27.8],[-106.84,29.09],[-106.77,31.85],[-106.18,31.53],[-106.36,29.22],[-104.74,27.03]]],[[[-76.3,1.31],[-76.22,1.31],[-76.22,1.25],[-76.3,1.31]]],[[[-75.14,2.92],[-75.07,2.92],[-75.07,2.86],[-75.14,2.92]]],[[[-81.61,7.36],[-81.9,7.36],[-81.91,7.61],[-81.61,7.36]]],[[[-79.03,8.32],[-78.96,8.45],[-78.81,8.45],[-79.03,8.32]]],[[[-69.73,11.66],[-70.24,11.6],[-70.28,12.11],[-69.85,12.24],[-69.73,11.66]]],[[[-67.12,17.96],[-67.26,18.48],[-66.16,18.54],[-65.52,18.16],[-67.12,17.96]]],[[[-69.49,19.12],[-68.58,18.99],[-68.29,18.41],[-70.72,18.35],[-71.28,17.58],[-72.1,18.22],[-74.4,18.29],[-74.24,18.74],[-72.3,18.61],[-72.79,19.51],[-73.41,19.64],[-73.23,19.96],[-70.78,19.96],[-69.12,19.19],[-69.49,19.12]]],[[[-73.3,18.86],[-73.32,18.99],[-72.79,18.93],[-72.83,18.67],[-73.3,18.86]]],[[[-86.7,20.34],[-86.99,20.28],[-87.02,20.47],[-86.67,20.6],[-86.7,20.34]]],[[[-77.66,21.82],[-75.63,21.18],[-74.07,20.15],[-77.65,19.83],[-77.19,20.66],[-78.24,20.79],[-78.66,21.56],[-82.05,22.27],[-81.74,22.66],[-84.8,21.82],[-84.0,22.79],[-82.29,23.24],[-80.57,23.17],[-79.25,22.46],[-77.64,22.14],[-77.66,21.82]]],[[[-82.5,21.44],[-82.95,21.44],[-83.04,21.95],[-82.66,21.95],[-82.5,21.44]]],[[[-78.6,22.53],[-78.23,22.59],[-78.2,22.4],[-78.6,22.53]]],[[[-83.84,30.05],[-84.88,29.73],[-85.12,30.24],[-84.84,30.82],[-81.97,30.37],[-81.87,31.27],[-81.21,31.59],[-81.44,30.89],[-80.55,28.57],[-81.94,28.12],[-83.84,30.05]]],[[[-106.36,36.48],[-105.19,35.19],[-105.62,34.81],[-106.35,34.87],[-106.93,35.9],[-106.36,36.48]]],[[[-61.0,10.06],[-61.73,10.06],[-61.55,10.83],[-60.89,10.83],[-61.0,10.06]]],[[[120.0,10.51],[118.85,9.93],[118.73,10.19],[119.19,10.44],[119.34,11.15],[120.0,10.51]]],[[[-63.76,10.96],[-64.26,10.89],[-64.35,11.09],[-63.76,10.96]]],[[[119.85,11.79],[119.87,11.92],[120.09,11.92],[119.85,11.79]]],[[[119.84,12.31],[120.34,12.18],[120.32,11.99],[119.84,12.31]]],[[[120.74,13.59],[121.44,13.34],[121.29,12.18],[120.34,13.34],[120.74,13.59]]],[[[120.1,13.72],[120.12,13.85],[120.27,13.85],[120.1,13.72]]],[[[121.6,15.84],[121.67,14.43],[122.19,13.98],[122.76,14.36],[123.12,13.79],[123.24,14.11],[123.87,13.91],[123.61,13.59],[124.14,13.21],[124.12,12.5],[123.45,13.01],[123.06,12.82],[123.27,13.27],[122.69,13.85],[122.74,13.21],[121.82,13.91],[121.4,13.59],[120.62,13.79],[120.97,14.62],[120.35,14.43],[119.73,16.1],[120.01,16.42],[120.4,16.1],[120.61,18.54],[122.39,18.54],[122.22,17.64],[122.64,17.13],[122.26,16.23],[121.6,15.84]]],[[[-17.85,27.87],[-17.9,27.61],[-18.06,27.67],[-17.85,27.87]]],[[[-15.36,27.8],[-15.73,27.74],[-15.76,28.19],[-15.3,28.12],[-15.36,27.8]]],[[[-17.35,28.19],[-17.12,28.25],[-17.03,28.06],[-17.35,28.19]]],[[[-16.91,28.38],[-16.09,28.57],[-16.36,28.06],[-16.65,27.93],[-16.91,28.38]]],[[[-14.07,28.7],[-13.77,28.77],[-13.81,28.25],[-14.32,28.06],[-14.07,28.7]]],[[[-17.71,28.89],[-17.67,28.51],[-17.9,28.51],[-17.71,28.89]]],[[[-13.65,29.22],[-13.42,29.22],[-13.47,28.89],[-13.86,28.96],[-13.65,29.22]]],[[[-2.98,35.26],[-2.99,35.45],[-2.84,35.45],[-2.98,35.26]]],[[[-0.53,35.71],[-0.45,35.58],[-0.67,35.45],[-0.92,35.71],[-0.53,35.71]]],[[[-5.57,35.84],[-5.34,35.84],[-5.33,35.77],[-5.57,35.84]]],[[[126.2,6.39],[125.83,7.23],[125.52,7.04],[125.65,5.88],[125.33,5.49],[125.15,6.01],[124.7,5.81],[124.0,6.26],[124.09,7.42],[123.68,7.74],[122.76,7.23],[122.59,7.74],[122.23,6.97],[121.8,6.97],[122.1,8.0],[123.34,8.77],[124.09,8.19],[124.82,9.03],[125.48,9.03],[125.42,9.86],[126.24,9.29],[126.59,7.61],[126.2,6.39]]],[[[124.55,9.22],[124.77,9.29],[124.82,9.03],[124.55,9.22]]],[[[123.58,9.03],[123.44,9.09],[123.54,9.35],[123.58,9.03]]],[[[125.83,9.61],[125.92,9.74],[125.91,9.67],[125.83,9.61]]],[[[126.14,9.8],[126.06,9.67],[125.94,9.99],[126.14,9.8]]],[[[124.5,10.19],[124.62,9.93],[123.78,9.54],[123.74,9.86],[124.5,10.19]]],[[[122.81,10.12],[122.9,10.89],[123.56,10.96],[123.15,9.8],[123.22,9.03],[122.33,9.67],[122.81,10.12]]],[[[125.47,10.38],[125.7,10.44],[125.71,9.86],[125.47,10.38]]],[[[123.6,9.99],[123.48,9.48],[123.26,9.48],[124.11,11.28],[124.0,10.25],[123.6,9.99]]],[[[121.93,11.99],[123.12,11.54],[122.62,10.38],[121.9,10.44],[121.93,11.99]]],[[[125.24,10.25],[124.92,9.99],[124.25,11.21],[124.31,11.73],[124.71,11.34],[124.97,11.73],[124.27,12.56],[125.55,12.24],[125.77,11.02],[125.06,11.21],[125.24,10.25]]],[[[123.83,12.56],[124.09,11.73],[123.17,11.99],[123.83,12.56]]],[[[121.9,12.37],[122.13,12.44],[122.09,12.11],[121.9,12.37]]],[[[122.69,12.24],[122.41,12.37],[122.51,12.56],[122.69,12.24]]],[[[121.99,12.5],[122.02,12.69],[122.24,12.69],[121.99,12.5]]],[[[122.2,13.53],[122.16,13.21],[121.86,13.21],[121.75,13.46],[122.2,13.53]]],[[[124.11,13.53],[124.12,14.11],[124.47,13.98],[124.11,13.53]]],[[[122.13,15.01],[122.07,14.62],[121.86,14.69],[122.13,15.01]]]]}},{"type":"Feature","properties":{"n":"Commonwealth of England","f":1659,"t":1661,"w":"Q330362"},"geometry":{"type":"MultiPolygon","coordinates":[[[[-6.09,52.86],[-6.43,52.18],[-9.64,51.45],[-10.45,51.78],[-10.25,52.12],[-10.53,52.25],[-9.94,52.32],[-9.38,53.12],[-10.21,53.46],[-9.83,53.8],[-10.08,54.27],[-8.7,54.27],[-8.32,54.61],[-8.87,54.82],[-8.41,55.23],[-6.15,55.29],[-5.43,54.48],[-6.33,54.07],[-6.09,52.86]]],[[[-4.86,54.07],[-4.81,54.34],[-4.36,54.21],[-4.86,54.07]]],[[[-2.67,56.25],[-3.26,56.05],[-1.73,55.7],[-1.29,54.68],[-0.2,54.21],[0.3,53.39],[0.17,52.86],[1.62,52.86],[1.59,52.12],[0.52,51.51],[1.38,51.38],[1.31,51.11],[0.49,50.78],[-1.37,50.85],[-1.18,50.58],[-3.13,50.71],[-3.58,50.25],[-5.75,50.05],[-4.2,51.31],[-3.09,51.25],[-2.95,51.45],[-5.08,51.58],[-5.3,51.98],[-4.16,52.45],[-4.3,52.92],[-4.79,52.79],[-4.49,53.12],[-4.7,53.46],[-3.32,53.39],[-2.97,54.14],[-3.59,54.27],[-3.57,54.89],[-5.21,54.75],[-4.77,55.43],[-5.0,55.84],[-5.44,55.91],[-5.12,55.43],[-5.57,55.57],[-5.63,55.29],[-5.89,55.29],[-5.8,55.98],[-6.63,55.63],[-5.66,56.18],[-6.29,56.32],[-5.95,57.01],[-6.82,57.49],[-6.32,57.77],[-5.7,57.14],[-5.89,57.83],[-5.2,58.67],[-3.14,58.74],[-3.43,58.18],[-4.12,57.97],[-3.99,57.7],[-1.85,57.7],[-2.67,56.25]]],[[[-7.25,57.42],[-7.29,57.08],[-7.47,57.08],[-7.6,57.35],[-7.25,57.42]]],[[[-7.12,57.7],[-7.11,57.63],[-7.44,57.49],[-7.12,57.7]]],[[[-6.21,58.18],[-7.13,57.77],[-7.28,58.18],[-6.26,58.53],[-6.21,58.18]]],[[[-3.2,59.22],[-2.79,58.88],[-3.33,58.88],[-3.2,59.22]]],[[[-2.56,59.22],[-2.83,59.16],[-2.84,59.29],[-2.56,59.22]]],[[[-1.16,60.56],[-1.2,60.07],[-1.67,60.21],[-1.63,60.63],[-0.81,60.63],[-1.16,60.56]]]]}},{"type":"Feature","properties":{"n":"Lan Xang","f":1659,"t":1705,"w":"Q853477"},"geometry":{"type":"Polygon","coordinates":[[[107.5,16.04],[107.3,15.65],[107.69,15.33],[107.51,14.56],[106.17,14.43],[106.03,13.91],[104.92,14.43],[103.81,14.36],[103.29,14.81],[103.23,16.55],[101.87,16.81],[101.02,17.51],[101.4,19.06],[101.18,19.57],[100.46,19.7],[100.6,20.09],[100.15,20.54],[101.18,21.44],[101.81,21.18],[101.72,22.46],[103.77,22.72],[104.73,21.37],[104.5,20.41],[104.98,20.15],[103.96,19.31],[105.12,18.74],[106.69,16.49],[107.5,16.04]]]}},{"type":"Feature","properties":{"n":"(Kingdom of England)","f":1659,"t":1661,"w":"Q179876"},"geometry":{"type":"MultiPolygon","coordinates":[[[[-77.74,17.84],[-78.39,18.29],[-77.01,18.48],[-76.12,17.9],[-77.74,17.84]]],[[[-76.73,35.97],[-77.14,36.22],[-76.8,36.35],[-76.73,35.97]]],[[[-76.7,37.71],[-75.81,36.61],[-76.79,36.55],[-77.64,37.71],[-76.7,37.71]]],[[[-76.8,38.35],[-76.88,38.35],[-76.91,38.42],[-76.8,38.35]]],[[[-76.86,38.87],[-76.52,39.0],[-76.31,38.09],[-76.86,38.87]]],[[[-75.32,39.13],[-75.05,38.67],[-75.42,38.8],[-75.32,39.13]]],[[[-71.99,41.13],[-71.99,40.94],[-73.38,40.68],[-73.74,41.13],[-71.99,41.13]]],[[[-73.17,41.46],[-72.77,41.26],[-73.06,41.2],[-73.17,41.46]]],[[[-70.73,41.33],[-70.73,41.52],[-70.58,41.52],[-70.73,41.33]]],[[[-70.58,41.72],[-70.66,41.72],[-70.69,41.78],[-70.58,41.72]]],[[[-70.05,41.59],[-70.44,41.59],[-70.67,41.91],[-71.02,41.98],[-71.52,41.33],[-72.45,41.26],[-72.67,42.11],[-71.71,42.11],[-71.98,42.69],[-71.08,42.82],[-70.77,43.54],[-70.49,43.28],[-70.98,42.43],[-70.37,41.78],[-69.95,41.91],[-70.05,41.59]]],[[[-70.39,43.41],[-70.59,43.67],[-70.44,43.86],[-70.14,43.73],[-70.39,43.41]]],[[[-69.66,44.25],[-69.33,44.06],[-69.72,43.86],[-69.66,44.25]]],[[[-0.92,5.43],[-0.85,5.17],[-1.06,5.17],[-0.92,5.43]]],[[[-57.26,5.49],[-57.12,5.94],[-54.06,5.81],[-54.27,5.24],[-55.87,5.17],[-56.09,5.49],[-57.26,5.49]]],[[[-12.87,7.68],[-12.51,7.61],[-12.51,7.42],[-12.87,7.68]]],[[[80.11,12.95],[80.35,13.14],[80.31,12.76],[80.11,12.95]]],[[[-59.36,13.08],[-59.57,13.01],[-59.67,13.34],[-59.36,13.08]]],[[[-61.87,17.19],[-61.64,17.19],[-61.62,16.94],[-61.87,17.19]]],[[[-64.65,17.64],[-64.87,17.64],[-64.73,17.77],[-64.65,17.64]]],[[[-64.65,17.71],[-64.66,17.77],[-64.59,17.77],[-64.65,17.71]]],[[[-64.73,17.77],[-64.74,17.84],[-64.67,17.84],[-64.66,17.77],[-64.73,17.77]]],[[[-64.86,32.3],[-64.65,32.36],[-64.67,32.17],[-64.86,32.3]]],[[[-53.46,46.68],[-53.64,47.73],[-53.36,48.06],[-53.0,47.99],[-53.23,47.53],[-52.76,47.8],[-52.85,46.81],[-53.46,46.68]]]]}},{"type":"Feature","properties":{"n":"Oirat Confederation","f":1659,"t":1669,"w":"Q4332415"},"geometry":{"type":"Polygon","coordinates":[[[80.29,42.43],[74.4,38.67],[73.67,38.61],[73.69,39.45],[73.4,39.51],[73.85,40.68],[73.38,42.11],[74.33,43.41],[74.0,44.91],[74.32,45.96],[75.53,46.55],[78.97,46.35],[80.55,48.26],[83.84,48.72],[85.22,49.65],[87.78,49.12],[88.64,48.19],[90.17,47.8],[91.03,46.55],[90.69,45.69],[87.55,44.19],[86.75,42.56],[80.29,42.43]]]}},{"type":"Feature","properties":{"n":"(Portuguese Empire)","f":1659,"t":1661,"w":"Q200464"},"geometry":{"type":"MultiPolygon","coordinates":[[[[-48.49,-0.23],[-48.93,-1.51],[-48.27,-0.74],[-47.4,-0.55],[-45.44,-1.64],[-44.93,-1.45],[-44.07,-2.54],[-43.19,-2.35],[-42.32,-2.8],[-39.63,-2.99],[-37.26,-4.86],[-35.59,-5.11],[-34.83,-7.17],[-35.41,-9.36],[-37.24,-11.09],[-38.13,-12.83],[-39.03,-13.28],[-39.28,-17.78],[-41.14,-22.15],[-41.91,-22.41],[-42.12,-22.99],[-44.74,-23.05],[-44.7,-23.37],[-45.48,-23.69],[-45.37,-24.02],[-46.09,-23.82],[-47.88,-24.98],[-48.82,-22.92],[-45.61,-22.86],[-43.38,-22.21],[-42.32,-21.25],[-41.15,-18.94],[-40.76,-17.01],[-40.02,-15.91],[-39.53,-11.67],[-38.46,-10.51],[-37.87,-8.46],[-39.32,-5.76],[-40.46,-4.79],[-42.42,-4.15],[-45.04,-3.89],[-46.47,-2.41],[-47.7,-1.84],[-49.31,-2.35],[-49.68,-2.86],[-49.82,-2.29],[-52.36,-1.96],[-53.23,-1.45],[-53.15,-0.81],[-50.67,1.96],[-49.95,1.7],[-50.39,0.74],[-48.49,-0.23]]],[[[-15.92,12.18],[-16.58,12.18],[-16.81,12.63],[-16.08,12.76],[-15.92,12.18]]],[[[-24.45,15.07],[-24.23,15.07],[-24.29,14.75],[-24.45,15.07]]],[[[-23.73,15.33],[-23.58,15.33],[-23.41,14.88],[-23.78,14.94],[-23.73,15.33]]],[[[-23.28,15.26],[-23.06,15.33],[-22.99,15.2],[-23.28,15.26]]],[[[-22.65,15.97],[-22.94,15.97],[-22.88,16.23],[-22.65,15.97]]],[[[-24.08,16.68],[-24.08,16.55],[-24.37,16.49],[-24.08,16.68]]],[[[-22.83,16.68],[-22.98,16.68],[-22.98,16.81],[-22.83,16.68]]],[[[-25.29,17.19],[-24.99,17.26],[-24.82,16.74],[-25.29,17.19]]],[[[-16.79,32.88],[-16.69,32.69],[-17.07,32.62],[-16.79,32.88]]],[[[-25.7,37.71],[-25.9,37.96],[-25.11,37.9],[-25.7,37.71]]],[[[-28.19,38.55],[-28.08,38.35],[-28.81,38.48],[-28.19,38.55]]],[[[-28.04,38.55],[-28.15,38.74],[-27.89,38.61],[-28.04,38.55]]],[[[-27.36,38.67],[-27.39,38.87],[-27.08,38.87],[-27.36,38.67]]],[[[35.03,-24.21],[34.93,-23.82],[35.38,-23.82],[35.03,-24.21]]],[[[34.54,-19.58],[34.71,-20.16],[34.34,-20.16],[34.54,-19.58]]],[[[37.26,-17.39],[37.7,-17.46],[37.63,-17.59],[37.26,-17.39]]],[[[13.48,-12.31],[13.63,-12.44],[13.55,-12.83],[12.82,-13.02],[13.48,-12.31]]],[[[13.54,-9.1],[13.11,-9.49],[12.89,-8.91],[13.25,-8.46],[13.54,-9.1]]],[[[39.49,-6.14],[39.43,-6.53],[39.06,-6.21],[39.12,-5.76],[39.49,-6.14]]],[[[39.77,-4.99],[39.7,-5.44],[39.55,-5.44],[39.77,-4.99]]],[[[39.39,-3.76],[39.75,-3.7],[39.54,-4.34],[39.39,-3.76]]],[[[6.3,0.35],[6.67,0.41],[6.38,0.03],[6.3,0.35]]],[[[7.34,1.51],[7.19,1.51],[7.27,1.7],[7.34,1.51]]],[[[8.9,3.63],[8.68,3.18],[8.31,3.24],[8.54,3.76],[8.9,3.63]]],[[[-8.73,32.62],[-9.05,32.81],[-8.7,33.2],[-8.45,32.94],[-8.73,32.62]]],[[[-6.0,35.39],[-5.88,35.77],[-5.72,35.77],[-6.0,35.39]]],[[[-9.0,37.0],[-8.82,38.48],[-9.21,38.42],[-9.57,38.93],[-8.73,40.74],[-8.93,41.91],[-6.7,41.98],[-6.25,41.46],[-6.93,41.0],[-6.9,39.77],[-7.44,39.64],[-6.99,39.0],[-7.27,38.67],[-6.99,38.09],[-7.68,37.0],[-9.0,37.0]]],[[[40.75,-14.69],[40.55,-15.34],[40.17,-14.95],[40.75,-14.69]]],[[[123.94,-9.23],[124.38,-9.16],[124.26,-9.49],[123.94,-9.23]]],[[[124.71,-8.84],[125.2,-8.52],[127.23,-8.39],[124.92,-9.55],[124.71,-8.84]]],[[[122.61,-8.07],[122.82,-8.07],[122.93,-8.46],[122.29,-8.65],[122.61,-8.07]]],[[[39.82,-7.88],[39.53,-8.01],[39.52,-7.81],[39.82,-7.88]]],[[[81.91,7.29],[81.72,6.46],[80.97,6.01],[80.32,6.2],[79.62,8.06],[79.99,9.35],[80.72,9.41],[81.09,8.32],[81.65,7.94],[81.42,7.61],[81.91,7.29]]],[[[76.56,9.41],[76.26,9.35],[76.21,9.67],[76.56,9.41]]],[[[79.86,10.73],[79.85,10.83],[79.87,10.83],[79.86,10.73]]],[[[75.78,10.96],[75.59,11.34],[75.81,11.41],[75.78,10.96]]],[[[75.29,12.31],[75.41,11.92],[75.27,11.92],[75.29,12.31]]],[[[74.52,15.26],[74.55,14.81],[74.24,14.62],[73.8,15.39],[74.52,15.26]]],[[[73.1,19.38],[72.91,18.99],[72.84,18.99],[73.1,19.38]]],[[[73.12,20.21],[73.19,20.21],[73.18,20.09],[73.12,20.21]]],[[[113.45,22.34],[113.69,22.4],[113.64,22.14],[113.45,22.34]]]]}},{"type":"Feature","properties":{"n":"Qasimids","f":1659,"t":1682,"w":"Q5261548"},"geometry":{"type":"Polygon","coordinates":[[[47.37,16.29],[51.67,16.68],[52.38,16.29],[52.26,15.59],[49.41,14.69],[48.79,14.04],[43.8,12.63],[43.68,13.27],[43.25,13.4],[42.71,15.78],[43.51,18.29],[44.6,19.25],[47.37,16.29]]]}},{"type":"Feature","properties":{"n":"Trịnh lords","f":1659,"t":1676,"w":"Q2267508"},"geometry":{"type":"Polygon","coordinates":[[[106.88,20.86],[105.85,19.57],[105.73,18.86],[106.55,17.96],[105.53,18.03],[105.12,18.74],[103.96,19.31],[104.98,20.15],[104.5,20.41],[104.73,21.37],[104.07,22.27],[104.15,22.79],[105.44,23.3],[105.57,22.34],[108.1,21.5],[106.88,20.86]]]}},{"type":"Feature","properties":{"n":"Golconda Sultanate","f":1659,"t":1669,"w":"Q1148042"},"geometry":{"type":"Polygon","coordinates":[[[82.45,17.13],[82.22,16.42],[80.46,15.78],[80.09,15.14],[78.72,15.39],[78.3,16.23],[77.79,16.36],[78.02,18.41],[78.49,18.61],[81.74,19.19],[83.28,19.06],[84.38,18.41],[82.45,17.13]]]}},{"type":"Feature","properties":{"n":"English Colonial Empire","f":1659,"t":1661,"w":"Q617219"},"geometry":{"type":"MultiPolygon","coordinates":[[[[-77.74,17.84],[-78.39,18.29],[-77.01,18.48],[-76.12,17.9],[-77.74,17.84]]],[[[-76.73,35.97],[-77.14,36.22],[-76.8,36.35],[-76.73,35.97]]],[[[-76.7,37.71],[-75.81,36.61],[-76.79,36.55],[-77.64,37.71],[-76.7,37.71]]],[[[-76.8,38.35],[-76.88,38.35],[-76.91,38.42],[-76.8,38.35]]],[[[-76.86,38.87],[-76.52,39.0],[-76.31,38.09],[-76.86,38.87]]],[[[-75.32,39.13],[-75.05,38.67],[-75.42,38.8],[-75.32,39.13]]],[[[-71.99,41.13],[-71.99,40.94],[-73.38,40.68],[-73.74,41.13],[-71.99,41.13]]],[[[-73.17,41.46],[-72.77,41.26],[-73.06,41.2],[-73.17,41.46]]],[[[-70.73,41.33],[-70.73,41.52],[-70.58,41.52],[-70.73,41.33]]],[[[-70.58,41.72],[-70.66,41.72],[-70.69,41.78],[-70.58,41.72]]],[[[-70.05,41.59],[-70.44,41.59],[-70.67,41.91],[-71.02,41.98],[-71.52,41.33],[-72.45,41.26],[-72.67,42.11],[-71.71,42.11],[-71.98,42.69],[-71.08,42.82],[-70.77,43.54],[-70.49,43.28],[-70.98,42.43],[-70.37,41.78],[-69.95,41.91],[-70.05,41.59]]],[[[-70.39,43.41],[-70.59,43.67],[-70.44,43.86],[-70.14,43.73],[-70.39,43.41]]],[[[-69.66,44.25],[-69.33,44.06],[-69.72,43.86],[-69.66,44.25]]],[[[-0.92,5.43],[-0.85,5.17],[-1.06,5.17],[-0.92,5.43]]],[[[-57.26,5.49],[-57.12,5.94],[-54.06,5.81],[-54.27,5.24],[-55.87,5.17],[-56.09,5.49],[-57.26,5.49]]],[[[-12.87,7.68],[-12.51,7.61],[-12.51,7.42],[-12.87,7.68]]],[[[80.11,12.95],[80.35,13.14],[80.31,12.76],[80.11,12.95]]],[[[-59.36,13.08],[-59.57,13.01],[-59.67,13.34],[-59.36,13.08]]],[[[-61.87,17.19],[-61.64,17.19],[-61.62,16.94],[-61.87,17.19]]],[[[-64.65,17.64],[-64.87,17.64],[-64.73,17.77],[-64.65,17.64]]],[[[-64.65,17.71],[-64.66,17.77],[-64.59,17.77],[-64.65,17.71]]],[[[-64.73,17.77],[-64.74,17.84],[-64.67,17.84],[-64.66,17.77],[-64.73,17.77]]],[[[-64.86,32.3],[-64.65,32.36],[-64.67,32.17],[-64.86,32.3]]],[[[-53.46,46.68],[-53.64,47.73],[-53.36,48.06],[-53.0,47.99],[-53.23,47.53],[-52.76,47.8],[-52.85,46.81],[-53.46,46.68]]]]}},{"type":"Feature","properties":{"n":"First Toungoo Empire","f":1659,"t":1661,"w":"Q23039102"},"geometry":{"type":"Polygon","coordinates":[[[99.58,18.29],[98.64,18.41],[97.84,17.96],[98.93,16.36],[98.26,15.2],[98.54,14.49],[98.18,13.91],[97.62,16.49],[97.0,17.32],[96.83,16.61],[95.61,15.71],[94.24,15.97],[95.16,18.35],[94.45,20.6],[92.99,21.82],[93.4,24.01],[94.21,23.94],[95.16,26.58],[96.21,27.29],[97.16,27.16],[97.0,27.74],[97.48,28.51],[98.74,27.48],[98.84,26.58],[98.67,25.81],[97.65,24.78],[97.65,23.94],[98.88,24.14],[98.94,23.24],[99.57,22.98],[99.29,22.14],[99.94,22.08],[100.22,21.5],[101.16,21.76],[100.15,20.54],[100.6,20.09],[100.57,18.93],[99.58,18.29]]]}},{"type":"Feature","properties":{"n":"Mughal Empire","f":1659,"t":1661,"w":"Q33296"},"geometry":{"type":"Polygon","coordinates":[[[75.31,37.0],[75.96,36.55],[76.09,35.9],[78.87,34.49],[78.56,32.04],[79.45,31.01],[81.01,30.18],[80.35,29.6],[80.17,28.7],[83.08,27.42],[84.43,27.42],[85.27,26.71],[90.39,26.0],[90.4,25.23],[91.06,25.16],[91.5,24.2],[90.64,23.49],[90.86,22.01],[88.73,21.63],[88.64,22.08],[88.35,21.56],[88.1,21.95],[87.07,21.44],[86.84,20.28],[86.11,19.76],[85.37,19.83],[84.39,18.48],[83.28,19.06],[81.74,19.19],[78.49,18.61],[78.02,18.41],[78.04,17.9],[76.13,18.03],[74.22,18.74],[72.93,18.48],[73.1,19.38],[72.8,19.31],[72.63,19.83],[72.9,20.92],[72.53,22.27],[72.11,21.89],[72.1,21.11],[70.72,20.66],[68.95,22.21],[70.37,22.91],[68.81,22.98],[68.16,23.81],[67.29,24.07],[67.21,24.71],[66.63,24.84],[66.23,25.81],[66.69,29.86],[65.99,30.18],[65.55,32.3],[66.23,33.71],[66.33,36.22],[68.62,36.1],[68.88,36.8],[68.51,37.19],[70.08,37.51],[70.71,38.42],[71.18,38.42],[71.57,37.84],[71.58,36.74],[73.66,37.51],[73.69,37.06],[75.31,37.0]],[[88.46,22.91],[88.37,22.79],[88.6,22.85],[88.46,22.91]],[[73.18,20.09],[73.19,20.21],[73.12,20.21],[73.18,20.09]]]}},{"type":"Feature","properties":{"n":"Brandenburg-Prussia","f":1659,"t":1672,"w":"Q157367"},"geometry":{"type":"MultiPolygon","coordinates":[[[[7.05,51.58],[7.56,51.65],[7.48,51.18],[7.05,51.58]]],[[[6.88,51.65],[6.88,51.45],[5.94,51.78],[6.88,51.65]]],[[[13.93,52.05],[13.93,52.12],[14.19,52.12],[13.93,52.05]]],[[[7.98,51.98],[8.14,52.59],[8.91,52.52],[8.91,52.12],[7.98,51.98]]],[[[7.71,52.52],[7.8,52.18],[7.55,52.12],[7.29,52.38],[7.71,52.52]]],[[[16.1,52.86],[15.49,52.65],[15.65,52.32],[14.69,51.92],[13.94,52.32],[12.4,52.18],[12.33,52.79],[11.13,52.38],[10.79,52.99],[11.39,53.06],[11.13,53.26],[11.74,53.6],[13.2,53.33],[13.9,53.73],[14.48,53.12],[15.04,54.21],[18.02,54.89],[17.17,53.66],[16.4,53.8],[16.1,52.86]]],[[[22.42,53.6],[20.4,53.06],[19.74,53.46],[18.7,53.39],[19.45,54.21],[20.1,53.66],[20.83,54.07],[19.81,54.34],[19.84,54.68],[19.95,55.02],[20.99,54.95],[20.99,55.91],[22.81,54.89],[22.42,53.6]]]]}},{"type":"Feature","properties":{"n":"Principality of Moldavia","f":1659,"t":1661,"w":"Q10957559"},"geometry":{"type":"Polygon","coordinates":[[[29.03,47.73],[29.57,46.74],[28.44,46.15],[27.86,45.3],[26.24,45.37],[26.48,46.15],[24.88,47.53],[25.54,48.39],[25.25,48.79],[27.86,48.39],[29.03,47.73]]]}},{"type":"Feature","properties":{"n":"Danish India","f":1659,"t":1733,"w":"Q912382"},"geometry":{"type":"MultiPolygon","coordinates":[[[[-1.21,5.11],[-1.21,5.36],[-1.06,5.36],[-1.21,5.11]]],[[[-0.04,5.81],[0.03,5.62],[-0.19,5.56],[-0.04,5.81]]]]}},{"type":"Feature","properties":{"n":"Tsardom of Russia","f":1659,"t":1661,"w":"Q186096"},"geometry":{"type":"MultiPolygon","coordinates":[[[[41.2,50.71],[41.29,50.71],[41.27,50.65],[41.2,50.71]]],[[[118.9,73.73],[118.4,73.33],[120.56,73.0],[123.08,73.0],[123.21,73.57],[124.01,73.81],[128.08,73.57],[129.12,73.16],[128.74,72.92],[129.22,72.76],[128.74,72.53],[129.64,72.37],[128.31,71.97],[130.99,70.8],[132.46,71.97],[133.49,71.5],[139.7,71.58],[139.36,71.81],[139.8,72.21],[139.0,72.29],[141.34,72.92],[146.82,72.53],[145.13,71.74],[147.41,72.45],[149.62,72.29],[150.1,71.97],[148.95,71.74],[151.81,71.42],[152.49,70.88],[155.5,71.19],[159.39,70.95],[160.15,70.64],[159.78,69.87],[160.89,69.64],[166.9,69.56],[168.17,69.87],[168.45,69.26],[170.75,68.88],[168.43,67.15],[168.24,65.96],[168.72,65.44],[176.57,65.15],[176.19,64.93],[176.38,64.71],[177.59,64.86],[177.46,64.35],[178.45,64.42],[178.89,63.91],[178.58,63.62],[179.76,62.83],[179.0,62.33],[177.06,62.62],[175.79,62.19],[170.67,62.83],[163.99,62.69],[163.19,62.47],[163.47,62.47],[163.07,61.9],[163.42,61.83],[163.0,61.55],[162.27,61.62],[160.17,60.63],[160.23,61.05],[159.67,60.98],[160.28,61.9],[157.38,61.76],[154.25,59.85],[154.14,59.5],[154.96,59.64],[155.12,59.22],[153.4,59.22],[152.85,58.88],[151.23,58.88],[152.05,59.29],[149.7,59.78],[148.61,59.22],[145.8,59.16],[145.61,59.43],[142.45,59.22],[142.7,59.71],[141.33,59.78],[124.42,60.21],[123.37,59.57],[120.91,55.98],[118.37,54.55],[115.51,51.98],[112.07,52.05],[112.22,53.73],[110.78,55.84],[109.32,55.77],[108.12,54.0],[106.49,52.79],[104.91,51.92],[103.71,51.78],[101.79,52.32],[100.16,53.39],[99.01,52.86],[97.81,52.99],[93.63,54.68],[86.66,53.26],[84.45,56.8],[70.99,56.8],[62.66,56.39],[61.92,55.91],[59.93,51.92],[57.96,51.65],[54.24,52.45],[52.58,52.32],[51.92,49.91],[52.11,46.94],[50.84,47.14],[47.57,45.76],[46.69,44.71],[47.34,43.99],[46.8,43.73],[46.19,44.25],[47.41,46.15],[47.25,46.55],[46.3,47.4],[43.77,48.32],[45.2,50.85],[45.2,51.51],[43.52,51.58],[41.37,50.71],[40.51,51.38],[39.66,51.38],[36.43,50.45],[34.87,51.58],[34.25,51.45],[34.15,50.38],[28.65,51.38],[27.49,50.91],[25.56,52.45],[24.57,54.27],[25.38,55.23],[26.68,55.77],[25.81,56.46],[26.63,56.66],[26.71,58.39],[27.72,58.53],[27.52,59.5],[28.41,59.92],[28.84,59.29],[30.08,59.16],[30.86,59.43],[30.66,59.78],[31.1,60.21],[31.82,60.14],[32.09,60.56],[32.17,60.91],[31.02,61.62],[29.83,61.19],[28.92,61.76],[30.18,62.47],[31.11,62.47],[31.5,62.98],[30.05,63.7],[30.55,64.28],[29.81,64.86],[30.31,65.81],[29.05,66.77],[29.94,67.67],[28.42,68.42],[28.63,68.95],[30.96,69.87],[32.31,70.02],[33.44,69.33],[36.13,69.26],[41.0,67.74],[41.39,67.15],[41.04,66.7],[38.68,66.03],[32.55,67.07],[33.0,66.55],[34.87,65.88],[34.44,65.37],[34.98,64.49],[37.39,63.91],[37.88,63.99],[37.89,64.35],[36.79,64.49],[36.36,65.0],[37.21,65.3],[38.21,64.79],[40.19,64.71],[39.54,65.37],[40.4,65.96],[41.96,66.55],[43.97,66.18],[44.37,67.0],[43.6,67.3],[44.17,68.27],[43.45,68.73],[45.88,68.57],[46.66,67.82],[44.93,67.44],[45.81,66.92],[47.37,66.92],[47.78,67.67],[53.28,69.03],[54.04,68.95],[53.87,68.42],[53.3,68.27],[58.39,69.03],[59.09,69.03],[59.4,68.88],[59.24,68.42],[59.74,68.42],[60.7,68.88],[60.09,69.72],[58.34,70.18],[59.07,70.57],[60.54,69.79],[63.93,69.72],[68.49,68.27],[68.95,68.95],[66.6,69.64],[67.17,70.18],[67.19,70.8],[66.53,71.03],[68.11,71.66],[69.36,73.0],[72.98,72.69],[71.81,71.5],[72.89,71.03],[72.5,69.03],[73.63,68.65],[73.07,67.74],[71.52,66.62],[70.4,66.4],[72.1,66.33],[74.65,67.74],[74.2,68.35],[74.59,68.88],[76.47,69.11],[77.31,68.65],[77.25,68.05],[77.88,68.35],[77.59,68.88],[76.63,69.18],[73.66,69.11],[73.41,69.72],[74.22,70.64],[72.89,71.42],[74.87,72.21],[74.86,72.92],[75.77,72.53],[75.27,71.81],[75.4,71.34],[77.19,71.27],[75.85,71.89],[77.23,72.05],[76.71,72.29],[77.48,72.69],[82.52,71.81],[84.97,72.21],[104.91,72.76],[106.15,73.25],[110.4,73.65],[111.3,74.14],[111.89,73.73],[113.21,74.05],[113.6,73.81],[113.36,73.57],[118.9,73.73]]],[[[36.09,65.08],[35.5,65.0],[35.46,65.22],[36.09,65.08]]],[[[48.24,69.41],[48.61,69.56],[50.32,69.33],[49.7,68.88],[48.34,68.73],[48.24,69.41]]]]}},{"type":"Feature","properties":{"n":"Haudenosaunee","f":1659,"t":1669,"w":"Q68518"},"geometry":{"type":"MultiPolygon","coordinates":[[[[-84.78,41.13],[-84.82,41.2],[-84.74,41.2],[-84.78,41.13]]],[[[-75.31,42.11],[-78.18,42.43],[-78.6,41.0],[-78.27,40.29],[-77.28,39.84],[-77.5,39.26],[-78.45,39.64],[-80.09,39.06],[-80.49,39.45],[-81.85,39.32],[-82.55,38.42],[-84.8,39.06],[-84.05,40.29],[-84.98,40.74],[-84.86,41.13],[-84.67,41.07],[-83.62,41.65],[-83.76,41.78],[-82.69,41.39],[-81.4,41.52],[-78.79,42.69],[-79.19,43.15],[-80.44,42.63],[-81.6,42.69],[-82.54,42.04],[-83.17,42.17],[-82.44,42.3],[-82.49,43.02],[-81.7,43.34],[-81.73,43.99],[-81.24,44.58],[-81.48,45.17],[-80.36,44.45],[-79.84,44.84],[-80.05,45.24],[-79.58,44.97],[-79.34,44.52],[-79.74,44.06],[-79.7,43.21],[-76.76,43.28],[-76.12,43.6],[-76.07,44.45],[-74.43,45.37],[-73.5,45.3],[-73.53,43.73],[-75.31,42.11]]]]}},{"type":"Feature","properties":{"n":"Nguyễn lords","f":1659,"t":1690,"w":"Q2301908"},"geometry":{"type":"Polygon","coordinates":[[[109.51,12.95],[109.23,11.79],[107.57,12.63],[107.5,16.04],[106.69,16.49],[105.67,18.03],[106.55,17.96],[109.02,15.33],[109.51,12.95]]]}},{"type":"Feature","properties":{"n":"Portuguese Ceylon","f":1659,"t":1669,"w":"Q1709007"},"geometry":{"type":"Polygon","coordinates":[[[81.42,7.61],[81.91,7.29],[81.72,6.46],[80.97,6.01],[80.32,6.2],[79.62,8.06],[79.99,9.35],[80.72,9.41],[81.09,8.32],[81.59,8.0],[81.42,7.61]]]}},{"type":"Feature","properties":{"n":"Golden Horde","f":1659,"t":1669,"w":"Q79965"},"geometry":{"type":"MultiPolygon","coordinates":[[[[121.15,53.39],[119.9,52.65],[120.53,52.59],[120.67,52.05],[119.65,51.11],[119.28,50.11],[117.83,49.52],[116.68,49.78],[115.42,47.99],[115.82,47.73],[118.48,47.99],[119.94,46.87],[116.72,46.35],[115.88,45.56],[112.07,44.39],[111.89,43.67],[110.28,42.69],[106.86,42.3],[104.81,41.59],[101.56,42.56],[97.09,42.76],[97.21,41.85],[95.92,42.82],[92.94,43.47],[90.71,43.34],[90.18,42.89],[90.22,41.91],[86.75,42.56],[87.55,44.19],[90.69,45.69],[91.03,46.55],[90.17,47.8],[89.03,47.99],[88.06,48.52],[87.78,49.12],[86.52,49.58],[88.4,51.45],[91.52,53.6],[94.66,54.41],[97.81,52.99],[99.01,52.86],[100.16,53.39],[101.79,52.32],[104.83,51.45],[108.83,53.26],[109.64,54.27],[109.99,55.84],[111.13,55.63],[111.89,54.48],[112.22,53.73],[111.98,52.25],[112.36,51.98],[115.51,51.98],[118.4,54.48],[121.15,53.39]]],[[[108.87,53.53],[108.52,53.53],[108.6,53.73],[109.02,53.94],[108.87,53.53]]]]}},{"type":"Feature","properties":{"n":"Dutch Republic","f":1659,"t":1661,"w":"Q170072"},"geometry":{"type":"MultiPolygon","coordinates":[[[[123.74,-9.36],[124.26,-9.49],[124.65,-8.91],[125.02,-9.04],[124.61,-10.06],[123.17,-10.39],[123.74,-9.36]]],[[[123.16,-8.65],[122.79,-8.59],[122.91,-8.26],[123.78,-8.2],[123.16,-8.65]]],[[[124.97,-8.46],[123.8,-8.46],[124.0,-8.2],[125.02,-8.2],[124.97,-8.46]]],[[[106.74,-6.4],[106.3,-6.4],[106.35,-5.95],[106.79,-6.08],[106.74,-6.4]]],[[[102.1,3.05],[102.67,2.73],[102.42,2.02],[101.71,2.47],[102.1,3.05]]],[[[80.09,7.36],[80.05,6.65],[80.89,5.94],[79.95,6.14],[79.72,7.29],[80.09,7.36]]],[[[81.69,7.29],[81.43,7.81],[81.65,7.87],[81.69,7.29]]],[[[81.09,8.32],[81.04,8.58],[81.26,8.64],[81.09,8.32]]],[[[80.72,9.41],[79.99,9.35],[79.88,9.86],[80.72,9.41]]],[[[80.01,12.63],[80.31,12.76],[80.21,12.44],[80.01,12.63]]],[[[80.38,13.46],[80.41,13.08],[80.2,13.14],[80.38,13.46]]],[[[88.6,22.85],[88.37,22.79],[88.46,22.91],[88.6,22.85]]],[[[120.01,23.11],[120.17,23.88],[120.96,25.04],[121.77,25.29],[122.01,25.04],[121.54,23.3],[120.67,21.95],[120.01,23.11]]],[[[5.04,44.19],[4.8,44.12],[4.88,44.25],[5.04,44.19]]],[[[5.72,50.71],[5.71,51.05],[5.97,50.98],[5.72,50.71]]],[[[5.37,51.25],[3.41,51.45],[3.75,51.45],[3.4,51.65],[4.22,52.18],[4.69,53.19],[5.06,52.65],[5.54,53.39],[7.18,53.26],[6.68,52.65],[6.94,52.38],[6.7,51.92],[5.37,51.25]]],[[[130.95,-8.33],[130.59,-8.39],[130.86,-8.14],[130.95,-8.33]]],[[[127.66,-8.26],[127.64,-8.07],[127.79,-8.07],[127.66,-8.26]]],[[[129.76,-8.07],[129.46,-8.01],[129.44,-7.75],[129.76,-8.07]]],[[[126.4,-8.01],[125.67,-8.01],[125.71,-7.69],[126.51,-7.56],[126.4,-8.01]]],[[[131.0,-8.07],[130.97,-7.69],[131.58,-7.11],[131.0,-8.07]]],[[[130.81,-7.56],[130.87,-7.36],[131.02,-7.36],[130.81,-7.56]]],[[[128.38,-7.24],[128.37,-7.11],[128.59,-7.04],[128.38,-7.24]]],[[[134.53,-5.44],[134.68,-6.59],[133.97,-6.91],[133.92,-6.14],[134.53,-5.44]]],[[[132.52,-5.95],[132.5,-5.69],[132.95,-5.76],[132.52,-5.95]]],[[[132.86,-5.5],[133.07,-5.44],[133.01,-5.56],[132.86,-5.5]]],[[[128.24,-3.51],[128.25,-3.7],[127.81,-3.83],[128.24,-3.51]]],[[[127.15,-3.7],[126.65,-3.89],[125.91,-3.51],[125.89,-3.12],[127.06,-3.19],[127.15,-3.7]]],[[[128.38,-3.51],[127.71,-3.19],[128.28,-2.8],[129.66,-2.8],[130.55,-3.12],[130.73,-3.89],[129.76,-3.38],[128.38,-3.51]]],[[[126.01,-2.48],[125.26,-1.77],[126.14,-1.77],[126.01,-2.48]]],[[[125.11,-1.71],[125.19,-1.9],[124.25,-2.03],[124.24,-1.64],[125.11,-1.71]]],[[[124.96,1.25],[124.61,1.51],[124.76,1.7],[125.12,1.7],[124.96,1.25]]]]}},{"type":"Feature","properties":{"n":"Kingdom of Spain","f":1659,"t":1669,"w":"Q29"},"geometry":{"type":"MultiPolygon","coordinates":[[[[1.27,38.8],[1.18,39.06],[1.65,39.13],[1.27,38.8]]],[[[3.3,39.32],[2.35,39.45],[2.88,39.97],[3.52,39.77],[3.3,39.32]]],[[[-1.69,43.34],[1.58,42.43],[3.09,42.5],[3.12,41.91],[0.7,40.94],[-0.2,39.97],[-0.31,39.13],[0.1,38.74],[-0.66,38.29],[-0.7,37.64],[-1.71,37.45],[-2.06,36.8],[-4.47,36.74],[-5.66,36.03],[-6.43,37.0],[-7.39,37.25],[-7.5,37.71],[-6.99,38.09],[-7.27,38.67],[-6.99,39.0],[-7.44,39.64],[-6.9,39.77],[-6.93,41.0],[-6.27,41.65],[-6.7,41.98],[-8.93,41.91],[-8.66,42.37],[-9.3,43.15],[-8.24,43.73],[-1.69,43.34]]],[[[4.22,40.1],[4.3,39.84],[3.83,39.9],[4.22,40.1]]],[[[3.99,46.28],[4.31,46.28],[4.41,46.02],[3.99,46.28]]],[[[4.83,49.85],[5.9,50.38],[5.89,50.78],[6.4,50.51],[6.07,50.25],[6.58,50.11],[6.02,49.45],[4.83,49.85]]],[[[2.44,50.58],[2.24,51.18],[5.37,51.25],[4.49,49.98],[2.44,50.58]]],[[[15.94,41.39],[17.98,40.61],[18.35,39.9],[17.35,40.55],[16.62,40.29],[16.45,39.64],[17.14,39.06],[15.93,37.96],[15.39,38.16],[15.05,36.74],[12.49,37.71],[12.65,38.09],[14.6,38.03],[15.86,38.29],[16.27,38.74],[15.75,40.03],[13.79,41.13],[13.96,41.72],[13.01,42.04],[12.86,42.5],[13.99,42.95],[14.37,42.24],[16.11,41.78],[15.94,41.39]]],[[[9.59,39.13],[8.34,39.0],[8.15,40.94],[9.5,41.2],[9.82,40.36],[9.59,39.13]]],[[[11.18,42.56],[11.34,42.63],[11.34,42.43],[11.18,42.56]]],[[[10.13,42.89],[10.46,42.89],[10.46,42.69],[10.13,42.89]]],[[[10.86,43.08],[10.94,42.89],[10.7,42.95],[10.86,43.08]]],[[[9.32,45.17],[9.4,44.45],[8.34,45.1],[8.58,45.56],[7.92,45.96],[8.32,46.41],[8.9,45.89],[9.39,46.22],[9.31,45.69],[10.45,45.04],[9.32,45.17]]],[[[5.82,47.86],[6.89,47.93],[6.99,47.27],[5.95,46.35],[5.38,46.28],[5.82,47.86]]]]}},{"type":"Feature","properties":{"n":"(Kingdom of France)","f":1659,"t":1661,"w":"Q207162"},"geometry":{"type":"MultiPolygon","coordinates":[[[[-61.71,12.24],[-61.57,12.24],[-61.55,11.99],[-61.71,12.24]]],[[[-60.78,14.43],[-61.08,14.49],[-61.19,14.88],[-60.78,14.43]]],[[[-61.77,16.29],[-61.35,16.49],[-61.17,16.23],[-61.74,15.97],[-61.77,16.29]]],[[[-64.65,17.71],[-64.73,17.71],[-64.73,17.77],[-64.65,17.71]]],[[[-64.88,17.71],[-64.89,17.84],[-64.74,17.84],[-64.88,17.71]]],[[[-62.95,18.29],[-62.93,18.09],[-63.08,18.16],[-62.95,18.29]]],[[[-65.51,44.91],[-65.28,44.58],[-65.69,44.58],[-65.51,44.91]]],[[[-66.18,45.3],[-66.35,45.5],[-66.0,45.63],[-66.18,45.3]]],[[[-74.2,45.24],[-74.48,45.63],[-73.52,46.61],[-71.58,47.14],[-70.59,46.81],[-73.61,46.15],[-74.2,45.24]]],[[[47.09,-24.79],[46.97,-25.11],[46.53,-25.24],[47.09,-24.79]]],[[[-60.82,14.04],[-60.8,13.72],[-60.94,13.66],[-60.82,14.04]]],[[[-16.24,15.78],[-16.6,15.65],[-16.47,16.16],[-16.24,15.78]]],[[[5.7,48.99],[5.36,48.99],[5.26,49.58],[4.87,48.99],[5.3,48.59],[5.87,48.85],[5.88,48.46],[5.38,48.52],[5.82,47.73],[5.38,46.28],[6.03,46.22],[5.48,45.56],[6.64,44.84],[6.81,44.32],[6.42,44.06],[6.91,43.54],[5.8,43.15],[3.85,43.6],[2.98,43.15],[3.09,42.5],[2.46,42.37],[-1.43,43.08],[-1.69,43.41],[-1.03,45.5],[-1.25,46.28],[-2.01,46.61],[-2.58,47.47],[-4.42,47.8],[-4.89,48.32],[-4.6,48.72],[-3.46,48.92],[-1.6,48.65],[-2.03,49.78],[0.01,49.38],[0.22,49.85],[1.45,50.25],[1.66,51.05],[2.07,51.11],[2.44,50.58],[3.97,50.38],[4.15,49.98],[4.74,50.11],[5.6,49.52],[5.7,48.99]],[[4.08,45.96],[4.41,46.02],[4.31,46.28],[4.08,45.96]]],[[[6.72,48.19],[6.47,48.32],[6.54,48.52],[6.72,48.19]]],[[[7.56,47.6],[6.98,47.53],[7.04,48.52],[6.45,48.85],[5.86,48.99],[5.85,49.32],[7.03,49.05],[6.61,48.99],[6.87,48.79],[7.36,48.92],[7.71,48.39],[7.56,47.6]]],[[[6.04,48.79],[5.87,48.85],[5.95,48.92],[6.04,48.79]]]]}},{"type":"Feature","properties":{"n":"Denmark-Norway","f":1659,"t":1661,"w":"Q62651"},"geometry":{"type":"MultiPolygon","coordinates":[[[[11.67,54.89],[10.97,55.29],[10.89,55.77],[12.56,56.11],[12.1,54.75],[10.88,54.75],[10.97,55.02],[11.67,54.89]]],[[[9.75,55.57],[10.63,55.63],[10.88,54.95],[10.54,54.75],[9.93,55.09],[9.93,54.55],[11.05,54.21],[10.36,53.66],[9.5,53.6],[8.54,54.27],[8.8,54.61],[8.0,55.63],[7.98,56.66],[8.5,57.21],[10.46,57.77],[10.28,56.59],[10.9,56.52],[10.81,56.18],[10.28,56.25],[9.75,55.57]]],[[[10.63,55.77],[10.36,55.77],[10.45,55.98],[10.63,55.77]]],[[[11.42,62.69],[12.06,62.4],[12.14,61.76],[12.78,61.41],[12.31,60.98],[12.57,60.35],[11.83,59.85],[11.64,58.95],[10.47,59.64],[10.37,59.16],[7.6,57.97],[5.51,58.6],[6.03,59.36],[5.21,59.29],[5.45,60.14],[4.9,60.21],[5.08,62.26],[5.92,62.19],[6.64,62.76],[8.43,62.26],[11.42,62.69]]],[[[-6.71,61.41],[-6.99,61.48],[-7.02,61.62],[-6.71,61.41]]],[[[-6.66,62.26],[-6.69,61.9],[-7.28,62.05],[-6.66,62.26]]],[[[-20.54,66.18],[-19.55,65.81],[-19.2,66.25],[-17.59,66.03],[-15.79,66.55],[-13.7,65.59],[-13.47,65.08],[-14.8,64.28],[-15.5,64.42],[-18.16,63.41],[-19.39,63.41],[-21.15,63.91],[-22.8,63.77],[-22.83,64.13],[-22.17,64.13],[-22.1,64.49],[-24.16,64.93],[-22.06,65.52],[-24.03,65.37],[-24.42,65.66],[-23.8,65.81],[-23.67,66.25],[-22.94,66.11],[-23.0,66.55],[-21.48,66.11],[-21.26,65.44],[-20.4,65.74],[-20.54,66.18]]],[[[12.89,68.12],[13.19,68.12],[13.19,67.97],[12.89,68.12]]],[[[28.18,70.57],[28.68,70.95],[31.03,70.57],[29.66,69.95],[30.92,69.72],[28.85,69.03],[29.2,69.72],[28.16,70.02],[26.21,69.87],[25.63,68.95],[24.86,68.57],[22.78,68.65],[21.07,69.26],[20.24,69.03],[19.96,68.42],[18.09,68.57],[18.05,68.12],[16.12,67.52],[16.38,67.07],[14.57,66.11],[14.34,65.22],[12.6,65.0],[12.04,65.44],[12.53,65.74],[12.35,66.25],[12.82,66.03],[12.94,66.62],[15.88,68.27],[14.19,68.2],[14.9,68.57],[14.42,68.8],[15.03,69.11],[15.52,68.8],[15.44,69.18],[16.15,69.33],[15.92,68.88],[17.21,68.8],[17.65,69.18],[17.04,69.11],[16.87,69.49],[18.58,69.49],[18.2,69.72],[18.82,69.79],[18.86,70.18],[19.79,70.33],[20.04,69.87],[20.81,70.33],[20.77,70.02],[21.77,69.95],[21.43,70.41],[22.33,70.33],[22.41,70.8],[24.33,70.72],[25.87,71.27],[25.88,70.8],[26.75,71.03],[26.56,70.64],[26.96,70.57],[27.71,71.19],[28.46,70.88],[28.18,70.57]]],[[[13.58,68.05],[13.39,68.05],[13.7,68.42],[14.09,68.2],[13.58,68.05]]],[[[23.97,70.95],[23.99,71.11],[24.1,71.11],[23.97,70.95]]]]}},{"type":"Feature","properties":{"n":"(Spanish Empire)","f":1659,"t":1669,"w":"Q80702"},"geometry":{"type":"MultiPolygon","coordinates":[[[[-73.65,-42.83],[-74.1,-42.76],[-74.03,-42.44],[-73.46,-42.24],[-73.65,-42.83]]],[[[-73.9,-40.17],[-73.37,-39.46],[-73.0,-39.72],[-73.9,-40.17]]],[[[-75.34,-10.77],[-75.27,-10.77],[-75.27,-10.84],[-75.34,-10.77]]],[[[-104.74,27.03],[-102.71,26.52],[-101.55,26.9],[-100.66,26.71],[-99.97,25.81],[-99.47,24.07],[-97.72,22.53],[-96.25,19.44],[-95.77,18.8],[-94.48,18.22],[-92.5,18.74],[-91.3,18.61],[-89.98,21.31],[-86.75,21.5],[-87.7,18.29],[-87.99,18.74],[-89.17,17.77],[-90.57,17.77],[-90.6,16.55],[-90.38,16.04],[-89.54,15.84],[-85.88,15.97],[-85.69,15.07],[-84.58,14.43],[-84.94,13.72],[-84.42,11.34],[-83.58,10.96],[-82.06,8.96],[-81.03,8.84],[-79.69,9.61],[-78.96,9.61],[-77.99,9.29],[-76.83,8.19],[-76.93,8.64],[-75.66,9.48],[-75.58,10.51],[-74.96,11.15],[-74.36,10.89],[-74.17,11.34],[-73.15,11.41],[-71.84,12.44],[-71.1,12.31],[-71.28,11.79],[-71.92,11.6],[-71.65,10.83],[-69.66,11.66],[-68.46,11.34],[-68.19,10.51],[-66.37,10.7],[-65.09,10.06],[-64.03,10.7],[-61.91,10.76],[-62.84,10.38],[-62.3,9.8],[-61.95,9.99],[-60.83,9.54],[-61.15,8.58],[-64.71,8.06],[-65.12,7.55],[-65.87,7.87],[-67.01,7.16],[-67.06,6.65],[-69.96,6.2],[-73.64,4.59],[-75.79,2.21],[-76.3,1.31],[-76.81,0.41],[-76.74,0.22],[-76.96,0.09],[-77.87,-3.25],[-77.85,-4.92],[-77.5,-6.85],[-76.34,-8.39],[-75.17,-11.35],[-73.87,-12.44],[-71.88,-13.15],[-70.67,-12.76],[-68.37,-13.28],[-65.67,-14.89],[-63.8,-15.34],[-62.59,-16.36],[-63.18,-20.61],[-64.19,-23.63],[-64.07,-24.79],[-63.27,-26.2],[-61.05,-26.78],[-59.61,-26.72],[-58.85,-26.27],[-57.5,-24.34],[-57.0,-24.47],[-58.43,-26.84],[-58.75,-30.32],[-58.27,-30.89],[-58.56,-32.76],[-58.25,-33.34],[-58.55,-34.49],[-60.29,-33.79],[-63.06,-34.62],[-64.35,-34.3],[-67.86,-34.43],[-70.36,-35.27],[-70.7,-36.3],[-71.2,-36.62],[-71.35,-37.91],[-73.34,-36.94],[-71.63,-32.69],[-71.94,-30.83],[-70.57,-25.17],[-70.53,-23.63],[-70.81,-23.5],[-70.27,-21.96],[-70.26,-19.84],[-70.44,-18.42],[-71.62,-17.33],[-75.22,-15.53],[-76.08,-14.69],[-76.46,-14.18],[-76.38,-13.41],[-77.8,-11.35],[-78.98,-8.46],[-79.98,-6.91],[-81.33,-6.14],[-81.01,-5.63],[-81.47,-4.41],[-80.05,-3.12],[-81.12,-2.29],[-81.03,-0.94],[-80.16,0.22],[-80.23,0.86],[-79.06,1.25],[-78.78,2.34],[-77.91,2.6],[-77.26,3.63],[-77.56,4.08],[-77.41,6.52],[-78.5,7.94],[-78.23,8.45],[-79.64,8.9],[-80.41,8.26],[-80.0,7.42],[-80.94,7.16],[-81.05,7.87],[-81.47,7.61],[-81.94,8.19],[-83.71,8.45],[-83.67,9.09],[-84.83,9.99],[-85.24,9.61],[-85.78,9.99],[-85.72,11.09],[-87.55,12.69],[-87.47,13.34],[-88.85,13.21],[-91.35,13.91],[-94.77,16.36],[-96.21,15.65],[-97.72,15.91],[-101.11,17.26],[-101.9,17.96],[-103.19,18.16],[-105.05,19.38],[-105.54,20.02],[-105.13,21.31],[-105.7,22.59],[-108.04,24.91],[-106.11,23.75],[-106.44,25.36],[-105.47,25.94],[-106.58,27.16],[-105.88,27.8],[-106.84,29.09],[-106.77,31.85],[-106.18,31.53],[-106.23,28.83],[-104.74,27.03]]],[[[-76.3,1.31],[-76.22,1.31],[-76.22,1.25],[-76.3,1.31]]],[[[-75.14,2.92],[-75.07,2.92],[-75.07,2.86],[-75.14,2.92]]],[[[-81.9,7.36],[-81.91,7.61],[-81.7,7.68],[-81.9,7.36]]],[[[-79.03,8.32],[-78.96,8.45],[-78.81,8.45],[-79.03,8.32]]],[[[-61.0,10.06],[-61.73,10.06],[-61.55,10.83],[-60.89,10.83],[-61.0,10.06]]],[[[-64.04,10.83],[-64.35,11.09],[-63.84,11.21],[-64.04,10.83]]],[[[-69.73,11.66],[-70.24,11.6],[-70.28,12.11],[-69.85,12.24],[-69.73,11.66]]],[[[-67.12,17.96],[-67.26,18.48],[-66.16,18.54],[-65.52,18.16],[-67.12,17.96]]],[[[-69.49,19.12],[-68.58,18.99],[-68.29,18.41],[-70.72,18.35],[-71.28,17.58],[-72.1,18.22],[-74.4,18.29],[-74.24,18.74],[-72.3,18.61],[-72.79,19.51],[-73.41,19.64],[-73.23,19.96],[-70.78,19.96],[-69.12,19.19],[-69.49,19.12]]],[[[-73.3,18.86],[-73.32,18.99],[-72.79,18.93],[-72.83,18.67],[-73.3,18.86]]],[[[-86.7,20.34],[-86.99,20.28],[-87.02,20.47],[-86.67,20.6],[-86.7,20.34]]],[[[-75.63,21.18],[-74.07,20.15],[-77.65,19.83],[-77.19,20.66],[-78.24,20.79],[-78.66,21.56],[-82.05,22.27],[-81.74,22.66],[-84.8,21.82],[-84.0,22.79],[-82.29,23.24],[-80.57,23.17],[-79.25,22.46],[-77.64,22.14],[-77.66,21.82],[-75.63,21.18]]],[[[-82.5,21.44],[-82.95,21.44],[-83.04,21.95],[-82.49,21.82],[-82.5,21.44]]],[[[-78.6,22.53],[-78.23,22.59],[-78.2,22.4],[-78.6,22.53]]],[[[-17.85,27.87],[-17.9,27.61],[-18.06,27.67],[-17.85,27.87]]],[[[-17.35,28.19],[-17.12,28.25],[-17.03,28.06],[-17.35,28.19]]],[[[-17.71,28.89],[-17.67,28.51],[-17.9,28.51],[-17.71,28.89]]],[[[-83.84,30.05],[-84.88,29.73],[-85.12,30.24],[-84.84,30.82],[-81.97,30.37],[-81.87,31.27],[-81.21,31.59],[-81.44,30.89],[-80.55,28.57],[-81.94,28.12],[-83.84,30.05]]],[[[-106.36,36.48],[-105.19,35.19],[-105.62,34.81],[-106.35,34.87],[-106.93,35.9],[-106.36,36.48]]],[[[120.0,10.51],[118.85,9.93],[118.73,10.19],[119.19,10.44],[119.34,11.15],[120.0,10.51]]],[[[119.85,11.79],[119.87,11.92],[120.09,11.92],[119.85,11.79]]],[[[-15.73,27.74],[-15.76,28.19],[-15.3,28.12],[-15.73,27.74]]],[[[-16.91,28.38],[-16.09,28.57],[-16.36,28.06],[-16.65,27.93],[-16.91,28.38]]],[[[-13.77,28.77],[-13.81,28.25],[-14.32,28.06],[-13.77,28.77]]],[[[-13.65,29.22],[-13.42,29.22],[-13.47,28.89],[-13.86,28.96],[-13.65,29.22]]],[[[-2.98,35.26],[-2.99,35.45],[-2.84,35.45],[-2.98,35.26]]],[[[-0.53,35.71],[-0.45,35.58],[-0.67,35.45],[-0.92,35.71],[-0.53,35.71]]],[[[-5.57,35.84],[-5.34,35.84],[-5.33,35.77],[-5.57,35.84]]],[[[1.65,39.13],[1.66,39.0],[1.27,38.8],[1.26,39.13],[1.65,39.13]]],[[[2.34,39.64],[2.88,39.97],[3.52,39.77],[3.3,39.32],[2.34,39.64]]],[[[18.44,40.1],[18.11,39.9],[17.35,40.55],[16.62,40.29],[16.45,39.64],[17.14,39.06],[15.93,37.96],[15.39,38.16],[15.05,36.74],[12.49,37.71],[12.65,38.09],[14.6,38.03],[15.86,38.29],[16.27,38.74],[15.75,40.03],[13.79,41.13],[13.96,41.72],[13.01,42.04],[12.86,42.5],[13.99,42.95],[14.37,42.24],[16.12,41.91],[15.94,41.39],[18.44,40.1]]],[[[0.04,42.69],[3.09,42.5],[3.12,41.91],[0.7,40.94],[-0.2,39.97],[-0.31,39.13],[0.1,38.74],[-0.66,38.29],[-0.7,37.64],[-1.71,37.45],[-2.06,36.8],[-4.47,36.74],[-5.66,36.03],[-6.06,36.22],[-6.43,37.0],[-7.39,37.25],[-7.5,37.71],[-6.99,38.09],[-7.27,38.67],[-6.99,39.0],[-7.44,39.64],[-6.9,39.77],[-6.93,41.0],[-6.27,41.65],[-6.7,41.98],[-8.93,41.91],[-8.66,42.37],[-9.3,43.15],[-8.24,43.73],[-1.69,43.34],[0.04,42.69]]],[[[4.22,40.1],[4.3,39.84],[3.83,39.9],[4.22,40.1]]],[[[9.59,39.13],[8.34,39.0],[8.15,40.94],[9.5,41.2],[9.59,39.13]]],[[[11.34,42.43],[11.18,42.5],[11.18,42.56],[11.34,42.43]]],[[[10.46,42.89],[10.46,42.69],[10.21,42.69],[10.46,42.89]]],[[[10.86,43.08],[10.94,42.89],[10.7,42.95],[10.86,43.08]]],[[[9.32,45.17],[9.4,44.45],[8.34,45.1],[8.58,45.56],[7.92,45.96],[8.32,46.41],[8.9,45.89],[9.39,46.22],[9.31,45.69],[10.45,45.04],[9.32,45.17]]],[[[4.31,46.28],[4.41,46.02],[4.08,45.96],[4.31,46.28]]],[[[6.89,47.93],[6.99,47.27],[5.38,46.28],[5.58,47.66],[6.89,47.93]]],[[[4.82,50.05],[5.9,50.38],[5.97,50.78],[6.59,49.98],[6.27,49.45],[4.82,50.05]]],[[[2.44,50.58],[2.24,51.18],[5.37,51.25],[4.49,49.98],[2.44,50.58]]],[[[126.2,6.39],[125.83,7.23],[125.52,7.04],[125.65,5.88],[125.33,5.49],[125.15,6.01],[124.7,5.81],[124.0,6.26],[124.09,7.42],[123.68,7.74],[122.76,7.23],[122.59,7.74],[122.23,6.97],[121.8,6.97],[122.1,8.0],[123.34,8.77],[124.09,8.19],[124.82,9.03],[125.48,9.03],[125.42,9.86],[126.24,9.29],[126.59,7.61],[126.2,6.39]]],[[[124.55,9.22],[124.77,9.29],[124.82,9.03],[124.55,9.22]]],[[[123.58,9.03],[123.44,9.09],[123.54,9.35],[123.58,9.03]]],[[[125.92,9.74],[125.97,9.54],[125.83,9.61],[125.92,9.74]]],[[[125.92,9.74],[125.94,9.99],[126.1,10.06],[125.92,9.74]]],[[[124.5,10.19],[124.62,9.93],[123.78,9.54],[123.74,9.86],[124.5,10.19]]],[[[122.81,10.12],[122.9,10.89],[123.56,10.96],[123.15,9.8],[123.22,9.03],[122.33,9.67],[122.81,10.12]]],[[[125.47,10.38],[125.7,10.44],[125.71,9.86],[125.47,10.38]]],[[[123.6,9.99],[123.48,9.48],[123.26,9.48],[124.11,11.28],[124.0,10.25],[123.6,9.99]]],[[[121.93,11.99],[123.12,11.54],[122.62,10.38],[121.9,10.44],[121.93,11.99]]],[[[125.24,10.25],[124.92,9.99],[124.25,11.21],[124.31,11.73],[124.71,11.34],[124.97,11.73],[124.27,12.56],[125.55,12.24],[125.77,11.02],[125.06,11.21],[125.24,10.25]]],[[[119.84,12.31],[120.34,12.18],[120.32,11.99],[119.84,12.31]]],[[[123.73,12.31],[124.09,11.73],[123.17,11.99],[123.24,12.5],[123.77,12.63],[123.73,12.31]]],[[[121.9,12.37],[122.13,12.44],[122.09,12.11],[121.9,12.37]]],[[[122.69,12.24],[122.41,12.37],[122.51,12.56],[122.69,12.24]]],[[[121.99,12.5],[122.02,12.69],[122.24,12.69],[121.99,12.5]]],[[[120.74,13.59],[121.44,13.34],[121.29,12.18],[120.34,13.34],[120.74,13.59]]],[[[122.2,13.53],[122.16,13.21],[121.86,13.21],[121.75,13.46],[122.2,13.53]]],[[[120.1,13.72],[120.12,13.85],[120.27,13.85],[120.1,13.72]]],[[[124.11,13.53],[124.12,14.11],[124.47,13.98],[124.11,13.53]]],[[[122.13,15.01],[122.07,14.62],[121.86,14.69],[122.13,15.01]]],[[[121.49,15.14],[121.84,14.11],[122.76,14.36],[123.12,13.79],[123.24,14.11],[123.87,13.91],[123.61,13.59],[124.14,13.21],[124.12,12.5],[123.45,13.01],[123.06,12.82],[123.27,13.27],[122.69,13.85],[122.74,13.21],[121.82,13.91],[121.4,13.59],[120.62,13.79],[120.97,14.62],[120.35,14.43],[119.73,16.1],[120.01,16.42],[120.4,16.1],[120.61,18.54],[122.39,18.54],[122.22,17.64],[122.64,17.13],[121.49,15.14]]]]}},{"type":"Feature","properties":{"n":"(Dutch Republic)","f":1659,"t":1661,"w":"Q170072"},"geometry":{"type":"MultiPolygon","coordinates":[[[[18.55,-34.11],[18.17,-34.36],[17.9,-33.14],[19.36,-33.34],[20.49,-34.49],[19.42,-34.82],[18.55,-34.11]]],[[[123.16,-8.65],[122.79,-8.59],[122.91,-8.26],[123.78,-8.2],[123.16,-8.65]]],[[[106.74,-6.4],[106.3,-6.4],[106.35,-5.95],[106.79,-6.08],[106.74,-6.4]]],[[[102.1,3.05],[102.67,2.73],[102.42,2.02],[101.71,2.47],[102.1,3.05]]],[[[-2.6,4.91],[-2.52,5.11],[-2.3,5.11],[-2.6,4.91]]],[[[-1.21,5.11],[-1.8,4.85],[-1.57,5.3],[-1.21,5.11]]],[[[-0.4,5.81],[-0.26,5.81],[-0.19,5.49],[-0.4,5.81]]],[[[80.09,7.36],[80.05,6.65],[80.89,5.94],[79.95,6.14],[79.72,7.36],[80.09,7.36]]],[[[81.69,7.29],[81.43,7.81],[81.65,7.87],[81.69,7.29]]],[[[81.09,8.32],[81.04,8.58],[81.26,8.64],[81.09,8.32]]],[[[80.72,9.41],[79.99,9.35],[79.88,9.86],[80.72,9.41]]],[[[80.01,12.63],[80.31,12.76],[80.21,12.44],[80.01,12.63]]],[[[80.38,13.46],[80.41,13.08],[80.2,13.14],[80.38,13.46]]],[[[-16.56,14.3],[-16.62,13.91],[-17.45,14.69],[-16.56,14.3]]],[[[88.6,22.85],[88.37,22.79],[88.46,22.91],[88.6,22.85]]],[[[120.01,23.11],[120.17,23.88],[120.96,25.04],[121.77,25.29],[122.01,25.04],[121.54,23.3],[120.67,21.95],[120.01,23.11]]],[[[4.8,44.12],[4.88,44.25],[5.04,44.19],[4.8,44.12]]],[[[5.72,50.71],[5.71,51.05],[5.97,50.98],[5.72,50.71]]],[[[5.37,51.25],[3.41,51.45],[3.75,51.45],[3.4,51.65],[4.22,52.18],[4.69,53.19],[5.06,52.65],[5.54,53.39],[7.18,53.26],[6.68,52.65],[6.94,52.38],[6.7,51.92],[5.37,51.25]]],[[[123.74,-9.36],[124.26,-9.49],[124.65,-8.91],[125.02,-9.04],[124.61,-10.06],[123.17,-10.39],[123.74,-9.36]]],[[[124.97,-8.46],[123.8,-8.46],[124.0,-8.2],[125.02,-8.2],[124.97,-8.46]]],[[[130.95,-8.33],[130.59,-8.39],[130.86,-8.14],[130.95,-8.33]]],[[[127.66,-8.26],[127.64,-8.07],[127.79,-8.07],[127.66,-8.26]]],[[[129.76,-8.07],[129.46,-8.01],[129.44,-7.75],[129.76,-8.07]]],[[[126.4,-8.01],[125.67,-8.01],[125.71,-7.69],[126.51,-7.56],[126.4,-8.01]]],[[[130.97,-7.69],[131.58,-7.11],[131.55,-7.69],[131.22,-8.07],[130.97,-7.69]]],[[[130.81,-7.56],[130.87,-7.36],[131.02,-7.36],[130.81,-7.56]]],[[[128.38,-7.24],[128.37,-7.11],[128.59,-7.04],[128.38,-7.24]]],[[[134.53,-5.44],[134.68,-6.59],[133.97,-6.91],[133.92,-6.14],[134.53,-5.44]]],[[[132.52,-5.95],[132.5,-5.69],[132.95,-5.76],[132.52,-5.95]]],[[[133.07,-5.44],[133.01,-5.63],[132.86,-5.5],[133.07,-5.44]]],[[[128.24,-3.51],[128.25,-3.7],[127.81,-3.83],[128.24,-3.51]]],[[[127.15,-3.7],[126.65,-3.89],[125.91,-3.51],[125.89,-3.12],[127.06,-3.19],[127.15,-3.7]]],[[[128.38,-3.51],[127.71,-3.19],[128.28,-2.8],[129.66,-2.8],[130.55,-3.12],[130.73,-3.89],[129.76,-3.38],[128.38,-3.51]]],[[[126.01,-2.48],[125.26,-1.77],[126.14,-1.77],[126.01,-2.48]]],[[[125.11,-1.71],[125.19,-1.9],[124.25,-2.03],[124.46,-1.64],[125.11,-1.71]]],[[[124.96,1.25],[124.61,1.51],[125.12,1.7],[124.96,1.25]]]]}},{"type":"Feature","properties":{"n":"Polish-Lithuanian Commonwealth","f":1659,"t":1661,"w":"Q172107"},"geometry":{"type":"MultiPolygon","coordinates":[[[[20.45,49.18],[20.28,49.12],[20.29,49.25],[20.45,49.18]]],[[[26.68,55.77],[25.38,55.23],[24.57,54.27],[25.56,52.45],[27.51,51.05],[27.86,49.85],[27.31,48.65],[25.34,48.92],[25.54,48.39],[24.99,47.8],[22.78,49.12],[18.88,49.45],[19.24,49.85],[19.03,50.58],[17.55,51.25],[17.32,51.71],[16.13,51.71],[15.49,52.65],[16.1,52.86],[16.4,53.8],[16.91,53.6],[17.62,54.0],[18.02,54.89],[18.46,54.89],[18.69,54.41],[20.83,54.07],[20.1,53.66],[19.45,54.21],[18.7,53.39],[19.74,53.46],[20.4,53.06],[22.42,53.6],[22.81,54.89],[20.84,56.18],[21.6,57.63],[22.52,57.83],[23.59,57.08],[23.47,56.8],[26.15,56.39],[26.68,55.77]]]]}},{"type":"Feature","properties":{"n":"Portuguese Colonies","f":1662,"t":1669,"w":"Q200464"},"geometry":{"type":"MultiPolygon","coordinates":[[[[76.23,9.93],[76.45,9.99],[76.56,9.41],[76.26,9.35],[76.23,9.93]]],[[[75.95,11.21],[75.93,10.96],[75.59,11.34],[75.95,11.21]]],[[[75.27,11.92],[75.07,12.24],[75.29,12.31],[75.27,11.92]]],[[[74.52,15.26],[74.55,14.81],[74.24,14.62],[73.86,15.33],[74.52,15.26]]],[[[73.09,19.25],[72.87,19.25],[73.03,19.38],[73.09,19.25]]],[[[73.18,20.09],[72.89,20.15],[73.12,20.21],[73.18,20.09]]],[[[123.97,-9.49],[123.81,-9.36],[124.38,-9.16],[123.97,-9.49]]],[[[125.02,-9.04],[124.71,-8.84],[125.2,-8.52],[127.23,-8.39],[125.0,-9.55],[125.02,-9.04]]],[[[122.66,-8.71],[122.29,-8.65],[122.82,-8.07],[122.66,-8.71]]],[[[79.87,10.83],[79.86,10.73],[79.85,10.82],[79.87,10.83]]],[[[113.45,22.34],[113.69,22.4],[113.64,22.14],[113.45,22.34]]]]}},{"type":"Feature","properties":{"n":"Sultanate of Gowa","f":1662,"t":1669,"w":"Q1408641"},"geometry":{"type":"Polygon","coordinates":[[[119.66,-5.37],[119.31,-5.63],[119.21,-5.11],[119.49,-4.92],[119.66,-5.37]]]}},{"type":"Feature","properties":{"n":"(Dutch Republic)","f":1662,"t":1669,"w":"Q170072"},"geometry":{"type":"MultiPolygon","coordinates":[[[[18.55,-34.11],[18.17,-34.36],[17.9,-33.14],[19.36,-33.34],[20.49,-34.49],[19.42,-34.82],[18.55,-34.11]]],[[[118.9,-8.26],[119.08,-8.78],[118.5,-8.84],[118.39,-8.26],[118.9,-8.26]]],[[[123.16,-8.65],[122.79,-8.59],[122.91,-8.26],[123.78,-8.2],[123.16,-8.65]]],[[[106.74,-6.4],[106.3,-6.4],[106.35,-5.95],[106.79,-6.08],[106.74,-6.4]]],[[[102.1,3.05],[102.67,2.73],[102.42,2.02],[101.71,2.47],[102.1,3.05]]],[[[-2.6,4.91],[-2.52,5.11],[-2.3,5.11],[-2.6,4.91]]],[[[-1.21,5.11],[-1.8,4.85],[-1.57,5.3],[-1.21,5.11]]],[[[-0.26,5.81],[-0.19,5.49],[-0.41,5.43],[-0.26,5.81]]],[[[80.09,7.36],[80.05,6.65],[80.89,5.94],[79.95,6.14],[79.72,7.36],[80.09,7.36]]],[[[81.69,7.29],[81.43,7.81],[81.65,7.87],[81.69,7.29]]],[[[81.09,8.32],[81.04,8.58],[81.26,8.64],[81.09,8.32]]],[[[80.72,9.41],[79.99,9.35],[79.88,9.86],[80.72,9.41]]],[[[80.01,12.63],[80.31,12.76],[80.21,12.44],[80.01,12.63]]],[[[80.38,13.46],[80.41,13.08],[80.2,13.14],[80.38,13.46]]],[[[-16.56,14.3],[-16.62,13.91],[-17.45,14.69],[-16.56,14.3]]],[[[88.6,22.85],[88.37,22.79],[88.46,22.91],[88.6,22.85]]],[[[4.8,44.12],[4.88,44.25],[5.04,44.19],[4.8,44.12]]],[[[5.72,50.71],[5.71,51.05],[5.97,50.98],[5.72,50.71]]],[[[5.37,51.25],[3.41,51.45],[3.75,51.45],[3.4,51.65],[4.22,52.18],[4.69,53.19],[5.06,52.65],[5.54,53.39],[7.18,53.26],[6.68,52.65],[6.94,52.38],[6.7,51.92],[5.37,51.25]]],[[[123.74,-9.36],[124.26,-9.49],[124.65,-8.91],[125.02,-9.04],[124.61,-10.06],[123.17,-10.39],[123.74,-9.36]]],[[[124.97,-8.46],[123.8,-8.46],[124.0,-8.2],[125.02,-8.2],[124.97,-8.46]]],[[[130.95,-8.33],[130.59,-8.39],[130.86,-8.14],[130.95,-8.33]]],[[[127.66,-8.26],[127.64,-8.07],[127.79,-8.07],[127.66,-8.26]]],[[[129.76,-8.07],[129.46,-8.01],[129.44,-7.75],[129.76,-8.07]]],[[[126.4,-8.01],[125.67,-8.01],[125.71,-7.69],[126.51,-7.56],[126.4,-8.01]]],[[[130.97,-7.69],[131.58,-7.11],[131.55,-7.69],[131.22,-8.07],[130.97,-7.69]]],[[[130.81,-7.56],[130.87,-7.36],[131.02,-7.36],[130.81,-7.56]]],[[[128.38,-7.24],[128.37,-7.11],[128.59,-7.04],[128.38,-7.24]]],[[[134.53,-5.44],[134.68,-6.59],[133.97,-6.91],[133.92,-6.14],[134.53,-5.44]]],[[[132.52,-5.95],[132.5,-5.69],[132.95,-5.76],[132.52,-5.95]]],[[[133.07,-5.44],[133.01,-5.63],[132.86,-5.5],[133.07,-5.44]]],[[[128.24,-3.51],[128.25,-3.7],[127.81,-3.83],[128.24,-3.51]]],[[[127.15,-3.7],[126.65,-3.89],[125.91,-3.51],[125.89,-3.12],[127.06,-3.19],[127.15,-3.7]]],[[[128.38,-3.51],[127.71,-3.19],[128.28,-2.8],[129.66,-2.8],[130.55,-3.12],[130.73,-3.89],[129.76,-3.38],[128.38,-3.51]]],[[[126.01,-2.48],[125.26,-1.77],[126.14,-1.77],[126.01,-2.48]]],[[[125.11,-1.71],[125.19,-1.9],[124.25,-2.03],[124.46,-1.64],[125.11,-1.71]]],[[[124.96,1.25],[124.61,1.51],[125.12,1.7],[124.96,1.25]]]]}},{"type":"Feature","properties":{"n":"Polish-Lithuanian Commonwealth","f":1662,"t":1672,"w":"Q172107"},"geometry":{"type":"MultiPolygon","coordinates":[[[[20.45,49.18],[20.28,49.12],[20.29,49.25],[20.45,49.18]]],[[[27.21,57.56],[27.8,57.35],[27.72,56.87],[28.48,57.14],[28.29,56.52],[29.1,56.59],[29.14,56.32],[31.44,56.39],[31.42,55.77],[30.88,55.7],[31.41,54.75],[31.09,54.41],[32.58,54.0],[32.63,53.33],[31.31,53.19],[31.66,52.18],[30.58,51.85],[30.02,50.31],[31.02,50.25],[32.82,49.38],[30.73,48.72],[30.55,47.99],[29.53,47.8],[29.39,47.33],[27.39,48.65],[25.34,48.92],[25.54,48.39],[24.91,47.8],[22.78,49.12],[18.88,49.45],[19.24,49.85],[19.03,50.58],[17.55,51.25],[17.32,51.71],[16.13,51.71],[15.49,52.65],[16.1,52.86],[16.4,53.8],[16.91,53.6],[17.62,54.0],[18.02,54.89],[18.46,54.89],[18.69,54.41],[20.83,54.07],[20.1,53.66],[19.45,54.21],[18.7,53.39],[19.74,53.46],[20.4,53.06],[22.42,53.6],[22.81,54.89],[20.84,56.18],[21.6,57.63],[22.52,57.83],[23.59,57.08],[23.47,56.8],[25.45,56.39],[26.53,56.59],[27.21,57.56]]]]}},{"type":"Feature","properties":{"n":"(Holy Roman Empire)","f":1662,"t":1669,"w":"Q12548"},"geometry":{"type":"MultiPolygon","coordinates":[[[[8.03,44.06],[8.11,44.52],[8.59,44.71],[8.03,44.06]]],[[[8.75,44.91],[8.51,44.91],[8.59,45.04],[8.75,44.91]]],[[[6.83,47.14],[7.08,46.94],[6.51,46.87],[6.83,47.14]]],[[[6.99,47.47],[6.82,47.53],[6.98,47.66],[6.99,47.47]]],[[[7.55,47.93],[7.89,47.66],[7.56,47.53],[7.55,47.93]]],[[[7.2,48.99],[7.2,48.85],[7.03,48.85],[7.2,48.99]]],[[[8.46,53.94],[8.81,53.87],[8.72,53.66],[8.46,53.94]]],[[[9.4,54.82],[9.58,54.55],[8.8,54.14],[8.71,54.61],[9.4,54.82]]],[[[9.4,44.45],[9.32,45.17],[10.45,45.04],[10.62,45.43],[11.35,44.97],[10.78,43.93],[9.4,44.45]]],[[[11.52,46.61],[12.09,46.68],[11.02,45.76],[10.45,45.89],[10.53,46.55],[11.52,46.61]]],[[[9.54,47.2],[9.63,47.14],[9.46,47.14],[9.54,47.2]]],[[[13.0,47.53],[13.18,48.06],[13.74,47.07],[12.18,47.07],[12.51,47.66],[13.0,47.53]]],[[[13.36,48.99],[14.1,48.65],[13.85,48.46],[13.27,48.59],[13.36,48.99]]],[[[12.8,50.65],[12.63,50.65],[12.55,50.91],[12.8,50.65]]],[[[7.95,48.52],[7.53,49.12],[6.69,49.18],[7.01,49.65],[6.35,49.58],[6.58,50.11],[6.07,50.25],[6.4,50.51],[6.07,50.45],[5.97,50.98],[5.71,51.05],[5.9,50.38],[4.65,50.11],[5.77,51.78],[6.88,51.45],[6.45,51.85],[6.95,52.25],[6.68,52.65],[7.18,53.33],[6.91,53.6],[8.38,53.66],[8.82,52.79],[10.79,54.27],[11.48,53.8],[11.4,54.14],[12.44,54.41],[13.12,53.66],[13.55,53.8],[13.2,53.33],[11.74,53.6],[11.13,53.26],[11.39,53.06],[10.79,52.99],[11.13,52.38],[12.33,52.79],[12.4,51.71],[11.63,51.25],[10.61,51.38],[10.19,51.11],[11.88,50.98],[12.05,51.31],[12.55,50.91],[11.79,50.85],[12.21,50.78],[12.12,50.18],[11.2,49.78],[11.28,49.12],[10.94,48.85],[10.03,49.12],[10.53,48.26],[10.12,48.06],[10.53,48.19],[10.69,47.73],[10.37,47.33],[9.04,47.73],[9.29,47.99],[8.22,47.66],[8.21,47.99],[8.21,48.26],[7.71,48.32],[7.95,48.52]],[[8.46,47.99],[8.38,48.13],[8.21,47.99],[8.46,47.99]],[[11.38,51.51],[11.46,51.65],[10.95,51.71],[10.87,51.45],[11.38,51.51]],[[10.2,48.46],[10.11,48.46],[10.11,48.32],[10.2,48.46]],[[9.95,48.46],[9.45,48.46],[9.45,48.19],[9.95,48.46]],[[9.54,47.86],[9.54,47.99],[9.37,47.93],[9.54,47.86]],[[9.37,48.26],[9.37,48.46],[9.2,48.32],[9.37,48.26]],[[8.71,48.19],[8.79,48.32],[8.54,48.32],[8.71,48.19]],[[9.04,48.19],[9.04,48.26],[8.87,48.32],[9.04,48.19]],[[8.91,52.12],[8.91,52.52],[8.14,52.59],[7.98,51.98],[8.91,52.12]],[[8.71,47.99],[8.63,47.99],[8.79,47.86],[8.71,47.99]],[[8.62,48.65],[8.53,48.59],[8.62,48.52],[8.62,48.65]],[[8.45,48.39],[8.21,48.39],[8.29,48.32],[8.45,48.39]],[[8.29,48.59],[8.37,48.46],[8.45,48.59],[8.29,48.59]],[[7.8,52.18],[7.71,52.52],[7.28,52.59],[7.8,52.18]],[[7.23,51.18],[7.64,51.51],[7.56,51.65],[7.05,51.58],[7.23,51.18]]],[[[9.93,54.55],[10.19,54.55],[10.1,54.21],[9.75,54.14],[9.93,54.55]]],[[[9.75,55.57],[8.53,54.89],[8.79,55.77],[9.75,55.57]]]]}},{"type":"Feature","properties":{"n":"Dutch Republic","f":1662,"t":1669,"w":"Q170072"},"geometry":{"type":"MultiPolygon","coordinates":[[[[123.74,-9.36],[124.26,-9.49],[124.65,-8.91],[125.02,-9.04],[124.61,-10.06],[123.17,-10.39],[123.74,-9.36]]],[[[118.9,-8.26],[119.08,-8.78],[118.5,-8.84],[118.39,-8.26],[118.9,-8.26]]],[[[123.16,-8.65],[122.79,-8.59],[122.91,-8.26],[123.78,-8.2],[123.16,-8.65]]],[[[124.97,-8.46],[123.8,-8.46],[124.0,-8.2],[125.02,-8.2],[124.97,-8.46]]],[[[106.74,-6.4],[106.3,-6.4],[106.35,-5.95],[106.79,-6.08],[106.74,-6.4]]],[[[102.1,3.05],[102.67,2.73],[102.42,2.02],[101.71,2.47],[102.1,3.05]]],[[[80.09,7.36],[80.05,6.65],[80.89,5.94],[79.95,6.14],[79.72,7.29],[80.09,7.36]]],[[[81.69,7.29],[81.43,7.81],[81.65,7.87],[81.69,7.29]]],[[[81.09,8.32],[81.04,8.58],[81.26,8.64],[81.09,8.32]]],[[[80.72,9.41],[79.99,9.35],[79.88,9.86],[80.72,9.41]]],[[[80.01,12.63],[80.31,12.76],[80.21,12.44],[80.01,12.63]]],[[[80.38,13.46],[80.41,13.08],[80.2,13.14],[80.38,13.46]]],[[[88.6,22.85],[88.37,22.79],[88.46,22.91],[88.6,22.85]]],[[[5.04,44.19],[4.8,44.12],[4.88,44.25],[5.04,44.19]]],[[[5.72,50.71],[5.71,51.05],[5.97,50.98],[5.72,50.71]]],[[[5.37,51.25],[3.41,51.45],[3.75,51.45],[3.4,51.65],[4.22,52.18],[4.69,53.19],[5.06,52.65],[5.54,53.39],[7.18,53.26],[6.68,52.65],[6.94,52.38],[6.7,51.92],[5.37,51.25]]],[[[130.95,-8.33],[130.59,-8.39],[130.86,-8.14],[130.95,-8.33]]],[[[127.66,-8.26],[127.64,-8.07],[127.79,-8.07],[127.66,-8.26]]],[[[129.76,-8.07],[129.46,-8.01],[129.44,-7.75],[129.76,-8.07]]],[[[126.4,-8.01],[125.67,-8.01],[125.71,-7.69],[126.51,-7.56],[126.4,-8.01]]],[[[131.0,-8.07],[130.97,-7.69],[131.58,-7.11],[131.0,-8.07]]],[[[130.81,-7.56],[130.87,-7.36],[131.02,-7.36],[130.81,-7.56]]],[[[128.38,-7.24],[128.37,-7.11],[128.59,-7.04],[128.38,-7.24]]],[[[134.53,-5.44],[134.68,-6.59],[133.97,-6.91],[133.92,-6.14],[134.53,-5.44]]],[[[132.52,-5.95],[132.5,-5.69],[132.95,-5.76],[132.52,-5.95]]],[[[132.86,-5.5],[133.07,-5.44],[133.01,-5.56],[132.86,-5.5]]],[[[128.24,-3.51],[128.25,-3.7],[127.81,-3.83],[128.24,-3.51]]],[[[127.15,-3.7],[126.65,-3.89],[125.91,-3.51],[125.89,-3.12],[127.06,-3.19],[127.15,-3.7]]],[[[128.38,-3.51],[127.71,-3.19],[128.28,-2.8],[129.66,-2.8],[130.55,-3.12],[130.73,-3.89],[129.76,-3.38],[128.38,-3.51]]],[[[126.01,-2.48],[125.26,-1.77],[126.14,-1.77],[126.01,-2.48]]],[[[125.11,-1.71],[125.19,-1.9],[124.25,-2.03],[124.24,-1.64],[125.11,-1.71]]],[[[124.96,1.25],[124.61,1.51],[124.76,1.7],[125.12,1.7],[124.96,1.25]]]]}},{"type":"Feature","properties":{"n":"Zaporozhian Cossacks","f":1662,"t":1669,"w":"Q1076173"},"geometry":{"type":"Polygon","coordinates":[[[38.42,47.6],[37.46,47.27],[35.05,47.66],[33.72,47.07],[30.59,47.66],[30.73,48.72],[33.17,49.52],[35.15,49.85],[35.81,49.32],[39.25,48.99],[38.42,47.6]]]}},{"type":"Feature","properties":{"n":"Denmark-Norway","f":1662,"t":1669,"w":"Q62651"},"geometry":{"type":"MultiPolygon","coordinates":[[[[9.75,54.14],[10.19,54.48],[11.05,54.21],[9.76,53.6],[8.81,53.94],[9.58,54.55],[8.53,54.89],[9.31,55.57],[10.8,55.43],[10.71,54.75],[10.01,55.02],[9.75,54.14]]],[[[10.97,55.29],[10.89,55.77],[12.48,56.18],[12.1,54.75],[10.88,54.75],[10.97,55.02],[11.67,54.89],[10.97,55.29]]],[[[10.63,55.77],[10.36,55.77],[10.45,55.98],[10.63,55.77]]],[[[9.84,55.7],[8.79,55.77],[8.53,55.36],[8.0,55.63],[7.98,56.66],[8.5,57.21],[10.46,57.77],[10.28,56.59],[10.9,56.52],[10.81,56.18],[10.28,56.25],[9.84,55.7]]],[[[-6.71,61.41],[-6.99,61.48],[-7.02,61.62],[-6.71,61.41]]],[[[-6.66,62.26],[-6.69,61.9],[-7.28,62.05],[-6.66,62.26]]],[[[8.22,63.34],[7.75,63.34],[7.75,63.48],[8.22,63.34]]],[[[-19.55,65.81],[-19.2,66.25],[-17.59,66.03],[-15.79,66.55],[-13.7,65.59],[-13.47,65.08],[-14.8,64.28],[-15.5,64.42],[-18.16,63.41],[-19.39,63.41],[-21.15,63.91],[-22.8,63.77],[-22.83,64.13],[-22.17,64.13],[-22.1,64.49],[-24.16,64.93],[-22.06,65.52],[-24.03,65.37],[-24.42,65.66],[-23.8,65.81],[-23.67,66.25],[-22.94,66.11],[-23.0,66.55],[-21.48,66.11],[-21.26,65.44],[-20.4,65.74],[-20.54,66.18],[-19.55,65.81]]],[[[15.08,55.23],[15.07,55.02],[14.64,55.09],[15.08,55.23]]],[[[28.18,70.57],[28.68,70.95],[31.03,70.57],[29.66,69.95],[30.92,69.72],[28.85,69.03],[29.2,69.72],[26.52,69.95],[24.86,68.57],[22.78,68.65],[21.07,69.26],[20.24,69.03],[19.96,68.42],[18.09,68.57],[18.05,68.12],[17.05,68.05],[16.12,67.44],[16.38,67.07],[14.57,66.11],[14.54,65.44],[13.64,64.71],[14.1,64.13],[12.19,63.77],[12.14,61.76],[12.78,61.19],[12.31,60.98],[12.57,60.35],[11.83,59.85],[11.64,58.95],[10.47,59.64],[10.37,59.16],[7.6,57.97],[5.51,58.6],[6.03,59.36],[5.21,59.29],[5.45,60.14],[4.9,60.21],[5.08,62.26],[5.92,62.19],[6.64,62.76],[7.68,62.62],[6.92,63.05],[7.95,63.05],[8.32,63.34],[8.22,63.55],[8.5,63.7],[9.26,63.41],[10.3,64.42],[11.44,64.57],[11.45,65.0],[12.13,65.15],[12.53,65.74],[12.35,66.25],[12.82,66.03],[12.94,66.62],[15.88,68.27],[14.19,68.2],[14.9,68.57],[14.42,68.8],[15.03,69.11],[15.52,68.8],[15.75,69.33],[16.15,69.33],[15.92,68.88],[17.52,68.88],[17.65,69.18],[17.04,69.11],[16.87,69.49],[18.58,69.49],[18.2,69.72],[19.59,70.33],[19.84,69.87],[20.81,70.33],[20.77,70.02],[21.77,69.95],[21.43,70.41],[22.33,70.33],[22.41,70.8],[24.33,70.72],[25.87,71.27],[25.88,70.8],[26.75,71.03],[26.56,70.64],[26.96,70.57],[27.71,71.19],[28.46,70.88],[28.18,70.57]]],[[[12.89,68.12],[13.19,68.12],[13.19,67.97],[12.89,68.12]]],[[[13.58,68.05],[13.39,68.05],[13.7,68.42],[14.09,68.2],[13.58,68.05]]],[[[23.97,70.95],[23.99,71.11],[24.1,71.11],[23.97,70.95]]]]}},{"type":"Feature","properties":{"n":"(Kingdom of France)","f":1662,"t":1669,"w":"Q207162"},"geometry":{"type":"MultiPolygon","coordinates":[[[[-61.71,12.24],[-61.57,12.24],[-61.55,11.99],[-61.71,12.24]]],[[[-60.82,14.04],[-60.8,13.72],[-60.94,13.66],[-60.82,14.04]]],[[[-60.78,14.43],[-61.08,14.49],[-61.19,14.88],[-60.78,14.43]]],[[[-61.77,16.29],[-61.35,16.49],[-61.17,16.23],[-61.74,15.97],[-61.77,16.29]]],[[[-64.65,17.71],[-64.73,17.71],[-64.73,17.77],[-64.65,17.71]]],[[[-64.88,17.71],[-64.89,17.84],[-64.74,17.84],[-64.88,17.71]]],[[[-62.95,18.29],[-62.93,18.09],[-63.08,18.16],[-62.95,18.29]]],[[[-65.51,44.91],[-65.28,44.58],[-65.69,44.58],[-65.51,44.91]]],[[[-66.3,45.56],[-65.89,45.56],[-65.88,45.37],[-66.3,45.56]]],[[[-74.2,45.24],[-74.48,45.63],[-73.52,46.61],[-71.58,47.14],[-70.59,46.81],[-73.61,46.15],[-74.2,45.24]]],[[[47.09,-24.79],[46.97,-25.11],[46.53,-25.24],[47.09,-24.79]]],[[[-16.24,15.78],[-16.6,15.65],[-16.47,16.16],[-16.24,15.78]]],[[[5.7,48.99],[5.36,48.99],[5.26,49.58],[4.87,48.99],[5.3,48.59],[5.87,48.85],[5.88,48.46],[5.38,48.52],[5.82,47.73],[5.38,46.28],[6.03,46.22],[5.48,45.56],[6.64,44.84],[6.81,44.32],[6.42,44.06],[6.91,43.54],[5.8,43.15],[3.85,43.6],[2.98,43.15],[3.09,42.5],[2.46,42.37],[-1.43,43.08],[-1.69,43.41],[-1.03,45.5],[-1.25,46.28],[-2.84,47.6],[-4.42,47.8],[-4.91,48.52],[-3.46,48.92],[-1.6,48.65],[-2.03,49.78],[0.01,49.38],[0.22,49.85],[1.45,50.25],[1.66,51.05],[2.07,51.11],[2.44,50.58],[4.74,50.11],[5.6,49.45],[5.7,48.99]]],[[[-53.67,47.2],[-54.08,47.2],[-54.02,47.66],[-53.67,47.2]]],[[[-53.64,47.53],[-53.72,47.53],[-53.75,47.6],[-53.64,47.53]]],[[[6.72,48.19],[6.47,48.32],[6.54,48.52],[6.72,48.19]]],[[[7.56,47.6],[6.98,47.53],[7.04,48.52],[6.45,48.85],[5.86,48.99],[5.85,49.32],[7.03,49.05],[6.61,48.99],[6.87,48.79],[7.36,48.92],[7.71,48.39],[7.56,47.6]]],[[[6.04,48.79],[5.87,48.85],[5.95,48.92],[6.04,48.79]]]]}},{"type":"Feature","properties":{"n":"Southern Ming","f":1662,"t":1672,"w":"Q1198163"},"geometry":{"type":"Polygon","coordinates":[[[120.01,23.11],[120.17,23.88],[120.96,25.04],[121.77,25.29],[122.01,25.04],[120.67,21.95],[120.01,23.11]]]}},{"type":"Feature","properties":{"n":"Ottoman Empire","f":1662,"t":1669,"w":"Q12560"},"geometry":{"type":"MultiPolygon","coordinates":[[[[22.48,46.28],[21.52,45.37],[22.55,44.97],[22.5,44.32],[22.95,43.8],[25.43,43.6],[27.83,44.19],[27.86,45.3],[28.89,46.48],[31.92,47.14],[31.94,46.68],[30.88,46.68],[29.61,45.69],[29.53,44.91],[28.8,44.97],[28.48,43.47],[27.51,42.63],[27.98,41.65],[28.96,41.13],[31.18,41.07],[32.63,41.91],[34.88,42.04],[35.95,41.72],[36.21,41.26],[38.3,40.87],[40.37,40.94],[41.58,41.52],[42.86,41.59],[43.77,40.87],[43.65,40.16],[44.77,39.77],[44.07,39.38],[44.31,37.9],[45.35,36.03],[46.25,35.84],[45.44,33.91],[46.23,32.94],[47.6,32.3],[47.98,31.72],[47.74,31.01],[48.6,29.99],[48.4,29.6],[45.68,30.31],[43.15,32.81],[40.93,34.1],[38.91,33.26],[37.31,30.89],[37.16,30.05],[41.41,23.11],[43.69,20.09],[44.31,19.38],[44.46,19.44],[43.51,18.29],[43.04,16.49],[41.24,18.61],[40.85,19.7],[39.35,20.79],[38.6,23.62],[37.44,24.33],[37.27,25.23],[35.41,27.87],[34.59,28.06],[34.91,29.41],[34.12,27.74],[32.44,29.79],[35.15,24.65],[35.86,24.01],[35.55,23.69],[35.81,22.91],[31.23,22.01],[31.32,22.4],[30.01,23.11],[28.57,24.65],[28.15,27.35],[25.37,29.28],[22.77,30.37],[20.95,30.56],[18.73,29.99],[15.18,30.89],[14.28,31.91],[11.77,32.3],[9.63,33.14],[8.93,34.16],[7.61,34.55],[2.92,34.36],[2.45,34.61],[1.75,34.74],[-0.47,34.36],[-1.58,33.46],[-1.72,34.68],[-2.12,35.07],[-1.36,35.26],[-1.22,35.64],[-0.67,35.45],[0.68,36.42],[4.47,36.93],[5.56,36.67],[6.33,37.06],[8.52,36.87],[9.6,37.32],[10.23,37.25],[10.23,36.8],[11.01,37.0],[10.46,35.9],[11.08,35.58],[11.08,35.0],[10.0,34.29],[10.24,33.71],[12.23,32.81],[13.3,32.94],[15.06,32.43],[15.65,31.4],[17.85,30.95],[18.97,30.24],[20.2,30.89],[20.02,32.24],[21.88,32.94],[23.09,32.62],[23.3,32.17],[24.89,31.98],[25.25,31.46],[26.85,31.46],[28.87,30.82],[30.97,31.66],[31.88,31.46],[32.0,31.08],[34.3,31.27],[35.64,34.36],[36.05,34.55],[35.84,36.29],[36.14,36.93],[35.49,36.61],[34.58,36.87],[33.98,36.29],[32.71,36.03],[31.09,36.93],[29.94,36.22],[29.24,36.22],[29.12,36.74],[28.59,36.87],[28.03,36.67],[28.07,37.13],[27.22,37.32],[27.28,38.03],[26.43,38.22],[26.38,38.67],[27.06,38.35],[26.85,39.58],[26.13,39.51],[26.6,40.48],[29.05,40.36],[28.91,40.61],[29.48,40.74],[28.17,41.13],[26.92,40.48],[25.38,41.0],[23.7,40.81],[23.74,40.23],[22.65,40.61],[22.61,39.9],[23.14,39.45],[22.8,39.06],[23.49,38.87],[22.94,38.74],[24.03,38.67],[24.16,38.22],[23.98,37.84],[23.04,37.9],[23.4,37.32],[22.71,37.58],[23.06,36.67],[22.36,36.67],[22.22,37.06],[21.74,36.87],[21.7,37.51],[21.24,37.84],[21.74,38.35],[20.74,38.8],[20.91,39.06],[19.25,40.61],[19.54,41.78],[18.71,42.82],[17.52,43.02],[16.82,43.73],[15.23,44.32],[15.8,44.71],[15.82,45.24],[16.22,45.04],[17.3,45.69],[16.91,46.22],[17.26,46.74],[18.17,46.87],[19.21,47.93],[20.69,47.8],[21.21,46.87],[21.89,47.2],[22.48,46.28]]],[[[2.53,34.42],[2.53,34.49],[2.61,34.49],[2.53,34.42]]],[[[23.62,35.52],[26.23,35.19],[24.82,35.0],[23.62,35.52]]],[[[27.19,36.8],[26.87,36.67],[27.04,36.93],[27.19,36.8]]],[[[25.57,37.13],[25.56,37.0],[25.33,37.0],[25.57,37.13]]],[[[24.36,37.71],[24.43,37.58],[24.27,37.51],[24.36,37.71]]],[[[26.31,37.71],[26.3,37.58],[25.99,37.51],[26.31,37.71]]],[[[24.77,38.03],[25.07,37.77],[24.83,37.71],[24.77,38.03]]],[[[26.22,38.55],[26.11,38.16],[25.88,38.16],[26.22,38.55]]],[[[23.56,38.74],[23.48,38.74],[23.49,38.8],[23.56,38.74]]],[[[24.67,38.93],[24.66,38.74],[24.36,38.87],[24.67,38.93]]],[[[25.79,39.19],[26.04,39.38],[26.64,39.0],[25.79,39.19]]],[[[20.15,39.58],[20.07,39.58],[20.07,39.64],[20.15,39.58]]],[[[25.46,40.03],[25.45,39.84],[24.97,39.84],[25.46,40.03]]],[[[26.04,40.29],[26.02,40.16],[25.7,40.1],[26.04,40.29]]],[[[24.81,40.81],[24.79,40.61],[24.55,40.55],[24.81,40.81]]],[[[43.17,11.54],[44.08,10.57],[45.11,10.51],[44.87,10.06],[43.71,10.25],[43.17,11.54]]],[[[43.24,13.08],[43.25,13.4],[43.68,13.27],[43.81,12.69],[43.24,13.08]]],[[[39.3,15.39],[39.26,16.04],[39.41,16.04],[39.74,15.26],[39.3,15.39]]],[[[37.7,18.8],[37.54,18.61],[37.1,18.74],[37.34,19.12],[37.7,18.8]]],[[[44.25,19.57],[44.25,19.64],[44.33,19.64],[44.25,19.57]]],[[[44.18,19.64],[44.18,19.7],[44.26,19.7],[44.18,19.64]]],[[[40.06,25.49],[40.06,25.55],[40.14,25.55],[40.06,25.49]]],[[[33.04,34.55],[32.23,34.94],[34.54,35.71],[34.09,35.0],[33.04,34.55]]],[[[28.02,36.48],[28.25,36.48],[28.14,36.03],[27.74,35.9],[28.02,36.48]]],[[[41.33,42.89],[41.17,42.89],[41.2,43.02],[41.33,42.89]]],[[[40.96,43.02],[40.97,43.08],[41.13,43.08],[40.96,43.02]]],[[[33.93,44.45],[33.47,44.65],[35.4,45.1],[33.93,44.45]]],[[[36.42,45.43],[36.38,45.17],[36.23,45.24],[36.42,45.43]]],[[[39.48,47.07],[39.22,47.01],[39.13,47.4],[39.48,47.07]]]]}},{"type":"Feature","properties":{"n":"First Toungoo Empire","f":1662,"t":1669,"w":"Q23039102"},"geometry":{"type":"Polygon","coordinates":[[[100.15,20.54],[100.6,20.09],[100.57,18.93],[99.58,18.29],[98.64,18.41],[97.84,17.96],[95.61,15.71],[94.24,15.97],[95.16,18.35],[94.45,20.6],[92.99,21.82],[93.4,24.01],[94.21,23.94],[95.16,26.58],[96.21,27.29],[97.16,27.16],[97.0,27.74],[97.48,28.51],[98.74,27.48],[98.84,26.58],[98.67,25.81],[97.65,24.78],[97.65,23.94],[98.88,24.14],[98.94,23.24],[99.57,22.98],[99.29,22.14],[99.94,22.08],[100.22,21.5],[101.16,21.76],[100.15,20.54]]]}},{"type":"Feature","properties":{"n":"Mughal Empire","f":1662,"t":1669,"w":"Q33296"},"geometry":{"type":"Polygon","coordinates":[[[75.31,37.0],[75.96,36.55],[76.09,35.9],[78.87,34.49],[78.56,32.04],[79.45,31.01],[81.01,30.18],[80.35,29.6],[80.17,28.7],[83.08,27.42],[84.43,27.42],[85.27,26.71],[86.65,26.45],[90.02,26.0],[91.57,26.64],[92.59,26.52],[92.6,25.81],[91.79,25.04],[91.26,23.69],[90.64,23.49],[90.86,22.01],[88.73,21.63],[88.64,22.08],[88.35,21.56],[88.1,21.95],[87.07,21.44],[86.84,20.28],[86.11,19.76],[85.37,19.83],[84.39,18.48],[83.28,19.06],[81.74,19.19],[78.49,18.61],[78.02,18.41],[78.04,17.9],[73.14,17.64],[73.1,19.38],[72.8,19.31],[72.63,19.83],[73.08,21.18],[72.63,21.18],[72.53,22.27],[72.11,21.89],[72.1,21.11],[70.72,20.66],[68.95,22.21],[70.37,22.91],[68.81,22.98],[68.16,23.81],[67.29,24.07],[67.21,24.71],[66.63,24.84],[66.23,25.81],[66.69,29.86],[65.99,30.18],[65.55,32.3],[66.23,33.71],[66.33,36.22],[68.62,36.1],[68.88,36.8],[68.51,37.19],[70.08,37.51],[70.71,38.42],[71.18,38.42],[71.57,37.84],[71.58,36.74],[73.66,37.51],[73.69,37.06],[75.31,37.0]],[[88.46,22.91],[88.37,22.79],[88.6,22.85],[88.46,22.91]],[[73.18,20.09],[73.19,20.21],[73.12,20.21],[73.18,20.09]]]}},{"type":"Feature","properties":{"n":"English Colonial Empire","f":1662,"t":1669,"w":"Q617219"},"geometry":{"type":"MultiPolygon","coordinates":[[[[-64.65,17.64],[-64.87,17.64],[-64.73,17.77],[-64.65,17.64]]],[[[-77.74,17.84],[-78.39,18.29],[-77.01,18.48],[-76.12,17.9],[-77.74,17.84]]],[[[-76.73,35.97],[-77.14,36.22],[-76.8,36.35],[-76.73,35.97]]],[[[-76.7,37.71],[-75.81,36.61],[-76.79,36.55],[-77.64,37.71],[-76.7,37.71]]],[[[-76.88,38.35],[-76.91,38.42],[-76.83,38.42],[-76.88,38.35]]],[[[-75.93,39.64],[-76.47,39.26],[-76.31,38.09],[-76.72,38.16],[-76.86,38.67],[-77.23,39.19],[-75.93,39.64]]],[[[-75.32,39.13],[-75.05,38.67],[-75.42,38.8],[-75.32,39.13]]],[[[-71.99,41.13],[-71.99,40.94],[-73.38,40.68],[-73.74,41.13],[-71.99,41.13]]],[[[-73.17,41.46],[-72.77,41.26],[-73.06,41.2],[-73.17,41.46]]],[[[-70.73,41.33],[-70.73,41.52],[-70.58,41.52],[-70.73,41.33]]],[[[-70.66,41.72],[-70.69,41.78],[-70.61,41.78],[-70.66,41.72]]],[[[-70.05,41.59],[-70.44,41.59],[-70.67,41.91],[-71.02,41.98],[-71.52,41.33],[-72.45,41.26],[-72.67,42.11],[-71.71,42.11],[-71.98,42.69],[-71.08,42.82],[-70.77,43.54],[-70.49,43.28],[-70.98,42.43],[-70.37,41.78],[-69.95,41.91],[-70.05,41.59]]],[[[-70.39,43.41],[-70.59,43.67],[-70.44,43.86],[-70.14,43.73],[-70.39,43.41]]],[[[-69.33,44.06],[-69.48,43.86],[-69.95,44.19],[-69.33,44.06]]],[[[-1.06,5.43],[-0.92,5.43],[-0.85,5.17],[-1.06,5.43]]],[[[-57.26,5.49],[-57.12,5.94],[-54.06,5.81],[-54.27,5.24],[-55.87,5.17],[-56.09,5.49],[-57.26,5.49]]],[[[-12.51,7.61],[-12.51,7.42],[-12.95,7.49],[-12.51,7.61]]],[[[80.11,12.95],[80.35,13.14],[80.31,12.76],[80.11,12.95]]],[[[-59.36,13.08],[-59.57,13.01],[-59.67,13.34],[-59.36,13.08]]],[[[-61.64,17.19],[-61.62,16.94],[-61.76,16.94],[-61.64,17.19]]],[[[-64.65,17.71],[-64.66,17.77],[-64.59,17.77],[-64.65,17.71]]],[[[-64.66,17.77],[-64.73,17.77],[-64.74,17.84],[-64.66,17.77]]],[[[72.87,19.25],[73.09,19.25],[72.99,18.99],[72.87,19.25]]],[[[73.08,21.18],[73.05,20.92],[72.89,20.86],[72.63,21.18],[73.08,21.18]]],[[[-64.86,32.3],[-64.65,32.36],[-64.67,32.17],[-64.86,32.3]]],[[[-6.0,35.39],[-5.88,35.77],[-5.72,35.77],[-6.0,35.39]]],[[[-53.75,46.81],[-53.31,48.13],[-52.86,48.06],[-53.25,47.6],[-52.76,47.8],[-52.62,47.47],[-52.85,46.81],[-53.75,46.81]]],[[[-53.06,48.72],[-52.95,48.46],[-53.58,48.59],[-53.06,48.72]]]]}},{"type":"Feature","properties":{"n":"Principality of Transylvania","f":1662,"t":1669,"w":"Q655621"},"geometry":{"type":"Polygon","coordinates":[[[25.35,45.37],[23.48,45.5],[22.14,44.97],[21.53,45.56],[22.38,46.02],[22.41,46.48],[22.09,46.48],[21.89,47.2],[21.21,46.87],[20.68,47.66],[22.78,49.12],[24.69,48.13],[25.02,47.2],[25.67,47.14],[26.44,45.76],[25.35,45.37]]]}},{"type":"Feature","properties":{"n":"Tsardom of Russia","f":1662,"t":1669,"w":"Q186096"},"geometry":{"type":"MultiPolygon","coordinates":[[[[41.2,50.71],[41.29,50.71],[41.27,50.65],[41.2,50.71]]],[[[27.0,57.35],[27.09,57.35],[27.08,57.28],[27.0,57.35]]],[[[118.9,73.73],[118.4,73.33],[120.56,73.0],[123.08,73.0],[123.21,73.57],[124.01,73.81],[128.08,73.57],[129.12,73.16],[128.74,72.92],[129.22,72.76],[128.74,72.53],[129.64,72.37],[128.31,71.97],[130.99,70.8],[132.46,71.97],[133.49,71.5],[139.7,71.58],[139.36,71.81],[139.8,72.21],[139.0,72.29],[141.34,72.92],[146.82,72.53],[145.13,71.74],[147.41,72.45],[149.62,72.29],[150.1,71.97],[148.95,71.74],[151.81,71.42],[152.49,70.88],[155.5,71.19],[159.39,70.95],[160.15,70.64],[159.78,69.87],[160.89,69.64],[166.9,69.56],[168.17,69.87],[168.45,69.26],[170.75,68.88],[168.43,67.15],[168.24,65.96],[168.72,65.44],[176.57,65.15],[176.19,64.93],[176.38,64.71],[177.59,64.86],[177.46,64.35],[178.45,64.42],[178.89,63.91],[178.58,63.62],[179.76,62.83],[179.0,62.33],[177.06,62.62],[175.79,62.19],[170.67,62.83],[163.99,62.69],[163.19,62.47],[163.47,62.47],[163.07,61.9],[163.42,61.83],[163.0,61.55],[162.27,61.62],[160.17,60.63],[160.23,61.05],[159.67,60.98],[160.28,61.9],[157.38,61.76],[154.25,59.85],[154.14,59.5],[154.96,59.64],[155.12,59.22],[153.4,59.22],[152.85,58.88],[151.23,58.88],[152.05,59.29],[149.7,59.78],[148.61,59.22],[145.8,59.16],[145.61,59.43],[142.45,59.22],[142.7,59.71],[141.33,59.78],[124.42,60.21],[123.37,59.57],[120.91,55.98],[118.37,54.55],[115.51,51.98],[112.07,52.05],[112.22,53.73],[110.78,55.84],[109.32,55.77],[108.12,54.0],[106.49,52.79],[104.91,51.92],[103.71,51.78],[101.79,52.32],[100.16,53.39],[99.01,52.86],[97.81,52.99],[93.63,54.68],[86.66,53.26],[84.45,56.8],[70.99,56.8],[62.66,56.39],[61.92,55.91],[59.93,51.92],[57.96,51.65],[54.24,52.45],[52.58,52.32],[51.92,49.91],[52.11,46.94],[50.84,47.14],[47.57,45.76],[46.69,44.71],[47.34,43.99],[46.8,43.73],[46.19,44.25],[47.41,46.15],[47.25,46.55],[46.3,47.4],[43.77,48.32],[45.2,50.85],[45.2,51.51],[43.52,51.58],[41.37,50.71],[40.51,51.38],[39.66,51.38],[36.43,50.45],[35.43,51.38],[34.53,51.58],[34.04,50.71],[34.98,49.85],[32.33,49.45],[31.02,50.25],[30.02,50.31],[30.58,51.85],[31.66,52.18],[31.31,53.19],[32.63,53.33],[32.36,54.27],[31.09,54.41],[31.41,54.75],[30.88,55.7],[31.42,55.77],[31.44,56.39],[30.0,56.18],[29.88,56.52],[28.29,56.52],[28.48,57.14],[27.72,56.87],[27.8,57.35],[27.3,57.56],[27.98,57.9],[27.94,58.25],[27.48,58.18],[27.94,59.29],[30.08,59.16],[30.86,59.43],[30.66,59.78],[31.1,60.21],[31.82,60.14],[32.09,60.56],[32.17,60.91],[31.6,61.26],[32.14,62.47],[30.05,63.7],[30.55,64.28],[29.81,64.86],[30.31,65.81],[29.05,66.77],[29.94,67.67],[28.42,68.42],[28.63,68.95],[30.96,69.87],[32.31,70.02],[33.44,69.33],[36.13,69.26],[41.0,67.74],[41.39,67.15],[41.04,66.7],[38.68,66.03],[32.55,67.07],[33.0,66.55],[34.87,65.88],[34.44,65.37],[34.98,64.49],[37.39,63.91],[37.88,63.99],[37.89,64.35],[36.79,64.49],[36.36,65.0],[37.21,65.3],[38.21,64.79],[40.19,64.71],[39.54,65.37],[40.4,65.96],[41.96,66.55],[43.97,66.18],[44.37,67.0],[43.6,67.3],[44.17,68.27],[43.45,68.73],[45.88,68.57],[46.66,67.82],[44.93,67.44],[45.81,66.92],[47.37,66.92],[47.78,67.67],[53.28,69.03],[54.04,68.95],[53.87,68.42],[53.3,68.27],[58.39,69.03],[59.09,69.03],[59.4,68.88],[59.24,68.42],[59.74,68.42],[60.7,68.88],[60.09,69.72],[58.34,70.18],[59.07,70.57],[60.54,69.79],[63.93,69.72],[68.49,68.27],[68.95,68.95],[66.6,69.64],[67.17,70.18],[67.19,70.8],[66.53,71.03],[68.11,71.66],[69.36,73.0],[72.98,72.69],[71.81,71.5],[72.89,71.03],[72.5,69.03],[73.63,68.65],[73.07,67.74],[71.52,66.62],[70.4,66.4],[72.1,66.33],[74.65,67.74],[74.2,68.35],[74.59,68.88],[76.47,69.11],[77.31,68.65],[77.25,68.05],[77.88,68.35],[77.59,68.88],[76.63,69.18],[73.66,69.11],[73.41,69.72],[74.22,70.64],[72.89,71.42],[74.87,72.21],[74.86,72.92],[75.77,72.53],[75.27,71.81],[75.4,71.34],[77.19,71.27],[75.85,71.89],[77.23,72.05],[76.71,72.29],[77.48,72.69],[82.52,71.81],[84.97,72.21],[104.91,72.76],[106.15,73.25],[110.4,73.65],[111.3,74.14],[111.89,73.73],[113.21,74.05],[113.6,73.81],[113.36,73.57],[118.9,73.73]]],[[[35.5,65.0],[35.46,65.22],[36.13,65.22],[35.5,65.0]]],[[[48.24,69.41],[48.61,69.56],[50.32,69.33],[49.7,68.88],[48.37,68.8],[48.24,69.41]]]]}},{"type":"Feature","properties":{"n":"Principality of Moldavia","f":1662,"t":1672,"w":"Q10957559"},"geometry":{"type":"Polygon","coordinates":[[[28.44,46.15],[28.12,45.43],[26.24,45.37],[26.48,46.15],[25.67,47.14],[25.02,47.2],[24.91,47.8],[25.54,48.39],[25.25,48.79],[25.51,48.92],[27.39,48.65],[28.88,47.86],[29.57,46.74],[28.44,46.15]]]}},{"type":"Feature","properties":{"n":"Crimean Khanate","f":1662,"t":1669,"w":"Q160440"},"geometry":{"type":"MultiPolygon","coordinates":[[[[35.02,45.3],[36.38,45.17],[34.03,44.65],[32.61,45.5],[34.15,46.09],[35.02,45.3]]],[[[35.63,46.68],[34.74,46.15],[31.82,46.35],[33.69,46.87],[34.38,47.6],[36.95,47.2],[37.84,47.6],[39.22,47.47],[35.63,46.68]]]]}},{"type":"Feature","properties":{"n":"Astrakhan Khanate","f":1662,"t":1669,"w":"Q210163"},"geometry":{"type":"Polygon","coordinates":[[[42.49,48.13],[41.29,47.07],[38.42,47.6],[39.27,49.05],[41.02,49.85],[41.37,50.71],[43.52,51.58],[45.2,51.51],[45.2,50.85],[43.77,48.32],[42.49,48.13]]]}},{"type":"Feature","properties":{"n":"(Kingdom of England)","f":1662,"t":1669,"w":"Q179876"},"geometry":{"type":"MultiPolygon","coordinates":[[[[-57.26,5.49],[-57.12,5.94],[-54.06,5.81],[-54.27,5.24],[-55.87,5.17],[-56.09,5.49],[-57.26,5.49]]],[[[-59.36,13.08],[-59.57,13.01],[-59.67,13.34],[-59.36,13.08]]],[[[-61.64,17.19],[-61.62,16.94],[-61.76,16.94],[-61.64,17.19]]],[[[-64.65,17.64],[-64.87,17.64],[-64.73,17.77],[-64.65,17.64]]],[[[-64.65,17.71],[-64.66,17.77],[-64.59,17.77],[-64.65,17.71]]],[[[-64.73,17.77],[-64.74,17.84],[-64.67,17.84],[-64.66,17.77],[-64.73,17.77]]],[[[-77.74,17.84],[-78.39,18.29],[-77.01,18.48],[-76.12,17.9],[-77.74,17.84]]],[[[-64.65,32.36],[-64.67,32.17],[-64.86,32.3],[-64.65,32.36]]],[[[-77.14,36.22],[-77.03,36.35],[-76.8,36.35],[-76.73,35.97],[-77.14,36.22]]],[[[-76.7,37.71],[-75.81,36.61],[-76.79,36.55],[-77.64,37.71],[-76.7,37.71]]],[[[-76.88,38.35],[-76.91,38.42],[-76.83,38.42],[-76.88,38.35]]],[[[-75.93,39.64],[-76.47,39.26],[-76.31,38.09],[-76.72,38.16],[-76.86,38.67],[-77.23,39.19],[-75.93,39.64]]],[[[-75.32,39.13],[-75.05,38.67],[-75.42,38.8],[-75.32,39.13]]],[[[-71.99,41.13],[-71.99,40.94],[-73.38,40.68],[-73.74,41.13],[-71.99,41.13]]],[[[-73.17,41.46],[-72.77,41.26],[-73.06,41.2],[-73.17,41.46]]],[[[-70.73,41.33],[-70.73,41.52],[-70.58,41.52],[-70.73,41.33]]],[[[-70.66,41.72],[-70.69,41.78],[-70.61,41.78],[-70.66,41.72]]],[[[-70.44,41.59],[-70.67,41.91],[-71.02,41.98],[-71.52,41.33],[-72.45,41.26],[-72.67,42.11],[-71.71,42.11],[-71.98,42.69],[-71.08,42.82],[-70.77,43.54],[-70.49,43.28],[-70.98,42.43],[-69.86,41.72],[-70.44,41.59]]],[[[-70.59,43.67],[-70.28,43.86],[-70.14,43.73],[-70.39,43.41],[-70.59,43.67]]],[[[-69.33,44.06],[-69.48,43.86],[-69.95,44.19],[-69.33,44.06]]],[[[-0.92,5.43],[-0.85,5.17],[-1.06,5.17],[-0.92,5.43]]],[[[-12.51,7.61],[-12.51,7.42],[-12.95,7.49],[-12.51,7.61]]],[[[80.2,13.14],[80.35,13.14],[80.31,12.76],[80.2,13.14]]],[[[73.09,19.25],[72.99,18.99],[72.84,18.99],[73.09,19.25]]],[[[73.08,21.18],[73.05,20.92],[72.89,20.86],[72.63,21.18],[73.08,21.18]]],[[[-6.0,35.39],[-5.88,35.77],[-5.72,35.77],[-6.0,35.39]]],[[[-53.75,46.81],[-53.31,48.13],[-52.86,48.06],[-53.25,47.6],[-52.76,47.8],[-52.62,47.47],[-52.85,46.81],[-53.75,46.81]]],[[[-52.95,48.46],[-53.39,48.32],[-53.58,48.59],[-52.95,48.46]]],[[[2.26,50.91],[2.09,50.91],[2.07,51.11],[2.26,50.91]]],[[[-6.43,52.18],[-9.64,51.45],[-10.45,51.78],[-10.25,52.12],[-10.53,52.25],[-9.94,52.32],[-9.38,53.12],[-10.21,53.46],[-9.83,53.8],[-10.08,54.27],[-8.7,54.27],[-8.32,54.61],[-8.87,54.82],[-8.41,55.23],[-6.15,55.29],[-5.43,54.48],[-6.33,54.07],[-6.09,53.53],[-6.43,52.18]]],[[[-4.38,54.41],[-4.36,54.21],[-4.86,54.07],[-4.38,54.41]]],[[[-3.26,56.05],[-1.73,55.7],[-1.29,54.68],[-0.2,54.21],[0.3,53.39],[0.17,52.86],[1.62,52.86],[1.59,52.12],[0.52,51.51],[1.38,51.38],[1.31,51.11],[0.49,50.78],[-1.37,50.85],[-1.18,50.58],[-3.13,50.71],[-3.58,50.25],[-5.75,50.05],[-4.2,51.31],[-3.09,51.25],[-2.95,51.45],[-5.08,51.58],[-5.3,51.98],[-4.16,52.45],[-4.3,52.92],[-4.79,52.79],[-4.49,53.12],[-4.7,53.46],[-3.32,53.39],[-2.97,54.14],[-3.59,54.27],[-3.57,54.89],[-5.21,54.75],[-4.77,55.43],[-5.0,55.84],[-5.44,55.91],[-5.12,55.43],[-5.57,55.57],[-5.63,55.29],[-5.89,55.29],[-5.8,55.98],[-6.63,55.63],[-5.66,56.18],[-6.29,56.32],[-5.95,57.01],[-6.82,57.49],[-6.32,57.77],[-5.7,57.14],[-5.89,57.83],[-5.2,58.67],[-3.14,58.74],[-3.43,58.18],[-4.12,57.97],[-3.99,57.7],[-1.85,57.7],[-3.26,56.05]]],[[[-7.47,57.08],[-7.6,57.35],[-7.25,57.42],[-7.47,57.08]]],[[[-7.44,57.49],[-7.56,57.7],[-7.12,57.7],[-7.44,57.49]]],[[[-7.13,57.77],[-7.28,58.18],[-6.26,58.53],[-7.13,57.77]]],[[[-2.81,59.02],[-2.79,58.88],[-3.42,58.81],[-3.38,59.22],[-2.81,59.02]]],[[[-2.83,59.16],[-2.84,59.29],[-2.58,59.36],[-2.83,59.16]]],[[[-1.67,60.21],[-1.63,60.63],[-0.83,60.84],[-1.05,60.35],[-1.67,60.21]]]]}},{"type":"Feature","properties":{"n":"Ayutthaya Kingdom","f":1662,"t":1669,"w":"Q841364"},"geometry":{"type":"Polygon","coordinates":[[[102.22,11.99],[101.79,12.69],[100.83,12.63],[100.99,13.46],[100.1,13.4],[100.03,12.05],[99.16,9.67],[99.34,9.22],[99.93,9.29],[100.51,7.16],[101.15,6.91],[100.89,6.26],[99.95,6.52],[98.62,8.32],[98.21,7.74],[98.65,12.82],[97.77,14.81],[97.62,16.49],[97.0,17.32],[98.64,18.41],[99.58,18.29],[100.75,19.12],[100.66,19.51],[101.18,19.57],[101.4,19.06],[101.02,17.51],[101.87,16.81],[103.23,16.55],[103.05,15.78],[103.61,14.49],[102.39,13.53],[102.74,12.05],[102.22,11.99]]]}},{"type":"Feature","properties":{"n":"Kingdom of Kongo","f":1662,"t":1669,"w":"Q796583"},"geometry":{"type":"MultiPolygon","coordinates":[[[[15.95,-7.49],[14.64,-8.26],[13.25,-8.46],[12.22,-6.01],[14.62,-4.99],[14.91,-4.47],[15.42,-4.6],[16.08,-4.28],[16.59,-5.11],[15.94,-5.76],[15.95,-7.49]]],[[[14.55,-4.86],[14.62,-4.86],[14.62,-4.92],[14.55,-4.86]]],[[[14.99,-4.41],[15.06,-4.41],[15.06,-4.47],[14.99,-4.41]]]]}},{"type":"Feature","properties":{"n":"(Portuguese Empire)","f":1662,"t":1669,"w":"Q200464"},"geometry":{"type":"MultiPolygon","coordinates":[[[[-48.49,-0.23],[-48.93,-1.51],[-48.27,-0.74],[-47.4,-0.55],[-45.44,-1.64],[-44.93,-1.45],[-44.07,-2.54],[-43.19,-2.35],[-42.32,-2.8],[-39.63,-2.99],[-37.26,-4.86],[-35.59,-5.11],[-34.83,-7.17],[-35.41,-9.36],[-37.24,-11.09],[-38.13,-12.83],[-39.03,-13.28],[-39.28,-17.78],[-41.14,-22.15],[-41.91,-22.41],[-42.12,-22.99],[-44.74,-23.05],[-44.7,-23.37],[-45.48,-23.69],[-45.37,-24.02],[-46.09,-23.82],[-47.88,-24.98],[-48.82,-22.92],[-45.61,-22.86],[-43.38,-22.21],[-42.32,-21.25],[-41.15,-18.94],[-40.76,-17.01],[-40.02,-15.91],[-39.53,-11.67],[-38.46,-10.51],[-37.87,-8.46],[-39.82,-5.18],[-42.42,-4.15],[-45.04,-3.89],[-46.47,-2.41],[-47.7,-1.84],[-49.31,-2.35],[-49.39,-2.86],[-49.82,-2.74],[-49.82,-2.29],[-51.92,-1.96],[-53.9,-2.61],[-55.28,-2.29],[-55.2,-1.84],[-53.74,-1.51],[-50.67,1.96],[-49.95,1.7],[-50.39,0.74],[-48.49,-0.23]]],[[[-15.92,12.18],[-16.58,12.18],[-16.81,12.63],[-16.08,12.76],[-15.92,12.18]]],[[[-24.45,15.07],[-24.23,15.07],[-24.29,14.75],[-24.45,15.07]]],[[[-23.73,15.33],[-23.58,15.33],[-23.41,14.88],[-23.78,14.94],[-23.73,15.33]]],[[[-23.28,15.26],[-23.06,15.33],[-22.99,15.2],[-23.28,15.26]]],[[[-22.65,15.97],[-22.94,15.97],[-22.88,16.23],[-22.65,15.97]]],[[[-24.08,16.68],[-24.08,16.55],[-24.37,16.49],[-24.08,16.68]]],[[[-22.83,16.68],[-22.98,16.68],[-22.98,16.81],[-22.83,16.68]]],[[[-25.29,17.19],[-24.99,17.26],[-24.82,16.74],[-25.29,17.19]]],[[[-16.79,32.88],[-16.69,32.69],[-17.07,32.62],[-16.79,32.88]]],[[[-25.7,37.71],[-25.9,37.96],[-25.11,37.9],[-25.7,37.71]]],[[[-28.19,38.55],[-28.08,38.35],[-28.81,38.48],[-28.19,38.55]]],[[[-28.04,38.55],[-28.15,38.74],[-27.89,38.61],[-28.04,38.55]]],[[[-27.36,38.67],[-27.39,38.87],[-27.08,38.87],[-27.36,38.67]]],[[[35.03,-24.21],[34.93,-23.82],[35.38,-23.82],[35.03,-24.21]]],[[[34.54,-19.58],[34.71,-20.16],[34.34,-20.16],[34.54,-19.58]]],[[[37.34,-17.65],[37.2,-17.78],[37.26,-17.39],[37.63,-17.59],[37.34,-17.65]]],[[[12.89,-12.64],[13.63,-12.44],[13.55,-12.83],[12.82,-13.02],[12.89,-12.64]]],[[[13.11,-9.49],[12.89,-9.23],[13.25,-8.46],[13.54,-9.1],[13.11,-9.49]]],[[[39.82,-7.88],[39.53,-8.01],[39.52,-7.81],[39.82,-7.88]]],[[[39.12,-5.76],[39.27,-5.76],[39.43,-6.53],[39.12,-5.76]]],[[[39.55,-5.11],[39.55,-4.92],[39.77,-4.99],[39.55,-5.44],[39.55,-5.11]]],[[[39.39,-3.76],[39.75,-3.7],[39.54,-4.34],[39.39,-3.76]]],[[[6.67,0.41],[6.66,0.16],[6.38,0.03],[6.3,0.35],[6.67,0.41]]],[[[7.19,1.51],[7.27,1.7],[7.34,1.7],[7.19,1.51]]],[[[8.54,3.76],[8.83,3.82],[8.68,3.18],[8.31,3.24],[8.54,3.76]]],[[[-8.44,32.88],[-8.73,32.62],[-9.05,32.88],[-8.7,33.2],[-8.44,32.88]]],[[[-9.0,37.0],[-8.82,38.48],[-9.21,38.42],[-9.57,38.93],[-8.73,40.74],[-8.93,41.91],[-6.7,41.98],[-6.25,41.46],[-6.93,41.0],[-6.9,39.77],[-7.44,39.64],[-6.99,39.0],[-7.27,38.67],[-6.99,38.09],[-7.68,37.0],[-9.0,37.0]]],[[[40.75,-14.69],[40.55,-15.34],[40.17,-14.95],[40.75,-14.69]]],[[[123.94,-9.23],[124.38,-9.16],[124.26,-9.49],[123.94,-9.23]]],[[[124.71,-8.84],[125.2,-8.52],[127.23,-8.39],[124.92,-9.55],[124.71,-8.84]]],[[[122.61,-8.07],[122.82,-8.07],[122.93,-8.46],[122.29,-8.65],[122.61,-8.07]]],[[[81.91,7.29],[81.72,6.46],[80.97,6.01],[80.32,6.2],[79.62,8.06],[79.99,9.35],[80.72,9.41],[81.09,8.32],[81.65,7.94],[81.42,7.61],[81.91,7.29]]],[[[76.56,9.41],[76.26,9.35],[76.21,9.67],[76.56,9.41]]],[[[79.86,10.73],[79.85,10.83],[79.87,10.83],[79.86,10.73]]],[[[75.78,10.96],[75.59,11.34],[75.81,11.41],[75.78,10.96]]],[[[75.29,12.31],[75.41,11.92],[75.27,11.92],[75.29,12.31]]],[[[74.52,15.26],[74.55,14.81],[74.24,14.62],[73.8,15.39],[74.52,15.26]]],[[[73.09,19.25],[72.87,19.25],[73.03,19.38],[73.09,19.25]]],[[[73.12,20.21],[73.19,20.21],[73.18,20.09],[73.12,20.21]]],[[[113.45,22.34],[113.69,22.4],[113.64,22.14],[113.45,22.34]]]]}},{"type":"Feature","properties":{"n":"Kingdom of England","f":1662,"t":1690,"w":"Q179876"},"geometry":{"type":"MultiPolygon","coordinates":[[[[-6.09,52.86],[-6.43,52.18],[-9.64,51.45],[-10.45,51.78],[-10.25,52.12],[-10.53,52.25],[-9.94,52.32],[-9.38,53.12],[-10.21,53.46],[-9.83,53.8],[-10.08,54.27],[-8.7,54.27],[-8.32,54.61],[-8.87,54.82],[-8.41,55.23],[-6.15,55.29],[-5.43,54.48],[-6.33,54.07],[-6.09,52.86]]],[[[-4.86,54.07],[-4.81,54.34],[-4.36,54.21],[-4.86,54.07]]],[[[-7.25,57.42],[-7.29,57.08],[-7.47,57.08],[-7.6,57.35],[-7.25,57.42]]],[[[-7.44,57.49],[-7.56,57.7],[-7.12,57.7],[-7.44,57.49]]],[[[-6.21,58.18],[-7.13,57.77],[-7.28,58.18],[-6.26,58.53],[-6.21,58.18]]],[[[2.24,51.11],[2.26,50.91],[2.09,50.91],[2.24,51.11]]],[[[-2.67,56.25],[-3.26,56.05],[-1.73,55.7],[-1.29,54.68],[-0.2,54.21],[0.3,53.39],[0.17,52.86],[1.62,52.86],[1.59,52.12],[0.52,51.51],[1.38,51.38],[1.31,51.11],[0.49,50.78],[-1.37,50.85],[-1.18,50.58],[-3.13,50.71],[-3.58,50.25],[-5.75,50.05],[-4.2,51.31],[-3.09,51.25],[-2.95,51.45],[-5.08,51.58],[-5.3,51.98],[-4.16,52.45],[-4.3,52.92],[-4.79,52.79],[-4.49,53.12],[-4.7,53.46],[-3.32,53.39],[-2.97,54.14],[-3.59,54.27],[-3.57,54.89],[-5.21,54.75],[-4.77,55.43],[-5.0,55.84],[-5.44,55.91],[-5.12,55.43],[-5.57,55.57],[-5.63,55.29],[-5.89,55.29],[-5.8,55.98],[-6.63,55.63],[-5.66,56.18],[-6.29,56.32],[-5.95,57.01],[-6.82,57.49],[-6.32,57.77],[-5.7,57.14],[-5.89,57.83],[-5.2,58.67],[-3.14,58.74],[-3.43,58.18],[-4.12,57.97],[-3.99,57.7],[-1.85,57.7],[-2.67,56.25]]],[[[-3.2,59.22],[-2.79,58.88],[-3.42,58.81],[-3.2,59.22]]],[[[-2.56,59.22],[-2.83,59.16],[-2.84,59.29],[-2.56,59.22]]],[[[-1.16,60.56],[-1.2,60.07],[-1.67,60.21],[-1.63,60.63],[-0.81,60.63],[-1.16,60.56]]]]}},{"type":"Feature","properties":{"n":"Kingdom of France","f":1662,"t":1669,"w":"Q207162"},"geometry":{"type":"MultiPolygon","coordinates":[[[[5.85,49.38],[5.36,48.99],[5.09,49.52],[4.88,48.65],[5.87,48.85],[5.88,48.46],[5.38,48.52],[5.82,47.73],[5.38,46.28],[6.03,46.22],[5.48,45.56],[6.64,44.84],[6.81,44.32],[6.42,44.06],[6.91,43.54],[5.8,43.15],[3.85,43.6],[2.98,43.15],[3.09,42.5],[2.46,42.37],[-1.43,43.08],[-1.69,43.41],[-1.03,45.5],[-1.25,46.28],[-2.01,46.61],[-2.58,47.47],[-4.42,47.8],[-4.89,48.32],[-4.6,48.72],[-3.46,48.92],[-1.6,48.65],[-2.03,49.78],[0.01,49.38],[0.22,49.85],[1.45,50.25],[1.66,51.05],[3.97,50.38],[4.15,49.98],[4.82,50.05],[5.85,49.38]]],[[[6.54,48.52],[6.79,48.46],[6.72,48.19],[6.54,48.52]]],[[[7.56,47.6],[6.98,47.53],[7.04,48.52],[6.45,48.85],[5.86,48.99],[5.85,49.32],[6.27,49.45],[6.36,49.12],[7.03,49.05],[6.62,48.85],[7.36,48.92],[7.71,48.52],[7.56,47.6]]],[[[6.03,48.92],[6.04,48.79],[5.87,48.85],[6.03,48.92]]]]}},{"type":"Feature","properties":{"n":"New France","f":1662,"t":1669,"w":"Q170604"},"geometry":{"type":"MultiPolygon","coordinates":[[[[-61.78,12.05],[-61.71,12.24],[-61.57,12.24],[-61.78,12.05]]],[[[-64.65,17.71],[-64.73,17.71],[-64.73,17.77],[-64.65,17.71]]],[[[-64.88,17.71],[-64.89,17.84],[-64.74,17.84],[-64.88,17.71]]],[[[-62.95,18.29],[-62.93,18.09],[-63.08,18.16],[-62.95,18.29]]],[[[-65.51,44.91],[-65.28,44.58],[-65.69,44.58],[-65.51,44.91]]],[[[-66.18,45.3],[-66.35,45.5],[-66.0,45.63],[-66.18,45.3]]],[[[-74.2,45.24],[-74.48,45.63],[-73.52,46.61],[-71.58,47.14],[-70.59,46.81],[-73.61,46.15],[-74.2,45.24]]],[[[46.79,-24.79],[47.09,-24.79],[46.53,-25.24],[46.79,-24.79]]],[[[-60.82,14.04],[-60.8,13.72],[-60.94,13.66],[-60.82,14.04]]],[[[-60.78,14.43],[-61.08,14.49],[-61.19,14.88],[-60.78,14.43]]],[[[-16.24,15.78],[-16.6,15.65],[-16.47,16.16],[-16.24,15.78]]],[[[-61.77,16.29],[-61.35,16.49],[-61.17,16.23],[-61.74,15.97],[-61.77,16.29]]],[[[-53.72,47.53],[-53.67,47.2],[-54.08,47.2],[-54.02,47.66],[-53.72,47.53]]],[[[-53.64,47.53],[-53.72,47.53],[-53.75,47.6],[-53.64,47.53]]]]}},{"type":"Feature","properties":{"n":"Bijapur Sultanate","f":1662,"t":1669,"w":"Q83821"},"geometry":{"type":"Polygon","coordinates":[[[74.76,12.95],[74.31,14.56],[74.52,15.26],[73.8,15.46],[73.42,16.04],[73.14,17.64],[78.04,17.9],[77.79,16.36],[78.3,16.23],[78.72,15.39],[80.09,15.14],[80.31,13.53],[79.85,11.6],[77.58,12.11],[76.77,12.91],[76.04,12.44],[74.76,12.95]]]}},{"type":"Feature","properties":{"n":"Portuguese Empire","f":1662,"t":1669,"w":"Q200464"},"geometry":{"type":"MultiPolygon","coordinates":[[[[-49.51,-0.1],[-48.49,-0.23],[-48.93,-1.51],[-48.27,-0.74],[-47.4,-0.55],[-45.44,-1.64],[-44.93,-1.45],[-44.07,-2.54],[-43.19,-2.35],[-42.32,-2.8],[-39.63,-2.99],[-37.26,-4.86],[-35.59,-5.11],[-34.83,-7.17],[-35.41,-9.36],[-37.24,-11.09],[-38.13,-12.83],[-39.03,-13.28],[-39.28,-17.78],[-41.14,-22.15],[-41.91,-22.41],[-42.12,-22.99],[-44.74,-23.05],[-44.7,-23.37],[-45.48,-23.69],[-45.37,-24.02],[-46.09,-23.82],[-47.88,-24.98],[-48.82,-22.92],[-45.61,-22.86],[-43.38,-22.21],[-42.32,-21.25],[-41.15,-18.94],[-40.76,-17.01],[-40.02,-15.91],[-39.53,-11.67],[-38.46,-10.51],[-37.87,-8.46],[-39.82,-5.18],[-42.42,-4.15],[-45.04,-3.89],[-46.47,-2.41],[-47.7,-1.84],[-49.31,-2.35],[-49.39,-2.86],[-49.82,-2.74],[-49.82,-2.29],[-51.92,-1.96],[-53.9,-2.61],[-55.28,-2.29],[-55.2,-1.84],[-53.74,-1.51],[-50.67,1.96],[-49.95,1.7],[-50.39,0.74],[-49.51,-0.1]]],[[[6.3,0.35],[6.67,0.41],[6.66,0.16],[6.3,0.35]]],[[[7.34,1.51],[7.19,1.51],[7.27,1.7],[7.34,1.51]]],[[[-15.92,12.18],[-16.58,12.18],[-16.81,12.63],[-16.08,12.76],[-15.92,12.18]]],[[[-24.45,15.07],[-24.23,15.07],[-24.29,14.75],[-24.45,15.07]]],[[[-23.41,14.88],[-23.78,14.94],[-23.73,15.33],[-23.41,14.88]]],[[[-23.28,15.26],[-23.06,15.33],[-22.99,15.2],[-23.28,15.26]]],[[[-22.65,15.97],[-22.94,15.97],[-22.88,16.23],[-22.65,15.97]]],[[[-24.38,16.68],[-24.08,16.68],[-24.08,16.55],[-24.38,16.68]]],[[[-22.83,16.68],[-22.98,16.68],[-22.98,16.81],[-22.83,16.68]]],[[[-25.27,16.87],[-25.29,17.19],[-24.82,16.74],[-25.27,16.87]]],[[[-8.7,33.2],[-8.44,32.88],[-8.73,32.62],[-9.05,32.88],[-8.7,33.2]]],[[[35.33,-24.27],[35.03,-24.21],[34.93,-23.82],[35.38,-23.82],[35.33,-24.27]]],[[[34.54,-19.58],[34.71,-20.16],[34.34,-20.16],[34.54,-19.58]]],[[[37.63,-17.59],[37.2,-17.78],[37.26,-17.39],[37.63,-17.59]]],[[[40.75,-14.69],[40.55,-15.34],[40.17,-14.95],[40.75,-14.69]]],[[[12.89,-12.64],[13.63,-12.44],[13.55,-12.83],[12.82,-13.02],[12.89,-12.64]]],[[[13.54,-9.1],[13.11,-9.49],[12.89,-8.91],[13.47,-8.52],[13.54,-9.1]]],[[[39.82,-7.88],[39.53,-8.01],[39.52,-7.81],[39.82,-7.88]]],[[[39.12,-5.76],[39.27,-5.76],[39.43,-6.53],[39.12,-5.76]]],[[[39.55,-5.44],[39.55,-4.92],[39.77,-4.99],[39.55,-5.44]]],[[[39.39,-3.76],[39.75,-3.7],[39.54,-4.34],[39.39,-3.76]]],[[[8.54,3.76],[8.83,3.82],[8.68,3.18],[8.31,3.24],[8.54,3.76]]]]}},{"type":"Feature","properties":{"n":"Swedish Empire","f":1662,"t":1669,"w":"Q215443"},"geometry":{"type":"MultiPolygon","coordinates":[[[[-1.06,5.36],[-1.06,5.11],[-1.21,5.11],[-1.06,5.36]]],[[[9.24,53.87],[9.5,53.12],[8.82,52.79],[8.46,53.6],[9.24,53.87]]],[[[11.48,53.94],[11.48,53.8],[11.22,53.8],[11.48,53.94]]],[[[14.48,53.12],[13.9,53.73],[13.12,53.66],[12.44,54.48],[13.58,54.68],[13.74,54.27],[13.3,54.21],[14.17,54.07],[14.15,53.73],[14.68,54.07],[14.48,53.12]]],[[[7.39,62.76],[7.67,62.76],[7.68,62.62],[7.39,62.76]]],[[[8.32,63.48],[8.32,63.41],[8.22,63.41],[8.32,63.48]]],[[[18.91,57.42],[18.08,56.94],[18.23,57.83],[19.05,57.97],[18.91,57.42]]],[[[22.25,58.67],[23.23,58.6],[21.9,57.9],[21.88,58.53],[22.25,58.67]]],[[[22.49,59.16],[22.9,58.81],[22.35,58.74],[22.49,59.16]]],[[[19.68,60.14],[19.72,60.49],[20.17,60.42],[19.68,60.14]]],[[[29.8,61.05],[30.86,59.43],[27.37,59.16],[27.7,57.83],[26.53,56.59],[25.45,56.39],[23.47,56.8],[24.23,57.28],[24.27,58.25],[23.41,58.53],[23.41,59.29],[25.37,59.71],[27.88,59.5],[28.41,59.92],[29.94,59.85],[30.16,60.07],[28.99,60.14],[28.45,60.7],[23.03,59.85],[21.38,60.63],[21.5,61.69],[20.96,62.69],[21.5,63.34],[22.16,63.34],[24.56,64.93],[25.23,64.93],[25.23,65.52],[22.38,65.81],[22.44,65.52],[21.21,64.93],[21.54,64.42],[20.81,63.91],[17.39,62.47],[17.26,60.77],[18.61,60.42],[19.01,59.71],[18.35,59.43],[18.41,59.09],[16.66,58.46],[16.48,56.87],[17.12,57.28],[16.44,56.25],[16.19,56.52],[15.82,56.11],[14.77,56.18],[14.23,55.91],[14.3,55.36],[12.81,55.36],[12.91,55.77],[12.48,56.11],[12.75,56.66],[11.18,58.39],[11.1,59.09],[11.64,58.95],[11.83,59.85],[12.57,60.35],[12.31,60.98],[12.78,61.19],[12.14,61.76],[12.19,63.77],[14.1,64.13],[13.64,64.71],[14.54,65.44],[14.57,66.11],[16.38,67.07],[16.23,67.59],[18.05,68.12],[18.09,68.57],[19.96,68.42],[20.24,69.03],[21.07,69.26],[22.78,68.65],[24.86,68.57],[26.52,69.95],[29.2,69.72],[28.42,68.42],[29.94,67.67],[29.05,66.77],[30.31,65.81],[29.81,64.86],[30.55,64.28],[30.05,63.7],[32.2,62.33],[31.61,61.34],[30.56,61.62],[29.8,61.05]]]]}},{"type":"Feature","properties":{"n":"New Netherland","f":1662,"t":1669,"w":"Q382593"},"geometry":{"type":"MultiPolygon","coordinates":[[[[-58.73,5.94],[-58.74,6.39],[-58.24,6.91],[-57.13,6.01],[-57.26,5.43],[-58.73,5.94]]],[[[-60.62,11.09],[-60.84,11.09],[-60.7,11.34],[-60.62,11.09]]],[[[-68.74,12.18],[-68.66,11.99],[-68.95,12.05],[-69.12,12.37],[-68.74,12.18]]],[[[-68.29,12.05],[-68.39,12.31],[-68.16,12.24],[-68.29,12.05]]],[[[-69.87,12.56],[-69.78,12.37],[-69.93,12.37],[-69.87,12.56]]],[[[-62.93,18.09],[-62.92,18.03],[-63.14,18.03],[-62.93,18.09]]],[[[-73.11,41.13],[-73.74,41.13],[-73.38,40.68],[-74.14,40.61],[-75.28,39.77],[-75.14,39.26],[-75.86,39.84],[-74.82,40.16],[-74.14,41.13],[-74.3,43.02],[-73.9,43.02],[-73.66,42.17],[-72.64,42.04],[-72.45,41.26],[-73.09,41.46],[-73.11,41.13]]]]}},{"type":"Feature","properties":{"n":"Holy Roman Empire Minor States","f":1662,"t":1669,"w":"Q12548"},"geometry":{"type":"MultiPolygon","coordinates":[[[[8.03,44.06],[8.11,44.52],[8.59,44.71],[8.03,44.06]]],[[[8.75,44.91],[8.51,44.91],[8.59,45.04],[8.75,44.91]]],[[[6.83,47.14],[7.08,46.94],[6.51,46.87],[6.83,47.14]]],[[[6.99,47.47],[6.82,47.53],[6.98,47.66],[6.99,47.47]]],[[[7.55,47.93],[7.89,47.66],[7.56,47.53],[7.55,47.93]]],[[[7.2,48.99],[7.2,48.85],[7.03,48.85],[7.2,48.99]]],[[[8.46,53.94],[8.81,53.87],[8.72,53.66],[8.46,53.94]]],[[[9.4,54.82],[9.58,54.55],[8.8,54.14],[8.71,54.61],[9.4,54.82]]],[[[9.4,44.45],[9.32,45.17],[10.45,45.04],[10.62,45.43],[11.35,44.97],[10.78,43.93],[9.4,44.45]]],[[[11.52,46.61],[12.09,46.68],[11.02,45.76],[10.45,45.89],[10.53,46.55],[11.52,46.61]]],[[[9.54,47.2],[9.63,47.14],[9.46,47.14],[9.54,47.2]]],[[[13.0,47.53],[13.18,48.06],[13.74,47.07],[12.18,47.07],[12.51,47.66],[13.0,47.53]]],[[[13.36,48.99],[14.1,48.65],[13.85,48.46],[13.27,48.59],[13.36,48.99]]],[[[12.8,50.65],[12.63,50.65],[12.55,50.91],[12.8,50.65]]],[[[7.95,48.52],[7.53,49.12],[6.69,49.18],[7.01,49.65],[6.35,49.58],[6.58,50.11],[6.07,50.25],[6.4,50.51],[6.07,50.45],[5.97,50.98],[5.71,51.05],[5.9,50.38],[4.65,50.11],[5.77,51.78],[6.88,51.45],[6.45,51.85],[6.95,52.25],[6.68,52.65],[7.18,53.33],[6.91,53.6],[8.38,53.66],[8.82,52.79],[10.79,54.27],[11.48,53.8],[11.4,54.14],[12.44,54.41],[13.12,53.66],[13.55,53.8],[13.2,53.33],[11.74,53.6],[11.13,53.26],[11.39,53.06],[10.79,52.99],[11.13,52.38],[12.33,52.79],[12.4,51.71],[11.63,51.25],[10.61,51.38],[10.19,51.11],[11.88,50.98],[12.05,51.31],[12.55,50.91],[11.79,50.85],[12.21,50.78],[12.12,50.18],[11.2,49.78],[11.28,49.12],[10.94,48.85],[10.03,49.12],[10.53,48.26],[10.12,48.06],[10.53,48.19],[10.69,47.73],[10.37,47.33],[9.04,47.73],[9.29,47.99],[8.22,47.66],[8.21,47.99],[8.21,48.26],[7.71,48.32],[7.95,48.52]],[[8.46,47.99],[8.38,48.13],[8.21,47.99],[8.46,47.99]],[[11.38,51.51],[11.46,51.65],[10.95,51.71],[10.87,51.45],[11.38,51.51]],[[10.2,48.46],[10.11,48.46],[10.11,48.32],[10.2,48.46]],[[9.95,48.46],[9.45,48.46],[9.45,48.19],[9.95,48.46]],[[9.54,47.86],[9.54,47.99],[9.37,47.93],[9.54,47.86]],[[9.37,48.26],[9.37,48.46],[9.2,48.32],[9.37,48.26]],[[8.71,48.19],[8.79,48.32],[8.54,48.32],[8.71,48.19]],[[9.04,48.19],[9.04,48.26],[8.87,48.32],[9.04,48.19]],[[8.91,52.12],[8.91,52.52],[8.14,52.59],[7.98,51.98],[8.91,52.12]],[[8.71,47.99],[8.63,47.99],[8.79,47.86],[8.71,47.99]],[[8.62,48.65],[8.53,48.59],[8.62,48.52],[8.62,48.65]],[[8.45,48.39],[8.21,48.39],[8.29,48.32],[8.45,48.39]],[[8.29,48.59],[8.37,48.46],[8.45,48.59],[8.29,48.59]],[[7.8,52.18],[7.71,52.52],[7.28,52.59],[7.8,52.18]],[[7.23,51.18],[7.64,51.51],[7.56,51.65],[7.05,51.58],[7.23,51.18]]],[[[9.93,54.55],[10.19,54.55],[10.1,54.21],[9.75,54.14],[9.93,54.55]]],[[[9.75,55.57],[8.53,54.89],[8.79,55.77],[9.75,55.57]]]]}},{"type":"Feature","properties":{"n":"Sloboda Ukraine","f":1670,"t":1751,"w":"Q598570"},"geometry":{"type":"Polygon","coordinates":[[[41.34,50.18],[39.25,48.99],[36.6,49.05],[35.19,49.58],[34.03,50.65],[34.53,51.58],[35.43,51.38],[36.43,50.45],[39.66,51.38],[40.97,51.18],[41.34,50.18]]]}},{"type":"Feature","properties":{"n":"(Dutch Republic)","f":1670,"t":1672,"w":"Q170072"},"geometry":{"type":"MultiPolygon","coordinates":[[[[18.55,-34.11],[18.17,-34.36],[17.9,-33.14],[19.36,-33.34],[20.49,-34.49],[19.42,-34.82],[18.55,-34.11]]],[[[57.7,-20.35],[57.19,-20.54],[57.18,-20.35],[57.45,-19.96],[57.7,-20.35]]],[[[-2.6,4.91],[-2.52,5.11],[-2.3,5.11],[-2.6,4.91]]],[[[-1.5,5.04],[-1.8,4.85],[-1.57,5.3],[-1.21,5.11],[-1.5,5.04]]],[[[-0.92,5.43],[-0.85,5.17],[-1.06,5.17],[-0.92,5.43]]],[[[-0.4,5.81],[-0.26,5.81],[-0.19,5.49],[-0.4,5.81]]],[[[79.67,7.68],[79.77,8.19],[79.92,8.19],[79.67,7.68]]],[[[76.56,9.41],[76.26,9.35],[76.21,9.67],[76.56,9.41]]],[[[75.78,10.96],[75.59,11.34],[75.81,11.41],[75.78,10.96]]],[[[75.29,12.31],[75.41,11.92],[75.27,11.92],[75.29,12.31]]],[[[80.21,12.44],[80.0,12.5],[80.09,12.76],[80.21,12.44]]],[[[80.38,13.46],[80.41,13.08],[80.13,13.21],[80.38,13.46]]],[[[-16.56,14.3],[-16.62,13.91],[-17.45,14.69],[-17.09,14.94],[-16.56,14.3]]],[[[4.8,44.12],[4.88,44.25],[5.04,44.19],[4.8,44.12]]],[[[5.72,50.71],[5.71,51.05],[5.97,50.98],[5.72,50.71]]],[[[5.78,51.38],[5.37,51.25],[3.41,51.45],[3.75,51.45],[3.4,51.65],[4.22,52.18],[4.69,53.19],[5.06,52.65],[5.54,53.39],[7.18,53.26],[6.68,52.65],[6.94,52.38],[6.7,51.92],[5.77,51.78],[5.78,51.38]]],[[[123.74,-9.36],[124.26,-9.49],[124.65,-8.91],[125.02,-9.04],[124.4,-10.19],[123.17,-10.39],[123.74,-9.36]]],[[[118.9,-8.26],[119.08,-8.78],[118.5,-8.84],[118.39,-8.26],[118.9,-8.26]]],[[[122.79,-8.59],[122.78,-8.46],[123.78,-8.2],[123.52,-8.59],[122.79,-8.59]]],[[[123.96,-8.59],[123.8,-8.39],[124.36,-8.14],[125.02,-8.2],[123.96,-8.59]]],[[[106.74,-6.4],[106.3,-6.4],[106.35,-5.95],[106.79,-6.08],[106.74,-6.4]]],[[[121.99,-5.37],[121.77,-5.44],[121.68,-5.11],[121.99,-5.37]]],[[[119.65,-5.31],[120.32,-5.56],[119.23,-5.5],[119.47,-4.54],[119.65,-5.31]]],[[[123.03,-4.41],[123.12,-4.73],[122.81,-5.69],[122.14,-5.44],[122.18,-4.79],[123.03,-4.41]]],[[[125.11,-1.71],[125.19,-1.9],[124.25,-2.03],[124.24,-1.64],[125.11,-1.71]]],[[[101.42,-3.12],[100.2,-0.87],[98.95,0.41],[99.67,0.29],[100.56,-0.74],[101.42,-3.12]]],[[[124.96,1.25],[124.61,1.51],[125.12,1.7],[124.96,1.25]]],[[[102.1,3.05],[102.67,2.73],[102.42,2.02],[101.72,2.54],[102.1,3.05]]],[[[80.31,7.42],[80.98,6.2],[81.67,6.84],[81.42,7.61],[81.65,7.87],[81.88,6.71],[81.26,6.14],[80.23,5.88],[79.72,7.29],[80.31,7.42]]],[[[81.09,8.32],[81.04,8.58],[81.26,8.64],[81.09,8.32]]],[[[79.88,9.86],[80.79,9.29],[79.88,8.77],[79.88,9.86]]],[[[88.6,22.85],[88.37,22.79],[88.46,22.91],[88.6,22.85]]],[[[130.95,-8.33],[130.59,-8.39],[130.86,-8.14],[130.95,-8.33]]],[[[127.66,-8.26],[127.64,-8.07],[127.79,-8.07],[127.66,-8.26]]],[[[129.76,-8.07],[129.46,-8.01],[129.44,-7.75],[129.76,-8.07]]],[[[125.67,-8.01],[125.71,-7.69],[126.51,-7.56],[126.4,-8.01],[125.67,-8.01]]],[[[130.97,-7.69],[131.58,-7.11],[131.55,-7.69],[131.22,-8.07],[130.97,-7.69]]],[[[130.81,-7.56],[130.87,-7.36],[131.02,-7.36],[130.81,-7.56]]],[[[128.38,-7.24],[128.37,-7.11],[128.59,-7.04],[128.38,-7.24]]],[[[134.53,-5.44],[134.68,-6.59],[133.97,-6.91],[134.18,-5.63],[134.53,-5.44]]],[[[132.52,-5.95],[132.5,-5.69],[132.95,-5.76],[132.52,-5.95]]],[[[133.07,-5.44],[133.01,-5.63],[132.86,-5.5],[133.07,-5.44]]],[[[128.24,-3.51],[128.25,-3.7],[127.81,-3.83],[128.24,-3.51]]],[[[127.15,-3.7],[126.65,-3.89],[125.91,-3.51],[125.89,-3.12],[127.06,-3.19],[127.15,-3.7]]],[[[127.71,-3.19],[128.28,-2.8],[129.66,-2.8],[130.79,-3.51],[130.73,-3.89],[129.76,-3.38],[127.71,-3.19]]],[[[126.01,-2.48],[125.26,-1.77],[126.14,-1.77],[126.01,-2.48]]]]}},{"type":"Feature","properties":{"n":"(Spanish Empire)","f":1670,"t":1672,"w":"Q80702"},"geometry":{"type":"MultiPolygon","coordinates":[[[[-73.65,-42.83],[-74.1,-42.76],[-74.03,-42.44],[-73.46,-42.24],[-73.65,-42.83]]],[[[-73.9,-40.17],[-73.37,-39.46],[-73.0,-39.72],[-73.9,-40.17]]],[[[-75.34,-10.77],[-75.27,-10.77],[-75.27,-10.84],[-75.34,-10.77]]],[[[-104.74,27.03],[-102.71,26.52],[-101.55,26.9],[-100.66,26.71],[-99.97,25.81],[-99.47,24.07],[-97.72,22.53],[-96.25,19.44],[-95.77,18.8],[-94.48,18.22],[-92.5,18.74],[-91.3,18.61],[-89.98,21.31],[-86.75,21.5],[-87.7,18.29],[-87.99,18.74],[-89.17,17.77],[-90.57,17.77],[-90.6,16.55],[-90.38,16.04],[-89.54,15.84],[-85.67,16.04],[-83.93,15.71],[-83.83,15.46],[-84.34,15.46],[-83.61,14.3],[-84.11,11.09],[-83.58,10.96],[-82.06,8.96],[-81.03,8.84],[-79.69,9.61],[-78.96,9.61],[-77.99,9.29],[-76.83,8.19],[-76.93,8.64],[-75.66,9.48],[-75.58,10.51],[-74.96,11.15],[-74.36,10.89],[-74.17,11.34],[-73.15,11.41],[-71.84,12.44],[-71.1,12.31],[-71.28,11.79],[-71.92,11.6],[-71.65,10.83],[-69.66,11.66],[-68.46,11.34],[-68.19,10.51],[-66.37,10.7],[-65.09,10.06],[-64.03,10.7],[-61.91,10.76],[-62.84,10.38],[-62.3,9.8],[-61.95,9.99],[-60.83,9.54],[-61.15,8.58],[-64.71,8.06],[-65.12,7.55],[-65.87,7.87],[-67.01,7.16],[-67.06,6.65],[-69.96,6.2],[-73.64,4.59],[-75.79,2.21],[-76.3,1.31],[-76.81,0.41],[-76.74,0.22],[-76.96,0.09],[-77.87,-3.25],[-77.85,-4.92],[-77.5,-6.85],[-76.34,-8.39],[-75.17,-11.35],[-73.87,-12.44],[-71.88,-13.15],[-70.67,-12.76],[-68.37,-13.28],[-65.67,-14.89],[-63.8,-15.34],[-62.59,-16.36],[-63.18,-20.61],[-64.19,-23.63],[-64.07,-24.79],[-63.27,-26.2],[-61.05,-26.78],[-59.61,-26.72],[-58.85,-26.27],[-57.5,-24.34],[-57.0,-24.47],[-58.43,-26.84],[-58.75,-30.32],[-58.27,-30.89],[-58.56,-32.76],[-58.25,-33.34],[-58.55,-34.49],[-60.29,-33.79],[-63.06,-34.62],[-64.35,-34.3],[-67.86,-34.43],[-70.36,-35.27],[-70.7,-36.3],[-71.2,-36.62],[-71.35,-37.91],[-73.34,-36.94],[-71.63,-32.69],[-71.94,-30.83],[-70.57,-25.17],[-70.53,-23.63],[-70.81,-23.5],[-70.27,-21.96],[-70.26,-19.84],[-70.44,-18.42],[-71.62,-17.33],[-75.22,-15.53],[-76.08,-14.69],[-76.46,-14.18],[-76.38,-13.41],[-77.8,-11.35],[-78.98,-8.46],[-79.98,-6.91],[-81.33,-6.14],[-81.01,-5.63],[-81.47,-4.41],[-80.05,-3.12],[-81.12,-2.29],[-81.03,-0.94],[-80.16,0.22],[-80.23,0.86],[-79.06,1.25],[-78.78,2.34],[-77.91,2.6],[-77.26,3.63],[-77.56,4.08],[-77.41,6.52],[-78.5,7.94],[-78.23,8.45],[-79.64,8.9],[-80.41,8.26],[-80.0,7.42],[-80.94,7.16],[-81.05,7.87],[-81.47,7.61],[-81.94,8.19],[-83.71,8.45],[-83.67,9.09],[-84.83,9.99],[-85.24,9.61],[-85.78,9.99],[-85.72,11.09],[-87.55,12.69],[-87.47,13.34],[-88.85,13.21],[-91.35,13.91],[-94.77,16.36],[-96.21,15.65],[-97.72,15.91],[-101.11,17.26],[-101.9,17.96],[-103.19,18.16],[-105.05,19.38],[-105.54,20.02],[-105.13,21.31],[-105.7,22.59],[-108.04,24.91],[-106.11,23.75],[-106.44,25.36],[-105.47,25.94],[-106.58,27.16],[-105.88,27.8],[-106.84,29.09],[-106.77,31.85],[-106.18,31.53],[-106.23,28.83],[-104.74,27.03]]],[[[-76.3,1.31],[-76.22,1.31],[-76.22,1.25],[-76.3,1.31]]],[[[-75.14,2.92],[-75.07,2.92],[-75.07,2.86],[-75.14,2.92]]],[[[-81.9,7.36],[-81.91,7.61],[-81.7,7.68],[-81.9,7.36]]],[[[-79.03,8.32],[-78.96,8.45],[-78.81,8.45],[-79.03,8.32]]],[[[-61.0,10.06],[-61.73,10.06],[-61.55,10.83],[-60.89,10.83],[-61.0,10.06]]],[[[-64.04,10.83],[-64.35,11.09],[-63.84,11.21],[-64.04,10.83]]],[[[-69.73,11.66],[-70.24,11.6],[-70.28,12.11],[-69.85,12.24],[-69.73,11.66]]],[[[-67.12,17.96],[-67.26,18.48],[-66.16,18.54],[-65.52,18.16],[-67.12,17.96]]],[[[-68.56,18.22],[-70.72,18.35],[-71.28,17.58],[-72.18,18.22],[-72.0,18.54],[-72.51,19.57],[-70.78,19.96],[-69.08,19.38],[-69.49,19.12],[-68.24,18.67],[-68.56,18.22]]],[[[-86.7,20.34],[-86.99,20.28],[-87.02,20.47],[-86.67,20.6],[-86.7,20.34]]],[[[-75.63,21.18],[-74.07,20.15],[-77.65,19.83],[-77.19,20.66],[-78.24,20.79],[-78.66,21.56],[-82.05,22.27],[-81.74,22.66],[-84.8,21.82],[-84.0,22.79],[-82.29,23.24],[-80.57,23.17],[-79.25,22.46],[-77.64,22.14],[-77.66,21.82],[-75.63,21.18]]],[[[-82.5,21.44],[-82.95,21.44],[-83.04,21.95],[-82.49,21.82],[-82.5,21.44]]],[[[-78.6,22.53],[-78.23,22.59],[-78.2,22.4],[-78.6,22.53]]],[[[-17.85,27.87],[-17.9,27.61],[-18.06,27.67],[-17.85,27.87]]],[[[-17.35,28.19],[-17.12,28.25],[-17.03,28.06],[-17.35,28.19]]],[[[-17.71,28.89],[-17.67,28.51],[-17.9,28.51],[-17.71,28.89]]],[[[-83.84,30.05],[-84.88,29.73],[-85.12,30.24],[-84.84,30.82],[-81.97,30.37],[-81.87,31.27],[-81.21,31.59],[-81.44,30.89],[-80.55,28.57],[-81.94,28.12],[-83.84,30.05]]],[[[-106.36,36.48],[-105.19,35.19],[-105.62,34.81],[-106.35,34.87],[-106.93,35.9],[-106.36,36.48]]],[[[120.0,10.51],[118.85,9.93],[118.73,10.19],[119.19,10.44],[119.34,11.15],[120.0,10.51]]],[[[119.85,11.79],[119.87,11.92],[120.09,11.92],[119.85,11.79]]],[[[-15.73,27.74],[-15.76,28.19],[-15.3,28.12],[-15.73,27.74]]],[[[-16.91,28.38],[-16.09,28.57],[-16.36,28.06],[-16.65,27.93],[-16.91,28.38]]],[[[-13.77,28.77],[-13.81,28.25],[-14.32,28.06],[-13.77,28.77]]],[[[-13.65,29.22],[-13.42,29.22],[-13.47,28.89],[-13.86,28.96],[-13.65,29.22]]],[[[-2.98,35.26],[-2.99,35.45],[-2.84,35.45],[-2.98,35.26]]],[[[-0.53,35.71],[-0.45,35.58],[-0.67,35.45],[-0.92,35.71],[-0.53,35.71]]],[[[-5.57,35.84],[-5.34,35.84],[-5.33,35.77],[-5.57,35.84]]],[[[1.65,39.13],[1.66,39.0],[1.27,38.8],[1.26,39.13],[1.65,39.13]]],[[[2.34,39.64],[2.88,39.97],[3.52,39.77],[3.3,39.32],[2.34,39.64]]],[[[18.44,40.1],[18.11,39.9],[17.35,40.55],[16.62,40.29],[16.45,39.64],[17.14,39.06],[15.93,37.96],[15.39,38.16],[15.05,36.74],[12.49,37.71],[12.65,38.09],[14.6,38.03],[15.86,38.29],[16.27,38.74],[15.75,40.03],[13.79,41.13],[13.96,41.72],[13.01,42.04],[12.86,42.5],[13.99,42.95],[14.37,42.24],[16.12,41.91],[15.94,41.39],[18.44,40.1]]],[[[0.04,42.69],[3.09,42.5],[3.12,41.91],[0.7,40.94],[-0.2,39.97],[-0.31,39.13],[0.1,38.74],[-0.66,38.29],[-0.7,37.64],[-1.71,37.45],[-2.06,36.8],[-4.47,36.74],[-5.66,36.03],[-6.06,36.22],[-6.43,37.0],[-7.39,37.25],[-7.5,37.71],[-6.99,38.09],[-7.27,38.67],[-6.99,39.0],[-7.44,39.64],[-6.9,39.77],[-6.93,41.0],[-6.27,41.65],[-6.7,41.98],[-8.93,41.91],[-8.66,42.37],[-9.3,43.15],[-8.24,43.73],[-1.69,43.34],[0.04,42.69]]],[[[4.22,40.1],[4.3,39.84],[3.83,39.9],[4.22,40.1]]],[[[9.59,39.13],[8.34,39.0],[8.15,40.94],[9.5,41.2],[9.59,39.13]]],[[[11.34,42.43],[11.18,42.5],[11.18,42.56],[11.34,42.43]]],[[[10.46,42.89],[10.46,42.69],[10.21,42.69],[10.46,42.89]]],[[[10.86,43.08],[10.94,42.89],[10.7,42.95],[10.86,43.08]]],[[[9.32,45.17],[9.4,44.45],[8.34,45.1],[8.58,45.56],[7.92,45.96],[8.32,46.41],[8.9,45.89],[9.39,46.22],[9.31,45.69],[10.45,45.04],[9.32,45.17]]],[[[6.89,47.93],[6.99,47.27],[5.38,46.28],[5.82,47.73],[6.89,47.93]]],[[[4.82,50.05],[5.9,50.38],[5.97,50.78],[6.59,49.98],[6.27,49.45],[4.82,50.05]]],[[[3.22,50.25],[3.05,50.31],[3.04,50.45],[3.37,50.51],[3.22,50.25]]],[[[3.32,51.45],[5.37,51.25],[4.49,49.98],[3.72,50.25],[3.61,50.78],[2.26,50.91],[3.32,51.45]],[[4.21,50.51],[4.14,50.31],[4.39,50.31],[4.21,50.51]]],[[[126.2,6.39],[125.83,7.23],[125.52,7.04],[125.65,5.88],[125.33,5.49],[125.15,6.01],[124.7,5.81],[124.0,6.26],[124.09,7.42],[123.68,7.74],[122.76,7.23],[122.59,7.74],[122.23,6.97],[121.8,6.97],[122.1,8.0],[123.34,8.77],[124.09,8.19],[124.82,9.03],[125.48,9.03],[125.42,9.86],[126.24,9.29],[126.59,7.61],[126.2,6.39]]],[[[124.55,9.22],[124.77,9.29],[124.82,9.03],[124.55,9.22]]],[[[123.58,9.03],[123.44,9.09],[123.54,9.35],[123.58,9.03]]],[[[125.92,9.74],[125.97,9.54],[125.83,9.61],[125.92,9.74]]],[[[125.92,9.74],[125.94,9.99],[126.1,10.06],[125.92,9.74]]],[[[124.5,10.19],[124.62,9.93],[123.78,9.54],[123.74,9.86],[124.5,10.19]]],[[[122.81,10.12],[122.9,10.89],[123.56,10.96],[123.15,9.8],[123.22,9.03],[122.33,9.67],[122.81,10.12]]],[[[125.47,10.38],[125.7,10.44],[125.71,9.86],[125.47,10.38]]],[[[123.6,9.99],[123.48,9.48],[123.26,9.48],[124.11,11.28],[124.0,10.25],[123.6,9.99]]],[[[121.93,11.99],[123.12,11.54],[122.62,10.38],[121.9,10.44],[121.93,11.99]]],[[[125.24,10.25],[124.92,9.99],[124.25,11.21],[124.31,11.73],[124.71,11.34],[124.97,11.73],[124.27,12.56],[125.55,12.24],[125.77,11.02],[125.06,11.21],[125.24,10.25]]],[[[119.84,12.31],[120.34,12.18],[120.32,11.99],[119.84,12.31]]],[[[124.09,11.73],[123.17,11.99],[123.24,12.5],[123.83,12.56],[124.09,11.73]]],[[[121.9,12.37],[122.13,12.44],[122.09,12.11],[121.9,12.37]]],[[[122.69,12.24],[122.41,12.37],[122.51,12.56],[122.69,12.24]]],[[[121.99,12.5],[122.02,12.69],[122.24,12.69],[121.99,12.5]]],[[[120.74,13.59],[121.44,13.34],[121.29,12.18],[120.34,13.34],[120.74,13.59]]],[[[122.2,13.53],[122.16,13.21],[121.86,13.21],[121.75,13.46],[122.2,13.53]]],[[[144.84,13.34],[144.61,13.27],[144.65,13.53],[144.97,13.66],[144.84,13.34]]],[[[120.1,13.72],[120.12,13.85],[120.27,13.85],[120.1,13.72]]],[[[124.11,13.53],[124.12,14.11],[124.47,13.98],[124.11,13.53]]],[[[122.13,15.01],[122.07,14.62],[121.86,14.69],[122.13,15.01]]],[[[121.49,15.14],[121.84,14.11],[122.76,14.36],[123.12,13.79],[123.24,14.11],[123.87,13.91],[123.61,13.59],[124.14,13.21],[124.12,12.5],[123.45,13.01],[123.06,12.82],[123.27,13.27],[122.69,13.85],[122.74,13.21],[121.82,13.91],[121.4,13.59],[120.62,13.79],[120.97,14.62],[120.35,14.43],[119.73,16.1],[120.01,16.42],[120.4,16.1],[120.61,18.54],[122.39,18.54],[122.22,17.64],[122.64,17.13],[121.49,15.14]]]]}},{"type":"Feature","properties":{"n":"(Kingdom of France)","f":1670,"t":1672,"w":"Q207162"},"geometry":{"type":"MultiPolygon","coordinates":[[[[-60.84,11.09],[-60.7,11.34],[-60.56,11.34],[-60.84,11.09]]],[[[-61.57,12.24],[-61.55,11.99],[-61.78,12.05],[-61.57,12.24]]],[[[-60.8,13.72],[-60.94,13.66],[-61.04,14.04],[-60.8,13.72]]],[[[-60.78,14.43],[-61.08,14.49],[-61.19,14.88],[-60.78,14.43]]],[[[-61.35,16.49],[-61.17,16.23],[-61.58,15.91],[-61.77,16.29],[-61.35,16.49]]],[[[-64.73,17.71],[-64.73,17.77],[-64.66,17.77],[-64.73,17.71]]],[[[-64.88,17.71],[-64.89,17.84],[-64.74,17.84],[-64.88,17.71]]],[[[-62.93,18.09],[-63.08,18.16],[-62.95,18.29],[-62.93,18.09]]],[[[-73.92,18.03],[-74.44,18.61],[-72.3,18.61],[-72.79,19.51],[-73.41,19.64],[-72.64,19.96],[-72.1,19.83],[-72.51,19.57],[-72.0,18.54],[-73.92,18.03]]],[[[-65.51,44.91],[-65.28,44.58],[-65.69,44.58],[-65.51,44.91]]],[[[-66.3,45.56],[-65.89,45.56],[-65.88,45.37],[-66.3,45.56]]],[[[-73.3,45.24],[-74.2,45.24],[-74.48,45.63],[-73.52,46.61],[-71.58,47.14],[-70.59,46.81],[-72.71,46.48],[-73.85,45.82],[-73.3,45.24]]],[[[-85.0,46.48],[-84.47,46.41],[-84.56,46.28],[-85.0,46.48]]],[[[46.97,-25.11],[46.53,-25.24],[46.58,-24.92],[47.09,-24.79],[46.97,-25.11]]],[[[55.59,-20.86],[55.77,-21.31],[55.41,-21.44],[55.1,-21.25],[55.59,-20.86]]],[[[-54.27,5.24],[-54.06,5.75],[-52.89,5.49],[-51.71,4.53],[-51.77,3.95],[-54.27,5.24]]],[[[-16.24,15.78],[-16.6,15.65],[-16.47,16.16],[-16.24,15.78]]],[[[4.74,50.11],[5.85,49.38],[5.36,48.99],[5.18,49.58],[4.88,48.65],[5.87,48.85],[5.88,48.46],[5.38,48.52],[5.82,47.73],[5.38,46.28],[6.03,46.22],[5.48,45.56],[6.64,44.84],[6.81,44.32],[6.42,44.06],[6.91,43.54],[5.8,43.15],[3.85,43.6],[2.98,43.15],[3.09,42.5],[2.46,42.37],[-1.43,43.08],[-1.69,43.41],[-1.03,45.5],[-1.25,46.28],[-2.01,46.61],[-2.58,47.47],[-4.42,47.8],[-4.89,48.32],[-4.6,48.72],[-3.46,48.92],[-1.6,48.65],[-2.03,49.78],[0.01,49.38],[0.22,49.85],[1.45,50.25],[1.66,51.05],[2.66,51.25],[2.26,50.78],[3.61,50.78],[4.15,49.98],[4.74,50.11]],[[3.04,50.45],[3.05,50.31],[3.22,50.25],[3.46,50.45],[3.04,50.45]]],[[[-53.72,47.53],[-53.67,47.2],[-54.08,47.2],[-54.02,47.66],[-53.72,47.53]]],[[[-53.72,47.53],[-53.75,47.6],[-53.67,47.6],[-53.72,47.53]]],[[[6.64,48.19],[6.46,48.46],[6.71,48.52],[6.64,48.19]]],[[[7.56,47.6],[6.98,47.53],[7.04,48.52],[6.45,48.85],[5.86,48.99],[5.85,49.32],[7.03,49.05],[6.7,48.79],[7.36,48.92],[7.71,48.32],[7.56,47.6]]],[[[6.04,48.79],[5.87,48.85],[5.95,48.92],[6.04,48.79]]],[[[4.14,50.31],[4.21,50.51],[4.38,50.51],[4.14,50.31]]]]}},{"type":"Feature","properties":{"n":"(Habsburg Monarchy)","f":1670,"t":1672,"w":"Q66504140"},"geometry":{"type":"MultiPolygon","coordinates":[[[[8.21,48.26],[8.06,47.33],[7.56,47.53],[7.89,47.66],[7.55,47.93],[7.71,48.32],[8.21,48.26]]],[[[9.29,47.99],[9.29,47.8],[8.88,47.73],[9.29,47.99]]],[[[8.71,47.93],[8.79,47.86],[8.63,47.86],[8.71,47.93]]],[[[8.21,47.99],[8.21,48.13],[8.38,48.13],[8.21,47.99]]],[[[8.79,48.32],[8.71,48.19],[8.54,48.32],[8.79,48.32]]],[[[8.87,48.19],[8.87,48.32],[9.04,48.26],[8.87,48.19]]],[[[8.21,48.39],[8.45,48.39],[8.29,48.32],[8.21,48.39]]],[[[8.29,48.59],[8.45,48.59],[8.37,48.46],[8.29,48.59]]],[[[7.79,48.52],[7.79,48.59],[7.95,48.59],[7.79,48.52]]],[[[8.53,48.59],[8.62,48.65],[8.7,48.52],[8.53,48.59]]],[[[9.54,47.99],[9.54,47.86],[9.37,47.93],[9.54,47.99]]],[[[10.36,47.99],[10.12,48.06],[10.2,48.26],[10.53,48.26],[10.36,47.99]]],[[[9.95,48.46],[10.03,48.26],[9.45,48.19],[9.95,48.46]]],[[[9.37,48.26],[9.2,48.26],[9.2,48.32],[9.37,48.26]]],[[[20.85,47.66],[18.22,47.99],[18.43,47.07],[16.92,46.35],[17.3,45.69],[16.3,45.04],[15.82,45.24],[15.8,44.71],[15.23,44.45],[14.6,45.37],[14.03,45.04],[13.79,45.24],[14.12,45.5],[13.31,45.82],[13.56,46.55],[11.11,46.41],[9.54,47.2],[9.62,47.53],[12.51,47.66],[12.18,47.07],[13.74,47.07],[13.18,48.06],[14.1,48.65],[12.53,49.52],[12.12,50.25],[14.33,51.05],[15.0,50.91],[15.13,52.25],[15.81,52.25],[16.13,51.71],[17.32,51.71],[17.55,51.25],[18.71,50.85],[19.19,50.38],[18.88,49.45],[21.8,49.38],[22.44,49.05],[20.85,47.66]],[[20.29,49.25],[20.28,49.12],[20.45,49.18],[20.29,49.25]]],[[[10.11,48.32],[10.11,48.46],[10.28,48.39],[10.11,48.32]]]]}},{"type":"Feature","properties":{"n":"Denmark-Norway","f":1670,"t":1708,"w":"Q62651"},"geometry":{"type":"MultiPolygon","coordinates":[[[[8.47,52.92],[7.61,53.12],[7.78,53.53],[8.38,53.66],[8.47,52.92]]],[[[9.75,54.14],[10.19,54.48],[11.05,54.21],[9.5,53.6],[8.8,54.14],[9.41,54.27],[9.49,54.75],[8.53,54.89],[9.31,55.57],[10.63,55.63],[10.88,54.95],[10.54,54.75],[9.93,55.09],[9.75,54.14]]],[[[10.63,55.77],[10.36,55.77],[10.45,55.98],[10.63,55.77]]],[[[9.84,55.7],[8.79,55.77],[8.53,55.36],[8.0,55.63],[7.98,56.66],[8.5,57.21],[10.46,57.77],[10.28,56.59],[10.9,56.52],[10.81,56.18],[10.28,56.25],[9.84,55.7]]],[[[-6.71,61.41],[-6.99,61.48],[-7.02,61.62],[-6.71,61.41]]],[[[-6.66,62.26],[-6.69,61.9],[-7.28,62.05],[-6.66,62.26]]],[[[8.22,63.34],[7.75,63.34],[7.75,63.48],[8.22,63.34]]],[[[-19.55,65.81],[-19.2,66.25],[-17.59,66.03],[-15.79,66.55],[-13.7,65.59],[-13.47,65.08],[-14.8,64.28],[-15.5,64.42],[-18.16,63.41],[-19.39,63.41],[-21.15,63.91],[-22.8,63.77],[-22.83,64.13],[-22.17,64.13],[-22.1,64.49],[-24.16,64.93],[-22.06,65.52],[-24.03,65.37],[-24.42,65.66],[-23.8,65.81],[-23.67,66.25],[-22.94,66.11],[-23.0,66.55],[-21.48,66.11],[-21.26,65.44],[-20.4,65.74],[-20.54,66.18],[-19.55,65.81]]],[[[15.08,55.23],[15.07,55.02],[14.64,55.09],[15.08,55.23]]],[[[10.97,55.29],[10.89,55.77],[12.48,56.18],[12.1,54.75],[10.88,54.75],[10.97,55.02],[11.67,54.89],[10.97,55.29]]],[[[28.18,70.57],[28.68,70.95],[31.03,70.57],[29.66,69.95],[30.92,69.72],[28.85,69.03],[29.2,69.72],[26.52,69.95],[24.86,68.57],[22.78,68.65],[21.07,69.26],[20.24,69.03],[19.96,68.42],[18.09,68.57],[18.05,68.12],[17.05,68.05],[16.12,67.44],[16.38,67.07],[14.57,66.11],[14.54,65.44],[13.64,64.71],[14.1,64.13],[12.19,63.77],[12.14,61.76],[12.78,61.19],[12.31,60.98],[12.57,60.35],[11.83,59.85],[11.64,58.95],[10.47,59.64],[10.37,59.16],[7.6,57.97],[5.51,58.6],[6.03,59.36],[5.21,59.29],[5.45,60.14],[4.9,60.21],[5.08,62.26],[5.92,62.19],[6.64,62.76],[7.68,62.62],[6.92,63.05],[7.95,63.05],[8.32,63.34],[8.22,63.55],[8.5,63.7],[9.26,63.41],[10.3,64.42],[11.44,64.57],[11.45,65.0],[12.13,65.15],[12.53,65.74],[12.35,66.25],[12.82,66.03],[12.94,66.62],[15.88,68.27],[14.19,68.2],[14.9,68.57],[14.42,68.8],[15.03,69.11],[15.52,68.8],[15.75,69.33],[16.15,69.33],[15.92,68.88],[17.52,68.88],[17.65,69.18],[17.04,69.11],[16.87,69.49],[18.58,69.49],[18.2,69.72],[19.59,70.33],[19.84,69.87],[20.81,70.33],[20.77,70.02],[21.77,69.95],[21.43,70.41],[22.33,70.33],[22.41,70.8],[24.33,70.72],[25.87,71.27],[25.88,70.8],[26.75,71.03],[26.56,70.64],[26.96,70.57],[27.71,71.19],[28.46,70.88],[28.18,70.57]]],[[[12.89,68.12],[13.19,68.12],[13.19,67.97],[12.89,68.12]]],[[[13.58,68.05],[13.39,68.05],[13.7,68.42],[14.09,68.2],[13.58,68.05]]],[[[23.97,70.95],[23.99,71.11],[24.1,71.11],[23.97,70.95]]]]}},{"type":"Feature","properties":{"n":"(Holy Roman Empire)","f":1670,"t":1672,"w":"Q12548"},"geometry":{"type":"MultiPolygon","coordinates":[[[[8.03,44.06],[8.11,44.52],[8.59,44.71],[8.03,44.06]]],[[[8.75,44.91],[8.51,44.91],[8.59,45.04],[8.75,44.91]]],[[[6.83,47.14],[7.08,46.94],[6.51,46.87],[6.83,47.14]]],[[[6.99,47.47],[6.82,47.53],[6.98,47.66],[6.99,47.47]]],[[[7.55,47.93],[7.89,47.66],[7.56,47.53],[7.55,47.93]]],[[[7.2,48.99],[7.2,48.85],[7.03,48.85],[7.2,48.99]]],[[[8.46,53.94],[8.81,53.87],[8.72,53.66],[8.46,53.94]]],[[[9.4,54.82],[9.58,54.55],[8.8,54.14],[8.71,54.61],[9.4,54.82]]],[[[9.4,44.45],[9.32,45.17],[10.45,45.04],[10.62,45.43],[11.35,44.97],[10.78,43.93],[9.4,44.45]]],[[[11.52,46.61],[12.09,46.68],[11.02,45.76],[10.45,45.89],[10.53,46.55],[11.52,46.61]]],[[[9.54,47.2],[9.63,47.14],[9.46,47.14],[9.54,47.2]]],[[[13.0,47.53],[13.18,48.06],[13.74,47.07],[12.18,47.07],[12.51,47.66],[13.0,47.53]]],[[[13.36,48.99],[14.1,48.65],[13.85,48.46],[13.27,48.59],[13.36,48.99]]],[[[12.8,50.65],[12.63,50.65],[12.55,50.91],[12.8,50.65]]],[[[7.95,48.52],[7.53,49.12],[6.69,49.18],[7.01,49.65],[6.35,49.58],[6.58,50.11],[6.07,50.25],[6.4,50.51],[6.07,50.45],[5.97,50.98],[5.71,51.05],[5.9,50.38],[4.65,50.11],[5.77,51.78],[6.88,51.45],[6.45,51.85],[6.95,52.25],[6.68,52.65],[7.18,53.33],[6.91,53.6],[7.94,53.73],[7.61,53.12],[8.13,52.79],[8.64,53.12],[8.82,52.79],[10.79,54.27],[11.48,53.8],[11.4,54.14],[12.44,54.41],[13.12,53.66],[13.55,53.8],[13.2,53.33],[11.74,53.6],[11.13,53.26],[11.39,53.06],[10.79,52.99],[11.13,52.38],[12.33,52.79],[12.4,51.71],[11.63,51.25],[10.61,51.38],[10.19,51.11],[11.88,50.98],[12.05,51.31],[12.55,50.91],[11.79,50.85],[12.21,50.78],[12.12,50.18],[11.2,49.78],[11.28,49.12],[10.94,48.85],[10.03,49.12],[10.53,48.26],[10.12,48.06],[10.53,48.19],[10.69,47.73],[10.37,47.33],[9.04,47.73],[9.29,47.99],[8.22,47.66],[8.21,47.99],[8.21,48.26],[7.71,48.32],[7.95,48.52]],[[8.46,47.99],[8.38,48.13],[8.21,47.99],[8.46,47.99]],[[11.38,51.51],[11.46,51.65],[10.95,51.71],[10.87,51.45],[11.38,51.51]],[[10.2,48.46],[10.11,48.46],[10.11,48.32],[10.2,48.46]],[[9.95,48.46],[9.45,48.46],[9.45,48.19],[9.95,48.46]],[[9.54,47.86],[9.54,47.99],[9.37,47.93],[9.54,47.86]],[[9.37,48.26],[9.37,48.46],[9.2,48.32],[9.37,48.26]],[[8.71,48.19],[8.79,48.32],[8.54,48.32],[8.71,48.19]],[[9.04,48.19],[9.04,48.26],[8.87,48.32],[9.04,48.19]],[[8.91,52.12],[8.91,52.52],[8.14,52.59],[7.98,51.98],[8.91,52.12]],[[8.71,47.99],[8.63,47.99],[8.79,47.86],[8.71,47.99]],[[8.62,48.65],[8.53,48.59],[8.62,48.52],[8.62,48.65]],[[8.45,48.39],[8.21,48.39],[8.29,48.32],[8.45,48.39]],[[8.29,48.59],[8.37,48.46],[8.45,48.59],[8.29,48.59]],[[7.8,52.18],[7.71,52.52],[7.28,52.59],[7.8,52.18]],[[7.23,51.18],[7.64,51.51],[7.56,51.65],[7.05,51.58],[7.23,51.18]]],[[[9.93,54.55],[10.19,54.55],[10.1,54.21],[9.75,54.14],[9.93,54.55]]],[[[9.75,55.57],[8.53,54.89],[8.79,55.77],[9.75,55.57]]]]}},{"type":"Feature","properties":{"n":"Dutch Republic","f":1670,"t":1672,"w":"Q170072"},"geometry":{"type":"MultiPolygon","coordinates":[[[[57.7,-20.35],[57.19,-20.54],[57.18,-20.35],[57.45,-19.96],[57.7,-20.35]]],[[[118.9,-8.26],[119.08,-8.78],[118.5,-8.84],[118.39,-8.26],[118.9,-8.26]]],[[[106.74,-6.4],[106.3,-6.4],[106.35,-5.95],[106.79,-6.08],[106.74,-6.4]]],[[[121.99,-5.37],[121.77,-5.44],[121.68,-5.11],[121.99,-5.37]]],[[[119.65,-5.31],[120.32,-5.56],[119.23,-5.5],[119.47,-4.54],[119.65,-5.31]]],[[[101.42,-3.12],[100.2,-0.87],[98.95,0.41],[99.67,0.29],[100.56,-0.74],[101.42,-3.12]]],[[[102.1,3.05],[102.67,2.73],[102.42,2.02],[101.71,2.47],[102.1,3.05]]],[[[80.31,7.42],[80.98,6.2],[81.67,6.84],[81.42,7.61],[81.65,7.87],[81.88,6.71],[81.26,6.14],[80.23,5.88],[79.72,7.29],[80.31,7.42]]],[[[79.67,7.68],[79.77,8.19],[79.92,8.19],[79.67,7.68]]],[[[81.09,8.32],[81.04,8.58],[81.26,8.64],[81.09,8.32]]],[[[79.88,9.86],[80.79,9.29],[79.88,8.77],[79.88,9.86]]],[[[76.23,9.93],[76.45,9.99],[76.56,9.41],[76.26,9.35],[76.23,9.93]]],[[[75.78,10.96],[75.59,11.34],[75.81,11.41],[75.78,10.96]]],[[[75.29,12.31],[75.41,11.92],[75.27,11.92],[75.29,12.31]]],[[[80.21,12.44],[80.0,12.5],[80.09,12.76],[80.21,12.44]]],[[[80.38,13.46],[80.41,13.08],[80.13,13.21],[80.38,13.46]]],[[[88.6,22.85],[88.37,22.79],[88.46,22.91],[88.6,22.85]]],[[[5.04,44.19],[4.8,44.12],[4.88,44.25],[5.04,44.19]]],[[[5.72,50.71],[5.71,51.05],[5.97,50.98],[5.72,50.71]]],[[[5.78,51.38],[5.37,51.25],[3.41,51.45],[3.75,51.45],[3.4,51.65],[4.22,52.18],[4.69,53.19],[5.06,52.65],[5.54,53.39],[7.18,53.26],[6.68,52.65],[6.94,52.38],[6.7,51.92],[5.77,51.78],[5.78,51.38]]],[[[123.74,-9.36],[124.26,-9.49],[124.65,-8.91],[125.02,-9.04],[124.61,-10.06],[123.17,-10.39],[123.74,-9.36]]],[[[123.16,-8.65],[122.79,-8.59],[122.91,-8.26],[123.78,-8.2],[123.16,-8.65]]],[[[124.97,-8.46],[123.8,-8.46],[124.0,-8.2],[125.02,-8.2],[124.97,-8.46]]],[[[130.95,-8.33],[130.59,-8.39],[130.86,-8.14],[130.95,-8.33]]],[[[127.66,-8.26],[127.64,-8.07],[127.79,-8.07],[127.66,-8.26]]],[[[129.76,-8.07],[129.46,-8.01],[129.44,-7.75],[129.76,-8.07]]],[[[126.4,-8.01],[125.67,-8.01],[125.71,-7.69],[126.51,-7.56],[126.4,-8.01]]],[[[131.0,-8.07],[130.97,-7.69],[131.58,-7.11],[131.0,-8.07]]],[[[130.81,-7.56],[130.87,-7.36],[131.02,-7.36],[130.81,-7.56]]],[[[128.38,-7.24],[128.37,-7.11],[128.59,-7.04],[128.38,-7.24]]],[[[134.53,-5.44],[134.68,-6.59],[133.97,-6.91],[133.92,-6.14],[134.53,-5.44]]],[[[132.52,-5.95],[132.5,-5.69],[132.95,-5.76],[132.52,-5.95]]],[[[132.86,-5.5],[133.07,-5.44],[133.01,-5.56],[132.86,-5.5]]],[[[123.12,-4.73],[122.81,-5.69],[122.14,-5.44],[122.18,-4.79],[122.81,-4.41],[123.12,-4.73]]],[[[128.24,-3.51],[128.25,-3.7],[127.81,-3.83],[128.24,-3.51]]],[[[127.15,-3.7],[126.65,-3.89],[125.91,-3.51],[125.89,-3.12],[127.06,-3.19],[127.15,-3.7]]],[[[128.38,-3.51],[127.71,-3.19],[128.28,-2.8],[129.66,-2.8],[130.55,-3.12],[130.73,-3.89],[129.76,-3.38],[128.38,-3.51]]],[[[126.01,-2.48],[125.26,-1.77],[126.14,-1.77],[126.01,-2.48]]],[[[125.11,-1.71],[125.19,-1.9],[124.25,-2.03],[124.46,-1.64],[125.11,-1.71]]],[[[124.96,1.25],[124.61,1.51],[125.12,1.7],[124.96,1.25]]]]}},{"type":"Feature","properties":{"n":"Zaporozhian Cossacks","f":1670,"t":1672,"w":"Q1076173"},"geometry":{"type":"Polygon","coordinates":[[[39.25,48.99],[38.42,47.6],[36.95,47.2],[35.05,47.66],[33.72,47.07],[30.9,47.53],[30.54,47.93],[30.73,48.72],[34.98,49.85],[37.35,49.05],[39.25,48.99]]]}},{"type":"Feature","properties":{"n":"Kingdom of Spain","f":1670,"t":1672,"w":"Q29"},"geometry":{"type":"MultiPolygon","coordinates":[[[[1.27,38.8],[1.18,39.06],[1.65,39.13],[1.27,38.8]]],[[[3.3,39.32],[2.35,39.45],[2.88,39.97],[3.52,39.77],[3.3,39.32]]],[[[-1.69,43.34],[1.58,42.43],[3.09,42.5],[3.12,41.91],[0.7,40.94],[-0.2,39.97],[-0.31,39.13],[0.1,38.74],[-0.66,38.29],[-0.7,37.64],[-1.71,37.45],[-2.06,36.8],[-4.47,36.74],[-5.66,36.03],[-6.43,37.0],[-7.39,37.25],[-7.5,37.71],[-6.99,38.09],[-7.27,38.67],[-6.99,39.0],[-7.44,39.64],[-6.9,39.77],[-6.93,41.0],[-6.27,41.65],[-6.7,41.98],[-8.93,41.91],[-8.66,42.37],[-9.3,43.15],[-8.24,43.73],[-1.69,43.34]]],[[[4.22,40.1],[4.3,39.84],[3.83,39.9],[4.22,40.1]]],[[[4.83,49.85],[5.9,50.38],[5.89,50.78],[6.4,50.51],[6.07,50.25],[6.58,50.11],[6.02,49.45],[4.83,49.85]]],[[[3.29,50.51],[3.46,50.45],[3.22,50.25],[3.29,50.51]]],[[[2.26,50.91],[3.32,51.45],[5.37,51.25],[4.49,49.98],[3.72,50.25],[3.61,50.78],[2.26,50.91]],[[4.38,50.51],[4.21,50.51],[4.14,50.31],[4.38,50.51]]],[[[15.94,41.39],[17.98,40.61],[18.35,39.9],[17.35,40.55],[16.62,40.29],[16.45,39.64],[17.14,39.06],[15.93,37.96],[15.39,38.16],[15.05,36.74],[12.49,37.71],[12.65,38.09],[14.6,38.03],[15.86,38.29],[16.27,38.74],[15.75,40.03],[13.79,41.13],[13.96,41.72],[13.01,42.04],[12.86,42.5],[13.99,42.95],[14.37,42.24],[16.11,41.78],[15.94,41.39]]],[[[9.59,39.13],[8.34,39.0],[8.15,40.94],[9.5,41.2],[9.82,40.36],[9.59,39.13]]],[[[11.18,42.56],[11.34,42.63],[11.34,42.43],[11.18,42.56]]],[[[10.13,42.89],[10.46,42.89],[10.46,42.69],[10.13,42.89]]],[[[10.86,43.08],[10.94,42.89],[10.7,42.95],[10.86,43.08]]],[[[9.32,45.17],[9.4,44.45],[8.34,45.1],[8.58,45.56],[7.92,45.96],[8.32,46.41],[8.9,45.89],[9.39,46.22],[9.31,45.69],[10.45,45.04],[9.32,45.17]]],[[[5.82,47.86],[6.89,47.93],[6.83,47.07],[5.38,46.28],[5.82,47.86]]]]}},{"type":"Feature","properties":{"n":"Kingdom of Mrauk U","f":1670,"t":1740,"w":"Q10791211"},"geometry":{"type":"Polygon","coordinates":[[[95.16,18.35],[94.57,16.81],[94.36,18.48],[94.12,18.86],[93.51,18.74],[93.8,19.7],[92.25,20.79],[92.73,22.08],[94.73,20.02],[95.16,18.35]]]}},{"type":"Feature","properties":{"n":"Sultanate of Johor","f":1670,"t":1690,"w":"Q1150344"},"geometry":{"type":"MultiPolygon","coordinates":[[[[104.92,-0.23],[104.41,-0.29],[104.42,-0.68],[104.13,-0.61],[104.34,0.03],[104.92,-0.23]]],[[[102.41,1.57],[102.39,1.12],[103.11,0.93],[102.95,0.41],[103.74,0.16],[103.33,-0.74],[102.68,-1.06],[101.66,-1.0],[100.78,-0.42],[100.61,0.22],[99.89,0.48],[99.85,1.31],[100.37,1.57],[100.18,2.47],[101.7,2.09],[101.82,1.57],[102.41,1.57]]],[[[103.4,0.86],[103.39,0.67],[103.18,0.67],[103.4,0.86]]],[[[104.57,1.12],[104.49,0.8],[104.13,0.93],[104.57,1.12]]],[[[103.92,1.25],[104.06,0.99],[103.77,0.93],[103.92,1.25]]],[[[104.21,2.86],[104.2,2.73],[103.98,2.73],[104.21,2.86]]],[[[104.22,1.38],[103.27,1.31],[102.42,1.96],[102.67,2.73],[101.89,3.18],[101.43,4.27],[101.69,4.98],[102.49,5.04],[102.4,6.01],[103.17,5.36],[103.48,4.4],[103.4,2.86],[104.22,1.38]]],[[[107.98,4.14],[108.34,4.08],[108.25,3.63],[107.98,4.14]]]]}},{"type":"Feature","properties":{"n":"Dutch Cape Coast","f":1670,"t":1682,"w":"Q221283"},"geometry":{"type":"MultiPolygon","coordinates":[[[[20.49,-34.49],[19.96,-34.82],[18.55,-34.11],[18.17,-34.36],[17.9,-33.14],[19.05,-33.21],[20.49,-34.49]]],[[[-2.3,5.11],[-2.31,4.85],[-2.6,4.91],[-2.3,5.11]]],[[[-1.57,5.3],[-1.21,5.36],[-1.8,4.85],[-1.57,5.3]]],[[[-0.85,5.17],[-1.06,5.17],[-1.06,5.43],[-0.85,5.17]]],[[[-0.4,5.81],[-0.26,5.81],[-0.19,5.49],[-0.4,5.81]]],[[[-17.09,14.94],[-16.62,13.91],[-16.77,13.91],[-17.09,14.94]]]]}},{"type":"Feature","properties":{"n":"Golden Horde","f":1670,"t":1676,"w":"Q79965"},"geometry":{"type":"Polygon","coordinates":[[[120.63,53.19],[119.9,52.65],[120.53,52.59],[120.67,52.05],[119.65,51.11],[119.28,50.11],[117.83,49.52],[116.68,49.78],[115.42,47.99],[117.31,47.73],[118.48,47.99],[119.94,46.87],[116.72,46.35],[115.88,45.56],[112.07,44.39],[111.89,43.67],[110.28,42.69],[106.86,42.3],[104.81,41.59],[101.56,42.56],[97.09,42.76],[97.21,41.85],[95.92,42.82],[92.94,43.47],[90.71,43.34],[90.18,42.89],[90.22,41.91],[86.75,42.56],[87.55,44.19],[90.69,45.69],[91.01,46.68],[90.17,47.8],[89.03,47.99],[88.06,48.52],[87.78,49.12],[86.52,49.58],[88.4,51.45],[91.52,53.6],[94.66,54.41],[95.91,53.6],[98.76,52.99],[98.68,52.38],[99.39,51.92],[103.33,51.11],[111.73,52.05],[116.36,51.98],[119.45,53.12],[120.63,53.19]]]}},{"type":"Feature","properties":{"n":"Small Horde","f":1670,"t":1672,"w":"Q631210"},"geometry":{"type":"Polygon","coordinates":[[[42.42,46.15],[41.91,45.17],[39.95,44.65],[36.78,45.1],[36.75,45.43],[37.7,45.3],[38.37,46.35],[37.84,46.61],[39.48,47.07],[39.39,47.47],[41.89,46.81],[42.42,46.15]]]}},{"type":"Feature","properties":{"n":"Portuguese Colonies","f":1670,"t":1672,"w":"Q200464"},"geometry":{"type":"MultiPolygon","coordinates":[[[[124.26,-9.49],[123.81,-9.36],[123.94,-9.23],[124.38,-9.16],[124.26,-9.49]]],[[[124.71,-8.84],[125.2,-8.52],[127.23,-8.39],[124.92,-9.55],[124.71,-8.84]]],[[[122.66,-8.71],[122.29,-8.65],[122.82,-8.07],[122.66,-8.71]]],[[[79.87,10.83],[79.86,10.73],[79.85,10.82],[79.87,10.83]]],[[[74.52,15.26],[74.39,14.62],[73.79,15.33],[74.52,15.26]]],[[[73.03,19.38],[73.1,19.38],[73.09,19.25],[73.03,19.38]]],[[[73.18,20.09],[72.89,20.15],[73.12,20.21],[73.18,20.09]]],[[[113.42,22.14],[113.45,22.34],[113.69,22.4],[113.42,22.14]]]]}},{"type":"Feature","properties":{"n":"Principality of Transylvania","f":1670,"t":1672,"w":"Q655621"},"geometry":{"type":"Polygon","coordinates":[[[25.35,45.37],[23.48,45.5],[22.14,44.97],[21.53,45.56],[22.29,45.96],[22.41,46.48],[22.09,46.48],[21.97,47.14],[21.21,46.87],[20.68,47.66],[22.78,49.12],[24.69,48.13],[25.02,47.2],[25.67,47.14],[26.44,45.76],[25.35,45.37]]]}},{"type":"Feature","properties":{"n":"Portuguese Ceylon","f":1670,"t":1682,"w":"Q1709007"},"geometry":{"type":"Polygon","coordinates":[[[81.67,6.84],[80.83,6.2],[80.31,7.42],[79.72,7.36],[79.81,8.77],[80.86,9.29],[81.09,8.32],[81.65,7.87],[81.67,6.84]]]}},{"type":"Feature","properties":{"n":"Haudenosaunee","f":1670,"t":1672,"w":"Q68518"},"geometry":{"type":"MultiPolygon","coordinates":[[[[-79.74,44.06],[-79.7,43.21],[-76.76,43.28],[-76.12,43.6],[-76.07,44.45],[-74.98,45.17],[-73.69,45.37],[-73.33,44.97],[-73.72,44.45],[-73.53,43.73],[-75.31,42.11],[-78.18,42.43],[-78.6,41.0],[-78.27,40.29],[-77.28,39.84],[-77.5,39.26],[-78.45,39.64],[-80.09,39.06],[-80.49,39.45],[-81.85,39.32],[-82.55,38.42],[-83.89,38.61],[-84.87,39.38],[-84.31,39.51],[-84.11,40.42],[-85.02,40.81],[-86.5,40.61],[-86.34,41.52],[-86.95,41.33],[-87.65,41.46],[-87.59,41.78],[-86.76,41.72],[-86.18,42.43],[-86.49,43.99],[-86.04,44.91],[-85.35,44.97],[-84.91,45.76],[-83.5,45.3],[-83.35,44.45],[-84.08,43.86],[-83.53,43.6],[-82.89,44.06],[-82.49,43.02],[-81.7,43.34],[-81.73,43.99],[-81.24,44.58],[-81.48,45.17],[-80.03,44.45],[-80.05,45.24],[-79.34,44.52],[-79.74,44.06]]],[[[-81.96,46.02],[-81.56,45.76],[-82.19,45.56],[-83.26,46.02],[-81.96,46.02]]]]}},{"type":"Feature","properties":{"n":"Tsardom of Russia","f":1670,"t":1672,"w":"Q186096"},"geometry":{"type":"MultiPolygon","coordinates":[[[[137.79,54.68],[137.15,54.82],[137.5,55.23],[137.96,55.09],[137.79,54.68]]],[[[136.9,55.16],[137.25,55.16],[136.87,54.89],[136.53,54.89],[136.9,55.16]]],[[[27.09,57.35],[27.08,57.28],[26.99,57.28],[27.09,57.35]]],[[[118.9,73.73],[118.4,73.33],[120.56,73.0],[123.08,73.0],[123.21,73.57],[124.01,73.81],[128.08,73.57],[129.12,73.16],[128.74,72.92],[129.22,72.76],[128.74,72.53],[129.64,72.37],[128.31,71.97],[130.99,70.8],[132.46,71.97],[133.49,71.5],[139.7,71.58],[139.36,71.81],[139.8,72.21],[139.0,72.29],[141.34,72.92],[146.82,72.53],[145.13,71.74],[147.41,72.45],[149.62,72.29],[150.1,71.97],[148.95,71.74],[151.81,71.42],[152.49,70.88],[155.5,71.19],[159.39,70.95],[160.15,70.64],[159.78,69.87],[160.89,69.64],[166.9,69.56],[168.17,69.87],[168.45,69.26],[170.75,68.88],[168.43,67.15],[168.24,65.96],[168.72,65.44],[176.57,65.15],[176.19,64.93],[176.38,64.71],[177.59,64.86],[177.46,64.35],[178.45,64.42],[178.89,63.91],[178.58,63.62],[179.76,62.83],[179.0,62.33],[177.06,62.62],[175.79,62.19],[170.67,62.83],[163.99,62.69],[163.19,62.47],[163.47,62.47],[163.07,61.9],[163.42,61.83],[163.0,61.55],[162.27,61.62],[160.17,60.63],[160.23,61.05],[159.67,60.98],[160.28,61.9],[157.38,61.76],[154.25,59.85],[154.14,59.5],[154.96,59.64],[155.12,59.22],[153.4,59.22],[152.85,58.88],[151.23,58.88],[152.05,59.29],[149.7,59.78],[148.61,59.22],[143.08,59.36],[135.2,54.95],[136.92,54.68],[136.68,53.87],[137.69,54.34],[137.32,54.07],[137.86,54.0],[137.28,53.53],[124.32,53.66],[119.45,53.12],[116.36,51.98],[111.73,52.05],[105.83,51.18],[103.33,51.11],[99.39,51.92],[98.68,52.38],[98.76,52.99],[95.91,53.6],[94.28,54.61],[92.68,54.68],[86.66,53.26],[84.45,56.8],[72.02,56.73],[69.73,55.91],[62.66,56.39],[61.92,55.91],[59.93,51.92],[57.96,51.65],[54.24,52.45],[52.58,52.32],[51.92,49.91],[52.11,46.94],[50.84,47.14],[47.57,45.76],[46.69,44.71],[47.34,43.99],[46.8,43.73],[46.19,44.25],[47.41,46.15],[47.25,46.55],[46.3,47.4],[43.77,48.32],[45.2,50.85],[45.2,51.51],[43.52,51.58],[41.37,50.71],[40.51,51.38],[39.66,51.38],[36.43,50.45],[35.43,51.38],[34.53,51.58],[34.03,50.65],[34.98,49.85],[32.33,49.45],[31.02,50.25],[30.02,50.31],[30.58,51.85],[31.66,52.18],[31.31,53.19],[32.63,53.33],[32.36,54.27],[31.09,54.41],[31.41,54.75],[30.88,55.7],[31.42,55.77],[31.44,56.39],[30.0,56.18],[29.88,56.52],[28.29,56.52],[28.48,57.14],[27.72,56.87],[27.8,57.35],[27.3,57.56],[27.98,57.9],[27.94,58.25],[27.48,58.18],[27.94,59.29],[30.08,59.16],[30.86,59.43],[30.66,59.78],[31.1,60.21],[31.82,60.14],[32.09,60.56],[32.17,60.91],[31.6,61.26],[32.14,62.47],[30.05,63.7],[30.55,64.28],[29.81,64.86],[30.31,65.81],[29.05,66.77],[29.94,67.67],[28.42,68.42],[28.63,68.95],[30.96,69.87],[32.31,70.02],[33.44,69.33],[36.13,69.26],[41.0,67.74],[41.39,67.15],[41.04,66.7],[38.68,66.03],[32.55,67.07],[33.0,66.55],[34.87,65.88],[34.44,65.37],[34.98,64.49],[37.39,63.91],[37.88,63.99],[37.89,64.35],[36.79,64.49],[36.36,65.0],[37.21,65.3],[38.21,64.79],[40.19,64.71],[39.54,65.37],[40.4,65.96],[41.96,66.55],[43.97,66.18],[44.37,67.0],[43.6,67.3],[44.17,68.27],[43.45,68.73],[45.88,68.57],[46.66,67.82],[44.93,67.44],[45.81,66.92],[47.37,66.92],[47.78,67.67],[53.28,69.03],[54.04,68.95],[53.87,68.42],[53.3,68.27],[58.39,69.03],[59.09,69.03],[59.4,68.88],[59.24,68.42],[59.74,68.42],[60.7,68.88],[60.09,69.72],[58.34,70.18],[59.07,70.57],[60.54,69.79],[63.93,69.72],[68.49,68.27],[68.95,68.95],[66.6,69.64],[67.17,70.18],[67.19,70.8],[66.53,71.03],[68.11,71.66],[69.36,73.0],[72.98,72.69],[71.81,71.5],[72.89,71.03],[72.5,69.03],[73.63,68.65],[73.07,67.74],[71.52,66.62],[70.4,66.4],[72.1,66.33],[74.65,67.74],[74.2,68.35],[74.59,68.88],[76.47,69.11],[77.31,68.65],[77.25,68.05],[77.88,68.35],[77.59,68.88],[76.63,69.18],[73.66,69.11],[73.41,69.72],[74.22,70.64],[72.89,71.42],[74.87,72.21],[74.86,72.92],[75.77,72.53],[75.27,71.81],[75.4,71.34],[77.19,71.27],[75.85,71.89],[77.23,72.05],[76.71,72.29],[77.48,72.69],[82.52,71.81],[84.97,72.21],[104.91,72.76],[106.15,73.25],[110.4,73.65],[111.3,74.14],[111.89,73.73],[112.99,74.05],[113.6,73.81],[113.36,73.57],[118.9,73.73]]],[[[35.5,65.0],[35.46,65.22],[36.13,65.22],[35.5,65.0]]],[[[48.24,69.41],[48.61,69.56],[50.32,69.33],[49.7,68.88],[48.37,68.8],[48.24,69.41]]]]}},{"type":"Feature","properties":{"n":"Ottoman Empire","f":1670,"t":1672,"w":"Q12560"},"geometry":{"type":"MultiPolygon","coordinates":[[[[21.97,47.14],[22.09,46.48],[22.41,46.48],[22.47,46.15],[21.52,45.37],[22.55,44.97],[22.5,44.32],[22.95,43.8],[25.43,43.6],[27.83,44.19],[27.86,45.3],[28.89,46.48],[31.92,47.14],[31.94,46.68],[30.88,46.68],[29.61,45.69],[29.53,44.91],[28.8,44.97],[28.48,43.47],[27.51,42.63],[28.35,41.39],[31.18,41.07],[32.63,41.91],[35.12,42.04],[36.21,41.26],[38.3,40.87],[40.37,40.94],[41.58,41.52],[42.86,41.59],[43.77,40.87],[43.65,40.16],[44.77,39.77],[44.07,39.38],[44.31,37.9],[45.35,36.03],[46.25,35.84],[45.44,33.91],[46.23,32.94],[47.6,32.3],[47.98,31.72],[47.74,31.01],[48.6,29.99],[48.4,29.6],[45.68,30.31],[43.15,32.81],[40.93,34.1],[38.91,33.26],[37.31,30.89],[37.16,30.05],[41.41,23.11],[43.69,20.09],[44.31,19.38],[44.46,19.44],[43.51,18.29],[43.04,16.49],[41.24,18.61],[40.85,19.7],[39.35,20.79],[38.6,23.62],[37.44,24.33],[37.27,25.23],[35.41,27.87],[34.59,28.06],[34.91,29.41],[34.12,27.74],[32.44,29.79],[35.15,24.65],[35.86,24.01],[35.55,23.69],[35.81,22.91],[31.23,22.01],[31.32,22.4],[30.01,23.11],[28.57,24.65],[28.15,27.35],[25.37,29.28],[22.77,30.37],[20.95,30.56],[18.73,29.99],[15.18,30.89],[14.28,31.91],[11.77,32.3],[9.63,33.14],[8.93,34.16],[7.61,34.55],[2.92,34.36],[2.45,34.61],[1.75,34.74],[-0.47,34.36],[-1.58,33.46],[-1.72,34.68],[-2.12,35.07],[-1.36,35.26],[-1.22,35.64],[-0.67,35.45],[0.68,36.42],[4.47,36.93],[5.56,36.67],[6.33,37.06],[8.52,36.87],[9.6,37.32],[10.23,37.25],[10.23,36.8],[11.01,37.0],[10.46,35.9],[11.08,35.58],[11.08,35.0],[10.0,34.29],[10.24,33.71],[12.23,32.81],[13.3,32.94],[15.06,32.43],[15.65,31.4],[17.85,30.95],[18.97,30.24],[20.2,30.89],[20.02,32.24],[21.88,32.94],[23.09,32.62],[23.3,32.17],[24.89,31.98],[25.25,31.46],[26.85,31.46],[28.87,30.82],[30.97,31.66],[31.88,31.46],[32.0,31.08],[34.3,31.27],[35.64,34.36],[36.05,34.55],[35.84,36.29],[36.14,36.93],[35.49,36.61],[34.58,36.87],[33.98,36.29],[32.71,36.03],[31.09,36.93],[29.94,36.22],[29.24,36.22],[29.12,36.74],[28.59,36.87],[28.03,36.67],[28.07,37.13],[27.22,37.32],[27.28,38.03],[26.43,38.22],[26.38,38.67],[27.06,38.35],[26.85,39.58],[26.13,39.51],[26.6,40.48],[29.05,40.36],[28.91,40.61],[29.48,40.74],[28.17,41.13],[26.92,40.48],[25.38,41.0],[23.7,40.81],[23.74,40.23],[22.65,40.61],[22.61,39.9],[23.14,39.45],[22.8,39.06],[23.49,38.87],[22.94,38.74],[24.03,38.67],[24.16,38.22],[23.98,37.84],[23.04,37.9],[23.4,37.32],[22.71,37.58],[23.06,36.67],[22.36,36.67],[22.22,37.06],[21.74,36.87],[21.7,37.51],[21.24,37.84],[21.74,38.35],[20.74,38.8],[20.91,39.06],[19.25,40.61],[19.54,41.78],[18.71,42.82],[17.52,43.02],[16.82,43.73],[15.23,44.32],[15.8,44.71],[15.82,45.24],[16.3,45.04],[17.3,45.69],[16.92,46.35],[18.43,47.07],[18.22,47.99],[20.69,47.8],[21.21,46.87],[21.97,47.14]]],[[[2.53,34.42],[2.53,34.49],[2.61,34.49],[2.53,34.42]]],[[[25.68,35.13],[26.23,35.19],[24.82,35.0],[23.62,35.52],[25.68,35.13]]],[[[27.19,36.8],[26.87,36.67],[27.04,36.93],[27.19,36.8]]],[[[25.57,37.13],[25.56,37.0],[25.33,37.0],[25.57,37.13]]],[[[24.36,37.71],[24.43,37.58],[24.27,37.51],[24.36,37.71]]],[[[26.31,37.71],[26.3,37.58],[25.99,37.51],[26.31,37.71]]],[[[24.77,38.03],[25.07,37.77],[24.83,37.71],[24.77,38.03]]],[[[26.22,38.55],[26.11,38.16],[25.88,38.16],[26.22,38.55]]],[[[23.56,38.74],[23.48,38.74],[23.49,38.8],[23.56,38.74]]],[[[24.67,38.93],[24.66,38.74],[24.36,38.87],[24.67,38.93]]],[[[25.79,39.19],[26.04,39.38],[26.64,39.0],[25.79,39.19]]],[[[20.15,39.58],[20.07,39.58],[20.07,39.64],[20.15,39.58]]],[[[25.46,40.03],[25.45,39.84],[24.97,39.84],[25.46,40.03]]],[[[26.04,40.29],[26.02,40.16],[25.7,40.1],[26.04,40.29]]],[[[24.81,40.81],[24.79,40.61],[24.55,40.55],[24.81,40.81]]],[[[43.17,11.54],[44.08,10.57],[45.11,10.51],[44.87,10.06],[43.71,10.25],[43.17,11.54]]],[[[43.24,13.08],[43.25,13.4],[43.68,13.27],[43.81,12.69],[43.24,13.08]]],[[[39.3,15.39],[39.26,16.04],[39.41,16.04],[39.74,15.26],[39.3,15.39]]],[[[37.7,18.8],[37.54,18.61],[37.1,18.74],[37.34,19.12],[37.7,18.8]]],[[[44.25,19.57],[44.25,19.64],[44.33,19.64],[44.25,19.57]]],[[[44.18,19.64],[44.18,19.7],[44.26,19.7],[44.18,19.64]]],[[[40.06,25.49],[40.06,25.55],[40.14,25.55],[40.06,25.49]]],[[[33.04,34.55],[32.23,34.94],[34.54,35.71],[34.09,35.0],[33.04,34.55]]],[[[28.02,36.48],[28.25,36.48],[28.14,36.03],[27.74,35.9],[28.02,36.48]]],[[[41.33,42.89],[41.17,42.89],[41.2,43.02],[41.33,42.89]]],[[[40.96,43.02],[40.97,43.08],[41.13,43.08],[40.96,43.02]]],[[[33.93,44.45],[33.47,44.65],[35.4,45.1],[33.93,44.45]]],[[[36.42,45.43],[36.38,45.17],[36.23,45.24],[36.42,45.43]]],[[[39.48,47.07],[39.22,47.01],[39.13,47.4],[39.48,47.07]]]]}},{"type":"Feature","properties":{"n":"Morocco","f":1670,"t":1686,"w":"Q1028"},"geometry":{"type":"MultiPolygon","coordinates":[[[[-5.95,29.54],[-5.96,29.6],[-5.88,29.6],[-5.95,29.54]]],[[[-1.72,34.68],[-1.58,33.39],[-2.84,32.62],[-4.57,30.56],[-8.66,27.93],[-11.62,28.25],[-9.83,29.79],[-9.8,31.59],[-9.13,32.81],[-8.73,32.62],[-8.55,33.33],[-6.9,33.91],[-5.72,35.77],[-4.75,35.19],[-2.83,35.26],[-1.72,34.68]]]]}},{"type":"Feature","properties":{"n":"Habsburg Monarchy","f":1670,"t":1672,"w":"Q66504140"},"geometry":{"type":"MultiPolygon","coordinates":[[[[8.21,48.26],[8.06,47.33],[7.56,47.53],[7.89,47.66],[7.55,47.93],[7.71,48.32],[8.21,48.26]]],[[[9.29,47.99],[9.29,47.8],[8.88,47.73],[9.29,47.99]]],[[[8.71,47.93],[8.79,47.86],[8.63,47.86],[8.71,47.93]]],[[[8.21,47.99],[8.21,48.13],[8.38,48.13],[8.21,47.99]]],[[[8.79,48.32],[8.71,48.19],[8.54,48.32],[8.79,48.32]]],[[[8.87,48.19],[8.87,48.32],[9.04,48.26],[8.87,48.19]]],[[[8.21,48.39],[8.45,48.39],[8.29,48.32],[8.21,48.39]]],[[[8.29,48.59],[8.45,48.59],[8.37,48.46],[8.29,48.59]]],[[[7.79,48.52],[7.79,48.59],[7.95,48.59],[7.79,48.52]]],[[[8.53,48.59],[8.62,48.65],[8.7,48.52],[8.53,48.59]]],[[[9.54,47.99],[9.54,47.86],[9.37,47.93],[9.54,47.99]]],[[[10.36,47.99],[10.12,48.06],[10.2,48.26],[10.53,48.26],[10.36,47.99]]],[[[9.95,48.46],[10.03,48.26],[9.45,48.19],[9.95,48.46]]],[[[9.37,48.26],[9.2,48.26],[9.2,48.32],[9.37,48.26]]],[[[20.85,47.66],[18.22,47.99],[18.43,47.07],[16.92,46.35],[17.3,45.69],[16.3,45.04],[15.82,45.24],[15.8,44.71],[15.23,44.45],[14.6,45.37],[14.03,45.04],[13.79,45.24],[14.12,45.5],[13.31,45.82],[13.56,46.55],[11.11,46.41],[9.54,47.2],[9.62,47.53],[12.51,47.66],[12.18,47.07],[13.74,47.07],[13.18,48.06],[14.1,48.65],[12.53,49.52],[12.12,50.25],[14.33,51.05],[15.0,50.91],[15.13,52.25],[15.81,52.25],[16.13,51.71],[17.32,51.71],[17.55,51.25],[18.71,50.85],[19.19,50.38],[18.88,49.45],[21.8,49.38],[22.44,49.05],[20.85,47.66]],[[20.29,49.25],[20.28,49.12],[20.45,49.18],[20.29,49.25]]],[[[10.11,48.32],[10.11,48.46],[10.28,48.39],[10.11,48.32]]]]}},{"type":"Feature","properties":{"n":"English Colonial Empire","f":1670,"t":1672,"w":"Q617219"},"geometry":{"type":"MultiPolygon","coordinates":[[[[-89.17,17.77],[-88.25,18.48],[-88.24,16.49],[-89.18,15.91],[-89.17,17.77]]],[[[-77.74,17.84],[-78.39,18.29],[-77.01,18.48],[-76.12,17.9],[-77.74,17.84]]],[[[-79.59,32.94],[-79.68,32.75],[-80.15,32.56],[-80.09,33.07],[-79.59,32.94]]],[[[-77.77,34.36],[-77.65,34.23],[-78.15,33.91],[-78.21,34.29],[-77.77,34.36]]],[[[-76.73,35.97],[-77.14,36.22],[-76.8,36.35],[-76.73,35.97]]],[[[-76.7,37.71],[-75.81,36.61],[-76.79,36.55],[-77.64,37.71],[-76.7,37.71]]],[[[-76.8,38.35],[-76.88,38.35],[-76.91,38.42],[-76.8,38.35]]],[[[-70.05,41.59],[-70.8,41.85],[-71.52,41.33],[-73.47,41.07],[-71.94,41.0],[-74.14,40.61],[-73.87,40.16],[-74.64,39.0],[-75.4,39.32],[-75.05,38.67],[-75.72,39.32],[-76.42,39.32],[-76.25,38.16],[-76.72,38.16],[-76.86,38.67],[-77.26,39.06],[-75.0,40.03],[-74.41,40.68],[-74.29,43.15],[-73.69,42.24],[-72.99,42.11],[-71.08,42.82],[-70.77,43.54],[-70.49,43.28],[-70.98,42.43],[-70.37,41.78],[-69.95,41.91],[-70.05,41.59]]],[[[-70.73,41.33],[-70.73,41.52],[-70.58,41.52],[-70.73,41.33]]],[[[-70.39,43.41],[-70.59,43.67],[-70.44,43.86],[-70.14,43.73],[-70.39,43.41]]],[[[-69.33,44.06],[-69.48,43.86],[-69.95,44.19],[-69.33,44.06]]],[[[-78.99,51.38],[-79.04,51.71],[-78.96,51.71],[-78.48,51.38],[-78.99,51.38]]],[[[-1.06,5.11],[-1.21,5.11],[-1.21,5.36],[-1.06,5.11]]],[[[80.31,12.76],[80.1,12.82],[80.2,13.14],[80.31,12.76]]],[[[-59.36,13.08],[-59.57,13.01],[-59.67,13.34],[-59.36,13.08]]],[[[-61.87,17.19],[-61.64,17.19],[-61.62,16.94],[-61.87,17.19]]],[[[-64.65,17.64],[-64.87,17.64],[-64.73,17.77],[-64.65,17.64]]],[[[-64.65,17.71],[-64.66,17.77],[-64.59,17.77],[-64.65,17.71]]],[[[-64.66,17.77],[-64.73,17.77],[-64.74,17.84],[-64.66,17.77]]],[[[72.87,19.25],[73.09,19.25],[72.99,18.99],[72.87,19.25]]],[[[73.08,21.18],[73.05,20.92],[72.89,20.86],[72.63,21.18],[73.08,21.18]]],[[[-64.86,32.3],[-64.65,32.36],[-64.67,32.17],[-64.86,32.3]]],[[[-6.0,35.39],[-5.88,35.77],[-5.72,35.77],[-6.0,35.39]]],[[[-53.75,46.81],[-53.31,48.13],[-52.86,48.06],[-53.25,47.6],[-52.76,47.8],[-52.62,47.47],[-52.85,46.81],[-53.75,46.81]]],[[[-53.06,48.72],[-52.95,48.46],[-53.58,48.59],[-53.06,48.72]]]]}},{"type":"Feature","properties":{"n":"First Toungoo Empire","f":1670,"t":1682,"w":"Q23039102"},"geometry":{"type":"Polygon","coordinates":[[[99.58,18.29],[98.64,18.41],[97.84,17.96],[98.93,16.36],[98.26,15.2],[98.54,14.49],[98.18,13.91],[97.62,16.49],[97.0,17.32],[96.83,16.61],[95.61,15.71],[94.24,15.97],[95.16,18.35],[94.45,20.6],[93.09,21.5],[93.4,24.01],[94.21,23.94],[95.16,26.58],[96.21,27.29],[97.16,27.16],[97.0,27.74],[97.48,28.51],[98.74,27.48],[98.84,26.58],[98.67,25.81],[97.65,24.78],[97.65,23.94],[98.88,24.14],[98.94,23.24],[99.57,22.98],[99.29,22.14],[99.94,22.08],[100.22,21.5],[101.16,21.76],[100.15,20.54],[100.6,20.09],[100.57,18.93],[99.58,18.29]]]}},{"type":"Feature","properties":{"n":"Mughal Empire","f":1670,"t":1672,"w":"Q33296"},"geometry":{"type":"MultiPolygon","coordinates":[[[[91.26,22.21],[91.03,22.14],[91.07,22.4],[91.26,22.21]]],[[[78.87,34.49],[78.46,32.3],[78.81,31.53],[81.01,30.18],[80.35,29.6],[80.17,28.7],[83.08,27.42],[84.43,27.42],[85.27,26.71],[86.65,26.45],[90.02,26.0],[91.57,26.64],[92.72,26.39],[91.86,25.04],[92.44,23.11],[92.19,21.44],[91.83,21.5],[91.5,22.79],[90.23,21.76],[89.9,22.01],[88.73,21.63],[88.64,22.08],[88.51,21.69],[88.2,21.56],[88.1,21.95],[86.98,21.37],[86.84,20.28],[86.11,19.76],[85.37,19.83],[84.39,18.48],[83.28,19.06],[81.74,19.19],[78.49,18.61],[78.02,18.41],[78.04,17.9],[74.78,17.77],[74.1,17.0],[73.23,17.06],[72.87,18.61],[73.1,19.38],[72.8,19.31],[72.63,19.83],[73.08,21.18],[72.63,21.18],[72.53,22.27],[72.11,21.89],[72.1,21.11],[71.09,20.66],[70.3,20.86],[68.95,22.21],[70.37,22.91],[68.81,22.98],[68.16,23.81],[67.29,24.07],[67.21,24.71],[66.63,24.84],[66.27,25.55],[66.69,29.86],[65.99,30.18],[65.55,32.3],[66.23,33.71],[66.33,36.22],[68.62,36.1],[68.88,36.8],[68.51,37.19],[69.35,37.13],[69.55,37.58],[70.27,37.64],[70.71,38.42],[71.18,38.42],[71.58,36.74],[73.66,37.51],[73.8,36.87],[75.31,37.0],[75.96,36.55],[76.09,35.9],[78.87,34.49]],[[88.46,22.91],[88.37,22.79],[88.6,22.85],[88.46,22.91]],[[73.18,20.09],[73.19,20.21],[73.12,20.21],[73.18,20.09]]]]}},{"type":"Feature","properties":{"n":"Golconda Sultanate","f":1670,"t":1676,"w":"Q1148042"},"geometry":{"type":"Polygon","coordinates":[[[82.45,17.13],[82.22,16.42],[80.46,15.78],[80.09,15.14],[78.72,15.39],[78.3,16.23],[77.79,16.36],[78.02,18.41],[78.49,18.61],[81.74,19.19],[83.28,19.06],[84.38,18.41],[82.45,17.13]]]}},{"type":"Feature","properties":{"n":"Sultanate of Palembang","f":1670,"t":1808,"w":"Q3503555"},"geometry":{"type":"MultiPolygon","coordinates":[[[[105.83,-4.15],[105.23,-3.7],[104.37,-4.15],[103.55,-3.51],[103.15,-2.41],[104.44,-1.64],[105.86,-2.93],[105.83,-4.15]]],[[[108.12,-3.19],[107.47,-3.19],[107.45,-2.61],[108.03,-2.54],[108.12,-3.19]]],[[[106.81,-3.06],[106.45,-3.19],[105.78,-2.8],[105.62,-2.16],[104.96,-1.96],[105.24,-1.51],[105.97,-1.51],[106.81,-3.06]]]]}},{"type":"Feature","properties":{"n":"Oyo Empire","f":1670,"t":1682,"w":"Q849623"},"geometry":{"type":"MultiPolygon","coordinates":[[[[4.72,7.68],[4.72,7.74],[4.79,7.74],[4.72,7.68]]],[[[3.98,7.29],[2.96,7.61],[3.04,8.58],[3.41,8.71],[4.87,8.77],[5.23,8.58],[3.98,7.29]]]]}},{"type":"Feature","properties":{"n":"Itza Mayans","f":1670,"t":1695,"w":"Q606377"},"geometry":{"type":"Polygon","coordinates":[[[-90.38,16.04],[-90.57,17.77],[-89.17,17.77],[-89.04,16.94],[-90.38,16.04]]]}},{"type":"Feature","properties":{"n":"(Portuguese Empire)","f":1670,"t":1672,"w":"Q200464"},"geometry":{"type":"MultiPolygon","coordinates":[[[[-48.49,-0.23],[-48.93,-1.51],[-48.27,-0.74],[-47.4,-0.55],[-45.44,-1.64],[-44.93,-1.45],[-44.07,-2.54],[-43.19,-2.35],[-42.32,-2.8],[-39.63,-2.99],[-37.26,-4.86],[-35.59,-5.11],[-34.83,-7.17],[-35.41,-9.36],[-37.24,-11.09],[-38.13,-12.83],[-39.03,-13.28],[-39.28,-17.78],[-41.14,-22.15],[-41.91,-22.41],[-42.12,-22.99],[-44.74,-23.05],[-44.7,-23.37],[-45.48,-23.69],[-45.37,-24.02],[-46.09,-23.82],[-46.88,-24.21],[-48.69,-25.49],[-48.76,-25.94],[-49.92,-25.17],[-48.82,-22.92],[-45.61,-22.86],[-43.38,-22.21],[-42.32,-21.25],[-41.15,-18.94],[-40.76,-17.01],[-40.02,-15.91],[-39.53,-11.67],[-38.46,-10.51],[-37.87,-8.46],[-39.82,-5.18],[-42.42,-4.15],[-45.04,-3.89],[-46.47,-2.41],[-47.7,-1.84],[-49.31,-2.35],[-49.39,-2.86],[-49.82,-2.74],[-49.82,-2.29],[-51.92,-1.96],[-53.9,-2.61],[-55.28,-2.54],[-56.48,-4.28],[-56.69,-4.02],[-56.01,-2.54],[-58.43,-3.31],[-60.83,-3.25],[-60.53,-2.86],[-57.97,-2.48],[-56.8,-1.77],[-53.74,-1.51],[-50.67,1.96],[-49.95,1.7],[-50.39,0.74],[-48.49,-0.23]]],[[[6.3,0.35],[6.67,0.41],[6.38,0.03],[6.3,0.35]]],[[[7.34,1.51],[7.19,1.51],[7.27,1.7],[7.34,1.51]]],[[[8.54,3.76],[8.83,3.82],[8.68,3.18],[8.31,3.24],[8.54,3.76]]],[[[-15.92,12.18],[-16.58,12.18],[-16.81,12.63],[-16.08,12.76],[-15.92,12.18]]],[[[-24.45,15.07],[-24.23,15.07],[-24.29,14.75],[-24.45,15.07]]],[[[-23.78,14.94],[-23.73,15.33],[-23.42,15.14],[-23.78,14.94]]],[[[-23.28,15.26],[-23.06,15.33],[-22.99,15.2],[-23.28,15.26]]],[[[-22.65,15.97],[-22.94,15.97],[-22.88,16.23],[-22.65,15.97]]],[[[-24.08,16.68],[-24.08,16.55],[-24.37,16.49],[-24.08,16.68]]],[[[-22.83,16.68],[-22.98,16.68],[-22.98,16.81],[-22.83,16.68]]],[[[-25.27,16.87],[-25.29,17.19],[-24.82,16.74],[-25.27,16.87]]],[[[-16.79,32.88],[-16.69,32.69],[-17.07,32.62],[-16.79,32.88]]],[[[-8.73,32.62],[-9.05,32.81],[-8.7,33.2],[-8.45,32.94],[-8.73,32.62]]],[[[-25.7,37.71],[-25.9,37.96],[-25.11,37.9],[-25.7,37.71]]],[[[-28.19,38.55],[-28.08,38.35],[-28.81,38.48],[-28.19,38.55]]],[[[-28.04,38.55],[-28.15,38.74],[-27.89,38.61],[-28.04,38.55]]],[[[-27.36,38.67],[-27.39,38.87],[-27.08,38.87],[-27.36,38.67]]],[[[-8.82,38.48],[-9.21,38.42],[-9.57,38.93],[-8.73,40.74],[-8.93,41.91],[-6.7,41.98],[-6.25,41.46],[-6.93,41.0],[-6.9,39.77],[-7.44,39.64],[-6.99,39.0],[-7.27,38.67],[-6.99,38.09],[-7.68,37.0],[-9.0,37.0],[-8.82,38.48]]],[[[35.33,-24.27],[35.03,-24.21],[34.93,-23.82],[35.38,-23.82],[35.33,-24.27]]],[[[34.54,-19.58],[34.71,-20.16],[34.34,-20.16],[34.54,-19.58]]],[[[37.34,-17.65],[37.2,-17.78],[37.26,-17.39],[37.63,-17.59],[37.34,-17.65]]],[[[40.75,-14.69],[40.55,-15.34],[40.17,-14.95],[40.75,-14.69]]],[[[12.89,-12.64],[13.63,-12.44],[13.55,-12.83],[12.82,-13.02],[12.89,-12.64]]],[[[123.94,-9.23],[124.38,-9.16],[124.26,-9.49],[123.94,-9.23]]],[[[13.54,-9.1],[13.11,-9.49],[12.89,-8.91],[13.25,-8.46],[13.54,-9.1]]],[[[124.71,-8.84],[125.2,-8.52],[127.23,-8.39],[124.92,-9.55],[124.71,-8.84]]],[[[122.61,-8.07],[122.82,-8.07],[122.66,-8.71],[122.28,-8.52],[122.61,-8.07]]],[[[39.82,-7.88],[39.53,-8.01],[39.52,-7.81],[39.82,-7.88]]],[[[39.12,-5.76],[39.27,-5.76],[39.43,-6.53],[39.12,-5.76]]],[[[39.55,-5.11],[39.55,-4.92],[39.77,-4.99],[39.55,-5.44],[39.55,-5.11]]],[[[39.75,-3.7],[39.39,-4.41],[39.25,-4.21],[39.75,-3.7]]],[[[80.83,6.2],[80.31,7.42],[79.72,7.36],[79.81,8.77],[80.79,9.29],[81.09,8.32],[81.65,7.94],[81.43,6.46],[80.83,6.2]]],[[[79.87,10.76],[79.86,10.73],[79.85,10.82],[79.87,10.76]]],[[[74.24,14.62],[73.79,15.33],[73.88,15.52],[74.52,15.26],[74.24,14.62]]],[[[73.09,19.25],[72.87,19.25],[73.03,19.38],[73.09,19.25]]],[[[73.12,20.21],[73.19,20.21],[73.18,20.09],[73.12,20.21]]],[[[113.45,22.34],[113.69,22.4],[113.64,22.14],[113.45,22.34]]]]}},{"type":"Feature","properties":{"n":"Oirat Confederation","f":1670,"t":1672,"w":"Q4332415"},"geometry":{"type":"Polygon","coordinates":[[[89.03,47.99],[90.17,47.8],[90.99,46.15],[90.35,45.5],[87.55,44.19],[86.75,42.56],[80.29,42.43],[75.78,39.32],[73.67,38.61],[73.69,39.45],[73.4,39.51],[73.82,41.07],[73.38,42.11],[74.33,43.41],[74.0,44.91],[74.32,45.96],[75.53,46.55],[78.97,46.35],[80.55,48.26],[83.84,48.72],[85.22,49.65],[86.61,49.58],[89.03,47.99]]]}},{"type":"Feature","properties":{"n":"Astrakhan Khanate","f":1670,"t":1762,"w":"Q210163"},"geometry":{"type":"Polygon","coordinates":[[[42.49,48.13],[41.29,47.07],[38.42,47.6],[39.25,48.99],[41.0,49.78],[41.37,50.71],[43.52,51.58],[45.2,51.51],[45.2,50.85],[43.77,48.32],[42.49,48.13]]]}},{"type":"Feature","properties":{"n":"(Kingdom of England)","f":1670,"t":1672,"w":"Q179876"},"geometry":{"type":"MultiPolygon","coordinates":[[[[-61.64,17.19],[-61.62,16.94],[-61.76,16.94],[-61.64,17.19]]],[[[-89.17,17.77],[-88.25,18.48],[-88.24,16.49],[-89.19,15.97],[-89.17,17.77]]],[[[-64.65,17.64],[-64.87,17.64],[-64.73,17.77],[-64.65,17.64]]],[[[-64.65,17.71],[-64.66,17.77],[-64.59,17.77],[-64.65,17.71]]],[[[-64.73,17.77],[-64.74,17.84],[-64.67,17.84],[-64.66,17.77],[-64.73,17.77]]],[[[-77.74,17.84],[-78.39,18.29],[-77.01,18.48],[-76.12,17.9],[-77.74,17.84]]],[[[-64.86,32.3],[-64.65,32.36],[-64.67,32.17],[-64.86,32.3]]],[[[-79.68,32.75],[-80.15,32.56],[-80.09,33.07],[-79.68,32.75]]],[[[-77.92,33.91],[-78.15,33.91],[-78.21,34.29],[-77.65,34.23],[-77.92,33.91]]],[[[-76.73,35.97],[-77.14,36.22],[-76.8,36.35],[-76.73,35.97]]],[[[-76.7,37.71],[-75.81,36.61],[-76.79,36.55],[-77.64,37.71],[-76.7,37.71]]],[[[-76.88,38.35],[-76.91,38.42],[-76.83,38.42],[-76.88,38.35]]],[[[-70.05,41.59],[-70.8,41.85],[-71.52,41.33],[-73.47,41.07],[-71.94,41.0],[-74.14,40.61],[-73.87,40.16],[-74.64,39.0],[-75.4,39.32],[-75.05,38.67],[-75.72,39.32],[-76.42,39.32],[-76.25,38.16],[-76.72,38.16],[-76.86,38.67],[-77.26,39.06],[-75.0,40.03],[-74.41,40.68],[-74.29,43.15],[-73.69,42.24],[-72.99,42.11],[-71.08,42.82],[-70.77,43.54],[-70.49,43.28],[-70.98,42.43],[-70.37,41.78],[-69.95,41.91],[-70.05,41.59]]],[[[-70.73,41.33],[-70.73,41.52],[-70.58,41.52],[-70.73,41.33]]],[[[-70.39,43.41],[-70.59,43.67],[-70.44,43.86],[-70.14,43.73],[-70.39,43.41]]],[[[-69.72,43.86],[-69.95,44.19],[-69.66,44.25],[-69.33,44.06],[-69.72,43.86]]],[[[-79.04,51.71],[-78.48,51.38],[-78.99,51.38],[-79.04,51.71]]],[[[-1.21,5.11],[-1.21,5.36],[-1.06,5.36],[-1.21,5.11]]],[[[80.31,12.76],[80.1,12.82],[80.2,13.14],[80.31,12.76]]],[[[-59.36,13.08],[-59.57,13.01],[-59.67,13.34],[-59.36,13.08]]],[[[72.87,19.25],[73.09,19.25],[72.99,18.99],[72.87,19.25]]],[[[73.08,21.18],[73.05,20.92],[72.89,20.86],[72.63,21.18],[73.08,21.18]]],[[[-6.0,35.39],[-5.88,35.77],[-5.72,35.77],[-6.0,35.39]]],[[[-53.75,46.81],[-53.31,48.13],[-52.86,48.06],[-53.25,47.6],[-52.76,47.8],[-52.62,47.47],[-52.85,46.81],[-53.75,46.81]]],[[[-52.95,48.46],[-53.39,48.32],[-53.58,48.59],[-52.95,48.46]]],[[[-6.43,52.18],[-9.64,51.45],[-10.45,51.78],[-10.25,52.12],[-10.53,52.25],[-9.94,52.32],[-9.38,53.12],[-10.21,53.46],[-9.83,53.8],[-10.08,54.27],[-8.7,54.27],[-8.32,54.61],[-8.87,54.82],[-8.41,55.23],[-6.15,55.29],[-5.43,54.48],[-6.33,54.07],[-6.09,53.53],[-6.43,52.18]]],[[[-4.38,54.41],[-4.36,54.21],[-4.86,54.07],[-4.38,54.41]]],[[[-3.26,56.05],[-1.73,55.7],[-1.29,54.68],[-0.2,54.21],[0.3,53.39],[0.17,52.86],[1.62,52.86],[1.59,52.12],[0.52,51.51],[1.38,51.38],[1.31,51.11],[0.49,50.78],[-1.37,50.85],[-1.18,50.58],[-3.13,50.71],[-3.58,50.25],[-5.75,50.05],[-4.2,51.31],[-3.09,51.25],[-2.95,51.45],[-5.08,51.58],[-5.3,51.98],[-4.16,52.45],[-4.3,52.92],[-4.79,52.79],[-4.49,53.12],[-4.7,53.46],[-3.32,53.39],[-2.97,54.14],[-3.59,54.27],[-3.57,54.89],[-5.21,54.75],[-4.77,55.43],[-5.0,55.84],[-5.44,55.91],[-5.12,55.43],[-5.57,55.57],[-5.63,55.29],[-5.89,55.29],[-5.8,55.98],[-6.63,55.63],[-5.66,56.18],[-6.29,56.32],[-5.95,57.01],[-6.82,57.49],[-6.32,57.77],[-5.7,57.14],[-5.89,57.83],[-5.2,58.67],[-3.14,58.74],[-3.43,58.18],[-4.12,57.97],[-3.99,57.7],[-1.85,57.7],[-2.21,56.87],[-3.26,56.05]]],[[[-7.29,57.08],[-7.47,57.08],[-7.6,57.35],[-7.25,57.42],[-7.29,57.08]]],[[[-7.44,57.49],[-7.56,57.7],[-7.12,57.7],[-7.44,57.49]]],[[[-7.13,57.77],[-7.28,58.18],[-6.26,58.53],[-7.13,57.77]]],[[[-2.81,59.02],[-2.79,58.88],[-3.42,58.81],[-3.38,59.22],[-2.81,59.02]]],[[[-2.83,59.16],[-2.84,59.29],[-2.58,59.36],[-2.83,59.16]]],[[[-1.67,60.21],[-1.63,60.63],[-0.83,60.84],[-1.05,60.35],[-1.67,60.21]]]]}},{"type":"Feature","properties":{"n":"Crimean Khanate","f":1670,"t":1672,"w":"Q160440"},"geometry":{"type":"MultiPolygon","coordinates":[[[[35.02,45.3],[36.38,45.17],[34.03,44.65],[32.61,45.5],[34.15,46.09],[35.02,45.3]]],[[[37.68,45.63],[37.67,45.56],[37.58,45.56],[37.68,45.63]]],[[[34.74,46.15],[31.82,46.35],[33.69,46.87],[34.38,47.6],[36.95,47.2],[37.84,47.6],[39.22,47.47],[34.74,46.15]]]]}},{"type":"Feature","properties":{"n":"Spanish Empire","f":1670,"t":1676,"w":"Q80702"},"geometry":{"type":"MultiPolygon","coordinates":[[[[-73.46,-42.24],[-73.65,-42.83],[-74.1,-42.76],[-73.46,-42.24]]],[[[-73.9,-40.17],[-73.37,-39.46],[-73.0,-39.72],[-73.9,-40.17]]],[[[-75.34,-10.77],[-75.27,-10.77],[-75.27,-10.84],[-75.34,-10.77]]],[[[-104.74,27.03],[-102.71,26.52],[-101.55,26.9],[-100.66,26.71],[-99.97,25.81],[-99.47,24.07],[-97.72,22.53],[-96.25,19.44],[-95.77,18.8],[-94.48,18.22],[-92.5,18.74],[-91.3,18.61],[-89.98,21.31],[-86.75,21.5],[-87.7,18.29],[-87.99,18.74],[-89.17,17.77],[-90.57,17.77],[-90.6,16.55],[-90.38,16.04],[-89.54,15.84],[-85.67,16.04],[-83.93,15.71],[-83.83,15.46],[-84.34,15.46],[-83.61,14.3],[-84.11,11.09],[-83.58,10.96],[-82.21,9.03],[-81.03,8.84],[-79.69,9.61],[-78.96,9.61],[-77.99,9.29],[-76.83,8.19],[-76.93,8.64],[-75.66,9.48],[-75.58,10.51],[-74.96,11.15],[-74.36,10.89],[-74.17,11.34],[-73.15,11.41],[-71.84,12.44],[-71.1,12.31],[-71.28,11.79],[-71.92,11.6],[-71.65,10.83],[-69.66,11.66],[-68.46,11.34],[-68.19,10.51],[-66.37,10.7],[-65.09,10.06],[-64.03,10.7],[-61.91,10.76],[-62.84,10.38],[-62.3,9.8],[-61.95,9.99],[-60.83,9.54],[-61.15,8.58],[-64.71,8.06],[-65.12,7.55],[-65.87,7.87],[-67.01,7.16],[-67.06,6.65],[-69.96,6.2],[-73.64,4.59],[-75.79,2.21],[-76.3,1.31],[-76.81,0.41],[-76.74,0.22],[-76.96,0.09],[-77.87,-3.25],[-77.85,-4.92],[-77.5,-6.85],[-76.34,-8.39],[-75.17,-11.35],[-73.87,-12.44],[-71.88,-13.15],[-70.67,-12.76],[-68.37,-13.28],[-65.67,-14.89],[-63.8,-15.34],[-62.59,-16.36],[-63.18,-20.61],[-64.19,-23.63],[-64.07,-24.79],[-63.27,-26.2],[-61.05,-26.78],[-59.61,-26.72],[-58.85,-26.27],[-57.5,-24.34],[-57.0,-24.47],[-58.43,-26.84],[-58.75,-30.32],[-58.27,-30.89],[-58.56,-32.76],[-58.25,-33.34],[-58.55,-34.49],[-60.29,-33.79],[-63.06,-34.62],[-64.35,-34.3],[-67.86,-34.43],[-70.36,-35.27],[-70.7,-36.3],[-71.2,-36.62],[-71.35,-37.91],[-73.34,-36.94],[-71.63,-32.69],[-71.94,-30.83],[-70.57,-25.17],[-70.53,-23.63],[-70.81,-23.5],[-70.27,-21.96],[-70.26,-19.84],[-70.44,-18.42],[-71.62,-17.33],[-75.22,-15.53],[-76.08,-14.69],[-76.46,-14.18],[-76.38,-13.41],[-77.8,-11.35],[-78.98,-8.46],[-79.98,-6.91],[-81.33,-6.14],[-81.01,-5.63],[-81.47,-4.41],[-80.05,-3.12],[-81.12,-2.29],[-81.03,-0.94],[-80.16,0.22],[-80.23,0.86],[-79.06,1.25],[-78.78,2.34],[-77.91,2.6],[-77.26,3.63],[-77.56,4.08],[-77.41,6.52],[-78.5,7.94],[-78.23,8.45],[-79.64,8.9],[-80.41,8.26],[-80.0,7.42],[-80.94,7.16],[-81.05,7.87],[-81.47,7.61],[-81.94,8.19],[-83.71,8.45],[-83.67,9.09],[-84.83,9.99],[-85.24,9.61],[-85.78,9.99],[-85.72,11.09],[-87.55,12.69],[-87.47,13.34],[-88.85,13.21],[-91.35,13.91],[-94.77,16.36],[-96.21,15.65],[-97.72,15.91],[-101.11,17.26],[-101.9,17.96],[-103.19,18.16],[-105.05,19.38],[-105.54,20.02],[-105.13,21.31],[-105.7,22.59],[-108.04,24.91],[-106.11,23.75],[-106.44,25.36],[-105.47,25.94],[-106.58,27.16],[-105.88,27.8],[-106.84,29.09],[-106.77,31.85],[-106.18,31.53],[-106.36,29.22],[-104.74,27.03]]],[[[-76.3,1.31],[-76.22,1.31],[-76.22,1.25],[-76.3,1.31]]],[[[-75.14,2.92],[-75.07,2.92],[-75.07,2.86],[-75.14,2.92]]],[[[-81.61,7.36],[-81.9,7.36],[-81.91,7.61],[-81.61,7.36]]],[[[-79.03,8.32],[-78.96,8.45],[-78.81,8.45],[-79.03,8.32]]],[[[-64.04,10.83],[-64.35,11.09],[-63.84,11.21],[-64.04,10.83]]],[[[-69.73,11.66],[-70.24,11.6],[-70.28,12.11],[-69.85,12.24],[-69.73,11.66]]],[[[-67.12,17.96],[-67.26,18.48],[-66.16,18.54],[-65.52,18.16],[-67.12,17.96]]],[[[-68.56,18.22],[-70.72,18.35],[-71.28,17.58],[-72.18,18.22],[-72.0,18.54],[-72.51,19.57],[-70.78,19.96],[-69.08,19.38],[-69.49,19.12],[-68.24,18.67],[-68.56,18.22]]],[[[-86.7,20.34],[-86.99,20.28],[-87.02,20.47],[-86.7,20.34]]],[[[-74.07,20.15],[-77.65,19.83],[-77.19,20.66],[-78.24,20.79],[-78.66,21.56],[-82.05,22.27],[-81.74,22.66],[-84.8,21.82],[-84.0,22.79],[-82.29,23.24],[-80.57,23.17],[-74.07,20.15]]],[[[-82.5,21.44],[-82.95,21.44],[-83.04,21.95],[-82.66,21.95],[-82.5,21.44]]],[[[-78.6,22.53],[-78.23,22.59],[-78.2,22.4],[-78.6,22.53]]],[[[-83.84,30.05],[-84.88,29.73],[-85.12,30.24],[-84.84,30.82],[-81.97,30.37],[-81.87,31.27],[-81.21,31.59],[-81.44,30.89],[-80.55,28.57],[-81.94,28.12],[-83.84,30.05]]],[[[-106.36,36.48],[-105.19,35.19],[-105.62,34.81],[-106.35,34.87],[-106.93,35.9],[-106.36,36.48]]],[[[-61.0,10.06],[-61.73,10.06],[-61.55,10.83],[-60.89,10.83],[-61.0,10.06]]],[[[119.34,11.15],[119.57,11.21],[119.58,10.7],[120.0,10.51],[118.85,9.93],[119.34,11.15]]],[[[119.85,11.79],[119.87,11.92],[120.09,11.92],[119.85,11.79]]],[[[119.84,12.31],[120.34,12.18],[120.32,11.99],[119.84,12.31]]],[[[120.74,13.59],[121.44,13.34],[121.29,12.18],[120.34,13.34],[120.74,13.59]]],[[[122.2,13.53],[122.16,13.21],[121.86,13.21],[121.75,13.46],[122.2,13.53]]],[[[120.1,13.72],[120.12,13.85],[120.27,13.85],[120.1,13.72]]],[[[122.13,15.01],[122.07,14.62],[121.86,14.69],[122.13,15.01]]],[[[122.26,16.23],[121.6,15.84],[121.67,14.43],[122.19,13.98],[122.76,14.36],[123.12,13.79],[123.24,14.11],[123.87,13.91],[123.61,13.59],[124.14,13.21],[124.12,12.5],[123.45,13.01],[123.06,12.82],[123.27,13.27],[122.69,13.85],[122.74,13.21],[121.82,13.91],[121.4,13.59],[120.62,13.79],[120.97,14.62],[120.35,14.43],[120.04,14.81],[119.73,16.1],[120.01,16.42],[120.4,16.1],[120.61,18.54],[122.39,18.54],[122.22,17.64],[122.64,17.13],[122.26,16.23]]],[[[-17.85,27.87],[-17.9,27.61],[-18.06,27.67],[-17.85,27.87]]],[[[-15.73,27.74],[-15.76,28.19],[-15.3,28.12],[-15.73,27.74]]],[[[-17.35,28.19],[-17.12,28.25],[-17.03,28.06],[-17.35,28.19]]],[[[-16.91,28.38],[-16.09,28.57],[-16.36,28.06],[-16.65,27.93],[-16.91,28.38]]],[[[-13.77,28.77],[-13.81,28.25],[-14.32,28.06],[-13.77,28.77]]],[[[-17.71,28.89],[-17.67,28.51],[-17.9,28.51],[-17.71,28.89]]],[[[-13.65,29.22],[-13.42,29.22],[-13.47,28.89],[-13.85,28.83],[-13.65,29.22]]],[[[-2.98,35.26],[-2.99,35.45],[-2.84,35.45],[-2.98,35.26]]],[[[-0.53,35.71],[-0.45,35.58],[-0.67,35.45],[-0.92,35.71],[-0.53,35.71]]],[[[-5.57,35.84],[-5.34,35.84],[-5.33,35.77],[-5.57,35.84]]],[[[126.2,6.39],[125.83,7.23],[125.52,7.04],[125.65,5.88],[125.33,5.49],[125.15,6.01],[124.7,5.81],[124.0,6.26],[124.09,7.42],[123.68,7.74],[122.76,7.23],[122.59,7.74],[122.23,6.97],[121.8,6.97],[122.1,8.0],[123.34,8.77],[124.09,8.19],[124.82,9.03],[125.48,9.03],[125.42,9.86],[126.24,9.29],[126.59,7.61],[126.2,6.39]]],[[[124.55,9.22],[124.77,9.29],[124.82,9.03],[124.55,9.22]]],[[[123.58,9.03],[123.44,9.09],[123.54,9.35],[123.58,9.03]]],[[[125.97,9.54],[125.83,9.61],[125.91,9.67],[125.97,9.54]]],[[[126.06,9.67],[125.92,9.74],[125.94,9.99],[126.06,9.67]]],[[[124.5,10.19],[124.62,9.93],[123.78,9.54],[123.74,9.86],[124.5,10.19]]],[[[122.81,10.12],[122.9,10.89],[123.56,10.96],[123.15,9.8],[123.22,9.03],[122.33,9.67],[122.81,10.12]]],[[[125.47,10.38],[125.7,10.44],[125.71,9.86],[125.47,10.38]]],[[[123.6,9.99],[123.48,9.48],[123.26,9.48],[124.11,11.28],[124.0,10.25],[123.6,9.99]]],[[[121.93,11.99],[123.12,11.54],[122.62,10.38],[121.9,10.44],[121.93,11.99]]],[[[125.24,10.25],[124.92,9.99],[124.25,11.21],[124.31,11.73],[124.71,11.34],[124.97,11.73],[124.27,12.56],[125.55,12.24],[125.77,11.02],[125.06,11.21],[125.24,10.25]]],[[[123.73,12.31],[124.09,11.73],[123.17,11.99],[123.24,12.5],[123.77,12.63],[123.73,12.31]]],[[[121.9,12.37],[122.13,12.44],[122.09,12.11],[121.9,12.37]]],[[[122.69,12.24],[122.41,12.37],[122.51,12.56],[122.69,12.24]]],[[[121.99,12.5],[122.02,12.69],[122.24,12.69],[121.99,12.5]]],[[[144.84,13.34],[144.61,13.27],[144.65,13.53],[144.97,13.66],[144.84,13.34]]],[[[124.11,13.53],[124.12,14.11],[124.47,13.98],[124.11,13.53]]]]}},{"type":"Feature","properties":{"n":"Ayutthaya Kingdom","f":1670,"t":1690,"w":"Q841364"},"geometry":{"type":"Polygon","coordinates":[[[102.22,11.99],[101.79,12.69],[100.83,12.63],[100.99,13.46],[100.1,13.4],[100.03,12.05],[99.16,9.67],[99.34,9.22],[99.93,9.29],[100.51,7.16],[101.15,6.91],[100.89,6.26],[99.95,6.52],[98.62,8.32],[98.21,7.74],[98.76,11.73],[98.23,14.94],[98.93,16.36],[97.84,17.96],[98.64,18.41],[99.58,18.29],[100.75,19.12],[100.66,19.51],[101.18,19.57],[101.4,19.06],[101.02,17.51],[101.87,16.81],[103.23,16.55],[103.05,15.78],[103.61,14.49],[102.39,13.53],[102.74,12.05],[102.22,11.99]]]}},{"type":"Feature","properties":{"n":"Duchy of Lorraine","f":1670,"t":1672,"w":"Q155019"},"geometry":{"type":"MultiPolygon","coordinates":[[[[6.45,48.85],[7.14,48.06],[5.82,47.86],[5.38,48.52],[6.45,48.85]],[[6.64,48.19],[6.8,48.32],[6.71,48.52],[6.64,48.19]]],[[[6.7,48.79],[6.61,48.99],[7.03,48.92],[6.7,48.79]]],[[[7.53,49.12],[7.53,48.99],[7.2,48.92],[6.95,49.05],[7.53,49.12]]],[[[5.38,48.59],[5.29,48.85],[4.88,48.65],[5.18,49.58],[5.36,48.99],[5.85,49.32],[5.95,48.92],[5.38,48.59]]],[[[7.1,49.38],[6.36,49.12],[6.35,49.58],[7.1,49.38]]],[[[5.93,49.58],[6.02,49.38],[5.85,49.32],[5.6,49.52],[5.93,49.58]]]]}},{"type":"Feature","properties":{"n":"Sultanate of Bone","f":1670,"t":1856,"w":"Q43292"},"geometry":{"type":"Polygon","coordinates":[[[120.28,-4.66],[120.23,-5.24],[119.92,-4.79],[120.28,-4.66]]]}},{"type":"Feature","properties":{"n":"Bijapur Sultanate","f":1670,"t":1676,"w":"Q83821"},"geometry":{"type":"Polygon","coordinates":[[[74.36,17.32],[74.78,17.77],[78.04,17.9],[77.91,17.39],[74.77,16.36],[74.36,17.32]]]}},{"type":"Feature","properties":{"n":"Portuguese Empire","f":1670,"t":1676,"w":"Q200464"},"geometry":{"type":"MultiPolygon","coordinates":[[[[-49.51,-0.1],[-48.49,-0.23],[-48.93,-1.51],[-48.27,-0.74],[-47.4,-0.55],[-45.44,-1.64],[-44.93,-1.45],[-44.07,-2.54],[-43.19,-2.35],[-42.32,-2.8],[-39.63,-2.99],[-37.26,-4.86],[-35.59,-5.11],[-34.83,-7.17],[-35.41,-9.36],[-37.24,-11.09],[-38.13,-12.83],[-39.03,-13.28],[-39.28,-17.78],[-41.14,-22.15],[-41.91,-22.41],[-42.12,-22.99],[-44.74,-23.05],[-44.7,-23.37],[-45.48,-23.69],[-45.37,-24.02],[-46.09,-23.82],[-46.88,-24.21],[-48.69,-25.49],[-48.76,-25.94],[-49.92,-25.17],[-48.82,-22.92],[-45.61,-22.86],[-43.38,-22.21],[-42.32,-21.25],[-41.15,-18.94],[-40.76,-17.01],[-40.02,-15.91],[-39.53,-11.67],[-38.46,-10.51],[-37.87,-8.46],[-39.82,-5.18],[-42.42,-4.15],[-45.04,-3.89],[-46.47,-2.41],[-47.7,-1.84],[-49.31,-2.35],[-49.39,-2.86],[-49.82,-2.74],[-49.82,-2.29],[-51.92,-1.96],[-53.9,-2.61],[-55.28,-2.54],[-56.48,-4.28],[-56.69,-4.02],[-56.01,-2.54],[-58.43,-3.31],[-60.83,-3.25],[-60.53,-2.86],[-57.97,-2.48],[-56.8,-1.77],[-53.74,-1.51],[-50.67,1.96],[-49.95,1.7],[-50.39,0.74],[-49.51,-0.1]]],[[[6.3,0.35],[6.67,0.41],[6.66,0.16],[6.3,0.35]]],[[[7.34,1.51],[7.19,1.51],[7.27,1.7],[7.34,1.51]]],[[[-15.92,12.18],[-16.58,12.18],[-16.81,12.63],[-16.08,12.76],[-15.92,12.18]]],[[[-24.45,15.07],[-24.23,15.07],[-24.29,14.75],[-24.45,15.07]]],[[[-23.41,14.88],[-23.78,14.94],[-23.73,15.33],[-23.41,14.88]]],[[[-23.28,15.26],[-23.06,15.33],[-22.99,15.2],[-23.28,15.26]]],[[[-22.65,15.97],[-22.94,15.97],[-22.88,16.23],[-22.65,15.97]]],[[[-24.38,16.68],[-24.08,16.68],[-24.08,16.55],[-24.38,16.68]]],[[[-22.83,16.68],[-22.98,16.68],[-22.98,16.81],[-22.83,16.68]]],[[[-25.27,16.87],[-25.29,17.19],[-24.82,16.74],[-25.27,16.87]]],[[[-8.7,33.2],[-8.44,32.88],[-8.73,32.62],[-9.05,32.88],[-8.7,33.2]]],[[[35.33,-24.27],[35.03,-24.21],[34.93,-23.82],[35.38,-23.82],[35.33,-24.27]]],[[[34.54,-19.58],[34.71,-20.16],[34.34,-20.16],[34.54,-19.58]]],[[[37.63,-17.59],[37.2,-17.78],[37.26,-17.39],[37.63,-17.59]]],[[[40.75,-14.69],[40.55,-15.34],[40.17,-14.95],[40.75,-14.69]]],[[[12.89,-12.64],[13.63,-12.44],[13.55,-12.83],[12.82,-13.02],[12.89,-12.64]]],[[[13.54,-9.1],[13.11,-9.49],[12.89,-8.91],[13.47,-8.52],[13.54,-9.1]]],[[[39.82,-7.88],[39.53,-8.01],[39.52,-7.81],[39.82,-7.88]]],[[[39.12,-5.76],[39.27,-5.76],[39.43,-6.53],[39.12,-5.76]]],[[[39.55,-5.44],[39.55,-4.92],[39.77,-4.99],[39.55,-5.44]]],[[[39.39,-3.76],[39.75,-3.7],[39.54,-4.34],[39.39,-3.76]]],[[[8.54,3.76],[8.83,3.82],[8.68,3.18],[8.31,3.24],[8.54,3.76]]]]}},{"type":"Feature","properties":{"n":"Sultanate of Jambi","f":1670,"t":1821,"w":"Q1679856"},"geometry":{"type":"Polygon","coordinates":[[[101.73,-1.0],[103.4,-0.74],[104.21,-1.0],[104.44,-1.64],[103.15,-2.41],[101.73,-1.0]]]}},{"type":"Feature","properties":{"n":"Holy Roman Empire Minor States","f":1670,"t":1672,"w":"Q12548"},"geometry":{"type":"MultiPolygon","coordinates":[[[[8.03,44.06],[8.11,44.52],[8.59,44.71],[8.03,44.06]]],[[[8.75,44.91],[8.51,44.91],[8.59,45.04],[8.75,44.91]]],[[[6.83,47.14],[7.08,46.94],[6.51,46.87],[6.83,47.14]]],[[[6.99,47.47],[6.82,47.53],[6.98,47.66],[6.99,47.47]]],[[[7.55,47.93],[7.89,47.66],[7.56,47.53],[7.55,47.93]]],[[[7.2,48.99],[7.2,48.85],[7.03,48.85],[7.2,48.99]]],[[[8.46,53.94],[8.81,53.87],[8.72,53.66],[8.46,53.94]]],[[[9.4,54.82],[9.58,54.55],[8.8,54.14],[8.71,54.61],[9.4,54.82]]],[[[9.4,44.45],[9.32,45.17],[10.45,45.04],[10.62,45.43],[11.35,44.97],[10.78,43.93],[9.4,44.45]]],[[[11.52,46.61],[12.09,46.68],[11.02,45.76],[10.45,45.89],[10.53,46.55],[11.52,46.61]]],[[[9.54,47.2],[9.63,47.14],[9.46,47.14],[9.54,47.2]]],[[[13.0,47.53],[13.18,48.06],[13.74,47.07],[12.18,47.07],[12.51,47.66],[13.0,47.53]]],[[[13.36,48.99],[14.1,48.65],[13.85,48.46],[13.27,48.59],[13.36,48.99]]],[[[12.8,50.65],[12.63,50.65],[12.55,50.91],[12.8,50.65]]],[[[7.95,48.52],[7.53,49.12],[6.69,49.18],[7.01,49.65],[6.35,49.58],[6.58,50.11],[6.07,50.25],[6.4,50.51],[6.07,50.45],[5.97,50.98],[5.71,51.05],[5.9,50.38],[4.65,50.11],[5.77,51.78],[6.88,51.45],[6.45,51.85],[6.95,52.25],[6.68,52.65],[7.18,53.33],[6.91,53.6],[7.94,53.73],[7.61,53.12],[8.13,52.79],[8.64,53.12],[8.82,52.79],[10.79,54.27],[11.48,53.8],[11.4,54.14],[12.44,54.41],[13.12,53.66],[13.55,53.8],[13.2,53.33],[11.74,53.6],[11.13,53.26],[11.39,53.06],[10.79,52.99],[11.13,52.38],[12.33,52.79],[12.4,51.71],[11.63,51.25],[10.61,51.38],[10.19,51.11],[11.88,50.98],[12.05,51.31],[12.55,50.91],[11.79,50.85],[12.21,50.78],[12.12,50.18],[11.2,49.78],[11.28,49.12],[10.94,48.85],[10.03,49.12],[10.53,48.26],[10.12,48.06],[10.53,48.19],[10.69,47.73],[10.37,47.33],[9.04,47.73],[9.29,47.99],[8.22,47.66],[8.21,47.99],[8.21,48.26],[7.71,48.32],[7.95,48.52]],[[8.46,47.99],[8.38,48.13],[8.21,47.99],[8.46,47.99]],[[11.38,51.51],[11.46,51.65],[10.95,51.71],[10.87,51.45],[11.38,51.51]],[[10.2,48.46],[10.11,48.46],[10.11,48.32],[10.2,48.46]],[[9.95,48.46],[9.45,48.46],[9.45,48.19],[9.95,48.46]],[[9.54,47.86],[9.54,47.99],[9.37,47.93],[9.54,47.86]],[[9.37,48.26],[9.37,48.46],[9.2,48.32],[9.37,48.26]],[[8.71,48.19],[8.79,48.32],[8.54,48.32],[8.71,48.19]],[[9.04,48.19],[9.04,48.26],[8.87,48.32],[9.04,48.19]],[[8.91,52.12],[8.91,52.52],[8.14,52.59],[7.98,51.98],[8.91,52.12]],[[8.71,47.99],[8.63,47.99],[8.79,47.86],[8.71,47.99]],[[8.62,48.65],[8.53,48.59],[8.62,48.52],[8.62,48.65]],[[8.45,48.39],[8.21,48.39],[8.29,48.32],[8.45,48.39]],[[8.29,48.59],[8.37,48.46],[8.45,48.59],[8.29,48.59]],[[7.8,52.18],[7.71,52.52],[7.28,52.59],[7.8,52.18]],[[7.23,51.18],[7.64,51.51],[7.56,51.65],[7.05,51.58],[7.23,51.18]]],[[[9.93,54.55],[10.19,54.55],[10.1,54.21],[9.75,54.14],[9.93,54.55]]],[[[9.75,55.57],[8.53,54.89],[8.79,55.77],[9.75,55.57]]]]}},{"type":"Feature","properties":{"n":"New Netherland","f":1670,"t":1676,"w":"Q382593"},"geometry":{"type":"MultiPolygon","coordinates":[[[[-54.21,5.94],[-54.05,5.49],[-55.87,5.17],[-56.31,5.56],[-57.77,5.43],[-58.73,5.94],[-58.74,6.39],[-58.24,6.91],[-57.12,5.94],[-54.21,5.94]]],[[[-69.12,12.37],[-68.66,11.99],[-68.95,12.05],[-69.12,12.37]]],[[[-68.15,12.05],[-68.29,12.05],[-68.39,12.31],[-68.15,12.05]]],[[[-69.87,12.56],[-69.78,12.37],[-69.93,12.37],[-69.87,12.56]]],[[[-62.93,18.09],[-62.92,18.03],[-63.14,18.03],[-62.93,18.09]]]]}},{"type":"Feature","properties":{"n":"Swedish Empire","f":1670,"t":1682,"w":"Q215443"},"geometry":{"type":"MultiPolygon","coordinates":[[[[8.38,53.73],[9.5,53.6],[9.33,52.99],[8.82,52.79],[8.38,53.73]]],[[[11.48,53.94],[11.48,53.8],[11.22,53.8],[11.48,53.94]]],[[[14.77,54.07],[14.48,53.12],[13.9,53.73],[13.12,53.66],[12.44,54.48],[13.58,54.68],[13.74,54.27],[13.3,54.21],[14.17,54.07],[14.15,53.73],[14.77,54.07]]],[[[18.91,57.42],[18.08,56.94],[18.23,57.83],[19.05,57.97],[18.91,57.42]]],[[[22.25,58.67],[23.23,58.6],[21.9,57.9],[21.88,58.53],[22.25,58.67]]],[[[22.49,59.16],[22.9,58.81],[22.35,58.74],[22.49,59.16]]],[[[19.95,60.07],[19.68,60.14],[19.72,60.49],[20.17,60.42],[19.95,60.07]]],[[[7.4,62.62],[7.39,62.76],[7.67,62.76],[7.4,62.62]]],[[[29.8,61.05],[30.86,59.43],[27.37,59.16],[27.7,57.83],[26.53,56.59],[25.45,56.39],[23.47,56.8],[24.23,57.28],[24.27,58.25],[23.41,58.53],[23.41,59.29],[25.37,59.71],[27.88,59.5],[28.41,59.92],[29.94,59.85],[30.16,60.07],[28.99,60.14],[28.45,60.7],[23.03,59.85],[21.38,60.63],[21.5,61.69],[20.96,62.69],[21.5,63.34],[22.16,63.34],[24.56,64.93],[25.23,64.93],[25.23,65.52],[22.38,65.81],[22.44,65.52],[21.21,64.93],[21.54,64.42],[20.81,63.91],[17.39,62.47],[17.26,60.77],[18.61,60.42],[19.01,59.71],[18.35,59.43],[18.41,59.09],[16.66,58.46],[16.48,56.87],[17.12,57.28],[16.44,56.25],[16.19,56.52],[15.82,56.11],[14.77,56.18],[14.23,55.91],[14.3,55.36],[12.81,55.36],[12.91,55.77],[12.48,56.11],[12.75,56.66],[11.18,58.39],[11.1,59.09],[11.64,58.95],[11.83,59.85],[12.57,60.35],[12.31,60.98],[12.78,61.19],[12.14,61.76],[12.19,63.77],[14.1,64.13],[13.64,64.71],[14.54,65.44],[14.57,66.11],[16.38,67.07],[16.23,67.59],[18.05,68.12],[18.09,68.57],[19.96,68.42],[20.24,69.03],[21.07,69.26],[22.78,68.65],[24.86,68.57],[26.52,69.95],[29.2,69.72],[28.42,68.42],[29.94,67.67],[29.05,66.77],[30.31,65.81],[29.81,64.86],[30.55,64.28],[30.05,63.7],[32.2,62.33],[31.61,61.34],[30.56,61.62],[29.8,61.05]]],[[[8.32,63.41],[8.22,63.41],[8.22,63.48],[8.32,63.41]]]]}},{"type":"Feature","properties":{"n":"New France","f":1670,"t":1672,"w":"Q170604"},"geometry":{"type":"MultiPolygon","coordinates":[[[[-61.71,12.24],[-61.57,12.24],[-61.55,11.99],[-61.71,12.24]]],[[[-61.77,16.29],[-61.35,16.49],[-61.17,16.23],[-61.74,15.97],[-61.77,16.29]]],[[[-64.65,17.71],[-64.73,17.71],[-64.73,17.77],[-64.65,17.71]]],[[[-64.88,17.71],[-64.89,17.84],[-64.74,17.84],[-64.88,17.71]]],[[[-62.95,18.29],[-62.93,18.09],[-63.08,18.16],[-62.95,18.29]]],[[[-73.92,18.03],[-74.44,18.61],[-72.3,18.61],[-72.79,19.51],[-73.41,19.64],[-72.64,19.96],[-72.1,19.83],[-72.51,19.57],[-72.0,18.54],[-72.18,18.22],[-73.92,18.03]]],[[[-65.51,44.91],[-65.28,44.58],[-65.69,44.58],[-65.51,44.91]]],[[[-66.3,45.56],[-65.89,45.56],[-65.88,45.37],[-66.3,45.56]]],[[[-73.3,45.24],[-74.2,45.24],[-74.48,45.63],[-73.52,46.61],[-71.58,47.14],[-70.59,46.81],[-72.71,46.48],[-73.85,45.82],[-73.3,45.24]]],[[[-85.0,46.48],[-84.47,46.41],[-84.56,46.28],[-85.0,46.48]]],[[[47.09,-24.79],[46.97,-25.11],[46.53,-25.24],[47.09,-24.79]]],[[[55.1,-21.25],[55.22,-20.86],[55.77,-21.31],[55.1,-21.25]]],[[[-54.27,5.24],[-54.06,5.75],[-52.89,5.49],[-51.71,4.53],[-51.77,3.95],[-54.27,5.24]]],[[[-60.7,11.34],[-60.56,11.34],[-60.62,11.09],[-60.7,11.34]]],[[[-60.82,14.04],[-60.8,13.72],[-60.94,13.66],[-60.82,14.04]]],[[[-60.78,14.43],[-61.08,14.49],[-61.19,14.88],[-60.78,14.43]]],[[[-16.24,15.78],[-16.6,15.65],[-16.47,16.16],[-16.24,15.78]]],[[[-53.67,47.2],[-54.08,47.2],[-54.02,47.66],[-53.67,47.2]]],[[[-53.72,47.53],[-53.75,47.6],[-53.67,47.6],[-53.72,47.53]]]]}},{"type":"Feature","properties":{"n":"Qing Dynasty","f":1670,"t":1672,"w":"Q8733"},"geometry":{"type":"MultiPolygon","coordinates":[[[[108.76,18.41],[108.7,19.38],[109.25,19.96],[110.91,20.15],[111.03,19.57],[110.18,18.48],[108.76,18.41]]],[[[122.28,29.99],[121.98,29.99],[122.05,30.18],[122.28,29.99]]],[[[127.28,52.12],[127.87,51.92],[135.31,51.78],[138.16,51.92],[140.8,53.6],[141.46,53.33],[141.15,52.52],[141.56,52.25],[140.65,51.25],[140.25,48.59],[135.28,43.6],[133.27,42.69],[131.91,43.28],[130.77,42.43],[129.84,42.95],[129.7,42.5],[128.07,41.98],[128.34,41.65],[128.1,41.39],[126.83,41.78],[124.23,39.84],[122.94,39.64],[121.42,38.74],[121.03,38.74],[121.69,39.38],[121.21,39.51],[122.23,40.48],[121.82,40.87],[121.11,40.87],[118.99,39.19],[117.78,39.13],[117.77,38.35],[119.46,37.96],[119.16,37.19],[120.75,37.9],[122.71,37.45],[122.39,36.8],[120.98,36.61],[119.23,34.81],[120.34,34.36],[120.92,32.62],[121.96,31.98],[121.58,31.4],[121.9,30.82],[120.68,30.18],[121.48,30.31],[122.03,29.92],[121.94,29.22],[121.59,29.54],[121.65,28.32],[121.12,28.32],[119.59,26.13],[119.53,25.62],[119.87,25.49],[119.27,25.49],[118.76,24.59],[118.15,24.52],[116.54,22.91],[114.64,22.72],[114.37,22.08],[113.6,22.72],[113.07,21.89],[110.42,21.18],[110.57,20.34],[110.03,20.21],[109.81,21.5],[107.1,21.76],[106.66,22.21],[106.71,22.91],[105.44,23.3],[103.96,22.53],[101.72,22.46],[101.81,21.18],[101.36,21.18],[101.16,21.76],[100.22,21.5],[99.94,22.08],[99.29,22.14],[99.57,22.98],[98.94,23.24],[98.88,24.14],[97.65,23.94],[97.65,24.78],[98.67,25.81],[98.84,26.58],[98.74,27.48],[98.16,28.19],[98.87,28.32],[99.4,29.47],[99.61,28.25],[100.68,29.73],[101.87,33.52],[101.2,33.78],[101.69,34.1],[100.85,34.55],[102.03,34.61],[101.71,35.0],[102.92,36.35],[102.1,37.77],[101.7,37.58],[99.9,38.87],[100.97,40.23],[101.07,40.94],[97.21,41.85],[97.09,42.76],[101.56,42.56],[104.81,41.59],[106.86,42.3],[110.28,42.69],[111.89,43.67],[112.07,44.39],[115.88,45.56],[116.72,46.35],[119.94,46.87],[118.48,47.99],[117.31,47.73],[115.42,47.99],[116.68,49.78],[117.83,49.52],[119.28,50.11],[119.65,51.11],[120.67,52.05],[120.53,52.59],[119.9,52.65],[120.63,53.19],[125.96,53.66],[127.28,52.12]]]]}},{"type":"Feature","properties":{"n":"Kingdom of France","f":1670,"t":1672,"w":"Q207162"},"geometry":{"type":"MultiPolygon","coordinates":[[[[5.85,49.38],[5.36,48.99],[5.18,49.58],[4.88,48.65],[5.87,48.85],[5.88,48.46],[5.38,48.52],[5.82,47.73],[5.38,46.28],[6.03,46.22],[5.48,45.56],[6.64,44.84],[6.81,44.32],[6.42,44.06],[6.91,43.54],[5.8,43.15],[3.85,43.6],[2.98,43.15],[3.09,42.5],[2.46,42.37],[-1.43,43.08],[-1.69,43.41],[-1.03,45.5],[-1.25,46.28],[-2.84,47.6],[-4.42,47.8],[-4.91,48.52],[-3.46,48.92],[-1.6,48.65],[-2.03,49.78],[0.01,49.38],[0.22,49.85],[1.45,50.25],[1.66,51.05],[2.74,51.25],[2.26,50.78],[3.61,50.78],[3.72,50.38],[5.85,49.38]],[[3.22,50.25],[3.46,50.45],[3.37,50.51],[3.04,50.45],[3.22,50.25]]],[[[6.71,48.52],[6.8,48.32],[6.64,48.19],[6.71,48.52]]],[[[7.56,47.6],[6.98,47.53],[7.04,48.52],[6.45,48.85],[5.86,48.99],[5.85,49.32],[6.27,49.45],[6.36,49.12],[7.03,49.05],[6.7,48.79],[7.36,48.92],[7.71,48.46],[7.56,47.6]]],[[[6.03,48.92],[6.04,48.79],[5.87,48.85],[6.03,48.92]]],[[[4.38,50.51],[4.39,50.31],[4.14,50.31],[4.38,50.51]]]]}},{"type":"Feature","properties":{"n":"Saadi Sultanate","f":1670,"t":1737,"w":"Q1136188"},"geometry":{"type":"Polygon","coordinates":[[[-5.59,29.92],[-5.96,29.6],[-5.82,29.86],[-5.59,29.92]]]}},{"type":"Feature","properties":{"n":"Holy Roman Empire Minor States","f":1673,"t":1676,"w":"Q12548"},"geometry":{"type":"MultiPolygon","coordinates":[[[[8.03,44.06],[8.11,44.52],[8.59,44.71],[8.03,44.06]]],[[[8.75,44.91],[8.51,44.91],[8.59,45.04],[8.75,44.91]]],[[[6.83,47.14],[7.08,46.94],[6.51,46.87],[6.83,47.14]]],[[[6.99,47.47],[6.82,47.53],[6.98,47.66],[6.99,47.47]]],[[[7.55,47.93],[7.89,47.66],[7.56,47.53],[7.55,47.93]]],[[[5.73,50.65],[5.9,50.38],[5.56,50.45],[5.73,50.65]]],[[[8.46,53.94],[8.81,53.87],[8.72,53.66],[8.46,53.94]]],[[[9.24,44.91],[9.32,45.17],[10.45,45.04],[10.62,45.43],[11.35,44.84],[10.62,43.8],[9.24,44.91]]],[[[9.54,47.2],[9.63,47.14],[9.46,47.14],[9.54,47.2]]],[[[13.0,47.53],[13.18,48.06],[13.74,47.07],[12.18,47.07],[12.51,47.66],[13.0,47.53]]],[[[13.36,48.99],[14.1,48.65],[13.85,48.46],[13.27,48.59],[13.36,48.99]]],[[[12.8,50.65],[12.63,50.65],[12.55,50.91],[12.8,50.65]]],[[[7.95,48.52],[7.37,48.85],[7.53,49.12],[6.69,49.18],[7.01,49.65],[6.35,49.58],[6.58,50.11],[6.07,50.25],[6.4,50.51],[5.97,50.78],[6.2,51.51],[6.88,51.45],[6.45,51.85],[6.95,52.25],[6.68,52.65],[7.18,53.33],[6.91,53.6],[7.94,53.73],[7.61,53.12],[8.13,52.79],[8.64,53.12],[8.82,52.79],[10.79,54.27],[11.48,53.8],[11.4,54.14],[12.44,54.41],[13.12,53.66],[13.55,53.8],[13.2,53.33],[11.74,53.6],[11.13,53.26],[11.39,53.06],[10.79,52.99],[11.13,52.38],[12.33,52.79],[12.4,51.71],[11.63,51.25],[10.61,51.38],[10.19,51.11],[11.88,50.98],[12.05,51.31],[12.55,50.91],[11.79,50.85],[12.21,50.78],[12.12,50.18],[11.2,49.78],[11.28,49.12],[10.94,48.85],[10.03,49.12],[10.53,48.26],[10.12,48.06],[10.53,48.19],[10.69,47.73],[10.37,47.33],[9.04,47.73],[9.29,47.99],[8.22,47.66],[8.21,47.99],[8.21,48.26],[7.71,48.32],[7.95,48.52]],[[8.46,47.99],[8.38,48.13],[8.21,47.99],[8.46,47.99]],[[11.38,51.51],[11.46,51.65],[10.95,51.71],[10.87,51.45],[11.38,51.51]],[[10.2,48.46],[10.11,48.46],[10.11,48.32],[10.2,48.46]],[[9.95,48.46],[9.45,48.46],[9.45,48.19],[9.95,48.46]],[[9.54,47.86],[9.54,47.99],[9.37,47.93],[9.54,47.86]],[[9.37,48.26],[9.37,48.46],[9.2,48.32],[9.37,48.26]],[[8.71,48.19],[8.79,48.32],[8.54,48.32],[8.71,48.19]],[[9.04,48.19],[9.04,48.26],[8.87,48.32],[9.04,48.19]],[[8.91,52.12],[8.91,52.52],[8.14,52.59],[7.98,51.98],[8.91,52.12]],[[8.71,47.99],[8.63,47.99],[8.79,47.86],[8.71,47.99]],[[8.62,48.65],[8.53,48.59],[8.62,48.52],[8.62,48.65]],[[8.45,48.39],[8.21,48.39],[8.29,48.32],[8.45,48.39]],[[8.29,48.59],[8.37,48.46],[8.45,48.59],[8.29,48.59]],[[7.8,52.18],[7.71,52.52],[7.28,52.59],[7.8,52.18]],[[7.23,51.18],[7.64,51.51],[7.56,51.65],[7.05,51.58],[7.23,51.18]]],[[[9.93,54.55],[10.19,54.55],[10.1,54.21],[9.75,54.14],[9.93,54.55]]],[[[9.4,54.82],[9.58,54.55],[8.8,54.14],[8.71,54.61],[9.4,54.82]]],[[[9.75,55.57],[8.53,54.89],[8.79,55.77],[9.75,55.57]]]]}},{"type":"Feature","properties":{"n":"Comtat Venaissin","f":1673,"t":1676,"w":"Q1122980"},"geometry":{"type":"Polygon","coordinates":[[[5.11,44.52],[5.29,43.99],[4.73,43.8],[5.04,44.25],[4.63,44.32],[5.11,44.52]]]}},{"type":"Feature","properties":{"n":"Tibet","f":1673,"t":1676,"w":"Q521263"},"geometry":{"type":"Polygon","coordinates":[[[100.68,29.73],[99.7,28.32],[99.4,29.47],[98.54,28.19],[97.3,28.96],[96.24,28.96],[95.97,29.41],[95.42,29.02],[94.66,29.28],[93.51,28.64],[89.89,28.32],[88.95,27.42],[88.78,28.06],[85.98,27.99],[84.41,28.77],[84.14,29.28],[83.45,29.22],[82.04,30.37],[81.01,30.18],[78.81,31.53],[78.46,32.3],[78.71,32.69],[79.46,32.62],[78.83,33.46],[78.98,34.04],[79.45,34.04],[80.22,35.45],[81.67,35.39],[82.35,35.84],[85.89,35.77],[86.8,36.42],[91.25,36.48],[92.36,37.0],[98.85,34.1],[101.87,33.52],[100.68,29.73]]]}},{"type":"Feature","properties":{"n":"Kingdom of France","f":1673,"t":1676,"w":"Q207162"},"geometry":{"type":"MultiPolygon","coordinates":[[[[4.83,49.85],[6.18,49.45],[7.01,49.65],[6.69,49.18],[7.53,49.12],[7.37,48.85],[7.79,48.59],[7.4,47.47],[6.14,47.99],[5.43,47.07],[5.38,46.28],[6.03,46.28],[5.48,45.56],[6.64,44.84],[6.81,44.32],[6.41,44.19],[6.91,43.54],[6.52,43.21],[3.85,43.6],[2.98,43.15],[3.09,42.5],[2.46,42.37],[-1.43,43.08],[-1.69,43.41],[-1.03,45.5],[-1.25,46.28],[-2.01,46.61],[-2.58,47.47],[-4.42,47.8],[-4.89,48.32],[-4.6,48.72],[-3.46,48.92],[-1.6,48.65],[-2.03,49.78],[0.01,49.38],[0.22,49.85],[1.45,50.25],[1.66,51.05],[2.66,51.25],[2.26,50.78],[3.61,50.78],[3.55,50.38],[4.66,50.05],[5.37,51.18],[4.67,51.71],[5.0,51.85],[5.14,52.79],[6.2,51.51],[4.83,49.85]],[[5.04,44.25],[4.73,43.8],[5.29,43.99],[5.11,44.52],[4.71,44.32],[5.04,44.25]],[[3.04,50.45],[3.05,50.31],[3.46,50.45],[3.04,50.45]]],[[[4.21,50.51],[4.38,50.51],[4.39,50.31],[4.21,50.51]]]]}},{"type":"Feature","properties":{"n":"Qing Dynasty","f":1673,"t":1676,"w":"Q8733"},"geometry":{"type":"MultiPolygon","coordinates":[[[[108.76,18.41],[108.7,19.38],[109.25,19.96],[110.91,20.15],[111.03,19.57],[110.18,18.48],[108.76,18.41]]],[[[122.28,29.99],[121.98,29.99],[122.05,30.18],[122.28,29.99]]],[[[127.28,52.12],[127.87,51.92],[135.31,51.78],[138.16,51.92],[140.8,53.6],[141.46,53.33],[141.15,52.52],[141.56,52.25],[140.65,51.25],[140.25,48.59],[135.28,43.6],[133.27,42.69],[131.91,43.28],[130.77,42.43],[129.84,42.95],[129.7,42.5],[128.07,41.98],[128.34,41.65],[128.1,41.39],[126.83,41.78],[124.23,39.84],[122.94,39.64],[121.42,38.74],[121.03,38.74],[121.69,39.38],[121.21,39.51],[122.23,40.48],[121.82,40.87],[121.11,40.87],[119.22,39.32],[117.89,39.19],[117.6,38.48],[119.46,37.96],[119.16,37.19],[120.75,37.9],[122.71,37.45],[122.39,36.8],[120.98,36.61],[119.23,34.81],[120.34,34.36],[120.92,32.62],[121.96,31.98],[121.58,31.4],[121.9,30.82],[120.68,30.18],[121.48,30.31],[122.03,29.92],[122.0,29.41],[121.71,29.22],[121.59,29.54],[121.65,28.32],[121.12,28.32],[120.68,27.61],[119.53,27.8],[119.13,27.48],[118.78,28.57],[117.67,28.38],[116.8,27.22],[115.82,24.46],[114.55,24.46],[115.09,25.23],[114.33,25.49],[113.33,25.36],[113.36,24.84],[112.61,25.16],[112.42,24.65],[111.81,24.59],[111.86,25.16],[111.45,24.97],[111.76,25.68],[111.11,26.13],[109.78,25.87],[108.13,24.84],[107.19,25.36],[106.21,24.59],[105.35,24.78],[104.75,24.39],[104.98,25.16],[104.52,25.49],[104.9,26.52],[104.17,26.58],[103.98,27.35],[104.24,27.8],[105.31,27.87],[105.49,28.25],[104.64,28.19],[104.68,28.89],[103.32,27.74],[103.28,26.32],[101.9,26.19],[100.31,29.22],[101.87,33.52],[101.2,33.78],[101.69,34.1],[100.85,34.55],[102.03,34.61],[101.71,35.0],[102.57,35.64],[102.84,36.74],[102.1,37.77],[101.7,37.58],[99.9,38.87],[100.97,40.23],[101.07,40.94],[97.21,41.85],[97.09,42.76],[101.56,42.56],[104.81,41.59],[106.86,42.3],[110.28,42.69],[111.89,43.67],[112.07,44.39],[115.88,45.56],[116.72,46.35],[119.94,46.87],[118.48,47.99],[117.31,47.73],[115.42,47.99],[116.68,49.78],[117.83,49.52],[119.28,50.11],[119.65,51.11],[120.67,52.05],[120.53,52.59],[119.9,52.65],[120.63,53.19],[125.96,53.66],[127.28,52.12]]]]}},{"type":"Feature","properties":{"n":"Kingdom of Mysore","f":1673,"t":1690,"w":"Q266923"},"geometry":{"type":"Polygon","coordinates":[[[75.76,13.64],[77.16,14.67],[78.17,13.92],[78.32,13.09],[77.54,12.36],[77.87,11.56],[77.32,10.47],[76.92,10.43],[76.02,12.65],[75.01,12.51],[74.69,13.66],[75.76,13.64]]]}},{"type":"Feature","properties":{"n":"New France","f":1673,"t":1676,"w":"Q170604"},"geometry":{"type":"MultiPolygon","coordinates":[[[[-64.65,17.71],[-64.73,17.71],[-64.73,17.77],[-64.65,17.71]]],[[[-64.88,17.71],[-64.89,17.84],[-64.74,17.84],[-64.88,17.71]]],[[[-62.95,18.29],[-62.93,18.09],[-63.08,18.16],[-62.95,18.29]]],[[[-73.92,18.03],[-74.44,18.61],[-72.3,18.61],[-72.79,19.51],[-73.41,19.64],[-72.64,19.96],[-72.1,19.83],[-72.51,19.57],[-72.0,18.54],[-72.18,18.22],[-73.92,18.03]]],[[[-87.76,44.52],[-88.32,44.65],[-88.16,44.78],[-87.76,44.52]]],[[[-64.65,44.97],[-65.49,44.52],[-65.67,44.91],[-64.63,45.3],[-66.35,45.5],[-64.56,46.22],[-64.13,45.63],[-63.09,45.3],[-64.65,44.97]]],[[[-73.85,45.82],[-73.3,45.24],[-74.51,45.37],[-76.65,44.32],[-76.02,45.3],[-75.36,45.76],[-74.4,45.63],[-73.52,46.61],[-71.58,47.14],[-70.59,46.81],[-73.85,45.82]]],[[[-85.0,46.48],[-84.47,46.41],[-84.56,46.28],[-85.0,46.48]]],[[[-54.27,5.24],[-54.06,5.75],[-52.89,5.49],[-51.71,4.53],[-51.77,3.95],[-54.27,5.24]]],[[[-61.71,12.24],[-61.57,12.24],[-61.55,11.99],[-61.71,12.24]]],[[[-60.82,14.04],[-60.8,13.72],[-60.94,13.66],[-60.82,14.04]]],[[[-60.78,14.43],[-61.08,14.49],[-61.19,14.88],[-60.78,14.43]]],[[[-16.24,15.78],[-16.6,15.65],[-16.47,16.16],[-16.24,15.78]]],[[[-61.77,16.29],[-61.35,16.49],[-61.17,16.23],[-61.74,15.97],[-61.77,16.29]]],[[[-53.72,47.53],[-53.67,47.2],[-54.08,47.2],[-54.02,47.66],[-53.72,47.53]]],[[[-53.64,47.53],[-53.72,47.53],[-53.75,47.6],[-53.64,47.53]]]]}},{"type":"Feature","properties":{"n":"Sultanate of Cirebon","f":1673,"t":1676,"w":"Q2077648"},"geometry":{"type":"Polygon","coordinates":[[[109.89,-7.94],[107.99,-7.81],[108.1,-7.3],[107.27,-6.79],[106.85,-5.89],[108.26,-6.27],[110.01,-7.56],[109.89,-7.94]]]}},{"type":"Feature","properties":{"n":"(Portuguese Empire)","f":1673,"t":1676,"w":"Q200464"},"geometry":{"type":"MultiPolygon","coordinates":[[[[-48.49,-0.23],[-48.93,-1.51],[-48.27,-0.74],[-47.4,-0.55],[-45.44,-1.64],[-44.93,-1.45],[-44.07,-2.54],[-43.19,-2.35],[-42.32,-2.8],[-39.63,-2.99],[-37.26,-4.86],[-35.59,-5.11],[-34.83,-7.17],[-35.41,-9.36],[-37.24,-11.09],[-38.13,-12.83],[-39.03,-13.28],[-39.28,-17.78],[-41.14,-22.15],[-41.91,-22.41],[-42.12,-22.99],[-44.74,-23.05],[-44.7,-23.37],[-45.48,-23.69],[-45.37,-24.02],[-46.09,-23.82],[-46.88,-24.21],[-48.69,-25.49],[-48.76,-25.94],[-49.92,-25.17],[-48.82,-22.92],[-45.61,-22.86],[-43.38,-22.21],[-42.32,-21.25],[-41.15,-18.94],[-40.76,-17.01],[-40.02,-15.91],[-39.53,-11.67],[-38.46,-10.51],[-37.87,-8.46],[-39.82,-5.18],[-42.42,-4.15],[-45.04,-3.89],[-46.47,-2.41],[-47.7,-1.84],[-49.31,-2.35],[-49.39,-2.86],[-49.82,-2.74],[-49.82,-2.29],[-51.92,-1.96],[-53.9,-2.61],[-55.28,-2.54],[-56.48,-4.28],[-56.69,-4.02],[-56.01,-2.54],[-58.43,-3.31],[-60.83,-3.25],[-60.53,-2.86],[-57.97,-2.48],[-56.8,-1.77],[-53.74,-1.51],[-50.67,1.96],[-49.95,1.7],[-50.39,0.74],[-48.49,-0.23]]],[[[6.3,0.35],[6.67,0.41],[6.38,0.03],[6.3,0.35]]],[[[7.34,1.51],[7.19,1.51],[7.27,1.7],[7.34,1.51]]],[[[8.54,3.76],[8.83,3.82],[8.68,3.18],[8.31,3.24],[8.54,3.76]]],[[[-15.92,12.18],[-16.58,12.18],[-16.81,12.63],[-16.08,12.76],[-15.92,12.18]]],[[[-24.45,15.07],[-24.23,15.07],[-24.29,14.75],[-24.45,15.07]]],[[[-23.78,14.94],[-23.73,15.33],[-23.42,15.14],[-23.78,14.94]]],[[[-23.28,15.26],[-23.06,15.33],[-22.99,15.2],[-23.28,15.26]]],[[[-22.65,15.97],[-22.94,15.97],[-22.88,16.23],[-22.65,15.97]]],[[[-24.08,16.68],[-24.08,16.55],[-24.37,16.49],[-24.08,16.68]]],[[[-22.83,16.68],[-22.98,16.68],[-22.98,16.81],[-22.83,16.68]]],[[[-25.27,16.87],[-25.29,17.19],[-24.82,16.74],[-25.27,16.87]]],[[[-16.79,32.88],[-16.69,32.69],[-17.07,32.62],[-16.79,32.88]]],[[[-8.73,32.62],[-9.05,32.81],[-8.7,33.2],[-8.45,32.94],[-8.73,32.62]]],[[[-25.7,37.71],[-25.9,37.96],[-25.11,37.9],[-25.7,37.71]]],[[[-28.19,38.55],[-28.08,38.35],[-28.81,38.48],[-28.19,38.55]]],[[[-28.04,38.55],[-28.15,38.74],[-27.89,38.61],[-28.04,38.55]]],[[[-27.36,38.67],[-27.39,38.87],[-27.08,38.87],[-27.36,38.67]]],[[[-8.82,38.48],[-9.21,38.42],[-9.57,38.93],[-8.73,40.74],[-8.93,41.91],[-6.7,41.98],[-6.25,41.46],[-6.93,41.0],[-6.9,39.77],[-7.44,39.64],[-6.99,39.0],[-7.27,38.67],[-6.99,38.09],[-7.68,37.0],[-9.0,37.0],[-8.82,38.48]]],[[[35.33,-24.27],[35.03,-24.21],[34.93,-23.82],[35.38,-23.82],[35.33,-24.27]]],[[[34.54,-19.58],[34.71,-20.16],[34.34,-20.16],[34.54,-19.58]]],[[[37.34,-17.65],[37.2,-17.78],[37.26,-17.39],[37.63,-17.59],[37.34,-17.65]]],[[[40.75,-14.69],[40.55,-15.34],[40.17,-14.95],[40.75,-14.69]]],[[[12.89,-12.64],[13.63,-12.44],[13.55,-12.83],[12.82,-13.02],[12.89,-12.64]]],[[[123.94,-9.23],[124.38,-9.16],[124.26,-9.49],[123.94,-9.23]]],[[[13.54,-9.1],[13.11,-9.49],[12.89,-8.91],[13.25,-8.46],[13.54,-9.1]]],[[[124.71,-8.84],[125.2,-8.52],[127.23,-8.39],[124.92,-9.55],[124.71,-8.84]]],[[[122.61,-8.07],[122.82,-8.07],[122.66,-8.71],[122.28,-8.52],[122.61,-8.07]]],[[[39.82,-7.88],[39.53,-8.01],[39.52,-7.81],[39.82,-7.88]]],[[[39.12,-5.76],[39.27,-5.76],[39.43,-6.53],[39.12,-5.76]]],[[[39.55,-5.11],[39.55,-4.92],[39.77,-4.99],[39.55,-5.44],[39.55,-5.11]]],[[[39.75,-3.7],[39.39,-4.41],[39.25,-4.21],[39.75,-3.7]]],[[[80.83,6.2],[80.31,7.42],[79.72,7.36],[79.81,8.77],[80.79,9.29],[81.09,8.32],[81.65,7.94],[81.43,6.46],[80.83,6.2]]],[[[79.87,10.76],[79.86,10.73],[79.85,10.82],[79.87,10.76]]],[[[74.24,14.62],[73.79,15.33],[73.88,15.52],[74.52,15.26],[74.24,14.62]]],[[[73.09,19.25],[72.87,19.25],[73.03,19.38],[73.09,19.25]]],[[[73.12,20.21],[73.19,20.21],[73.18,20.09],[73.12,20.21]]],[[[113.64,22.14],[113.42,22.14],[113.53,22.34],[113.64,22.14]]]]}},{"type":"Feature","properties":{"n":"Crimean Khanate","f":1673,"t":1682,"w":"Q160440"},"geometry":{"type":"MultiPolygon","coordinates":[[[[35.02,45.3],[36.38,45.17],[34.03,44.65],[32.61,45.5],[34.15,46.09],[35.02,45.3]]],[[[35.63,46.68],[34.74,46.15],[31.82,46.35],[33.69,46.87],[34.38,47.6],[36.95,47.2],[37.84,47.6],[39.22,47.47],[35.63,46.68]]]]}},{"type":"Feature","properties":{"n":"(Kingdom of England)","f":1673,"t":1676,"w":"Q179876"},"geometry":{"type":"MultiPolygon","coordinates":[[[[-89.17,17.77],[-88.25,18.48],[-88.24,16.49],[-89.19,15.97],[-89.17,17.77]]],[[[-78.39,18.29],[-77.01,18.48],[-76.12,17.9],[-77.37,17.84],[-78.39,18.29]]],[[[-74.86,22.91],[-75.17,23.43],[-75.02,23.43],[-74.86,22.91]]],[[[-77.4,23.81],[-77.76,23.75],[-77.92,24.2],[-77.48,24.26],[-77.4,23.81]]],[[[-75.49,24.39],[-75.59,24.52],[-75.24,24.26],[-75.43,24.07],[-75.49,24.39]]],[[[-78.39,24.71],[-78.19,25.23],[-77.62,24.59],[-78.09,24.33],[-78.39,24.71]]],[[[-76.23,24.78],[-76.26,24.91],[-76.05,24.97],[-76.23,24.78]]],[[[-76.6,25.49],[-76.35,25.36],[-76.48,25.29],[-76.6,25.49]]],[[[-77.29,25.94],[-77.19,26.52],[-77.67,26.97],[-76.94,26.39],[-77.29,25.94]]],[[[-78.6,26.77],[-77.97,26.64],[-78.68,26.45],[-78.6,26.77]]],[[[-79.68,32.75],[-80.15,32.56],[-80.09,33.07],[-79.68,32.75]]],[[[-77.92,33.91],[-78.15,33.91],[-78.21,34.29],[-77.65,34.23],[-77.92,33.91]]],[[[-76.73,35.97],[-77.14,36.22],[-76.8,36.35],[-76.73,35.97]]],[[[-76.36,37.45],[-75.81,36.61],[-76.79,36.55],[-77.56,37.51],[-77.4,37.9],[-76.36,37.45]]],[[[-76.91,38.42],[-76.83,38.42],[-76.8,38.35],[-76.91,38.42]]],[[[-80.76,51.25],[-80.8,51.05],[-81.35,51.11],[-81.36,51.38],[-80.76,51.25]]],[[[-79.04,51.71],[-78.48,51.38],[-78.99,51.38],[-79.04,51.71]]],[[[-59.57,13.01],[-59.67,13.34],[-59.52,13.34],[-59.57,13.01]]],[[[-61.64,17.19],[-61.62,16.94],[-61.76,16.94],[-61.64,17.19]]],[[[-64.87,17.64],[-64.73,17.77],[-64.65,17.64],[-64.87,17.64]]],[[[-64.66,17.77],[-64.59,17.77],[-64.58,17.71],[-64.66,17.77]]],[[[-64.73,17.77],[-64.74,17.84],[-64.67,17.84],[-64.73,17.77]]],[[[-73.66,20.92],[-73.69,21.11],[-72.97,21.24],[-73.66,20.92]]],[[[-72.93,22.46],[-72.69,22.34],[-72.82,22.27],[-72.93,22.46]]],[[[-73.67,22.46],[-74.15,22.21],[-73.9,22.46],[-73.94,22.72],[-73.67,22.46]]],[[[-74.51,23.94],[-74.55,24.14],[-74.32,24.14],[-74.51,23.94]]],[[[-64.65,32.36],[-64.67,32.17],[-64.86,32.3],[-64.65,32.36]]],[[[-70.05,41.59],[-70.8,41.85],[-71.52,41.33],[-73.47,41.07],[-71.94,41.0],[-74.14,40.61],[-73.87,40.16],[-74.64,39.0],[-75.4,39.32],[-75.05,38.67],[-75.72,39.32],[-76.42,39.32],[-76.25,38.16],[-76.72,38.16],[-76.86,38.67],[-77.26,39.06],[-75.0,40.03],[-74.41,40.68],[-74.29,43.15],[-73.69,42.24],[-73.0,42.3],[-71.08,42.82],[-70.77,43.54],[-70.49,43.28],[-70.98,42.43],[-70.37,41.78],[-69.95,41.91],[-70.05,41.59]]],[[[-70.73,41.33],[-70.73,41.52],[-70.58,41.52],[-70.73,41.33]]],[[[-70.39,43.41],[-70.59,43.67],[-70.44,43.86],[-70.14,43.73],[-70.39,43.41]]],[[[-69.72,43.86],[-69.95,44.19],[-69.66,44.25],[-69.33,44.06],[-69.72,43.86]]],[[[-53.75,46.81],[-53.37,47.27],[-53.64,47.73],[-52.92,48.19],[-53.25,47.6],[-52.76,47.8],[-52.62,47.47],[-53.02,46.61],[-53.75,46.81]]],[[[-53.06,48.72],[-52.95,48.46],[-53.58,48.59],[-53.06,48.72]]],[[[-1.21,5.11],[-1.21,5.36],[-1.06,5.36],[-1.21,5.11]]],[[[80.31,12.76],[80.1,12.82],[80.2,13.14],[80.31,12.76]]],[[[72.87,19.25],[73.09,19.25],[72.99,18.99],[72.87,19.25]]],[[[72.89,20.86],[72.62,21.11],[72.63,21.18],[73.08,21.18],[72.89,20.86]]],[[[-5.95,35.71],[-5.72,35.77],[-5.77,35.39],[-5.95,35.71]]],[[[-6.43,52.18],[-9.64,51.45],[-10.45,51.78],[-10.25,52.12],[-10.53,52.25],[-9.94,52.32],[-9.38,53.12],[-10.21,53.46],[-9.83,53.8],[-10.08,54.27],[-8.7,54.27],[-8.32,54.61],[-8.87,54.82],[-8.41,55.23],[-6.15,55.29],[-5.43,54.48],[-6.33,54.07],[-6.43,52.18]]],[[[-4.38,54.41],[-4.36,54.21],[-4.86,54.07],[-4.38,54.41]]],[[[-3.26,56.05],[-1.73,55.7],[-1.29,54.68],[-0.2,54.21],[0.3,53.39],[0.17,52.86],[1.62,52.86],[1.59,52.12],[0.52,51.51],[1.38,51.38],[1.31,51.11],[0.49,50.78],[-1.37,50.85],[-1.18,50.58],[-3.13,50.71],[-3.58,50.25],[-5.75,50.05],[-4.2,51.31],[-3.09,51.25],[-2.95,51.45],[-5.08,51.58],[-5.3,51.98],[-4.16,52.45],[-4.3,52.92],[-4.79,52.79],[-4.49,53.12],[-4.7,53.46],[-3.32,53.39],[-2.97,54.14],[-3.59,54.27],[-3.57,54.89],[-5.21,54.75],[-4.77,55.43],[-5.0,55.84],[-5.44,55.91],[-5.12,55.43],[-5.57,55.57],[-5.63,55.29],[-5.89,55.29],[-5.8,55.98],[-6.63,55.63],[-5.66,56.18],[-6.29,56.32],[-5.95,57.01],[-6.82,57.49],[-6.32,57.77],[-5.7,57.14],[-5.89,57.83],[-5.2,58.67],[-3.14,58.74],[-3.43,58.18],[-4.12,57.97],[-3.99,57.7],[-1.85,57.7],[-2.21,56.87],[-3.26,56.05]]],[[[-7.47,57.08],[-7.6,57.35],[-7.25,57.42],[-7.47,57.08]]],[[[-7.56,57.7],[-7.12,57.7],[-7.11,57.63],[-7.56,57.7]]],[[[-7.13,57.77],[-7.28,58.18],[-6.26,58.53],[-6.52,57.9],[-7.13,57.77]]],[[[-2.81,59.02],[-2.79,58.88],[-3.42,58.81],[-3.2,59.22],[-2.81,59.02]]],[[[-2.83,59.16],[-2.84,59.29],[-2.58,59.36],[-2.83,59.16]]],[[[-1.67,60.21],[-1.63,60.63],[-0.83,60.84],[-1.05,60.35],[-1.67,60.21]]]]}},{"type":"Feature","properties":{"n":"Oirat Confederation","f":1673,"t":1676,"w":"Q4332415"},"geometry":{"type":"Polygon","coordinates":[[[89.03,47.99],[90.17,47.8],[90.99,46.15],[90.35,45.5],[87.55,44.19],[86.75,42.56],[80.29,42.43],[75.78,39.32],[73.67,38.61],[73.69,39.45],[73.4,39.51],[73.82,41.07],[73.38,42.11],[74.33,43.41],[74.0,44.91],[74.32,45.96],[75.53,46.55],[78.97,46.35],[80.55,48.26],[83.84,48.72],[85.22,49.65],[86.61,49.58],[89.03,47.99]]]}},{"type":"Feature","properties":{"n":"Principality of Transylvania","f":1673,"t":1682,"w":"Q655621"},"geometry":{"type":"Polygon","coordinates":[[[25.35,45.37],[23.48,45.5],[22.14,44.97],[21.53,45.56],[22.29,45.96],[22.41,46.48],[22.09,46.48],[21.97,47.14],[21.21,46.87],[20.68,47.66],[22.78,49.12],[24.69,48.13],[25.02,47.2],[25.67,47.14],[26.44,45.76],[25.35,45.37]]]}},{"type":"Feature","properties":{"n":"Sultanate of Sulu","f":1673,"t":1747,"w":"Q422065"},"geometry":{"type":"MultiPolygon","coordinates":[[[[120.14,5.17],[119.69,5.04],[119.7,5.17],[120.14,5.17]]],[[[119.27,5.36],[119.03,4.98],[118.16,4.98],[118.48,4.27],[117.54,4.4],[116.28,6.39],[116.69,7.04],[116.82,6.78],[117.2,7.04],[117.75,6.46],[117.64,5.94],[119.27,5.36]]],[[[121.36,6.01],[121.35,5.81],[120.84,5.88],[121.36,6.01]]],[[[122.29,6.71],[122.19,6.46],[121.76,6.46],[122.29,6.71]]],[[[116.99,7.1],[117.01,7.36],[117.23,7.36],[116.99,7.1]]]]}},{"type":"Feature","properties":{"n":"Sultanate of Brunei","f":1673,"t":1841,"w":"Q887803"},"geometry":{"type":"MultiPolygon","coordinates":[[[[111.62,2.54],[111.49,1.12],[109.61,1.57],[109.49,2.02],[110.92,1.51],[111.26,2.73],[112.81,3.11],[113.91,4.59],[115.31,4.98],[115.5,5.62],[116.49,6.26],[114.73,3.63],[111.62,2.54]]],[[[115.43,4.53],[115.51,4.53],[115.5,4.46],[115.43,4.53]]],[[[115.51,4.66],[115.59,4.66],[115.58,4.59],[115.51,4.66]]],[[[117.28,8.84],[118.85,9.99],[118.73,9.48],[117.09,8.32],[117.28,8.84]]]]}},{"type":"Feature","properties":{"n":"Swiss Confederation","f":1673,"t":1676,"w":"Q39"},"geometry":{"type":"Polygon","coordinates":[[[10.53,46.28],[10.12,46.02],[9.22,46.22],[8.9,45.89],[8.32,46.41],[7.92,45.96],[7.1,45.89],[6.68,46.41],[5.95,46.28],[6.42,46.87],[7.08,46.94],[6.98,47.53],[8.06,47.33],[9.04,47.73],[9.62,47.53],[9.46,47.27],[9.96,46.87],[10.45,46.94],[10.53,46.28]]]}},{"type":"Feature","properties":{"n":"Haudenosaunee","f":1673,"t":1676,"w":"Q68518"},"geometry":{"type":"MultiPolygon","coordinates":[[[[-79.99,38.48],[-79.91,38.48],[-79.88,38.42],[-79.99,38.48]]],[[[-79.87,38.74],[-79.79,38.74],[-79.76,38.67],[-79.87,38.74]]],[[[-79.7,43.21],[-76.76,43.28],[-76.12,43.6],[-76.16,44.32],[-74.51,45.37],[-73.69,45.37],[-73.33,44.97],[-73.72,44.45],[-73.53,43.73],[-75.31,42.11],[-78.18,42.43],[-78.6,41.0],[-78.27,40.29],[-77.28,39.84],[-77.48,38.48],[-78.45,38.74],[-78.94,38.03],[-79.51,38.09],[-79.92,38.67],[-79.73,38.61],[-79.53,38.87],[-79.46,39.26],[-80.16,39.06],[-80.49,39.45],[-81.85,39.32],[-82.55,38.42],[-83.89,38.61],[-84.89,39.26],[-84.31,39.51],[-84.11,40.42],[-85.02,40.81],[-86.5,40.61],[-86.34,41.52],[-86.95,41.33],[-87.65,41.46],[-87.59,41.78],[-86.76,41.72],[-86.18,42.43],[-86.49,43.99],[-86.04,44.91],[-85.35,44.97],[-84.91,45.76],[-83.5,45.3],[-83.35,44.45],[-84.08,43.86],[-83.53,43.6],[-82.89,44.06],[-82.49,43.02],[-81.7,43.34],[-81.73,43.99],[-81.24,44.58],[-81.48,45.17],[-80.03,44.45],[-80.05,45.24],[-79.42,44.52],[-79.7,43.21]]],[[[-81.96,46.02],[-81.56,45.76],[-82.19,45.56],[-83.35,46.02],[-81.96,46.02]]]]}},{"type":"Feature","properties":{"n":"Republic of Venice","f":1673,"t":1686,"w":"Q4948"},"geometry":{"type":"MultiPolygon","coordinates":[[[[17.36,43.02],[17.36,43.08],[17.52,43.08],[17.36,43.02]]],[[[16.58,43.6],[15.93,43.47],[15.07,44.39],[16.82,43.73],[17.37,43.21],[16.58,43.6]]],[[[14.99,44.45],[14.99,44.52],[15.07,44.52],[14.99,44.45]]],[[[14.27,44.97],[14.51,44.91],[14.5,44.52],[14.27,44.97]]],[[[14.68,45.17],[14.76,45.04],[14.52,45.1],[14.68,45.17]]],[[[13.78,44.91],[13.55,45.5],[14.12,45.5],[13.79,45.24],[13.78,44.91]]],[[[12.4,44.78],[10.62,45.43],[9.88,45.3],[9.31,45.89],[10.37,46.35],[10.78,45.69],[12.09,46.68],[13.56,46.55],[13.06,45.63],[12.16,45.5],[12.4,44.78]]],[[[22.89,36.42],[23.12,36.35],[23.11,36.16],[22.89,36.42]]],[[[24.99,37.71],[25.22,37.71],[25.29,37.51],[24.99,37.71]]],[[[20.62,37.9],[20.93,37.9],[20.92,37.64],[20.62,37.9]]],[[[20.49,38.42],[20.8,38.29],[20.79,38.09],[20.32,38.16],[20.49,38.42]]],[[[19.92,39.77],[19.91,39.58],[19.76,39.64],[19.92,39.77]]],[[[18.3,42.63],[18.31,42.69],[18.71,42.82],[18.85,42.37],[18.3,42.63]]],[[[17.51,42.76],[17.51,42.82],[17.59,42.82],[17.51,42.76]]]]}},{"type":"Feature","properties":{"n":"Tsardom of Russia","f":1673,"t":1676,"w":"Q186096"},"geometry":{"type":"MultiPolygon","coordinates":[[[[137.79,54.68],[137.15,54.82],[137.5,55.23],[137.96,55.09],[137.79,54.68]]],[[[136.9,55.16],[137.25,55.16],[136.87,54.89],[136.53,54.89],[136.9,55.16]]],[[[27.09,57.35],[27.08,57.28],[26.99,57.28],[27.09,57.35]]],[[[118.9,73.73],[118.4,73.33],[120.56,73.0],[123.08,73.0],[123.21,73.57],[124.01,73.81],[128.08,73.57],[129.12,73.16],[128.74,72.92],[129.22,72.76],[128.74,72.53],[129.64,72.37],[128.31,71.97],[130.99,70.8],[132.46,71.97],[133.49,71.5],[139.7,71.58],[139.36,71.81],[139.8,72.21],[139.0,72.29],[141.34,72.92],[146.82,72.53],[145.13,71.74],[147.41,72.45],[149.62,72.29],[150.1,71.97],[148.95,71.74],[151.81,71.42],[152.49,70.88],[155.5,71.19],[159.39,70.95],[160.15,70.64],[159.78,69.87],[160.89,69.64],[166.9,69.56],[168.17,69.87],[168.45,69.26],[170.75,68.88],[168.43,67.15],[168.24,65.96],[168.72,65.44],[176.57,65.15],[176.19,64.93],[176.38,64.71],[177.59,64.86],[177.46,64.35],[178.45,64.42],[178.89,63.91],[178.58,63.62],[179.76,62.83],[179.0,62.33],[177.06,62.62],[175.79,62.19],[170.67,62.83],[163.99,62.69],[163.19,62.47],[163.47,62.47],[163.07,61.9],[163.42,61.83],[163.0,61.55],[162.27,61.62],[160.17,60.63],[160.23,61.05],[159.67,60.98],[160.28,61.9],[157.38,61.76],[154.25,59.85],[154.14,59.5],[154.96,59.64],[155.12,59.22],[153.4,59.22],[152.85,58.88],[151.23,58.88],[152.05,59.29],[149.7,59.78],[148.61,59.22],[143.08,59.36],[135.2,54.95],[136.92,54.68],[136.68,53.87],[137.69,54.34],[137.32,54.07],[137.86,54.0],[137.28,53.53],[124.32,53.66],[119.45,53.12],[116.36,51.98],[111.73,52.05],[105.83,51.18],[103.33,51.11],[99.39,51.92],[98.68,52.38],[98.76,52.99],[95.91,53.6],[94.28,54.61],[92.68,54.68],[86.66,53.26],[84.45,56.8],[72.02,56.73],[69.73,55.91],[62.66,56.39],[61.92,55.91],[59.93,51.92],[57.96,51.65],[54.24,52.45],[52.58,52.32],[51.92,49.91],[52.11,46.94],[50.84,47.14],[47.57,45.76],[46.69,44.71],[47.34,43.99],[46.8,43.73],[46.19,44.25],[47.41,46.15],[47.25,46.55],[46.3,47.4],[43.77,48.32],[45.2,50.85],[45.2,51.51],[43.52,51.58],[41.37,50.71],[40.51,51.38],[39.66,51.38],[36.43,50.45],[35.43,51.38],[34.53,51.58],[34.03,50.65],[34.98,49.85],[32.33,49.45],[31.02,50.25],[30.02,50.31],[30.58,51.85],[31.66,52.18],[31.31,53.19],[32.63,53.33],[32.2,54.34],[31.09,54.41],[31.41,54.75],[30.88,55.7],[31.42,55.77],[31.44,56.39],[30.0,56.18],[29.88,56.52],[28.29,56.52],[28.48,57.14],[27.72,56.87],[27.8,57.35],[27.3,57.56],[27.98,57.9],[27.94,58.25],[27.48,58.18],[27.94,59.29],[30.08,59.16],[30.86,59.43],[30.66,59.78],[31.1,60.21],[31.82,60.14],[32.09,60.56],[32.17,60.91],[31.6,61.26],[32.14,62.47],[30.05,63.7],[30.55,64.28],[29.81,64.86],[30.31,65.81],[29.05,66.77],[29.94,67.67],[28.42,68.42],[28.63,68.95],[30.96,69.87],[32.31,70.02],[33.44,69.33],[36.13,69.26],[41.0,67.74],[41.39,67.15],[41.04,66.7],[38.68,66.03],[32.55,67.07],[33.0,66.55],[34.87,65.88],[34.44,65.37],[34.98,64.49],[37.39,63.91],[37.88,63.99],[37.89,64.35],[36.79,64.49],[36.36,65.0],[37.21,65.3],[38.21,64.79],[40.19,64.71],[39.54,65.37],[40.4,65.96],[41.96,66.55],[43.97,66.18],[44.37,67.0],[43.6,67.3],[44.17,68.27],[43.45,68.73],[45.88,68.57],[46.66,67.82],[44.93,67.44],[45.81,66.92],[47.37,66.92],[47.78,67.67],[53.28,69.03],[54.04,68.95],[53.87,68.42],[53.3,68.27],[58.39,69.03],[59.09,69.03],[59.4,68.88],[59.24,68.42],[59.74,68.42],[60.7,68.88],[60.09,69.72],[58.34,70.18],[59.07,70.57],[60.54,69.79],[63.93,69.72],[68.49,68.27],[68.95,68.95],[66.6,69.64],[67.17,70.18],[67.19,70.8],[66.53,71.03],[68.11,71.66],[69.36,73.0],[72.98,72.69],[71.81,71.5],[72.89,71.03],[72.5,69.03],[73.63,68.65],[73.07,67.74],[71.52,66.62],[70.4,66.4],[72.1,66.33],[74.65,67.74],[74.2,68.35],[74.59,68.88],[76.47,69.11],[77.31,68.65],[77.25,68.05],[77.88,68.35],[77.59,68.88],[76.63,69.18],[73.66,69.11],[73.41,69.72],[74.22,70.64],[72.89,71.42],[74.87,72.21],[74.86,72.92],[75.77,72.53],[75.27,71.81],[75.4,71.34],[77.19,71.27],[75.85,71.89],[77.23,72.05],[76.71,72.29],[77.48,72.69],[82.52,71.81],[84.97,72.21],[104.91,72.76],[106.15,73.25],[110.4,73.65],[111.3,74.14],[111.89,73.73],[112.99,74.05],[113.6,73.81],[113.36,73.57],[118.9,73.73]]],[[[35.5,65.0],[35.46,65.22],[36.13,65.22],[35.5,65.0]]],[[[48.24,69.41],[48.61,69.56],[50.32,69.33],[49.7,68.88],[48.37,68.8],[48.24,69.41]]]]}},{"type":"Feature","properties":{"n":"Principality of Moldavia","f":1673,"t":1695,"w":"Q10957559"},"geometry":{"type":"Polygon","coordinates":[[[26.24,45.37],[26.48,46.15],[24.88,47.53],[25.54,48.39],[25.25,48.85],[27.39,48.65],[29.03,47.73],[29.48,46.68],[28.44,46.15],[28.12,45.43],[26.24,45.37]]]}},{"type":"Feature","properties":{"n":"Southern Ming","f":1673,"t":1676,"w":"Q1198163"},"geometry":{"type":"MultiPolygon","coordinates":[[[[120.67,21.95],[120.01,23.11],[120.17,23.88],[120.96,25.04],[121.77,25.29],[122.01,25.04],[121.54,23.3],[120.67,21.95]]],[[[100.82,28.57],[100.57,28.19],[101.26,27.93],[101.55,26.64],[102.19,26.13],[103.48,26.52],[103.32,27.74],[104.3,28.89],[104.68,28.89],[104.64,28.19],[105.37,28.38],[105.31,27.87],[104.24,27.8],[103.98,27.35],[104.17,26.58],[104.9,26.52],[104.52,25.49],[104.98,25.16],[104.75,24.39],[105.35,24.78],[106.21,24.59],[107.19,25.36],[108.13,24.84],[109.78,25.87],[111.11,26.13],[111.76,25.68],[111.45,24.97],[111.86,25.16],[111.81,24.59],[112.42,24.65],[112.61,25.16],[113.36,24.84],[113.33,25.36],[114.33,25.49],[115.09,25.23],[114.55,24.46],[115.82,24.46],[116.8,27.22],[117.67,28.38],[118.78,28.57],[119.13,27.48],[119.53,27.8],[120.73,27.54],[119.59,26.13],[119.53,25.62],[119.87,25.49],[119.27,25.49],[118.76,24.59],[118.15,24.52],[116.54,22.91],[114.64,22.72],[114.37,22.08],[113.6,22.72],[113.07,21.89],[110.42,21.18],[110.49,20.28],[109.88,20.21],[109.81,21.5],[107.1,21.76],[106.66,22.21],[106.71,22.91],[105.44,23.3],[103.96,22.53],[101.72,22.46],[101.81,21.18],[101.36,21.18],[101.16,21.76],[100.22,21.5],[99.94,22.08],[99.29,22.14],[99.57,22.98],[98.94,23.24],[98.88,24.14],[97.65,23.94],[97.59,24.46],[98.84,26.58],[98.74,27.48],[98.16,28.19],[98.87,28.32],[99.4,29.47],[99.53,28.25],[100.33,29.02],[100.82,28.57]]]]}},{"type":"Feature","properties":{"n":"Ottoman Empire","f":1673,"t":1676,"w":"Q12560"},"geometry":{"type":"MultiPolygon","coordinates":[[[[30.88,46.68],[29.61,45.69],[29.53,44.91],[28.8,44.97],[28.48,43.47],[27.51,42.63],[28.05,41.59],[28.96,41.13],[31.18,41.07],[32.63,41.91],[35.12,42.04],[36.21,41.26],[38.3,40.87],[40.37,40.94],[41.58,41.52],[42.86,41.59],[43.77,40.87],[43.65,40.16],[44.77,39.77],[44.07,39.38],[44.31,37.9],[45.35,36.03],[46.25,35.84],[45.44,33.91],[47.98,31.72],[47.74,31.01],[48.6,29.99],[47.87,29.54],[47.25,30.12],[45.68,30.31],[43.15,32.81],[40.93,34.1],[38.91,33.26],[37.31,30.89],[37.16,30.05],[37.68,28.96],[41.41,23.11],[43.69,20.09],[44.31,19.38],[44.46,19.44],[43.51,18.29],[43.04,16.49],[41.24,18.61],[40.85,19.7],[39.35,20.79],[38.6,23.62],[37.44,24.33],[37.27,25.23],[35.41,27.87],[34.59,28.06],[34.91,29.41],[34.12,27.74],[32.44,29.79],[35.15,24.65],[35.86,24.01],[35.55,23.69],[35.81,22.91],[31.23,22.01],[31.32,22.4],[30.01,23.11],[28.57,24.65],[28.15,27.35],[25.37,29.28],[22.77,30.37],[20.95,30.56],[18.73,29.99],[15.18,30.89],[14.28,31.91],[11.77,32.3],[9.63,33.14],[8.93,34.16],[7.61,34.55],[2.92,34.36],[2.45,34.61],[1.75,34.74],[-0.47,34.36],[-1.58,33.46],[-1.72,34.68],[-2.12,35.07],[-1.36,35.26],[-1.22,35.64],[-0.67,35.45],[0.68,36.42],[4.47,36.93],[5.56,36.67],[6.33,37.06],[8.52,36.87],[9.6,37.32],[10.23,37.25],[10.23,36.8],[11.01,37.0],[10.46,35.9],[11.08,35.58],[11.08,35.0],[10.0,34.29],[10.24,33.71],[12.23,32.81],[13.3,32.94],[15.06,32.43],[15.65,31.4],[17.85,30.95],[18.97,30.24],[20.2,30.89],[20.02,32.24],[21.88,32.94],[23.09,32.62],[23.3,32.17],[24.89,31.98],[25.25,31.46],[26.85,31.46],[28.87,30.82],[30.97,31.66],[31.88,31.46],[32.0,31.08],[33.98,31.14],[34.55,31.53],[35.64,34.36],[36.05,34.55],[35.84,36.29],[36.14,36.93],[35.49,36.61],[34.58,36.87],[33.98,36.29],[32.71,36.03],[31.09,36.93],[29.94,36.22],[29.24,36.22],[29.12,36.74],[28.59,36.87],[28.03,36.67],[28.07,37.13],[27.22,37.32],[27.28,38.03],[26.43,38.22],[26.38,38.67],[27.06,38.35],[26.85,39.58],[26.13,39.51],[26.6,40.48],[29.05,40.36],[28.91,40.61],[29.48,40.74],[28.17,41.13],[26.92,40.48],[25.38,41.0],[23.7,40.81],[23.74,40.23],[22.65,40.61],[22.61,39.9],[23.14,39.45],[22.8,39.06],[23.49,38.87],[22.94,38.74],[24.03,38.67],[24.16,38.22],[23.98,37.84],[23.04,37.9],[23.4,37.32],[22.71,37.58],[23.06,36.67],[22.36,36.67],[22.22,37.06],[21.74,36.87],[21.7,37.51],[21.24,37.84],[21.74,38.35],[20.74,38.8],[20.91,39.06],[19.25,40.61],[19.54,41.78],[18.71,42.82],[17.52,43.02],[16.82,43.73],[15.23,44.32],[15.8,44.71],[15.82,45.24],[16.3,45.04],[17.3,45.69],[16.92,46.35],[18.43,47.07],[18.22,47.99],[20.13,47.99],[20.69,47.8],[21.21,46.87],[21.97,47.14],[22.09,46.48],[22.41,46.48],[22.47,46.15],[21.52,45.37],[22.55,44.97],[22.5,44.32],[22.95,43.8],[25.43,43.6],[27.83,44.19],[27.86,45.3],[28.44,46.15],[29.48,46.68],[29.36,47.01],[28.42,48.19],[25.68,48.99],[27.28,49.85],[30.02,50.31],[31.02,50.25],[32.82,49.38],[30.63,48.65],[30.75,47.6],[33.8,47.07],[32.17,46.55],[30.88,46.68]]],[[[2.53,34.42],[2.53,34.49],[2.61,34.49],[2.53,34.42]]],[[[25.68,35.13],[26.23,35.19],[24.82,35.0],[23.62,35.52],[25.68,35.13]]],[[[27.19,36.8],[26.87,36.67],[27.04,36.93],[27.19,36.8]]],[[[25.57,37.13],[25.56,37.0],[25.33,37.0],[25.57,37.13]]],[[[24.36,37.71],[24.43,37.58],[24.27,37.51],[24.36,37.71]]],[[[26.31,37.71],[26.3,37.58],[25.99,37.51],[26.31,37.71]]],[[[24.77,38.03],[25.07,37.77],[24.83,37.71],[24.77,38.03]]],[[[26.22,38.55],[26.11,38.16],[25.88,38.16],[26.22,38.55]]],[[[23.56,38.74],[23.48,38.74],[23.49,38.8],[23.56,38.74]]],[[[24.67,38.93],[24.66,38.74],[24.36,38.87],[24.67,38.93]]],[[[25.79,39.19],[26.04,39.38],[26.64,39.0],[25.79,39.19]]],[[[20.15,39.58],[20.07,39.58],[20.07,39.64],[20.15,39.58]]],[[[25.46,40.03],[25.45,39.84],[24.97,39.84],[25.46,40.03]]],[[[26.04,40.29],[26.02,40.16],[25.7,40.1],[26.04,40.29]]],[[[24.81,40.81],[24.79,40.61],[24.55,40.55],[24.81,40.81]]],[[[43.17,11.54],[44.08,10.57],[45.11,10.51],[44.87,10.06],[43.71,10.25],[43.17,11.54]]],[[[43.24,13.08],[43.25,13.4],[43.68,13.27],[43.81,12.69],[43.24,13.08]]],[[[39.3,15.39],[39.26,16.04],[39.41,16.04],[39.74,15.26],[39.3,15.39]]],[[[37.7,18.8],[37.54,18.61],[37.1,18.74],[37.34,19.12],[37.7,18.8]]],[[[44.25,19.57],[44.25,19.64],[44.33,19.64],[44.25,19.57]]],[[[44.18,19.64],[44.18,19.7],[44.26,19.7],[44.18,19.64]]],[[[40.06,25.49],[40.06,25.55],[40.14,25.55],[40.06,25.49]]],[[[33.04,34.55],[32.23,34.94],[34.54,35.71],[34.09,35.0],[33.04,34.55]]],[[[28.02,36.48],[28.25,36.48],[28.14,36.03],[27.74,35.9],[28.02,36.48]]],[[[41.33,42.89],[41.17,42.89],[41.2,43.02],[41.33,42.89]]],[[[40.96,43.02],[40.97,43.08],[41.13,43.08],[40.96,43.02]]],[[[33.93,44.45],[33.47,44.65],[35.4,45.1],[33.93,44.45]]],[[[36.42,45.43],[36.38,45.17],[36.23,45.24],[36.42,45.43]]],[[[39.48,47.07],[39.22,47.01],[39.13,47.4],[39.48,47.07]]]]}},{"type":"Feature","properties":{"n":"English Colonial Empire","f":1673,"t":1676,"w":"Q617219"},"geometry":{"type":"MultiPolygon","coordinates":[[[[-89.17,17.77],[-88.25,18.48],[-88.24,16.49],[-89.19,15.97],[-89.17,17.77]]],[[[-77.74,17.84],[-78.39,18.29],[-77.01,18.48],[-76.12,17.9],[-77.74,17.84]]],[[[-73.67,22.46],[-74.15,22.21],[-73.9,22.46],[-73.94,22.72],[-73.67,22.46]]],[[[-74.74,23.11],[-74.71,22.91],[-75.12,23.11],[-75.17,23.43],[-74.74,23.11]]],[[[-77.4,23.81],[-77.76,23.75],[-77.92,24.2],[-77.48,24.26],[-77.4,23.81]]],[[[-74.51,23.94],[-74.55,24.14],[-74.32,24.14],[-74.51,23.94]]],[[[-75.43,24.07],[-75.59,24.52],[-75.35,24.46],[-75.43,24.07]]],[[[-78.39,24.71],[-78.19,25.23],[-77.62,24.59],[-78.09,24.33],[-78.39,24.71]]],[[[-76.23,24.78],[-76.26,24.91],[-76.05,24.97],[-76.23,24.78]]],[[[-76.48,25.29],[-76.6,25.49],[-76.35,25.36],[-76.48,25.29]]],[[[-77.29,25.94],[-77.19,26.52],[-77.67,26.97],[-76.97,26.52],[-77.29,25.94]]],[[[-78.6,26.77],[-77.97,26.64],[-78.68,26.45],[-78.6,26.77]]],[[[-79.68,32.75],[-80.15,32.56],[-80.09,33.07],[-79.68,32.75]]],[[[-77.92,33.91],[-78.15,33.91],[-78.21,34.29],[-77.65,34.23],[-77.92,33.91]]],[[[-76.73,35.97],[-77.14,36.22],[-76.8,36.35],[-76.73,35.97]]],[[[-76.7,37.71],[-75.81,36.61],[-76.79,36.55],[-77.64,37.71],[-76.7,37.71]]],[[[-76.88,38.35],[-76.91,38.42],[-76.83,38.42],[-76.88,38.35]]],[[[-70.44,41.59],[-70.8,41.85],[-71.52,41.33],[-73.47,41.07],[-71.94,41.0],[-74.14,40.61],[-73.87,40.16],[-74.64,39.0],[-75.4,39.32],[-75.05,38.67],[-75.72,39.32],[-76.42,39.32],[-76.25,38.16],[-76.72,38.16],[-76.86,38.67],[-77.26,39.06],[-75.0,40.03],[-74.41,40.68],[-74.29,43.15],[-73.69,42.24],[-73.0,42.3],[-71.08,42.82],[-70.77,43.54],[-70.49,43.28],[-70.98,42.43],[-69.86,41.72],[-70.44,41.59]]],[[[-80.8,51.05],[-81.44,51.25],[-81.36,51.38],[-80.8,51.05]]],[[[-78.99,51.38],[-79.04,51.71],[-78.96,51.71],[-78.48,51.38],[-78.99,51.38]]],[[[-1.21,5.11],[-1.21,5.36],[-1.06,5.36],[-1.21,5.11]]],[[[80.31,12.76],[80.1,12.82],[80.2,13.14],[80.31,12.76]]],[[[-59.57,13.01],[-59.67,13.34],[-59.52,13.34],[-59.57,13.01]]],[[[-61.64,17.19],[-61.62,16.94],[-61.76,16.94],[-61.64,17.19]]],[[[-64.65,17.64],[-64.87,17.64],[-64.73,17.77],[-64.65,17.64]]],[[[-64.65,17.71],[-64.66,17.77],[-64.59,17.77],[-64.65,17.71]]],[[[-64.73,17.77],[-64.74,17.84],[-64.67,17.84],[-64.66,17.77],[-64.73,17.77]]],[[[73.09,19.25],[72.99,18.99],[72.84,18.99],[73.09,19.25]]],[[[72.89,20.86],[72.62,21.11],[72.63,21.18],[73.08,21.18],[72.89,20.86]]],[[[-73.0,20.99],[-73.66,20.92],[-73.49,21.24],[-73.0,20.99]]],[[[-72.82,22.27],[-72.93,22.46],[-72.69,22.34],[-72.82,22.27]]],[[[-64.86,32.3],[-64.65,32.36],[-64.67,32.17],[-64.86,32.3]]],[[[-5.95,35.71],[-5.72,35.77],[-5.77,35.39],[-5.95,35.71]]],[[[-70.73,41.33],[-70.73,41.52],[-70.58,41.52],[-70.73,41.33]]],[[[-70.39,43.41],[-70.59,43.67],[-70.44,43.86],[-70.14,43.73],[-70.39,43.41]]],[[[-69.33,44.06],[-69.48,43.86],[-69.95,44.19],[-69.33,44.06]]],[[[-53.75,46.81],[-53.37,47.27],[-53.64,47.73],[-52.92,48.19],[-53.25,47.6],[-52.76,47.8],[-52.62,47.47],[-53.02,46.61],[-53.75,46.81]]],[[[-52.95,48.46],[-53.39,48.32],[-53.58,48.59],[-52.95,48.46]]]]}},{"type":"Feature","properties":{"n":"Mughal Empire","f":1673,"t":1676,"w":"Q33296"},"geometry":{"type":"MultiPolygon","coordinates":[[[[91.26,22.21],[91.03,22.14],[91.07,22.4],[91.26,22.21]]],[[[78.87,34.49],[78.46,32.3],[78.81,31.53],[81.01,30.18],[80.35,29.6],[80.17,28.7],[83.08,27.42],[84.43,27.42],[85.27,26.71],[90.39,26.0],[90.46,25.16],[91.74,25.16],[92.23,24.59],[92.47,22.34],[92.19,21.44],[91.83,21.5],[91.5,22.79],[90.23,21.76],[89.9,22.01],[88.73,21.63],[88.64,22.08],[88.51,21.69],[88.2,21.56],[88.1,21.95],[86.98,21.37],[86.84,20.28],[86.11,19.76],[85.37,19.83],[84.39,18.48],[83.28,19.06],[81.74,19.19],[78.49,18.61],[78.02,18.41],[78.04,17.9],[74.78,17.77],[74.1,17.0],[73.23,17.06],[72.87,18.61],[73.1,19.38],[72.8,19.31],[72.63,19.83],[73.08,21.18],[72.63,21.18],[72.53,22.27],[72.11,21.89],[72.1,21.11],[71.09,20.66],[70.3,20.86],[68.95,22.21],[70.37,22.91],[68.81,22.98],[68.16,23.81],[67.29,24.07],[67.21,24.71],[66.63,24.84],[66.27,25.55],[66.69,29.86],[65.99,30.18],[65.55,32.3],[66.23,33.71],[66.33,36.22],[68.62,36.1],[68.88,36.8],[68.51,37.19],[69.35,37.13],[69.55,37.58],[70.27,37.64],[70.71,38.42],[71.18,38.42],[71.58,36.74],[73.66,37.51],[73.8,36.87],[75.31,37.0],[75.96,36.55],[76.09,35.9],[78.87,34.49]],[[73.18,20.09],[73.19,20.21],[73.12,20.21],[73.18,20.09]]]]}},{"type":"Feature","properties":{"n":"Habsburg Monarchy","f":1673,"t":1682,"w":"Q66504140"},"geometry":{"type":"MultiPolygon","coordinates":[[[[8.21,48.26],[8.06,47.33],[7.56,47.53],[7.89,47.66],[7.55,47.93],[7.71,48.32],[8.21,48.26]]],[[[9.29,47.99],[9.29,47.8],[8.88,47.73],[9.29,47.99]]],[[[8.71,47.93],[8.79,47.86],[8.63,47.86],[8.71,47.93]]],[[[8.21,47.99],[8.21,48.13],[8.38,48.13],[8.21,47.99]]],[[[8.79,48.32],[8.71,48.19],[8.54,48.32],[8.79,48.32]]],[[[8.87,48.19],[8.87,48.32],[9.04,48.26],[8.87,48.19]]],[[[8.21,48.39],[8.45,48.39],[8.29,48.32],[8.21,48.39]]],[[[8.29,48.59],[8.45,48.59],[8.37,48.46],[8.29,48.59]]],[[[7.79,48.52],[7.79,48.59],[7.95,48.59],[7.79,48.52]]],[[[8.53,48.59],[8.62,48.65],[8.7,48.52],[8.53,48.59]]],[[[9.54,47.99],[9.54,47.86],[9.37,47.93],[9.54,47.99]]],[[[10.36,47.99],[10.12,48.06],[10.2,48.26],[10.53,48.26],[10.36,47.99]]],[[[9.95,48.46],[10.03,48.26],[9.45,48.19],[9.95,48.46]]],[[[9.37,48.26],[9.2,48.26],[9.2,48.32],[9.37,48.26]]],[[[20.85,47.66],[18.22,47.99],[18.43,47.07],[16.92,46.35],[17.3,45.69],[16.3,45.04],[15.82,45.24],[15.8,44.71],[15.23,44.45],[14.6,45.37],[14.03,45.04],[13.79,45.24],[14.12,45.5],[13.31,45.82],[13.56,46.55],[12.09,46.68],[10.78,45.69],[10.45,45.82],[10.45,46.94],[9.54,47.2],[9.62,47.53],[12.51,47.66],[12.18,47.07],[13.74,47.07],[13.18,48.06],[14.1,48.65],[12.53,49.52],[12.12,50.25],[14.33,51.05],[15.0,50.91],[15.13,52.25],[15.81,52.25],[16.13,51.71],[17.32,51.71],[17.55,51.25],[18.71,50.85],[19.19,50.38],[18.88,49.45],[21.8,49.38],[22.44,49.05],[20.85,47.66]],[[20.29,49.25],[20.28,49.12],[20.45,49.18],[20.29,49.25]]],[[[10.11,48.32],[10.11,48.46],[10.28,48.39],[10.11,48.32]]]]}},{"type":"Feature","properties":{"n":"Brandenburg-Prussia","f":1673,"t":1676,"w":"Q157367"},"geometry":{"type":"MultiPolygon","coordinates":[[[[7.05,51.58],[7.56,51.65],[7.48,51.18],[7.05,51.58]]],[[[6.88,51.65],[6.88,51.45],[6.2,51.51],[5.94,51.85],[6.88,51.65]]],[[[13.93,52.05],[13.93,52.12],[14.19,52.12],[13.93,52.05]]],[[[7.98,51.98],[8.14,52.59],[8.91,52.52],[8.91,52.12],[7.98,51.98]]],[[[7.71,52.52],[7.8,52.18],[7.55,52.12],[7.29,52.38],[7.71,52.52]]],[[[16.1,52.86],[15.49,52.65],[15.65,52.32],[14.69,51.92],[13.94,52.32],[12.4,52.18],[12.33,52.79],[11.13,52.38],[10.79,52.99],[11.39,53.06],[11.13,53.26],[11.74,53.6],[13.2,53.33],[13.9,53.73],[14.48,53.12],[15.04,54.21],[18.02,54.89],[17.17,53.66],[16.4,53.8],[16.1,52.86]]],[[[22.42,53.6],[20.4,53.06],[19.74,53.46],[18.7,53.39],[19.45,54.21],[20.1,53.66],[20.83,54.07],[19.81,54.34],[19.84,54.68],[19.95,55.02],[20.99,54.95],[20.99,55.91],[22.81,54.89],[22.42,53.6]]]]}},{"type":"Feature","properties":{"n":"(Dutch Republic)","f":1673,"t":1676,"w":"Q170072"},"geometry":{"type":"MultiPolygon","coordinates":[[[[18.55,-34.11],[18.17,-34.36],[17.9,-33.14],[19.36,-33.34],[20.49,-34.49],[19.42,-34.82],[18.55,-34.11]]],[[[57.7,-20.35],[57.19,-20.54],[57.18,-20.35],[57.45,-19.96],[57.7,-20.35]]],[[[-2.6,4.91],[-2.52,5.11],[-2.3,5.11],[-2.6,4.91]]],[[[-1.5,5.04],[-1.8,4.85],[-1.57,5.3],[-1.21,5.11],[-1.5,5.04]]],[[[-0.92,5.43],[-0.85,5.17],[-1.06,5.17],[-0.92,5.43]]],[[[-0.4,5.81],[-0.26,5.81],[-0.19,5.49],[-0.4,5.81]]],[[[79.67,7.68],[79.77,8.19],[79.92,8.19],[79.67,7.68]]],[[[76.56,9.41],[76.26,9.35],[76.21,9.67],[76.56,9.41]]],[[[75.78,10.96],[75.59,11.34],[75.81,11.41],[75.78,10.96]]],[[[75.29,12.31],[75.41,11.92],[75.27,11.92],[75.29,12.31]]],[[[80.21,12.44],[80.0,12.5],[80.09,12.76],[80.21,12.44]]],[[[80.38,13.46],[80.41,13.08],[80.13,13.21],[80.38,13.46]]],[[[-16.56,14.3],[-16.62,13.91],[-17.45,14.69],[-16.56,14.3]]],[[[3.75,51.45],[3.4,51.65],[4.86,53.19],[4.77,51.45],[4.01,51.25],[3.49,51.45],[3.75,51.45]]],[[[5.21,53.12],[6.74,53.53],[7.18,53.26],[6.68,52.65],[6.94,52.38],[6.7,51.92],[5.6,51.85],[5.21,53.12]]],[[[123.74,-9.36],[124.26,-9.49],[124.65,-8.91],[125.02,-9.04],[124.4,-10.19],[123.17,-10.39],[123.74,-9.36]]],[[[118.9,-8.26],[119.08,-8.78],[118.5,-8.84],[118.39,-8.26],[118.9,-8.26]]],[[[122.79,-8.59],[122.78,-8.46],[123.78,-8.2],[123.52,-8.59],[122.79,-8.59]]],[[[123.96,-8.59],[123.8,-8.39],[124.36,-8.14],[125.02,-8.2],[123.96,-8.59]]],[[[106.74,-6.4],[106.3,-6.4],[106.35,-5.95],[106.79,-6.08],[106.74,-6.4]]],[[[121.99,-5.37],[121.77,-5.44],[121.68,-5.11],[121.99,-5.37]]],[[[119.65,-5.31],[120.32,-5.56],[119.23,-5.5],[119.47,-4.54],[119.65,-5.31]]],[[[123.03,-4.41],[123.12,-4.73],[122.81,-5.69],[122.14,-5.44],[122.18,-4.79],[123.03,-4.41]]],[[[125.11,-1.71],[125.19,-1.9],[124.25,-2.03],[124.24,-1.64],[125.11,-1.71]]],[[[101.42,-3.12],[100.2,-0.87],[98.95,0.41],[99.67,0.29],[100.56,-0.74],[101.42,-3.12]]],[[[102.1,3.05],[102.67,2.73],[102.42,2.02],[101.72,2.54],[102.1,3.05]]],[[[80.31,7.42],[80.98,6.2],[81.67,6.84],[81.42,7.61],[81.65,7.87],[81.88,6.71],[81.26,6.14],[80.23,5.88],[79.72,7.36],[80.31,7.42]]],[[[81.09,8.32],[81.04,8.58],[81.26,8.64],[81.09,8.32]]],[[[79.88,9.86],[80.79,9.29],[79.88,8.77],[79.88,9.86]]],[[[88.37,22.79],[88.46,22.91],[88.6,22.85],[88.37,22.79]]],[[[130.95,-8.33],[130.59,-8.39],[130.86,-8.14],[130.95,-8.33]]],[[[127.66,-8.26],[127.64,-8.07],[127.79,-8.07],[127.66,-8.26]]],[[[129.46,-8.01],[129.44,-7.75],[129.74,-7.81],[129.46,-8.01]]],[[[126.4,-8.01],[125.67,-8.01],[125.71,-7.69],[126.51,-7.56],[126.4,-8.01]]],[[[130.97,-7.69],[131.58,-7.11],[131.55,-7.69],[131.22,-8.07],[130.97,-7.69]]],[[[130.81,-7.56],[130.87,-7.36],[131.02,-7.36],[130.81,-7.56]]],[[[128.38,-7.24],[128.37,-7.11],[128.59,-7.04],[128.38,-7.24]]],[[[134.53,-5.44],[134.68,-6.59],[133.97,-6.91],[134.18,-5.63],[134.53,-5.44]]],[[[132.5,-5.69],[132.95,-5.76],[132.82,-6.01],[132.5,-5.69]]],[[[132.86,-5.5],[133.07,-5.44],[133.01,-5.56],[132.86,-5.5]]],[[[128.24,-3.51],[128.25,-3.7],[127.81,-3.83],[128.24,-3.51]]],[[[126.36,-3.83],[125.89,-3.12],[126.83,-3.06],[127.21,-3.44],[126.36,-3.83]]],[[[128.38,-3.51],[127.71,-3.19],[128.28,-2.8],[129.66,-2.8],[130.55,-3.12],[130.73,-3.89],[129.76,-3.38],[128.38,-3.51]]],[[[126.01,-2.48],[125.26,-1.77],[126.14,-1.77],[126.01,-2.48]]],[[[124.96,1.25],[124.61,1.51],[125.12,1.7],[124.96,1.25]]]]}},{"type":"Feature","properties":{"n":"Polish-Lithuanian Commonwealth","f":1673,"t":1676,"w":"Q172107"},"geometry":{"type":"MultiPolygon","coordinates":[[[[20.45,49.18],[20.28,49.12],[20.29,49.25],[20.45,49.18]]],[[[27.21,57.56],[27.8,57.35],[27.72,56.87],[28.48,57.14],[28.29,56.52],[29.1,56.59],[29.14,56.32],[31.44,56.39],[31.42,55.77],[30.88,55.7],[31.41,54.75],[31.09,54.41],[32.2,54.34],[32.63,53.33],[31.31,53.19],[31.66,52.18],[30.58,51.85],[30.21,50.45],[26.06,49.45],[26.11,49.12],[25.25,48.85],[25.54,48.39],[24.99,47.8],[22.78,49.12],[18.88,49.45],[19.24,49.85],[19.03,50.58],[17.55,51.25],[17.32,51.71],[16.13,51.71],[15.49,52.65],[16.1,52.86],[16.4,53.8],[16.91,53.6],[17.62,54.0],[18.02,54.89],[18.46,54.89],[18.69,54.41],[20.83,54.07],[20.1,53.66],[19.45,54.21],[18.7,53.39],[19.74,53.46],[20.4,53.06],[22.42,53.6],[22.81,54.89],[20.84,56.18],[21.6,57.63],[22.52,57.83],[23.59,57.08],[23.47,56.8],[25.45,56.39],[26.53,56.59],[27.21,57.56]]]]}},{"type":"Feature","properties":{"n":"Kingdom of Spain","f":1673,"t":1676,"w":"Q29"},"geometry":{"type":"MultiPolygon","coordinates":[[[[1.27,38.8],[1.18,39.06],[1.65,39.13],[1.27,38.8]]],[[[3.3,39.32],[2.35,39.45],[2.88,39.97],[3.52,39.77],[3.3,39.32]]],[[[-1.69,43.34],[1.58,42.43],[3.09,42.5],[3.12,41.91],[0.7,40.94],[-0.2,39.97],[-0.31,39.13],[0.1,38.74],[-0.66,38.29],[-0.7,37.64],[-1.71,37.45],[-2.06,36.8],[-4.47,36.74],[-5.66,36.03],[-6.43,37.0],[-7.39,37.25],[-7.5,37.71],[-6.99,38.09],[-7.27,38.67],[-6.99,39.0],[-7.44,39.64],[-6.9,39.77],[-6.93,41.0],[-6.27,41.65],[-6.7,41.98],[-8.93,41.91],[-8.66,42.37],[-9.3,43.15],[-8.24,43.73],[-1.69,43.34]]],[[[4.22,40.1],[4.3,39.84],[3.83,39.9],[4.22,40.1]]],[[[6.58,50.11],[6.18,49.45],[4.83,49.85],[5.9,50.38],[5.73,50.65],[6.58,50.11]]],[[[3.29,50.51],[3.46,50.45],[3.22,50.25],[3.29,50.51]]],[[[5.36,51.31],[4.66,50.05],[3.55,50.38],[3.61,50.78],[2.26,50.78],[2.74,51.31],[5.36,51.31]],[[4.38,50.51],[4.21,50.51],[4.14,50.31],[4.38,50.51]]],[[[15.94,41.39],[17.98,40.61],[18.35,39.9],[17.35,40.55],[16.62,40.29],[16.45,39.64],[17.14,39.06],[15.93,37.96],[15.39,38.16],[15.05,36.74],[12.49,37.71],[12.65,38.09],[14.6,38.03],[15.86,38.29],[16.27,38.74],[15.75,40.03],[13.79,41.13],[13.96,41.72],[13.01,42.04],[12.86,42.5],[13.99,42.95],[14.37,42.24],[16.11,41.78],[15.94,41.39]]],[[[9.59,39.13],[8.34,39.0],[8.15,40.94],[9.5,41.2],[9.82,40.36],[9.59,39.13]]],[[[11.18,42.56],[11.34,42.63],[11.34,42.43],[11.18,42.56]]],[[[10.13,42.89],[10.46,42.89],[10.46,42.69],[10.13,42.89]]],[[[10.86,43.08],[10.94,42.89],[10.7,42.95],[10.86,43.08]]],[[[9.32,45.17],[9.4,44.45],[8.34,45.1],[8.58,45.56],[7.92,45.96],[8.32,46.41],[8.9,45.89],[9.39,46.22],[9.31,45.69],[10.45,45.17],[9.32,45.17]]],[[[5.58,47.66],[6.81,47.93],[6.99,47.27],[5.95,46.35],[5.38,46.28],[5.58,47.66]]]]}},{"type":"Feature","properties":{"n":"(Holy Roman Empire)","f":1673,"t":1676,"w":"Q12548"},"geometry":{"type":"MultiPolygon","coordinates":[[[[8.03,44.06],[8.11,44.52],[8.59,44.71],[8.03,44.06]]],[[[8.75,44.91],[8.51,44.91],[8.59,45.04],[8.75,44.91]]],[[[6.83,47.14],[7.08,46.94],[6.51,46.87],[6.83,47.14]]],[[[6.99,47.47],[6.82,47.53],[6.98,47.66],[6.99,47.47]]],[[[7.55,47.93],[7.89,47.66],[7.56,47.53],[7.55,47.93]]],[[[5.73,50.65],[5.9,50.38],[5.56,50.45],[5.73,50.65]]],[[[8.46,53.94],[8.81,53.87],[8.72,53.66],[8.46,53.94]]],[[[9.24,44.91],[9.32,45.17],[10.45,45.04],[10.62,45.43],[11.35,44.84],[10.62,43.8],[9.24,44.91]]],[[[9.54,47.2],[9.63,47.14],[9.46,47.14],[9.54,47.2]]],[[[13.0,47.53],[13.18,48.06],[13.74,47.07],[12.18,47.07],[12.51,47.66],[13.0,47.53]]],[[[13.36,48.99],[14.1,48.65],[13.85,48.46],[13.27,48.59],[13.36,48.99]]],[[[12.8,50.65],[12.63,50.65],[12.55,50.91],[12.8,50.65]]],[[[7.95,48.52],[7.37,48.85],[7.53,49.12],[6.69,49.18],[7.01,49.65],[6.35,49.58],[6.58,50.11],[6.07,50.25],[6.4,50.51],[5.97,50.78],[6.2,51.51],[6.88,51.45],[6.45,51.85],[6.95,52.25],[6.68,52.65],[7.18,53.33],[6.91,53.6],[7.94,53.73],[7.61,53.12],[8.13,52.79],[8.64,53.12],[8.82,52.79],[10.79,54.27],[11.48,53.8],[11.4,54.14],[12.44,54.41],[13.12,53.66],[13.55,53.8],[13.2,53.33],[11.74,53.6],[11.13,53.26],[11.39,53.06],[10.79,52.99],[11.13,52.38],[12.33,52.79],[12.4,51.71],[11.63,51.25],[10.61,51.38],[10.19,51.11],[11.88,50.98],[12.05,51.31],[12.55,50.91],[11.79,50.85],[12.21,50.78],[12.12,50.18],[11.2,49.78],[11.28,49.12],[10.94,48.85],[10.03,49.12],[10.53,48.26],[10.12,48.06],[10.53,48.19],[10.69,47.73],[10.37,47.33],[9.04,47.73],[9.29,47.99],[8.22,47.66],[8.21,47.99],[8.21,48.26],[7.71,48.32],[7.95,48.52]],[[8.46,47.99],[8.38,48.13],[8.21,47.99],[8.46,47.99]],[[11.38,51.51],[11.46,51.65],[10.95,51.71],[10.87,51.45],[11.38,51.51]],[[10.2,48.46],[10.11,48.46],[10.11,48.32],[10.2,48.46]],[[9.95,48.46],[9.45,48.46],[9.45,48.19],[9.95,48.46]],[[9.54,47.86],[9.54,47.99],[9.37,47.93],[9.54,47.86]],[[9.37,48.26],[9.37,48.46],[9.2,48.32],[9.37,48.26]],[[8.71,48.19],[8.79,48.32],[8.54,48.32],[8.71,48.19]],[[9.04,48.19],[9.04,48.26],[8.87,48.32],[9.04,48.19]],[[8.91,52.12],[8.91,52.52],[8.14,52.59],[7.98,51.98],[8.91,52.12]],[[8.71,47.99],[8.63,47.99],[8.79,47.86],[8.71,47.99]],[[8.62,48.65],[8.53,48.59],[8.62,48.52],[8.62,48.65]],[[8.45,48.39],[8.21,48.39],[8.29,48.32],[8.45,48.39]],[[8.29,48.59],[8.37,48.46],[8.45,48.59],[8.29,48.59]],[[7.8,52.18],[7.71,52.52],[7.28,52.59],[7.8,52.18]],[[7.23,51.18],[7.64,51.51],[7.56,51.65],[7.05,51.58],[7.23,51.18]]],[[[9.93,54.55],[10.19,54.55],[10.1,54.21],[9.75,54.14],[9.93,54.55]]],[[[9.4,54.82],[9.58,54.55],[8.8,54.14],[8.71,54.61],[9.4,54.82]]],[[[9.75,55.57],[8.53,54.89],[8.79,55.77],[9.75,55.57]]]]}},{"type":"Feature","properties":{"n":"Nayaks of Thanjavur","f":1673,"t":1676,"w":"Q1588434"},"geometry":{"type":"Polygon","coordinates":[[[79.91,10.28],[79.33,10.22],[79.18,9.81],[78.54,10.96],[79.69,11.37],[79.91,10.28]]]}},{"type":"Feature","properties":{"n":"Zaporozhian Cossacks","f":1673,"t":1676,"w":"Q1076173"},"geometry":{"type":"Polygon","coordinates":[[[39.25,48.99],[38.42,47.6],[37.46,47.27],[35.05,47.66],[33.8,47.07],[30.6,47.73],[30.63,48.65],[33.17,49.52],[34.98,49.85],[37.35,49.05],[39.25,48.99]]]}},{"type":"Feature","properties":{"n":"Dutch Republic","f":1673,"t":1676,"w":"Q170072"},"geometry":{"type":"MultiPolygon","coordinates":[[[[57.7,-20.35],[57.19,-20.54],[57.18,-20.35],[57.45,-19.96],[57.7,-20.35]]],[[[118.9,-8.26],[119.08,-8.78],[118.5,-8.84],[118.39,-8.26],[118.9,-8.26]]],[[[106.74,-6.4],[106.3,-6.4],[106.35,-5.95],[106.79,-6.08],[106.74,-6.4]]],[[[121.99,-5.37],[121.77,-5.44],[121.68,-5.11],[121.99,-5.37]]],[[[119.47,-4.54],[119.65,-5.31],[120.32,-5.56],[119.53,-5.76],[119.47,-4.54]]],[[[123.03,-4.41],[123.12,-4.73],[122.81,-5.69],[122.14,-5.44],[122.18,-4.79],[123.03,-4.41]]],[[[101.42,-3.12],[100.2,-0.87],[98.95,0.41],[99.67,0.29],[100.56,-0.74],[101.42,-3.12]]],[[[102.1,3.05],[102.67,2.73],[102.42,2.02],[101.72,2.54],[102.1,3.05]]],[[[80.31,7.42],[80.98,6.2],[81.67,6.84],[81.42,7.61],[81.65,7.87],[81.88,6.71],[81.26,6.14],[80.23,5.88],[79.72,7.36],[80.31,7.42]]],[[[79.88,7.61],[79.74,7.61],[79.62,8.06],[79.92,8.19],[79.88,7.61]]],[[[81.09,8.32],[81.04,8.58],[81.26,8.64],[81.09,8.32]]],[[[79.88,9.86],[80.79,9.29],[79.88,8.77],[79.88,9.86]]],[[[76.56,9.41],[76.26,9.35],[76.21,9.67],[76.56,9.41]]],[[[75.59,11.34],[75.81,11.41],[75.93,10.96],[75.59,11.34]]],[[[75.06,12.18],[75.29,12.31],[75.41,11.92],[75.06,12.18]]],[[[80.21,12.44],[80.0,12.5],[80.09,12.76],[80.21,12.44]]],[[[80.38,13.46],[80.41,13.08],[80.13,13.21],[80.38,13.46]]],[[[88.37,22.79],[88.46,22.91],[88.6,22.85],[88.37,22.79]]],[[[3.4,51.65],[4.86,53.19],[4.77,51.45],[4.01,51.25],[3.41,51.45],[3.75,51.45],[3.4,51.65]]],[[[5.6,51.85],[5.21,53.12],[6.74,53.53],[7.18,53.26],[6.68,52.65],[6.94,52.38],[6.7,51.92],[5.6,51.85]]],[[[123.74,-9.36],[124.26,-9.49],[124.65,-8.91],[125.02,-9.04],[124.61,-10.06],[123.17,-10.39],[123.74,-9.36]]],[[[123.16,-8.65],[122.79,-8.59],[122.91,-8.26],[123.78,-8.2],[123.16,-8.65]]],[[[123.96,-8.59],[123.8,-8.39],[124.36,-8.14],[125.02,-8.2],[123.96,-8.59]]],[[[130.95,-8.33],[130.59,-8.39],[130.86,-8.14],[130.95,-8.33]]],[[[127.66,-8.26],[127.64,-8.07],[127.79,-8.07],[127.66,-8.26]]],[[[129.76,-8.07],[129.46,-8.01],[129.44,-7.75],[129.76,-8.07]]],[[[126.4,-8.01],[125.67,-8.01],[125.71,-7.69],[126.51,-7.56],[126.4,-8.01]]],[[[130.97,-7.69],[131.58,-7.11],[131.55,-7.69],[131.22,-8.07],[130.97,-7.69]]],[[[130.81,-7.56],[130.87,-7.36],[131.02,-7.36],[130.81,-7.56]]],[[[128.38,-7.24],[128.37,-7.11],[128.59,-7.04],[128.38,-7.24]]],[[[134.53,-5.44],[134.68,-6.59],[133.97,-6.91],[133.92,-6.14],[134.53,-5.44]]],[[[132.52,-5.95],[132.5,-5.69],[132.95,-5.76],[132.52,-5.95]]],[[[133.07,-5.44],[133.01,-5.63],[132.86,-5.5],[133.07,-5.44]]],[[[128.24,-3.51],[128.25,-3.7],[127.81,-3.83],[128.24,-3.51]]],[[[127.15,-3.7],[126.65,-3.89],[125.91,-3.51],[125.89,-3.12],[127.06,-3.19],[127.15,-3.7]]],[[[128.38,-3.51],[127.71,-3.19],[128.28,-2.8],[129.66,-2.8],[130.55,-3.12],[130.73,-3.89],[129.76,-3.38],[128.38,-3.51]]],[[[126.01,-2.48],[125.26,-1.77],[126.14,-1.77],[126.01,-2.48]]],[[[125.11,-1.71],[125.19,-1.9],[124.25,-2.03],[124.46,-1.64],[125.11,-1.71]]],[[[124.96,1.25],[124.61,1.51],[125.12,1.7],[124.96,1.25]]]]}},{"type":"Feature","properties":{"n":"(Spanish Empire)","f":1673,"t":1676,"w":"Q80702"},"geometry":{"type":"MultiPolygon","coordinates":[[[[-73.65,-42.83],[-74.1,-42.76],[-74.03,-42.44],[-73.46,-42.24],[-73.65,-42.83]]],[[[-73.9,-40.17],[-73.37,-39.46],[-73.0,-39.72],[-73.9,-40.17]]],[[[-75.34,-10.77],[-75.27,-10.77],[-75.27,-10.84],[-75.34,-10.77]]],[[[-104.74,27.03],[-102.71,26.52],[-101.55,26.9],[-100.66,26.71],[-99.97,25.81],[-99.47,24.07],[-97.72,22.53],[-96.25,19.44],[-95.77,18.8],[-94.48,18.22],[-92.5,18.74],[-91.3,18.61],[-89.98,21.31],[-86.75,21.5],[-87.7,18.29],[-87.99,18.74],[-89.17,17.77],[-90.57,17.77],[-90.6,16.55],[-90.38,16.04],[-89.54,15.84],[-85.67,16.04],[-83.93,15.71],[-83.83,15.46],[-84.34,15.46],[-83.61,14.3],[-84.11,11.09],[-83.58,10.96],[-82.06,8.96],[-81.03,8.84],[-79.69,9.61],[-78.96,9.61],[-77.99,9.29],[-76.83,8.19],[-76.93,8.64],[-75.66,9.48],[-75.58,10.51],[-74.96,11.15],[-74.36,10.89],[-74.17,11.34],[-73.15,11.41],[-71.84,12.44],[-71.1,12.31],[-71.28,11.79],[-71.92,11.6],[-71.65,10.83],[-69.66,11.66],[-68.46,11.34],[-68.19,10.51],[-66.37,10.7],[-65.09,10.06],[-64.03,10.7],[-61.91,10.76],[-62.84,10.38],[-62.3,9.8],[-61.95,9.99],[-60.83,9.54],[-61.15,8.58],[-64.71,8.06],[-65.12,7.55],[-65.87,7.87],[-67.01,7.16],[-67.06,6.65],[-69.96,6.2],[-73.64,4.59],[-75.79,2.21],[-76.3,1.31],[-76.81,0.41],[-76.74,0.22],[-76.96,0.09],[-77.87,-3.25],[-77.85,-4.92],[-77.5,-6.85],[-76.34,-8.39],[-75.17,-11.35],[-73.87,-12.44],[-71.88,-13.15],[-70.67,-12.76],[-68.37,-13.28],[-65.67,-14.89],[-63.8,-15.34],[-62.59,-16.36],[-63.18,-20.61],[-64.19,-23.63],[-64.07,-24.79],[-63.27,-26.2],[-61.05,-26.78],[-59.61,-26.72],[-58.85,-26.27],[-57.5,-24.34],[-57.0,-24.47],[-58.43,-26.84],[-58.75,-30.32],[-58.27,-30.89],[-58.56,-32.76],[-58.25,-33.34],[-58.55,-34.49],[-60.29,-33.79],[-63.06,-34.62],[-64.35,-34.3],[-67.86,-34.43],[-70.36,-35.27],[-70.7,-36.3],[-71.2,-36.62],[-71.35,-37.91],[-73.34,-36.94],[-71.63,-32.69],[-71.94,-30.83],[-70.57,-25.17],[-70.53,-23.63],[-70.81,-23.5],[-70.27,-21.96],[-70.26,-19.84],[-70.44,-18.42],[-71.62,-17.33],[-75.22,-15.53],[-76.08,-14.69],[-76.46,-14.18],[-76.38,-13.41],[-77.8,-11.35],[-78.98,-8.46],[-79.98,-6.91],[-81.33,-6.14],[-81.01,-5.63],[-81.47,-4.41],[-80.05,-3.12],[-81.12,-2.29],[-81.03,-0.94],[-80.16,0.22],[-80.23,0.86],[-79.06,1.25],[-78.78,2.34],[-77.91,2.6],[-77.26,3.63],[-77.56,4.08],[-77.41,6.52],[-78.5,7.94],[-78.23,8.45],[-79.64,8.9],[-80.41,8.26],[-80.0,7.42],[-80.94,7.16],[-81.05,7.87],[-81.47,7.61],[-81.94,8.19],[-83.71,8.45],[-83.67,9.09],[-84.83,9.99],[-85.24,9.61],[-85.78,9.99],[-85.72,11.09],[-87.55,12.69],[-87.47,13.34],[-88.85,13.21],[-91.35,13.91],[-94.77,16.36],[-96.21,15.65],[-97.72,15.91],[-101.11,17.26],[-101.9,17.96],[-103.19,18.16],[-105.05,19.38],[-105.54,20.02],[-105.13,21.31],[-105.7,22.59],[-108.04,24.91],[-106.11,23.75],[-106.44,25.36],[-105.47,25.94],[-106.58,27.16],[-105.88,27.8],[-106.84,29.09],[-106.77,31.85],[-106.18,31.53],[-106.23,28.83],[-104.74,27.03]]],[[[-76.3,1.31],[-76.22,1.31],[-76.22,1.25],[-76.3,1.31]]],[[[-75.14,2.92],[-75.07,2.92],[-75.07,2.86],[-75.14,2.92]]],[[[-81.9,7.36],[-81.91,7.61],[-81.7,7.68],[-81.9,7.36]]],[[[-79.03,8.32],[-78.96,8.45],[-78.81,8.45],[-79.03,8.32]]],[[[-61.0,10.06],[-61.73,10.06],[-61.55,10.83],[-60.89,10.83],[-61.0,10.06]]],[[[-64.04,10.83],[-64.35,11.09],[-63.84,11.21],[-64.04,10.83]]],[[[-69.73,11.66],[-70.24,11.6],[-70.28,12.11],[-69.85,12.24],[-69.73,11.66]]],[[[-67.12,17.96],[-67.26,18.48],[-66.16,18.54],[-65.52,18.16],[-67.12,17.96]]],[[[-68.56,18.22],[-70.72,18.35],[-71.28,17.58],[-72.18,18.22],[-72.0,18.54],[-72.51,19.57],[-70.78,19.96],[-69.08,19.38],[-69.49,19.12],[-68.24,18.67],[-68.56,18.22]]],[[[-86.7,20.34],[-86.99,20.28],[-87.02,20.47],[-86.67,20.6],[-86.7,20.34]]],[[[-75.63,21.18],[-74.07,20.15],[-77.65,19.83],[-77.19,20.66],[-78.24,20.79],[-78.66,21.56],[-82.05,22.27],[-81.74,22.66],[-84.8,21.82],[-84.0,22.79],[-82.29,23.24],[-80.57,23.17],[-79.25,22.46],[-77.64,22.14],[-77.66,21.82],[-75.63,21.18]]],[[[-82.5,21.44],[-82.95,21.44],[-83.04,21.95],[-82.49,21.82],[-82.5,21.44]]],[[[-78.6,22.53],[-78.23,22.59],[-78.2,22.4],[-78.6,22.53]]],[[[-17.85,27.87],[-17.9,27.61],[-18.06,27.67],[-17.85,27.87]]],[[[-17.35,28.19],[-17.12,28.25],[-17.03,28.06],[-17.35,28.19]]],[[[-17.71,28.89],[-17.67,28.51],[-17.9,28.51],[-17.71,28.89]]],[[[-83.84,30.05],[-84.88,29.73],[-85.12,30.24],[-84.84,30.82],[-81.97,30.37],[-81.87,31.27],[-81.21,31.59],[-81.44,30.89],[-80.55,28.57],[-81.94,28.12],[-83.84,30.05]]],[[[-106.36,36.48],[-105.19,35.19],[-105.62,34.81],[-106.35,34.87],[-106.93,35.9],[-106.36,36.48]]],[[[120.0,10.51],[118.85,9.93],[118.73,10.19],[119.19,10.44],[119.34,11.15],[120.0,10.51]]],[[[119.85,11.79],[119.87,11.92],[120.09,11.92],[119.85,11.79]]],[[[-15.73,27.74],[-15.76,28.19],[-15.3,28.12],[-15.73,27.74]]],[[[-16.91,28.38],[-16.09,28.57],[-16.36,28.06],[-16.65,27.93],[-16.91,28.38]]],[[[-13.77,28.77],[-13.81,28.25],[-14.32,28.06],[-13.77,28.77]]],[[[-13.65,29.22],[-13.42,29.22],[-13.47,28.89],[-13.86,28.96],[-13.65,29.22]]],[[[-2.98,35.26],[-2.99,35.45],[-2.84,35.45],[-2.98,35.26]]],[[[-0.53,35.71],[-0.45,35.58],[-0.67,35.45],[-0.92,35.71],[-0.53,35.71]]],[[[-5.57,35.84],[-5.34,35.84],[-5.33,35.77],[-5.57,35.84]]],[[[1.65,39.13],[1.66,39.0],[1.27,38.8],[1.26,39.13],[1.65,39.13]]],[[[2.34,39.64],[2.88,39.97],[3.52,39.77],[3.3,39.32],[2.34,39.64]]],[[[18.44,40.1],[18.11,39.9],[17.35,40.55],[16.62,40.29],[16.45,39.64],[17.14,39.06],[15.93,37.96],[15.39,38.16],[15.05,36.74],[12.49,37.71],[12.65,38.09],[14.6,38.03],[15.86,38.29],[16.27,38.74],[15.75,40.03],[13.79,41.13],[13.96,41.72],[13.01,42.04],[12.86,42.5],[13.99,42.95],[14.37,42.24],[16.12,41.91],[15.94,41.39],[18.44,40.1]]],[[[0.04,42.69],[3.09,42.5],[3.12,41.91],[0.7,40.94],[-0.2,39.97],[-0.31,39.13],[0.1,38.74],[-0.66,38.29],[-0.7,37.64],[-1.71,37.45],[-2.06,36.8],[-4.47,36.74],[-5.66,36.03],[-6.06,36.22],[-6.43,37.0],[-7.39,37.25],[-7.5,37.71],[-6.99,38.09],[-7.27,38.67],[-6.99,39.0],[-7.44,39.64],[-6.9,39.77],[-6.93,41.0],[-6.27,41.65],[-6.7,41.98],[-8.93,41.91],[-8.66,42.37],[-9.3,43.15],[-8.24,43.73],[-1.69,43.34],[0.04,42.69]]],[[[4.22,40.1],[4.3,39.84],[3.83,39.9],[4.22,40.1]]],[[[9.59,39.13],[8.34,39.0],[8.15,40.94],[9.5,41.2],[9.59,39.13]]],[[[11.34,42.43],[11.18,42.5],[11.18,42.56],[11.34,42.43]]],[[[10.46,42.89],[10.46,42.69],[10.21,42.69],[10.46,42.89]]],[[[10.86,43.08],[10.94,42.89],[10.7,42.95],[10.86,43.08]]],[[[9.32,45.17],[9.4,44.45],[8.34,45.1],[8.58,45.56],[7.92,45.96],[8.32,46.41],[8.9,45.89],[9.39,46.22],[9.31,45.69],[10.45,45.17],[9.32,45.17]]],[[[6.81,47.93],[6.99,47.27],[5.38,46.28],[5.58,47.66],[6.81,47.93]]],[[[6.58,50.11],[6.18,49.45],[4.83,49.85],[5.9,50.38],[5.81,50.71],[6.58,50.11]]],[[[3.22,50.25],[3.05,50.31],[3.04,50.45],[3.37,50.51],[3.22,50.25]]],[[[5.37,51.18],[4.49,49.98],[3.55,50.38],[3.61,50.78],[2.26,50.78],[2.74,51.31],[5.37,51.18]],[[4.21,50.51],[4.14,50.31],[4.39,50.31],[4.21,50.51]]],[[[126.2,6.39],[125.83,7.23],[125.52,7.04],[125.65,5.88],[125.33,5.49],[125.15,6.01],[124.7,5.81],[124.0,6.26],[124.09,7.42],[123.68,7.74],[122.76,7.23],[122.59,7.74],[122.23,6.97],[121.8,6.97],[122.1,8.0],[123.34,8.77],[124.09,8.19],[124.82,9.03],[125.48,9.03],[125.42,9.86],[126.24,9.29],[126.59,7.61],[126.2,6.39]]],[[[124.55,9.22],[124.77,9.29],[124.82,9.03],[124.55,9.22]]],[[[123.58,9.03],[123.44,9.09],[123.54,9.35],[123.58,9.03]]],[[[125.92,9.74],[125.97,9.54],[125.83,9.61],[125.92,9.74]]],[[[125.92,9.74],[125.94,9.99],[126.1,10.06],[125.92,9.74]]],[[[124.5,10.19],[124.62,9.93],[123.78,9.54],[123.74,9.86],[124.5,10.19]]],[[[122.81,10.12],[122.9,10.89],[123.56,10.96],[123.15,9.8],[123.22,9.03],[122.33,9.67],[122.81,10.12]]],[[[125.47,10.38],[125.7,10.44],[125.71,9.86],[125.47,10.38]]],[[[123.6,9.99],[123.48,9.48],[123.26,9.48],[124.11,11.28],[124.0,10.25],[123.6,9.99]]],[[[121.93,11.99],[123.12,11.54],[122.62,10.38],[121.9,10.44],[121.93,11.99]]],[[[125.24,10.25],[124.92,9.99],[124.25,11.21],[124.31,11.73],[124.71,11.34],[124.97,11.73],[124.27,12.56],[125.55,12.24],[125.77,11.02],[125.06,11.21],[125.24,10.25]]],[[[119.84,12.31],[120.34,12.18],[120.32,11.99],[119.84,12.31]]],[[[124.09,11.73],[123.17,11.99],[123.24,12.5],[123.83,12.56],[124.09,11.73]]],[[[121.9,12.37],[122.13,12.44],[122.09,12.11],[121.9,12.37]]],[[[122.69,12.24],[122.41,12.37],[122.51,12.56],[122.69,12.24]]],[[[121.99,12.5],[122.02,12.69],[122.24,12.69],[121.99,12.5]]],[[[120.74,13.59],[121.44,13.34],[121.29,12.18],[120.34,13.34],[120.74,13.59]]],[[[122.2,13.53],[122.16,13.21],[121.86,13.21],[121.75,13.46],[122.2,13.53]]],[[[144.84,13.34],[144.61,13.27],[144.65,13.53],[144.97,13.66],[144.84,13.34]]],[[[120.1,13.72],[120.12,13.85],[120.27,13.85],[120.1,13.72]]],[[[124.11,13.53],[124.12,14.11],[124.47,13.98],[124.11,13.53]]],[[[122.13,15.01],[122.07,14.62],[121.86,14.69],[122.13,15.01]]],[[[121.49,15.14],[121.84,14.11],[122.76,14.36],[123.12,13.79],[123.24,14.11],[123.87,13.91],[123.61,13.59],[124.14,13.21],[124.12,12.5],[123.45,13.01],[123.06,12.82],[123.27,13.27],[122.69,13.85],[122.74,13.21],[121.82,13.91],[121.4,13.59],[120.62,13.79],[120.97,14.62],[120.35,14.43],[119.73,16.1],[120.01,16.42],[120.4,16.1],[120.61,18.54],[122.39,18.54],[122.22,17.64],[122.64,17.13],[121.49,15.14]]]]}},{"type":"Feature","properties":{"n":"(Habsburg Monarchy)","f":1673,"t":1682,"w":"Q66504140"},"geometry":{"type":"MultiPolygon","coordinates":[[[[8.21,48.26],[8.06,47.33],[7.56,47.53],[7.89,47.66],[7.55,47.93],[7.71,48.32],[8.21,48.26]]],[[[9.29,47.99],[9.29,47.8],[8.88,47.73],[9.29,47.99]]],[[[8.71,47.93],[8.79,47.86],[8.63,47.86],[8.71,47.93]]],[[[8.21,47.99],[8.21,48.13],[8.38,48.13],[8.21,47.99]]],[[[8.79,48.32],[8.71,48.19],[8.54,48.32],[8.79,48.32]]],[[[8.87,48.19],[8.87,48.32],[9.04,48.26],[8.87,48.19]]],[[[8.21,48.39],[8.45,48.39],[8.29,48.32],[8.21,48.39]]],[[[8.29,48.59],[8.45,48.59],[8.37,48.46],[8.29,48.59]]],[[[7.79,48.52],[7.79,48.59],[7.95,48.59],[7.79,48.52]]],[[[8.53,48.59],[8.62,48.65],[8.7,48.52],[8.53,48.59]]],[[[9.54,47.99],[9.54,47.86],[9.37,47.93],[9.54,47.99]]],[[[10.36,47.99],[10.12,48.06],[10.2,48.26],[10.53,48.26],[10.36,47.99]]],[[[9.95,48.46],[10.03,48.26],[9.45,48.19],[9.95,48.46]]],[[[9.37,48.26],[9.2,48.26],[9.2,48.32],[9.37,48.26]]],[[[20.85,47.66],[18.22,47.99],[18.43,47.07],[16.92,46.35],[17.3,45.69],[16.3,45.04],[15.82,45.24],[15.8,44.71],[15.23,44.45],[14.6,45.37],[14.03,45.04],[13.79,45.24],[14.12,45.5],[13.31,45.82],[13.56,46.55],[12.09,46.68],[10.78,45.69],[10.45,45.82],[10.45,46.94],[9.54,47.2],[9.62,47.53],[12.51,47.66],[12.18,47.07],[13.74,47.07],[13.18,48.06],[14.1,48.65],[12.53,49.52],[12.12,50.25],[14.33,51.05],[15.0,50.91],[15.13,52.25],[15.81,52.25],[16.13,51.71],[17.32,51.71],[17.55,51.25],[18.71,50.85],[19.19,50.38],[18.88,49.45],[21.8,49.38],[22.44,49.05],[20.85,47.66]],[[20.29,49.25],[20.28,49.12],[20.45,49.18],[20.29,49.25]]],[[[10.11,48.32],[10.11,48.46],[10.28,48.39],[10.11,48.32]]]]}},{"type":"Feature","properties":{"n":"(Kingdom of France)","f":1673,"t":1676,"w":"Q207162"},"geometry":{"type":"MultiPolygon","coordinates":[[[[-61.71,12.24],[-61.57,12.24],[-61.55,11.99],[-61.71,12.24]]],[[[-60.78,14.43],[-61.08,14.49],[-61.19,14.88],[-60.78,14.43]]],[[[-61.77,16.29],[-61.35,16.49],[-61.17,16.23],[-61.74,15.97],[-61.77,16.29]]],[[[-64.73,17.71],[-64.73,17.77],[-64.66,17.77],[-64.73,17.71]]],[[[-64.89,17.84],[-64.74,17.84],[-64.73,17.77],[-64.89,17.84]]],[[[-62.95,18.29],[-62.93,18.09],[-63.08,18.16],[-62.95,18.29]]],[[[-73.92,18.03],[-74.44,18.61],[-72.3,18.61],[-72.79,19.51],[-73.41,19.64],[-72.64,19.96],[-72.1,19.83],[-72.51,19.57],[-72.0,18.54],[-72.18,18.22],[-73.92,18.03]]],[[[-87.76,44.52],[-88.32,44.65],[-88.16,44.78],[-87.76,44.52]]],[[[-64.65,44.97],[-65.49,44.52],[-65.67,44.91],[-64.63,45.3],[-66.35,45.5],[-64.56,46.22],[-64.13,45.63],[-63.09,45.3],[-64.07,44.78],[-64.65,44.97]]],[[[-73.3,45.24],[-74.51,45.37],[-75.82,44.45],[-76.71,44.45],[-75.36,45.76],[-74.4,45.63],[-73.52,46.61],[-71.58,47.14],[-70.59,46.81],[-72.71,46.48],[-73.85,45.82],[-73.3,45.24]]],[[[-85.0,46.48],[-84.47,46.41],[-84.56,46.28],[-85.0,46.48]]],[[[55.1,-21.25],[55.22,-20.86],[55.77,-21.31],[55.1,-21.25]]],[[[-54.27,5.24],[-54.06,5.75],[-52.89,5.49],[-51.71,4.53],[-51.77,3.95],[-54.27,5.24]]],[[[-60.8,13.72],[-60.94,13.66],[-61.04,14.04],[-60.8,13.72]]],[[[-16.24,15.78],[-16.6,15.65],[-16.47,16.16],[-16.24,15.78]]],[[[88.49,22.59],[88.34,22.59],[88.44,22.79],[88.49,22.59]]],[[[-53.67,47.2],[-54.08,47.2],[-54.02,47.66],[-53.67,47.2]]],[[[-53.72,47.53],[-53.75,47.6],[-53.67,47.6],[-53.72,47.53]]],[[[5.51,49.52],[7.01,49.65],[6.69,49.18],[7.53,49.12],[7.37,48.85],[7.79,48.59],[7.4,47.47],[6.14,47.99],[5.43,47.07],[5.38,46.28],[6.03,46.28],[5.48,45.56],[6.64,44.84],[6.81,44.32],[6.42,44.06],[6.91,43.54],[5.8,43.15],[3.85,43.6],[2.98,43.15],[3.09,42.5],[2.46,42.37],[-1.43,43.08],[-1.69,43.41],[-1.03,45.5],[-1.25,46.28],[-2.01,46.61],[-2.58,47.47],[-4.42,47.8],[-4.89,48.32],[-4.6,48.72],[-3.46,48.92],[-1.6,48.65],[-2.03,49.78],[0.01,49.38],[0.22,49.85],[1.45,50.25],[1.66,51.05],[2.66,51.25],[2.26,50.78],[3.61,50.78],[3.55,50.38],[4.66,50.05],[5.37,51.18],[4.67,51.71],[5.22,52.79],[5.6,51.85],[6.2,51.51],[5.97,50.78],[4.82,50.11],[5.51,49.52]],[[4.97,43.73],[5.29,43.99],[5.11,44.52],[4.71,44.45],[5.04,44.25],[4.97,43.73]],[[3.46,50.45],[3.04,50.45],[3.22,50.25],[3.46,50.45]]],[[[4.14,50.31],[4.21,50.51],[4.38,50.51],[4.14,50.31]]]]}},{"type":"Feature","properties":{"n":"French India","f":1673,"t":1676,"w":"Q646374"},"geometry":{"type":"MultiPolygon","coordinates":[[[[55.63,-21.44],[55.1,-21.25],[55.22,-20.86],[55.59,-20.93],[55.63,-21.44]]],[[[88.49,22.59],[88.34,22.59],[88.44,22.79],[88.49,22.59]]]]}},{"type":"Feature","properties":{"n":"Portuguese Colonies","f":1673,"t":1676,"w":"Q200464"},"geometry":{"type":"MultiPolygon","coordinates":[[[[124.26,-9.49],[123.81,-9.36],[123.94,-9.23],[124.38,-9.16],[124.26,-9.49]]],[[[124.71,-8.84],[125.2,-8.52],[127.23,-8.39],[124.92,-9.55],[124.71,-8.84]]],[[[122.66,-8.71],[122.29,-8.65],[122.82,-8.07],[122.66,-8.71]]],[[[79.87,10.83],[79.86,10.73],[79.85,10.82],[79.87,10.83]]],[[[74.52,15.26],[74.39,14.62],[73.79,15.33],[74.52,15.26]]],[[[73.03,19.38],[73.1,19.38],[73.09,19.25],[73.03,19.38]]],[[[73.18,20.09],[72.89,20.15],[73.12,20.21],[73.18,20.09]]],[[[113.42,22.14],[113.54,22.4],[113.69,22.4],[113.42,22.14]]]]}},{"type":"Feature","properties":{"n":"Small Horde","f":1673,"t":1686,"w":"Q631210"},"geometry":{"type":"Polygon","coordinates":[[[42.42,46.15],[41.91,45.17],[39.95,44.65],[36.78,45.1],[36.75,45.43],[37.7,45.3],[37.59,45.63],[38.37,46.35],[37.84,46.61],[39.48,47.07],[39.39,47.47],[41.89,46.81],[42.42,46.15]]]}},{"type":"Feature","properties":{"n":"Southern Ming","f":1677,"t":1682,"w":"Q1198163"},"geometry":{"type":"MultiPolygon","coordinates":[[[[120.67,21.95],[120.01,23.11],[120.17,23.88],[120.96,25.04],[121.77,25.29],[122.01,25.04],[121.54,23.3],[120.67,21.95]]],[[[119.59,26.13],[119.53,25.62],[119.87,25.49],[119.27,25.49],[118.76,24.59],[118.15,24.52],[116.54,22.91],[114.64,22.72],[114.37,22.08],[113.6,22.72],[113.07,21.89],[110.42,21.18],[110.49,20.28],[109.88,20.21],[109.81,21.5],[107.24,21.69],[106.71,22.08],[106.71,22.91],[105.44,23.3],[103.96,22.53],[101.72,22.46],[101.81,21.18],[101.36,21.18],[101.16,21.76],[100.22,21.5],[99.94,22.08],[99.29,22.14],[99.57,22.98],[98.94,23.24],[98.88,24.14],[97.65,23.94],[97.65,24.78],[98.67,25.81],[98.84,26.58],[98.74,27.48],[98.16,28.19],[98.87,28.32],[99.4,29.47],[99.61,28.25],[100.68,29.73],[101.87,33.52],[101.2,33.78],[102.21,34.04],[102.14,34.49],[102.62,34.74],[103.15,34.29],[104.36,34.23],[104.68,33.2],[107.48,33.33],[107.65,32.94],[108.1,33.14],[110.19,32.36],[110.61,32.04],[110.48,31.66],[108.86,31.14],[108.66,30.31],[109.35,29.6],[111.16,30.76],[113.12,30.24],[114.19,30.5],[114.93,29.28],[113.95,28.06],[114.36,25.29],[115.09,25.23],[114.55,24.46],[115.91,24.52],[116.8,27.22],[117.67,28.38],[118.78,28.57],[119.13,27.48],[119.53,27.8],[120.66,27.54],[119.59,26.13]]]]}},{"type":"Feature","properties":{"n":"Ottoman Empire","f":1677,"t":1682,"w":"Q12560"},"geometry":{"type":"MultiPolygon","coordinates":[[[[30.88,46.68],[29.61,45.69],[29.53,44.91],[28.8,44.97],[28.48,43.47],[27.51,42.63],[28.05,41.59],[28.96,41.13],[31.18,41.07],[32.63,41.91],[35.12,42.04],[36.21,41.26],[38.3,40.87],[40.37,40.94],[41.58,41.52],[42.86,41.59],[43.77,40.87],[43.65,40.16],[44.77,39.77],[44.07,39.38],[44.31,37.9],[45.35,36.03],[46.25,35.84],[45.44,33.91],[47.98,31.72],[47.74,31.01],[48.6,29.99],[47.87,29.54],[47.25,30.12],[45.68,30.31],[43.15,32.81],[40.93,34.1],[38.91,33.26],[37.31,30.89],[37.16,30.05],[37.68,28.96],[41.41,23.11],[43.69,20.09],[44.31,19.38],[44.46,19.44],[43.51,18.29],[43.04,16.49],[41.24,18.61],[40.85,19.7],[39.35,20.79],[38.6,23.62],[37.44,24.33],[37.27,25.23],[35.41,27.87],[34.59,28.06],[34.91,29.41],[34.12,27.74],[32.44,29.79],[35.15,24.65],[35.86,24.01],[35.55,23.69],[35.81,22.91],[31.23,22.01],[31.32,22.4],[30.01,23.11],[28.57,24.65],[28.15,27.35],[25.37,29.28],[22.77,30.37],[20.95,30.56],[18.73,29.99],[15.18,30.89],[14.28,31.91],[11.77,32.3],[9.63,33.14],[8.93,34.16],[7.61,34.55],[2.92,34.36],[2.45,34.61],[1.75,34.74],[-0.47,34.36],[-1.58,33.46],[-1.72,34.68],[-2.12,35.07],[-1.36,35.26],[-1.22,35.64],[-0.67,35.45],[0.68,36.42],[4.47,36.93],[5.56,36.67],[6.33,37.06],[8.52,36.87],[9.6,37.32],[10.23,37.25],[10.23,36.8],[11.01,37.0],[10.46,35.9],[11.08,35.58],[11.08,35.0],[10.0,34.29],[10.24,33.71],[12.23,32.81],[13.3,32.94],[15.06,32.43],[15.65,31.4],[17.85,30.95],[18.97,30.24],[20.2,30.89],[20.02,32.24],[21.88,32.94],[23.09,32.62],[23.3,32.17],[24.89,31.98],[25.25,31.46],[26.85,31.46],[28.87,30.82],[30.97,31.66],[31.88,31.46],[32.0,31.08],[33.98,31.14],[34.55,31.53],[35.64,34.36],[36.05,34.55],[35.84,36.29],[36.14,36.93],[35.49,36.61],[34.58,36.87],[33.98,36.29],[32.71,36.03],[31.09,36.93],[29.94,36.22],[29.24,36.22],[29.12,36.74],[28.59,36.87],[28.03,36.67],[28.07,37.13],[27.22,37.32],[27.28,38.03],[26.43,38.22],[26.38,38.67],[27.06,38.35],[26.85,39.58],[26.13,39.51],[26.6,40.48],[29.05,40.36],[28.91,40.61],[29.48,40.74],[28.17,41.13],[26.92,40.48],[25.38,41.0],[23.7,40.81],[23.74,40.23],[22.65,40.61],[22.61,39.9],[23.14,39.45],[22.8,39.06],[23.49,38.87],[22.94,38.74],[24.03,38.67],[24.16,38.22],[23.98,37.84],[23.04,37.9],[23.4,37.32],[22.71,37.58],[23.06,36.67],[22.36,36.67],[22.22,37.06],[21.74,36.87],[21.7,37.51],[21.24,37.84],[21.74,38.35],[20.74,38.8],[20.91,39.06],[19.25,40.61],[19.54,41.78],[18.71,42.82],[17.52,43.02],[16.82,43.73],[15.23,44.32],[15.8,44.71],[15.82,45.24],[16.3,45.04],[17.3,45.69],[16.92,46.35],[18.43,47.07],[18.22,47.99],[20.13,47.99],[20.69,47.8],[21.21,46.87],[21.97,47.14],[22.09,46.48],[22.41,46.48],[22.47,46.15],[21.52,45.37],[22.55,44.97],[22.5,44.32],[22.95,43.8],[25.43,43.6],[27.83,44.19],[27.86,45.3],[28.44,46.15],[29.48,46.68],[28.42,48.19],[25.67,48.85],[26.67,49.65],[29.2,49.12],[29.55,47.93],[30.55,47.99],[30.75,47.6],[33.8,47.07],[32.17,46.55],[30.88,46.68]]],[[[2.53,34.42],[2.53,34.49],[2.61,34.49],[2.53,34.42]]],[[[25.68,35.13],[26.23,35.19],[24.82,35.0],[23.62,35.52],[25.68,35.13]]],[[[27.19,36.8],[26.87,36.67],[27.04,36.93],[27.19,36.8]]],[[[25.57,37.13],[25.56,37.0],[25.33,37.0],[25.57,37.13]]],[[[24.36,37.71],[24.43,37.58],[24.27,37.51],[24.36,37.71]]],[[[26.31,37.71],[26.3,37.58],[25.99,37.51],[26.31,37.71]]],[[[24.77,38.03],[25.07,37.77],[24.83,37.71],[24.77,38.03]]],[[[26.22,38.55],[26.11,38.16],[25.88,38.16],[26.22,38.55]]],[[[23.56,38.74],[23.48,38.74],[23.49,38.8],[23.56,38.74]]],[[[24.67,38.93],[24.66,38.74],[24.36,38.87],[24.67,38.93]]],[[[25.79,39.19],[26.04,39.38],[26.64,39.0],[25.79,39.19]]],[[[20.15,39.58],[20.07,39.58],[20.07,39.64],[20.15,39.58]]],[[[25.46,40.03],[25.45,39.84],[24.97,39.84],[25.46,40.03]]],[[[26.04,40.29],[26.02,40.16],[25.7,40.1],[26.04,40.29]]],[[[24.81,40.81],[24.79,40.61],[24.55,40.55],[24.81,40.81]]],[[[43.17,11.54],[44.08,10.57],[45.11,10.51],[44.87,10.06],[43.71,10.25],[43.17,11.54]]],[[[43.24,13.08],[43.25,13.4],[43.68,13.27],[43.81,12.69],[43.24,13.08]]],[[[39.3,15.39],[39.26,16.04],[39.41,16.04],[39.74,15.26],[39.3,15.39]]],[[[37.7,18.8],[37.54,18.61],[37.1,18.74],[37.34,19.12],[37.7,18.8]]],[[[44.25,19.57],[44.25,19.64],[44.33,19.64],[44.25,19.57]]],[[[44.18,19.64],[44.18,19.7],[44.26,19.7],[44.18,19.64]]],[[[40.06,25.49],[40.06,25.55],[40.14,25.55],[40.06,25.49]]],[[[33.04,34.55],[32.23,34.94],[34.54,35.71],[34.09,35.0],[33.04,34.55]]],[[[28.02,36.48],[28.25,36.48],[28.14,36.03],[27.74,35.9],[28.02,36.48]]],[[[41.33,42.89],[41.17,42.89],[41.2,43.02],[41.33,42.89]]],[[[40.96,43.02],[40.97,43.08],[41.13,43.08],[40.96,43.02]]],[[[33.93,44.45],[33.47,44.65],[35.4,45.1],[33.93,44.45]]],[[[36.42,45.43],[36.38,45.17],[36.23,45.24],[36.42,45.43]]],[[[39.48,47.07],[39.22,47.01],[39.13,47.4],[39.48,47.07]]]]}},{"type":"Feature","properties":{"n":"Golconda Sultanate","f":1677,"t":1682,"w":"Q1148042"},"geometry":{"type":"Polygon","coordinates":[[[82.45,17.13],[82.22,16.42],[80.46,15.78],[80.09,15.14],[78.72,15.39],[78.3,16.23],[77.79,16.36],[77.68,17.32],[78.02,18.41],[78.49,18.61],[81.74,19.19],[83.28,19.06],[84.38,18.41],[82.45,17.13]],[[77.82,17.23],[77.91,17.39],[77.82,17.26],[77.82,17.23]]]}},{"type":"Feature","properties":{"n":"English Colonial Empire","f":1677,"t":1682,"w":"Q617219"},"geometry":{"type":"MultiPolygon","coordinates":[[[[-89.17,17.77],[-88.25,18.48],[-88.24,16.49],[-89.19,15.97],[-89.17,17.77]]],[[[-77.74,17.84],[-78.39,18.29],[-77.01,18.48],[-76.12,17.9],[-77.74,17.84]]],[[[-73.67,22.46],[-74.15,22.21],[-73.9,22.46],[-73.94,22.72],[-73.67,22.46]]],[[[-74.74,23.11],[-74.71,22.91],[-75.12,23.11],[-75.17,23.43],[-74.74,23.11]]],[[[-77.4,23.81],[-77.76,23.75],[-77.92,24.2],[-77.48,24.26],[-77.4,23.81]]],[[[-74.51,23.94],[-74.55,24.14],[-74.32,24.14],[-74.51,23.94]]],[[[-75.43,24.07],[-75.59,24.52],[-75.35,24.46],[-75.43,24.07]]],[[[-78.39,24.71],[-78.19,25.23],[-77.62,24.59],[-78.09,24.33],[-78.39,24.71]]],[[[-76.23,24.78],[-76.26,24.91],[-76.05,24.97],[-76.23,24.78]]],[[[-76.48,25.29],[-76.6,25.49],[-76.35,25.36],[-76.48,25.29]]],[[[-77.29,25.94],[-77.19,26.52],[-77.67,26.97],[-76.97,26.52],[-77.29,25.94]]],[[[-78.6,26.77],[-77.97,26.64],[-78.68,26.45],[-78.6,26.77]]],[[[-79.68,32.75],[-80.15,32.56],[-80.09,33.07],[-79.68,32.75]]],[[[-77.92,33.91],[-78.15,33.91],[-78.21,34.29],[-77.65,34.23],[-77.92,33.91]]],[[[-76.73,35.97],[-77.14,36.22],[-76.8,36.35],[-76.73,35.97]]],[[[-76.7,37.71],[-75.81,36.61],[-76.79,36.55],[-77.64,37.71],[-76.7,37.71]]],[[[-76.88,38.35],[-76.91,38.42],[-76.83,38.42],[-76.88,38.35]]],[[[-70.44,41.59],[-70.8,41.85],[-71.52,41.33],[-73.47,41.07],[-71.94,41.0],[-74.14,40.61],[-73.87,40.16],[-74.64,39.0],[-75.4,39.32],[-75.05,38.67],[-75.72,39.32],[-76.42,39.32],[-76.25,38.16],[-76.72,38.16],[-76.86,38.67],[-77.23,39.0],[-76.74,39.51],[-74.87,40.1],[-74.41,40.68],[-74.29,43.15],[-73.69,42.24],[-73.0,42.3],[-71.08,42.82],[-70.77,43.54],[-70.49,43.28],[-70.98,42.43],[-69.86,41.72],[-70.44,41.59]]],[[[-80.8,51.05],[-81.44,51.25],[-81.36,51.38],[-80.8,51.05]]],[[[-78.99,51.38],[-79.04,51.71],[-78.96,51.71],[-78.48,51.38],[-78.99,51.38]]],[[[-1.21,5.11],[-1.21,5.36],[-1.06,5.36],[-1.21,5.11]]],[[[80.31,12.76],[80.1,12.82],[80.2,13.14],[80.31,12.76]]],[[[-59.57,13.01],[-59.67,13.34],[-59.52,13.34],[-59.57,13.01]]],[[[-61.64,17.19],[-61.62,16.94],[-61.76,16.94],[-61.64,17.19]]],[[[-64.65,17.64],[-64.87,17.64],[-64.73,17.77],[-64.65,17.64]]],[[[-64.65,17.71],[-64.66,17.77],[-64.59,17.77],[-64.65,17.71]]],[[[-64.73,17.77],[-64.74,17.84],[-64.67,17.84],[-64.66,17.77],[-64.73,17.77]]],[[[73.09,19.25],[72.99,18.99],[72.84,18.99],[73.09,19.25]]],[[[72.89,20.86],[72.62,21.11],[72.63,21.18],[73.08,21.18],[72.89,20.86]]],[[[-73.0,20.99],[-73.66,20.92],[-73.49,21.24],[-73.0,20.99]]],[[[-72.82,22.27],[-72.93,22.46],[-72.69,22.34],[-72.82,22.27]]],[[[-64.86,32.3],[-64.65,32.36],[-64.67,32.17],[-64.86,32.3]]],[[[-5.95,35.71],[-5.72,35.77],[-5.77,35.39],[-5.95,35.71]]],[[[-70.73,41.33],[-70.73,41.52],[-70.58,41.52],[-70.73,41.33]]],[[[-70.39,43.41],[-70.59,43.67],[-70.44,43.86],[-70.14,43.73],[-70.39,43.41]]],[[[-69.33,44.06],[-69.48,43.86],[-69.95,44.19],[-69.33,44.06]]],[[[-53.75,46.81],[-53.37,47.27],[-53.64,47.73],[-52.92,48.19],[-53.25,47.6],[-52.76,47.8],[-52.62,47.47],[-53.02,46.61],[-53.75,46.81]]],[[[-52.95,48.46],[-53.39,48.32],[-53.58,48.59],[-52.95,48.46]]]]}},{"type":"Feature","properties":{"n":"Mughal Empire","f":1677,"t":1686,"w":"Q33296"},"geometry":{"type":"MultiPolygon","coordinates":[[[[91.26,22.21],[91.03,22.14],[91.07,22.4],[91.26,22.21]]],[[[78.87,34.49],[78.46,32.3],[78.81,31.53],[81.01,30.18],[80.35,29.6],[80.17,28.7],[83.08,27.42],[84.43,27.42],[85.27,26.71],[90.39,26.0],[90.46,25.16],[91.74,25.16],[92.23,24.59],[92.47,22.34],[92.19,21.44],[91.83,21.5],[91.5,22.79],[90.23,21.76],[89.9,22.01],[88.73,21.63],[88.64,22.08],[88.51,21.69],[88.2,21.56],[88.1,21.95],[86.98,21.37],[86.84,20.28],[86.11,19.76],[85.37,19.83],[84.39,18.48],[83.28,19.06],[81.74,19.19],[78.49,18.61],[78.02,18.41],[78.04,17.9],[74.78,17.77],[74.1,17.0],[73.29,17.0],[72.87,18.61],[73.1,19.38],[72.8,19.31],[72.63,19.83],[73.08,21.18],[72.63,21.18],[72.53,22.27],[72.11,21.89],[72.1,21.11],[71.09,20.66],[70.3,20.86],[68.95,22.21],[70.37,22.91],[68.81,22.98],[68.16,23.81],[67.29,24.07],[67.21,24.71],[66.63,24.84],[66.27,25.55],[66.69,29.86],[65.99,30.18],[65.55,32.3],[66.23,33.71],[66.33,36.22],[68.62,36.1],[68.88,36.8],[68.51,37.19],[69.35,37.13],[69.55,37.58],[70.27,37.64],[70.71,38.42],[71.18,38.42],[71.58,36.74],[73.66,37.51],[73.8,36.87],[75.31,37.0],[75.96,36.55],[76.09,35.9],[78.87,34.49]],[[73.18,20.09],[73.19,20.21],[73.12,20.21],[73.18,20.09]]]]}},{"type":"Feature","properties":{"n":"Brandenburg-Prussia","f":1677,"t":1682,"w":"Q157367"},"geometry":{"type":"MultiPolygon","coordinates":[[[[7.05,51.58],[7.56,51.65],[7.48,51.18],[7.05,51.58]]],[[[6.88,51.65],[6.88,51.45],[5.94,51.78],[6.88,51.65]]],[[[13.93,52.05],[13.93,52.12],[14.19,52.12],[13.93,52.05]]],[[[7.98,51.98],[8.14,52.59],[8.91,52.52],[8.91,52.12],[7.98,51.98]]],[[[7.71,52.52],[7.8,52.18],[7.55,52.12],[7.29,52.38],[7.71,52.52]]],[[[16.1,52.86],[15.49,52.65],[15.65,52.32],[14.69,51.92],[13.94,52.32],[12.4,52.18],[12.33,52.79],[11.13,52.38],[10.79,52.99],[11.39,53.06],[11.13,53.26],[11.74,53.6],[13.2,53.33],[13.9,53.73],[14.48,53.12],[15.04,54.21],[18.02,54.89],[17.17,53.66],[16.4,53.8],[16.1,52.86]]],[[[22.42,53.6],[20.4,53.06],[19.74,53.46],[18.7,53.39],[19.45,54.21],[20.1,53.66],[20.83,54.07],[19.81,54.34],[19.84,54.68],[19.95,55.02],[20.99,54.95],[20.99,55.91],[22.81,54.89],[22.42,53.6]]]]}},{"type":"Feature","properties":{"n":"Swiss Confederation","f":1677,"t":1690,"w":"Q39"},"geometry":{"type":"Polygon","coordinates":[[[10.53,46.28],[10.12,46.02],[9.22,46.22],[8.9,45.89],[8.32,46.41],[7.92,45.96],[7.1,45.89],[6.68,46.41],[6.03,46.22],[6.1,46.61],[7.08,46.94],[6.98,47.53],[8.06,47.33],[9.04,47.73],[9.62,47.53],[9.46,47.27],[9.96,46.87],[10.45,46.94],[10.53,46.28]]]}},{"type":"Feature","properties":{"n":"Tsardom of Russia","f":1677,"t":1686,"w":"Q186096"},"geometry":{"type":"MultiPolygon","coordinates":[[[[137.79,54.68],[137.15,54.82],[137.5,55.23],[137.96,55.09],[137.79,54.68]]],[[[136.9,55.16],[137.25,55.16],[136.87,54.89],[136.53,54.89],[136.9,55.16]]],[[[27.09,57.35],[27.08,57.28],[26.99,57.28],[27.09,57.35]]],[[[107.59,77.06],[106.66,76.55],[112.07,76.81],[114.09,75.96],[113.31,75.12],[106.15,73.33],[105.53,72.92],[110.4,73.65],[111.3,74.14],[111.89,73.73],[113.21,74.05],[113.6,73.81],[113.36,73.57],[118.9,73.73],[118.4,73.33],[120.56,73.0],[123.08,73.0],[123.46,73.73],[125.08,73.81],[128.96,73.33],[128.74,72.92],[129.22,72.76],[128.74,72.53],[129.63,72.29],[128.31,71.97],[130.99,70.8],[132.46,71.97],[133.49,71.5],[139.7,71.58],[139.36,71.81],[139.8,72.21],[139.0,72.29],[141.34,72.92],[146.82,72.53],[145.13,71.74],[147.41,72.45],[149.62,72.29],[150.1,71.97],[148.95,71.74],[151.81,71.42],[152.49,70.88],[155.5,71.19],[159.39,70.95],[160.15,70.64],[159.78,69.87],[160.89,69.64],[166.9,69.56],[168.17,69.87],[168.45,69.26],[170.75,68.88],[168.43,67.15],[168.24,65.96],[168.72,65.44],[176.57,65.15],[176.19,64.93],[176.38,64.71],[177.59,64.86],[177.46,64.35],[178.45,64.42],[178.89,63.91],[178.58,63.62],[179.76,62.83],[179.0,62.33],[177.06,62.62],[175.79,62.19],[170.67,62.83],[163.99,62.69],[163.19,62.47],[163.47,62.47],[163.07,61.9],[163.42,61.83],[163.0,61.55],[162.27,61.62],[160.17,60.63],[160.23,61.05],[159.67,60.98],[160.28,61.9],[157.38,61.76],[154.25,59.85],[154.14,59.5],[154.96,59.64],[155.12,59.22],[153.4,59.22],[152.85,58.88],[151.23,58.88],[152.05,59.29],[149.7,59.78],[148.61,59.22],[143.08,59.36],[135.2,54.95],[136.92,54.68],[136.68,53.87],[137.69,54.34],[137.32,54.07],[137.86,54.0],[137.28,53.53],[124.32,53.66],[119.45,53.12],[116.36,51.98],[111.73,52.05],[105.83,51.18],[103.33,51.11],[99.39,51.92],[98.68,52.38],[98.76,52.99],[95.91,53.6],[94.28,54.61],[92.68,54.68],[86.66,53.26],[84.45,56.8],[72.02,56.73],[69.73,55.91],[62.66,56.39],[61.92,55.91],[59.93,51.92],[57.96,51.65],[54.24,52.45],[52.58,52.32],[51.92,49.91],[52.11,46.94],[50.84,47.14],[47.57,45.76],[46.69,44.71],[47.34,43.99],[46.8,43.73],[46.19,44.25],[47.41,46.15],[47.25,46.55],[46.3,47.4],[43.77,48.32],[45.2,50.85],[45.2,51.51],[43.52,51.58],[41.37,50.71],[40.51,51.38],[39.66,51.38],[36.43,50.45],[35.43,51.38],[34.53,51.58],[34.03,50.65],[34.98,49.85],[32.33,49.45],[31.02,50.25],[30.02,50.31],[30.58,51.85],[31.66,52.18],[31.31,53.19],[32.63,53.33],[32.36,54.27],[31.09,54.41],[31.41,54.75],[30.88,55.7],[31.42,55.77],[31.44,56.39],[30.0,56.18],[29.88,56.52],[28.29,56.52],[28.48,57.14],[27.72,56.87],[27.8,57.35],[27.3,57.56],[27.98,57.9],[27.94,58.25],[27.48,58.18],[27.94,59.29],[30.08,59.16],[30.86,59.43],[30.66,59.78],[31.1,60.21],[31.82,60.14],[32.09,60.56],[32.17,60.91],[31.6,61.26],[32.14,62.47],[30.05,63.7],[30.55,64.28],[29.81,64.86],[30.31,65.81],[29.05,66.77],[29.94,67.67],[28.42,68.42],[28.63,68.95],[30.96,69.87],[32.31,70.02],[33.44,69.33],[36.13,69.26],[41.0,67.74],[41.39,67.15],[41.04,66.7],[38.68,66.03],[32.55,67.07],[33.0,66.55],[34.87,65.88],[34.44,65.37],[34.98,64.49],[37.39,63.91],[37.88,63.99],[37.89,64.35],[36.79,64.49],[36.36,65.0],[37.21,65.3],[38.21,64.79],[40.19,64.71],[39.54,65.37],[40.4,65.96],[41.96,66.55],[43.97,66.18],[44.37,67.0],[43.6,67.3],[44.17,68.27],[43.45,68.73],[45.88,68.57],[46.66,67.82],[44.93,67.44],[45.81,66.92],[47.37,66.92],[47.78,67.67],[53.28,69.03],[54.04,68.95],[53.87,68.42],[53.3,68.27],[58.39,69.03],[59.09,69.03],[59.4,68.88],[59.24,68.42],[59.74,68.42],[60.7,68.88],[60.09,69.72],[58.34,70.18],[59.07,70.57],[60.54,69.79],[63.93,69.72],[68.49,68.27],[68.95,68.95],[66.6,69.64],[67.17,70.18],[67.19,70.8],[66.53,71.03],[68.11,71.66],[69.36,73.0],[71.78,73.0],[72.98,72.69],[71.81,71.5],[72.89,71.03],[72.5,69.03],[73.63,68.65],[73.07,67.74],[71.52,66.62],[70.4,66.4],[72.1,66.33],[74.65,67.74],[74.2,68.35],[74.59,68.88],[76.47,69.11],[77.31,68.65],[77.25,68.05],[77.88,68.35],[77.59,68.88],[76.63,69.18],[73.66,69.11],[73.41,69.72],[74.22,70.64],[72.89,71.42],[74.87,72.21],[74.86,72.92],[75.77,72.53],[75.27,71.81],[75.4,71.34],[77.19,71.27],[75.85,71.89],[77.23,72.05],[76.71,72.29],[77.48,72.69],[82.52,71.81],[82.13,72.29],[80.47,72.53],[80.55,73.16],[80.18,73.33],[80.89,73.73],[86.9,73.89],[87.0,74.46],[86.46,74.46],[86.73,74.71],[89.01,75.54],[93.58,75.87],[94.14,76.21],[97.65,76.04],[100.8,76.55],[101.49,77.24],[103.41,77.76],[106.29,77.58],[105.16,77.15],[106.07,77.24],[105.8,77.06],[107.59,77.06]]],[[[35.5,65.0],[35.46,65.22],[36.13,65.22],[35.5,65.0]]],[[[48.24,69.41],[48.61,69.56],[50.32,69.33],[49.7,68.88],[48.37,68.8],[48.24,69.41]]]]}},{"type":"Feature","properties":{"n":"Haudenosaunee","f":1677,"t":1682,"w":"Q68518"},"geometry":{"type":"MultiPolygon","coordinates":[[[[-79.99,38.48],[-79.91,38.48],[-79.88,38.42],[-79.99,38.48]]],[[[-79.87,38.74],[-79.79,38.74],[-79.76,38.67],[-79.87,38.74]]],[[[-79.7,43.21],[-76.76,43.28],[-76.17,43.54],[-76.14,44.12],[-75.46,44.84],[-74.51,45.37],[-73.47,45.24],[-73.53,43.73],[-75.47,42.11],[-74.7,41.33],[-75.2,40.68],[-74.82,40.16],[-75.38,40.55],[-75.83,39.77],[-77.52,39.13],[-77.48,38.48],[-78.45,38.74],[-78.94,38.03],[-79.83,38.29],[-79.46,39.26],[-80.16,39.06],[-80.49,39.45],[-81.85,39.32],[-82.78,38.42],[-84.8,39.06],[-84.11,40.42],[-85.02,40.81],[-86.5,40.61],[-86.34,41.52],[-86.95,41.33],[-87.65,41.46],[-87.59,41.78],[-86.76,41.72],[-86.18,42.43],[-86.49,43.99],[-86.04,44.91],[-85.35,44.97],[-84.91,45.76],[-83.5,45.3],[-83.35,44.45],[-84.08,43.86],[-83.53,43.6],[-82.89,44.06],[-82.49,43.02],[-81.7,43.34],[-81.73,43.99],[-81.24,44.58],[-81.48,45.17],[-80.03,44.45],[-80.05,45.24],[-79.42,44.52],[-79.7,43.21]]],[[[-81.96,46.02],[-81.56,45.76],[-82.19,45.56],[-83.35,46.02],[-81.96,46.02]]]]}},{"type":"Feature","properties":{"n":"French India","f":1677,"t":1720,"w":"Q646374"},"geometry":{"type":"MultiPolygon","coordinates":[[[[55.1,-21.25],[55.08,-20.99],[55.59,-20.86],[55.63,-21.44],[55.1,-21.25]]],[[[49.92,-16.94],[49.7,-17.07],[49.76,-16.75],[49.92,-16.94]]],[[[49.25,-18.16],[49.32,-15.59],[49.82,-15.27],[50.15,-15.98],[49.68,-15.46],[49.76,-16.75],[49.25,-18.16]]],[[[49.89,-15.27],[49.82,-15.27],[49.81,-15.21],[49.89,-15.27]]],[[[45.09,-13.02],[44.94,-13.02],[44.93,-12.7],[45.09,-13.02]]],[[[43.74,-12.25],[43.74,-12.44],[43.52,-12.38],[43.74,-12.25]]],[[[44.48,-12.44],[44.18,-12.19],[44.47,-12.19],[44.48,-12.44]]],[[[43.34,-11.35],[43.36,-11.93],[43.14,-11.86],[43.34,-11.35]]],[[[79.87,11.79],[79.72,11.79],[79.81,11.92],[79.87,11.79]]],[[[88.49,22.59],[88.34,22.59],[88.44,22.79],[88.49,22.59]]]]}},{"type":"Feature","properties":{"n":"Portuguese Colonies","f":1677,"t":1682,"w":"Q200464"},"geometry":{"type":"MultiPolygon","coordinates":[[[[124.26,-9.49],[123.81,-9.36],[123.94,-9.23],[124.38,-9.16],[124.26,-9.49]]],[[[124.71,-8.84],[125.2,-8.52],[127.23,-8.39],[124.92,-9.55],[124.71,-8.84]]],[[[122.66,-8.71],[122.29,-8.65],[122.82,-8.07],[122.66,-8.71]]],[[[79.87,10.83],[79.86,10.73],[79.85,10.82],[79.87,10.83]]],[[[74.1,15.52],[74.52,15.26],[74.55,14.81],[74.24,14.62],[73.86,15.26],[74.1,15.52]]],[[[73.03,19.38],[73.1,19.38],[73.09,19.25],[73.03,19.38]]],[[[73.18,20.09],[72.89,20.15],[73.12,20.21],[73.18,20.09]]],[[[113.42,22.14],[113.54,22.4],[113.69,22.4],[113.42,22.14]]]]}},{"type":"Feature","properties":{"n":"Golden Horde","f":1677,"t":1682,"w":"Q79965"},"geometry":{"type":"Polygon","coordinates":[[[120.63,53.19],[119.9,52.65],[120.53,52.59],[120.67,52.05],[119.65,51.11],[119.28,50.11],[117.83,49.52],[116.68,49.78],[115.42,47.99],[117.31,47.73],[118.48,47.99],[119.94,46.87],[116.72,46.35],[115.88,45.56],[112.07,44.39],[111.89,43.67],[110.28,42.69],[106.86,42.3],[104.81,41.59],[101.56,42.56],[97.09,42.76],[97.21,41.85],[95.92,42.82],[92.94,43.47],[90.71,43.34],[90.18,42.89],[90.22,41.91],[86.75,42.56],[87.55,44.19],[90.69,45.69],[91.03,46.55],[90.17,47.8],[89.03,47.99],[88.06,48.52],[87.78,49.12],[86.52,49.58],[88.4,51.45],[91.52,53.6],[94.66,54.41],[95.91,53.6],[98.76,52.99],[98.68,52.38],[99.39,51.92],[103.33,51.11],[111.73,52.05],[116.36,51.98],[119.45,53.12],[120.63,53.19]]]}},{"type":"Feature","properties":{"n":"(Dutch Republic)","f":1677,"t":1682,"w":"Q170072"},"geometry":{"type":"MultiPolygon","coordinates":[[[[18.55,-34.11],[18.17,-34.36],[17.9,-33.14],[19.36,-33.34],[20.49,-34.49],[19.42,-34.82],[18.55,-34.11]]],[[[57.7,-20.35],[57.19,-20.54],[57.18,-20.35],[57.45,-19.96],[57.7,-20.35]]],[[[-2.6,4.91],[-2.52,5.11],[-2.3,5.11],[-2.6,4.91]]],[[[-1.5,5.04],[-1.8,4.85],[-1.57,5.3],[-1.21,5.11],[-1.5,5.04]]],[[[-0.92,5.43],[-0.85,5.17],[-1.06,5.17],[-0.92,5.43]]],[[[-0.4,5.81],[-0.26,5.81],[-0.19,5.49],[-0.4,5.81]]],[[[79.67,7.68],[79.77,8.19],[79.92,8.19],[79.67,7.68]]],[[[79.88,9.86],[80.79,9.29],[79.88,8.77],[79.88,9.86]]],[[[76.23,9.93],[76.45,9.99],[76.56,9.41],[76.26,9.35],[76.23,9.93]]],[[[75.59,11.34],[75.81,11.41],[75.93,10.96],[75.59,11.34]]],[[[75.29,12.31],[75.41,11.92],[75.27,11.92],[75.29,12.31]]],[[[80.21,12.44],[80.0,12.5],[80.09,12.76],[80.21,12.44]]],[[[80.38,13.46],[80.41,13.08],[80.13,13.21],[80.38,13.46]]],[[[5.04,44.19],[4.8,44.12],[4.88,44.25],[5.04,44.19]]],[[[4.01,51.25],[3.41,51.45],[3.75,51.45],[3.4,51.65],[4.22,52.18],[4.69,53.19],[5.06,52.65],[5.54,53.39],[7.18,53.26],[6.68,52.65],[6.94,52.38],[6.7,51.92],[4.01,51.25]]],[[[123.74,-9.36],[124.26,-9.49],[124.65,-8.91],[125.02,-9.04],[124.4,-10.19],[123.17,-10.39],[123.74,-9.36]]],[[[118.9,-8.26],[119.08,-8.78],[118.5,-8.84],[118.39,-8.26],[118.9,-8.26]]],[[[122.79,-8.59],[122.78,-8.46],[123.78,-8.2],[123.52,-8.59],[122.79,-8.59]]],[[[123.96,-8.59],[123.8,-8.39],[124.36,-8.14],[125.02,-8.2],[123.96,-8.59]]],[[[106.28,-7.43],[106.6,-6.53],[106.35,-5.95],[107.01,-6.01],[107.27,-6.79],[108.1,-7.3],[107.91,-7.81],[106.28,-7.43]]],[[[121.99,-5.37],[121.77,-5.44],[121.68,-5.11],[121.99,-5.37]]],[[[119.65,-5.31],[120.32,-5.56],[119.23,-5.5],[119.47,-4.54],[119.65,-5.31]]],[[[123.03,-4.41],[123.12,-4.73],[122.81,-5.69],[122.14,-5.44],[122.18,-4.79],[123.03,-4.41]]],[[[125.11,-1.71],[125.19,-1.9],[124.25,-2.03],[124.24,-1.64],[125.11,-1.71]]],[[[101.42,-3.12],[100.2,-0.87],[98.95,0.41],[99.67,0.29],[100.56,-0.74],[101.42,-3.12]]],[[[124.96,1.25],[124.61,1.51],[125.12,1.7],[124.96,1.25]]],[[[102.1,3.05],[102.67,2.73],[102.42,2.02],[101.72,2.54],[102.1,3.05]]],[[[80.31,7.42],[80.98,6.2],[81.67,6.84],[81.42,7.61],[81.65,7.87],[81.88,6.71],[81.26,6.14],[80.23,5.88],[79.72,7.29],[80.31,7.42]]],[[[81.09,8.32],[81.04,8.58],[81.26,8.64],[81.09,8.32]]],[[[88.37,22.79],[88.46,22.91],[88.6,22.85],[88.37,22.79]]],[[[130.95,-8.33],[130.59,-8.39],[130.86,-8.14],[130.95,-8.33]]],[[[127.66,-8.26],[127.64,-8.07],[127.79,-8.07],[127.66,-8.26]]],[[[129.46,-8.01],[129.44,-7.75],[129.74,-7.81],[129.46,-8.01]]],[[[126.4,-8.01],[125.67,-8.01],[125.71,-7.69],[126.51,-7.56],[126.4,-8.01]]],[[[131.0,-8.07],[130.97,-7.69],[131.58,-7.11],[131.0,-8.07]]],[[[130.81,-7.56],[130.87,-7.36],[131.02,-7.36],[130.81,-7.56]]],[[[128.38,-7.24],[128.37,-7.11],[128.59,-7.04],[128.38,-7.24]]],[[[134.53,-5.44],[134.68,-6.59],[133.97,-6.91],[134.18,-5.63],[134.53,-5.44]]],[[[132.52,-5.95],[132.5,-5.69],[132.95,-5.76],[132.52,-5.95]]],[[[133.07,-5.44],[133.01,-5.63],[132.86,-5.5],[133.07,-5.44]]],[[[128.24,-3.51],[128.25,-3.7],[127.81,-3.83],[128.24,-3.51]]],[[[127.15,-3.7],[126.65,-3.89],[125.91,-3.51],[125.89,-3.12],[127.06,-3.19],[127.15,-3.7]]],[[[127.71,-3.19],[128.28,-2.8],[129.66,-2.8],[130.79,-3.51],[130.73,-3.89],[129.76,-3.38],[127.71,-3.19]]],[[[126.01,-2.48],[125.26,-1.77],[126.14,-1.77],[126.01,-2.48]]]]}},{"type":"Feature","properties":{"n":"Polish-Lithuanian Commonwealth","f":1677,"t":1682,"w":"Q172107"},"geometry":{"type":"MultiPolygon","coordinates":[[[[20.45,49.18],[20.28,49.12],[20.29,49.25],[20.45,49.18]]],[[[27.21,57.56],[27.8,57.35],[27.72,56.87],[28.48,57.14],[28.29,56.52],[29.1,56.59],[29.14,56.32],[31.44,56.39],[31.42,55.77],[30.88,55.7],[31.41,54.75],[31.09,54.41],[32.58,54.0],[32.63,53.33],[31.31,53.19],[31.66,52.18],[30.58,51.85],[30.02,50.31],[31.02,50.25],[32.82,49.38],[30.73,48.72],[30.55,47.99],[29.55,47.93],[29.2,49.12],[27.46,49.25],[27.09,49.65],[25.25,48.85],[25.54,48.39],[24.99,47.8],[22.78,49.12],[18.88,49.45],[19.24,49.85],[19.03,50.58],[17.55,51.25],[17.32,51.71],[16.13,51.71],[15.49,52.65],[16.1,52.86],[16.4,53.8],[16.91,53.6],[17.62,54.0],[18.02,54.89],[18.46,54.89],[18.69,54.41],[20.83,54.07],[20.1,53.66],[19.45,54.21],[18.7,53.39],[19.74,53.46],[20.4,53.06],[22.42,53.6],[22.81,54.89],[20.84,56.18],[21.6,57.63],[22.52,57.83],[23.59,57.08],[23.47,56.8],[25.45,56.39],[26.53,56.59],[27.21,57.56]]]]}},{"type":"Feature","properties":{"n":"Dzungar Khanate","f":1677,"t":1682,"w":"Q1923401"},"geometry":{"type":"Polygon","coordinates":[[[86.75,42.56],[80.29,42.43],[75.78,39.32],[73.67,38.61],[73.69,39.45],[73.4,39.51],[73.82,41.07],[73.38,42.11],[74.33,43.41],[74.12,45.43],[74.88,46.35],[78.97,46.35],[80.55,48.26],[83.84,48.72],[85.22,49.65],[86.61,49.58],[87.78,49.12],[88.64,48.19],[90.17,47.8],[91.03,46.55],[90.69,45.69],[87.55,44.19],[86.75,42.56]]]}},{"type":"Feature","properties":{"n":"Kingdom of Spain","f":1677,"t":1682,"w":"Q29"},"geometry":{"type":"MultiPolygon","coordinates":[[[[1.27,38.8],[1.18,39.06],[1.65,39.13],[1.27,38.8]]],[[[3.3,39.32],[2.35,39.45],[2.88,39.97],[3.52,39.77],[3.3,39.32]]],[[[-1.69,43.34],[1.58,42.43],[3.09,42.5],[3.12,41.91],[0.7,40.94],[-0.2,39.97],[-0.31,39.13],[0.1,38.74],[-0.66,38.29],[-0.7,37.64],[-1.71,37.45],[-2.06,36.8],[-4.47,36.74],[-5.66,36.03],[-6.43,37.0],[-7.39,37.25],[-7.5,37.71],[-6.99,38.09],[-7.27,38.67],[-6.99,39.0],[-7.44,39.64],[-6.9,39.77],[-6.93,41.0],[-6.27,41.65],[-6.7,41.98],[-8.93,41.91],[-8.66,42.37],[-9.3,43.15],[-8.24,43.73],[-1.69,43.34]]],[[[3.83,39.9],[3.74,40.1],[4.22,40.1],[4.3,39.84],[3.83,39.9]]],[[[5.89,50.78],[6.4,50.51],[6.07,50.25],[6.59,49.98],[6.18,49.45],[4.83,49.85],[5.89,50.78]]],[[[4.34,51.45],[5.36,51.31],[4.49,49.98],[4.15,49.98],[3.16,51.45],[4.34,51.45]],[[4.38,50.51],[4.21,50.51],[4.14,50.31],[4.38,50.51]]],[[[15.94,41.39],[17.98,40.61],[18.35,39.9],[17.35,40.55],[16.62,40.29],[16.45,39.64],[17.14,39.06],[15.93,37.96],[15.39,38.16],[15.05,36.74],[12.49,37.71],[12.65,38.09],[14.6,38.03],[15.86,38.29],[16.27,38.74],[15.75,40.03],[13.79,41.13],[13.96,41.72],[13.01,42.04],[12.86,42.5],[13.99,42.95],[14.37,42.24],[16.11,41.78],[15.94,41.39]]],[[[9.59,39.13],[8.34,39.0],[8.15,40.94],[9.5,41.2],[9.82,40.36],[9.59,39.13]]],[[[11.18,42.56],[11.34,42.63],[11.34,42.43],[11.18,42.56]]],[[[10.21,42.69],[10.13,42.89],[10.46,42.89],[10.21,42.69]]],[[[10.86,43.08],[10.94,42.89],[10.7,42.95],[10.86,43.08]]],[[[9.32,45.17],[9.4,44.45],[8.34,45.1],[8.58,45.56],[7.92,45.96],[8.32,46.41],[8.9,45.89],[9.39,46.22],[9.31,45.69],[10.45,45.17],[9.32,45.17]]]]}},{"type":"Feature","properties":{"n":"Dutch Republic","f":1677,"t":1682,"w":"Q170072"},"geometry":{"type":"MultiPolygon","coordinates":[[[[57.7,-20.35],[57.19,-20.54],[57.18,-20.35],[57.45,-19.96],[57.7,-20.35]]],[[[118.9,-8.26],[119.08,-8.78],[118.5,-8.84],[118.39,-8.26],[118.9,-8.26]]],[[[106.28,-7.43],[106.6,-6.53],[106.35,-5.95],[107.01,-6.01],[107.27,-6.79],[108.1,-7.3],[107.91,-7.81],[106.28,-7.43]]],[[[121.99,-5.37],[121.77,-5.44],[121.68,-5.11],[121.99,-5.37]]],[[[119.47,-4.54],[119.65,-5.31],[120.32,-5.56],[119.53,-5.76],[119.47,-4.54]]],[[[123.03,-4.41],[123.12,-4.73],[122.81,-5.69],[122.14,-5.44],[122.18,-4.79],[123.03,-4.41]]],[[[101.42,-3.12],[100.2,-0.87],[98.95,0.41],[99.67,0.29],[100.56,-0.74],[101.42,-3.12]]],[[[102.1,3.05],[102.67,2.73],[102.42,2.02],[101.72,2.54],[102.1,3.05]]],[[[80.31,7.42],[80.98,6.2],[81.67,6.84],[81.42,7.61],[81.65,7.87],[81.88,6.71],[81.26,6.14],[80.23,5.88],[79.72,7.36],[80.31,7.42]]],[[[79.88,7.61],[79.74,7.61],[79.62,8.06],[79.92,8.19],[79.88,7.61]]],[[[81.09,8.32],[81.04,8.58],[81.26,8.64],[81.09,8.32]]],[[[79.88,9.86],[80.79,9.29],[79.88,8.77],[79.88,9.86]]],[[[76.56,9.41],[76.26,9.35],[76.21,9.67],[76.56,9.41]]],[[[75.59,11.34],[75.81,11.41],[75.93,10.96],[75.59,11.34]]],[[[75.06,12.18],[75.29,12.31],[75.41,11.92],[75.06,12.18]]],[[[80.21,12.44],[80.0,12.5],[80.09,12.76],[80.21,12.44]]],[[[80.38,13.46],[80.41,13.08],[80.13,13.21],[80.38,13.46]]],[[[88.37,22.79],[88.46,22.91],[88.6,22.85],[88.37,22.79]]],[[[4.8,44.12],[4.88,44.25],[5.04,44.19],[4.8,44.12]]],[[[4.01,51.25],[3.41,51.45],[3.75,51.45],[3.4,51.65],[4.22,52.18],[4.69,53.19],[5.06,52.65],[5.54,53.39],[7.18,53.26],[6.68,52.65],[6.94,52.38],[6.7,51.92],[4.01,51.25]]],[[[123.74,-9.36],[124.26,-9.49],[124.65,-8.91],[125.02,-9.04],[124.61,-10.06],[123.17,-10.39],[123.74,-9.36]]],[[[123.16,-8.65],[122.79,-8.59],[122.91,-8.26],[123.78,-8.2],[123.16,-8.65]]],[[[123.96,-8.59],[123.8,-8.39],[124.36,-8.14],[125.02,-8.2],[123.96,-8.59]]],[[[130.95,-8.33],[130.59,-8.39],[130.86,-8.14],[130.95,-8.33]]],[[[127.66,-8.26],[127.64,-8.07],[127.79,-8.07],[127.66,-8.26]]],[[[129.76,-8.07],[129.46,-8.01],[129.44,-7.75],[129.76,-8.07]]],[[[126.4,-8.01],[125.67,-8.01],[125.71,-7.69],[126.51,-7.56],[126.4,-8.01]]],[[[130.97,-7.69],[131.58,-7.11],[131.55,-7.69],[131.22,-8.07],[130.97,-7.69]]],[[[130.81,-7.56],[130.87,-7.36],[131.02,-7.36],[130.81,-7.56]]],[[[128.38,-7.24],[128.37,-7.11],[128.59,-7.04],[128.38,-7.24]]],[[[134.53,-5.44],[134.68,-6.59],[133.97,-6.91],[133.92,-6.14],[134.53,-5.44]]],[[[132.52,-5.95],[132.5,-5.69],[132.95,-5.76],[132.52,-5.95]]],[[[133.07,-5.44],[133.01,-5.63],[132.86,-5.5],[133.07,-5.44]]],[[[128.24,-3.51],[128.25,-3.7],[127.81,-3.83],[128.24,-3.51]]],[[[127.15,-3.7],[126.65,-3.89],[125.91,-3.51],[125.89,-3.12],[127.06,-3.19],[127.15,-3.7]]],[[[128.38,-3.51],[127.71,-3.19],[128.28,-2.8],[129.66,-2.8],[130.55,-3.12],[130.73,-3.89],[129.76,-3.38],[128.38,-3.51]]],[[[126.01,-2.48],[125.26,-1.77],[126.14,-1.77],[126.01,-2.48]]],[[[125.11,-1.71],[125.19,-1.9],[124.25,-2.03],[124.46,-1.64],[125.11,-1.71]]],[[[124.96,1.25],[124.61,1.51],[125.12,1.7],[124.96,1.25]]]]}},{"type":"Feature","properties":{"n":"Zaporozhian Cossacks","f":1677,"t":1682,"w":"Q1076173"},"geometry":{"type":"Polygon","coordinates":[[[39.25,48.99],[38.42,47.6],[36.95,47.2],[35.05,47.66],[33.8,47.07],[30.75,47.6],[30.55,47.99],[30.73,48.72],[34.98,49.85],[37.35,49.05],[39.25,48.99]]]}},{"type":"Feature","properties":{"n":"(Holy Roman Empire)","f":1677,"t":1682,"w":"Q12548"},"geometry":{"type":"MultiPolygon","coordinates":[[[[8.03,44.06],[8.11,44.52],[8.59,44.71],[8.03,44.06]]],[[[8.75,44.91],[8.51,44.91],[8.59,45.04],[8.75,44.91]]],[[[6.83,47.14],[7.08,46.94],[6.51,46.87],[6.83,47.14]]],[[[6.98,47.6],[6.99,47.47],[6.82,47.6],[6.98,47.6]]],[[[7.55,47.93],[7.89,47.66],[7.56,47.53],[7.55,47.93]]],[[[5.73,50.65],[5.9,50.38],[5.56,50.45],[5.73,50.65]]],[[[8.46,53.94],[8.81,53.87],[8.72,53.66],[8.46,53.94]]],[[[9.24,44.91],[9.32,45.17],[10.45,45.04],[10.62,45.43],[11.35,44.84],[10.62,43.8],[9.24,44.91]]],[[[9.54,47.2],[9.63,47.14],[9.46,47.14],[9.54,47.2]]],[[[13.0,47.53],[13.18,48.06],[13.74,47.07],[12.18,47.07],[12.51,47.66],[13.0,47.53]]],[[[13.36,48.99],[14.1,48.65],[13.85,48.46],[13.27,48.59],[13.36,48.99]]],[[[12.8,50.65],[12.63,50.65],[12.55,50.91],[12.8,50.65]]],[[[7.95,48.52],[7.45,48.79],[7.53,49.12],[6.69,49.18],[7.01,49.65],[6.35,49.58],[6.58,50.11],[6.07,50.25],[6.4,50.51],[6.07,50.45],[5.7,51.51],[5.94,51.78],[6.88,51.45],[6.45,51.85],[6.95,52.25],[6.68,52.65],[7.18,53.33],[6.91,53.6],[7.94,53.73],[7.61,53.12],[8.13,52.79],[8.64,53.12],[8.82,52.79],[10.79,54.27],[11.48,53.8],[11.4,54.14],[12.44,54.41],[13.12,53.66],[13.55,53.8],[13.2,53.33],[11.74,53.6],[11.13,53.26],[11.39,53.06],[10.79,52.99],[11.13,52.38],[12.33,52.79],[12.4,51.71],[11.63,51.25],[10.61,51.38],[10.19,51.11],[11.88,50.98],[12.05,51.31],[12.55,50.91],[11.79,50.85],[12.21,50.78],[12.12,50.18],[11.2,49.78],[11.28,49.12],[10.94,48.85],[10.03,49.12],[10.53,48.26],[10.12,48.06],[10.53,48.19],[10.69,47.73],[10.37,47.33],[9.04,47.73],[9.29,47.99],[8.22,47.66],[8.21,47.99],[8.21,48.26],[7.71,48.32],[7.95,48.52]],[[8.46,47.99],[8.38,48.13],[8.21,47.99],[8.46,47.99]],[[11.38,51.51],[11.46,51.65],[10.95,51.71],[10.87,51.45],[11.38,51.51]],[[10.2,48.46],[10.11,48.46],[10.11,48.32],[10.2,48.46]],[[9.95,48.46],[9.45,48.46],[9.45,48.19],[9.95,48.46]],[[9.54,47.86],[9.54,47.99],[9.37,47.93],[9.54,47.86]],[[9.37,48.26],[9.37,48.46],[9.2,48.32],[9.37,48.26]],[[8.71,48.19],[8.79,48.32],[8.54,48.32],[8.71,48.19]],[[9.04,48.19],[9.04,48.26],[8.87,48.32],[9.04,48.19]],[[8.91,52.12],[8.91,52.52],[8.14,52.59],[7.98,51.98],[8.91,52.12]],[[8.71,47.99],[8.63,47.99],[8.79,47.86],[8.71,47.99]],[[8.62,48.65],[8.53,48.59],[8.62,48.52],[8.62,48.65]],[[8.45,48.39],[8.21,48.39],[8.29,48.32],[8.45,48.39]],[[8.29,48.59],[8.37,48.46],[8.45,48.59],[8.29,48.59]],[[7.8,52.18],[7.71,52.52],[7.28,52.59],[7.8,52.18]],[[7.23,51.18],[7.64,51.51],[7.56,51.65],[7.05,51.58],[7.23,51.18]]],[[[9.93,54.55],[10.19,54.55],[10.1,54.21],[9.75,54.14],[9.93,54.55]]],[[[9.4,54.82],[9.58,54.55],[8.8,54.14],[8.71,54.61],[9.4,54.82]]],[[[9.75,55.57],[8.53,54.89],[8.79,55.77],[9.75,55.57]]]]}},{"type":"Feature","properties":{"n":"(Kingdom of France)","f":1677,"t":1682,"w":"Q207162"},"geometry":{"type":"MultiPolygon","coordinates":[[[[-54.27,5.24],[-54.06,5.75],[-52.89,5.49],[-51.71,4.53],[-51.77,3.95],[-54.27,5.24]]],[[[-61.57,12.24],[-61.55,11.99],[-61.78,12.05],[-61.57,12.24]]],[[[-60.8,13.72],[-60.94,13.66],[-61.04,14.04],[-60.8,13.72]]],[[[-61.08,14.49],[-61.19,14.88],[-60.81,14.75],[-60.78,14.43],[-61.08,14.49]]],[[[-61.35,16.49],[-61.17,16.23],[-61.58,15.91],[-61.77,16.29],[-61.35,16.49]]],[[[-64.73,17.71],[-64.73,17.77],[-64.66,17.77],[-64.73,17.71]]],[[[-64.89,17.84],[-64.74,17.84],[-64.73,17.77],[-64.89,17.84]]],[[[-62.93,18.09],[-63.08,18.16],[-62.95,18.29],[-62.93,18.09]]],[[[-73.92,18.03],[-74.44,18.61],[-72.3,18.61],[-72.79,19.51],[-73.41,19.64],[-72.64,19.96],[-72.1,19.83],[-72.51,19.57],[-72.0,18.54],[-73.92,18.03]]],[[[-88.01,44.39],[-88.32,44.65],[-88.16,44.78],[-87.76,44.52],[-88.01,44.39]]],[[[-64.65,44.97],[-65.49,44.52],[-65.67,44.91],[-64.63,45.3],[-66.35,45.5],[-64.56,46.22],[-64.13,45.63],[-63.09,45.3],[-64.07,44.78],[-64.65,44.97]]],[[[-73.67,45.63],[-73.3,45.24],[-74.51,45.37],[-75.46,44.84],[-75.77,44.19],[-76.71,44.45],[-75.36,45.76],[-73.65,46.55],[-71.58,47.14],[-70.59,46.81],[-73.67,45.63]]],[[[-84.76,46.48],[-84.47,46.41],[-84.81,46.28],[-84.76,46.48]]],[[[-53.67,47.2],[-54.08,47.2],[-54.02,47.66],[-53.67,47.2]]],[[[-53.72,47.53],[-53.75,47.6],[-53.67,47.6],[-53.72,47.53]]],[[[55.1,-21.25],[55.22,-20.86],[55.77,-21.31],[55.1,-21.25]]],[[[49.76,-16.75],[49.9,-16.75],[49.92,-16.94],[49.76,-16.75]]],[[[49.25,-18.16],[49.32,-15.59],[49.82,-15.27],[50.15,-15.98],[49.68,-15.46],[49.25,-18.16]]],[[[49.82,-15.27],[49.81,-15.21],[49.89,-15.21],[49.82,-15.27]]],[[[44.94,-13.02],[44.93,-12.7],[45.15,-12.76],[44.94,-13.02]]],[[[43.52,-12.38],[43.52,-12.25],[43.74,-12.25],[43.52,-12.38]]],[[[44.33,-12.44],[44.18,-12.19],[44.47,-12.19],[44.33,-12.44]]],[[[43.36,-11.93],[43.06,-11.61],[43.34,-11.35],[43.36,-11.93]]],[[[79.87,11.79],[79.72,11.79],[79.81,11.92],[79.87,11.79]]],[[[-17.16,14.62],[-17.45,14.69],[-17.39,14.88],[-17.16,14.62]]],[[[-16.24,15.78],[-16.6,15.65],[-16.47,16.16],[-16.24,15.78]]],[[[88.49,22.59],[88.34,22.59],[88.44,22.79],[88.49,22.59]]],[[[7.01,49.65],[6.69,49.18],[7.53,49.12],[7.79,48.59],[7.56,47.6],[6.82,47.6],[6.99,47.27],[5.48,45.56],[6.64,44.84],[6.81,44.32],[6.42,44.06],[6.91,43.54],[5.8,43.15],[3.85,43.6],[2.98,43.15],[3.09,42.5],[2.46,42.37],[-1.43,43.08],[-1.69,43.41],[-1.03,45.5],[-1.25,46.28],[-2.01,46.61],[-2.58,47.47],[-4.42,47.8],[-4.89,48.32],[-4.6,48.72],[-3.46,48.92],[-1.6,48.65],[-2.03,49.78],[0.01,49.38],[0.22,49.85],[1.45,50.25],[1.66,51.05],[3.07,51.38],[4.15,49.98],[4.49,49.98],[5.68,51.92],[5.97,50.78],[4.82,50.11],[5.51,49.52],[7.01,49.65]]],[[[4.14,50.31],[4.21,50.51],[4.38,50.51],[4.14,50.31]]]]}},{"type":"Feature","properties":{"n":"(Spanish Empire)","f":1677,"t":1682,"w":"Q80702"},"geometry":{"type":"MultiPolygon","coordinates":[[[[-73.65,-42.83],[-74.1,-42.76],[-74.03,-42.44],[-73.46,-42.24],[-73.65,-42.83]]],[[[-73.9,-40.17],[-73.37,-39.46],[-73.0,-39.72],[-73.9,-40.17]]],[[[-75.34,-10.77],[-75.27,-10.77],[-75.27,-10.84],[-75.34,-10.77]]],[[[-104.74,27.03],[-102.71,26.52],[-101.55,26.9],[-100.66,26.71],[-99.97,25.81],[-99.47,24.07],[-97.72,22.53],[-96.25,19.44],[-95.77,18.8],[-94.48,18.22],[-92.5,18.74],[-91.3,18.61],[-89.98,21.31],[-86.75,21.5],[-87.7,18.29],[-87.99,18.74],[-89.17,17.77],[-90.57,17.77],[-90.6,16.55],[-90.38,16.04],[-89.54,15.84],[-85.67,16.04],[-83.93,15.71],[-83.83,15.46],[-84.34,15.46],[-83.61,14.3],[-84.11,11.09],[-83.58,10.96],[-82.06,8.96],[-81.03,8.84],[-79.69,9.61],[-78.96,9.61],[-77.99,9.29],[-76.83,8.19],[-76.93,8.64],[-75.66,9.48],[-75.58,10.51],[-74.96,11.15],[-74.36,10.89],[-74.17,11.34],[-73.15,11.41],[-71.84,12.44],[-71.1,12.31],[-71.28,11.79],[-71.92,11.6],[-71.65,10.83],[-69.66,11.66],[-68.46,11.34],[-68.19,10.51],[-66.37,10.7],[-65.09,10.06],[-64.03,10.7],[-61.91,10.76],[-62.84,10.38],[-62.3,9.8],[-61.95,9.99],[-60.83,9.54],[-61.15,8.58],[-64.71,8.06],[-65.12,7.55],[-65.87,7.87],[-67.01,7.16],[-67.06,6.65],[-69.96,6.2],[-73.64,4.59],[-75.79,2.21],[-76.3,1.31],[-76.81,0.41],[-76.74,0.22],[-76.96,0.09],[-77.87,-3.25],[-77.85,-4.92],[-77.5,-6.85],[-76.34,-8.39],[-75.17,-11.35],[-73.87,-12.44],[-71.88,-13.15],[-70.67,-12.76],[-68.37,-13.28],[-65.67,-14.89],[-63.8,-15.34],[-62.59,-16.36],[-63.18,-20.61],[-64.19,-23.63],[-64.07,-24.79],[-63.27,-26.2],[-61.05,-26.78],[-59.61,-26.72],[-58.85,-26.27],[-57.5,-24.34],[-57.0,-24.47],[-58.43,-26.84],[-58.75,-30.32],[-58.27,-30.89],[-58.56,-32.76],[-58.25,-33.34],[-58.55,-34.49],[-60.29,-33.79],[-63.06,-34.62],[-64.35,-34.3],[-67.86,-34.43],[-70.36,-35.27],[-70.7,-36.3],[-71.2,-36.62],[-71.35,-37.91],[-73.34,-36.94],[-71.63,-32.69],[-71.94,-30.83],[-70.57,-25.17],[-70.53,-23.63],[-70.81,-23.5],[-70.27,-21.96],[-70.26,-19.84],[-70.44,-18.42],[-71.62,-17.33],[-75.22,-15.53],[-76.08,-14.69],[-76.46,-14.18],[-76.38,-13.41],[-77.8,-11.35],[-78.98,-8.46],[-79.98,-6.91],[-81.33,-6.14],[-81.01,-5.63],[-81.47,-4.41],[-80.05,-3.12],[-81.12,-2.29],[-81.03,-0.94],[-80.16,0.22],[-80.23,0.86],[-79.06,1.25],[-78.78,2.34],[-77.91,2.6],[-77.26,3.63],[-77.56,4.08],[-77.41,6.52],[-78.5,7.94],[-78.23,8.45],[-79.64,8.9],[-80.41,8.26],[-80.0,7.42],[-80.94,7.16],[-81.05,7.87],[-81.47,7.61],[-81.94,8.19],[-83.71,8.45],[-83.67,9.09],[-84.83,9.99],[-85.24,9.61],[-85.78,9.99],[-85.72,11.09],[-87.55,12.69],[-87.47,13.34],[-88.85,13.21],[-91.35,13.91],[-94.77,16.36],[-96.21,15.65],[-97.72,15.91],[-101.11,17.26],[-101.9,17.96],[-103.19,18.16],[-105.05,19.38],[-105.54,20.02],[-105.13,21.31],[-105.7,22.59],[-108.04,24.91],[-106.11,23.75],[-106.44,25.36],[-105.47,25.94],[-106.58,27.16],[-105.88,27.8],[-106.84,29.09],[-106.77,31.85],[-106.18,31.53],[-106.23,28.83],[-104.74,27.03]]],[[[-76.3,1.31],[-76.22,1.31],[-76.22,1.25],[-76.3,1.31]]],[[[-75.14,2.92],[-75.07,2.92],[-75.07,2.86],[-75.14,2.92]]],[[[-81.9,7.36],[-81.91,7.61],[-81.7,7.68],[-81.9,7.36]]],[[[-79.03,8.32],[-78.96,8.45],[-78.81,8.45],[-79.03,8.32]]],[[[-61.0,10.06],[-61.73,10.06],[-61.55,10.83],[-60.89,10.83],[-61.0,10.06]]],[[[-64.04,10.83],[-64.35,11.09],[-63.84,11.21],[-64.04,10.83]]],[[[-69.73,11.66],[-70.24,11.6],[-70.28,12.11],[-69.85,12.24],[-69.73,11.66]]],[[[-67.12,17.96],[-67.26,18.48],[-66.16,18.54],[-65.52,18.16],[-67.12,17.96]]],[[[-68.56,18.22],[-70.72,18.35],[-71.28,17.58],[-72.18,18.22],[-72.0,18.54],[-72.51,19.57],[-70.78,19.96],[-69.08,19.38],[-69.49,19.12],[-68.24,18.67],[-68.56,18.22]]],[[[-86.7,20.34],[-86.99,20.28],[-87.02,20.47],[-86.67,20.6],[-86.7,20.34]]],[[[-74.07,20.15],[-77.65,19.83],[-77.19,20.66],[-78.24,20.79],[-78.66,21.56],[-82.05,22.27],[-81.74,22.66],[-84.8,21.82],[-84.0,22.79],[-82.29,23.24],[-80.57,23.17],[-74.07,20.15]]],[[[-82.5,21.44],[-82.95,21.44],[-83.04,21.95],[-82.66,21.95],[-82.5,21.44]]],[[[-78.6,22.53],[-78.23,22.59],[-78.2,22.4],[-78.6,22.53]]],[[[-17.85,27.87],[-17.9,27.61],[-18.06,27.67],[-17.85,27.87]]],[[[-17.35,28.19],[-17.12,28.25],[-17.03,28.06],[-17.35,28.19]]],[[[-17.71,28.89],[-17.67,28.51],[-17.9,28.51],[-17.71,28.89]]],[[[-83.84,30.05],[-84.88,29.73],[-85.67,31.01],[-81.97,30.37],[-81.87,31.27],[-81.21,31.59],[-81.44,30.89],[-80.55,28.57],[-81.94,28.12],[-83.84,30.05]]],[[[-106.36,36.48],[-105.19,35.19],[-105.62,34.81],[-106.35,34.87],[-106.93,35.9],[-106.36,36.48]]],[[[120.0,10.51],[118.85,9.93],[118.73,10.19],[119.19,10.44],[119.34,11.15],[120.0,10.51]]],[[[119.85,11.79],[119.87,11.92],[120.09,11.92],[119.85,11.79]]],[[[119.84,12.31],[120.34,12.18],[120.32,11.99],[119.84,12.31]]],[[[120.1,13.72],[120.12,13.85],[120.27,13.85],[120.1,13.72]]],[[[-15.73,27.74],[-15.76,28.19],[-15.3,28.12],[-15.73,27.74]]],[[[-16.91,28.38],[-16.09,28.57],[-16.36,28.06],[-16.65,27.93],[-16.91,28.38]]],[[[-13.77,28.77],[-13.81,28.25],[-14.32,28.06],[-13.77,28.77]]],[[[-13.65,29.22],[-13.42,29.22],[-13.47,28.89],[-13.86,28.96],[-13.65,29.22]]],[[[-2.99,35.45],[-2.84,35.45],[-2.83,35.26],[-2.99,35.45]]],[[[-0.53,35.71],[-0.45,35.58],[-0.91,35.52],[-0.53,35.71]]],[[[-5.57,35.84],[-5.34,35.84],[-5.33,35.77],[-5.57,35.84]]],[[[1.65,39.13],[1.66,39.0],[1.27,38.8],[1.18,39.06],[1.65,39.13]]],[[[2.34,39.64],[2.88,39.97],[3.52,39.77],[3.3,39.32],[2.34,39.64]]],[[[18.44,40.1],[18.11,39.9],[17.35,40.55],[16.62,40.29],[16.45,39.64],[17.14,39.06],[15.93,37.96],[15.39,38.16],[15.05,36.74],[12.49,37.71],[12.65,38.09],[14.6,38.03],[15.86,38.29],[16.27,38.74],[15.75,40.03],[13.79,41.13],[13.96,41.72],[13.01,42.04],[12.86,42.5],[13.99,42.95],[14.37,42.24],[16.12,41.91],[15.94,41.39],[18.44,40.1]]],[[[0.04,42.69],[3.09,42.5],[3.12,41.91],[0.7,40.94],[-0.2,39.97],[-0.31,39.13],[0.1,38.74],[-0.66,38.29],[-0.7,37.64],[-1.71,37.45],[-2.06,36.8],[-4.47,36.74],[-5.66,36.03],[-6.06,36.22],[-6.43,37.0],[-7.39,37.25],[-7.5,37.71],[-6.99,38.09],[-7.27,38.67],[-6.99,39.0],[-7.44,39.64],[-6.9,39.77],[-6.93,41.0],[-6.27,41.65],[-6.7,41.98],[-8.93,41.91],[-8.66,42.37],[-9.3,43.15],[-8.24,43.73],[-1.69,43.34],[0.04,42.69]]],[[[4.22,40.1],[4.3,39.84],[3.83,39.9],[4.22,40.1]]],[[[9.59,39.13],[8.34,39.0],[8.15,40.94],[9.5,41.2],[9.59,39.13]]],[[[11.34,42.43],[11.18,42.5],[11.18,42.56],[11.34,42.43]]],[[[10.46,42.89],[10.46,42.69],[10.21,42.69],[10.46,42.89]]],[[[10.86,43.08],[10.94,42.89],[10.7,42.95],[10.86,43.08]]],[[[9.32,45.17],[9.4,44.45],[8.34,45.1],[8.58,45.56],[7.92,45.96],[8.32,46.41],[8.9,45.89],[9.39,46.22],[9.31,45.69],[10.45,45.17],[9.32,45.17]]],[[[6.58,50.11],[6.18,49.45],[4.83,49.85],[5.9,50.38],[5.73,50.65],[6.58,50.11]]],[[[5.36,51.31],[5.06,50.45],[4.15,49.98],[3.16,51.45],[5.36,51.31]],[[4.38,50.51],[4.21,50.51],[4.14,50.31],[4.38,50.51]]],[[[126.2,6.39],[125.83,7.23],[125.52,7.04],[125.65,5.88],[125.33,5.49],[125.15,6.01],[124.7,5.81],[124.0,6.26],[124.09,7.42],[123.68,7.74],[122.76,7.23],[122.59,7.74],[122.23,6.97],[121.8,6.97],[122.1,8.0],[123.34,8.77],[124.09,8.19],[124.82,9.03],[125.48,9.03],[125.42,9.86],[126.24,9.29],[126.59,7.61],[126.2,6.39]]],[[[124.55,9.22],[124.77,9.29],[124.82,9.03],[124.55,9.22]]],[[[123.58,9.03],[123.44,9.09],[123.54,9.35],[123.58,9.03]]],[[[125.92,9.74],[125.97,9.54],[125.83,9.61],[125.92,9.74]]],[[[126.06,9.67],[125.92,9.74],[125.94,9.99],[126.06,9.67]]],[[[124.5,10.19],[124.62,9.93],[123.78,9.54],[123.74,9.86],[124.5,10.19]]],[[[122.81,10.12],[122.9,10.89],[123.56,10.96],[123.15,9.8],[123.22,9.03],[122.33,9.67],[122.81,10.12]]],[[[125.47,10.38],[125.7,10.44],[125.71,9.86],[125.47,10.38]]],[[[123.6,9.99],[123.48,9.48],[123.26,9.48],[124.11,11.28],[124.0,10.25],[123.6,9.99]]],[[[121.93,11.99],[123.12,11.54],[122.62,10.38],[121.9,10.44],[121.93,11.99]]],[[[125.24,10.25],[124.92,9.99],[124.25,11.21],[124.31,11.73],[124.71,11.34],[124.97,11.73],[124.27,12.56],[125.55,12.24],[125.77,11.02],[125.06,11.21],[125.24,10.25]]],[[[123.73,12.31],[124.09,11.73],[123.17,11.99],[123.24,12.5],[123.77,12.63],[123.73,12.31]]],[[[121.9,12.37],[122.13,12.44],[122.09,12.11],[121.9,12.37]]],[[[122.69,12.24],[122.41,12.37],[122.51,12.56],[122.69,12.24]]],[[[121.99,12.5],[122.02,12.69],[122.24,12.69],[121.99,12.5]]],[[[120.74,13.59],[121.44,13.34],[121.29,12.18],[120.34,13.34],[120.74,13.59]]],[[[122.2,13.53],[122.16,13.21],[121.86,13.21],[121.75,13.46],[122.2,13.53]]],[[[144.84,13.34],[144.61,13.27],[144.65,13.53],[144.97,13.66],[144.84,13.34]]],[[[124.11,13.53],[124.12,14.11],[124.47,13.98],[124.11,13.53]]],[[[122.13,15.01],[122.07,14.62],[121.86,14.69],[122.13,15.01]]],[[[121.49,15.14],[121.84,14.11],[122.76,14.36],[123.12,13.79],[123.24,14.11],[123.87,13.91],[123.61,13.59],[124.14,13.21],[124.12,12.5],[123.45,13.01],[123.06,12.82],[123.27,13.27],[122.69,13.85],[122.74,13.21],[121.82,13.91],[121.4,13.59],[120.62,13.79],[120.97,14.62],[120.35,14.43],[119.73,16.1],[120.01,16.42],[120.4,16.1],[120.61,18.54],[122.39,18.54],[122.22,17.64],[122.64,17.13],[121.49,15.14]]]]}},{"type":"Feature","properties":{"n":"Kingdom of France","f":1677,"t":1682,"w":"Q207162"},"geometry":{"type":"MultiPolygon","coordinates":[[[[4.83,49.85],[5.51,49.52],[7.01,49.65],[6.69,49.18],[7.53,49.12],[7.79,48.59],[7.56,47.6],[6.82,47.6],[6.99,47.27],[5.48,45.56],[6.64,44.84],[6.81,44.32],[6.42,44.06],[6.91,43.54],[5.8,43.15],[3.85,43.6],[2.98,43.15],[3.09,42.5],[2.46,42.37],[-1.43,43.08],[-1.69,43.41],[-1.03,45.5],[-1.25,46.28],[-2.01,46.61],[-2.58,47.47],[-4.42,47.8],[-4.89,48.32],[-4.6,48.72],[-3.46,48.92],[-1.6,48.65],[-2.03,49.78],[0.01,49.38],[0.22,49.85],[1.45,50.25],[1.66,51.05],[3.07,51.38],[4.15,49.98],[4.49,49.98],[5.68,51.92],[5.97,50.78],[4.83,49.85]]],[[[4.21,50.51],[4.38,50.51],[4.39,50.31],[4.21,50.51]]]]}},{"type":"Feature","properties":{"n":"Qing Dynasty","f":1677,"t":1682,"w":"Q8733"},"geometry":{"type":"MultiPolygon","coordinates":[[[[108.76,18.41],[108.7,19.38],[109.25,19.96],[110.91,20.15],[111.03,19.57],[110.18,18.48],[108.76,18.41]]],[[[122.28,29.99],[121.98,29.99],[122.05,30.18],[122.28,29.99]]],[[[127.28,52.12],[127.87,51.92],[135.31,51.78],[138.16,51.92],[140.8,53.6],[141.46,53.33],[141.15,52.52],[141.56,52.25],[140.65,51.25],[140.25,48.59],[135.28,43.6],[133.27,42.69],[131.91,43.28],[130.77,42.43],[129.84,42.95],[129.7,42.5],[128.07,41.98],[128.34,41.65],[128.1,41.39],[126.83,41.78],[124.23,39.84],[122.94,39.64],[121.42,38.74],[121.03,38.74],[121.69,39.38],[121.21,39.51],[122.23,40.48],[121.82,40.87],[121.11,40.87],[119.22,39.32],[117.89,39.19],[117.6,38.48],[119.46,37.96],[119.16,37.19],[120.75,37.9],[122.71,37.45],[122.39,36.8],[120.98,36.61],[119.23,34.81],[120.34,34.36],[120.92,32.62],[121.96,31.98],[121.58,31.4],[121.9,30.82],[120.68,30.18],[121.48,30.31],[122.03,29.92],[122.0,29.41],[121.71,29.22],[121.59,29.54],[121.65,28.32],[121.12,28.32],[120.68,27.61],[119.53,27.8],[119.13,27.48],[118.78,28.57],[117.67,28.38],[116.8,27.22],[115.91,24.52],[114.55,24.46],[115.09,25.23],[114.36,25.29],[113.95,28.06],[114.93,29.28],[114.19,30.5],[113.12,30.24],[111.16,30.76],[109.35,29.6],[108.66,30.31],[108.86,31.14],[110.16,31.4],[110.61,32.04],[109.88,32.56],[108.1,33.14],[107.65,32.94],[107.48,33.33],[104.68,33.2],[104.59,34.04],[103.15,34.29],[102.85,34.74],[102.14,34.49],[101.91,33.84],[100.85,34.55],[102.03,34.61],[101.71,35.0],[102.92,36.35],[102.1,37.77],[101.7,37.58],[99.9,38.87],[100.97,40.23],[101.07,40.94],[97.21,41.85],[97.09,42.76],[101.56,42.56],[104.81,41.59],[106.86,42.3],[110.28,42.69],[111.89,43.67],[112.07,44.39],[115.88,45.56],[116.72,46.35],[119.94,46.87],[118.48,47.99],[117.31,47.73],[115.42,47.99],[116.68,49.78],[117.83,49.52],[119.28,50.11],[119.65,51.11],[120.67,52.05],[120.53,52.59],[119.9,52.65],[120.63,53.19],[125.96,53.66],[127.28,52.12]]]]}},{"type":"Feature","properties":{"n":"New France","f":1677,"t":1682,"w":"Q170604"},"geometry":{"type":"MultiPolygon","coordinates":[[[[-61.71,12.24],[-61.57,12.24],[-61.55,11.99],[-61.71,12.24]]],[[[-64.65,17.71],[-64.73,17.71],[-64.73,17.77],[-64.65,17.71]]],[[[-64.88,17.71],[-64.89,17.84],[-64.74,17.84],[-64.88,17.71]]],[[[-62.95,18.29],[-62.93,18.09],[-63.08,18.16],[-62.95,18.29]]],[[[-73.92,18.03],[-74.44,18.61],[-72.3,18.61],[-72.79,19.51],[-73.41,19.64],[-72.64,19.96],[-72.1,19.83],[-72.51,19.57],[-72.0,18.54],[-72.18,18.22],[-73.92,18.03]]],[[[-87.76,44.52],[-88.32,44.65],[-88.16,44.78],[-87.76,44.52]]],[[[-64.65,44.97],[-65.49,44.52],[-65.67,44.91],[-64.63,45.3],[-66.35,45.5],[-64.56,46.22],[-64.13,45.63],[-63.09,45.3],[-64.65,44.97]]],[[[-73.57,45.76],[-73.3,45.24],[-74.51,45.37],[-75.46,44.84],[-75.77,44.19],[-76.71,44.45],[-75.36,45.76],[-73.65,46.55],[-71.58,47.14],[-70.59,46.81],[-73.57,45.76]]],[[[-85.0,46.48],[-84.47,46.41],[-84.56,46.28],[-85.0,46.48]]],[[[-54.27,5.24],[-54.06,5.75],[-52.89,5.49],[-51.71,4.53],[-51.77,3.95],[-54.27,5.24]]],[[[-60.82,14.04],[-60.8,13.72],[-60.94,13.66],[-60.82,14.04]]],[[[-60.78,14.43],[-61.08,14.49],[-61.19,14.88],[-60.78,14.43]]],[[[-17.09,14.94],[-17.16,14.62],[-17.45,14.69],[-17.09,14.94]]],[[[-16.24,15.78],[-16.6,15.65],[-16.47,16.16],[-16.24,15.78]]],[[[-61.77,16.29],[-61.35,16.49],[-61.17,16.23],[-61.74,15.97],[-61.77,16.29]]],[[[-53.67,47.2],[-54.08,47.2],[-54.02,47.66],[-53.67,47.2]]],[[[-53.72,47.53],[-53.75,47.6],[-53.67,47.6],[-53.72,47.53]]]]}},{"type":"Feature","properties":{"n":"Portuguese Empire","f":1677,"t":1682,"w":"Q200464"},"geometry":{"type":"MultiPolygon","coordinates":[[[[-50.11,-29.16],[-50.18,-29.16],[-50.17,-29.09],[-50.11,-29.16]]],[[[-48.49,-0.23],[-48.93,-1.51],[-48.27,-0.74],[-47.4,-0.55],[-45.44,-1.64],[-44.93,-1.45],[-44.07,-2.54],[-43.19,-2.35],[-42.32,-2.8],[-39.42,-3.12],[-37.26,-4.86],[-35.37,-5.31],[-34.84,-7.49],[-35.41,-9.36],[-37.24,-11.09],[-38.13,-12.83],[-39.03,-13.28],[-39.28,-17.78],[-41.14,-22.15],[-41.91,-22.41],[-42.12,-22.99],[-44.74,-23.05],[-44.7,-23.37],[-45.48,-23.69],[-45.37,-24.02],[-46.09,-23.82],[-48.69,-25.49],[-48.8,-26.72],[-48.45,-27.42],[-48.88,-28.64],[-49.74,-29.22],[-50.35,-30.44],[-51.25,-30.38],[-52.2,-31.66],[-51.72,-31.92],[-52.55,-32.56],[-52.9,-31.73],[-52.01,-31.15],[-51.69,-29.93],[-50.56,-29.99],[-49.18,-28.19],[-49.05,-25.88],[-49.92,-25.17],[-48.9,-22.99],[-45.61,-22.86],[-43.38,-22.21],[-42.32,-21.25],[-41.15,-18.94],[-40.76,-17.01],[-40.02,-15.91],[-39.53,-11.67],[-38.46,-10.51],[-37.87,-8.52],[-39.82,-5.18],[-42.42,-4.15],[-45.04,-3.89],[-46.47,-2.41],[-47.7,-1.84],[-49.31,-2.35],[-49.39,-2.86],[-49.82,-2.74],[-49.82,-2.29],[-51.92,-1.96],[-53.9,-2.61],[-55.28,-2.54],[-56.48,-4.28],[-56.69,-4.02],[-56.01,-2.54],[-58.43,-3.31],[-60.83,-3.25],[-60.53,-2.86],[-57.97,-2.48],[-56.8,-1.77],[-53.74,-1.51],[-50.67,1.96],[-49.95,1.7],[-50.39,0.74],[-48.49,-0.23]]],[[[6.3,0.35],[6.67,0.41],[6.38,0.03],[6.3,0.35]]],[[[-15.92,12.18],[-16.81,12.37],[-16.6,12.82],[-16.08,12.76],[-15.92,12.18]]],[[[-24.45,15.07],[-24.23,15.07],[-24.29,14.75],[-24.45,15.07]]],[[[-23.78,14.94],[-23.73,15.33],[-23.42,15.14],[-23.78,14.94]]],[[[-23.2,15.07],[-23.28,15.26],[-23.06,15.33],[-23.2,15.07]]],[[[-22.65,15.97],[-22.94,15.97],[-22.88,16.23],[-22.65,15.97]]],[[[-24.08,16.68],[-24.08,16.55],[-24.37,16.49],[-24.08,16.68]]],[[[-22.84,16.87],[-22.83,16.68],[-22.98,16.68],[-22.84,16.87]]],[[[-25.27,16.87],[-25.29,17.19],[-24.82,16.74],[-25.27,16.87]]],[[[-8.44,32.88],[-8.73,32.62],[-9.05,32.88],[-8.7,33.2],[-8.44,32.88]]],[[[35.38,-23.82],[35.33,-24.27],[35.03,-24.21],[34.93,-23.82],[35.38,-23.82]]],[[[34.54,-19.58],[34.71,-20.16],[34.34,-20.16],[34.54,-19.58]]],[[[37.34,-17.65],[37.2,-17.78],[37.26,-17.39],[37.63,-17.59],[37.34,-17.65]]],[[[40.31,-14.69],[40.75,-14.69],[40.55,-15.34],[40.31,-14.69]]],[[[12.89,-12.64],[13.63,-12.44],[13.55,-12.83],[12.82,-13.02],[12.89,-12.64]]],[[[13.54,-9.1],[13.11,-9.49],[12.89,-8.91],[13.25,-8.46],[13.54,-9.1]]],[[[39.67,-7.69],[39.81,-7.69],[39.67,-8.01],[39.67,-7.69]]],[[[39.12,-5.76],[39.27,-5.76],[39.43,-6.53],[39.12,-5.76]]],[[[39.55,-5.11],[39.55,-4.92],[39.77,-4.99],[39.55,-5.44],[39.55,-5.11]]],[[[39.39,-3.76],[39.75,-3.7],[39.54,-4.34],[39.25,-4.21],[39.39,-3.76]]],[[[7.34,1.51],[7.19,1.51],[7.27,1.7],[7.34,1.51]]],[[[8.54,3.76],[8.83,3.82],[8.68,3.18],[8.31,3.24],[8.54,3.76]]]]}},{"type":"Feature","properties":{"n":"Bijapur Sultanate","f":1677,"t":1682,"w":"Q83821"},"geometry":{"type":"Polygon","coordinates":[[[74.37,17.39],[74.78,17.77],[78.04,17.9],[77.91,17.39],[74.85,16.36],[74.37,17.39]]]}},{"type":"Feature","properties":{"n":"Kazakh Khanate","f":1677,"t":1682,"w":"Q1433867"},"geometry":{"type":"MultiPolygon","coordinates":[[[[53.1,46.02],[53.18,46.02],[53.17,45.96],[53.1,46.02]]],[[[63.18,54.21],[67.41,53.06],[70.38,52.99],[73.34,53.26],[77.51,54.61],[76.57,53.19],[78.41,51.31],[84.0,50.85],[84.83,50.18],[83.77,49.58],[84.5,49.38],[84.19,48.92],[80.55,48.26],[79.28,46.87],[78.27,46.61],[74.6,46.87],[73.63,46.28],[73.33,45.5],[74.05,45.04],[74.34,43.67],[73.38,42.11],[72.31,42.24],[68.28,40.36],[62.18,43.15],[60.88,44.45],[61.58,44.91],[61.72,45.37],[61.34,45.43],[61.25,45.96],[61.64,46.94],[60.12,46.81],[59.31,46.02],[58.64,45.96],[57.96,44.45],[58.34,43.47],[57.33,43.02],[52.74,42.63],[51.44,43.21],[51.07,44.06],[50.26,44.39],[51.42,44.52],[51.02,44.84],[51.47,45.37],[54.3,44.97],[54.29,45.56],[53.06,45.56],[53.35,46.35],[53.11,47.01],[52.11,46.94],[51.92,49.91],[52.58,52.32],[54.24,52.45],[58.92,51.71],[59.93,51.92],[61.16,53.53],[63.18,54.21]]]]}},{"type":"Feature","properties":{"n":"New Netherland","f":1677,"t":1690,"w":"Q382593"},"geometry":{"type":"MultiPolygon","coordinates":[[[[-54.21,5.94],[-54.05,5.49],[-55.87,5.17],[-56.31,5.56],[-57.77,5.43],[-58.73,5.94],[-58.74,6.39],[-58.24,6.91],[-57.12,5.94],[-54.21,5.94]]],[[[-60.62,11.09],[-60.84,11.09],[-60.7,11.34],[-60.62,11.09]]],[[[-68.74,12.18],[-68.66,11.99],[-68.95,12.05],[-69.12,12.37],[-68.74,12.18]]],[[[-68.15,12.05],[-68.29,12.05],[-68.39,12.31],[-68.15,12.05]]],[[[-69.87,12.56],[-69.78,12.37],[-69.93,12.37],[-69.87,12.56]]],[[[-62.93,18.09],[-62.92,18.03],[-63.14,18.03],[-62.93,18.09]]]]}},{"type":"Feature","properties":{"n":"Tümed","f":1677,"t":1682,"w":"Q3402317"},"geometry":{"type":"Polygon","coordinates":[[[101.7,37.58],[102.1,37.77],[102.92,36.35],[101.71,35.0],[102.03,34.61],[100.92,34.74],[101.07,34.29],[101.72,34.16],[101.2,33.78],[98.85,34.1],[92.36,37.0],[91.39,36.67],[90.94,36.93],[91.53,37.51],[90.94,38.03],[90.95,38.67],[93.22,39.45],[96.22,39.64],[97.91,39.0],[99.2,39.26],[99.81,38.48],[100.34,38.61],[101.7,37.58]]]}},{"type":"Feature","properties":{"n":"Holy Roman Empire Minor States","f":1677,"t":1682,"w":"Q12548"},"geometry":{"type":"MultiPolygon","coordinates":[[[[8.03,44.06],[8.11,44.52],[8.59,44.71],[8.03,44.06]]],[[[8.75,44.91],[8.51,44.91],[8.59,45.04],[8.75,44.91]]],[[[6.83,47.14],[7.08,46.94],[6.51,46.87],[6.83,47.14]]],[[[6.98,47.6],[6.99,47.47],[6.82,47.6],[6.98,47.6]]],[[[7.55,47.93],[7.89,47.66],[7.56,47.53],[7.55,47.93]]],[[[5.73,50.65],[5.9,50.38],[5.56,50.45],[5.73,50.65]]],[[[8.46,53.94],[8.81,53.87],[8.72,53.66],[8.46,53.94]]],[[[9.24,44.91],[9.32,45.17],[10.45,45.04],[10.62,45.43],[11.35,44.84],[10.62,43.8],[9.24,44.91]]],[[[9.54,47.2],[9.63,47.14],[9.46,47.14],[9.54,47.2]]],[[[13.0,47.53],[13.18,48.06],[13.74,47.07],[12.18,47.07],[12.51,47.66],[13.0,47.53]]],[[[13.36,48.99],[14.1,48.65],[13.85,48.46],[13.27,48.59],[13.36,48.99]]],[[[12.8,50.65],[12.63,50.65],[12.55,50.91],[12.8,50.65]]],[[[7.95,48.52],[7.45,48.79],[7.53,49.12],[6.69,49.18],[7.01,49.65],[6.35,49.58],[6.58,50.11],[6.07,50.25],[6.4,50.51],[6.07,50.45],[5.7,51.51],[5.94,51.78],[6.88,51.45],[6.45,51.85],[6.95,52.25],[6.68,52.65],[7.18,53.33],[6.91,53.6],[7.94,53.73],[7.61,53.12],[8.13,52.79],[8.64,53.12],[8.82,52.79],[10.79,54.27],[11.48,53.8],[11.4,54.14],[12.44,54.41],[13.12,53.66],[13.55,53.8],[13.2,53.33],[11.74,53.6],[11.13,53.26],[11.39,53.06],[10.79,52.99],[11.13,52.38],[12.33,52.79],[12.4,51.71],[11.63,51.25],[10.61,51.38],[10.19,51.11],[11.88,50.98],[12.05,51.31],[12.55,50.91],[11.79,50.85],[12.21,50.78],[12.12,50.18],[11.2,49.78],[11.28,49.12],[10.94,48.85],[10.03,49.12],[10.53,48.26],[10.12,48.06],[10.53,48.19],[10.69,47.73],[10.37,47.33],[9.04,47.73],[9.29,47.99],[8.22,47.66],[8.21,47.99],[8.21,48.26],[7.71,48.32],[7.95,48.52]],[[8.46,47.99],[8.38,48.13],[8.21,47.99],[8.46,47.99]],[[11.38,51.51],[11.46,51.65],[10.95,51.71],[10.87,51.45],[11.38,51.51]],[[10.2,48.46],[10.11,48.46],[10.11,48.32],[10.2,48.46]],[[9.95,48.46],[9.45,48.46],[9.45,48.19],[9.95,48.46]],[[9.54,47.86],[9.54,47.99],[9.37,47.93],[9.54,47.86]],[[9.37,48.26],[9.37,48.46],[9.2,48.32],[9.37,48.26]],[[8.71,48.19],[8.79,48.32],[8.54,48.32],[8.71,48.19]],[[9.04,48.19],[9.04,48.26],[8.87,48.32],[9.04,48.19]],[[8.91,52.12],[8.91,52.52],[8.14,52.59],[7.98,51.98],[8.91,52.12]],[[8.71,47.99],[8.63,47.99],[8.79,47.86],[8.71,47.99]],[[8.62,48.65],[8.53,48.59],[8.62,48.52],[8.62,48.65]],[[8.45,48.39],[8.21,48.39],[8.29,48.32],[8.45,48.39]],[[8.29,48.59],[8.37,48.46],[8.45,48.59],[8.29,48.59]],[[7.8,52.18],[7.71,52.52],[7.28,52.59],[7.8,52.18]],[[7.23,51.18],[7.64,51.51],[7.56,51.65],[7.05,51.58],[7.23,51.18]]],[[[9.93,54.55],[10.19,54.55],[10.1,54.21],[9.75,54.14],[9.93,54.55]]],[[[9.4,54.82],[9.58,54.55],[8.8,54.14],[8.71,54.61],[9.4,54.82]]],[[[9.75,55.57],[8.53,54.89],[8.79,55.77],[9.75,55.57]]]]}},{"type":"Feature","properties":{"n":"Tibet","f":1677,"t":1682,"w":"Q521263"},"geometry":{"type":"Polygon","coordinates":[[[100.68,29.73],[99.61,28.25],[99.4,29.47],[98.54,28.19],[97.3,28.96],[96.24,28.96],[95.97,29.41],[95.42,29.02],[94.66,29.28],[93.51,28.64],[89.89,28.32],[88.95,27.42],[88.78,28.06],[85.98,27.99],[84.41,28.77],[84.14,29.28],[83.45,29.22],[82.04,30.37],[81.01,30.18],[78.81,31.53],[78.46,32.3],[78.71,32.69],[79.46,32.62],[78.83,33.46],[78.98,34.04],[79.45,34.04],[80.22,35.45],[81.67,35.39],[82.35,35.84],[85.89,35.77],[86.8,36.42],[91.25,36.48],[92.36,37.0],[98.85,34.1],[101.87,33.52],[100.68,29.73]]]}},{"type":"Feature","properties":{"n":"Comtat Venaissin","f":1677,"t":1701,"w":"Q1122980"},"geometry":{"type":"Polygon","coordinates":[[[5.11,44.52],[5.29,43.99],[4.73,43.8],[5.04,44.25],[4.71,44.32],[5.11,44.52]]]}},{"type":"Feature","properties":{"n":"Spanish Empire","f":1677,"t":1682,"w":"Q80702"},"geometry":{"type":"MultiPolygon","coordinates":[[[[-73.46,-42.24],[-73.65,-42.83],[-74.1,-42.76],[-73.46,-42.24]]],[[[-73.9,-40.17],[-73.37,-39.46],[-73.0,-39.72],[-73.9,-40.17]]],[[[-75.34,-10.77],[-75.27,-10.77],[-75.27,-10.84],[-75.34,-10.77]]],[[[-104.74,27.03],[-102.71,26.52],[-101.55,26.9],[-100.66,26.71],[-99.97,25.81],[-99.47,24.07],[-97.72,22.53],[-96.25,19.44],[-95.77,18.8],[-94.48,18.22],[-92.5,18.74],[-91.3,18.61],[-89.98,21.31],[-86.75,21.5],[-87.7,18.29],[-87.99,18.74],[-89.17,17.77],[-90.57,17.77],[-90.6,16.55],[-90.38,16.04],[-89.54,15.84],[-85.67,16.04],[-83.93,15.71],[-83.83,15.46],[-84.34,15.46],[-83.61,14.3],[-84.11,11.09],[-83.58,10.96],[-82.21,9.03],[-81.03,8.84],[-79.69,9.61],[-78.96,9.61],[-77.99,9.29],[-76.83,8.19],[-76.93,8.64],[-75.66,9.48],[-75.58,10.51],[-74.96,11.15],[-74.36,10.89],[-74.17,11.34],[-73.15,11.41],[-71.84,12.44],[-71.1,12.31],[-71.28,11.79],[-71.92,11.6],[-71.65,10.83],[-69.66,11.66],[-68.46,11.34],[-68.19,10.51],[-66.37,10.7],[-65.09,10.06],[-64.03,10.7],[-61.91,10.76],[-62.84,10.38],[-62.3,9.8],[-61.95,9.99],[-60.83,9.54],[-61.15,8.58],[-64.71,8.06],[-65.12,7.55],[-65.87,7.87],[-67.01,7.16],[-67.06,6.65],[-69.96,6.2],[-73.64,4.59],[-75.79,2.21],[-76.3,1.31],[-76.81,0.41],[-76.74,0.22],[-76.96,0.09],[-77.87,-3.25],[-77.85,-4.92],[-77.5,-6.85],[-76.34,-8.39],[-75.17,-11.35],[-73.87,-12.44],[-71.88,-13.15],[-70.67,-12.76],[-68.37,-13.28],[-65.67,-14.89],[-63.8,-15.34],[-62.59,-16.36],[-63.18,-20.61],[-64.19,-23.63],[-64.07,-24.79],[-63.27,-26.2],[-61.05,-26.78],[-59.61,-26.72],[-58.85,-26.27],[-57.5,-24.34],[-57.0,-24.47],[-58.43,-26.84],[-58.75,-30.32],[-58.27,-30.89],[-58.56,-32.76],[-58.25,-33.34],[-58.55,-34.49],[-60.29,-33.79],[-63.06,-34.62],[-64.35,-34.3],[-67.86,-34.43],[-70.36,-35.27],[-70.7,-36.3],[-71.2,-36.62],[-71.35,-37.91],[-73.34,-36.94],[-71.63,-32.69],[-71.94,-30.83],[-70.57,-25.17],[-70.53,-23.63],[-70.81,-23.5],[-70.27,-21.96],[-70.26,-19.84],[-70.44,-18.42],[-71.62,-17.33],[-75.22,-15.53],[-76.08,-14.69],[-76.46,-14.18],[-76.38,-13.41],[-77.8,-11.35],[-78.98,-8.46],[-79.98,-6.91],[-81.33,-6.14],[-81.01,-5.63],[-81.47,-4.41],[-80.05,-3.12],[-81.12,-2.29],[-81.03,-0.94],[-80.16,0.22],[-80.23,0.86],[-79.06,1.25],[-78.78,2.34],[-77.91,2.6],[-77.26,3.63],[-77.56,4.08],[-77.41,6.52],[-78.5,7.94],[-78.23,8.45],[-79.64,8.9],[-80.41,8.26],[-80.0,7.42],[-80.94,7.16],[-81.05,7.87],[-81.47,7.61],[-81.94,8.19],[-83.71,8.45],[-83.67,9.09],[-84.83,9.99],[-85.24,9.61],[-85.78,9.99],[-85.72,11.09],[-87.55,12.69],[-87.47,13.34],[-88.85,13.21],[-91.35,13.91],[-94.77,16.36],[-96.21,15.65],[-97.72,15.91],[-101.11,17.26],[-101.9,17.96],[-103.19,18.16],[-105.05,19.38],[-105.54,20.02],[-105.13,21.31],[-105.7,22.59],[-108.04,24.91],[-106.11,23.75],[-106.44,25.36],[-105.47,25.94],[-106.58,27.16],[-105.88,27.8],[-106.84,29.09],[-106.77,31.85],[-106.18,31.53],[-106.36,29.22],[-104.74,27.03]]],[[[-76.3,1.31],[-76.22,1.31],[-76.22,1.25],[-76.3,1.31]]],[[[-75.14,2.92],[-75.07,2.92],[-75.07,2.86],[-75.14,2.92]]],[[[-81.61,7.36],[-81.9,7.36],[-81.91,7.61],[-81.61,7.36]]],[[[-79.03,8.32],[-78.96,8.45],[-78.81,8.45],[-79.03,8.32]]],[[[-64.04,10.83],[-64.35,11.09],[-63.84,11.21],[-64.04,10.83]]],[[[-69.73,11.66],[-70.24,11.6],[-70.28,12.11],[-69.85,12.24],[-69.73,11.66]]],[[[-67.12,17.96],[-67.26,18.48],[-66.16,18.54],[-65.52,18.16],[-67.12,17.96]]],[[[-68.56,18.22],[-70.72,18.35],[-71.28,17.58],[-72.18,18.22],[-72.0,18.54],[-72.51,19.57],[-70.78,19.96],[-69.08,19.38],[-69.49,19.12],[-68.24,18.67],[-68.56,18.22]]],[[[-86.7,20.34],[-86.99,20.28],[-87.02,20.47],[-86.7,20.34]]],[[[-74.07,20.15],[-77.65,19.83],[-77.19,20.66],[-78.24,20.79],[-78.66,21.56],[-82.05,22.27],[-81.74,22.66],[-84.8,21.82],[-84.0,22.79],[-82.29,23.24],[-80.57,23.17],[-74.07,20.15]]],[[[-82.5,21.44],[-82.95,21.44],[-83.04,21.95],[-82.66,21.95],[-82.5,21.44]]],[[[-78.6,22.53],[-78.23,22.59],[-78.2,22.4],[-78.6,22.53]]],[[[-83.84,30.05],[-84.88,29.73],[-85.67,31.01],[-81.97,30.37],[-81.87,31.27],[-81.21,31.59],[-81.44,30.89],[-80.55,28.57],[-81.94,28.12],[-83.84,30.05]]],[[[-106.36,36.48],[-105.19,35.19],[-105.62,34.81],[-106.35,34.87],[-106.93,35.9],[-106.36,36.48]]],[[[-61.0,10.06],[-61.73,10.06],[-61.55,10.83],[-60.89,10.83],[-61.0,10.06]]],[[[119.34,11.15],[119.57,11.21],[119.58,10.7],[120.0,10.51],[118.85,9.93],[119.34,11.15]]],[[[119.85,11.79],[119.87,11.92],[120.09,11.92],[119.85,11.79]]],[[[119.84,12.31],[120.34,12.18],[120.32,11.99],[119.84,12.31]]],[[[120.74,13.59],[121.44,13.34],[121.29,12.18],[120.34,13.34],[120.74,13.59]]],[[[122.2,13.53],[122.16,13.21],[121.86,13.21],[121.75,13.46],[122.2,13.53]]],[[[120.1,13.72],[120.12,13.85],[120.27,13.85],[120.1,13.72]]],[[[122.13,15.01],[122.07,14.62],[121.86,14.69],[122.13,15.01]]],[[[122.26,16.23],[121.6,15.84],[121.67,14.43],[122.19,13.98],[122.76,14.36],[123.12,13.79],[123.24,14.11],[123.87,13.91],[123.61,13.59],[124.14,13.21],[124.12,12.5],[123.45,13.01],[123.06,12.82],[123.27,13.27],[122.69,13.85],[122.74,13.21],[121.82,13.91],[121.4,13.59],[120.62,13.79],[120.97,14.62],[120.35,14.43],[120.04,14.81],[119.73,16.1],[120.01,16.42],[120.4,16.1],[120.61,18.54],[122.39,18.54],[122.22,17.64],[122.64,17.13],[122.26,16.23]]],[[[-17.85,27.87],[-17.9,27.61],[-18.06,27.67],[-17.85,27.87]]],[[[-15.73,27.74],[-15.76,28.19],[-15.3,28.12],[-15.73,27.74]]],[[[-17.35,28.19],[-17.12,28.25],[-17.03,28.06],[-17.35,28.19]]],[[[-16.91,28.38],[-16.09,28.57],[-16.36,28.06],[-16.65,27.93],[-16.91,28.38]]],[[[-13.77,28.77],[-13.81,28.25],[-14.32,28.06],[-13.77,28.77]]],[[[-17.71,28.89],[-17.67,28.51],[-17.9,28.51],[-17.71,28.89]]],[[[-13.65,29.22],[-13.42,29.22],[-13.47,28.89],[-13.85,28.83],[-13.65,29.22]]],[[[-2.98,35.26],[-2.99,35.45],[-2.84,35.45],[-2.98,35.26]]],[[[-0.53,35.71],[-0.45,35.58],[-0.67,35.45],[-0.92,35.71],[-0.53,35.71]]],[[[-5.57,35.84],[-5.34,35.84],[-5.33,35.77],[-5.57,35.84]]],[[[126.2,6.39],[125.83,7.23],[125.52,7.04],[125.65,5.88],[125.33,5.49],[125.15,6.01],[124.7,5.81],[124.0,6.26],[124.09,7.42],[123.68,7.74],[122.76,7.23],[122.59,7.74],[122.23,6.97],[121.8,6.97],[122.1,8.0],[123.34,8.77],[124.09,8.19],[124.82,9.03],[125.48,9.03],[125.42,9.86],[126.24,9.29],[126.59,7.61],[126.2,6.39]]],[[[124.55,9.22],[124.77,9.29],[124.82,9.03],[124.55,9.22]]],[[[123.58,9.03],[123.44,9.09],[123.54,9.35],[123.58,9.03]]],[[[125.97,9.54],[125.83,9.61],[125.91,9.67],[125.97,9.54]]],[[[126.06,9.67],[125.92,9.74],[125.94,9.99],[126.06,9.67]]],[[[124.5,10.19],[124.62,9.93],[123.78,9.54],[123.74,9.86],[124.5,10.19]]],[[[122.81,10.12],[122.9,10.89],[123.56,10.96],[123.15,9.8],[123.22,9.03],[122.33,9.67],[122.81,10.12]]],[[[125.47,10.38],[125.7,10.44],[125.71,9.86],[125.47,10.38]]],[[[123.6,9.99],[123.48,9.48],[123.26,9.48],[124.11,11.28],[124.0,10.25],[123.6,9.99]]],[[[121.93,11.99],[123.12,11.54],[122.62,10.38],[121.9,10.44],[121.93,11.99]]],[[[125.24,10.25],[124.92,9.99],[124.25,11.21],[124.31,11.73],[124.71,11.34],[124.97,11.73],[124.27,12.56],[125.55,12.24],[125.77,11.02],[125.06,11.21],[125.24,10.25]]],[[[123.73,12.31],[124.09,11.73],[123.17,11.99],[123.24,12.5],[123.77,12.63],[123.73,12.31]]],[[[121.9,12.37],[122.13,12.44],[122.09,12.11],[121.9,12.37]]],[[[122.69,12.24],[122.41,12.37],[122.51,12.56],[122.69,12.24]]],[[[121.99,12.5],[122.02,12.69],[122.24,12.69],[121.99,12.5]]],[[[144.84,13.34],[144.61,13.27],[144.65,13.53],[144.97,13.66],[144.84,13.34]]],[[[124.11,13.53],[124.12,14.11],[124.47,13.98],[124.11,13.53]]]]}},{"type":"Feature","properties":{"n":"(Kingdom of England)","f":1677,"t":1682,"w":"Q179876"},"geometry":{"type":"MultiPolygon","coordinates":[[[[-89.17,17.77],[-88.25,18.48],[-88.24,16.49],[-89.19,15.97],[-89.17,17.77]]],[[[-78.39,18.29],[-77.01,18.48],[-76.12,17.9],[-77.37,17.84],[-78.39,18.29]]],[[[-74.86,22.91],[-75.17,23.43],[-75.02,23.43],[-74.86,22.91]]],[[[-77.4,23.81],[-77.76,23.75],[-77.92,24.2],[-77.48,24.26],[-77.4,23.81]]],[[[-75.49,24.39],[-75.59,24.52],[-75.24,24.26],[-75.43,24.07],[-75.49,24.39]]],[[[-78.39,24.71],[-78.19,25.23],[-77.62,24.59],[-78.09,24.33],[-78.39,24.71]]],[[[-76.23,24.78],[-76.26,24.91],[-76.05,24.97],[-76.23,24.78]]],[[[-76.6,25.49],[-76.35,25.36],[-76.48,25.29],[-76.6,25.49]]],[[[-77.29,25.94],[-77.19,26.52],[-77.67,26.97],[-76.94,26.39],[-77.29,25.94]]],[[[-78.6,26.77],[-77.97,26.64],[-78.68,26.45],[-78.6,26.77]]],[[[-79.68,32.75],[-80.15,32.56],[-80.09,33.07],[-79.68,32.75]]],[[[-77.92,33.91],[-78.15,33.91],[-78.21,34.29],[-77.65,34.23],[-77.92,33.91]]],[[[-76.73,35.97],[-77.14,36.22],[-76.8,36.35],[-76.73,35.97]]],[[[-76.36,37.45],[-75.81,36.61],[-76.79,36.55],[-77.56,37.51],[-77.4,37.9],[-76.36,37.45]]],[[[-76.91,38.42],[-76.83,38.42],[-76.8,38.35],[-76.91,38.42]]],[[[-80.76,51.25],[-80.8,51.05],[-81.35,51.11],[-81.36,51.38],[-80.76,51.25]]],[[[-79.04,51.71],[-78.48,51.38],[-78.99,51.38],[-79.04,51.71]]],[[[-59.57,13.01],[-59.67,13.34],[-59.52,13.34],[-59.57,13.01]]],[[[-61.64,17.19],[-61.62,16.94],[-61.76,16.94],[-61.64,17.19]]],[[[-64.87,17.64],[-64.73,17.77],[-64.65,17.64],[-64.87,17.64]]],[[[-64.66,17.77],[-64.59,17.77],[-64.58,17.71],[-64.66,17.77]]],[[[-64.73,17.77],[-64.74,17.84],[-64.67,17.84],[-64.73,17.77]]],[[[-73.66,20.92],[-73.69,21.11],[-72.97,21.24],[-73.66,20.92]]],[[[-72.93,22.46],[-72.69,22.34],[-72.82,22.27],[-72.93,22.46]]],[[[-73.67,22.46],[-74.15,22.21],[-73.9,22.46],[-73.94,22.72],[-73.67,22.46]]],[[[-74.51,23.94],[-74.55,24.14],[-74.32,24.14],[-74.51,23.94]]],[[[-64.65,32.36],[-64.67,32.17],[-64.86,32.3],[-64.65,32.36]]],[[[-70.05,41.59],[-70.8,41.85],[-71.52,41.33],[-73.47,41.07],[-71.94,41.0],[-74.14,40.61],[-73.87,40.16],[-74.64,39.0],[-75.4,39.32],[-75.05,38.67],[-75.72,39.32],[-76.42,39.32],[-76.25,38.16],[-76.72,38.16],[-76.86,38.67],[-77.23,39.0],[-76.74,39.51],[-74.87,40.1],[-74.41,40.68],[-74.29,43.15],[-73.69,42.24],[-73.0,42.3],[-71.08,42.82],[-70.77,43.54],[-70.49,43.28],[-70.98,42.43],[-70.37,41.78],[-69.95,41.91],[-70.05,41.59]]],[[[-70.73,41.33],[-70.73,41.52],[-70.58,41.52],[-70.73,41.33]]],[[[-70.39,43.41],[-70.59,43.67],[-70.44,43.86],[-70.14,43.73],[-70.39,43.41]]],[[[-69.72,43.86],[-69.95,44.19],[-69.66,44.25],[-69.33,44.06],[-69.72,43.86]]],[[[-53.75,46.81],[-53.37,47.27],[-53.64,47.73],[-52.92,48.19],[-53.25,47.6],[-52.76,47.8],[-52.62,47.47],[-53.02,46.61],[-53.75,46.81]]],[[[-53.06,48.72],[-52.95,48.46],[-53.58,48.59],[-53.06,48.72]]],[[[-1.21,5.11],[-1.21,5.36],[-1.06,5.36],[-1.21,5.11]]],[[[80.31,12.76],[80.1,12.82],[80.2,13.14],[80.31,12.76]]],[[[72.87,19.25],[73.09,19.25],[72.99,18.99],[72.87,19.25]]],[[[72.89,20.86],[72.62,21.11],[72.63,21.18],[73.08,21.18],[72.89,20.86]]],[[[-5.95,35.71],[-5.72,35.77],[-5.77,35.39],[-5.95,35.71]]],[[[-6.43,52.18],[-9.64,51.45],[-10.45,51.78],[-10.25,52.12],[-10.53,52.25],[-9.94,52.32],[-9.38,53.12],[-10.21,53.46],[-9.83,53.8],[-10.08,54.27],[-8.7,54.27],[-8.32,54.61],[-8.87,54.82],[-8.41,55.23],[-6.15,55.29],[-5.43,54.48],[-6.33,54.07],[-6.43,52.18]]],[[[-4.38,54.41],[-4.36,54.21],[-4.86,54.07],[-4.38,54.41]]],[[[-3.26,56.05],[-1.73,55.7],[-1.29,54.68],[-0.2,54.21],[0.3,53.39],[0.17,52.86],[1.62,52.86],[1.59,52.12],[0.52,51.51],[1.38,51.38],[1.31,51.11],[0.49,50.78],[-1.37,50.85],[-1.18,50.58],[-3.13,50.71],[-3.58,50.25],[-5.75,50.05],[-4.2,51.31],[-3.09,51.25],[-2.95,51.45],[-5.08,51.58],[-5.3,51.98],[-4.16,52.45],[-4.3,52.92],[-4.79,52.79],[-4.49,53.12],[-4.7,53.46],[-3.32,53.39],[-2.97,54.14],[-3.59,54.27],[-3.57,54.89],[-5.21,54.75],[-4.77,55.43],[-5.0,55.84],[-5.44,55.91],[-5.12,55.43],[-5.57,55.57],[-5.63,55.29],[-5.89,55.29],[-5.8,55.98],[-6.63,55.63],[-5.66,56.18],[-6.29,56.32],[-5.95,57.01],[-6.82,57.49],[-6.32,57.77],[-5.7,57.14],[-5.89,57.83],[-5.2,58.67],[-3.14,58.74],[-3.43,58.18],[-4.12,57.97],[-3.99,57.7],[-1.85,57.7],[-2.21,56.87],[-3.26,56.05]]],[[[-7.47,57.08],[-7.6,57.35],[-7.25,57.42],[-7.47,57.08]]],[[[-7.56,57.7],[-7.12,57.7],[-7.11,57.63],[-7.56,57.7]]],[[[-7.13,57.77],[-7.28,58.18],[-6.26,58.53],[-6.52,57.9],[-7.13,57.77]]],[[[-2.81,59.02],[-2.79,58.88],[-3.42,58.81],[-3.2,59.22],[-2.81,59.02]]],[[[-2.83,59.16],[-2.84,59.29],[-2.58,59.36],[-2.83,59.16]]],[[[-1.67,60.21],[-1.63,60.63],[-0.83,60.84],[-1.05,60.35],[-1.67,60.21]]]]}},{"type":"Feature","properties":{"n":"Trịnh lords","f":1677,"t":1708,"w":"Q2267508"},"geometry":{"type":"Polygon","coordinates":[[[106.88,20.86],[105.85,19.57],[105.73,18.86],[106.55,17.96],[105.53,18.03],[105.12,18.74],[103.96,19.31],[104.98,20.15],[104.5,20.41],[104.73,21.37],[104.07,22.27],[104.15,22.79],[105.21,23.3],[106.71,22.91],[106.71,22.08],[108.1,21.5],[106.88,20.86]]]}},{"type":"Feature","properties":{"n":"Sultanate of Banten","f":1677,"t":1806,"w":"Q734867"},"geometry":{"type":"MultiPolygon","coordinates":[[[[105.7,-6.08],[106.35,-5.95],[106.48,-6.98],[105.37,-6.85],[105.7,-6.08]]],[[[105.23,-3.7],[105.76,-4.15],[105.76,-5.82],[104.51,-5.56],[104.45,-5.95],[102.02,-3.64],[103.58,-4.41],[105.23,-3.7]]]]}},{"type":"Feature","properties":{"n":"Sultanate of Malacca","f":1677,"t":1682,"w":"Q46652"},"geometry":{"type":"MultiPolygon","coordinates":[[[[110.34,-6.91],[110.89,-6.4],[113.99,-7.04],[112.69,-7.24],[112.79,-7.62],[113.74,-7.69],[112.74,-7.94],[112.85,-8.46],[110.65,-8.26],[108.78,-7.69],[107.99,-7.81],[108.1,-7.3],[107.27,-6.79],[106.85,-5.89],[108.95,-6.79],[110.34,-6.91]]],[[[100.26,2.54],[100.37,1.57],[100.07,1.38],[97.84,3.82],[98.0,4.21],[100.26,2.54]]],[[[100.75,3.82],[101.7,3.76],[102.1,3.05],[101.64,2.54],[100.75,3.82]]]]}},{"type":"Feature","properties":{"n":"(Portuguese Empire)","f":1677,"t":1682,"w":"Q200464"},"geometry":{"type":"MultiPolygon","coordinates":[[[[-50.18,-29.16],[-50.17,-29.09],[-50.09,-29.09],[-50.18,-29.16]]],[[[-48.49,-0.23],[-48.93,-1.51],[-48.27,-0.74],[-47.4,-0.55],[-45.44,-1.64],[-44.93,-1.45],[-44.07,-2.54],[-43.19,-2.35],[-42.32,-2.8],[-39.42,-3.12],[-37.26,-4.86],[-35.37,-5.31],[-34.84,-7.49],[-35.41,-9.36],[-37.24,-11.09],[-38.13,-12.83],[-39.03,-13.28],[-39.28,-17.78],[-41.14,-22.15],[-41.91,-22.41],[-42.12,-22.99],[-44.74,-23.05],[-44.7,-23.37],[-45.48,-23.69],[-45.37,-24.02],[-46.09,-23.82],[-48.69,-25.49],[-48.8,-26.72],[-48.45,-27.42],[-48.88,-28.64],[-49.74,-29.22],[-50.35,-30.44],[-51.25,-30.38],[-52.2,-31.66],[-51.72,-31.92],[-52.55,-32.56],[-52.9,-31.73],[-52.01,-31.15],[-51.69,-29.93],[-50.56,-29.99],[-49.18,-28.19],[-49.05,-25.88],[-49.92,-25.17],[-48.9,-22.99],[-45.61,-22.86],[-43.38,-22.21],[-42.32,-21.25],[-41.15,-18.94],[-40.76,-17.01],[-40.02,-15.91],[-39.53,-11.67],[-38.46,-10.51],[-37.87,-8.52],[-39.82,-5.18],[-42.42,-4.15],[-45.04,-3.89],[-46.47,-2.41],[-47.7,-1.84],[-49.31,-2.35],[-49.39,-2.86],[-49.82,-2.74],[-49.82,-2.29],[-51.92,-1.96],[-53.9,-2.61],[-55.28,-2.54],[-56.48,-4.28],[-56.69,-4.02],[-56.01,-2.54],[-58.43,-3.31],[-60.83,-3.25],[-60.53,-2.86],[-57.97,-2.48],[-56.8,-1.77],[-53.74,-1.51],[-50.67,1.96],[-49.95,1.7],[-50.39,0.74],[-48.49,-0.23]]],[[[6.3,0.35],[6.67,0.41],[6.38,0.03],[6.3,0.35]]],[[[7.34,1.51],[7.19,1.51],[7.27,1.7],[7.34,1.51]]],[[[8.54,3.76],[8.83,3.82],[8.68,3.18],[8.31,3.24],[8.54,3.76]]],[[[-15.92,12.18],[-16.58,12.18],[-16.81,12.63],[-16.08,12.76],[-15.92,12.18]]],[[[-24.45,15.07],[-24.23,15.07],[-24.29,14.75],[-24.45,15.07]]],[[[-23.73,15.33],[-23.58,15.33],[-23.41,14.88],[-23.78,14.94],[-23.73,15.33]]],[[[-23.28,15.26],[-23.06,15.33],[-22.99,15.2],[-23.28,15.26]]],[[[-22.65,15.97],[-22.94,15.97],[-22.88,16.23],[-22.65,15.97]]],[[[-24.08,16.68],[-24.08,16.55],[-24.37,16.49],[-24.08,16.68]]],[[[-22.83,16.68],[-22.98,16.68],[-22.98,16.81],[-22.83,16.68]]],[[[-25.29,17.19],[-24.99,17.26],[-24.82,16.74],[-25.29,17.19]]],[[[-16.79,32.88],[-16.69,32.69],[-17.07,32.62],[-16.79,32.88]]],[[[-8.44,32.88],[-8.73,32.62],[-9.05,32.88],[-8.7,33.2],[-8.44,32.88]]],[[[-25.7,37.71],[-25.9,37.96],[-25.11,37.9],[-25.7,37.71]]],[[[-28.19,38.55],[-28.08,38.35],[-28.81,38.48],[-28.19,38.55]]],[[[-28.15,38.74],[-27.89,38.61],[-28.04,38.55],[-28.15,38.74]]],[[[-27.36,38.67],[-27.39,38.87],[-27.08,38.87],[-27.36,38.67]]],[[[-9.0,37.0],[-8.82,38.48],[-9.21,38.42],[-9.57,38.93],[-8.73,40.74],[-8.93,41.91],[-6.7,41.98],[-6.25,41.46],[-6.93,41.0],[-6.9,39.77],[-7.44,39.64],[-6.99,39.0],[-7.27,38.67],[-6.99,38.09],[-7.68,37.0],[-9.0,37.0]]],[[[35.33,-24.27],[35.03,-24.21],[34.93,-23.82],[35.38,-23.82],[35.33,-24.27]]],[[[34.54,-19.58],[34.71,-20.16],[34.34,-20.16],[34.54,-19.58]]],[[[37.26,-17.39],[37.7,-17.46],[37.63,-17.59],[37.26,-17.39]]],[[[40.75,-14.69],[40.55,-15.34],[40.17,-14.95],[40.75,-14.69]]],[[[12.89,-12.64],[13.63,-12.44],[13.55,-12.83],[12.82,-13.02],[12.89,-12.64]]],[[[123.94,-9.23],[124.38,-9.16],[124.26,-9.49],[123.94,-9.23]]],[[[13.54,-9.1],[13.11,-9.49],[12.89,-8.91],[13.25,-8.46],[13.54,-9.1]]],[[[124.71,-8.84],[125.2,-8.52],[127.23,-8.39],[124.92,-9.55],[124.71,-8.84]]],[[[122.61,-8.07],[122.82,-8.07],[122.66,-8.71],[122.28,-8.52],[122.61,-8.07]]],[[[39.82,-7.88],[39.53,-8.01],[39.52,-7.81],[39.82,-7.88]]],[[[39.12,-5.76],[39.27,-5.76],[39.43,-6.53],[39.12,-5.76]]],[[[39.55,-5.11],[39.55,-4.92],[39.77,-4.99],[39.55,-5.44],[39.55,-5.11]]],[[[39.75,-3.7],[39.39,-4.41],[39.25,-4.21],[39.75,-3.7]]],[[[80.83,6.2],[80.31,7.42],[79.72,7.36],[79.81,8.77],[80.79,9.29],[81.09,8.32],[81.65,7.94],[81.43,6.46],[80.83,6.2]]],[[[79.87,10.76],[79.86,10.73],[79.85,10.82],[79.87,10.76]]],[[[74.1,15.52],[74.52,15.26],[74.55,14.81],[74.24,14.62],[73.79,15.33],[74.1,15.52]]],[[[73.09,19.25],[72.87,19.25],[73.03,19.38],[73.09,19.25]]],[[[73.12,20.21],[73.19,20.21],[73.18,20.09],[73.12,20.21]]],[[[113.64,22.14],[113.42,22.14],[113.53,22.34],[113.64,22.14]]]]}},{"type":"Feature","properties":{"n":"Maratha Empire","f":1677,"t":1686,"w":"Q83618"},"geometry":{"type":"MultiPolygon","coordinates":[[[[79.92,10.44],[79.91,10.29],[79.86,10.64],[79.92,10.44]]],[[[74.8,14.3],[74.41,14.11],[74.52,15.26],[73.8,15.46],[73.29,17.0],[74.1,17.0],[74.37,17.39],[75.05,15.46],[74.8,14.3]]]]}},{"type":"Feature","properties":{"n":"Thanjavur Maratha Kingdom","f":1677,"t":1699,"w":"Q3530610"},"geometry":{"type":"Polygon","coordinates":[[[79.91,10.28],[79.33,10.22],[79.18,9.81],[78.54,10.96],[79.69,11.37],[79.91,10.28]]]}},{"type":"Feature","properties":{"n":"(Portuguese Empire)","f":1683,"t":1686,"w":"Q200464"},"geometry":{"type":"MultiPolygon","coordinates":[[[[-57.4,-34.49],[-58.39,-34.17],[-57.8,-33.66],[-57.29,-33.79],[-57.4,-34.49]]],[[[-50.18,-29.16],[-50.17,-29.09],[-50.09,-29.09],[-50.18,-29.16]]],[[[-48.49,-0.23],[-48.93,-1.51],[-48.27,-0.74],[-47.4,-0.55],[-45.44,-1.64],[-44.93,-1.45],[-44.07,-2.54],[-43.19,-2.35],[-42.32,-2.8],[-39.42,-3.12],[-37.26,-4.86],[-35.37,-5.31],[-34.84,-7.49],[-35.41,-9.36],[-37.24,-11.09],[-38.13,-12.83],[-39.03,-13.28],[-39.28,-17.78],[-41.14,-22.15],[-41.91,-22.41],[-42.12,-22.99],[-44.74,-23.05],[-44.7,-23.37],[-45.48,-23.69],[-45.37,-24.02],[-46.09,-23.82],[-48.69,-25.49],[-48.8,-26.72],[-48.45,-27.42],[-48.88,-28.64],[-49.74,-29.22],[-50.35,-30.44],[-51.25,-30.38],[-52.2,-31.66],[-51.72,-31.92],[-52.55,-32.56],[-52.9,-31.73],[-52.01,-31.15],[-51.69,-29.93],[-50.56,-29.99],[-49.18,-28.19],[-49.05,-25.88],[-49.92,-25.17],[-48.9,-22.99],[-45.61,-22.86],[-43.38,-22.21],[-42.32,-21.25],[-41.15,-18.94],[-40.76,-17.01],[-40.02,-15.91],[-39.53,-11.67],[-38.46,-10.51],[-37.87,-8.52],[-39.82,-5.18],[-42.42,-4.15],[-45.04,-3.89],[-46.47,-2.41],[-47.7,-1.84],[-49.31,-2.35],[-49.39,-2.86],[-49.82,-2.74],[-49.82,-2.29],[-51.92,-1.96],[-53.9,-2.61],[-55.28,-2.54],[-56.48,-4.28],[-56.69,-4.02],[-56.01,-2.54],[-58.43,-3.31],[-60.83,-3.25],[-60.53,-2.86],[-57.97,-2.48],[-56.8,-1.77],[-53.74,-1.51],[-50.67,1.96],[-49.95,1.7],[-50.39,0.74],[-48.49,-0.23]]],[[[6.3,0.35],[6.67,0.41],[6.38,0.03],[6.3,0.35]]],[[[7.34,1.51],[7.19,1.51],[7.27,1.7],[7.34,1.51]]],[[[-15.92,12.18],[-16.58,12.18],[-16.81,12.63],[-16.08,12.76],[-15.92,12.18]]],[[[-24.45,15.07],[-24.23,15.07],[-24.29,14.75],[-24.45,15.07]]],[[[-23.73,15.33],[-23.58,15.33],[-23.41,14.88],[-23.78,14.94],[-23.73,15.33]]],[[[-23.28,15.26],[-23.06,15.33],[-22.99,15.2],[-23.28,15.26]]],[[[-22.65,15.97],[-22.94,15.97],[-22.88,16.23],[-22.65,15.97]]],[[[-24.08,16.68],[-24.08,16.55],[-24.37,16.49],[-24.08,16.68]]],[[[-22.83,16.68],[-22.98,16.68],[-22.98,16.81],[-22.83,16.68]]],[[[-25.29,17.19],[-24.99,17.26],[-24.82,16.74],[-25.29,17.19]]],[[[-16.79,32.88],[-16.69,32.69],[-17.07,32.62],[-16.79,32.88]]],[[[-8.44,32.88],[-8.73,32.62],[-9.05,32.88],[-8.7,33.2],[-8.44,32.88]]],[[[-25.7,37.71],[-25.9,37.96],[-25.11,37.9],[-25.7,37.71]]],[[[-28.19,38.55],[-28.08,38.35],[-28.81,38.48],[-28.19,38.55]]],[[[-28.15,38.74],[-27.89,38.61],[-28.04,38.55],[-28.15,38.74]]],[[[-27.36,38.67],[-27.39,38.87],[-27.08,38.87],[-27.36,38.67]]],[[[-9.0,37.0],[-8.82,38.48],[-9.21,38.42],[-9.57,38.93],[-8.73,40.74],[-8.93,41.91],[-6.7,41.98],[-6.25,41.46],[-6.93,41.0],[-6.9,39.77],[-7.44,39.64],[-6.99,39.0],[-7.27,38.67],[-6.99,38.09],[-7.68,37.0],[-9.0,37.0]]],[[[35.33,-24.27],[35.03,-24.21],[34.93,-23.82],[35.38,-23.82],[35.33,-24.27]]],[[[34.54,-19.58],[34.71,-20.16],[34.34,-20.16],[34.54,-19.58]]],[[[37.26,-17.39],[37.7,-17.46],[37.63,-17.59],[37.26,-17.39]]],[[[40.75,-14.69],[40.55,-15.34],[40.17,-14.95],[40.75,-14.69]]],[[[12.89,-12.64],[13.63,-12.44],[13.55,-12.83],[12.82,-13.02],[12.89,-12.64]]],[[[123.94,-9.23],[124.38,-9.16],[124.26,-9.49],[123.94,-9.23]]],[[[13.54,-9.1],[13.11,-9.49],[12.89,-8.91],[13.25,-8.46],[13.54,-9.1]]],[[[124.71,-8.84],[125.2,-8.52],[127.23,-8.39],[124.92,-9.55],[124.71,-8.84]]],[[[122.61,-8.07],[122.82,-8.07],[122.66,-8.71],[122.28,-8.52],[122.61,-8.07]]],[[[39.82,-7.88],[39.53,-8.01],[39.52,-7.81],[39.82,-7.88]]],[[[39.12,-5.76],[39.27,-5.76],[39.43,-6.53],[39.12,-5.76]]],[[[39.55,-5.11],[39.55,-4.92],[39.77,-4.99],[39.55,-5.44],[39.55,-5.11]]],[[[39.75,-3.7],[39.39,-4.41],[39.25,-4.21],[39.75,-3.7]]],[[[8.9,3.63],[8.68,3.18],[8.31,3.24],[8.54,3.76],[8.9,3.63]]],[[[80.83,6.2],[80.31,7.42],[79.72,7.36],[79.81,8.77],[80.86,9.29],[81.09,8.32],[81.65,7.94],[81.67,6.84],[80.83,6.2]]],[[[74.1,15.52],[74.52,15.26],[74.55,14.81],[74.24,14.62],[73.79,15.33],[74.1,15.52]]],[[[73.09,19.25],[72.87,19.25],[73.03,19.38],[73.09,19.25]]],[[[73.12,20.21],[73.19,20.21],[73.18,20.09],[73.12,20.21]]],[[[113.45,22.34],[113.69,22.4],[113.64,22.14],[113.45,22.34]]]]}},{"type":"Feature","properties":{"n":"Qasimids","f":1683,"t":1733,"w":"Q5261548"},"geometry":{"type":"Polygon","coordinates":[[[45.76,15.2],[45.08,13.34],[45.36,13.01],[43.8,12.63],[42.75,15.14],[42.81,16.42],[43.28,16.81],[43.51,18.29],[44.45,19.19],[45.61,17.58],[45.76,15.2]]]}},{"type":"Feature","properties":{"n":"Sultanate of Malacca","f":1683,"t":1690,"w":"Q46652"},"geometry":{"type":"MultiPolygon","coordinates":[[[[108.56,-7.69],[107.99,-7.81],[108.24,-7.11],[109.4,-7.11],[110.01,-7.56],[109.89,-7.94],[108.56,-7.69]]],[[[100.26,2.54],[100.37,1.57],[100.07,1.38],[97.84,3.82],[98.0,4.21],[100.26,2.54]]],[[[100.75,3.82],[101.7,3.76],[102.1,3.05],[101.64,2.54],[100.75,3.82]]]]}},{"type":"Feature","properties":{"n":"Oyo Empire","f":1683,"t":1733,"w":"Q849623"},"geometry":{"type":"MultiPolygon","coordinates":[[[[3.98,7.36],[3.83,6.59],[2.66,6.33],[3.04,8.58],[4.87,8.77],[5.23,8.58],[3.98,7.36]]],[[[4.72,7.68],[4.72,7.74],[4.79,7.74],[4.72,7.68]]]]}},{"type":"Feature","properties":{"n":"Mataram Sultanate","f":1683,"t":1705,"w":"Q402145"},"geometry":{"type":"Polygon","coordinates":[[[112.69,-7.24],[112.79,-7.62],[113.74,-7.69],[112.74,-7.94],[112.85,-8.46],[109.9,-8.01],[110.01,-7.56],[109.4,-7.11],[111.38,-7.24],[111.49,-6.59],[112.53,-6.98],[113.99,-7.04],[112.69,-7.24]]]}},{"type":"Feature","properties":{"n":"Kingdom of Bhutan","f":1683,"t":1787,"w":"Q917"},"geometry":{"type":"Polygon","coordinates":[[[91.82,26.77],[89.7,26.71],[88.8,27.09],[89.73,28.25],[90.27,28.32],[91.57,28.06],[92.08,27.29],[91.82,26.77]]]}},{"type":"Feature","properties":{"n":"Eastern Moghulistan","f":1683,"t":1686,"w":"Q1191125"},"geometry":{"type":"Polygon","coordinates":[[[91.53,37.51],[90.94,36.93],[91.36,36.8],[91.25,36.48],[88.67,36.67],[86.8,36.42],[85.89,35.77],[82.35,35.84],[81.67,35.39],[80.15,35.45],[79.44,35.97],[77.07,35.52],[76.09,35.9],[75.96,36.55],[75.31,37.0],[73.8,36.87],[73.62,37.9],[73.75,38.61],[75.79,39.13],[77.16,38.74],[78.42,37.51],[81.26,36.61],[85.11,37.45],[86.44,38.35],[92.64,39.38],[91.16,38.8],[90.98,38.35],[91.53,37.51]]]}},{"type":"Feature","properties":{"n":"Crimean Khanate","f":1683,"t":1686,"w":"Q160440"},"geometry":{"type":"MultiPolygon","coordinates":[[[[35.02,45.3],[36.38,45.17],[34.03,44.65],[32.61,45.5],[34.15,46.09],[35.02,45.3]]],[[[35.63,46.68],[34.74,46.15],[31.82,46.35],[33.69,46.87],[34.38,47.6],[36.95,47.2],[37.84,47.6],[39.22,47.47],[35.63,46.68]]]]}},{"type":"Feature","properties":{"n":"(Kingdom of England)","f":1683,"t":1686,"w":"Q179876"},"geometry":{"type":"MultiPolygon","coordinates":[[[[-89.17,17.77],[-88.25,18.48],[-88.24,16.49],[-89.19,15.97],[-89.17,17.77]]],[[[-78.39,18.29],[-77.01,18.48],[-76.12,17.9],[-77.37,17.84],[-78.39,18.29]]],[[[-74.86,22.91],[-75.17,23.43],[-75.02,23.43],[-74.86,22.91]]],[[[-77.4,23.81],[-77.76,23.75],[-77.92,24.2],[-77.48,24.26],[-77.4,23.81]]],[[[-75.49,24.39],[-75.59,24.52],[-75.24,24.26],[-75.43,24.07],[-75.49,24.39]]],[[[-78.39,24.71],[-78.19,25.23],[-77.62,24.59],[-78.09,24.33],[-78.39,24.71]]],[[[-76.23,24.78],[-76.26,24.91],[-76.05,24.97],[-76.23,24.78]]],[[[-76.6,25.49],[-76.35,25.36],[-76.48,25.29],[-76.6,25.49]]],[[[-77.29,25.94],[-77.19,26.52],[-77.67,26.97],[-76.94,26.39],[-77.29,25.94]]],[[[-77.98,26.71],[-77.97,26.64],[-78.68,26.45],[-78.6,26.77],[-77.98,26.71]]],[[[-79.68,32.75],[-80.15,32.56],[-80.09,33.07],[-79.68,32.75]]],[[[-77.92,33.91],[-78.15,33.91],[-78.21,34.29],[-77.65,34.23],[-77.92,33.91]]],[[[-77.14,36.22],[-77.03,36.35],[-76.8,36.35],[-76.73,35.97],[-77.14,36.22]]],[[[-76.7,37.71],[-75.81,36.61],[-76.79,36.55],[-77.64,37.71],[-76.7,37.71]]],[[[-76.91,38.42],[-76.83,38.42],[-76.8,38.35],[-76.91,38.42]]],[[[-80.8,51.05],[-81.44,51.25],[-81.36,51.38],[-80.8,51.05]]],[[[-78.99,51.38],[-79.04,51.71],[-78.96,51.71],[-78.48,51.38],[-78.99,51.38]]],[[[-81.59,52.32],[-82.32,52.38],[-82.24,52.52],[-81.59,52.32]]],[[[-59.57,13.01],[-59.67,13.34],[-59.52,13.34],[-59.57,13.01]]],[[[-61.64,17.19],[-61.62,16.94],[-61.76,16.94],[-61.64,17.19]]],[[[-64.87,17.64],[-64.73,17.77],[-64.65,17.64],[-64.87,17.64]]],[[[-64.66,17.77],[-64.59,17.77],[-64.58,17.71],[-64.66,17.77]]],[[[-64.74,17.84],[-64.67,17.84],[-64.66,17.77],[-64.74,17.84]]],[[[-73.66,20.92],[-73.69,21.11],[-72.97,21.24],[-73.66,20.92]]],[[[-72.22,21.69],[-72.32,21.89],[-72.1,21.89],[-72.22,21.69]]],[[[-72.93,22.46],[-72.69,22.34],[-72.82,22.27],[-72.93,22.46]]],[[[-73.67,22.46],[-74.15,22.21],[-73.9,22.46],[-73.94,22.72],[-73.67,22.46]]],[[[-74.51,23.94],[-74.55,24.14],[-74.32,24.14],[-74.51,23.94]]],[[[-64.65,32.36],[-64.67,32.17],[-64.86,32.3],[-64.65,32.36]]],[[[-70.05,41.59],[-70.8,41.85],[-71.52,41.33],[-73.47,41.07],[-71.99,41.13],[-72.25,40.81],[-74.14,40.61],[-73.87,40.16],[-74.64,39.0],[-75.4,39.32],[-74.95,38.42],[-75.85,37.13],[-76.34,39.32],[-76.31,38.09],[-77.23,39.0],[-75.17,40.61],[-74.35,42.11],[-74.29,43.15],[-73.69,42.24],[-73.0,42.3],[-71.08,42.82],[-70.77,43.54],[-70.49,43.28],[-70.98,42.43],[-70.37,41.78],[-69.95,41.91],[-70.05,41.59]]],[[[-70.73,41.33],[-70.73,41.52],[-70.58,41.52],[-70.73,41.33]]],[[[-70.39,43.41],[-70.59,43.67],[-70.44,43.86],[-70.14,43.73],[-70.39,43.41]]],[[[-69.72,43.86],[-69.95,44.19],[-69.66,44.25],[-69.33,44.06],[-69.72,43.86]]],[[[-53.75,46.81],[-53.37,47.27],[-53.64,47.73],[-52.92,48.19],[-53.25,47.6],[-52.76,47.8],[-52.62,47.47],[-53.02,46.61],[-53.75,46.81]]],[[[-52.95,48.46],[-53.39,48.32],[-53.58,48.59],[-52.95,48.46]]],[[[-1.72,4.85],[-1.94,4.72],[-1.94,4.91],[-1.72,4.85]]],[[[-1.21,5.11],[-1.21,5.36],[-1.06,5.36],[-1.21,5.11]]],[[[80.31,12.76],[80.1,12.82],[80.2,13.14],[80.31,12.76]]],[[[72.87,19.25],[73.09,19.25],[72.99,18.99],[72.87,19.25]]],[[[72.89,20.86],[72.62,21.11],[72.63,21.18],[73.08,21.18],[72.89,20.86]]],[[[-5.95,35.71],[-5.72,35.77],[-5.77,35.39],[-5.95,35.71]]],[[[-6.43,52.18],[-9.64,51.45],[-10.45,51.78],[-10.25,52.12],[-10.53,52.25],[-9.94,52.32],[-9.38,53.12],[-10.21,53.46],[-9.83,53.8],[-10.08,54.27],[-8.7,54.27],[-8.32,54.61],[-8.87,54.82],[-8.41,55.23],[-6.15,55.29],[-5.43,54.48],[-6.33,54.07],[-6.43,52.18]]],[[[-4.38,54.41],[-4.36,54.21],[-4.86,54.07],[-4.38,54.41]]],[[[-3.26,56.05],[-1.73,55.7],[-1.29,54.68],[-0.2,54.21],[0.3,53.39],[0.17,52.86],[1.62,52.86],[1.59,52.12],[0.52,51.51],[1.38,51.38],[1.31,51.11],[0.49,50.78],[-1.37,50.85],[-1.18,50.58],[-3.13,50.71],[-3.58,50.25],[-5.75,50.05],[-4.2,51.31],[-3.09,51.25],[-2.95,51.45],[-5.08,51.58],[-5.3,51.98],[-4.16,52.45],[-4.3,52.92],[-4.79,52.79],[-4.49,53.12],[-4.7,53.46],[-3.32,53.39],[-2.97,54.14],[-3.59,54.27],[-3.57,54.89],[-5.21,54.75],[-4.77,55.43],[-5.0,55.84],[-5.44,55.91],[-5.12,55.43],[-5.57,55.57],[-5.63,55.29],[-5.89,55.29],[-5.8,55.98],[-6.63,55.63],[-5.66,56.18],[-6.29,56.32],[-5.95,57.01],[-6.82,57.49],[-6.32,57.77],[-5.7,57.14],[-5.89,57.83],[-5.2,58.67],[-3.14,58.74],[-3.43,58.18],[-4.12,57.97],[-3.99,57.7],[-1.85,57.7],[-2.21,56.87],[-3.26,56.05]]],[[[-7.47,57.08],[-7.6,57.35],[-7.25,57.42],[-7.47,57.08]]],[[[-7.56,57.7],[-7.12,57.7],[-7.11,57.63],[-7.56,57.7]]],[[[-7.13,57.77],[-7.28,58.18],[-6.26,58.53],[-6.52,57.9],[-7.13,57.77]]],[[[-2.81,59.02],[-2.79,58.88],[-3.42,58.81],[-3.2,59.22],[-2.81,59.02]]],[[[-2.83,59.16],[-2.84,59.29],[-2.58,59.36],[-2.83,59.16]]],[[[-1.67,60.21],[-1.63,60.63],[-0.83,60.84],[-1.05,60.35],[-1.67,60.21]]]]}},{"type":"Feature","properties":{"n":"Spanish Empire","f":1683,"t":1686,"w":"Q80702"},"geometry":{"type":"MultiPolygon","coordinates":[[[[-73.46,-42.24],[-73.65,-42.83],[-74.1,-42.76],[-73.46,-42.24]]],[[[-73.9,-40.17],[-73.37,-39.46],[-73.0,-39.72],[-73.9,-40.17]]],[[[-75.34,-10.77],[-75.27,-10.77],[-75.27,-10.84],[-75.34,-10.77]]],[[[-104.74,27.03],[-102.71,26.52],[-101.55,26.9],[-100.66,26.71],[-99.97,25.81],[-99.47,24.07],[-97.72,22.53],[-96.25,19.44],[-95.77,18.8],[-94.48,18.22],[-92.5,18.74],[-91.3,18.61],[-89.98,21.31],[-86.75,21.5],[-87.7,18.29],[-87.99,18.74],[-89.17,17.77],[-90.57,17.77],[-90.6,16.55],[-90.38,16.04],[-89.54,15.84],[-85.67,16.04],[-83.93,15.71],[-83.83,15.46],[-84.34,15.46],[-83.61,14.3],[-84.11,11.09],[-83.58,10.96],[-82.21,9.03],[-81.03,8.84],[-79.69,9.61],[-78.96,9.61],[-77.99,9.29],[-76.83,8.19],[-76.93,8.64],[-75.66,9.48],[-75.58,10.51],[-74.96,11.15],[-74.36,10.89],[-74.17,11.34],[-73.15,11.41],[-71.84,12.44],[-71.1,12.31],[-71.28,11.79],[-71.92,11.6],[-71.65,10.83],[-69.66,11.66],[-68.46,11.34],[-68.19,10.51],[-66.37,10.7],[-65.09,10.06],[-64.03,10.7],[-61.91,10.76],[-62.84,10.38],[-62.3,9.8],[-61.95,9.99],[-60.83,9.54],[-61.15,8.58],[-64.71,8.06],[-65.12,7.55],[-65.87,7.87],[-67.01,7.16],[-67.06,6.65],[-69.96,6.2],[-73.64,4.59],[-75.79,2.21],[-76.3,1.31],[-76.81,0.41],[-76.74,0.22],[-76.96,0.09],[-77.87,-3.25],[-77.85,-4.92],[-77.5,-6.85],[-76.34,-8.39],[-75.17,-11.35],[-73.87,-12.44],[-71.88,-13.15],[-70.67,-12.76],[-68.37,-13.28],[-65.67,-14.89],[-63.8,-15.34],[-62.59,-16.36],[-63.18,-20.61],[-64.19,-23.63],[-64.07,-24.79],[-63.27,-26.2],[-61.05,-26.78],[-59.61,-26.72],[-58.85,-26.27],[-57.5,-24.34],[-57.0,-24.47],[-58.43,-26.84],[-58.75,-30.32],[-58.27,-30.89],[-58.56,-32.76],[-58.25,-33.34],[-58.55,-34.49],[-60.29,-33.79],[-63.06,-34.62],[-64.35,-34.3],[-67.86,-34.43],[-70.36,-35.27],[-70.7,-36.3],[-71.2,-36.62],[-71.35,-37.91],[-73.34,-36.94],[-71.63,-32.69],[-71.94,-30.83],[-70.57,-25.17],[-70.53,-23.63],[-70.81,-23.5],[-70.27,-21.96],[-70.26,-19.84],[-70.44,-18.42],[-71.62,-17.33],[-75.22,-15.53],[-76.08,-14.69],[-76.46,-14.18],[-76.38,-13.41],[-77.8,-11.35],[-78.98,-8.46],[-79.98,-6.91],[-81.33,-6.14],[-81.01,-5.63],[-81.47,-4.41],[-80.05,-3.12],[-81.12,-2.29],[-81.03,-0.94],[-80.16,0.22],[-80.23,0.86],[-79.06,1.25],[-78.78,2.34],[-77.91,2.6],[-77.26,3.63],[-77.56,4.08],[-77.41,6.52],[-78.5,7.94],[-78.23,8.45],[-79.64,8.9],[-80.41,8.26],[-80.0,7.42],[-80.94,7.16],[-81.05,7.87],[-81.47,7.61],[-81.94,8.19],[-83.71,8.45],[-83.67,9.09],[-84.83,9.99],[-85.24,9.61],[-85.78,9.99],[-85.72,11.09],[-87.55,12.69],[-87.47,13.34],[-88.85,13.21],[-91.35,13.91],[-94.77,16.36],[-96.21,15.65],[-97.72,15.91],[-101.11,17.26],[-101.9,17.96],[-103.19,18.16],[-105.05,19.38],[-105.54,20.02],[-105.13,21.31],[-105.7,22.59],[-108.04,24.91],[-106.11,23.75],[-106.44,25.36],[-105.47,25.94],[-106.58,27.16],[-105.88,27.8],[-106.84,29.09],[-106.77,31.85],[-106.18,31.53],[-106.36,29.22],[-104.74,27.03]]],[[[-76.3,1.31],[-76.22,1.31],[-76.22,1.25],[-76.3,1.31]]],[[[-75.14,2.92],[-75.07,2.92],[-75.07,2.86],[-75.14,2.92]]],[[[-81.61,7.36],[-81.9,7.36],[-81.91,7.61],[-81.61,7.36]]],[[[-79.03,8.32],[-78.96,8.45],[-78.81,8.45],[-79.03,8.32]]],[[[-64.04,10.83],[-64.35,11.09],[-63.84,11.21],[-64.04,10.83]]],[[[-69.73,11.66],[-70.24,11.6],[-70.28,12.11],[-69.85,12.24],[-69.73,11.66]]],[[[-67.12,17.96],[-67.26,18.48],[-66.16,18.54],[-65.52,18.16],[-67.12,17.96]]],[[[-68.56,18.22],[-70.72,18.35],[-71.28,17.58],[-72.18,18.22],[-72.0,18.54],[-72.51,19.57],[-70.78,19.96],[-69.08,19.38],[-69.49,19.12],[-68.24,18.67],[-68.56,18.22]]],[[[-86.7,20.34],[-86.99,20.28],[-87.02,20.47],[-86.7,20.34]]],[[[-74.07,20.15],[-77.65,19.83],[-77.19,20.66],[-78.24,20.79],[-78.66,21.56],[-82.05,22.27],[-81.74,22.66],[-84.8,21.82],[-84.0,22.79],[-82.29,23.24],[-80.57,23.17],[-74.07,20.15]]],[[[-82.5,21.44],[-82.95,21.44],[-83.04,21.95],[-82.66,21.95],[-82.5,21.44]]],[[[-78.6,22.53],[-78.23,22.59],[-78.2,22.4],[-78.6,22.53]]],[[[-83.84,30.05],[-84.88,29.73],[-85.67,31.01],[-81.97,30.37],[-81.87,31.27],[-81.21,31.59],[-81.44,30.89],[-80.55,28.57],[-81.94,28.12],[-83.84,30.05]]],[[[-61.0,10.06],[-61.73,10.06],[-61.55,10.83],[-60.89,10.83],[-61.0,10.06]]],[[[120.0,10.51],[118.85,9.93],[118.73,10.19],[119.19,10.44],[119.34,11.15],[120.0,10.51]]],[[[119.85,11.79],[119.87,11.92],[120.09,11.92],[119.85,11.79]]],[[[119.84,12.31],[120.34,12.18],[120.32,11.99],[119.84,12.31]]],[[[120.74,13.59],[121.44,13.34],[121.29,12.18],[120.34,13.34],[120.74,13.59]]],[[[120.1,13.72],[120.12,13.85],[120.27,13.85],[120.1,13.72]]],[[[122.13,15.01],[122.07,14.62],[121.86,14.69],[122.13,15.01]]],[[[121.6,15.84],[121.67,14.43],[122.19,13.98],[122.76,14.36],[123.12,13.79],[123.24,14.11],[123.87,13.91],[123.61,13.59],[124.14,13.21],[124.12,12.5],[123.45,13.01],[123.06,12.82],[123.27,13.27],[122.69,13.85],[122.74,13.21],[121.82,13.91],[121.4,13.59],[120.62,13.79],[120.97,14.62],[120.35,14.43],[119.73,16.1],[120.01,16.42],[120.4,16.1],[120.61,18.54],[122.39,18.54],[122.22,17.64],[122.64,17.13],[122.26,16.23],[121.6,15.84]]],[[[-17.85,27.87],[-17.9,27.61],[-18.06,27.67],[-17.85,27.87]]],[[[-15.36,27.8],[-15.73,27.74],[-15.76,28.19],[-15.3,28.12],[-15.36,27.8]]],[[[-17.35,28.19],[-17.12,28.25],[-17.03,28.06],[-17.35,28.19]]],[[[-16.91,28.38],[-16.09,28.57],[-16.36,28.06],[-16.65,27.93],[-16.91,28.38]]],[[[-14.07,28.7],[-13.77,28.77],[-13.81,28.25],[-14.32,28.06],[-14.07,28.7]]],[[[-17.71,28.89],[-17.67,28.51],[-17.9,28.51],[-17.71,28.89]]],[[[-13.65,29.22],[-13.42,29.22],[-13.47,28.89],[-13.86,28.96],[-13.65,29.22]]],[[[-2.98,35.26],[-2.99,35.45],[-2.84,35.45],[-2.98,35.26]]],[[[-0.53,35.71],[-0.45,35.58],[-0.67,35.45],[-0.92,35.71],[-0.53,35.71]]],[[[-5.57,35.84],[-5.34,35.84],[-5.33,35.77],[-5.57,35.84]]],[[[126.2,6.39],[125.83,7.23],[125.52,7.04],[125.65,5.88],[125.33,5.49],[125.15,6.01],[124.7,5.81],[124.0,6.26],[124.09,7.42],[123.68,7.74],[122.76,7.23],[122.59,7.74],[122.23,6.97],[121.8,6.97],[122.1,8.0],[123.34,8.77],[124.09,8.19],[124.82,9.03],[125.48,9.03],[125.42,9.86],[126.24,9.29],[126.59,7.61],[126.2,6.39]]],[[[124.55,9.22],[124.77,9.29],[124.82,9.03],[124.55,9.22]]],[[[123.58,9.03],[123.44,9.09],[123.54,9.35],[123.58,9.03]]],[[[125.83,9.61],[125.92,9.74],[125.91,9.67],[125.83,9.61]]],[[[126.14,9.8],[126.06,9.67],[125.94,9.99],[126.14,9.8]]],[[[124.5,10.19],[124.62,9.93],[123.78,9.54],[123.74,9.86],[124.5,10.19]]],[[[122.81,10.12],[122.9,10.89],[123.56,10.96],[123.15,9.8],[123.22,9.03],[122.33,9.67],[122.81,10.12]]],[[[125.47,10.38],[125.7,10.44],[125.71,9.86],[125.47,10.38]]],[[[123.6,9.99],[123.48,9.48],[123.26,9.48],[124.11,11.28],[124.0,10.25],[123.6,9.99]]],[[[121.93,11.99],[123.12,11.54],[122.62,10.38],[121.9,10.44],[121.93,11.99]]],[[[125.24,10.25],[124.92,9.99],[124.25,11.21],[124.31,11.73],[124.71,11.34],[124.97,11.73],[124.27,12.56],[125.55,12.24],[125.77,11.02],[125.06,11.21],[125.24,10.25]]],[[[123.83,12.56],[124.09,11.73],[123.17,11.99],[123.83,12.56]]],[[[121.9,12.37],[122.13,12.44],[122.09,12.11],[121.9,12.37]]],[[[122.69,12.24],[122.41,12.37],[122.51,12.56],[122.69,12.24]]],[[[121.99,12.5],[122.02,12.69],[122.24,12.69],[121.99,12.5]]],[[[122.2,13.53],[122.16,13.21],[121.86,13.21],[121.75,13.46],[122.2,13.53]]],[[[144.84,13.34],[144.61,13.27],[144.65,13.53],[144.97,13.66],[144.84,13.34]]],[[[124.11,13.53],[124.12,14.11],[124.47,13.98],[124.11,13.53]]]]}},{"type":"Feature","properties":{"n":"Tibet","f":1683,"t":1699,"w":"Q521263"},"geometry":{"type":"Polygon","coordinates":[[[100.68,29.73],[99.7,28.32],[99.4,29.47],[98.54,28.19],[95.58,28.77],[92.09,27.35],[91.67,27.48],[91.57,28.06],[90.27,28.32],[89.73,28.25],[88.95,27.42],[88.78,28.06],[85.98,27.99],[84.41,28.77],[84.14,29.28],[83.45,29.22],[82.04,30.37],[81.01,30.18],[79.45,31.01],[78.46,32.3],[78.71,32.69],[79.46,32.62],[78.83,33.46],[78.98,34.04],[79.45,34.04],[80.22,35.45],[81.67,35.39],[82.35,35.84],[85.89,35.77],[86.8,36.42],[91.25,36.48],[92.36,37.0],[98.85,34.1],[101.87,33.52],[100.68,29.73]]]}},{"type":"Feature","properties":{"n":"Balinese Kingdom","f":1683,"t":1686,"w":"Q12491027"},"geometry":{"type":"Polygon","coordinates":[[[114.3,-8.33],[114.36,-8.07],[115.61,-8.26],[115.0,-8.91],[114.3,-8.33]]]}},{"type":"Feature","properties":{"n":"Holy Roman Empire Minor States","f":1683,"t":1686,"w":"Q12548"},"geometry":{"type":"MultiPolygon","coordinates":[[[[8.03,44.06],[8.11,44.52],[8.59,44.71],[8.03,44.06]]],[[[8.75,44.91],[8.51,44.91],[8.59,45.04],[8.75,44.91]]],[[[6.83,47.14],[7.08,46.94],[6.51,46.87],[6.83,47.14]]],[[[6.98,47.6],[6.99,47.47],[6.82,47.6],[6.98,47.6]]],[[[7.55,47.93],[7.89,47.66],[7.56,47.53],[7.55,47.93]]],[[[8.46,53.94],[8.81,53.87],[8.72,53.66],[8.46,53.94]]],[[[9.4,54.82],[9.58,54.55],[8.8,54.14],[8.71,54.61],[9.4,54.82]]],[[[9.75,55.57],[8.53,54.89],[8.79,55.77],[9.75,55.57]]],[[[9.24,44.91],[9.32,45.17],[10.45,45.04],[10.62,45.43],[11.35,44.84],[10.62,43.8],[9.24,44.91]]],[[[9.54,47.2],[9.63,47.14],[9.46,47.14],[9.54,47.2]]],[[[13.0,47.53],[13.18,48.06],[13.74,47.07],[12.18,47.07],[12.51,47.66],[13.0,47.53]]],[[[13.36,48.99],[14.1,48.65],[13.85,48.46],[13.27,48.59],[13.36,48.99]]],[[[12.8,50.65],[12.63,50.65],[12.55,50.91],[12.8,50.65]]],[[[8.11,48.99],[6.69,49.18],[7.01,49.65],[6.35,49.58],[6.58,50.11],[6.07,50.25],[6.4,50.51],[6.07,50.45],[5.97,50.98],[5.71,51.05],[5.9,50.38],[4.65,50.11],[5.77,51.78],[6.88,51.45],[6.45,51.85],[6.95,52.25],[6.68,52.65],[7.18,53.33],[6.91,53.6],[7.94,53.73],[7.61,53.12],[8.13,52.79],[8.64,53.12],[8.82,52.79],[10.79,54.27],[11.48,53.8],[11.4,54.14],[12.44,54.41],[13.12,53.66],[13.55,53.8],[13.2,53.33],[11.74,53.6],[11.13,53.33],[11.39,53.06],[10.79,52.99],[10.96,52.45],[10.53,52.12],[10.87,51.65],[11.38,51.78],[11.29,51.45],[10.1,51.18],[11.88,50.98],[12.05,51.31],[12.55,50.91],[11.79,50.85],[12.21,50.78],[12.12,50.18],[11.2,49.78],[11.28,49.12],[10.94,48.85],[10.03,49.12],[10.53,48.26],[10.12,48.06],[10.53,48.19],[10.69,47.73],[10.37,47.33],[9.04,47.73],[9.29,47.99],[8.22,47.66],[8.21,47.99],[8.21,48.26],[7.71,48.32],[8.11,48.99]],[[8.46,47.99],[8.38,48.13],[8.21,47.99],[8.46,47.99]],[[10.44,51.65],[10.44,51.45],[10.78,51.45],[10.44,51.65]],[[10.2,48.46],[10.11,48.46],[10.11,48.32],[10.2,48.46]],[[9.95,48.46],[9.45,48.46],[9.45,48.19],[9.95,48.46]],[[9.54,47.86],[9.54,47.99],[9.37,47.93],[9.54,47.86]],[[9.37,48.26],[9.37,48.46],[9.2,48.32],[9.37,48.26]],[[8.71,48.19],[8.79,48.32],[8.54,48.32],[8.71,48.19]],[[9.04,48.19],[9.04,48.26],[8.87,48.32],[9.04,48.19]],[[7.98,51.98],[8.91,52.12],[8.91,52.52],[8.14,52.59],[7.98,51.98]],[[8.71,47.99],[8.63,47.99],[8.79,47.86],[8.71,47.99]],[[8.62,48.65],[8.53,48.59],[8.62,48.52],[8.62,48.65]],[[8.45,48.39],[8.21,48.39],[8.29,48.32],[8.45,48.39]],[[8.29,48.59],[8.37,48.46],[8.45,48.59],[8.29,48.59]],[[7.55,52.12],[7.8,52.12],[7.8,52.45],[7.28,52.59],[7.55,52.12]],[[7.05,51.58],[7.06,51.31],[7.57,51.25],[7.56,51.65],[7.05,51.58]]],[[[11.71,51.31],[11.46,51.51],[12.4,51.85],[11.71,51.31]]],[[[9.93,54.55],[10.19,54.55],[10.1,54.21],[9.75,54.14],[9.93,54.55]]]]}},{"type":"Feature","properties":{"n":"Tümed","f":1683,"t":1686,"w":"Q3402317"},"geometry":{"type":"Polygon","coordinates":[[[101.7,37.58],[102.1,37.77],[102.84,36.74],[102.57,35.64],[101.71,35.0],[102.03,34.61],[100.92,34.74],[101.07,34.29],[101.69,34.1],[101.53,33.84],[98.85,34.1],[93.54,36.61],[90.94,36.93],[91.53,37.51],[90.94,38.03],[90.92,38.61],[93.22,39.45],[96.22,39.64],[97.91,39.0],[99.2,39.26],[99.81,38.48],[100.34,38.61],[101.7,37.58]]]}},{"type":"Feature","properties":{"n":"Kazakh Khanate","f":1683,"t":1686,"w":"Q1433867"},"geometry":{"type":"MultiPolygon","coordinates":[[[[53.1,46.02],[53.18,46.02],[53.17,45.96],[53.1,46.02]]],[[[63.18,54.21],[67.41,53.06],[70.38,52.99],[73.34,53.26],[77.51,54.61],[76.57,53.19],[78.41,51.31],[84.0,50.85],[84.83,50.18],[83.77,49.58],[84.5,49.38],[84.19,48.92],[80.55,48.26],[79.28,46.87],[78.27,46.61],[74.6,46.87],[73.63,46.28],[73.33,45.5],[74.05,45.04],[74.11,44.12],[70.82,43.28],[69.73,42.43],[74.36,43.93],[74.21,43.08],[73.38,42.11],[72.31,42.24],[68.28,40.36],[62.18,43.15],[60.88,44.45],[61.58,44.91],[61.72,45.37],[61.34,45.43],[61.25,45.96],[61.64,46.94],[60.12,46.81],[59.31,46.02],[58.64,45.96],[57.96,44.45],[58.34,43.47],[57.33,43.02],[52.74,42.63],[51.44,43.21],[51.07,44.06],[50.26,44.39],[51.42,44.52],[51.02,44.84],[51.47,45.37],[54.3,44.97],[54.29,45.56],[53.06,45.56],[53.35,46.35],[53.11,47.01],[52.11,46.94],[51.92,49.91],[52.58,52.32],[54.24,52.45],[58.92,51.71],[59.93,51.92],[61.16,53.53],[63.18,54.21]]]]}},{"type":"Feature","properties":{"n":"Swedish Empire","f":1683,"t":1701,"w":"Q215443"},"geometry":{"type":"MultiPolygon","coordinates":[[[[8.38,53.73],[9.5,53.6],[9.33,52.99],[8.82,52.79],[8.38,53.73]]],[[[11.48,53.94],[11.48,53.8],[11.22,53.8],[11.48,53.94]]],[[[14.23,53.46],[13.12,53.66],[12.44,54.48],[13.58,54.68],[13.74,54.27],[13.3,54.21],[14.33,53.73],[14.23,53.46]]],[[[18.91,57.42],[18.08,56.94],[18.23,57.83],[19.05,57.97],[18.91,57.42]]],[[[22.25,58.67],[23.23,58.6],[21.9,57.9],[21.88,58.53],[22.25,58.67]]],[[[22.49,59.16],[22.9,58.81],[22.35,58.74],[22.49,59.16]]],[[[19.95,60.07],[19.68,60.14],[19.72,60.49],[20.17,60.42],[19.95,60.07]]],[[[7.4,62.62],[7.39,62.76],[7.67,62.76],[7.4,62.62]]],[[[29.8,61.05],[30.86,59.43],[27.37,59.16],[27.7,57.83],[26.53,56.59],[25.45,56.39],[23.47,56.8],[24.23,57.28],[24.27,58.25],[23.41,58.53],[23.41,59.29],[25.37,59.71],[27.88,59.5],[28.41,59.92],[29.94,59.85],[30.16,60.07],[28.99,60.14],[28.45,60.7],[23.03,59.85],[21.38,60.63],[21.5,61.69],[20.96,62.69],[21.5,63.34],[22.16,63.34],[24.56,64.93],[25.23,64.93],[25.23,65.52],[22.38,65.81],[22.44,65.52],[21.21,64.93],[21.54,64.42],[20.81,63.91],[17.39,62.47],[17.26,60.77],[18.61,60.42],[19.01,59.71],[18.35,59.43],[18.41,59.09],[16.66,58.46],[16.48,56.87],[17.12,57.28],[16.44,56.25],[16.19,56.52],[15.82,56.11],[14.77,56.18],[14.23,55.91],[14.3,55.36],[12.81,55.36],[12.91,55.77],[12.48,56.11],[12.75,56.66],[11.18,58.39],[11.1,59.09],[11.64,58.95],[11.83,59.85],[12.57,60.35],[12.31,60.98],[12.78,61.19],[12.14,61.76],[12.19,63.77],[14.1,64.13],[13.64,64.71],[14.54,65.44],[14.57,66.11],[16.38,67.07],[16.23,67.59],[18.05,68.12],[18.09,68.57],[19.96,68.42],[20.24,69.03],[21.07,69.26],[22.78,68.65],[24.86,68.57],[26.52,69.95],[29.2,69.72],[28.42,68.42],[29.94,67.67],[29.05,66.77],[30.31,65.81],[29.81,64.86],[30.55,64.28],[30.05,63.7],[32.2,62.33],[31.61,61.34],[30.56,61.62],[29.8,61.05]]],[[[8.32,63.41],[8.22,63.41],[8.22,63.48],[8.32,63.41]]]]}},{"type":"Feature","properties":{"n":"Portuguese Empire","f":1683,"t":1686,"w":"Q200464"},"geometry":{"type":"MultiPolygon","coordinates":[[[[-57.29,-33.79],[-57.4,-34.49],[-58.39,-34.17],[-57.8,-33.66],[-57.29,-33.79]]],[[[-50.18,-29.16],[-50.17,-29.09],[-50.09,-29.09],[-50.18,-29.16]]],[[[-48.49,-0.23],[-48.93,-1.51],[-48.27,-0.74],[-47.4,-0.55],[-45.44,-1.64],[-44.93,-1.45],[-44.07,-2.54],[-43.19,-2.35],[-42.32,-2.8],[-39.42,-3.12],[-37.26,-4.86],[-35.37,-5.31],[-34.84,-7.49],[-35.41,-9.36],[-37.24,-11.09],[-38.13,-12.83],[-39.03,-13.28],[-39.28,-17.78],[-41.14,-22.15],[-41.91,-22.41],[-42.12,-22.99],[-44.74,-23.05],[-44.7,-23.37],[-45.48,-23.69],[-45.37,-24.02],[-46.09,-23.82],[-48.69,-25.49],[-48.8,-26.72],[-48.45,-27.42],[-48.88,-28.64],[-49.74,-29.22],[-50.35,-30.44],[-51.25,-30.38],[-52.2,-31.66],[-51.72,-31.92],[-52.55,-32.56],[-52.9,-31.73],[-52.01,-31.15],[-51.69,-29.93],[-50.56,-29.99],[-49.18,-28.19],[-49.05,-25.88],[-49.92,-25.17],[-48.9,-22.99],[-45.61,-22.86],[-43.38,-22.21],[-42.32,-21.25],[-41.15,-18.94],[-40.76,-17.01],[-40.02,-15.91],[-39.53,-11.67],[-38.46,-10.51],[-37.87,-8.52],[-39.82,-5.18],[-42.42,-4.15],[-45.04,-3.89],[-46.47,-2.41],[-47.7,-1.84],[-49.31,-2.35],[-49.39,-2.86],[-49.82,-2.74],[-49.82,-2.29],[-51.92,-1.96],[-53.9,-2.61],[-55.28,-2.54],[-56.48,-4.28],[-56.69,-4.02],[-56.01,-2.54],[-58.43,-3.31],[-60.83,-3.25],[-60.53,-2.86],[-57.97,-2.48],[-56.8,-1.77],[-53.74,-1.51],[-50.67,1.96],[-49.95,1.7],[-50.39,0.74],[-48.49,-0.23]]],[[[6.3,0.35],[6.67,0.41],[6.66,0.16],[6.3,0.35]]],[[[-15.92,12.18],[-16.58,12.18],[-16.81,12.63],[-16.08,12.76],[-15.92,12.18]]],[[[-24.45,15.07],[-24.23,15.07],[-24.29,14.75],[-24.45,15.07]]],[[[-23.41,14.88],[-23.78,14.94],[-23.73,15.33],[-23.41,14.88]]],[[[-23.28,15.26],[-23.06,15.33],[-22.99,15.2],[-23.28,15.26]]],[[[-22.65,15.97],[-22.94,15.97],[-22.88,16.23],[-22.65,15.97]]],[[[-24.38,16.68],[-24.08,16.68],[-24.08,16.55],[-24.38,16.68]]],[[[-22.83,16.68],[-22.98,16.68],[-22.98,16.81],[-22.83,16.68]]],[[[-25.27,16.87],[-25.29,17.19],[-24.82,16.74],[-25.27,16.87]]],[[[-8.7,33.2],[-8.44,32.88],[-8.73,32.62],[-9.05,32.88],[-8.7,33.2]]],[[[35.33,-24.27],[35.03,-24.21],[34.93,-23.82],[35.38,-23.82],[35.33,-24.27]]],[[[34.54,-19.58],[34.71,-20.16],[34.34,-20.16],[34.54,-19.58]]],[[[37.63,-17.59],[37.2,-17.78],[37.26,-17.39],[37.63,-17.59]]],[[[40.75,-14.69],[40.55,-15.34],[40.17,-14.95],[40.75,-14.69]]],[[[12.89,-12.64],[13.63,-12.44],[13.55,-12.83],[12.82,-13.02],[12.89,-12.64]]],[[[13.54,-9.1],[13.11,-9.49],[12.89,-8.91],[13.47,-8.52],[13.54,-9.1]]],[[[39.82,-7.88],[39.53,-8.01],[39.52,-7.81],[39.82,-7.88]]],[[[39.12,-5.76],[39.27,-5.76],[39.43,-6.53],[39.12,-5.76]]],[[[39.55,-5.11],[39.55,-4.92],[39.77,-4.99],[39.55,-5.44],[39.55,-5.11]]],[[[39.39,-3.76],[39.75,-3.7],[39.54,-4.34],[39.39,-3.76]]],[[[7.34,1.51],[7.19,1.51],[7.27,1.7],[7.34,1.51]]],[[[8.54,3.76],[8.83,3.82],[8.68,3.18],[8.31,3.24],[8.54,3.76]]]]}},{"type":"Feature","properties":{"n":"Bijapur Sultanate","f":1683,"t":1686,"w":"Q83821"},"geometry":{"type":"Polygon","coordinates":[[[74.37,17.39],[74.78,17.77],[78.04,17.9],[77.91,17.39],[74.85,16.36],[74.37,17.39]]]}},{"type":"Feature","properties":{"n":"New France","f":1683,"t":1686,"w":"Q170604"},"geometry":{"type":"MultiPolygon","coordinates":[[[[-64.88,17.71],[-64.89,17.84],[-64.74,17.84],[-64.88,17.71]]],[[[-73.92,18.03],[-74.44,18.61],[-72.3,18.61],[-72.79,19.51],[-73.41,19.64],[-72.64,19.96],[-72.1,19.83],[-72.51,19.57],[-72.0,18.54],[-72.18,18.22],[-73.92,18.03]]],[[[-89.72,41.0],[-89.5,40.74],[-89.78,40.68],[-90.0,40.94],[-89.72,41.0]]],[[[-88.99,41.72],[-88.77,41.46],[-89.05,41.39],[-88.99,41.72]]],[[[-88.01,44.39],[-88.32,44.65],[-88.16,44.78],[-87.76,44.52],[-88.01,44.39]]],[[[-64.65,44.97],[-65.49,44.52],[-65.67,44.91],[-64.63,45.3],[-66.35,45.5],[-64.56,46.22],[-64.13,45.63],[-63.09,45.3],[-64.65,44.97]]],[[[-84.63,45.56],[-84.74,45.76],[-84.1,45.5],[-84.63,45.56]]],[[[-72.43,46.41],[-73.62,45.69],[-73.3,45.24],[-74.51,45.37],[-75.46,44.84],[-75.77,44.19],[-76.71,44.45],[-75.36,45.76],[-73.1,46.74],[-71.15,47.27],[-70.56,47.07],[-69.24,48.19],[-69.85,47.14],[-72.43,46.41]]],[[[-85.0,46.48],[-84.47,46.41],[-84.56,46.28],[-85.0,46.48]]],[[[-79.16,47.73],[-78.92,47.47],[-79.21,47.4],[-79.16,47.73]]],[[[-79.53,47.66],[-79.57,47.73],[-79.49,47.73],[-79.53,47.66]]],[[[-54.27,5.24],[-54.06,5.75],[-52.89,5.49],[-51.71,4.53],[-51.77,3.95],[-54.27,5.24]]],[[[-61.71,12.24],[-61.57,12.24],[-61.55,11.99],[-61.71,12.24]]],[[[-60.82,14.04],[-60.8,13.72],[-60.94,13.66],[-60.82,14.04]]],[[[-61.08,14.49],[-61.19,14.88],[-60.81,14.75],[-60.78,14.43],[-61.08,14.49]]],[[[-17.16,14.62],[-17.45,14.69],[-17.39,14.88],[-17.16,14.62]]],[[[-16.24,15.78],[-16.6,15.65],[-16.47,16.16],[-16.24,15.78]]],[[[-61.35,16.49],[-61.17,16.23],[-61.58,15.91],[-61.77,16.29],[-61.35,16.49]]],[[[-64.73,17.71],[-64.73,17.77],[-64.66,17.77],[-64.73,17.71]]],[[[-63.16,18.22],[-62.95,18.29],[-62.92,18.03],[-63.16,18.22]]],[[[-53.67,47.2],[-54.08,47.2],[-54.02,47.66],[-53.67,47.2]]],[[[-53.72,47.53],[-53.75,47.6],[-53.67,47.6],[-53.72,47.53]]]]}},{"type":"Feature","properties":{"n":"Qing Dynasty","f":1683,"t":1686,"w":"Q8733"},"geometry":{"type":"MultiPolygon","coordinates":[[[[108.76,18.41],[108.7,19.38],[109.25,19.96],[110.91,20.15],[111.03,19.57],[109.86,18.35],[108.76,18.41]]],[[[120.67,21.95],[120.01,23.11],[120.96,25.04],[121.77,25.29],[122.01,25.04],[121.38,22.91],[120.67,21.95]]],[[[122.28,29.99],[121.98,29.99],[122.05,30.18],[122.28,29.99]]],[[[127.28,52.12],[127.87,51.92],[135.31,51.78],[138.16,51.92],[140.8,53.6],[141.46,53.33],[141.15,52.52],[141.56,52.25],[140.65,51.25],[140.25,48.59],[135.28,43.6],[133.27,42.69],[131.91,43.28],[130.77,42.43],[129.84,42.95],[129.7,42.5],[128.07,41.98],[128.34,41.65],[128.1,41.39],[126.83,41.78],[124.23,39.84],[122.94,39.64],[121.42,38.74],[121.03,38.74],[121.69,39.38],[121.21,39.51],[122.23,40.48],[121.82,40.87],[121.11,40.87],[118.99,39.19],[117.78,39.13],[117.77,38.35],[119.46,37.96],[119.16,37.19],[120.75,37.9],[122.71,37.45],[122.39,36.8],[120.98,36.61],[119.23,34.81],[120.34,34.36],[120.92,32.62],[121.96,31.98],[121.58,31.4],[121.9,30.82],[120.68,30.18],[121.48,30.31],[122.03,29.92],[121.94,29.22],[121.59,29.54],[121.65,28.32],[121.12,28.32],[119.59,26.13],[119.53,25.62],[119.87,25.49],[119.27,25.49],[118.76,24.59],[118.15,24.52],[116.54,22.91],[114.64,22.72],[114.37,22.08],[113.6,22.72],[113.07,21.89],[110.42,21.18],[110.57,20.34],[110.03,20.21],[109.81,21.5],[107.24,21.69],[106.71,22.08],[106.71,22.91],[105.44,23.3],[103.96,22.53],[101.72,22.46],[101.81,21.18],[101.36,21.18],[101.16,21.76],[100.22,21.5],[99.94,22.08],[99.29,22.14],[99.57,22.98],[98.94,23.24],[98.88,24.14],[97.65,23.94],[97.65,24.78],[98.67,25.81],[98.84,26.58],[98.74,27.48],[98.16,28.19],[98.87,28.32],[99.4,29.47],[99.61,28.25],[100.68,29.73],[101.87,33.52],[101.2,33.78],[101.69,34.1],[100.85,34.55],[102.03,34.61],[101.71,35.0],[102.92,36.35],[102.1,37.77],[101.7,37.58],[99.9,38.87],[100.97,40.23],[101.07,40.94],[97.26,41.78],[97.09,42.76],[101.56,42.56],[104.81,41.59],[106.86,42.3],[110.28,42.69],[111.89,43.67],[112.07,44.39],[115.88,45.56],[116.72,46.35],[119.94,46.87],[118.48,47.99],[117.31,47.73],[115.42,47.99],[116.68,49.78],[117.83,49.52],[119.28,50.11],[119.65,51.11],[120.67,52.05],[120.53,52.59],[119.9,52.65],[120.63,53.19],[125.96,53.66],[127.28,52.12]]]]}},{"type":"Feature","properties":{"n":"Kingdom of France","f":1683,"t":1686,"w":"Q207162"},"geometry":{"type":"MultiPolygon","coordinates":[[[[5.51,49.52],[7.01,49.65],[6.69,49.18],[8.11,48.99],[7.56,47.6],[6.82,47.6],[6.99,47.27],[5.48,45.56],[6.64,44.84],[6.81,44.32],[6.42,44.06],[6.91,43.54],[5.8,43.15],[3.85,43.6],[2.98,43.15],[3.09,42.5],[2.46,42.37],[-1.43,43.08],[-1.69,43.41],[-1.03,45.5],[-1.25,46.28],[-2.01,46.61],[-2.58,47.47],[-4.42,47.8],[-4.89,48.32],[-4.6,48.72],[-3.46,48.92],[-1.6,48.65],[-2.03,49.78],[0.01,49.38],[0.22,49.85],[1.45,50.25],[1.66,51.05],[2.49,51.18],[2.6,50.85],[4.05,50.51],[4.15,49.98],[4.74,50.05],[5.51,49.52]]],[[[-63.5,49.32],[-64.59,49.98],[-63.1,49.85],[-61.73,49.12],[-63.5,49.32]]]]}},{"type":"Feature","properties":{"n":"Khoshut Khanate","f":1683,"t":1686,"w":"Q10921634"},"geometry":{"type":"Polygon","coordinates":[[[101.07,40.94],[100.97,40.23],[99.9,38.87],[100.23,38.35],[99.2,39.26],[97.91,39.0],[96.22,39.64],[92.59,39.26],[95.76,42.82],[97.26,41.78],[101.07,40.94]]]}},{"type":"Feature","properties":{"n":"(Habsburg Monarchy)","f":1683,"t":1686,"w":"Q66504140"},"geometry":{"type":"MultiPolygon","coordinates":[[[[7.63,48.32],[8.21,48.26],[8.06,47.33],[7.56,47.53],[7.89,47.66],[7.63,48.32]]],[[[8.71,47.93],[8.79,47.86],[8.63,47.86],[8.71,47.93]]],[[[8.21,47.99],[8.21,48.13],[8.38,48.13],[8.21,47.99]]],[[[8.79,48.32],[8.71,48.19],[8.54,48.32],[8.79,48.32]]],[[[8.21,48.39],[8.45,48.39],[8.29,48.32],[8.21,48.39]]],[[[8.37,48.46],[8.29,48.59],[8.45,48.59],[8.37,48.46]]],[[[7.79,48.52],[7.79,48.59],[7.95,48.59],[7.79,48.52]]],[[[8.62,48.65],[8.7,48.52],[8.62,48.52],[8.62,48.65]]],[[[7.95,48.59],[7.95,48.65],[8.04,48.65],[8.04,48.59],[7.95,48.59]]],[[[8.12,48.65],[8.04,48.65],[8.03,48.72],[8.12,48.65]]],[[[9.29,47.99],[9.29,47.8],[8.88,47.73],[9.29,47.99]]],[[[9.54,47.99],[9.54,47.86],[9.37,47.93],[9.54,47.99]]],[[[10.36,47.99],[10.12,48.06],[10.2,48.26],[10.36,47.99]]],[[[16.49,48.13],[16.32,48.13],[16.41,48.26],[16.49,48.13]]],[[[8.87,48.19],[8.87,48.32],[9.04,48.26],[8.87,48.19]]],[[[9.45,48.46],[10.03,48.26],[9.78,48.32],[9.45,48.46]]],[[[9.37,48.46],[9.37,48.26],[9.2,48.32],[9.37,48.46]]],[[[17.91,48.32],[18.34,47.01],[16.75,48.52],[15.92,48.32],[17.43,46.87],[16.92,46.35],[17.3,45.69],[16.3,45.04],[15.82,45.24],[15.8,44.71],[15.23,44.45],[14.6,45.37],[14.03,45.04],[13.79,45.24],[14.12,45.5],[13.31,45.82],[13.56,46.55],[12.09,46.68],[10.78,45.69],[10.45,45.82],[10.45,46.94],[9.54,47.2],[9.62,47.53],[12.51,47.66],[12.18,47.07],[13.74,47.07],[13.18,48.06],[14.1,48.65],[12.53,49.52],[12.12,50.25],[14.33,51.05],[15.0,50.91],[15.13,52.25],[15.81,52.25],[16.13,51.71],[17.32,51.71],[17.55,51.25],[19.03,50.58],[19.24,49.85],[18.88,49.45],[19.63,49.38],[18.36,49.05],[17.91,48.32]]],[[[10.11,48.46],[10.28,48.39],[10.28,48.32],[10.11,48.46]]]]}},{"type":"Feature","properties":{"n":"(Kingdom of France)","f":1683,"t":1686,"w":"Q207162"},"geometry":{"type":"MultiPolygon","coordinates":[[[[-61.57,12.24],[-61.55,11.99],[-61.78,12.05],[-61.57,12.24]]],[[[-60.8,13.72],[-60.94,13.66],[-61.04,14.04],[-60.8,13.72]]],[[[-61.08,14.49],[-61.19,14.88],[-60.81,14.75],[-60.78,14.43],[-61.08,14.49]]],[[[-61.35,16.49],[-61.17,16.23],[-61.58,15.91],[-61.77,16.29],[-61.35,16.49]]],[[[-64.73,17.71],[-64.73,17.77],[-64.66,17.77],[-64.73,17.71]]],[[[-64.89,17.84],[-64.74,17.84],[-64.73,17.77],[-64.89,17.84]]],[[[-62.95,18.29],[-62.92,18.03],[-63.14,18.03],[-62.95,18.29]]],[[[-73.92,18.03],[-74.44,18.61],[-72.3,18.61],[-72.79,19.51],[-73.41,19.64],[-72.64,19.96],[-72.1,19.83],[-72.51,19.57],[-72.0,18.54],[-73.92,18.03]]],[[[-89.72,41.0],[-89.5,40.74],[-89.78,40.68],[-89.72,41.0]]],[[[-88.99,41.72],[-88.77,41.46],[-89.05,41.39],[-88.99,41.72]]],[[[-88.01,44.39],[-88.32,44.65],[-88.16,44.78],[-87.76,44.52],[-88.01,44.39]]],[[[-64.65,44.97],[-65.49,44.52],[-65.67,44.91],[-64.63,45.3],[-66.35,45.5],[-64.56,46.22],[-64.13,45.63],[-63.09,45.3],[-64.07,44.78],[-64.65,44.97]]],[[[-84.63,45.56],[-84.74,45.76],[-84.1,45.5],[-84.63,45.56]]],[[[-72.43,46.41],[-73.62,45.69],[-73.3,45.24],[-74.51,45.37],[-75.46,44.84],[-75.77,44.19],[-76.71,44.45],[-75.36,45.76],[-73.1,46.74],[-71.15,47.27],[-70.56,47.07],[-69.24,48.19],[-69.85,47.14],[-72.43,46.41]]],[[[-84.76,46.48],[-84.47,46.41],[-84.81,46.28],[-84.76,46.48]]],[[[-78.92,47.47],[-79.45,47.66],[-79.16,47.73],[-78.92,47.47]]],[[[-79.57,47.73],[-79.45,47.66],[-79.53,47.66],[-79.57,47.73]]],[[[-64.59,49.98],[-63.1,49.85],[-61.73,49.12],[-63.1,49.18],[-64.59,49.98]]],[[[55.59,-20.86],[55.77,-21.31],[55.41,-21.44],[55.1,-21.25],[55.59,-20.86]]],[[[49.76,-16.75],[49.9,-16.75],[49.92,-16.94],[49.76,-16.75]]],[[[49.25,-18.16],[49.32,-15.59],[49.82,-15.27],[50.15,-15.98],[49.68,-15.46],[49.25,-18.16]]],[[[49.82,-15.27],[49.81,-15.21],[49.89,-15.21],[49.82,-15.27]]],[[[44.94,-13.02],[44.93,-12.7],[45.15,-12.76],[44.94,-13.02]]],[[[43.52,-12.38],[43.52,-12.25],[43.74,-12.25],[43.52,-12.38]]],[[[44.18,-12.19],[44.47,-12.19],[44.33,-12.44],[44.18,-12.19]]],[[[43.14,-11.86],[43.12,-11.35],[43.34,-11.35],[43.14,-11.86]]],[[[-54.27,5.24],[-54.06,5.75],[-52.89,5.49],[-51.71,4.53],[-51.77,3.95],[-54.27,5.24]]],[[[79.87,11.79],[79.72,11.79],[79.81,11.92],[79.87,11.79]]],[[[-17.16,14.62],[-17.45,14.69],[-17.39,14.88],[-17.16,14.62]]],[[[-16.24,15.78],[-16.6,15.65],[-16.47,16.16],[-16.24,15.78]]],[[[88.49,22.59],[88.34,22.59],[88.44,22.79],[88.49,22.59]]],[[[7.01,49.65],[6.69,49.18],[8.11,48.99],[7.56,47.6],[6.82,47.6],[6.99,47.27],[5.48,45.56],[6.64,44.84],[6.81,44.32],[6.42,44.06],[6.91,43.54],[5.8,43.15],[3.85,43.6],[2.98,43.15],[3.09,42.5],[2.46,42.37],[-1.43,43.08],[-1.69,43.41],[-1.03,45.5],[-1.25,46.28],[-2.01,46.61],[-2.58,47.47],[-4.42,47.8],[-4.89,48.32],[-4.6,48.72],[-3.46,48.92],[-1.6,48.65],[-2.03,49.78],[0.01,49.38],[0.22,49.85],[1.45,50.25],[1.66,51.05],[2.41,51.18],[5.51,49.52],[7.01,49.65]]],[[[-53.67,47.2],[-54.08,47.2],[-54.02,47.66],[-53.67,47.2]]],[[[-53.75,47.6],[-53.67,47.6],[-53.64,47.53],[-53.75,47.6]]]]}},{"type":"Feature","properties":{"n":"(Spanish Empire)","f":1683,"t":1686,"w":"Q80702"},"geometry":{"type":"MultiPolygon","coordinates":[[[[-73.65,-42.83],[-74.1,-42.76],[-74.03,-42.44],[-73.46,-42.24],[-73.65,-42.83]]],[[[-73.9,-40.17],[-73.37,-39.46],[-73.0,-39.72],[-73.9,-40.17]]],[[[-75.34,-10.77],[-75.27,-10.77],[-75.27,-10.84],[-75.34,-10.77]]],[[[-104.74,27.03],[-102.71,26.52],[-101.55,26.9],[-100.66,26.71],[-99.97,25.81],[-99.47,24.07],[-97.72,22.53],[-96.25,19.44],[-95.77,18.8],[-94.48,18.22],[-92.5,18.74],[-91.3,18.61],[-89.98,21.31],[-86.75,21.5],[-87.7,18.29],[-87.99,18.74],[-89.17,17.77],[-90.57,17.77],[-90.6,16.55],[-90.38,16.04],[-89.54,15.84],[-85.67,16.04],[-83.93,15.71],[-83.83,15.46],[-84.34,15.46],[-83.61,14.3],[-84.11,11.09],[-83.58,10.96],[-82.06,8.96],[-81.03,8.84],[-79.69,9.61],[-78.96,9.61],[-77.99,9.29],[-76.83,8.19],[-76.93,8.64],[-75.66,9.48],[-75.58,10.51],[-74.96,11.15],[-74.36,10.89],[-74.17,11.34],[-73.15,11.41],[-71.84,12.44],[-71.1,12.31],[-71.28,11.79],[-71.92,11.6],[-71.65,10.83],[-69.66,11.66],[-68.46,11.34],[-68.19,10.51],[-66.37,10.7],[-65.09,10.06],[-64.03,10.7],[-61.91,10.76],[-62.84,10.38],[-62.3,9.8],[-61.95,9.99],[-60.83,9.54],[-61.15,8.58],[-64.71,8.06],[-65.12,7.55],[-65.87,7.87],[-67.01,7.16],[-67.06,6.65],[-69.96,6.2],[-73.64,4.59],[-75.79,2.21],[-76.3,1.31],[-76.81,0.41],[-76.74,0.22],[-76.96,0.09],[-77.87,-3.25],[-77.85,-4.92],[-77.5,-6.85],[-76.34,-8.39],[-75.17,-11.35],[-73.87,-12.44],[-71.88,-13.15],[-70.67,-12.76],[-68.37,-13.28],[-65.67,-14.89],[-63.8,-15.34],[-62.59,-16.36],[-63.18,-20.61],[-64.19,-23.63],[-64.07,-24.79],[-63.27,-26.2],[-61.05,-26.78],[-59.61,-26.72],[-58.85,-26.27],[-57.5,-24.34],[-57.0,-24.47],[-58.43,-26.84],[-58.75,-30.32],[-58.27,-30.89],[-58.56,-32.76],[-58.25,-33.34],[-58.55,-34.49],[-60.29,-33.79],[-63.06,-34.62],[-64.35,-34.3],[-67.86,-34.43],[-70.36,-35.27],[-70.7,-36.3],[-71.2,-36.62],[-71.35,-37.91],[-73.34,-36.94],[-71.63,-32.69],[-71.94,-30.83],[-70.57,-25.17],[-70.53,-23.63],[-70.81,-23.5],[-70.27,-21.96],[-70.26,-19.84],[-70.44,-18.42],[-71.62,-17.33],[-75.22,-15.53],[-76.08,-14.69],[-76.46,-14.18],[-76.38,-13.41],[-77.8,-11.35],[-78.98,-8.46],[-79.98,-6.91],[-81.33,-6.14],[-81.01,-5.63],[-81.47,-4.41],[-80.05,-3.12],[-81.12,-2.29],[-81.03,-0.94],[-80.16,0.22],[-80.23,0.86],[-79.06,1.25],[-78.78,2.34],[-77.91,2.6],[-77.26,3.63],[-77.56,4.08],[-77.41,6.52],[-78.5,7.94],[-78.23,8.45],[-79.64,8.9],[-80.41,8.26],[-80.0,7.42],[-80.94,7.16],[-81.05,7.87],[-81.47,7.61],[-81.94,8.19],[-83.71,8.45],[-83.67,9.09],[-84.83,9.99],[-85.24,9.61],[-85.78,9.99],[-85.72,11.09],[-87.55,12.69],[-87.47,13.34],[-88.85,13.21],[-91.35,13.91],[-94.77,16.36],[-96.21,15.65],[-97.72,15.91],[-101.11,17.26],[-101.9,17.96],[-103.19,18.16],[-105.05,19.38],[-105.54,20.02],[-105.13,21.31],[-105.7,22.59],[-108.04,24.91],[-106.11,23.75],[-106.44,25.36],[-105.47,25.94],[-106.58,27.16],[-105.88,27.8],[-106.84,29.09],[-106.77,31.85],[-106.18,31.53],[-106.23,28.83],[-104.74,27.03]]],[[[-76.3,1.31],[-76.22,1.31],[-76.22,1.25],[-76.3,1.31]]],[[[-75.14,2.92],[-75.07,2.92],[-75.07,2.86],[-75.14,2.92]]],[[[-81.9,7.36],[-81.91,7.61],[-81.7,7.68],[-81.9,7.36]]],[[[-79.03,8.32],[-78.96,8.45],[-78.81,8.45],[-79.03,8.32]]],[[[-61.0,10.06],[-61.73,10.06],[-61.55,10.83],[-60.89,10.83],[-61.0,10.06]]],[[[-64.04,10.83],[-64.35,11.09],[-63.84,11.21],[-64.04,10.83]]],[[[-69.73,11.66],[-70.24,11.6],[-70.28,12.11],[-69.85,12.24],[-69.73,11.66]]],[[[-67.12,17.96],[-67.26,18.48],[-66.16,18.54],[-65.52,18.16],[-67.12,17.96]]],[[[-68.56,18.22],[-70.72,18.35],[-71.28,17.58],[-72.18,18.22],[-72.0,18.54],[-72.51,19.57],[-70.78,19.96],[-69.08,19.38],[-69.49,19.12],[-68.24,18.67],[-68.56,18.22]]],[[[-86.7,20.34],[-86.99,20.28],[-87.02,20.47],[-86.67,20.6],[-86.7,20.34]]],[[[-74.07,20.15],[-77.65,19.83],[-77.19,20.66],[-78.24,20.79],[-78.66,21.56],[-82.05,22.27],[-81.74,22.66],[-84.8,21.82],[-84.0,22.79],[-82.29,23.24],[-80.57,23.17],[-74.07,20.15]]],[[[-82.5,21.44],[-82.95,21.44],[-83.04,21.95],[-82.66,21.95],[-82.5,21.44]]],[[[-78.6,22.53],[-78.23,22.59],[-78.2,22.4],[-78.6,22.53]]],[[[-17.85,27.87],[-17.9,27.61],[-18.06,27.67],[-17.85,27.87]]],[[[-17.35,28.19],[-17.12,28.25],[-17.03,28.06],[-17.35,28.19]]],[[[-17.71,28.89],[-17.67,28.51],[-17.9,28.51],[-17.71,28.89]]],[[[-83.84,30.05],[-84.88,29.73],[-85.67,31.01],[-81.97,30.37],[-81.87,31.27],[-81.21,31.59],[-81.44,30.89],[-80.55,28.57],[-81.94,28.12],[-83.84,30.05]]],[[[120.0,10.51],[118.85,9.93],[118.73,10.19],[119.19,10.44],[119.34,11.15],[120.0,10.51]]],[[[119.85,11.79],[119.87,11.92],[120.09,11.92],[119.85,11.79]]],[[[119.84,12.31],[120.34,12.18],[120.32,11.99],[119.84,12.31]]],[[[-15.73,27.74],[-15.76,28.19],[-15.3,28.12],[-15.73,27.74]]],[[[-16.91,28.38],[-16.09,28.57],[-16.36,28.06],[-16.65,27.93],[-16.91,28.38]]],[[[-13.77,28.77],[-13.81,28.25],[-14.32,28.06],[-13.77,28.77]]],[[[-13.65,29.22],[-13.42,29.22],[-13.47,28.89],[-13.86,28.96],[-13.65,29.22]]],[[[-2.98,35.26],[-2.99,35.45],[-2.84,35.45],[-2.98,35.26]]],[[[-0.53,35.71],[-0.45,35.58],[-0.67,35.45],[-0.92,35.71],[-0.53,35.71]]],[[[-5.34,35.84],[-5.33,35.77],[-5.49,35.71],[-5.34,35.84]]],[[[1.65,39.13],[1.66,39.0],[1.27,38.8],[1.26,39.13],[1.65,39.13]]],[[[2.34,39.64],[2.88,39.97],[3.52,39.77],[3.3,39.32],[2.34,39.64]]],[[[18.44,40.1],[18.11,39.9],[17.35,40.55],[16.62,40.29],[16.45,39.64],[17.14,39.06],[15.93,37.96],[15.39,38.16],[15.05,36.74],[12.49,37.71],[12.65,38.09],[14.6,38.03],[15.86,38.29],[16.27,38.74],[15.75,40.03],[13.79,41.13],[13.96,41.72],[13.01,42.04],[12.86,42.5],[13.99,42.95],[14.37,42.24],[16.12,41.91],[15.94,41.39],[18.44,40.1]]],[[[0.04,42.69],[3.09,42.5],[3.12,41.91],[0.7,40.94],[-0.2,39.97],[-0.31,39.13],[0.1,38.74],[-0.66,38.29],[-0.7,37.64],[-1.71,37.45],[-2.06,36.8],[-4.47,36.74],[-5.66,36.03],[-6.06,36.22],[-6.43,37.0],[-7.39,37.25],[-7.5,37.71],[-6.99,38.09],[-7.27,38.67],[-6.99,39.0],[-7.44,39.64],[-6.9,39.77],[-6.93,41.0],[-6.27,41.65],[-6.7,41.98],[-8.93,41.91],[-8.66,42.37],[-9.3,43.15],[-8.24,43.73],[-1.69,43.34],[0.04,42.69]]],[[[4.22,40.1],[4.3,39.84],[3.83,39.9],[4.22,40.1]]],[[[9.59,39.13],[8.34,39.0],[8.15,40.94],[9.5,41.2],[9.59,39.13]]],[[[11.34,42.43],[11.18,42.5],[11.18,42.56],[11.34,42.43]]],[[[10.46,42.89],[10.46,42.69],[10.21,42.69],[10.46,42.89]]],[[[10.86,43.08],[10.94,42.89],[10.7,42.95],[10.86,43.08]]],[[[9.32,45.17],[9.4,44.45],[8.34,45.1],[8.58,45.56],[7.92,45.96],[8.32,46.41],[8.9,45.89],[9.39,46.22],[9.31,45.69],[10.45,45.17],[9.32,45.17]]],[[[5.9,50.38],[5.89,50.78],[6.4,50.51],[6.07,50.25],[6.58,50.11],[6.35,49.52],[4.83,49.85],[5.9,50.38]]],[[[2.6,50.85],[2.49,51.18],[5.37,51.25],[4.49,49.98],[3.61,50.78],[2.6,50.85]]],[[[126.2,6.39],[125.83,7.23],[125.52,7.04],[125.65,5.88],[125.33,5.49],[125.15,6.01],[124.7,5.81],[124.0,6.26],[124.09,7.42],[123.68,7.74],[122.76,7.23],[122.59,7.74],[122.23,6.97],[121.8,6.97],[122.1,8.0],[123.34,8.77],[124.09,8.19],[124.82,9.03],[125.48,9.03],[125.42,9.86],[126.24,9.29],[126.59,7.61],[126.2,6.39]]],[[[124.55,9.22],[124.77,9.29],[124.82,9.03],[124.55,9.22]]],[[[123.58,9.03],[123.44,9.09],[123.54,9.35],[123.58,9.03]]],[[[125.83,9.61],[125.92,9.74],[125.91,9.67],[125.83,9.61]]],[[[126.06,9.67],[125.92,9.74],[125.94,9.99],[126.06,9.67]]],[[[124.5,10.19],[124.62,9.93],[123.78,9.54],[123.74,9.86],[124.5,10.19]]],[[[122.81,10.12],[122.9,10.89],[123.56,10.96],[123.15,9.8],[123.22,9.03],[122.33,9.67],[122.81,10.12]]],[[[125.47,10.38],[125.7,10.44],[125.71,9.86],[125.47,10.38]]],[[[123.6,9.99],[123.48,9.48],[123.26,9.48],[124.11,11.28],[124.0,10.25],[123.6,9.99]]],[[[121.93,11.99],[123.12,11.54],[122.62,10.38],[121.9,10.44],[121.93,11.99]]],[[[125.24,10.25],[124.92,9.99],[124.25,11.21],[124.31,11.73],[124.71,11.34],[124.97,11.73],[124.27,12.56],[125.55,12.24],[125.77,11.02],[125.06,11.21],[125.24,10.25]]],[[[123.73,12.31],[124.09,11.73],[123.17,11.99],[123.24,12.5],[123.77,12.63],[123.73,12.31]]],[[[121.9,12.37],[122.13,12.44],[122.09,12.11],[121.9,12.37]]],[[[122.69,12.24],[122.41,12.37],[122.51,12.56],[122.69,12.24]]],[[[121.99,12.5],[122.02,12.69],[122.24,12.69],[121.99,12.5]]],[[[120.74,13.59],[121.44,13.34],[121.29,12.18],[120.34,13.34],[120.74,13.59]]],[[[122.2,13.53],[122.16,13.21],[121.86,13.21],[121.75,13.46],[122.2,13.53]]],[[[144.84,13.34],[144.61,13.27],[144.65,13.53],[144.97,13.66],[144.84,13.34]]],[[[120.1,13.72],[120.12,13.85],[120.27,13.85],[120.1,13.72]]],[[[124.11,13.53],[124.12,14.11],[124.47,13.98],[124.11,13.53]]],[[[122.13,15.01],[122.07,14.62],[121.86,14.69],[122.13,15.01]]],[[[121.49,15.14],[121.84,14.11],[122.76,14.36],[123.12,13.79],[123.24,14.11],[123.87,13.91],[123.61,13.59],[124.14,13.21],[124.12,12.5],[123.45,13.01],[123.06,12.82],[123.27,13.27],[122.69,13.85],[122.74,13.21],[121.82,13.91],[121.4,13.59],[120.62,13.79],[120.97,14.62],[120.35,14.43],[119.73,16.1],[120.01,16.42],[120.4,16.1],[120.61,18.54],[122.39,18.54],[122.22,17.64],[122.64,17.13],[121.49,15.14]]]]}},{"type":"Feature","properties":{"n":"Dutch Republic","f":1683,"t":1686,"w":"Q170072"},"geometry":{"type":"MultiPolygon","coordinates":[[[[57.7,-20.35],[57.19,-20.54],[57.18,-20.35],[57.45,-19.96],[57.7,-20.35]]],[[[80.31,7.42],[80.98,6.2],[81.67,6.84],[81.42,7.61],[81.65,7.87],[81.88,6.71],[81.26,6.14],[80.23,5.88],[79.72,7.29],[80.31,7.42]]],[[[79.88,7.61],[79.74,7.61],[79.62,8.06],[79.92,8.19],[79.88,7.61]]],[[[81.09,8.32],[81.04,8.58],[81.26,8.64],[81.09,8.32]]],[[[79.88,9.86],[80.79,9.29],[79.88,8.77],[79.88,9.86]]],[[[76.23,9.93],[76.45,9.99],[76.56,9.41],[76.26,9.35],[76.23,9.93]]],[[[79.87,10.76],[79.86,10.73],[79.85,10.82],[79.87,10.76]]],[[[75.78,10.96],[75.59,11.34],[75.81,11.41],[75.78,10.96]]],[[[75.29,12.31],[75.41,11.92],[75.27,11.92],[75.29,12.31]]],[[[80.21,12.44],[80.0,12.5],[80.09,12.76],[80.21,12.44]]],[[[80.38,13.46],[80.41,13.08],[80.13,13.21],[80.38,13.46]]],[[[5.04,44.19],[4.8,44.12],[4.88,44.25],[5.04,44.19]]],[[[5.72,50.71],[5.71,51.05],[5.97,50.98],[5.72,50.71]]],[[[5.78,51.38],[5.37,51.25],[3.41,51.45],[3.75,51.45],[3.4,51.65],[4.22,52.18],[4.69,53.19],[5.06,52.65],[5.54,53.39],[7.18,53.26],[6.68,52.65],[6.94,52.38],[6.7,51.92],[5.77,51.78],[5.78,51.38]]],[[[123.74,-9.36],[124.26,-9.49],[124.65,-8.91],[125.02,-9.04],[124.4,-10.19],[123.17,-10.39],[123.74,-9.36]]],[[[118.9,-8.26],[119.08,-8.78],[118.5,-8.84],[118.39,-8.26],[118.9,-8.26]]],[[[123.16,-8.65],[122.79,-8.59],[122.91,-8.26],[123.78,-8.2],[123.16,-8.65]]],[[[124.97,-8.46],[123.8,-8.46],[124.0,-8.2],[125.02,-8.2],[124.97,-8.46]]],[[[111.38,-7.24],[108.24,-7.11],[107.99,-7.81],[106.28,-7.43],[106.6,-6.53],[106.35,-5.95],[108.26,-6.27],[108.87,-6.79],[110.34,-6.91],[110.6,-6.4],[111.2,-6.66],[111.38,-7.24]]],[[[121.99,-5.37],[121.77,-5.44],[121.68,-5.11],[121.99,-5.37]]],[[[119.47,-4.54],[119.65,-5.31],[120.32,-5.56],[119.53,-5.76],[119.47,-4.54]]],[[[123.03,-4.41],[123.12,-4.73],[122.81,-5.69],[122.14,-5.44],[122.18,-4.79],[123.03,-4.41]]],[[[126.01,-2.48],[125.26,-1.77],[126.14,-1.77],[126.01,-2.48]]],[[[125.11,-1.71],[125.19,-1.9],[124.25,-2.03],[124.46,-1.64],[125.11,-1.71]]],[[[101.42,-3.12],[100.2,-0.87],[98.95,0.41],[99.67,0.29],[100.56,-0.74],[101.42,-3.12]]],[[[124.96,1.25],[124.61,1.51],[124.76,1.7],[125.12,1.7],[124.96,1.25]]],[[[102.1,3.05],[102.67,2.73],[102.42,2.02],[101.71,2.47],[102.1,3.05]]],[[[88.6,22.85],[88.37,22.79],[88.46,22.91],[88.6,22.85]]],[[[130.95,-8.33],[130.59,-8.39],[130.86,-8.14],[130.95,-8.33]]],[[[127.66,-8.26],[127.64,-8.07],[127.79,-8.07],[127.66,-8.26]]],[[[129.76,-8.07],[129.46,-8.01],[129.44,-7.75],[129.76,-8.07]]],[[[126.4,-8.01],[125.67,-8.01],[125.71,-7.69],[126.51,-7.56],[126.4,-8.01]]],[[[131.0,-8.07],[130.97,-7.69],[131.58,-7.11],[131.0,-8.07]]],[[[130.81,-7.56],[130.87,-7.36],[131.02,-7.36],[130.81,-7.56]]],[[[128.38,-7.24],[128.37,-7.11],[128.59,-7.04],[128.38,-7.24]]],[[[134.53,-5.44],[134.68,-6.59],[133.97,-6.91],[133.92,-6.14],[134.53,-5.44]]],[[[132.5,-5.69],[132.95,-5.76],[132.82,-6.01],[132.5,-5.69]]],[[[133.07,-5.44],[133.01,-5.63],[132.86,-5.5],[133.07,-5.44]]],[[[128.24,-3.51],[128.25,-3.7],[127.81,-3.83],[128.24,-3.51]]],[[[126.36,-3.83],[125.89,-3.12],[126.83,-3.06],[127.21,-3.44],[126.36,-3.83]]],[[[127.71,-3.19],[128.28,-2.8],[129.66,-2.8],[130.79,-3.51],[130.73,-3.89],[129.76,-3.38],[127.71,-3.19]]]]}},{"type":"Feature","properties":{"n":"Zaporozhian Cossacks","f":1683,"t":1751,"w":"Q1076173"},"geometry":{"type":"Polygon","coordinates":[[[39.25,48.99],[38.42,47.6],[36.95,47.2],[35.05,47.66],[33.72,47.07],[30.75,47.6],[30.54,47.93],[30.73,48.72],[34.98,49.85],[37.35,49.05],[39.25,48.99]]]}},{"type":"Feature","properties":{"n":"(Holy Roman Empire)","f":1683,"t":1686,"w":"Q12548"},"geometry":{"type":"MultiPolygon","coordinates":[[[[8.03,44.06],[8.11,44.52],[8.59,44.71],[8.03,44.06]]],[[[8.75,44.91],[8.51,44.91],[8.59,45.04],[8.75,44.91]]],[[[6.83,47.14],[7.08,46.94],[6.51,46.87],[6.83,47.14]]],[[[6.98,47.6],[6.99,47.47],[6.82,47.6],[6.98,47.6]]],[[[7.55,47.93],[7.89,47.66],[7.56,47.53],[7.55,47.93]]],[[[8.46,53.94],[8.81,53.87],[8.72,53.66],[8.46,53.94]]],[[[9.4,54.82],[9.58,54.55],[8.8,54.14],[8.71,54.61],[9.4,54.82]]],[[[9.75,55.57],[8.53,54.89],[8.79,55.77],[9.75,55.57]]],[[[9.24,44.91],[9.32,45.17],[10.45,45.04],[10.62,45.43],[11.35,44.84],[10.62,43.8],[9.24,44.91]]],[[[9.54,47.2],[9.63,47.14],[9.46,47.14],[9.54,47.2]]],[[[13.0,47.53],[13.18,48.06],[13.74,47.07],[12.18,47.07],[12.51,47.66],[13.0,47.53]]],[[[13.36,48.99],[14.1,48.65],[13.85,48.46],[13.27,48.59],[13.36,48.99]]],[[[12.8,50.65],[12.63,50.65],[12.55,50.91],[12.8,50.65]]],[[[8.11,48.99],[6.69,49.18],[7.01,49.65],[6.35,49.58],[6.58,50.11],[6.07,50.25],[6.4,50.51],[6.07,50.45],[5.97,50.98],[5.71,51.05],[5.9,50.38],[4.65,50.11],[5.77,51.78],[6.88,51.45],[6.45,51.85],[6.95,52.25],[6.68,52.65],[7.18,53.33],[6.91,53.6],[7.94,53.73],[7.61,53.12],[8.13,52.79],[8.64,53.12],[8.82,52.79],[10.79,54.27],[11.48,53.8],[11.4,54.14],[12.44,54.41],[13.12,53.66],[13.55,53.8],[13.2,53.33],[11.74,53.6],[11.13,53.33],[11.39,53.06],[10.79,52.99],[10.96,52.45],[10.53,52.12],[10.87,51.65],[11.38,51.78],[11.29,51.45],[10.1,51.18],[11.88,50.98],[12.05,51.31],[12.55,50.91],[11.79,50.85],[12.21,50.78],[12.12,50.18],[11.2,49.78],[11.28,49.12],[10.94,48.85],[10.03,49.12],[10.53,48.26],[10.12,48.06],[10.53,48.19],[10.69,47.73],[10.37,47.33],[9.04,47.73],[9.29,47.99],[8.22,47.66],[8.21,47.99],[8.21,48.26],[7.71,48.32],[8.11,48.99]],[[8.46,47.99],[8.38,48.13],[8.21,47.99],[8.46,47.99]],[[10.44,51.65],[10.44,51.45],[10.78,51.45],[10.44,51.65]],[[10.2,48.46],[10.11,48.46],[10.11,48.32],[10.2,48.46]],[[9.95,48.46],[9.45,48.46],[9.45,48.19],[9.95,48.46]],[[9.54,47.86],[9.54,47.99],[9.37,47.93],[9.54,47.86]],[[9.37,48.26],[9.37,48.46],[9.2,48.32],[9.37,48.26]],[[8.71,48.19],[8.79,48.32],[8.54,48.32],[8.71,48.19]],[[9.04,48.19],[9.04,48.26],[8.87,48.32],[9.04,48.19]],[[7.98,51.98],[8.91,52.12],[8.91,52.52],[8.14,52.59],[7.98,51.98]],[[8.71,47.99],[8.63,47.99],[8.79,47.86],[8.71,47.99]],[[8.62,48.65],[8.53,48.59],[8.62,48.52],[8.62,48.65]],[[8.45,48.39],[8.21,48.39],[8.29,48.32],[8.45,48.39]],[[8.29,48.59],[8.37,48.46],[8.45,48.59],[8.29,48.59]],[[7.55,52.12],[7.8,52.12],[7.8,52.45],[7.28,52.59],[7.55,52.12]],[[7.05,51.58],[7.06,51.31],[7.57,51.25],[7.56,51.65],[7.05,51.58]]],[[[11.71,51.31],[11.46,51.51],[12.4,51.85],[11.71,51.31]]],[[[9.93,54.55],[10.19,54.55],[10.1,54.21],[9.75,54.14],[9.93,54.55]]]]}},{"type":"Feature","properties":{"n":"Dzungar Khanate","f":1683,"t":1686,"w":"Q1923401"},"geometry":{"type":"Polygon","coordinates":[[[86.44,38.35],[85.11,37.45],[81.03,36.61],[78.42,37.51],[76.6,38.93],[75.32,39.13],[73.67,38.61],[73.69,39.45],[73.4,39.51],[73.82,41.07],[73.38,42.11],[74.21,43.08],[74.36,43.93],[69.73,42.43],[70.82,43.28],[74.11,44.12],[74.12,45.43],[74.88,46.35],[78.97,46.35],[80.55,48.26],[83.84,48.72],[85.22,49.65],[86.61,49.58],[87.78,49.12],[88.64,48.19],[90.17,47.8],[91.01,46.68],[90.74,45.3],[93.8,44.91],[95.34,44.25],[95.77,43.67],[95.76,42.82],[92.75,39.64],[86.44,38.35]]]}},{"type":"Feature","properties":{"n":"Kingdom of Spain","f":1683,"t":1690,"w":"Q29"},"geometry":{"type":"MultiPolygon","coordinates":[[[[1.27,38.8],[1.18,39.06],[1.65,39.13],[1.27,38.8]]],[[[3.3,39.32],[2.35,39.45],[2.88,39.97],[3.52,39.77],[3.3,39.32]]],[[[-1.69,43.34],[1.58,42.43],[3.09,42.5],[3.12,41.91],[0.7,40.94],[-0.2,39.97],[-0.31,39.13],[0.1,38.74],[-0.66,38.29],[-0.7,37.64],[-1.71,37.45],[-2.06,36.8],[-4.47,36.74],[-5.66,36.03],[-6.43,37.0],[-7.39,37.25],[-7.5,37.71],[-6.99,38.09],[-7.27,38.67],[-6.99,39.0],[-7.44,39.64],[-6.9,39.77],[-6.93,41.0],[-6.27,41.65],[-6.7,41.98],[-8.93,41.91],[-8.66,42.37],[-9.3,43.15],[-8.24,43.73],[-1.69,43.34]]],[[[3.83,39.9],[3.74,40.1],[4.22,40.1],[4.3,39.84],[3.83,39.9]]],[[[5.9,50.38],[5.89,50.78],[6.4,50.51],[6.07,50.25],[6.58,50.11],[6.35,49.52],[4.83,49.85],[5.9,50.38]]],[[[2.6,50.85],[2.49,51.18],[5.37,51.25],[4.49,49.98],[4.15,49.98],[4.05,50.51],[2.6,50.85]]],[[[15.94,41.39],[17.98,40.61],[18.35,39.9],[17.35,40.55],[16.62,40.29],[16.45,39.64],[17.14,39.06],[15.93,37.96],[15.39,38.16],[15.05,36.74],[12.49,37.71],[12.65,38.09],[14.6,38.03],[15.86,38.29],[16.27,38.74],[15.75,40.03],[13.79,41.13],[13.96,41.72],[13.01,42.04],[12.86,42.5],[13.99,42.95],[14.37,42.24],[16.11,41.78],[15.94,41.39]]],[[[9.59,39.13],[8.34,39.0],[8.15,40.94],[9.5,41.2],[9.82,40.36],[9.59,39.13]]],[[[11.18,42.56],[11.34,42.63],[11.34,42.43],[11.18,42.56]]],[[[10.21,42.69],[10.13,42.89],[10.46,42.89],[10.21,42.69]]],[[[10.86,43.08],[10.94,42.89],[10.7,42.95],[10.86,43.08]]],[[[9.32,45.17],[9.4,44.45],[8.34,45.1],[8.58,45.56],[7.92,45.96],[8.32,46.41],[8.9,45.89],[9.39,46.22],[9.31,45.69],[10.45,45.17],[9.32,45.17]]]]}},{"type":"Feature","properties":{"n":"Polish-Lithuanian Commonwealth","f":1683,"t":1686,"w":"Q172107"},"geometry":{"type":"MultiPolygon","coordinates":[[[[20.45,49.18],[20.28,49.12],[20.29,49.25],[20.45,49.18]]],[[[27.21,57.56],[27.8,57.35],[27.72,56.87],[28.48,57.14],[28.29,56.52],[29.1,56.59],[29.14,56.32],[31.44,56.39],[31.42,55.77],[30.88,55.7],[31.41,54.75],[31.09,54.41],[32.36,54.27],[32.63,53.33],[31.31,53.19],[31.66,52.18],[30.58,51.85],[30.02,50.31],[31.34,50.11],[32.71,49.18],[29.65,48.06],[29.2,49.12],[26.67,49.65],[25.25,48.85],[25.54,48.39],[24.91,47.8],[22.78,49.12],[18.88,49.45],[19.24,49.85],[19.03,50.58],[17.55,51.25],[17.32,51.71],[16.13,51.71],[15.49,52.65],[16.1,52.86],[16.4,53.8],[16.91,53.6],[17.62,54.0],[18.02,54.89],[18.46,54.89],[18.69,54.41],[20.83,54.07],[20.1,53.66],[19.45,54.21],[18.7,53.39],[19.74,53.46],[20.4,53.06],[22.42,53.6],[22.81,54.89],[20.84,56.18],[21.6,57.63],[22.52,57.83],[23.59,57.08],[23.47,56.8],[25.45,56.39],[26.53,56.59],[27.21,57.56]]]]}},{"type":"Feature","properties":{"n":"(Dutch Republic)","f":1683,"t":1686,"w":"Q170072"},"geometry":{"type":"MultiPolygon","coordinates":[[[[18.55,-34.11],[18.17,-34.36],[17.9,-33.14],[19.36,-33.34],[20.49,-34.49],[19.42,-34.82],[18.55,-34.11]]],[[[57.7,-20.35],[57.19,-20.54],[57.18,-20.35],[57.45,-19.96],[57.7,-20.35]]],[[[-2.6,4.91],[-2.52,5.11],[-2.3,5.11],[-2.6,4.91]]],[[[-1.5,4.98],[-1.79,4.91],[-1.57,5.3],[-1.21,5.11],[-1.5,4.98]]],[[[-0.92,5.43],[-0.85,5.17],[-1.06,5.17],[-0.92,5.43]]],[[[-0.55,5.56],[-0.55,5.62],[-0.48,5.62],[-0.55,5.56]]],[[[-0.18,5.75],[-0.48,5.36],[-0.4,5.62],[-0.18,5.75]]],[[[79.67,7.68],[79.77,8.19],[79.92,8.19],[79.67,7.68]]],[[[76.23,9.93],[76.45,9.99],[76.56,9.41],[76.26,9.35],[76.23,9.93]]],[[[79.86,10.73],[79.85,10.83],[79.87,10.83],[79.86,10.73]]],[[[75.59,11.34],[75.81,11.41],[75.93,10.96],[75.59,11.34]]],[[[75.06,12.18],[75.29,12.31],[75.41,11.92],[75.06,12.18]]],[[[80.21,12.44],[80.0,12.5],[80.09,12.76],[80.21,12.44]]],[[[4.8,44.12],[4.88,44.25],[5.04,44.19],[4.8,44.12]]],[[[5.72,50.71],[5.71,51.05],[5.97,50.98],[5.72,50.71]]],[[[5.78,51.38],[5.37,51.25],[3.41,51.45],[3.75,51.45],[3.4,51.65],[4.22,52.18],[4.69,53.19],[5.06,52.65],[5.54,53.39],[7.18,53.26],[6.68,52.65],[6.94,52.38],[6.7,51.92],[5.77,51.78],[5.78,51.38]]],[[[123.74,-9.36],[124.26,-9.49],[124.65,-8.91],[125.02,-9.04],[124.4,-10.19],[123.17,-10.39],[123.74,-9.36]]],[[[118.9,-8.26],[119.08,-8.78],[118.5,-8.84],[118.39,-8.26],[118.9,-8.26]]],[[[122.79,-8.59],[122.78,-8.46],[123.78,-8.2],[123.52,-8.59],[122.79,-8.59]]],[[[123.96,-8.59],[123.8,-8.39],[124.36,-8.14],[125.02,-8.2],[123.96,-8.59]]],[[[111.38,-7.24],[108.24,-7.11],[107.99,-7.81],[106.28,-7.43],[106.6,-6.53],[106.35,-5.95],[108.26,-6.27],[108.87,-6.79],[110.34,-6.91],[110.6,-6.4],[111.38,-7.24]]],[[[121.99,-5.37],[121.77,-5.44],[121.68,-5.11],[121.99,-5.37]]],[[[119.65,-5.31],[120.32,-5.56],[119.23,-5.5],[119.47,-4.54],[119.65,-5.31]]],[[[123.03,-4.41],[123.12,-4.73],[122.81,-5.69],[122.14,-5.44],[122.18,-4.79],[123.03,-4.41]]],[[[125.11,-1.71],[125.19,-1.9],[124.25,-2.03],[124.46,-1.64],[125.11,-1.71]]],[[[101.42,-3.12],[100.2,-0.87],[98.95,0.41],[99.67,0.29],[100.56,-0.74],[101.42,-3.12]]],[[[102.1,3.05],[102.67,2.73],[102.42,2.02],[101.71,2.47],[102.1,3.05]]],[[[80.31,7.42],[80.98,6.2],[81.67,6.84],[81.42,7.61],[81.65,7.87],[81.88,6.71],[81.26,6.14],[80.23,5.88],[79.72,7.36],[80.31,7.42]]],[[[81.09,8.32],[81.04,8.58],[81.26,8.64],[81.09,8.32]]],[[[79.88,9.86],[80.79,9.29],[79.88,8.77],[79.88,9.86]]],[[[80.41,13.08],[80.13,13.21],[80.38,13.46],[80.41,13.08]]],[[[88.37,22.79],[88.46,22.91],[88.6,22.85],[88.37,22.79]]],[[[130.95,-8.33],[130.59,-8.39],[130.86,-8.14],[130.95,-8.33]]],[[[127.66,-8.26],[127.64,-8.07],[127.79,-8.07],[127.66,-8.26]]],[[[129.46,-8.01],[129.44,-7.75],[129.74,-7.81],[129.46,-8.01]]],[[[126.4,-8.01],[125.67,-8.01],[125.71,-7.69],[126.51,-7.56],[126.4,-8.01]]],[[[130.97,-7.69],[131.58,-7.11],[131.55,-7.69],[131.22,-8.07],[130.97,-7.69]]],[[[130.81,-7.56],[130.87,-7.36],[131.02,-7.36],[130.81,-7.56]]],[[[128.38,-7.24],[128.37,-7.11],[128.59,-7.04],[128.38,-7.24]]],[[[134.53,-5.44],[134.68,-6.59],[133.97,-6.91],[134.18,-5.63],[134.53,-5.44]]],[[[132.5,-5.69],[132.95,-5.76],[132.82,-6.01],[132.5,-5.69]]],[[[132.86,-5.5],[133.07,-5.44],[133.01,-5.56],[132.86,-5.5]]],[[[128.24,-3.51],[128.25,-3.7],[127.81,-3.83],[128.24,-3.51]]],[[[126.36,-3.83],[125.89,-3.12],[126.83,-3.06],[127.21,-3.44],[126.36,-3.83]]],[[[128.38,-3.51],[127.71,-3.19],[128.28,-2.8],[129.66,-2.8],[130.55,-3.12],[130.73,-3.89],[129.76,-3.38],[128.38,-3.51]]],[[[126.01,-2.48],[125.26,-1.77],[126.14,-1.77],[126.01,-2.48]]],[[[124.96,1.25],[124.61,1.51],[125.12,1.7],[124.96,1.25]]]]}},{"type":"Feature","properties":{"n":"Golden Horde","f":1683,"t":1686,"w":"Q79965"},"geometry":{"type":"Polygon","coordinates":[[[120.63,53.19],[119.9,52.65],[120.53,52.59],[120.67,52.05],[119.65,51.11],[119.28,50.11],[117.83,49.52],[116.68,49.78],[115.42,47.99],[117.31,47.73],[118.48,47.99],[119.75,47.2],[119.68,46.61],[116.72,46.35],[115.88,45.56],[112.07,44.39],[111.89,43.67],[110.28,42.69],[106.86,42.3],[104.81,41.59],[101.56,42.56],[97.09,42.76],[97.35,41.98],[96.59,42.04],[96.52,42.56],[95.76,42.82],[95.9,43.28],[95.34,44.25],[93.59,44.97],[90.74,45.3],[91.01,46.68],[90.17,47.8],[89.03,47.99],[88.06,48.52],[87.78,49.12],[86.52,49.58],[90.7,53.12],[94.57,54.41],[95.91,53.6],[98.76,52.99],[98.68,52.38],[99.39,51.92],[103.33,51.11],[111.73,52.05],[116.36,51.98],[119.45,53.12],[120.63,53.19]]]}},{"type":"Feature","properties":{"n":"Portuguese Colonies","f":1683,"t":1686,"w":"Q200464"},"geometry":{"type":"MultiPolygon","coordinates":[[[[124.26,-9.49],[123.81,-9.36],[123.94,-9.23],[124.3,-9.16],[124.26,-9.49]]],[[[124.71,-8.84],[125.2,-8.52],[127.23,-8.39],[124.92,-9.55],[124.71,-8.84]]],[[[122.66,-8.71],[122.29,-8.65],[122.82,-8.07],[122.66,-8.71]]],[[[74.1,15.52],[74.52,15.26],[74.55,14.81],[74.24,14.62],[73.86,15.26],[74.1,15.52]]],[[[73.03,19.38],[73.1,19.38],[73.09,19.25],[73.03,19.38]]],[[[73.18,20.09],[72.89,20.15],[73.12,20.21],[73.18,20.09]]],[[[113.42,22.14],[113.45,22.34],[113.69,22.4],[113.42,22.14]]]]}},{"type":"Feature","properties":{"n":"Đại Việt","f":1683,"t":1793,"w":"Q1317991"},"geometry":{"type":"Polygon","coordinates":[[[109.23,11.79],[108.89,11.28],[108.62,11.54],[108.67,11.99],[109.23,11.79]]]}},{"type":"Feature","properties":{"n":"Dutch Cape Coast","f":1683,"t":1686,"w":"Q221283"},"geometry":{"type":"MultiPolygon","coordinates":[[[[20.49,-34.49],[19.96,-34.82],[18.55,-34.11],[18.17,-34.36],[17.9,-33.14],[19.05,-33.21],[20.49,-34.49]]],[[[-2.3,5.11],[-2.31,4.85],[-2.6,4.91],[-2.3,5.11]]],[[[-1.57,5.3],[-1.21,5.36],[-1.21,5.11],[-1.79,5.11],[-1.57,5.3]]],[[[-0.85,5.17],[-1.06,5.17],[-1.06,5.43],[-0.85,5.17]]],[[[-0.48,5.62],[-0.48,5.56],[-0.55,5.56],[-0.48,5.62]]],[[[-0.19,5.49],[-0.48,5.36],[-0.4,5.81],[-0.19,5.49]]]]}},{"type":"Feature","properties":{"n":"Principality of Upper Hungary","f":1683,"t":1686,"w":"Q7245120"},"geometry":{"type":"Polygon","coordinates":[[[22.78,49.12],[23.42,47.86],[21.21,46.87],[20.69,47.8],[17.98,48.13],[18.01,48.72],[18.71,49.32],[20.71,49.38],[22.78,49.12]],[[20.29,49.25],[20.28,49.12],[20.45,49.18],[20.29,49.25]]]}},{"type":"Feature","properties":{"n":"Portuguese Ceylon","f":1683,"t":1686,"w":"Q1709007"},"geometry":{"type":"Polygon","coordinates":[[[81.67,6.84],[80.83,6.2],[80.31,7.42],[79.72,7.36],[79.81,8.77],[80.86,9.29],[81.09,8.32],[81.65,7.87],[81.67,6.84]]]}},{"type":"Feature","properties":{"n":"Haudenosaunee","f":1683,"t":1686,"w":"Q68518"},"geometry":{"type":"MultiPolygon","coordinates":[[[[-79.74,44.06],[-79.7,43.21],[-76.76,43.28],[-76.17,43.54],[-76.14,44.12],[-75.46,44.84],[-74.51,45.37],[-73.69,45.37],[-73.33,44.97],[-73.72,44.45],[-73.53,43.73],[-75.47,42.11],[-74.76,41.46],[-75.17,40.61],[-75.91,39.77],[-77.52,39.13],[-77.48,38.48],[-78.45,38.74],[-78.94,38.03],[-81.23,37.9],[-82.4,38.61],[-83.55,38.55],[-84.8,39.06],[-84.11,40.42],[-85.02,40.81],[-86.5,40.61],[-86.53,41.59],[-87.59,41.33],[-87.59,41.78],[-87.01,41.59],[-86.18,42.43],[-86.49,43.99],[-86.04,44.91],[-85.35,44.97],[-85.03,45.69],[-83.5,45.3],[-83.4,44.39],[-84.08,43.86],[-83.53,43.6],[-82.89,44.06],[-82.49,43.02],[-81.7,43.34],[-81.73,43.99],[-81.24,44.58],[-81.48,45.17],[-80.03,44.45],[-80.05,45.24],[-79.34,44.52],[-79.74,44.06]]],[[[-81.96,46.02],[-81.56,45.76],[-82.19,45.56],[-83.26,46.02],[-81.96,46.02]]]]}},{"type":"Feature","properties":{"n":"Principality of Transylvania","f":1683,"t":1686,"w":"Q655621"},"geometry":{"type":"Polygon","coordinates":[[[25.35,45.37],[23.48,45.5],[22.63,44.97],[21.52,45.37],[22.47,46.15],[21.81,47.2],[23.42,47.86],[22.96,48.26],[23.01,48.85],[24.69,48.13],[25.02,47.2],[25.67,47.14],[26.44,45.76],[25.35,45.37]]]}},{"type":"Feature","properties":{"n":"Electorate of Saxony","f":1683,"t":1699,"w":"Q156199"},"geometry":{"type":"Polygon","coordinates":[[[12.47,51.18],[12.05,51.31],[11.88,50.98],[10.1,51.18],[11.29,51.45],[11.54,51.18],[12.31,51.58],[12.23,52.12],[12.91,51.92],[13.94,52.25],[14.95,52.05],[15.17,51.05],[12.12,50.25],[12.21,50.78],[11.79,50.85],[12.55,50.91],[12.47,51.18]],[[12.8,50.78],[12.81,50.98],[12.55,50.91],[12.8,50.78]],[[14.27,51.92],[14.19,52.12],[13.93,52.05],[14.27,51.92]]]}},{"type":"Feature","properties":{"n":"Brandenburg-Prussia","f":1683,"t":1686,"w":"Q157367"},"geometry":{"type":"MultiPolygon","coordinates":[[[[-2.31,4.79],[-2.23,5.04],[-2.01,4.98],[-1.94,4.72],[-2.31,4.79]]],[[[7.56,51.65],[7.57,51.25],[7.23,51.18],[7.05,51.58],[7.56,51.65]]],[[[10.44,51.65],[10.78,51.58],[10.78,51.45],[10.44,51.65]]],[[[6.88,51.65],[6.88,51.45],[5.94,51.78],[6.88,51.65]]],[[[13.93,52.05],[13.93,52.12],[14.19,52.12],[13.93,52.05]]],[[[7.98,51.98],[8.14,52.59],[8.82,52.59],[8.91,52.12],[7.98,51.98]]],[[[7.8,52.45],[7.8,52.12],[7.54,52.38],[7.29,52.38],[7.8,52.45]]],[[[16.1,52.86],[15.49,52.65],[15.65,52.32],[14.78,51.92],[13.94,52.25],[12.91,51.92],[12.23,52.12],[11.46,51.65],[11.54,51.18],[11.38,51.78],[10.87,51.65],[10.53,52.12],[10.96,52.45],[10.79,52.99],[11.39,53.06],[11.31,53.46],[13.2,53.33],[13.9,53.73],[14.23,53.46],[15.04,54.21],[18.02,54.89],[17.62,54.0],[16.48,53.6],[16.1,52.86]]],[[[22.42,53.6],[20.4,53.06],[19.74,53.46],[18.7,53.39],[19.45,54.21],[20.1,53.66],[20.83,54.07],[19.81,54.34],[19.84,54.68],[19.95,55.02],[20.99,54.95],[20.99,55.91],[22.81,54.89],[22.42,53.6]]]]}},{"type":"Feature","properties":{"n":"Habsburg Monarchy","f":1683,"t":1686,"w":"Q66504140"},"geometry":{"type":"MultiPolygon","coordinates":[[[[7.63,48.32],[8.21,48.26],[8.06,47.33],[7.56,47.53],[7.89,47.66],[7.63,48.32]]],[[[8.71,47.93],[8.79,47.86],[8.63,47.86],[8.71,47.93]]],[[[8.21,47.99],[8.21,48.13],[8.38,48.13],[8.21,47.99]]],[[[8.79,48.32],[8.71,48.19],[8.54,48.32],[8.79,48.32]]],[[[8.21,48.39],[8.45,48.39],[8.29,48.32],[8.21,48.39]]],[[[8.37,48.46],[8.29,48.59],[8.45,48.59],[8.37,48.46]]],[[[7.79,48.52],[7.79,48.59],[7.95,48.59],[7.79,48.52]]],[[[8.62,48.65],[8.7,48.52],[8.62,48.52],[8.62,48.65]]],[[[7.95,48.59],[7.95,48.65],[8.04,48.65],[8.04,48.59],[7.95,48.59]]],[[[8.12,48.65],[8.04,48.65],[8.03,48.72],[8.12,48.65]]],[[[9.29,47.99],[9.29,47.8],[8.88,47.73],[9.29,47.99]]],[[[9.54,47.99],[9.54,47.86],[9.37,47.93],[9.54,47.99]]],[[[10.36,47.99],[10.12,48.06],[10.2,48.26],[10.36,47.99]]],[[[16.49,48.13],[16.32,48.13],[16.41,48.26],[16.49,48.13]]],[[[8.87,48.19],[8.87,48.32],[9.04,48.26],[8.87,48.19]]],[[[9.45,48.46],[10.03,48.26],[9.78,48.32],[9.45,48.46]]],[[[9.37,48.46],[9.37,48.26],[9.2,48.32],[9.37,48.46]]],[[[17.91,48.32],[18.34,47.01],[16.75,48.52],[15.92,48.32],[17.43,46.87],[16.92,46.35],[17.3,45.69],[16.3,45.04],[15.82,45.24],[15.8,44.71],[15.23,44.45],[14.6,45.37],[14.03,45.04],[13.79,45.24],[14.12,45.5],[13.31,45.82],[13.56,46.55],[12.09,46.68],[10.78,45.69],[10.45,45.82],[10.45,46.94],[9.54,47.2],[9.62,47.53],[12.51,47.66],[12.18,47.07],[13.74,47.07],[13.18,48.06],[14.1,48.65],[12.53,49.52],[12.12,50.25],[14.33,51.05],[15.0,50.91],[15.13,52.25],[15.81,52.25],[16.13,51.71],[17.32,51.71],[17.55,51.25],[19.03,50.58],[19.24,49.85],[18.88,49.45],[19.63,49.38],[18.36,49.05],[17.91,48.32]]],[[[10.11,48.46],[10.28,48.39],[10.28,48.32],[10.11,48.46]]]]}},{"type":"Feature","properties":{"n":"Golconda Sultanate","f":1683,"t":1686,"w":"Q1148042"},"geometry":{"type":"Polygon","coordinates":[[[82.45,17.13],[82.22,16.42],[80.46,15.78],[80.09,15.14],[78.72,15.39],[78.3,16.23],[77.79,16.36],[77.68,17.32],[78.02,18.41],[78.49,18.61],[81.74,19.19],[83.28,19.06],[84.38,18.41],[82.45,17.13]],[[77.82,17.23],[77.91,17.39],[77.82,17.26],[77.82,17.23]]]}},{"type":"Feature","properties":{"n":"First Toungoo Empire","f":1683,"t":1733,"w":"Q23039102"},"geometry":{"type":"Polygon","coordinates":[[[99.58,18.29],[98.64,18.41],[97.84,17.96],[98.93,16.36],[98.26,15.2],[98.54,14.49],[98.18,13.91],[97.62,16.49],[97.0,17.32],[96.83,16.61],[95.61,15.71],[94.24,15.97],[95.16,18.35],[94.45,20.6],[93.09,21.5],[93.4,24.01],[94.21,23.94],[95.16,26.58],[96.21,27.29],[97.16,27.16],[97.0,27.74],[97.56,28.51],[98.74,27.48],[98.84,26.58],[98.67,25.81],[97.65,24.78],[97.65,23.94],[98.88,24.14],[98.94,23.24],[99.57,22.98],[99.29,22.14],[99.94,22.08],[100.22,21.5],[101.16,21.76],[100.15,20.54],[100.6,20.09],[100.57,18.93],[99.58,18.29]]]}},{"type":"Feature","properties":{"n":"English Colonial Empire","f":1683,"t":1686,"w":"Q617219"},"geometry":{"type":"MultiPolygon","coordinates":[[[[-89.17,17.77],[-88.25,18.48],[-88.24,16.49],[-89.19,15.97],[-89.17,17.77]]],[[[-77.74,17.84],[-78.39,18.29],[-77.01,18.48],[-76.12,17.9],[-77.74,17.84]]],[[[-77.4,23.81],[-77.76,23.75],[-77.92,24.2],[-77.48,24.26],[-77.4,23.81]]],[[[-78.39,24.71],[-78.19,25.23],[-77.62,24.59],[-78.09,24.33],[-78.39,24.71]]],[[[-77.29,25.94],[-77.19,26.52],[-77.67,26.97],[-76.94,26.39],[-77.29,25.94]]],[[[-78.6,26.77],[-77.97,26.64],[-78.68,26.45],[-78.6,26.77]]],[[[-79.59,32.94],[-79.68,32.75],[-80.15,32.56],[-80.09,33.07],[-79.59,32.94]]],[[[-77.65,34.23],[-78.15,33.91],[-78.21,34.29],[-77.65,34.23]]],[[[-77.14,36.22],[-77.03,36.35],[-76.8,36.35],[-76.73,35.97],[-77.14,36.22]]],[[[-76.36,37.45],[-75.81,36.61],[-76.79,36.55],[-77.56,37.51],[-77.4,37.9],[-76.36,37.45]]],[[[-76.88,38.35],[-76.91,38.42],[-76.83,38.42],[-76.88,38.35]]],[[[-80.76,51.25],[-80.8,51.05],[-81.35,51.11],[-81.36,51.38],[-80.76,51.25]]],[[[-78.99,51.38],[-79.04,51.71],[-78.96,51.71],[-78.48,51.38],[-78.99,51.38]]],[[[-81.59,52.32],[-82.32,52.38],[-82.24,52.52],[-81.59,52.32]]],[[[-73.66,20.92],[-73.69,21.11],[-72.97,21.24],[-73.66,20.92]]],[[[-72.22,21.69],[-72.32,21.89],[-72.1,21.89],[-72.22,21.69]]],[[[-72.93,22.46],[-72.69,22.34],[-72.82,22.27],[-72.93,22.46]]],[[[-73.67,22.46],[-74.15,22.21],[-73.94,22.72],[-73.67,22.46]]],[[[-74.74,23.11],[-74.71,22.91],[-75.12,23.11],[-75.17,23.43],[-74.74,23.11]]],[[[-74.51,23.94],[-74.55,24.14],[-74.32,24.14],[-74.51,23.94]]],[[[-75.49,24.39],[-75.59,24.52],[-75.24,24.26],[-75.43,24.07],[-75.49,24.39]]],[[[-76.23,24.78],[-76.26,24.91],[-76.05,24.97],[-76.23,24.78]]],[[[-76.48,25.29],[-76.6,25.49],[-76.35,25.36],[-76.48,25.29]]],[[[-70.05,41.59],[-70.8,41.85],[-71.52,41.33],[-73.47,41.07],[-71.99,41.13],[-72.25,40.81],[-74.14,40.61],[-73.87,40.16],[-74.64,39.0],[-75.4,39.32],[-74.95,38.42],[-75.85,37.13],[-76.34,39.32],[-76.31,38.09],[-77.23,39.0],[-75.17,40.61],[-74.35,42.11],[-74.29,43.15],[-73.69,42.24],[-73.0,42.3],[-71.08,42.82],[-70.77,43.54],[-70.49,43.28],[-70.98,42.43],[-70.37,41.78],[-69.95,41.91],[-70.05,41.59]]],[[[-70.73,41.33],[-70.73,41.52],[-70.58,41.52],[-70.73,41.33]]],[[[-70.39,43.41],[-70.59,43.67],[-70.44,43.86],[-70.14,43.73],[-70.39,43.41]]],[[[-69.33,44.06],[-69.48,43.86],[-69.95,44.19],[-69.33,44.06]]],[[[-1.79,4.98],[-1.72,4.85],[-1.94,4.72],[-1.79,4.98]]],[[[-1.21,5.11],[-1.21,5.36],[-1.06,5.36],[-1.21,5.11]]],[[[80.31,12.76],[80.1,12.82],[80.2,13.14],[80.31,12.76]]],[[[-59.36,13.08],[-59.57,13.01],[-59.67,13.34],[-59.36,13.08]]],[[[-61.64,17.19],[-61.62,16.94],[-61.76,16.94],[-61.64,17.19]]],[[[-64.65,17.64],[-64.87,17.64],[-64.73,17.77],[-64.65,17.64]]],[[[-64.66,17.77],[-64.59,17.77],[-64.58,17.71],[-64.66,17.77]]],[[[-64.74,17.84],[-64.67,17.84],[-64.66,17.77],[-64.73,17.77],[-64.74,17.84]]],[[[72.87,19.25],[73.09,19.25],[72.99,18.99],[72.87,19.25]]],[[[72.89,20.86],[72.62,21.11],[72.63,21.18],[73.08,21.18],[72.89,20.86]]],[[[-64.65,32.36],[-64.67,32.17],[-64.86,32.3],[-64.65,32.36]]],[[[-6.0,35.39],[-5.88,35.77],[-5.72,35.77],[-6.0,35.39]]],[[[-53.75,46.81],[-53.37,47.27],[-53.64,47.73],[-52.92,48.19],[-53.25,47.6],[-52.76,47.8],[-52.62,47.47],[-53.02,46.61],[-53.75,46.81]]],[[[-52.95,48.46],[-53.39,48.32],[-53.58,48.59],[-52.95,48.46]]]]}},{"type":"Feature","properties":{"n":"Ottoman Empire","f":1683,"t":1686,"w":"Q12560"},"geometry":{"type":"MultiPolygon","coordinates":[[[[30.88,46.68],[29.61,45.69],[29.53,44.91],[28.8,44.97],[28.48,43.47],[27.51,42.63],[27.98,41.65],[28.96,41.13],[31.18,41.07],[32.63,41.91],[35.12,42.04],[36.21,41.26],[38.3,40.87],[40.37,40.94],[41.58,41.52],[42.86,41.59],[43.77,40.87],[43.65,40.16],[44.77,39.77],[44.07,39.38],[44.31,37.9],[45.35,36.03],[46.25,35.84],[45.44,33.91],[47.98,31.72],[47.74,31.01],[48.6,29.99],[47.87,29.54],[47.25,30.12],[45.68,30.31],[43.15,32.81],[40.93,34.1],[38.91,33.26],[37.31,30.89],[37.16,30.05],[37.68,28.96],[41.41,23.11],[43.69,20.09],[44.31,19.38],[44.46,19.44],[43.51,18.29],[43.04,16.49],[41.24,18.61],[40.85,19.7],[39.35,20.79],[38.6,23.62],[37.44,24.33],[37.27,25.23],[35.41,27.87],[34.59,28.06],[34.91,29.41],[34.12,27.74],[32.44,29.79],[35.15,24.65],[35.86,24.01],[35.55,23.69],[35.81,22.91],[31.23,22.01],[31.32,22.4],[30.01,23.11],[28.57,24.65],[28.15,27.35],[25.37,29.28],[22.77,30.37],[20.95,30.56],[18.73,29.99],[15.18,30.89],[14.28,31.91],[11.77,32.3],[9.63,33.14],[8.93,34.16],[7.61,34.55],[2.92,34.36],[2.45,34.61],[1.75,34.74],[-0.47,34.36],[-1.58,33.46],[-1.72,34.68],[-2.12,35.07],[-1.36,35.26],[-1.22,35.64],[-0.67,35.45],[0.68,36.42],[4.47,36.93],[5.56,36.67],[6.33,37.06],[8.52,36.87],[9.6,37.32],[10.23,37.25],[10.23,36.8],[11.01,37.0],[10.46,35.9],[11.08,35.58],[11.08,35.0],[10.0,34.29],[10.24,33.71],[12.23,32.81],[13.3,32.94],[15.06,32.43],[15.65,31.4],[17.85,30.95],[18.97,30.24],[20.2,30.89],[20.02,32.24],[21.88,32.94],[23.09,32.62],[23.3,32.17],[24.89,31.98],[25.25,31.46],[26.85,31.46],[28.87,30.82],[30.97,31.66],[31.88,31.46],[32.0,31.08],[33.98,31.14],[34.55,31.53],[35.64,34.36],[36.05,34.55],[35.84,36.29],[36.14,36.93],[35.49,36.61],[34.58,36.87],[33.98,36.29],[32.71,36.03],[31.09,36.93],[29.94,36.22],[29.24,36.22],[29.12,36.74],[28.59,36.87],[28.03,36.67],[28.07,37.13],[27.22,37.32],[27.28,38.03],[26.43,38.22],[26.38,38.67],[27.06,38.35],[26.85,39.58],[26.13,39.51],[26.6,40.48],[29.05,40.36],[28.91,40.61],[29.48,40.74],[28.17,41.13],[26.92,40.48],[25.38,41.0],[23.7,40.81],[23.74,40.23],[22.65,40.61],[22.61,39.9],[23.14,39.45],[22.8,39.06],[23.49,38.87],[22.94,38.74],[24.03,38.67],[24.16,38.22],[23.98,37.84],[23.04,37.9],[23.4,37.32],[22.71,37.58],[23.06,36.67],[22.36,36.67],[22.22,37.06],[21.74,36.87],[21.7,37.51],[21.24,37.84],[21.74,38.35],[20.74,38.8],[20.91,39.06],[19.25,40.61],[19.54,41.78],[18.71,42.82],[17.52,43.02],[16.82,43.73],[15.23,44.32],[15.8,44.71],[15.82,45.24],[16.3,45.04],[17.3,45.69],[16.92,46.35],[17.43,46.87],[15.91,47.99],[16.17,48.52],[16.75,48.52],[18.18,47.01],[18.44,47.33],[18.14,47.93],[20.13,47.99],[20.69,47.8],[21.21,46.87],[21.97,47.14],[22.47,46.15],[21.52,45.37],[22.55,44.97],[22.5,44.32],[22.95,43.8],[25.43,43.6],[27.83,44.19],[27.86,45.3],[28.44,46.15],[29.48,46.68],[28.42,48.19],[25.67,48.85],[26.67,49.65],[29.2,49.12],[29.65,48.06],[30.57,48.19],[30.75,47.6],[31.8,47.47],[31.94,46.68],[30.88,46.68]],[[16.32,48.13],[16.49,48.13],[16.41,48.26],[16.32,48.13]]],[[[2.53,34.42],[2.53,34.49],[2.61,34.49],[2.53,34.42]]],[[[25.68,35.13],[26.23,35.19],[24.82,35.0],[23.62,35.52],[25.68,35.13]]],[[[27.19,36.8],[26.87,36.67],[27.04,36.93],[27.19,36.8]]],[[[25.57,37.13],[25.56,37.0],[25.33,37.0],[25.57,37.13]]],[[[24.36,37.71],[24.43,37.58],[24.27,37.51],[24.36,37.71]]],[[[26.31,37.71],[26.3,37.58],[25.99,37.51],[26.31,37.71]]],[[[24.77,38.03],[25.07,37.77],[24.83,37.71],[24.77,38.03]]],[[[26.22,38.55],[26.11,38.16],[25.88,38.16],[26.22,38.55]]],[[[23.56,38.74],[23.48,38.74],[23.49,38.8],[23.56,38.74]]],[[[24.67,38.93],[24.66,38.74],[24.36,38.87],[24.67,38.93]]],[[[25.79,39.19],[26.04,39.38],[26.64,39.0],[25.79,39.19]]],[[[20.15,39.58],[20.07,39.58],[20.07,39.64],[20.15,39.58]]],[[[25.46,40.03],[25.45,39.84],[24.97,39.84],[25.46,40.03]]],[[[26.04,40.29],[26.02,40.16],[25.7,40.1],[26.04,40.29]]],[[[24.81,40.81],[24.79,40.61],[24.55,40.55],[24.81,40.81]]],[[[43.17,11.54],[44.08,10.57],[45.11,10.51],[44.87,10.06],[43.71,10.25],[43.17,11.54]]],[[[43.24,13.08],[43.25,13.4],[43.68,13.27],[43.81,12.69],[43.24,13.08]]],[[[39.3,15.39],[39.26,16.04],[39.41,16.04],[39.74,15.26],[39.3,15.39]]],[[[37.7,18.8],[37.54,18.61],[37.1,18.74],[37.34,19.12],[37.7,18.8]]],[[[44.25,19.57],[44.25,19.64],[44.33,19.64],[44.25,19.57]]],[[[44.18,19.64],[44.18,19.7],[44.26,19.7],[44.18,19.64]]],[[[40.06,25.49],[40.06,25.55],[40.14,25.55],[40.06,25.49]]],[[[33.04,34.55],[32.23,34.94],[34.54,35.71],[34.09,35.0],[33.04,34.55]]],[[[28.02,36.48],[28.25,36.48],[28.14,36.03],[27.74,35.9],[28.02,36.48]]],[[[41.33,42.89],[41.17,42.89],[41.2,43.02],[41.33,42.89]]],[[[40.96,43.02],[40.97,43.08],[41.13,43.08],[40.96,43.02]]],[[[33.93,44.45],[33.47,44.65],[35.4,45.1],[33.93,44.45]]],[[[36.42,45.43],[36.38,45.17],[36.23,45.24],[36.42,45.43]]],[[[39.48,47.07],[39.22,47.01],[39.13,47.4],[39.48,47.07]]]]}},{"type":"Feature","properties":{"n":"Golden Horde","f":1687,"t":1690,"w":"Q79965"},"geometry":{"type":"Polygon","coordinates":[[[119.15,50.38],[119.28,50.11],[117.83,49.52],[116.68,49.78],[115.42,47.99],[117.31,47.73],[118.48,47.99],[119.75,47.2],[119.8,46.68],[116.72,46.35],[115.88,45.56],[112.07,44.39],[111.89,43.67],[110.28,42.69],[108.25,42.5],[108.01,44.78],[108.91,45.89],[108.97,46.94],[108.39,47.47],[108.85,48.46],[108.14,50.38],[108.65,51.45],[111.73,52.05],[116.36,51.98],[117.74,52.72],[120.63,53.19],[119.9,52.65],[120.53,52.59],[120.61,51.98],[119.15,50.38]]]}},{"type":"Feature","properties":{"n":"Small Horde","f":1687,"t":1690,"w":"Q631210"},"geometry":{"type":"Polygon","coordinates":[[[42.42,46.15],[41.91,45.17],[39.95,44.65],[36.78,45.1],[36.75,45.43],[37.7,45.3],[38.37,46.35],[37.84,46.61],[39.48,47.07],[39.39,47.47],[41.89,46.81],[42.42,46.15]]]}},{"type":"Feature","properties":{"n":"Portuguese Colonies","f":1687,"t":1699,"w":"Q200464"},"geometry":{"type":"MultiPolygon","coordinates":[[[[124.26,-9.49],[123.81,-9.36],[123.94,-9.23],[124.38,-9.16],[124.26,-9.49]]],[[[124.71,-8.84],[125.2,-8.52],[127.23,-8.39],[124.92,-9.55],[124.71,-8.84]]],[[[122.66,-8.71],[122.29,-8.65],[122.82,-8.07],[122.66,-8.71]]],[[[79.87,10.83],[79.86,10.73],[79.85,10.82],[79.87,10.83]]],[[[74.1,15.52],[74.52,15.26],[74.55,14.81],[74.24,14.62],[73.86,15.26],[74.1,15.52]]],[[[73.03,19.38],[73.1,19.38],[73.09,19.25],[73.03,19.38]]],[[[73.18,20.09],[72.89,20.15],[73.12,20.21],[73.18,20.09]]],[[[113.42,22.14],[113.45,22.34],[113.69,22.4],[113.42,22.14]]]]}},{"type":"Feature","properties":{"n":"Khanate of Bukhara","f":1687,"t":1708,"w":"Q577668"},"geometry":{"type":"Polygon","coordinates":[[[73.82,41.07],[73.4,39.51],[73.79,39.0],[73.66,37.51],[71.58,36.74],[71.57,37.84],[71.18,38.42],[70.71,38.42],[70.08,37.51],[68.51,37.19],[68.88,36.8],[68.62,36.1],[66.33,36.22],[65.94,37.51],[64.66,38.03],[62.32,40.23],[62.38,41.33],[63.73,42.43],[68.28,40.36],[72.31,42.24],[73.38,42.11],[73.82,41.07]]]}},{"type":"Feature","properties":{"n":"Dutch Cape Coast","f":1687,"t":1690,"w":"Q221283"},"geometry":{"type":"MultiPolygon","coordinates":[[[[20.49,-34.49],[19.96,-34.82],[18.55,-34.11],[18.17,-34.36],[17.9,-33.14],[19.05,-33.21],[20.49,-34.49]]],[[[-2.31,4.85],[-2.6,4.98],[-2.3,5.17],[-2.31,4.85]]],[[[-1.57,5.3],[-1.21,5.36],[-1.21,5.11],[-1.79,5.11],[-1.57,5.3]]],[[[-0.85,5.17],[-1.06,5.17],[-1.06,5.43],[-0.85,5.17]]],[[[-0.48,5.62],[-0.48,5.56],[-0.55,5.56],[-0.48,5.62]]],[[[-0.19,5.49],[-0.48,5.36],[-0.4,5.81],[-0.19,5.49]]]]}},{"type":"Feature","properties":{"n":"Khoshut Khanate","f":1687,"t":1690,"w":"Q10921634"},"geometry":{"type":"Polygon","coordinates":[[[101.07,40.94],[99.9,38.87],[100.23,38.35],[99.2,39.26],[97.91,39.0],[96.22,39.64],[92.59,39.26],[95.76,42.82],[97.26,41.78],[101.07,40.94]]]}},{"type":"Feature","properties":{"n":"(Spanish Empire)","f":1687,"t":1690,"w":"Q80702"},"geometry":{"type":"MultiPolygon","coordinates":[[[[-73.65,-42.83],[-74.1,-42.76],[-74.03,-42.44],[-73.46,-42.24],[-73.65,-42.83]]],[[[-73.9,-40.17],[-73.37,-39.46],[-73.0,-39.72],[-73.9,-40.17]]],[[[-75.34,-10.77],[-75.27,-10.77],[-75.27,-10.84],[-75.34,-10.77]]],[[[-105.29,27.61],[-104.71,28.12],[-104.11,27.67],[-103.67,26.71],[-100.66,26.71],[-99.79,25.42],[-99.59,24.26],[-98.29,22.79],[-97.98,23.43],[-98.07,25.42],[-97.6,25.62],[-97.62,26.0],[-97.09,26.0],[-97.17,25.42],[-97.68,25.36],[-97.78,24.52],[-97.54,21.63],[-95.77,18.8],[-94.48,18.22],[-92.5,18.74],[-91.3,18.61],[-89.98,21.31],[-86.75,21.5],[-87.7,18.29],[-87.99,18.74],[-89.17,17.77],[-90.57,17.77],[-90.6,16.55],[-90.38,16.04],[-89.54,15.84],[-85.67,16.04],[-83.93,15.71],[-83.83,15.46],[-84.34,15.46],[-83.61,14.3],[-84.11,11.09],[-83.58,10.96],[-82.06,8.96],[-81.03,8.84],[-79.69,9.61],[-78.96,9.61],[-77.99,9.29],[-76.83,8.19],[-76.93,8.64],[-75.66,9.48],[-75.58,10.51],[-74.96,11.15],[-74.36,10.89],[-74.17,11.34],[-73.15,11.41],[-71.84,12.44],[-71.1,12.31],[-71.28,11.79],[-71.92,11.6],[-71.65,10.83],[-69.66,11.66],[-68.46,11.34],[-68.19,10.51],[-66.37,10.7],[-65.09,10.06],[-64.03,10.7],[-61.91,10.76],[-62.84,10.38],[-62.3,9.8],[-61.95,9.99],[-60.83,9.54],[-61.15,8.58],[-64.71,8.06],[-65.12,7.55],[-65.87,7.87],[-67.01,7.16],[-67.06,6.65],[-69.96,6.2],[-73.64,4.59],[-75.79,2.21],[-76.3,1.31],[-76.81,0.41],[-76.74,0.22],[-76.96,0.09],[-77.87,-3.25],[-77.85,-4.92],[-77.5,-6.85],[-76.34,-8.39],[-75.17,-11.35],[-73.87,-12.44],[-71.88,-13.15],[-70.67,-12.76],[-68.37,-13.28],[-65.67,-14.89],[-63.8,-15.34],[-62.59,-16.36],[-63.18,-20.61],[-64.19,-23.63],[-64.07,-24.79],[-63.27,-26.2],[-61.05,-26.78],[-59.61,-26.72],[-58.85,-26.27],[-57.5,-24.34],[-57.0,-24.47],[-58.43,-26.84],[-58.75,-30.32],[-58.27,-30.89],[-58.56,-32.76],[-58.25,-33.34],[-58.55,-34.49],[-60.29,-33.79],[-63.06,-34.62],[-64.35,-34.3],[-67.86,-34.43],[-70.36,-35.27],[-70.7,-36.3],[-71.2,-36.62],[-71.35,-37.91],[-73.34,-36.94],[-71.63,-32.69],[-71.94,-30.83],[-70.57,-25.17],[-70.53,-23.63],[-70.81,-23.5],[-70.27,-21.96],[-70.26,-19.84],[-70.44,-18.42],[-71.62,-17.33],[-75.22,-15.53],[-76.08,-14.69],[-76.46,-14.18],[-76.38,-13.41],[-77.8,-11.35],[-78.98,-8.46],[-79.98,-6.91],[-81.33,-6.14],[-81.01,-5.63],[-81.47,-4.41],[-80.05,-3.12],[-81.12,-2.29],[-81.03,-0.94],[-80.16,0.22],[-80.23,0.86],[-79.06,1.25],[-78.78,2.34],[-77.91,2.6],[-77.26,3.63],[-77.56,4.08],[-77.41,6.52],[-78.5,7.94],[-78.23,8.45],[-79.64,8.9],[-80.41,8.26],[-80.0,7.42],[-80.94,7.16],[-81.05,7.87],[-81.47,7.61],[-81.94,8.19],[-83.71,8.45],[-83.67,9.09],[-84.83,9.99],[-85.24,9.61],[-85.78,9.99],[-85.72,11.09],[-87.55,12.69],[-87.47,13.34],[-88.85,13.21],[-91.35,13.91],[-94.77,16.36],[-96.21,15.65],[-97.72,15.91],[-101.11,17.26],[-101.9,17.96],[-103.19,18.16],[-105.05,19.38],[-105.54,20.02],[-105.13,21.31],[-105.7,22.59],[-107.87,24.52],[-108.11,25.16],[-109.39,25.74],[-109.26,26.58],[-110.42,27.16],[-111.52,29.86],[-112.52,31.21],[-110.72,31.08],[-109.22,28.32],[-107.83,28.44],[-106.77,29.09],[-106.54,31.85],[-106.18,31.53],[-106.23,28.83],[-105.29,27.61]]],[[[-76.3,1.31],[-76.22,1.31],[-76.22,1.25],[-76.3,1.31]]],[[[-75.14,2.92],[-75.07,2.92],[-75.07,2.86],[-75.14,2.92]]],[[[-81.9,7.36],[-81.91,7.61],[-81.7,7.68],[-81.9,7.36]]],[[[-79.03,8.32],[-78.96,8.45],[-78.81,8.45],[-79.03,8.32]]],[[[-61.0,10.06],[-61.73,10.06],[-61.55,10.83],[-60.89,10.83],[-61.0,10.06]]],[[[-64.04,10.83],[-64.35,11.09],[-63.84,11.21],[-64.04,10.83]]],[[[-69.73,11.66],[-70.24,11.6],[-70.28,12.11],[-69.85,12.24],[-69.73,11.66]]],[[[-67.12,17.96],[-67.26,18.48],[-66.16,18.54],[-65.52,18.16],[-67.12,17.96]]],[[[-68.56,18.22],[-70.72,18.35],[-71.28,17.58],[-72.18,18.22],[-72.0,18.54],[-72.51,19.57],[-70.78,19.96],[-69.08,19.38],[-69.49,19.12],[-68.24,18.67],[-68.56,18.22]]],[[[-86.7,20.34],[-86.99,20.28],[-87.02,20.47],[-86.67,20.6],[-86.7,20.34]]],[[[-74.07,20.15],[-77.65,19.83],[-77.19,20.66],[-78.24,20.79],[-78.66,21.56],[-82.05,22.27],[-81.74,22.66],[-84.8,21.82],[-84.0,22.79],[-82.29,23.24],[-80.57,23.17],[-74.07,20.15]]],[[[-82.5,21.44],[-82.95,21.44],[-83.04,21.95],[-82.66,21.95],[-82.5,21.44]]],[[[-78.6,22.53],[-78.23,22.59],[-78.2,22.4],[-78.6,22.53]]],[[[-17.85,27.87],[-17.9,27.61],[-18.06,27.67],[-17.85,27.87]]],[[[-17.35,28.19],[-17.12,28.25],[-17.03,28.06],[-17.35,28.19]]],[[[-17.71,28.89],[-17.67,28.51],[-17.9,28.51],[-17.71,28.89]]],[[[-83.84,30.05],[-84.88,29.73],[-85.67,31.01],[-81.97,30.37],[-81.87,31.27],[-81.21,31.59],[-81.44,30.89],[-80.55,28.57],[-81.94,28.12],[-83.84,30.05]]],[[[120.0,10.51],[118.85,9.93],[118.73,10.19],[119.19,10.44],[119.34,11.15],[120.0,10.51]]],[[[119.85,11.79],[119.87,11.92],[120.09,11.92],[119.85,11.79]]],[[[119.84,12.31],[120.34,12.18],[120.32,11.99],[119.84,12.31]]],[[[120.1,13.72],[120.12,13.85],[120.27,13.85],[120.1,13.72]]],[[[-15.73,27.74],[-15.76,28.19],[-15.3,28.12],[-15.73,27.74]]],[[[-16.91,28.38],[-16.09,28.57],[-16.36,28.06],[-16.65,27.93],[-16.91,28.38]]],[[[-13.77,28.77],[-13.81,28.25],[-14.32,28.06],[-13.77,28.77]]],[[[-13.65,29.22],[-13.42,29.22],[-13.47,28.89],[-13.86,28.96],[-13.65,29.22]]],[[[-2.98,35.26],[-2.99,35.45],[-2.84,35.45],[-2.98,35.26]]],[[[-0.53,35.71],[-0.45,35.58],[-0.67,35.45],[-0.92,35.71],[-0.53,35.71]]],[[[-5.57,35.84],[-5.34,35.84],[-5.33,35.77],[-5.57,35.84]]],[[[1.65,39.13],[1.66,39.0],[1.27,38.8],[1.18,39.06],[1.65,39.13]]],[[[2.34,39.64],[2.88,39.97],[3.52,39.77],[3.3,39.32],[2.34,39.64]]],[[[18.44,40.1],[18.11,39.9],[17.35,40.55],[16.62,40.29],[16.45,39.64],[17.14,39.06],[15.93,37.96],[15.39,38.16],[15.05,36.74],[12.49,37.71],[12.65,38.09],[14.6,38.03],[15.86,38.29],[16.27,38.74],[15.75,40.03],[13.79,41.13],[13.96,41.72],[13.01,42.04],[12.86,42.5],[13.99,42.95],[14.37,42.24],[16.12,41.91],[15.94,41.39],[18.44,40.1]]],[[[0.04,42.69],[3.09,42.5],[3.12,41.91],[0.7,40.94],[-0.2,39.97],[-0.31,39.13],[0.1,38.74],[-0.66,38.29],[-0.7,37.64],[-1.71,37.45],[-2.06,36.8],[-4.47,36.74],[-5.66,36.03],[-6.06,36.22],[-6.43,37.0],[-7.39,37.25],[-7.5,37.71],[-6.99,38.09],[-7.27,38.67],[-6.99,39.0],[-7.44,39.64],[-6.9,39.77],[-6.93,41.0],[-6.27,41.65],[-6.7,41.98],[-8.93,41.91],[-8.66,42.37],[-9.3,43.15],[-8.24,43.73],[-1.69,43.34],[0.04,42.69]]],[[[4.22,40.1],[4.3,39.84],[3.83,39.9],[4.22,40.1]]],[[[9.59,39.13],[8.34,39.0],[8.15,40.94],[9.5,41.2],[9.59,39.13]]],[[[11.34,42.43],[11.18,42.5],[11.18,42.56],[11.34,42.43]]],[[[10.46,42.89],[10.46,42.69],[10.21,42.69],[10.46,42.89]]],[[[10.86,43.08],[10.94,42.89],[10.7,42.95],[10.86,43.08]]],[[[9.32,45.17],[9.4,44.45],[8.34,45.1],[8.58,45.56],[7.92,45.96],[8.32,46.41],[8.9,45.89],[9.39,46.22],[9.31,45.69],[10.45,45.17],[9.32,45.17]]],[[[2.6,50.85],[2.49,51.18],[5.37,51.25],[4.49,49.98],[3.61,50.78],[2.6,50.85]]],[[[126.2,6.39],[125.83,7.23],[125.52,7.04],[125.65,5.88],[125.33,5.49],[125.15,6.01],[124.7,5.81],[124.0,6.26],[124.09,7.42],[123.68,7.74],[122.76,7.23],[122.59,7.74],[122.23,6.97],[121.8,6.97],[122.1,8.0],[123.34,8.77],[124.09,8.19],[124.82,9.03],[125.48,9.03],[125.42,9.86],[126.24,9.29],[126.59,7.61],[126.2,6.39]]],[[[124.55,9.22],[124.77,9.29],[124.82,9.03],[124.55,9.22]]],[[[123.58,9.03],[123.44,9.09],[123.54,9.35],[123.58,9.03]]],[[[125.83,9.61],[125.92,9.74],[125.91,9.67],[125.83,9.61]]],[[[126.06,9.67],[125.92,9.74],[125.94,9.99],[126.06,9.67]]],[[[124.5,10.19],[124.62,9.93],[123.78,9.54],[123.74,9.86],[124.5,10.19]]],[[[122.81,10.12],[122.9,10.89],[123.56,10.96],[123.15,9.8],[123.22,9.03],[122.33,9.67],[122.81,10.12]]],[[[125.47,10.38],[125.7,10.44],[125.71,9.86],[125.47,10.38]]],[[[123.6,9.99],[123.48,9.48],[123.26,9.48],[124.11,11.28],[124.0,10.25],[123.6,9.99]]],[[[121.93,11.99],[123.12,11.54],[122.62,10.38],[121.9,10.44],[121.93,11.99]]],[[[125.24,10.25],[124.92,9.99],[124.25,11.21],[124.31,11.73],[124.71,11.34],[124.97,11.73],[124.27,12.56],[125.55,12.24],[125.77,11.02],[125.06,11.21],[125.24,10.25]]],[[[123.73,12.31],[124.09,11.73],[123.17,11.99],[123.24,12.5],[123.77,12.63],[123.73,12.31]]],[[[121.9,12.37],[122.13,12.44],[122.09,12.11],[121.9,12.37]]],[[[122.69,12.24],[122.41,12.37],[122.51,12.56],[122.69,12.24]]],[[[121.99,12.5],[122.02,12.69],[122.24,12.69],[121.99,12.5]]],[[[120.74,13.59],[121.44,13.34],[121.29,12.18],[120.34,13.34],[120.74,13.59]]],[[[122.2,13.53],[122.16,13.21],[121.86,13.21],[121.75,13.46],[122.2,13.53]]],[[[144.84,13.34],[144.61,13.27],[144.65,13.53],[144.97,13.66],[144.84,13.34]]],[[[124.11,13.53],[124.12,14.11],[124.47,13.98],[124.11,13.53]]],[[[122.13,15.01],[122.07,14.62],[121.86,14.69],[122.13,15.01]]],[[[121.49,15.14],[121.84,14.11],[122.76,14.36],[123.12,13.79],[123.24,14.11],[123.87,13.91],[123.61,13.59],[124.14,13.21],[124.12,12.5],[123.45,13.01],[123.06,12.82],[123.27,13.27],[122.69,13.85],[122.74,13.21],[121.82,13.91],[121.4,13.59],[120.62,13.79],[120.97,14.62],[120.35,14.43],[119.73,16.1],[120.01,16.42],[120.4,16.1],[120.61,18.54],[122.39,18.54],[122.22,17.64],[122.64,17.13],[121.49,15.14]]]]}},{"type":"Feature","properties":{"n":"(Kingdom of France)","f":1687,"t":1690,"w":"Q207162"},"geometry":{"type":"MultiPolygon","coordinates":[[[[-73.92,18.03],[-74.44,18.61],[-72.3,18.61],[-72.79,19.51],[-73.41,19.64],[-72.64,19.96],[-72.1,19.83],[-72.51,19.57],[-72.0,18.54],[-73.92,18.03]]],[[[-96.69,29.02],[-96.54,28.77],[-96.82,28.7],[-96.69,29.02]]],[[[-91.71,33.97],[-91.43,33.65],[-91.84,33.71],[-91.71,33.97]]],[[[-89.5,40.74],[-90.0,40.94],[-89.72,41.0],[-89.5,40.74]]],[[[-88.77,41.46],[-89.27,41.65],[-88.99,41.72],[-88.77,41.46]]],[[[-78.52,42.95],[-78.62,42.82],[-79.09,43.28],[-78.52,42.95]]],[[[-90.67,43.15],[-91.07,43.15],[-91.02,43.47],[-90.67,43.15]]],[[[-88.01,44.39],[-88.32,44.65],[-88.16,44.78],[-87.76,44.52],[-88.01,44.39]]],[[[-84.74,45.76],[-84.1,45.5],[-84.39,45.43],[-84.74,45.76]]],[[[-84.76,46.48],[-84.47,46.41],[-84.81,46.28],[-84.76,46.48]]],[[[-79.16,47.73],[-78.92,47.47],[-79.21,47.4],[-79.16,47.73]]],[[[-79.53,47.66],[-79.57,47.73],[-79.49,47.73],[-79.53,47.66]]],[[[-80.76,51.25],[-80.8,51.05],[-81.35,51.11],[-81.36,51.38],[-80.76,51.25]]],[[[-86.8,51.98],[-87.37,52.18],[-87.08,52.25],[-86.8,51.98]]],[[[-81.59,52.32],[-82.32,52.38],[-82.24,52.52],[-81.59,52.32]]],[[[-54.27,5.24],[-54.06,5.75],[-52.89,5.49],[-51.71,4.53],[-51.77,3.95],[-54.27,5.24]]],[[[-61.57,12.24],[-61.55,11.99],[-61.78,12.05],[-61.57,12.24]]],[[[-60.8,13.72],[-60.94,13.66],[-61.04,14.04],[-60.8,13.72]]],[[[-61.08,14.49],[-61.19,14.88],[-60.81,14.75],[-60.78,14.43],[-61.08,14.49]]],[[[-17.16,14.62],[-17.45,14.69],[-17.39,14.88],[-17.09,14.94],[-17.16,14.62]]],[[[-16.6,15.65],[-16.47,16.16],[-16.25,16.1],[-16.6,15.65]]],[[[-61.35,16.49],[-61.17,16.23],[-61.58,15.91],[-61.77,16.29],[-61.35,16.49]]],[[[-64.73,17.71],[-64.73,17.77],[-64.66,17.77],[-64.73,17.71]]],[[[-64.89,17.84],[-64.74,17.84],[-64.73,17.77],[-64.89,17.84]]],[[[-62.95,18.29],[-62.92,18.03],[-63.14,18.03],[-62.95,18.29]]],[[[-65.49,44.52],[-65.67,44.91],[-64.63,45.3],[-66.35,45.5],[-64.56,46.22],[-64.13,45.63],[-63.09,45.3],[-64.07,44.78],[-64.65,44.97],[-65.49,44.52]]],[[[-72.43,46.41],[-73.62,45.69],[-73.3,45.24],[-74.77,45.24],[-75.77,44.19],[-76.71,44.45],[-75.36,45.76],[-73.1,46.74],[-71.15,47.27],[-70.56,47.07],[-69.24,48.19],[-69.85,47.14],[-72.43,46.41]]],[[[-54.08,47.2],[-54.02,47.66],[-53.72,47.53],[-53.67,47.2],[-54.08,47.2]]],[[[-53.75,47.6],[-53.67,47.6],[-53.64,47.53],[-53.75,47.6]]],[[[-64.59,49.98],[-63.1,49.85],[-61.73,49.12],[-63.1,49.18],[-64.59,49.98]]],[[[55.59,-20.86],[55.77,-21.31],[55.41,-21.44],[55.08,-20.99],[55.59,-20.86]]],[[[49.76,-16.75],[49.9,-16.75],[49.92,-16.94],[49.76,-16.75]]],[[[49.25,-18.16],[49.32,-15.59],[49.82,-15.27],[50.15,-15.98],[49.68,-15.46],[49.25,-18.16]]],[[[49.82,-15.27],[49.81,-15.21],[49.89,-15.21],[49.82,-15.27]]],[[[44.94,-13.02],[44.93,-12.7],[45.15,-12.76],[44.94,-13.02]]],[[[43.52,-12.38],[43.52,-12.25],[43.74,-12.25],[43.52,-12.38]]],[[[44.18,-12.19],[44.47,-12.19],[44.33,-12.44],[44.18,-12.19]]],[[[43.36,-11.93],[43.06,-11.61],[43.34,-11.35],[43.36,-11.93]]],[[[-3.18,5.3],[-3.18,5.11],[-3.69,5.11],[-3.18,5.3]]],[[[79.72,11.79],[79.88,11.92],[79.87,11.79],[79.72,11.79]]],[[[88.49,22.59],[88.34,22.59],[88.44,22.79],[88.49,22.59]]],[[[6.58,50.11],[6.35,49.58],[7.1,49.52],[6.69,49.18],[8.11,48.99],[7.56,47.6],[6.82,47.6],[6.99,47.27],[5.48,45.56],[6.64,44.84],[6.81,44.32],[6.42,44.06],[6.91,43.54],[6.52,43.21],[3.85,43.6],[2.98,43.15],[3.09,42.5],[2.46,42.37],[-1.43,43.08],[-1.69,43.41],[-1.03,45.5],[-1.25,46.28],[-2.01,46.61],[-2.58,47.47],[-4.42,47.8],[-4.89,48.32],[-4.6,48.72],[-3.46,48.92],[-1.6,48.65],[-2.03,49.78],[0.01,49.38],[0.22,49.85],[1.45,50.25],[1.66,51.05],[3.61,50.78],[4.15,49.98],[5.9,50.38],[5.89,50.71],[6.58,50.11]]]]}},{"type":"Feature","properties":{"n":"(Habsburg Monarchy)","f":1687,"t":1690,"w":"Q66504140"},"geometry":{"type":"MultiPolygon","coordinates":[[[[7.63,48.32],[8.21,48.26],[8.06,47.33],[7.56,47.53],[7.89,47.66],[7.63,48.32]]],[[[8.71,47.93],[8.79,47.86],[8.63,47.86],[8.71,47.93]]],[[[8.21,47.99],[8.21,48.13],[8.38,48.13],[8.21,47.99]]],[[[8.71,48.19],[8.54,48.26],[8.54,48.32],[8.71,48.19]]],[[[8.87,48.32],[9.04,48.26],[9.04,48.19],[8.87,48.32]]],[[[8.21,48.39],[8.45,48.39],[8.29,48.32],[8.21,48.39]]],[[[8.37,48.46],[8.29,48.59],[8.45,48.59],[8.37,48.46]]],[[[7.79,48.52],[7.79,48.59],[7.95,48.59],[7.79,48.52]]],[[[8.62,48.65],[8.7,48.52],[8.62,48.52],[8.62,48.65]]],[[[7.95,48.59],[7.95,48.65],[8.04,48.65],[8.04,48.59],[7.95,48.59]]],[[[8.12,48.65],[8.04,48.65],[8.03,48.72],[8.12,48.65]]],[[[9.29,47.99],[9.29,47.8],[8.88,47.73],[9.29,47.99]]],[[[9.54,47.99],[9.54,47.86],[9.37,47.93],[9.54,47.99]]],[[[10.36,47.99],[10.12,48.06],[10.2,48.26],[10.36,47.99]]],[[[9.95,48.46],[10.03,48.26],[9.45,48.19],[9.95,48.46]]],[[[9.37,48.46],[9.37,48.26],[9.2,48.32],[9.37,48.46]]],[[[20.68,47.6],[20.1,46.15],[17.64,45.89],[16.3,45.04],[15.82,45.24],[15.8,44.71],[15.23,44.45],[14.6,45.37],[14.03,45.04],[13.79,45.24],[14.12,45.5],[13.31,45.82],[13.56,46.55],[12.09,46.68],[10.78,45.69],[10.45,45.82],[10.45,46.94],[9.54,47.2],[9.62,47.53],[12.51,47.66],[12.18,47.07],[13.74,47.07],[13.18,48.06],[14.1,48.65],[12.53,49.52],[12.12,50.25],[14.33,51.05],[15.0,50.91],[15.27,51.45],[14.85,51.58],[14.95,52.05],[15.65,52.32],[16.13,51.71],[17.32,51.71],[17.55,51.25],[19.03,50.58],[19.24,49.85],[18.88,49.45],[21.8,49.38],[22.44,49.05],[20.68,47.6]],[[20.29,49.25],[20.28,49.12],[20.45,49.18],[20.29,49.25]]],[[[10.11,48.46],[10.28,48.39],[10.28,48.32],[10.11,48.46]]]]}},{"type":"Feature","properties":{"n":"(Holy Roman Empire)","f":1687,"t":1690,"w":"Q12548"},"geometry":{"type":"MultiPolygon","coordinates":[[[[8.03,44.06],[8.11,44.52],[8.59,44.71],[8.03,44.06]]],[[[8.75,44.91],[8.51,44.91],[8.59,45.04],[8.75,44.91]]],[[[6.83,47.14],[7.08,46.94],[6.51,46.87],[6.83,47.14]]],[[[6.98,47.6],[6.99,47.47],[6.82,47.6],[6.98,47.6]]],[[[7.55,47.93],[7.89,47.66],[7.56,47.53],[7.55,47.93]]],[[[8.46,53.94],[8.81,53.87],[8.72,53.66],[8.46,53.94]]],[[[9.4,54.82],[9.58,54.55],[8.8,54.14],[8.71,54.61],[9.4,54.82]]],[[[9.75,55.57],[8.53,54.89],[8.79,55.77],[9.75,55.57]]],[[[9.24,44.91],[9.32,45.17],[10.45,45.04],[10.62,45.43],[11.35,44.84],[10.62,43.8],[9.24,44.91]]],[[[9.54,47.2],[9.63,47.14],[9.46,47.14],[9.54,47.2]]],[[[13.0,47.53],[13.18,48.06],[13.74,47.07],[12.18,47.07],[12.51,47.66],[13.0,47.53]]],[[[13.36,48.99],[14.1,48.65],[13.85,48.46],[13.27,48.59],[13.36,48.99]]],[[[12.8,50.65],[12.63,50.65],[12.55,50.91],[12.8,50.65]]],[[[8.11,48.99],[6.69,49.18],[7.1,49.52],[6.35,49.58],[6.58,50.11],[6.07,50.25],[6.4,50.51],[6.07,50.45],[5.97,50.98],[5.71,51.05],[5.9,50.38],[4.65,50.11],[5.77,51.78],[6.88,51.45],[6.45,51.85],[6.95,52.25],[6.68,52.65],[7.18,53.33],[6.91,53.6],[7.94,53.73],[7.61,53.12],[8.13,52.79],[8.64,53.12],[8.82,52.79],[10.79,54.27],[11.48,53.8],[11.4,54.14],[12.44,54.41],[13.12,53.66],[13.55,53.8],[13.2,53.33],[11.74,53.6],[11.13,53.33],[11.39,53.06],[10.79,52.99],[10.96,52.45],[10.53,52.12],[10.87,51.65],[11.38,51.78],[11.29,51.45],[10.1,51.18],[11.88,50.98],[12.05,51.31],[12.55,50.91],[11.79,50.85],[12.21,50.78],[12.12,50.18],[11.2,49.78],[11.28,49.12],[10.94,48.85],[10.03,49.12],[10.53,48.26],[10.12,48.06],[10.53,48.19],[10.69,47.73],[10.37,47.33],[9.04,47.73],[9.29,47.99],[8.22,47.66],[8.21,47.99],[8.21,48.26],[7.71,48.32],[8.11,48.99]],[[8.46,47.99],[8.38,48.13],[8.21,47.99],[8.46,47.99]],[[10.44,51.65],[10.44,51.45],[10.78,51.45],[10.44,51.65]],[[10.2,48.46],[10.11,48.46],[10.11,48.32],[10.2,48.46]],[[9.95,48.46],[9.45,48.46],[9.45,48.19],[9.95,48.46]],[[9.54,47.86],[9.54,47.99],[9.37,47.93],[9.54,47.86]],[[9.37,48.26],[9.37,48.46],[9.2,48.32],[9.37,48.26]],[[8.71,48.19],[8.79,48.32],[8.54,48.32],[8.71,48.19]],[[9.04,48.19],[9.04,48.26],[8.87,48.32],[9.04,48.19]],[[7.98,51.98],[8.91,52.12],[8.91,52.52],[8.14,52.59],[7.98,51.98]],[[8.71,47.99],[8.63,47.99],[8.79,47.86],[8.71,47.99]],[[8.62,48.65],[8.53,48.59],[8.62,48.52],[8.62,48.65]],[[8.45,48.39],[8.21,48.39],[8.29,48.32],[8.45,48.39]],[[8.29,48.59],[8.37,48.46],[8.45,48.59],[8.29,48.59]],[[7.55,52.12],[7.8,52.12],[7.8,52.45],[7.28,52.59],[7.55,52.12]],[[7.05,51.58],[7.06,51.31],[7.57,51.25],[7.56,51.65],[7.05,51.58]]],[[[11.71,51.31],[11.46,51.51],[12.4,51.85],[11.71,51.31]]],[[[9.93,54.55],[10.19,54.55],[10.1,54.21],[9.75,54.14],[9.93,54.55]]]]}},{"type":"Feature","properties":{"n":"Dutch Ceylon","f":1687,"t":1768,"w":"Q1841483"},"geometry":{"type":"Polygon","coordinates":[[[81.72,6.46],[80.89,6.01],[80.28,6.84],[80.38,7.36],[79.72,7.36],[79.79,8.51],[81.13,8.9],[81.09,8.32],[81.65,7.94],[81.42,7.61],[81.91,7.23],[81.72,6.46]]]}},{"type":"Feature","properties":{"n":"Dutch Republic","f":1687,"t":1690,"w":"Q170072"},"geometry":{"type":"MultiPolygon","coordinates":[[[[57.7,-20.35],[57.19,-20.54],[57.18,-20.35],[57.45,-19.96],[57.7,-20.35]]],[[[80.38,7.36],[80.28,6.84],[80.89,5.94],[79.95,6.14],[79.72,7.29],[80.38,7.36]]],[[[81.69,7.29],[81.43,7.81],[81.65,7.87],[81.69,7.29]]],[[[79.67,7.68],[79.77,8.19],[79.92,8.19],[79.67,7.68]]],[[[81.09,8.32],[81.04,8.58],[81.26,8.64],[81.09,8.32]]],[[[79.88,9.86],[80.45,9.74],[81.06,8.9],[79.79,8.58],[79.88,9.86]]],[[[76.23,9.93],[76.45,9.99],[76.56,9.41],[76.26,9.35],[76.23,9.93]]],[[[75.78,10.96],[75.59,11.34],[75.81,11.41],[75.78,10.96]]],[[[75.29,12.31],[75.41,11.92],[75.27,11.92],[75.29,12.31]]],[[[80.21,12.44],[80.0,12.5],[80.09,12.76],[80.21,12.44]]],[[[80.38,13.46],[80.41,13.08],[80.13,13.21],[80.38,13.46]]],[[[88.6,22.85],[88.37,22.79],[88.46,22.91],[88.6,22.85]]],[[[5.04,44.19],[4.8,44.12],[4.88,44.25],[5.04,44.19]]],[[[5.72,50.71],[5.71,51.05],[5.97,50.98],[5.72,50.71]]],[[[5.78,51.38],[5.37,51.25],[3.41,51.45],[3.75,51.45],[3.4,51.65],[4.22,52.18],[4.69,53.19],[5.06,52.65],[5.54,53.39],[7.18,53.26],[6.68,52.65],[6.94,52.38],[6.7,51.92],[5.77,51.78],[5.78,51.38]]],[[[123.74,-9.36],[124.26,-9.49],[124.65,-8.91],[125.02,-9.04],[124.61,-10.06],[123.17,-10.39],[123.74,-9.36]]],[[[118.9,-8.26],[119.08,-8.78],[118.5,-8.84],[118.54,-8.33],[118.9,-8.26]]],[[[122.79,-8.59],[122.78,-8.46],[123.78,-8.2],[123.52,-8.59],[122.79,-8.59]]],[[[124.97,-8.46],[123.8,-8.46],[124.0,-8.2],[125.02,-8.2],[124.97,-8.46]]],[[[125.67,-8.01],[125.71,-7.69],[126.51,-7.56],[126.4,-8.01],[125.67,-8.01]]],[[[111.38,-7.24],[108.24,-7.11],[107.99,-7.81],[106.28,-7.43],[106.6,-6.53],[106.35,-5.95],[108.26,-6.27],[108.87,-6.79],[110.34,-6.91],[110.6,-6.4],[111.2,-6.66],[111.38,-7.24]]],[[[121.99,-5.37],[121.77,-5.44],[121.68,-5.11],[121.99,-5.37]]],[[[119.47,-4.54],[119.65,-5.31],[120.32,-5.56],[119.53,-5.76],[119.47,-4.54]]],[[[123.03,-4.41],[123.12,-4.73],[122.81,-5.69],[122.14,-5.44],[122.18,-4.79],[123.03,-4.41]]],[[[126.36,-3.83],[125.89,-3.12],[126.83,-3.06],[127.21,-3.44],[126.36,-3.83]]],[[[126.01,-2.48],[125.26,-1.77],[126.14,-1.77],[126.01,-2.48]]],[[[125.11,-1.71],[125.19,-1.9],[124.25,-2.03],[124.24,-1.64],[125.11,-1.71]]],[[[101.42,-3.12],[100.2,-0.87],[98.95,0.41],[99.67,0.29],[100.56,-0.74],[101.42,-3.12]]],[[[124.96,1.25],[124.61,1.51],[125.12,1.7],[124.96,1.25]]],[[[102.1,3.05],[102.67,2.73],[102.42,2.02],[101.71,2.47],[102.1,3.05]]],[[[130.95,-8.33],[130.59,-8.39],[130.86,-8.14],[130.95,-8.33]]],[[[127.66,-8.26],[127.64,-8.07],[127.79,-8.07],[127.66,-8.26]]],[[[129.76,-8.07],[129.46,-8.01],[129.44,-7.75],[129.76,-8.07]]],[[[131.0,-8.07],[130.97,-7.69],[131.58,-7.11],[131.0,-8.07]]],[[[130.81,-7.56],[130.87,-7.36],[131.02,-7.36],[130.81,-7.56]]],[[[128.38,-7.24],[128.37,-7.11],[128.59,-7.04],[128.38,-7.24]]],[[[134.53,-5.44],[134.68,-6.59],[133.97,-6.91],[134.18,-5.63],[134.53,-5.44]]],[[[132.52,-5.95],[132.5,-5.69],[132.95,-5.76],[132.52,-5.95]]],[[[133.07,-5.44],[133.01,-5.63],[132.86,-5.5],[133.07,-5.44]]],[[[128.24,-3.51],[128.25,-3.7],[127.81,-3.83],[128.24,-3.51]]],[[[128.38,-3.51],[127.71,-3.19],[128.28,-2.8],[129.66,-2.8],[130.55,-3.12],[130.73,-3.89],[129.76,-3.38],[128.38,-3.51]]],[[[130.22,-2.09],[129.64,-1.96],[129.7,-1.77],[130.06,-1.64],[130.22,-2.09]]],[[[128.02,-1.51],[128.03,-1.77],[127.3,-1.77],[127.22,-1.45],[128.02,-1.51]]]]}},{"type":"Feature","properties":{"n":"Dzungar Khanate","f":1687,"t":1690,"w":"Q1923401"},"geometry":{"type":"Polygon","coordinates":[[[106.51,38.22],[104.54,37.64],[102.79,38.48],[103.12,39.06],[102.09,38.87],[100.61,39.77],[101.07,40.94],[97.26,41.78],[95.76,42.82],[92.59,39.26],[90.95,38.67],[90.94,38.03],[91.53,37.51],[90.94,36.93],[91.36,36.8],[91.25,36.48],[88.67,36.67],[86.8,36.42],[85.89,35.77],[82.35,35.84],[81.67,35.39],[80.15,35.45],[79.44,35.97],[77.98,35.45],[76.09,35.9],[75.96,36.55],[75.31,37.0],[73.69,37.06],[73.79,39.0],[73.4,39.51],[73.85,40.68],[73.38,42.11],[74.33,43.41],[74.01,44.71],[74.32,45.96],[75.45,46.55],[78.97,46.35],[80.55,48.26],[83.84,48.72],[85.22,49.65],[86.78,49.58],[87.53,49.12],[89.61,49.71],[89.48,50.25],[90.09,50.58],[89.08,51.31],[90.25,51.85],[92.84,51.78],[94.43,53.06],[96.6,53.6],[97.81,52.99],[98.76,52.99],[98.68,52.38],[99.39,51.92],[101.91,51.51],[102.3,50.58],[102.88,50.31],[106.46,50.38],[108.63,49.38],[108.85,48.19],[108.39,47.47],[108.97,46.94],[108.91,45.89],[108.01,44.78],[108.29,43.15],[106.51,38.22]]]}},{"type":"Feature","properties":{"n":"Polish-Lithuanian Commonwealth","f":1687,"t":1695,"w":"Q172107"},"geometry":{"type":"MultiPolygon","coordinates":[[[[20.45,49.18],[20.28,49.12],[20.29,49.25],[20.45,49.18]]],[[[27.21,57.56],[27.8,57.35],[27.72,56.87],[28.48,57.14],[28.29,56.52],[29.1,56.59],[29.14,56.32],[31.44,56.39],[31.42,55.77],[30.88,55.7],[31.41,54.75],[31.09,54.41],[32.36,54.27],[32.63,53.33],[31.31,53.19],[31.66,52.18],[30.58,51.85],[30.02,50.31],[31.34,50.11],[32.71,49.18],[29.65,48.06],[29.2,49.12],[26.67,49.65],[25.25,48.85],[25.54,48.39],[24.91,47.8],[22.78,49.12],[18.88,49.45],[19.24,49.85],[19.03,50.58],[17.55,51.25],[17.32,51.71],[16.13,51.71],[15.49,52.65],[16.1,52.86],[16.4,53.8],[16.91,53.6],[17.62,54.0],[18.02,54.89],[18.46,54.89],[18.69,54.41],[20.83,54.07],[20.1,53.66],[19.45,54.21],[18.7,53.39],[19.74,53.46],[20.4,53.06],[22.42,53.6],[22.81,54.89],[20.84,56.18],[21.6,57.63],[22.52,57.83],[23.59,57.08],[23.47,56.8],[25.45,56.39],[26.53,56.59],[27.21,57.56]]]]}},{"type":"Feature","properties":{"n":"Patani Kingdom","f":1687,"t":1690,"w":"Q584435"},"geometry":{"type":"Polygon","coordinates":[[[101.53,4.85],[101.73,5.75],[101.0,5.69],[100.89,6.26],[101.15,6.91],[102.34,6.2],[102.49,5.04],[101.53,4.85]]]}},{"type":"Feature","properties":{"n":"(Dutch Republic)","f":1687,"t":1690,"w":"Q170072"},"geometry":{"type":"MultiPolygon","coordinates":[[[[18.55,-34.11],[18.17,-34.36],[17.9,-33.14],[19.36,-33.34],[20.49,-34.49],[19.42,-34.82],[18.55,-34.11]]],[[[57.57,-20.54],[57.19,-20.54],[57.45,-19.96],[57.57,-20.54]]],[[[-2.3,5.17],[-2.31,4.85],[-2.6,4.98],[-2.3,5.17]]],[[[-1.21,5.11],[-1.79,4.91],[-1.57,5.3],[-1.21,5.11]]],[[[-0.92,5.43],[-0.85,5.17],[-1.06,5.17],[-0.92,5.43]]],[[[-0.55,5.62],[-0.48,5.62],[-0.48,5.56],[-0.55,5.62]]],[[[-0.4,5.81],[-0.18,5.75],[-0.19,5.49],[-0.48,5.36],[-0.4,5.81]]],[[[80.08,9.61],[79.88,9.86],[80.45,9.74],[81.4,8.51],[81.88,6.71],[81.34,6.14],[80.23,5.88],[79.72,7.36],[80.08,9.61]],[[81.11,8.64],[81.04,8.64],[81.04,8.58],[81.11,8.64]]],[[[76.23,9.93],[76.45,9.99],[76.56,9.41],[76.26,9.35],[76.23,9.93]]],[[[75.59,11.34],[75.81,11.41],[75.93,10.96],[75.59,11.34]]],[[[75.29,12.31],[75.41,11.92],[75.27,11.92],[75.29,12.31]]],[[[80.21,12.44],[80.0,12.5],[80.09,12.76],[80.21,12.44]]],[[[80.41,13.08],[80.13,13.21],[80.38,13.46],[80.41,13.08]]],[[[4.8,44.12],[4.88,44.25],[5.04,44.19],[4.8,44.12]]],[[[5.72,50.71],[5.71,51.05],[5.97,50.98],[5.72,50.71]]],[[[5.78,51.38],[5.37,51.25],[3.41,51.45],[3.75,51.45],[3.4,51.65],[4.22,52.18],[4.69,53.19],[5.06,52.65],[5.54,53.39],[7.18,53.26],[6.68,52.65],[6.94,52.38],[6.7,51.92],[5.77,51.78],[5.78,51.38]]],[[[123.74,-9.36],[124.26,-9.49],[124.65,-8.91],[125.02,-9.04],[124.4,-10.19],[123.17,-10.39],[123.74,-9.36]]],[[[118.9,-8.26],[119.08,-8.78],[118.5,-8.84],[118.39,-8.26],[118.9,-8.26]]],[[[122.79,-8.59],[122.78,-8.46],[123.78,-8.2],[123.52,-8.59],[122.79,-8.59]]],[[[123.96,-8.59],[123.8,-8.39],[124.36,-8.14],[125.02,-8.2],[123.96,-8.59]]],[[[111.38,-7.24],[108.24,-7.11],[107.99,-7.81],[106.28,-7.43],[106.6,-6.53],[106.35,-5.95],[108.26,-6.27],[108.87,-6.79],[110.34,-6.91],[110.6,-6.4],[111.2,-6.66],[111.38,-7.24]]],[[[121.99,-5.37],[121.77,-5.44],[121.68,-5.11],[121.99,-5.37]]],[[[119.65,-5.31],[120.32,-5.56],[119.23,-5.5],[119.47,-4.54],[119.65,-5.31]]],[[[123.12,-4.73],[122.81,-5.69],[122.14,-5.44],[122.18,-4.79],[122.81,-4.41],[123.12,-4.73]]],[[[125.11,-1.71],[125.19,-1.9],[124.25,-2.03],[124.24,-1.64],[125.11,-1.71]]],[[[101.42,-3.12],[100.2,-0.87],[98.95,0.41],[99.67,0.29],[100.56,-0.74],[101.42,-3.12]]],[[[124.96,1.25],[124.61,1.51],[125.12,1.7],[124.96,1.25]]],[[[102.1,3.05],[102.67,2.73],[102.42,2.02],[101.71,2.47],[102.1,3.05]]],[[[88.37,22.79],[88.46,22.91],[88.6,22.85],[88.37,22.79]]],[[[130.95,-8.33],[130.59,-8.39],[130.86,-8.14],[130.95,-8.33]]],[[[127.66,-8.26],[127.64,-8.07],[127.79,-8.07],[127.66,-8.26]]],[[[129.46,-8.01],[129.44,-7.75],[129.74,-7.81],[129.46,-8.01]]],[[[126.4,-8.01],[125.67,-8.01],[125.71,-7.69],[126.51,-7.56],[126.4,-8.01]]],[[[130.97,-7.69],[131.58,-7.11],[131.55,-7.69],[131.22,-8.07],[130.97,-7.69]]],[[[130.81,-7.56],[130.87,-7.36],[131.02,-7.36],[130.81,-7.56]]],[[[128.38,-7.24],[128.37,-7.11],[128.59,-7.04],[128.38,-7.24]]],[[[134.53,-5.44],[134.68,-6.59],[133.97,-6.91],[134.18,-5.63],[134.53,-5.44]]],[[[132.5,-5.69],[132.95,-5.76],[132.82,-6.01],[132.5,-5.69]]],[[[132.86,-5.5],[133.07,-5.44],[133.01,-5.56],[132.86,-5.5]]],[[[128.24,-3.51],[128.25,-3.7],[127.81,-3.83],[128.24,-3.51]]],[[[126.36,-3.83],[125.89,-3.12],[126.83,-3.06],[127.21,-3.44],[126.36,-3.83]]],[[[127.71,-3.19],[128.28,-2.8],[129.66,-2.8],[130.79,-3.51],[130.73,-3.89],[129.76,-3.38],[127.71,-3.19]]],[[[126.01,-2.48],[125.26,-1.77],[126.14,-1.77],[126.01,-2.48]]],[[[130.22,-2.09],[129.64,-1.96],[129.7,-1.77],[130.06,-1.64],[130.22,-2.09]]],[[[128.02,-1.51],[128.03,-1.77],[127.3,-1.77],[127.22,-1.45],[128.02,-1.51]]]]}},{"type":"Feature","properties":{"n":"Brandenburg-Prussia","f":1687,"t":1690,"w":"Q157367"},"geometry":{"type":"MultiPolygon","coordinates":[[[[-1.94,5.04],[-1.87,4.72],[-2.23,4.72],[-2.3,5.11],[-1.94,5.04]]],[[[7.56,51.65],[7.57,51.25],[7.23,51.18],[7.05,51.58],[7.56,51.65]]],[[[10.44,51.65],[10.78,51.58],[10.78,51.45],[10.44,51.65]]],[[[6.88,51.65],[6.88,51.45],[5.94,51.78],[6.88,51.65]]],[[[13.93,52.05],[13.93,52.12],[14.19,52.12],[13.93,52.05]]],[[[7.98,51.98],[8.14,52.59],[8.82,52.59],[8.91,52.12],[7.98,51.98]]],[[[7.8,52.45],[7.8,52.12],[7.54,52.38],[7.29,52.38],[7.8,52.45]]],[[[16.1,52.86],[15.49,52.65],[15.65,52.32],[14.78,51.92],[13.94,52.25],[12.91,51.92],[12.23,52.12],[11.46,51.65],[11.54,51.18],[11.38,51.78],[10.87,51.65],[10.53,52.12],[10.96,52.45],[10.79,52.99],[11.39,53.06],[11.31,53.46],[13.2,53.33],[13.9,53.73],[14.23,53.46],[15.04,54.21],[18.02,54.89],[17.62,54.0],[16.48,53.6],[16.1,52.86]]],[[[22.42,53.6],[20.4,53.06],[19.74,53.46],[18.7,53.39],[19.45,54.21],[20.1,53.66],[20.83,54.07],[19.81,54.34],[19.84,54.68],[19.95,55.02],[20.99,54.95],[20.99,55.91],[22.81,54.89],[22.42,53.6]]]]}},{"type":"Feature","properties":{"n":"Habsburg Monarchy","f":1687,"t":1690,"w":"Q66504140"},"geometry":{"type":"MultiPolygon","coordinates":[[[[7.63,48.32],[8.21,48.26],[8.06,47.33],[7.56,47.53],[7.89,47.66],[7.63,48.32]]],[[[8.71,47.93],[8.79,47.86],[8.63,47.86],[8.71,47.93]]],[[[8.21,47.99],[8.21,48.13],[8.38,48.13],[8.21,47.99]]],[[[8.71,48.19],[8.54,48.26],[8.54,48.32],[8.71,48.19]]],[[[8.87,48.32],[9.04,48.26],[9.04,48.19],[8.87,48.32]]],[[[8.21,48.39],[8.45,48.39],[8.29,48.32],[8.21,48.39]]],[[[8.37,48.46],[8.29,48.59],[8.45,48.59],[8.37,48.46]]],[[[7.79,48.52],[7.79,48.59],[7.95,48.59],[7.79,48.52]]],[[[8.62,48.65],[8.7,48.52],[8.62,48.52],[8.62,48.65]]],[[[7.95,48.59],[7.95,48.65],[8.04,48.65],[8.04,48.59],[7.95,48.59]]],[[[8.12,48.65],[8.04,48.65],[8.03,48.72],[8.12,48.65]]],[[[9.29,47.99],[9.29,47.8],[8.88,47.73],[9.29,47.99]]],[[[9.54,47.99],[9.54,47.86],[9.37,47.93],[9.54,47.99]]],[[[10.36,47.99],[10.12,48.06],[10.2,48.26],[10.36,47.99]]],[[[9.95,48.46],[10.03,48.26],[9.45,48.19],[9.95,48.46]]],[[[9.37,48.46],[9.37,48.26],[9.2,48.32],[9.37,48.46]]],[[[20.68,47.6],[20.1,46.15],[17.64,45.89],[16.3,45.04],[15.82,45.24],[15.8,44.71],[15.23,44.45],[14.6,45.37],[14.03,45.04],[13.79,45.24],[14.12,45.5],[13.31,45.82],[13.56,46.55],[12.09,46.68],[10.78,45.69],[10.45,45.82],[10.45,46.94],[9.54,47.2],[9.62,47.53],[12.51,47.66],[12.18,47.07],[13.74,47.07],[13.18,48.06],[14.1,48.65],[12.53,49.52],[12.12,50.25],[14.33,51.05],[15.0,50.91],[15.27,51.45],[14.85,51.58],[14.95,52.05],[15.65,52.32],[16.13,51.71],[17.32,51.71],[17.55,51.25],[19.03,50.58],[19.24,49.85],[18.88,49.45],[21.8,49.38],[22.44,49.05],[20.68,47.6]],[[20.29,49.25],[20.28,49.12],[20.45,49.18],[20.29,49.25]]],[[[10.11,48.46],[10.28,48.39],[10.28,48.32],[10.11,48.46]]]]}},{"type":"Feature","properties":{"n":"Mughal Empire","f":1687,"t":1690,"w":"Q33296"},"geometry":{"type":"MultiPolygon","coordinates":[[[[91.26,22.21],[91.03,22.14],[91.07,22.4],[91.26,22.21]]],[[[75.31,37.0],[75.96,36.55],[76.09,35.9],[78.87,34.49],[78.56,32.04],[79.45,31.01],[81.01,30.18],[80.35,29.6],[80.17,28.7],[83.08,27.42],[84.43,27.42],[85.27,26.71],[90.39,26.0],[90.46,25.16],[92.0,24.97],[92.44,23.11],[92.19,21.44],[91.83,21.5],[91.5,22.79],[90.23,21.76],[89.9,22.01],[88.73,21.63],[88.64,22.08],[88.2,21.56],[88.1,21.95],[86.98,21.37],[87.03,20.6],[86.42,19.89],[85.37,19.83],[83.23,17.51],[77.79,17.64],[77.04,17.51],[76.37,16.81],[73.29,17.0],[72.53,22.27],[72.11,21.89],[72.1,21.11],[71.09,20.66],[70.3,20.86],[68.95,22.21],[70.37,22.91],[68.81,22.98],[68.16,23.81],[67.29,24.07],[67.21,24.71],[66.63,24.84],[66.27,25.55],[66.69,29.86],[65.99,30.18],[65.55,32.3],[66.23,33.71],[66.33,36.22],[68.62,36.1],[68.88,36.8],[68.51,37.19],[70.08,37.51],[70.71,38.42],[71.18,38.42],[71.57,37.84],[71.58,36.74],[73.66,37.51],[73.69,37.06],[75.31,37.0]],[[73.18,20.09],[73.19,20.21],[73.12,20.21],[73.18,20.09]]]]}},{"type":"Feature","properties":{"n":"English Colonial Empire","f":1687,"t":1690,"w":"Q617219"},"geometry":{"type":"MultiPolygon","coordinates":[[[[-89.17,17.77],[-88.25,18.48],[-88.24,16.49],[-89.19,15.97],[-89.17,17.77]]],[[[-77.74,17.84],[-78.39,18.29],[-77.01,18.48],[-76.12,17.9],[-77.74,17.84]]],[[[-73.67,22.46],[-74.15,22.21],[-73.9,22.46],[-73.94,22.72],[-73.67,22.46]]],[[[-74.74,23.11],[-74.71,22.91],[-75.12,23.11],[-75.17,23.43],[-74.74,23.11]]],[[[-77.4,23.81],[-77.76,23.75],[-77.92,24.2],[-77.48,24.26],[-77.4,23.81]]],[[[-74.51,23.94],[-74.55,24.14],[-74.32,24.14],[-74.51,23.94]]],[[[-75.43,24.07],[-75.59,24.52],[-75.35,24.46],[-75.43,24.07]]],[[[-78.35,24.52],[-78.19,25.23],[-77.62,24.59],[-78.35,24.52]]],[[[-76.23,24.78],[-76.26,24.91],[-76.05,24.97],[-76.23,24.78]]],[[[-76.48,25.29],[-76.6,25.49],[-76.35,25.36],[-76.48,25.29]]],[[[-77.29,25.94],[-77.19,26.52],[-77.67,26.97],[-76.97,26.52],[-77.29,25.94]]],[[[-78.6,26.77],[-77.97,26.64],[-78.68,26.45],[-78.6,26.77]]],[[[-79.59,32.94],[-79.68,32.75],[-80.15,32.56],[-80.09,33.07],[-79.59,32.94]]],[[[-77.65,34.23],[-78.15,33.91],[-78.21,34.29],[-77.65,34.23]]],[[[-76.73,35.97],[-77.14,36.22],[-76.8,36.35],[-76.73,35.97]]],[[[-70.49,41.33],[-71.43,41.65],[-71.52,41.33],[-73.47,41.07],[-71.99,41.13],[-72.25,40.81],[-74.14,40.61],[-73.87,40.16],[-74.64,39.0],[-75.4,39.32],[-74.95,38.42],[-75.85,37.13],[-75.84,38.09],[-76.25,38.35],[-76.23,39.06],[-76.42,39.32],[-76.36,37.25],[-75.91,36.48],[-76.79,36.55],[-77.56,37.51],[-77.6,39.32],[-75.91,39.77],[-75.17,40.61],[-74.35,42.11],[-74.29,43.15],[-73.69,42.24],[-73.0,42.3],[-71.08,42.82],[-70.77,43.54],[-70.49,43.28],[-70.98,42.43],[-69.86,41.72],[-70.49,41.33]]],[[[-92.16,56.94],[-92.25,56.94],[-92.19,56.87],[-92.87,56.94],[-93.03,57.21],[-92.5,57.21],[-92.31,57.01],[-92.16,56.94]]],[[[-1.94,5.04],[-1.79,5.11],[-1.72,4.85],[-1.94,5.04]]],[[[-1.21,5.11],[-1.21,5.36],[-1.06,5.36],[-1.21,5.11]]],[[[80.31,12.76],[80.1,12.82],[80.2,13.14],[80.31,12.76]]],[[[-59.36,13.08],[-59.57,13.01],[-59.67,13.34],[-59.36,13.08]]],[[[-61.64,17.19],[-61.62,16.94],[-61.76,16.94],[-61.64,17.19]]],[[[-64.65,17.64],[-64.87,17.64],[-64.73,17.77],[-64.65,17.64]]],[[[-64.66,17.77],[-64.59,17.77],[-64.58,17.71],[-64.66,17.77]]],[[[-64.74,17.84],[-64.67,17.84],[-64.66,17.77],[-64.73,17.77],[-64.74,17.84]]],[[[72.87,19.25],[73.09,19.25],[72.99,18.99],[72.87,19.25]]],[[[-73.0,20.99],[-73.66,20.92],[-73.49,21.24],[-73.0,20.99]]],[[[-72.22,21.69],[-72.32,21.89],[-72.1,21.89],[-72.22,21.69]]],[[[-72.82,22.27],[-72.93,22.46],[-72.69,22.34],[-72.82,22.27]]],[[[-64.86,32.3],[-64.65,32.36],[-64.67,32.17],[-64.86,32.3]]],[[[-70.39,43.41],[-70.59,43.67],[-70.44,43.86],[-70.14,43.73],[-70.39,43.41]]],[[[-69.33,44.06],[-69.48,43.86],[-69.95,44.19],[-69.33,44.06]]],[[[-53.75,46.81],[-53.37,47.27],[-53.64,47.73],[-52.92,48.19],[-53.25,47.6],[-52.76,47.8],[-52.62,47.47],[-53.02,46.61],[-53.75,46.81]]],[[[-52.95,48.46],[-53.39,48.32],[-53.58,48.59],[-52.95,48.46]]]]}},{"type":"Feature","properties":{"n":"Ottoman Empire","f":1687,"t":1690,"w":"Q12560"},"geometry":{"type":"MultiPolygon","coordinates":[[[[29.61,45.69],[29.53,44.91],[28.8,44.97],[28.48,43.47],[27.51,42.63],[28.35,41.39],[31.18,41.07],[32.63,41.91],[35.12,42.04],[36.21,41.26],[38.3,40.87],[40.37,40.94],[41.58,41.52],[42.86,41.59],[43.77,40.87],[43.65,40.16],[44.77,39.77],[44.07,39.38],[44.31,37.9],[45.35,36.03],[46.25,35.84],[45.44,33.91],[46.23,32.94],[47.6,32.3],[47.98,31.72],[47.74,31.01],[48.6,29.99],[48.4,29.6],[45.68,30.31],[43.15,32.81],[40.93,34.1],[38.91,33.26],[37.31,30.89],[37.16,30.05],[41.41,23.11],[43.69,20.09],[44.31,19.38],[44.46,19.44],[43.51,18.29],[43.04,16.49],[41.24,18.61],[40.85,19.7],[39.35,20.79],[38.6,23.62],[37.44,24.33],[37.27,25.23],[35.41,27.87],[34.59,28.06],[34.91,29.41],[34.12,27.74],[32.44,29.79],[35.15,24.65],[35.86,24.01],[35.55,23.69],[35.81,22.91],[31.23,22.01],[31.32,22.4],[30.01,23.11],[28.57,24.65],[28.15,27.35],[25.37,29.28],[22.77,30.37],[20.95,30.56],[18.73,29.99],[15.18,30.89],[14.28,31.91],[11.77,32.3],[9.63,33.14],[8.93,34.16],[7.61,34.55],[2.92,34.36],[2.45,34.61],[1.75,34.74],[-0.47,34.36],[-1.58,33.46],[-1.72,34.68],[-2.12,35.07],[-1.36,35.26],[-1.22,35.64],[-0.67,35.45],[0.68,36.42],[4.47,36.93],[5.56,36.67],[6.33,37.06],[8.52,36.87],[9.6,37.32],[10.23,37.25],[10.23,36.8],[11.01,37.0],[10.46,35.9],[11.08,35.58],[11.08,35.0],[10.0,34.29],[10.24,33.71],[12.23,32.81],[13.3,32.94],[15.06,32.43],[15.65,31.4],[17.85,30.95],[18.97,30.24],[20.2,30.89],[20.02,32.24],[21.88,32.94],[23.09,32.62],[23.3,32.17],[24.89,31.98],[25.25,31.46],[26.85,31.46],[28.87,30.82],[30.97,31.66],[31.88,31.46],[32.0,31.08],[34.3,31.27],[35.64,34.36],[36.05,34.55],[35.84,36.29],[36.14,36.93],[35.49,36.61],[34.58,36.87],[33.98,36.29],[32.56,36.03],[31.09,36.93],[29.94,36.22],[29.24,36.22],[29.12,36.74],[28.03,36.67],[28.07,37.13],[27.22,37.32],[27.28,38.03],[26.43,38.22],[26.38,38.67],[26.59,38.35],[27.08,38.55],[26.85,39.58],[26.13,39.51],[26.27,40.29],[29.05,40.36],[28.91,40.61],[29.49,40.87],[29.12,41.07],[27.53,41.07],[26.92,40.48],[24.35,41.0],[23.7,40.81],[23.74,40.23],[22.65,40.61],[22.61,39.9],[23.14,39.45],[22.8,39.06],[23.49,38.87],[22.94,38.74],[24.03,38.67],[23.98,37.84],[23.04,37.9],[22.6,38.42],[21.19,38.42],[20.74,38.8],[20.91,39.06],[19.25,40.61],[19.54,41.78],[18.71,42.82],[17.52,43.02],[16.43,44.06],[15.23,44.32],[15.8,44.71],[15.82,45.24],[16.3,45.04],[17.64,45.89],[20.1,46.15],[20.67,47.47],[21.21,46.87],[21.97,47.14],[22.09,46.48],[22.41,46.48],[22.47,46.15],[21.52,45.37],[22.55,44.97],[22.5,44.32],[22.95,43.8],[25.43,43.6],[27.83,44.19],[27.86,45.3],[28.44,46.15],[29.48,46.68],[28.42,48.19],[25.67,48.85],[26.67,49.65],[29.2,49.12],[29.65,48.06],[30.57,48.19],[30.75,47.6],[31.8,47.47],[31.94,46.68],[30.88,46.68],[29.61,45.69]]],[[[2.53,34.42],[2.53,34.49],[2.61,34.49],[2.53,34.42]]],[[[25.68,35.13],[26.23,35.19],[24.82,35.0],[23.62,35.52],[25.68,35.13]]],[[[23.21,36.61],[23.2,36.48],[22.97,36.55],[23.21,36.61]]],[[[25.57,37.13],[25.56,37.0],[25.33,37.0],[25.57,37.13]]],[[[24.36,37.71],[24.43,37.58],[24.27,37.51],[24.36,37.71]]],[[[26.31,37.71],[26.3,37.58],[25.99,37.51],[26.31,37.71]]],[[[24.77,38.03],[25.07,37.77],[24.83,37.71],[24.77,38.03]]],[[[26.22,38.55],[26.11,38.16],[25.88,38.16],[26.22,38.55]]],[[[23.56,38.74],[23.48,38.74],[23.49,38.8],[23.56,38.74]]],[[[24.67,38.93],[24.66,38.74],[24.36,38.87],[24.67,38.93]]],[[[25.79,39.19],[26.04,39.38],[26.64,39.0],[25.79,39.19]]],[[[20.15,39.58],[20.07,39.58],[20.07,39.64],[20.15,39.58]]],[[[25.46,40.03],[25.45,39.84],[24.97,39.84],[25.46,40.03]]],[[[26.04,40.29],[26.02,40.16],[25.7,40.1],[26.04,40.29]]],[[[24.81,40.81],[24.79,40.61],[24.55,40.55],[24.81,40.81]]],[[[43.17,11.54],[44.08,10.57],[45.11,10.51],[44.87,10.06],[43.71,10.25],[43.17,11.54]]],[[[43.24,13.08],[43.25,13.4],[43.68,13.27],[43.81,12.69],[43.24,13.08]]],[[[39.3,15.39],[39.26,16.04],[39.41,16.04],[39.74,15.26],[39.3,15.39]]],[[[37.7,18.8],[37.54,18.61],[37.1,18.74],[37.34,19.12],[37.7,18.8]]],[[[44.25,19.57],[44.25,19.64],[44.33,19.64],[44.25,19.57]]],[[[44.18,19.64],[44.18,19.7],[44.26,19.7],[44.18,19.64]]],[[[40.06,25.49],[40.06,25.55],[40.14,25.55],[40.06,25.49]]],[[[33.04,34.55],[32.23,34.94],[34.54,35.71],[34.09,35.0],[33.04,34.55]]],[[[28.02,36.48],[28.25,36.48],[28.14,36.03],[27.74,35.9],[28.02,36.48]]],[[[27.19,36.8],[26.87,36.67],[27.04,36.93],[27.19,36.8]]],[[[41.33,42.89],[41.17,42.89],[41.2,43.02],[41.33,42.89]]],[[[40.96,43.02],[40.97,43.08],[41.13,43.08],[40.96,43.02]]],[[[33.93,44.45],[33.47,44.65],[35.4,45.1],[33.93,44.45]]],[[[36.42,45.43],[36.38,45.17],[36.23,45.24],[36.42,45.43]]],[[[39.48,47.07],[39.22,47.01],[39.13,47.4],[39.48,47.07]]]]}},{"type":"Feature","properties":{"n":"Morocco","f":1687,"t":1740,"w":"Q1028"},"geometry":{"type":"MultiPolygon","coordinates":[[[[-5.95,29.54],[-5.96,29.6],[-5.88,29.6],[-5.95,29.54]]],[[[-1.72,34.68],[-1.58,33.39],[-2.84,32.62],[-4.57,30.56],[-8.66,27.93],[-11.62,28.25],[-9.83,29.79],[-9.8,31.59],[-9.13,32.81],[-8.73,32.62],[-8.55,33.33],[-6.61,34.16],[-5.88,35.77],[-4.75,35.19],[-2.83,35.26],[-1.72,34.68]]]]}},{"type":"Feature","properties":{"n":"Haudenosaunee","f":1687,"t":1701,"w":"Q68518"},"geometry":{"type":"MultiPolygon","coordinates":[[[[-79.87,43.54],[-79.7,43.21],[-79.09,43.28],[-79.09,42.95],[-81.6,42.69],[-82.54,42.04],[-83.33,42.17],[-83.46,41.65],[-81.4,41.52],[-78.97,42.56],[-78.52,42.95],[-78.72,43.34],[-76.17,43.54],[-76.14,44.12],[-74.77,45.24],[-73.33,44.97],[-73.72,44.45],[-73.53,43.73],[-75.47,42.11],[-74.76,41.46],[-75.17,40.61],[-75.91,39.77],[-77.4,39.58],[-77.64,38.48],[-78.45,38.74],[-78.94,38.03],[-81.23,37.9],[-82.4,38.61],[-83.89,38.61],[-84.89,39.26],[-84.31,39.51],[-84.11,40.42],[-85.02,40.81],[-86.5,40.61],[-86.53,41.59],[-87.59,41.33],[-87.59,41.78],[-87.01,41.59],[-86.18,42.43],[-86.49,43.99],[-86.04,44.91],[-85.35,44.97],[-85.03,45.69],[-83.5,45.3],[-83.4,44.39],[-84.08,43.86],[-83.53,43.6],[-82.89,44.06],[-82.49,43.02],[-81.7,43.34],[-81.73,43.99],[-81.24,44.58],[-81.48,45.17],[-80.03,44.45],[-80.05,45.24],[-79.34,44.52],[-79.87,43.54]]],[[[-81.96,46.02],[-81.56,45.76],[-82.19,45.56],[-83.26,46.02],[-81.96,46.02]]]]}},{"type":"Feature","properties":{"n":"Tsardom of Russia","f":1687,"t":1690,"w":"Q186096"},"geometry":{"type":"MultiPolygon","coordinates":[[[[137.79,54.68],[137.15,54.82],[137.5,55.23],[137.96,55.09],[137.79,54.68]]],[[[136.9,55.16],[137.25,55.16],[136.87,54.89],[136.53,54.89],[136.9,55.16]]],[[[27.09,57.35],[27.08,57.28],[26.99,57.28],[27.09,57.35]]],[[[107.59,77.06],[106.66,76.55],[112.07,76.81],[114.09,75.96],[113.31,75.12],[106.15,73.33],[105.53,72.92],[110.4,73.65],[111.3,74.14],[111.89,73.73],[113.21,74.05],[113.6,73.81],[113.36,73.57],[118.9,73.73],[118.4,73.33],[120.56,73.0],[123.08,73.0],[123.46,73.73],[125.08,73.81],[128.96,73.33],[128.74,72.92],[129.22,72.76],[128.74,72.53],[129.63,72.29],[128.31,71.97],[130.99,70.8],[132.46,71.97],[133.49,71.5],[139.7,71.58],[139.36,71.81],[139.8,72.21],[139.0,72.29],[141.34,72.92],[146.82,72.53],[145.13,71.74],[147.41,72.45],[149.62,72.29],[150.1,71.97],[148.95,71.74],[151.81,71.42],[152.49,70.88],[155.5,71.19],[159.39,70.95],[160.15,70.64],[159.78,69.87],[160.89,69.64],[166.9,69.56],[168.17,69.87],[168.45,69.26],[170.75,68.88],[168.43,67.15],[168.24,65.96],[168.72,65.44],[176.57,65.15],[176.19,64.93],[176.38,64.71],[177.59,64.86],[177.46,64.35],[178.45,64.42],[178.89,63.91],[178.58,63.62],[179.76,62.83],[179.0,62.33],[177.06,62.62],[175.79,62.19],[170.67,62.83],[163.99,62.69],[163.19,62.47],[163.47,62.47],[163.07,61.9],[163.42,61.83],[163.0,61.55],[162.27,61.62],[160.17,60.63],[160.23,61.05],[159.67,60.98],[160.28,61.9],[157.38,61.76],[154.25,59.85],[154.14,59.5],[154.96,59.64],[155.12,59.22],[153.4,59.22],[152.85,58.88],[151.23,58.88],[152.05,59.29],[149.7,59.78],[148.61,59.22],[143.08,59.36],[135.2,54.95],[136.92,54.68],[136.68,53.87],[137.69,54.34],[137.32,54.07],[137.86,54.0],[137.28,53.53],[124.32,53.66],[119.45,53.12],[116.36,51.98],[111.17,51.98],[108.65,51.45],[108.15,50.51],[108.51,49.45],[106.46,50.38],[102.88,50.31],[102.3,50.58],[101.91,51.51],[99.39,51.92],[98.68,52.38],[98.76,52.99],[95.7,53.66],[94.58,54.55],[92.68,54.68],[86.66,53.26],[84.45,56.8],[72.02,56.73],[69.73,55.91],[62.66,56.39],[61.92,55.91],[59.93,51.92],[57.96,51.65],[54.24,52.45],[52.58,52.32],[51.92,49.91],[52.11,46.94],[50.84,47.14],[47.57,45.76],[46.69,44.71],[47.34,43.99],[46.8,43.73],[46.19,44.25],[47.41,46.15],[47.25,46.55],[46.3,47.4],[43.77,48.32],[45.2,50.85],[45.2,51.51],[43.52,51.58],[41.37,50.71],[40.51,51.38],[39.66,51.38],[36.43,50.45],[35.43,51.38],[34.53,51.58],[34.03,50.65],[34.98,49.85],[32.33,49.45],[31.02,50.25],[30.02,50.31],[30.58,51.85],[31.66,52.18],[31.31,53.19],[32.63,53.33],[32.36,54.27],[31.09,54.41],[31.41,54.75],[30.88,55.7],[31.42,55.77],[31.44,56.39],[30.0,56.18],[29.88,56.52],[28.29,56.52],[28.48,57.14],[27.72,56.87],[27.8,57.35],[27.3,57.56],[27.98,57.9],[27.94,58.25],[27.48,58.18],[27.94,59.29],[30.08,59.16],[30.86,59.43],[30.66,59.78],[31.1,60.21],[31.82,60.14],[32.09,60.56],[32.17,60.91],[31.6,61.26],[32.14,62.47],[30.05,63.7],[30.55,64.28],[29.81,64.86],[30.31,65.81],[29.05,66.77],[29.94,67.67],[28.42,68.42],[28.63,68.95],[30.96,69.87],[32.31,70.02],[33.44,69.33],[36.13,69.26],[41.0,67.74],[41.39,67.15],[41.04,66.7],[38.68,66.03],[32.55,67.07],[33.0,66.55],[34.87,65.88],[34.44,65.37],[34.98,64.49],[37.39,63.91],[37.88,63.99],[37.89,64.35],[36.79,64.49],[36.36,65.0],[37.21,65.3],[38.21,64.79],[40.19,64.71],[39.54,65.37],[40.4,65.96],[41.96,66.55],[43.97,66.18],[44.37,67.0],[43.6,67.3],[44.17,68.27],[43.45,68.73],[45.88,68.57],[46.66,67.82],[44.93,67.44],[45.81,66.92],[47.37,66.92],[47.78,67.67],[53.28,69.03],[54.04,68.95],[53.87,68.42],[53.3,68.27],[58.39,69.03],[59.09,69.03],[59.4,68.88],[59.24,68.42],[59.74,68.42],[60.7,68.88],[60.09,69.72],[58.34,70.18],[59.07,70.57],[60.54,69.79],[63.93,69.72],[68.49,68.27],[68.95,68.95],[66.6,69.64],[67.17,70.18],[67.19,70.8],[66.53,71.03],[68.11,71.66],[69.36,73.0],[71.78,73.0],[72.98,72.69],[71.81,71.5],[72.89,71.03],[72.5,69.03],[73.63,68.65],[73.07,67.74],[71.52,66.62],[70.4,66.4],[72.1,66.33],[74.65,67.74],[74.2,68.35],[74.59,68.88],[76.47,69.11],[77.31,68.65],[77.25,68.05],[77.88,68.35],[77.59,68.88],[76.63,69.18],[73.66,69.11],[73.41,69.72],[74.22,70.64],[72.89,71.42],[74.87,72.21],[74.86,72.92],[75.77,72.53],[75.27,71.81],[75.4,71.34],[77.19,71.27],[75.85,71.89],[77.23,72.05],[76.71,72.29],[77.48,72.69],[82.52,71.81],[82.13,72.29],[80.47,72.53],[80.55,73.16],[80.18,73.33],[80.89,73.73],[86.9,73.89],[87.0,74.46],[86.46,74.46],[86.73,74.71],[89.01,75.54],[93.58,75.87],[94.14,76.21],[97.65,76.04],[100.8,76.55],[101.49,77.24],[103.41,77.76],[106.29,77.58],[105.16,77.15],[106.07,77.24],[105.8,77.06],[107.59,77.06]]],[[[35.5,65.0],[35.46,65.22],[36.13,65.22],[35.5,65.0]]],[[[48.24,69.41],[48.61,69.56],[50.32,69.33],[49.7,68.88],[48.37,68.8],[48.24,69.41]]]]}},{"type":"Feature","properties":{"n":"Republic of Venice","f":1687,"t":1690,"w":"Q4948"},"geometry":{"type":"MultiPolygon","coordinates":[[[[17.51,42.76],[17.51,42.82],[17.59,42.82],[17.51,42.76]]],[[[17.36,43.08],[17.52,43.08],[17.52,42.95],[17.36,43.08]]],[[[16.58,43.6],[15.93,43.47],[15.07,44.39],[16.43,44.06],[17.37,43.21],[16.58,43.6]]],[[[14.99,44.45],[14.99,44.52],[15.07,44.52],[14.99,44.45]]],[[[14.27,44.97],[14.51,44.91],[14.5,44.52],[14.27,44.97]]],[[[14.68,45.17],[14.76,45.04],[14.52,45.1],[14.68,45.17]]],[[[13.78,44.91],[13.55,45.5],[14.12,45.5],[13.78,44.91]]],[[[12.4,44.78],[10.62,45.43],[9.88,45.3],[9.31,45.89],[10.37,46.35],[10.78,45.69],[12.09,46.68],[13.56,46.55],[13.31,45.82],[12.16,45.5],[12.4,44.78]]],[[[22.89,36.42],[23.12,36.35],[23.11,36.16],[22.89,36.42]]],[[[23.06,36.67],[22.36,36.67],[22.22,37.06],[21.74,36.87],[21.25,37.96],[21.74,38.42],[23.05,38.03],[23.4,37.32],[22.71,37.58],[23.06,36.67]]],[[[24.99,37.71],[25.22,37.71],[25.29,37.51],[24.99,37.71]]],[[[20.62,37.9],[20.93,37.9],[20.92,37.64],[20.62,37.9]]],[[[23.84,38.09],[23.9,37.9],[23.75,37.96],[23.84,38.09]]],[[[20.49,38.42],[20.8,38.29],[20.79,38.09],[20.32,38.16],[20.49,38.42]]],[[[20.67,38.87],[20.73,38.61],[20.5,38.61],[20.67,38.87]]],[[[19.91,39.58],[19.76,39.64],[19.76,39.77],[19.91,39.58]]],[[[18.3,42.63],[18.31,42.69],[18.71,42.82],[18.77,42.37],[18.3,42.63]]]]}},{"type":"Feature","properties":{"n":"Principality of Transylvania","f":1687,"t":1690,"w":"Q655621"},"geometry":{"type":"Polygon","coordinates":[[[25.35,45.37],[23.48,45.5],[22.14,44.97],[21.53,45.56],[22.29,45.96],[22.41,46.48],[22.09,46.48],[21.97,47.14],[21.21,46.87],[20.68,47.6],[22.78,49.12],[24.69,48.13],[25.02,47.2],[25.67,47.14],[26.44,45.76],[25.35,45.37]]]}},{"type":"Feature","properties":{"n":"(Kingdom of England)","f":1687,"t":1690,"w":"Q179876"},"geometry":{"type":"MultiPolygon","coordinates":[[[[-89.17,17.77],[-88.25,18.48],[-88.24,16.49],[-89.19,15.97],[-89.17,17.77]]],[[[-77.74,17.84],[-78.39,18.29],[-77.01,18.48],[-76.12,17.9],[-77.74,17.84]]],[[[-74.74,23.11],[-74.71,22.91],[-75.12,23.11],[-75.17,23.43],[-74.74,23.11]]],[[[-77.76,23.75],[-77.92,24.2],[-77.48,24.26],[-77.4,23.81],[-77.76,23.75]]],[[[-75.49,24.39],[-75.59,24.52],[-75.24,24.26],[-75.43,24.07],[-75.49,24.39]]],[[[-78.35,24.52],[-78.19,25.23],[-77.62,24.59],[-78.35,24.52]]],[[[-76.23,24.78],[-76.26,24.91],[-76.05,24.97],[-76.23,24.78]]],[[[-76.6,25.49],[-76.35,25.36],[-76.48,25.29],[-76.6,25.49]]],[[[-77.29,25.94],[-77.19,26.52],[-77.67,26.97],[-76.97,26.52],[-77.29,25.94]]],[[[-77.98,26.71],[-77.97,26.64],[-78.68,26.45],[-78.6,26.77],[-77.98,26.71]]],[[[-79.68,32.75],[-80.15,32.56],[-80.09,33.07],[-79.68,32.75]]],[[[-77.65,34.23],[-78.15,33.91],[-78.21,34.29],[-77.65,34.23]]],[[[-76.73,35.97],[-77.14,36.22],[-76.8,36.35],[-76.73,35.97]]],[[[-92.25,56.94],[-92.19,56.87],[-93.03,57.21],[-92.5,57.21],[-92.31,57.01],[-92.22,57.01],[-92.25,56.94]]],[[[-59.57,13.01],[-59.67,13.34],[-59.52,13.34],[-59.57,13.01]]],[[[-61.64,17.19],[-61.62,16.94],[-61.76,16.94],[-61.64,17.19]]],[[[-64.87,17.64],[-64.73,17.77],[-64.65,17.64],[-64.87,17.64]]],[[[-64.66,17.77],[-64.59,17.77],[-64.58,17.71],[-64.66,17.77]]],[[[-64.73,17.77],[-64.74,17.84],[-64.67,17.84],[-64.73,17.77]]],[[[-73.66,20.92],[-73.69,21.11],[-72.97,21.24],[-73.66,20.92]]],[[[-72.22,21.69],[-72.32,21.89],[-72.1,21.89],[-72.22,21.69]]],[[[-72.82,22.27],[-72.93,22.46],[-72.69,22.34],[-72.82,22.27]]],[[[-73.67,22.46],[-74.15,22.21],[-73.9,22.46],[-73.94,22.72],[-73.67,22.46]]],[[[-74.51,23.94],[-74.55,24.14],[-74.32,24.14],[-74.51,23.94]]],[[[-64.65,32.36],[-64.67,32.17],[-64.86,32.3],[-64.65,32.36]]],[[[-70.49,41.33],[-71.43,41.65],[-71.52,41.33],[-73.47,41.07],[-71.99,41.13],[-72.25,40.81],[-74.14,40.61],[-73.87,40.16],[-74.64,39.0],[-75.4,39.32],[-74.95,38.42],[-75.85,37.13],[-75.84,38.09],[-76.25,38.35],[-76.23,39.06],[-76.42,39.32],[-76.36,37.25],[-75.91,36.48],[-76.79,36.55],[-77.56,37.51],[-77.6,39.32],[-75.91,39.77],[-75.17,40.61],[-74.35,42.11],[-74.29,43.15],[-73.69,42.24],[-73.0,42.3],[-71.08,42.82],[-70.77,43.54],[-70.49,43.28],[-70.98,42.43],[-69.86,41.72],[-70.49,41.33]]],[[[-70.39,43.41],[-70.59,43.67],[-70.44,43.86],[-70.14,43.73],[-70.39,43.41]]],[[[-69.72,43.86],[-69.95,44.19],[-69.66,44.25],[-69.33,44.06],[-69.72,43.86]]],[[[-52.95,48.46],[-53.39,48.32],[-53.58,48.59],[-52.95,48.46]]],[[[-1.94,5.04],[-1.79,5.11],[-1.72,4.85],[-1.94,5.04]]],[[[-1.21,5.11],[-1.21,5.36],[-1.06,5.36],[-1.21,5.11]]],[[[80.31,12.76],[80.1,12.82],[80.2,13.14],[80.31,12.76]]],[[[72.87,19.25],[73.09,19.25],[72.99,18.99],[72.87,19.25]]],[[[-53.75,46.81],[-53.37,47.27],[-53.64,47.73],[-52.92,48.19],[-53.25,47.6],[-52.76,47.8],[-52.62,47.47],[-53.02,46.61],[-53.75,46.81]]],[[[-6.43,52.18],[-9.64,51.45],[-10.45,51.78],[-10.25,52.12],[-10.53,52.25],[-9.94,52.32],[-9.38,53.12],[-10.21,53.46],[-9.83,53.8],[-10.08,54.27],[-8.7,54.27],[-8.32,54.61],[-8.87,54.82],[-8.41,55.23],[-6.15,55.29],[-5.43,54.48],[-6.33,54.07],[-6.09,53.53],[-6.43,52.18]]],[[[-4.38,54.41],[-4.36,54.21],[-4.86,54.07],[-4.38,54.41]]],[[[-3.26,56.05],[-1.73,55.7],[-1.29,54.68],[-0.2,54.21],[0.3,53.39],[0.17,52.86],[1.62,52.86],[1.59,52.12],[0.52,51.51],[1.38,51.38],[1.31,51.11],[0.49,50.78],[-1.37,50.85],[-1.18,50.58],[-3.13,50.71],[-3.58,50.25],[-5.75,50.05],[-4.2,51.31],[-3.09,51.25],[-2.95,51.45],[-5.08,51.58],[-5.3,51.98],[-4.16,52.45],[-4.3,52.92],[-4.79,52.79],[-4.49,53.12],[-4.7,53.46],[-3.32,53.39],[-2.97,54.14],[-3.59,54.27],[-3.57,54.89],[-5.21,54.75],[-4.77,55.43],[-5.0,55.84],[-5.44,55.91],[-5.12,55.43],[-5.57,55.57],[-5.63,55.29],[-5.89,55.29],[-5.8,55.98],[-6.63,55.63],[-5.66,56.18],[-6.29,56.32],[-5.95,57.01],[-6.82,57.49],[-6.32,57.77],[-5.7,57.14],[-5.89,57.83],[-5.2,58.67],[-3.14,58.74],[-3.43,58.18],[-4.12,57.97],[-3.99,57.7],[-1.85,57.7],[-3.26,56.05]]],[[[-7.29,57.08],[-7.47,57.08],[-7.6,57.35],[-7.25,57.42],[-7.29,57.08]]],[[[-7.56,57.7],[-7.12,57.7],[-7.11,57.63],[-7.56,57.7]]],[[[-7.13,57.77],[-7.28,58.18],[-6.26,58.53],[-6.52,57.9],[-7.13,57.77]]],[[[-2.81,59.02],[-2.79,58.88],[-3.42,58.81],[-3.38,59.22],[-2.81,59.02]]],[[[-2.83,59.16],[-2.84,59.29],[-2.58,59.36],[-2.83,59.16]]],[[[-1.67,60.21],[-1.63,60.63],[-0.83,60.84],[-1.05,60.35],[-1.67,60.21]]]]}},{"type":"Feature","properties":{"n":"Crimean Khanate","f":1687,"t":1737,"w":"Q160440"},"geometry":{"type":"MultiPolygon","coordinates":[[[[35.02,45.3],[36.38,45.17],[34.03,44.65],[32.61,45.5],[34.15,46.09],[35.02,45.3]]],[[[37.68,45.63],[37.67,45.56],[37.58,45.56],[37.68,45.63]]],[[[34.74,46.15],[31.82,46.35],[33.69,46.87],[34.38,47.6],[36.95,47.2],[37.84,47.6],[39.22,47.47],[34.74,46.15]]]]}},{"type":"Feature","properties":{"n":"Spanish Empire","f":1687,"t":1690,"w":"Q80702"},"geometry":{"type":"MultiPolygon","coordinates":[[[[-73.46,-42.24],[-73.65,-42.83],[-74.1,-42.76],[-73.46,-42.24]]],[[[-73.9,-40.17],[-73.37,-39.46],[-73.0,-39.72],[-73.9,-40.17]]],[[[-75.34,-10.77],[-75.27,-10.77],[-75.27,-10.84],[-75.34,-10.77]]],[[[-105.29,27.61],[-104.71,28.12],[-103.67,26.71],[-100.66,26.71],[-99.79,25.42],[-99.59,24.26],[-98.29,22.79],[-97.98,23.43],[-98.07,25.42],[-97.6,25.62],[-97.62,26.0],[-97.09,26.0],[-97.17,25.42],[-97.68,25.36],[-97.78,24.52],[-97.54,21.63],[-95.77,18.8],[-94.48,18.22],[-92.5,18.74],[-91.3,18.61],[-89.98,21.31],[-86.75,21.5],[-87.7,18.29],[-87.99,18.74],[-89.17,17.77],[-90.57,17.77],[-90.6,16.55],[-90.38,16.04],[-89.54,15.84],[-85.67,16.04],[-83.93,15.71],[-83.83,15.46],[-84.34,15.46],[-83.61,14.3],[-84.11,11.09],[-83.58,10.96],[-82.21,9.03],[-81.03,8.84],[-79.69,9.61],[-78.96,9.61],[-77.99,9.29],[-76.83,8.19],[-76.93,8.64],[-75.66,9.48],[-75.58,10.51],[-74.96,11.15],[-74.36,10.89],[-74.17,11.34],[-73.15,11.41],[-71.84,12.44],[-71.1,12.31],[-71.28,11.79],[-71.92,11.6],[-71.65,10.83],[-69.66,11.66],[-68.46,11.34],[-68.19,10.51],[-66.37,10.7],[-65.09,10.06],[-64.03,10.7],[-61.91,10.76],[-62.84,10.38],[-62.3,9.8],[-61.95,9.99],[-60.83,9.54],[-61.15,8.58],[-64.71,8.06],[-65.12,7.55],[-65.87,7.87],[-67.01,7.16],[-67.06,6.65],[-69.96,6.2],[-73.64,4.59],[-75.79,2.21],[-76.3,1.31],[-76.81,0.41],[-76.74,0.22],[-76.96,0.09],[-77.87,-3.25],[-77.85,-4.92],[-77.5,-6.85],[-76.34,-8.39],[-75.17,-11.35],[-73.87,-12.44],[-71.88,-13.15],[-70.67,-12.76],[-68.37,-13.28],[-65.67,-14.89],[-63.8,-15.34],[-62.59,-16.36],[-63.18,-20.61],[-64.19,-23.63],[-64.07,-24.79],[-63.27,-26.2],[-61.05,-26.78],[-59.61,-26.72],[-58.85,-26.27],[-57.5,-24.34],[-57.0,-24.47],[-58.43,-26.84],[-58.75,-30.32],[-58.27,-30.89],[-58.56,-32.76],[-58.25,-33.34],[-58.55,-34.49],[-60.29,-33.79],[-63.06,-34.62],[-64.35,-34.3],[-67.86,-34.43],[-70.36,-35.27],[-70.7,-36.3],[-71.2,-36.62],[-71.35,-37.91],[-73.34,-36.94],[-71.63,-32.69],[-71.94,-30.83],[-70.57,-25.17],[-70.53,-23.63],[-70.81,-23.5],[-70.27,-21.96],[-70.26,-19.84],[-70.44,-18.42],[-71.62,-17.33],[-75.22,-15.53],[-76.08,-14.69],[-76.46,-14.18],[-76.38,-13.41],[-77.8,-11.35],[-78.98,-8.46],[-79.98,-6.91],[-81.33,-6.14],[-81.01,-5.63],[-81.47,-4.41],[-80.05,-3.12],[-81.12,-2.29],[-81.03,-0.94],[-80.16,0.22],[-80.23,0.86],[-79.06,1.25],[-78.78,2.34],[-77.91,2.6],[-77.26,3.63],[-77.56,4.08],[-77.41,6.52],[-78.5,7.94],[-78.23,8.45],[-79.64,8.9],[-80.41,8.26],[-80.0,7.42],[-80.94,7.16],[-81.05,7.87],[-81.47,7.61],[-81.94,8.19],[-83.71,8.45],[-83.67,9.09],[-84.83,9.99],[-85.24,9.61],[-85.78,9.99],[-85.72,11.09],[-87.55,12.69],[-87.47,13.34],[-88.85,13.21],[-91.35,13.91],[-94.77,16.36],[-96.21,15.65],[-97.72,15.91],[-101.11,17.26],[-101.9,17.96],[-103.19,18.16],[-105.05,19.38],[-105.54,20.02],[-105.13,21.31],[-105.7,22.59],[-107.87,24.52],[-108.11,25.16],[-109.39,25.74],[-109.26,26.58],[-110.42,27.16],[-111.52,29.86],[-112.52,31.21],[-110.72,31.08],[-109.22,28.32],[-107.83,28.44],[-106.77,29.09],[-106.54,31.85],[-106.18,31.53],[-106.36,29.22],[-105.29,27.61]]],[[[-76.3,1.31],[-76.22,1.31],[-76.22,1.25],[-76.3,1.31]]],[[[-75.14,2.92],[-75.07,2.92],[-75.07,2.86],[-75.14,2.92]]],[[[-81.61,7.36],[-81.9,7.36],[-81.91,7.61],[-81.61,7.36]]],[[[-79.03,8.32],[-78.96,8.45],[-78.81,8.45],[-79.03,8.32]]],[[[-64.04,10.83],[-64.35,11.09],[-63.84,11.21],[-64.04,10.83]]],[[[-69.73,11.66],[-70.24,11.6],[-70.28,12.11],[-69.85,12.24],[-69.73,11.66]]],[[[-67.12,17.96],[-67.26,18.48],[-66.16,18.54],[-65.52,18.16],[-67.12,17.96]]],[[[-68.56,18.22],[-70.72,18.35],[-71.28,17.58],[-72.18,18.22],[-72.0,18.54],[-72.51,19.57],[-70.78,19.96],[-69.08,19.38],[-69.49,19.12],[-68.24,18.67],[-68.56,18.22]]],[[[-86.7,20.34],[-86.99,20.28],[-87.02,20.47],[-86.7,20.34]]],[[[-74.07,20.15],[-77.65,19.83],[-77.19,20.66],[-78.24,20.79],[-78.66,21.56],[-82.05,22.27],[-81.74,22.66],[-84.8,21.82],[-84.0,22.79],[-82.29,23.24],[-80.57,23.17],[-74.07,20.15]]],[[[-82.5,21.44],[-82.95,21.44],[-83.04,21.95],[-82.66,21.95],[-82.5,21.44]]],[[[-78.6,22.53],[-78.23,22.59],[-78.2,22.4],[-78.6,22.53]]],[[[-83.84,30.05],[-84.88,29.73],[-85.67,31.01],[-81.97,30.37],[-81.87,31.27],[-81.21,31.59],[-81.44,30.89],[-80.55,28.57],[-81.94,28.12],[-83.84,30.05]]],[[[-61.0,10.06],[-61.73,10.06],[-61.55,10.83],[-60.89,10.83],[-61.0,10.06]]],[[[120.0,10.51],[118.85,9.93],[118.73,10.19],[119.19,10.44],[119.34,11.15],[120.0,10.51]]],[[[119.85,11.79],[119.87,11.92],[120.09,11.92],[119.85,11.79]]],[[[119.84,12.31],[120.34,12.18],[120.32,11.99],[119.84,12.31]]],[[[120.74,13.59],[121.44,13.34],[121.29,12.18],[120.34,13.34],[120.74,13.59]]],[[[120.1,13.72],[120.12,13.85],[120.27,13.85],[120.1,13.72]]],[[[122.13,15.01],[122.07,14.62],[121.86,14.69],[122.13,15.01]]],[[[121.6,15.84],[121.67,14.43],[122.19,13.98],[122.76,14.36],[123.12,13.79],[123.24,14.11],[123.87,13.91],[123.61,13.59],[124.14,13.21],[124.12,12.5],[123.45,13.01],[123.06,12.82],[123.27,13.27],[122.69,13.85],[122.74,13.21],[121.82,13.91],[121.4,13.59],[120.62,13.79],[120.97,14.62],[120.35,14.43],[119.73,16.1],[120.01,16.42],[120.4,16.1],[120.61,18.54],[122.39,18.54],[122.22,17.64],[122.64,17.13],[122.26,16.23],[121.6,15.84]]],[[[-17.85,27.87],[-17.9,27.61],[-18.06,27.67],[-17.85,27.87]]],[[[-15.36,27.8],[-15.73,27.74],[-15.76,28.19],[-15.3,28.12],[-15.36,27.8]]],[[[-17.35,28.19],[-17.12,28.25],[-17.03,28.06],[-17.35,28.19]]],[[[-16.91,28.38],[-16.09,28.57],[-16.36,28.06],[-16.65,27.93],[-16.91,28.38]]],[[[-14.07,28.7],[-13.77,28.77],[-13.81,28.25],[-14.32,28.06],[-14.07,28.7]]],[[[-17.71,28.89],[-17.67,28.51],[-17.9,28.51],[-17.71,28.89]]],[[[-13.65,29.22],[-13.42,29.22],[-13.47,28.89],[-13.86,28.96],[-13.65,29.22]]],[[[-2.98,35.26],[-2.99,35.45],[-2.84,35.45],[-2.98,35.26]]],[[[-0.53,35.71],[-0.45,35.58],[-0.67,35.45],[-0.92,35.71],[-0.53,35.71]]],[[[-5.57,35.84],[-5.34,35.84],[-5.33,35.77],[-5.57,35.84]]],[[[126.2,6.39],[125.83,7.23],[125.52,7.04],[125.65,5.88],[125.33,5.49],[125.15,6.01],[124.7,5.81],[124.0,6.26],[124.09,7.42],[123.68,7.74],[122.76,7.23],[122.59,7.74],[122.23,6.97],[121.8,6.97],[122.1,8.0],[123.34,8.77],[124.09,8.19],[124.82,9.03],[125.48,9.03],[125.42,9.86],[126.24,9.29],[126.59,7.61],[126.2,6.39]]],[[[124.55,9.22],[124.77,9.29],[124.82,9.03],[124.55,9.22]]],[[[123.58,9.03],[123.44,9.09],[123.54,9.35],[123.58,9.03]]],[[[125.83,9.61],[125.92,9.74],[125.91,9.67],[125.83,9.61]]],[[[126.14,9.8],[126.06,9.67],[125.94,9.99],[126.14,9.8]]],[[[124.5,10.19],[124.62,9.93],[123.78,9.54],[123.74,9.86],[124.5,10.19]]],[[[122.81,10.12],[122.9,10.89],[123.56,10.96],[123.15,9.8],[123.22,9.03],[122.33,9.67],[122.81,10.12]]],[[[125.47,10.38],[125.7,10.44],[125.71,9.86],[125.47,10.38]]],[[[123.6,9.99],[123.48,9.48],[123.26,9.48],[124.11,11.28],[124.0,10.25],[123.6,9.99]]],[[[121.93,11.99],[123.12,11.54],[122.62,10.38],[121.9,10.44],[121.93,11.99]]],[[[125.24,10.25],[124.92,9.99],[124.25,11.21],[124.31,11.73],[124.71,11.34],[124.97,11.73],[124.27,12.56],[125.55,12.24],[125.77,11.02],[125.06,11.21],[125.24,10.25]]],[[[123.83,12.56],[124.09,11.73],[123.17,11.99],[123.83,12.56]]],[[[121.9,12.37],[122.13,12.44],[122.09,12.11],[121.9,12.37]]],[[[122.69,12.24],[122.41,12.37],[122.51,12.56],[122.69,12.24]]],[[[121.99,12.5],[122.02,12.69],[122.24,12.69],[121.99,12.5]]],[[[122.2,13.53],[122.16,13.21],[121.86,13.21],[121.75,13.46],[122.2,13.53]]],[[[144.84,13.34],[144.61,13.27],[144.65,13.53],[144.97,13.66],[144.84,13.34]]],[[[124.11,13.53],[124.12,14.11],[124.47,13.98],[124.11,13.53]]]]}},{"type":"Feature","properties":{"n":"Maratha Empire","f":1687,"t":1690,"w":"Q83618"},"geometry":{"type":"MultiPolygon","coordinates":[[[[79.92,10.44],[79.91,10.29],[79.86,10.64],[79.92,10.44]]],[[[74.8,14.3],[74.41,14.11],[74.52,15.26],[73.8,15.46],[73.29,17.0],[74.67,16.81],[74.8,14.3]]]]}},{"type":"Feature","properties":{"n":"(Portuguese Empire)","f":1687,"t":1695,"w":"Q200464"},"geometry":{"type":"MultiPolygon","coordinates":[[[[-57.4,-34.49],[-58.39,-34.17],[-57.8,-33.66],[-57.29,-33.79],[-57.4,-34.49]]],[[[-50.18,-29.16],[-50.17,-29.09],[-50.09,-29.09],[-50.18,-29.16]]],[[[-48.49,-0.23],[-48.93,-1.51],[-48.27,-0.74],[-47.4,-0.55],[-45.44,-1.64],[-44.93,-1.45],[-44.07,-2.54],[-43.19,-2.35],[-42.32,-2.8],[-39.42,-3.12],[-37.26,-4.86],[-35.37,-5.31],[-34.84,-7.49],[-35.41,-9.36],[-37.24,-11.09],[-38.13,-12.83],[-39.03,-13.28],[-39.28,-17.78],[-41.14,-22.15],[-41.91,-22.41],[-42.12,-22.99],[-44.74,-23.05],[-44.7,-23.37],[-45.48,-23.69],[-45.37,-24.02],[-46.09,-23.82],[-48.69,-25.49],[-48.8,-26.72],[-48.45,-27.42],[-48.88,-28.64],[-49.74,-29.22],[-50.35,-30.44],[-51.25,-30.38],[-52.2,-31.66],[-51.72,-31.92],[-52.55,-32.56],[-52.9,-31.73],[-52.01,-31.15],[-51.69,-29.93],[-50.56,-29.99],[-49.18,-28.19],[-49.05,-25.88],[-49.92,-25.17],[-48.9,-22.99],[-45.61,-22.86],[-43.38,-22.21],[-42.32,-21.25],[-41.15,-18.94],[-40.76,-17.01],[-40.02,-15.91],[-39.53,-11.67],[-38.46,-10.51],[-37.87,-8.52],[-39.82,-5.18],[-42.42,-4.15],[-45.04,-3.89],[-46.47,-2.41],[-47.7,-1.84],[-49.31,-2.35],[-49.39,-2.86],[-49.82,-2.74],[-49.82,-2.29],[-51.92,-1.96],[-53.9,-2.61],[-55.28,-2.54],[-56.48,-4.28],[-56.69,-4.02],[-56.01,-2.54],[-58.43,-3.31],[-60.83,-3.25],[-60.53,-2.86],[-57.97,-2.48],[-56.8,-1.77],[-53.74,-1.51],[-50.67,1.96],[-49.95,1.7],[-50.39,0.74],[-48.49,-0.23]]],[[[6.3,0.35],[6.67,0.41],[6.38,0.03],[6.3,0.35]]],[[[7.34,1.51],[7.19,1.51],[7.27,1.7],[7.34,1.51]]],[[[-16.81,12.37],[-16.6,12.82],[-16.08,12.76],[-16.07,12.05],[-15.55,11.86],[-16.28,11.79],[-16.81,12.37]]],[[[-24.45,15.07],[-24.23,15.07],[-24.29,14.75],[-24.45,15.07]]],[[[-23.73,15.33],[-23.58,15.33],[-23.41,14.88],[-23.78,14.94],[-23.73,15.33]]],[[[-23.28,15.26],[-23.06,15.33],[-22.99,15.2],[-23.28,15.26]]],[[[-22.65,15.97],[-22.94,15.97],[-22.88,16.23],[-22.65,15.97]]],[[[-24.08,16.68],[-24.08,16.55],[-24.37,16.49],[-24.08,16.68]]],[[[-22.83,16.68],[-22.98,16.68],[-22.98,16.81],[-22.83,16.68]]],[[[-25.29,17.19],[-24.99,17.26],[-24.82,16.74],[-25.29,17.19]]],[[[-16.79,32.88],[-16.69,32.69],[-17.07,32.62],[-16.79,32.88]]],[[[-8.44,32.88],[-8.73,32.62],[-9.05,32.88],[-8.7,33.2],[-8.44,32.88]]],[[[-25.7,37.71],[-25.9,37.96],[-25.11,37.9],[-25.7,37.71]]],[[[-28.19,38.55],[-28.08,38.35],[-28.81,38.48],[-28.19,38.55]]],[[[-28.15,38.74],[-27.89,38.61],[-28.04,38.55],[-28.15,38.74]]],[[[-27.36,38.67],[-27.39,38.87],[-27.08,38.87],[-27.36,38.67]]],[[[-9.0,37.0],[-8.82,38.48],[-9.21,38.42],[-9.57,38.93],[-8.73,40.74],[-8.93,41.91],[-6.7,41.98],[-6.25,41.46],[-6.93,41.0],[-6.9,39.77],[-7.44,39.64],[-6.99,39.0],[-7.27,38.67],[-6.99,38.09],[-7.68,37.0],[-9.0,37.0]]],[[[35.33,-24.27],[35.03,-24.21],[34.93,-23.82],[35.38,-23.82],[35.33,-24.27]]],[[[34.54,-19.58],[34.71,-20.16],[34.34,-20.16],[34.54,-19.58]]],[[[37.26,-17.39],[37.7,-17.46],[37.63,-17.59],[37.26,-17.39]]],[[[40.75,-14.69],[40.55,-15.34],[40.17,-14.95],[40.75,-14.69]]],[[[12.89,-12.64],[13.63,-12.44],[13.55,-12.83],[12.82,-13.02],[12.89,-12.64]]],[[[123.94,-9.23],[124.38,-9.16],[124.26,-9.49],[123.94,-9.23]]],[[[13.54,-9.1],[13.11,-9.49],[12.89,-8.91],[13.25,-8.46],[13.54,-9.1]]],[[[124.71,-8.84],[125.2,-8.52],[127.23,-8.39],[124.92,-9.55],[124.71,-8.84]]],[[[122.61,-8.07],[122.82,-8.07],[122.66,-8.71],[122.28,-8.52],[122.61,-8.07]]],[[[39.82,-7.88],[39.53,-8.01],[39.52,-7.81],[39.82,-7.88]]],[[[39.12,-5.76],[39.27,-5.76],[39.43,-6.53],[39.12,-5.76]]],[[[39.55,-5.11],[39.55,-4.92],[39.77,-4.99],[39.55,-5.44],[39.55,-5.11]]],[[[39.75,-3.7],[39.39,-4.41],[39.25,-4.21],[39.75,-3.7]]],[[[8.9,3.63],[8.68,3.18],[8.31,3.24],[8.54,3.76],[8.9,3.63]]],[[[79.87,10.76],[79.86,10.73],[79.85,10.82],[79.87,10.76]]],[[[74.1,15.52],[74.52,15.26],[74.55,14.81],[74.24,14.62],[73.79,15.33],[74.1,15.52]]],[[[73.09,19.25],[72.87,19.25],[73.03,19.38],[73.09,19.25]]],[[[73.12,20.21],[73.19,20.21],[73.18,20.09],[73.12,20.21]]],[[[113.45,22.34],[113.69,22.4],[113.64,22.14],[113.45,22.34]]]]}},{"type":"Feature","properties":{"n":"Bali","f":1687,"t":1848,"w":"Q3125978"},"geometry":{"type":"Polygon","coordinates":[[[114.3,-8.33],[114.36,-8.07],[115.61,-8.26],[115.0,-8.91],[114.3,-8.33]]]}},{"type":"Feature","properties":{"n":"New France","f":1687,"t":1690,"w":"Q170604"},"geometry":{"type":"MultiPolygon","coordinates":[[[[-73.92,18.03],[-74.44,18.61],[-72.3,18.61],[-72.79,19.51],[-73.41,19.64],[-72.64,19.96],[-72.1,19.83],[-72.51,19.57],[-72.0,18.54],[-72.18,18.22],[-73.92,18.03]]],[[[-96.69,29.02],[-96.54,28.77],[-96.82,28.7],[-96.69,29.02]]],[[[-91.71,33.97],[-91.43,33.65],[-91.84,33.71],[-91.71,33.97]]],[[[-89.72,41.0],[-89.5,40.74],[-89.78,40.68],[-89.72,41.0]]],[[[-88.99,41.72],[-88.77,41.46],[-89.05,41.39],[-88.99,41.72]]],[[[-78.52,42.95],[-78.62,42.82],[-79.09,43.28],[-78.52,42.95]]],[[[-90.67,43.15],[-91.07,43.15],[-91.02,43.47],[-90.67,43.15]]],[[[-88.01,44.39],[-88.32,44.65],[-88.16,44.78],[-87.76,44.52],[-88.01,44.39]]],[[[-84.63,45.56],[-84.74,45.76],[-84.1,45.5],[-84.63,45.56]]],[[[-84.76,46.48],[-84.47,46.41],[-84.81,46.28],[-84.76,46.48]]],[[[-79.16,47.73],[-78.92,47.47],[-79.21,47.4],[-79.16,47.73]]],[[[-79.53,47.66],[-79.57,47.73],[-79.49,47.73],[-79.53,47.66]]],[[[-80.76,51.25],[-80.8,51.05],[-81.35,51.11],[-81.36,51.38],[-80.76,51.25]]],[[[-87.08,52.25],[-86.8,51.98],[-87.09,51.92],[-87.08,52.25]]],[[[-81.9,52.52],[-81.59,52.32],[-82.18,52.18],[-82.24,52.52],[-81.9,52.52]]],[[[-54.27,5.24],[-54.06,5.75],[-52.89,5.49],[-51.71,4.53],[-51.77,3.95],[-54.27,5.24]]],[[[-3.18,5.3],[-3.18,5.11],[-3.69,5.11],[-3.18,5.3]]],[[[-61.57,12.24],[-61.55,11.99],[-61.78,12.05],[-61.57,12.24]]],[[[-60.8,13.72],[-60.94,13.66],[-61.04,14.04],[-60.8,13.72]]],[[[-61.08,14.49],[-61.19,14.88],[-60.81,14.75],[-60.78,14.43],[-61.08,14.49]]],[[[-17.16,14.62],[-17.45,14.69],[-17.39,14.88],[-17.16,14.62]]],[[[-16.24,15.78],[-16.6,15.65],[-16.47,16.16],[-16.24,15.78]]],[[[-61.35,16.49],[-61.17,16.23],[-61.58,15.91],[-61.77,16.29],[-61.35,16.49]]],[[[-64.73,17.71],[-64.73,17.77],[-64.66,17.77],[-64.73,17.71]]],[[[-64.89,17.84],[-64.74,17.84],[-64.73,17.77],[-64.89,17.84]]],[[[-62.95,18.29],[-62.92,18.03],[-63.14,18.03],[-62.95,18.29]]],[[[-64.65,44.97],[-65.49,44.52],[-65.67,44.91],[-64.63,45.3],[-66.35,45.5],[-64.56,46.22],[-64.13,45.63],[-63.09,45.3],[-64.07,44.78],[-64.65,44.97]]],[[[-72.43,46.41],[-73.62,45.69],[-73.3,45.24],[-74.77,45.24],[-75.77,44.19],[-76.71,44.45],[-75.36,45.76],[-73.1,46.74],[-71.15,47.27],[-70.56,47.07],[-69.24,48.19],[-69.85,47.14],[-72.43,46.41]]],[[[-53.67,47.2],[-54.08,47.2],[-54.02,47.66],[-53.67,47.2]]],[[[-53.72,47.53],[-53.75,47.6],[-53.67,47.6],[-53.72,47.53]]]]}},{"type":"Feature","properties":{"n":"Qing Dynasty","f":1687,"t":1690,"w":"Q8733"},"geometry":{"type":"MultiPolygon","coordinates":[[[[108.76,18.41],[108.7,19.38],[109.25,19.96],[110.91,20.15],[111.03,19.57],[109.86,18.35],[108.76,18.41]]],[[[120.67,21.95],[120.01,23.11],[120.96,25.04],[121.77,25.29],[122.01,25.04],[121.38,22.91],[120.67,21.95]]],[[[122.28,29.99],[121.98,29.99],[122.05,30.18],[122.28,29.99]]],[[[127.28,52.12],[127.87,51.92],[135.31,51.78],[138.16,51.92],[140.8,53.6],[141.46,53.33],[141.15,52.52],[141.56,52.25],[140.65,51.25],[140.25,48.59],[135.28,43.6],[133.27,42.69],[131.91,43.28],[130.77,42.43],[129.84,42.95],[129.7,42.5],[128.07,41.98],[128.34,41.65],[128.1,41.39],[126.83,41.78],[124.23,39.84],[122.94,39.64],[121.42,38.74],[121.03,38.74],[121.69,39.38],[121.21,39.51],[122.23,40.48],[121.82,40.87],[121.11,40.87],[118.99,39.19],[117.78,39.13],[117.77,38.35],[119.46,37.96],[119.16,37.19],[120.75,37.9],[122.71,37.45],[122.39,36.8],[120.98,36.61],[119.23,34.81],[120.34,34.36],[120.92,32.62],[121.96,31.98],[121.58,31.4],[121.9,30.82],[120.68,30.18],[121.48,30.31],[122.03,29.92],[121.94,29.22],[121.59,29.54],[121.65,28.32],[121.12,28.32],[119.59,26.13],[119.53,25.62],[119.87,25.49],[119.27,25.49],[118.76,24.59],[118.15,24.52],[116.54,22.91],[114.64,22.72],[114.37,22.08],[113.6,22.72],[113.07,21.89],[110.42,21.18],[110.57,20.34],[110.03,20.21],[109.81,21.5],[107.24,21.69],[106.71,22.08],[106.71,22.91],[105.44,23.3],[103.96,22.53],[101.72,22.46],[101.81,21.18],[101.36,21.18],[101.16,21.76],[100.22,21.5],[99.94,22.08],[99.29,22.14],[99.57,22.98],[98.94,23.24],[98.88,24.14],[97.65,23.94],[97.65,24.78],[98.67,25.81],[98.84,26.58],[98.74,27.48],[98.16,28.19],[98.87,28.32],[99.4,29.47],[99.61,28.25],[100.68,29.73],[101.87,33.52],[101.2,33.78],[101.69,34.1],[100.85,34.55],[102.03,34.61],[101.71,35.0],[102.92,36.35],[102.1,37.77],[101.7,37.58],[100.87,38.03],[99.9,38.87],[100.06,39.26],[100.61,39.77],[102.09,38.87],[103.12,39.06],[102.79,38.48],[104.54,37.64],[106.16,37.96],[108.25,42.5],[110.28,42.69],[111.89,43.67],[112.07,44.39],[115.88,45.56],[116.72,46.35],[119.8,46.68],[119.75,47.2],[118.48,47.99],[117.31,47.73],[115.42,47.99],[116.68,49.78],[117.83,49.52],[119.28,50.11],[119.15,50.38],[120.61,51.98],[120.53,52.59],[119.9,52.65],[120.63,53.19],[125.96,53.66],[127.28,52.12]]]]}},{"type":"Feature","properties":{"n":"Kingdom of France","f":1687,"t":1690,"w":"Q207162"},"geometry":{"type":"MultiPolygon","coordinates":[[[[5.9,50.38],[5.97,50.78],[6.4,50.51],[6.07,50.25],[6.58,50.11],[6.35,49.58],[7.1,49.52],[6.69,49.18],[8.11,48.99],[7.56,47.6],[6.82,47.6],[6.99,47.27],[5.48,45.56],[6.64,44.84],[6.81,44.32],[6.42,44.06],[6.91,43.54],[5.8,43.15],[3.85,43.6],[2.98,43.15],[3.09,42.5],[2.46,42.37],[-1.43,43.08],[-1.69,43.41],[-1.03,45.5],[-1.25,46.28],[-2.01,46.61],[-2.58,47.47],[-4.42,47.8],[-4.89,48.32],[-4.6,48.72],[-3.46,48.92],[-1.6,48.65],[-2.03,49.78],[0.01,49.38],[0.22,49.85],[1.45,50.25],[1.66,51.05],[3.61,50.78],[4.15,49.98],[5.9,50.38]]],[[[-63.5,49.32],[-64.59,49.98],[-63.1,49.85],[-61.73,49.12],[-63.5,49.32]]]]}},{"type":"Feature","properties":{"n":"Tümed","f":1687,"t":1695,"w":"Q3402317"},"geometry":{"type":"Polygon","coordinates":[[[101.7,37.58],[102.1,37.77],[102.84,36.74],[102.52,35.71],[101.71,35.0],[102.03,34.61],[100.92,34.74],[101.07,34.29],[101.69,34.1],[101.53,33.84],[98.85,34.1],[93.54,36.61],[90.94,36.93],[91.53,37.51],[90.94,38.03],[90.95,38.67],[93.22,39.45],[96.22,39.64],[97.91,39.0],[99.2,39.26],[99.81,38.48],[100.34,38.61],[101.7,37.58]]]}},{"type":"Feature","properties":{"n":"Holy Roman Empire Minor States","f":1687,"t":1690,"w":"Q12548"},"geometry":{"type":"MultiPolygon","coordinates":[[[[8.03,44.06],[8.11,44.52],[8.59,44.71],[8.03,44.06]]],[[[8.75,44.91],[8.51,44.91],[8.59,45.04],[8.75,44.91]]],[[[6.83,47.14],[7.08,46.94],[6.51,46.87],[6.83,47.14]]],[[[6.98,47.6],[6.99,47.47],[6.82,47.6],[6.98,47.6]]],[[[7.55,47.93],[7.89,47.66],[7.56,47.53],[7.55,47.93]]],[[[8.46,53.94],[8.81,53.87],[8.72,53.66],[8.46,53.94]]],[[[9.4,54.82],[9.58,54.55],[8.8,54.14],[8.71,54.61],[9.4,54.82]]],[[[9.75,55.57],[8.53,54.89],[8.79,55.77],[9.75,55.57]]],[[[9.24,44.91],[9.32,45.17],[10.45,45.04],[10.62,45.43],[11.35,44.84],[10.62,43.8],[9.24,44.91]]],[[[9.54,47.2],[9.63,47.14],[9.46,47.14],[9.54,47.2]]],[[[13.0,47.53],[13.18,48.06],[13.74,47.07],[12.18,47.07],[12.51,47.66],[13.0,47.53]]],[[[13.36,48.99],[14.1,48.65],[13.85,48.46],[13.27,48.59],[13.36,48.99]]],[[[12.8,50.65],[12.63,50.65],[12.55,50.91],[12.8,50.65]]],[[[8.11,48.99],[6.69,49.18],[7.1,49.52],[6.35,49.58],[6.58,50.11],[6.07,50.25],[6.4,50.51],[6.07,50.45],[5.97,50.98],[5.71,51.05],[5.9,50.38],[4.65,50.11],[5.77,51.78],[6.88,51.45],[6.45,51.85],[6.95,52.25],[6.68,52.65],[7.18,53.33],[6.91,53.6],[7.94,53.73],[7.61,53.12],[8.13,52.79],[8.64,53.12],[8.82,52.79],[10.79,54.27],[11.48,53.8],[11.4,54.14],[12.44,54.41],[13.12,53.66],[13.55,53.8],[13.2,53.33],[11.74,53.6],[11.13,53.33],[11.39,53.06],[10.79,52.99],[10.96,52.45],[10.53,52.12],[10.87,51.65],[11.38,51.78],[11.29,51.45],[10.1,51.18],[11.88,50.98],[12.05,51.31],[12.55,50.91],[11.79,50.85],[12.21,50.78],[12.12,50.18],[11.2,49.78],[11.28,49.12],[10.94,48.85],[10.03,49.12],[10.53,48.26],[10.12,48.06],[10.53,48.19],[10.69,47.73],[10.37,47.33],[9.04,47.73],[9.29,47.99],[8.22,47.66],[8.21,47.99],[8.21,48.26],[7.71,48.32],[8.11,48.99]],[[8.46,47.99],[8.38,48.13],[8.21,47.99],[8.46,47.99]],[[10.44,51.65],[10.44,51.45],[10.78,51.45],[10.44,51.65]],[[10.2,48.46],[10.11,48.46],[10.11,48.32],[10.2,48.46]],[[9.95,48.46],[9.45,48.46],[9.45,48.19],[9.95,48.46]],[[9.54,47.86],[9.54,47.99],[9.37,47.93],[9.54,47.86]],[[9.37,48.26],[9.37,48.46],[9.2,48.32],[9.37,48.26]],[[8.71,48.19],[8.79,48.32],[8.54,48.32],[8.71,48.19]],[[9.04,48.19],[9.04,48.26],[8.87,48.32],[9.04,48.19]],[[7.98,51.98],[8.91,52.12],[8.91,52.52],[8.14,52.59],[7.98,51.98]],[[8.71,47.99],[8.63,47.99],[8.79,47.86],[8.71,47.99]],[[8.62,48.65],[8.53,48.59],[8.62,48.52],[8.62,48.65]],[[8.45,48.39],[8.21,48.39],[8.29,48.32],[8.45,48.39]],[[8.29,48.59],[8.37,48.46],[8.45,48.59],[8.29,48.59]],[[7.55,52.12],[7.8,52.12],[7.8,52.45],[7.28,52.59],[7.55,52.12]],[[7.05,51.58],[7.06,51.31],[7.57,51.25],[7.56,51.65],[7.05,51.58]]],[[[11.71,51.31],[11.46,51.51],[12.4,51.85],[11.71,51.31]]],[[[9.93,54.55],[10.19,54.55],[10.1,54.21],[9.75,54.14],[9.93,54.55]]]]}},{"type":"Feature","properties":{"n":"Kazakh Khanate","f":1687,"t":1717,"w":"Q1433867"},"geometry":{"type":"MultiPolygon","coordinates":[[[[53.1,46.02],[53.18,46.02],[53.17,45.96],[53.1,46.02]]],[[[63.18,54.21],[67.41,53.06],[70.38,52.99],[73.34,53.26],[77.51,54.61],[76.57,53.19],[78.41,51.31],[84.0,50.85],[84.83,50.18],[83.77,49.58],[84.5,49.38],[84.19,48.92],[80.55,48.26],[79.28,46.87],[78.27,46.61],[74.6,46.87],[73.63,46.28],[73.33,45.5],[74.05,45.04],[74.34,43.67],[73.38,42.11],[72.31,42.24],[68.28,40.36],[62.18,43.15],[60.88,44.45],[61.58,44.91],[61.72,45.37],[61.34,45.43],[61.25,45.96],[61.64,46.94],[60.12,46.81],[59.31,46.02],[58.64,45.96],[57.96,44.45],[58.34,43.47],[57.33,43.02],[52.74,42.63],[51.44,43.21],[51.07,44.06],[50.26,44.39],[51.42,44.52],[51.02,44.84],[51.47,45.37],[54.3,44.97],[54.29,45.56],[53.06,45.56],[53.35,46.35],[53.11,47.01],[52.11,46.94],[51.92,49.91],[52.58,52.32],[54.24,52.45],[58.92,51.71],[59.93,51.92],[61.16,53.53],[63.18,54.21]]]]}},{"type":"Feature","properties":{"n":"Portuguese Empire","f":1687,"t":1695,"w":"Q200464"},"geometry":{"type":"MultiPolygon","coordinates":[[[[-57.29,-33.79],[-57.4,-34.49],[-58.39,-34.17],[-57.8,-33.66],[-57.29,-33.79]]],[[[-50.18,-29.16],[-50.17,-29.09],[-50.09,-29.09],[-50.18,-29.16]]],[[[-48.49,-0.23],[-48.93,-1.51],[-48.27,-0.74],[-47.4,-0.55],[-45.44,-1.64],[-44.93,-1.45],[-44.07,-2.54],[-43.19,-2.35],[-42.32,-2.8],[-39.42,-3.12],[-37.26,-4.86],[-35.37,-5.31],[-34.84,-7.49],[-35.41,-9.36],[-37.24,-11.09],[-38.13,-12.83],[-39.03,-13.28],[-39.28,-17.78],[-41.14,-22.15],[-41.91,-22.41],[-42.12,-22.99],[-44.74,-23.05],[-44.7,-23.37],[-45.48,-23.69],[-45.37,-24.02],[-46.09,-23.82],[-48.69,-25.49],[-48.8,-26.72],[-48.45,-27.42],[-48.88,-28.64],[-49.74,-29.22],[-50.35,-30.44],[-51.25,-30.38],[-52.2,-31.66],[-51.72,-31.92],[-52.55,-32.56],[-52.9,-31.73],[-52.01,-31.15],[-51.69,-29.93],[-50.56,-29.99],[-49.18,-28.19],[-49.05,-25.88],[-49.92,-25.17],[-48.9,-22.99],[-45.61,-22.86],[-43.38,-22.21],[-42.32,-21.25],[-41.15,-18.94],[-40.76,-17.01],[-40.02,-15.91],[-39.53,-11.67],[-38.46,-10.51],[-37.87,-8.52],[-39.82,-5.18],[-42.42,-4.15],[-45.04,-3.89],[-46.47,-2.41],[-47.7,-1.84],[-49.31,-2.35],[-49.39,-2.86],[-49.82,-2.74],[-49.82,-2.29],[-51.92,-1.96],[-53.9,-2.61],[-55.28,-2.54],[-56.48,-4.28],[-56.69,-4.02],[-56.01,-2.54],[-58.43,-3.31],[-60.83,-3.25],[-60.53,-2.86],[-57.97,-2.48],[-56.8,-1.77],[-53.74,-1.51],[-50.67,1.96],[-49.95,1.7],[-50.39,0.74],[-48.49,-0.23]]],[[[6.3,0.35],[6.67,0.41],[6.66,0.16],[6.3,0.35]]],[[[-16.81,12.37],[-16.6,12.82],[-16.08,12.76],[-16.07,12.05],[-15.55,11.86],[-16.28,11.79],[-16.81,12.37]]],[[[-24.45,15.07],[-24.23,15.07],[-24.29,14.75],[-24.45,15.07]]],[[[-23.41,14.88],[-23.78,14.94],[-23.73,15.33],[-23.41,14.88]]],[[[-23.28,15.26],[-23.06,15.33],[-22.99,15.2],[-23.28,15.26]]],[[[-22.65,15.97],[-22.94,15.97],[-22.88,16.23],[-22.65,15.97]]],[[[-24.38,16.68],[-24.08,16.68],[-24.08,16.55],[-24.38,16.68]]],[[[-22.83,16.68],[-22.98,16.68],[-22.98,16.81],[-22.83,16.68]]],[[[-25.27,16.87],[-25.29,17.19],[-24.82,16.74],[-25.27,16.87]]],[[[-8.7,33.2],[-8.44,32.88],[-8.73,32.62],[-9.05,32.88],[-8.7,33.2]]],[[[35.33,-24.27],[35.03,-24.21],[34.93,-23.82],[35.38,-23.82],[35.33,-24.27]]],[[[34.54,-19.58],[34.71,-20.16],[34.34,-20.16],[34.54,-19.58]]],[[[37.63,-17.59],[37.2,-17.78],[37.26,-17.39],[37.63,-17.59]]],[[[40.75,-14.69],[40.55,-15.34],[40.17,-14.95],[40.75,-14.69]]],[[[12.89,-12.64],[13.63,-12.44],[13.55,-12.83],[12.82,-13.02],[12.89,-12.64]]],[[[13.54,-9.1],[13.11,-9.49],[12.89,-8.91],[13.47,-8.52],[13.54,-9.1]]],[[[39.82,-7.88],[39.53,-8.01],[39.52,-7.81],[39.82,-7.88]]],[[[39.12,-5.76],[39.27,-5.76],[39.43,-6.53],[39.12,-5.76]]],[[[39.55,-5.11],[39.55,-4.92],[39.77,-4.99],[39.55,-5.44],[39.55,-5.11]]],[[[39.39,-3.76],[39.75,-3.7],[39.54,-4.34],[39.39,-3.76]]],[[[7.34,1.51],[7.19,1.51],[7.27,1.7],[7.34,1.51]]],[[[8.54,3.76],[8.83,3.82],[8.68,3.18],[8.31,3.24],[8.54,3.76]]]]}},{"type":"Feature","properties":{"n":"Ayutthaya Kingdom","f":1691,"t":1708,"w":"Q841364"},"geometry":{"type":"Polygon","coordinates":[[[102.22,11.99],[101.79,12.69],[100.83,12.63],[100.99,13.46],[100.1,13.4],[100.03,12.05],[99.21,10.31],[99.27,9.29],[99.93,9.29],[100.51,7.16],[101.51,6.91],[102.06,6.33],[101.88,5.75],[101.14,5.62],[100.68,6.46],[99.61,6.84],[98.62,8.32],[98.21,7.74],[98.76,11.73],[98.23,14.94],[98.93,16.36],[97.8,17.71],[98.64,18.41],[99.58,18.29],[100.75,19.12],[100.66,19.51],[101.18,19.57],[101.4,19.06],[101.02,17.51],[101.87,16.81],[103.23,16.55],[103.05,15.78],[103.61,14.49],[102.39,13.53],[102.74,12.05],[102.22,11.99]]]}},{"type":"Feature","properties":{"n":"Spanish Empire","f":1691,"t":1695,"w":"Q80702"},"geometry":{"type":"MultiPolygon","coordinates":[[[[-73.46,-42.24],[-73.65,-42.83],[-74.1,-42.76],[-73.46,-42.24]]],[[[-73.9,-40.17],[-73.37,-39.46],[-73.0,-39.72],[-73.9,-40.17]]],[[[-75.34,-10.77],[-75.27,-10.77],[-75.27,-10.84],[-75.34,-10.77]]],[[[-106.77,31.85],[-106.18,31.53],[-106.36,29.22],[-106.08,28.64],[-105.29,27.61],[-104.53,28.06],[-103.67,26.71],[-102.37,26.9],[-101.42,27.74],[-100.38,27.54],[-100.51,26.71],[-99.72,24.52],[-98.29,22.79],[-97.98,23.43],[-98.07,25.42],[-97.6,25.62],[-97.62,26.0],[-97.09,26.0],[-97.17,25.42],[-97.68,25.36],[-97.78,24.52],[-97.54,21.63],[-95.77,18.8],[-94.48,18.22],[-92.5,18.74],[-91.3,18.61],[-89.98,21.31],[-86.75,21.5],[-87.7,18.29],[-87.99,18.74],[-89.17,17.77],[-90.57,17.77],[-90.6,16.55],[-90.38,16.04],[-89.54,15.84],[-85.67,16.04],[-83.93,15.71],[-83.83,15.46],[-84.34,15.46],[-83.61,14.3],[-84.11,11.09],[-83.58,10.96],[-82.21,9.03],[-81.03,8.84],[-79.69,9.61],[-78.96,9.61],[-77.99,9.29],[-76.83,8.19],[-76.93,8.64],[-75.66,9.48],[-75.58,10.51],[-74.96,11.15],[-74.36,10.89],[-74.17,11.34],[-73.15,11.41],[-71.84,12.44],[-71.1,12.31],[-71.28,11.79],[-71.92,11.6],[-71.65,10.83],[-69.66,11.66],[-68.46,11.34],[-68.19,10.51],[-66.37,10.7],[-65.09,10.06],[-64.03,10.7],[-61.91,10.76],[-62.84,10.38],[-62.3,9.8],[-61.95,9.99],[-60.83,9.54],[-61.15,8.58],[-64.71,8.06],[-65.12,7.55],[-65.87,7.87],[-67.01,7.16],[-67.06,6.65],[-69.96,6.2],[-73.64,4.59],[-75.79,2.21],[-76.3,1.31],[-76.81,0.41],[-76.74,0.22],[-76.96,0.09],[-77.87,-3.25],[-77.85,-4.92],[-77.5,-6.85],[-76.34,-8.39],[-75.17,-11.35],[-73.87,-12.44],[-71.88,-13.15],[-70.67,-12.76],[-68.37,-13.28],[-65.67,-14.89],[-63.8,-15.34],[-62.59,-16.36],[-63.18,-20.61],[-64.19,-23.63],[-64.07,-24.79],[-63.27,-26.2],[-61.05,-26.78],[-59.61,-26.72],[-58.85,-26.27],[-57.5,-24.34],[-57.0,-24.47],[-58.43,-26.84],[-58.75,-30.32],[-58.27,-30.89],[-58.56,-32.76],[-58.25,-33.34],[-58.55,-34.49],[-60.52,-33.79],[-63.06,-34.62],[-67.38,-34.36],[-69.77,-34.88],[-70.48,-35.39],[-71.29,-36.88],[-71.25,-37.84],[-72.96,-37.39],[-73.34,-36.94],[-71.69,-32.89],[-71.94,-30.83],[-70.57,-25.17],[-70.53,-23.63],[-70.81,-23.5],[-70.18,-21.38],[-70.26,-19.84],[-70.44,-18.42],[-71.62,-17.33],[-75.22,-15.53],[-76.08,-14.69],[-76.46,-14.18],[-76.38,-13.41],[-77.8,-11.35],[-78.98,-8.46],[-79.98,-6.91],[-81.33,-6.14],[-81.01,-5.63],[-81.47,-4.41],[-80.05,-3.12],[-81.12,-2.29],[-81.03,-0.94],[-80.16,0.22],[-80.23,0.86],[-79.06,1.25],[-78.78,2.34],[-77.91,2.6],[-77.26,3.63],[-77.56,4.08],[-77.41,6.52],[-78.5,7.94],[-78.23,8.45],[-79.64,8.9],[-80.41,8.26],[-80.0,7.42],[-80.94,7.16],[-81.05,7.87],[-81.47,7.61],[-81.94,8.19],[-83.71,8.45],[-83.67,9.09],[-84.83,9.99],[-85.24,9.61],[-85.78,9.99],[-85.72,11.09],[-87.55,12.69],[-87.47,13.34],[-88.85,13.21],[-91.35,13.91],[-94.77,16.36],[-96.21,15.65],[-97.72,15.91],[-101.11,17.26],[-101.9,17.96],[-103.19,18.16],[-104.87,19.25],[-105.54,20.02],[-105.13,21.31],[-105.7,22.59],[-107.87,24.52],[-108.11,25.16],[-109.39,25.74],[-109.26,26.58],[-110.42,27.16],[-111.52,29.86],[-112.57,31.34],[-110.66,31.85],[-109.22,28.32],[-107.83,28.44],[-106.77,29.09],[-106.77,31.85]]],[[[-76.3,1.31],[-76.22,1.31],[-76.22,1.25],[-76.3,1.31]]],[[[-75.14,2.92],[-75.07,2.92],[-75.07,2.86],[-75.14,2.92]]],[[[-81.61,7.36],[-81.9,7.36],[-81.91,7.61],[-81.61,7.36]]],[[[-79.03,8.32],[-78.96,8.45],[-78.81,8.45],[-79.03,8.32]]],[[[-64.04,10.83],[-64.35,11.09],[-63.84,11.21],[-64.04,10.83]]],[[[-69.73,11.66],[-70.24,11.6],[-70.28,12.11],[-69.85,12.24],[-69.73,11.66]]],[[[-67.12,17.96],[-67.26,18.48],[-66.16,18.54],[-65.52,18.16],[-67.12,17.96]]],[[[-68.56,18.22],[-70.72,18.35],[-71.28,17.58],[-72.18,18.22],[-72.0,18.54],[-72.51,19.57],[-70.78,19.96],[-69.08,19.38],[-69.49,19.12],[-68.24,18.67],[-68.56,18.22]]],[[[-86.7,20.34],[-86.99,20.28],[-87.02,20.47],[-86.7,20.34]]],[[[-74.07,20.15],[-77.65,19.83],[-77.19,20.66],[-78.24,20.79],[-78.66,21.56],[-82.05,22.27],[-81.74,22.66],[-84.8,21.82],[-84.0,22.79],[-82.29,23.24],[-80.57,23.17],[-74.07,20.15]]],[[[-82.5,21.44],[-82.95,21.44],[-83.04,21.95],[-82.66,21.95],[-82.5,21.44]]],[[[-78.6,22.53],[-78.23,22.59],[-78.2,22.4],[-78.6,22.53]]],[[[-98.27,29.22],[-98.55,29.15],[-98.71,29.41],[-98.27,29.22]]],[[[-83.84,30.05],[-84.88,29.73],[-85.67,31.01],[-81.97,30.37],[-81.87,31.27],[-81.21,31.59],[-81.44,30.89],[-80.55,28.57],[-81.94,28.12],[-83.84,30.05]]],[[[-61.0,10.06],[-61.73,10.06],[-61.55,10.83],[-60.89,10.83],[-61.0,10.06]]],[[[119.34,11.15],[119.57,11.21],[119.58,10.7],[120.0,10.51],[118.85,9.93],[119.34,11.15]]],[[[119.85,11.79],[119.87,11.92],[120.09,11.92],[119.85,11.79]]],[[[119.84,12.31],[120.34,12.18],[120.32,11.99],[119.84,12.31]]],[[[120.74,13.59],[121.44,13.34],[121.29,12.18],[120.34,13.34],[120.74,13.59]]],[[[122.2,13.53],[122.16,13.21],[121.86,13.21],[121.75,13.46],[122.2,13.53]]],[[[120.1,13.72],[120.12,13.85],[120.27,13.85],[120.1,13.72]]],[[[122.13,15.01],[122.07,14.62],[121.86,14.69],[122.13,15.01]]],[[[122.26,16.23],[121.6,15.84],[121.67,14.43],[122.19,13.98],[122.76,14.36],[123.12,13.79],[123.24,14.11],[123.87,13.91],[123.61,13.59],[124.14,13.21],[124.12,12.5],[123.45,13.01],[123.06,12.82],[123.27,13.27],[122.69,13.85],[122.74,13.21],[121.82,13.91],[121.4,13.59],[120.62,13.79],[120.97,14.62],[120.35,14.43],[120.04,14.81],[119.73,16.1],[120.01,16.42],[120.4,16.1],[120.61,18.54],[122.39,18.54],[122.22,17.64],[122.64,17.13],[122.26,16.23]]],[[[-17.85,27.87],[-17.9,27.61],[-18.06,27.67],[-17.85,27.87]]],[[[-15.73,27.74],[-15.76,28.19],[-15.3,28.12],[-15.73,27.74]]],[[[-17.35,28.19],[-17.12,28.25],[-17.03,28.06],[-17.35,28.19]]],[[[-16.91,28.38],[-16.09,28.57],[-16.36,28.06],[-16.65,27.93],[-16.91,28.38]]],[[[-13.77,28.77],[-13.81,28.25],[-14.32,28.06],[-13.77,28.77]]],[[[-17.71,28.89],[-17.67,28.51],[-17.9,28.51],[-17.71,28.89]]],[[[-13.65,29.22],[-13.42,29.22],[-13.47,28.89],[-13.85,28.83],[-13.65,29.22]]],[[[-2.98,35.26],[-2.99,35.45],[-2.84,35.45],[-2.98,35.26]]],[[[-0.53,35.71],[-0.45,35.58],[-0.67,35.45],[-0.92,35.71],[-0.53,35.71]]],[[[-5.57,35.84],[-5.34,35.84],[-5.33,35.77],[-5.57,35.84]]],[[[126.2,6.39],[125.83,7.23],[125.52,7.04],[125.65,5.88],[125.33,5.49],[125.15,6.01],[124.7,5.81],[124.0,6.26],[124.09,7.42],[123.68,7.74],[122.76,7.23],[122.59,7.74],[122.23,6.97],[121.8,6.97],[122.1,8.0],[123.34,8.77],[124.09,8.19],[124.82,9.03],[125.48,9.03],[125.42,9.86],[126.24,9.29],[126.59,7.61],[126.2,6.39]]],[[[124.55,9.22],[124.77,9.29],[124.82,9.03],[124.55,9.22]]],[[[123.58,9.03],[123.44,9.09],[123.54,9.35],[123.58,9.03]]],[[[125.97,9.54],[125.83,9.61],[125.91,9.67],[125.97,9.54]]],[[[126.06,9.67],[125.92,9.74],[125.94,9.99],[126.06,9.67]]],[[[124.5,10.19],[124.62,9.93],[123.78,9.54],[123.74,9.86],[124.5,10.19]]],[[[122.81,10.12],[122.9,10.89],[123.56,10.96],[123.15,9.8],[123.22,9.03],[122.33,9.67],[122.81,10.12]]],[[[125.47,10.38],[125.7,10.44],[125.71,9.86],[125.47,10.38]]],[[[123.6,9.99],[123.48,9.48],[123.26,9.48],[124.11,11.28],[124.0,10.25],[123.6,9.99]]],[[[121.93,11.99],[123.12,11.54],[122.62,10.38],[121.9,10.44],[121.93,11.99]]],[[[125.24,10.25],[124.92,9.99],[124.25,11.21],[124.31,11.73],[124.71,11.34],[124.97,11.73],[124.27,12.56],[125.55,12.24],[125.77,11.02],[125.06,11.21],[125.24,10.25]]],[[[123.73,12.31],[124.09,11.73],[123.17,11.99],[123.24,12.5],[123.77,12.63],[123.73,12.31]]],[[[121.9,12.37],[122.13,12.44],[122.09,12.11],[121.9,12.37]]],[[[122.69,12.24],[122.41,12.37],[122.51,12.56],[122.69,12.24]]],[[[121.99,12.5],[122.02,12.69],[122.24,12.69],[121.99,12.5]]],[[[144.84,13.34],[144.61,13.27],[144.65,13.53],[144.97,13.66],[144.84,13.34]]],[[[124.11,13.53],[124.12,14.11],[124.47,13.98],[124.11,13.53]]]]}},{"type":"Feature","properties":{"n":"(Kingdom of England)","f":1691,"t":1695,"w":"Q179876"},"geometry":{"type":"MultiPolygon","coordinates":[[[[-89.17,17.77],[-88.25,18.48],[-88.24,16.49],[-89.19,15.97],[-89.17,17.77]]],[[[-77.74,17.84],[-78.39,18.29],[-77.01,18.48],[-76.12,17.9],[-77.74,17.84]]],[[[-74.74,23.11],[-74.71,22.91],[-75.12,23.11],[-75.17,23.43],[-74.74,23.11]]],[[[-77.76,23.75],[-77.92,24.2],[-77.48,24.26],[-77.4,23.81],[-77.76,23.75]]],[[[-75.49,24.39],[-75.59,24.52],[-75.24,24.26],[-75.43,24.07],[-75.49,24.39]]],[[[-78.35,24.52],[-78.19,25.23],[-77.62,24.59],[-78.35,24.52]]],[[[-76.23,24.78],[-76.26,24.91],[-76.05,24.97],[-76.23,24.78]]],[[[-76.6,25.49],[-76.35,25.36],[-76.48,25.29],[-76.6,25.49]]],[[[-77.29,25.94],[-77.19,26.52],[-77.67,26.97],[-76.97,26.52],[-77.29,25.94]]],[[[-77.98,26.71],[-77.97,26.64],[-78.68,26.45],[-78.6,26.77],[-77.98,26.71]]],[[[-79.68,32.75],[-80.15,32.56],[-80.09,33.07],[-79.68,32.75]]],[[[-77.65,34.23],[-78.15,33.91],[-78.21,34.29],[-77.65,34.23]]],[[[-76.73,35.97],[-77.14,36.22],[-76.8,36.35],[-76.73,35.97]]],[[[-92.25,56.94],[-92.19,56.87],[-93.03,57.21],[-92.5,57.21],[-92.31,57.01],[-92.22,57.01],[-92.25,56.94]]],[[[-59.57,13.01],[-59.67,13.34],[-59.52,13.34],[-59.57,13.01]]],[[[-61.64,17.19],[-61.62,16.94],[-61.76,16.94],[-61.64,17.19]]],[[[-62.95,18.29],[-62.92,18.03],[-63.14,18.03],[-62.95,18.29]]],[[[-73.66,20.92],[-73.69,21.11],[-72.97,21.24],[-73.66,20.92]]],[[[-72.22,21.69],[-72.32,21.89],[-72.1,21.89],[-72.22,21.69]]],[[[-72.93,22.46],[-72.69,22.34],[-72.82,22.27],[-72.93,22.46]]],[[[-73.67,22.46],[-74.15,22.21],[-73.94,22.72],[-73.67,22.46]]],[[[-74.51,23.94],[-74.55,24.14],[-74.32,24.14],[-74.51,23.94]]],[[[-64.86,32.3],[-64.65,32.36],[-64.67,32.17],[-64.86,32.3]]],[[[-70.49,41.33],[-71.43,41.65],[-71.52,41.33],[-73.47,41.07],[-71.99,41.13],[-72.25,40.81],[-74.14,40.61],[-73.87,40.16],[-74.64,39.0],[-75.4,39.32],[-74.95,38.42],[-75.85,37.13],[-75.84,38.09],[-76.25,38.35],[-76.23,39.06],[-76.42,39.32],[-76.36,37.25],[-75.91,36.48],[-76.79,36.55],[-77.56,37.51],[-77.6,39.32],[-75.91,39.77],[-75.17,40.61],[-74.35,42.11],[-74.29,43.15],[-73.69,42.24],[-73.0,42.3],[-71.08,42.82],[-70.77,43.54],[-70.49,43.28],[-70.98,42.43],[-70.37,41.78],[-69.95,41.91],[-70.49,41.33]]],[[[-70.59,43.67],[-70.28,43.86],[-70.14,43.73],[-70.39,43.41],[-70.59,43.67]]],[[[-69.72,43.86],[-69.95,44.19],[-69.66,44.25],[-69.33,44.06],[-69.72,43.86]]],[[[-53.75,46.81],[-53.31,48.13],[-52.86,48.06],[-53.25,47.6],[-52.76,47.8],[-52.62,47.47],[-52.85,46.81],[-53.75,46.81]]],[[[-52.95,48.46],[-53.39,48.32],[-53.58,48.59],[-52.95,48.46]]],[[[-6.43,52.18],[-9.64,51.45],[-10.45,51.78],[-10.25,52.12],[-10.53,52.25],[-9.94,52.32],[-9.38,53.12],[-10.21,53.46],[-9.83,53.8],[-10.08,54.27],[-8.7,54.27],[-8.32,54.61],[-8.87,54.82],[-8.41,55.23],[-6.15,55.29],[-5.43,54.48],[-6.33,54.07],[-6.43,52.18]]],[[[-1.94,5.04],[-1.79,5.11],[-1.72,4.85],[-1.94,5.04]]],[[[-2.6,4.91],[-2.96,4.98],[-2.74,5.17],[-2.6,4.91]]],[[[-1.21,5.11],[-1.21,5.36],[-1.06,5.36],[-1.21,5.11]]],[[[80.31,12.76],[80.1,12.82],[80.2,13.14],[80.31,12.76]]],[[[73.09,19.25],[72.99,18.99],[72.84,18.99],[73.09,19.25]]],[[[88.35,22.14],[88.2,22.08],[88.15,22.27],[88.47,22.46],[88.35,22.14]]],[[[-4.38,54.41],[-4.36,54.21],[-4.86,54.07],[-4.38,54.41]]],[[[-3.26,56.05],[-1.73,55.7],[-1.29,54.68],[-0.2,54.21],[0.3,53.39],[0.17,52.86],[1.62,52.86],[1.59,52.12],[0.52,51.51],[1.38,51.38],[1.31,51.11],[0.49,50.78],[-1.37,50.85],[-1.18,50.58],[-3.13,50.71],[-3.58,50.25],[-5.75,50.05],[-4.2,51.31],[-3.09,51.25],[-2.95,51.45],[-5.08,51.58],[-5.3,51.98],[-4.16,52.45],[-4.3,52.92],[-4.79,52.79],[-4.49,53.12],[-4.7,53.46],[-3.32,53.39],[-2.97,54.14],[-3.59,54.27],[-3.57,54.89],[-5.21,54.75],[-4.77,55.43],[-5.0,55.84],[-5.44,55.91],[-5.12,55.43],[-5.57,55.57],[-5.63,55.29],[-5.89,55.29],[-5.8,55.98],[-6.63,55.63],[-5.66,56.18],[-6.29,56.32],[-5.95,57.01],[-6.82,57.49],[-6.32,57.77],[-5.7,57.14],[-5.89,57.83],[-5.2,58.67],[-3.14,58.74],[-3.43,58.18],[-4.12,57.97],[-3.99,57.7],[-1.85,57.7],[-3.26,56.05]]],[[[-7.29,57.08],[-7.47,57.08],[-7.6,57.35],[-7.25,57.42],[-7.29,57.08]]],[[[-7.56,57.7],[-7.12,57.7],[-7.11,57.63],[-7.56,57.7]]],[[[-7.13,57.77],[-7.28,58.18],[-6.26,58.53],[-6.52,57.9],[-7.13,57.77]]],[[[-2.81,59.02],[-2.79,58.88],[-3.42,58.81],[-3.38,59.22],[-2.81,59.02]]],[[[-2.83,59.16],[-2.84,59.29],[-2.58,59.36],[-2.83,59.16]]],[[[-1.67,60.21],[-1.63,60.63],[-0.83,60.84],[-1.05,60.35],[-1.67,60.21]]]]}},{"type":"Feature","properties":{"n":"Sultanate of Malacca","f":1691,"t":1743,"w":"Q46652"},"geometry":{"type":"MultiPolygon","coordinates":[[[[107.99,-7.81],[108.24,-7.11],[109.4,-7.11],[110.01,-7.56],[109.89,-7.94],[107.99,-7.81]]],[[[100.37,1.57],[100.07,1.38],[97.84,3.82],[98.0,4.21],[99.91,2.99],[100.37,1.57]]],[[[101.23,3.18],[100.75,3.82],[101.7,3.76],[102.1,3.05],[101.72,2.54],[101.23,3.18]]],[[[101.53,4.85],[102.13,6.26],[102.49,5.04],[101.53,4.85]]]]}},{"type":"Feature","properties":{"n":"Kingdom of France","f":1691,"t":1695,"w":"Q207162"},"geometry":{"type":"MultiPolygon","coordinates":[[[[6.4,50.51],[6.07,50.25],[6.58,50.11],[6.35,49.58],[7.1,49.52],[6.69,49.18],[8.11,48.99],[7.56,47.6],[6.82,47.6],[6.99,47.27],[6.03,46.22],[6.85,46.28],[7.46,44.39],[7.15,43.67],[6.28,43.15],[4.17,43.6],[2.98,43.15],[3.12,41.91],[2.49,41.59],[2.46,42.24],[1.73,42.63],[-1.43,43.08],[-1.69,43.41],[-1.03,45.5],[-1.25,46.28],[-2.01,46.61],[-2.58,47.47],[-4.42,47.8],[-4.89,48.32],[-4.6,48.72],[-3.46,48.92],[-1.6,48.65],[-2.03,49.78],[0.01,49.38],[0.22,49.85],[1.45,50.25],[1.66,51.05],[4.28,50.85],[4.15,49.98],[4.66,50.05],[5.05,50.71],[6.4,50.51]],[[6.05,45.5],[6.22,45.5],[6.21,45.63],[6.05,45.5]]],[[[-63.5,49.32],[-64.59,49.98],[-63.1,49.85],[-61.73,49.12],[-63.5,49.32]]]]}},{"type":"Feature","properties":{"n":"Kingdom of England","f":1691,"t":1705,"w":"Q179876"},"geometry":{"type":"MultiPolygon","coordinates":[[[[-6.09,52.86],[-6.43,52.18],[-9.64,51.45],[-10.45,51.78],[-10.25,52.12],[-10.53,52.25],[-9.94,52.32],[-9.38,53.12],[-10.21,53.46],[-9.83,53.8],[-10.08,54.27],[-8.7,54.27],[-8.32,54.61],[-8.87,54.82],[-8.41,55.23],[-6.15,55.29],[-5.43,54.48],[-6.33,54.07],[-6.09,52.86]]],[[[-4.86,54.07],[-4.81,54.34],[-4.36,54.21],[-4.86,54.07]]],[[[-2.67,56.25],[-3.26,56.05],[-1.73,55.7],[-1.29,54.68],[-0.2,54.21],[0.3,53.39],[0.17,52.86],[1.62,52.86],[1.59,52.12],[0.52,51.51],[1.38,51.38],[1.31,51.11],[0.49,50.78],[-1.37,50.85],[-1.18,50.58],[-3.13,50.71],[-3.58,50.25],[-5.75,50.05],[-4.2,51.31],[-3.09,51.25],[-2.95,51.45],[-5.08,51.58],[-5.3,51.98],[-4.16,52.45],[-4.3,52.92],[-4.79,52.79],[-4.49,53.12],[-4.7,53.46],[-3.32,53.39],[-2.97,54.14],[-3.59,54.27],[-3.57,54.89],[-5.21,54.75],[-4.77,55.43],[-5.0,55.84],[-5.44,55.91],[-5.12,55.43],[-5.57,55.57],[-5.63,55.29],[-5.89,55.29],[-5.8,55.98],[-6.63,55.63],[-5.66,56.18],[-6.29,56.32],[-5.95,57.01],[-6.82,57.49],[-6.32,57.77],[-5.7,57.14],[-5.89,57.83],[-5.2,58.67],[-3.14,58.74],[-3.43,58.18],[-4.12,57.97],[-3.99,57.7],[-1.85,57.7],[-2.67,56.25]]],[[[-7.25,57.42],[-7.29,57.08],[-7.47,57.08],[-7.6,57.35],[-7.25,57.42]]],[[[-7.12,57.7],[-7.11,57.63],[-7.44,57.49],[-7.12,57.7]]],[[[-6.21,58.18],[-7.13,57.77],[-7.28,58.18],[-6.26,58.53],[-6.21,58.18]]],[[[-3.2,59.22],[-2.79,58.88],[-3.42,58.81],[-3.2,59.22]]],[[[-2.56,59.22],[-2.83,59.16],[-2.84,59.29],[-2.56,59.22]]],[[[-1.16,60.56],[-1.2,60.07],[-1.67,60.21],[-1.63,60.63],[-0.81,60.63],[-1.16,60.56]]]]}},{"type":"Feature","properties":{"n":"Qing Dynasty","f":1691,"t":1695,"w":"Q8733"},"geometry":{"type":"MultiPolygon","coordinates":[[[[108.76,18.41],[108.7,19.38],[109.25,19.96],[110.91,20.15],[111.03,19.57],[109.86,18.35],[108.76,18.41]]],[[[120.67,21.95],[120.01,23.11],[120.96,25.04],[121.77,25.29],[122.01,25.04],[121.38,22.91],[120.67,21.95]]],[[[122.28,29.99],[121.98,29.99],[122.05,30.18],[122.28,29.99]]],[[[138.73,54.34],[140.03,54.34],[141.46,53.33],[141.15,52.52],[141.56,52.25],[140.65,51.25],[140.25,48.59],[135.11,43.47],[133.27,42.69],[131.75,43.28],[130.77,42.43],[129.84,42.95],[129.7,42.5],[128.07,41.98],[128.34,41.65],[128.1,41.39],[126.83,41.78],[124.23,39.84],[122.94,39.64],[121.42,38.74],[121.03,38.74],[121.69,39.38],[121.21,39.51],[122.23,40.48],[121.82,40.87],[121.11,40.87],[118.99,39.19],[117.78,39.13],[117.77,38.35],[119.46,37.96],[119.16,37.19],[120.75,37.9],[122.71,37.45],[122.39,36.8],[120.98,36.61],[119.23,34.81],[120.34,34.36],[120.92,32.62],[121.96,31.98],[121.58,31.4],[121.9,30.82],[120.68,30.18],[121.48,30.31],[122.03,29.92],[121.94,29.22],[121.59,29.54],[121.65,28.32],[121.12,28.32],[119.59,26.13],[119.53,25.62],[119.87,25.49],[119.27,25.49],[118.76,24.59],[118.15,24.52],[116.54,22.91],[114.64,22.72],[114.37,22.08],[113.6,22.72],[113.07,21.89],[110.42,21.18],[110.57,20.34],[109.88,20.21],[109.81,21.5],[107.24,21.69],[106.71,22.08],[106.71,22.91],[105.21,23.3],[103.96,22.53],[101.72,22.46],[101.81,21.18],[101.36,21.18],[101.16,21.76],[100.22,21.5],[99.94,22.08],[99.29,22.14],[99.57,22.98],[98.94,23.24],[98.88,24.14],[97.65,23.94],[97.65,24.78],[98.67,25.81],[98.84,26.58],[98.74,27.48],[98.16,28.19],[98.87,28.32],[99.4,29.47],[99.7,28.32],[100.68,29.73],[101.87,33.52],[101.2,33.78],[101.69,34.1],[101.07,34.29],[100.92,34.74],[102.03,34.61],[101.71,35.0],[102.92,36.35],[102.1,37.77],[101.7,37.58],[99.9,38.87],[100.61,39.77],[102.09,38.87],[103.12,39.06],[102.79,38.48],[103.76,37.84],[106.16,37.96],[108.25,42.5],[110.28,42.69],[111.89,43.67],[112.07,44.39],[115.88,45.56],[116.72,46.35],[119.8,46.68],[119.75,47.2],[118.48,47.99],[117.31,47.73],[115.42,47.99],[116.68,49.78],[117.83,49.52],[119.28,50.11],[119.65,51.11],[120.67,52.05],[120.53,52.59],[119.9,52.65],[121.58,53.39],[121.12,54.14],[123.23,54.82],[124.02,56.18],[125.78,55.57],[129.71,55.29],[130.84,55.63],[130.6,54.89],[130.94,54.0],[131.76,53.87],[131.81,53.39],[138.1,53.73],[138.73,54.34]]]]}},{"type":"Feature","properties":{"n":"New France","f":1691,"t":1695,"w":"Q170604"},"geometry":{"type":"MultiPolygon","coordinates":[[[[-73.92,18.03],[-74.44,18.61],[-72.3,18.61],[-72.79,19.51],[-73.41,19.64],[-72.64,19.96],[-72.1,19.83],[-72.51,19.57],[-72.0,18.54],[-72.18,18.22],[-73.92,18.03]]],[[[-91.71,33.97],[-91.43,33.65],[-91.84,33.71],[-91.71,33.97]]],[[[-89.72,41.0],[-89.5,40.74],[-89.78,40.68],[-89.72,41.0]]],[[[-78.52,42.95],[-78.62,42.82],[-79.09,43.28],[-78.52,42.95]]],[[[-90.67,43.15],[-91.07,43.15],[-91.02,43.47],[-90.67,43.15]]],[[[-88.01,44.39],[-88.32,44.65],[-88.16,44.78],[-87.76,44.52],[-88.01,44.39]]],[[[-84.39,45.43],[-84.74,45.76],[-84.14,45.56],[-84.39,45.43]]],[[[-72.43,46.41],[-73.62,45.69],[-73.3,45.24],[-74.77,45.24],[-75.77,44.19],[-76.71,44.45],[-75.36,45.76],[-73.1,46.74],[-71.15,47.27],[-70.56,47.07],[-69.24,48.19],[-69.85,47.14],[-72.43,46.41]]],[[[-84.76,46.48],[-84.47,46.41],[-84.81,46.28],[-84.76,46.48]]],[[[-79.16,47.73],[-78.92,47.47],[-79.21,47.4],[-79.16,47.73]]],[[[-79.53,47.66],[-79.57,47.73],[-79.49,47.73],[-79.53,47.66]]],[[[-80.76,51.25],[-80.8,51.05],[-81.35,51.11],[-81.36,51.38],[-80.76,51.25]]],[[[-87.08,52.25],[-86.8,51.98],[-87.09,51.92],[-87.08,52.25]]],[[[-81.9,52.52],[-81.59,52.32],[-82.18,52.18],[-81.9,52.52]]],[[[-54.27,5.24],[-54.06,5.75],[-52.89,5.49],[-51.71,4.53],[-51.77,3.95],[-54.27,5.24]]],[[[-3.18,5.3],[-3.18,5.11],[-3.69,5.11],[-3.18,5.3]]],[[[-61.57,12.24],[-61.55,11.99],[-61.78,12.05],[-61.57,12.24]]],[[[-60.8,13.72],[-60.94,13.66],[-61.04,14.04],[-60.8,13.72]]],[[[-61.08,14.49],[-61.19,14.88],[-60.81,14.75],[-60.78,14.43],[-61.08,14.49]]],[[[-17.16,14.62],[-17.45,14.69],[-17.39,14.88],[-17.16,14.62]]],[[[-16.24,15.78],[-16.6,15.65],[-16.47,16.16],[-16.24,15.78]]],[[[-61.35,16.49],[-61.17,16.23],[-61.58,15.91],[-61.77,16.29],[-61.35,16.49]]],[[[-64.67,17.84],[-64.58,17.71],[-64.87,17.64],[-64.67,17.84]]],[[[-64.65,44.97],[-65.49,44.52],[-65.67,44.91],[-64.63,45.3],[-66.35,45.5],[-64.56,46.22],[-64.13,45.63],[-63.09,45.3],[-64.07,44.78],[-64.65,44.97]]],[[[-56.44,46.94],[-56.49,47.07],[-56.27,47.14],[-56.44,46.94]]],[[[-53.67,47.2],[-54.08,47.2],[-54.02,47.66],[-53.67,47.2]]],[[[-53.72,47.53],[-53.75,47.6],[-53.67,47.6],[-53.72,47.53]]]]}},{"type":"Feature","properties":{"n":"Kingdom of Mysore","f":1691,"t":1708,"w":"Q266923"},"geometry":{"type":"Polygon","coordinates":[[[75.76,13.64],[77.16,14.67],[77.6,14.6],[78.32,13.09],[77.55,12.31],[77.87,11.56],[77.32,10.47],[76.92,10.43],[76.02,12.65],[75.01,12.51],[74.69,13.66],[75.76,13.64]]]}},{"type":"Feature","properties":{"n":"New Netherland","f":1691,"t":1701,"w":"Q382593"},"geometry":{"type":"MultiPolygon","coordinates":[[[[-54.21,5.94],[-54.05,5.49],[-55.87,5.17],[-56.31,5.56],[-57.77,5.43],[-58.73,6.14],[-58.61,6.84],[-58.24,6.91],[-57.12,5.94],[-54.21,5.94]]],[[[-69.12,12.37],[-68.66,11.99],[-68.95,12.05],[-69.12,12.37]]],[[[-68.15,12.05],[-68.29,12.05],[-68.39,12.31],[-68.15,12.05]]],[[[-70.02,12.56],[-69.79,12.44],[-69.93,12.37],[-70.02,12.56]]]]}},{"type":"Feature","properties":{"n":"Holy Roman Empire Minor States","f":1691,"t":1695,"w":"Q12548"},"geometry":{"type":"MultiPolygon","coordinates":[[[[8.03,44.06],[8.11,44.52],[8.59,44.71],[8.03,44.06]]],[[[7.94,44.65],[7.78,44.45],[7.7,44.84],[7.94,44.65]]],[[[8.75,44.91],[8.51,44.91],[8.59,45.04],[8.75,44.91]]],[[[6.83,47.14],[7.08,46.94],[6.51,46.87],[6.83,47.14]]],[[[6.98,47.6],[6.99,47.47],[6.82,47.6],[6.98,47.6]]],[[[7.55,47.93],[7.89,47.66],[7.56,47.53],[7.55,47.93]]],[[[8.46,53.94],[8.81,53.87],[8.72,53.66],[8.46,53.94]]],[[[9.4,54.82],[9.58,54.55],[8.8,54.14],[8.71,54.61],[9.4,54.82]]],[[[9.75,55.57],[8.53,54.89],[8.79,55.77],[9.75,55.57]]],[[[9.4,44.45],[9.23,45.1],[10.45,45.04],[10.62,45.43],[11.35,44.97],[10.78,43.93],[9.4,44.45]]],[[[9.54,47.2],[9.63,47.14],[9.46,47.14],[9.54,47.2]]],[[[13.0,47.53],[13.18,48.06],[13.74,47.07],[12.18,47.07],[12.51,47.66],[13.0,47.53]]],[[[13.36,48.99],[14.1,48.65],[13.85,48.46],[13.27,48.59],[13.36,48.99]]],[[[12.8,50.65],[12.63,50.65],[12.55,50.91],[12.8,50.65]]],[[[8.11,48.99],[6.69,49.18],[7.1,49.52],[6.35,49.58],[6.58,50.11],[6.07,50.25],[6.4,50.51],[6.07,50.45],[5.97,50.98],[5.22,50.71],[5.77,51.78],[6.88,51.45],[6.45,51.85],[6.95,52.25],[6.68,52.65],[7.18,53.33],[6.91,53.6],[7.94,53.73],[7.61,53.12],[8.13,52.79],[8.64,53.12],[8.82,52.79],[10.79,54.27],[11.48,53.8],[11.4,54.14],[12.44,54.41],[13.12,53.66],[13.55,53.8],[13.2,53.33],[11.74,53.6],[11.13,53.33],[11.39,53.06],[10.79,52.99],[10.96,52.45],[10.53,52.12],[10.87,51.65],[11.38,51.78],[11.29,51.45],[10.1,51.18],[11.88,50.98],[12.05,51.31],[12.55,50.91],[11.79,50.85],[12.21,50.78],[12.12,50.18],[11.2,49.78],[11.28,49.12],[10.94,48.85],[10.03,49.12],[10.53,48.26],[10.12,48.06],[10.53,48.19],[10.69,47.73],[10.37,47.33],[9.04,47.73],[9.29,47.99],[8.22,47.66],[8.21,47.99],[8.21,48.26],[7.71,48.32],[8.11,48.99]],[[8.46,47.99],[8.38,48.13],[8.21,47.99],[8.46,47.99]],[[10.44,51.65],[10.44,51.45],[10.78,51.45],[10.44,51.65]],[[10.2,48.46],[10.11,48.46],[10.11,48.32],[10.2,48.46]],[[9.95,48.46],[9.45,48.46],[9.45,48.19],[9.95,48.46]],[[9.54,47.86],[9.54,47.99],[9.37,47.93],[9.54,47.86]],[[9.37,48.26],[9.37,48.46],[9.2,48.32],[9.37,48.26]],[[8.71,48.19],[8.79,48.32],[8.54,48.32],[8.71,48.19]],[[9.04,48.19],[9.04,48.26],[8.87,48.32],[9.04,48.19]],[[7.98,51.98],[8.91,52.12],[8.91,52.52],[8.14,52.59],[7.98,51.98]],[[8.71,47.99],[8.63,47.99],[8.79,47.86],[8.71,47.99]],[[8.62,48.65],[8.53,48.59],[8.62,48.52],[8.62,48.65]],[[8.45,48.39],[8.21,48.39],[8.29,48.32],[8.45,48.39]],[[8.29,48.59],[8.37,48.46],[8.45,48.59],[8.29,48.59]],[[7.55,52.12],[7.8,52.12],[7.8,52.45],[7.28,52.59],[7.55,52.12]],[[7.05,51.58],[7.06,51.31],[7.57,51.25],[7.56,51.65],[7.05,51.58]]],[[[11.71,51.31],[11.46,51.51],[12.4,51.85],[11.71,51.31]]],[[[9.93,54.55],[10.19,54.55],[10.1,54.21],[9.75,54.14],[9.93,54.55]]]]}},{"type":"Feature","properties":{"n":"Small Horde","f":1691,"t":1733,"w":"Q631210"},"geometry":{"type":"Polygon","coordinates":[[[42.42,46.15],[41.91,45.17],[39.95,44.65],[36.78,45.1],[36.75,45.43],[37.7,45.3],[37.59,45.63],[38.37,46.35],[37.84,46.61],[39.48,47.07],[39.39,47.47],[41.89,46.81],[42.42,46.15]]]}},{"type":"Feature","properties":{"n":"Golden Horde","f":1691,"t":1695,"w":"Q79965"},"geometry":{"type":"Polygon","coordinates":[[[115.42,47.99],[117.31,47.73],[118.48,47.99],[119.75,47.2],[119.8,46.68],[116.72,46.35],[115.88,45.56],[112.07,44.39],[111.89,43.67],[110.28,42.69],[108.25,42.5],[108.01,44.78],[108.91,45.89],[108.97,46.94],[108.39,47.47],[108.85,48.19],[108.59,49.32],[112.73,49.52],[114.01,50.25],[116.57,49.85],[115.42,47.99]]]}},{"type":"Feature","properties":{"n":"House of Savoy","f":1691,"t":1695,"w":"Q200229"},"geometry":{"type":"MultiPolygon","coordinates":[[[[8.83,44.65],[8.35,44.71],[8.03,44.12],[7.07,43.73],[7.53,44.91],[6.78,45.82],[8.33,45.76],[8.83,44.65]],[[7.7,44.84],[7.78,44.45],[7.94,44.65],[7.7,44.84]]],[[[10.45,45.17],[10.45,45.04],[10.05,45.1],[10.45,45.17]]],[[[6.05,45.5],[6.05,45.63],[6.21,45.63],[6.05,45.5]]]]}},{"type":"Feature","properties":{"n":"Dutch Cape Coast","f":1691,"t":1695,"w":"Q221283"},"geometry":{"type":"MultiPolygon","coordinates":[[[[19.42,-34.82],[18.55,-34.11],[18.17,-34.36],[17.9,-33.14],[19.36,-33.34],[20.49,-34.49],[19.42,-34.82]]],[[[-1.87,4.79],[-1.87,4.72],[-1.94,4.72],[-1.87,4.79]]],[[[-1.94,4.79],[-2.16,4.91],[-2.16,5.04],[-1.94,4.79]]],[[[-2.31,4.85],[-2.6,4.98],[-2.3,5.17],[-2.31,4.85]]],[[[-1.57,5.3],[-1.21,5.36],[-1.21,5.11],[-1.79,5.11],[-1.57,5.3]]],[[[-1.06,5.17],[-1.06,5.43],[-0.92,5.43],[-1.06,5.17]]],[[[-0.48,5.62],[-0.48,5.56],[-0.55,5.56],[-0.48,5.62]]],[[[-0.19,5.49],[-0.48,5.36],[-0.4,5.81],[-0.19,5.49]]]]}},{"type":"Feature","properties":{"n":"Sultanate of Johor","f":1691,"t":1726,"w":"Q1150344"},"geometry":{"type":"MultiPolygon","coordinates":[[[[104.92,-0.23],[104.41,-0.29],[104.42,-0.68],[104.13,-0.61],[104.34,0.03],[104.92,-0.23]]],[[[102.41,1.57],[102.39,1.12],[103.11,0.93],[102.95,0.41],[103.74,0.16],[103.33,-0.74],[102.68,-1.06],[101.66,-1.0],[100.78,-0.42],[100.61,0.22],[99.89,0.48],[99.85,1.31],[100.37,1.57],[100.18,2.47],[101.7,2.09],[101.82,1.57],[102.41,1.57]]],[[[103.4,0.86],[103.39,0.67],[103.18,0.67],[103.4,0.86]]],[[[104.57,1.12],[104.49,0.8],[104.13,0.93],[104.57,1.12]]],[[[103.92,1.25],[104.06,0.99],[103.77,0.93],[103.92,1.25]]],[[[104.21,2.86],[104.2,2.73],[103.98,2.73],[104.21,2.86]]],[[[104.22,1.38],[103.27,1.31],[102.42,1.96],[102.67,2.73],[101.89,3.18],[101.43,4.27],[101.69,4.98],[102.49,5.04],[102.4,6.01],[103.17,5.36],[103.4,2.86],[104.22,1.38]]],[[[107.98,4.14],[108.34,4.08],[108.25,3.63],[107.98,4.14]]]]}},{"type":"Feature","properties":{"n":"Dzungar Khanate","f":1691,"t":1695,"w":"Q1923401"},"geometry":{"type":"Polygon","coordinates":[[[106.51,38.22],[104.54,37.64],[102.79,38.48],[103.12,39.06],[102.09,38.87],[100.61,39.77],[101.07,40.94],[97.26,41.78],[95.76,42.82],[92.59,39.26],[90.95,38.67],[90.94,38.03],[91.53,37.51],[90.94,36.93],[91.36,36.8],[91.25,36.48],[88.67,36.67],[86.8,36.42],[85.89,35.77],[82.35,35.84],[81.67,35.39],[80.15,35.45],[79.44,35.97],[77.98,35.45],[76.09,35.9],[75.96,36.55],[75.31,37.0],[73.69,37.06],[73.79,39.0],[73.4,39.51],[73.85,40.68],[73.38,42.11],[74.33,43.41],[74.01,44.71],[74.32,45.96],[75.45,46.55],[78.97,46.35],[80.55,48.26],[83.84,48.72],[85.22,49.65],[86.78,49.58],[87.53,49.12],[89.61,49.71],[89.48,50.25],[90.09,50.58],[89.08,51.31],[90.25,51.85],[92.84,51.78],[94.43,53.06],[96.6,53.6],[97.81,52.99],[98.76,52.99],[98.68,52.38],[99.39,51.92],[101.91,51.51],[102.3,50.58],[102.88,50.31],[106.46,50.38],[108.63,49.38],[108.85,48.19],[108.39,47.47],[108.97,46.94],[108.91,45.89],[108.01,44.78],[108.29,43.15],[106.51,38.22]]]}},{"type":"Feature","properties":{"n":"Kingdom of Spain","f":1691,"t":1695,"w":"Q29"},"geometry":{"type":"MultiPolygon","coordinates":[[[[1.27,38.8],[1.18,39.06],[1.65,39.13],[1.27,38.8]]],[[[3.52,39.77],[3.3,39.32],[2.35,39.45],[2.88,39.97],[3.52,39.77]]],[[[-1.69,43.34],[0.04,42.69],[1.07,42.82],[2.56,41.91],[2.11,41.33],[0.7,40.94],[-0.2,39.97],[-0.31,39.13],[0.1,38.74],[-0.66,38.29],[-0.7,37.64],[-1.71,37.45],[-2.06,36.8],[-4.47,36.74],[-5.66,36.03],[-6.43,37.0],[-7.39,37.25],[-7.5,37.71],[-6.99,38.09],[-7.27,38.67],[-6.99,39.0],[-7.44,39.64],[-6.9,39.77],[-6.93,41.0],[-6.27,41.65],[-6.7,41.98],[-8.93,41.91],[-8.66,42.37],[-9.3,43.15],[-8.24,43.73],[-1.69,43.34]]],[[[4.22,40.1],[4.3,39.84],[3.83,39.9],[4.22,40.1]]],[[[9.23,45.1],[9.4,44.45],[8.34,45.1],[8.58,45.56],[7.92,45.96],[8.32,46.41],[8.9,45.89],[9.39,46.22],[9.31,45.69],[10.05,45.24],[9.23,45.1]]],[[[4.15,49.98],[4.28,50.85],[2.6,50.85],[2.49,51.18],[5.02,51.45],[5.37,51.25],[5.22,50.71],[4.15,49.98]]],[[[15.94,41.39],[17.98,40.61],[18.35,39.9],[17.35,40.55],[16.62,40.29],[16.45,39.64],[17.14,39.06],[15.93,37.96],[15.39,38.16],[15.05,36.74],[12.49,37.71],[12.65,38.09],[14.6,38.03],[15.86,38.29],[16.27,38.74],[15.75,40.03],[13.79,41.13],[13.96,41.72],[13.01,42.04],[12.86,42.5],[13.99,42.95],[14.37,42.24],[16.12,41.91],[15.94,41.39]]],[[[9.59,39.13],[8.34,39.0],[8.15,40.94],[9.5,41.2],[9.82,40.36],[9.59,39.13]]],[[[11.18,42.5],[11.18,42.56],[11.34,42.63],[11.18,42.5]]],[[[10.13,42.89],[10.46,42.89],[10.46,42.69],[10.13,42.89]]],[[[10.86,43.08],[10.94,42.89],[10.7,42.95],[10.86,43.08]]]]}},{"type":"Feature","properties":{"n":"Dutch Republic","f":1691,"t":1699,"w":"Q170072"},"geometry":{"type":"MultiPolygon","coordinates":[[[[57.7,-20.35],[57.19,-20.54],[57.18,-20.35],[57.45,-19.96],[57.7,-20.35]]],[[[80.38,7.36],[80.28,6.84],[80.89,5.94],[79.95,6.14],[79.72,7.29],[80.38,7.36]]],[[[81.69,7.29],[81.43,7.81],[81.65,7.87],[81.69,7.29]]],[[[79.67,7.68],[79.77,8.19],[79.92,8.19],[79.67,7.68]]],[[[81.09,8.32],[81.04,8.58],[81.26,8.64],[81.09,8.32]]],[[[79.88,9.86],[80.45,9.74],[81.06,8.9],[79.79,8.58],[79.88,9.86]]],[[[76.23,9.93],[76.45,9.99],[76.56,9.41],[76.26,9.35],[76.23,9.93]]],[[[75.78,10.96],[75.59,11.34],[75.81,11.41],[75.78,10.96]]],[[[75.29,12.31],[75.41,11.92],[75.27,11.92],[75.29,12.31]]],[[[80.21,12.44],[80.0,12.5],[80.09,12.76],[80.21,12.44]]],[[[80.38,13.46],[80.41,13.08],[80.2,13.14],[80.38,13.46]]],[[[88.6,22.85],[88.37,22.79],[88.46,22.91],[88.6,22.85]]],[[[5.04,44.19],[4.8,44.12],[4.88,44.25],[5.04,44.19]]],[[[5.72,50.78],[5.71,51.05],[5.97,50.98],[5.72,50.78]]],[[[5.78,51.38],[5.37,51.25],[3.41,51.45],[3.75,51.45],[3.4,51.65],[4.22,52.18],[4.69,53.19],[5.06,52.65],[5.54,53.39],[7.18,53.26],[6.68,52.65],[6.94,52.38],[6.7,51.92],[5.77,51.78],[5.78,51.38]]],[[[123.74,-9.36],[124.26,-9.49],[124.65,-8.91],[125.02,-9.04],[124.61,-10.06],[123.17,-10.39],[123.74,-9.36]]],[[[118.9,-8.26],[119.08,-8.78],[118.5,-8.84],[118.54,-8.33],[118.9,-8.26]]],[[[122.79,-8.59],[122.78,-8.46],[123.78,-8.2],[123.52,-8.59],[122.79,-8.59]]],[[[124.97,-8.46],[123.8,-8.46],[124.0,-8.2],[125.02,-8.2],[124.97,-8.46]]],[[[125.67,-8.01],[125.71,-7.69],[126.51,-7.56],[126.4,-8.01],[125.67,-8.01]]],[[[111.38,-7.24],[108.24,-7.11],[107.99,-7.81],[106.28,-7.43],[106.6,-6.53],[106.35,-5.95],[108.26,-6.27],[108.87,-6.79],[110.34,-6.91],[110.6,-6.4],[111.2,-6.66],[111.38,-7.24]]],[[[121.99,-5.37],[121.77,-5.44],[121.68,-5.11],[121.99,-5.37]]],[[[119.47,-4.54],[119.65,-5.31],[120.32,-5.56],[119.53,-5.76],[119.47,-4.54]]],[[[123.03,-4.41],[123.12,-4.73],[122.81,-5.69],[122.14,-5.44],[122.18,-4.79],[123.03,-4.41]]],[[[126.36,-3.83],[125.89,-3.12],[126.83,-3.06],[127.21,-3.44],[126.36,-3.83]]],[[[126.01,-2.48],[125.26,-1.77],[126.14,-1.77],[126.01,-2.48]]],[[[125.11,-1.71],[125.19,-1.9],[124.25,-2.03],[124.24,-1.64],[125.11,-1.71]]],[[[101.42,-3.12],[100.2,-0.87],[98.95,0.41],[99.67,0.29],[100.56,-0.74],[101.42,-3.12]]],[[[124.96,1.25],[124.61,1.51],[125.12,1.7],[124.96,1.25]]],[[[102.1,3.05],[102.67,2.73],[102.42,2.02],[101.71,2.47],[102.1,3.05]]],[[[130.95,-8.33],[130.59,-8.39],[130.86,-8.14],[130.95,-8.33]]],[[[127.66,-8.26],[127.64,-8.07],[127.79,-8.07],[127.66,-8.26]]],[[[129.76,-8.07],[129.46,-8.01],[129.44,-7.75],[129.76,-8.07]]],[[[131.0,-8.07],[130.97,-7.69],[131.58,-7.11],[131.0,-8.07]]],[[[130.81,-7.56],[130.87,-7.36],[131.02,-7.36],[130.81,-7.56]]],[[[128.38,-7.24],[128.37,-7.11],[128.59,-7.04],[128.38,-7.24]]],[[[134.53,-5.44],[134.68,-6.59],[133.97,-6.91],[134.18,-5.63],[134.53,-5.44]]],[[[132.52,-5.95],[132.5,-5.69],[132.95,-5.76],[132.52,-5.95]]],[[[133.07,-5.44],[133.01,-5.63],[132.86,-5.5],[133.07,-5.44]]],[[[128.24,-3.51],[128.25,-3.7],[127.81,-3.83],[128.24,-3.51]]],[[[128.38,-3.51],[127.71,-3.19],[128.28,-2.8],[129.66,-2.8],[130.55,-3.12],[130.73,-3.89],[129.76,-3.38],[128.38,-3.51]]],[[[130.22,-2.09],[129.64,-1.96],[129.7,-1.77],[130.06,-1.64],[130.22,-2.09]]],[[[128.02,-1.51],[128.03,-1.77],[127.3,-1.77],[127.22,-1.45],[128.02,-1.51]]]]}},{"type":"Feature","properties":{"n":"(Holy Roman Empire)","f":1691,"t":1695,"w":"Q12548"},"geometry":{"type":"MultiPolygon","coordinates":[[[[8.03,44.06],[8.11,44.52],[8.59,44.71],[8.03,44.06]]],[[[7.94,44.65],[7.78,44.45],[7.7,44.84],[7.94,44.65]]],[[[8.75,44.91],[8.51,44.91],[8.59,45.04],[8.75,44.91]]],[[[6.83,47.14],[7.08,46.94],[6.51,46.87],[6.83,47.14]]],[[[6.98,47.6],[6.99,47.47],[6.82,47.6],[6.98,47.6]]],[[[7.55,47.93],[7.89,47.66],[7.56,47.53],[7.55,47.93]]],[[[8.46,53.94],[8.81,53.87],[8.72,53.66],[8.46,53.94]]],[[[9.4,54.82],[9.58,54.55],[8.8,54.14],[8.71,54.61],[9.4,54.82]]],[[[9.75,55.57],[8.53,54.89],[8.79,55.77],[9.75,55.57]]],[[[9.4,44.45],[9.23,45.1],[10.45,45.04],[10.62,45.43],[11.35,44.97],[10.78,43.93],[9.4,44.45]]],[[[9.54,47.2],[9.63,47.14],[9.46,47.14],[9.54,47.2]]],[[[13.0,47.53],[13.18,48.06],[13.74,47.07],[12.18,47.07],[12.51,47.66],[13.0,47.53]]],[[[13.36,48.99],[14.1,48.65],[13.85,48.46],[13.27,48.59],[13.36,48.99]]],[[[12.8,50.65],[12.63,50.65],[12.55,50.91],[12.8,50.65]]],[[[8.11,48.99],[6.69,49.18],[7.1,49.52],[6.35,49.58],[6.58,50.11],[6.07,50.25],[6.4,50.51],[6.07,50.45],[5.97,50.98],[5.22,50.71],[5.77,51.78],[6.88,51.45],[6.45,51.85],[6.95,52.25],[6.68,52.65],[7.18,53.33],[6.91,53.6],[7.94,53.73],[7.61,53.12],[8.13,52.79],[8.64,53.12],[8.82,52.79],[10.79,54.27],[11.48,53.8],[11.4,54.14],[12.44,54.41],[13.12,53.66],[13.55,53.8],[13.2,53.33],[11.74,53.6],[11.13,53.33],[11.39,53.06],[10.79,52.99],[10.96,52.45],[10.53,52.12],[10.87,51.65],[11.38,51.78],[11.29,51.45],[10.1,51.18],[11.88,50.98],[12.05,51.31],[12.55,50.91],[11.79,50.85],[12.21,50.78],[12.12,50.18],[11.2,49.78],[11.28,49.12],[10.94,48.85],[10.03,49.12],[10.53,48.26],[10.12,48.06],[10.53,48.19],[10.69,47.73],[10.37,47.33],[9.04,47.73],[9.29,47.99],[8.22,47.66],[8.21,47.99],[8.21,48.26],[7.71,48.32],[8.11,48.99]],[[8.46,47.99],[8.38,48.13],[8.21,47.99],[8.46,47.99]],[[10.44,51.65],[10.44,51.45],[10.78,51.45],[10.44,51.65]],[[10.2,48.46],[10.11,48.46],[10.11,48.32],[10.2,48.46]],[[9.95,48.46],[9.45,48.46],[9.45,48.19],[9.95,48.46]],[[9.54,47.86],[9.54,47.99],[9.37,47.93],[9.54,47.86]],[[9.37,48.26],[9.37,48.46],[9.2,48.32],[9.37,48.26]],[[8.71,48.19],[8.79,48.32],[8.54,48.32],[8.71,48.19]],[[9.04,48.19],[9.04,48.26],[8.87,48.32],[9.04,48.19]],[[7.98,51.98],[8.91,52.12],[8.91,52.52],[8.14,52.59],[7.98,51.98]],[[8.71,47.99],[8.63,47.99],[8.79,47.86],[8.71,47.99]],[[8.62,48.65],[8.53,48.59],[8.62,48.52],[8.62,48.65]],[[8.45,48.39],[8.21,48.39],[8.29,48.32],[8.45,48.39]],[[8.29,48.59],[8.37,48.46],[8.45,48.59],[8.29,48.59]],[[7.55,52.12],[7.8,52.12],[7.8,52.45],[7.28,52.59],[7.55,52.12]],[[7.05,51.58],[7.06,51.31],[7.57,51.25],[7.56,51.65],[7.05,51.58]]],[[[11.71,51.31],[11.46,51.51],[12.4,51.85],[11.71,51.31]]],[[[9.93,54.55],[10.19,54.55],[10.1,54.21],[9.75,54.14],[9.93,54.55]]]]}},{"type":"Feature","properties":{"n":"(Kingdom of France)","f":1691,"t":1695,"w":"Q207162"},"geometry":{"type":"MultiPolygon","coordinates":[[[[-61.57,12.24],[-61.55,11.99],[-61.78,12.05],[-61.57,12.24]]],[[[-61.08,14.49],[-61.19,14.88],[-60.81,14.75],[-60.78,14.43],[-61.08,14.49]]],[[[-61.35,16.49],[-61.17,16.23],[-61.58,15.91],[-61.77,16.29],[-61.35,16.49]]],[[[-64.67,17.84],[-64.58,17.71],[-64.87,17.64],[-64.67,17.84]]],[[[-73.92,18.03],[-74.44,18.61],[-72.3,18.61],[-73.43,19.83],[-72.1,19.83],[-72.51,19.57],[-72.0,18.54],[-72.18,18.22],[-73.92,18.03]]],[[[-91.71,33.97],[-91.43,33.65],[-91.84,33.71],[-91.71,33.97]]],[[[-89.72,41.0],[-89.5,40.74],[-89.78,40.68],[-89.72,41.0]]],[[[-78.52,42.95],[-78.62,42.82],[-79.09,43.28],[-78.52,42.95]]],[[[-90.92,43.02],[-91.19,43.34],[-91.02,43.47],[-90.67,43.15],[-90.92,43.02]]],[[[-88.01,44.39],[-88.32,44.65],[-88.16,44.78],[-88.01,44.39]]],[[[-64.65,44.97],[-65.49,44.52],[-65.67,44.91],[-64.63,45.3],[-66.35,45.5],[-64.56,46.22],[-64.13,45.63],[-63.09,45.3],[-64.07,44.78],[-64.65,44.97]]],[[[-84.63,45.56],[-84.74,45.76],[-84.1,45.5],[-84.63,45.56]]],[[[-72.43,46.41],[-73.62,45.69],[-73.3,45.24],[-74.77,45.24],[-75.77,44.19],[-76.71,44.45],[-75.36,45.76],[-73.1,46.74],[-71.15,47.27],[-70.56,47.07],[-69.24,48.19],[-69.85,47.14],[-72.43,46.41]]],[[[-84.76,46.48],[-84.47,46.41],[-84.81,46.28],[-84.76,46.48]]],[[[-78.92,47.47],[-79.45,47.66],[-79.16,47.73],[-78.92,47.47]]],[[[-79.53,47.66],[-79.57,47.73],[-79.49,47.73],[-79.53,47.66]]],[[[-64.59,49.98],[-63.1,49.85],[-61.73,49.12],[-63.1,49.18],[-64.59,49.98]]],[[[-80.76,51.25],[-80.8,51.05],[-81.35,51.11],[-81.36,51.38],[-80.76,51.25]]],[[[-86.8,51.98],[-87.37,52.18],[-87.08,52.25],[-86.8,51.98]]],[[[-81.59,52.32],[-82.32,52.38],[-82.24,52.52],[-81.59,52.32]]],[[[55.59,-20.86],[55.77,-21.31],[55.41,-21.44],[55.1,-21.25],[55.59,-20.86]]],[[[49.76,-16.75],[49.9,-16.75],[49.92,-16.94],[49.76,-16.75]]],[[[49.25,-18.16],[49.32,-15.59],[49.82,-15.27],[50.15,-15.98],[49.68,-15.46],[49.25,-18.16]]],[[[49.81,-15.21],[49.89,-15.21],[49.89,-15.27],[49.81,-15.21]]],[[[44.94,-13.02],[44.93,-12.7],[45.15,-12.76],[44.94,-13.02]]],[[[43.52,-12.38],[43.52,-12.25],[43.74,-12.25],[43.52,-12.38]]],[[[44.33,-12.44],[44.18,-12.19],[44.47,-12.19],[44.33,-12.44]]],[[[43.36,-11.93],[43.06,-11.61],[43.34,-11.35],[43.36,-11.93]]],[[[-54.27,5.24],[-54.06,5.75],[-52.89,5.49],[-51.71,4.53],[-51.77,3.95],[-54.27,5.24]]],[[[-3.18,5.3],[-3.18,5.11],[-3.69,5.11],[-3.18,5.3]]],[[[79.87,11.79],[79.72,11.79],[79.81,11.92],[79.87,11.79]]],[[[-60.8,13.72],[-60.94,13.66],[-61.04,14.04],[-60.8,13.72]]],[[[-17.16,14.62],[-17.45,14.69],[-17.39,14.88],[-17.16,14.62]]],[[[-16.6,15.65],[-16.47,16.16],[-16.25,16.1],[-16.6,15.65]]],[[[88.34,22.59],[88.44,22.79],[88.52,22.79],[88.34,22.59]]],[[[6.4,50.51],[6.07,50.25],[6.58,50.11],[6.35,49.58],[7.1,49.52],[6.69,49.18],[8.11,48.99],[7.56,47.6],[6.82,47.6],[6.99,47.27],[6.03,46.22],[6.85,46.28],[7.46,44.39],[7.15,43.67],[6.28,43.15],[4.17,43.6],[2.98,43.15],[3.12,41.91],[2.49,41.59],[2.46,42.24],[1.73,42.63],[-1.43,43.08],[-1.69,43.41],[-1.03,45.5],[-1.25,46.28],[-2.01,46.61],[-2.58,47.47],[-4.42,47.8],[-4.89,48.32],[-4.6,48.72],[-3.46,48.92],[-1.6,48.65],[-2.03,49.78],[0.01,49.38],[0.22,49.85],[1.45,50.25],[1.66,51.05],[4.28,50.85],[4.15,49.98],[4.66,50.05],[5.05,50.71],[6.4,50.51]],[[6.05,45.5],[6.22,45.5],[6.21,45.63],[6.05,45.5]]],[[[-56.44,46.94],[-56.49,47.07],[-56.27,47.14],[-56.44,46.94]]],[[[-53.67,47.2],[-54.08,47.2],[-54.02,47.66],[-53.67,47.2]]],[[[-53.75,47.6],[-53.67,47.6],[-53.64,47.53],[-53.75,47.6]]]]}},{"type":"Feature","properties":{"n":"(Habsburg Monarchy)","f":1691,"t":1695,"w":"Q66504140"},"geometry":{"type":"MultiPolygon","coordinates":[[[[7.63,48.32],[8.21,48.26],[8.06,47.33],[7.56,47.53],[7.89,47.66],[7.63,48.32]]],[[[8.71,47.93],[8.79,47.86],[8.63,47.86],[8.71,47.93]]],[[[8.21,47.99],[8.21,48.13],[8.38,48.13],[8.21,47.99]]],[[[8.71,48.19],[8.54,48.26],[8.54,48.32],[8.71,48.19]]],[[[8.87,48.32],[9.04,48.26],[9.04,48.19],[8.87,48.32]]],[[[8.21,48.39],[8.45,48.39],[8.29,48.32],[8.21,48.39]]],[[[8.37,48.46],[8.29,48.59],[8.45,48.59],[8.37,48.46]]],[[[7.79,48.52],[7.79,48.59],[7.95,48.59],[7.79,48.52]]],[[[8.62,48.65],[8.7,48.52],[8.62,48.52],[8.62,48.65]]],[[[7.95,48.59],[7.95,48.65],[8.04,48.65],[8.04,48.59],[7.95,48.59]]],[[[8.12,48.65],[8.04,48.65],[8.03,48.72],[8.12,48.65]]],[[[9.29,47.99],[9.29,47.8],[8.88,47.73],[9.29,47.99]]],[[[9.54,47.99],[9.54,47.86],[9.37,47.93],[9.54,47.99]]],[[[10.36,47.99],[10.12,48.06],[10.2,48.26],[10.36,47.99]]],[[[9.95,48.46],[10.03,48.26],[9.45,48.19],[9.95,48.46]]],[[[9.37,48.46],[9.37,48.26],[9.2,48.32],[9.37,48.46]]],[[[21.66,48.59],[20.67,47.53],[21.21,46.87],[21.97,47.14],[22.48,46.28],[22.21,45.96],[19.94,46.15],[20.2,44.97],[19.36,46.02],[17.64,45.89],[16.3,45.04],[15.82,45.24],[15.8,44.71],[15.15,44.45],[14.6,45.37],[14.03,45.04],[13.79,45.24],[14.12,45.5],[13.31,45.82],[13.56,46.55],[12.09,46.68],[10.78,45.69],[10.45,45.82],[10.45,46.94],[9.54,47.2],[9.62,47.53],[12.51,47.66],[12.18,47.07],[13.74,47.07],[13.18,48.06],[14.1,48.65],[12.53,49.52],[12.12,50.25],[14.33,51.05],[15.0,50.91],[15.27,51.45],[14.85,51.58],[14.95,52.05],[15.65,52.32],[16.13,51.71],[17.32,51.71],[17.55,51.25],[19.03,50.58],[19.24,49.85],[18.88,49.45],[21.8,49.38],[22.44,49.05],[21.66,48.59]],[[20.29,49.25],[20.28,49.12],[20.45,49.18],[20.29,49.25]]],[[[10.11,48.46],[10.28,48.39],[10.28,48.32],[10.11,48.46]]]]}},{"type":"Feature","properties":{"n":"(Spanish Empire)","f":1691,"t":1695,"w":"Q80702"},"geometry":{"type":"MultiPolygon","coordinates":[[[[-73.65,-42.83],[-74.1,-42.76],[-74.03,-42.44],[-73.46,-42.24],[-73.65,-42.83]]],[[[-73.9,-40.17],[-73.37,-39.46],[-73.0,-39.72],[-73.9,-40.17]]],[[[-75.34,-10.77],[-75.27,-10.77],[-75.27,-10.84],[-75.34,-10.77]]],[[[-106.77,31.85],[-106.18,31.53],[-106.36,29.22],[-106.08,28.64],[-105.29,27.61],[-104.53,28.06],[-103.67,26.71],[-102.37,26.9],[-101.42,27.74],[-100.38,27.54],[-100.51,26.71],[-99.72,24.52],[-98.29,22.79],[-97.98,23.43],[-98.07,25.42],[-97.6,25.62],[-97.62,26.0],[-97.09,26.0],[-97.17,25.42],[-97.68,25.36],[-97.78,24.52],[-97.54,21.63],[-95.77,18.8],[-94.48,18.22],[-92.5,18.74],[-91.3,18.61],[-89.98,21.31],[-86.75,21.5],[-87.7,18.29],[-87.99,18.74],[-89.17,17.77],[-90.57,17.77],[-90.6,16.55],[-90.38,16.04],[-89.54,15.84],[-85.67,16.04],[-83.93,15.71],[-83.83,15.46],[-84.34,15.46],[-83.61,14.3],[-84.11,11.09],[-83.58,10.96],[-82.21,9.03],[-81.03,8.84],[-79.69,9.61],[-78.96,9.61],[-77.99,9.29],[-76.83,8.19],[-76.93,8.64],[-75.66,9.48],[-75.58,10.51],[-74.96,11.15],[-74.36,10.89],[-74.17,11.34],[-73.15,11.41],[-71.84,12.44],[-71.1,12.31],[-71.28,11.79],[-71.92,11.6],[-71.65,10.83],[-69.66,11.66],[-68.46,11.34],[-68.19,10.51],[-66.37,10.7],[-65.09,10.06],[-64.03,10.7],[-61.91,10.76],[-62.84,10.38],[-62.3,9.8],[-61.95,9.99],[-60.83,9.54],[-61.15,8.58],[-64.71,8.06],[-65.12,7.55],[-65.87,7.87],[-67.01,7.16],[-67.06,6.65],[-69.96,6.2],[-73.64,4.59],[-75.79,2.21],[-76.3,1.31],[-76.81,0.41],[-76.74,0.22],[-76.96,0.09],[-77.87,-3.25],[-77.85,-4.92],[-77.5,-6.85],[-76.34,-8.39],[-75.17,-11.35],[-73.87,-12.44],[-71.88,-13.15],[-70.67,-12.76],[-68.37,-13.28],[-65.67,-14.89],[-63.8,-15.34],[-62.59,-16.36],[-63.18,-20.61],[-64.19,-23.63],[-64.07,-24.79],[-63.27,-26.2],[-61.05,-26.78],[-59.61,-26.72],[-58.85,-26.27],[-57.5,-24.34],[-57.0,-24.47],[-58.43,-26.84],[-58.75,-30.32],[-58.27,-30.89],[-58.56,-32.76],[-58.25,-33.34],[-58.55,-34.49],[-60.52,-33.79],[-63.06,-34.62],[-67.38,-34.36],[-69.77,-34.88],[-70.48,-35.39],[-71.29,-36.88],[-71.25,-37.84],[-72.96,-37.39],[-73.34,-36.94],[-71.69,-32.89],[-71.94,-30.83],[-70.57,-25.17],[-70.53,-23.63],[-70.81,-23.5],[-70.18,-21.38],[-70.26,-19.84],[-70.44,-18.42],[-71.62,-17.33],[-75.22,-15.53],[-76.08,-14.69],[-76.46,-14.18],[-76.38,-13.41],[-77.8,-11.35],[-78.98,-8.46],[-79.98,-6.91],[-81.33,-6.14],[-81.01,-5.63],[-81.47,-4.41],[-80.05,-3.12],[-81.12,-2.29],[-81.03,-0.94],[-80.16,0.22],[-80.23,0.86],[-79.06,1.25],[-78.78,2.34],[-77.91,2.6],[-77.26,3.63],[-77.56,4.08],[-77.41,6.52],[-78.5,7.94],[-78.23,8.45],[-79.64,8.9],[-80.41,8.26],[-80.0,7.42],[-80.94,7.16],[-81.05,7.87],[-81.47,7.61],[-81.94,8.19],[-83.71,8.45],[-83.67,9.09],[-84.83,9.99],[-85.24,9.61],[-85.78,9.99],[-85.72,11.09],[-87.55,12.69],[-87.47,13.34],[-88.85,13.21],[-91.35,13.91],[-94.77,16.36],[-96.21,15.65],[-97.72,15.91],[-101.11,17.26],[-101.9,17.96],[-103.19,18.16],[-104.87,19.25],[-105.54,20.02],[-105.13,21.31],[-105.7,22.59],[-107.87,24.52],[-108.11,25.16],[-109.39,25.74],[-109.26,26.58],[-110.42,27.16],[-111.52,29.86],[-112.57,31.34],[-110.66,31.85],[-109.22,28.32],[-107.83,28.44],[-106.77,29.09],[-106.77,31.85]]],[[[-76.3,1.31],[-76.22,1.31],[-76.22,1.25],[-76.3,1.31]]],[[[-75.14,2.92],[-75.07,2.92],[-75.07,2.86],[-75.14,2.92]]],[[[-81.9,7.36],[-81.91,7.61],[-81.7,7.68],[-81.9,7.36]]],[[[-79.03,8.32],[-78.96,8.45],[-78.81,8.45],[-79.03,8.32]]],[[[-61.0,10.06],[-61.73,10.06],[-61.55,10.83],[-60.89,10.83],[-61.0,10.06]]],[[[-64.04,10.83],[-64.35,11.09],[-63.84,11.21],[-64.04,10.83]]],[[[-69.73,11.66],[-70.24,11.6],[-70.28,12.11],[-69.85,12.24],[-69.73,11.66]]],[[[-67.12,17.96],[-67.26,18.48],[-66.16,18.54],[-65.52,18.16],[-67.12,17.96]]],[[[-68.56,18.22],[-70.72,18.35],[-71.28,17.58],[-72.18,18.22],[-72.0,18.54],[-72.51,19.57],[-70.78,19.96],[-69.08,19.38],[-69.49,19.12],[-68.24,18.67],[-68.56,18.22]]],[[[-86.7,20.34],[-86.99,20.28],[-87.02,20.47],[-86.67,20.6],[-86.7,20.34]]],[[[-74.07,20.15],[-77.65,19.83],[-77.19,20.66],[-78.24,20.79],[-78.66,21.56],[-82.05,22.27],[-81.74,22.66],[-84.8,21.82],[-84.0,22.79],[-82.29,23.24],[-80.57,23.17],[-74.07,20.15]]],[[[-82.5,21.44],[-82.95,21.44],[-83.04,21.95],[-82.66,21.95],[-82.5,21.44]]],[[[-78.6,22.53],[-78.23,22.59],[-78.2,22.4],[-78.6,22.53]]],[[[-17.85,27.87],[-17.9,27.61],[-18.06,27.67],[-17.85,27.87]]],[[[-17.71,28.89],[-17.67,28.51],[-17.9,28.51],[-17.71,28.89]]],[[[-98.27,29.22],[-98.55,29.15],[-98.71,29.41],[-98.27,29.22]]],[[[-83.84,30.05],[-84.88,29.73],[-85.67,31.01],[-81.97,30.37],[-81.87,31.27],[-81.21,31.59],[-81.44,30.89],[-80.55,28.57],[-81.94,28.12],[-83.84,30.05]]],[[[120.0,10.51],[118.85,9.93],[118.73,10.19],[119.19,10.44],[119.34,11.15],[120.0,10.51]]],[[[119.85,11.79],[119.87,11.92],[120.09,11.92],[119.85,11.79]]],[[[119.84,12.31],[120.34,12.18],[120.32,11.99],[119.84,12.31]]],[[[-15.73,27.74],[-15.76,28.19],[-15.3,28.12],[-15.73,27.74]]],[[[-17.35,28.19],[-17.12,28.25],[-17.03,28.06],[-17.35,28.19]]],[[[-16.91,28.38],[-16.09,28.57],[-16.36,28.06],[-16.65,27.93],[-16.91,28.38]]],[[[-13.77,28.77],[-13.81,28.25],[-14.32,28.06],[-13.77,28.77]]],[[[-13.65,29.22],[-13.42,29.22],[-13.47,28.89],[-13.86,28.96],[-13.65,29.22]]],[[[-2.98,35.26],[-2.99,35.45],[-2.84,35.45],[-2.98,35.26]]],[[[-0.53,35.71],[-0.45,35.58],[-0.91,35.52],[-0.53,35.71]]],[[[-5.34,35.84],[-5.33,35.77],[-5.49,35.71],[-5.34,35.84]]],[[[1.65,39.13],[1.66,39.0],[1.27,38.8],[1.18,39.06],[1.65,39.13]]],[[[2.34,39.64],[2.88,39.97],[3.52,39.77],[3.3,39.32],[2.34,39.64]]],[[[18.44,40.1],[18.11,39.9],[17.35,40.55],[16.62,40.29],[16.45,39.64],[17.14,39.06],[15.93,37.96],[15.39,38.16],[15.05,36.74],[12.49,37.71],[12.65,38.09],[14.6,38.03],[15.86,38.29],[16.27,38.74],[15.75,40.03],[13.79,41.13],[13.96,41.72],[13.01,42.04],[12.86,42.5],[13.99,42.95],[14.37,42.24],[16.12,41.91],[15.94,41.39],[18.44,40.1]]],[[[0.04,42.69],[2.05,42.5],[2.56,41.91],[2.11,41.33],[0.7,40.94],[-0.2,39.97],[-0.31,39.13],[0.1,38.74],[-0.66,38.29],[-0.7,37.64],[-1.71,37.45],[-2.06,36.8],[-4.47,36.74],[-5.66,36.03],[-6.06,36.22],[-6.43,37.0],[-7.39,37.25],[-7.5,37.71],[-6.99,38.09],[-7.27,38.67],[-6.99,39.0],[-7.44,39.64],[-6.9,39.77],[-6.93,41.0],[-6.27,41.65],[-6.7,41.98],[-8.93,41.91],[-8.66,42.37],[-9.3,43.15],[-8.24,43.73],[-1.69,43.34],[0.04,42.69]]],[[[4.22,40.1],[4.3,39.84],[3.83,39.9],[4.22,40.1]]],[[[9.59,39.13],[8.34,39.0],[8.15,40.94],[9.5,41.2],[9.59,39.13]]],[[[11.34,42.43],[11.18,42.5],[11.18,42.56],[11.34,42.43]]],[[[10.46,42.89],[10.46,42.69],[10.21,42.69],[10.46,42.89]]],[[[10.86,43.08],[10.94,42.89],[10.7,42.95],[10.86,43.08]]],[[[9.23,45.1],[9.4,44.45],[8.34,45.1],[8.58,45.56],[7.92,45.96],[8.32,46.41],[8.9,45.89],[9.39,46.22],[9.31,45.69],[10.05,45.1],[9.23,45.1]]],[[[4.28,50.85],[2.6,50.85],[2.49,51.18],[5.37,51.25],[4.66,50.05],[4.15,49.98],[4.28,50.85]]],[[[126.2,6.39],[125.83,7.23],[125.52,7.04],[125.65,5.88],[125.33,5.49],[125.15,6.01],[124.7,5.81],[124.0,6.26],[124.09,7.42],[123.68,7.74],[122.76,7.23],[122.59,7.74],[122.23,6.97],[121.8,6.97],[122.1,8.0],[123.34,8.77],[124.09,8.19],[124.82,9.03],[125.48,9.03],[125.42,9.86],[126.24,9.29],[126.59,7.61],[126.2,6.39]]],[[[124.55,9.22],[124.77,9.29],[124.82,9.03],[124.55,9.22]]],[[[123.58,9.03],[123.44,9.09],[123.54,9.35],[123.58,9.03]]],[[[125.83,9.61],[125.92,9.74],[125.91,9.67],[125.83,9.61]]],[[[126.06,9.67],[125.92,9.74],[125.94,9.99],[126.06,9.67]]],[[[124.5,10.19],[124.62,9.93],[123.78,9.54],[123.74,9.86],[124.5,10.19]]],[[[122.81,10.12],[122.9,10.89],[123.56,10.96],[123.15,9.8],[123.22,9.03],[122.33,9.67],[122.81,10.12]]],[[[125.47,10.38],[125.7,10.44],[125.71,9.86],[125.47,10.38]]],[[[123.6,9.99],[123.48,9.48],[123.26,9.48],[124.11,11.28],[124.0,10.25],[123.6,9.99]]],[[[121.93,11.99],[123.12,11.54],[122.62,10.38],[121.9,10.44],[121.93,11.99]]],[[[125.24,10.25],[124.92,9.99],[124.25,11.21],[124.31,11.73],[124.71,11.34],[124.97,11.73],[124.27,12.56],[125.55,12.24],[125.77,11.02],[125.06,11.21],[125.24,10.25]]],[[[123.73,12.31],[124.09,11.73],[123.17,11.99],[123.24,12.5],[123.77,12.63],[123.73,12.31]]],[[[121.9,12.37],[122.13,12.44],[122.09,12.11],[121.9,12.37]]],[[[122.69,12.24],[122.41,12.37],[122.51,12.56],[122.69,12.24]]],[[[121.99,12.5],[122.02,12.69],[122.24,12.69],[121.99,12.5]]],[[[120.74,13.59],[121.44,13.34],[121.29,12.18],[120.34,13.34],[120.74,13.59]]],[[[122.2,13.53],[122.16,13.21],[121.86,13.21],[121.75,13.46],[122.2,13.53]]],[[[144.84,13.34],[144.61,13.27],[144.65,13.53],[144.97,13.66],[144.84,13.34]]],[[[120.1,13.72],[120.12,13.85],[120.27,13.85],[120.1,13.72]]],[[[124.11,13.53],[124.12,14.11],[124.47,13.98],[124.11,13.53]]],[[[122.13,15.01],[122.07,14.62],[121.86,14.69],[122.13,15.01]]],[[[121.49,15.14],[121.84,14.11],[122.76,14.36],[123.12,13.79],[123.24,14.11],[123.87,13.91],[123.61,13.59],[124.14,13.21],[124.12,12.5],[123.45,13.01],[123.06,12.82],[123.27,13.27],[122.69,13.85],[122.74,13.21],[121.82,13.91],[121.4,13.59],[120.62,13.79],[120.97,14.62],[120.35,14.43],[119.73,16.1],[120.01,16.42],[120.4,16.1],[120.61,18.54],[122.39,18.54],[122.22,17.64],[122.64,17.13],[121.49,15.14]]]]}},{"type":"Feature","properties":{"n":"Khoshut Khanate","f":1691,"t":1695,"w":"Q10921634"},"geometry":{"type":"Polygon","coordinates":[[[101.07,40.94],[99.9,38.87],[100.23,38.35],[99.2,39.26],[97.91,39.0],[96.22,39.64],[92.59,39.26],[95.76,42.82],[97.26,41.78],[101.07,40.94]]]}},{"type":"Feature","properties":{"n":"(Dutch Republic)","f":1691,"t":1695,"w":"Q170072"},"geometry":{"type":"MultiPolygon","coordinates":[[[[18.55,-34.11],[18.17,-34.36],[17.9,-33.14],[19.36,-33.34],[20.49,-34.49],[19.42,-34.82],[18.55,-34.11]]],[[[57.57,-20.54],[57.19,-20.54],[57.45,-19.96],[57.57,-20.54]]],[[[-1.94,4.79],[-1.87,4.79],[-1.87,4.72],[-1.94,4.79]]],[[[-2.16,4.91],[-2.16,5.04],[-1.94,5.04],[-2.16,4.91]]],[[[-2.3,5.17],[-2.31,4.85],[-2.6,4.98],[-2.3,5.17]]],[[[-1.5,4.98],[-1.79,4.91],[-1.57,5.3],[-1.21,5.11],[-1.5,4.98]]],[[[-0.92,5.43],[-0.85,5.17],[-1.06,5.17],[-0.92,5.43]]],[[[-0.55,5.62],[-0.48,5.62],[-0.48,5.56],[-0.55,5.62]]],[[[-0.18,5.75],[-0.48,5.36],[-0.4,5.62],[-0.18,5.75]]],[[[79.88,9.86],[80.45,9.74],[81.4,8.51],[81.88,6.71],[81.34,6.14],[80.23,5.88],[79.76,6.65],[79.88,9.86]],[[81.11,8.64],[81.04,8.64],[81.04,8.58],[81.11,8.64]]],[[[76.56,9.41],[76.26,9.35],[76.21,9.67],[76.56,9.41]]],[[[75.59,11.34],[75.81,11.41],[75.93,10.96],[75.59,11.34]]],[[[75.29,12.31],[75.41,11.92],[75.27,11.92],[75.29,12.31]]],[[[80.21,12.44],[80.0,12.5],[80.09,12.76],[80.21,12.44]]],[[[80.38,13.46],[80.41,13.08],[80.2,13.14],[80.38,13.46]]],[[[4.8,44.12],[4.88,44.25],[5.04,44.19],[4.8,44.12]]],[[[5.72,50.78],[5.71,51.05],[5.97,50.98],[5.72,50.78]]],[[[5.78,51.38],[5.37,51.25],[3.41,51.45],[3.75,51.45],[3.4,51.65],[4.22,52.18],[4.69,53.19],[5.06,52.65],[5.54,53.39],[7.18,53.26],[6.68,52.65],[6.94,52.38],[6.7,51.92],[5.77,51.78],[5.78,51.38]]],[[[123.74,-9.36],[124.26,-9.49],[124.65,-8.91],[125.02,-9.04],[124.4,-10.19],[123.17,-10.39],[123.74,-9.36]]],[[[118.9,-8.26],[119.08,-8.78],[118.5,-8.84],[118.39,-8.26],[118.9,-8.26]]],[[[122.79,-8.59],[122.78,-8.46],[123.78,-8.2],[123.52,-8.59],[122.79,-8.59]]],[[[123.96,-8.59],[123.8,-8.39],[124.36,-8.14],[125.02,-8.2],[123.96,-8.59]]],[[[111.38,-7.24],[108.24,-7.11],[107.99,-7.81],[106.28,-7.43],[106.6,-6.53],[106.35,-5.95],[108.26,-6.27],[108.87,-6.79],[110.34,-6.91],[110.6,-6.4],[111.2,-6.66],[111.38,-7.24]]],[[[121.99,-5.37],[121.77,-5.44],[121.68,-5.11],[121.99,-5.37]]],[[[119.65,-5.31],[120.32,-5.56],[119.23,-5.5],[119.47,-4.54],[119.65,-5.31]]],[[[123.12,-4.73],[122.81,-5.69],[122.14,-5.44],[122.18,-4.79],[122.81,-4.41],[123.12,-4.73]]],[[[125.11,-1.71],[125.19,-1.9],[124.25,-2.03],[124.24,-1.64],[125.11,-1.71]]],[[[101.42,-3.12],[100.2,-0.87],[98.95,0.41],[99.67,0.29],[100.56,-0.74],[101.42,-3.12]]],[[[124.96,1.25],[124.61,1.51],[125.12,1.7],[124.96,1.25]]],[[[102.1,3.05],[102.67,2.73],[102.42,2.02],[101.71,2.47],[102.1,3.05]]],[[[88.37,22.79],[88.46,22.91],[88.6,22.85],[88.37,22.79]]],[[[130.95,-8.33],[130.59,-8.39],[130.86,-8.14],[130.95,-8.33]]],[[[127.66,-8.26],[127.64,-8.07],[127.79,-8.07],[127.66,-8.26]]],[[[129.46,-8.01],[129.44,-7.75],[129.74,-7.81],[129.46,-8.01]]],[[[126.4,-8.01],[125.67,-8.01],[125.71,-7.69],[126.51,-7.56],[126.4,-8.01]]],[[[130.97,-7.69],[131.58,-7.11],[131.55,-7.69],[131.22,-8.07],[130.97,-7.69]]],[[[130.81,-7.56],[130.87,-7.36],[131.02,-7.36],[130.81,-7.56]]],[[[128.38,-7.24],[128.37,-7.11],[128.59,-7.04],[128.38,-7.24]]],[[[134.53,-5.44],[134.68,-6.59],[133.97,-6.91],[134.18,-5.63],[134.53,-5.44]]],[[[132.5,-5.69],[132.95,-5.76],[132.82,-6.01],[132.5,-5.69]]],[[[132.86,-5.5],[133.07,-5.44],[133.01,-5.56],[132.86,-5.5]]],[[[128.24,-3.51],[128.25,-3.7],[127.81,-3.83],[128.24,-3.51]]],[[[126.36,-3.83],[125.89,-3.12],[126.83,-3.06],[127.21,-3.44],[126.36,-3.83]]],[[[127.71,-3.19],[128.28,-2.8],[129.66,-2.8],[130.79,-3.51],[130.73,-3.89],[129.76,-3.38],[127.71,-3.19]]],[[[126.01,-2.48],[125.26,-1.77],[126.14,-1.77],[126.01,-2.48]]],[[[130.22,-2.09],[129.64,-1.96],[129.7,-1.77],[130.06,-1.64],[130.22,-2.09]]],[[[128.02,-1.51],[128.03,-1.77],[127.3,-1.77],[127.22,-1.45],[128.02,-1.51]]]]}},{"type":"Feature","properties":{"n":"Sultanate of Kedah","f":1691,"t":1799,"w":"Q1317579"},"geometry":{"type":"MultiPolygon","coordinates":[[[[100.24,5.11],[100.02,6.46],[100.33,6.65],[101.09,6.07],[100.24,5.11]]],[[[99.58,6.39],[99.88,6.52],[99.87,6.26],[99.58,6.39]]]]}},{"type":"Feature","properties":{"n":"English Colonial Empire","f":1691,"t":1695,"w":"Q617219"},"geometry":{"type":"MultiPolygon","coordinates":[[[[-89.17,17.77],[-88.25,18.48],[-88.24,16.49],[-89.19,15.97],[-89.17,17.77]]],[[[-77.74,17.84],[-78.39,18.29],[-77.01,18.48],[-76.12,17.9],[-77.74,17.84]]],[[[-73.67,22.46],[-74.15,22.21],[-73.9,22.46],[-73.94,22.72],[-73.67,22.46]]],[[[-74.74,23.11],[-74.71,22.91],[-75.12,23.11],[-75.17,23.43],[-74.74,23.11]]],[[[-77.4,23.81],[-77.76,23.75],[-77.92,24.2],[-77.48,24.26],[-77.4,23.81]]],[[[-74.51,23.94],[-74.55,24.14],[-74.32,24.14],[-74.51,23.94]]],[[[-75.43,24.07],[-75.59,24.52],[-75.35,24.46],[-75.43,24.07]]],[[[-78.35,24.52],[-78.19,25.23],[-77.62,24.59],[-78.35,24.52]]],[[[-76.23,24.78],[-76.26,24.91],[-76.05,24.97],[-76.23,24.78]]],[[[-76.48,25.29],[-76.6,25.49],[-76.35,25.36],[-76.48,25.29]]],[[[-77.29,25.94],[-77.19,26.52],[-77.67,26.97],[-76.97,26.52],[-77.29,25.94]]],[[[-78.6,26.77],[-77.97,26.64],[-78.68,26.45],[-78.6,26.77]]],[[[-79.59,32.94],[-79.68,32.75],[-80.15,32.56],[-80.09,33.07],[-79.59,32.94]]],[[[-77.65,34.23],[-78.15,33.91],[-78.21,34.29],[-77.65,34.23]]],[[[-76.73,35.97],[-77.14,36.22],[-76.8,36.35],[-76.73,35.97]]],[[[-70.49,41.33],[-71.43,41.65],[-71.52,41.33],[-73.47,41.07],[-71.99,41.13],[-72.25,40.81],[-74.14,40.61],[-73.87,40.16],[-74.64,39.0],[-75.4,39.32],[-74.95,38.42],[-75.85,37.13],[-75.84,38.09],[-76.25,38.35],[-76.23,39.06],[-76.42,39.32],[-76.36,37.25],[-75.91,36.48],[-76.79,36.55],[-77.56,37.51],[-77.6,39.32],[-75.91,39.77],[-75.17,40.61],[-74.35,42.11],[-74.29,43.15],[-73.69,42.24],[-73.0,42.3],[-71.08,42.82],[-70.77,43.54],[-70.49,43.28],[-70.98,42.43],[-69.86,41.72],[-70.49,41.33]]],[[[-92.16,56.94],[-92.25,56.94],[-92.19,56.87],[-92.87,56.94],[-93.03,57.21],[-92.5,57.21],[-92.31,57.01],[-92.16,56.94]]],[[[-1.94,5.04],[-1.79,5.11],[-1.72,4.85],[-1.94,5.04]]],[[[-2.74,5.17],[-2.6,4.91],[-2.96,4.98],[-2.74,5.17]]],[[[-1.21,5.11],[-1.21,5.36],[-1.06,5.36],[-1.21,5.11]]],[[[80.31,12.76],[80.1,12.82],[80.2,13.14],[80.31,12.76]]],[[[-59.36,13.08],[-59.57,13.01],[-59.67,13.34],[-59.36,13.08]]],[[[-61.64,17.19],[-61.62,16.94],[-61.76,16.94],[-61.64,17.19]]],[[[-62.95,18.29],[-62.92,18.03],[-63.14,18.03],[-62.95,18.29]]],[[[73.09,19.25],[72.99,18.99],[72.84,18.99],[73.09,19.25]]],[[[-73.0,20.99],[-73.66,20.92],[-73.49,21.24],[-73.0,20.99]]],[[[-72.22,21.69],[-72.32,21.89],[-72.1,21.89],[-72.22,21.69]]],[[[88.35,22.14],[88.2,22.08],[88.15,22.27],[88.4,22.46],[88.35,22.14]]],[[[-72.82,22.27],[-72.93,22.46],[-72.69,22.34],[-72.82,22.27]]],[[[-64.86,32.3],[-64.65,32.36],[-64.67,32.17],[-64.86,32.3]]],[[[-70.39,43.41],[-70.59,43.67],[-70.44,43.86],[-70.14,43.73],[-70.39,43.41]]],[[[-69.33,44.06],[-69.48,43.86],[-69.95,44.19],[-69.33,44.06]]],[[[-53.75,46.81],[-53.37,47.27],[-53.64,47.73],[-52.92,48.19],[-53.25,47.6],[-52.76,47.8],[-52.62,47.47],[-53.02,46.61],[-53.75,46.81]]],[[[-52.95,48.46],[-53.39,48.32],[-53.58,48.59],[-52.95,48.46]]]]}},{"type":"Feature","properties":{"n":"Mughal Empire","f":1691,"t":1699,"w":"Q33296"},"geometry":{"type":"MultiPolygon","coordinates":[[[[91.26,22.21],[91.03,22.14],[91.07,22.4],[91.26,22.21]]],[[[68.95,22.21],[70.37,22.91],[68.81,22.98],[68.16,23.81],[67.29,24.07],[67.21,24.71],[66.63,24.84],[66.27,25.55],[66.69,29.86],[65.99,30.18],[65.55,32.3],[66.23,33.71],[66.33,36.22],[68.62,36.1],[68.88,36.8],[68.51,37.19],[70.08,37.51],[70.71,38.42],[71.18,38.42],[71.57,37.84],[71.58,36.74],[73.66,37.51],[73.8,36.87],[75.31,37.0],[75.96,36.55],[76.09,35.9],[78.87,34.49],[78.56,32.04],[79.45,31.01],[81.01,30.18],[80.35,29.6],[80.17,28.7],[83.08,27.42],[84.43,27.42],[85.27,26.71],[90.39,26.0],[90.46,25.16],[92.0,24.97],[92.44,23.11],[92.19,21.44],[91.83,21.5],[91.5,22.79],[90.23,21.76],[89.9,22.01],[88.73,21.63],[88.64,22.08],[88.35,21.56],[88.1,21.95],[87.07,21.44],[87.03,20.6],[86.42,19.89],[85.37,19.83],[84.38,18.41],[82.45,17.13],[82.38,16.55],[80.38,15.71],[80.1,12.82],[78.42,12.05],[77.55,12.31],[78.32,13.09],[77.6,14.6],[77.16,14.67],[75.76,13.64],[74.69,13.66],[74.64,13.34],[74.31,14.56],[74.52,15.26],[73.8,15.46],[73.25,16.61],[72.53,22.27],[72.11,21.89],[72.18,21.18],[71.32,20.73],[70.3,20.86],[68.95,22.21]],[[88.35,22.14],[88.47,22.46],[88.15,22.27],[88.35,22.14]],[[73.19,20.21],[72.89,20.15],[73.18,20.09],[73.19,20.21]]]]}},{"type":"Feature","properties":{"n":"Habsburg Monarchy","f":1691,"t":1695,"w":"Q66504140"},"geometry":{"type":"MultiPolygon","coordinates":[[[[7.63,48.32],[8.21,48.26],[8.06,47.33],[7.56,47.53],[7.89,47.66],[7.63,48.32]]],[[[8.71,47.93],[8.79,47.86],[8.63,47.86],[8.71,47.93]]],[[[8.21,47.99],[8.21,48.13],[8.38,48.13],[8.21,47.99]]],[[[8.71,48.19],[8.54,48.26],[8.54,48.32],[8.71,48.19]]],[[[8.87,48.32],[9.04,48.26],[9.04,48.19],[8.87,48.32]]],[[[8.21,48.39],[8.45,48.39],[8.29,48.32],[8.21,48.39]]],[[[8.37,48.46],[8.29,48.59],[8.45,48.59],[8.37,48.46]]],[[[7.79,48.52],[7.79,48.59],[7.95,48.59],[7.79,48.52]]],[[[8.62,48.65],[8.7,48.52],[8.62,48.52],[8.62,48.65]]],[[[7.95,48.59],[7.95,48.65],[8.04,48.65],[8.04,48.59],[7.95,48.59]]],[[[8.12,48.65],[8.04,48.65],[8.03,48.72],[8.12,48.65]]],[[[9.29,47.99],[9.29,47.8],[8.88,47.73],[9.29,47.99]]],[[[9.54,47.99],[9.54,47.86],[9.37,47.93],[9.54,47.99]]],[[[10.36,47.99],[10.12,48.06],[10.2,48.26],[10.36,47.99]]],[[[9.95,48.46],[10.03,48.26],[9.45,48.19],[9.95,48.46]]],[[[9.37,48.46],[9.37,48.26],[9.2,48.32],[9.37,48.46]]],[[[21.66,48.59],[20.67,47.53],[21.21,46.87],[21.97,47.14],[22.48,46.28],[22.21,45.96],[19.94,46.15],[20.2,44.97],[19.36,46.02],[17.64,45.89],[16.3,45.04],[15.82,45.24],[15.8,44.71],[15.15,44.45],[14.6,45.37],[14.03,45.04],[13.79,45.24],[14.12,45.5],[13.31,45.82],[13.56,46.55],[12.09,46.68],[10.78,45.69],[10.45,45.82],[10.45,46.94],[9.54,47.2],[9.62,47.53],[12.51,47.66],[12.18,47.07],[13.74,47.07],[13.18,48.06],[14.1,48.65],[12.53,49.52],[12.12,50.25],[14.33,51.05],[15.0,50.91],[15.27,51.45],[14.85,51.58],[14.95,52.05],[15.65,52.32],[16.13,51.71],[17.32,51.71],[17.55,51.25],[19.03,50.58],[19.24,49.85],[18.88,49.45],[21.8,49.38],[22.44,49.05],[21.66,48.59]],[[20.29,49.25],[20.28,49.12],[20.45,49.18],[20.29,49.25]]],[[[10.11,48.46],[10.28,48.39],[10.28,48.32],[10.11,48.46]]]]}},{"type":"Feature","properties":{"n":"Brandenburg-Prussia","f":1691,"t":1699,"w":"Q157367"},"geometry":{"type":"MultiPolygon","coordinates":[[[[-2.16,5.11],[-1.94,4.72],[-2.23,4.72],[-2.16,5.11]]],[[[7.56,51.65],[7.57,51.25],[7.23,51.18],[7.05,51.58],[7.56,51.65]]],[[[10.44,51.65],[10.78,51.58],[10.78,51.45],[10.44,51.65]]],[[[6.88,51.65],[6.88,51.45],[5.94,51.78],[6.88,51.65]]],[[[13.93,52.05],[13.93,52.12],[14.19,52.12],[13.93,52.05]]],[[[7.98,51.98],[8.14,52.59],[8.82,52.59],[8.91,52.12],[7.98,51.98]]],[[[7.8,52.45],[7.8,52.12],[7.54,52.38],[7.29,52.38],[7.8,52.45]]],[[[16.1,52.86],[15.49,52.65],[15.65,52.32],[14.78,51.92],[13.94,52.25],[12.91,51.92],[12.23,52.12],[11.46,51.65],[11.54,51.18],[11.38,51.78],[10.87,51.65],[10.53,52.12],[10.96,52.45],[10.79,52.99],[11.39,53.06],[11.31,53.46],[13.2,53.33],[13.9,53.73],[14.23,53.46],[15.04,54.21],[18.02,54.89],[17.62,54.0],[16.48,53.6],[16.1,52.86]]],[[[22.42,53.6],[20.4,53.06],[19.74,53.46],[18.7,53.39],[19.45,54.21],[20.1,53.66],[20.83,54.07],[19.81,54.34],[19.84,54.68],[19.95,55.02],[20.99,54.95],[20.99,55.91],[22.81,54.89],[22.42,53.6]]]]}},{"type":"Feature","properties":{"n":"Ottoman Empire","f":1691,"t":1695,"w":"Q12560"},"geometry":{"type":"MultiPolygon","coordinates":[[[[29.61,45.69],[29.53,44.91],[28.8,44.97],[28.48,43.47],[27.51,42.63],[28.35,41.39],[31.18,41.07],[32.63,41.91],[35.12,42.04],[36.21,41.26],[38.3,40.87],[40.37,40.94],[41.58,41.52],[42.86,41.59],[43.77,40.87],[43.65,40.16],[44.77,39.77],[44.07,39.38],[44.31,37.9],[45.35,36.03],[46.25,35.84],[45.44,33.91],[46.23,32.94],[47.6,32.3],[47.98,31.72],[47.74,31.01],[48.6,29.99],[48.4,29.6],[45.68,30.31],[43.15,32.81],[40.93,34.1],[38.91,33.26],[37.31,30.89],[37.16,30.05],[41.41,23.11],[43.69,20.09],[44.31,19.38],[44.46,19.44],[43.51,18.29],[43.04,16.49],[41.24,18.61],[40.85,19.7],[39.35,20.79],[38.6,23.62],[37.44,24.33],[37.27,25.23],[35.41,27.87],[34.59,28.06],[34.91,29.41],[34.12,27.74],[32.44,29.79],[35.15,24.65],[35.86,24.01],[35.55,23.69],[35.81,22.91],[31.23,22.01],[31.32,22.4],[30.01,23.11],[28.57,24.65],[28.15,27.35],[25.37,29.28],[22.77,30.37],[20.95,30.56],[18.73,29.99],[15.18,30.89],[14.28,31.91],[11.77,32.3],[9.63,33.14],[8.93,34.16],[7.61,34.55],[2.92,34.36],[2.45,34.61],[1.75,34.74],[-0.47,34.36],[-1.58,33.46],[-1.72,34.68],[-2.12,35.07],[-1.36,35.26],[-1.22,35.64],[-0.67,35.45],[0.68,36.42],[4.47,36.93],[5.56,36.67],[6.33,37.06],[8.52,36.87],[9.6,37.32],[10.23,37.25],[10.23,36.8],[11.01,37.0],[10.46,35.9],[11.08,35.58],[11.08,35.0],[10.0,34.29],[10.24,33.71],[12.23,32.81],[13.3,32.94],[15.06,32.43],[15.65,31.4],[17.85,30.95],[18.97,30.24],[20.2,30.89],[20.02,32.24],[21.88,32.94],[23.09,32.62],[23.3,32.17],[24.89,31.98],[25.25,31.46],[26.85,31.46],[28.87,30.82],[30.97,31.66],[31.88,31.46],[32.0,31.08],[33.98,31.14],[34.55,31.53],[35.64,34.36],[36.05,34.55],[35.84,36.29],[36.14,36.93],[35.49,36.61],[34.58,36.87],[33.98,36.29],[32.71,36.03],[31.09,36.93],[29.94,36.22],[29.24,36.22],[29.12,36.74],[28.59,36.87],[28.03,36.67],[28.07,37.13],[27.22,37.32],[27.28,38.03],[26.43,38.22],[26.38,38.67],[26.59,38.35],[27.08,38.55],[26.85,39.58],[26.13,39.51],[26.17,39.97],[26.6,40.48],[29.05,40.36],[28.91,40.61],[29.49,40.87],[29.12,41.07],[27.53,41.07],[26.92,40.48],[24.35,41.0],[23.7,40.81],[23.74,40.23],[22.65,40.61],[22.61,39.9],[23.14,39.45],[22.8,39.06],[23.49,38.87],[22.94,38.74],[24.03,38.67],[23.98,37.84],[23.04,37.9],[22.6,38.42],[21.19,38.42],[20.74,38.8],[20.91,39.06],[19.25,40.61],[19.54,41.78],[18.71,42.82],[17.52,43.02],[16.43,44.06],[15.23,44.32],[15.8,44.71],[15.82,45.24],[16.3,45.04],[17.64,45.89],[19.36,46.02],[20.2,44.97],[19.94,46.15],[21.49,46.15],[22.13,45.96],[21.52,45.37],[22.65,45.24],[22.5,44.32],[22.95,43.8],[25.43,43.6],[27.83,44.19],[27.86,45.3],[28.44,46.15],[29.48,46.68],[28.42,48.19],[25.67,48.85],[26.67,49.65],[29.2,49.12],[29.65,48.06],[30.57,48.19],[30.75,47.6],[31.8,47.47],[31.94,46.68],[30.88,46.68],[29.61,45.69]]],[[[2.53,34.42],[2.53,34.49],[2.61,34.49],[2.53,34.42]]],[[[25.68,35.13],[26.23,35.19],[24.82,35.0],[23.62,35.52],[25.68,35.13]]],[[[25.57,37.13],[25.56,37.0],[25.33,37.0],[25.57,37.13]]],[[[24.36,37.71],[24.43,37.58],[24.27,37.51],[24.36,37.71]]],[[[26.31,37.71],[26.3,37.58],[25.99,37.51],[26.31,37.71]]],[[[24.77,38.03],[25.07,37.77],[24.83,37.71],[24.77,38.03]]],[[[26.22,38.55],[26.11,38.16],[25.88,38.16],[26.22,38.55]]],[[[23.56,38.74],[23.48,38.74],[23.49,38.8],[23.56,38.74]]],[[[24.67,38.93],[24.66,38.74],[24.36,38.87],[24.67,38.93]]],[[[25.79,39.19],[26.04,39.38],[26.64,39.0],[25.79,39.19]]],[[[20.15,39.58],[20.07,39.58],[20.07,39.64],[20.15,39.58]]],[[[25.46,40.03],[25.45,39.84],[24.97,39.84],[25.46,40.03]]],[[[26.04,40.29],[26.02,40.16],[25.7,40.1],[26.04,40.29]]],[[[24.81,40.81],[24.79,40.61],[24.55,40.55],[24.81,40.81]]],[[[22.21,45.96],[22.22,46.02],[22.3,46.02],[22.21,45.96]]],[[[43.17,11.54],[44.08,10.57],[45.11,10.51],[44.87,10.06],[43.71,10.25],[43.17,11.54]]],[[[43.24,13.08],[43.25,13.4],[43.68,13.27],[43.81,12.69],[43.24,13.08]]],[[[39.3,15.39],[39.26,16.04],[39.41,16.04],[39.74,15.26],[39.3,15.39]]],[[[37.7,18.8],[37.54,18.61],[37.1,18.74],[37.34,19.12],[37.7,18.8]]],[[[44.25,19.57],[44.25,19.64],[44.33,19.64],[44.25,19.57]]],[[[44.18,19.64],[44.18,19.7],[44.26,19.7],[44.18,19.64]]],[[[40.06,25.49],[40.06,25.55],[40.14,25.55],[40.06,25.49]]],[[[33.04,34.55],[32.23,34.94],[34.54,35.71],[34.09,35.0],[33.04,34.55]]],[[[28.02,36.48],[28.25,36.48],[28.14,36.03],[27.74,35.9],[28.02,36.48]]],[[[27.19,36.8],[26.87,36.67],[27.04,36.93],[27.19,36.8]]],[[[41.33,42.89],[41.17,42.89],[41.2,43.02],[41.33,42.89]]],[[[40.96,43.02],[40.97,43.08],[41.13,43.08],[40.96,43.02]]],[[[33.93,44.45],[33.47,44.65],[35.4,45.1],[33.93,44.45]]],[[[36.42,45.43],[36.38,45.17],[36.23,45.24],[36.42,45.43]]],[[[39.48,47.07],[39.22,47.01],[39.13,47.4],[39.48,47.07]]]]}},{"type":"Feature","properties":{"n":"Khmer Empire","f":1691,"t":1699,"w":"Q201705"},"geometry":{"type":"MultiPolygon","coordinates":[[[[104.12,10.44],[104.09,10.06],[103.81,10.25],[104.12,10.44]]],[[[108.81,11.21],[107.34,10.38],[107.0,10.7],[106.6,9.54],[104.76,8.51],[105.03,9.99],[104.42,10.44],[103.55,10.51],[103.6,11.09],[103.06,10.83],[102.39,13.53],[103.61,14.49],[106.03,13.91],[106.17,14.43],[107.51,14.56],[107.57,12.63],[108.69,12.18],[108.81,11.21]],[[106.59,10.96],[106.57,10.76],[106.78,10.7],[106.59,10.96]]]]}},{"type":"Feature","properties":{"n":"Principality of Wallachia","f":1691,"t":1695,"w":"Q171393"},"geometry":{"type":"Polygon","coordinates":[[[27.83,44.19],[25.43,43.6],[22.95,43.8],[22.5,44.32],[22.65,45.24],[23.48,45.5],[26.1,45.63],[27.85,45.17],[27.83,44.19]]]}},{"type":"Feature","properties":{"n":"Tsardom of Russia","f":1691,"t":1695,"w":"Q186096"},"geometry":{"type":"MultiPolygon","coordinates":[[[[138.15,55.02],[137.59,54.41],[137.14,54.89],[137.5,55.23],[138.15,55.02]]],[[[136.9,55.16],[137.25,55.16],[136.87,54.89],[136.53,54.89],[136.9,55.16]]],[[[27.09,57.35],[27.08,57.28],[26.99,57.28],[27.09,57.35]]],[[[107.59,77.06],[106.66,76.55],[112.07,76.81],[114.09,75.96],[113.31,75.12],[106.15,73.33],[105.53,72.92],[110.4,73.65],[111.3,74.14],[111.89,73.73],[113.21,74.05],[113.6,73.81],[113.36,73.57],[118.9,73.73],[118.4,73.33],[120.56,73.0],[123.08,73.0],[123.46,73.73],[125.08,73.81],[128.96,73.33],[128.74,72.92],[129.22,72.76],[128.74,72.53],[129.63,72.29],[128.31,71.97],[130.99,70.8],[132.46,71.97],[133.49,71.5],[139.7,71.58],[139.36,71.81],[139.8,72.21],[139.0,72.29],[141.34,72.92],[146.82,72.53],[145.13,71.74],[147.41,72.45],[149.62,72.29],[150.1,71.97],[148.95,71.74],[151.81,71.42],[152.49,70.88],[155.5,71.19],[159.39,70.95],[160.15,70.64],[159.78,69.87],[160.89,69.64],[166.9,69.56],[168.17,69.87],[168.45,69.26],[170.75,68.88],[168.43,67.15],[168.24,65.96],[168.72,65.44],[176.57,65.15],[176.19,64.93],[176.38,64.71],[177.59,64.86],[177.46,64.35],[178.45,64.42],[178.89,63.91],[178.58,63.62],[179.76,62.83],[179.0,62.33],[177.06,62.62],[175.79,62.19],[170.67,62.83],[163.99,62.69],[163.19,62.47],[163.47,62.47],[163.07,61.9],[163.42,61.83],[163.0,61.55],[162.27,61.62],[160.17,60.63],[160.23,61.05],[159.67,60.98],[160.28,61.9],[157.38,61.76],[154.25,59.85],[154.14,59.5],[154.96,59.64],[155.12,59.22],[153.4,59.22],[152.85,58.88],[151.23,58.88],[152.05,59.29],[149.7,59.78],[148.61,59.22],[142.72,59.29],[135.2,54.95],[136.92,54.68],[136.68,53.87],[137.69,54.34],[137.32,54.07],[137.86,54.0],[137.27,53.6],[131.81,53.39],[131.76,53.87],[130.94,54.0],[130.6,54.89],[130.84,55.63],[129.71,55.29],[125.78,55.57],[124.02,56.18],[123.23,54.82],[121.88,54.21],[121.31,54.34],[121.09,54.0],[121.58,53.39],[119.9,52.65],[120.53,52.59],[120.67,52.05],[119.65,51.11],[119.28,50.11],[117.83,49.52],[114.01,50.25],[112.73,49.52],[110.75,49.18],[108.59,49.32],[106.46,50.38],[103.3,50.18],[102.3,50.58],[101.91,51.51],[99.39,51.92],[98.68,52.38],[98.76,52.99],[95.7,53.66],[94.58,54.55],[92.68,54.68],[86.66,53.26],[84.45,56.8],[72.02,56.73],[69.73,55.91],[62.66,56.39],[61.92,55.91],[59.93,51.92],[57.96,51.65],[54.24,52.45],[52.58,52.32],[51.92,49.91],[52.11,46.94],[50.84,47.14],[47.57,45.76],[46.69,44.71],[47.34,43.99],[46.8,43.73],[46.19,44.25],[47.41,46.15],[47.25,46.55],[46.3,47.4],[43.77,48.32],[45.2,50.85],[45.2,51.51],[43.52,51.58],[41.37,50.71],[40.51,51.38],[39.66,51.38],[36.43,50.45],[35.43,51.38],[34.53,51.58],[34.03,50.65],[34.98,49.85],[32.33,49.45],[31.02,50.25],[30.02,50.31],[30.58,51.85],[31.66,52.18],[31.31,53.19],[32.63,53.33],[32.36,54.27],[31.09,54.41],[31.41,54.75],[30.88,55.7],[31.42,55.77],[31.44,56.39],[30.0,56.18],[29.88,56.52],[28.29,56.52],[28.48,57.14],[27.72,56.87],[27.8,57.35],[27.3,57.56],[27.98,57.9],[27.94,58.25],[27.48,58.18],[27.94,59.29],[30.08,59.16],[30.86,59.43],[30.66,59.78],[31.1,60.21],[31.82,60.14],[32.09,60.56],[32.17,60.91],[31.6,61.26],[32.14,62.47],[30.05,63.7],[30.55,64.28],[29.81,64.86],[30.31,65.81],[29.05,66.77],[29.94,67.67],[28.42,68.42],[28.63,68.95],[30.96,69.87],[32.31,70.02],[33.44,69.33],[36.13,69.26],[41.0,67.74],[41.39,67.15],[41.04,66.7],[38.68,66.03],[32.55,67.07],[33.0,66.55],[34.87,65.88],[34.44,65.37],[34.98,64.49],[37.39,63.91],[37.88,63.99],[37.89,64.35],[36.79,64.49],[36.36,65.0],[37.21,65.3],[38.21,64.79],[40.19,64.71],[39.54,65.37],[40.4,65.96],[41.96,66.55],[43.97,66.18],[44.37,67.0],[43.6,67.3],[44.17,68.27],[43.45,68.73],[45.88,68.57],[46.66,67.82],[44.93,67.44],[45.81,66.92],[47.37,66.92],[47.78,67.67],[53.28,69.03],[54.04,68.95],[53.87,68.42],[53.3,68.27],[58.39,69.03],[59.09,69.03],[59.4,68.88],[59.24,68.42],[59.74,68.42],[60.7,68.88],[60.09,69.72],[58.34,70.18],[59.07,70.57],[60.54,69.79],[63.93,69.72],[68.49,68.27],[68.95,68.95],[66.6,69.64],[67.17,70.18],[67.19,70.8],[66.53,71.03],[68.11,71.66],[69.36,73.0],[71.78,73.0],[72.98,72.69],[71.81,71.5],[72.89,71.03],[72.5,69.03],[73.63,68.65],[73.07,67.74],[71.52,66.62],[70.4,66.4],[72.1,66.33],[74.65,67.74],[74.2,68.35],[74.59,68.88],[76.47,69.11],[77.31,68.65],[77.25,68.05],[77.88,68.35],[77.59,68.88],[76.63,69.18],[73.66,69.11],[73.41,69.72],[74.22,70.64],[72.89,71.42],[74.87,72.21],[74.86,72.92],[75.77,72.53],[75.27,71.81],[75.4,71.34],[77.19,71.27],[75.85,71.89],[77.23,72.05],[76.71,72.29],[77.48,72.69],[82.52,71.81],[82.13,72.29],[80.47,72.53],[80.55,73.16],[80.18,73.33],[80.89,73.73],[86.9,73.89],[87.0,74.46],[86.46,74.46],[86.73,74.71],[89.01,75.54],[93.58,75.87],[94.14,76.21],[97.65,76.04],[100.8,76.55],[101.49,77.24],[103.41,77.76],[106.29,77.58],[105.16,77.15],[106.07,77.24],[105.8,77.06],[107.59,77.06]]],[[[35.5,65.0],[35.46,65.22],[36.13,65.22],[35.5,65.0]]],[[[48.24,69.41],[48.61,69.56],[50.32,69.33],[49.7,68.88],[48.37,68.8],[48.24,69.41]]]]}},{"type":"Feature","properties":{"n":"Republic of Venice","f":1691,"t":1695,"w":"Q4948"},"geometry":{"type":"MultiPolygon","coordinates":[[[[17.51,42.76],[17.51,42.82],[17.59,42.82],[17.51,42.76]]],[[[17.36,43.08],[17.52,43.08],[17.52,42.95],[17.36,43.08]]],[[[16.58,43.6],[15.93,43.47],[15.07,44.39],[16.43,44.06],[17.37,43.21],[16.58,43.6]]],[[[14.99,44.45],[14.99,44.52],[15.07,44.52],[14.99,44.45]]],[[[14.27,44.97],[14.51,44.91],[14.5,44.52],[14.27,44.97]]],[[[14.68,45.17],[14.76,45.04],[14.52,45.1],[14.68,45.17]]],[[[13.78,44.91],[13.55,45.5],[14.12,45.5],[13.79,45.24],[13.78,44.91]]],[[[12.4,44.78],[10.62,45.43],[10.05,45.24],[9.31,45.89],[10.37,46.35],[10.78,45.69],[12.09,46.68],[13.56,46.55],[13.06,45.63],[12.16,45.5],[12.4,44.78]]],[[[22.89,36.42],[23.12,36.35],[23.11,36.16],[22.89,36.42]]],[[[23.06,36.67],[22.36,36.67],[22.22,37.06],[21.74,36.87],[21.25,37.96],[21.74,38.42],[23.05,38.03],[23.4,37.32],[22.71,37.58],[23.06,36.67]]],[[[24.99,37.71],[25.22,37.71],[25.29,37.51],[24.99,37.71]]],[[[20.62,37.9],[20.93,37.9],[20.92,37.64],[20.62,37.9]]],[[[20.49,38.42],[20.8,38.29],[20.79,38.09],[20.32,38.16],[20.49,38.42]]],[[[20.67,38.87],[20.73,38.61],[20.5,38.61],[20.67,38.87]]],[[[19.91,39.58],[19.76,39.64],[19.76,39.77],[19.91,39.58]]],[[[18.3,42.63],[18.31,42.69],[18.71,42.82],[18.77,42.37],[18.3,42.63]]]]}},{"type":"Feature","properties":{"n":"Nguyễn lords","f":1691,"t":1699,"w":"Q2301908"},"geometry":{"type":"MultiPolygon","coordinates":[[[[106.59,10.96],[106.88,10.96],[106.78,10.7],[106.59,10.96]]],[[[109.02,15.33],[109.51,12.95],[109.23,11.79],[107.57,12.63],[107.5,16.04],[106.69,16.49],[105.67,18.03],[106.55,17.96],[109.02,15.33]]]]}},{"type":"Feature","properties":{"n":"Principality of Transylvania","f":1691,"t":1695,"w":"Q655621"},"geometry":{"type":"Polygon","coordinates":[[[25.35,45.37],[24.63,45.63],[21.84,45.24],[21.53,45.56],[22.29,45.96],[22.41,46.48],[22.09,46.48],[21.97,47.14],[21.21,46.87],[20.67,47.53],[21.66,48.59],[22.78,49.12],[24.69,48.13],[25.02,47.2],[25.67,47.14],[26.44,45.76],[25.35,45.37]]]}},{"type":"Feature","properties":{"n":"Swiss Confederation","f":1691,"t":1695,"w":"Q39"},"geometry":{"type":"Polygon","coordinates":[[[10.53,46.28],[10.12,46.02],[9.22,46.22],[8.9,45.89],[8.32,46.41],[7.92,45.96],[6.94,45.96],[6.68,46.41],[6.03,46.22],[6.1,46.61],[7.08,46.94],[6.98,47.53],[8.06,47.33],[9.04,47.73],[9.62,47.53],[9.46,47.27],[9.96,46.87],[10.45,46.94],[10.53,46.28]]]}},{"type":"Feature","properties":{"n":"Tümed","f":1696,"t":1699,"w":"Q3402317"},"geometry":{"type":"Polygon","coordinates":[[[99.2,39.26],[99.81,38.48],[100.41,38.61],[102.69,37.13],[102.92,36.35],[101.71,35.0],[102.03,34.61],[100.85,34.55],[101.53,34.29],[101.53,33.84],[98.85,34.1],[93.54,36.61],[90.94,36.93],[91.53,37.51],[90.94,38.03],[90.95,38.67],[94.72,39.64],[98.22,39.0],[99.2,39.26]]]}},{"type":"Feature","properties":{"n":"Holy Roman Empire Minor States","f":1696,"t":1699,"w":"Q12548"},"geometry":{"type":"MultiPolygon","coordinates":[[[[8.03,44.06],[8.11,44.52],[8.59,44.71],[8.03,44.06]]],[[[8.75,44.91],[8.51,44.91],[8.59,45.04],[8.75,44.91]]],[[[6.83,47.14],[7.08,46.94],[6.51,46.87],[6.83,47.14]]],[[[6.98,47.6],[6.99,47.47],[6.82,47.6],[6.98,47.6]]],[[[7.55,47.93],[7.89,47.66],[7.56,47.53],[7.55,47.93]]],[[[8.46,53.94],[8.81,53.87],[8.72,53.66],[8.46,53.94]]],[[[9.4,54.82],[9.58,54.55],[8.8,54.14],[8.71,54.61],[9.4,54.82]]],[[[9.75,55.57],[8.53,54.89],[8.79,55.77],[9.75,55.57]]],[[[9.24,44.91],[9.32,45.17],[10.45,45.04],[10.62,45.43],[11.35,44.84],[10.62,43.8],[9.24,44.91]]],[[[9.54,47.2],[9.63,47.14],[9.46,47.14],[9.54,47.2]]],[[[13.0,47.53],[13.18,48.06],[13.74,47.07],[12.18,47.07],[12.51,47.66],[13.0,47.53]]],[[[13.36,48.99],[14.1,48.65],[13.85,48.46],[13.27,48.59],[13.36,48.99]]],[[[12.8,50.65],[12.63,50.65],[12.55,50.91],[12.8,50.65]]],[[[8.27,49.25],[6.07,50.25],[6.4,50.51],[6.07,50.45],[5.97,50.98],[5.22,50.71],[5.77,51.78],[6.88,51.45],[6.45,51.85],[6.95,52.25],[6.68,52.65],[7.18,53.33],[6.91,53.6],[7.94,53.73],[7.61,53.12],[8.13,52.79],[8.64,53.12],[8.82,52.79],[10.79,54.27],[11.48,53.8],[11.4,54.14],[12.44,54.41],[13.12,53.66],[13.55,53.8],[13.2,53.33],[11.74,53.6],[11.13,53.33],[11.39,53.06],[10.79,52.99],[10.96,52.45],[10.53,52.12],[10.87,51.65],[11.38,51.78],[11.29,51.45],[10.1,51.18],[11.88,50.98],[12.05,51.31],[12.55,50.91],[11.79,50.85],[12.21,50.78],[12.12,50.18],[11.2,49.78],[11.28,49.12],[10.94,48.85],[10.03,49.12],[10.53,48.26],[10.12,48.06],[10.53,48.19],[10.69,47.73],[10.37,47.33],[9.04,47.73],[9.29,47.99],[8.22,47.66],[8.21,47.99],[8.21,48.26],[7.71,48.32],[8.27,49.25]],[[8.46,47.99],[8.38,48.13],[8.21,47.99],[8.46,47.99]],[[10.44,51.65],[10.44,51.45],[10.78,51.45],[10.44,51.65]],[[10.2,48.46],[10.11,48.46],[10.11,48.32],[10.2,48.46]],[[9.95,48.46],[9.45,48.46],[9.45,48.19],[9.95,48.46]],[[9.54,47.86],[9.54,47.99],[9.37,47.93],[9.54,47.86]],[[9.37,48.26],[9.37,48.46],[9.2,48.32],[9.37,48.26]],[[8.71,48.19],[8.79,48.32],[8.54,48.32],[8.71,48.19]],[[9.04,48.19],[9.04,48.26],[8.87,48.32],[9.04,48.19]],[[7.98,51.98],[8.91,52.12],[8.91,52.52],[8.14,52.59],[7.98,51.98]],[[8.71,47.99],[8.63,47.99],[8.79,47.86],[8.71,47.99]],[[8.62,48.65],[8.53,48.59],[8.62,48.52],[8.62,48.65]],[[8.45,48.39],[8.21,48.39],[8.29,48.32],[8.45,48.39]],[[8.29,48.59],[8.37,48.46],[8.45,48.59],[8.29,48.59]],[[7.55,52.12],[7.8,52.12],[7.8,52.45],[7.28,52.59],[7.55,52.12]],[[7.05,51.58],[7.06,51.31],[7.57,51.25],[7.56,51.65],[7.05,51.58]]],[[[11.71,51.31],[11.46,51.51],[12.4,51.85],[11.71,51.31]]],[[[9.93,54.55],[10.19,54.55],[10.1,54.21],[9.75,54.14],[9.93,54.55]]]]}},{"type":"Feature","properties":{"n":"Portuguese Empire","f":1696,"t":1699,"w":"Q200464"},"geometry":{"type":"MultiPolygon","coordinates":[[[[-57.29,-33.79],[-57.4,-34.49],[-58.39,-34.17],[-57.8,-33.66],[-57.29,-33.79]]],[[[-50.18,-29.16],[-50.17,-29.09],[-50.09,-29.09],[-50.18,-29.16]]],[[[-48.49,-0.23],[-48.93,-1.51],[-48.27,-0.74],[-47.4,-0.55],[-45.44,-1.64],[-44.93,-1.45],[-44.07,-2.54],[-43.19,-2.35],[-42.32,-2.8],[-39.42,-3.12],[-37.26,-4.86],[-35.37,-5.31],[-34.84,-7.49],[-35.41,-9.36],[-37.24,-11.09],[-38.13,-12.83],[-39.03,-13.28],[-39.28,-17.78],[-41.14,-22.15],[-41.91,-22.41],[-42.12,-22.99],[-44.74,-23.05],[-44.7,-23.37],[-45.48,-23.69],[-45.37,-24.02],[-46.09,-23.82],[-48.69,-25.49],[-48.8,-26.72],[-48.45,-27.42],[-48.88,-28.64],[-49.74,-29.22],[-50.35,-30.44],[-51.25,-30.38],[-52.2,-31.66],[-51.72,-31.92],[-52.55,-32.56],[-52.9,-31.73],[-52.01,-31.15],[-51.69,-29.93],[-50.56,-29.99],[-49.18,-28.19],[-49.05,-25.88],[-49.92,-25.17],[-48.9,-22.99],[-45.61,-22.86],[-43.38,-22.21],[-42.32,-21.25],[-41.15,-18.94],[-40.76,-17.01],[-40.02,-15.91],[-39.53,-11.67],[-38.46,-10.51],[-37.87,-8.52],[-39.82,-5.18],[-42.42,-4.15],[-45.04,-3.89],[-46.47,-2.41],[-47.7,-1.84],[-49.31,-2.35],[-49.39,-2.86],[-49.82,-2.74],[-49.82,-2.29],[-51.92,-1.96],[-53.9,-2.61],[-55.28,-2.54],[-56.48,-4.28],[-56.69,-4.02],[-56.01,-2.54],[-57.4,-2.8],[-58.72,-3.38],[-61.88,-6.66],[-62.29,-7.75],[-62.65,-7.69],[-62.47,-6.72],[-59.08,-3.44],[-60.61,-3.44],[-60.75,-2.99],[-57.97,-2.48],[-56.8,-1.77],[-53.74,-1.51],[-50.67,1.96],[-49.95,1.7],[-50.39,0.74],[-48.49,-0.23]]],[[[6.3,0.35],[6.67,0.41],[6.66,0.16],[6.3,0.35]]],[[[-16.81,12.37],[-16.6,12.82],[-16.08,12.76],[-16.07,12.05],[-15.55,11.86],[-16.28,11.79],[-16.81,12.37]]],[[[-24.45,15.07],[-24.23,15.07],[-24.29,14.75],[-24.45,15.07]]],[[[-23.41,14.88],[-23.78,14.94],[-23.73,15.33],[-23.41,14.88]]],[[[-23.28,15.26],[-23.06,15.33],[-22.99,15.2],[-23.28,15.26]]],[[[-22.65,15.97],[-22.94,15.97],[-22.88,16.23],[-22.65,15.97]]],[[[-24.38,16.68],[-24.08,16.68],[-24.08,16.55],[-24.38,16.68]]],[[[-22.83,16.68],[-22.98,16.68],[-22.98,16.81],[-22.83,16.68]]],[[[-25.27,16.87],[-25.29,17.19],[-24.82,16.74],[-25.27,16.87]]],[[[-8.7,33.2],[-8.44,32.88],[-8.73,32.62],[-9.05,32.88],[-8.7,33.2]]],[[[35.33,-24.27],[35.03,-24.21],[34.93,-23.82],[35.38,-23.82],[35.33,-24.27]]],[[[34.54,-19.58],[34.71,-20.16],[34.34,-20.16],[34.54,-19.58]]],[[[37.63,-17.59],[37.2,-17.78],[37.26,-17.39],[37.63,-17.59]]],[[[40.75,-14.69],[40.55,-15.34],[40.17,-14.95],[40.75,-14.69]]],[[[12.89,-12.64],[13.63,-12.44],[13.55,-12.83],[12.82,-13.02],[12.89,-12.64]]],[[[13.54,-9.1],[13.11,-9.49],[12.89,-8.91],[13.47,-8.52],[13.54,-9.1]]],[[[39.82,-7.88],[39.53,-8.01],[39.52,-7.81],[39.82,-7.88]]],[[[39.12,-5.76],[39.27,-5.76],[39.43,-6.53],[39.12,-5.76]]],[[[39.55,-5.11],[39.55,-4.92],[39.77,-4.99],[39.55,-5.44],[39.55,-5.11]]],[[[39.39,-3.76],[39.75,-3.7],[39.54,-4.34],[39.39,-3.76]]],[[[7.34,1.51],[7.19,1.51],[7.27,1.7],[7.34,1.51]]],[[[8.54,3.76],[8.83,3.82],[8.68,3.18],[8.31,3.24],[8.54,3.76]]]]}},{"type":"Feature","properties":{"n":"New France","f":1696,"t":1699,"w":"Q170604"},"geometry":{"type":"MultiPolygon","coordinates":[[[[-73.92,18.03],[-74.44,18.61],[-72.3,18.61],[-72.79,19.51],[-73.41,19.64],[-72.64,19.96],[-72.1,19.83],[-72.51,19.57],[-72.0,18.54],[-72.18,18.22],[-73.92,18.03]]],[[[-91.71,33.97],[-91.43,33.65],[-91.84,33.71],[-91.71,33.97]]],[[[-89.72,41.0],[-89.5,40.74],[-89.78,40.68],[-89.72,41.0]]],[[[-78.52,42.95],[-78.62,42.82],[-79.09,43.28],[-78.52,42.95]]],[[[-90.67,43.15],[-91.07,43.15],[-91.02,43.47],[-90.67,43.15]]],[[[-88.01,44.39],[-88.32,44.65],[-88.16,44.78],[-87.76,44.52],[-88.01,44.39]]],[[[-84.63,45.56],[-84.74,45.76],[-84.1,45.5],[-84.63,45.56]]],[[[-85.0,46.48],[-84.47,46.41],[-84.56,46.28],[-85.0,46.48]]],[[[-91.15,46.87],[-90.7,46.55],[-91.03,46.55],[-91.15,46.87]]],[[[-79.16,47.73],[-78.92,47.47],[-79.21,47.4],[-79.16,47.73]]],[[[-79.53,47.66],[-79.57,47.73],[-79.49,47.73],[-79.53,47.66]]],[[[-80.76,51.25],[-80.8,51.05],[-81.35,51.11],[-81.36,51.38],[-80.76,51.25]]],[[[-87.08,52.25],[-86.8,51.98],[-87.09,51.92],[-87.08,52.25]]],[[[-92.25,56.94],[-92.31,57.01],[-92.22,57.01],[-92.25,56.94]]],[[[-93.03,57.21],[-92.19,56.87],[-92.48,56.8],[-93.03,57.21]]],[[[-54.27,5.24],[-54.06,5.75],[-52.89,5.49],[-51.71,4.53],[-51.77,3.95],[-54.27,5.24]]],[[[-3.18,5.3],[-3.18,5.11],[-3.69,5.11],[-3.18,5.3]]],[[[-61.57,12.24],[-61.55,11.99],[-61.78,12.05],[-61.57,12.24]]],[[[-60.8,13.72],[-60.94,13.66],[-61.04,14.04],[-60.8,13.72]]],[[[-61.08,14.49],[-61.19,14.88],[-60.81,14.75],[-60.78,14.43],[-61.08,14.49]]],[[[-17.16,14.62],[-17.45,14.69],[-17.39,14.88],[-17.16,14.62]]],[[[-16.24,15.78],[-16.6,15.65],[-16.47,16.16],[-16.24,15.78]]],[[[-61.35,16.49],[-61.17,16.23],[-61.58,15.91],[-61.77,16.29],[-61.35,16.49]]],[[[-64.67,17.84],[-64.58,17.71],[-64.87,17.64],[-64.67,17.84]]],[[[-64.65,44.97],[-65.49,44.52],[-65.67,44.91],[-64.63,45.3],[-66.35,45.5],[-64.56,46.22],[-64.13,45.63],[-63.09,45.3],[-64.07,44.78],[-64.65,44.97]]],[[[-72.43,46.41],[-73.62,45.69],[-73.3,45.24],[-74.77,45.24],[-75.77,44.19],[-76.71,44.45],[-75.36,45.76],[-73.1,46.74],[-71.15,47.27],[-70.56,47.07],[-68.45,48.59],[-68.46,48.13],[-70.19,47.01],[-72.43,46.41]]],[[[-56.44,46.94],[-56.49,47.07],[-56.27,47.14],[-56.44,46.94]]],[[[-53.67,47.2],[-54.08,47.2],[-54.02,47.66],[-53.67,47.2]]],[[[-53.72,47.53],[-53.75,47.6],[-53.67,47.6],[-53.72,47.53]]]]}},{"type":"Feature","properties":{"n":"Qing Dynasty","f":1696,"t":1699,"w":"Q8733"},"geometry":{"type":"MultiPolygon","coordinates":[[[[108.76,18.41],[108.7,19.38],[109.25,19.96],[110.91,20.15],[111.03,19.57],[109.86,18.35],[108.76,18.41]]],[[[120.67,21.95],[120.01,23.11],[120.96,25.04],[121.77,25.29],[122.01,25.04],[121.38,22.91],[120.67,21.95]]],[[[122.28,29.99],[121.98,29.99],[122.05,30.18],[122.28,29.99]]],[[[138.73,54.34],[140.03,54.34],[141.46,53.33],[141.15,52.52],[141.56,52.25],[140.65,51.25],[140.25,48.59],[135.11,43.47],[133.27,42.69],[131.75,43.28],[130.77,42.43],[129.84,42.95],[129.7,42.5],[128.07,41.98],[128.34,41.65],[128.1,41.39],[126.83,41.78],[124.23,39.84],[122.94,39.64],[121.42,38.74],[121.03,38.74],[121.69,39.38],[121.21,39.51],[122.23,40.48],[121.82,40.87],[121.11,40.87],[118.99,39.19],[117.78,39.13],[117.77,38.35],[119.46,37.96],[119.16,37.19],[120.75,37.9],[122.71,37.45],[122.39,36.8],[120.98,36.61],[119.23,34.81],[120.34,34.36],[120.92,32.62],[121.96,31.98],[121.58,31.4],[121.9,30.82],[120.68,30.18],[121.48,30.31],[122.03,29.92],[121.94,29.22],[121.59,29.54],[121.65,28.32],[121.12,28.32],[119.59,26.13],[119.53,25.62],[119.87,25.49],[119.27,25.49],[118.76,24.59],[118.15,24.52],[116.54,22.91],[114.64,22.72],[114.37,22.08],[113.6,22.72],[113.07,21.89],[110.42,21.18],[110.57,20.34],[110.03,20.21],[109.81,21.5],[107.24,21.69],[106.71,22.08],[106.71,22.91],[105.44,23.3],[103.96,22.53],[101.72,22.46],[101.81,21.18],[101.36,21.18],[101.16,21.76],[100.22,21.5],[99.94,22.08],[99.29,22.14],[99.57,22.98],[98.94,23.24],[98.88,24.14],[97.65,23.94],[97.65,24.78],[98.67,25.81],[98.84,26.58],[98.74,27.48],[98.16,28.19],[98.87,28.32],[99.4,29.47],[99.61,28.25],[100.68,29.73],[101.87,33.52],[101.2,33.78],[101.69,34.1],[100.85,34.55],[102.03,34.61],[101.71,35.0],[102.49,35.64],[102.84,36.74],[102.1,37.77],[101.57,37.64],[100.41,38.61],[99.81,38.48],[99.2,39.26],[97.7,39.06],[96.22,39.64],[92.59,39.26],[95.73,42.76],[95.77,43.67],[95.34,44.25],[93.8,44.91],[90.74,45.3],[91.01,46.68],[90.17,47.8],[89.03,47.99],[87.73,48.85],[88.45,49.58],[89.61,49.71],[89.48,50.25],[90.09,50.58],[89.13,51.11],[89.33,51.45],[90.25,51.85],[92.84,51.78],[94.43,53.06],[96.6,53.6],[97.81,52.99],[98.76,52.99],[98.68,52.38],[99.39,51.92],[101.91,51.51],[102.3,50.58],[103.3,50.18],[106.0,50.45],[107.78,49.98],[108.59,49.32],[110.75,49.18],[112.73,49.52],[114.01,50.25],[117.58,49.52],[119.28,50.11],[119.65,51.11],[120.67,52.05],[120.53,52.59],[119.9,52.65],[121.58,53.39],[121.12,54.14],[123.23,54.82],[124.02,56.18],[125.78,55.57],[129.71,55.29],[130.84,55.63],[130.6,54.89],[130.94,54.0],[131.76,53.87],[131.81,53.39],[138.1,53.73],[138.73,54.34]]]]}},{"type":"Feature","properties":{"n":"Kingdom of France","f":1696,"t":1699,"w":"Q207162"},"geometry":{"type":"MultiPolygon","coordinates":[[[[6.93,49.65],[8.27,49.25],[7.56,47.6],[6.82,47.6],[6.99,47.27],[5.48,45.56],[6.64,44.84],[6.81,44.32],[6.42,44.06],[6.91,43.54],[5.8,43.15],[3.85,43.6],[2.98,43.15],[3.11,42.04],[2.16,41.98],[2.13,42.5],[1.07,42.82],[-1.43,43.08],[-1.69,43.41],[-1.03,45.5],[-1.25,46.28],[-2.01,46.61],[-2.58,47.47],[-4.42,47.8],[-4.89,48.32],[-4.6,48.72],[-3.46,48.92],[-1.6,48.65],[-2.03,49.78],[0.01,49.38],[0.22,49.85],[1.45,50.25],[1.66,51.05],[4.28,50.85],[4.15,49.98],[4.66,50.05],[5.05,50.71],[5.8,50.78],[6.93,49.65]]],[[[-63.1,49.18],[-64.59,49.98],[-63.1,49.85],[-61.73,49.12],[-63.1,49.18]]]]}},{"type":"Feature","properties":{"n":"Itza Mayans","f":1696,"t":1699,"w":"Q606377"},"geometry":{"type":"Polygon","coordinates":[[[-90.38,16.04],[-90.57,17.77],[-89.17,17.77],[-89.04,16.94],[-90.38,16.04]]]}},{"type":"Feature","properties":{"n":"(Portuguese Empire)","f":1696,"t":1699,"w":"Q200464"},"geometry":{"type":"MultiPolygon","coordinates":[[[[-57.4,-34.49],[-58.39,-34.17],[-57.8,-33.66],[-57.29,-33.79],[-57.4,-34.49]]],[[[-50.18,-29.16],[-50.17,-29.09],[-50.09,-29.09],[-50.18,-29.16]]],[[[-48.49,-0.23],[-48.93,-1.51],[-48.27,-0.74],[-47.4,-0.55],[-45.44,-1.64],[-44.93,-1.45],[-44.07,-2.54],[-43.19,-2.35],[-42.32,-2.8],[-39.42,-3.12],[-37.26,-4.86],[-35.37,-5.31],[-34.84,-7.49],[-35.41,-9.36],[-37.24,-11.09],[-38.13,-12.83],[-39.03,-13.28],[-39.28,-17.78],[-41.14,-22.15],[-41.91,-22.41],[-42.12,-22.99],[-44.74,-23.05],[-44.7,-23.37],[-45.48,-23.69],[-45.37,-24.02],[-46.09,-23.82],[-48.69,-25.49],[-48.8,-26.72],[-48.45,-27.42],[-48.88,-28.64],[-49.74,-29.22],[-50.35,-30.44],[-51.25,-30.38],[-52.2,-31.66],[-51.72,-31.92],[-52.55,-32.56],[-52.9,-31.73],[-52.01,-31.15],[-51.69,-29.93],[-50.56,-29.99],[-49.18,-28.19],[-49.05,-25.88],[-49.92,-25.17],[-48.9,-22.99],[-45.61,-22.86],[-43.38,-22.21],[-42.32,-21.25],[-41.15,-18.94],[-40.76,-17.01],[-40.02,-15.91],[-39.53,-11.67],[-38.46,-10.51],[-37.87,-8.52],[-39.82,-5.18],[-42.42,-4.15],[-45.04,-3.89],[-46.47,-2.41],[-47.7,-1.84],[-49.31,-2.35],[-49.39,-2.86],[-49.82,-2.74],[-49.82,-2.29],[-51.92,-1.96],[-53.9,-2.61],[-55.28,-2.54],[-56.48,-4.28],[-56.69,-4.02],[-56.01,-2.54],[-57.4,-2.8],[-58.72,-3.38],[-61.88,-6.66],[-62.29,-7.75],[-62.65,-7.69],[-62.47,-6.72],[-59.08,-3.44],[-60.61,-3.44],[-60.75,-2.99],[-57.97,-2.48],[-56.8,-1.77],[-53.74,-1.51],[-50.67,1.96],[-49.95,1.7],[-50.39,0.74],[-48.49,-0.23]]],[[[6.3,0.35],[6.67,0.41],[6.38,0.03],[6.3,0.35]]],[[[7.34,1.51],[7.19,1.51],[7.27,1.7],[7.34,1.51]]],[[[-16.81,12.37],[-16.6,12.82],[-16.08,12.76],[-16.07,12.05],[-15.55,11.86],[-16.28,11.79],[-16.81,12.37]]],[[[-24.45,15.07],[-24.23,15.07],[-24.29,14.75],[-24.45,15.07]]],[[[-23.73,15.33],[-23.58,15.33],[-23.41,14.88],[-23.78,14.94],[-23.73,15.33]]],[[[-23.28,15.26],[-23.06,15.33],[-22.99,15.2],[-23.28,15.26]]],[[[-22.65,15.97],[-22.94,15.97],[-22.88,16.23],[-22.65,15.97]]],[[[-24.08,16.68],[-24.08,16.55],[-24.37,16.49],[-24.08,16.68]]],[[[-22.83,16.68],[-22.98,16.68],[-22.98,16.81],[-22.83,16.68]]],[[[-25.29,17.19],[-24.99,17.26],[-24.82,16.74],[-25.29,17.19]]],[[[-16.79,32.88],[-16.69,32.69],[-17.07,32.62],[-16.79,32.88]]],[[[-8.44,32.88],[-8.73,32.62],[-9.05,32.88],[-8.7,33.2],[-8.44,32.88]]],[[[-25.7,37.71],[-25.9,37.96],[-25.11,37.9],[-25.7,37.71]]],[[[-28.19,38.55],[-28.08,38.35],[-28.81,38.48],[-28.19,38.55]]],[[[-28.15,38.74],[-27.89,38.61],[-28.04,38.55],[-28.15,38.74]]],[[[-27.36,38.67],[-27.39,38.87],[-27.08,38.87],[-27.36,38.67]]],[[[-9.0,37.0],[-8.82,38.48],[-9.21,38.42],[-9.57,38.93],[-8.73,40.74],[-8.93,41.91],[-6.7,41.98],[-6.25,41.46],[-6.93,41.0],[-6.9,39.77],[-7.44,39.64],[-6.99,39.0],[-7.27,38.67],[-6.99,38.09],[-7.68,37.0],[-9.0,37.0]]],[[[35.33,-24.27],[35.03,-24.21],[34.93,-23.82],[35.38,-23.82],[35.33,-24.27]]],[[[34.54,-19.58],[34.71,-20.16],[34.34,-20.16],[34.54,-19.58]]],[[[37.26,-17.39],[37.7,-17.46],[37.63,-17.59],[37.26,-17.39]]],[[[40.75,-14.69],[40.55,-15.34],[40.17,-14.95],[40.75,-14.69]]],[[[12.89,-12.64],[13.63,-12.44],[13.55,-12.83],[12.82,-13.02],[12.89,-12.64]]],[[[123.94,-9.23],[124.38,-9.16],[124.26,-9.49],[123.94,-9.23]]],[[[13.54,-9.1],[13.11,-9.49],[12.89,-8.91],[13.25,-8.46],[13.54,-9.1]]],[[[124.71,-8.84],[125.2,-8.52],[127.23,-8.39],[124.92,-9.55],[124.71,-8.84]]],[[[122.61,-8.07],[122.82,-8.07],[122.66,-8.71],[122.28,-8.52],[122.61,-8.07]]],[[[39.82,-7.88],[39.53,-8.01],[39.52,-7.81],[39.82,-7.88]]],[[[39.12,-5.76],[39.27,-5.76],[39.43,-6.53],[39.12,-5.76]]],[[[39.55,-5.11],[39.55,-4.92],[39.77,-4.99],[39.55,-5.44],[39.55,-5.11]]],[[[39.75,-3.7],[39.39,-4.41],[39.25,-4.21],[39.75,-3.7]]],[[[8.9,3.63],[8.68,3.18],[8.31,3.24],[8.54,3.76],[8.9,3.63]]],[[[79.87,10.76],[79.86,10.73],[79.85,10.82],[79.87,10.76]]],[[[74.1,15.52],[74.52,15.26],[74.55,14.81],[74.24,14.62],[73.79,15.33],[74.1,15.52]]],[[[73.09,19.25],[72.87,19.25],[73.03,19.38],[73.09,19.25]]],[[[72.89,20.15],[73.19,20.21],[73.18,20.09],[72.89,20.15]]],[[[113.45,22.34],[113.69,22.4],[113.64,22.14],[113.45,22.34]]]]}},{"type":"Feature","properties":{"n":"(Kingdom of England)","f":1696,"t":1699,"w":"Q179876"},"geometry":{"type":"MultiPolygon","coordinates":[[[[-89.17,17.77],[-88.25,18.48],[-88.24,16.49],[-89.19,15.97],[-89.17,17.77]]],[[[-77.74,17.84],[-78.39,18.29],[-77.01,18.48],[-76.12,17.9],[-77.74,17.84]]],[[[-74.74,23.11],[-74.71,22.91],[-75.12,23.11],[-75.17,23.43],[-74.74,23.11]]],[[[-77.76,23.75],[-77.92,24.2],[-77.48,24.26],[-77.4,23.81],[-77.76,23.75]]],[[[-74.51,23.94],[-74.55,24.14],[-74.32,24.14],[-74.51,23.94]]],[[[-75.43,24.07],[-75.59,24.52],[-75.35,24.46],[-75.43,24.07]]],[[[-78.39,24.71],[-78.19,25.23],[-77.62,24.59],[-78.09,24.33],[-78.39,24.71]]],[[[-76.23,24.78],[-76.26,24.91],[-76.05,24.97],[-76.23,24.78]]],[[[-76.48,25.29],[-76.6,25.49],[-76.35,25.36],[-76.48,25.29]]],[[[-77.29,25.94],[-77.19,26.52],[-77.67,26.97],[-76.94,26.39],[-77.29,25.94]]],[[[-77.98,26.71],[-77.97,26.64],[-78.68,26.45],[-78.6,26.77],[-77.98,26.71]]],[[[-79.59,32.94],[-79.68,32.75],[-80.15,32.56],[-80.09,33.07],[-79.59,32.94]]],[[[-77.65,34.23],[-78.15,33.91],[-78.21,34.29],[-77.65,34.23]]],[[[-76.73,35.97],[-77.14,36.22],[-76.8,36.35],[-76.73,35.97]]],[[[-81.59,52.32],[-82.32,52.38],[-82.24,52.52],[-81.59,52.32]]],[[[-59.57,13.01],[-59.67,13.34],[-59.52,13.34],[-59.57,13.01]]],[[[-61.64,17.19],[-61.62,16.94],[-61.76,16.94],[-61.64,17.19]]],[[[-62.95,18.29],[-62.92,18.03],[-63.14,18.03],[-62.95,18.29]]],[[[-73.66,20.92],[-73.69,21.11],[-72.97,21.24],[-73.66,20.92]]],[[[-72.22,21.69],[-72.32,21.89],[-72.1,21.89],[-72.22,21.69]]],[[[-72.93,22.46],[-72.69,22.34],[-72.82,22.27],[-72.93,22.46]]],[[[-73.67,22.46],[-74.15,22.21],[-73.94,22.72],[-73.67,22.46]]],[[[-64.86,32.3],[-64.65,32.36],[-64.67,32.17],[-64.86,32.3]]],[[[-70.49,41.33],[-71.43,41.65],[-71.52,41.33],[-73.47,41.07],[-71.99,41.13],[-72.25,40.81],[-74.14,40.61],[-73.87,40.16],[-74.64,39.0],[-75.4,39.32],[-74.95,38.42],[-75.85,37.13],[-75.84,38.09],[-76.25,38.35],[-76.23,39.06],[-76.42,39.32],[-76.36,37.25],[-75.91,36.48],[-76.79,36.55],[-77.56,37.51],[-77.6,39.32],[-75.91,39.77],[-75.17,40.61],[-74.35,42.11],[-74.29,43.15],[-73.69,42.24],[-73.0,42.3],[-71.08,42.82],[-70.77,43.54],[-70.49,43.28],[-70.98,42.43],[-70.37,41.78],[-69.95,41.91],[-70.49,41.33]]],[[[-70.39,43.41],[-70.59,43.67],[-70.44,43.86],[-70.14,43.73],[-70.39,43.41]]],[[[-69.72,43.86],[-69.95,44.19],[-69.66,44.25],[-69.33,44.06],[-69.72,43.86]]],[[[-53.75,46.81],[-53.37,47.27],[-53.64,47.73],[-52.92,48.19],[-53.25,47.6],[-52.76,47.8],[-52.62,47.47],[-53.02,46.61],[-53.75,46.81]]],[[[-53.06,48.72],[-52.95,48.46],[-53.58,48.59],[-53.06,48.72]]],[[[-6.43,52.18],[-9.64,51.45],[-10.45,51.78],[-10.25,52.12],[-10.53,52.25],[-9.94,52.32],[-9.38,53.12],[-10.21,53.46],[-9.83,53.8],[-10.08,54.27],[-8.7,54.27],[-8.32,54.61],[-8.87,54.82],[-8.41,55.23],[-6.15,55.29],[-5.43,54.48],[-6.33,54.07],[-6.43,52.18]]],[[[-7.47,57.08],[-7.6,57.35],[-7.25,57.42],[-7.47,57.08]]],[[[-1.94,5.04],[-1.79,5.11],[-1.72,4.85],[-1.94,5.04]]],[[[-2.74,5.3],[-2.52,4.91],[-2.96,4.98],[-2.74,5.3]]],[[[-1.21,5.11],[-1.21,5.36],[-1.06,5.36],[-1.21,5.11]]],[[[80.31,12.76],[80.1,12.82],[80.2,13.14],[80.31,12.76]]],[[[72.87,19.25],[73.09,19.25],[72.99,18.99],[72.87,19.25]]],[[[88.35,22.14],[88.2,22.08],[88.15,22.27],[88.4,22.46],[88.35,22.14]]],[[[-4.38,54.41],[-4.36,54.21],[-4.86,54.07],[-4.38,54.41]]],[[[-3.26,56.05],[-1.73,55.7],[-1.29,54.68],[-0.2,54.21],[0.3,53.39],[0.17,52.86],[1.62,52.86],[1.59,52.12],[0.52,51.51],[1.38,51.38],[1.31,51.11],[0.49,50.78],[-1.37,50.85],[-1.18,50.58],[-3.13,50.71],[-3.58,50.25],[-5.75,50.05],[-4.2,51.31],[-3.09,51.25],[-2.95,51.45],[-5.08,51.58],[-5.3,51.98],[-4.16,52.45],[-4.3,52.92],[-4.79,52.79],[-4.49,53.12],[-4.7,53.46],[-3.32,53.39],[-2.97,54.14],[-3.59,54.27],[-3.57,54.89],[-5.21,54.75],[-4.77,55.43],[-5.0,55.84],[-5.44,55.91],[-5.12,55.43],[-5.57,55.57],[-5.63,55.29],[-5.89,55.29],[-5.8,55.98],[-6.63,55.63],[-5.66,56.18],[-6.29,56.32],[-5.95,57.01],[-6.82,57.49],[-6.32,57.77],[-5.7,57.14],[-5.89,57.83],[-5.2,58.67],[-3.14,58.74],[-3.43,58.18],[-4.12,57.97],[-3.99,57.7],[-1.85,57.7],[-2.21,56.87],[-3.26,56.05]]],[[[-7.56,57.7],[-7.12,57.7],[-7.11,57.63],[-7.56,57.7]]],[[[-7.13,57.77],[-7.28,58.18],[-6.26,58.53],[-6.52,57.9],[-7.13,57.77]]],[[[-2.81,59.02],[-2.79,58.88],[-3.42,58.81],[-3.38,59.22],[-2.81,59.02]]],[[[-2.83,59.16],[-2.84,59.29],[-2.58,59.36],[-2.83,59.16]]],[[[-1.67,60.21],[-1.63,60.63],[-0.83,60.84],[-1.05,60.35],[-1.67,60.21]]]]}},{"type":"Feature","properties":{"n":"Spanish Empire","f":1696,"t":1699,"w":"Q80702"},"geometry":{"type":"MultiPolygon","coordinates":[[[[-73.46,-42.24],[-73.65,-42.83],[-74.1,-42.76],[-73.46,-42.24]]],[[[-73.9,-40.17],[-73.37,-39.46],[-73.0,-39.72],[-73.9,-40.17]]],[[[-75.34,-10.77],[-75.27,-10.77],[-75.27,-10.84],[-75.34,-10.77]]],[[[-107.11,34.36],[-107.07,33.26],[-106.03,31.91],[-106.36,29.22],[-106.08,28.64],[-105.29,27.61],[-103.76,28.44],[-100.54,28.06],[-99.84,26.71],[-99.72,24.52],[-98.29,22.79],[-97.98,23.43],[-98.07,25.42],[-97.6,25.62],[-97.62,26.0],[-97.09,26.0],[-97.17,25.42],[-97.68,25.36],[-97.75,22.66],[-97.54,21.63],[-95.77,18.8],[-94.48,18.22],[-92.5,18.74],[-91.5,18.48],[-90.48,19.89],[-90.32,21.11],[-88.48,21.63],[-86.75,21.5],[-87.7,18.29],[-87.99,18.74],[-89.17,17.77],[-90.57,17.77],[-90.6,16.55],[-90.38,16.04],[-89.54,15.84],[-85.67,16.04],[-83.93,15.71],[-83.83,15.46],[-84.34,15.46],[-83.61,14.3],[-84.11,11.09],[-83.58,10.96],[-82.21,9.03],[-81.03,8.84],[-79.69,9.61],[-78.96,9.61],[-77.99,9.29],[-76.83,8.19],[-76.93,8.64],[-75.66,9.48],[-75.58,10.51],[-74.96,11.15],[-74.36,10.89],[-74.17,11.34],[-73.15,11.41],[-71.84,12.44],[-71.1,12.31],[-71.28,11.79],[-71.92,11.6],[-71.65,10.83],[-69.66,11.66],[-68.46,11.34],[-68.19,10.51],[-66.37,10.7],[-65.09,10.06],[-64.03,10.7],[-61.91,10.76],[-62.84,10.38],[-62.3,9.8],[-61.95,9.99],[-60.83,9.54],[-61.15,8.58],[-64.71,8.06],[-65.12,7.55],[-65.87,7.87],[-67.01,7.16],[-67.06,6.65],[-69.96,6.2],[-73.64,4.59],[-75.79,2.21],[-76.3,1.31],[-76.81,0.41],[-76.74,0.22],[-76.96,0.09],[-77.87,-3.25],[-77.85,-4.92],[-77.5,-6.85],[-76.34,-8.39],[-75.17,-11.35],[-73.87,-12.44],[-71.88,-13.15],[-70.67,-12.76],[-68.37,-13.28],[-65.67,-14.89],[-63.8,-15.34],[-62.59,-16.36],[-63.18,-20.61],[-64.19,-23.63],[-64.07,-24.79],[-63.27,-26.2],[-61.05,-26.78],[-59.61,-26.72],[-58.85,-26.27],[-57.5,-24.34],[-57.0,-24.47],[-58.43,-26.84],[-58.75,-30.32],[-58.27,-30.89],[-58.56,-32.76],[-58.25,-33.34],[-58.55,-34.49],[-60.29,-33.79],[-63.06,-34.62],[-64.35,-34.3],[-67.86,-34.43],[-70.36,-35.27],[-70.7,-36.3],[-71.2,-36.62],[-71.35,-37.91],[-73.34,-36.94],[-71.63,-32.69],[-71.94,-30.83],[-70.57,-25.17],[-70.53,-23.63],[-70.81,-23.5],[-70.27,-21.96],[-70.26,-19.84],[-70.44,-18.42],[-71.62,-17.33],[-75.22,-15.53],[-76.08,-14.69],[-76.46,-14.18],[-76.38,-13.41],[-77.8,-11.35],[-78.98,-8.46],[-79.98,-6.91],[-81.33,-6.14],[-81.01,-5.63],[-81.47,-4.41],[-80.05,-3.12],[-81.12,-2.29],[-81.03,-0.94],[-80.16,0.22],[-80.23,0.86],[-79.06,1.25],[-78.78,2.34],[-77.91,2.6],[-77.26,3.63],[-77.56,4.08],[-77.41,6.52],[-78.5,7.94],[-78.23,8.45],[-79.64,8.9],[-80.41,8.26],[-80.0,7.42],[-80.94,7.16],[-81.05,7.87],[-81.47,7.61],[-81.94,8.19],[-83.71,8.45],[-83.67,9.09],[-84.83,9.99],[-85.24,9.61],[-85.78,9.99],[-85.72,11.09],[-87.55,12.69],[-87.47,13.34],[-88.85,13.21],[-91.35,13.91],[-94.77,16.36],[-96.21,15.65],[-97.72,15.91],[-101.11,17.26],[-101.9,17.96],[-103.19,18.16],[-105.05,19.38],[-105.54,20.02],[-105.13,21.31],[-105.7,22.59],[-107.87,24.52],[-108.11,25.16],[-109.39,25.74],[-109.26,26.58],[-110.42,27.16],[-111.52,29.86],[-112.57,31.34],[-110.81,32.56],[-110.64,31.27],[-109.22,28.32],[-107.19,28.77],[-106.77,29.09],[-106.62,31.85],[-107.56,33.33],[-107.26,33.84],[-107.49,34.68],[-106.89,35.52],[-106.99,36.03],[-106.36,36.48],[-105.19,35.19],[-106.64,35.0],[-107.11,34.36]]],[[[-76.3,1.31],[-76.22,1.31],[-76.22,1.25],[-76.3,1.31]]],[[[-75.14,2.92],[-75.07,2.92],[-75.07,2.86],[-75.14,2.92]]],[[[-81.61,7.36],[-81.9,7.36],[-81.91,7.61],[-81.61,7.36]]],[[[-79.03,8.32],[-78.96,8.45],[-78.81,8.45],[-79.03,8.32]]],[[[-64.04,10.83],[-64.35,11.09],[-63.84,11.21],[-64.04,10.83]]],[[[-69.73,11.66],[-70.24,11.6],[-70.28,12.11],[-69.85,12.24],[-69.73,11.66]]],[[[-67.12,17.96],[-67.26,18.48],[-66.16,18.54],[-65.52,18.16],[-67.12,17.96]]],[[[-68.56,18.22],[-70.72,18.35],[-71.28,17.58],[-72.18,18.22],[-72.0,18.54],[-72.51,19.57],[-70.78,19.96],[-69.08,19.38],[-69.49,19.12],[-68.24,18.67],[-68.56,18.22]]],[[[-86.7,20.34],[-86.99,20.28],[-87.02,20.47],[-86.7,20.34]]],[[[-74.07,20.15],[-77.65,19.83],[-77.19,20.66],[-78.24,20.79],[-78.66,21.56],[-82.05,22.27],[-81.74,22.66],[-84.8,21.82],[-84.0,22.79],[-82.29,23.24],[-80.57,23.17],[-74.07,20.15]]],[[[-82.5,21.44],[-82.95,21.44],[-83.04,21.95],[-82.66,21.95],[-82.5,21.44]]],[[[-78.6,22.53],[-78.23,22.59],[-78.2,22.4],[-78.6,22.53]]],[[[-98.27,29.22],[-98.55,29.15],[-98.71,29.41],[-98.27,29.22]]],[[[-83.84,30.05],[-84.88,29.73],[-85.67,31.01],[-81.97,30.37],[-81.87,31.27],[-81.21,31.59],[-81.44,30.89],[-80.55,28.57],[-81.94,28.12],[-83.84,30.05]]],[[[-61.0,10.06],[-61.73,10.06],[-61.55,10.83],[-60.89,10.83],[-61.0,10.06]]],[[[119.34,11.15],[119.57,11.21],[119.58,10.7],[120.0,10.51],[118.85,9.93],[119.34,11.15]]],[[[119.85,11.79],[119.87,11.92],[120.09,11.92],[119.85,11.79]]],[[[119.84,12.31],[120.34,12.18],[120.32,11.99],[119.84,12.31]]],[[[120.74,13.59],[121.44,13.34],[121.29,12.18],[120.34,13.34],[120.74,13.59]]],[[[122.2,13.53],[122.16,13.21],[121.86,13.21],[121.75,13.46],[122.2,13.53]]],[[[120.1,13.72],[120.12,13.85],[120.27,13.85],[120.1,13.72]]],[[[122.13,15.01],[122.07,14.62],[121.86,14.69],[122.13,15.01]]],[[[122.26,16.23],[121.6,15.84],[121.67,14.43],[122.19,13.98],[122.76,14.36],[123.12,13.79],[123.24,14.11],[123.87,13.91],[123.61,13.59],[124.14,13.21],[124.12,12.5],[123.45,13.01],[123.06,12.82],[123.27,13.27],[122.69,13.85],[122.74,13.21],[121.82,13.91],[121.4,13.59],[120.62,13.79],[120.97,14.62],[120.35,14.43],[120.04,14.81],[119.73,16.1],[120.01,16.42],[120.4,16.1],[120.61,18.54],[122.39,18.54],[122.22,17.64],[122.64,17.13],[122.26,16.23]]],[[[-17.85,27.87],[-17.9,27.61],[-18.06,27.67],[-17.85,27.87]]],[[[-15.73,27.74],[-15.76,28.19],[-15.3,28.12],[-15.73,27.74]]],[[[-17.35,28.19],[-17.12,28.25],[-17.03,28.06],[-17.35,28.19]]],[[[-16.91,28.38],[-16.09,28.57],[-16.36,28.06],[-16.65,27.93],[-16.91,28.38]]],[[[-13.77,28.77],[-13.81,28.25],[-14.32,28.06],[-13.77,28.77]]],[[[-17.71,28.89],[-17.67,28.51],[-17.9,28.51],[-17.71,28.89]]],[[[-13.65,29.22],[-13.42,29.22],[-13.47,28.89],[-13.85,28.83],[-13.65,29.22]]],[[[-2.98,35.26],[-2.99,35.45],[-2.84,35.45],[-2.98,35.26]]],[[[-0.53,35.71],[-0.45,35.58],[-0.67,35.45],[-0.92,35.71],[-0.53,35.71]]],[[[-5.57,35.84],[-5.34,35.84],[-5.33,35.77],[-5.57,35.84]]],[[[126.2,6.39],[125.83,7.23],[125.52,7.04],[125.65,5.88],[125.33,5.49],[125.15,6.01],[124.7,5.81],[124.0,6.26],[124.09,7.42],[123.68,7.74],[122.76,7.23],[122.59,7.74],[122.23,6.97],[121.8,6.97],[122.1,8.0],[123.34,8.77],[124.09,8.19],[124.82,9.03],[125.48,9.03],[125.42,9.86],[126.24,9.29],[126.59,7.61],[126.2,6.39]]],[[[124.55,9.22],[124.77,9.29],[124.82,9.03],[124.55,9.22]]],[[[123.58,9.03],[123.44,9.09],[123.54,9.35],[123.58,9.03]]],[[[125.97,9.54],[125.83,9.61],[125.91,9.67],[125.97,9.54]]],[[[126.06,9.67],[125.92,9.74],[125.94,9.99],[126.06,9.67]]],[[[124.5,10.19],[124.62,9.93],[123.78,9.54],[123.74,9.86],[124.5,10.19]]],[[[122.81,10.12],[122.9,10.89],[123.56,10.96],[123.15,9.8],[123.22,9.03],[122.33,9.67],[122.81,10.12]]],[[[125.47,10.38],[125.7,10.44],[125.71,9.86],[125.47,10.38]]],[[[123.6,9.99],[123.48,9.48],[123.26,9.48],[124.11,11.28],[124.0,10.25],[123.6,9.99]]],[[[121.93,11.99],[123.12,11.54],[122.62,10.38],[121.9,10.44],[121.93,11.99]]],[[[125.24,10.25],[124.92,9.99],[124.25,11.21],[124.31,11.73],[124.71,11.34],[124.97,11.73],[124.27,12.56],[125.55,12.24],[125.77,11.02],[125.06,11.21],[125.24,10.25]]],[[[123.73,12.31],[124.09,11.73],[123.17,11.99],[123.24,12.5],[123.77,12.63],[123.73,12.31]]],[[[121.9,12.37],[122.13,12.44],[122.09,12.11],[121.9,12.37]]],[[[122.69,12.24],[122.41,12.37],[122.51,12.56],[122.69,12.24]]],[[[121.99,12.5],[122.02,12.69],[122.24,12.69],[121.99,12.5]]],[[[144.84,13.34],[144.61,13.27],[144.65,13.53],[144.97,13.66],[144.84,13.34]]],[[[124.11,13.53],[124.12,14.11],[124.47,13.98],[124.11,13.53]]]]}},{"type":"Feature","properties":{"n":"Principality of Moldavia","f":1696,"t":1712,"w":"Q10957559"},"geometry":{"type":"Polygon","coordinates":[[[28.44,46.15],[27.86,45.3],[26.24,45.37],[26.48,46.15],[24.88,47.53],[25.51,48.92],[27.39,48.65],[29.03,47.73],[29.48,46.68],[28.44,46.15]]]}},{"type":"Feature","properties":{"n":"Tsardom of Russia","f":1696,"t":1701,"w":"Q186096"},"geometry":{"type":"MultiPolygon","coordinates":[[[[39.53,47.33],[39.22,47.01],[39.13,47.4],[39.53,47.33]]],[[[138.15,55.02],[137.59,54.41],[137.14,54.89],[137.5,55.23],[138.15,55.02]]],[[[136.9,55.16],[137.25,55.16],[136.87,54.89],[136.53,54.89],[136.9,55.16]]],[[[27.09,57.35],[27.08,57.28],[26.99,57.28],[27.09,57.35]]],[[[107.59,77.06],[106.66,76.55],[112.07,76.81],[114.09,75.96],[113.31,75.12],[106.15,73.33],[105.53,72.92],[110.4,73.65],[111.3,74.14],[111.89,73.73],[113.21,74.05],[113.6,73.81],[113.36,73.57],[118.9,73.73],[118.4,73.33],[120.56,73.0],[123.08,73.0],[123.46,73.73],[125.08,73.81],[128.96,73.33],[128.74,72.92],[129.22,72.76],[128.74,72.53],[129.63,72.29],[128.31,71.97],[130.99,70.8],[132.46,71.97],[133.49,71.5],[139.7,71.58],[139.36,71.81],[139.8,72.21],[139.0,72.29],[141.34,72.92],[146.82,72.53],[145.13,71.74],[147.41,72.45],[149.62,72.29],[150.1,71.97],[148.95,71.74],[151.81,71.42],[152.49,70.88],[155.5,71.19],[159.39,70.95],[160.15,70.64],[159.78,69.87],[160.89,69.64],[166.9,69.56],[168.17,69.87],[168.45,69.26],[170.75,68.88],[168.43,67.15],[168.24,65.96],[168.72,65.44],[176.57,65.15],[176.19,64.93],[176.38,64.71],[177.59,64.86],[177.46,64.35],[178.45,64.42],[178.89,63.91],[178.58,63.62],[179.76,62.83],[179.0,62.33],[177.06,62.62],[175.79,62.19],[170.67,62.83],[163.99,62.69],[163.19,62.47],[163.47,62.47],[163.07,61.9],[163.42,61.83],[163.0,61.55],[162.27,61.62],[160.17,60.63],[160.23,61.05],[159.67,60.98],[160.28,61.9],[157.38,61.76],[154.25,59.85],[154.14,59.5],[154.96,59.64],[155.12,59.22],[153.4,59.22],[152.85,58.88],[151.23,58.88],[152.05,59.29],[149.7,59.78],[148.61,59.22],[142.72,59.29],[135.2,54.95],[136.92,54.68],[136.68,53.87],[137.69,54.34],[137.32,54.07],[137.86,54.0],[137.27,53.6],[131.81,53.39],[131.76,53.87],[130.94,54.0],[130.6,54.89],[130.84,55.63],[129.71,55.29],[125.78,55.57],[124.02,56.18],[123.23,54.82],[121.88,54.21],[121.31,54.34],[121.09,54.0],[121.58,53.39],[119.9,52.65],[120.53,52.59],[120.67,52.05],[119.65,51.11],[119.28,50.11],[117.83,49.52],[114.01,50.25],[112.73,49.52],[110.75,49.18],[108.59,49.32],[107.78,49.98],[106.0,50.45],[103.3,50.18],[102.3,50.58],[101.91,51.51],[99.39,51.92],[98.68,52.38],[98.76,52.99],[95.7,53.66],[94.58,54.55],[92.68,54.68],[86.66,53.26],[84.45,56.8],[72.02,56.73],[69.73,55.91],[62.66,56.39],[61.92,55.91],[59.93,51.92],[57.96,51.65],[54.24,52.45],[52.58,52.32],[51.92,49.91],[52.11,46.94],[50.84,47.14],[47.57,45.76],[46.69,44.71],[47.34,43.99],[46.8,43.73],[46.19,44.25],[47.41,46.15],[47.25,46.55],[46.3,47.4],[43.77,48.32],[45.2,50.85],[45.2,51.51],[43.52,51.58],[41.37,50.71],[40.51,51.38],[39.66,51.38],[36.43,50.45],[35.43,51.38],[34.53,51.58],[34.03,50.65],[34.98,49.85],[32.33,49.45],[31.02,50.25],[30.02,50.31],[30.58,51.85],[31.66,52.18],[31.31,53.19],[32.63,53.33],[32.36,54.27],[31.09,54.41],[31.41,54.75],[30.88,55.7],[31.42,55.77],[31.44,56.39],[30.0,56.18],[29.88,56.52],[28.29,56.52],[28.48,57.14],[27.72,56.87],[27.8,57.35],[27.3,57.56],[27.98,57.9],[27.94,58.25],[27.48,58.18],[27.94,59.29],[30.08,59.16],[30.86,59.43],[30.66,59.78],[31.1,60.21],[31.82,60.14],[32.09,60.56],[32.17,60.91],[31.6,61.26],[32.14,62.47],[30.05,63.7],[30.55,64.28],[29.81,64.86],[30.31,65.81],[29.05,66.77],[29.94,67.67],[28.42,68.42],[28.63,68.95],[30.96,69.87],[32.31,70.02],[33.44,69.33],[36.13,69.26],[41.0,67.74],[41.39,67.15],[41.04,66.7],[38.68,66.03],[32.55,67.07],[33.0,66.55],[34.87,65.88],[34.44,65.37],[34.98,64.49],[37.39,63.91],[37.88,63.99],[37.89,64.35],[36.79,64.49],[36.36,65.0],[37.21,65.3],[38.21,64.79],[40.19,64.71],[39.54,65.37],[40.4,65.96],[41.96,66.55],[43.97,66.18],[44.37,67.0],[43.6,67.3],[44.17,68.27],[43.45,68.73],[45.88,68.57],[46.66,67.82],[44.93,67.44],[45.81,66.92],[47.37,66.92],[47.78,67.67],[53.28,69.03],[54.04,68.95],[53.87,68.42],[53.3,68.27],[58.39,69.03],[59.09,69.03],[59.4,68.88],[59.24,68.42],[59.74,68.42],[60.7,68.88],[60.09,69.72],[58.34,70.18],[59.07,70.57],[60.54,69.79],[63.93,69.72],[68.49,68.27],[68.95,68.95],[66.6,69.64],[67.17,70.18],[67.19,70.8],[66.53,71.03],[68.11,71.66],[69.36,73.0],[71.78,73.0],[72.98,72.69],[71.81,71.5],[72.89,71.03],[72.5,69.03],[73.63,68.65],[73.07,67.74],[71.52,66.62],[70.4,66.4],[72.1,66.33],[74.65,67.74],[74.2,68.35],[74.59,68.88],[76.47,69.11],[77.31,68.65],[77.25,68.05],[77.88,68.35],[77.59,68.88],[76.63,69.18],[73.66,69.11],[73.41,69.72],[74.22,70.64],[72.89,71.42],[74.87,72.21],[74.86,72.92],[75.77,72.53],[75.27,71.81],[75.4,71.34],[77.19,71.27],[75.85,71.89],[77.23,72.05],[76.71,72.29],[77.48,72.69],[82.52,71.81],[82.13,72.29],[80.47,72.53],[80.55,73.16],[80.18,73.33],[80.89,73.73],[86.9,73.89],[87.0,74.46],[86.46,74.46],[86.73,74.71],[89.01,75.54],[93.58,75.87],[94.14,76.21],[97.65,76.04],[100.8,76.55],[101.49,77.24],[103.41,77.76],[106.29,77.58],[105.16,77.15],[106.07,77.24],[105.8,77.06],[107.59,77.06]]],[[[35.5,65.0],[35.46,65.22],[36.13,65.22],[35.5,65.0]]],[[[48.24,69.41],[48.61,69.56],[50.32,69.33],[49.7,68.88],[48.37,68.8],[48.24,69.41]]]]}},{"type":"Feature","properties":{"n":"Republic of Venice","f":1696,"t":1699,"w":"Q4948"},"geometry":{"type":"MultiPolygon","coordinates":[[[[17.51,42.76],[17.51,42.82],[17.59,42.82],[17.51,42.76]]],[[[17.36,43.08],[17.52,43.08],[17.52,42.95],[17.36,43.08]]],[[[16.58,43.6],[15.93,43.47],[15.07,44.39],[16.43,44.06],[17.37,43.21],[16.58,43.6]]],[[[14.99,44.45],[14.99,44.52],[15.07,44.52],[14.99,44.45]]],[[[14.27,44.97],[14.51,44.91],[14.5,44.52],[14.27,44.97]]],[[[14.68,45.17],[14.76,45.04],[14.52,45.1],[14.68,45.17]]],[[[13.78,44.91],[13.55,45.5],[14.12,45.5],[13.79,45.24],[13.78,44.91]]],[[[12.4,44.78],[10.62,45.43],[9.88,45.3],[9.31,45.89],[10.37,46.35],[10.78,45.69],[12.09,46.68],[13.56,46.55],[13.06,45.63],[12.16,45.5],[12.4,44.78]]],[[[22.89,36.42],[23.12,36.35],[23.11,36.16],[22.89,36.42]]],[[[23.06,36.67],[22.36,36.67],[22.22,37.06],[21.74,36.87],[21.25,37.96],[21.74,38.42],[23.05,38.03],[23.4,37.32],[22.71,37.58],[23.06,36.67]]],[[[24.99,37.71],[25.22,37.71],[25.29,37.51],[24.99,37.71]]],[[[20.62,37.9],[20.93,37.9],[20.92,37.64],[20.62,37.9]]],[[[20.49,38.42],[20.8,38.29],[20.79,38.09],[20.32,38.16],[20.49,38.42]]],[[[20.67,38.87],[20.73,38.61],[20.5,38.61],[20.67,38.87]]],[[[19.91,39.58],[19.76,39.64],[19.76,39.77],[19.91,39.58]]],[[[18.3,42.63],[18.31,42.69],[18.71,42.82],[18.77,42.37],[18.3,42.63]]]]}},{"type":"Feature","properties":{"n":"Swiss Confederation","f":1696,"t":1733,"w":"Q39"},"geometry":{"type":"Polygon","coordinates":[[[10.53,46.28],[10.12,46.02],[9.22,46.22],[8.9,45.89],[8.32,46.41],[7.92,45.96],[7.1,45.89],[6.68,46.41],[6.03,46.22],[6.1,46.61],[7.08,46.94],[6.98,47.53],[8.06,47.33],[9.04,47.73],[9.62,47.53],[9.46,47.27],[9.96,46.87],[10.45,46.94],[10.53,46.28]]]}},{"type":"Feature","properties":{"n":"Habsburg Monarchy","f":1696,"t":1699,"w":"Q66504140"},"geometry":{"type":"MultiPolygon","coordinates":[[[[7.63,48.32],[8.21,48.26],[8.06,47.33],[7.56,47.53],[7.89,47.66],[7.63,48.32]]],[[[8.71,47.93],[8.79,47.86],[8.63,47.86],[8.71,47.93]]],[[[8.21,47.99],[8.21,48.13],[8.38,48.13],[8.21,47.99]]],[[[8.71,48.19],[8.54,48.26],[8.54,48.32],[8.71,48.19]]],[[[8.87,48.32],[9.04,48.26],[9.04,48.19],[8.87,48.32]]],[[[8.21,48.39],[8.45,48.39],[8.29,48.32],[8.21,48.39]]],[[[8.37,48.46],[8.29,48.59],[8.45,48.59],[8.37,48.46]]],[[[7.79,48.52],[7.79,48.59],[7.95,48.59],[7.79,48.52]]],[[[8.62,48.65],[8.7,48.52],[8.62,48.52],[8.62,48.65]]],[[[7.95,48.59],[7.95,48.65],[8.04,48.65],[8.04,48.59],[7.95,48.59]]],[[[8.12,48.65],[8.04,48.65],[8.03,48.72],[8.12,48.65]]],[[[9.29,47.99],[9.29,47.8],[8.88,47.73],[9.29,47.99]]],[[[9.54,47.99],[9.54,47.86],[9.37,47.93],[9.54,47.99]]],[[[10.36,47.99],[10.12,48.06],[10.2,48.26],[10.36,47.99]]],[[[9.95,48.46],[10.03,48.26],[9.45,48.19],[9.95,48.46]]],[[[9.37,48.46],[9.37,48.26],[9.2,48.32],[9.37,48.46]]],[[[24.69,48.13],[25.02,47.2],[25.67,47.14],[26.44,45.76],[23.14,45.24],[22.38,46.02],[19.94,46.15],[20.29,45.24],[20.02,44.71],[15.82,45.24],[15.8,44.71],[15.15,44.45],[14.6,45.37],[14.03,45.04],[13.79,45.24],[14.12,45.5],[13.31,45.82],[13.56,46.55],[12.09,46.68],[10.78,45.69],[10.45,45.82],[10.45,46.94],[9.54,47.2],[9.62,47.53],[12.51,47.66],[12.18,47.07],[13.74,47.07],[13.18,48.06],[14.1,48.65],[12.53,49.52],[12.12,50.25],[14.33,51.05],[15.0,50.91],[15.13,52.25],[15.81,52.25],[16.13,51.71],[17.32,51.71],[17.55,51.25],[18.71,50.85],[19.19,50.38],[18.88,49.45],[22.78,49.12],[24.69,48.13]],[[20.29,49.25],[20.28,49.12],[20.45,49.18],[20.29,49.25]]],[[[10.11,48.46],[10.28,48.39],[10.28,48.32],[10.11,48.46]]]]}},{"type":"Feature","properties":{"n":"English Colonial Empire","f":1696,"t":1699,"w":"Q617219"},"geometry":{"type":"MultiPolygon","coordinates":[[[[-89.17,17.77],[-88.25,18.48],[-88.24,16.49],[-89.19,15.97],[-89.17,17.77]]],[[[-77.74,17.84],[-78.39,18.29],[-77.01,18.48],[-76.12,17.9],[-77.74,17.84]]],[[[-73.67,22.46],[-74.15,22.21],[-73.9,22.46],[-73.94,22.72],[-73.67,22.46]]],[[[-74.74,23.11],[-74.71,22.91],[-75.12,23.11],[-75.17,23.43],[-74.74,23.11]]],[[[-77.4,23.81],[-77.76,23.75],[-77.92,24.2],[-77.48,24.26],[-77.4,23.81]]],[[[-74.51,23.94],[-74.55,24.14],[-74.32,24.14],[-74.51,23.94]]],[[[-75.43,24.07],[-75.59,24.52],[-75.35,24.46],[-75.43,24.07]]],[[[-78.35,24.52],[-78.19,25.23],[-77.62,24.59],[-78.35,24.52]]],[[[-76.23,24.78],[-76.26,24.91],[-76.05,24.97],[-76.23,24.78]]],[[[-76.48,25.29],[-76.6,25.49],[-76.35,25.36],[-76.48,25.29]]],[[[-77.29,25.94],[-77.19,26.52],[-77.67,26.97],[-76.97,26.52],[-77.29,25.94]]],[[[-78.6,26.77],[-77.97,26.64],[-78.68,26.45],[-78.6,26.77]]],[[[-79.59,32.94],[-79.68,32.75],[-80.15,32.56],[-80.09,33.07],[-79.59,32.94]]],[[[-77.65,34.23],[-78.15,33.91],[-78.21,34.29],[-77.65,34.23]]],[[[-76.73,35.97],[-77.14,36.22],[-76.8,36.35],[-76.73,35.97]]],[[[-70.49,41.33],[-71.43,41.65],[-71.52,41.33],[-73.47,41.07],[-71.99,41.13],[-72.25,40.81],[-74.14,40.61],[-73.87,40.16],[-74.64,39.0],[-75.4,39.32],[-74.95,38.42],[-75.85,37.13],[-75.84,38.09],[-76.25,38.35],[-76.23,39.06],[-76.42,39.32],[-76.36,37.25],[-75.91,36.48],[-76.79,36.55],[-77.56,37.51],[-77.6,39.32],[-75.91,39.77],[-75.17,40.61],[-74.35,42.11],[-74.29,43.15],[-73.69,42.24],[-73.0,42.3],[-71.08,42.82],[-70.77,43.54],[-70.49,43.28],[-70.98,42.43],[-69.86,41.72],[-70.49,41.33]]],[[[-81.59,52.32],[-82.32,52.38],[-82.24,52.52],[-81.59,52.32]]],[[[-1.94,5.04],[-1.79,5.11],[-1.72,4.85],[-1.94,5.04]]],[[[-2.96,4.98],[-2.96,5.17],[-2.74,5.3],[-2.52,4.91],[-2.96,4.98]]],[[[-1.21,5.11],[-1.21,5.36],[-1.06,5.36],[-1.21,5.11]]],[[[80.31,12.76],[80.1,12.82],[80.2,13.14],[80.31,12.76]]],[[[-59.36,13.08],[-59.57,13.01],[-59.67,13.34],[-59.36,13.08]]],[[[-61.64,17.19],[-61.62,16.94],[-61.76,16.94],[-61.64,17.19]]],[[[-62.95,18.29],[-62.92,18.03],[-63.14,18.03],[-62.95,18.29]]],[[[72.87,19.25],[73.09,19.25],[72.99,18.99],[72.87,19.25]]],[[[-73.0,20.99],[-73.66,20.92],[-73.49,21.24],[-73.0,20.99]]],[[[-72.22,21.69],[-72.32,21.89],[-72.1,21.89],[-72.22,21.69]]],[[[88.35,22.14],[88.2,22.08],[88.15,22.27],[88.4,22.46],[88.35,22.14]]],[[[-72.82,22.27],[-72.93,22.46],[-72.69,22.34],[-72.82,22.27]]],[[[-64.86,32.3],[-64.65,32.36],[-64.67,32.17],[-64.86,32.3]]],[[[-70.39,43.41],[-70.59,43.67],[-70.44,43.86],[-70.14,43.73],[-70.39,43.41]]],[[[-69.33,44.06],[-69.48,43.86],[-69.95,44.19],[-69.33,44.06]]],[[[-53.75,46.81],[-53.37,47.27],[-53.64,47.73],[-52.92,48.19],[-53.25,47.6],[-52.76,47.8],[-52.62,47.47],[-53.02,46.61],[-53.75,46.81]]],[[[-52.95,48.46],[-53.39,48.32],[-53.58,48.59],[-52.95,48.46]]]]}},{"type":"Feature","properties":{"n":"Principality of Wallachia","f":1696,"t":1717,"w":"Q171393"},"geometry":{"type":"Polygon","coordinates":[[[26.1,45.63],[27.63,45.43],[28.0,45.04],[27.83,44.19],[25.43,43.6],[22.95,43.8],[22.5,44.32],[22.55,44.97],[26.1,45.63]]]}},{"type":"Feature","properties":{"n":"Ottoman Empire","f":1696,"t":1699,"w":"Q12560"},"geometry":{"type":"MultiPolygon","coordinates":[[[[30.88,46.68],[29.61,45.69],[29.53,44.91],[28.8,44.97],[28.48,43.47],[27.51,42.63],[28.05,41.59],[28.96,41.13],[31.18,41.07],[32.63,41.91],[35.12,42.04],[36.21,41.26],[38.3,40.87],[40.37,40.94],[41.58,41.52],[42.86,41.59],[43.77,40.87],[43.65,40.16],[44.77,39.77],[44.07,39.38],[44.31,37.9],[45.35,36.03],[46.25,35.84],[45.44,33.91],[47.98,31.72],[47.74,31.01],[48.6,29.99],[47.87,29.54],[47.25,30.12],[45.68,30.31],[43.15,32.81],[40.93,34.1],[38.91,33.26],[37.31,30.89],[37.16,30.05],[37.68,28.96],[41.41,23.11],[43.69,20.09],[44.31,19.38],[44.46,19.44],[43.51,18.29],[43.04,16.49],[41.24,18.61],[40.85,19.7],[39.35,20.79],[38.6,23.62],[37.44,24.33],[37.27,25.23],[35.41,27.87],[34.59,28.06],[34.91,29.41],[34.12,27.74],[32.44,29.79],[35.15,24.65],[35.86,24.01],[35.55,23.69],[35.81,22.91],[31.23,22.01],[31.32,22.4],[30.01,23.11],[28.57,24.65],[28.15,27.35],[25.37,29.28],[22.77,30.37],[20.95,30.56],[18.73,29.99],[15.18,30.89],[14.28,31.91],[11.77,32.3],[9.63,33.14],[8.93,34.16],[7.61,34.55],[2.92,34.36],[2.45,34.61],[1.75,34.74],[-0.47,34.36],[-1.58,33.46],[-1.72,34.68],[-2.12,35.07],[-1.36,35.26],[-1.22,35.64],[-0.67,35.45],[0.68,36.42],[4.47,36.93],[5.56,36.67],[6.33,37.06],[8.52,36.87],[9.6,37.32],[10.23,37.25],[10.23,36.8],[11.01,37.0],[10.46,35.9],[11.08,35.58],[11.08,35.0],[10.0,34.29],[10.24,33.71],[12.23,32.81],[13.3,32.94],[15.06,32.43],[15.65,31.4],[17.85,30.95],[18.97,30.24],[20.2,30.89],[20.02,32.24],[21.88,32.94],[23.09,32.62],[23.3,32.17],[24.89,31.98],[25.25,31.46],[26.85,31.46],[28.87,30.82],[30.97,31.66],[31.88,31.46],[32.0,31.08],[33.98,31.14],[34.55,31.53],[35.64,34.36],[36.05,34.55],[35.84,36.29],[36.14,36.93],[35.49,36.61],[34.58,36.87],[33.98,36.29],[32.71,36.03],[31.09,36.93],[29.94,36.22],[29.24,36.22],[29.12,36.74],[28.59,36.87],[28.03,36.67],[28.07,37.13],[27.22,37.32],[27.28,38.03],[26.43,38.22],[26.38,38.67],[26.59,38.35],[27.08,38.55],[26.85,39.58],[26.13,39.51],[26.17,39.97],[26.6,40.48],[29.05,40.36],[28.91,40.61],[29.49,40.87],[29.12,41.07],[27.53,41.07],[26.92,40.48],[24.35,41.0],[23.7,40.81],[23.74,40.23],[22.65,40.61],[22.61,39.9],[23.14,39.45],[22.8,39.06],[23.49,38.87],[22.94,38.74],[24.03,38.67],[23.98,37.84],[23.04,37.9],[22.6,38.42],[21.19,38.42],[20.74,38.8],[20.91,39.06],[19.25,40.61],[19.54,41.78],[18.71,42.82],[17.52,43.02],[16.43,44.06],[15.23,44.32],[15.8,44.71],[15.82,45.24],[20.02,44.71],[20.29,45.24],[19.94,46.15],[21.49,46.15],[22.38,46.02],[22.74,45.3],[22.5,44.32],[22.95,43.8],[25.43,43.6],[27.83,44.19],[27.86,45.3],[28.44,46.15],[29.48,46.68],[29.14,47.27],[29.53,47.8],[30.33,48.19],[30.75,47.6],[31.8,47.47],[31.94,46.68],[30.88,46.68]]],[[[2.53,34.42],[2.53,34.49],[2.61,34.49],[2.53,34.42]]],[[[25.68,35.13],[26.23,35.19],[24.82,35.0],[23.62,35.52],[25.68,35.13]]],[[[25.57,37.13],[25.56,37.0],[25.33,37.0],[25.57,37.13]]],[[[24.36,37.71],[24.43,37.58],[24.27,37.51],[24.36,37.71]]],[[[26.31,37.71],[26.3,37.58],[25.99,37.51],[26.31,37.71]]],[[[24.77,38.03],[25.07,37.77],[24.83,37.71],[24.77,38.03]]],[[[26.22,38.55],[26.11,38.16],[25.88,38.16],[26.22,38.55]]],[[[23.56,38.74],[23.48,38.74],[23.49,38.8],[23.56,38.74]]],[[[24.67,38.93],[24.66,38.74],[24.36,38.87],[24.67,38.93]]],[[[25.79,39.19],[26.04,39.38],[26.64,39.0],[25.79,39.19]]],[[[20.15,39.58],[20.07,39.58],[20.07,39.64],[20.15,39.58]]],[[[25.46,40.03],[25.45,39.84],[24.97,39.84],[25.46,40.03]]],[[[26.04,40.29],[26.02,40.16],[25.7,40.1],[26.04,40.29]]],[[[24.81,40.81],[24.79,40.61],[24.55,40.55],[24.81,40.81]]],[[[43.71,10.25],[43.17,11.54],[44.08,10.57],[45.11,10.51],[44.87,10.06],[43.71,10.25]]],[[[43.24,13.08],[43.25,13.4],[43.68,13.27],[43.81,12.69],[43.24,13.08]]],[[[39.3,15.39],[39.26,16.04],[39.41,16.04],[39.74,15.26],[39.3,15.39]]],[[[37.7,18.8],[37.54,18.61],[37.1,18.74],[37.34,19.12],[37.7,18.8]]],[[[44.25,19.57],[44.25,19.64],[44.33,19.64],[44.25,19.57]]],[[[44.18,19.64],[44.18,19.7],[44.26,19.7],[44.18,19.64]]],[[[40.06,25.49],[40.06,25.55],[40.14,25.55],[40.06,25.49]]],[[[33.04,34.55],[32.23,34.94],[34.54,35.71],[34.09,35.0],[33.04,34.55]]],[[[28.02,36.48],[28.25,36.48],[28.14,36.03],[27.74,35.9],[28.02,36.48]]],[[[27.19,36.8],[26.87,36.67],[27.04,36.93],[27.19,36.8]]],[[[41.33,42.89],[41.17,42.89],[41.2,43.02],[41.33,42.89]]],[[[40.96,43.02],[40.97,43.08],[41.13,43.08],[40.96,43.02]]],[[[33.93,44.45],[33.47,44.65],[35.4,45.1],[33.93,44.45]]],[[[36.42,45.43],[36.38,45.17],[36.23,45.24],[36.42,45.43]]]]}},{"type":"Feature","properties":{"n":"(Spanish Empire)","f":1696,"t":1699,"w":"Q80702"},"geometry":{"type":"MultiPolygon","coordinates":[[[[-73.65,-42.83],[-74.1,-42.76],[-74.03,-42.44],[-73.46,-42.24],[-73.65,-42.83]]],[[[-73.9,-40.17],[-73.37,-39.46],[-73.0,-39.72],[-73.9,-40.17]]],[[[-75.34,-10.77],[-75.27,-10.77],[-75.27,-10.84],[-75.34,-10.77]]],[[[-107.11,34.36],[-107.07,33.26],[-106.03,31.91],[-106.36,29.22],[-106.08,28.64],[-105.29,27.61],[-103.76,28.44],[-100.54,28.06],[-99.84,26.71],[-99.72,24.52],[-98.29,22.79],[-97.98,23.43],[-98.07,25.42],[-97.6,25.62],[-97.62,26.0],[-97.09,26.0],[-97.17,25.42],[-97.68,25.36],[-97.75,22.66],[-97.54,21.63],[-95.77,18.8],[-94.48,18.22],[-92.5,18.74],[-91.5,18.48],[-90.48,19.89],[-90.32,21.11],[-88.48,21.63],[-86.75,21.5],[-87.7,18.29],[-87.99,18.74],[-89.17,17.77],[-90.57,17.77],[-90.6,16.55],[-90.38,16.04],[-89.54,15.84],[-85.67,16.04],[-83.93,15.71],[-83.83,15.46],[-84.34,15.46],[-83.61,14.3],[-84.11,11.09],[-83.58,10.96],[-82.21,9.03],[-81.03,8.84],[-79.69,9.61],[-78.96,9.61],[-77.99,9.29],[-76.83,8.19],[-76.93,8.64],[-75.66,9.48],[-75.58,10.51],[-74.96,11.15],[-74.36,10.89],[-74.17,11.34],[-73.15,11.41],[-71.84,12.44],[-71.1,12.31],[-71.28,11.79],[-71.92,11.6],[-71.65,10.83],[-69.66,11.66],[-68.46,11.34],[-68.19,10.51],[-66.37,10.7],[-65.09,10.06],[-64.03,10.7],[-61.91,10.76],[-62.84,10.38],[-62.3,9.8],[-61.95,9.99],[-60.83,9.54],[-61.15,8.58],[-64.71,8.06],[-65.12,7.55],[-65.87,7.87],[-67.01,7.16],[-67.06,6.65],[-69.96,6.2],[-73.64,4.59],[-75.79,2.21],[-76.3,1.31],[-76.81,0.41],[-76.74,0.22],[-76.96,0.09],[-77.87,-3.25],[-77.85,-4.92],[-77.5,-6.85],[-76.34,-8.39],[-75.17,-11.35],[-73.87,-12.44],[-71.88,-13.15],[-70.67,-12.76],[-68.37,-13.28],[-65.67,-14.89],[-63.8,-15.34],[-62.59,-16.36],[-63.18,-20.61],[-64.19,-23.63],[-64.07,-24.79],[-63.27,-26.2],[-61.05,-26.78],[-59.61,-26.72],[-58.85,-26.27],[-57.5,-24.34],[-57.0,-24.47],[-58.43,-26.84],[-58.75,-30.32],[-58.27,-30.89],[-58.56,-32.76],[-58.25,-33.34],[-58.55,-34.49],[-60.29,-33.79],[-63.06,-34.62],[-64.35,-34.3],[-67.86,-34.43],[-70.36,-35.27],[-70.7,-36.3],[-71.2,-36.62],[-71.35,-37.91],[-73.34,-36.94],[-71.63,-32.69],[-71.94,-30.83],[-70.57,-25.17],[-70.53,-23.63],[-70.81,-23.5],[-70.27,-21.96],[-70.26,-19.84],[-70.44,-18.42],[-71.62,-17.33],[-75.22,-15.53],[-76.08,-14.69],[-76.46,-14.18],[-76.38,-13.41],[-77.8,-11.35],[-78.98,-8.46],[-79.98,-6.91],[-81.33,-6.14],[-81.01,-5.63],[-81.47,-4.41],[-80.05,-3.12],[-81.12,-2.29],[-81.03,-0.94],[-80.16,0.22],[-80.23,0.86],[-79.06,1.25],[-78.78,2.34],[-77.91,2.6],[-77.26,3.63],[-77.56,4.08],[-77.41,6.52],[-78.5,7.94],[-78.23,8.45],[-79.64,8.9],[-80.41,8.26],[-80.0,7.42],[-80.94,7.16],[-81.05,7.87],[-81.47,7.61],[-81.94,8.19],[-83.71,8.45],[-83.67,9.09],[-84.83,9.99],[-85.24,9.61],[-85.78,9.99],[-85.72,11.09],[-87.55,12.69],[-87.47,13.34],[-88.85,13.21],[-91.35,13.91],[-94.77,16.36],[-96.21,15.65],[-97.72,15.91],[-101.11,17.26],[-101.9,17.96],[-103.19,18.16],[-105.05,19.38],[-105.54,20.02],[-105.13,21.31],[-105.7,22.59],[-107.87,24.52],[-108.11,25.16],[-109.39,25.74],[-109.26,26.58],[-110.42,27.16],[-111.52,29.86],[-112.57,31.34],[-110.81,32.56],[-110.64,31.27],[-109.22,28.32],[-107.19,28.77],[-106.77,29.09],[-106.62,31.85],[-107.56,33.33],[-107.26,33.84],[-107.49,34.68],[-106.89,35.52],[-106.99,36.03],[-106.36,36.48],[-105.19,35.19],[-106.73,34.87],[-107.11,34.36]]],[[[-76.3,1.31],[-76.22,1.31],[-76.22,1.25],[-76.3,1.31]]],[[[-75.14,2.92],[-75.07,2.92],[-75.07,2.86],[-75.14,2.92]]],[[[-81.9,7.36],[-81.91,7.61],[-81.7,7.68],[-81.9,7.36]]],[[[-79.03,8.32],[-78.96,8.45],[-78.81,8.45],[-79.03,8.32]]],[[[-61.0,10.06],[-61.73,10.06],[-61.55,10.83],[-60.89,10.83],[-61.0,10.06]]],[[[-64.04,10.83],[-64.35,11.09],[-63.84,11.21],[-64.04,10.83]]],[[[-69.73,11.66],[-70.24,11.6],[-70.28,12.11],[-69.85,12.24],[-69.73,11.66]]],[[[-67.12,17.96],[-67.26,18.48],[-66.16,18.54],[-65.52,18.16],[-67.12,17.96]]],[[[-68.56,18.22],[-70.72,18.35],[-71.28,17.58],[-72.18,18.22],[-72.0,18.54],[-72.51,19.57],[-70.78,19.96],[-69.08,19.38],[-69.49,19.12],[-68.24,18.67],[-68.56,18.22]]],[[[-86.7,20.34],[-86.99,20.28],[-87.02,20.47],[-86.67,20.6],[-86.7,20.34]]],[[[-74.07,20.15],[-77.65,19.83],[-77.19,20.66],[-78.24,20.79],[-78.66,21.56],[-82.05,22.27],[-81.74,22.66],[-84.8,21.82],[-84.0,22.79],[-82.29,23.24],[-80.57,23.17],[-74.07,20.15]]],[[[-82.5,21.44],[-82.95,21.44],[-83.04,21.95],[-82.66,21.95],[-82.5,21.44]]],[[[-78.6,22.53],[-78.23,22.59],[-78.2,22.4],[-78.6,22.53]]],[[[-17.85,27.87],[-17.9,27.61],[-18.06,27.67],[-17.85,27.87]]],[[[-17.71,28.89],[-17.67,28.51],[-17.9,28.51],[-17.71,28.89]]],[[[-98.27,29.22],[-98.55,29.15],[-98.71,29.41],[-98.27,29.22]]],[[[-83.84,30.05],[-84.88,29.73],[-85.67,31.01],[-81.97,30.37],[-81.87,31.27],[-81.21,31.59],[-81.44,30.89],[-80.55,28.57],[-81.94,28.12],[-83.84,30.05]]],[[[120.0,10.51],[118.85,9.93],[118.73,10.19],[119.19,10.44],[119.34,11.15],[120.0,10.51]]],[[[119.85,11.79],[119.87,11.92],[120.09,11.92],[119.85,11.79]]],[[[119.84,12.31],[120.34,12.18],[120.32,11.99],[119.84,12.31]]],[[[-15.73,27.74],[-15.76,28.19],[-15.3,28.12],[-15.73,27.74]]],[[[-17.35,28.19],[-17.12,28.25],[-17.03,28.06],[-17.35,28.19]]],[[[-16.91,28.38],[-16.09,28.57],[-16.36,28.06],[-16.65,27.93],[-16.91,28.38]]],[[[-13.77,28.77],[-13.81,28.25],[-14.32,28.06],[-13.77,28.77]]],[[[-13.65,29.22],[-13.42,29.22],[-13.47,28.89],[-13.86,28.96],[-13.65,29.22]]],[[[-2.98,35.26],[-2.99,35.45],[-2.84,35.45],[-2.98,35.26]]],[[[-0.53,35.71],[-0.45,35.58],[-0.91,35.52],[-0.53,35.71]]],[[[-5.34,35.84],[-5.33,35.77],[-5.49,35.71],[-5.34,35.84]]],[[[1.65,39.13],[1.66,39.0],[1.27,38.8],[1.18,39.06],[1.65,39.13]]],[[[2.34,39.64],[2.88,39.97],[3.52,39.77],[3.3,39.32],[2.34,39.64]]],[[[18.44,40.1],[18.11,39.9],[17.35,40.55],[16.62,40.29],[16.45,39.64],[17.14,39.06],[15.93,37.96],[15.39,38.16],[15.05,36.74],[12.49,37.71],[12.65,38.09],[14.6,38.03],[15.86,38.29],[16.27,38.74],[15.75,40.03],[13.79,41.13],[13.96,41.72],[13.01,42.04],[12.86,42.5],[13.99,42.95],[14.37,42.24],[16.12,41.91],[15.94,41.39],[18.44,40.1]]],[[[0.04,42.69],[2.13,42.5],[2.16,41.98],[3.11,41.98],[0.7,40.94],[-0.13,40.03],[-0.31,39.13],[0.1,38.74],[-0.66,38.29],[-0.7,37.64],[-1.71,37.45],[-2.06,36.8],[-4.47,36.74],[-5.66,36.03],[-6.06,36.22],[-6.43,37.0],[-7.39,37.25],[-7.5,37.71],[-6.99,38.09],[-7.27,38.67],[-6.99,39.0],[-7.44,39.64],[-6.9,39.77],[-6.93,41.0],[-6.27,41.65],[-6.7,41.98],[-8.93,41.91],[-8.66,42.37],[-9.3,43.15],[-8.24,43.73],[-1.69,43.34],[0.04,42.69]]],[[[4.22,40.1],[4.3,39.84],[3.83,39.9],[4.22,40.1]]],[[[9.59,39.13],[8.34,39.0],[8.15,40.94],[9.5,41.2],[9.59,39.13]]],[[[11.34,42.43],[11.18,42.5],[11.18,42.56],[11.34,42.43]]],[[[10.46,42.89],[10.46,42.69],[10.21,42.69],[10.46,42.89]]],[[[10.86,43.08],[10.94,42.89],[10.7,42.95],[10.86,43.08]]],[[[9.32,45.17],[9.4,44.45],[8.34,45.1],[8.58,45.56],[7.92,45.96],[8.32,46.41],[8.9,45.89],[9.39,46.22],[9.31,45.69],[10.45,45.17],[9.32,45.17]]],[[[4.28,50.85],[2.6,50.85],[2.49,51.18],[5.37,51.25],[4.66,50.05],[4.15,49.98],[4.28,50.85]]],[[[126.2,6.39],[125.83,7.23],[125.52,7.04],[125.65,5.88],[125.33,5.49],[125.15,6.01],[124.7,5.81],[124.0,6.26],[124.09,7.42],[123.68,7.74],[122.76,7.23],[122.59,7.74],[122.23,6.97],[121.8,6.97],[122.1,8.0],[123.34,8.77],[124.09,8.19],[124.82,9.03],[125.48,9.03],[125.42,9.86],[126.24,9.29],[126.59,7.61],[126.2,6.39]]],[[[124.55,9.22],[124.77,9.29],[124.82,9.03],[124.55,9.22]]],[[[123.58,9.03],[123.44,9.09],[123.54,9.35],[123.58,9.03]]],[[[125.83,9.61],[125.92,9.74],[125.91,9.67],[125.83,9.61]]],[[[126.06,9.67],[125.92,9.74],[125.94,9.99],[126.06,9.67]]],[[[124.5,10.19],[124.62,9.93],[123.78,9.54],[123.74,9.86],[124.5,10.19]]],[[[122.81,10.12],[122.9,10.89],[123.56,10.96],[123.15,9.8],[123.22,9.03],[122.33,9.67],[122.81,10.12]]],[[[125.47,10.38],[125.7,10.44],[125.71,9.86],[125.47,10.38]]],[[[123.6,9.99],[123.48,9.48],[123.26,9.48],[124.11,11.28],[124.0,10.25],[123.6,9.99]]],[[[121.93,11.99],[123.12,11.54],[122.62,10.38],[121.9,10.44],[121.93,11.99]]],[[[125.24,10.25],[124.92,9.99],[124.25,11.21],[124.31,11.73],[124.71,11.34],[124.97,11.73],[124.27,12.56],[125.55,12.24],[125.77,11.02],[125.06,11.21],[125.24,10.25]]],[[[123.73,12.31],[124.09,11.73],[123.17,11.99],[123.24,12.5],[123.77,12.63],[123.73,12.31]]],[[[121.9,12.37],[122.13,12.44],[122.09,12.11],[121.9,12.37]]],[[[122.69,12.24],[122.41,12.37],[122.51,12.56],[122.69,12.24]]],[[[121.99,12.5],[122.02,12.69],[122.24,12.69],[121.99,12.5]]],[[[120.74,13.59],[121.44,13.34],[121.29,12.18],[120.34,13.34],[120.74,13.59]]],[[[122.2,13.53],[122.16,13.21],[121.86,13.21],[121.75,13.46],[122.2,13.53]]],[[[144.84,13.34],[144.61,13.27],[144.65,13.53],[144.97,13.66],[144.84,13.34]]],[[[120.1,13.72],[120.12,13.85],[120.27,13.85],[120.1,13.72]]],[[[124.11,13.53],[124.12,14.11],[124.47,13.98],[124.11,13.53]]],[[[122.13,15.01],[122.07,14.62],[121.86,14.69],[122.13,15.01]]],[[[121.49,15.14],[121.84,14.11],[122.76,14.36],[123.12,13.79],[123.24,14.11],[123.87,13.91],[123.61,13.59],[124.14,13.21],[124.12,12.5],[123.45,13.01],[123.06,12.82],[123.27,13.27],[122.69,13.85],[122.74,13.21],[121.82,13.91],[121.4,13.59],[120.62,13.79],[120.97,14.62],[120.35,14.43],[119.73,16.1],[120.01,16.42],[120.4,16.1],[120.61,18.54],[122.39,18.54],[122.22,17.64],[122.64,17.13],[121.49,15.14]]]]}},{"type":"Feature","properties":{"n":"(Kingdom of France)","f":1696,"t":1699,"w":"Q207162"},"geometry":{"type":"MultiPolygon","coordinates":[[[[-64.67,17.84],[-64.58,17.71],[-64.87,17.64],[-64.67,17.84]]],[[[-73.92,18.03],[-74.44,18.61],[-72.3,18.61],[-72.79,19.51],[-73.41,19.64],[-72.64,19.96],[-72.1,19.83],[-72.51,19.57],[-72.0,18.54],[-73.92,18.03]]],[[[-91.71,33.97],[-91.43,33.65],[-91.84,33.71],[-91.71,33.97]]],[[[-89.72,41.0],[-89.5,40.74],[-89.78,40.68],[-89.72,41.0]]],[[[-78.52,42.95],[-78.62,42.82],[-79.09,43.28],[-78.52,42.95]]],[[[-90.67,43.15],[-91.07,43.15],[-91.02,43.47],[-90.67,43.15]]],[[[-88.01,44.39],[-88.32,44.65],[-88.16,44.78],[-87.76,44.52],[-88.01,44.39]]],[[[-65.49,44.52],[-65.67,44.91],[-64.63,45.3],[-66.35,45.5],[-64.56,46.22],[-64.13,45.63],[-63.09,45.3],[-64.07,44.78],[-64.65,44.97],[-65.49,44.52]]],[[[-84.74,45.76],[-84.1,45.5],[-84.39,45.43],[-84.74,45.76]]],[[[-72.43,46.41],[-73.62,45.69],[-73.3,45.24],[-74.77,45.24],[-75.77,44.19],[-76.71,44.45],[-75.36,45.76],[-73.1,46.74],[-71.15,47.27],[-70.56,47.07],[-68.45,48.59],[-68.46,48.13],[-70.19,47.01],[-72.43,46.41]]],[[[-84.76,46.48],[-84.47,46.41],[-84.81,46.28],[-84.76,46.48]]],[[[-91.15,46.87],[-90.7,46.55],[-91.03,46.55],[-91.15,46.87]]],[[[-78.92,47.47],[-79.45,47.66],[-79.16,47.73],[-78.92,47.47]]],[[[-79.57,47.73],[-79.45,47.66],[-79.53,47.66],[-79.57,47.73]]],[[[-64.59,49.98],[-63.1,49.85],[-61.73,49.12],[-63.1,49.18],[-64.59,49.98]]],[[[-80.76,51.25],[-80.8,51.05],[-81.35,51.11],[-81.36,51.38],[-80.76,51.25]]],[[[-87.08,52.25],[-86.8,51.98],[-87.09,51.92],[-87.08,52.25]]],[[[-92.16,56.94],[-92.25,56.94],[-92.19,56.87],[-93.03,57.21],[-92.5,57.21],[-92.31,57.01],[-92.16,56.94]]],[[[55.59,-20.86],[55.77,-21.31],[55.41,-21.44],[55.1,-21.25],[55.59,-20.86]]],[[[44.94,-13.02],[44.93,-12.7],[45.15,-12.76],[44.94,-13.02]]],[[[43.52,-12.38],[43.52,-12.25],[43.74,-12.25],[43.52,-12.38]]],[[[44.33,-12.44],[44.18,-12.19],[44.47,-12.19],[44.33,-12.44]]],[[[43.36,-11.93],[43.06,-11.61],[43.34,-11.35],[43.36,-11.93]]],[[[-54.27,5.24],[-54.06,5.75],[-52.89,5.49],[-51.71,4.53],[-51.77,3.95],[-54.27,5.24]]],[[[-3.18,5.3],[-3.18,5.11],[-3.69,5.11],[-3.18,5.3]]],[[[79.72,11.79],[79.88,11.92],[79.87,11.79],[79.72,11.79]]],[[[-61.57,12.24],[-61.55,11.99],[-61.78,12.05],[-61.57,12.24]]],[[[-60.8,13.72],[-60.94,13.66],[-61.04,14.04],[-60.8,13.72]]],[[[-61.08,14.49],[-61.19,14.88],[-60.81,14.75],[-60.78,14.43],[-61.08,14.49]]],[[[-17.16,14.62],[-17.45,14.69],[-17.39,14.88],[-17.16,14.62]]],[[[-16.6,15.65],[-16.47,16.16],[-16.25,16.1],[-16.6,15.65]]],[[[-61.17,16.23],[-61.74,15.97],[-61.77,16.29],[-61.17,16.23]]],[[[88.49,22.59],[88.34,22.59],[88.44,22.79],[88.49,22.59]]],[[[6.4,50.51],[6.07,50.25],[6.93,49.65],[8.27,49.25],[7.56,47.6],[6.82,47.6],[6.99,47.27],[5.48,45.56],[6.64,44.84],[6.81,44.32],[6.42,44.06],[6.91,43.54],[5.8,43.15],[3.85,43.6],[2.98,43.15],[3.11,42.04],[2.16,41.98],[2.13,42.5],[1.07,42.82],[-1.43,43.08],[-1.69,43.41],[-1.03,45.5],[-1.25,46.28],[-2.01,46.61],[-2.58,47.47],[-4.42,47.8],[-4.89,48.32],[-4.6,48.72],[-3.46,48.92],[-1.6,48.65],[-2.03,49.78],[0.01,49.38],[0.22,49.85],[1.45,50.25],[1.66,51.05],[4.28,50.85],[4.15,49.98],[4.66,50.05],[5.05,50.71],[6.4,50.51]]],[[[-56.44,46.94],[-56.49,47.07],[-56.27,47.14],[-56.44,46.94]]],[[[-54.08,47.2],[-54.02,47.66],[-53.72,47.53],[-53.67,47.2],[-54.08,47.2]]],[[[-53.75,47.6],[-53.67,47.6],[-53.64,47.53],[-53.75,47.6]]]]}},{"type":"Feature","properties":{"n":"(Habsburg Monarchy)","f":1696,"t":1699,"w":"Q66504140"},"geometry":{"type":"MultiPolygon","coordinates":[[[[7.63,48.32],[8.21,48.26],[8.06,47.33],[7.56,47.53],[7.89,47.66],[7.63,48.32]]],[[[8.71,47.93],[8.79,47.86],[8.63,47.86],[8.71,47.93]]],[[[8.21,47.99],[8.21,48.13],[8.38,48.13],[8.21,47.99]]],[[[8.71,48.19],[8.54,48.26],[8.54,48.32],[8.71,48.19]]],[[[8.87,48.32],[9.04,48.26],[9.04,48.19],[8.87,48.32]]],[[[8.21,48.39],[8.45,48.39],[8.29,48.32],[8.21,48.39]]],[[[8.37,48.46],[8.29,48.59],[8.45,48.59],[8.37,48.46]]],[[[7.79,48.52],[7.79,48.59],[7.95,48.59],[7.79,48.52]]],[[[8.62,48.65],[8.7,48.52],[8.62,48.52],[8.62,48.65]]],[[[7.95,48.59],[7.95,48.65],[8.04,48.65],[8.04,48.59],[7.95,48.59]]],[[[8.12,48.65],[8.04,48.65],[8.03,48.72],[8.12,48.65]]],[[[9.29,47.99],[9.29,47.8],[8.88,47.73],[9.29,47.99]]],[[[9.54,47.99],[9.54,47.86],[9.37,47.93],[9.54,47.99]]],[[[10.36,47.99],[10.12,48.06],[10.2,48.26],[10.36,47.99]]],[[[9.95,48.46],[10.03,48.26],[9.45,48.19],[9.95,48.46]]],[[[9.37,48.46],[9.37,48.26],[9.2,48.32],[9.37,48.46]]],[[[24.69,48.13],[25.02,47.2],[25.67,47.14],[26.44,45.76],[23.14,45.24],[22.38,46.02],[19.94,46.15],[20.29,45.24],[20.02,44.71],[15.82,45.24],[15.8,44.71],[15.15,44.45],[14.6,45.37],[14.03,45.04],[13.79,45.24],[14.12,45.5],[13.31,45.82],[13.56,46.55],[12.09,46.68],[10.78,45.69],[10.45,45.82],[10.45,46.94],[9.54,47.2],[9.62,47.53],[12.51,47.66],[12.18,47.07],[13.74,47.07],[13.18,48.06],[14.1,48.65],[12.53,49.52],[12.12,50.25],[14.33,51.05],[15.0,50.91],[15.13,52.25],[15.81,52.25],[16.13,51.71],[17.32,51.71],[17.55,51.25],[18.71,50.85],[19.19,50.38],[18.88,49.45],[22.78,49.12],[24.69,48.13]],[[20.29,49.25],[20.28,49.12],[20.45,49.18],[20.29,49.25]]],[[[10.11,48.46],[10.28,48.39],[10.28,48.32],[10.11,48.46]]]]}},{"type":"Feature","properties":{"n":"(Holy Roman Empire)","f":1696,"t":1699,"w":"Q12548"},"geometry":{"type":"MultiPolygon","coordinates":[[[[8.03,44.06],[8.11,44.52],[8.59,44.71],[8.03,44.06]]],[[[8.75,44.91],[8.51,44.91],[8.59,45.04],[8.75,44.91]]],[[[6.83,47.14],[7.08,46.94],[6.51,46.87],[6.83,47.14]]],[[[6.98,47.6],[6.99,47.47],[6.82,47.6],[6.98,47.6]]],[[[7.55,47.93],[7.89,47.66],[7.56,47.53],[7.55,47.93]]],[[[8.46,53.94],[8.81,53.87],[8.72,53.66],[8.46,53.94]]],[[[9.4,54.82],[9.58,54.55],[8.8,54.14],[8.71,54.61],[9.4,54.82]]],[[[9.75,55.57],[8.53,54.89],[8.79,55.77],[9.75,55.57]]],[[[9.24,44.91],[9.32,45.17],[10.45,45.04],[10.62,45.43],[11.35,44.84],[10.62,43.8],[9.24,44.91]]],[[[9.54,47.2],[9.63,47.14],[9.46,47.14],[9.54,47.2]]],[[[13.0,47.53],[13.18,48.06],[13.74,47.07],[12.18,47.07],[12.51,47.66],[13.0,47.53]]],[[[13.36,48.99],[14.1,48.65],[13.85,48.46],[13.27,48.59],[13.36,48.99]]],[[[12.8,50.65],[12.63,50.65],[12.55,50.91],[12.8,50.65]]],[[[8.27,49.25],[6.07,50.25],[6.4,50.51],[6.07,50.45],[5.97,50.98],[5.22,50.71],[5.77,51.78],[6.88,51.45],[6.45,51.85],[6.95,52.25],[6.68,52.65],[7.18,53.33],[6.91,53.6],[7.94,53.73],[7.61,53.12],[8.13,52.79],[8.64,53.12],[8.82,52.79],[10.79,54.27],[11.48,53.8],[11.4,54.14],[12.44,54.41],[13.12,53.66],[13.55,53.8],[13.2,53.33],[11.74,53.6],[11.13,53.33],[11.39,53.06],[10.79,52.99],[10.96,52.45],[10.53,52.12],[10.87,51.65],[11.38,51.78],[11.29,51.45],[10.1,51.18],[11.88,50.98],[12.05,51.31],[12.55,50.91],[11.79,50.85],[12.21,50.78],[12.12,50.18],[11.2,49.78],[11.28,49.12],[10.94,48.85],[10.03,49.12],[10.53,48.26],[10.12,48.06],[10.53,48.19],[10.69,47.73],[10.37,47.33],[9.04,47.73],[9.29,47.99],[8.22,47.66],[8.21,47.99],[8.21,48.26],[7.71,48.32],[8.27,49.25]],[[8.46,47.99],[8.38,48.13],[8.21,47.99],[8.46,47.99]],[[10.44,51.65],[10.44,51.45],[10.78,51.45],[10.44,51.65]],[[10.2,48.46],[10.11,48.46],[10.11,48.32],[10.2,48.46]],[[9.95,48.46],[9.45,48.46],[9.45,48.19],[9.95,48.46]],[[9.54,47.86],[9.54,47.99],[9.37,47.93],[9.54,47.86]],[[9.37,48.26],[9.37,48.46],[9.2,48.32],[9.37,48.26]],[[8.71,48.19],[8.79,48.32],[8.54,48.32],[8.71,48.19]],[[9.04,48.19],[9.04,48.26],[8.87,48.32],[9.04,48.19]],[[7.98,51.98],[8.91,52.12],[8.91,52.52],[8.14,52.59],[7.98,51.98]],[[8.71,47.99],[8.63,47.99],[8.79,47.86],[8.71,47.99]],[[8.62,48.65],[8.53,48.59],[8.62,48.52],[8.62,48.65]],[[8.45,48.39],[8.21,48.39],[8.29,48.32],[8.45,48.39]],[[8.29,48.59],[8.37,48.46],[8.45,48.59],[8.29,48.59]],[[7.55,52.12],[7.8,52.12],[7.8,52.45],[7.28,52.59],[7.55,52.12]],[[7.05,51.58],[7.06,51.31],[7.57,51.25],[7.56,51.65],[7.05,51.58]]],[[[11.71,51.31],[11.46,51.51],[12.4,51.85],[11.71,51.31]]],[[[9.93,54.55],[10.19,54.55],[10.1,54.21],[9.75,54.14],[9.93,54.55]]]]}},{"type":"Feature","properties":{"n":"Kingdom of Spain","f":1696,"t":1699,"w":"Q29"},"geometry":{"type":"MultiPolygon","coordinates":[[[[1.27,38.8],[1.18,39.06],[1.65,39.13],[1.27,38.8]]],[[[3.52,39.77],[3.3,39.32],[2.35,39.45],[2.88,39.97],[3.52,39.77]]],[[[-1.69,43.34],[0.04,42.69],[1.07,42.82],[2.13,42.5],[2.16,41.98],[3.11,41.98],[0.7,40.94],[-0.13,40.03],[-0.31,39.13],[0.1,38.74],[-0.66,38.29],[-0.7,37.64],[-1.71,37.45],[-2.06,36.8],[-4.47,36.74],[-5.66,36.03],[-6.43,37.0],[-7.39,37.25],[-7.5,37.71],[-6.99,38.09],[-7.27,38.67],[-6.99,39.0],[-7.44,39.64],[-6.9,39.77],[-6.93,41.0],[-6.27,41.65],[-6.7,41.98],[-8.93,41.91],[-8.66,42.37],[-9.3,43.15],[-8.24,43.73],[-1.69,43.34]]],[[[4.22,40.1],[4.3,39.84],[3.83,39.9],[4.22,40.1]]],[[[9.59,39.13],[8.34,39.0],[8.15,40.94],[9.5,41.2],[9.82,40.36],[9.59,39.13]]],[[[4.15,49.98],[4.28,50.85],[2.6,50.85],[2.49,51.18],[5.02,51.45],[5.37,51.25],[5.22,50.71],[4.15,49.98]]],[[[15.94,41.39],[17.98,40.61],[18.35,39.9],[17.35,40.55],[16.62,40.29],[16.45,39.64],[17.14,39.06],[15.93,37.96],[15.39,38.16],[15.05,36.74],[12.49,37.71],[12.65,38.09],[14.6,38.03],[15.86,38.29],[16.27,38.74],[15.75,40.03],[13.79,41.13],[13.96,41.72],[13.01,42.04],[12.86,42.5],[13.99,42.95],[14.37,42.24],[16.12,41.91],[15.94,41.39]]],[[[11.18,42.56],[11.34,42.63],[11.34,42.43],[11.18,42.56]]],[[[10.21,42.69],[10.13,42.89],[10.46,42.89],[10.21,42.69]]],[[[10.86,43.08],[10.94,42.89],[10.7,42.95],[10.86,43.08]]],[[[9.32,45.17],[9.4,44.45],[8.34,45.1],[8.58,45.56],[7.92,45.96],[8.32,46.41],[8.9,45.89],[9.39,46.22],[9.31,45.69],[10.45,45.17],[9.32,45.17]]]]}},{"type":"Feature","properties":{"n":"Dzungar Khanate","f":1696,"t":1708,"w":"Q1923401"},"geometry":{"type":"Polygon","coordinates":[[[90.17,47.8],[91.01,46.68],[90.74,45.3],[93.8,44.91],[95.34,44.25],[95.9,43.28],[92.59,39.26],[90.95,38.67],[90.94,38.03],[91.53,37.51],[90.94,36.93],[91.36,36.8],[91.25,36.48],[88.67,36.67],[86.8,36.42],[85.89,35.77],[82.35,35.84],[81.67,35.39],[80.15,35.45],[79.44,35.97],[77.98,35.45],[76.09,35.9],[75.96,36.55],[75.31,37.0],[73.8,36.87],[73.79,39.0],[73.4,39.51],[73.82,41.07],[73.38,42.11],[74.33,43.41],[74.01,44.71],[74.32,45.96],[75.45,46.55],[78.97,46.35],[80.55,48.26],[83.84,48.72],[85.22,49.65],[86.78,49.58],[88.64,48.19],[90.17,47.8]]]}},{"type":"Feature","properties":{"n":"Polish-Lithuanian Commonwealth","f":1696,"t":1699,"w":"Q172107"},"geometry":{"type":"MultiPolygon","coordinates":[[[[20.45,49.18],[20.28,49.12],[20.29,49.25],[20.45,49.18]]],[[[27.21,57.56],[27.8,57.35],[27.72,56.87],[28.48,57.14],[28.29,56.52],[29.1,56.59],[29.14,56.32],[31.44,56.39],[31.42,55.77],[30.88,55.7],[31.41,54.75],[31.09,54.41],[32.58,54.0],[32.63,53.33],[31.31,53.19],[31.66,52.18],[30.58,51.85],[30.02,50.31],[31.02,50.25],[32.82,49.38],[30.73,48.72],[30.57,48.19],[29.14,47.27],[29.03,47.73],[27.39,48.65],[25.34,48.92],[25.54,48.39],[24.91,47.8],[22.78,49.12],[18.88,49.45],[19.24,49.85],[19.03,50.58],[17.55,51.25],[17.32,51.71],[16.13,51.71],[15.49,52.65],[16.1,52.86],[16.4,53.8],[16.91,53.6],[17.62,54.0],[18.02,54.89],[18.46,54.89],[18.69,54.41],[20.83,54.07],[20.1,53.66],[19.45,54.21],[18.7,53.39],[19.74,53.46],[20.4,53.06],[22.42,53.6],[22.81,54.89],[20.84,56.18],[21.6,57.63],[22.52,57.83],[23.59,57.08],[23.47,56.8],[25.45,56.39],[26.53,56.59],[27.21,57.56]]]]}},{"type":"Feature","properties":{"n":"(Dutch Republic)","f":1696,"t":1699,"w":"Q170072"},"geometry":{"type":"MultiPolygon","coordinates":[[[[18.55,-34.11],[18.17,-34.36],[17.9,-33.14],[19.36,-33.34],[20.49,-34.49],[19.42,-34.82],[18.55,-34.11]]],[[[57.57,-20.54],[57.19,-20.54],[57.45,-19.96],[57.57,-20.54]]],[[[-1.94,4.79],[-1.87,4.79],[-1.87,4.72],[-1.94,4.79]]],[[[-2.16,4.91],[-2.16,5.04],[-1.94,5.04],[-2.16,4.91]]],[[[-2.52,5.11],[-2.3,5.17],[-2.31,4.85],[-2.52,5.11]]],[[[-1.5,4.98],[-1.79,4.91],[-1.57,5.3],[-1.21,5.11],[-1.5,4.98]]],[[[-0.92,5.43],[-0.85,5.17],[-1.06,5.17],[-0.92,5.43]]],[[[-0.55,5.62],[-0.48,5.62],[-0.48,5.56],[-0.55,5.62]]],[[[-0.18,5.75],[-0.48,5.36],[-0.4,5.62],[-0.18,5.75]]],[[[79.88,9.86],[80.45,9.74],[81.4,8.51],[81.88,6.71],[81.34,6.14],[80.23,5.88],[79.76,6.65],[79.88,9.86]],[[81.11,8.64],[81.04,8.64],[81.04,8.58],[81.11,8.64]]],[[[76.56,9.41],[76.26,9.35],[76.21,9.67],[76.56,9.41]]],[[[75.59,11.34],[75.81,11.41],[75.93,10.96],[75.59,11.34]]],[[[75.29,12.31],[75.41,11.92],[75.27,11.92],[75.29,12.31]]],[[[80.21,12.44],[80.0,12.5],[80.09,12.76],[80.21,12.44]]],[[[80.38,13.46],[80.41,13.08],[80.2,13.14],[80.38,13.46]]],[[[4.8,44.12],[4.88,44.25],[5.04,44.19],[4.8,44.12]]],[[[5.72,50.78],[5.71,51.05],[5.97,50.98],[5.72,50.78]]],[[[5.78,51.38],[5.37,51.25],[3.41,51.45],[3.75,51.45],[3.4,51.65],[4.22,52.18],[4.69,53.19],[5.06,52.65],[5.54,53.39],[7.18,53.26],[6.68,52.65],[6.94,52.38],[6.7,51.92],[5.77,51.78],[5.78,51.38]]],[[[123.74,-9.36],[124.26,-9.49],[124.65,-8.91],[125.02,-9.04],[124.4,-10.19],[123.17,-10.39],[123.74,-9.36]]],[[[118.9,-8.26],[119.08,-8.78],[118.5,-8.84],[118.39,-8.26],[118.9,-8.26]]],[[[122.79,-8.59],[122.78,-8.46],[123.78,-8.2],[123.52,-8.59],[122.79,-8.59]]],[[[123.96,-8.59],[123.8,-8.39],[124.36,-8.14],[125.02,-8.2],[123.96,-8.59]]],[[[111.38,-7.24],[108.24,-7.11],[107.99,-7.81],[106.28,-7.43],[106.6,-6.53],[106.35,-5.95],[108.26,-6.27],[108.87,-6.79],[110.34,-6.91],[110.6,-6.4],[111.2,-6.66],[111.38,-7.24]]],[[[121.99,-5.37],[121.77,-5.44],[121.68,-5.11],[121.99,-5.37]]],[[[119.65,-5.31],[120.32,-5.56],[119.23,-5.5],[119.47,-4.54],[119.65,-5.31]]],[[[123.12,-4.73],[122.81,-5.69],[122.14,-5.44],[122.18,-4.79],[122.81,-4.41],[123.12,-4.73]]],[[[125.11,-1.71],[125.19,-1.9],[124.25,-2.03],[124.24,-1.64],[125.11,-1.71]]],[[[101.42,-3.12],[100.2,-0.87],[98.95,0.41],[99.67,0.29],[100.56,-0.74],[101.42,-3.12]]],[[[124.96,1.25],[124.61,1.51],[125.12,1.7],[124.96,1.25]]],[[[102.1,3.05],[102.67,2.73],[102.42,2.02],[101.71,2.47],[102.1,3.05]]],[[[88.37,22.79],[88.46,22.91],[88.6,22.85],[88.37,22.79]]],[[[130.95,-8.33],[130.59,-8.39],[130.86,-8.14],[130.95,-8.33]]],[[[127.66,-8.26],[127.64,-8.07],[127.79,-8.07],[127.66,-8.26]]],[[[129.46,-8.01],[129.44,-7.75],[129.74,-7.81],[129.46,-8.01]]],[[[126.4,-8.01],[125.67,-8.01],[125.71,-7.69],[126.51,-7.56],[126.4,-8.01]]],[[[130.97,-7.69],[131.58,-7.11],[131.55,-7.69],[131.22,-8.07],[130.97,-7.69]]],[[[130.81,-7.56],[130.87,-7.36],[131.02,-7.36],[130.81,-7.56]]],[[[128.38,-7.24],[128.37,-7.11],[128.59,-7.04],[128.38,-7.24]]],[[[134.53,-5.44],[134.68,-6.59],[133.97,-6.91],[134.18,-5.63],[134.53,-5.44]]],[[[132.5,-5.69],[132.95,-5.76],[132.82,-6.01],[132.5,-5.69]]],[[[132.86,-5.5],[133.07,-5.44],[133.01,-5.56],[132.86,-5.5]]],[[[128.24,-3.51],[128.25,-3.7],[127.81,-3.83],[128.24,-3.51]]],[[[126.36,-3.83],[125.89,-3.12],[126.83,-3.06],[127.21,-3.44],[126.36,-3.83]]],[[[127.71,-3.19],[128.28,-2.8],[129.66,-2.8],[130.79,-3.51],[130.73,-3.89],[129.76,-3.38],[127.71,-3.19]]],[[[126.01,-2.48],[125.26,-1.77],[126.14,-1.77],[126.01,-2.48]]],[[[130.22,-2.09],[129.64,-1.96],[129.7,-1.77],[130.06,-1.64],[130.22,-2.09]]],[[[128.02,-1.51],[128.03,-1.77],[127.3,-1.77],[127.22,-1.45],[128.02,-1.51]]]]}},{"type":"Feature","properties":{"n":"Dutch Cape Coast","f":1696,"t":1699,"w":"Q221283"},"geometry":{"type":"MultiPolygon","coordinates":[[[[19.42,-34.82],[18.55,-34.11],[18.17,-34.36],[17.9,-33.14],[19.36,-33.34],[20.49,-34.49],[19.42,-34.82]]],[[[-1.87,4.79],[-1.87,4.72],[-1.94,4.72],[-1.87,4.79]]],[[[-1.94,4.79],[-2.16,4.91],[-2.16,5.04],[-1.94,4.79]]],[[[-2.31,4.85],[-2.45,4.85],[-2.52,5.11],[-2.31,4.85]]],[[[-1.57,5.3],[-1.21,5.36],[-1.21,5.11],[-1.79,5.11],[-1.57,5.3]]],[[[-1.06,5.17],[-1.06,5.43],[-0.92,5.43],[-1.06,5.17]]],[[[-0.48,5.62],[-0.48,5.56],[-0.55,5.56],[-0.48,5.62]]],[[[-0.19,5.49],[-0.48,5.36],[-0.4,5.81],[-0.19,5.49]]]]}},{"type":"Feature","properties":{"n":"House of Savoy","f":1696,"t":1701,"w":"Q200229"},"geometry":{"type":"Polygon","coordinates":[[[8.83,44.65],[8.35,44.71],[8.03,44.12],[6.91,43.54],[6.42,44.06],[6.81,44.32],[6.64,44.84],[5.48,45.56],[6.68,46.41],[7.1,45.89],[8.33,45.76],[8.83,44.65]]]}}]}