{"type":"FeatureCollection","act":{"from":300,"to":400,"years_inclusive":[300,399]},"attribution":{"source":"Cliopatria v0.2.0 (Seshat Global History Databank)","release":"GitHub tag v0.2.0 — https://github.com/Seshat-Global-History-Databank/cliopatria/releases/tag/v0.2.0","release_archive_sha256":"04e9f0d8ecb1d18a0cbb7d37a0b963a2c0ca4ebc2935708d27cc5d5131e4d5b8","internal_label_note":"The payload self-identifies as \"cliopatria_polities_only_v012\"; cite the release tag, not that label.","licence":"CC BY 4.0 — https://creativecommons.org/licenses/by/4.0/","citation":"Bennett, J.S., Mutch, E., Tollefson, A. et al. (2025). Cliopatria — A geospatial database of world-wide political entities from 3400BCE to 2024CE. Scientific Data 12, 247. https://doi.org/10.1038/s41597-025-04516-9","changes_made":"Changes were made. Features filtered to those overlapping this act window; polygons simplified with Douglas-Peucker at 0.25 degrees (topology preserved), invalid geometries repaired, and coordinates snapped to a 0.01 degree grid (2 decimal places); properties reduced to Name (n), FromYear (f), ToYear (t) and Wikidata Q-ID (w)."},"features":[{"type":"Feature","properties":{"n":"Kingdom of Kush","f":-630,"t":337,"w":"Q241790"},"geometry":{"type":"Polygon","coordinates":[[[34.26,19.64],[36.05,16.81],[34.71,16.49],[34.68,15.78],[32.53,15.2],[31.73,15.59],[31.39,16.36],[30.54,23.36],[33.39,23.81],[33.82,23.49],[34.26,19.64]]]}},{"type":"Feature","properties":{"n":"Byeonhan","f":-91,"t":533,"w":"Q1378584"},"geometry":{"type":"Polygon","coordinates":[[[128.81,35.0],[128.68,34.74],[127.45,34.74],[127.93,35.9],[129.35,35.32],[128.5,35.0],[128.81,35.0]]]}},{"type":"Feature","properties":{"n":"Jinhan","f":-91,"t":372,"w":"Q701273"},"geometry":{"type":"Polygon","coordinates":[[[127.85,35.9],[127.99,36.8],[129.43,37.32],[129.35,35.32],[127.85,35.9]]]}},{"type":"Feature","properties":{"n":"Mahan","f":-91,"t":337,"w":"Q421372"},"geometry":{"type":"Polygon","coordinates":[[[126.12,34.36],[126.77,35.9],[126.05,36.8],[126.68,37.13],[126.31,37.77],[126.94,38.35],[127.61,38.29],[128.09,36.22],[127.56,35.45],[127.52,34.55],[126.12,34.36]]]}},{"type":"Feature","properties":{"n":"Dongye","f":-36,"t":312,"w":"Q105946539"},"geometry":{"type":"Polygon","coordinates":[[[127.99,36.8],[127.61,38.29],[126.94,38.35],[126.85,39.19],[127.59,39.51],[127.48,39.19],[129.39,37.38],[127.99,36.8]]]}},{"type":"Feature","properties":{"n":"Cimmerian Bosporus","f":78,"t":370,"w":"Q321371"},"geometry":{"type":"MultiPolygon","coordinates":[[[[34.62,45.89],[35.02,45.3],[36.42,45.43],[36.37,45.1],[35.41,45.17],[33.52,44.45],[33.61,45.1],[32.92,45.43],[34.62,45.89]]],[[[37.93,44.71],[36.78,45.1],[36.75,45.43],[37.7,45.3],[37.59,45.63],[38.33,46.15],[37.84,46.61],[39.22,47.01],[39.2,47.33],[38.35,47.2],[38.49,47.53],[39.72,47.47],[37.93,44.71]]]]}},{"type":"Feature","properties":{"n":"Anurādhapura","f":78,"t":438,"w":"Q5724"},"geometry":{"type":"Polygon","coordinates":[[[81.88,6.71],[81.34,6.14],[80.23,5.88],[79.61,7.87],[80.05,9.16],[79.88,9.86],[80.45,9.74],[81.92,7.42],[81.88,6.71]]]}},{"type":"Feature","properties":{"n":"Pyu City-States","f":84,"t":849,"w":"Q1627675"},"geometry":{"type":"MultiPolygon","coordinates":[[[[96.19,18.86],[95.09,18.35],[94.41,20.86],[95.29,23.69],[96.59,23.88],[96.83,22.14],[96.19,18.86]]],[[[96.73,23.81],[96.8,23.81],[96.79,23.75],[96.73,23.81]]],[[[96.67,23.88],[96.74,23.88],[96.73,23.81],[96.67,23.88]]]]}},{"type":"Feature","properties":{"n":"Huns","f":106,"t":370,"w":"Q45813"},"geometry":{"type":"MultiPolygon","coordinates":[[[[46.7,44.78],[46.78,44.78],[46.61,44.71],[46.7,44.78]]],[[[53.1,46.02],[53.18,46.02],[53.17,45.96],[53.1,46.02]]],[[[47.17,46.15],[49.41,47.33],[51.26,47.8],[53.1,47.86],[54.55,46.55],[54.29,45.56],[53.67,45.37],[53.06,45.56],[53.35,46.35],[53.11,47.01],[51.58,47.14],[50.3,46.94],[48.06,45.76],[47.17,46.15]]]]}},{"type":"Feature","properties":{"n":"Teotihuacan","f":106,"t":655,"w":"Q172613"},"geometry":{"type":"Polygon","coordinates":[[[-98.74,19.7],[-98.02,19.38],[-98.29,18.86],[-98.87,19.19],[-98.74,19.7]]]}},{"type":"Feature","properties":{"n":"Wusun","f":165,"t":386,"w":"Q854062"},"geometry":{"type":"Polygon","coordinates":[[[80.05,42.43],[76.82,41.46],[76.8,41.85],[76.16,41.85],[76.16,42.5],[75.7,42.56],[75.77,42.95],[78.63,42.89],[80.05,42.43]]]}},{"type":"Feature","properties":{"n":"Chámpa","f":207,"t":545,"w":"Q216786"},"geometry":{"type":"Polygon","coordinates":[[[108.02,15.01],[106.52,16.87],[106.95,17.26],[109.02,15.33],[109.51,12.95],[109.05,11.47],[108.08,11.92],[108.02,15.01]]]}},{"type":"Feature","properties":{"n":"Zapotec Civilization","f":207,"t":509,"w":"Q844750"},"geometry":{"type":"MultiPolygon","coordinates":[[[[-94.6,17.13],[-94.54,16.29],[-96.21,15.65],[-98.05,16.1],[-97.77,16.68],[-98.06,17.96],[-94.6,17.13]]],[[[-94.84,17.26],[-94.85,17.32],[-94.78,17.32],[-94.84,17.26]]]]}},{"type":"Feature","properties":{"n":"Burgundians","f":224,"t":346,"w":"Q13590051"},"geometry":{"type":"MultiPolygon","coordinates":[[[[20.69,52.52],[20.99,51.98],[19.79,50.58],[18.08,50.18],[17.86,50.71],[16.53,51.11],[15.8,51.85],[14.61,51.98],[14.55,52.65],[14.05,53.06],[14.32,53.39],[15.25,53.19],[17.17,53.73],[19.17,52.72],[20.69,52.52]]],[[[15.07,55.02],[14.64,55.09],[14.64,55.29],[15.07,55.02]]]]}},{"type":"Feature","properties":{"n":"Goguryeo","f":238,"t":305,"w":"Q28370"},"geometry":{"type":"Polygon","coordinates":[[[129.76,40.87],[127.59,39.51],[126.73,39.38],[126.83,39.84],[126.27,40.36],[126.74,41.0],[125.83,41.33],[124.68,41.13],[123.13,41.85],[126.47,42.82],[130.92,42.89],[129.74,41.72],[129.76,40.87]]]}},{"type":"Feature","properties":{"n":"Funan","f":238,"t":545,"w":"Q867782"},"geometry":{"type":"Polygon","coordinates":[[[109.05,11.41],[107.34,10.38],[107.0,10.7],[106.6,9.54],[104.77,8.51],[105.03,9.99],[104.16,10.56],[104.01,9.87],[103.53,10.48],[103.6,11.09],[103.06,10.83],[102.87,11.86],[102.22,11.99],[101.68,13.08],[101.87,14.04],[106.3,13.08],[108.24,13.34],[108.14,11.79],[109.05,11.41]]]}},{"type":"Feature","properties":{"n":"Kingdom of Axum","f":238,"t":352,"w":"Q139377"},"geometry":{"type":"MultiPolygon","coordinates":[[[[42.44,13.27],[41.32,12.82],[38.97,12.82],[38.11,13.4],[38.0,14.17],[38.56,15.2],[39.61,15.59],[39.73,15.2],[39.97,15.52],[42.44,13.27]]],[[[38.33,15.01],[38.4,15.01],[38.4,14.94],[38.33,15.01]]],[[[42.49,17.19],[43.55,17.77],[44.02,16.94],[44.0,15.14],[42.82,15.07],[42.49,17.19]]]]}},{"type":"Feature","properties":{"n":"Vakataka Kingdom","f":260,"t":305,"w":"Q1501306"},"geometry":{"type":"Polygon","coordinates":[[[74.46,18.94],[73.91,20.6],[74.31,22.22],[77.21,22.95],[80.76,22.14],[82.22,23.01],[83.46,23.1],[83.94,22.56],[84.58,22.57],[84.44,21.43],[83.73,20.41],[80.8,20.0],[80.73,18.59],[79.19,17.73],[78.76,15.73],[77.31,14.86],[75.97,14.69],[75.01,15.54],[75.06,16.77],[73.72,18.61],[74.46,18.94]]]}},{"type":"Feature","properties":{"n":"Tamna","f":263,"t":681,"w":"Q28057"},"geometry":{"type":"Polygon","coordinates":[[[126.14,33.2],[127.0,33.59],[126.7,33.26],[126.14,33.2]]]}},{"type":"Feature","properties":{"n":"Western Satraps","f":270,"t":305,"w":"Q2086608"},"geometry":{"type":"Polygon","coordinates":[[[72.73,19.38],[72.9,20.92],[72.53,22.27],[72.11,21.89],[72.1,21.11],[71.09,20.66],[70.3,20.86],[68.95,22.21],[70.37,22.91],[68.81,22.98],[68.16,23.81],[67.29,24.07],[67.15,24.78],[66.63,24.84],[67.49,25.74],[67.17,27.22],[67.56,27.8],[69.83,28.32],[71.7,29.47],[72.87,29.28],[77.52,26.58],[78.58,24.71],[79.81,24.46],[81.31,23.43],[80.76,22.14],[77.21,22.95],[74.31,22.22],[74.04,19.83],[72.73,19.38]]]}},{"type":"Feature","properties":{"n":"Gothia","f":270,"t":307,"w":"Q422253"},"geometry":{"type":"MultiPolygon","coordinates":[[[[29.67,45.43],[29.66,45.37],[29.58,45.37],[29.67,45.43]]],[[[37.33,49.38],[36.37,49.18],[35.35,48.52],[35.03,47.53],[34.11,47.47],[32.92,46.61],[30.88,46.68],[29.58,45.43],[27.87,45.37],[27.94,44.52],[27.49,44.06],[26.28,44.06],[25.43,43.6],[22.95,43.8],[22.5,44.32],[22.69,44.65],[20.75,44.71],[19.91,45.63],[20.19,46.22],[21.74,46.15],[22.95,48.19],[22.66,49.71],[24.36,50.85],[27.51,51.05],[32.2,50.25],[34.32,50.85],[34.81,51.25],[36.36,51.38],[37.95,50.45],[37.33,49.38]]],[[[36.17,48.99],[36.26,48.99],[36.25,48.92],[36.17,48.99]]],[[[32.48,50.45],[32.56,50.45],[32.55,50.38],[32.48,50.45]]]]}},{"type":"Feature","properties":{"n":"Lakhmid Kingdom","f":270,"t":401,"w":"Q943191"},"geometry":{"type":"MultiPolygon","coordinates":[[[[42.78,28.64],[42.86,28.64],[42.85,28.57],[42.78,28.64]]],[[[41.91,28.96],[41.98,28.96],[41.98,28.89],[41.91,28.96]]],[[[41.76,29.02],[41.84,29.02],[41.83,28.96],[41.76,29.02]]],[[[43.28,28.32],[42.87,28.7],[41.11,29.34],[39.98,30.24],[40.06,31.08],[41.64,32.94],[42.58,33.14],[43.9,32.04],[44.73,31.98],[44.81,31.34],[45.77,30.44],[47.65,29.67],[47.53,29.28],[48.25,28.19],[46.7,27.74],[43.28,28.32]]]]}},{"type":"Feature","properties":{"n":"Himyarite Kingdom","f":283,"t":305,"w":"Q289577"},"geometry":{"type":"MultiPolygon","coordinates":[[[[45.21,15.91],[46.47,15.97],[45.85,15.39],[44.29,15.14],[44.56,14.69],[45.82,14.81],[46.16,14.43],[46.11,13.4],[45.05,12.76],[43.44,12.69],[42.49,17.19],[43.55,17.77],[43.95,16.94],[45.21,15.91]]],[[[43.89,18.48],[43.74,18.48],[43.82,18.61],[43.89,18.48]]]]}},{"type":"Feature","properties":{"n":"Saxons","f":283,"t":454,"w":"Q101985"},"geometry":{"type":"Polygon","coordinates":[[[8.37,53.87],[8.89,53.87],[8.54,54.41],[8.97,54.55],[9.5,53.66],[8.38,53.33],[8.37,53.87]]]}},{"type":"Feature","properties":{"n":"Late Pallava Empire","f":283,"t":305,"w":"Q466803"},"geometry":{"type":"Polygon","coordinates":[[[79.02,15.94],[80.2,15.61],[80.34,13.28],[77.34,14.88],[79.02,15.94]]]}},{"type":"Feature","properties":{"n":"Indo-Sasanian Empire","f":283,"t":346,"w":"Q1661685"},"geometry":{"type":"MultiPolygon","coordinates":[[[[72.5,36.1],[72.52,36.16],[72.6,36.16],[72.5,36.1]]],[[[73.8,40.29],[73.4,39.51],[73.75,39.13],[72.23,36.55],[72.47,35.97],[73.73,34.87],[73.26,33.91],[72.14,34.04],[70.61,32.36],[66.53,31.01],[66.48,31.59],[63.41,32.3],[63.87,33.84],[65.09,34.87],[64.75,35.77],[65.07,39.0],[65.88,40.81],[67.55,41.59],[68.98,41.33],[69.58,41.72],[71.63,41.65],[73.8,40.29]]]]}},{"type":"Feature","properties":{"n":"Eastern Kushans","f":283,"t":337,"w":"Q25979"},"geometry":{"type":"MultiPolygon","coordinates":[[[[76.1,32.62],[73.22,31.01],[70.65,28.7],[67.56,27.8],[67.17,27.22],[67.14,29.34],[66.07,29.73],[66.53,31.01],[70.61,32.36],[72.14,34.04],[73.26,33.91],[73.72,34.81],[76.1,32.62]]],[[[73.72,34.81],[73.73,34.87],[73.81,34.87],[73.79,34.81],[73.72,34.81]]]]}},{"type":"Feature","properties":{"n":"Ripuarian Franks","f":283,"t":357,"w":"Q316860"},"geometry":{"type":"Polygon","coordinates":[[[7.65,51.18],[8.76,50.51],[8.27,49.85],[7.68,49.91],[7.75,50.31],[6.71,51.51],[4.56,52.32],[5.39,52.99],[6.0,52.45],[7.2,52.25],[7.65,51.18]]]}},{"type":"Feature","properties":{"n":"Kingdom of Adiabene","f":287,"t":366,"w":"Q149747"},"geometry":{"type":"Polygon","coordinates":[[[41.26,37.38],[42.76,37.51],[42.63,36.55],[41.67,36.35],[41.26,37.38]]]}},{"type":"Feature","properties":{"n":"Lazica","f":287,"t":305,"w":"Q136884"},"geometry":{"type":"MultiPolygon","coordinates":[[[[41.61,41.26],[41.63,41.33],[41.7,41.33],[41.61,41.26]]],[[[42.93,42.43],[42.62,41.59],[42.25,41.26],[41.7,41.33],[42.0,42.56],[40.17,43.6],[42.49,43.08],[42.93,42.43]]]]}},{"type":"Feature","properties":{"n":"Caucasian Albania","f":287,"t":386,"w":"Q177076"},"geometry":{"type":"Polygon","coordinates":[[[48.15,39.71],[46.46,39.97],[45.46,40.55],[45.6,40.87],[45.11,41.26],[44.24,41.26],[45.54,42.24],[48.34,41.13],[48.15,39.71]]]}},{"type":"Feature","properties":{"n":"Kingdom of Armenia","f":287,"t":305,"w":"Q208404"},"geometry":{"type":"Polygon","coordinates":[[[48.93,39.26],[48.8,38.09],[47.25,38.67],[46.37,38.55],[45.22,37.77],[45.43,37.06],[45.1,36.93],[43.89,37.71],[40.57,38.03],[40.48,39.58],[38.74,39.58],[38.79,39.9],[40.4,40.1],[41.45,40.74],[41.53,41.26],[42.62,41.59],[43.34,41.13],[45.11,41.26],[45.6,40.87],[45.46,40.55],[46.46,39.97],[48.93,39.26]]]}},{"type":"Feature","properties":{"n":"Caucasian Iberia","f":287,"t":396,"w":"Q19083"},"geometry":{"type":"Polygon","coordinates":[[[45.7,42.24],[44.24,41.26],[43.34,41.13],[42.62,41.59],[42.93,42.43],[42.5,43.15],[45.68,42.56],[45.7,42.24]]]}},{"type":"Feature","properties":{"n":"Sasanian Empire","f":287,"t":305,"w":"Q1661685"},"geometry":{"type":"MultiPolygon","coordinates":[[[[51.14,25.49],[51.21,25.49],[51.21,25.42],[51.14,25.49]]],[[[50.43,25.94],[50.46,26.26],[50.69,26.26],[50.43,25.94]]],[[[62.19,41.78],[63.21,40.03],[65.88,40.81],[65.07,39.0],[64.75,35.77],[65.09,34.87],[63.87,33.84],[63.41,32.3],[66.48,31.59],[66.07,29.73],[67.14,29.34],[66.93,28.57],[67.49,25.74],[66.64,24.91],[66.35,25.55],[62.02,25.04],[57.96,25.55],[57.18,25.94],[56.71,27.16],[55.44,26.52],[55.54,26.77],[54.83,26.45],[53.66,26.71],[51.32,27.99],[50.06,30.18],[48.94,30.31],[47.85,29.41],[48.87,27.67],[50.13,26.77],[50.07,26.07],[50.65,25.1],[51.12,26.13],[51.7,25.87],[51.41,24.33],[51.91,24.01],[54.08,24.14],[56.48,26.39],[56.4,24.97],[56.79,24.33],[58.81,23.62],[59.27,22.91],[56.81,23.75],[56.09,24.84],[54.27,23.75],[51.88,23.69],[51.1,24.2],[51.32,25.87],[50.62,24.65],[49.67,25.87],[49.88,26.45],[48.55,27.48],[47.53,29.28],[47.65,29.67],[45.77,30.44],[44.81,31.34],[44.73,31.98],[43.9,32.04],[43.15,32.81],[40.1,34.29],[41.11,35.0],[41.09,36.03],[44.29,37.25],[45.43,37.06],[45.22,37.77],[46.37,38.55],[47.25,38.67],[48.87,38.09],[49.09,37.51],[51.26,36.61],[54.03,36.87],[53.99,39.0],[53.14,39.45],[53.54,39.51],[53.5,40.03],[52.72,40.1],[52.89,40.87],[56.83,40.74],[58.63,43.67],[60.37,43.54],[62.19,41.78]]]]}},{"type":"Feature","properties":{"n":"Tuyuhun","f":287,"t":305,"w":"Q1196201"},"geometry":{"type":"MultiPolygon","coordinates":[[[[96.7,38.74],[96.76,39.45],[97.91,39.0],[99.2,39.26],[99.81,38.48],[100.41,38.61],[101.7,37.58],[102.1,37.77],[103.0,36.35],[102.47,35.58],[100.01,35.84],[96.4,36.55],[92.6,37.64],[90.39,38.03],[88.72,38.8],[93.88,39.51],[95.32,39.38],[96.7,38.74]]],[[[91.32,37.77],[91.34,37.84],[91.42,37.84],[91.32,37.77]]]]}},{"type":"Feature","properties":{"n":"Western Jin","f":287,"t":305,"w":"Q7352"},"geometry":{"type":"MultiPolygon","coordinates":[[[[108.76,18.41],[108.7,19.38],[109.25,19.96],[110.91,20.15],[111.03,19.57],[110.18,18.48],[108.76,18.41]]],[[[93.69,40.74],[96.93,41.07],[100.89,39.71],[104.61,39.9],[104.61,39.38],[103.61,38.74],[104.21,38.87],[103.69,38.03],[104.41,37.71],[108.49,38.09],[111.85,37.58],[113.87,40.68],[117.46,42.24],[117.78,42.24],[117.87,41.59],[118.87,41.39],[121.02,41.26],[123.17,41.91],[124.68,41.13],[126.11,41.26],[126.74,41.0],[126.27,40.36],[126.83,39.84],[127.02,38.93],[126.35,37.84],[125.39,37.64],[124.76,38.09],[125.39,39.38],[124.34,39.9],[121.03,38.74],[121.69,39.38],[121.28,39.64],[122.23,40.48],[121.82,40.87],[121.11,40.87],[118.99,39.19],[117.78,39.13],[117.77,38.35],[119.46,37.96],[119.16,37.19],[120.75,37.9],[122.71,37.45],[122.39,36.8],[120.98,36.61],[119.23,34.81],[120.34,34.36],[120.92,32.62],[121.96,31.98],[121.84,31.66],[120.92,31.85],[122.0,31.08],[120.68,30.18],[121.48,30.31],[122.03,29.92],[121.94,29.22],[121.74,29.54],[121.57,29.47],[121.65,28.32],[121.12,28.32],[119.59,26.13],[119.53,25.62],[119.87,25.49],[119.27,25.49],[118.76,24.59],[118.15,24.52],[116.54,22.91],[114.64,22.72],[114.37,22.08],[113.6,22.72],[113.64,22.14],[110.42,21.18],[110.49,20.28],[109.88,20.21],[109.81,21.5],[108.65,21.69],[106.96,20.92],[105.97,19.83],[105.73,18.86],[106.96,17.32],[106.53,16.94],[105.14,18.41],[104.98,20.15],[104.44,20.47],[105.1,20.86],[104.87,22.21],[105.69,23.04],[102.65,23.56],[101.81,24.26],[101.2,26.39],[100.98,31.01],[101.69,32.75],[103.33,33.52],[103.49,33.97],[103.65,36.22],[103.08,37.13],[100.87,38.03],[100.41,38.61],[99.81,38.48],[99.2,39.26],[97.91,39.0],[96.76,39.45],[96.7,38.74],[96.36,38.67],[95.32,39.38],[93.88,39.51],[86.78,38.42],[85.11,37.45],[81.03,36.61],[78.42,37.51],[77.03,38.8],[73.4,39.51],[73.8,40.29],[73.1,40.81],[77.35,41.39],[80.24,42.5],[82.06,42.24],[84.11,42.76],[90.22,41.91],[93.69,40.74]]],[[[122.28,29.99],[121.98,29.99],[122.05,30.18],[122.28,29.99]]]]}},{"type":"Feature","properties":{"n":"Norse","f":299,"t":401,"w":"Q909583"},"geometry":{"type":"MultiPolygon","coordinates":[[[[9.58,55.29],[9.13,55.98],[10.37,56.32],[9.75,55.57],[10.63,55.63],[10.71,55.02],[9.58,55.29]]],[[[19.05,57.97],[18.91,57.42],[18.08,56.94],[18.23,57.83],[19.05,57.97]]],[[[10.83,60.07],[10.92,60.07],[10.92,60.0],[10.83,60.07]]],[[[10.93,60.91],[11.66,60.63],[11.11,60.0],[10.56,60.42],[10.93,60.91]]]]}},{"type":"Feature","properties":{"n":"Mayan City-States","f":299,"t":554,"w":"Q28567"},"geometry":{"type":"Polygon","coordinates":[[[-87.35,20.21],[-87.7,18.29],[-87.99,18.74],[-88.25,18.48],[-88.14,16.81],[-88.82,15.97],[-88.38,15.39],[-88.82,14.24],[-89.92,13.59],[-91.35,13.91],[-93.82,15.91],[-93.37,17.26],[-93.84,18.35],[-91.3,18.61],[-90.43,20.02],[-90.32,21.11],[-86.92,21.63],[-86.72,20.92],[-87.35,20.21]]]}},{"type":"Feature","properties":{"n":"Early Cheras","f":299,"t":305,"w":"Q877155"},"geometry":{"type":"Polygon","coordinates":[[[76.71,10.91],[77.41,10.21],[77.15,8.26],[76.55,8.92],[75.99,10.6],[76.71,10.91]]]}},{"type":"Feature","properties":{"n":"Early Pandyas","f":299,"t":305,"w":"Q3532152"},"geometry":{"type":"Polygon","coordinates":[[[78.94,9.67],[79.15,9.26],[78.25,8.91],[77.84,8.17],[77.26,8.15],[77.44,10.19],[79.29,10.27],[78.94,9.67]]]}},{"type":"Feature","properties":{"n":"Hadhramaut","f":299,"t":305,"w":"Q1517159"},"geometry":{"type":"MultiPolygon","coordinates":[[[[49.63,14.69],[46.8,15.33],[44.56,14.69],[44.29,15.14],[46.15,15.52],[46.55,16.16],[46.7,16.1],[50.12,16.61],[51.89,16.61],[50.85,15.33],[49.63,14.69]]],[[[46.63,16.16],[46.63,16.23],[46.71,16.23],[46.63,16.16]]]]}},{"type":"Feature","properties":{"n":"Roman Empire","f":299,"t":305,"w":"Q12544"},"geometry":{"type":"MultiPolygon","coordinates":[[[[10.0,34.29],[10.24,33.71],[12.23,32.81],[13.76,32.88],[15.21,32.36],[15.65,31.4],[18.0,30.89],[18.85,30.18],[20.2,30.89],[20.02,32.24],[21.88,32.94],[23.09,32.62],[23.3,32.17],[24.89,31.98],[25.25,31.46],[26.85,31.46],[28.87,30.82],[30.97,31.66],[31.88,31.46],[32.0,31.08],[33.98,31.14],[34.55,31.53],[35.64,34.36],[36.05,34.55],[35.84,36.29],[36.29,36.8],[34.58,36.87],[33.98,36.29],[32.56,36.03],[32.07,36.61],[30.62,36.93],[30.49,36.35],[29.24,36.22],[29.12,36.74],[28.03,36.67],[28.07,37.13],[27.22,37.32],[27.28,38.03],[26.43,38.22],[26.38,38.67],[26.59,38.35],[27.08,38.55],[26.85,39.58],[26.13,39.51],[26.27,40.29],[29.05,40.36],[28.91,40.61],[29.48,40.74],[29.21,41.2],[31.18,41.07],[33.28,41.98],[35.12,42.04],[36.21,41.26],[37.83,40.94],[40.37,40.94],[41.57,41.46],[41.82,41.98],[41.33,42.89],[40.08,43.54],[41.67,42.95],[42.01,41.72],[41.45,40.74],[40.4,40.1],[38.79,39.9],[38.74,39.58],[40.48,39.58],[40.57,38.03],[44.77,37.38],[42.97,36.74],[42.66,36.74],[42.76,37.51],[41.26,37.38],[41.67,36.35],[41.09,36.03],[41.11,35.0],[40.1,34.29],[39.12,34.49],[37.99,33.97],[36.9,33.07],[35.2,28.06],[34.59,28.06],[34.91,29.41],[34.12,27.74],[32.44,29.79],[35.85,23.88],[31.67,23.75],[30.54,23.36],[28.57,24.65],[28.15,27.35],[25.37,29.28],[21.94,30.56],[18.28,30.05],[15.18,30.89],[13.83,32.11],[11.77,32.3],[9.63,33.14],[8.85,34.74],[7.99,35.07],[7.59,36.61],[1.15,36.16],[-1.88,34.81],[-5.28,34.94],[-6.11,34.61],[-6.73,33.59],[-7.47,33.26],[-7.88,33.52],[-6.61,34.16],[-5.88,35.77],[-5.34,35.84],[-4.75,35.19],[-2.84,35.45],[-2.66,35.07],[-1.89,35.07],[0.68,36.42],[3.46,36.87],[5.56,36.67],[6.33,37.06],[8.52,36.87],[10.23,37.25],[10.23,36.8],[11.01,37.0],[10.46,35.9],[11.08,35.58],[11.08,35.0],[10.0,34.29]]],[[[1.65,39.13],[1.66,39.0],[1.27,38.8],[1.18,39.06],[1.65,39.13]]],[[[2.34,39.64],[2.88,39.97],[3.52,39.77],[3.3,39.32],[2.34,39.64]]],[[[-1.03,45.5],[-1.25,46.28],[-2.84,47.6],[-4.42,47.8],[-4.91,48.52],[-3.46,48.92],[-1.6,48.65],[-2.03,49.78],[0.01,49.38],[0.22,49.85],[1.45,50.25],[1.66,51.05],[3.41,51.45],[4.06,52.12],[6.54,51.65],[7.67,50.45],[7.68,49.91],[8.35,49.65],[7.56,47.6],[8.47,47.6],[9.12,48.19],[11.86,49.18],[14.26,48.26],[18.72,47.93],[19.27,47.47],[18.83,47.01],[19.0,45.37],[20.06,45.37],[20.75,44.71],[22.69,44.65],[22.5,44.32],[22.95,43.8],[24.15,43.67],[27.49,44.06],[27.94,44.52],[27.87,45.37],[29.66,45.37],[29.53,44.91],[28.8,44.97],[28.48,43.47],[27.51,42.63],[27.98,41.65],[29.04,41.07],[27.53,41.07],[26.92,40.48],[24.35,41.0],[23.7,40.81],[23.74,40.23],[22.57,40.55],[22.61,39.9],[23.14,39.45],[22.8,39.06],[23.49,38.87],[22.94,38.74],[24.18,38.55],[23.98,37.84],[23.04,37.9],[23.4,37.32],[22.71,37.58],[23.06,36.67],[22.36,36.67],[22.22,37.06],[21.74,36.87],[21.7,37.51],[21.24,37.84],[21.74,38.35],[21.19,38.42],[20.15,39.71],[19.76,39.64],[20.01,39.97],[19.25,40.61],[19.54,41.78],[17.99,42.82],[17.51,42.76],[17.05,43.41],[15.93,43.47],[14.6,45.37],[13.78,44.91],[13.71,45.76],[13.39,45.82],[12.16,45.5],[12.31,44.19],[13.67,43.41],[14.37,42.24],[16.12,41.91],[15.94,41.39],[18.44,40.16],[18.11,39.9],[17.35,40.55],[16.62,40.29],[16.45,39.64],[17.14,39.06],[15.93,37.96],[15.39,38.16],[15.05,36.74],[12.49,37.9],[15.86,38.29],[16.27,38.93],[15.75,40.03],[11.26,42.43],[10.13,44.06],[9.16,44.45],[6.28,43.15],[4.17,43.6],[2.98,43.15],[3.12,41.91],[0.7,40.94],[-0.35,39.71],[0.1,38.74],[-0.66,38.29],[-0.7,37.64],[-1.71,37.45],[-2.06,36.8],[-4.47,36.74],[-5.66,36.03],[-6.84,37.25],[-9.0,37.0],[-8.82,38.48],[-9.21,38.42],[-9.57,38.93],[-8.73,40.74],[-8.96,42.17],[-8.66,42.37],[-9.3,43.15],[-8.24,43.73],[-1.69,43.34],[-1.03,45.5]]],[[[4.22,40.1],[4.3,39.84],[3.83,39.9],[4.22,40.1]]],[[[9.59,39.13],[8.34,39.0],[8.15,40.94],[9.5,41.2],[9.59,39.13]]],[[[9.1,41.33],[8.62,41.72],[8.53,42.5],[9.49,43.02],[9.58,41.98],[9.1,41.33]]],[[[10.46,42.89],[10.46,42.69],[10.21,42.69],[10.46,42.89]]],[[[1.09,53.06],[1.72,52.72],[1.59,52.12],[0.52,51.51],[1.38,51.38],[1.31,51.11],[0.49,50.78],[-1.37,50.85],[-1.18,50.58],[-3.13,50.71],[-3.58,50.25],[-5.75,50.05],[-4.2,51.31],[-3.09,51.25],[-2.95,51.45],[-5.26,51.71],[-5.22,52.05],[-4.16,52.45],[-4.3,52.92],[-4.79,52.79],[-4.49,53.12],[-4.7,53.46],[-3.15,53.46],[-2.97,54.14],[-3.59,54.27],[-3.57,54.89],[-1.61,55.36],[-1.29,54.68],[-0.2,54.21],[0.3,53.39],[0.17,52.86],[1.09,53.06]]],[[[14.57,35.97],[14.57,35.77],[14.34,35.84],[14.57,35.97]]],[[[23.12,36.35],[23.11,36.16],[22.87,36.16],[23.12,36.35]]],[[[24.36,37.71],[24.43,37.58],[24.27,37.51],[24.36,37.71]]],[[[20.93,37.9],[20.92,37.64],[20.61,37.71],[20.93,37.9]]],[[[20.8,38.29],[20.79,38.09],[20.32,38.16],[20.8,38.29]]],[[[23.56,38.74],[23.48,38.74],[23.49,38.8],[23.56,38.74]]],[[[24.67,38.93],[24.66,38.74],[24.36,38.87],[24.67,38.93]]],[[[20.07,39.58],[20.07,39.64],[20.15,39.64],[20.07,39.58]]],[[[14.51,44.91],[14.5,44.52],[14.26,44.58],[14.51,44.91]]],[[[19.0,45.5],[19.01,45.56],[19.09,45.56],[19.0,45.5]]],[[[19.09,47.14],[19.17,47.14],[19.17,47.07],[19.09,47.14]]],[[[16.91,48.26],[16.99,48.26],[16.99,48.19],[16.91,48.26]]],[[[16.83,48.32],[16.91,48.32],[16.91,48.26],[16.83,48.32]]],[[[33.04,34.55],[32.23,34.94],[34.54,35.71],[34.09,35.0],[33.04,34.55]]],[[[25.68,35.13],[26.23,35.19],[24.82,35.0],[23.62,35.52],[25.68,35.13]]],[[[28.14,36.03],[27.74,35.9],[27.69,36.29],[28.02,36.48],[28.14,36.03]]],[[[27.19,36.8],[26.87,36.67],[27.04,36.93],[27.19,36.8]]],[[[25.57,37.13],[25.56,37.0],[25.33,37.0],[25.57,37.13]]],[[[25.22,37.71],[25.29,37.51],[25.05,37.51],[25.22,37.71]]],[[[26.31,37.71],[26.3,37.58],[25.99,37.51],[26.31,37.71]]],[[[25.07,37.77],[24.68,37.84],[24.77,38.03],[25.07,37.77]]],[[[26.22,38.55],[26.11,38.16],[25.88,38.16],[25.82,38.48],[26.22,38.55]]],[[[25.79,39.19],[26.04,39.38],[26.64,39.0],[25.79,39.19]]],[[[25.46,40.03],[25.45,39.84],[24.97,39.84],[25.46,40.03]]],[[[26.04,40.29],[26.02,40.16],[25.7,40.1],[26.04,40.29]]],[[[24.81,40.81],[24.79,40.61],[24.55,40.55],[24.81,40.81]]]]}},{"type":"Feature","properties":{"n":"Early Cholas","f":299,"t":305,"w":"Q3532146"},"geometry":{"type":"Polygon","coordinates":[[[79.85,10.27],[77.4,10.21],[76.68,10.94],[78.96,10.84],[79.83,11.36],[79.85,10.27]]]}},{"type":"Feature","properties":{"n":"Vakataka Kingdom","f":306,"t":346,"w":"Q1501306"},"geometry":{"type":"Polygon","coordinates":[[[75.06,16.77],[73.72,18.61],[74.46,18.94],[73.91,20.6],[74.31,22.22],[77.21,22.95],[80.76,22.14],[82.22,23.01],[83.46,23.1],[83.94,22.56],[84.58,22.57],[84.44,21.43],[83.73,20.41],[80.8,20.0],[80.73,18.59],[78.87,17.36],[78.76,15.73],[77.31,14.86],[75.97,14.69],[75.01,15.54],[75.06,16.77]]]}},{"type":"Feature","properties":{"n":"Western Jin","f":306,"t":307,"w":"Q7352"},"geometry":{"type":"MultiPolygon","coordinates":[[[[108.76,18.41],[108.7,19.38],[109.25,19.96],[110.91,20.15],[111.03,19.57],[110.18,18.48],[108.76,18.41]]],[[[123.17,41.91],[125.95,40.74],[126.83,39.84],[127.02,38.93],[126.35,37.84],[125.39,37.64],[124.76,38.09],[125.39,39.38],[124.34,39.9],[121.03,38.74],[121.69,39.38],[121.28,39.64],[122.23,40.48],[121.11,40.87],[119.22,39.32],[117.78,39.13],[117.58,38.74],[118.07,38.16],[119.46,37.96],[119.16,37.19],[120.75,37.9],[122.71,37.45],[122.39,36.8],[120.98,36.61],[119.23,34.81],[120.34,34.36],[120.92,32.62],[121.96,31.98],[121.84,31.66],[120.92,31.85],[122.0,31.08],[120.68,30.18],[121.48,30.31],[122.03,29.92],[121.94,29.22],[121.74,29.54],[121.57,29.47],[121.65,28.32],[121.12,28.32],[119.59,26.13],[119.53,25.62],[119.87,25.49],[119.27,25.49],[118.76,24.59],[118.15,24.52],[116.54,22.91],[114.64,22.72],[114.37,22.08],[113.6,22.72],[113.64,22.14],[110.42,21.18],[110.49,20.28],[109.88,20.21],[109.81,21.5],[108.65,21.69],[106.96,20.92],[105.97,19.83],[105.73,18.86],[106.96,17.32],[106.4,17.0],[105.14,18.41],[104.98,20.15],[104.44,20.47],[105.1,20.86],[104.87,22.21],[105.69,23.04],[102.85,23.43],[101.81,24.26],[101.59,25.04],[104.27,27.03],[105.97,27.8],[106.87,29.41],[109.58,32.56],[108.1,33.14],[107.65,32.94],[107.48,33.33],[105.17,33.07],[103.21,33.39],[103.74,35.45],[103.21,37.06],[100.87,38.03],[100.41,38.61],[99.81,38.48],[99.2,39.26],[97.91,39.0],[96.76,39.45],[96.7,38.74],[96.36,38.67],[95.32,39.38],[93.3,39.45],[93.36,40.55],[96.93,41.07],[100.89,39.71],[104.61,39.9],[104.67,39.51],[103.67,38.87],[104.11,38.8],[103.66,37.96],[105.7,37.25],[106.13,36.22],[105.92,35.9],[106.78,35.52],[107.1,34.16],[113.6,36.1],[114.5,38.22],[114.09,39.0],[114.96,39.77],[114.41,40.23],[115.99,41.78],[117.78,42.24],[117.87,41.59],[121.02,41.26],[123.17,41.91]]],[[[122.28,29.99],[121.98,29.99],[122.05,30.18],[122.28,29.99]]]]}},{"type":"Feature","properties":{"n":"Goguryeo","f":306,"t":312,"w":"Q28370"},"geometry":{"type":"Polygon","coordinates":[[[129.76,40.87],[127.59,39.51],[126.73,39.38],[126.83,39.84],[125.95,40.74],[123.13,41.85],[126.47,42.82],[130.92,42.89],[129.74,41.72],[129.76,40.87]]]}},{"type":"Feature","properties":{"n":"Tuyuhun","f":306,"t":312,"w":"Q1196201"},"geometry":{"type":"MultiPolygon","coordinates":[[[[96.7,38.74],[96.76,39.45],[97.91,39.0],[99.2,39.26],[99.81,38.48],[100.41,38.61],[101.7,37.58],[102.1,37.77],[103.0,36.35],[102.47,35.58],[100.01,35.84],[96.4,36.55],[92.6,37.64],[90.39,38.03],[88.72,38.8],[93.88,39.51],[95.32,39.38],[96.7,38.74]]],[[[91.32,37.77],[91.34,37.84],[91.42,37.84],[91.32,37.77]]]]}},{"type":"Feature","properties":{"n":"Kingdom of Armenia","f":306,"t":323,"w":"Q208404"},"geometry":{"type":"Polygon","coordinates":[[[48.8,38.09],[47.25,38.67],[46.37,38.55],[45.22,37.77],[45.43,37.06],[45.1,36.93],[43.89,37.71],[40.57,38.03],[40.48,39.58],[38.74,39.58],[38.79,39.9],[40.4,40.1],[41.45,40.74],[41.53,41.26],[42.62,41.59],[43.34,41.13],[45.11,41.26],[45.6,40.87],[45.46,40.55],[46.46,39.97],[48.93,39.26],[48.8,38.09]]]}},{"type":"Feature","properties":{"n":"Yaudheya Republic","f":306,"t":346,"w":"Q8050331"},"geometry":{"type":"Polygon","coordinates":[[[73.49,27.24],[72.16,29.5],[74.85,31.07],[76.34,30.75],[76.57,31.3],[78.06,31.4],[79.01,30.58],[77.8,29.37],[77.51,28.37],[77.8,27.45],[76.77,26.27],[73.49,27.24]]]}},{"type":"Feature","properties":{"n":"Himyarite Kingdom","f":306,"t":346,"w":"Q289577"},"geometry":{"type":"MultiPolygon","coordinates":[[[[45.58,15.84],[51.08,16.68],[52.38,16.29],[52.1,15.46],[49.41,14.69],[48.79,14.04],[45.74,13.34],[45.05,12.76],[43.44,12.69],[42.49,17.19],[43.55,17.77],[43.95,16.94],[45.58,15.84]]],[[[46.63,16.23],[46.71,16.23],[46.7,16.16],[46.63,16.23]]],[[[43.74,18.48],[43.75,18.54],[43.9,18.61],[43.74,18.48]]]]}},{"type":"Feature","properties":{"n":"Sasanian Empire","f":306,"t":346,"w":"Q1661685"},"geometry":{"type":"MultiPolygon","coordinates":[[[[51.14,25.49],[51.21,25.49],[51.21,25.42],[51.14,25.49]]],[[[50.43,25.94],[50.46,26.26],[50.69,26.26],[50.43,25.94]]],[[[58.33,40.42],[60.95,39.51],[65.88,40.81],[65.07,39.0],[64.75,35.77],[65.09,34.87],[63.87,33.84],[63.41,32.3],[66.48,31.59],[66.07,29.73],[67.14,29.34],[66.93,28.57],[67.49,25.74],[67.11,25.1],[66.64,24.91],[66.35,25.55],[62.02,25.04],[57.96,25.55],[57.18,25.94],[56.71,27.16],[55.44,26.52],[55.54,26.77],[54.83,26.45],[53.66,26.71],[51.32,27.99],[50.06,30.18],[48.94,30.31],[47.85,29.41],[48.87,27.67],[50.13,26.77],[50.07,26.07],[50.65,25.1],[51.12,26.13],[51.7,25.87],[51.41,24.33],[51.91,24.01],[54.08,24.14],[56.48,26.39],[56.4,24.97],[56.79,24.33],[58.81,23.62],[59.27,22.91],[56.81,23.75],[56.09,24.84],[54.27,23.75],[51.88,23.69],[51.1,24.2],[51.32,25.87],[50.62,24.65],[49.67,25.87],[49.88,26.45],[48.55,27.48],[47.53,29.28],[47.65,29.67],[45.77,30.44],[44.81,31.34],[44.73,31.98],[43.9,32.04],[43.15,32.81],[40.1,34.29],[41.11,35.0],[41.09,36.03],[44.29,37.25],[45.43,37.06],[45.22,37.77],[46.37,38.55],[47.25,38.67],[48.87,38.09],[49.09,37.51],[51.26,36.61],[54.03,36.87],[53.99,39.0],[53.14,39.45],[53.54,39.51],[53.5,40.03],[52.72,40.1],[52.89,40.87],[57.24,40.16],[58.33,40.42]]]]}},{"type":"Feature","properties":{"n":"Cheng Han","f":306,"t":310,"w":"Q1069905"},"geometry":{"type":"Polygon","coordinates":[[[100.89,29.92],[101.69,32.75],[103.13,33.39],[105.17,33.07],[107.48,33.33],[107.65,32.94],[108.1,33.14],[109.58,32.56],[106.87,29.41],[105.97,27.8],[101.51,25.04],[100.89,29.92]]]}},{"type":"Feature","properties":{"n":"Roman Empire","f":306,"t":307,"w":"Q12544"},"geometry":{"type":"MultiPolygon","coordinates":[[[[10.0,34.29],[10.24,33.71],[12.23,32.81],[13.76,32.88],[15.21,32.36],[15.65,31.4],[18.0,30.89],[18.85,30.18],[20.2,30.89],[20.02,32.24],[21.88,32.94],[23.09,32.62],[23.3,32.17],[24.89,31.98],[25.25,31.46],[26.85,31.46],[28.87,30.82],[30.97,31.66],[32.83,31.01],[34.55,31.53],[35.64,34.36],[36.05,34.55],[35.84,36.29],[36.29,36.8],[34.58,36.87],[33.98,36.29],[32.56,36.03],[32.07,36.61],[30.62,36.93],[30.49,36.35],[29.24,36.22],[29.12,36.74],[28.03,36.67],[28.07,37.13],[27.22,37.32],[27.28,38.03],[26.43,38.22],[26.38,38.67],[26.59,38.35],[27.08,38.55],[26.85,39.58],[26.13,39.51],[26.36,40.36],[29.05,40.36],[28.91,40.61],[29.48,40.74],[29.21,41.2],[31.18,41.07],[33.28,41.98],[35.12,42.04],[36.21,41.26],[38.54,40.87],[40.37,40.94],[41.69,41.72],[41.45,40.74],[40.4,40.1],[38.79,39.9],[38.74,39.58],[40.48,39.58],[40.57,38.03],[44.77,37.38],[42.97,36.74],[42.66,36.74],[42.76,37.51],[41.26,37.38],[41.67,36.35],[41.09,36.03],[41.11,35.0],[40.1,34.29],[39.12,34.49],[37.99,33.97],[36.9,33.07],[35.2,28.06],[34.59,28.06],[34.91,29.41],[34.12,27.74],[32.44,29.79],[35.85,23.88],[31.67,23.75],[30.54,23.36],[28.57,24.65],[28.15,27.35],[25.37,29.28],[21.94,30.56],[18.28,30.05],[15.18,30.89],[13.83,32.11],[11.77,32.3],[9.63,33.14],[8.85,34.74],[7.99,35.07],[7.59,36.61],[1.15,36.16],[-1.88,34.81],[-5.28,34.94],[-6.11,34.61],[-6.73,33.59],[-7.47,33.26],[-7.88,33.52],[-6.61,34.16],[-5.88,35.77],[-5.34,35.84],[-4.75,35.19],[-2.84,35.45],[-2.66,35.07],[-1.89,35.07],[0.68,36.42],[3.46,36.87],[5.56,36.67],[6.33,37.06],[8.52,36.87],[10.23,37.25],[10.23,36.8],[11.01,37.0],[10.46,35.9],[11.08,35.58],[11.08,35.0],[10.0,34.29]]],[[[1.65,39.13],[1.66,39.0],[1.27,38.8],[1.18,39.06],[1.65,39.13]]],[[[2.34,39.64],[2.88,39.97],[3.52,39.77],[3.3,39.32],[2.34,39.64]]],[[[-1.03,45.5],[-1.25,46.28],[-2.84,47.6],[-4.42,47.8],[-4.91,48.52],[-3.46,48.92],[-1.6,48.65],[-2.03,49.78],[0.01,49.38],[0.22,49.85],[1.45,50.25],[1.66,51.05],[3.41,51.45],[4.06,52.12],[6.54,51.65],[7.67,50.45],[7.68,49.91],[8.35,49.65],[7.56,47.6],[8.47,47.6],[9.12,48.19],[11.86,49.18],[14.26,48.26],[18.8,47.93],[19.27,47.47],[18.83,47.01],[19.0,45.37],[20.06,45.37],[20.75,44.71],[22.69,44.65],[22.5,44.32],[22.95,43.8],[24.15,43.67],[27.49,44.06],[27.94,44.52],[27.87,45.37],[29.66,45.37],[29.53,44.91],[28.8,44.97],[28.48,43.47],[27.51,42.63],[27.98,41.65],[29.04,41.07],[27.53,41.07],[26.92,40.48],[24.35,41.0],[23.7,40.81],[23.74,40.23],[22.57,40.55],[22.61,39.9],[23.14,39.45],[22.8,39.06],[23.49,38.87],[22.94,38.74],[24.18,38.55],[23.98,37.84],[23.04,37.9],[23.4,37.32],[22.71,37.58],[23.06,36.67],[22.36,36.67],[22.22,37.06],[21.74,36.87],[21.7,37.51],[21.24,37.84],[21.74,38.35],[21.19,38.42],[20.15,39.71],[19.76,39.64],[20.01,39.97],[19.25,40.61],[19.54,41.78],[17.99,42.82],[17.51,42.76],[17.05,43.41],[15.93,43.47],[14.6,45.37],[13.78,44.91],[13.71,45.76],[13.39,45.82],[12.16,45.5],[12.15,44.45],[12.55,43.99],[13.51,43.54],[14.37,42.24],[16.12,41.91],[15.94,41.39],[18.44,40.16],[18.11,39.9],[17.35,40.55],[16.62,40.29],[16.45,39.64],[17.14,39.06],[15.93,37.96],[15.39,38.16],[15.05,36.74],[12.49,37.9],[15.86,38.29],[16.27,38.93],[15.75,40.03],[11.26,42.43],[10.21,43.99],[9.16,44.45],[6.28,43.15],[4.17,43.6],[2.98,43.15],[3.12,41.91],[0.7,40.94],[-0.35,39.71],[0.1,38.74],[-0.66,38.29],[-0.7,37.64],[-1.71,37.45],[-2.06,36.8],[-4.47,36.74],[-5.66,36.03],[-6.84,37.25],[-9.0,37.0],[-8.82,38.48],[-9.21,38.42],[-9.57,38.93],[-8.73,40.74],[-8.96,42.17],[-8.66,42.37],[-9.3,43.15],[-8.24,43.73],[-1.69,43.34],[-1.03,45.5]]],[[[4.22,40.1],[4.3,39.84],[3.83,39.9],[4.22,40.1]]],[[[9.59,39.13],[8.34,39.0],[8.15,40.94],[9.5,41.2],[9.59,39.13]]],[[[9.1,41.33],[8.62,41.72],[8.53,42.5],[9.49,43.02],[9.1,41.33]]],[[[10.46,42.89],[10.46,42.69],[10.21,42.69],[10.46,42.89]]],[[[1.72,52.72],[1.59,52.12],[0.52,51.51],[1.38,51.38],[1.31,51.11],[0.49,50.78],[-1.37,50.85],[-1.18,50.58],[-3.13,50.71],[-3.58,50.25],[-5.75,50.05],[-4.2,51.31],[-3.09,51.25],[-2.95,51.45],[-5.26,51.71],[-5.22,52.05],[-4.16,52.45],[-4.3,52.92],[-4.79,52.79],[-4.49,53.12],[-4.7,53.46],[-3.15,53.46],[-2.97,54.14],[-3.59,54.27],[-3.57,54.89],[-1.61,55.36],[-1.29,54.68],[-0.2,54.21],[0.3,53.39],[0.07,52.99],[1.72,52.72]]],[[[14.57,35.97],[14.57,35.77],[14.34,35.84],[14.57,35.97]]],[[[23.12,36.35],[23.11,36.16],[22.87,36.16],[23.12,36.35]]],[[[24.43,37.58],[24.27,37.51],[24.2,37.64],[24.43,37.58]]],[[[20.93,37.9],[20.92,37.64],[20.61,37.71],[20.93,37.9]]],[[[20.57,38.42],[20.79,38.09],[20.32,38.16],[20.57,38.42]]],[[[23.48,38.74],[23.49,38.8],[23.57,38.8],[23.48,38.74]]],[[[24.67,38.93],[24.66,38.74],[24.36,38.87],[24.67,38.93]]],[[[20.15,39.58],[20.07,39.58],[20.07,39.64],[20.15,39.58]]],[[[24.81,40.81],[24.79,40.61],[24.55,40.55],[24.81,40.81]]],[[[14.51,44.91],[14.5,44.52],[14.26,44.58],[14.51,44.91]]],[[[19.01,45.56],[19.09,45.56],[19.09,45.5],[19.01,45.56]]],[[[19.08,47.07],[19.09,47.14],[19.17,47.14],[19.08,47.07]]],[[[16.91,48.26],[16.99,48.26],[16.99,48.19],[16.91,48.26]]],[[[16.83,48.26],[16.83,48.32],[16.91,48.32],[16.83,48.26]]],[[[33.04,34.55],[32.23,34.94],[34.54,35.71],[33.04,34.55]]],[[[25.68,35.13],[26.23,35.19],[24.82,35.0],[23.62,35.52],[25.68,35.13]]],[[[28.14,36.03],[27.74,35.9],[27.69,36.29],[28.02,36.48],[28.14,36.03]]],[[[26.87,36.67],[27.04,36.93],[27.19,36.8],[26.87,36.67]]],[[[25.57,37.13],[25.56,37.0],[25.33,37.0],[25.57,37.13]]],[[[25.22,37.71],[25.29,37.51],[25.05,37.51],[25.22,37.71]]],[[[26.3,37.58],[25.99,37.51],[26.08,37.71],[26.3,37.58]]],[[[24.77,38.03],[25.07,37.77],[24.83,37.71],[24.77,38.03]]],[[[26.22,38.55],[26.11,38.16],[25.88,38.16],[25.82,38.48],[26.22,38.55]]],[[[25.79,39.19],[26.51,39.32],[26.64,39.0],[25.79,39.19]]],[[[25.46,40.03],[25.45,39.84],[24.97,39.84],[25.46,40.03]]],[[[26.04,40.29],[26.02,40.16],[25.7,40.1],[26.04,40.29]]]]}},{"type":"Feature","properties":{"n":"Western Satraps","f":306,"t":346,"w":"Q2086608"},"geometry":{"type":"Polygon","coordinates":[[[72.73,19.38],[72.9,20.92],[72.53,22.27],[72.11,21.89],[72.18,21.18],[70.72,20.66],[68.95,22.21],[70.37,22.91],[68.81,22.98],[68.16,23.81],[67.29,24.07],[67.15,24.78],[66.63,24.84],[67.49,25.74],[67.17,27.22],[67.56,27.8],[69.83,28.32],[71.7,29.47],[72.15,29.41],[73.49,27.24],[76.77,26.27],[77.31,26.71],[78.58,24.71],[80.58,24.14],[81.31,23.43],[80.76,22.14],[77.21,22.95],[74.31,22.22],[74.03,19.76],[72.73,19.38]]]}},{"type":"Feature","properties":{"n":"Lazica","f":306,"t":395,"w":"Q136884"},"geometry":{"type":"Polygon","coordinates":[[[42.93,42.43],[42.62,41.59],[41.53,41.26],[41.84,41.65],[41.61,42.63],[39.99,43.47],[40.74,43.6],[42.5,43.15],[42.93,42.43]]]}},{"type":"Feature","properties":{"n":"Late Pallava Empire","f":306,"t":352,"w":"Q466803"},"geometry":{"type":"Polygon","coordinates":[[[78.78,16.44],[80.37,15.86],[79.88,10.28],[79.3,10.27],[78.91,9.56],[79.45,9.15],[78.33,9.05],[77.56,8.08],[76.56,8.89],[75.82,11.1],[76.64,12.71],[77.13,12.92],[75.11,14.58],[75.4,15.12],[75.96,14.69],[77.32,14.87],[78.8,15.73],[78.78,16.44]]]}},{"type":"Feature","properties":{"n":"Former Zhao","f":306,"t":310,"w":"Q1574107"},"geometry":{"type":"Polygon","coordinates":[[[114.09,39.0],[114.5,38.22],[113.6,36.1],[107.1,34.16],[106.78,35.52],[105.92,35.9],[106.13,36.22],[105.7,37.25],[103.66,37.96],[104.11,38.8],[103.67,38.87],[104.67,39.51],[104.61,39.9],[107.77,39.9],[114.76,40.87],[114.97,40.68],[114.41,40.23],[114.91,39.51],[114.09,39.0]]]}},{"type":"Feature","properties":{"n":"Protectorate of the Western Regions","f":306,"t":386,"w":"Q911440"},"geometry":{"type":"MultiPolygon","coordinates":[[[[93.85,40.74],[93.36,40.55],[93.01,39.32],[86.78,38.42],[85.11,37.45],[81.03,36.61],[78.42,37.51],[77.03,38.8],[73.4,39.51],[73.8,40.29],[73.1,40.81],[77.35,41.39],[80.24,42.5],[82.06,42.24],[84.11,42.76],[87.04,42.5],[93.85,40.74]]],[[[93.85,40.74],[93.87,40.81],[93.95,40.81],[93.85,40.74]]]]}},{"type":"Feature","properties":{"n":"Roman Empire","f":308,"t":310,"w":"Q12544"},"geometry":{"type":"MultiPolygon","coordinates":[[[[10.0,34.29],[10.24,33.71],[12.23,32.81],[13.76,32.88],[15.21,32.36],[15.65,31.4],[18.0,30.89],[18.85,30.18],[20.2,30.89],[20.02,32.24],[21.88,32.94],[23.09,32.62],[23.3,32.17],[24.89,31.98],[25.25,31.46],[26.85,31.46],[28.87,30.82],[30.97,31.66],[32.83,31.01],[34.55,31.53],[35.64,34.36],[36.05,34.55],[35.84,36.29],[36.29,36.8],[34.58,36.87],[33.98,36.29],[32.56,36.03],[32.07,36.61],[30.62,36.93],[30.49,36.35],[29.24,36.22],[29.12,36.74],[28.03,36.67],[28.07,37.13],[27.22,37.32],[27.28,38.03],[26.43,38.22],[26.38,38.67],[26.59,38.35],[27.08,38.55],[26.85,39.58],[26.13,39.51],[26.36,40.36],[29.05,40.36],[28.91,40.61],[29.48,40.74],[29.21,41.2],[31.18,41.07],[33.28,41.98],[35.12,42.04],[36.21,41.26],[38.54,40.87],[40.37,40.94],[41.69,41.72],[41.45,40.74],[40.4,40.1],[38.79,39.9],[38.74,39.58],[40.48,39.58],[40.57,38.03],[44.77,37.38],[42.97,36.74],[42.66,36.74],[42.76,37.51],[41.26,37.38],[41.67,36.35],[41.09,36.03],[41.11,35.0],[40.1,34.29],[39.12,34.49],[37.99,33.97],[36.9,33.07],[35.2,28.06],[34.59,28.06],[34.91,29.41],[34.12,27.74],[32.44,29.79],[35.85,23.88],[31.67,23.75],[30.54,23.36],[28.57,24.65],[28.15,27.35],[25.37,29.28],[21.94,30.56],[18.28,30.05],[15.18,30.89],[13.83,32.11],[11.77,32.3],[9.63,33.14],[8.85,34.74],[7.99,35.07],[7.59,36.61],[1.15,36.16],[-1.88,34.81],[-5.28,34.94],[-6.11,34.61],[-6.73,33.59],[-7.47,33.26],[-7.88,33.52],[-6.61,34.16],[-5.88,35.77],[-5.34,35.84],[-4.75,35.19],[-2.84,35.45],[-2.66,35.07],[-1.89,35.07],[0.68,36.42],[3.46,36.87],[5.56,36.67],[6.33,37.06],[8.52,36.87],[10.23,37.25],[10.23,36.8],[11.01,37.0],[10.46,35.9],[11.08,35.58],[11.08,35.0],[10.0,34.29]]],[[[14.57,35.97],[14.57,35.77],[14.34,35.84],[14.57,35.97]]],[[[1.26,39.13],[1.65,39.13],[1.66,39.0],[1.27,38.8],[1.26,39.13]]],[[[2.34,39.64],[2.88,39.97],[3.52,39.77],[3.3,39.32],[2.34,39.64]]],[[[4.22,40.1],[4.3,39.84],[3.83,39.9],[4.22,40.1]]],[[[9.59,39.13],[8.34,39.0],[8.15,40.94],[9.5,41.2],[9.59,39.13]]],[[[9.1,41.33],[8.62,41.72],[8.53,42.5],[9.49,43.02],[9.58,41.98],[9.1,41.33]]],[[[10.46,42.89],[10.46,42.69],[10.21,42.69],[10.46,42.89]]],[[[12.31,44.19],[13.67,43.41],[14.37,42.24],[16.12,41.91],[15.94,41.39],[18.44,40.16],[18.11,39.9],[17.35,40.55],[16.62,40.29],[16.45,39.64],[17.14,39.06],[15.93,37.96],[15.39,38.16],[15.05,36.74],[12.49,37.9],[15.86,38.29],[16.27,38.93],[15.75,40.03],[11.26,42.43],[10.13,44.06],[9.16,44.45],[6.28,43.15],[4.17,43.6],[3.14,43.28],[3.12,41.91],[0.7,40.94],[-0.35,39.71],[0.1,38.74],[-0.66,38.29],[-0.7,37.64],[-1.71,37.45],[-2.06,36.8],[-4.47,36.74],[-5.66,36.03],[-6.84,37.25],[-9.0,37.0],[-8.82,38.48],[-9.21,38.42],[-9.57,38.93],[-8.73,40.74],[-8.96,42.17],[-8.66,42.37],[-9.28,42.89],[-9.16,43.28],[-8.24,43.73],[-3.3,43.34],[-1.69,43.34],[-1.39,43.67],[-1.03,45.5],[-1.25,46.28],[-2.84,47.6],[-4.42,47.8],[-4.91,48.52],[-3.46,48.92],[-1.6,48.65],[-2.03,49.78],[0.01,49.38],[0.22,49.85],[1.45,50.25],[1.66,51.05],[3.41,51.45],[4.06,52.12],[6.54,51.65],[7.67,50.45],[7.68,49.91],[8.35,49.65],[7.56,47.6],[8.47,47.6],[9.12,48.19],[11.86,49.18],[14.26,48.26],[18.8,47.93],[19.27,47.47],[18.83,47.01],[19.0,45.37],[20.06,45.37],[20.75,44.71],[22.69,44.65],[22.5,44.32],[22.95,43.8],[24.15,43.67],[27.49,44.06],[27.92,44.25],[27.87,45.37],[29.66,45.37],[29.53,44.91],[28.8,44.97],[28.48,43.47],[27.51,42.63],[27.98,41.65],[29.04,41.07],[27.53,41.07],[26.92,40.48],[24.35,41.0],[23.7,40.81],[23.74,40.23],[22.57,40.55],[22.61,39.9],[23.14,39.45],[22.8,39.06],[23.49,38.87],[22.94,38.74],[24.18,38.55],[23.98,37.84],[23.04,37.9],[23.4,37.32],[22.71,37.58],[23.06,36.67],[22.36,36.67],[22.22,37.06],[21.74,36.87],[21.7,37.51],[21.24,37.84],[21.74,38.35],[21.19,38.42],[20.15,39.71],[19.76,39.64],[20.01,39.97],[19.25,40.61],[19.54,41.78],[18.85,42.37],[17.51,42.76],[16.58,43.6],[15.93,43.47],[14.6,45.37],[13.78,44.91],[13.71,45.76],[12.16,45.5],[12.31,44.19]]],[[[14.51,44.91],[14.5,44.52],[14.26,44.58],[14.51,44.91]]],[[[16.91,48.19],[16.91,48.26],[16.99,48.26],[16.91,48.19]]],[[[16.83,48.26],[16.83,48.32],[16.91,48.32],[16.83,48.26]]],[[[1.09,53.06],[1.72,52.72],[1.59,52.12],[0.52,51.51],[1.38,51.38],[1.31,51.11],[0.49,50.78],[-1.37,50.85],[-1.18,50.58],[-3.13,50.71],[-3.58,50.25],[-5.75,50.05],[-4.2,51.31],[-3.09,51.25],[-2.95,51.45],[-5.26,51.71],[-5.22,52.05],[-4.16,52.45],[-4.3,52.92],[-4.79,52.79],[-4.49,53.12],[-4.7,53.46],[-3.15,53.46],[-2.97,54.14],[-3.59,54.27],[-3.57,54.89],[-1.61,55.36],[-1.29,54.68],[-0.2,54.21],[0.3,53.39],[0.17,52.86],[1.09,53.06]]],[[[25.68,35.13],[26.23,35.19],[24.82,35.0],[23.62,35.52],[25.68,35.13]]],[[[23.12,36.35],[23.11,36.16],[22.87,36.16],[23.12,36.35]]],[[[24.43,37.58],[24.27,37.51],[24.2,37.64],[24.43,37.58]]],[[[20.93,37.9],[20.92,37.64],[20.61,37.71],[20.93,37.9]]],[[[24.77,38.03],[25.07,37.77],[24.83,37.71],[24.77,38.03]]],[[[20.8,38.29],[20.79,38.09],[20.32,38.16],[20.8,38.29]]],[[[23.48,38.74],[23.49,38.8],[23.57,38.8],[23.48,38.74]]],[[[24.67,38.93],[24.66,38.74],[24.36,38.87],[24.67,38.93]]],[[[20.15,39.58],[20.07,39.58],[20.07,39.64],[20.15,39.58]]],[[[24.81,40.81],[24.79,40.61],[24.55,40.55],[24.81,40.81]]],[[[19.0,45.5],[19.01,45.56],[19.09,45.56],[19.0,45.5]]],[[[19.08,47.07],[19.09,47.14],[19.17,47.14],[19.08,47.07]]],[[[33.04,34.55],[32.23,34.94],[34.54,35.71],[33.04,34.55]]],[[[28.14,36.03],[27.74,35.9],[27.69,36.29],[28.02,36.48],[28.14,36.03]]],[[[27.19,36.8],[26.87,36.67],[27.04,36.93],[27.19,36.8]]],[[[25.57,37.13],[25.56,37.0],[25.33,37.0],[25.57,37.13]]],[[[25.22,37.71],[25.29,37.51],[25.05,37.51],[25.22,37.71]]],[[[26.3,37.58],[25.99,37.51],[26.08,37.71],[26.3,37.58]]],[[[26.22,38.55],[26.11,38.16],[25.88,38.16],[25.82,38.48],[26.22,38.55]]],[[[25.79,39.19],[26.04,39.38],[26.64,39.0],[25.79,39.19]]],[[[25.46,40.03],[25.45,39.84],[24.97,39.84],[25.46,40.03]]],[[[26.04,40.29],[26.02,40.16],[25.7,40.1],[26.04,40.29]]]]}},{"type":"Feature","properties":{"n":"Gothia","f":308,"t":310,"w":"Q422253"},"geometry":{"type":"MultiPolygon","coordinates":[[[[29.67,45.43],[29.66,45.37],[29.58,45.37],[29.67,45.43]]],[[[37.33,49.38],[36.37,49.18],[35.35,48.52],[35.03,47.53],[34.11,47.47],[32.92,46.61],[30.88,46.68],[29.58,45.43],[27.87,45.37],[27.92,44.25],[27.49,44.06],[26.28,44.06],[25.43,43.6],[22.95,43.8],[22.5,44.32],[22.69,44.65],[20.75,44.71],[19.91,45.63],[20.19,46.22],[21.74,46.15],[22.95,48.19],[22.66,49.71],[24.36,50.85],[27.51,51.05],[32.2,50.25],[34.32,50.85],[34.81,51.25],[36.36,51.38],[37.95,50.45],[37.33,49.38]]],[[[36.17,48.99],[36.26,48.99],[36.25,48.92],[36.17,48.99]]],[[[32.48,50.45],[32.56,50.45],[32.55,50.38],[32.48,50.45]]]]}},{"type":"Feature","properties":{"n":"Western Jin","f":308,"t":310,"w":"Q7352"},"geometry":{"type":"MultiPolygon","coordinates":[[[[108.76,18.41],[108.7,19.38],[109.25,19.96],[110.91,20.15],[111.03,19.57],[110.18,18.48],[108.76,18.41]]],[[[123.17,41.91],[125.95,40.74],[126.83,39.84],[127.02,38.93],[126.35,37.84],[125.39,37.64],[124.76,38.09],[125.39,39.38],[124.34,39.9],[121.03,38.74],[121.69,39.38],[121.28,39.64],[122.23,40.48],[121.11,40.87],[119.22,39.32],[117.78,39.13],[117.58,38.74],[118.07,38.16],[119.46,37.96],[119.16,37.19],[120.75,37.9],[122.71,37.45],[122.39,36.8],[120.98,36.61],[119.23,34.81],[120.34,34.36],[120.92,32.62],[121.96,31.98],[121.84,31.66],[120.92,31.85],[122.0,31.08],[120.68,30.18],[121.48,30.31],[122.03,29.92],[121.94,29.22],[121.74,29.54],[121.57,29.47],[121.65,28.32],[121.12,28.32],[119.59,26.13],[119.53,25.62],[119.87,25.49],[119.27,25.49],[118.76,24.59],[118.15,24.52],[116.54,22.91],[114.64,22.72],[114.37,22.08],[113.6,22.72],[113.64,22.14],[110.42,21.18],[110.49,20.28],[109.88,20.21],[109.81,21.5],[108.65,21.69],[106.96,20.92],[105.97,19.83],[105.73,18.86],[106.96,17.32],[106.4,17.0],[105.14,18.41],[104.98,20.15],[104.44,20.47],[105.1,20.86],[104.87,22.21],[105.69,23.04],[102.85,23.43],[101.81,24.26],[101.59,25.04],[104.27,27.03],[105.97,27.8],[106.87,29.41],[109.58,32.56],[108.1,33.14],[107.65,32.94],[107.48,33.33],[105.17,33.07],[103.21,33.39],[103.74,35.45],[103.21,37.06],[100.87,38.03],[100.41,38.61],[99.81,38.48],[99.2,39.26],[97.91,39.0],[96.76,39.45],[96.7,38.74],[96.36,38.67],[95.32,39.38],[93.3,39.45],[93.36,40.55],[96.93,41.07],[100.89,39.71],[104.61,39.9],[104.67,39.51],[103.67,38.87],[104.11,38.8],[103.66,37.96],[105.7,37.25],[106.13,36.22],[105.92,35.9],[106.78,35.52],[107.1,34.16],[113.6,36.1],[114.5,38.22],[114.09,39.0],[114.96,39.77],[114.41,40.23],[115.99,41.78],[117.78,42.24],[117.87,41.59],[121.02,41.26],[123.17,41.91]]],[[[122.28,29.99],[121.98,29.99],[122.05,30.18],[122.28,29.99]]]]}},{"type":"Feature","properties":{"n":"Roman Empire","f":311,"t":312,"w":"Q12544"},"geometry":{"type":"MultiPolygon","coordinates":[[[[10.0,34.29],[10.24,33.71],[12.23,32.81],[13.76,32.88],[15.21,32.36],[15.65,31.4],[18.0,30.89],[18.85,30.18],[20.2,30.89],[20.02,32.24],[21.88,32.94],[23.09,32.62],[23.3,32.17],[24.89,31.98],[25.25,31.46],[26.85,31.46],[28.87,30.82],[30.97,31.66],[32.83,31.01],[34.55,31.53],[35.64,34.36],[36.05,34.55],[35.84,36.29],[36.29,36.8],[34.58,36.87],[33.98,36.29],[32.56,36.03],[32.07,36.61],[30.62,36.93],[30.49,36.35],[29.24,36.22],[29.12,36.74],[28.03,36.67],[28.07,37.13],[27.22,37.32],[27.28,38.03],[26.43,38.22],[26.38,38.67],[26.59,38.35],[27.08,38.55],[26.85,39.58],[26.13,39.51],[26.36,40.36],[29.05,40.36],[28.91,40.61],[29.48,40.74],[29.21,41.2],[31.18,41.07],[33.28,41.98],[35.12,42.04],[36.21,41.26],[38.54,40.87],[40.37,40.94],[41.69,41.72],[41.45,40.74],[40.4,40.1],[38.79,39.9],[38.74,39.58],[40.48,39.58],[40.57,38.03],[44.77,37.38],[42.97,36.74],[42.66,36.74],[42.76,37.51],[41.26,37.38],[41.67,36.35],[41.09,36.03],[41.11,35.0],[40.1,34.29],[39.12,34.49],[37.99,33.97],[36.9,33.07],[35.2,28.06],[34.59,28.06],[34.91,29.41],[34.12,27.74],[32.44,29.79],[35.85,23.88],[31.67,23.75],[30.54,23.36],[28.57,24.65],[28.15,27.35],[25.37,29.28],[21.94,30.56],[18.28,30.05],[15.18,30.89],[13.83,32.11],[11.77,32.3],[9.63,33.14],[8.85,34.74],[7.99,35.07],[7.59,36.61],[1.15,36.16],[-1.88,34.81],[-5.28,34.94],[-6.11,34.61],[-6.73,33.59],[-7.47,33.26],[-7.88,33.52],[-6.61,34.16],[-5.88,35.77],[-5.34,35.84],[-4.75,35.19],[-2.84,35.45],[-2.66,35.07],[-1.89,35.07],[0.68,36.42],[3.46,36.87],[5.56,36.67],[6.33,37.06],[8.52,36.87],[10.23,37.25],[10.23,36.8],[11.01,37.0],[10.46,35.9],[11.08,35.58],[11.08,35.0],[10.0,34.29]]],[[[14.57,35.97],[14.57,35.77],[14.34,35.84],[14.57,35.97]]],[[[20.93,37.9],[20.92,37.64],[20.61,37.71],[20.93,37.9]]],[[[20.57,38.42],[20.79,38.09],[20.32,38.16],[20.57,38.42]]],[[[1.26,39.13],[1.65,39.13],[1.66,39.0],[1.27,38.8],[1.26,39.13]]],[[[20.15,39.58],[20.07,39.58],[20.07,39.64],[20.15,39.58]]],[[[2.35,39.45],[2.34,39.64],[3.19,39.97],[3.52,39.77],[3.3,39.32],[2.35,39.45]]],[[[4.22,40.1],[4.3,39.84],[3.83,39.9],[4.22,40.1]]],[[[9.59,39.13],[8.34,39.0],[8.15,40.94],[9.5,41.2],[9.59,39.13]]],[[[9.1,41.33],[8.62,41.72],[8.53,42.5],[9.49,43.02],[9.58,41.98],[9.1,41.33]]],[[[17.63,47.8],[18.8,47.93],[19.27,47.47],[18.83,47.01],[19.0,45.37],[20.06,45.37],[20.75,44.71],[22.69,44.65],[22.5,44.32],[22.95,43.8],[25.43,43.6],[26.28,44.06],[27.49,44.06],[27.94,44.52],[27.87,45.37],[29.58,45.43],[29.53,44.91],[28.8,44.97],[28.48,43.47],[27.51,42.63],[27.98,41.65],[29.04,41.07],[27.53,41.07],[26.92,40.48],[24.35,41.0],[23.7,40.81],[23.74,40.23],[22.65,40.61],[22.61,39.9],[23.14,39.45],[22.8,39.06],[23.49,38.87],[22.94,38.74],[24.03,38.67],[24.16,38.22],[23.98,37.84],[23.04,37.9],[23.41,37.51],[22.71,37.58],[23.06,36.67],[22.36,36.67],[22.22,37.06],[21.74,36.87],[21.7,37.51],[21.24,37.84],[21.74,38.35],[21.19,38.42],[20.15,39.71],[19.76,39.64],[20.01,39.97],[19.25,40.61],[19.54,41.78],[17.99,42.82],[17.51,42.76],[17.05,43.41],[15.93,43.47],[14.6,45.37],[13.78,44.91],[13.71,45.76],[13.23,45.82],[12.16,45.5],[12.31,44.19],[13.67,43.41],[14.37,42.24],[16.12,41.91],[15.94,41.39],[18.44,40.16],[18.11,39.9],[17.35,40.55],[16.62,40.29],[16.45,39.64],[17.14,39.06],[15.93,37.96],[15.39,38.16],[15.05,36.74],[12.49,37.9],[15.86,38.29],[16.27,38.93],[15.75,40.03],[11.26,42.43],[10.13,44.06],[9.16,44.45],[6.28,43.15],[4.17,43.6],[3.14,43.28],[3.12,41.91],[0.7,40.94],[-0.35,39.71],[0.1,38.74],[-0.66,38.29],[-0.7,37.64],[-1.71,37.45],[-2.06,36.8],[-4.47,36.74],[-5.66,36.03],[-6.84,37.25],[-9.0,37.0],[-8.82,38.48],[-9.21,38.42],[-9.57,38.93],[-8.73,40.74],[-8.96,42.17],[-8.66,42.37],[-9.28,42.89],[-9.16,43.28],[-8.24,43.73],[-3.3,43.34],[-1.69,43.34],[-1.39,43.67],[-1.03,45.5],[-1.25,46.28],[-2.84,47.6],[-4.42,47.8],[-4.89,48.32],[-4.6,48.72],[-1.6,48.65],[-2.03,49.78],[0.01,49.38],[0.22,49.85],[1.45,50.25],[1.66,51.05],[3.41,51.45],[4.06,52.12],[6.54,51.65],[7.67,50.45],[7.68,49.91],[8.35,49.65],[7.56,47.6],[8.47,47.6],[9.12,48.19],[11.86,49.18],[14.26,48.26],[14.92,48.39],[15.5,48.19],[16.33,48.32],[16.9,48.13],[17.63,47.8]]],[[[10.46,42.89],[10.46,42.69],[10.21,42.69],[10.46,42.89]]],[[[14.51,44.91],[14.5,44.52],[14.26,44.58],[14.51,44.91]]],[[[19.0,45.5],[19.01,45.56],[19.09,45.56],[19.0,45.5]]],[[[19.08,47.07],[19.09,47.14],[19.17,47.14],[19.08,47.07]]],[[[16.91,48.26],[16.99,48.26],[16.99,48.19],[16.91,48.26]]],[[[16.83,48.32],[16.91,48.32],[16.91,48.26],[16.83,48.32]]],[[[1.72,52.72],[1.59,52.12],[0.52,51.51],[1.38,51.38],[1.31,51.11],[0.49,50.78],[-1.37,50.85],[-1.18,50.58],[-3.13,50.71],[-3.58,50.25],[-5.75,50.05],[-4.2,51.31],[-3.09,51.25],[-2.95,51.45],[-5.26,51.71],[-5.22,52.05],[-4.16,52.45],[-4.3,52.92],[-4.79,52.79],[-4.49,53.12],[-4.7,53.46],[-3.15,53.46],[-2.97,54.14],[-3.59,54.27],[-3.57,54.89],[-1.61,55.36],[-1.29,54.68],[-0.2,54.21],[0.3,53.39],[0.07,52.99],[1.72,52.72]]],[[[33.04,34.55],[32.23,34.94],[34.54,35.71],[34.09,35.0],[33.04,34.55]]],[[[25.68,35.13],[26.23,35.19],[24.82,35.0],[23.62,35.52],[25.68,35.13]]],[[[28.14,36.03],[27.74,35.9],[27.69,36.29],[28.02,36.48],[28.14,36.03]]],[[[23.12,36.35],[23.11,36.16],[22.87,36.16],[23.12,36.35]]],[[[27.19,36.8],[26.87,36.67],[27.04,36.93],[27.19,36.8]]],[[[25.57,37.13],[25.56,37.0],[25.33,37.0],[25.57,37.13]]],[[[24.43,37.58],[24.27,37.51],[24.2,37.64],[24.43,37.58]]],[[[25.22,37.71],[25.29,37.51],[25.05,37.51],[25.22,37.71]]],[[[26.31,37.71],[26.3,37.58],[25.99,37.51],[26.31,37.71]]],[[[24.77,38.03],[25.07,37.77],[24.83,37.71],[24.77,38.03]]],[[[26.22,38.55],[26.11,38.16],[25.88,38.16],[26.22,38.55]]],[[[23.48,38.74],[23.49,38.8],[23.57,38.8],[23.48,38.74]]],[[[24.67,38.93],[24.66,38.74],[24.36,38.87],[24.67,38.93]]],[[[25.79,39.19],[26.04,39.38],[26.64,39.0],[25.79,39.19]]],[[[25.46,40.03],[25.45,39.84],[24.97,39.84],[25.46,40.03]]],[[[26.04,40.29],[26.02,40.16],[25.7,40.1],[26.04,40.29]]],[[[24.81,40.81],[24.79,40.61],[24.55,40.55],[24.81,40.81]]]]}},{"type":"Feature","properties":{"n":"Former Zhao","f":311,"t":323,"w":"Q1574107"},"geometry":{"type":"Polygon","coordinates":[[[108.1,33.14],[107.65,32.94],[107.48,33.33],[106.03,33.33],[106.39,34.1],[107.08,34.1],[107.07,34.87],[106.78,35.52],[105.92,35.9],[106.13,36.22],[105.7,37.25],[103.76,37.84],[104.11,38.8],[103.67,38.87],[104.67,39.51],[104.61,39.9],[107.77,39.9],[114.76,40.87],[114.97,40.68],[114.41,40.23],[114.94,39.58],[114.09,39.0],[114.5,38.22],[113.92,37.0],[115.46,36.61],[115.34,35.45],[114.73,35.13],[114.46,34.29],[112.65,33.39],[111.77,32.49],[109.88,32.56],[108.1,33.14]]]}},{"type":"Feature","properties":{"n":"Cheng Han","f":311,"t":337,"w":"Q1069905"},"geometry":{"type":"Polygon","coordinates":[[[105.97,27.8],[101.51,25.04],[100.89,29.92],[101.69,32.75],[103.13,33.39],[105.17,33.07],[107.48,33.33],[107.65,32.94],[108.1,33.14],[109.58,32.56],[105.97,27.8]]]}},{"type":"Feature","properties":{"n":"Gothia","f":311,"t":352,"w":"Q422253"},"geometry":{"type":"MultiPolygon","coordinates":[[[[29.67,45.43],[29.66,45.37],[29.58,45.37],[29.67,45.43]]],[[[37.33,49.38],[36.37,49.18],[35.35,48.52],[35.03,47.53],[34.11,47.47],[32.92,46.61],[30.88,46.68],[29.58,45.43],[27.87,45.37],[27.94,44.52],[27.49,44.06],[26.28,44.06],[25.43,43.6],[22.95,43.8],[22.5,44.32],[22.69,44.65],[20.75,44.71],[19.91,45.63],[20.19,46.22],[21.74,46.15],[22.95,48.19],[22.66,49.71],[24.36,50.85],[27.51,51.05],[32.2,50.25],[34.32,50.85],[34.81,51.25],[36.36,51.38],[37.95,50.45],[37.33,49.38]]],[[[36.17,48.99],[36.26,48.99],[36.25,48.92],[36.17,48.99]]],[[[32.48,50.45],[32.56,50.45],[32.55,50.38],[32.48,50.45]]]]}},{"type":"Feature","properties":{"n":"Western Jin","f":311,"t":312,"w":"Q7352"},"geometry":{"type":"MultiPolygon","coordinates":[[[[108.76,18.41],[108.7,19.38],[109.25,19.96],[110.91,20.15],[111.03,19.57],[109.86,18.35],[108.76,18.41]]],[[[123.17,41.91],[125.95,40.74],[126.83,39.84],[127.02,38.93],[126.35,37.84],[125.39,37.64],[124.76,38.09],[125.39,39.38],[124.34,39.9],[121.03,38.74],[121.69,39.38],[121.28,39.64],[122.23,40.48],[121.11,40.87],[119.22,39.32],[117.78,39.13],[117.58,38.74],[118.07,38.16],[119.46,37.96],[119.16,37.19],[120.75,37.9],[122.71,37.45],[122.39,36.8],[120.98,36.61],[119.23,34.81],[120.34,34.36],[120.92,32.62],[121.96,31.98],[121.84,31.66],[120.92,31.85],[122.0,31.08],[120.68,30.18],[121.48,30.31],[122.03,29.92],[121.94,29.22],[121.74,29.54],[121.57,29.47],[121.65,28.32],[121.12,28.32],[119.59,26.13],[119.53,25.62],[119.87,25.49],[119.27,25.49],[118.76,24.59],[118.15,24.52],[116.54,22.91],[114.64,22.72],[114.37,22.08],[113.6,22.72],[113.64,22.14],[110.42,21.18],[110.49,20.28],[109.88,20.21],[109.81,21.5],[108.65,21.69],[106.96,20.92],[105.97,19.83],[105.73,18.86],[106.96,17.32],[106.4,17.0],[105.14,18.41],[104.98,20.15],[104.44,20.47],[105.1,20.86],[104.87,22.21],[105.69,23.04],[102.85,23.43],[101.81,24.26],[101.59,25.04],[104.27,27.03],[105.97,27.8],[106.87,29.41],[109.58,32.56],[111.24,32.3],[114.46,34.29],[114.73,35.13],[115.34,35.45],[115.56,36.48],[113.92,37.0],[114.5,38.22],[114.09,39.0],[114.94,39.58],[114.41,40.23],[114.97,40.68],[114.76,40.87],[115.99,41.78],[117.46,42.24],[117.78,42.24],[117.87,41.59],[121.02,41.26],[123.17,41.91]]],[[[122.28,29.99],[121.98,29.99],[122.05,30.18],[122.28,29.99]]],[[[100.89,39.71],[104.61,39.9],[104.67,39.51],[103.67,38.87],[104.11,38.8],[103.66,37.96],[105.7,37.25],[106.13,36.22],[105.92,35.9],[106.78,35.52],[107.08,34.1],[106.39,34.1],[106.35,33.59],[105.7,33.07],[103.21,33.39],[103.74,35.45],[103.21,37.06],[100.87,38.03],[100.41,38.61],[99.81,38.48],[99.2,39.26],[97.91,39.0],[96.76,39.45],[96.7,38.74],[96.36,38.67],[95.32,39.38],[93.3,39.45],[93.09,39.9],[93.36,40.55],[95.23,41.0],[96.93,41.07],[100.89,39.71]]]]}},{"type":"Feature","properties":{"n":"Goguryeo","f":313,"t":382,"w":"Q28370"},"geometry":{"type":"Polygon","coordinates":[[[129.76,40.87],[126.96,39.38],[126.94,38.35],[126.35,37.84],[125.23,37.64],[124.76,38.09],[125.39,39.38],[124.27,39.9],[125.08,41.0],[123.13,41.85],[126.47,42.82],[130.92,42.89],[129.74,41.72],[129.76,40.87]]]}},{"type":"Feature","properties":{"n":"Western Jin","f":313,"t":323,"w":"Q7352"},"geometry":{"type":"MultiPolygon","coordinates":[[[[108.76,18.41],[108.7,19.38],[109.25,19.96],[110.91,20.15],[111.03,19.57],[109.86,18.35],[108.76,18.41]]],[[[123.17,41.91],[125.08,41.0],[124.23,39.84],[122.94,39.64],[121.42,38.74],[121.03,38.74],[121.69,39.38],[121.21,39.51],[122.23,40.48],[121.82,40.87],[121.11,40.87],[119.22,39.32],[117.89,39.19],[117.58,38.74],[118.07,38.16],[119.46,37.96],[119.16,37.19],[120.75,37.9],[122.71,37.45],[122.39,36.8],[120.98,36.61],[119.23,34.81],[120.34,34.36],[120.92,32.62],[121.99,31.85],[120.89,31.79],[122.0,31.08],[120.68,30.18],[121.48,30.31],[122.03,29.92],[121.94,29.22],[121.59,29.54],[121.65,28.32],[121.12,28.32],[119.59,26.13],[119.53,25.62],[119.87,25.49],[119.27,25.49],[118.76,24.59],[118.15,24.52],[116.54,22.91],[114.64,22.72],[114.37,22.08],[113.6,22.72],[113.64,22.14],[110.42,21.18],[110.49,20.28],[109.88,20.21],[109.81,21.5],[108.65,21.69],[106.96,20.92],[105.97,19.83],[105.73,18.86],[106.96,17.32],[106.4,17.0],[105.14,18.41],[104.98,20.15],[104.44,20.47],[105.1,20.86],[104.87,22.21],[105.69,23.04],[102.85,23.43],[101.81,24.26],[101.59,25.04],[104.27,27.03],[105.97,27.8],[106.87,29.41],[109.58,32.56],[111.24,32.3],[114.46,34.29],[114.73,35.13],[115.34,35.45],[115.56,36.48],[113.92,37.0],[114.5,38.22],[114.09,39.0],[114.94,39.58],[114.41,40.23],[114.97,40.68],[114.76,40.87],[115.99,41.78],[117.46,42.24],[117.78,42.24],[117.87,41.59],[121.02,41.26],[123.17,41.91]]],[[[122.28,29.99],[121.98,29.99],[122.05,30.18],[122.28,29.99]]],[[[100.89,39.71],[104.61,39.9],[104.67,39.51],[103.67,38.87],[104.11,38.8],[103.66,37.96],[105.7,37.25],[106.13,36.22],[105.92,35.9],[106.78,35.52],[107.08,34.1],[106.39,34.1],[106.35,33.59],[105.7,33.07],[103.21,33.39],[103.74,35.45],[103.21,37.06],[100.87,38.03],[100.41,38.61],[99.81,38.48],[99.2,39.26],[97.91,39.0],[96.76,39.45],[96.7,38.74],[96.36,38.67],[95.32,39.38],[93.3,39.45],[93.09,39.9],[93.36,40.55],[95.23,41.0],[96.93,41.07],[100.89,39.71]]],[[[127.03,38.8],[126.91,38.74],[126.95,38.8],[127.03,38.8]]]]}},{"type":"Feature","properties":{"n":"Tuyuhun","f":313,"t":323,"w":"Q1196201"},"geometry":{"type":"MultiPolygon","coordinates":[[[[103.0,36.35],[102.47,35.58],[100.01,35.84],[96.4,36.55],[92.6,37.64],[90.39,38.03],[88.72,38.8],[93.88,39.51],[95.32,39.38],[96.36,38.67],[96.7,38.74],[96.76,39.45],[97.91,39.0],[99.2,39.26],[99.81,38.48],[100.41,38.61],[101.7,37.58],[102.1,37.77],[103.0,36.35]]],[[[91.32,37.77],[91.34,37.84],[91.42,37.84],[91.32,37.77]]]]}},{"type":"Feature","properties":{"n":"Roman Empire","f":313,"t":323,"w":"Q12544"},"geometry":{"type":"MultiPolygon","coordinates":[[[[10.0,34.29],[10.24,33.71],[12.23,32.81],[13.76,32.88],[15.21,32.36],[15.65,31.4],[17.47,31.08],[18.87,30.25],[20.2,30.89],[20.02,32.24],[21.88,32.94],[23.09,32.62],[23.3,32.17],[24.89,31.98],[25.25,31.46],[26.85,31.46],[28.87,30.82],[30.97,31.66],[32.83,31.01],[33.98,31.14],[34.63,31.66],[35.64,34.36],[36.05,34.55],[35.84,36.29],[36.29,36.8],[34.58,36.87],[33.98,36.29],[32.71,36.03],[31.09,36.93],[29.94,36.22],[29.24,36.22],[29.12,36.74],[28.59,36.87],[28.03,36.67],[28.07,37.13],[27.22,37.32],[27.28,38.03],[26.43,38.22],[26.38,38.67],[26.59,38.35],[27.08,38.55],[26.85,39.58],[26.13,39.51],[26.17,39.97],[26.6,40.48],[29.05,40.36],[28.91,40.61],[29.48,40.74],[28.41,41.13],[27.53,41.07],[26.92,40.48],[25.38,41.0],[23.7,40.81],[23.74,40.23],[22.65,40.61],[22.61,39.9],[23.14,39.45],[22.8,39.06],[23.49,38.87],[22.94,38.74],[24.03,38.67],[24.16,38.22],[23.98,37.84],[23.04,37.9],[23.4,37.32],[22.71,37.58],[23.06,36.67],[22.36,36.67],[22.22,37.06],[21.74,36.87],[21.7,37.51],[21.24,37.84],[21.74,38.35],[21.19,38.42],[20.15,39.71],[19.76,39.64],[20.01,39.97],[19.25,40.61],[19.54,41.78],[17.99,42.82],[17.51,42.76],[17.05,43.41],[15.93,43.47],[14.6,45.37],[13.78,44.91],[13.71,45.76],[13.23,45.82],[12.16,45.5],[12.31,44.19],[13.67,43.41],[14.37,42.24],[16.12,41.91],[15.94,41.39],[18.44,40.16],[18.11,39.9],[17.35,40.55],[16.62,40.29],[16.45,39.64],[17.14,39.06],[15.93,37.96],[15.39,38.16],[15.05,36.74],[12.49,37.9],[15.86,38.29],[16.27,38.93],[15.75,40.03],[12.6,41.52],[10.54,43.08],[10.21,43.99],[9.16,44.45],[6.28,43.15],[4.17,43.6],[3.14,43.28],[3.12,41.91],[0.7,40.94],[-0.13,40.03],[-0.31,39.13],[0.1,38.74],[-0.66,38.29],[-0.7,37.64],[-1.71,37.45],[-2.06,36.8],[-4.47,36.74],[-5.66,36.03],[-6.84,37.25],[-9.0,37.0],[-8.82,38.48],[-9.21,38.42],[-9.57,38.93],[-8.73,40.74],[-8.96,42.17],[-8.66,42.37],[-9.3,43.15],[-8.24,43.73],[-1.69,43.34],[-1.03,45.5],[-1.25,46.28],[-2.84,47.6],[-4.42,47.8],[-4.91,48.52],[-3.46,48.92],[-1.6,48.65],[-2.03,49.78],[0.01,49.38],[0.22,49.85],[1.45,50.25],[1.66,51.05],[3.41,51.45],[4.06,52.12],[5.93,51.98],[6.89,51.38],[7.75,50.31],[7.68,49.91],[8.35,49.65],[7.63,48.32],[7.64,47.53],[11.86,49.18],[14.26,48.26],[18.8,47.93],[19.27,47.47],[18.83,47.01],[19.0,45.37],[20.06,45.37],[20.75,44.71],[22.69,44.65],[22.5,44.32],[22.95,43.8],[24.15,43.67],[27.49,44.06],[27.94,44.52],[27.87,45.37],[29.58,45.43],[29.53,44.91],[28.8,44.97],[28.48,43.47],[27.51,42.63],[28.51,41.33],[31.18,41.07],[32.63,41.91],[35.12,42.04],[36.21,41.26],[38.3,40.87],[40.37,40.94],[41.69,41.72],[41.45,40.74],[40.4,40.1],[38.79,39.9],[38.74,39.58],[40.48,39.58],[40.57,38.03],[44.77,37.38],[42.97,36.74],[42.66,36.74],[42.76,37.51],[41.26,37.38],[41.67,36.35],[41.09,36.03],[41.11,35.0],[40.1,34.29],[39.12,34.49],[37.99,33.97],[36.9,33.07],[35.2,28.06],[34.59,28.06],[34.91,29.41],[34.12,27.74],[32.44,29.79],[35.85,23.88],[31.67,23.75],[30.54,23.36],[28.57,24.65],[28.15,27.35],[25.37,29.28],[21.94,30.56],[18.28,30.05],[15.18,30.89],[13.83,32.11],[11.77,32.3],[9.63,33.14],[8.85,34.74],[7.99,35.07],[7.59,36.61],[1.15,36.16],[-1.88,34.81],[-5.28,34.94],[-6.11,34.61],[-6.73,33.59],[-7.47,33.26],[-7.88,33.52],[-6.61,34.16],[-5.88,35.77],[-5.34,35.84],[-4.75,35.19],[-2.84,35.45],[-2.66,35.07],[-1.89,35.07],[0.68,36.42],[3.46,36.87],[5.56,36.67],[6.33,37.06],[8.52,36.87],[10.23,37.25],[10.23,36.8],[11.01,37.0],[10.46,35.9],[11.08,35.58],[11.08,35.0],[10.0,34.29]]],[[[14.57,35.97],[14.57,35.77],[14.34,35.84],[14.57,35.97]]],[[[20.93,37.9],[20.92,37.64],[20.61,37.71],[20.93,37.9]]],[[[20.57,38.42],[20.79,38.09],[20.32,38.16],[20.57,38.42]]],[[[1.26,39.13],[1.65,39.13],[1.66,39.0],[1.27,38.8],[1.26,39.13]]],[[[20.15,39.58],[20.07,39.58],[20.07,39.64],[20.15,39.58]]],[[[2.35,39.45],[2.34,39.64],[3.19,39.97],[3.52,39.77],[3.3,39.32],[2.35,39.45]]],[[[4.22,40.1],[4.3,39.84],[3.83,39.9],[4.22,40.1]]],[[[9.59,39.13],[8.34,39.0],[8.15,40.94],[9.5,41.2],[9.59,39.13]]],[[[9.1,41.33],[8.62,41.72],[8.53,42.5],[9.49,43.02],[9.58,41.98],[9.1,41.33]]],[[[10.46,42.89],[10.46,42.69],[10.21,42.69],[10.46,42.89]]],[[[14.51,44.91],[14.5,44.52],[14.26,44.58],[14.51,44.91]]],[[[19.0,45.5],[19.01,45.56],[19.09,45.56],[19.0,45.5]]],[[[19.08,47.07],[19.09,47.14],[19.17,47.14],[19.08,47.07]]],[[[16.91,48.19],[16.91,48.26],[16.99,48.26],[16.91,48.19]]],[[[16.83,48.32],[16.91,48.32],[16.91,48.26],[16.83,48.32]]],[[[1.09,53.06],[1.72,52.72],[1.59,52.12],[0.52,51.51],[1.38,51.38],[1.31,51.11],[0.49,50.78],[-1.37,50.85],[-1.18,50.58],[-3.13,50.71],[-3.58,50.25],[-5.75,50.05],[-4.2,51.31],[-3.09,51.25],[-2.95,51.45],[-5.26,51.71],[-5.22,52.05],[-4.16,52.45],[-4.3,52.92],[-4.79,52.79],[-4.49,53.12],[-4.7,53.46],[-3.15,53.46],[-2.97,54.14],[-3.59,54.27],[-3.57,54.89],[-1.61,55.36],[-1.29,54.68],[-0.2,54.21],[0.3,53.39],[0.17,52.86],[1.09,53.06]]],[[[33.04,34.55],[32.23,34.94],[34.54,35.71],[34.09,35.0],[33.04,34.55]]],[[[25.68,35.13],[26.23,35.19],[24.82,35.0],[23.62,35.52],[25.68,35.13]]],[[[28.02,36.48],[28.25,36.48],[28.14,36.03],[27.74,35.9],[28.02,36.48]]],[[[23.12,36.35],[23.11,36.16],[22.87,36.16],[23.12,36.35]]],[[[27.19,36.8],[26.87,36.67],[27.04,36.93],[27.19,36.8]]],[[[25.57,37.13],[25.56,37.0],[25.33,37.0],[25.57,37.13]]],[[[24.43,37.58],[24.27,37.51],[24.2,37.64],[24.43,37.58]]],[[[25.22,37.71],[25.29,37.51],[25.05,37.51],[25.22,37.71]]],[[[26.31,37.71],[26.3,37.58],[25.99,37.51],[26.31,37.71]]],[[[24.77,38.03],[25.07,37.77],[24.83,37.71],[24.77,38.03]]],[[[26.22,38.55],[26.11,38.16],[25.88,38.16],[26.22,38.55]]],[[[23.56,38.74],[23.48,38.74],[23.49,38.8],[23.56,38.74]]],[[[24.67,38.93],[24.66,38.74],[24.36,38.87],[24.67,38.93]]],[[[25.79,39.19],[26.04,39.38],[26.64,39.0],[25.79,39.19]]],[[[25.46,40.03],[25.45,39.84],[24.97,39.84],[25.46,40.03]]],[[[26.04,40.29],[26.02,40.16],[25.7,40.1],[26.04,40.29]]],[[[24.81,40.81],[24.79,40.61],[24.55,40.55],[24.81,40.81]]]]}},{"type":"Feature","properties":{"n":"Dongye","f":313,"t":382,"w":"Q105946539"},"geometry":{"type":"Polygon","coordinates":[[[127.99,36.8],[127.61,38.29],[126.94,38.35],[126.85,39.19],[127.59,39.51],[127.48,39.19],[129.39,37.38],[127.99,36.8]]]}},{"type":"Feature","properties":{"n":"Roman Empire","f":324,"t":336,"w":"Q12544"},"geometry":{"type":"MultiPolygon","coordinates":[[[[14.57,35.97],[14.57,35.77],[14.34,35.84],[14.57,35.97]]],[[[23.12,36.35],[23.11,36.16],[22.87,36.16],[23.12,36.35]]],[[[7.75,50.31],[7.68,49.91],[8.35,49.65],[7.63,48.32],[7.64,47.53],[12.11,49.18],[14.26,48.26],[18.8,47.93],[19.27,47.47],[18.83,47.01],[19.0,45.37],[20.06,45.37],[20.75,44.71],[22.69,44.65],[22.5,44.32],[22.95,43.8],[25.43,43.6],[26.28,44.06],[27.49,44.06],[27.94,44.52],[27.87,45.37],[29.58,45.43],[29.53,44.91],[28.8,44.97],[28.48,43.47],[27.51,42.63],[27.98,41.65],[28.96,41.13],[31.18,41.07],[32.63,41.91],[35.12,42.04],[36.21,41.26],[40.37,40.94],[41.69,41.72],[41.45,40.74],[40.4,40.1],[38.79,39.9],[38.74,39.58],[40.48,39.58],[40.57,38.03],[43.89,37.71],[44.74,37.19],[42.66,36.74],[42.76,37.51],[41.26,37.38],[41.67,36.35],[41.09,36.03],[41.11,35.0],[40.1,34.29],[39.12,34.49],[37.99,33.97],[36.9,33.07],[35.2,28.06],[34.59,28.06],[34.91,29.41],[34.12,27.74],[32.44,29.79],[35.85,23.88],[31.67,23.75],[30.54,23.36],[28.57,24.65],[28.15,27.35],[25.37,29.28],[21.94,30.56],[18.28,30.05],[15.18,30.89],[13.83,32.11],[11.77,32.3],[9.63,33.14],[8.85,34.74],[7.99,35.07],[7.59,36.61],[1.15,36.16],[-1.88,34.81],[-5.28,34.94],[-6.11,34.61],[-6.73,33.59],[-7.47,33.26],[-7.88,33.52],[-6.61,34.16],[-5.88,35.77],[-5.34,35.84],[-4.75,35.19],[-2.84,35.45],[-2.66,35.07],[-1.89,35.07],[1.22,36.55],[4.24,36.93],[5.56,36.67],[6.33,37.06],[8.52,36.87],[9.76,37.32],[10.46,36.74],[11.01,37.0],[10.46,35.9],[11.08,35.58],[11.08,35.0],[10.0,34.29],[10.24,33.71],[12.23,32.81],[13.3,32.94],[15.06,32.43],[15.65,31.4],[17.85,30.95],[18.97,30.24],[20.2,30.89],[20.02,32.24],[21.88,32.94],[23.09,32.62],[23.3,32.17],[24.89,31.98],[25.25,31.46],[26.85,31.46],[28.87,30.82],[30.97,31.66],[32.91,31.01],[33.98,31.14],[34.63,31.66],[35.64,34.36],[36.05,34.55],[35.84,36.29],[36.14,36.93],[35.49,36.61],[34.58,36.87],[33.98,36.29],[32.71,36.03],[31.09,36.93],[29.94,36.22],[29.24,36.22],[29.12,36.74],[28.59,36.87],[28.03,36.67],[28.07,37.13],[27.22,37.32],[27.28,38.03],[26.43,38.22],[26.38,38.67],[27.06,38.35],[26.85,39.58],[26.13,39.51],[26.6,40.48],[29.05,40.36],[28.91,40.61],[29.48,40.74],[28.17,41.13],[26.92,40.48],[25.38,41.0],[23.7,40.81],[23.74,40.23],[22.65,40.61],[22.61,39.9],[23.14,39.45],[22.8,39.06],[23.49,38.87],[22.94,38.74],[24.03,38.67],[24.16,38.22],[23.98,37.84],[23.04,37.9],[23.4,37.32],[22.71,37.58],[23.06,36.67],[22.36,36.67],[22.22,37.06],[21.74,36.87],[21.7,37.51],[21.24,37.84],[21.74,38.35],[21.19,38.42],[20.15,39.71],[19.76,39.64],[20.01,39.97],[19.25,40.61],[19.54,41.78],[17.99,42.82],[17.51,42.76],[17.05,43.41],[15.93,43.47],[14.6,45.37],[13.78,44.91],[13.71,45.76],[13.39,45.82],[12.16,45.5],[12.31,44.19],[13.67,43.41],[14.37,42.24],[16.12,41.91],[15.94,41.39],[18.44,40.16],[18.11,39.9],[17.35,40.55],[16.62,40.29],[16.45,39.64],[17.14,39.06],[15.93,37.96],[15.39,38.16],[15.05,36.74],[12.49,37.9],[15.86,38.29],[16.27,38.93],[15.75,40.03],[12.6,41.52],[10.54,43.08],[10.21,43.99],[9.16,44.45],[6.28,43.15],[4.17,43.6],[3.14,43.28],[3.12,41.91],[0.7,40.94],[-0.35,39.71],[0.1,38.74],[-0.66,38.29],[-0.7,37.64],[-1.71,37.45],[-2.06,36.8],[-4.47,36.74],[-5.66,36.03],[-6.84,37.25],[-9.0,37.0],[-8.82,38.48],[-9.21,38.42],[-9.57,38.93],[-8.73,40.74],[-8.96,42.17],[-8.66,42.37],[-9.28,42.89],[-9.16,43.28],[-8.24,43.73],[-3.3,43.34],[-1.69,43.34],[-1.39,43.67],[-1.03,45.5],[-1.25,46.28],[-2.84,47.6],[-4.42,47.8],[-4.91,48.52],[-3.46,48.92],[-1.6,48.65],[-2.03,49.78],[0.01,49.38],[0.22,49.85],[1.45,50.25],[1.66,51.05],[3.41,51.45],[4.06,52.12],[5.93,51.98],[7.75,50.31]]],[[[20.93,37.9],[20.92,37.64],[20.61,37.71],[20.93,37.9]]],[[[20.57,38.42],[20.79,38.09],[20.32,38.16],[20.57,38.42]]],[[[1.26,39.13],[1.65,39.13],[1.66,39.0],[1.27,38.8],[1.26,39.13]]],[[[20.07,39.64],[20.15,39.64],[20.15,39.58],[20.07,39.64]]],[[[2.35,39.45],[2.34,39.64],[3.19,39.97],[3.52,39.77],[3.3,39.32],[2.35,39.45]]],[[[4.22,40.1],[4.3,39.84],[3.83,39.9],[4.22,40.1]]],[[[9.59,39.13],[8.34,39.0],[8.15,40.94],[9.5,41.2],[9.59,39.13]]],[[[9.1,41.33],[8.62,41.72],[8.53,42.5],[9.49,43.02],[9.58,41.98],[9.1,41.33]]],[[[10.46,42.89],[10.46,42.69],[10.21,42.69],[10.46,42.89]]],[[[14.51,44.91],[14.5,44.52],[14.26,44.58],[14.51,44.91]]],[[[19.08,47.07],[19.09,47.14],[19.17,47.14],[19.08,47.07]]],[[[16.91,48.19],[16.91,48.26],[16.99,48.26],[16.91,48.19]]],[[[16.83,48.26],[16.83,48.32],[16.91,48.32],[16.83,48.26]]],[[[1.72,52.72],[1.59,52.12],[0.52,51.51],[1.38,51.38],[1.31,51.11],[0.49,50.78],[-1.37,50.85],[-1.18,50.58],[-3.13,50.71],[-3.58,50.25],[-5.75,50.05],[-4.2,51.31],[-3.09,51.25],[-2.95,51.45],[-5.26,51.71],[-5.22,52.05],[-4.16,52.45],[-4.3,52.92],[-4.79,52.79],[-4.49,53.12],[-4.7,53.46],[-3.15,53.46],[-2.97,54.14],[-3.59,54.27],[-3.57,54.89],[-1.61,55.36],[-1.29,54.68],[-0.2,54.21],[0.3,53.39],[0.07,52.99],[1.72,52.72]]],[[[33.04,34.55],[32.23,34.94],[34.54,35.71],[34.09,35.0],[33.04,34.55]]],[[[25.68,35.13],[26.23,35.19],[24.82,35.0],[23.62,35.52],[25.68,35.13]]],[[[28.02,36.48],[28.25,36.48],[28.14,36.03],[27.74,35.9],[28.02,36.48]]],[[[27.19,36.8],[26.87,36.67],[27.04,36.93],[27.19,36.8]]],[[[25.57,37.13],[25.56,37.0],[25.33,37.0],[25.57,37.13]]],[[[24.36,37.71],[24.43,37.58],[24.27,37.51],[24.36,37.71]]],[[[25.22,37.71],[25.29,37.51],[25.05,37.51],[25.22,37.71]]],[[[26.31,37.71],[26.3,37.58],[25.99,37.51],[26.31,37.71]]],[[[24.77,38.03],[25.07,37.77],[24.83,37.71],[24.77,38.03]]],[[[26.22,38.55],[26.11,38.16],[25.88,38.16],[26.22,38.55]]],[[[23.56,38.74],[23.48,38.74],[23.49,38.8],[23.56,38.74]]],[[[24.67,38.93],[24.66,38.74],[24.36,38.87],[24.67,38.93]]],[[[25.79,39.19],[26.04,39.38],[26.64,39.0],[25.79,39.19]]],[[[25.46,40.03],[25.45,39.84],[24.97,39.84],[25.46,40.03]]],[[[26.04,40.29],[26.02,40.16],[25.7,40.1],[26.04,40.29]]],[[[24.81,40.81],[24.79,40.61],[24.55,40.55],[24.81,40.81]]]]}},{"type":"Feature","properties":{"n":"Former Zhao","f":324,"t":336,"w":"Q1574107"},"geometry":{"type":"Polygon","coordinates":[[[108.1,33.14],[107.65,32.94],[107.48,33.33],[106.03,33.33],[106.39,34.1],[107.08,34.1],[107.07,34.87],[106.78,35.52],[105.92,35.9],[106.13,36.22],[105.7,37.25],[103.76,37.84],[104.11,38.8],[103.67,38.87],[104.67,39.51],[104.61,39.9],[107.77,39.9],[114.76,40.87],[114.97,40.68],[114.41,40.23],[114.94,39.58],[114.09,39.0],[114.5,38.22],[113.92,37.0],[115.46,36.61],[115.34,35.45],[114.73,35.13],[114.46,34.29],[112.65,33.39],[111.77,32.49],[109.88,32.56],[108.1,33.14]]]}},{"type":"Feature","properties":{"n":"Former Liang","f":324,"t":372,"w":"Q943392"},"geometry":{"type":"Polygon","coordinates":[[[104.61,39.9],[104.67,39.51],[103.67,38.87],[104.11,38.8],[103.66,37.96],[105.7,37.25],[106.13,36.22],[105.92,35.9],[106.78,35.52],[107.08,34.1],[106.39,34.1],[106.35,33.59],[105.7,33.07],[103.21,33.39],[103.74,35.45],[103.21,37.06],[100.87,38.03],[100.41,38.61],[99.81,38.48],[99.2,39.26],[97.91,39.0],[96.76,39.45],[96.7,38.74],[96.36,38.67],[95.32,39.38],[93.3,39.45],[93.09,39.9],[93.36,40.55],[95.23,41.0],[96.93,41.07],[100.89,39.71],[104.61,39.9]]]}},{"type":"Feature","properties":{"n":"(Alliance between Gupta Empire and Vakataka Kingdom)","f":324,"t":346,"w":"Q11774"},"geometry":{"type":"MultiPolygon","coordinates":[[[[75.01,15.54],[75.06,16.77],[73.72,18.61],[74.46,18.94],[73.91,20.6],[74.31,22.22],[77.21,22.95],[80.76,22.14],[82.22,23.01],[83.46,23.1],[83.94,22.56],[84.58,22.57],[84.44,21.43],[83.73,20.41],[80.8,20.0],[80.73,18.59],[78.87,17.36],[78.76,15.73],[77.31,14.86],[75.97,14.69],[75.01,15.54]]],[[[88.16,26.07],[88.12,24.59],[86.86,24.14],[84.63,24.2],[82.72,24.46],[81.58,25.29],[82.85,27.03],[85.05,26.32],[88.16,26.07]]]]}},{"type":"Feature","properties":{"n":"Kingdom of Armenia","f":324,"t":336,"w":"Q208404"},"geometry":{"type":"Polygon","coordinates":[[[48.93,39.26],[48.8,38.09],[47.25,38.67],[46.37,38.55],[45.22,37.77],[45.43,37.06],[45.1,36.93],[43.89,37.71],[40.57,38.03],[40.48,39.58],[38.74,39.58],[38.79,39.9],[40.4,40.1],[41.45,40.74],[41.53,41.26],[42.62,41.59],[43.34,41.13],[45.11,41.26],[45.6,40.87],[45.46,40.55],[46.46,39.97],[48.93,39.26]]]}},{"type":"Feature","properties":{"n":"Gupta Empire","f":324,"t":346,"w":"Q11774"},"geometry":{"type":"Polygon","coordinates":[[[88.16,26.07],[88.12,24.59],[86.86,24.14],[84.63,24.2],[82.72,24.46],[81.58,25.29],[82.85,27.03],[84.98,26.32],[88.16,26.07]]]}},{"type":"Feature","properties":{"n":"Western Jin","f":324,"t":336,"w":"Q7352"},"geometry":{"type":"MultiPolygon","coordinates":[[[[108.76,18.41],[108.7,19.38],[109.25,19.96],[110.91,20.15],[111.03,19.57],[109.86,18.35],[108.76,18.41]]],[[[123.17,41.91],[125.08,41.0],[124.23,39.84],[122.94,39.64],[121.42,38.74],[121.03,38.74],[121.69,39.38],[121.21,39.51],[122.23,40.48],[121.82,40.87],[121.11,40.87],[119.22,39.32],[117.89,39.19],[117.58,38.74],[118.07,38.16],[119.46,37.96],[119.16,37.19],[120.75,37.9],[122.71,37.45],[122.39,36.8],[120.98,36.61],[119.23,34.81],[120.34,34.36],[120.92,32.62],[121.99,31.85],[120.89,31.79],[122.0,31.08],[120.68,30.18],[121.48,30.31],[122.03,29.92],[121.94,29.22],[121.59,29.54],[121.65,28.32],[121.12,28.32],[119.59,26.13],[119.53,25.62],[119.87,25.49],[119.27,25.49],[118.76,24.59],[118.15,24.52],[116.54,22.91],[114.64,22.72],[114.37,22.08],[113.6,22.72],[113.64,22.14],[110.42,21.18],[110.49,20.28],[109.88,20.21],[109.81,21.5],[108.65,21.69],[106.96,20.92],[105.97,19.83],[105.73,18.86],[106.96,17.32],[106.4,17.0],[105.14,18.41],[104.98,20.15],[104.44,20.47],[105.1,20.86],[104.87,22.21],[105.69,23.04],[102.85,23.43],[101.81,24.26],[101.59,25.04],[104.27,27.03],[105.97,27.8],[106.87,29.41],[109.58,32.56],[111.24,32.3],[114.46,34.29],[114.73,35.13],[115.34,35.45],[115.56,36.48],[113.92,37.0],[114.5,38.22],[114.09,39.0],[114.94,39.58],[114.41,40.23],[114.97,40.68],[114.76,40.87],[115.99,41.78],[117.46,42.24],[117.78,42.24],[117.87,41.59],[121.02,41.26],[123.17,41.91]]],[[[122.28,29.99],[121.98,29.99],[122.05,30.18],[122.28,29.99]]],[[[126.95,38.8],[127.03,38.8],[126.99,38.74],[126.95,38.8]]]]}},{"type":"Feature","properties":{"n":"Tuyuhun","f":324,"t":386,"w":"Q1196201"},"geometry":{"type":"MultiPolygon","coordinates":[[[[96.7,38.74],[96.76,39.45],[97.91,39.0],[99.2,39.26],[99.81,38.48],[100.41,38.61],[101.7,37.58],[102.1,37.77],[103.0,36.35],[102.47,35.58],[100.01,35.84],[96.4,36.55],[92.6,37.64],[90.39,38.03],[88.72,38.8],[93.88,39.51],[95.32,39.38],[96.7,38.74]]],[[[91.32,37.77],[91.34,37.84],[91.42,37.84],[91.32,37.77]]]]}},{"type":"Feature","properties":{"n":"Roman Empire","f":337,"t":337,"w":"Q12544"},"geometry":{"type":"MultiPolygon","coordinates":[[[[10.0,34.29],[10.24,33.71],[12.23,32.81],[13.76,32.88],[15.21,32.36],[15.65,31.4],[18.0,30.89],[18.85,30.18],[20.2,30.89],[20.02,32.24],[21.88,32.94],[23.09,32.62],[23.3,32.17],[24.89,31.98],[25.25,31.46],[26.85,31.46],[28.87,30.82],[30.97,31.66],[32.83,31.01],[34.55,31.53],[35.64,34.36],[36.05,34.55],[35.84,36.29],[36.29,36.8],[34.58,36.87],[33.98,36.29],[32.56,36.03],[32.07,36.61],[30.62,36.93],[30.49,36.35],[29.24,36.22],[29.12,36.74],[28.03,36.67],[28.07,37.13],[27.22,37.32],[27.28,38.03],[26.43,38.22],[26.38,38.67],[26.59,38.35],[27.08,38.55],[26.85,39.58],[26.13,39.51],[26.36,40.36],[29.05,40.36],[28.91,40.61],[29.48,40.74],[29.21,41.2],[31.18,41.07],[33.28,41.98],[35.12,42.04],[36.21,41.26],[38.54,40.87],[40.37,40.94],[41.69,41.72],[41.45,40.74],[40.4,40.1],[38.79,39.9],[38.74,39.58],[40.48,39.58],[40.57,38.03],[44.77,37.38],[42.97,36.74],[42.66,36.74],[42.76,37.51],[41.26,37.38],[41.67,36.35],[41.09,36.03],[41.11,35.0],[40.1,34.29],[39.12,34.49],[37.99,33.97],[36.9,33.07],[35.2,28.06],[34.59,28.06],[34.91,29.41],[34.12,27.74],[32.44,29.79],[35.85,23.88],[31.67,23.75],[30.54,23.36],[28.57,24.65],[28.15,27.35],[25.37,29.28],[21.94,30.56],[18.28,30.05],[15.18,30.89],[13.83,32.11],[11.77,32.3],[9.63,33.14],[8.85,34.74],[7.99,35.07],[7.59,36.61],[1.15,36.16],[-1.88,34.81],[-5.28,34.94],[-6.11,34.61],[-6.73,33.59],[-7.47,33.26],[-7.88,33.52],[-7.2,33.71],[-6.61,34.16],[-5.88,35.77],[-5.34,35.84],[-4.75,35.19],[-2.84,35.45],[-2.74,35.07],[-1.66,35.13],[0.68,36.42],[4.24,36.93],[5.56,36.67],[6.33,37.06],[8.52,36.87],[10.23,37.25],[10.23,36.8],[11.01,37.0],[10.46,35.9],[11.08,35.58],[11.08,35.0],[10.0,34.29]]],[[[-7.28,33.78],[-7.28,33.84],[-7.21,33.84],[-7.28,33.78]]],[[[-2.06,36.8],[-4.47,36.74],[-5.66,36.03],[-6.84,37.25],[-9.0,37.0],[-8.82,38.48],[-9.21,38.42],[-9.57,38.93],[-8.73,40.74],[-8.96,42.17],[-8.66,42.37],[-9.3,43.15],[-8.24,43.73],[-1.69,43.34],[-1.03,45.5],[-1.25,46.28],[-2.84,47.6],[-4.42,47.8],[-4.91,48.52],[-3.46,48.92],[-1.6,48.65],[-2.03,49.78],[0.01,49.38],[0.22,49.85],[1.45,50.25],[1.66,51.05],[3.41,51.45],[4.06,52.12],[6.54,51.65],[7.67,50.45],[7.68,49.91],[8.35,49.65],[7.56,47.6],[8.47,47.6],[9.12,48.19],[11.86,49.18],[14.26,48.26],[16.66,48.32],[17.71,47.73],[19.03,47.66],[19.0,45.37],[20.06,45.37],[20.75,44.71],[22.69,44.65],[22.5,44.32],[22.95,43.8],[24.15,43.67],[27.49,44.06],[27.92,44.25],[27.87,45.37],[29.66,45.37],[29.53,44.91],[28.8,44.97],[28.48,43.47],[27.51,42.63],[27.98,41.65],[29.04,41.07],[27.53,41.07],[26.92,40.48],[24.35,41.0],[23.7,40.81],[23.74,40.23],[22.57,40.55],[22.61,39.9],[23.14,39.45],[22.8,39.06],[23.49,38.87],[22.94,38.74],[24.18,38.55],[23.98,37.84],[23.04,37.9],[23.4,37.32],[22.71,37.58],[23.06,36.67],[22.36,36.67],[22.22,37.06],[21.74,36.87],[21.7,37.51],[21.24,37.84],[21.74,38.35],[21.19,38.42],[20.15,39.71],[19.76,39.64],[20.01,39.97],[19.25,40.61],[19.54,41.78],[17.99,42.82],[17.51,42.76],[17.05,43.41],[15.93,43.47],[14.6,45.37],[13.78,44.91],[13.71,45.76],[13.14,45.82],[12.16,45.5],[12.31,44.19],[13.67,43.41],[14.61,42.11],[16.12,41.91],[15.94,41.39],[18.44,40.16],[18.11,39.9],[17.35,40.55],[16.62,40.29],[16.45,39.64],[17.14,39.06],[15.93,37.96],[15.39,38.16],[15.05,36.74],[12.49,37.9],[15.86,38.29],[16.27,38.93],[15.75,40.03],[11.26,42.43],[10.13,44.06],[9.16,44.45],[6.28,43.15],[4.17,43.6],[3.14,43.28],[3.12,41.91],[0.7,40.94],[-0.35,39.71],[0.1,38.74],[-0.66,38.29],[-0.7,37.64],[-1.86,37.45],[-1.62,37.32],[-2.06,36.8]],[[21.17,42.3],[21.16,42.17],[21.32,42.17],[21.17,42.3]]],[[[1.26,39.13],[1.65,39.13],[1.66,39.0],[1.27,38.8],[1.26,39.13]]],[[[2.35,39.45],[2.34,39.64],[3.19,39.97],[3.52,39.77],[3.3,39.32],[2.35,39.45]]],[[[4.22,40.1],[4.3,39.84],[3.83,39.9],[4.22,40.1]]],[[[9.59,39.13],[8.34,39.0],[8.15,40.94],[9.5,41.2],[9.59,39.13]]],[[[9.1,41.33],[8.62,41.72],[8.53,42.5],[9.49,43.02],[9.1,41.33]]],[[[1.09,53.06],[1.72,52.72],[1.59,52.12],[0.52,51.51],[1.38,51.38],[1.31,51.11],[0.49,50.78],[-1.37,50.85],[-1.18,50.58],[-3.13,50.71],[-3.58,50.25],[-5.75,50.05],[-4.2,51.31],[-3.09,51.25],[-2.95,51.45],[-5.26,51.71],[-5.22,52.05],[-4.16,52.45],[-4.3,52.92],[-4.79,52.79],[-4.49,53.12],[-4.7,53.46],[-3.15,53.46],[-2.97,54.14],[-3.59,54.27],[-3.57,54.89],[-1.61,55.36],[-1.29,54.68],[-0.2,54.21],[0.3,53.39],[0.17,52.86],[1.09,53.06]]],[[[14.57,35.97],[14.57,35.77],[14.34,35.84],[14.57,35.97]]],[[[23.12,36.35],[23.11,36.16],[22.87,36.16],[23.12,36.35]]],[[[24.36,37.71],[24.43,37.58],[24.27,37.51],[24.36,37.71]]],[[[20.93,37.9],[20.92,37.64],[20.61,37.71],[20.93,37.9]]],[[[25.07,37.77],[24.68,37.84],[24.77,38.03],[25.07,37.77]]],[[[20.8,38.29],[20.79,38.09],[20.32,38.16],[20.8,38.29]]],[[[23.56,38.74],[23.48,38.74],[23.49,38.8],[23.56,38.74]]],[[[24.67,38.93],[24.66,38.74],[24.36,38.87],[24.67,38.93]]],[[[20.15,39.58],[20.07,39.58],[20.07,39.64],[20.15,39.58]]],[[[24.81,40.81],[24.79,40.61],[24.55,40.55],[24.81,40.81]]],[[[10.46,42.89],[10.46,42.69],[10.21,42.69],[10.46,42.89]]],[[[14.51,44.91],[14.5,44.52],[14.26,44.58],[14.51,44.91]]],[[[33.04,34.55],[32.23,34.94],[34.54,35.71],[33.04,34.55]]],[[[25.68,35.13],[26.23,35.19],[24.82,35.0],[23.62,35.52],[25.68,35.13]]],[[[28.02,36.48],[28.25,36.48],[28.14,36.03],[27.74,35.9],[28.02,36.48]]],[[[27.19,36.8],[26.87,36.67],[27.04,36.93],[27.19,36.8]]],[[[25.57,37.13],[25.56,37.0],[25.33,37.0],[25.57,37.13]]],[[[25.22,37.71],[25.29,37.51],[25.05,37.51],[25.22,37.71]]],[[[26.31,37.71],[26.3,37.58],[25.99,37.51],[26.31,37.71]]],[[[26.22,38.55],[26.11,38.16],[25.88,38.16],[25.82,38.48],[26.22,38.55]]],[[[25.79,39.19],[26.51,39.32],[26.64,39.0],[25.79,39.19]]],[[[25.46,40.03],[25.45,39.84],[24.97,39.84],[25.46,40.03]]],[[[26.04,40.29],[26.02,40.16],[25.7,40.1],[26.04,40.29]]]]}},{"type":"Feature","properties":{"n":"Vandals","f":337,"t":357,"w":"Q42211"},"geometry":{"type":"MultiPolygon","coordinates":[[[[17.73,48.13],[19.22,48.13],[19.68,47.47],[19.33,47.01],[19.36,46.02],[20.0,45.82],[20.06,45.37],[19.0,45.37],[18.84,47.07],[19.19,47.47],[18.87,47.8],[17.71,47.73],[16.66,48.32],[14.26,48.26],[13.69,48.85],[16.43,48.65],[17.73,48.13]]],[[[19.58,47.14],[19.66,47.14],[19.66,47.07],[19.58,47.14]]],[[[17.33,48.46],[17.42,48.46],[17.41,48.39],[17.33,48.46]]]]}},{"type":"Feature","properties":{"n":"Western Jin","f":337,"t":346,"w":"Q7352"},"geometry":{"type":"MultiPolygon","coordinates":[[[[108.76,18.41],[108.7,19.38],[109.25,19.96],[110.91,20.15],[111.03,19.57],[109.86,18.35],[108.76,18.41]]],[[[121.99,31.85],[120.89,31.79],[122.0,31.08],[120.68,30.18],[121.48,30.31],[122.03,29.92],[122.0,29.41],[121.71,29.22],[121.59,29.54],[121.65,28.32],[121.12,28.32],[119.59,26.13],[119.53,25.62],[119.87,25.49],[119.27,25.49],[118.76,24.59],[118.15,24.52],[116.54,22.91],[114.64,22.72],[114.37,22.08],[113.6,22.72],[113.64,22.14],[110.42,21.18],[110.49,20.28],[109.88,20.21],[109.81,21.5],[108.65,21.69],[106.96,20.92],[105.97,19.83],[105.73,18.86],[106.96,17.32],[106.4,17.0],[105.14,18.41],[104.98,20.15],[104.44,20.47],[105.1,20.86],[104.87,22.21],[105.69,23.04],[102.85,23.43],[101.81,24.26],[101.59,25.04],[104.27,27.03],[105.97,27.8],[106.87,29.41],[109.58,32.56],[111.24,32.3],[114.08,33.14],[117.35,33.26],[120.51,34.04],[120.92,32.62],[121.99,31.85]]],[[[122.28,29.99],[121.98,29.99],[122.05,30.18],[122.28,29.99]]],[[[126.95,38.8],[127.03,38.8],[126.99,38.74],[126.95,38.8]]]]}},{"type":"Feature","properties":{"n":"Former Yan","f":337,"t":352,"w":"Q1472004"},"geometry":{"type":"Polygon","coordinates":[[[121.02,41.26],[123.17,41.91],[125.08,40.74],[124.23,39.84],[122.94,39.64],[121.42,38.74],[121.03,38.74],[121.69,39.38],[121.21,39.51],[122.23,40.48],[121.82,40.87],[121.11,40.87],[118.99,39.19],[117.78,39.13],[117.77,38.35],[119.46,37.96],[119.16,37.19],[120.75,37.9],[122.71,37.45],[122.5,36.87],[120.98,36.61],[119.62,35.52],[119.23,34.81],[120.43,34.04],[117.35,33.26],[113.47,32.94],[114.73,35.13],[115.34,35.45],[115.56,36.48],[113.94,36.87],[114.5,38.22],[114.09,39.0],[114.94,39.58],[114.41,40.23],[114.97,40.68],[114.76,40.87],[115.99,41.78],[117.46,42.24],[117.78,42.24],[117.87,41.59],[121.02,41.26]]]}},{"type":"Feature","properties":{"n":"Kingdom of Armenia","f":337,"t":357,"w":"Q208404"},"geometry":{"type":"Polygon","coordinates":[[[48.8,38.09],[47.25,38.67],[46.37,38.55],[45.22,37.77],[45.43,37.06],[45.1,36.93],[43.89,37.71],[40.57,38.03],[40.48,39.58],[38.74,39.58],[38.79,39.9],[40.4,40.1],[41.45,40.74],[41.53,41.26],[42.62,41.59],[43.34,41.13],[45.11,41.26],[45.6,40.87],[45.46,40.55],[46.46,39.97],[48.93,39.26],[48.8,38.09]]]}},{"type":"Feature","properties":{"n":"Later Zhao","f":337,"t":346,"w":"Q2314907"},"geometry":{"type":"Polygon","coordinates":[[[110.17,32.3],[109.16,32.88],[107.65,32.94],[107.48,33.33],[106.03,33.33],[106.39,34.1],[107.08,34.1],[107.07,34.87],[106.78,35.52],[105.92,35.9],[106.13,36.22],[105.7,37.25],[103.76,37.84],[104.11,38.8],[103.67,38.87],[104.67,39.51],[104.61,39.9],[107.77,39.9],[114.76,40.87],[114.97,40.68],[114.41,40.23],[114.94,39.58],[114.09,39.0],[114.5,38.22],[113.94,36.87],[115.56,36.48],[115.34,35.45],[114.73,35.13],[113.47,32.94],[110.17,32.3]]]}},{"type":"Feature","properties":{"n":"Kingdom of Kush","f":338,"t":346,"w":"Q241790"},"geometry":{"type":"Polygon","coordinates":[[[36.05,16.81],[34.71,16.49],[34.68,15.78],[32.53,15.2],[31.73,15.59],[31.39,16.36],[30.54,23.36],[33.39,23.81],[33.82,23.49],[34.26,19.64],[36.05,16.81]]]}},{"type":"Feature","properties":{"n":"Cheng Han","f":338,"t":346,"w":"Q1069905"},"geometry":{"type":"Polygon","coordinates":[[[105.97,27.8],[101.51,25.04],[100.89,29.92],[101.69,32.75],[103.13,33.39],[105.17,33.07],[107.48,33.33],[107.65,32.94],[108.1,33.14],[109.58,32.56],[105.97,27.8]]]}},{"type":"Feature","properties":{"n":"Eastern Kushans","f":338,"t":346,"w":"Q25979"},"geometry":{"type":"MultiPolygon","coordinates":[[[[76.1,32.62],[73.22,31.01],[70.65,28.7],[67.56,27.8],[67.17,27.22],[67.14,29.34],[66.07,29.73],[66.53,31.01],[70.61,32.36],[72.14,34.04],[73.26,33.91],[73.72,34.81],[76.1,32.62]]],[[[73.72,34.81],[73.73,34.87],[73.81,34.87],[73.79,34.81],[73.72,34.81]]]]}},{"type":"Feature","properties":{"n":"Mahan","f":338,"t":346,"w":"Q421372"},"geometry":{"type":"Polygon","coordinates":[[[126.12,34.36],[126.77,35.9],[126.05,36.8],[126.68,37.13],[126.31,37.77],[126.94,38.35],[127.61,38.29],[128.09,36.22],[127.56,35.45],[127.52,34.55],[126.12,34.36]]]}},{"type":"Feature","properties":{"n":"Roman Empire","f":338,"t":346,"w":"Q12544"},"geometry":{"type":"MultiPolygon","coordinates":[[[[10.0,34.29],[10.24,33.71],[12.23,32.81],[13.76,32.88],[15.21,32.36],[15.65,31.4],[18.0,30.89],[18.85,30.18],[20.2,30.89],[20.02,32.24],[21.88,32.94],[23.09,32.62],[23.3,32.17],[24.89,31.98],[25.25,31.46],[26.85,31.46],[28.87,30.82],[30.97,31.66],[32.83,31.01],[34.55,31.53],[35.64,34.36],[36.05,34.55],[35.84,36.29],[36.29,36.8],[34.58,36.87],[33.98,36.29],[32.56,36.03],[31.39,36.87],[30.62,36.93],[30.49,36.35],[29.94,36.22],[29.24,36.22],[29.12,36.74],[28.03,36.67],[28.07,37.13],[27.22,37.32],[27.28,38.03],[26.43,38.22],[26.38,38.67],[26.59,38.35],[27.08,38.55],[26.85,39.58],[26.13,39.51],[26.27,40.29],[29.05,40.36],[28.91,40.61],[29.49,40.87],[29.12,41.07],[27.53,41.07],[26.92,40.48],[24.35,41.0],[23.7,40.81],[23.74,40.23],[22.65,40.61],[22.61,39.9],[23.14,39.45],[22.8,39.06],[23.49,38.87],[22.94,38.74],[24.03,38.67],[24.16,38.22],[23.98,37.84],[23.04,37.9],[23.4,37.32],[22.71,37.58],[23.06,36.67],[22.36,36.67],[22.22,37.06],[21.74,36.87],[21.7,37.51],[21.24,37.84],[21.74,38.35],[21.19,38.42],[20.15,39.71],[19.76,39.64],[20.01,39.97],[19.25,40.61],[19.54,41.78],[17.99,42.82],[17.51,42.76],[17.05,43.41],[15.93,43.47],[14.6,45.37],[13.78,44.91],[13.71,45.76],[13.14,45.82],[12.16,45.5],[12.31,44.19],[13.67,43.41],[14.37,42.24],[16.12,41.91],[15.94,41.39],[18.44,40.16],[18.11,39.9],[17.35,40.55],[16.62,40.29],[16.45,39.64],[17.14,39.06],[15.93,37.96],[15.39,38.16],[15.05,36.74],[12.49,37.9],[15.86,38.29],[16.27,38.93],[15.75,40.03],[11.26,42.43],[10.13,44.06],[8.59,44.45],[6.28,43.15],[4.17,43.6],[3.14,43.28],[3.12,41.91],[0.7,40.94],[-0.13,40.03],[-0.31,39.13],[0.1,38.74],[-0.66,38.29],[-0.7,37.64],[-1.86,37.45],[-1.62,37.32],[-2.06,36.8],[-4.47,36.74],[-5.66,36.03],[-6.84,37.25],[-9.0,37.0],[-8.82,38.48],[-9.21,38.42],[-9.57,38.93],[-8.73,40.74],[-8.96,42.17],[-8.66,42.37],[-9.3,43.15],[-8.24,43.73],[-1.69,43.34],[-1.03,45.5],[-1.25,46.28],[-2.84,47.6],[-4.42,47.8],[-4.91,48.52],[-3.46,48.92],[-1.6,48.65],[-2.03,49.78],[0.01,49.38],[0.22,49.85],[1.45,50.25],[1.66,51.05],[3.41,51.45],[4.06,52.12],[5.93,51.98],[6.89,51.38],[7.75,50.31],[7.68,49.91],[8.35,49.65],[7.56,47.6],[8.47,47.6],[9.12,48.19],[11.86,49.18],[14.26,48.26],[16.66,48.32],[17.71,47.73],[19.03,47.66],[19.0,45.37],[20.06,45.37],[20.75,44.71],[22.69,44.65],[22.5,44.32],[22.95,43.8],[24.15,43.67],[27.49,44.06],[27.92,44.25],[27.87,45.37],[29.58,45.43],[29.53,44.91],[28.8,44.97],[28.48,43.47],[27.51,42.63],[28.51,41.33],[31.18,41.07],[32.63,41.91],[35.12,42.04],[36.21,41.26],[38.3,40.87],[40.37,40.94],[41.69,41.72],[41.45,40.74],[40.4,40.1],[38.79,39.9],[38.74,39.58],[40.48,39.58],[40.57,38.03],[44.77,37.38],[42.97,36.74],[42.66,36.74],[42.76,37.51],[41.26,37.38],[41.67,36.35],[41.09,36.03],[41.11,35.0],[40.1,34.29],[39.12,34.49],[37.99,33.97],[36.9,33.07],[35.2,28.06],[34.59,28.06],[34.91,29.41],[34.12,27.74],[32.44,29.79],[35.85,23.88],[31.67,23.75],[30.54,23.36],[28.57,24.65],[28.15,27.35],[25.37,29.28],[21.94,30.56],[18.28,30.05],[15.18,30.89],[13.83,32.11],[11.77,32.3],[9.63,33.14],[8.85,34.74],[7.99,35.07],[7.59,36.61],[1.15,36.16],[-1.88,34.81],[-5.28,34.94],[-6.11,34.61],[-6.73,33.59],[-7.47,33.26],[-7.88,33.52],[-7.2,33.71],[-6.61,34.16],[-5.88,35.77],[-5.34,35.84],[-4.75,35.19],[-2.84,35.45],[-2.74,35.07],[-1.66,35.13],[0.68,36.42],[4.24,36.93],[5.56,36.67],[6.33,37.06],[8.52,36.87],[10.23,37.25],[10.23,36.8],[11.01,37.0],[10.46,35.9],[11.08,35.58],[11.08,35.0],[10.0,34.29]]],[[[-7.28,33.78],[-7.28,33.84],[-7.21,33.84],[-7.28,33.78]]],[[[14.57,35.97],[14.57,35.77],[14.34,35.84],[14.57,35.97]]],[[[20.93,37.9],[20.92,37.64],[20.61,37.71],[20.93,37.9]]],[[[20.8,38.29],[20.79,38.09],[20.32,38.16],[20.8,38.29]]],[[[1.65,39.13],[1.66,39.0],[1.27,38.8],[1.18,39.06],[1.65,39.13]]],[[[20.15,39.58],[20.07,39.58],[20.07,39.64],[20.15,39.58]]],[[[2.35,39.45],[2.34,39.64],[3.19,39.97],[3.52,39.77],[3.3,39.32],[2.35,39.45]]],[[[4.22,40.1],[4.3,39.84],[3.83,39.9],[4.22,40.1]]],[[[9.59,39.13],[8.34,39.0],[8.15,40.94],[9.5,41.2],[9.59,39.13]]],[[[9.1,41.33],[8.62,41.72],[8.53,42.5],[9.49,43.02],[9.1,41.33]]],[[[10.46,42.89],[10.46,42.69],[10.21,42.69],[10.46,42.89]]],[[[14.51,44.91],[14.5,44.52],[14.26,44.58],[14.51,44.91]]],[[[1.72,52.72],[1.59,52.12],[0.52,51.51],[1.38,51.38],[1.31,51.11],[0.49,50.78],[-1.37,50.85],[-1.18,50.58],[-3.13,50.71],[-3.58,50.25],[-5.75,50.05],[-4.2,51.31],[-3.09,51.25],[-2.95,51.45],[-5.26,51.71],[-5.22,52.05],[-4.16,52.45],[-4.3,52.92],[-4.79,52.79],[-4.49,53.12],[-4.7,53.46],[-3.15,53.46],[-2.97,54.14],[-3.59,54.27],[-3.57,54.89],[-1.61,55.36],[-1.29,54.68],[-0.2,54.21],[0.3,53.39],[0.07,52.99],[1.72,52.72]]],[[[33.04,34.55],[32.23,34.94],[34.54,35.71],[34.09,35.0],[33.04,34.55]]],[[[25.68,35.13],[26.23,35.19],[24.82,35.0],[23.62,35.52],[25.68,35.13]]],[[[28.14,36.03],[27.74,35.9],[27.69,36.29],[28.02,36.48],[28.14,36.03]]],[[[23.12,36.35],[23.11,36.16],[22.87,36.16],[23.12,36.35]]],[[[27.19,36.8],[26.87,36.67],[27.04,36.93],[27.19,36.8]]],[[[25.57,37.13],[25.56,37.0],[25.33,37.0],[25.57,37.13]]],[[[24.43,37.58],[24.27,37.51],[24.2,37.64],[24.43,37.58]]],[[[25.22,37.71],[25.29,37.51],[25.05,37.51],[25.22,37.71]]],[[[26.31,37.71],[26.3,37.58],[25.99,37.51],[26.31,37.71]]],[[[24.77,38.03],[25.07,37.77],[24.83,37.71],[24.77,38.03]]],[[[26.22,38.55],[26.11,38.16],[25.88,38.16],[26.22,38.55]]],[[[23.48,38.74],[23.49,38.8],[23.57,38.8],[23.48,38.74]]],[[[24.67,38.93],[24.66,38.74],[24.36,38.87],[24.67,38.93]]],[[[25.79,39.19],[26.04,39.38],[26.64,39.0],[25.79,39.19]]],[[[25.46,40.03],[25.45,39.84],[24.97,39.84],[25.46,40.03]]],[[[26.04,40.29],[26.02,40.16],[25.7,40.1],[26.04,40.29]]],[[[24.81,40.81],[24.79,40.61],[24.55,40.55],[24.81,40.81]]]]}},{"type":"Feature","properties":{"n":"Indo-Sasanian Empire","f":347,"t":352,"w":"Q1661685"},"geometry":{"type":"MultiPolygon","coordinates":[[[[72.5,36.1],[72.52,36.16],[72.6,36.16],[72.5,36.1]]],[[[73.8,40.29],[73.4,39.51],[73.75,39.13],[72.23,36.55],[72.47,35.97],[73.73,34.87],[73.37,34.04],[72.77,33.78],[72.14,34.04],[70.7,32.43],[66.6,31.01],[66.48,31.59],[63.41,32.3],[63.87,33.84],[65.09,34.87],[64.75,35.77],[65.07,39.0],[65.88,40.81],[67.55,41.59],[68.98,41.33],[69.58,41.72],[71.63,41.65],[73.8,40.29]]]]}},{"type":"Feature","properties":{"n":"Roman Empire","f":347,"t":352,"w":"Q12544"},"geometry":{"type":"MultiPolygon","coordinates":[[[[10.0,34.29],[10.24,33.71],[12.23,32.81],[13.76,32.88],[15.21,32.36],[15.65,31.4],[18.0,30.89],[18.85,30.18],[20.2,30.89],[20.02,32.24],[21.88,32.94],[23.09,32.62],[23.3,32.17],[24.89,31.98],[25.25,31.46],[26.85,31.46],[28.87,30.82],[30.97,31.66],[32.83,31.01],[34.55,31.53],[35.64,34.36],[36.05,34.55],[35.84,36.29],[36.29,36.8],[34.58,36.87],[33.98,36.29],[32.56,36.03],[31.39,36.87],[30.62,36.93],[30.49,36.35],[29.94,36.22],[29.24,36.22],[29.12,36.74],[28.03,36.67],[28.07,37.13],[27.22,37.32],[27.28,38.03],[26.43,38.22],[26.38,38.67],[26.59,38.35],[27.08,38.55],[26.85,39.58],[26.13,39.51],[26.27,40.29],[29.05,40.36],[28.91,40.61],[29.49,40.87],[29.12,41.07],[27.53,41.07],[26.92,40.48],[24.35,41.0],[23.7,40.81],[23.74,40.23],[22.65,40.61],[22.61,39.9],[23.14,39.45],[22.8,39.06],[23.49,38.87],[22.94,38.74],[24.03,38.67],[24.16,38.22],[23.98,37.84],[23.04,37.9],[23.4,37.32],[22.71,37.58],[23.06,36.67],[22.36,36.67],[22.22,37.06],[21.74,36.87],[21.7,37.51],[21.24,37.84],[21.74,38.35],[21.19,38.42],[20.15,39.71],[19.76,39.64],[20.01,39.97],[19.25,40.61],[19.54,41.78],[17.99,42.82],[17.51,42.76],[17.05,43.41],[15.93,43.47],[14.6,45.37],[13.78,44.91],[13.71,45.76],[13.14,45.82],[12.16,45.5],[12.31,44.19],[13.67,43.41],[14.37,42.24],[16.12,41.91],[15.94,41.39],[18.44,40.16],[18.11,39.9],[17.35,40.55],[16.62,40.29],[16.45,39.64],[17.14,39.06],[15.93,37.96],[15.39,38.16],[15.05,36.74],[12.49,37.9],[15.86,38.29],[16.27,38.93],[15.75,40.03],[12.6,41.52],[10.54,43.08],[10.21,43.99],[9.16,44.45],[6.28,43.15],[4.17,43.6],[3.14,43.28],[3.12,41.91],[0.7,40.94],[-0.13,40.03],[-0.31,39.13],[0.1,38.74],[-0.66,38.29],[-0.7,37.64],[-1.71,37.45],[-2.06,36.8],[-4.47,36.74],[-5.66,36.03],[-6.84,37.25],[-9.0,37.0],[-8.82,38.48],[-9.21,38.42],[-9.57,38.93],[-8.73,40.74],[-8.96,42.17],[-8.66,42.37],[-9.3,43.15],[-8.24,43.73],[-1.69,43.34],[-1.03,45.5],[-1.25,46.28],[-2.84,47.6],[-4.42,47.8],[-4.91,48.52],[-3.46,48.92],[-1.6,48.65],[-2.03,49.78],[0.01,49.38],[0.22,49.85],[1.45,50.25],[1.66,51.05],[3.41,51.45],[4.06,52.12],[5.93,51.98],[6.89,51.38],[7.75,50.31],[7.68,49.91],[8.35,49.65],[7.63,48.32],[7.64,47.53],[11.86,49.18],[14.26,48.26],[16.66,48.32],[17.71,47.73],[19.03,47.66],[19.0,45.37],[20.06,45.37],[20.75,44.71],[22.69,44.65],[22.5,44.32],[22.95,43.8],[24.15,43.67],[27.49,44.06],[27.92,44.25],[27.87,45.37],[29.58,45.43],[29.53,44.91],[28.8,44.97],[28.48,43.47],[27.51,42.63],[28.51,41.33],[31.18,41.07],[32.63,41.91],[35.12,42.04],[36.21,41.26],[38.3,40.87],[40.37,40.94],[41.69,41.72],[41.45,40.74],[40.4,40.1],[38.79,39.9],[38.74,39.58],[40.48,39.58],[40.57,38.03],[44.77,37.38],[42.97,36.74],[42.66,36.74],[42.76,37.51],[41.26,37.38],[41.67,36.35],[41.09,36.03],[41.11,35.0],[40.1,34.29],[39.12,34.49],[37.99,33.97],[36.9,33.07],[35.2,28.06],[34.59,28.06],[34.91,29.41],[34.12,27.74],[32.44,29.79],[35.85,23.88],[31.67,23.75],[30.54,23.36],[28.57,24.65],[28.15,27.35],[25.37,29.28],[21.94,30.56],[18.28,30.05],[15.18,30.89],[13.83,32.11],[11.77,32.3],[9.63,33.14],[8.85,34.74],[7.99,35.07],[7.59,36.61],[1.15,36.16],[-1.88,34.81],[-5.28,34.94],[-6.11,34.61],[-6.73,33.59],[-7.47,33.26],[-7.88,33.52],[-6.61,34.16],[-5.88,35.77],[-5.34,35.84],[-4.75,35.19],[-2.84,35.45],[-2.66,35.07],[-1.89,35.07],[0.68,36.42],[3.46,36.87],[5.56,36.67],[6.33,37.06],[8.52,36.87],[10.23,37.25],[10.23,36.8],[11.01,37.0],[10.46,35.9],[11.08,35.58],[11.08,35.0],[10.0,34.29]]],[[[14.57,35.97],[14.57,35.77],[14.34,35.84],[14.57,35.97]]],[[[23.12,36.35],[23.11,36.16],[22.87,36.16],[23.12,36.35]]],[[[24.36,37.71],[24.43,37.58],[24.27,37.51],[24.36,37.71]]],[[[20.93,37.9],[20.92,37.64],[20.61,37.71],[20.93,37.9]]],[[[20.57,38.42],[20.79,38.09],[20.32,38.16],[20.57,38.42]]],[[[23.56,38.74],[23.48,38.74],[23.49,38.8],[23.56,38.74]]],[[[1.26,39.13],[1.65,39.13],[1.66,39.0],[1.27,38.8],[1.26,39.13]]],[[[20.15,39.58],[20.07,39.58],[20.07,39.64],[20.15,39.58]]],[[[2.35,39.45],[2.34,39.64],[3.19,39.97],[3.52,39.77],[3.3,39.32],[2.35,39.45]]],[[[4.22,40.1],[4.3,39.84],[3.83,39.9],[4.22,40.1]]],[[[9.59,39.13],[8.34,39.0],[8.15,40.94],[9.5,41.2],[9.59,39.13]]],[[[9.1,41.33],[8.62,41.72],[8.53,42.5],[9.49,43.02],[9.58,41.98],[9.1,41.33]]],[[[10.46,42.89],[10.46,42.69],[10.21,42.69],[10.46,42.89]]],[[[14.51,44.91],[14.5,44.52],[14.26,44.58],[14.51,44.91]]],[[[1.72,52.72],[1.59,52.12],[0.52,51.51],[1.38,51.38],[1.31,51.11],[0.49,50.78],[-1.37,50.85],[-1.18,50.58],[-3.13,50.71],[-3.58,50.25],[-5.75,50.05],[-4.2,51.31],[-3.09,51.25],[-2.95,51.45],[-5.26,51.71],[-5.22,52.05],[-4.16,52.45],[-4.3,52.92],[-4.79,52.79],[-4.49,53.12],[-4.7,53.46],[-3.15,53.46],[-2.97,54.14],[-3.59,54.27],[-3.57,54.89],[-1.61,55.36],[-1.29,54.68],[-0.2,54.21],[0.3,53.39],[0.07,52.99],[1.72,52.72]]],[[[33.04,34.55],[32.23,34.94],[34.54,35.71],[34.09,35.0],[33.04,34.55]]],[[[25.68,35.13],[26.23,35.19],[24.82,35.0],[23.62,35.52],[25.68,35.13]]],[[[28.02,36.48],[28.25,36.48],[28.14,36.03],[27.74,35.9],[28.02,36.48]]],[[[27.19,36.8],[26.87,36.67],[27.04,36.93],[27.19,36.8]]],[[[25.57,37.13],[25.56,37.0],[25.33,37.0],[25.57,37.13]]],[[[25.22,37.71],[25.29,37.51],[25.05,37.51],[25.22,37.71]]],[[[26.31,37.71],[26.3,37.58],[25.99,37.51],[26.31,37.71]]],[[[24.77,38.03],[25.07,37.77],[24.83,37.71],[24.77,38.03]]],[[[26.22,38.55],[26.11,38.16],[25.88,38.16],[26.22,38.55]]],[[[24.67,38.93],[24.66,38.74],[24.36,38.87],[24.67,38.93]]],[[[25.79,39.19],[26.04,39.38],[26.64,39.0],[25.79,39.19]]],[[[25.46,40.03],[25.45,39.84],[24.97,39.84],[25.46,40.03]]],[[[26.04,40.29],[26.02,40.16],[25.7,40.1],[26.04,40.29]]],[[[24.81,40.81],[24.79,40.61],[24.55,40.55],[24.81,40.81]]]]}},{"type":"Feature","properties":{"n":"Western Satraps","f":347,"t":352,"w":"Q2086608"},"geometry":{"type":"Polygon","coordinates":[[[72.73,19.38],[72.9,20.92],[72.53,22.27],[72.11,21.89],[72.1,21.11],[71.09,20.66],[70.3,20.86],[68.95,22.21],[70.37,22.91],[68.81,22.98],[66.64,24.91],[68.81,26.07],[70.63,25.68],[71.34,24.84],[72.81,25.16],[73.94,24.71],[76.52,25.49],[78.17,25.49],[78.58,24.71],[80.16,24.33],[81.31,23.43],[80.76,22.14],[77.21,22.95],[74.31,22.22],[74.04,19.83],[72.73,19.38]]]}},{"type":"Feature","properties":{"n":"Alodia","f":347,"t":601,"w":"Q449639"},"geometry":{"type":"Polygon","coordinates":[[[36.05,16.81],[34.71,16.49],[34.68,15.78],[32.53,15.2],[31.53,15.97],[31.1,18.29],[35.37,17.96],[36.05,16.81]]]}},{"type":"Feature","properties":{"n":"Makuria","f":347,"t":568,"w":"Q829356"},"geometry":{"type":"Polygon","coordinates":[[[35.29,17.96],[31.1,18.29],[30.87,20.02],[32.03,19.51],[34.26,19.64],[35.29,17.96]]]}},{"type":"Feature","properties":{"n":"(Alliance between Gupta Empire and Vakataka Kingdom)","f":347,"t":352,"w":"Q11774"},"geometry":{"type":"MultiPolygon","coordinates":[[[[75.06,16.77],[73.72,18.61],[74.46,18.94],[73.91,20.6],[74.31,22.22],[77.21,22.95],[80.76,22.14],[82.06,22.9],[82.62,23.75],[80.99,23.81],[78.58,24.71],[78.17,25.49],[76.52,25.49],[73.94,24.71],[72.81,25.16],[71.34,24.84],[70.63,25.68],[68.81,26.07],[67.21,25.29],[67.5,25.81],[66.93,28.57],[67.21,29.79],[68.93,31.66],[70.7,32.43],[72.14,34.04],[73.17,33.84],[73.72,34.81],[74.63,34.16],[75.27,33.01],[76.46,32.24],[79.18,31.46],[79.87,30.5],[79.92,28.96],[81.19,28.19],[83.02,28.25],[85.25,27.74],[85.51,26.77],[86.65,26.45],[92.44,26.13],[92.38,25.81],[92.8,25.68],[92.47,25.1],[91.03,24.97],[91.35,24.2],[92.25,24.26],[92.78,21.37],[92.33,21.37],[92.33,20.86],[91.74,22.4],[91.37,22.4],[91.5,22.79],[90.23,21.76],[89.9,22.01],[88.73,21.63],[88.64,22.08],[88.2,21.56],[88.1,21.95],[86.98,21.37],[87.03,20.6],[86.42,19.89],[85.37,19.83],[84.38,18.41],[82.45,17.13],[82.38,16.55],[81.32,16.29],[81.12,15.78],[80.21,15.46],[80.37,15.86],[79.77,16.27],[80.45,17.64],[80.33,18.57],[78.87,17.36],[78.76,15.73],[77.31,14.86],[75.97,14.69],[75.01,15.54],[75.06,16.77]],[[77.8,27.45],[77.51,28.37],[77.8,29.37],[79.01,30.58],[78.06,31.4],[76.57,31.3],[76.34,30.75],[74.85,31.07],[72.16,29.5],[73.49,27.24],[76.77,26.27],[77.8,27.45]]],[[[91.06,22.34],[91.28,22.34],[91.26,22.21],[91.06,22.34]]],[[[73.73,34.87],[73.81,34.87],[73.79,34.81],[73.73,34.87]]]]}},{"type":"Feature","properties":{"n":"Later Zhao","f":347,"t":352,"w":"Q2314907"},"geometry":{"type":"Polygon","coordinates":[[[110.17,32.3],[109.16,32.88],[107.65,32.94],[107.48,33.33],[106.03,33.33],[106.39,34.1],[107.08,34.1],[107.07,34.87],[106.78,35.52],[105.92,35.9],[106.13,36.22],[105.7,37.25],[103.76,37.84],[104.11,38.8],[103.67,38.87],[104.67,39.51],[104.61,39.9],[107.77,39.9],[114.76,40.87],[114.97,40.68],[114.41,40.23],[114.94,39.58],[114.09,39.0],[114.5,38.22],[113.94,36.87],[115.46,36.61],[115.34,35.45],[114.73,35.13],[113.47,32.94],[110.17,32.3]]]}},{"type":"Feature","properties":{"n":"Sasanian Empire","f":347,"t":357,"w":"Q1661685"},"geometry":{"type":"MultiPolygon","coordinates":[[[[51.14,25.49],[51.21,25.49],[51.21,25.42],[51.14,25.49]]],[[[50.43,25.94],[50.46,26.26],[50.69,26.26],[50.43,25.94]]],[[[58.33,40.42],[60.95,39.51],[65.88,40.81],[65.07,39.0],[64.75,35.77],[65.09,34.87],[63.87,33.84],[63.41,32.3],[66.48,31.59],[66.07,29.73],[67.14,29.34],[66.93,28.57],[67.5,25.81],[67.11,25.1],[66.64,24.91],[66.35,25.55],[62.02,25.04],[57.96,25.55],[57.18,25.94],[56.71,27.16],[55.44,26.52],[55.54,26.77],[54.83,26.45],[53.66,26.71],[51.32,27.99],[50.06,30.18],[48.94,30.31],[47.85,29.41],[48.87,27.67],[50.13,26.77],[50.07,26.07],[50.65,25.1],[51.12,26.13],[51.7,25.87],[51.41,24.33],[51.91,24.01],[54.08,24.14],[56.48,26.39],[56.4,24.97],[56.79,24.33],[58.81,23.62],[59.27,22.91],[56.81,23.75],[56.09,24.84],[54.27,23.75],[51.88,23.69],[51.1,24.2],[51.32,25.87],[50.62,24.65],[49.67,25.87],[49.88,26.45],[48.55,27.48],[47.53,29.28],[47.65,29.67],[45.77,30.44],[44.81,31.34],[44.73,31.98],[43.9,32.04],[43.15,32.81],[40.1,34.29],[41.11,35.0],[41.09,36.03],[44.29,37.25],[45.43,37.06],[45.22,37.77],[46.37,38.55],[47.25,38.67],[48.87,38.09],[49.09,37.51],[51.26,36.61],[54.03,36.87],[53.99,39.0],[53.14,39.45],[53.54,39.51],[53.5,40.03],[52.72,40.1],[52.89,40.87],[57.24,40.16],[58.33,40.42]]]]}},{"type":"Feature","properties":{"n":"Gupta Empire","f":347,"t":352,"w":"Q11774"},"geometry":{"type":"MultiPolygon","coordinates":[[[[91.03,22.14],[91.06,22.34],[91.28,22.34],[91.03,22.14]]],[[[82.56,23.88],[80.99,23.81],[78.58,24.71],[78.17,25.49],[76.52,25.49],[73.94,24.71],[72.81,25.16],[71.34,24.84],[70.63,25.68],[68.81,26.07],[67.21,25.29],[67.5,25.81],[66.93,28.57],[67.21,29.79],[68.93,31.66],[70.7,32.43],[72.14,34.04],[73.17,33.84],[73.72,34.81],[74.63,34.16],[75.27,33.01],[76.46,32.24],[79.18,31.46],[79.87,30.5],[79.92,28.96],[81.19,28.19],[83.02,28.25],[85.25,27.74],[85.51,26.77],[86.65,26.45],[92.44,26.13],[92.38,25.81],[92.8,25.68],[92.47,25.1],[91.03,24.97],[91.35,24.2],[92.25,24.26],[92.78,21.37],[92.33,21.37],[92.33,20.86],[91.74,22.4],[91.37,22.4],[91.5,22.79],[90.23,21.76],[89.9,22.01],[88.73,21.63],[88.64,22.08],[88.2,21.56],[88.1,21.95],[86.98,21.37],[87.03,20.6],[86.42,19.89],[85.37,19.83],[84.38,18.41],[82.45,17.13],[82.38,16.55],[80.21,15.46],[80.37,15.86],[79.78,16.36],[80.45,17.64],[80.33,18.57],[80.73,18.59],[80.8,20.01],[83.73,20.41],[84.44,21.43],[84.58,22.57],[83.94,22.56],[83.46,23.1],[82.06,22.9],[82.56,23.88]],[[77.8,27.45],[77.51,28.37],[77.8,29.37],[79.01,30.58],[78.06,31.4],[76.57,31.3],[76.34,30.75],[74.85,31.07],[72.16,29.5],[73.49,27.24],[76.77,26.27],[77.8,27.45]]],[[[73.73,34.87],[73.81,34.87],[73.79,34.81],[73.73,34.87]]]]}},{"type":"Feature","properties":{"n":"Yaudheya Republic","f":347,"t":372,"w":"Q8050331"},"geometry":{"type":"Polygon","coordinates":[[[72.16,29.5],[74.85,31.07],[76.34,30.75],[76.57,31.3],[78.06,31.4],[79.01,30.58],[77.8,29.37],[77.51,28.37],[77.8,27.45],[77.24,26.62],[76.77,26.27],[73.49,27.24],[72.16,29.5]]]}},{"type":"Feature","properties":{"n":"Himyarite Kingdom","f":347,"t":377,"w":"Q289577"},"geometry":{"type":"MultiPolygon","coordinates":[[[[45.58,15.84],[51.08,16.68],[52.38,16.29],[52.1,15.46],[49.41,14.69],[48.79,14.04],[45.74,13.34],[45.05,12.76],[43.44,12.69],[42.49,17.19],[43.55,17.77],[43.95,16.94],[45.58,15.84]]],[[[46.63,16.23],[46.71,16.23],[46.7,16.16],[46.63,16.23]]],[[[43.74,18.48],[43.75,18.54],[43.9,18.61],[43.74,18.48]]]]}},{"type":"Feature","properties":{"n":"Nobatia","f":347,"t":646,"w":"Q568523"},"geometry":{"type":"Polygon","coordinates":[[[32.03,19.51],[30.87,20.02],[30.54,23.36],[33.39,23.81],[33.82,23.49],[34.26,19.64],[32.03,19.51]]]}},{"type":"Feature","properties":{"n":"Vakataka Kingdom","f":347,"t":352,"w":"Q1501306"},"geometry":{"type":"Polygon","coordinates":[[[75.06,16.77],[73.72,18.61],[74.46,18.94],[73.91,20.6],[74.31,22.22],[77.21,22.95],[80.76,22.14],[82.22,23.01],[83.46,23.1],[83.94,22.56],[84.58,22.57],[84.44,21.43],[83.73,20.41],[80.8,20.0],[80.73,18.59],[78.87,17.36],[78.76,15.73],[77.31,14.86],[75.97,14.69],[75.01,15.54],[75.06,16.77]]]}},{"type":"Feature","properties":{"n":"Baekje","f":347,"t":391,"w":"Q28428"},"geometry":{"type":"Polygon","coordinates":[[[126.12,34.36],[126.77,35.9],[126.05,36.8],[126.68,37.13],[126.31,37.77],[126.94,38.35],[127.61,38.29],[128.09,36.22],[127.56,35.45],[127.52,34.55],[126.12,34.36]]]}},{"type":"Feature","properties":{"n":"Western Jin","f":347,"t":370,"w":"Q7352"},"geometry":{"type":"MultiPolygon","coordinates":[[[[108.76,18.41],[108.7,19.38],[109.25,19.96],[110.91,20.15],[111.03,19.57],[109.86,18.35],[108.76,18.41]]],[[[121.99,31.85],[120.89,31.79],[122.0,31.08],[120.68,30.18],[121.48,30.31],[122.03,29.92],[122.0,29.41],[121.71,29.22],[121.59,29.54],[121.65,28.32],[121.12,28.32],[119.59,26.13],[119.53,25.62],[119.87,25.49],[119.27,25.49],[118.76,24.59],[118.15,24.52],[116.54,22.91],[114.64,22.72],[114.37,22.08],[113.6,22.72],[113.64,22.14],[110.42,21.18],[110.49,20.28],[109.88,20.21],[109.81,21.5],[108.65,21.69],[106.96,20.92],[105.97,19.83],[105.73,18.86],[106.96,17.32],[106.4,17.0],[105.14,18.41],[104.98,20.15],[104.44,20.47],[105.1,20.86],[104.87,22.21],[105.69,23.04],[102.99,23.36],[101.81,24.26],[101.46,25.16],[100.89,29.92],[101.69,32.75],[103.13,33.39],[105.17,33.07],[107.48,33.33],[107.65,32.94],[108.1,33.14],[110.17,32.3],[111.24,32.3],[114.08,33.14],[117.35,33.26],[120.51,34.04],[120.92,32.62],[121.99,31.85]]],[[[122.28,29.99],[121.98,29.99],[122.05,30.18],[122.28,29.99]]],[[[126.95,38.8],[127.03,38.8],[126.99,38.74],[126.95,38.8]]]]}},{"type":"Feature","properties":{"n":"Kadamba Empire","f":353,"t":450,"w":"Q1479952"},"geometry":{"type":"Polygon","coordinates":[[[73.67,17.9],[74.5,18.8],[75.82,18.72],[77.06,17.85],[77.5,17.03],[77.41,14.77],[77.76,13.35],[76.94,12.76],[76.01,12.88],[74.74,14.32],[73.67,17.9]]]}},{"type":"Feature","properties":{"n":"Roman Empire","f":353,"t":357,"w":"Q12544"},"geometry":{"type":"MultiPolygon","coordinates":[[[[10.0,34.29],[10.24,33.71],[12.23,32.81],[13.76,32.88],[15.21,32.36],[15.65,31.4],[17.47,31.08],[18.87,30.25],[20.2,30.89],[20.02,32.24],[21.88,32.94],[23.09,32.62],[23.3,32.17],[24.89,31.98],[25.25,31.46],[26.85,31.46],[28.87,30.82],[30.97,31.66],[32.83,31.01],[33.98,31.14],[34.63,31.66],[35.64,34.36],[36.05,34.55],[35.84,36.29],[36.29,36.8],[34.58,36.87],[33.98,36.29],[32.71,36.03],[31.09,36.93],[29.94,36.22],[29.24,36.22],[29.12,36.74],[28.59,36.87],[28.03,36.67],[28.07,37.13],[27.22,37.32],[27.28,38.03],[26.43,38.22],[26.38,38.67],[27.06,38.35],[26.85,39.58],[26.13,39.51],[26.6,40.48],[29.05,40.36],[28.91,40.61],[29.48,40.74],[28.17,41.13],[26.92,40.48],[25.38,41.0],[23.7,40.81],[23.74,40.23],[22.65,40.61],[22.61,39.9],[23.14,39.45],[22.8,39.06],[23.49,38.87],[22.94,38.74],[24.03,38.67],[24.16,38.22],[23.98,37.84],[23.04,37.9],[23.4,37.32],[22.71,37.58],[23.06,36.67],[22.36,36.67],[22.22,37.06],[21.74,36.87],[21.7,37.51],[21.24,37.84],[21.74,38.35],[21.19,38.42],[20.15,39.71],[19.76,39.64],[20.01,39.97],[19.25,40.61],[19.54,41.78],[17.99,42.82],[17.51,42.76],[17.05,43.41],[15.93,43.47],[14.6,45.37],[13.78,44.91],[13.71,45.76],[13.14,45.82],[12.16,45.5],[12.31,44.19],[13.67,43.41],[14.61,42.11],[16.12,41.91],[15.94,41.39],[18.44,40.16],[18.11,39.9],[17.35,40.55],[16.62,40.29],[16.45,39.64],[17.14,39.06],[15.93,37.96],[15.63,38.29],[16.27,38.93],[15.75,40.03],[11.26,42.43],[10.13,44.06],[8.59,44.45],[6.28,43.15],[4.17,43.6],[3.14,43.28],[3.12,41.91],[0.7,40.94],[-0.13,40.03],[-0.31,39.13],[0.1,38.74],[-0.66,38.29],[-0.7,37.64],[-1.71,37.45],[-2.06,36.8],[-4.47,36.74],[-5.66,36.03],[-6.84,37.25],[-9.0,37.0],[-8.82,38.48],[-9.21,38.42],[-9.57,38.93],[-8.73,40.74],[-8.96,42.17],[-8.66,42.37],[-9.3,43.15],[-8.24,43.73],[-1.69,43.34],[-1.03,45.5],[-1.25,46.28],[-2.84,47.6],[-4.42,47.8],[-4.91,48.52],[-3.46,48.92],[-1.6,48.65],[-2.03,49.78],[0.01,49.38],[0.22,49.85],[1.45,50.25],[1.66,51.05],[3.41,51.45],[4.06,52.12],[5.93,51.98],[6.89,51.38],[7.75,50.31],[7.68,49.91],[8.35,49.65],[7.56,47.6],[8.47,47.6],[9.12,48.19],[11.86,49.18],[14.26,48.26],[16.66,48.32],[17.71,47.73],[19.03,47.66],[19.0,45.37],[20.06,45.37],[20.75,44.71],[22.69,44.65],[22.5,44.32],[22.95,43.8],[24.15,43.67],[27.49,44.06],[27.94,44.52],[27.87,45.37],[29.58,45.43],[29.53,44.91],[28.8,44.97],[28.48,43.47],[27.51,42.63],[28.51,41.33],[31.18,41.07],[32.63,41.91],[35.12,42.04],[36.21,41.26],[38.3,40.87],[40.37,40.94],[41.69,41.72],[41.45,40.74],[40.4,40.1],[38.79,39.9],[38.74,39.58],[40.48,39.58],[40.57,38.03],[44.77,37.38],[42.97,36.74],[42.66,36.74],[42.76,37.51],[41.26,37.38],[41.67,36.35],[41.09,36.03],[41.11,35.0],[40.1,34.29],[39.12,34.49],[37.99,33.97],[36.9,33.07],[35.2,28.06],[34.59,28.06],[34.91,29.41],[34.12,27.74],[32.44,29.79],[35.85,23.88],[31.67,23.75],[30.54,23.36],[28.57,24.65],[28.15,27.35],[25.37,29.28],[21.94,30.56],[18.28,30.05],[15.18,30.89],[13.83,32.11],[11.77,32.3],[9.63,33.14],[8.85,34.74],[7.99,35.07],[7.59,36.61],[1.15,36.16],[-1.88,34.81],[-5.28,34.94],[-6.11,34.61],[-6.73,33.59],[-7.47,33.26],[-7.88,33.52],[-6.61,34.16],[-5.88,35.77],[-5.34,35.84],[-4.75,35.19],[-2.84,35.45],[-2.66,35.07],[-1.89,35.07],[0.68,36.42],[3.46,36.87],[5.56,36.67],[6.33,37.06],[8.52,36.87],[10.23,37.25],[10.23,36.8],[11.01,37.0],[10.46,35.9],[11.08,35.58],[11.08,35.0],[10.0,34.29]]],[[[14.57,35.97],[14.57,35.77],[14.34,35.84],[14.57,35.97]]],[[[23.12,36.35],[23.11,36.16],[22.87,36.16],[23.12,36.35]]],[[[12.49,37.71],[12.49,37.9],[15.63,38.29],[15.07,37.58],[15.05,36.74],[12.49,37.71]]],[[[20.93,37.9],[20.92,37.64],[20.61,37.71],[20.93,37.9]]],[[[20.57,38.42],[20.79,38.09],[20.32,38.16],[20.57,38.42]]],[[[23.56,38.74],[23.48,38.74],[23.49,38.8],[23.56,38.74]]],[[[1.26,39.13],[1.65,39.13],[1.66,39.0],[1.27,38.8],[1.26,39.13]]],[[[20.15,39.58],[20.07,39.58],[20.07,39.64],[20.15,39.58]]],[[[2.35,39.45],[2.34,39.64],[3.19,39.97],[3.52,39.77],[3.3,39.32],[2.35,39.45]]],[[[4.22,40.1],[4.3,39.84],[3.83,39.9],[4.22,40.1]]],[[[9.59,39.13],[8.34,39.0],[8.15,40.94],[9.5,41.2],[9.59,39.13]]],[[[9.1,41.33],[8.62,41.72],[8.53,42.5],[9.49,43.02],[9.58,41.98],[9.1,41.33]]],[[[10.46,42.89],[10.46,42.69],[10.21,42.69],[10.46,42.89]]],[[[14.51,44.91],[14.5,44.52],[14.26,44.58],[14.51,44.91]]],[[[1.72,52.72],[1.59,52.12],[0.52,51.51],[1.38,51.38],[1.31,51.11],[0.49,50.78],[-1.37,50.85],[-1.18,50.58],[-3.13,50.71],[-3.58,50.25],[-5.75,50.05],[-4.2,51.31],[-3.09,51.25],[-2.95,51.45],[-5.26,51.71],[-5.22,52.05],[-4.16,52.45],[-4.3,52.92],[-4.79,52.79],[-4.49,53.12],[-4.7,53.46],[-3.15,53.46],[-2.97,54.14],[-3.59,54.27],[-3.57,54.89],[-1.61,55.36],[-1.29,54.68],[-0.2,54.21],[0.3,53.39],[0.07,52.99],[1.72,52.72]]],[[[33.04,34.55],[32.23,34.94],[34.54,35.71],[34.09,35.0],[33.04,34.55]]],[[[25.68,35.13],[26.23,35.19],[24.82,35.0],[23.62,35.52],[25.68,35.13]]],[[[28.02,36.48],[28.25,36.48],[28.14,36.03],[27.74,35.9],[28.02,36.48]]],[[[27.19,36.8],[26.87,36.67],[27.04,36.93],[27.19,36.8]]],[[[25.57,37.13],[25.56,37.0],[25.33,37.0],[25.57,37.13]]],[[[24.36,37.71],[24.43,37.58],[24.27,37.51],[24.36,37.71]]],[[[25.22,37.71],[25.29,37.51],[25.05,37.51],[25.22,37.71]]],[[[26.31,37.71],[26.3,37.58],[25.99,37.51],[26.31,37.71]]],[[[24.77,38.03],[25.07,37.77],[24.83,37.71],[24.77,38.03]]],[[[26.22,38.55],[26.11,38.16],[25.88,38.16],[26.22,38.55]]],[[[24.67,38.93],[24.66,38.74],[24.36,38.87],[24.67,38.93]]],[[[25.79,39.19],[26.04,39.38],[26.64,39.0],[25.79,39.19]]],[[[25.46,40.03],[25.45,39.84],[24.97,39.84],[25.46,40.03]]],[[[26.04,40.29],[26.02,40.16],[25.7,40.1],[26.04,40.29]]],[[[24.81,40.81],[24.79,40.61],[24.55,40.55],[24.81,40.81]]]]}},{"type":"Feature","properties":{"n":"Western Satraps","f":353,"t":382,"w":"Q2086608"},"geometry":{"type":"Polygon","coordinates":[[[72.73,19.38],[72.9,20.92],[72.53,22.27],[72.11,21.89],[72.1,21.11],[71.09,20.66],[70.3,20.86],[68.95,22.21],[70.37,22.91],[68.81,22.98],[66.64,24.91],[68.81,26.07],[70.63,25.68],[71.34,24.84],[72.81,25.16],[73.94,24.71],[76.52,25.49],[78.17,25.49],[78.58,24.71],[80.16,24.33],[81.31,23.43],[81.19,22.53],[80.25,21.63],[80.23,22.2],[77.19,22.86],[74.31,22.06],[74.04,19.83],[72.73,19.38]]]}},{"type":"Feature","properties":{"n":"Indo-Sasanian Empire","f":353,"t":357,"w":"Q1661685"},"geometry":{"type":"MultiPolygon","coordinates":[[[[72.5,36.1],[72.52,36.16],[72.6,36.16],[72.5,36.1]]],[[[73.8,40.29],[73.4,39.51],[73.75,39.13],[72.23,36.55],[72.47,35.97],[73.73,34.87],[73.37,34.04],[72.77,33.78],[72.14,34.04],[70.7,32.43],[66.6,31.01],[66.48,31.59],[63.41,32.3],[63.87,33.84],[65.09,34.87],[64.75,35.77],[65.07,39.0],[65.88,40.81],[67.55,41.59],[68.98,41.33],[69.58,41.72],[71.63,41.65],[73.8,40.29]]]]}},{"type":"Feature","properties":{"n":"Late Pallava Empire","f":353,"t":450,"w":"Q466803"},"geometry":{"type":"Polygon","coordinates":[[[78.64,15.12],[79.02,15.94],[79.44,15.83],[79.52,13.51],[77.63,15.23],[78.64,15.12]]]}},{"type":"Feature","properties":{"n":"Kalabhra Dynasty","f":353,"t":591,"w":"Q2572901"},"geometry":{"type":"Polygon","coordinates":[[[80.15,12.46],[79.76,11.67],[79.84,10.27],[79.23,10.18],[78.9,9.48],[79.29,9.26],[78.46,9.12],[78.09,8.38],[77.34,8.11],[76.54,8.98],[76.05,10.51],[76.95,11.34],[77.07,12.21],[77.85,12.15],[79.5,12.85],[80.15,12.46]]]}},{"type":"Feature","properties":{"n":"(Alliance between Gupta Empire and Vakataka Kingdom)","f":353,"t":357,"w":"Q11774"},"geometry":{"type":"MultiPolygon","coordinates":[[[[77.06,17.85],[75.82,18.72],[74.47,19.01],[73.91,20.57],[74.31,22.06],[77.19,22.86],[80.23,22.2],[80.56,19.25],[81.29,22.14],[81.92,22.46],[82.63,23.81],[80.99,23.81],[78.58,24.71],[78.17,25.49],[76.52,25.49],[73.94,24.71],[72.81,25.16],[71.34,24.84],[70.63,25.68],[68.81,26.07],[67.21,25.29],[67.5,25.81],[66.93,28.57],[67.21,29.79],[68.93,31.66],[70.7,32.43],[72.14,34.04],[73.17,33.84],[73.72,34.81],[74.63,34.16],[75.27,33.01],[76.46,32.24],[79.18,31.46],[79.87,30.5],[80.17,28.7],[81.61,27.99],[83.02,28.25],[85.25,27.74],[85.79,26.64],[88.55,26.58],[90.15,26.13],[89.91,25.64],[90.3,25.28],[92.48,25.16],[91.03,24.97],[91.35,24.2],[92.25,24.26],[92.76,21.24],[92.33,21.37],[92.12,20.92],[91.5,22.79],[90.23,21.76],[89.9,22.01],[88.73,21.63],[88.64,22.08],[88.35,21.56],[88.1,21.95],[87.07,21.44],[87.03,20.6],[86.42,19.89],[85.37,19.83],[84.38,18.41],[82.45,17.13],[82.38,16.55],[80.38,15.71],[80.14,12.44],[79.44,12.89],[79.3,14.49],[79.53,16.04],[80.25,17.24],[79.25,16.63],[78.64,15.12],[77.45,15.17],[77.5,17.03],[77.06,17.85]],[[77.8,27.45],[77.51,28.37],[77.8,29.37],[79.01,30.58],[78.06,31.4],[76.57,31.3],[76.34,30.75],[74.85,31.07],[72.16,29.5],[73.49,27.24],[76.77,26.27],[77.8,27.45]]],[[[91.06,22.34],[91.28,22.34],[91.26,22.21],[91.06,22.34]]],[[[73.73,34.87],[73.81,34.87],[73.79,34.81],[73.73,34.87]]]]}},{"type":"Feature","properties":{"n":"Former Qin","f":353,"t":370,"w":"Q1471995"},"geometry":{"type":"Polygon","coordinates":[[[109.16,32.88],[107.65,32.94],[107.48,33.33],[106.03,33.33],[106.39,34.1],[107.08,34.1],[107.07,34.87],[106.78,35.52],[105.92,35.9],[106.13,36.22],[105.7,37.25],[103.66,37.96],[104.11,38.8],[103.67,38.87],[104.67,39.51],[104.61,39.9],[110.73,40.29],[110.42,39.51],[111.62,39.71],[111.0,38.61],[111.34,38.16],[110.8,37.32],[111.02,36.22],[110.54,35.07],[110.77,34.29],[111.77,33.52],[111.26,32.36],[110.17,32.3],[109.16,32.88]]]}},{"type":"Feature","properties":{"n":"Gupta Empire","f":353,"t":357,"w":"Q11774"},"geometry":{"type":"MultiPolygon","coordinates":[[[[91.03,22.14],[91.06,22.34],[91.28,22.34],[91.03,22.14]]],[[[81.29,22.14],[81.92,22.46],[82.63,23.81],[80.99,23.81],[78.58,24.71],[78.17,25.49],[76.52,25.49],[73.94,24.71],[72.81,25.16],[71.34,24.84],[70.63,25.68],[68.81,26.07],[67.21,25.29],[67.5,25.81],[66.93,28.57],[67.52,30.24],[69.29,31.91],[70.7,32.43],[72.14,34.04],[73.17,33.84],[73.72,34.81],[74.63,34.16],[75.27,33.01],[76.46,32.24],[79.18,31.46],[79.87,30.5],[80.17,28.7],[81.61,27.99],[83.02,28.25],[85.25,27.74],[85.79,26.64],[88.55,26.58],[90.15,26.13],[89.91,25.64],[90.3,25.28],[92.48,25.16],[91.03,24.97],[91.35,24.2],[92.25,24.26],[92.76,21.24],[92.33,21.37],[92.12,20.92],[91.5,22.79],[90.23,21.76],[89.9,22.01],[88.73,21.63],[88.64,22.08],[88.35,21.56],[88.1,21.95],[87.07,21.44],[87.03,20.6],[86.42,19.89],[85.37,19.83],[84.38,18.41],[82.45,17.13],[82.38,16.55],[80.38,15.71],[80.14,12.44],[79.44,12.89],[79.3,14.49],[79.53,16.04],[80.25,17.24],[81.16,17.74],[80.5,18.78],[81.29,22.14]],[[77.8,27.45],[77.51,28.37],[77.8,29.37],[79.01,30.58],[78.06,31.4],[76.57,31.3],[76.34,30.75],[74.85,31.07],[72.16,29.5],[73.49,27.24],[76.77,26.27],[77.8,27.45]]],[[[73.73,34.87],[73.81,34.87],[73.79,34.81],[73.73,34.87]]]]}},{"type":"Feature","properties":{"n":"Former Yan","f":353,"t":366,"w":"Q1472004"},"geometry":{"type":"Polygon","coordinates":[[[121.02,41.26],[123.17,41.91],[125.08,40.74],[124.23,39.84],[122.94,39.64],[121.42,38.74],[121.03,38.74],[121.69,39.38],[121.21,39.51],[122.23,40.48],[121.82,40.87],[121.11,40.87],[118.99,39.19],[117.78,39.13],[117.77,38.35],[119.46,37.96],[119.16,37.19],[120.75,37.9],[122.71,37.45],[122.5,36.87],[120.98,36.61],[119.62,35.52],[119.23,34.81],[120.43,34.04],[117.35,33.26],[114.08,33.14],[111.26,32.36],[111.72,33.78],[110.77,34.29],[110.54,35.45],[111.02,36.22],[110.8,37.32],[111.34,38.16],[111.0,38.61],[111.62,39.71],[110.42,39.51],[110.47,40.1],[114.53,40.74],[115.99,41.78],[117.46,42.24],[117.78,42.24],[117.87,41.59],[121.02,41.26]]]}},{"type":"Feature","properties":{"n":"Gothia","f":353,"t":372,"w":"Q422253"},"geometry":{"type":"MultiPolygon","coordinates":[[[[29.67,45.43],[29.66,45.37],[29.58,45.37],[29.67,45.43]]],[[[37.33,49.38],[36.37,49.18],[35.35,48.52],[35.03,47.53],[34.11,47.47],[32.92,46.61],[30.88,46.68],[29.58,45.43],[27.87,45.37],[27.94,44.52],[27.49,44.06],[26.28,44.06],[25.43,43.6],[22.95,43.8],[22.5,44.32],[22.69,44.65],[20.75,44.71],[20.06,45.37],[20.19,46.22],[21.74,46.15],[22.95,48.19],[22.66,49.71],[24.36,50.85],[27.51,51.05],[32.2,50.25],[34.32,50.85],[34.81,51.25],[36.36,51.38],[37.95,50.45],[37.33,49.38]]],[[[36.17,48.99],[36.26,48.99],[36.25,48.92],[36.17,48.99]]],[[[32.48,50.45],[32.56,50.45],[32.55,50.38],[32.48,50.45]]]]}},{"type":"Feature","properties":{"n":"Kingdom of Axum","f":353,"t":533,"w":"Q139377"},"geometry":{"type":"MultiPolygon","coordinates":[[[[42.44,13.27],[41.32,12.82],[38.97,12.82],[38.11,13.4],[38.0,14.17],[38.56,15.2],[39.61,15.59],[39.73,15.2],[39.97,15.52],[42.44,13.27]]],[[[38.33,14.94],[38.33,15.01],[38.4,15.01],[38.33,14.94]]]]}},{"type":"Feature","properties":{"n":"Kamarupa Kingdom","f":353,"t":450,"w":"Q1194765"},"geometry":{"type":"Polygon","coordinates":[[[90.3,25.28],[89.91,25.64],[90.2,27.86],[94.49,27.98],[94.96,26.37],[94.04,25.5],[92.98,25.15],[90.3,25.28]]]}},{"type":"Feature","properties":{"n":"Vakataka Kingdom","f":353,"t":409,"w":"Q1501306"},"geometry":{"type":"Polygon","coordinates":[[[77.5,17.03],[77.06,17.85],[75.82,18.72],[74.47,19.01],[73.91,20.57],[74.31,22.06],[77.19,22.86],[80.23,22.2],[80.69,20.02],[80.5,18.78],[81.16,17.74],[79.25,16.63],[78.64,15.12],[77.54,15.21],[77.5,17.03]]]}},{"type":"Feature","properties":{"n":"Roman Empire","f":358,"t":366,"w":"Q12544"},"geometry":{"type":"MultiPolygon","coordinates":[[[[14.34,36.03],[14.57,35.97],[14.57,35.77],[14.34,36.03]]],[[[23.12,36.35],[23.11,36.16],[22.87,36.16],[23.12,36.35]]],[[[7.68,49.91],[8.36,49.45],[7.63,48.32],[7.64,47.53],[11.86,49.18],[14.26,48.26],[16.66,48.32],[17.71,47.73],[18.87,47.8],[19.19,47.47],[18.84,47.07],[19.0,45.37],[20.06,45.37],[20.75,44.71],[22.69,44.65],[22.5,44.32],[22.95,43.8],[25.43,43.6],[26.28,44.06],[27.49,44.06],[27.94,44.52],[27.87,45.37],[29.58,45.43],[29.53,44.91],[28.8,44.97],[28.48,43.47],[27.51,42.63],[27.98,41.65],[28.96,41.13],[31.18,41.07],[32.63,41.91],[35.12,42.04],[36.21,41.26],[40.37,40.94],[41.69,41.72],[41.45,40.74],[40.4,40.1],[38.79,39.9],[38.74,39.58],[40.48,39.58],[40.57,38.03],[43.89,37.71],[44.74,37.19],[42.66,36.74],[42.76,37.51],[41.26,37.38],[41.67,36.35],[41.09,36.03],[41.11,35.0],[40.1,34.29],[39.12,34.49],[37.99,33.97],[36.9,33.07],[35.2,28.06],[34.59,28.06],[34.91,29.41],[34.12,27.74],[32.44,29.79],[35.85,23.88],[31.67,23.75],[30.54,23.36],[28.57,24.65],[28.15,27.35],[25.37,29.28],[21.94,30.56],[18.28,30.05],[15.18,30.89],[13.83,32.11],[11.77,32.3],[9.63,33.14],[8.85,34.74],[7.99,35.07],[7.59,36.61],[1.15,36.16],[-1.88,34.81],[-5.28,34.94],[-6.11,34.61],[-6.73,33.59],[-7.47,33.26],[-7.88,33.52],[-6.61,34.16],[-5.88,35.77],[-5.34,35.84],[-4.75,35.19],[-2.84,35.45],[-2.66,35.07],[-1.89,35.07],[1.22,36.55],[4.24,36.93],[5.56,36.67],[6.33,37.06],[8.52,36.87],[9.76,37.32],[10.46,36.74],[11.01,37.0],[10.46,35.9],[11.08,35.58],[11.08,35.0],[10.0,34.29],[10.24,33.71],[12.23,32.81],[13.3,32.94],[15.06,32.43],[15.65,31.4],[17.85,30.95],[18.97,30.24],[20.2,30.89],[20.02,32.24],[21.88,32.94],[23.09,32.62],[23.3,32.17],[24.89,31.98],[25.25,31.46],[26.85,31.46],[28.87,30.82],[30.97,31.66],[32.91,31.01],[33.98,31.14],[34.63,31.66],[35.64,34.36],[36.05,34.55],[35.84,36.29],[36.14,36.93],[35.49,36.61],[34.58,36.87],[33.98,36.29],[32.71,36.03],[31.09,36.93],[29.94,36.22],[29.24,36.22],[29.12,36.74],[28.59,36.87],[28.03,36.67],[28.07,37.13],[27.22,37.32],[27.28,38.03],[26.43,38.22],[26.38,38.67],[27.06,38.35],[26.85,39.58],[26.13,39.51],[26.6,40.48],[29.05,40.36],[28.91,40.61],[29.48,40.74],[28.17,41.13],[26.92,40.48],[25.38,41.0],[23.7,40.81],[23.74,40.23],[22.65,40.61],[22.61,39.9],[23.14,39.45],[22.8,39.06],[23.49,38.87],[22.94,38.74],[24.03,38.67],[24.16,38.22],[23.98,37.84],[23.04,37.9],[23.4,37.32],[22.71,37.58],[23.06,36.67],[22.36,36.67],[22.22,37.06],[21.74,36.87],[21.7,37.51],[21.24,37.84],[21.74,38.35],[21.19,38.42],[20.15,39.71],[19.76,39.64],[20.01,39.97],[19.25,40.61],[19.54,41.78],[17.99,42.82],[17.51,42.76],[17.05,43.41],[15.93,43.47],[14.6,45.37],[13.78,44.91],[13.71,45.76],[13.39,45.82],[12.16,45.5],[12.31,44.19],[13.67,43.41],[14.37,42.24],[16.12,41.91],[15.94,41.39],[18.44,40.16],[18.11,39.9],[17.35,40.55],[16.62,40.29],[16.45,39.64],[17.14,39.06],[15.93,37.96],[15.39,38.16],[15.05,36.74],[12.49,37.9],[15.86,38.29],[16.27,38.93],[15.75,40.03],[12.6,41.52],[10.54,43.08],[10.21,43.99],[9.16,44.45],[6.28,43.15],[4.17,43.6],[3.14,43.28],[3.12,41.91],[0.7,40.94],[-0.35,39.71],[0.1,38.74],[-0.66,38.29],[-0.7,37.64],[-1.71,37.45],[-2.06,36.8],[-4.47,36.74],[-5.66,36.03],[-6.84,37.25],[-9.0,37.0],[-8.82,38.48],[-9.21,38.42],[-9.57,38.93],[-8.73,40.74],[-8.96,42.17],[-8.66,42.37],[-9.28,42.89],[-9.16,43.28],[-8.24,43.73],[-3.3,43.34],[-1.69,43.34],[-1.39,43.67],[-1.03,45.5],[-1.25,46.28],[-2.84,47.6],[-4.42,47.8],[-4.91,48.52],[-3.46,48.92],[-1.6,48.65],[-2.03,49.78],[0.01,49.38],[0.22,49.85],[1.45,50.25],[1.66,51.05],[3.41,51.45],[4.06,52.12],[5.93,51.98],[7.75,50.31],[7.68,49.91]],[[4.33,51.71],[4.27,51.18],[5.2,51.05],[5.86,51.58],[4.33,51.71]]],[[[20.93,37.9],[20.92,37.64],[20.61,37.71],[20.93,37.9]]],[[[20.57,38.42],[20.79,38.09],[20.32,38.16],[20.57,38.42]]],[[[23.56,38.74],[23.48,38.74],[23.49,38.8],[23.56,38.74]]],[[[1.26,39.13],[1.65,39.13],[1.66,39.0],[1.27,38.8],[1.26,39.13]]],[[[20.07,39.64],[20.15,39.64],[20.15,39.58],[20.07,39.64]]],[[[2.35,39.45],[2.34,39.64],[3.19,39.97],[3.52,39.77],[3.3,39.32],[2.35,39.45]]],[[[4.22,40.1],[4.3,39.84],[3.83,39.9],[4.22,40.1]]],[[[9.59,39.13],[8.34,39.0],[8.15,40.94],[9.5,41.2],[9.59,39.13]]],[[[9.1,41.33],[8.62,41.72],[8.53,42.5],[9.49,43.02],[9.58,41.98],[9.1,41.33]]],[[[10.46,42.89],[10.46,42.69],[10.21,42.69],[10.46,42.89]]],[[[14.51,44.91],[14.5,44.52],[14.26,44.58],[14.51,44.91]]],[[[1.72,52.72],[1.59,52.12],[0.52,51.51],[1.38,51.38],[1.31,51.11],[0.49,50.78],[-1.37,50.85],[-1.18,50.58],[-3.13,50.71],[-3.58,50.25],[-5.75,50.05],[-4.2,51.31],[-3.09,51.25],[-2.95,51.45],[-5.26,51.71],[-5.22,52.05],[-4.16,52.45],[-4.3,52.92],[-4.79,52.79],[-4.49,53.12],[-4.7,53.46],[-3.15,53.46],[-2.97,54.14],[-3.59,54.27],[-3.57,54.89],[-1.61,55.36],[-1.29,54.68],[-0.2,54.21],[0.3,53.39],[0.07,52.99],[1.72,52.72]]],[[[34.09,35.0],[33.04,34.55],[32.23,34.94],[34.54,35.71],[34.09,35.0]]],[[[25.68,35.13],[26.23,35.19],[24.82,35.0],[23.62,35.52],[25.68,35.13]]],[[[28.02,36.48],[28.25,36.48],[28.14,36.03],[27.74,35.9],[28.02,36.48]]],[[[27.19,36.8],[26.87,36.67],[27.04,36.93],[27.19,36.8]]],[[[25.57,37.13],[25.56,37.0],[25.33,37.0],[25.57,37.13]]],[[[24.36,37.71],[24.43,37.58],[24.27,37.51],[24.36,37.71]]],[[[25.22,37.71],[25.29,37.51],[25.05,37.51],[25.22,37.71]]],[[[26.31,37.71],[26.3,37.58],[25.99,37.51],[26.31,37.71]]],[[[24.77,38.03],[25.07,37.77],[24.83,37.71],[24.77,38.03]]],[[[26.22,38.55],[26.11,38.16],[25.88,38.16],[26.22,38.55]]],[[[24.67,38.93],[24.66,38.74],[24.36,38.87],[24.67,38.93]]],[[[25.79,39.19],[26.04,39.38],[26.64,39.0],[25.79,39.19]]],[[[25.46,40.03],[25.45,39.84],[24.97,39.84],[25.46,40.03]]],[[[26.04,40.29],[26.02,40.16],[25.7,40.1],[26.04,40.29]]],[[[24.81,40.81],[24.79,40.61],[24.55,40.55],[24.81,40.81]]]]}},{"type":"Feature","properties":{"n":"Vandals","f":358,"t":366,"w":"Q42211"},"geometry":{"type":"MultiPolygon","coordinates":[[[[17.08,48.46],[17.73,48.13],[19.22,48.13],[19.68,47.47],[19.33,47.01],[19.36,46.02],[20.0,45.82],[20.06,45.37],[19.0,45.37],[18.84,47.07],[19.19,47.47],[18.87,47.8],[13.68,48.59],[13.69,48.85],[17.08,48.46]]],[[[19.58,47.14],[19.66,47.14],[19.66,47.07],[19.58,47.14]]],[[[17.33,48.46],[17.42,48.46],[17.41,48.39],[17.33,48.46]]]]}},{"type":"Feature","properties":{"n":"(Alliance between Gupta Empire and Vakataka Kingdom)","f":358,"t":377,"w":"Q11774"},"geometry":{"type":"MultiPolygon","coordinates":[[[[77.06,17.85],[75.82,18.72],[74.47,19.01],[73.91,20.57],[74.31,22.06],[77.19,22.86],[80.23,22.2],[80.56,19.25],[81.29,22.14],[81.92,22.46],[82.63,23.81],[80.99,23.81],[78.58,24.71],[78.17,25.49],[76.52,25.49],[73.94,24.71],[72.81,25.16],[71.34,24.84],[70.63,25.68],[68.81,26.07],[67.21,25.29],[67.5,25.81],[66.93,28.57],[67.32,29.99],[69.11,31.79],[70.7,32.43],[72.14,34.04],[73.26,33.91],[73.72,34.81],[74.63,34.16],[75.27,33.01],[76.46,32.24],[79.18,31.46],[79.87,30.5],[80.17,28.7],[81.61,27.99],[83.02,28.25],[85.25,27.74],[85.79,26.64],[88.55,26.58],[90.15,26.13],[89.91,25.64],[90.3,25.28],[92.48,25.16],[91.03,24.97],[91.35,24.2],[92.25,24.26],[92.76,21.24],[92.33,21.37],[92.12,20.92],[91.5,22.79],[90.23,21.76],[89.9,22.01],[88.73,21.63],[88.64,22.08],[88.35,21.56],[88.1,21.95],[87.07,21.44],[87.03,20.6],[86.42,19.89],[85.37,19.83],[84.38,18.41],[82.45,17.13],[82.38,16.55],[80.38,15.71],[80.14,12.44],[79.44,12.89],[79.3,14.49],[79.53,16.04],[80.25,17.24],[79.25,16.63],[78.64,15.12],[77.45,15.17],[77.5,17.03],[77.06,17.85]],[[77.8,27.45],[77.51,28.37],[77.8,29.37],[79.01,30.58],[78.06,31.4],[76.57,31.3],[76.34,30.75],[74.85,31.07],[72.16,29.5],[73.49,27.24],[76.77,26.27],[77.8,27.45]]],[[[91.06,22.34],[91.28,22.34],[91.26,22.21],[91.06,22.34]]],[[[73.73,34.87],[73.81,34.87],[73.79,34.81],[73.73,34.87]]]]}},{"type":"Feature","properties":{"n":"Ripuarian Franks","f":358,"t":366,"w":"Q316860"},"geometry":{"type":"Polygon","coordinates":[[[7.65,51.18],[8.76,50.51],[8.27,49.85],[7.68,49.91],[7.75,50.31],[6.8,51.45],[4.56,52.32],[5.39,52.99],[6.0,52.45],[7.2,52.25],[7.65,51.18]]]}},{"type":"Feature","properties":{"n":"Kidarites","f":358,"t":386,"w":"Q26996"},"geometry":{"type":"Polygon","coordinates":[[[73.8,40.29],[73.4,39.51],[73.75,39.13],[72.63,37.71],[72.36,36.74],[71.39,36.29],[70.96,35.52],[64.75,35.77],[65.07,39.0],[65.88,40.81],[67.55,41.59],[68.98,41.33],[69.58,41.72],[71.63,41.65],[73.8,40.29]]]}},{"type":"Feature","properties":{"n":"Sasanian Empire","f":358,"t":366,"w":"Q1661685"},"geometry":{"type":"MultiPolygon","coordinates":[[[[51.14,25.49],[51.21,25.49],[51.21,25.42],[51.14,25.49]]],[[[50.43,25.94],[50.46,26.26],[50.69,26.26],[50.43,25.94]]],[[[58.33,40.42],[60.95,39.51],[65.88,40.81],[65.07,39.0],[64.94,35.58],[67.57,35.9],[68.45,35.39],[70.09,35.77],[70.77,35.39],[71.39,36.29],[72.27,36.67],[72.47,35.97],[73.73,34.87],[73.26,33.91],[72.14,34.04],[70.7,32.43],[69.11,31.79],[67.32,29.99],[66.93,28.57],[67.5,25.81],[67.11,25.1],[66.64,24.91],[66.35,25.55],[62.02,25.04],[57.96,25.55],[57.18,25.94],[56.71,27.16],[55.44,26.52],[55.54,26.77],[54.83,26.45],[53.66,26.71],[51.32,27.99],[50.06,30.18],[48.94,30.31],[47.85,29.41],[48.87,27.67],[50.13,26.77],[50.07,26.07],[50.65,25.1],[51.12,26.13],[51.7,25.87],[51.41,24.33],[51.91,24.01],[54.08,24.14],[56.48,26.39],[56.4,24.97],[56.79,24.33],[58.81,23.62],[59.27,22.91],[56.81,23.75],[56.09,24.84],[54.27,23.75],[51.88,23.69],[51.1,24.2],[51.32,25.87],[50.62,24.65],[49.67,25.87],[49.88,26.45],[48.55,27.48],[47.53,29.28],[47.65,29.67],[45.77,30.44],[44.81,31.34],[44.73,31.98],[43.9,32.04],[43.15,32.81],[40.1,34.29],[41.11,35.0],[41.09,36.03],[44.29,37.25],[45.43,37.06],[45.22,37.77],[46.37,38.55],[47.25,38.67],[48.87,38.09],[49.09,37.51],[51.26,36.61],[54.03,36.87],[53.99,39.0],[53.14,39.45],[53.54,39.51],[53.5,40.03],[52.72,40.1],[52.89,40.87],[57.24,40.16],[58.33,40.42]]],[[[72.6,36.16],[72.58,36.1],[72.5,36.1],[72.6,36.16]]]]}},{"type":"Feature","properties":{"n":"Gupta Empire","f":358,"t":377,"w":"Q11774"},"geometry":{"type":"MultiPolygon","coordinates":[[[[91.03,22.14],[91.06,22.34],[91.28,22.34],[91.03,22.14]]],[[[81.29,22.14],[81.92,22.46],[82.63,23.81],[80.99,23.81],[78.58,24.71],[78.17,25.49],[76.52,25.49],[73.94,24.71],[72.81,25.16],[71.34,24.84],[70.63,25.68],[68.81,26.07],[67.21,25.29],[67.5,25.81],[66.93,28.57],[67.32,29.99],[69.11,31.79],[70.7,32.43],[72.14,34.04],[73.26,33.91],[73.72,34.81],[74.63,34.16],[75.27,33.01],[76.46,32.24],[79.18,31.46],[79.87,30.5],[80.17,28.7],[81.61,27.99],[83.02,28.25],[85.25,27.74],[85.79,26.64],[88.55,26.58],[90.15,26.13],[89.91,25.64],[90.3,25.28],[92.48,25.16],[91.03,24.97],[91.35,24.2],[92.25,24.26],[92.76,21.24],[92.33,21.37],[92.12,20.92],[91.5,22.79],[90.23,21.76],[89.9,22.01],[88.73,21.63],[88.64,22.08],[88.35,21.56],[88.1,21.95],[87.07,21.44],[87.03,20.6],[86.42,19.89],[85.37,19.83],[84.38,18.41],[82.45,17.13],[82.38,16.55],[80.38,15.71],[80.14,12.44],[79.44,12.89],[79.3,14.49],[79.53,16.04],[80.25,17.24],[81.16,17.74],[80.5,18.78],[81.29,22.14]],[[77.8,27.45],[77.51,28.37],[77.8,29.37],[79.01,30.58],[78.06,31.4],[76.57,31.3],[76.34,30.75],[74.85,31.07],[72.16,29.5],[73.49,27.24],[76.77,26.27],[77.8,27.45]]],[[[73.73,34.87],[73.81,34.87],[73.79,34.81],[73.73,34.87]]]]}},{"type":"Feature","properties":{"n":"Kingdom of Armenia","f":358,"t":366,"w":"Q208404"},"geometry":{"type":"Polygon","coordinates":[[[48.93,39.26],[48.8,38.09],[47.25,38.67],[46.37,38.55],[45.22,37.77],[45.43,37.06],[45.1,36.93],[43.89,37.71],[40.57,38.03],[40.48,39.58],[38.74,39.58],[38.79,39.9],[40.4,40.1],[41.45,40.74],[41.53,41.26],[42.62,41.59],[43.34,41.13],[45.11,41.26],[45.6,40.87],[45.46,40.55],[46.46,39.97],[48.93,39.26]]]}},{"type":"Feature","properties":{"n":"Salian Franks","f":358,"t":438,"w":"Q939852"},"geometry":{"type":"Polygon","coordinates":[[[4.33,51.71],[5.86,51.58],[5.54,51.18],[4.27,51.18],[4.33,51.71]]]}},{"type":"Feature","properties":{"n":"Ripuarian Franks","f":367,"t":393,"w":"Q316860"},"geometry":{"type":"Polygon","coordinates":[[[8.27,49.85],[7.68,49.91],[7.67,50.45],[6.54,51.65],[4.57,52.05],[4.56,52.32],[5.39,52.99],[5.74,52.65],[6.67,53.19],[7.1,52.99],[6.7,52.12],[8.76,50.51],[8.27,49.85]]]}},{"type":"Feature","properties":{"n":"Kingdom of Adiabene","f":367,"t":370,"w":"Q149747"},"geometry":{"type":"Polygon","coordinates":[[[41.18,37.32],[42.76,37.51],[42.63,36.55],[41.53,36.48],[41.18,37.32]]]}},{"type":"Feature","properties":{"n":"Vandals","f":367,"t":393,"w":"Q42211"},"geometry":{"type":"MultiPolygon","coordinates":[[[[17.73,48.13],[19.22,48.13],[19.68,47.47],[19.33,47.01],[19.36,46.02],[20.0,45.82],[20.06,45.37],[19.0,45.37],[18.84,47.07],[19.19,47.47],[18.87,47.8],[17.71,47.73],[16.66,48.32],[14.26,48.26],[13.69,48.85],[16.43,48.65],[17.73,48.13]]],[[[19.58,47.14],[19.66,47.14],[19.66,47.07],[19.58,47.14]]],[[[17.33,48.46],[17.42,48.46],[17.41,48.39],[17.33,48.46]]]]}},{"type":"Feature","properties":{"n":"Roman Empire","f":367,"t":370,"w":"Q12544"},"geometry":{"type":"MultiPolygon","coordinates":[[[[10.0,34.29],[10.24,33.71],[12.23,32.81],[13.76,32.88],[15.21,32.36],[15.65,31.4],[17.47,31.08],[18.87,30.25],[20.2,30.89],[20.02,32.24],[21.88,32.94],[23.09,32.62],[23.3,32.17],[24.89,31.98],[25.25,31.46],[26.85,31.46],[28.87,30.82],[30.97,31.66],[32.83,31.01],[33.98,31.14],[34.63,31.66],[35.64,34.36],[36.05,34.55],[35.84,36.29],[36.29,36.8],[34.58,36.87],[33.98,36.29],[32.71,36.03],[31.09,36.93],[29.94,36.22],[29.24,36.22],[29.12,36.74],[28.59,36.87],[28.03,36.67],[28.07,37.13],[27.22,37.32],[27.28,38.03],[26.43,38.22],[26.38,38.67],[27.06,38.35],[26.85,39.58],[26.13,39.51],[26.6,40.48],[29.05,40.36],[28.91,40.61],[29.48,40.74],[28.17,41.13],[26.92,40.48],[25.38,41.0],[23.7,40.81],[23.74,40.23],[22.65,40.61],[22.61,39.9],[23.14,39.45],[22.8,39.06],[23.49,38.87],[22.94,38.74],[24.03,38.67],[24.16,38.22],[23.98,37.84],[23.04,37.9],[23.4,37.32],[22.71,37.58],[23.06,36.67],[22.36,36.67],[22.22,37.06],[21.74,36.87],[21.7,37.51],[21.24,37.84],[21.74,38.35],[21.19,38.42],[20.15,39.71],[19.76,39.64],[20.01,39.97],[19.25,40.61],[19.54,41.78],[17.99,42.82],[17.51,42.76],[17.05,43.41],[15.93,43.47],[14.6,45.37],[13.78,44.91],[13.71,45.76],[13.14,45.82],[12.16,45.5],[12.31,44.19],[13.67,43.41],[14.37,42.24],[16.12,41.91],[15.94,41.39],[18.44,40.16],[18.11,39.9],[17.35,40.55],[16.62,40.29],[16.45,39.64],[17.14,39.06],[15.93,37.96],[15.39,38.16],[15.05,36.74],[12.49,37.9],[15.86,38.29],[16.27,38.93],[15.75,40.03],[12.6,41.52],[10.54,43.08],[10.21,43.99],[9.16,44.45],[8.43,44.39],[8.03,43.93],[7.15,43.73],[6.28,43.15],[4.17,43.6],[3.14,43.28],[3.12,41.91],[0.7,40.94],[-0.13,40.03],[-0.31,39.13],[0.1,38.74],[-0.66,38.29],[-0.7,37.64],[-1.71,37.45],[-2.06,36.8],[-4.47,36.74],[-5.66,36.03],[-6.84,37.25],[-9.0,37.0],[-8.82,38.48],[-9.21,38.42],[-9.57,38.93],[-8.73,40.74],[-8.96,42.17],[-8.66,42.37],[-9.3,43.15],[-8.24,43.73],[-1.69,43.34],[-1.03,45.5],[-1.25,46.28],[-2.84,47.6],[-4.42,47.8],[-4.91,48.52],[-3.46,48.92],[-1.6,48.65],[-2.03,49.78],[0.01,49.38],[0.22,49.85],[1.45,50.25],[1.66,51.05],[3.41,51.45],[4.06,52.12],[6.54,51.65],[7.67,50.45],[7.68,49.91],[8.35,49.65],[7.63,48.32],[7.64,47.53],[11.86,49.18],[14.26,48.26],[16.66,48.32],[17.71,47.73],[19.03,47.66],[19.0,45.37],[20.06,45.37],[20.75,44.71],[22.69,44.65],[22.5,44.32],[22.95,43.8],[24.15,43.67],[27.49,44.06],[27.94,44.52],[27.87,45.37],[29.58,45.43],[29.53,44.91],[28.8,44.97],[28.48,43.47],[27.51,42.63],[27.98,41.65],[28.96,41.13],[31.18,41.07],[32.63,41.91],[34.88,42.04],[35.95,41.72],[36.21,41.26],[38.3,40.87],[40.37,40.94],[41.84,41.65],[41.45,40.74],[40.4,40.1],[38.79,39.9],[38.74,39.58],[40.48,39.58],[40.57,38.03],[41.12,38.03],[41.67,36.35],[41.09,36.03],[41.11,35.0],[40.1,34.29],[39.12,34.49],[37.99,33.97],[36.9,33.07],[35.2,28.06],[34.59,28.06],[34.91,29.41],[34.12,27.74],[32.44,29.79],[35.15,24.65],[35.86,24.01],[35.55,23.81],[31.67,23.75],[30.46,23.36],[28.57,24.65],[28.15,27.35],[25.37,29.28],[21.94,30.56],[18.28,30.05],[15.18,30.89],[13.83,32.11],[11.77,32.3],[9.63,33.14],[8.85,34.74],[7.99,35.07],[7.59,36.61],[1.15,36.16],[-1.88,34.81],[-5.28,34.94],[-6.11,34.61],[-6.73,33.59],[-7.47,33.26],[-7.88,33.52],[-6.61,34.16],[-5.88,35.77],[-5.34,35.84],[-4.75,35.19],[-2.84,35.45],[-2.66,35.07],[-1.89,35.07],[0.68,36.42],[3.46,36.87],[5.56,36.67],[6.33,37.06],[8.52,36.87],[10.23,37.25],[10.23,36.8],[11.01,37.0],[10.46,35.9],[11.08,35.58],[11.08,35.0],[10.0,34.29]],[[4.33,51.71],[4.27,51.18],[5.2,51.05],[5.86,51.58],[4.33,51.71]]],[[[14.57,35.97],[14.57,35.77],[14.34,35.84],[14.57,35.97]]],[[[23.12,36.35],[23.11,36.16],[22.87,36.16],[23.12,36.35]]],[[[20.93,37.9],[20.92,37.64],[20.61,37.71],[20.93,37.9]]],[[[20.57,38.42],[20.79,38.09],[20.32,38.16],[20.57,38.42]]],[[[23.56,38.74],[23.48,38.74],[23.49,38.8],[23.56,38.74]]],[[[1.26,39.13],[1.65,39.13],[1.66,39.0],[1.27,38.8],[1.26,39.13]]],[[[20.15,39.58],[20.07,39.58],[20.07,39.64],[20.15,39.58]]],[[[2.35,39.45],[2.34,39.64],[3.19,39.97],[3.52,39.77],[3.3,39.32],[2.35,39.45]]],[[[4.22,40.1],[4.3,39.84],[3.83,39.9],[4.22,40.1]]],[[[9.59,39.13],[8.34,39.0],[8.15,40.94],[9.5,41.2],[9.59,39.13]]],[[[9.1,41.33],[8.62,41.72],[8.53,42.5],[9.49,43.02],[9.58,41.98],[9.1,41.33]]],[[[10.46,42.89],[10.46,42.69],[10.21,42.69],[10.46,42.89]]],[[[7.23,43.73],[7.23,43.6],[7.15,43.6],[7.23,43.73]]],[[[14.51,44.91],[14.5,44.52],[14.26,44.58],[14.51,44.91]]],[[[1.39,51.18],[0.49,50.78],[-3.13,50.71],[-3.58,50.25],[-5.75,50.05],[-4.2,51.31],[-3.09,51.25],[-2.66,51.98],[-1.73,52.05],[-0.02,52.99],[1.62,52.86],[1.74,52.38],[0.53,51.45],[1.39,51.18]]],[[[33.04,34.55],[32.23,34.94],[34.54,35.71],[34.09,35.0],[33.04,34.55]]],[[[25.68,35.13],[26.23,35.19],[24.82,35.0],[23.62,35.52],[25.68,35.13]]],[[[28.02,36.48],[28.25,36.48],[28.14,36.03],[27.74,35.9],[28.02,36.48]]],[[[27.19,36.8],[26.87,36.67],[27.04,36.93],[27.19,36.8]]],[[[25.57,37.13],[25.56,37.0],[25.33,37.0],[25.57,37.13]]],[[[24.36,37.71],[24.43,37.58],[24.27,37.51],[24.36,37.71]]],[[[25.22,37.71],[25.29,37.51],[25.05,37.51],[25.22,37.71]]],[[[26.31,37.71],[26.3,37.58],[25.99,37.51],[26.31,37.71]]],[[[24.77,38.03],[25.07,37.77],[24.83,37.71],[24.77,38.03]]],[[[26.22,38.55],[26.11,38.16],[25.88,38.16],[26.22,38.55]]],[[[24.67,38.93],[24.66,38.74],[24.36,38.87],[24.67,38.93]]],[[[25.79,39.19],[26.04,39.38],[26.64,39.0],[25.79,39.19]]],[[[25.46,40.03],[25.45,39.84],[24.97,39.84],[25.46,40.03]]],[[[26.04,40.29],[26.02,40.16],[25.7,40.1],[26.04,40.29]]],[[[24.81,40.81],[24.79,40.61],[24.55,40.55],[24.81,40.81]]]]}},{"type":"Feature","properties":{"n":"Tarumanagara","f":367,"t":533,"w":"Q2247225"},"geometry":{"type":"Polygon","coordinates":[[[106.25,-6.79],[105.43,-6.53],[105.91,-5.89],[107.0,-5.89],[107.62,-6.53],[106.25,-6.79]]]}},{"type":"Feature","properties":{"n":"Kingdom of Armenia","f":367,"t":370,"w":"Q208404"},"geometry":{"type":"Polygon","coordinates":[[[48.93,39.26],[48.8,38.09],[47.25,38.67],[46.12,38.48],[45.22,37.77],[45.25,36.93],[43.89,37.71],[40.57,38.03],[40.48,39.58],[38.74,39.58],[38.79,39.9],[40.4,40.1],[41.45,40.74],[41.53,41.26],[42.62,41.59],[43.34,41.13],[45.11,41.26],[45.6,40.87],[45.46,40.55],[46.46,39.97],[48.93,39.26]]]}},{"type":"Feature","properties":{"n":"Former Yan","f":367,"t":370,"w":"Q1472004"},"geometry":{"type":"Polygon","coordinates":[[[121.02,41.26],[123.17,41.91],[125.08,40.74],[124.23,39.84],[122.94,39.64],[121.42,38.74],[121.03,38.74],[121.69,39.38],[121.21,39.51],[122.23,40.48],[121.82,40.87],[121.11,40.87],[118.99,39.19],[117.78,39.13],[117.77,38.35],[119.46,37.96],[119.16,37.19],[120.75,37.9],[122.71,37.45],[122.5,36.87],[120.98,36.61],[119.62,35.52],[119.23,34.81],[120.43,34.04],[117.35,33.26],[114.08,33.14],[111.26,32.36],[111.72,33.78],[110.77,34.29],[110.54,35.45],[111.02,36.22],[110.8,37.32],[111.34,38.16],[111.0,38.61],[111.62,39.71],[110.42,39.51],[110.47,40.1],[114.53,40.74],[115.99,41.78],[117.46,42.24],[117.78,42.24],[117.87,41.59],[121.02,41.26]]]}},{"type":"Feature","properties":{"n":"Sasanian Empire","f":367,"t":370,"w":"Q1661685"},"geometry":{"type":"MultiPolygon","coordinates":[[[[51.14,25.49],[51.21,25.49],[51.21,25.42],[51.14,25.49]]],[[[50.43,25.94],[50.46,26.26],[50.69,26.26],[50.43,25.94]]],[[[58.33,40.42],[60.95,39.51],[65.88,40.81],[65.07,39.0],[64.94,35.58],[67.57,35.9],[68.45,35.39],[70.09,35.77],[70.77,35.39],[71.39,36.29],[72.27,36.67],[72.47,35.97],[73.73,34.87],[73.26,33.91],[72.14,34.04],[70.7,32.43],[69.11,31.79],[67.32,29.99],[66.93,28.57],[67.5,25.81],[67.11,25.1],[66.64,24.91],[66.35,25.55],[62.02,25.04],[57.96,25.55],[57.18,25.94],[56.71,27.16],[55.44,26.52],[55.54,26.77],[54.83,26.45],[53.66,26.71],[51.32,27.99],[50.06,30.18],[48.94,30.31],[47.85,29.41],[48.87,27.67],[50.13,26.77],[50.07,26.07],[50.65,25.1],[51.12,26.13],[51.7,25.87],[51.41,24.33],[51.91,24.01],[54.08,24.14],[56.48,26.39],[56.4,24.97],[56.79,24.33],[58.81,23.62],[59.27,22.91],[56.81,23.75],[56.09,24.84],[54.27,23.75],[51.88,23.69],[51.1,24.2],[51.32,25.87],[50.62,24.65],[49.67,25.87],[49.88,26.45],[48.55,27.48],[47.53,29.28],[47.65,29.67],[45.77,30.44],[44.81,31.34],[44.73,31.98],[43.9,32.04],[43.15,32.81],[40.1,34.29],[41.11,35.0],[41.09,36.03],[42.63,36.55],[42.76,37.51],[41.18,37.32],[41.12,38.03],[44.41,37.58],[45.25,36.93],[45.22,37.77],[46.12,38.48],[47.25,38.67],[48.87,38.09],[49.09,37.51],[49.85,37.45],[50.53,36.87],[52.19,36.55],[54.03,36.87],[54.09,37.19],[53.99,39.0],[53.14,39.45],[53.54,39.51],[53.5,40.03],[52.72,40.1],[52.89,40.87],[57.24,40.16],[58.33,40.42]]],[[[72.6,36.16],[72.58,36.1],[72.5,36.1],[72.6,36.16]]]]}},{"type":"Feature","properties":{"n":"Western Jin","f":371,"t":372,"w":"Q7352"},"geometry":{"type":"MultiPolygon","coordinates":[[[[108.76,18.41],[108.7,19.38],[109.25,19.96],[110.91,20.15],[111.03,19.57],[109.86,18.35],[108.76,18.41]]],[[[121.99,31.85],[120.89,31.79],[122.0,31.08],[120.68,30.18],[121.48,30.31],[122.03,29.92],[122.0,29.41],[121.71,29.22],[121.59,29.54],[121.65,28.32],[121.12,28.32],[119.59,26.13],[119.53,25.62],[119.87,25.49],[119.27,25.49],[118.76,24.59],[118.15,24.52],[116.54,22.91],[114.64,22.72],[114.37,22.08],[113.6,22.72],[113.64,22.14],[110.42,21.18],[110.49,20.28],[109.88,20.21],[109.81,21.5],[108.65,21.69],[106.96,20.92],[105.97,19.83],[105.73,18.86],[106.96,17.32],[106.4,17.0],[105.14,18.41],[104.98,20.15],[104.44,20.47],[105.1,20.86],[104.87,22.21],[105.69,23.04],[102.99,23.36],[101.81,24.26],[101.46,25.16],[100.89,29.92],[101.69,32.75],[103.13,33.39],[105.17,33.07],[107.48,33.33],[107.65,32.94],[108.1,33.14],[110.17,32.3],[111.24,32.3],[114.08,33.14],[117.35,33.26],[120.51,34.04],[120.92,32.62],[121.99,31.85]]],[[[122.28,29.99],[121.98,29.99],[122.05,30.18],[122.28,29.99]]],[[[126.95,38.8],[127.03,38.8],[126.99,38.74],[126.95,38.8]]]]}},{"type":"Feature","properties":{"n":"Former Qin","f":371,"t":372,"w":"Q1471995"},"geometry":{"type":"Polygon","coordinates":[[[121.02,41.26],[123.17,41.91],[125.08,40.74],[124.23,39.84],[122.94,39.64],[121.42,38.74],[121.03,38.74],[121.69,39.38],[121.21,39.51],[122.23,40.48],[121.82,40.87],[121.11,40.87],[118.99,39.19],[117.78,39.13],[117.77,38.35],[119.46,37.96],[119.16,37.19],[120.75,37.9],[122.71,37.45],[122.5,36.87],[120.98,36.61],[119.62,35.52],[119.23,34.81],[120.43,34.04],[117.35,33.26],[114.08,33.14],[110.17,32.3],[109.16,32.88],[107.65,32.94],[107.48,33.33],[106.03,33.33],[106.39,34.1],[107.13,34.23],[106.78,35.52],[105.92,35.9],[106.13,36.22],[105.7,37.25],[103.66,37.96],[104.11,38.8],[103.67,38.87],[104.67,39.51],[104.61,39.9],[113.72,40.55],[117.46,42.24],[117.78,42.24],[117.87,41.59],[121.02,41.26]]]}},{"type":"Feature","properties":{"n":"Sasanian Empire","f":371,"t":386,"w":"Q1661685"},"geometry":{"type":"MultiPolygon","coordinates":[[[[51.14,25.49],[51.21,25.49],[51.21,25.42],[51.14,25.49]]],[[[50.43,25.94],[50.46,26.26],[50.69,26.26],[50.43,25.94]]],[[[46.46,39.97],[48.67,39.58],[49.09,37.51],[51.64,36.55],[54.03,36.87],[53.99,39.0],[53.14,39.45],[53.54,39.51],[53.5,40.03],[52.72,40.1],[52.89,40.87],[57.16,40.16],[58.33,40.42],[59.77,40.16],[59.77,39.84],[60.71,39.51],[65.88,40.81],[65.07,39.0],[64.94,35.58],[67.57,35.9],[68.45,35.39],[70.09,35.77],[70.77,35.39],[71.39,36.29],[72.27,36.67],[72.47,35.97],[73.73,34.87],[73.26,33.91],[72.14,34.04],[70.7,32.43],[69.11,31.79],[67.32,29.99],[66.93,28.57],[67.5,25.81],[66.64,24.91],[66.35,25.55],[62.02,25.04],[57.96,25.55],[57.18,25.94],[56.71,27.16],[55.44,26.52],[55.54,26.77],[54.83,26.45],[53.66,26.71],[51.32,27.99],[50.06,30.18],[48.94,30.31],[47.85,29.41],[48.87,27.67],[50.13,26.77],[50.07,26.07],[50.65,25.1],[51.12,26.13],[51.7,25.87],[51.41,24.33],[51.91,24.01],[54.08,24.14],[56.48,26.39],[56.4,24.97],[56.79,24.33],[58.81,23.62],[59.27,22.91],[56.81,23.75],[56.09,24.84],[54.27,23.75],[51.88,23.69],[51.1,24.2],[51.32,25.87],[50.62,24.65],[49.67,25.87],[49.88,26.45],[48.55,27.48],[47.53,29.28],[47.65,29.67],[45.77,30.44],[44.81,31.34],[44.73,31.98],[43.9,32.04],[43.15,32.81],[40.1,34.29],[41.11,35.0],[41.09,36.03],[41.68,36.42],[41.21,37.0],[41.12,38.03],[40.57,38.03],[40.55,39.51],[38.95,39.38],[38.79,39.9],[40.4,40.1],[41.45,40.74],[41.53,41.26],[42.62,41.59],[43.34,41.13],[45.3,41.0],[46.46,39.97]]],[[[72.6,36.16],[72.58,36.1],[72.5,36.1],[72.6,36.16]]]]}},{"type":"Feature","properties":{"n":"Cimmerian Bosporus","f":371,"t":372,"w":"Q321371"},"geometry":{"type":"MultiPolygon","coordinates":[[[[34.62,45.89],[35.02,45.3],[36.42,45.43],[36.37,45.1],[35.41,45.17],[33.52,44.45],[33.61,45.1],[32.92,45.43],[34.62,45.89]]],[[[37.93,44.71],[36.78,45.1],[36.75,45.43],[37.7,45.3],[37.59,45.63],[38.33,46.15],[37.84,46.61],[39.22,47.01],[39.2,47.33],[38.35,47.2],[38.49,47.53],[39.72,47.47],[37.93,44.71]]]]}},{"type":"Feature","properties":{"n":"Roman Empire","f":371,"t":377,"w":"Q12544"},"geometry":{"type":"MultiPolygon","coordinates":[[[[10.0,34.29],[10.24,33.71],[12.23,32.81],[13.76,32.88],[15.21,32.36],[15.65,31.4],[17.47,31.08],[18.87,30.25],[20.2,30.89],[20.02,32.24],[21.88,32.94],[23.09,32.62],[23.3,32.17],[24.89,31.98],[25.25,31.46],[26.85,31.46],[28.87,30.82],[30.97,31.66],[32.83,31.01],[33.98,31.14],[34.63,31.66],[35.64,34.36],[36.05,34.55],[35.84,36.29],[36.29,36.8],[34.58,36.87],[33.98,36.29],[32.71,36.03],[31.09,36.93],[29.94,36.22],[29.24,36.22],[29.12,36.74],[28.59,36.87],[28.03,36.67],[28.07,37.13],[27.22,37.32],[27.28,38.03],[26.43,38.22],[26.38,38.67],[27.06,38.35],[26.85,39.58],[26.13,39.51],[26.6,40.48],[29.05,40.36],[28.91,40.61],[29.48,40.74],[28.17,41.13],[26.92,40.48],[25.38,41.0],[23.7,40.81],[23.74,40.23],[22.65,40.61],[22.61,39.9],[23.14,39.45],[22.8,39.06],[23.49,38.87],[22.94,38.74],[24.03,38.67],[24.16,38.22],[23.98,37.84],[23.04,37.9],[23.4,37.32],[22.71,37.58],[23.06,36.67],[22.36,36.67],[22.22,37.06],[21.74,36.87],[21.7,37.51],[21.24,37.84],[21.74,38.35],[21.19,38.42],[20.15,39.71],[19.76,39.64],[20.01,39.97],[19.25,40.61],[19.54,41.78],[17.99,42.82],[17.51,42.76],[17.05,43.41],[15.93,43.47],[14.6,45.37],[13.78,44.91],[13.71,45.76],[13.14,45.82],[12.16,45.5],[12.31,44.19],[13.67,43.41],[14.37,42.24],[16.12,41.91],[15.94,41.39],[18.44,40.16],[18.11,39.9],[17.35,40.55],[16.62,40.29],[16.45,39.64],[17.14,39.06],[15.93,37.96],[15.39,38.16],[15.05,36.74],[12.49,37.9],[15.86,38.29],[16.27,38.93],[15.75,40.03],[12.6,41.52],[10.54,43.08],[10.21,43.99],[9.16,44.45],[8.43,44.39],[8.03,43.93],[7.15,43.73],[6.28,43.15],[4.17,43.6],[3.14,43.28],[3.12,41.91],[0.7,40.94],[-0.13,40.03],[-0.31,39.13],[0.1,38.74],[-0.66,38.29],[-0.7,37.64],[-1.71,37.45],[-2.06,36.8],[-4.47,36.74],[-5.66,36.03],[-6.84,37.25],[-9.0,37.0],[-8.82,38.48],[-9.21,38.42],[-9.57,38.93],[-8.73,40.74],[-8.96,42.17],[-8.66,42.37],[-9.3,43.15],[-8.24,43.73],[-1.69,43.34],[-1.03,45.5],[-1.25,46.28],[-2.84,47.6],[-4.42,47.8],[-4.91,48.52],[-3.46,48.92],[-1.6,48.65],[-2.03,49.78],[0.01,49.38],[0.22,49.85],[1.45,50.25],[1.66,51.05],[3.41,51.45],[4.06,52.12],[6.54,51.65],[7.67,50.45],[7.68,49.91],[8.35,49.65],[7.63,48.32],[7.64,47.53],[11.86,49.18],[14.26,48.26],[16.66,48.32],[17.71,47.73],[19.03,47.66],[19.0,45.37],[20.06,45.37],[20.75,44.71],[22.69,44.65],[22.5,44.32],[22.95,43.8],[24.15,43.67],[27.49,44.06],[27.94,44.52],[27.87,45.37],[29.58,45.43],[29.53,44.91],[28.8,44.97],[28.48,43.47],[27.51,42.63],[27.98,41.65],[28.96,41.13],[31.18,41.07],[32.63,41.91],[34.88,42.04],[35.95,41.72],[36.21,41.26],[38.3,40.87],[40.37,40.94],[41.84,41.65],[41.45,40.74],[40.4,40.1],[38.79,39.9],[38.74,39.58],[40.55,39.51],[40.57,38.03],[41.12,38.03],[41.21,37.0],[41.68,36.42],[41.09,36.03],[41.11,35.0],[40.1,34.29],[39.12,34.49],[37.99,33.97],[36.9,33.07],[35.2,28.06],[34.59,28.06],[34.91,29.41],[34.12,27.74],[32.44,29.79],[35.15,24.65],[35.86,24.01],[35.55,23.81],[31.67,23.75],[30.46,23.36],[28.57,24.65],[28.15,27.35],[25.37,29.28],[21.94,30.56],[18.28,30.05],[15.18,30.89],[13.83,32.11],[11.77,32.3],[9.63,33.14],[8.85,34.74],[7.99,35.07],[7.59,36.61],[1.15,36.16],[-1.88,34.81],[-5.28,34.94],[-6.11,34.61],[-6.73,33.59],[-7.47,33.26],[-7.88,33.52],[-6.61,34.16],[-5.88,35.77],[-5.34,35.84],[-4.75,35.19],[-2.84,35.45],[-2.66,35.07],[-1.89,35.07],[0.68,36.42],[3.46,36.87],[5.56,36.67],[6.33,37.06],[8.52,36.87],[10.23,37.25],[10.23,36.8],[11.01,37.0],[10.46,35.9],[11.08,35.58],[11.08,35.0],[10.0,34.29]],[[4.33,51.71],[4.27,51.18],[5.2,51.05],[5.86,51.58],[4.33,51.71]]],[[[14.57,35.97],[14.57,35.77],[14.34,35.84],[14.57,35.97]]],[[[23.12,36.35],[23.11,36.16],[22.87,36.16],[23.12,36.35]]],[[[20.93,37.9],[20.92,37.64],[20.61,37.71],[20.93,37.9]]],[[[20.57,38.42],[20.79,38.09],[20.32,38.16],[20.57,38.42]]],[[[23.56,38.74],[23.48,38.74],[23.49,38.8],[23.56,38.74]]],[[[1.26,39.13],[1.65,39.13],[1.66,39.0],[1.27,38.8],[1.26,39.13]]],[[[20.15,39.58],[20.07,39.58],[20.07,39.64],[20.15,39.58]]],[[[2.35,39.45],[2.34,39.64],[3.19,39.97],[3.52,39.77],[3.3,39.32],[2.35,39.45]]],[[[4.22,40.1],[4.3,39.84],[3.83,39.9],[4.22,40.1]]],[[[9.59,39.13],[8.34,39.0],[8.15,40.94],[9.5,41.2],[9.59,39.13]]],[[[9.1,41.33],[8.62,41.72],[8.53,42.5],[9.49,43.02],[9.58,41.98],[9.1,41.33]]],[[[10.46,42.89],[10.46,42.69],[10.21,42.69],[10.46,42.89]]],[[[7.23,43.73],[7.23,43.6],[7.15,43.6],[7.23,43.73]]],[[[14.51,44.91],[14.5,44.52],[14.26,44.58],[14.51,44.91]]],[[[1.72,52.72],[1.59,52.12],[0.52,51.51],[1.38,51.38],[1.31,51.11],[0.49,50.78],[-1.37,50.85],[-1.18,50.58],[-3.13,50.71],[-3.58,50.25],[-5.75,50.05],[-4.2,51.31],[-3.09,51.25],[-2.95,51.45],[-5.26,51.71],[-5.22,52.05],[-4.16,52.45],[-4.3,52.92],[-4.79,52.79],[-4.49,53.12],[-4.7,53.46],[-3.15,53.46],[-2.97,54.14],[-3.59,54.27],[-3.57,54.89],[-1.61,55.36],[-1.29,54.68],[-0.2,54.21],[0.3,53.39],[0.07,52.99],[1.72,52.72]]],[[[33.04,34.55],[32.23,34.94],[34.54,35.71],[34.09,35.0],[33.04,34.55]]],[[[25.68,35.13],[26.23,35.19],[24.82,35.0],[23.62,35.52],[25.68,35.13]]],[[[28.02,36.48],[28.25,36.48],[28.14,36.03],[27.74,35.9],[28.02,36.48]]],[[[27.19,36.8],[26.87,36.67],[27.04,36.93],[27.19,36.8]]],[[[25.57,37.13],[25.56,37.0],[25.33,37.0],[25.57,37.13]]],[[[24.36,37.71],[24.43,37.58],[24.27,37.51],[24.36,37.71]]],[[[25.22,37.71],[25.29,37.51],[25.05,37.51],[25.22,37.71]]],[[[26.31,37.71],[26.3,37.58],[25.99,37.51],[26.31,37.71]]],[[[24.77,38.03],[25.07,37.77],[24.83,37.71],[24.77,38.03]]],[[[26.22,38.55],[26.11,38.16],[25.88,38.16],[26.22,38.55]]],[[[24.67,38.93],[24.66,38.74],[24.36,38.87],[24.67,38.93]]],[[[25.79,39.19],[26.04,39.38],[26.64,39.0],[25.79,39.19]]],[[[25.46,40.03],[25.45,39.84],[24.97,39.84],[25.46,40.03]]],[[[26.04,40.29],[26.02,40.16],[25.7,40.1],[26.04,40.29]]],[[[24.81,40.81],[24.79,40.61],[24.55,40.55],[24.81,40.81]]]]}},{"type":"Feature","properties":{"n":"Huns","f":371,"t":372,"w":"Q45813"},"geometry":{"type":"MultiPolygon","coordinates":[[[[44.68,43.6],[44.7,43.67],[44.78,43.67],[44.68,43.6]]],[[[46.63,44.45],[47.34,43.99],[47.45,43.34],[46.29,43.99],[44.13,43.67],[42.57,44.78],[38.83,44.25],[37.93,44.71],[39.72,47.47],[41.57,47.66],[42.83,48.59],[45.73,48.19],[47.46,46.35],[49.97,47.6],[52.02,47.86],[53.24,47.8],[54.52,46.74],[54.29,45.56],[53.67,45.37],[53.06,45.56],[53.35,46.35],[53.11,47.01],[51.58,47.14],[49.3,46.55],[47.33,45.43],[46.63,44.45]]],[[[53.1,46.02],[53.18,46.02],[53.17,45.96],[53.1,46.02]]]]}},{"type":"Feature","properties":{"n":"Jinhan","f":373,"t":377,"w":"Q701273"},"geometry":{"type":"Polygon","coordinates":[[[127.85,35.9],[127.99,36.8],[129.43,37.32],[129.35,35.32],[127.85,35.9]]]}},{"type":"Feature","properties":{"n":"Huns","f":373,"t":377,"w":"Q45813"},"geometry":{"type":"MultiPolygon","coordinates":[[[[44.7,43.67],[44.78,43.67],[44.76,43.6],[44.7,43.67]]],[[[35.02,45.3],[36.42,45.43],[36.37,45.1],[35.41,45.17],[33.52,44.45],[33.61,45.1],[32.6,45.43],[34.15,46.09],[35.02,45.3]]],[[[53.1,46.02],[53.18,46.02],[53.17,45.96],[53.1,46.02]]],[[[46.63,44.45],[47.41,43.54],[46.29,43.99],[44.13,43.67],[42.57,44.78],[38.75,44.25],[36.78,45.1],[36.75,45.43],[37.7,45.3],[37.59,45.63],[38.37,46.35],[37.84,46.61],[39.13,46.94],[39.2,47.33],[35.63,46.68],[34.74,46.15],[32.68,46.09],[31.82,46.35],[32.19,46.68],[31.79,46.74],[30.88,46.68],[30.4,46.15],[29.34,46.87],[28.42,48.19],[25.25,48.85],[23.9,49.58],[22.7,49.18],[22.66,49.71],[24.01,50.71],[25.48,51.05],[29.76,50.85],[32.2,50.25],[34.32,50.85],[34.81,51.25],[36.36,51.38],[38.39,50.11],[38.5,49.38],[39.2,48.72],[45.43,48.32],[46.59,47.6],[46.43,47.27],[47.46,46.35],[49.97,47.6],[52.02,47.86],[53.24,47.8],[54.52,46.74],[54.29,45.56],[53.67,45.37],[53.06,45.56],[53.35,46.35],[53.11,47.01],[51.58,47.14],[49.3,46.55],[47.33,45.43],[46.63,44.45]]],[[[32.56,50.45],[32.55,50.38],[32.47,50.38],[32.56,50.45]]]]}},{"type":"Feature","properties":{"n":"Former Liang","f":373,"t":377,"w":"Q943392"},"geometry":{"type":"Polygon","coordinates":[[[104.61,39.9],[104.67,39.51],[103.67,38.87],[104.11,38.8],[103.66,37.96],[105.7,37.25],[106.13,36.22],[105.92,35.9],[106.78,35.52],[107.08,34.1],[106.39,34.1],[106.35,33.59],[105.7,33.07],[103.21,33.39],[103.74,35.45],[103.21,37.06],[100.87,38.03],[100.41,38.61],[99.81,38.48],[99.2,39.26],[97.91,39.0],[96.76,39.45],[96.7,38.74],[96.36,38.67],[95.32,39.38],[93.3,39.45],[93.09,39.9],[93.36,40.55],[95.23,41.0],[96.93,41.07],[100.89,39.71],[104.61,39.9]]]}},{"type":"Feature","properties":{"n":"Western Jin","f":373,"t":382,"w":"Q7352"},"geometry":{"type":"MultiPolygon","coordinates":[[[[108.76,18.41],[108.7,19.38],[109.25,19.96],[110.91,20.15],[111.03,19.57],[109.86,18.35],[108.76,18.41]]],[[[121.99,31.85],[120.89,31.79],[122.0,31.08],[120.68,30.18],[121.48,30.31],[122.03,29.92],[122.0,29.41],[121.71,29.22],[121.59,29.54],[121.65,28.32],[121.12,28.32],[119.59,26.13],[119.53,25.62],[119.87,25.49],[119.27,25.49],[118.76,24.59],[118.15,24.52],[116.54,22.91],[114.64,22.72],[114.37,22.08],[113.6,22.72],[113.64,22.14],[110.42,21.18],[110.49,20.28],[109.88,20.21],[109.81,21.5],[108.65,21.69],[106.96,20.92],[105.97,19.83],[105.73,18.86],[106.96,17.32],[106.4,17.0],[105.14,18.41],[104.98,20.15],[104.44,20.47],[105.1,20.86],[104.87,22.21],[105.69,23.04],[102.99,23.36],[101.81,24.26],[100.99,28.64],[101.99,28.7],[102.85,27.67],[103.55,27.74],[104.3,28.89],[107.91,30.56],[109.58,32.56],[111.24,32.3],[114.08,33.14],[117.35,33.26],[120.51,34.04],[120.92,32.62],[121.99,31.85]]],[[[122.28,29.99],[121.98,29.99],[122.05,30.18],[122.28,29.99]]],[[[126.95,38.8],[127.03,38.8],[126.99,38.74],[126.95,38.8]]]]}},{"type":"Feature","properties":{"n":"Former Qin","f":373,"t":377,"w":"Q1471995"},"geometry":{"type":"Polygon","coordinates":[[[123.17,41.91],[125.08,40.74],[124.23,39.84],[122.94,39.64],[121.42,38.74],[121.03,38.74],[121.69,39.38],[121.21,39.51],[122.23,40.48],[121.82,40.87],[121.11,40.87],[118.99,39.19],[117.78,39.13],[117.77,38.35],[119.46,37.96],[119.16,37.19],[120.75,37.9],[122.71,37.45],[122.5,36.87],[120.98,36.61],[119.62,35.52],[119.23,34.81],[120.43,34.04],[117.35,33.26],[114.08,33.14],[111.24,32.3],[109.58,32.56],[107.91,30.56],[104.3,28.89],[103.55,27.74],[102.85,27.67],[101.99,28.7],[100.99,28.64],[100.98,31.01],[101.69,32.75],[103.13,33.39],[105.7,33.07],[106.35,33.59],[106.39,34.1],[107.13,34.23],[106.78,35.52],[105.92,35.9],[106.13,36.22],[105.7,37.25],[103.66,37.96],[104.11,38.8],[103.67,38.87],[104.67,39.51],[104.61,39.9],[113.0,40.55],[117.46,42.24],[117.78,42.24],[117.87,41.59],[121.02,41.26],[123.17,41.91]]]}},{"type":"Feature","properties":{"n":"Gothia","f":373,"t":377,"w":"Q422253"},"geometry":{"type":"MultiPolygon","coordinates":[[[[29.58,45.43],[29.67,45.43],[29.66,45.37],[29.58,45.43]]],[[[29.58,45.43],[27.87,45.37],[27.83,44.19],[25.43,43.6],[22.95,43.8],[22.5,44.32],[22.69,44.65],[20.75,44.71],[20.0,45.82],[20.19,46.22],[21.74,46.15],[22.95,48.19],[22.69,49.05],[23.32,49.58],[28.42,48.19],[30.4,46.09],[29.58,45.43]]]]}},{"type":"Feature","properties":{"n":"Yaudheya Republic","f":373,"t":377,"w":"Q8050331"},"geometry":{"type":"Polygon","coordinates":[[[72.16,29.5],[74.85,31.07],[76.34,30.75],[76.57,31.3],[78.06,31.4],[79.01,30.58],[77.8,29.37],[77.51,28.37],[77.8,27.45],[76.77,26.27],[73.49,27.24],[72.16,29.5]]]}},{"type":"Feature","properties":{"n":"(Alliance between Gupta Empire and Vakataka Kingdom)","f":378,"t":382,"w":"Q11774"},"geometry":{"type":"MultiPolygon","coordinates":[[[[77.06,17.85],[75.82,18.72],[74.47,19.01],[73.91,20.57],[74.31,22.06],[77.19,22.86],[80.23,22.2],[80.56,19.25],[81.29,22.14],[81.92,22.46],[82.63,23.81],[80.99,23.81],[78.58,24.71],[78.17,25.49],[76.52,25.49],[73.94,24.71],[72.81,25.16],[71.34,24.84],[70.63,25.68],[68.81,26.07],[67.21,25.29],[67.5,25.81],[66.93,28.57],[67.32,29.99],[69.11,31.79],[70.7,32.43],[72.14,34.04],[73.26,33.91],[73.72,34.81],[74.63,34.16],[75.27,33.01],[76.46,32.24],[79.18,31.46],[79.87,30.5],[80.17,28.7],[81.61,27.99],[83.02,28.25],[85.25,27.74],[85.79,26.64],[88.55,26.58],[90.15,26.13],[89.91,25.64],[90.3,25.28],[92.48,25.16],[91.03,24.97],[91.35,24.2],[92.25,24.26],[92.76,21.24],[92.33,21.37],[92.12,20.92],[91.5,22.79],[90.23,21.76],[89.9,22.01],[88.73,21.63],[88.64,22.08],[88.35,21.56],[88.1,21.95],[87.07,21.44],[87.03,20.6],[86.42,19.89],[85.37,19.83],[84.38,18.41],[82.45,17.13],[82.38,16.55],[80.38,15.71],[80.14,12.44],[79.44,12.89],[79.3,14.49],[79.53,16.04],[80.25,17.24],[79.25,16.63],[78.64,15.12],[77.45,15.17],[77.5,17.03],[77.06,17.85]]],[[[91.06,22.34],[91.28,22.34],[91.26,22.21],[91.06,22.34]]],[[[73.73,34.87],[73.81,34.87],[73.79,34.81],[73.73,34.87]]]]}},{"type":"Feature","properties":{"n":"Huns","f":378,"t":382,"w":"Q45813"},"geometry":{"type":"MultiPolygon","coordinates":[[[[44.7,43.67],[44.78,43.67],[44.76,43.6],[44.7,43.67]]],[[[36.42,45.43],[36.37,45.1],[35.41,45.17],[33.93,44.45],[33.52,44.45],[33.61,45.1],[32.6,45.43],[34.15,46.09],[35.02,45.3],[36.42,45.43]]],[[[29.66,45.37],[29.58,45.37],[29.58,45.43],[29.66,45.37]]],[[[53.1,46.02],[53.18,46.02],[53.17,45.96],[53.1,46.02]]],[[[46.63,44.45],[47.41,43.54],[46.29,43.99],[44.13,43.67],[42.57,44.78],[38.75,44.25],[36.78,45.1],[36.75,45.43],[37.7,45.3],[37.59,45.63],[38.37,46.35],[37.84,46.61],[39.13,46.94],[39.2,47.33],[35.63,46.68],[34.74,46.15],[32.68,46.09],[31.82,46.35],[32.03,46.74],[30.88,46.68],[29.58,45.43],[28.51,45.24],[26.17,45.5],[24.62,48.26],[22.85,48.92],[22.66,49.71],[24.01,50.71],[25.48,51.05],[29.76,50.85],[32.2,50.25],[34.32,50.85],[34.81,51.25],[36.36,51.38],[38.39,50.11],[38.5,49.38],[39.2,48.72],[45.43,48.32],[46.59,47.6],[46.43,47.27],[47.46,46.35],[49.97,47.6],[52.02,47.86],[53.24,47.8],[54.52,46.74],[54.29,45.56],[53.67,45.37],[53.06,45.56],[53.35,46.35],[53.11,47.01],[51.58,47.14],[49.3,46.55],[47.33,45.43],[46.63,44.45]]],[[[32.56,50.45],[32.55,50.38],[32.47,50.38],[32.56,50.45]]]]}},{"type":"Feature","properties":{"n":"Roman Empire","f":378,"t":382,"w":"Q12544"},"geometry":{"type":"MultiPolygon","coordinates":[[[[10.0,34.29],[10.24,33.71],[12.23,32.81],[13.76,32.88],[15.21,32.36],[15.65,31.4],[18.0,30.89],[18.85,30.18],[20.2,30.89],[20.02,32.24],[21.88,32.94],[23.09,32.62],[23.3,32.17],[24.89,31.98],[25.25,31.46],[26.85,31.46],[28.87,30.82],[30.97,31.66],[31.88,31.46],[32.0,31.08],[33.98,31.14],[34.55,31.53],[35.64,34.36],[36.05,34.55],[35.84,36.29],[36.29,36.8],[34.58,36.87],[33.98,36.29],[32.56,36.03],[32.07,36.61],[30.62,36.93],[30.49,36.35],[29.24,36.22],[29.12,36.74],[28.03,36.67],[28.07,37.13],[27.22,37.32],[27.28,38.03],[26.43,38.22],[26.38,38.67],[26.59,38.35],[27.08,38.55],[26.85,39.58],[26.13,39.51],[26.26,40.1],[29.05,40.36],[28.91,40.61],[29.48,40.74],[28.08,41.07],[28.21,41.52],[28.96,41.13],[31.18,41.07],[32.63,41.91],[35.12,42.04],[36.21,41.26],[38.54,40.87],[40.37,40.94],[41.84,41.65],[41.45,40.74],[40.4,40.1],[38.79,39.9],[38.74,39.58],[40.55,39.51],[40.57,38.03],[41.12,38.03],[41.21,37.0],[41.68,36.42],[41.09,36.03],[41.11,35.0],[40.1,34.29],[39.12,34.49],[37.99,33.97],[36.9,33.07],[35.2,28.06],[34.59,28.06],[34.91,29.41],[34.12,27.74],[32.44,29.79],[35.15,24.65],[35.86,24.01],[35.55,23.81],[31.67,23.75],[30.46,23.36],[28.57,24.65],[28.15,27.35],[25.37,29.28],[21.94,30.56],[18.28,30.05],[15.18,30.89],[13.83,32.11],[11.77,32.3],[9.63,33.14],[8.85,34.74],[7.99,35.07],[7.59,36.61],[1.15,36.16],[-1.88,34.81],[-5.28,34.94],[-6.11,34.61],[-6.73,33.59],[-7.47,33.26],[-7.88,33.52],[-6.61,34.16],[-5.88,35.77],[-5.34,35.84],[-4.75,35.19],[-2.84,35.45],[-2.66,35.07],[-1.89,35.07],[0.68,36.42],[3.46,36.87],[5.56,36.67],[6.33,37.06],[8.52,36.87],[10.23,37.25],[10.23,36.8],[11.01,37.0],[10.46,35.9],[11.08,35.58],[11.08,35.0],[10.0,34.29]]],[[[14.57,35.97],[14.57,35.77],[14.34,35.84],[14.57,35.97]]],[[[23.12,36.35],[23.11,36.16],[22.87,36.16],[23.12,36.35]]],[[[20.93,37.9],[20.92,37.64],[20.61,37.71],[20.93,37.9]]],[[[20.57,38.42],[20.79,38.09],[20.32,38.16],[20.57,38.42]]],[[[1.26,39.13],[1.65,39.13],[1.66,39.0],[1.27,38.8],[1.26,39.13]]],[[[20.15,39.58],[20.07,39.58],[20.07,39.64],[20.15,39.58]]],[[[2.35,39.45],[2.34,39.64],[3.19,39.97],[3.52,39.77],[3.3,39.32],[2.35,39.45]]],[[[4.22,40.1],[4.3,39.84],[3.83,39.9],[4.22,40.1]]],[[[9.59,39.13],[8.34,39.0],[8.15,40.94],[9.5,41.2],[9.59,39.13]]],[[[22.57,40.55],[22.61,39.9],[23.14,39.45],[22.8,39.06],[23.49,38.87],[22.94,38.74],[24.03,38.67],[23.98,37.84],[23.04,37.9],[23.4,37.32],[22.71,37.58],[23.06,36.67],[22.36,36.67],[22.22,37.06],[21.74,36.87],[21.7,37.51],[21.24,37.84],[21.74,38.35],[21.19,38.42],[20.15,39.71],[19.76,39.64],[20.01,39.97],[19.25,40.61],[19.54,41.78],[17.99,42.82],[17.51,42.76],[17.05,43.41],[15.93,43.47],[14.6,45.37],[13.78,44.91],[13.71,45.76],[13.14,45.82],[12.16,45.5],[12.31,44.19],[13.67,43.41],[14.37,42.24],[16.12,41.91],[15.94,41.39],[18.44,40.16],[18.11,39.9],[17.35,40.55],[16.62,40.29],[16.45,39.64],[17.14,39.06],[15.93,37.96],[15.39,38.16],[15.05,36.74],[12.49,37.9],[15.86,38.29],[16.27,38.93],[15.75,40.03],[12.6,41.52],[10.54,43.08],[10.21,43.99],[9.16,44.45],[8.43,44.39],[8.03,43.93],[7.15,43.73],[6.28,43.15],[4.17,43.6],[3.14,43.28],[3.12,41.91],[0.7,40.94],[-0.35,39.71],[0.1,38.74],[-0.66,38.29],[-0.7,37.64],[-1.71,37.45],[-2.06,36.8],[-4.47,36.74],[-5.66,36.03],[-6.84,37.25],[-9.0,37.0],[-8.82,38.48],[-9.21,38.42],[-9.57,38.93],[-8.73,40.74],[-8.96,42.17],[-8.66,42.37],[-9.28,42.89],[-9.16,43.28],[-8.24,43.73],[-3.3,43.34],[-1.69,43.34],[-1.39,43.67],[-1.03,45.5],[-1.25,46.28],[-2.84,47.6],[-4.42,47.8],[-4.91,48.52],[-3.46,48.92],[-1.6,48.65],[-2.03,49.78],[0.01,49.38],[0.22,49.85],[1.45,50.25],[1.66,51.05],[3.41,51.45],[4.06,52.12],[6.54,51.65],[7.67,50.45],[7.68,49.91],[8.35,49.65],[7.63,48.32],[7.64,47.53],[11.86,49.18],[14.26,48.26],[16.66,48.32],[17.71,47.73],[18.87,47.8],[19.19,47.47],[18.84,47.07],[19.0,45.37],[20.06,45.37],[20.75,44.71],[22.69,44.65],[22.9,43.08],[22.37,42.3],[22.96,41.59],[24.45,41.33],[24.51,41.0],[23.7,40.81],[23.74,40.23],[22.57,40.55]],[[4.33,51.71],[4.27,51.18],[5.2,51.05],[5.86,51.58],[4.33,51.71]]],[[[9.1,41.33],[8.62,41.72],[8.53,42.5],[9.49,43.02],[9.58,41.98],[9.1,41.33]]],[[[10.46,42.89],[10.46,42.69],[10.21,42.69],[10.46,42.89]]],[[[7.23,43.73],[7.23,43.6],[7.15,43.6],[7.23,43.73]]],[[[14.51,44.91],[14.5,44.52],[14.26,44.58],[14.51,44.91]]],[[[1.09,53.06],[1.72,52.72],[1.59,52.12],[0.52,51.51],[1.38,51.38],[1.31,51.11],[0.49,50.78],[-1.37,50.85],[-1.18,50.58],[-3.13,50.71],[-3.58,50.25],[-5.75,50.05],[-4.2,51.31],[-3.09,51.25],[-2.95,51.45],[-5.26,51.71],[-5.22,52.05],[-4.16,52.45],[-4.3,52.92],[-4.79,52.79],[-4.49,53.12],[-4.7,53.46],[-3.15,53.46],[-2.97,54.14],[-3.59,54.27],[-3.57,54.89],[-1.61,55.36],[-1.29,54.68],[-0.2,54.21],[0.3,53.39],[0.17,52.86],[1.09,53.06]]],[[[33.04,34.55],[32.23,34.94],[34.54,35.71],[34.09,35.0],[33.04,34.55]]],[[[25.68,35.13],[26.23,35.19],[24.82,35.0],[23.62,35.52],[25.68,35.13]]],[[[28.02,36.48],[28.25,36.48],[28.14,36.03],[27.74,35.9],[28.02,36.48]]],[[[27.19,36.8],[26.87,36.67],[27.04,36.93],[27.19,36.8]]],[[[25.57,37.13],[25.56,37.0],[25.33,37.0],[25.57,37.13]]],[[[24.36,37.71],[24.43,37.58],[24.27,37.51],[24.36,37.71]]],[[[25.22,37.71],[25.29,37.51],[25.05,37.51],[25.22,37.71]]],[[[26.31,37.71],[26.3,37.58],[25.99,37.51],[26.31,37.71]]],[[[24.77,38.03],[25.07,37.77],[24.83,37.71],[24.77,38.03]]],[[[26.22,38.55],[26.11,38.16],[25.88,38.16],[26.22,38.55]]],[[[23.56,38.74],[23.48,38.74],[23.49,38.8],[23.56,38.74]]],[[[24.67,38.93],[24.66,38.74],[24.36,38.87],[24.67,38.93]]],[[[25.79,39.19],[26.04,39.38],[26.64,39.0],[25.79,39.19]]],[[[25.46,40.03],[25.45,39.84],[24.97,39.84],[25.46,40.03]]],[[[26.04,40.29],[26.02,40.16],[25.7,40.1],[26.04,40.29]]],[[[24.81,40.81],[24.79,40.61],[24.55,40.55],[24.81,40.81]]]]}},{"type":"Feature","properties":{"n":"Himyarite Kingdom","f":378,"t":533,"w":"Q289577"},"geometry":{"type":"MultiPolygon","coordinates":[[[[45.58,15.84],[51.08,16.68],[52.38,16.29],[52.1,15.46],[49.41,14.69],[48.79,14.04],[45.74,13.34],[45.05,12.76],[43.44,12.69],[42.49,17.19],[43.55,17.77],[43.95,16.94],[45.58,15.84]]],[[[46.63,16.23],[46.71,16.23],[46.7,16.16],[46.63,16.23]]],[[[43.74,18.48],[43.75,18.54],[43.9,18.61],[43.74,18.48]]]]}},{"type":"Feature","properties":{"n":"Gupta Empire","f":378,"t":382,"w":"Q11774"},"geometry":{"type":"MultiPolygon","coordinates":[[[[91.03,22.14],[91.06,22.34],[91.28,22.34],[91.03,22.14]]],[[[81.29,22.14],[81.92,22.46],[82.63,23.81],[80.99,23.81],[78.58,24.71],[78.17,25.49],[76.52,25.49],[73.94,24.71],[72.81,25.16],[71.34,24.84],[70.63,25.68],[68.81,26.07],[67.21,25.29],[67.5,25.81],[66.93,28.57],[67.32,29.99],[69.11,31.79],[70.7,32.43],[72.14,34.04],[73.26,33.91],[73.72,34.81],[74.63,34.16],[75.27,33.01],[76.46,32.24],[79.18,31.46],[79.87,30.5],[80.17,28.7],[81.61,27.99],[83.02,28.25],[85.25,27.74],[85.79,26.64],[88.55,26.58],[90.15,26.13],[89.91,25.64],[90.3,25.28],[92.48,25.16],[91.03,24.97],[91.35,24.2],[92.25,24.26],[92.76,21.24],[92.33,21.37],[92.12,20.92],[91.5,22.79],[90.23,21.76],[89.9,22.01],[88.73,21.63],[88.64,22.08],[88.35,21.56],[88.1,21.95],[87.07,21.44],[87.03,20.6],[86.42,19.89],[85.37,19.83],[84.38,18.41],[82.45,17.13],[82.38,16.55],[80.38,15.71],[80.14,12.44],[79.44,12.89],[79.3,14.49],[79.53,16.04],[80.25,17.24],[81.16,17.74],[80.5,18.78],[81.29,22.14]]],[[[73.73,34.87],[73.81,34.87],[73.79,34.81],[73.73,34.87]]]]}},{"type":"Feature","properties":{"n":"Gothia","f":378,"t":382,"w":"Q422253"},"geometry":{"type":"MultiPolygon","coordinates":[[[[26.6,40.48],[26.68,40.42],[26.26,40.1],[26.6,40.48]]],[[[29.53,44.91],[28.8,44.97],[28.48,43.47],[27.51,42.63],[28.29,41.59],[28.08,41.0],[27.53,41.07],[26.84,40.48],[22.96,41.59],[22.37,42.3],[22.9,43.08],[22.69,44.65],[20.75,44.71],[20.0,45.82],[20.19,46.22],[21.74,46.15],[22.95,48.19],[22.85,48.92],[24.62,48.26],[26.17,45.5],[29.58,45.37],[29.53,44.91]]]]}},{"type":"Feature","properties":{"n":"Former Qin","f":378,"t":382,"w":"Q1471995"},"geometry":{"type":"Polygon","coordinates":[[[123.17,41.91],[125.08,40.74],[124.23,39.84],[122.94,39.64],[121.42,38.74],[121.03,38.74],[121.69,39.38],[121.21,39.51],[122.23,40.48],[121.82,40.87],[121.11,40.87],[118.99,39.19],[117.78,39.13],[117.77,38.35],[119.46,37.96],[119.16,37.19],[120.75,37.9],[122.71,37.45],[122.5,36.87],[120.98,36.61],[119.62,35.52],[119.23,34.81],[120.43,34.04],[117.35,33.26],[114.08,33.14],[111.24,32.3],[109.58,32.56],[107.91,30.56],[104.3,28.89],[103.55,27.74],[102.85,27.67],[102.52,28.44],[100.99,28.64],[100.9,30.24],[101.69,32.75],[103.21,33.39],[103.49,33.97],[103.74,35.45],[103.36,36.87],[102.1,37.77],[101.7,37.58],[100.87,38.03],[100.41,38.61],[99.81,38.48],[99.2,39.26],[97.91,39.0],[96.76,39.45],[96.7,38.74],[96.36,38.67],[95.32,39.38],[93.3,39.45],[93.09,39.9],[93.85,40.74],[96.93,41.07],[100.89,39.71],[106.95,39.84],[113.0,40.55],[117.46,42.24],[117.78,42.24],[117.87,41.59],[121.02,41.26],[123.17,41.91]]]}},{"type":"Feature","properties":{"n":"Silla","f":378,"t":533,"w":"Q28456"},"geometry":{"type":"Polygon","coordinates":[[[127.85,35.9],[127.99,36.8],[129.43,37.32],[129.35,35.32],[127.85,35.9]]]}},{"type":"Feature","properties":{"n":"Roman Empire","f":383,"t":386,"w":"Q12544"},"geometry":{"type":"MultiPolygon","coordinates":[[[[10.0,34.29],[10.24,33.71],[12.23,32.81],[13.76,32.88],[15.21,32.36],[15.65,31.4],[17.47,31.08],[18.87,30.25],[20.2,30.89],[20.02,32.24],[21.88,32.94],[23.09,32.62],[23.3,32.17],[24.89,31.98],[25.25,31.46],[26.85,31.46],[28.87,30.82],[30.97,31.66],[32.83,31.01],[33.98,31.14],[34.63,31.66],[35.64,34.36],[36.05,34.55],[35.84,36.29],[36.29,36.8],[34.58,36.87],[33.98,36.29],[32.71,36.03],[31.09,36.93],[29.94,36.22],[29.24,36.22],[29.12,36.74],[28.59,36.87],[28.03,36.67],[28.07,37.13],[27.22,37.32],[27.28,38.03],[26.43,38.22],[26.38,38.67],[27.06,38.35],[26.85,39.58],[26.13,39.51],[26.6,40.48],[29.05,40.36],[28.91,40.61],[29.48,40.74],[28.17,41.13],[26.92,40.48],[25.38,41.0],[23.7,40.81],[23.74,40.23],[22.65,40.61],[22.61,39.9],[23.14,39.45],[22.8,39.06],[23.49,38.87],[22.94,38.74],[24.03,38.67],[24.16,38.22],[23.98,37.84],[23.04,37.9],[23.4,37.32],[22.71,37.58],[23.06,36.67],[22.36,36.67],[22.22,37.06],[21.74,36.87],[21.7,37.51],[21.24,37.84],[21.74,38.35],[21.19,38.42],[20.15,39.71],[19.76,39.64],[20.01,39.97],[19.25,40.61],[19.54,41.78],[17.99,42.82],[17.51,42.76],[17.05,43.41],[15.93,43.47],[14.6,45.37],[13.78,44.91],[13.71,45.76],[13.14,45.82],[12.16,45.5],[12.31,44.19],[13.67,43.41],[14.61,42.11],[16.12,41.91],[15.94,41.39],[18.44,40.16],[18.11,39.9],[17.35,40.55],[16.62,40.29],[16.45,39.64],[17.14,39.06],[15.93,37.96],[15.39,38.16],[15.05,36.74],[12.49,37.9],[15.86,38.29],[16.27,38.93],[15.75,40.03],[11.26,42.43],[10.13,44.06],[8.59,44.45],[6.28,43.15],[4.17,43.6],[3.14,43.28],[3.12,41.91],[0.7,40.94],[-0.13,40.03],[-0.31,39.13],[0.1,38.74],[-0.66,38.29],[-0.7,37.64],[-1.71,37.45],[-2.06,36.8],[-4.47,36.74],[-5.66,36.03],[-6.84,37.25],[-9.0,37.0],[-8.82,38.48],[-9.21,38.42],[-9.57,38.93],[-8.73,40.74],[-8.96,42.17],[-8.66,42.37],[-9.3,43.15],[-8.24,43.73],[-1.69,43.34],[-1.03,45.5],[-1.25,46.28],[-2.84,47.6],[-4.42,47.8],[-4.91,48.52],[-3.46,48.92],[-1.6,48.65],[-2.03,49.78],[0.01,49.38],[0.22,49.85],[1.45,50.25],[1.66,51.05],[3.41,51.45],[4.06,52.12],[6.54,51.65],[7.67,50.45],[7.68,49.91],[8.35,49.65],[7.56,47.6],[8.47,47.6],[9.12,48.19],[11.86,49.18],[14.26,48.26],[16.66,48.32],[17.71,47.73],[19.03,47.66],[19.0,45.37],[20.06,45.37],[20.75,44.71],[22.69,44.65],[22.5,44.32],[22.95,43.8],[24.15,43.67],[27.49,44.06],[27.94,44.52],[27.87,45.37],[29.58,45.43],[29.53,44.91],[28.8,44.97],[28.48,43.47],[27.51,42.63],[27.98,41.65],[28.96,41.13],[31.18,41.07],[32.63,41.91],[34.88,42.04],[35.95,41.72],[36.21,41.26],[38.3,40.87],[40.37,40.94],[41.84,41.65],[41.45,40.74],[40.4,40.1],[38.79,39.9],[38.74,39.58],[40.55,39.51],[40.57,38.03],[41.12,38.03],[41.21,37.0],[41.68,36.42],[41.09,36.03],[41.11,35.0],[40.1,34.29],[39.12,34.49],[37.99,33.97],[36.9,33.07],[35.2,28.06],[34.59,28.06],[34.91,29.41],[34.12,27.74],[32.44,29.79],[35.15,24.65],[35.86,24.01],[35.55,23.81],[31.67,23.75],[30.46,23.36],[28.57,24.65],[28.15,27.35],[25.37,29.28],[21.94,30.56],[18.28,30.05],[15.18,30.89],[13.83,32.11],[11.77,32.3],[9.63,33.14],[8.85,34.74],[7.99,35.07],[7.59,36.61],[1.15,36.16],[-1.88,34.81],[-5.28,34.94],[-6.11,34.61],[-6.73,33.59],[-7.47,33.26],[-7.88,33.52],[-6.61,34.16],[-5.88,35.77],[-5.34,35.84],[-4.75,35.19],[-2.84,35.45],[-2.66,35.07],[-1.89,35.07],[0.68,36.42],[3.46,36.87],[5.56,36.67],[6.33,37.06],[8.52,36.87],[10.23,37.25],[10.23,36.8],[11.01,37.0],[10.46,35.9],[11.08,35.58],[11.08,35.0],[10.0,34.29]],[[4.33,51.71],[4.27,51.18],[5.2,51.05],[5.86,51.58],[4.33,51.71]]],[[[14.57,35.97],[14.57,35.77],[14.34,35.84],[14.57,35.97]]],[[[23.12,36.35],[23.11,36.16],[22.87,36.16],[23.12,36.35]]],[[[20.93,37.9],[20.92,37.64],[20.61,37.71],[20.93,37.9]]],[[[20.57,38.42],[20.79,38.09],[20.32,38.16],[20.57,38.42]]],[[[23.56,38.74],[23.48,38.74],[23.49,38.8],[23.56,38.74]]],[[[1.26,39.13],[1.65,39.13],[1.66,39.0],[1.27,38.8],[1.26,39.13]]],[[[20.15,39.58],[20.07,39.58],[20.07,39.64],[20.15,39.58]]],[[[2.35,39.45],[2.34,39.64],[3.19,39.97],[3.52,39.77],[3.3,39.32],[2.35,39.45]]],[[[4.22,40.1],[4.3,39.84],[3.83,39.9],[4.22,40.1]]],[[[9.59,39.13],[8.34,39.0],[8.15,40.94],[9.5,41.2],[9.59,39.13]]],[[[9.1,41.33],[8.62,41.72],[8.53,42.5],[9.49,43.02],[9.58,41.98],[9.1,41.33]]],[[[10.46,42.89],[10.46,42.69],[10.21,42.69],[10.46,42.89]]],[[[14.51,44.91],[14.5,44.52],[14.26,44.58],[14.51,44.91]]],[[[1.72,52.72],[1.59,52.12],[0.52,51.51],[1.38,51.38],[1.31,51.11],[-2.61,50.58],[-3.26,51.18],[-2.95,51.51],[-3.88,51.51],[-1.6,53.39],[-2.1,55.02],[-3.21,54.82],[-2.82,55.23],[-1.61,55.36],[-1.29,54.68],[-0.2,54.21],[0.3,53.39],[0.07,52.99],[1.72,52.72]]],[[[33.04,34.55],[32.23,34.94],[34.54,35.71],[34.09,35.0],[33.04,34.55]]],[[[25.68,35.13],[26.23,35.19],[24.82,35.0],[23.62,35.52],[25.68,35.13]]],[[[28.02,36.48],[28.25,36.48],[28.14,36.03],[27.74,35.9],[28.02,36.48]]],[[[27.19,36.8],[26.87,36.67],[27.04,36.93],[27.19,36.8]]],[[[25.57,37.13],[25.56,37.0],[25.33,37.0],[25.57,37.13]]],[[[24.36,37.71],[24.43,37.58],[24.27,37.51],[24.36,37.71]]],[[[25.22,37.71],[25.29,37.51],[25.05,37.51],[25.22,37.71]]],[[[26.31,37.71],[26.3,37.58],[25.99,37.51],[26.31,37.71]]],[[[24.77,38.03],[25.07,37.77],[24.83,37.71],[24.77,38.03]]],[[[26.22,38.55],[26.11,38.16],[25.88,38.16],[26.22,38.55]]],[[[24.67,38.93],[24.66,38.74],[24.36,38.87],[24.67,38.93]]],[[[25.79,39.19],[26.04,39.38],[26.64,39.0],[25.79,39.19]]],[[[25.46,40.03],[25.45,39.84],[24.97,39.84],[25.46,40.03]]],[[[26.04,40.29],[26.02,40.16],[25.7,40.1],[26.04,40.29]]],[[[24.81,40.81],[24.79,40.61],[24.55,40.55],[24.81,40.81]]]]}},{"type":"Feature","properties":{"n":"Western Satraps","f":383,"t":406,"w":"Q2086608"},"geometry":{"type":"Polygon","coordinates":[[[72.73,19.38],[72.9,20.92],[72.53,22.27],[72.11,21.89],[72.1,21.11],[71.09,20.66],[70.3,20.86],[68.95,22.21],[70.37,22.91],[68.81,22.98],[66.64,24.91],[68.81,26.07],[70.63,25.68],[71.34,24.84],[72.81,25.16],[73.94,24.71],[76.52,25.49],[78.17,25.49],[78.58,24.71],[80.58,24.14],[81.31,23.43],[80.99,22.14],[80.26,21.63],[80.23,22.2],[77.19,22.86],[74.31,22.06],[74.04,19.83],[72.73,19.38]]]}},{"type":"Feature","properties":{"n":"Huns","f":383,"t":394,"w":"Q45813"},"geometry":{"type":"MultiPolygon","coordinates":[[[[44.7,43.67],[44.78,43.67],[44.76,43.6],[44.7,43.67]]],[[[36.42,45.43],[36.37,45.1],[35.41,45.17],[33.93,44.45],[33.52,44.45],[33.61,45.1],[32.6,45.43],[34.15,46.09],[35.02,45.3],[36.42,45.43]]],[[[29.66,45.37],[29.58,45.37],[29.58,45.43],[29.66,45.37]]],[[[53.1,46.02],[53.18,46.02],[53.17,45.96],[53.1,46.02]]],[[[46.63,44.45],[47.41,43.54],[46.29,43.99],[44.13,43.67],[42.57,44.78],[38.75,44.25],[36.78,45.1],[36.75,45.43],[37.7,45.3],[37.59,45.63],[38.37,46.35],[37.84,46.61],[39.13,46.94],[39.2,47.33],[35.63,46.68],[34.74,46.15],[32.68,46.09],[31.82,46.35],[32.03,46.74],[30.88,46.68],[29.58,45.43],[27.87,45.37],[27.83,44.19],[25.43,43.6],[22.95,43.8],[22.5,44.32],[22.69,44.65],[20.75,44.71],[20.0,45.82],[20.19,46.22],[21.74,46.15],[22.95,48.19],[22.66,49.71],[24.36,50.85],[27.51,51.05],[32.2,50.25],[35.68,51.38],[36.77,51.31],[37.73,50.65],[38.39,50.11],[38.77,49.05],[39.51,48.59],[44.96,48.46],[46.59,47.6],[46.43,47.27],[47.46,46.35],[49.97,47.6],[52.02,47.86],[53.24,47.8],[54.52,46.74],[54.29,45.56],[53.67,45.37],[53.06,45.56],[53.35,46.35],[53.11,47.01],[51.58,47.14],[49.3,46.55],[47.33,45.43],[46.63,44.45]]],[[[32.56,50.45],[32.55,50.38],[32.47,50.38],[32.56,50.45]]]]}},{"type":"Feature","properties":{"n":"Dongye","f":383,"t":386,"w":"Q105946539"},"geometry":{"type":"Polygon","coordinates":[[[127.99,36.8],[127.61,38.29],[126.94,38.35],[126.85,39.19],[127.59,39.51],[127.48,39.19],[129.39,37.38],[127.99,36.8]]]}},{"type":"Feature","properties":{"n":"(Alliance between Gupta Empire and Vakataka Kingdom)","f":383,"t":386,"w":"Q11774"},"geometry":{"type":"MultiPolygon","coordinates":[[[[77.06,17.85],[75.82,18.72],[74.47,19.01],[73.91,20.57],[74.31,22.06],[77.19,22.86],[80.23,22.2],[80.26,21.32],[80.27,21.24],[81.19,22.53],[81.31,23.43],[80.58,24.14],[78.58,24.71],[78.17,25.49],[76.52,25.49],[73.94,24.71],[72.81,25.16],[71.34,24.84],[70.63,25.68],[68.81,26.07],[67.21,25.29],[67.5,25.81],[66.93,28.57],[67.32,29.99],[69.11,31.79],[70.7,32.43],[72.14,34.04],[73.26,33.91],[73.72,34.81],[74.63,34.16],[75.27,33.01],[76.46,32.24],[79.18,31.46],[79.87,30.5],[80.17,28.7],[81.61,27.99],[83.02,28.25],[85.25,27.74],[85.79,26.64],[88.55,26.58],[90.15,26.13],[89.91,25.64],[90.3,25.28],[92.48,25.16],[91.03,24.97],[91.35,24.2],[92.25,24.26],[92.76,21.24],[92.33,21.37],[92.12,20.92],[91.5,22.79],[90.23,21.76],[89.9,22.01],[88.73,21.63],[88.64,22.08],[88.35,21.56],[88.1,21.95],[87.07,21.44],[87.03,20.6],[86.42,19.89],[85.37,19.83],[84.38,18.41],[82.45,17.13],[82.38,16.55],[80.38,15.71],[80.14,12.44],[79.44,12.89],[79.3,14.49],[79.53,16.04],[80.25,17.24],[79.25,16.63],[78.64,15.12],[77.45,15.17],[77.5,17.03],[77.06,17.85]],[[80.69,20.02],[80.56,19.25],[81.04,20.73],[80.66,21.24],[80.32,20.99],[80.69,20.02]]],[[[91.06,22.34],[91.28,22.34],[91.26,22.21],[91.06,22.34]]],[[[73.73,34.87],[73.81,34.87],[73.79,34.81],[73.73,34.87]]]]}},{"type":"Feature","properties":{"n":"Former Qin","f":383,"t":386,"w":"Q1471995"},"geometry":{"type":"Polygon","coordinates":[[[123.17,41.91],[125.08,40.74],[124.23,39.84],[122.94,39.64],[121.42,38.74],[121.03,38.74],[121.69,39.38],[121.21,39.51],[122.23,40.48],[121.82,40.87],[121.11,40.87],[118.99,39.19],[117.78,39.13],[117.68,38.48],[115.68,37.25],[115.34,35.45],[114.73,35.13],[113.44,32.88],[110.17,32.3],[109.16,32.88],[107.65,32.94],[107.54,33.26],[104.44,31.85],[103.55,32.36],[101.38,32.04],[101.69,32.75],[103.21,33.39],[103.49,33.97],[103.74,35.45],[103.21,37.06],[100.87,38.03],[100.41,38.61],[99.81,38.48],[99.2,39.26],[97.91,39.0],[96.76,39.45],[96.7,38.74],[96.36,38.67],[95.32,39.38],[93.3,39.45],[93.09,39.9],[93.36,40.55],[95.23,41.0],[96.93,41.07],[100.89,39.71],[106.95,39.84],[113.0,40.55],[117.46,42.24],[117.78,42.24],[117.87,41.59],[121.02,41.26],[123.17,41.91]]]}},{"type":"Feature","properties":{"n":"Gupta Empire","f":383,"t":386,"w":"Q11774"},"geometry":{"type":"MultiPolygon","coordinates":[[[[91.03,22.14],[91.06,22.34],[91.28,22.34],[91.03,22.14]]],[[[81.31,23.43],[80.58,24.14],[78.58,24.71],[78.17,25.49],[76.52,25.49],[73.94,24.71],[72.81,25.16],[71.34,24.84],[70.63,25.68],[68.81,26.07],[67.21,25.29],[67.5,25.81],[66.93,28.57],[67.32,29.99],[69.11,31.79],[70.7,32.43],[72.14,34.04],[73.26,33.91],[73.72,34.81],[74.63,34.16],[75.27,33.01],[76.46,32.24],[79.18,31.46],[79.87,30.5],[80.17,28.7],[81.61,27.99],[83.02,28.25],[85.25,27.74],[85.79,26.64],[88.55,26.58],[90.15,26.13],[89.91,25.64],[90.3,25.28],[92.48,25.16],[91.03,24.97],[91.35,24.2],[92.25,24.26],[92.76,21.24],[92.33,21.37],[92.12,20.92],[91.5,22.79],[90.23,21.76],[89.9,22.01],[88.73,21.63],[88.64,22.08],[88.35,21.56],[88.1,21.95],[87.07,21.44],[87.03,20.6],[86.42,19.89],[85.37,19.83],[84.38,18.41],[82.45,17.13],[82.38,16.55],[80.38,15.71],[80.14,12.44],[79.44,12.89],[79.3,14.49],[79.53,16.04],[80.25,17.24],[81.16,17.74],[80.5,18.78],[81.04,20.73],[80.25,21.63],[81.19,22.53],[81.31,23.43]]],[[[73.73,34.87],[73.81,34.87],[73.79,34.81],[73.73,34.87]]]]}},{"type":"Feature","properties":{"n":"Goguryeo","f":383,"t":386,"w":"Q28370"},"geometry":{"type":"Polygon","coordinates":[[[129.76,40.87],[126.96,39.38],[126.94,38.35],[126.35,37.84],[125.23,37.64],[124.76,38.09],[125.39,39.38],[124.27,39.9],[125.08,41.0],[123.13,41.85],[126.47,42.82],[130.92,42.89],[129.74,41.72],[129.76,40.87]]]}},{"type":"Feature","properties":{"n":"Western Jin","f":383,"t":386,"w":"Q7352"},"geometry":{"type":"MultiPolygon","coordinates":[[[[108.76,18.41],[108.7,19.38],[109.25,19.96],[110.91,20.15],[111.03,19.57],[110.18,18.48],[108.76,18.41]]],[[[119.7,37.19],[120.75,37.9],[122.71,37.45],[122.39,36.8],[120.98,36.61],[119.23,34.81],[120.34,34.36],[120.92,32.62],[121.96,31.98],[121.84,31.66],[120.92,31.85],[122.0,31.08],[120.68,30.18],[121.48,30.31],[122.03,29.92],[121.94,29.22],[121.74,29.54],[121.57,29.47],[121.65,28.32],[121.12,28.32],[119.59,26.13],[119.53,25.62],[119.87,25.49],[119.27,25.49],[118.76,24.59],[118.15,24.52],[116.54,22.91],[114.64,22.72],[114.37,22.08],[113.6,22.72],[113.64,22.14],[110.42,21.18],[110.49,20.28],[109.88,20.21],[109.81,21.5],[108.65,21.69],[106.96,20.92],[105.97,19.83],[105.73,18.86],[106.96,17.32],[106.4,17.0],[105.14,18.41],[104.98,20.15],[104.44,20.47],[105.1,20.86],[104.87,22.21],[105.69,23.04],[102.85,23.43],[101.81,24.26],[101.46,25.16],[100.88,29.34],[101.38,32.04],[103.55,32.36],[104.44,31.85],[107.54,33.26],[107.65,32.94],[109.16,32.88],[110.17,32.3],[113.44,32.88],[114.73,35.13],[115.34,35.45],[115.5,36.87],[116.13,37.71],[117.76,38.48],[119.46,37.96],[118.98,37.32],[119.7,37.19]]],[[[122.28,29.99],[121.98,29.99],[122.05,30.18],[122.28,29.99]]]]}},{"type":"Feature","properties":{"n":"Sasanian Empire","f":387,"t":395,"w":"Q1661685"},"geometry":{"type":"MultiPolygon","coordinates":[[[[51.14,25.49],[51.21,25.49],[51.21,25.42],[51.14,25.49]]],[[[50.43,25.94],[50.46,26.26],[50.69,26.26],[50.43,25.94]]],[[[58.33,40.42],[59.77,40.16],[59.77,39.84],[60.71,39.51],[62.58,40.03],[65.11,38.55],[64.9,35.07],[66.99,33.33],[68.38,32.69],[69.02,31.72],[67.21,29.79],[66.93,28.57],[67.5,25.81],[67.11,25.1],[66.64,24.91],[66.35,25.55],[62.02,25.04],[57.96,25.55],[57.18,25.94],[56.71,27.16],[55.44,26.52],[55.54,26.77],[54.83,26.45],[53.66,26.71],[51.32,27.99],[50.06,30.18],[48.94,30.31],[47.85,29.41],[48.87,27.67],[50.13,26.77],[50.07,26.07],[50.65,25.1],[51.12,26.13],[51.7,25.87],[51.41,24.33],[51.91,24.01],[54.08,24.14],[56.48,26.39],[56.4,24.97],[56.79,24.33],[58.81,23.62],[59.27,22.91],[56.81,23.75],[56.09,24.84],[54.27,23.75],[51.88,23.69],[51.1,24.2],[51.32,25.87],[50.62,24.65],[49.67,25.87],[49.88,26.45],[48.55,27.48],[47.53,29.28],[47.65,29.67],[45.77,30.44],[44.81,31.34],[44.73,31.98],[43.9,32.04],[43.15,32.81],[40.1,34.29],[41.11,35.0],[41.09,36.03],[41.66,36.29],[41.12,38.03],[44.02,37.58],[44.99,39.26],[46.34,38.87],[47.12,39.71],[48.3,39.71],[48.92,39.19],[49.09,37.51],[52.19,36.55],[54.03,36.87],[54.09,37.19],[53.99,39.0],[53.14,39.45],[53.54,39.51],[53.5,40.03],[52.72,40.1],[52.89,40.87],[57.24,40.16],[58.33,40.42]]],[[[47.05,39.77],[47.13,39.77],[47.12,39.71],[47.05,39.77]]]]}},{"type":"Feature","properties":{"n":"Gupta Empire","f":387,"t":409,"w":"Q11774"},"geometry":{"type":"MultiPolygon","coordinates":[[[[91.03,22.14],[91.06,22.34],[91.28,22.34],[91.03,22.14]]],[[[81.31,23.43],[80.58,24.14],[78.58,24.71],[78.17,25.49],[76.52,25.49],[73.94,24.71],[72.81,25.16],[71.34,24.84],[70.63,25.68],[68.81,26.07],[67.21,25.29],[67.5,25.81],[66.93,28.57],[67.21,29.79],[69.02,31.72],[70.7,32.43],[72.14,34.04],[73.17,33.84],[73.72,34.81],[74.63,34.16],[75.27,33.01],[76.46,32.24],[79.18,31.46],[79.87,30.5],[80.17,28.7],[81.61,27.99],[83.02,28.25],[85.25,27.74],[85.79,26.64],[88.55,26.58],[90.15,26.13],[89.91,25.64],[90.3,25.28],[92.48,25.16],[91.03,24.97],[91.35,24.2],[92.25,24.26],[92.76,21.24],[92.33,21.37],[92.12,20.92],[91.5,22.79],[90.23,21.76],[89.9,22.01],[88.73,21.63],[88.64,22.08],[88.35,21.56],[88.1,21.95],[87.07,21.44],[87.03,20.6],[86.42,19.89],[85.37,19.83],[84.38,18.41],[82.45,17.13],[82.38,16.55],[80.38,15.71],[80.14,12.44],[79.44,12.89],[79.3,14.49],[79.53,16.04],[80.25,17.24],[81.16,17.74],[80.5,18.78],[81.04,20.73],[80.25,21.63],[81.19,22.53],[81.31,23.43]]],[[[73.73,34.87],[73.81,34.87],[73.79,34.81],[73.73,34.87]]]]}},{"type":"Feature","properties":{"n":"Kidarites","f":387,"t":389,"w":"Q26996"},"geometry":{"type":"MultiPolygon","coordinates":[[[[72.23,36.55],[72.47,35.97],[73.73,34.87],[73.37,34.04],[72.77,33.78],[72.14,34.04],[70.7,32.43],[69.67,31.91],[69.02,31.72],[68.38,32.69],[66.99,33.33],[64.9,35.07],[64.76,36.16],[65.3,38.67],[73.69,39.45],[73.49,38.55],[72.23,36.55]]],[[[72.5,36.1],[72.52,36.16],[72.6,36.16],[72.5,36.1]]]]}},{"type":"Feature","properties":{"n":"Western Qin","f":387,"t":393,"w":"Q1668970"},"geometry":{"type":"Polygon","coordinates":[[[106.37,33.65],[105.7,33.07],[103.21,33.39],[103.7,35.77],[104.74,37.0],[106.92,37.0],[107.45,36.22],[106.93,35.9],[106.28,34.42],[106.37,33.65]]]}},{"type":"Feature","properties":{"n":"Northern Wei","f":387,"t":393,"w":"Q875305"},"geometry":{"type":"Polygon","coordinates":[[[122.93,41.91],[121.02,41.26],[117.48,41.33],[114.96,39.77],[112.58,39.58],[111.55,38.61],[110.4,38.16],[106.25,37.45],[107.52,39.38],[107.23,39.77],[111.57,40.68],[113.82,42.17],[117.89,43.21],[123.56,43.41],[122.93,41.91]]]}},{"type":"Feature","properties":{"n":"Wusun","f":387,"t":401,"w":"Q854062"},"geometry":{"type":"Polygon","coordinates":[[[80.05,42.43],[76.98,41.46],[75.76,42.5],[75.77,42.95],[78.63,42.89],[80.05,42.43]]]}},{"type":"Feature","properties":{"n":"Western Yan","f":387,"t":389,"w":"Q1149230"},"geometry":{"type":"Polygon","coordinates":[[[113.6,36.1],[110.54,35.07],[111.02,36.22],[110.73,37.0],[111.0,37.77],[112.58,39.58],[113.73,39.51],[114.83,39.97],[114.91,39.51],[114.09,39.0],[114.44,38.42],[113.6,36.1]]]}},{"type":"Feature","properties":{"n":"Former Qin","f":387,"t":389,"w":"Q1471995"},"geometry":{"type":"Polygon","coordinates":[[[113.6,36.1],[114.44,38.09],[117.65,38.74],[117.14,38.03],[115.68,37.25],[115.36,35.52],[114.73,35.13],[113.44,32.88],[110.17,32.3],[109.16,32.88],[107.65,32.94],[107.48,33.33],[106.03,33.33],[106.7,35.32],[110.54,35.07],[113.6,36.1]]]}},{"type":"Feature","properties":{"n":"Kingdom of Armenia","f":387,"t":395,"w":"Q208404"},"geometry":{"type":"Polygon","coordinates":[[[46.34,38.87],[44.99,39.26],[44.02,37.58],[40.91,38.22],[40.98,39.26],[41.67,40.16],[41.53,41.26],[42.62,41.59],[43.34,41.13],[45.11,41.26],[45.59,40.42],[47.04,39.71],[46.34,38.87]]]}},{"type":"Feature","properties":{"n":"Angles","f":387,"t":475,"w":"Q234218"},"geometry":{"type":"Polygon","coordinates":[[[9.23,54.61],[9.23,54.89],[9.93,54.82],[9.93,54.55],[9.23,54.61]]]}},{"type":"Feature","properties":{"n":"Goguryeo","f":387,"t":391,"w":"Q28370"},"geometry":{"type":"Polygon","coordinates":[[[129.76,40.87],[126.96,39.38],[126.94,38.35],[126.35,37.84],[125.23,37.64],[124.76,38.09],[125.39,39.38],[124.27,39.9],[125.04,41.07],[123.13,41.85],[126.47,42.82],[130.92,42.89],[129.74,41.72],[129.76,40.87]]]}},{"type":"Feature","properties":{"n":"Western Jin","f":387,"t":389,"w":"Q7352"},"geometry":{"type":"MultiPolygon","coordinates":[[[[108.76,18.41],[108.7,19.38],[109.25,19.96],[110.91,20.15],[111.03,19.57],[109.86,18.35],[108.76,18.41]]],[[[120.34,34.36],[120.92,32.62],[121.99,31.85],[120.89,31.79],[122.0,31.08],[120.68,30.18],[121.48,30.31],[122.03,29.92],[122.0,29.41],[121.71,29.22],[121.59,29.54],[121.65,28.32],[121.12,28.32],[119.59,26.13],[119.53,25.62],[119.87,25.49],[119.27,25.49],[118.76,24.59],[118.15,24.52],[116.54,22.91],[114.64,22.72],[114.37,22.08],[113.6,22.72],[113.64,22.14],[110.42,21.18],[110.49,20.28],[109.88,20.21],[109.81,21.5],[108.65,21.69],[106.96,20.92],[105.97,19.83],[105.73,18.86],[106.96,17.32],[106.4,17.0],[105.14,18.41],[104.98,20.15],[104.44,20.47],[105.1,20.86],[104.87,22.21],[105.69,23.04],[102.99,23.36],[101.81,24.26],[101.46,25.16],[100.89,29.92],[101.69,32.75],[103.13,33.39],[105.17,33.07],[107.48,33.33],[107.65,32.94],[108.1,33.14],[110.17,32.3],[111.24,32.3],[113.44,32.88],[114.73,35.13],[115.36,35.52],[116.2,34.94],[117.31,35.19],[117.81,34.74],[119.5,35.26],[119.23,34.81],[120.34,34.36]]],[[[122.28,29.99],[121.98,29.99],[122.05,30.18],[122.28,29.99]]],[[[126.95,38.8],[127.03,38.8],[126.99,38.74],[126.95,38.8]]]]}},{"type":"Feature","properties":{"n":"Tuyuhun","f":387,"t":396,"w":"Q1196201"},"geometry":{"type":"MultiPolygon","coordinates":[[[[96.7,38.74],[96.76,39.45],[97.91,39.0],[99.2,39.26],[99.81,38.48],[100.41,38.61],[101.57,37.64],[102.1,37.77],[102.92,36.35],[102.24,35.58],[100.01,35.84],[96.4,36.55],[92.6,37.64],[90.39,38.03],[88.72,38.8],[93.88,39.51],[95.32,39.38],[96.7,38.74]]],[[[91.32,37.77],[91.34,37.84],[91.42,37.84],[91.32,37.77]]]]}},{"type":"Feature","properties":{"n":"Later Liang","f":387,"t":396,"w":"Q2314869"},"geometry":{"type":"Polygon","coordinates":[[[104.61,39.9],[104.61,39.38],[103.67,38.87],[104.21,38.87],[103.71,37.9],[106.05,37.51],[104.4,36.74],[103.28,34.23],[101.61,34.94],[102.92,36.35],[102.1,37.77],[101.57,37.64],[100.41,38.61],[99.81,38.48],[99.2,39.26],[97.91,39.0],[96.76,39.45],[96.7,38.74],[96.36,38.67],[95.32,39.38],[93.3,39.45],[93.09,39.9],[93.36,40.55],[95.23,41.0],[96.93,41.07],[100.89,39.71],[104.61,39.9]]]}},{"type":"Feature","properties":{"n":"Later Yan","f":387,"t":389,"w":"Q1534482"},"geometry":{"type":"MultiPolygon","coordinates":[[[[119.16,37.19],[120.75,37.9],[122.71,37.45],[122.5,36.87],[120.98,36.61],[118.58,34.74],[117.53,34.81],[117.31,35.19],[116.2,34.94],[115.36,35.52],[115.5,36.87],[116.13,37.71],[117.68,38.48],[119.46,37.96],[119.16,37.19]]],[[[124.23,39.84],[122.94,39.64],[121.42,38.74],[121.03,38.74],[121.69,39.38],[121.21,39.51],[122.23,40.48],[121.82,40.87],[121.11,40.87],[119.22,39.32],[117.89,39.19],[116.55,38.42],[114.44,38.09],[114.05,38.74],[116.35,40.87],[117.48,41.33],[121.02,41.26],[123.17,41.91],[125.04,41.07],[124.23,39.84]]],[[[83.03,50.91],[82.86,50.91],[83.01,51.05],[83.03,50.91]]]]}},{"type":"Feature","properties":{"n":"Protectorate of the Western Regions","f":387,"t":401,"w":"Q911440"},"geometry":{"type":"MultiPolygon","coordinates":[[[[93.85,40.74],[93.36,40.55],[93.01,39.32],[86.78,38.42],[85.11,37.45],[81.26,36.61],[78.42,37.51],[77.45,38.42],[78.34,39.45],[78.29,41.13],[77.8,41.52],[80.24,42.5],[82.06,42.24],[84.11,42.76],[87.04,42.5],[93.85,40.74]]],[[[93.85,40.74],[93.87,40.81],[93.95,40.81],[93.85,40.74]]]]}},{"type":"Feature","properties":{"n":"Later Qin","f":387,"t":393,"w":"Q1730130"},"geometry":{"type":"Polygon","coordinates":[[[111.02,36.22],[110.54,35.07],[106.7,35.32],[107.45,36.22],[106.92,37.0],[105.6,37.19],[111.55,38.61],[110.78,36.74],[111.02,36.22]]]}},{"type":"Feature","properties":{"n":"Roman Empire","f":387,"t":389,"w":"Q12544"},"geometry":{"type":"MultiPolygon","coordinates":[[[[10.0,34.29],[10.24,33.71],[12.23,32.81],[13.76,32.88],[15.21,32.36],[15.65,31.4],[17.47,31.08],[18.87,30.25],[20.2,30.89],[20.02,32.24],[21.88,32.94],[23.09,32.62],[23.3,32.17],[24.89,31.98],[25.25,31.46],[26.85,31.46],[28.87,30.82],[30.97,31.66],[32.83,31.01],[33.98,31.14],[34.63,31.66],[35.64,34.36],[36.05,34.55],[35.84,36.29],[36.29,36.8],[34.58,36.87],[33.98,36.29],[32.71,36.03],[31.09,36.93],[29.94,36.22],[29.24,36.22],[29.12,36.74],[28.59,36.87],[28.03,36.67],[28.07,37.13],[27.22,37.32],[27.28,38.03],[26.43,38.22],[26.38,38.67],[27.06,38.35],[26.85,39.58],[26.13,39.51],[26.6,40.48],[29.05,40.36],[28.91,40.61],[29.48,40.74],[28.17,41.13],[26.92,40.48],[25.38,41.0],[23.7,40.81],[23.74,40.23],[22.65,40.61],[22.61,39.9],[23.14,39.45],[22.8,39.06],[23.49,38.87],[22.94,38.74],[24.03,38.67],[24.16,38.22],[23.98,37.84],[23.04,37.9],[23.4,37.32],[22.71,37.58],[23.06,36.67],[22.36,36.67],[22.22,37.06],[21.74,36.87],[21.7,37.51],[21.24,37.84],[21.74,38.35],[21.19,38.42],[20.15,39.71],[19.76,39.64],[20.01,39.97],[19.25,40.61],[19.54,41.78],[17.99,42.82],[17.51,42.76],[17.05,43.41],[15.93,43.47],[14.6,45.37],[13.78,44.91],[13.71,45.76],[13.23,45.82],[12.16,45.5],[12.31,44.19],[13.67,43.41],[14.37,42.24],[16.12,41.91],[15.94,41.39],[18.44,40.16],[18.11,39.9],[17.35,40.55],[16.62,40.29],[16.45,39.64],[17.14,39.06],[15.93,37.96],[15.39,38.16],[15.05,36.74],[12.49,37.9],[15.86,38.29],[16.27,38.93],[15.75,40.03],[12.6,41.52],[10.54,43.08],[10.21,43.99],[9.16,44.45],[6.28,43.15],[4.17,43.6],[3.14,43.28],[3.12,41.91],[0.7,40.94],[-0.13,40.03],[-0.31,39.13],[0.1,38.74],[-0.66,38.29],[-0.7,37.64],[-1.71,37.45],[-2.06,36.8],[-4.47,36.74],[-5.66,36.03],[-6.84,37.25],[-9.0,37.0],[-8.82,38.48],[-9.21,38.42],[-9.57,38.93],[-8.73,40.74],[-8.96,42.17],[-8.66,42.37],[-9.3,43.15],[-8.24,43.73],[-1.69,43.34],[-1.03,45.5],[-1.25,46.28],[-2.84,47.6],[-4.42,47.8],[-4.91,48.52],[-3.46,48.92],[-1.6,48.65],[-2.03,49.78],[0.01,49.38],[0.22,49.85],[1.45,50.25],[1.66,51.05],[3.41,51.45],[4.06,52.12],[6.54,51.65],[7.67,50.45],[7.68,49.91],[8.35,49.65],[7.63,48.32],[7.64,47.53],[11.86,49.18],[14.26,48.26],[16.66,48.32],[17.71,47.73],[19.03,47.66],[19.0,45.37],[20.06,45.37],[20.75,44.71],[22.69,44.65],[22.5,44.32],[22.95,43.8],[24.15,43.67],[27.49,44.06],[27.94,44.52],[27.87,45.37],[29.58,45.43],[29.53,44.91],[28.8,44.97],[28.48,43.47],[27.51,42.63],[27.98,41.65],[28.96,41.13],[31.18,41.07],[32.63,41.91],[34.88,42.04],[35.95,41.72],[36.21,41.26],[38.3,40.87],[40.37,40.94],[41.84,41.65],[41.36,40.68],[41.67,40.16],[40.87,38.48],[41.68,36.42],[41.09,36.03],[41.11,35.0],[40.1,34.29],[39.12,34.49],[37.99,33.97],[36.9,33.07],[35.2,28.06],[34.59,28.06],[34.91,29.41],[34.12,27.74],[32.44,29.79],[35.15,24.65],[35.86,24.01],[35.55,23.81],[31.67,23.75],[30.46,23.36],[28.57,24.65],[28.15,27.35],[25.37,29.28],[21.94,30.56],[18.28,30.05],[15.18,30.89],[13.83,32.11],[11.77,32.3],[9.63,33.14],[8.85,34.74],[7.99,35.07],[7.59,36.61],[1.15,36.16],[-1.88,34.81],[-5.28,34.94],[-6.11,34.61],[-6.73,33.59],[-7.47,33.26],[-7.88,33.52],[-6.61,34.16],[-5.95,35.71],[-5.57,35.84],[-4.75,35.19],[-2.84,35.45],[-2.66,35.07],[-1.89,35.07],[0.68,36.42],[4.24,36.93],[5.56,36.67],[6.33,37.06],[8.52,36.87],[10.23,37.25],[10.23,36.8],[11.01,37.0],[10.46,35.9],[11.08,35.58],[11.08,35.0],[10.0,34.29]],[[4.33,51.71],[4.27,51.18],[5.2,51.05],[5.86,51.58],[4.33,51.71]]],[[[14.57,35.97],[14.57,35.77],[14.34,35.84],[14.57,35.97]]],[[[23.12,36.35],[23.11,36.16],[22.87,36.16],[23.12,36.35]]],[[[20.93,37.9],[20.92,37.64],[20.61,37.71],[20.93,37.9]]],[[[20.57,38.42],[20.79,38.09],[20.32,38.16],[20.57,38.42]]],[[[1.26,39.13],[1.65,39.13],[1.66,39.0],[1.27,38.8],[1.26,39.13]]],[[[20.15,39.58],[20.07,39.58],[20.07,39.64],[20.15,39.58]]],[[[2.35,39.45],[2.34,39.64],[3.19,39.97],[3.52,39.77],[3.3,39.32],[2.35,39.45]]],[[[4.22,40.1],[4.3,39.84],[3.83,39.9],[4.22,40.1]]],[[[9.59,39.13],[8.34,39.0],[8.15,40.94],[9.5,41.2],[9.59,39.13]]],[[[9.1,41.33],[8.62,41.72],[8.53,42.5],[9.49,43.02],[9.58,41.98],[9.1,41.33]]],[[[10.46,42.89],[10.46,42.69],[10.21,42.69],[10.46,42.89]]],[[[14.51,44.91],[14.5,44.52],[14.26,44.58],[14.51,44.91]]],[[[-2.61,50.58],[-3.26,51.18],[-2.95,51.51],[-3.88,51.51],[-1.6,53.39],[-2.1,55.02],[-3.32,55.02],[-1.61,55.36],[-1.29,54.68],[-0.2,54.21],[0.3,53.39],[0.17,52.86],[1.09,53.06],[1.72,52.72],[1.59,52.12],[0.52,51.51],[1.39,51.18],[0.49,50.78],[-2.61,50.58]]],[[[33.04,34.55],[32.23,34.94],[34.54,35.71],[34.09,35.0],[33.04,34.55]]],[[[25.68,35.13],[26.23,35.19],[24.82,35.0],[23.62,35.52],[25.68,35.13]]],[[[28.02,36.48],[28.25,36.48],[28.14,36.03],[27.74,35.9],[28.02,36.48]]],[[[27.19,36.8],[26.87,36.67],[27.04,36.93],[27.19,36.8]]],[[[25.57,37.13],[25.56,37.0],[25.33,37.0],[25.57,37.13]]],[[[24.36,37.71],[24.43,37.58],[24.27,37.51],[24.36,37.71]]],[[[25.22,37.71],[25.29,37.51],[25.05,37.51],[25.22,37.71]]],[[[26.31,37.71],[26.3,37.58],[25.99,37.51],[26.31,37.71]]],[[[24.77,38.03],[25.07,37.77],[24.83,37.71],[24.77,38.03]]],[[[26.22,38.55],[26.11,38.16],[25.88,38.16],[26.22,38.55]]],[[[23.56,38.74],[23.48,38.74],[23.49,38.8],[23.56,38.74]]],[[[24.67,38.93],[24.66,38.74],[24.36,38.87],[24.67,38.93]]],[[[25.79,39.19],[26.04,39.38],[26.64,39.0],[25.79,39.19]]],[[[25.46,40.03],[25.45,39.84],[24.97,39.84],[25.46,40.03]]],[[[26.04,40.29],[26.02,40.16],[25.7,40.1],[26.04,40.29]]],[[[24.81,40.81],[24.79,40.61],[24.55,40.55],[24.81,40.81]]]]}},{"type":"Feature","properties":{"n":"Xionites","f":387,"t":396,"w":"Q26264"},"geometry":{"type":"MultiPolygon","coordinates":[[[[78.29,41.13],[78.34,39.45],[77.47,38.48],[73.77,39.45],[65.11,38.55],[62.61,39.84],[63.02,40.48],[62.29,41.85],[62.76,42.37],[69.53,42.04],[71.46,43.02],[74.3,43.34],[75.88,42.82],[76.24,41.85],[76.8,41.85],[76.98,41.46],[77.8,41.52],[78.29,41.13]]],[[[62.38,41.33],[62.46,41.33],[62.44,41.26],[62.38,41.33]]],[[[62.32,41.39],[62.4,41.39],[62.38,41.33],[62.32,41.39]]]]}},{"type":"Feature","properties":{"n":"Caucasian Albania","f":387,"t":438,"w":"Q177076"},"geometry":{"type":"Polygon","coordinates":[[[48.56,41.78],[49.51,40.61],[50.26,40.42],[49.51,40.23],[48.92,39.19],[48.67,39.58],[47.12,39.71],[45.59,40.42],[45.11,41.26],[44.24,41.26],[45.54,42.24],[47.51,41.33],[48.56,41.78]]]}},{"type":"Feature","properties":{"n":"(Alliance between Gupta Empire and Vakataka Kingdom)","f":387,"t":409,"w":"Q11774"},"geometry":{"type":"MultiPolygon","coordinates":[[[[77.06,17.85],[75.82,18.72],[74.47,19.01],[73.91,20.57],[74.31,22.06],[77.19,22.86],[80.23,22.2],[80.26,21.32],[80.27,21.24],[81.19,22.53],[81.31,23.43],[80.58,24.14],[78.58,24.71],[78.17,25.49],[76.52,25.49],[73.94,24.71],[72.81,25.16],[71.34,24.84],[70.63,25.68],[68.81,26.07],[67.21,25.29],[67.5,25.81],[66.93,28.57],[67.21,29.79],[69.02,31.72],[70.7,32.43],[72.14,34.04],[73.17,33.84],[73.72,34.81],[74.63,34.16],[75.27,33.01],[76.46,32.24],[79.18,31.46],[79.87,30.5],[80.17,28.7],[81.61,27.99],[83.02,28.25],[85.25,27.74],[85.79,26.64],[88.55,26.58],[90.15,26.13],[89.91,25.64],[90.3,25.28],[92.48,25.16],[91.03,24.97],[91.35,24.2],[92.25,24.26],[92.76,21.24],[92.33,21.37],[92.12,20.92],[91.5,22.79],[90.23,21.76],[89.9,22.01],[88.73,21.63],[88.64,22.08],[88.35,21.56],[88.1,21.95],[87.07,21.44],[87.03,20.6],[86.42,19.89],[85.37,19.83],[84.38,18.41],[82.45,17.13],[82.38,16.55],[80.38,15.71],[80.14,12.44],[79.44,12.89],[79.3,14.49],[79.53,16.04],[80.25,17.24],[79.25,16.63],[78.64,15.12],[77.45,15.17],[77.5,17.03],[77.06,17.85]],[[80.69,20.02],[80.56,19.25],[81.04,20.73],[80.66,21.24],[80.32,20.99],[80.69,20.02]]],[[[91.06,22.34],[91.28,22.34],[91.26,22.21],[91.06,22.34]]],[[[73.73,34.87],[73.81,34.87],[73.79,34.81],[73.73,34.87]]]]}},{"type":"Feature","properties":{"n":"Dongye","f":387,"t":389,"w":"Q105946539"},"geometry":{"type":"Polygon","coordinates":[[[127.99,36.8],[127.61,38.29],[126.94,38.35],[126.85,39.19],[127.59,39.51],[127.48,39.19],[129.39,37.38],[127.99,36.8]]]}},{"type":"Feature","properties":{"n":"Dongye","f":390,"t":391,"w":"Q105946539"},"geometry":{"type":"Polygon","coordinates":[[[127.99,36.8],[127.61,38.29],[126.94,38.35],[126.85,39.19],[127.59,39.51],[127.48,39.19],[129.39,37.38],[127.99,36.8]]]}},{"type":"Feature","properties":{"n":"Later Yan","f":390,"t":393,"w":"Q1534482"},"geometry":{"type":"MultiPolygon","coordinates":[[[[119.16,37.19],[120.75,37.9],[122.71,37.45],[122.5,36.87],[120.98,36.61],[118.58,34.74],[117.53,34.81],[117.31,35.19],[116.2,34.94],[115.31,35.58],[115.5,36.87],[116.13,37.71],[117.68,38.48],[119.46,37.96],[119.16,37.19]]],[[[124.23,39.84],[122.94,39.64],[121.42,38.74],[121.03,38.74],[121.69,39.38],[121.21,39.51],[122.23,40.48],[121.82,40.87],[121.11,40.87],[119.22,39.32],[117.89,39.19],[116.55,38.42],[114.44,38.09],[114.05,38.74],[116.35,40.87],[117.48,41.33],[121.02,41.26],[123.17,41.91],[125.04,41.07],[124.23,39.84]]],[[[83.03,50.91],[82.86,50.91],[83.01,51.05],[83.03,50.91]]]]}},{"type":"Feature","properties":{"n":"Roman Empire","f":390,"t":391,"w":"Q12544"},"geometry":{"type":"MultiPolygon","coordinates":[[[[10.0,34.29],[10.24,33.71],[12.23,32.81],[13.76,32.88],[15.21,32.36],[15.65,31.4],[17.47,31.08],[18.87,30.25],[20.2,30.89],[20.02,32.24],[21.88,32.94],[23.09,32.62],[23.3,32.17],[24.89,31.98],[25.25,31.46],[26.85,31.46],[28.87,30.82],[30.97,31.66],[32.83,31.01],[33.98,31.14],[34.63,31.66],[35.64,34.36],[36.05,34.55],[35.84,36.29],[36.29,36.8],[34.58,36.87],[33.98,36.29],[32.71,36.03],[31.09,36.93],[29.94,36.22],[29.24,36.22],[29.12,36.74],[28.59,36.87],[28.03,36.67],[28.07,37.13],[27.22,37.32],[27.28,38.03],[26.43,38.22],[26.38,38.67],[27.06,38.35],[26.85,39.58],[26.13,39.51],[26.6,40.48],[29.05,40.36],[28.91,40.61],[29.48,40.74],[28.17,41.13],[26.92,40.48],[25.38,41.0],[23.7,40.81],[23.74,40.23],[22.65,40.61],[22.61,39.9],[23.14,39.45],[22.8,39.06],[23.49,38.87],[22.94,38.74],[24.03,38.67],[24.16,38.22],[23.98,37.84],[23.04,37.9],[23.4,37.32],[22.71,37.58],[23.06,36.67],[22.36,36.67],[22.22,37.06],[21.74,36.87],[21.7,37.51],[21.24,37.84],[21.74,38.35],[21.19,38.42],[20.15,39.71],[19.76,39.64],[20.01,39.97],[19.25,40.61],[19.54,41.78],[17.99,42.82],[17.51,42.76],[17.05,43.41],[15.93,43.47],[14.6,45.37],[13.78,44.91],[13.71,45.76],[13.14,45.82],[12.16,45.5],[12.31,44.19],[13.67,43.41],[14.37,42.24],[16.12,41.91],[15.94,41.39],[18.44,40.16],[18.11,39.9],[17.35,40.55],[16.62,40.29],[16.45,39.64],[17.14,39.06],[15.93,37.96],[15.39,38.16],[15.05,36.74],[12.49,37.9],[15.86,38.29],[16.27,38.93],[15.75,40.03],[12.6,41.52],[10.54,43.08],[10.21,43.99],[9.16,44.45],[6.28,43.15],[4.17,43.6],[3.14,43.28],[3.12,41.91],[0.7,40.94],[-0.13,40.03],[-0.31,39.13],[0.1,38.74],[-0.66,38.29],[-0.7,37.64],[-1.71,37.45],[-2.06,36.8],[-4.47,36.74],[-5.66,36.03],[-6.84,37.25],[-9.0,37.0],[-8.82,38.48],[-9.21,38.42],[-9.57,38.93],[-8.73,40.74],[-8.96,42.17],[-8.66,42.37],[-9.3,43.15],[-8.24,43.73],[-1.69,43.34],[-1.03,45.5],[-1.25,46.28],[-2.84,47.6],[-4.42,47.8],[-4.91,48.52],[-3.46,48.92],[-1.6,48.65],[-2.03,49.78],[0.01,49.38],[0.22,49.85],[1.45,50.25],[1.66,51.05],[3.41,51.45],[4.06,52.12],[6.54,51.65],[7.67,50.45],[7.68,49.91],[8.35,49.65],[7.63,48.32],[7.64,47.53],[11.86,49.18],[14.26,48.26],[16.66,48.32],[17.71,47.73],[19.03,47.66],[19.0,45.37],[20.06,45.37],[20.75,44.71],[22.69,44.65],[22.5,44.32],[22.95,43.8],[24.15,43.67],[27.49,44.06],[27.94,44.52],[27.87,45.37],[29.58,45.43],[29.53,44.91],[28.8,44.97],[28.48,43.47],[27.51,42.63],[27.98,41.65],[28.96,41.13],[31.18,41.07],[32.63,41.91],[34.88,42.04],[35.95,41.72],[36.21,41.26],[38.3,40.87],[40.37,40.94],[41.84,41.65],[41.36,40.68],[41.67,40.16],[40.87,38.48],[41.68,36.42],[41.09,36.03],[41.11,35.0],[40.1,34.29],[39.12,34.49],[37.99,33.97],[36.9,33.07],[35.2,28.06],[34.59,28.06],[34.91,29.41],[34.12,27.74],[32.44,29.79],[35.15,24.65],[35.86,24.01],[35.55,23.81],[31.67,23.75],[30.46,23.36],[28.57,24.65],[28.15,27.35],[25.37,29.28],[21.94,30.56],[18.28,30.05],[15.18,30.89],[13.83,32.11],[11.77,32.3],[9.63,33.14],[8.85,34.74],[7.99,35.07],[7.59,36.61],[1.15,36.16],[-1.88,34.81],[-5.28,34.94],[-6.11,34.61],[-6.73,33.59],[-7.47,33.26],[-7.88,33.52],[-6.61,34.16],[-5.88,35.77],[-5.34,35.84],[-4.75,35.19],[-2.84,35.45],[-2.66,35.07],[-1.89,35.07],[0.68,36.42],[3.46,36.87],[5.56,36.67],[6.33,37.06],[8.52,36.87],[10.23,37.25],[10.23,36.8],[11.01,37.0],[10.46,35.9],[11.08,35.58],[11.08,35.0],[10.0,34.29]],[[4.33,51.71],[4.27,51.18],[5.2,51.05],[5.86,51.58],[4.33,51.71]]],[[[14.57,35.97],[14.57,35.77],[14.34,35.84],[14.57,35.97]]],[[[23.12,36.35],[23.11,36.16],[22.87,36.16],[23.12,36.35]]],[[[20.93,37.9],[20.92,37.64],[20.61,37.71],[20.93,37.9]]],[[[20.57,38.42],[20.79,38.09],[20.32,38.16],[20.57,38.42]]],[[[23.56,38.74],[23.48,38.74],[23.49,38.8],[23.56,38.74]]],[[[1.26,39.13],[1.65,39.13],[1.66,39.0],[1.27,38.8],[1.26,39.13]]],[[[20.15,39.58],[20.07,39.58],[20.07,39.64],[20.15,39.58]]],[[[2.35,39.45],[2.34,39.64],[3.19,39.97],[3.52,39.77],[3.3,39.32],[2.35,39.45]]],[[[4.22,40.1],[4.3,39.84],[3.83,39.9],[4.22,40.1]]],[[[9.59,39.13],[8.34,39.0],[8.15,40.94],[9.5,41.2],[9.59,39.13]]],[[[9.1,41.33],[8.62,41.72],[8.53,42.5],[9.49,43.02],[9.58,41.98],[9.1,41.33]]],[[[10.46,42.89],[10.46,42.69],[10.21,42.69],[10.46,42.89]]],[[[14.51,44.91],[14.5,44.52],[14.26,44.58],[14.51,44.91]]],[[[1.72,52.72],[1.59,52.12],[0.52,51.51],[1.38,51.38],[1.31,51.11],[-2.61,50.58],[-3.26,51.18],[-2.95,51.51],[-3.88,51.51],[-1.6,53.39],[-2.1,55.02],[-3.21,54.82],[-2.82,55.23],[-1.61,55.36],[-1.29,54.68],[-0.2,54.21],[0.3,53.39],[0.07,52.99],[1.72,52.72]]],[[[33.04,34.55],[32.23,34.94],[34.54,35.71],[34.09,35.0],[33.04,34.55]]],[[[25.68,35.13],[26.23,35.19],[24.82,35.0],[23.62,35.52],[25.68,35.13]]],[[[28.02,36.48],[28.25,36.48],[28.14,36.03],[27.74,35.9],[28.02,36.48]]],[[[27.19,36.8],[26.87,36.67],[27.04,36.93],[27.19,36.8]]],[[[25.57,37.13],[25.56,37.0],[25.33,37.0],[25.57,37.13]]],[[[24.36,37.71],[24.43,37.58],[24.27,37.51],[24.36,37.71]]],[[[25.22,37.71],[25.29,37.51],[25.05,37.51],[25.22,37.71]]],[[[26.31,37.71],[26.3,37.58],[25.99,37.51],[26.31,37.71]]],[[[24.77,38.03],[25.07,37.77],[24.83,37.71],[24.77,38.03]]],[[[26.22,38.55],[26.11,38.16],[25.88,38.16],[26.22,38.55]]],[[[24.67,38.93],[24.66,38.74],[24.36,38.87],[24.67,38.93]]],[[[25.79,39.19],[26.04,39.38],[26.64,39.0],[25.79,39.19]]],[[[25.46,40.03],[25.45,39.84],[24.97,39.84],[25.46,40.03]]],[[[26.04,40.29],[26.02,40.16],[25.7,40.1],[26.04,40.29]]],[[[24.81,40.81],[24.79,40.61],[24.55,40.55],[24.81,40.81]]]]}},{"type":"Feature","properties":{"n":"Western Jin","f":390,"t":393,"w":"Q7352"},"geometry":{"type":"MultiPolygon","coordinates":[[[[108.76,18.41],[108.7,19.38],[109.25,19.96],[110.91,20.15],[111.03,19.57],[109.86,18.35],[108.76,18.41]]],[[[120.34,34.36],[120.92,32.62],[121.99,31.85],[120.89,31.79],[122.0,31.08],[120.68,30.18],[121.48,30.31],[122.03,29.92],[122.0,29.41],[121.71,29.22],[121.59,29.54],[121.65,28.32],[121.12,28.32],[119.59,26.13],[119.53,25.62],[119.87,25.49],[119.27,25.49],[118.76,24.59],[118.15,24.52],[116.54,22.91],[114.64,22.72],[114.37,22.08],[113.6,22.72],[113.64,22.14],[110.42,21.18],[110.49,20.28],[109.88,20.21],[109.81,21.5],[108.65,21.69],[106.96,20.92],[105.97,19.83],[105.73,18.86],[106.96,17.32],[106.4,17.0],[105.14,18.41],[104.98,20.15],[104.44,20.47],[105.1,20.86],[104.87,22.21],[105.69,23.04],[102.99,23.36],[101.81,24.26],[101.46,25.16],[100.89,29.92],[101.69,32.75],[103.13,33.39],[105.17,33.07],[107.48,33.33],[107.65,32.94],[109.16,32.88],[110.17,32.3],[113.44,32.88],[114.92,35.39],[113.57,36.03],[114.44,38.09],[117.58,38.74],[117.14,38.03],[115.68,37.25],[115.31,35.58],[116.2,34.94],[117.31,35.19],[117.81,34.74],[119.5,35.26],[119.23,34.81],[120.34,34.36]]],[[[122.28,29.99],[121.98,29.99],[122.05,30.18],[122.28,29.99]]],[[[126.95,38.8],[127.03,38.8],[126.99,38.74],[126.95,38.8]]]]}},{"type":"Feature","properties":{"n":"Kidarites","f":390,"t":401,"w":"Q26996"},"geometry":{"type":"MultiPolygon","coordinates":[[[[72.23,36.55],[72.47,35.97],[73.73,34.87],[73.37,34.04],[72.77,33.78],[72.14,34.04],[70.7,32.43],[69.67,31.91],[69.02,31.72],[68.38,32.69],[66.99,33.33],[64.9,35.07],[64.76,36.16],[65.3,38.67],[73.69,39.45],[73.49,38.55],[72.23,36.55]]],[[[72.5,36.1],[72.52,36.16],[72.6,36.16],[72.5,36.1]]]]}},{"type":"Feature","properties":{"n":"(Allegiance of Kidarites to Sasanian Empire)","f":390,"t":395,"w":"Q26996"},"geometry":{"type":"MultiPolygon","coordinates":[[[[51.14,25.49],[51.21,25.49],[51.21,25.42],[51.14,25.49]]],[[[50.46,26.26],[50.69,26.26],[50.65,25.87],[50.46,26.26]]],[[[59.77,40.16],[59.77,39.84],[60.71,39.51],[62.58,40.03],[65.11,38.55],[73.69,39.45],[72.23,36.55],[72.47,35.97],[73.73,34.87],[73.37,34.04],[72.77,33.78],[72.14,34.04],[70.7,32.43],[69.29,31.91],[67.52,30.24],[66.93,28.57],[67.5,25.81],[67.11,25.1],[66.64,24.91],[66.35,25.55],[62.02,25.04],[57.96,25.55],[57.18,25.94],[56.71,27.16],[55.44,26.52],[55.54,26.77],[54.83,26.45],[53.66,26.71],[51.32,27.99],[50.06,30.18],[48.94,30.31],[47.85,29.41],[48.87,27.67],[50.13,26.77],[50.07,26.07],[50.65,25.1],[51.12,26.13],[51.7,25.87],[51.41,24.33],[51.91,24.01],[54.08,24.14],[56.48,26.39],[56.4,24.97],[56.79,24.33],[58.81,23.62],[59.27,22.91],[56.81,23.75],[56.09,24.84],[54.27,23.75],[51.88,23.69],[51.1,24.2],[51.32,25.87],[50.62,24.65],[49.67,25.87],[49.88,26.45],[48.55,27.48],[47.53,29.28],[47.65,29.67],[45.77,30.44],[44.81,31.34],[44.73,31.98],[43.9,32.04],[43.15,32.81],[40.1,34.29],[41.11,35.0],[41.09,36.03],[41.66,36.29],[41.12,38.03],[44.02,37.58],[44.99,39.26],[46.34,38.87],[47.12,39.71],[48.3,39.71],[48.92,39.19],[49.09,37.51],[52.19,36.55],[54.03,36.87],[54.09,37.19],[53.99,39.0],[53.14,39.45],[53.54,39.51],[53.5,40.03],[52.72,40.1],[52.89,40.87],[59.77,40.16]]],[[[72.6,36.16],[72.58,36.1],[72.5,36.1],[72.6,36.16]]],[[[47.13,39.77],[47.12,39.71],[47.04,39.71],[47.13,39.77]]]]}},{"type":"Feature","properties":{"n":"Western Yan","f":390,"t":391,"w":"Q1149230"},"geometry":{"type":"Polygon","coordinates":[[[110.54,35.07],[111.27,38.35],[112.58,39.58],[113.73,39.51],[114.83,39.97],[114.91,39.51],[114.09,39.0],[114.44,38.09],[113.57,36.03],[110.54,35.07]]]}},{"type":"Feature","properties":{"n":"Former Qin","f":390,"t":391,"w":"Q1471995"},"geometry":{"type":"Polygon","coordinates":[[[113.57,36.03],[114.92,35.39],[113.44,32.88],[111.24,32.3],[110.17,32.3],[108.1,33.14],[107.65,32.94],[107.48,33.33],[106.03,33.33],[106.7,35.32],[111.0,35.07],[113.57,36.03]]]}},{"type":"Feature","properties":{"n":"Baekje","f":392,"t":394,"w":"Q28428"},"geometry":{"type":"Polygon","coordinates":[[[126.12,34.36],[126.77,35.9],[126.05,36.8],[126.68,37.13],[126.31,37.77],[127.37,38.29],[128.09,36.22],[127.56,35.45],[127.52,34.55],[126.12,34.36]]]}},{"type":"Feature","properties":{"n":"Goguryeo","f":392,"t":394,"w":"Q28370"},"geometry":{"type":"Polygon","coordinates":[[[129.76,40.87],[127.58,39.77],[127.44,39.26],[128.36,38.8],[129.39,37.38],[127.99,36.8],[127.37,38.29],[126.55,37.77],[124.9,37.9],[125.39,39.38],[124.27,39.9],[125.04,41.07],[123.13,41.85],[126.47,42.82],[130.77,43.02],[130.77,42.43],[129.78,41.65],[129.76,40.87]]]}},{"type":"Feature","properties":{"n":"Western Yan","f":392,"t":393,"w":"Q1149230"},"geometry":{"type":"Polygon","coordinates":[[[110.54,35.07],[111.27,38.35],[112.58,39.58],[113.73,39.51],[114.83,39.97],[114.91,39.51],[114.09,39.0],[114.44,38.09],[113.57,36.03],[110.54,35.07]]]}},{"type":"Feature","properties":{"n":"Former Qin","f":392,"t":393,"w":"Q1471995"},"geometry":{"type":"Polygon","coordinates":[[[113.57,36.03],[114.92,35.39],[113.44,32.88],[111.24,32.3],[110.17,32.3],[108.1,33.14],[107.65,32.94],[107.48,33.33],[106.03,33.33],[106.7,35.32],[111.0,35.07],[113.57,36.03]]]}},{"type":"Feature","properties":{"n":"Roman Empire","f":392,"t":393,"w":"Q12544"},"geometry":{"type":"MultiPolygon","coordinates":[[[[10.0,34.29],[10.24,33.71],[12.23,32.81],[13.76,32.88],[15.21,32.36],[15.65,31.4],[17.47,31.08],[18.87,30.25],[20.2,30.89],[20.02,32.24],[21.88,32.94],[23.09,32.62],[23.3,32.17],[24.89,31.98],[25.25,31.46],[26.85,31.46],[28.87,30.82],[30.97,31.66],[32.83,31.01],[33.98,31.14],[34.63,31.66],[35.64,34.36],[36.05,34.55],[35.84,36.29],[36.29,36.8],[34.58,36.87],[33.98,36.29],[32.71,36.03],[31.09,36.93],[29.94,36.22],[29.24,36.22],[29.12,36.74],[28.59,36.87],[28.03,36.67],[28.07,37.13],[27.22,37.32],[27.28,38.03],[26.43,38.22],[26.38,38.67],[27.06,38.35],[26.85,39.58],[26.13,39.51],[26.6,40.48],[29.05,40.36],[28.91,40.61],[29.48,40.74],[28.17,41.13],[26.92,40.48],[25.38,41.0],[23.7,40.81],[23.74,40.23],[22.65,40.61],[22.61,39.9],[23.14,39.45],[22.8,39.06],[23.49,38.87],[22.94,38.74],[24.03,38.67],[24.16,38.22],[23.98,37.84],[23.04,37.9],[23.4,37.32],[22.71,37.58],[23.06,36.67],[22.36,36.67],[22.22,37.06],[21.74,36.87],[21.7,37.51],[21.24,37.84],[21.74,38.35],[21.19,38.42],[20.15,39.71],[19.76,39.64],[20.01,39.97],[19.25,40.61],[19.54,41.78],[17.99,42.82],[17.51,42.76],[17.05,43.41],[15.93,43.47],[14.6,45.37],[13.78,44.91],[13.71,45.76],[13.14,45.82],[12.16,45.5],[12.31,44.19],[13.67,43.41],[14.37,42.24],[16.12,41.91],[15.94,41.39],[18.44,40.16],[18.11,39.9],[17.35,40.55],[16.62,40.29],[16.45,39.64],[17.14,39.06],[15.93,37.96],[15.39,38.16],[15.05,36.74],[12.49,37.9],[15.86,38.29],[16.27,38.93],[15.75,40.03],[12.6,41.52],[10.54,43.08],[10.21,43.99],[9.16,44.45],[6.28,43.15],[4.17,43.6],[3.14,43.28],[3.12,41.91],[0.7,40.94],[-0.13,40.03],[-0.31,39.13],[0.1,38.74],[-0.66,38.29],[-0.7,37.64],[-1.71,37.45],[-2.06,36.8],[-4.47,36.74],[-5.66,36.03],[-6.84,37.25],[-9.0,37.0],[-8.82,38.48],[-9.21,38.42],[-9.57,38.93],[-8.73,40.74],[-8.96,42.17],[-8.66,42.37],[-9.3,43.15],[-8.24,43.73],[-1.69,43.34],[-1.03,45.5],[-1.25,46.28],[-2.84,47.6],[-4.42,47.8],[-4.91,48.52],[-3.46,48.92],[-1.6,48.65],[-2.03,49.78],[0.01,49.38],[0.22,49.85],[1.45,50.25],[1.66,51.05],[3.41,51.45],[4.06,52.12],[6.54,51.65],[7.67,50.45],[7.68,49.91],[8.35,49.65],[7.63,48.32],[7.64,47.53],[11.86,49.18],[14.26,48.26],[16.66,48.32],[17.71,47.73],[19.03,47.66],[19.0,45.37],[20.06,45.37],[20.75,44.71],[22.69,44.65],[22.5,44.32],[22.95,43.8],[24.15,43.67],[27.49,44.06],[27.94,44.52],[27.87,45.37],[29.58,45.43],[29.53,44.91],[28.8,44.97],[28.48,43.47],[27.51,42.63],[27.98,41.65],[28.96,41.13],[31.18,41.07],[32.63,41.91],[34.88,42.04],[35.95,41.72],[36.21,41.26],[38.3,40.87],[40.37,40.94],[41.84,41.65],[41.36,40.68],[41.67,40.16],[40.87,38.48],[41.68,36.42],[41.09,36.03],[41.11,35.0],[40.1,34.29],[39.12,34.49],[37.99,33.97],[36.9,33.07],[35.2,28.06],[34.59,28.06],[34.91,29.41],[34.12,27.74],[32.44,29.79],[35.15,24.65],[35.86,24.01],[35.55,23.81],[31.67,23.75],[30.46,23.36],[28.57,24.65],[28.15,27.35],[25.37,29.28],[21.94,30.56],[18.28,30.05],[15.18,30.89],[13.83,32.11],[11.77,32.3],[9.63,33.14],[8.85,34.74],[7.99,35.07],[7.59,36.61],[1.15,36.16],[-1.88,34.81],[-5.28,34.94],[-6.11,34.61],[-6.73,33.59],[-7.47,33.26],[-7.88,33.52],[-6.61,34.16],[-5.95,35.71],[-5.57,35.84],[-4.75,35.19],[-2.84,35.45],[-2.66,35.07],[-1.89,35.07],[0.68,36.42],[4.24,36.93],[5.56,36.67],[6.33,37.06],[8.52,36.87],[10.23,37.25],[10.23,36.8],[11.01,37.0],[10.46,35.9],[11.08,35.58],[11.08,35.0],[10.0,34.29]],[[4.33,51.71],[4.27,51.18],[5.2,51.05],[5.86,51.58],[4.33,51.71]]],[[[14.57,35.97],[14.57,35.77],[14.34,35.84],[14.57,35.97]]],[[[23.12,36.35],[23.11,36.16],[22.87,36.16],[23.12,36.35]]],[[[20.93,37.9],[20.92,37.64],[20.61,37.71],[20.93,37.9]]],[[[20.57,38.42],[20.79,38.09],[20.32,38.16],[20.57,38.42]]],[[[23.56,38.74],[23.48,38.74],[23.49,38.8],[23.56,38.74]]],[[[1.26,39.13],[1.65,39.13],[1.66,39.0],[1.27,38.8],[1.26,39.13]]],[[[20.15,39.58],[20.07,39.58],[20.07,39.64],[20.15,39.58]]],[[[2.35,39.45],[2.34,39.64],[3.19,39.97],[3.52,39.77],[3.3,39.32],[2.35,39.45]]],[[[4.22,40.1],[4.3,39.84],[3.83,39.9],[4.22,40.1]]],[[[9.59,39.13],[8.34,39.0],[8.15,40.94],[9.5,41.2],[9.59,39.13]]],[[[9.1,41.33],[8.62,41.72],[8.53,42.5],[9.49,43.02],[9.58,41.98],[9.1,41.33]]],[[[10.46,42.89],[10.46,42.69],[10.21,42.69],[10.46,42.89]]],[[[14.51,44.91],[14.5,44.52],[14.26,44.58],[14.51,44.91]]],[[[1.72,52.72],[1.59,52.12],[0.52,51.51],[1.38,51.38],[1.31,51.11],[-2.61,50.58],[-3.26,51.18],[-2.95,51.51],[-3.88,51.51],[-1.6,53.39],[-2.1,55.02],[-3.21,54.82],[-2.82,55.23],[-1.61,55.36],[-1.29,54.68],[-0.2,54.21],[0.3,53.39],[0.07,52.99],[1.72,52.72]]],[[[33.04,34.55],[32.23,34.94],[34.54,35.71],[34.09,35.0],[33.04,34.55]]],[[[25.68,35.13],[26.23,35.19],[24.82,35.0],[23.62,35.52],[25.68,35.13]]],[[[28.02,36.48],[28.25,36.48],[28.14,36.03],[27.74,35.9],[28.02,36.48]]],[[[27.19,36.8],[26.87,36.67],[27.04,36.93],[27.19,36.8]]],[[[25.57,37.13],[25.56,37.0],[25.33,37.0],[25.57,37.13]]],[[[24.36,37.71],[24.43,37.58],[24.27,37.51],[24.36,37.71]]],[[[25.22,37.71],[25.29,37.51],[25.05,37.51],[25.22,37.71]]],[[[26.31,37.71],[26.3,37.58],[25.99,37.51],[26.31,37.71]]],[[[24.77,38.03],[25.07,37.77],[24.83,37.71],[24.77,38.03]]],[[[26.22,38.55],[26.11,38.16],[25.88,38.16],[26.22,38.55]]],[[[24.67,38.93],[24.66,38.74],[24.36,38.87],[24.67,38.93]]],[[[25.79,39.19],[26.04,39.38],[26.64,39.0],[25.79,39.19]]],[[[25.46,40.03],[25.45,39.84],[24.97,39.84],[25.46,40.03]]],[[[26.04,40.29],[26.02,40.16],[25.7,40.1],[26.04,40.29]]],[[[24.81,40.81],[24.79,40.61],[24.55,40.55],[24.81,40.81]]]]}},{"type":"Feature","properties":{"n":"Western Jin","f":394,"t":401,"w":"Q7352"},"geometry":{"type":"MultiPolygon","coordinates":[[[[108.76,18.41],[108.7,19.38],[109.25,19.96],[110.91,20.15],[111.03,19.57],[110.18,18.48],[108.76,18.41]]],[[[120.34,34.36],[120.92,32.62],[121.99,31.85],[120.89,31.79],[122.0,31.08],[120.68,30.18],[121.48,30.31],[122.03,29.92],[122.0,29.41],[121.71,29.22],[121.59,29.54],[121.65,28.32],[121.12,28.32],[119.59,26.13],[119.53,25.62],[119.87,25.49],[119.27,25.49],[118.76,24.59],[118.15,24.52],[116.54,22.91],[114.64,22.72],[114.37,22.08],[113.6,22.72],[113.64,22.14],[110.42,21.18],[110.49,20.28],[109.88,20.21],[109.81,21.5],[108.65,21.69],[106.96,20.92],[105.97,19.83],[105.73,18.86],[106.96,17.32],[106.4,17.0],[105.14,18.41],[104.98,20.15],[104.44,20.47],[105.1,20.86],[104.87,22.21],[105.69,23.04],[102.99,23.36],[101.81,24.26],[101.46,25.16],[100.89,29.92],[101.69,32.75],[103.13,33.39],[105.17,33.07],[107.48,33.33],[107.65,32.94],[108.1,33.14],[110.17,32.3],[111.24,32.3],[113.44,32.88],[114.89,35.32],[115.57,35.45],[116.48,34.87],[117.31,35.19],[117.81,34.74],[119.5,35.26],[119.23,34.81],[120.34,34.36]]],[[[122.28,29.99],[121.98,29.99],[122.05,30.18],[122.28,29.99]]]]}},{"type":"Feature","properties":{"n":"Northern Wei","f":394,"t":394,"w":"Q875305"},"geometry":{"type":"Polygon","coordinates":[[[122.93,41.91],[121.02,41.26],[117.48,41.33],[115.08,39.84],[112.58,39.58],[111.55,38.61],[110.4,38.16],[106.25,37.45],[107.52,39.38],[107.23,39.77],[111.57,40.68],[113.82,42.17],[117.89,43.21],[123.56,43.41],[122.93,41.91]]]}},{"type":"Feature","properties":{"n":"Western Qin","f":394,"t":396,"w":"Q1668970"},"geometry":{"type":"Polygon","coordinates":[[[106.28,34.42],[106.37,33.65],[105.7,33.07],[103.21,33.39],[103.7,35.77],[104.74,37.0],[106.92,37.0],[107.32,36.29],[106.28,34.42]]]}},{"type":"Feature","properties":{"n":"Ripuarian Franks","f":394,"t":394,"w":"Q316860"},"geometry":{"type":"Polygon","coordinates":[[[8.76,50.51],[8.27,49.85],[7.68,49.91],[7.75,50.31],[6.71,51.51],[4.56,52.32],[5.39,52.99],[5.74,52.65],[6.67,53.19],[7.1,52.99],[6.7,52.12],[8.76,50.51]]]}},{"type":"Feature","properties":{"n":"Roman Empire","f":394,"t":394,"w":"Q12544"},"geometry":{"type":"MultiPolygon","coordinates":[[[[14.34,36.03],[14.57,35.97],[14.57,35.77],[14.34,36.03]]],[[[23.12,36.35],[23.11,36.16],[22.87,36.16],[23.12,36.35]]],[[[7.75,50.31],[7.68,49.91],[8.35,49.65],[7.63,48.32],[7.64,47.53],[11.86,49.18],[14.26,48.26],[16.66,48.32],[17.71,47.73],[18.87,47.8],[19.19,47.47],[18.84,47.07],[19.0,45.37],[20.06,45.37],[20.75,44.71],[22.69,44.65],[22.5,44.32],[22.95,43.8],[25.43,43.6],[26.28,44.06],[27.49,44.06],[27.94,44.52],[27.87,45.37],[29.58,45.43],[29.53,44.91],[28.8,44.97],[28.48,43.47],[27.51,42.63],[27.98,41.65],[28.96,41.13],[31.18,41.07],[32.63,41.91],[34.88,42.04],[35.95,41.72],[36.21,41.26],[38.3,40.87],[40.37,40.94],[41.84,41.65],[41.36,40.68],[41.67,40.16],[40.87,38.48],[41.68,36.42],[41.09,36.03],[41.11,35.0],[40.1,34.29],[39.12,34.49],[37.99,33.97],[36.9,33.07],[35.2,28.06],[34.59,28.06],[34.91,29.41],[34.12,27.74],[32.44,29.79],[35.85,23.88],[31.67,23.75],[30.46,23.36],[28.57,24.65],[28.15,27.35],[25.37,29.28],[21.94,30.56],[18.28,30.05],[15.18,30.89],[13.83,32.11],[11.77,32.3],[9.63,33.14],[8.85,34.74],[7.99,35.07],[7.59,36.61],[1.15,36.16],[-1.88,34.81],[-5.28,34.94],[-6.11,34.61],[-6.73,33.59],[-7.47,33.26],[-7.88,33.52],[-6.61,34.16],[-5.88,35.77],[-5.34,35.84],[-4.75,35.19],[-2.84,35.45],[-2.66,35.07],[-1.89,35.07],[1.22,36.55],[4.24,36.93],[5.56,36.67],[6.33,37.06],[8.52,36.87],[9.76,37.32],[10.46,36.74],[11.01,37.0],[10.46,35.9],[11.08,35.58],[11.08,35.0],[10.0,34.29],[10.24,33.71],[12.23,32.81],[13.3,32.94],[15.06,32.43],[15.65,31.4],[17.85,30.95],[18.97,30.24],[20.2,30.89],[20.02,32.24],[21.88,32.94],[23.09,32.62],[23.3,32.17],[24.89,31.98],[25.25,31.46],[26.85,31.46],[28.87,30.82],[30.97,31.66],[32.91,31.01],[33.98,31.14],[34.63,31.66],[35.64,34.36],[36.05,34.55],[35.84,36.29],[36.14,36.93],[35.49,36.61],[34.58,36.87],[33.98,36.29],[32.71,36.03],[31.09,36.93],[29.94,36.22],[29.24,36.22],[29.12,36.74],[28.59,36.87],[28.03,36.67],[28.07,37.13],[27.22,37.32],[27.28,38.03],[26.43,38.22],[26.38,38.67],[27.06,38.35],[26.85,39.58],[26.13,39.51],[26.6,40.48],[29.05,40.36],[28.91,40.61],[29.48,40.74],[28.17,41.13],[26.92,40.48],[25.38,41.0],[23.7,40.81],[23.74,40.23],[22.65,40.61],[22.61,39.9],[23.14,39.45],[22.8,39.06],[23.49,38.87],[22.94,38.74],[24.03,38.67],[24.16,38.22],[23.98,37.84],[23.04,37.9],[23.4,37.32],[22.71,37.58],[23.06,36.67],[22.36,36.67],[22.22,37.06],[21.74,36.87],[21.7,37.51],[21.24,37.84],[21.74,38.35],[21.19,38.42],[20.15,39.71],[19.76,39.64],[20.01,39.97],[19.25,40.61],[19.54,41.78],[17.99,42.82],[17.51,42.76],[17.05,43.41],[15.93,43.47],[14.6,45.37],[13.78,44.91],[13.71,45.76],[13.39,45.82],[12.16,45.5],[12.31,44.19],[13.67,43.41],[14.37,42.24],[16.12,41.91],[15.94,41.39],[18.44,40.16],[18.11,39.9],[17.35,40.55],[16.62,40.29],[16.45,39.64],[17.14,39.06],[15.93,37.96],[15.39,38.16],[15.05,36.74],[12.49,37.9],[15.86,38.29],[16.27,38.93],[15.75,40.03],[12.6,41.52],[10.54,43.08],[10.21,43.99],[9.16,44.45],[6.28,43.15],[4.17,43.6],[3.14,43.28],[3.12,41.91],[0.7,40.94],[-0.35,39.71],[0.1,38.74],[-0.66,38.29],[-0.7,37.64],[-1.71,37.45],[-2.06,36.8],[-4.47,36.74],[-5.66,36.03],[-6.84,37.25],[-9.0,37.0],[-8.82,38.48],[-9.21,38.42],[-9.57,38.93],[-8.73,40.74],[-8.96,42.17],[-8.66,42.37],[-9.28,42.89],[-9.16,43.28],[-8.24,43.73],[-3.3,43.34],[-1.69,43.34],[-1.39,43.67],[-1.03,45.5],[-1.25,46.28],[-2.84,47.6],[-4.42,47.8],[-4.91,48.52],[-3.46,48.92],[-1.6,48.65],[-2.03,49.78],[0.01,49.38],[0.22,49.85],[1.45,50.25],[1.66,51.05],[3.41,51.45],[4.06,52.12],[5.93,51.98],[7.75,50.31]],[[4.33,51.71],[4.27,51.18],[5.2,51.05],[5.86,51.58],[4.33,51.71]]],[[[20.93,37.9],[20.92,37.64],[20.61,37.71],[20.93,37.9]]],[[[20.57,38.42],[20.79,38.09],[20.32,38.16],[20.57,38.42]]],[[[23.56,38.74],[23.48,38.74],[23.49,38.8],[23.56,38.74]]],[[[1.26,39.13],[1.65,39.13],[1.66,39.0],[1.27,38.8],[1.26,39.13]]],[[[20.07,39.64],[20.15,39.64],[20.15,39.58],[20.07,39.64]]],[[[2.35,39.45],[2.34,39.64],[3.19,39.97],[3.52,39.77],[3.3,39.32],[2.35,39.45]]],[[[4.22,40.1],[4.3,39.84],[3.83,39.9],[4.22,40.1]]],[[[9.59,39.13],[8.34,39.0],[8.15,40.94],[9.5,41.2],[9.59,39.13]]],[[[9.1,41.33],[8.62,41.72],[8.53,42.5],[9.49,43.02],[9.58,41.98],[9.1,41.33]]],[[[10.46,42.89],[10.46,42.69],[10.21,42.69],[10.46,42.89]]],[[[14.51,44.91],[14.5,44.52],[14.26,44.58],[14.51,44.91]]],[[[1.72,52.72],[1.59,52.12],[0.52,51.51],[1.38,51.38],[1.31,51.11],[-2.61,50.58],[-3.26,51.18],[-2.95,51.51],[-3.88,51.51],[-1.6,53.39],[-2.1,55.02],[-3.21,54.82],[-2.82,55.23],[-1.61,55.36],[-1.29,54.68],[-0.2,54.21],[0.3,53.39],[0.07,52.99],[1.72,52.72]]],[[[34.09,35.0],[33.04,34.55],[32.23,34.94],[34.54,35.71],[34.09,35.0]]],[[[25.68,35.13],[26.23,35.19],[24.82,35.0],[23.62,35.52],[25.68,35.13]]],[[[28.02,36.48],[28.25,36.48],[28.14,36.03],[27.74,35.9],[28.02,36.48]]],[[[27.19,36.8],[26.87,36.67],[27.04,36.93],[27.19,36.8]]],[[[25.57,37.13],[25.56,37.0],[25.33,37.0],[25.57,37.13]]],[[[24.36,37.71],[24.43,37.58],[24.27,37.51],[24.36,37.71]]],[[[25.22,37.71],[25.29,37.51],[25.05,37.51],[25.22,37.71]]],[[[26.31,37.71],[26.3,37.58],[25.99,37.51],[26.31,37.71]]],[[[24.77,38.03],[25.07,37.77],[24.83,37.71],[24.77,38.03]]],[[[26.22,38.55],[26.11,38.16],[25.88,38.16],[26.22,38.55]]],[[[24.67,38.93],[24.66,38.74],[24.36,38.87],[24.67,38.93]]],[[[25.79,39.19],[26.04,39.38],[26.64,39.0],[25.79,39.19]]],[[[25.46,40.03],[25.45,39.84],[24.97,39.84],[25.46,40.03]]],[[[26.04,40.29],[26.02,40.16],[25.7,40.1],[26.04,40.29]]],[[[24.81,40.81],[24.79,40.61],[24.55,40.55],[24.81,40.81]]]]}},{"type":"Feature","properties":{"n":"Later Qin","f":394,"t":394,"w":"Q1730130"},"geometry":{"type":"Polygon","coordinates":[[[106.92,37.0],[105.68,37.38],[109.58,37.9],[111.55,38.61],[110.8,37.32],[111.02,36.22],[110.59,35.0],[113.42,36.03],[114.89,35.32],[113.44,32.88],[110.17,32.3],[109.16,32.88],[107.65,32.94],[107.48,33.33],[106.03,33.33],[107.35,36.35],[106.92,37.0]]]}},{"type":"Feature","properties":{"n":"Vandals","f":394,"t":406,"w":"Q42211"},"geometry":{"type":"MultiPolygon","coordinates":[[[[17.08,48.46],[17.73,48.13],[19.22,48.13],[19.68,47.47],[19.33,47.01],[19.36,46.02],[20.0,45.82],[20.06,45.37],[19.0,45.37],[18.84,47.07],[19.19,47.47],[18.87,47.8],[13.68,48.59],[13.69,48.85],[17.08,48.46]]],[[[19.58,47.14],[19.66,47.14],[19.66,47.07],[19.58,47.14]]],[[[17.33,48.46],[17.42,48.46],[17.41,48.39],[17.33,48.46]]]]}},{"type":"Feature","properties":{"n":"Later Yan","f":394,"t":394,"w":"Q1534482"},"geometry":{"type":"MultiPolygon","coordinates":[[[[125.08,40.74],[124.23,39.84],[122.94,39.64],[121.42,38.74],[121.03,38.74],[121.69,39.38],[121.21,39.51],[122.23,40.48],[121.82,40.87],[121.11,40.87],[118.99,39.19],[117.78,39.13],[117.77,38.35],[119.46,37.96],[119.16,37.19],[120.75,37.9],[122.71,37.45],[122.5,36.87],[120.98,36.61],[118.58,34.74],[117.53,34.81],[117.31,35.19],[116.2,34.94],[115.98,35.32],[114.89,35.32],[113.73,36.03],[110.59,35.0],[111.02,36.22],[110.8,37.32],[111.27,38.35],[112.58,39.58],[115.08,39.84],[117.48,41.33],[121.02,41.26],[123.17,41.91],[125.08,40.74]]],[[[83.03,50.91],[82.86,50.91],[83.01,51.05],[83.03,50.91]]]]}},{"type":"Feature","properties":{"n":"Northern Wei","f":395,"t":396,"w":"Q875305"},"geometry":{"type":"Polygon","coordinates":[[[122.93,41.91],[121.02,41.26],[117.76,41.39],[116.35,40.87],[114.19,39.19],[114.05,38.74],[114.5,38.22],[113.57,36.03],[111.0,35.07],[110.54,35.07],[111.02,36.22],[110.73,37.0],[111.55,38.61],[109.58,37.9],[106.25,37.45],[107.52,39.38],[107.23,39.77],[111.57,40.68],[113.82,42.17],[117.89,43.21],[123.56,43.41],[122.93,41.91]]]}},{"type":"Feature","properties":{"n":"Goguryeo","f":395,"t":401,"w":"Q28370"},"geometry":{"type":"Polygon","coordinates":[[[129.76,40.87],[127.58,39.77],[127.44,39.26],[128.36,38.8],[129.39,37.38],[127.99,36.8],[127.6,37.84],[126.52,37.58],[124.9,37.9],[125.39,39.38],[124.27,39.9],[125.04,41.07],[123.13,41.85],[126.47,42.82],[130.77,43.02],[130.77,42.43],[129.78,41.65],[129.76,40.87]]]}},{"type":"Feature","properties":{"n":"Baekje","f":395,"t":475,"w":"Q28428"},"geometry":{"type":"Polygon","coordinates":[[[126.12,34.36],[126.77,35.9],[126.05,36.8],[126.65,37.06],[126.6,37.58],[127.6,37.84],[128.09,36.22],[127.56,35.45],[127.52,34.55],[126.12,34.36]]]}},{"type":"Feature","properties":{"n":"Later Qin","f":395,"t":396,"w":"Q1730130"},"geometry":{"type":"Polygon","coordinates":[[[114.89,35.32],[113.44,32.88],[110.17,32.3],[109.16,32.88],[107.65,32.94],[107.48,33.33],[106.03,33.33],[106.93,35.9],[107.45,36.22],[106.92,37.0],[105.6,37.19],[111.55,38.61],[110.8,37.32],[111.02,36.22],[110.54,35.07],[113.57,36.03],[114.89,35.32]]]}},{"type":"Feature","properties":{"n":"Eastern Roman Empire","f":395,"t":395,"w":"Q12544"},"geometry":{"type":"MultiPolygon","coordinates":[[[[24.3,35.32],[26.23,35.19],[23.68,35.26],[23.62,35.52],[24.3,35.32]]],[[[14.34,36.03],[14.57,35.97],[14.57,35.77],[14.34,36.03]]],[[[22.89,36.42],[23.12,36.35],[23.11,36.16],[22.89,36.42]]],[[[24.36,37.71],[24.43,37.58],[24.27,37.51],[24.36,37.71]]],[[[25.22,37.71],[25.29,37.51],[25.05,37.51],[25.22,37.71]]],[[[20.62,37.9],[20.93,37.9],[20.92,37.64],[20.62,37.9]]],[[[24.77,38.03],[25.07,37.77],[24.83,37.71],[24.77,38.03]]],[[[20.57,38.42],[20.79,38.09],[20.32,38.16],[20.57,38.42]]],[[[23.57,38.8],[23.56,38.74],[23.48,38.74],[23.57,38.8]]],[[[24.67,38.93],[24.66,38.74],[24.36,38.87],[24.67,38.93]]],[[[20.15,39.58],[20.07,39.58],[20.07,39.64],[20.15,39.58]]],[[[24.49,40.81],[24.81,40.81],[24.79,40.61],[24.49,40.81]]],[[[28.48,43.47],[27.9,43.28],[27.49,42.43],[27.98,41.65],[28.96,41.13],[31.18,41.07],[32.63,41.91],[34.88,42.04],[35.95,41.72],[36.21,41.26],[38.3,40.87],[40.37,40.94],[41.84,41.65],[41.36,40.68],[41.67,40.16],[40.87,38.48],[41.68,36.42],[41.09,36.03],[41.11,35.0],[40.1,34.29],[39.12,34.49],[37.99,33.97],[36.9,33.07],[35.2,28.06],[34.59,28.06],[34.91,29.41],[34.12,27.74],[32.44,29.79],[35.85,23.88],[31.67,23.75],[30.46,23.36],[28.57,24.65],[28.15,27.35],[25.37,29.28],[21.94,30.56],[18.81,30.05],[20.2,30.89],[20.02,32.24],[21.88,32.94],[23.09,32.62],[23.3,32.17],[24.89,31.98],[25.25,31.46],[26.85,31.46],[28.87,30.82],[30.97,31.66],[32.83,31.01],[34.55,31.53],[35.64,34.36],[36.05,34.55],[35.84,36.29],[36.14,36.93],[35.49,36.61],[34.58,36.87],[33.98,36.29],[32.71,36.03],[31.09,36.93],[29.94,36.22],[29.24,36.22],[29.12,36.74],[28.59,36.87],[28.03,36.67],[28.07,37.13],[27.22,37.32],[27.28,38.03],[26.43,38.22],[26.38,38.67],[26.59,38.35],[27.08,38.55],[26.85,39.58],[26.13,39.51],[26.27,40.29],[29.05,40.36],[28.91,40.61],[29.49,40.87],[27.53,41.07],[26.92,40.48],[24.35,41.0],[23.7,40.81],[23.74,40.23],[22.57,40.55],[22.61,39.9],[23.14,39.45],[22.8,39.06],[23.49,38.87],[22.94,38.74],[24.18,38.55],[23.98,37.84],[23.04,37.9],[23.4,37.32],[22.71,37.58],[23.06,36.67],[22.36,36.67],[22.22,37.06],[21.74,36.87],[21.7,37.51],[21.24,37.84],[21.74,38.35],[21.19,38.42],[20.15,39.71],[19.76,39.64],[20.01,39.97],[19.25,40.61],[19.54,41.78],[19.0,42.17],[19.11,42.82],[20.29,45.17],[20.75,44.71],[22.69,44.65],[22.5,44.32],[22.95,43.8],[25.43,43.6],[27.83,44.19],[27.87,45.37],[29.66,45.37],[29.53,44.91],[28.8,44.97],[28.48,43.47]]],[[[33.04,34.55],[32.23,34.94],[34.54,35.71],[34.09,35.0],[33.04,34.55]]],[[[27.69,36.29],[28.25,36.48],[28.14,36.03],[27.74,35.9],[27.69,36.29]]],[[[27.19,36.8],[26.87,36.67],[27.04,36.93],[27.19,36.8]]],[[[25.57,37.13],[25.56,37.0],[25.33,37.0],[25.57,37.13]]],[[[26.08,37.71],[26.31,37.71],[26.3,37.58],[26.08,37.71]]],[[[26.22,38.55],[26.11,38.16],[25.88,38.16],[26.22,38.55]]],[[[25.79,39.19],[26.04,39.38],[26.64,39.0],[25.79,39.19]]],[[[25.07,40.03],[25.46,40.03],[25.45,39.84],[25.07,40.03]]],[[[26.04,40.29],[26.02,40.16],[25.7,40.1],[26.04,40.29]]]]}},{"type":"Feature","properties":{"n":"Later Yan","f":395,"t":401,"w":"Q1534482"},"geometry":{"type":"MultiPolygon","coordinates":[[[[125.08,40.74],[124.23,39.84],[122.94,39.64],[121.42,38.74],[121.03,38.74],[121.69,39.38],[121.21,39.51],[122.23,40.48],[121.82,40.87],[121.11,40.87],[118.99,39.19],[117.78,39.13],[117.77,38.35],[119.46,37.96],[119.16,37.19],[120.75,37.9],[122.71,37.45],[122.5,36.87],[120.98,36.61],[118.58,34.74],[117.53,34.81],[117.31,35.19],[116.2,34.94],[115.98,35.32],[114.89,35.32],[113.57,36.03],[114.5,38.22],[114.05,38.74],[114.19,39.19],[116.35,40.87],[117.76,41.39],[121.02,41.26],[122.93,41.91],[125.08,40.74]]],[[[83.03,50.91],[82.86,50.91],[83.01,51.05],[83.03,50.91]]]]}},{"type":"Feature","properties":{"n":"Huns","f":395,"t":395,"w":"Q45813"},"geometry":{"type":"MultiPolygon","coordinates":[[[[44.7,43.67],[44.78,43.67],[44.76,43.6],[44.7,43.67]]],[[[36.42,45.43],[36.37,45.1],[35.41,45.17],[33.93,44.45],[33.52,44.45],[33.61,45.1],[32.6,45.43],[34.15,46.09],[35.02,45.3],[36.42,45.43]]],[[[29.66,45.37],[29.58,45.37],[29.58,45.43],[29.66,45.37]]],[[[53.1,46.02],[53.18,46.02],[53.17,45.96],[53.1,46.02]]],[[[46.63,44.45],[47.41,43.54],[46.29,43.99],[44.13,43.67],[42.57,44.78],[38.75,44.25],[36.78,45.1],[36.75,45.43],[37.7,45.3],[37.59,45.63],[38.37,46.35],[37.84,46.61],[39.13,46.94],[39.2,47.33],[35.63,46.68],[34.74,46.15],[32.68,46.09],[31.82,46.35],[32.03,46.74],[30.88,46.68],[29.58,45.43],[27.87,45.37],[27.83,44.19],[25.43,43.6],[22.95,43.8],[22.5,44.32],[22.69,44.65],[20.75,44.71],[20.0,45.82],[20.19,46.22],[21.74,46.15],[22.95,48.19],[22.66,49.71],[24.36,50.85],[27.51,51.05],[32.2,50.25],[35.68,51.38],[36.77,51.31],[37.73,50.65],[38.39,50.11],[38.77,49.05],[39.51,48.59],[44.96,48.46],[46.59,47.6],[46.43,47.27],[47.46,46.35],[49.97,47.6],[52.02,47.86],[53.24,47.8],[54.52,46.74],[54.29,45.56],[53.67,45.37],[53.06,45.56],[53.35,46.35],[53.11,47.01],[51.58,47.14],[49.3,46.55],[47.33,45.43],[46.63,44.45]]],[[[32.56,50.45],[32.55,50.38],[32.47,50.38],[32.56,50.45]]]]}},{"type":"Feature","properties":{"n":"Ripuarian Franks","f":395,"t":395,"w":"Q316860"},"geometry":{"type":"Polygon","coordinates":[[[8.76,50.51],[8.27,49.85],[7.68,49.91],[7.75,50.31],[6.63,51.58],[4.56,52.32],[5.39,52.99],[5.74,52.65],[6.67,53.19],[7.1,52.99],[6.7,52.12],[8.76,50.51]]]}},{"type":"Feature","properties":{"n":"Western Roman Empire","f":395,"t":395,"w":"Q42834"},"geometry":{"type":"MultiPolygon","coordinates":[[[[11.08,35.0],[10.0,34.29],[10.24,33.71],[12.23,32.81],[13.76,32.88],[15.21,32.36],[15.65,31.4],[18.0,30.89],[18.9,30.37],[18.81,29.99],[15.18,30.89],[13.83,32.11],[11.77,32.3],[9.63,33.14],[8.85,34.74],[7.99,35.07],[7.59,36.61],[1.15,36.16],[-1.88,34.81],[-5.28,34.94],[-6.11,34.61],[-6.73,33.59],[-7.47,33.26],[-7.88,33.52],[-6.61,34.16],[-5.88,35.77],[-5.34,35.84],[-4.75,35.19],[-2.84,35.45],[-2.66,35.07],[-1.89,35.07],[0.68,36.42],[3.46,36.87],[5.56,36.67],[6.33,37.06],[8.52,36.87],[10.23,37.25],[10.23,36.8],[11.01,37.0],[10.46,35.9],[11.08,35.0]]],[[[1.27,38.8],[1.18,39.06],[1.65,39.13],[1.27,38.8]]],[[[3.52,39.77],[3.3,39.32],[2.35,39.45],[2.88,39.97],[3.52,39.77]]],[[[4.22,40.1],[4.3,39.84],[3.83,39.9],[4.22,40.1]]],[[[9.59,39.13],[8.34,39.0],[8.15,40.94],[9.5,41.2],[9.82,40.36],[9.59,39.13]]],[[[9.58,41.98],[9.1,41.33],[8.62,41.72],[8.53,42.5],[9.25,43.02],[9.58,41.98]]],[[[10.21,42.69],[10.13,42.89],[10.46,42.89],[10.21,42.69]]],[[[7.68,49.91],[8.35,49.65],[7.63,48.32],[7.64,47.53],[11.86,49.18],[14.26,48.26],[16.66,48.32],[19.19,47.47],[18.84,47.07],[18.92,45.5],[20.29,45.24],[19.41,43.93],[19.01,42.24],[17.51,42.76],[17.05,43.41],[15.37,43.86],[14.6,45.37],[13.78,44.91],[13.71,45.76],[12.16,45.5],[12.31,44.19],[13.67,43.41],[14.06,42.5],[14.92,41.98],[16.12,41.91],[15.94,41.39],[18.44,40.16],[18.11,39.9],[17.35,40.55],[16.62,40.29],[16.45,39.64],[17.14,39.06],[15.93,37.96],[15.39,38.16],[15.05,36.74],[12.49,37.9],[15.86,38.29],[16.27,38.93],[15.75,40.03],[12.6,41.52],[10.54,43.08],[10.21,43.99],[9.16,44.45],[6.28,43.15],[4.17,43.6],[3.14,43.28],[3.12,41.91],[0.7,40.94],[-0.35,39.71],[0.1,38.74],[-0.66,38.29],[-0.7,37.64],[-1.71,37.45],[-2.06,36.8],[-4.47,36.74],[-5.66,36.03],[-6.84,37.25],[-9.0,37.0],[-8.82,38.48],[-9.21,38.42],[-9.57,38.93],[-8.73,40.74],[-8.96,42.17],[-8.66,42.37],[-9.28,42.89],[-9.16,43.28],[-8.24,43.73],[-3.3,43.34],[-1.69,43.34],[-1.39,43.67],[-1.03,45.5],[-1.25,46.28],[-2.84,47.6],[-4.42,47.8],[-4.91,48.52],[-3.46,48.92],[-1.6,48.65],[-2.03,49.78],[0.01,49.38],[0.22,49.85],[1.55,50.05],[1.66,51.05],[3.41,51.45],[4.06,52.12],[5.93,51.98],[7.68,49.91]],[[5.86,51.58],[5.52,51.78],[4.33,51.71],[4.27,51.18],[5.86,51.58]]],[[[14.27,44.97],[14.51,44.91],[14.5,44.52],[14.27,44.97]]],[[[0.17,52.86],[1.09,53.06],[1.72,52.72],[1.59,52.12],[0.52,51.51],[1.38,51.38],[1.31,51.11],[0.49,50.78],[-2.61,50.58],[-3.26,51.18],[-2.95,51.51],[-3.88,51.51],[-1.6,53.39],[-2.1,55.02],[-3.21,54.82],[-2.82,55.23],[-1.61,55.36],[-1.29,54.68],[-0.2,54.21],[0.17,52.86]]]]}},{"type":"Feature","properties":{"n":"Ripuarian Franks","f":396,"t":406,"w":"Q316860"},"geometry":{"type":"Polygon","coordinates":[[[8.76,50.51],[8.27,49.85],[7.68,49.91],[7.75,50.31],[6.71,51.51],[4.56,52.32],[5.39,52.99],[5.74,52.65],[6.67,53.19],[7.1,52.99],[6.7,52.12],[8.76,50.51]]]}},{"type":"Feature","properties":{"n":"Western Roman Empire","f":396,"t":401,"w":"Q42834"},"geometry":{"type":"MultiPolygon","coordinates":[[[[11.08,35.0],[10.0,34.29],[10.24,33.71],[12.23,32.81],[13.76,32.88],[15.21,32.36],[15.65,31.4],[18.0,30.89],[18.9,30.37],[18.81,29.99],[15.18,30.89],[13.83,32.11],[11.77,32.3],[9.63,33.14],[8.85,34.74],[7.99,35.07],[7.59,36.61],[1.15,36.16],[-1.88,34.81],[-5.28,34.94],[-6.11,34.61],[-6.73,33.59],[-7.47,33.26],[-7.88,33.52],[-6.61,34.16],[-5.88,35.77],[-5.34,35.84],[-4.75,35.19],[-2.84,35.45],[-2.66,35.07],[-1.89,35.07],[0.68,36.42],[3.46,36.87],[5.56,36.67],[6.33,37.06],[8.52,36.87],[10.23,37.25],[10.23,36.8],[11.01,37.0],[10.46,35.9],[11.08,35.0]]],[[[1.27,38.8],[1.18,39.06],[1.65,39.13],[1.27,38.8]]],[[[3.52,39.77],[3.3,39.32],[2.35,39.45],[2.88,39.97],[3.52,39.77]]],[[[4.22,40.1],[4.3,39.84],[3.83,39.9],[4.22,40.1]]],[[[9.59,39.13],[8.34,39.0],[8.15,40.94],[9.5,41.2],[9.82,40.36],[9.59,39.13]]],[[[9.58,41.98],[9.1,41.33],[8.62,41.72],[8.53,42.5],[9.25,43.02],[9.58,41.98]]],[[[10.21,42.69],[10.13,42.89],[10.46,42.89],[10.21,42.69]]],[[[7.75,50.31],[7.68,49.91],[8.35,49.65],[7.63,48.32],[7.64,47.53],[11.86,49.18],[14.26,48.26],[16.66,48.32],[19.19,47.47],[18.84,47.07],[18.92,45.5],[20.29,45.24],[19.41,43.93],[19.01,42.24],[17.51,42.76],[17.05,43.41],[15.37,43.86],[14.6,45.37],[13.78,44.91],[13.71,45.76],[12.16,45.5],[12.31,44.19],[13.67,43.41],[14.06,42.5],[14.92,41.98],[16.12,41.91],[15.94,41.39],[18.44,40.16],[18.11,39.9],[17.35,40.55],[16.62,40.29],[16.45,39.64],[17.14,39.06],[15.93,37.96],[15.39,38.16],[15.05,36.74],[12.49,37.9],[15.86,38.29],[16.27,38.93],[15.75,40.03],[12.6,41.52],[10.54,43.08],[10.21,43.99],[9.16,44.45],[6.28,43.15],[4.17,43.6],[3.14,43.28],[3.12,41.91],[0.7,40.94],[-0.35,39.71],[0.1,38.74],[-0.66,38.29],[-0.7,37.64],[-1.71,37.45],[-2.06,36.8],[-4.47,36.74],[-5.66,36.03],[-6.84,37.25],[-9.0,37.0],[-8.82,38.48],[-9.21,38.42],[-9.57,38.93],[-8.73,40.74],[-8.96,42.17],[-8.66,42.37],[-9.28,42.89],[-9.16,43.28],[-8.24,43.73],[-3.3,43.34],[-1.69,43.34],[-1.39,43.67],[-1.03,45.5],[-1.25,46.28],[-2.84,47.6],[-4.42,47.8],[-4.91,48.52],[-3.46,48.92],[-1.6,48.65],[-2.03,49.78],[0.01,49.38],[0.22,49.85],[1.45,50.25],[1.66,51.05],[3.41,51.45],[4.06,52.12],[5.93,51.98],[7.75,50.31]],[[5.86,51.58],[5.52,51.78],[4.33,51.71],[4.27,51.18],[5.86,51.58]]],[[[14.27,44.97],[14.51,44.91],[14.5,44.52],[14.27,44.97]]],[[[0.17,52.86],[1.09,53.06],[1.72,52.72],[1.59,52.12],[0.52,51.51],[1.38,51.38],[1.31,51.11],[0.49,50.78],[-2.61,50.58],[-3.26,51.18],[-2.95,51.51],[-3.88,51.51],[-1.6,53.39],[-2.1,55.02],[-3.21,54.82],[-2.82,55.23],[-1.61,55.36],[-1.29,54.68],[-0.2,54.21],[0.17,52.86]]]]}},{"type":"Feature","properties":{"n":"Lazica","f":396,"t":396,"w":"Q136884"},"geometry":{"type":"Polygon","coordinates":[[[42.93,42.43],[42.62,41.59],[41.97,41.46],[41.8,42.82],[40.15,43.47],[41.05,43.54],[42.5,43.15],[42.93,42.43]]]}},{"type":"Feature","properties":{"n":"Eastern Roman Empire","f":396,"t":396,"w":"Q12544"},"geometry":{"type":"MultiPolygon","coordinates":[[[[24.3,35.32],[26.23,35.19],[23.68,35.26],[23.62,35.52],[24.3,35.32]]],[[[14.57,35.97],[14.57,35.77],[14.34,35.84],[14.57,35.97]]],[[[23.12,36.35],[23.11,36.16],[22.87,36.16],[23.12,36.35]]],[[[24.36,37.71],[24.43,37.58],[24.27,37.51],[24.36,37.71]]],[[[25.22,37.71],[25.29,37.51],[25.05,37.51],[25.22,37.71]]],[[[20.93,37.9],[20.92,37.64],[20.61,37.71],[20.93,37.9]]],[[[24.77,38.03],[25.07,37.77],[24.83,37.71],[24.77,38.03]]],[[[20.57,38.42],[20.79,38.09],[20.32,38.16],[20.57,38.42]]],[[[23.8,38.74],[24.18,38.55],[24.16,38.22],[23.63,38.48],[23.8,38.74]]],[[[23.56,38.74],[23.48,38.74],[23.49,38.8],[23.56,38.74]]],[[[24.67,38.93],[24.66,38.74],[24.36,38.87],[24.67,38.93]]],[[[20.15,39.58],[20.07,39.58],[20.07,39.64],[20.15,39.58]]],[[[25.46,40.03],[25.45,39.84],[24.97,39.84],[25.46,40.03]]],[[[24.49,40.81],[24.81,40.81],[24.79,40.61],[24.49,40.81]]],[[[39.12,34.49],[36.9,33.07],[35.2,28.06],[34.59,28.06],[34.91,29.41],[34.12,27.74],[32.44,29.79],[35.15,24.65],[35.86,24.01],[35.55,23.81],[31.67,23.75],[30.46,23.36],[28.57,24.65],[28.15,27.35],[25.37,29.28],[21.94,30.56],[18.81,30.05],[20.2,30.89],[20.02,32.24],[22.11,32.94],[23.09,32.62],[23.3,32.17],[24.89,31.98],[25.25,31.46],[26.85,31.46],[28.87,30.82],[30.97,31.66],[31.88,31.46],[32.0,31.08],[33.75,31.08],[34.63,31.66],[35.33,33.52],[35.63,33.39],[36.27,34.42],[36.19,35.9],[36.54,36.29],[41.23,37.13],[41.68,36.42],[41.09,36.03],[41.11,35.0],[40.1,34.29],[39.12,34.49]]],[[[33.04,34.55],[32.23,34.94],[34.54,35.71],[34.09,35.0],[33.04,34.55]]],[[[36.29,36.1],[36.05,36.1],[36.07,36.29],[36.29,36.1]]],[[[28.02,36.48],[28.25,36.48],[28.14,36.03],[27.74,35.9],[28.02,36.48]]],[[[27.19,36.8],[26.87,36.67],[27.04,36.93],[27.19,36.8]]],[[[25.57,37.13],[25.56,37.0],[25.33,37.0],[25.57,37.13]]],[[[38.88,37.06],[38.65,37.06],[38.67,37.25],[38.88,37.06]]],[[[26.31,37.71],[26.3,37.58],[25.99,37.51],[26.31,37.71]]],[[[26.22,38.55],[26.11,38.16],[25.88,38.16],[26.22,38.55]]],[[[25.79,39.19],[26.04,39.38],[26.64,39.0],[25.79,39.19]]],[[[26.04,40.29],[26.02,40.16],[25.7,40.1],[26.04,40.29]]],[[[24.35,41.0],[23.7,40.81],[23.74,40.23],[22.65,40.61],[22.61,39.9],[23.14,39.45],[22.8,39.06],[23.49,38.87],[22.94,38.87],[23.31,38.48],[23.06,38.16],[22.29,38.42],[22.66,37.96],[21.32,37.77],[21.74,38.35],[21.19,38.42],[20.15,39.71],[19.76,39.64],[20.01,39.97],[19.25,40.61],[19.54,41.78],[19.01,42.24],[19.41,43.93],[20.29,45.17],[20.75,44.71],[22.69,44.65],[22.5,44.32],[22.95,43.8],[25.43,43.6],[27.83,44.19],[27.87,45.37],[29.58,45.43],[29.53,44.91],[28.8,44.97],[28.48,43.47],[27.51,42.63],[27.98,41.65],[28.96,41.13],[31.18,41.07],[32.63,41.91],[35.12,42.04],[36.21,41.26],[40.21,40.94],[36.92,39.45],[35.98,36.87],[35.49,36.61],[34.58,36.87],[33.98,36.29],[32.71,36.03],[31.09,36.93],[29.94,36.22],[29.24,36.22],[29.12,36.74],[28.59,36.87],[28.03,36.67],[28.07,37.13],[27.22,37.32],[27.28,38.03],[26.43,38.22],[26.38,38.67],[26.59,38.35],[27.08,38.55],[26.85,39.58],[26.13,39.51],[26.27,40.29],[29.05,40.36],[28.91,40.61],[29.49,40.87],[27.53,41.07],[26.92,40.48],[24.35,41.0]]]]}},{"type":"Feature","properties":{"n":"Huns","f":396,"t":396,"w":"Q45813"},"geometry":{"type":"MultiPolygon","coordinates":[[[[46.63,44.45],[47.41,43.54],[46.29,43.99],[44.13,43.67],[42.57,44.78],[39.19,44.45],[40.15,43.47],[41.8,42.82],[41.97,41.46],[45.11,41.26],[45.59,40.42],[47.12,39.71],[46.34,38.87],[44.99,39.26],[44.03,37.64],[41.12,38.03],[41.23,37.13],[36.54,36.29],[36.19,35.9],[36.27,34.42],[35.63,33.39],[35.34,33.59],[36.05,34.55],[35.84,36.29],[36.29,36.8],[36.02,37.19],[36.92,39.45],[41.57,41.46],[41.82,41.98],[41.12,43.02],[40.42,43.15],[39.06,44.19],[36.78,45.1],[36.75,45.43],[37.7,45.3],[37.59,45.63],[38.37,46.35],[37.84,46.61],[39.13,46.94],[39.2,47.33],[35.63,46.68],[34.74,46.15],[32.68,46.09],[31.82,46.35],[32.03,46.74],[30.88,46.68],[29.58,45.43],[27.87,45.37],[27.83,44.19],[25.43,43.6],[22.95,43.8],[22.5,44.32],[22.69,44.65],[20.75,44.71],[20.0,45.82],[20.19,46.22],[21.74,46.15],[22.95,48.19],[22.66,49.71],[24.36,50.85],[27.51,51.05],[32.2,50.25],[35.68,51.38],[36.77,51.31],[37.73,50.65],[38.39,50.11],[38.77,49.05],[39.51,48.59],[44.96,48.46],[46.59,47.6],[46.43,47.27],[47.46,46.35],[49.97,47.6],[52.02,47.86],[53.24,47.8],[54.52,46.74],[54.29,45.56],[53.42,45.37],[53.06,45.56],[53.35,46.35],[53.11,47.01],[50.84,47.14],[47.57,45.76],[46.63,44.45]],[[38.88,37.06],[38.91,37.25],[38.67,37.25],[38.88,37.06]],[[36.29,36.1],[36.31,36.29],[36.07,36.29],[36.29,36.1]]],[[[44.78,43.67],[44.76,43.6],[44.68,43.6],[44.78,43.67]]],[[[36.42,45.43],[36.37,45.1],[35.41,45.17],[33.93,44.45],[33.52,44.45],[33.61,45.1],[32.6,45.43],[34.15,46.09],[35.02,45.3],[36.42,45.43]]],[[[29.66,45.37],[29.58,45.37],[29.58,45.43],[29.66,45.37]]],[[[53.18,46.02],[53.17,45.96],[53.08,45.96],[53.18,46.02]]],[[[32.56,50.45],[32.55,50.38],[32.47,50.38],[32.56,50.45]]]]}},{"type":"Feature","properties":{"n":"Visigoths","f":396,"t":396,"w":"Q23693"},"geometry":{"type":"Polygon","coordinates":[[[23.4,37.32],[22.71,37.58],[23.06,36.67],[22.36,36.67],[22.22,37.06],[21.74,36.87],[21.4,37.77],[21.88,38.09],[22.97,37.96],[23.31,38.48],[24.08,38.29],[23.98,37.84],[23.04,37.9],[23.4,37.32]]]}},{"type":"Feature","properties":{"n":"Sasanian Empire","f":396,"t":396,"w":"Q1661685"},"geometry":{"type":"MultiPolygon","coordinates":[[[[51.14,25.49],[51.21,25.49],[51.21,25.42],[51.14,25.49]]],[[[50.43,25.94],[50.46,26.26],[50.69,26.26],[50.43,25.94]]],[[[58.33,40.42],[59.77,40.16],[59.77,39.84],[60.71,39.51],[62.58,40.03],[65.11,38.55],[64.9,35.07],[66.99,33.33],[68.38,32.69],[69.02,31.72],[67.21,29.79],[66.93,28.57],[67.5,25.81],[67.11,25.1],[66.64,24.91],[66.35,25.55],[62.02,25.04],[57.96,25.55],[57.18,25.94],[56.71,27.16],[55.44,26.52],[55.54,26.77],[54.83,26.45],[53.66,26.71],[51.32,27.99],[50.06,30.18],[48.94,30.31],[47.85,29.41],[48.87,27.67],[50.13,26.77],[50.07,26.07],[50.65,25.1],[51.12,26.13],[51.7,25.87],[51.41,24.33],[51.91,24.01],[54.08,24.14],[56.48,26.39],[56.4,24.97],[56.79,24.33],[58.81,23.62],[59.27,22.91],[56.81,23.75],[56.09,24.84],[54.27,23.75],[51.88,23.69],[51.1,24.2],[51.32,25.87],[50.62,24.65],[49.67,25.87],[49.88,26.45],[48.55,27.48],[47.53,29.28],[47.65,29.67],[45.77,30.44],[44.81,31.34],[44.73,31.98],[43.9,32.04],[43.15,32.81],[40.1,34.29],[41.11,35.0],[41.09,36.03],[41.68,36.42],[41.12,38.03],[44.03,37.64],[44.99,39.26],[46.34,38.87],[47.12,39.71],[48.3,39.71],[48.92,39.19],[49.09,37.51],[52.19,36.55],[54.03,36.87],[54.09,37.19],[53.99,39.0],[53.14,39.45],[53.54,39.51],[53.5,40.03],[52.72,40.1],[52.89,40.87],[57.24,40.16],[58.33,40.42]]],[[[47.05,39.77],[47.13,39.77],[47.12,39.71],[47.05,39.77]]]]}},{"type":"Feature","properties":{"n":"(Allegiance of Kidarites to Sasanian Empire)","f":396,"t":396,"w":"Q26996"},"geometry":{"type":"MultiPolygon","coordinates":[[[[51.14,25.49],[51.21,25.49],[51.21,25.42],[51.14,25.49]]],[[[50.46,26.26],[50.69,26.26],[50.65,25.87],[50.46,26.26]]],[[[59.77,40.16],[59.77,39.84],[60.71,39.51],[62.58,40.03],[65.11,38.55],[73.69,39.45],[72.23,36.55],[72.47,35.97],[73.73,34.87],[73.37,34.04],[72.77,33.78],[72.14,34.04],[70.7,32.43],[69.29,31.91],[67.52,30.24],[66.93,28.57],[67.5,25.81],[67.11,25.1],[66.64,24.91],[66.35,25.55],[62.02,25.04],[57.96,25.55],[57.18,25.94],[56.71,27.16],[55.44,26.52],[55.54,26.77],[54.83,26.45],[53.66,26.71],[51.32,27.99],[50.06,30.18],[48.94,30.31],[47.85,29.41],[48.87,27.67],[50.13,26.77],[50.07,26.07],[50.65,25.1],[51.12,26.13],[51.7,25.87],[51.41,24.33],[51.91,24.01],[54.08,24.14],[56.48,26.39],[56.4,24.97],[56.79,24.33],[58.81,23.62],[59.27,22.91],[56.81,23.75],[56.09,24.84],[54.27,23.75],[51.88,23.69],[51.1,24.2],[51.32,25.87],[50.62,24.65],[49.67,25.87],[49.88,26.45],[48.55,27.48],[47.53,29.28],[47.65,29.67],[45.77,30.44],[44.81,31.34],[44.73,31.98],[43.9,32.04],[43.15,32.81],[40.1,34.29],[41.11,35.0],[41.09,36.03],[41.68,36.42],[41.12,38.03],[44.03,37.64],[44.99,39.26],[46.34,38.87],[47.12,39.71],[48.3,39.71],[48.92,39.19],[49.09,37.51],[52.19,36.55],[54.03,36.87],[54.09,37.19],[53.99,39.0],[53.14,39.45],[53.54,39.51],[53.5,40.03],[52.72,40.1],[52.89,40.87],[59.77,40.16]]],[[[72.6,36.16],[72.58,36.1],[72.5,36.1],[72.6,36.16]]],[[[47.13,39.77],[47.12,39.71],[47.04,39.71],[47.13,39.77]]]]}},{"type":"Feature","properties":{"n":"Later Qin","f":397,"t":401,"w":"Q1730130"},"geometry":{"type":"Polygon","coordinates":[[[114.89,35.32],[113.44,32.88],[110.17,32.3],[109.16,32.88],[107.65,32.94],[107.48,33.33],[106.03,33.33],[106.93,35.9],[107.45,36.22],[106.92,37.0],[105.6,37.19],[111.55,38.61],[110.8,37.32],[111.02,36.22],[110.59,35.0],[113.57,36.03],[114.89,35.32]]]}},{"type":"Feature","properties":{"n":"Lazica","f":397,"t":401,"w":"Q136884"},"geometry":{"type":"Polygon","coordinates":[[[42.93,42.43],[42.62,41.59],[41.97,41.46],[41.59,41.59],[41.61,42.63],[39.99,43.47],[40.74,43.6],[42.5,43.15],[42.93,42.43]]]}},{"type":"Feature","properties":{"n":"Eastern Roman Empire","f":397,"t":401,"w":"Q12544"},"geometry":{"type":"MultiPolygon","coordinates":[[[[24.3,35.32],[26.23,35.19],[23.68,35.26],[23.62,35.52],[24.3,35.32]]],[[[14.57,35.97],[14.57,35.77],[14.34,35.84],[14.57,35.97]]],[[[23.12,36.35],[23.11,36.16],[22.87,36.16],[23.12,36.35]]],[[[24.36,37.71],[24.43,37.58],[24.27,37.51],[24.36,37.71]]],[[[25.22,37.71],[25.29,37.51],[25.05,37.51],[25.22,37.71]]],[[[20.93,37.9],[20.92,37.64],[20.61,37.71],[20.93,37.9]]],[[[24.77,38.03],[25.07,37.77],[24.83,37.71],[24.77,38.03]]],[[[22.29,38.35],[22.66,37.96],[21.24,37.84],[22.29,38.35]]],[[[20.57,38.42],[20.79,38.09],[20.32,38.16],[20.57,38.42]]],[[[23.8,38.74],[24.18,38.55],[24.16,38.22],[23.63,38.48],[23.8,38.74]]],[[[20.73,38.61],[20.5,38.61],[20.59,38.87],[20.73,38.61]]],[[[23.56,38.74],[23.48,38.74],[23.49,38.8],[23.56,38.74]]],[[[24.67,38.93],[24.66,38.74],[24.36,38.87],[24.67,38.93]]],[[[19.91,39.58],[19.76,39.64],[19.76,39.77],[19.91,39.58]]],[[[24.81,40.81],[24.79,40.61],[24.55,40.55],[24.81,40.81]]],[[[40.1,34.29],[39.12,34.49],[36.9,33.07],[35.2,28.06],[34.59,28.06],[34.91,29.41],[34.12,27.74],[32.44,29.79],[35.85,23.88],[31.67,23.75],[30.46,23.36],[28.57,24.65],[28.15,27.35],[25.37,29.28],[21.94,30.56],[18.81,30.05],[20.2,30.89],[20.02,32.24],[21.88,32.94],[23.09,32.62],[23.3,32.17],[24.89,31.98],[25.25,31.46],[26.85,31.46],[28.87,30.82],[30.97,31.66],[31.88,31.46],[32.0,31.08],[33.98,31.14],[34.63,31.66],[35.64,34.36],[36.05,34.55],[35.88,35.9],[36.27,35.9],[36.87,36.42],[41.23,37.13],[41.68,36.42],[41.09,36.03],[41.11,35.0],[40.1,34.29]]],[[[33.04,34.55],[32.23,34.94],[34.54,35.71],[34.09,35.0],[33.04,34.55]]],[[[36.29,36.1],[36.05,36.1],[36.07,36.29],[36.29,36.1]]],[[[28.02,36.48],[28.25,36.48],[28.14,36.03],[27.74,35.9],[28.02,36.48]]],[[[27.19,36.8],[26.87,36.67],[27.04,36.93],[27.19,36.8]]],[[[25.57,37.13],[25.56,37.0],[25.33,37.0],[25.57,37.13]]],[[[38.88,37.06],[38.65,37.06],[38.67,37.25],[38.88,37.06]]],[[[26.31,37.71],[26.3,37.58],[25.99,37.51],[26.31,37.71]]],[[[26.22,38.55],[26.11,38.16],[25.88,38.16],[26.22,38.55]]],[[[25.79,39.19],[26.04,39.38],[26.64,39.0],[25.79,39.19]]],[[[25.46,40.03],[25.45,39.84],[24.97,39.84],[25.46,40.03]]],[[[26.04,40.29],[26.02,40.16],[25.7,40.1],[26.04,40.29]]],[[[24.35,41.0],[23.7,40.81],[23.74,40.23],[22.65,40.61],[22.61,39.9],[23.14,39.45],[22.8,39.06],[23.34,39.0],[23.49,38.8],[21.53,38.93],[20.43,40.42],[19.33,40.74],[19.54,41.78],[19.0,42.17],[19.41,43.93],[20.29,45.17],[20.75,44.71],[22.69,44.65],[22.5,44.32],[22.95,43.8],[25.43,43.6],[27.83,44.19],[27.87,45.37],[29.58,45.43],[29.53,44.91],[28.8,44.97],[28.48,43.47],[27.51,42.63],[27.98,41.65],[28.96,41.13],[31.18,41.07],[32.63,41.91],[35.12,42.04],[36.21,41.26],[40.21,40.94],[36.92,39.45],[35.98,36.87],[35.49,36.61],[34.58,36.87],[33.98,36.29],[32.71,36.03],[31.09,36.93],[29.94,36.22],[29.24,36.22],[29.12,36.74],[28.59,36.87],[28.03,36.67],[28.07,37.13],[27.22,37.32],[27.28,38.03],[26.43,38.22],[26.38,38.67],[26.59,38.35],[27.08,38.55],[26.85,39.58],[26.13,39.51],[26.27,40.29],[29.05,40.36],[28.91,40.61],[29.49,40.87],[27.53,41.07],[26.92,40.48],[24.35,41.0]]]]}},{"type":"Feature","properties":{"n":"Huns","f":397,"t":406,"w":"Q45813"},"geometry":{"type":"MultiPolygon","coordinates":[[[[45.11,41.26],[45.59,40.42],[47.12,39.71],[46.34,38.87],[44.99,39.26],[44.03,37.64],[41.12,38.03],[41.23,37.13],[36.87,36.42],[35.96,35.9],[35.85,36.35],[36.29,36.8],[36.02,37.19],[36.92,39.45],[41.59,41.59],[45.11,41.26]],[[38.88,37.06],[38.91,37.25],[38.67,37.25],[38.88,37.06]],[[36.29,36.1],[36.31,36.29],[36.07,36.29],[36.29,36.1]]],[[[44.78,43.67],[44.76,43.6],[44.68,43.6],[44.78,43.67]]],[[[36.42,45.43],[36.37,45.1],[35.41,45.17],[33.93,44.45],[33.52,44.45],[33.61,45.1],[32.6,45.43],[34.15,46.09],[35.02,45.3],[36.42,45.43]]],[[[29.66,45.37],[29.58,45.37],[29.58,45.43],[29.66,45.37]]],[[[53.18,46.02],[53.17,45.96],[53.08,45.96],[53.18,46.02]]],[[[46.63,44.45],[47.41,43.54],[46.29,43.99],[44.13,43.67],[42.57,44.78],[38.75,44.25],[36.78,45.1],[36.75,45.43],[37.7,45.3],[37.59,45.63],[38.37,46.35],[37.84,46.61],[39.13,46.94],[39.2,47.33],[35.63,46.68],[34.74,46.15],[32.68,46.09],[31.82,46.35],[32.03,46.74],[30.88,46.68],[29.58,45.43],[27.87,45.37],[27.83,44.19],[25.43,43.6],[22.95,43.8],[22.5,44.32],[22.69,44.65],[20.75,44.71],[20.0,45.82],[20.19,46.22],[21.74,46.15],[22.95,48.19],[22.66,49.71],[24.36,50.85],[27.51,51.05],[32.2,50.25],[35.68,51.38],[36.77,51.31],[37.73,50.65],[38.39,50.11],[38.77,49.05],[39.51,48.59],[44.96,48.46],[46.59,47.6],[46.43,47.27],[47.46,46.35],[49.97,47.6],[52.02,47.86],[53.24,47.8],[54.52,46.74],[54.29,45.56],[53.67,45.37],[53.06,45.56],[53.35,46.35],[53.11,47.01],[51.58,47.14],[49.3,46.55],[47.33,45.43],[46.63,44.45]]],[[[32.56,50.45],[32.55,50.38],[32.47,50.38],[32.56,50.45]]]]}},{"type":"Feature","properties":{"n":"Xionites","f":397,"t":401,"w":"Q26264"},"geometry":{"type":"MultiPolygon","coordinates":[[[[78.29,41.13],[78.34,39.45],[77.47,38.48],[73.77,39.45],[65.11,38.55],[62.61,39.84],[63.02,40.48],[62.29,41.85],[62.76,42.37],[69.53,42.04],[71.46,43.02],[74.3,43.34],[75.88,42.82],[76.24,41.85],[76.8,41.85],[76.98,41.46],[77.8,41.52],[78.29,41.13]]],[[[62.38,41.33],[62.46,41.33],[62.44,41.26],[62.38,41.33]]],[[[62.32,41.39],[62.4,41.39],[62.38,41.33],[62.32,41.39]]]]}},{"type":"Feature","properties":{"n":"Northern Liang","f":397,"t":401,"w":"Q1539360"},"geometry":{"type":"Polygon","coordinates":[[[102.26,39.77],[100.7,38.35],[100.41,38.61],[100.23,38.35],[99.2,39.26],[97.91,39.0],[96.76,39.45],[96.7,38.74],[96.36,38.67],[95.32,39.38],[93.3,39.45],[93.09,39.9],[93.36,40.55],[95.23,41.0],[96.93,41.07],[100.89,39.71],[102.26,39.77]]]}},{"type":"Feature","properties":{"n":"Southern Liang","f":397,"t":409,"w":"Q1069868"},"geometry":{"type":"Polygon","coordinates":[[[103.36,34.23],[101.61,34.94],[102.57,35.64],[102.87,36.61],[104.35,36.61],[103.36,34.23]]]}},{"type":"Feature","properties":{"n":"Caucasian Iberia","f":397,"t":401,"w":"Q19083"},"geometry":{"type":"Polygon","coordinates":[[[45.7,42.24],[44.15,41.2],[43.34,41.13],[42.62,41.59],[42.93,42.43],[42.5,43.15],[45.68,42.56],[45.7,42.24]]]}},{"type":"Feature","properties":{"n":"(Allegiance of Kidarites to Sasanian Empire)","f":397,"t":401,"w":"Q26996"},"geometry":{"type":"MultiPolygon","coordinates":[[[[51.14,25.49],[51.21,25.49],[51.21,25.42],[51.14,25.49]]],[[[50.46,26.26],[50.69,26.26],[50.65,25.87],[50.46,26.26]]],[[[59.77,40.16],[59.77,39.84],[60.71,39.51],[62.58,40.03],[65.11,38.55],[73.69,39.45],[72.23,36.55],[72.47,35.97],[73.73,34.87],[73.37,34.04],[72.77,33.78],[72.14,34.04],[70.7,32.43],[69.29,31.91],[67.52,30.24],[66.93,28.57],[67.5,25.81],[67.11,25.1],[66.64,24.91],[66.35,25.55],[62.02,25.04],[57.96,25.55],[57.18,25.94],[56.71,27.16],[55.44,26.52],[55.54,26.77],[54.83,26.45],[53.66,26.71],[51.32,27.99],[50.06,30.18],[48.94,30.31],[47.85,29.41],[48.87,27.67],[50.13,26.77],[50.07,26.07],[50.65,25.1],[51.12,26.13],[51.7,25.87],[51.41,24.33],[51.91,24.01],[54.08,24.14],[56.48,26.39],[56.4,24.97],[56.79,24.33],[58.81,23.62],[59.27,22.91],[56.81,23.75],[56.09,24.84],[54.27,23.75],[51.88,23.69],[51.1,24.2],[51.32,25.87],[50.62,24.65],[49.67,25.87],[49.88,26.45],[48.55,27.48],[47.53,29.28],[47.65,29.67],[45.77,30.44],[44.81,31.34],[44.73,31.98],[43.9,32.04],[43.15,32.81],[40.1,34.29],[41.11,35.0],[41.09,36.03],[41.68,36.42],[41.12,38.03],[44.03,37.64],[44.99,39.26],[46.34,38.87],[47.12,39.71],[48.3,39.71],[48.92,39.19],[49.09,37.51],[52.19,36.55],[54.03,36.87],[54.09,37.19],[53.99,39.0],[53.14,39.45],[53.54,39.51],[53.5,40.03],[52.72,40.1],[52.89,40.87],[59.77,40.16]]],[[[72.6,36.16],[72.58,36.1],[72.5,36.1],[72.6,36.16]]],[[[47.13,39.77],[47.12,39.71],[47.04,39.71],[47.13,39.77]]]]}},{"type":"Feature","properties":{"n":"Sasanian Empire","f":397,"t":401,"w":"Q1661685"},"geometry":{"type":"MultiPolygon","coordinates":[[[[51.14,25.49],[51.21,25.49],[51.21,25.42],[51.14,25.49]]],[[[50.43,25.94],[50.46,26.26],[50.69,26.26],[50.43,25.94]]],[[[58.33,40.42],[59.77,40.16],[59.77,39.84],[60.71,39.51],[62.58,40.03],[65.11,38.55],[64.9,35.07],[66.99,33.33],[68.38,32.69],[69.02,31.72],[67.21,29.79],[66.93,28.57],[67.5,25.81],[67.11,25.1],[66.64,24.91],[66.35,25.55],[62.02,25.04],[57.96,25.55],[57.18,25.94],[56.71,27.16],[55.44,26.52],[55.54,26.77],[54.83,26.45],[53.66,26.71],[51.32,27.99],[50.06,30.18],[48.94,30.31],[47.85,29.41],[48.87,27.67],[50.13,26.77],[50.07,26.07],[50.65,25.1],[51.12,26.13],[51.7,25.87],[51.41,24.33],[51.91,24.01],[54.08,24.14],[56.48,26.39],[56.4,24.97],[56.79,24.33],[58.81,23.62],[59.27,22.91],[56.81,23.75],[56.09,24.84],[54.27,23.75],[51.88,23.69],[51.1,24.2],[51.32,25.87],[50.62,24.65],[49.67,25.87],[49.88,26.45],[48.55,27.48],[47.53,29.28],[47.65,29.67],[45.77,30.44],[44.81,31.34],[44.73,31.98],[43.9,32.04],[43.15,32.81],[40.1,34.29],[41.11,35.0],[41.09,36.03],[41.68,36.42],[41.12,38.03],[44.03,37.64],[44.99,39.26],[46.34,38.87],[47.12,39.71],[48.3,39.71],[48.92,39.19],[49.09,37.51],[52.19,36.55],[54.03,36.87],[54.09,37.19],[53.99,39.0],[53.14,39.45],[53.54,39.51],[53.5,40.03],[52.72,40.1],[52.89,40.87],[57.24,40.16],[58.33,40.42]]],[[[47.05,39.77],[47.13,39.77],[47.12,39.71],[47.05,39.77]]]]}},{"type":"Feature","properties":{"n":"Western Qin","f":397,"t":401,"w":"Q1668970"},"geometry":{"type":"Polygon","coordinates":[[[106.28,34.42],[106.37,33.65],[105.7,33.07],[103.21,33.39],[103.7,35.77],[104.74,37.0],[106.92,37.0],[107.32,36.29],[106.28,34.42]]]}},{"type":"Feature","properties":{"n":"Northern Wei","f":397,"t":401,"w":"Q875305"},"geometry":{"type":"Polygon","coordinates":[[[122.93,41.91],[121.02,41.26],[117.76,41.39],[116.35,40.87],[114.19,39.19],[114.05,38.74],[114.5,38.22],[113.57,36.03],[111.36,35.19],[110.59,35.0],[110.54,35.45],[111.02,36.22],[110.8,37.32],[111.55,38.61],[106.25,37.45],[107.52,39.38],[107.23,39.77],[111.57,40.68],[113.82,42.17],[117.89,43.21],[123.56,43.41],[122.93,41.91]]]}},{"type":"Feature","properties":{"n":"Tuyuhun","f":397,"t":401,"w":"Q1196201"},"geometry":{"type":"MultiPolygon","coordinates":[[[[102.69,37.13],[102.92,36.35],[102.57,35.64],[96.4,36.55],[92.6,37.64],[90.39,38.03],[88.72,38.8],[94.58,39.51],[96.36,38.67],[96.7,38.74],[96.76,39.45],[97.91,39.0],[99.2,39.26],[99.81,38.48],[100.7,38.35],[102.69,37.13]]],[[[91.32,37.77],[91.34,37.84],[91.42,37.84],[91.32,37.77]]]]}},{"type":"Feature","properties":{"n":"Later Liang","f":397,"t":401,"w":"Q2314869"},"geometry":{"type":"Polygon","coordinates":[[[103.71,37.9],[106.02,37.45],[104.35,36.61],[102.87,36.61],[102.1,37.77],[101.7,37.58],[100.7,38.35],[102.26,39.77],[104.61,39.9],[104.61,39.38],[103.61,38.74],[104.03,38.8],[103.71,37.9]]]}},{"type":"Feature","properties":{"n":"Visigoths","f":397,"t":401,"w":"Q23693"},"geometry":{"type":"MultiPolygon","coordinates":[[[[24.08,38.29],[23.98,37.84],[23.04,37.9],[23.4,37.32],[22.71,37.58],[23.06,36.67],[22.36,36.67],[22.22,37.06],[21.74,36.87],[21.39,37.71],[21.88,38.09],[22.97,37.96],[22.99,38.29],[21.19,38.42],[19.25,40.74],[20.43,40.42],[21.53,38.93],[22.94,38.87],[24.08,38.29]]],[[[20.15,39.58],[20.07,39.58],[20.07,39.64],[20.15,39.58]]]]}}]}