{"type":"FeatureCollection","act":{"from":-400,"to":-300,"years_inclusive":[-400,-301]},"attribution":{"source":"Cliopatria v0.2.0 (Seshat Global History Databank)","release":"GitHub tag v0.2.0 — https://github.com/Seshat-Global-History-Databank/cliopatria/releases/tag/v0.2.0","release_archive_sha256":"04e9f0d8ecb1d18a0cbb7d37a0b963a2c0ca4ebc2935708d27cc5d5131e4d5b8","internal_label_note":"The payload self-identifies as \"cliopatria_polities_only_v012\"; cite the release tag, not that label.","licence":"CC BY 4.0 — https://creativecommons.org/licenses/by/4.0/","citation":"Bennett, J.S., Mutch, E., Tollefson, A. et al. (2025). Cliopatria — A geospatial database of world-wide political entities from 3400BCE to 2024CE. Scientific Data 12, 247. https://doi.org/10.1038/s41597-025-04516-9","changes_made":"Changes were made. Features filtered to those overlapping this act window; polygons simplified with Douglas-Peucker at 0.25 degrees (topology preserved), invalid geometries repaired, and coordinates snapped to a 0.01 degree grid (2 decimal places); properties reduced to Name (n), FromYear (f), ToYear (t) and Wikidata Q-ID (w)."},"features":[{"type":"Feature","properties":{"n":"Hadhramaut","f":-700,"t":-351,"w":"Q1517159"},"geometry":{"type":"MultiPolygon","coordinates":[[[[50.75,15.01],[49.41,14.69],[46.15,15.52],[46.55,16.16],[46.7,16.1],[50.12,16.61],[51.89,16.61],[50.75,15.01]]],[[[46.63,16.16],[46.63,16.23],[46.71,16.23],[46.63,16.16]]]]}},{"type":"Feature","properties":{"n":"Olmec Civilization","f":-650,"t":-367,"w":"Q135364"},"geometry":{"type":"Polygon","coordinates":[[[-94.23,17.58],[-95.95,18.61],[-95.47,18.8],[-94.92,18.16],[-92.69,18.54],[-94.23,17.58]]]}},{"type":"Feature","properties":{"n":"Kingdom of Kush","f":-630,"t":337,"w":"Q241790"},"geometry":{"type":"Polygon","coordinates":[[[34.26,19.64],[36.05,16.81],[34.71,16.49],[34.68,15.78],[32.53,15.2],[31.73,15.59],[31.39,16.36],[30.54,23.36],[33.39,23.81],[33.82,23.49],[34.26,19.64]]]}},{"type":"Feature","properties":{"n":"Janapada of Aśmaka","f":-550,"t":-367,"w":"Q1194906"},"geometry":{"type":"Polygon","coordinates":[[[78.8,19.96],[78.37,19.51],[77.93,19.51],[78.16,20.21],[78.8,19.96]]]}},{"type":"Feature","properties":{"n":"Zapotec Civilization","f":-500,"t":-292,"w":"Q844750"},"geometry":{"type":"Polygon","coordinates":[[[-96.91,17.71],[-96.26,16.94],[-96.9,16.74],[-97.41,17.64],[-96.91,17.71]]]}},{"type":"Feature","properties":{"n":"Roman Republic","f":-480,"t":-338,"w":"Q175881"},"geometry":{"type":"Polygon","coordinates":[[[11.97,42.11],[12.45,42.11],[12.45,41.78],[11.97,42.11]]]}},{"type":"Feature","properties":{"n":"Sabaeans","f":-450,"t":-384,"w":"Q940785"},"geometry":{"type":"MultiPolygon","coordinates":[[[[45.84,15.33],[45.85,15.39],[45.92,15.39],[45.84,15.33]]],[[[46.47,15.97],[45.32,15.2],[42.75,15.14],[42.82,16.61],[42.49,17.19],[43.55,17.77],[43.95,16.94],[45.23,16.1],[46.47,15.97]]]]}},{"type":"Feature","properties":{"n":"Etruscans","f":-450,"t":-384,"w":"Q17161"},"geometry":{"type":"MultiPolygon","coordinates":[[[[9.58,41.98],[9.1,41.33],[8.62,41.72],[8.53,42.5],[9.49,43.02],[9.58,41.98]]],[[[10.13,42.76],[10.13,42.89],[10.46,42.95],[10.13,42.76]]],[[[11.91,43.73],[12.31,43.54],[12.45,42.11],[11.89,42.11],[10.54,43.08],[10.13,44.12],[10.62,44.71],[9.39,45.63],[10.53,45.69],[12.4,45.04],[11.91,43.73]]],[[[9.89,43.99],[9.89,44.06],[10.05,44.12],[9.89,43.99]]],[[[9.72,45.24],[9.72,45.17],[9.64,45.17],[9.72,45.24]]]]}},{"type":"Feature","properties":{"n":"Scythia","f":-404,"t":-351,"w":"Q131802"},"geometry":{"type":"MultiPolygon","coordinates":[[[[31.56,46.26],[31.51,46.37],[32.01,46.2],[31.56,46.26]]],[[[34.85,46.19],[35.05,45.3],[32.61,45.33],[33.59,46.1],[32.48,46.08],[31.55,46.55],[32.36,46.47],[32.86,46.93],[31.83,47.35],[29.39,47.15],[27.61,48.01],[26.92,49.03],[26.92,50.25],[28.25,50.99],[33.53,52.16],[41.33,52.62],[44.09,51.97],[45.34,50.03],[45.44,48.61],[42.87,47.19],[39.03,46.2],[40.14,47.09],[39.96,47.95],[37.52,47.49],[37.54,47.07],[34.85,46.19]]]]}},{"type":"Feature","properties":{"n":"Yuezhi","f":-404,"t":-384,"w":"Q467985"},"geometry":{"type":"Polygon","coordinates":[[[80.38,44.84],[81.12,42.3],[85.79,42.76],[90.22,41.91],[93.47,40.61],[93.17,39.9],[92.14,39.51],[86.44,38.35],[85.11,37.45],[81.26,36.61],[78.42,37.51],[77.03,38.8],[72.2,39.97],[72.1,40.42],[76.28,42.17],[75.14,43.21],[75.2,43.6],[74.79,43.8],[75.0,44.12],[73.97,44.84],[74.32,45.96],[75.45,46.55],[77.39,46.48],[78.57,45.17],[80.38,44.84]]]}},{"type":"Feature","properties":{"n":"Zhao","f":-404,"t":-367,"w":"Q1574107"},"geometry":{"type":"MultiPolygon","coordinates":[[[[114.7,36.29],[114.75,35.71],[114.3,35.39],[114.24,35.97],[113.62,35.97],[113.45,35.39],[111.08,35.45],[111.23,36.35],[112.49,37.45],[114.7,36.29]]],[[[116.15,38.55],[116.4,38.74],[115.86,39.38],[116.14,39.9],[117.03,40.1],[116.7,38.87],[117.12,38.61],[116.15,38.55]]]]}},{"type":"Feature","properties":{"n":"Song","f":-404,"t":-384,"w":"Q7462"},"geometry":{"type":"Polygon","coordinates":[[[117.23,34.1],[114.34,34.74],[115.23,35.39],[114.83,35.71],[115.65,36.16],[116.76,35.0],[117.97,34.74],[117.23,34.1]]]}},{"type":"Feature","properties":{"n":"Qi","f":-404,"t":-351,"w":"Q1143524"},"geometry":{"type":"Polygon","coordinates":[[[119.16,37.19],[120.75,37.9],[122.71,37.45],[122.5,36.87],[120.98,36.61],[120.05,35.77],[119.01,35.71],[117.97,34.74],[117.16,35.19],[116.91,36.03],[116.23,36.42],[115.6,36.22],[116.61,37.25],[117.23,38.67],[119.46,37.96],[119.16,37.19]]]}},{"type":"Feature","properties":{"n":"(Macedonian Empire)","f":-404,"t":-367,"w":"Q83958"},"geometry":{"type":"Polygon","coordinates":[[[22.7,40.03],[21.35,39.97],[21.38,40.42],[20.77,40.94],[21.28,41.52],[23.58,41.46],[24.04,41.13],[23.53,40.61],[22.81,40.61],[22.7,40.03]]]}},{"type":"Feature","properties":{"n":"Magadha - Shaishunaga dynasty","f":-404,"t":-351,"w":"Q972165"},"geometry":{"type":"Polygon","coordinates":[[[80.79,27.0],[84.32,27.67],[86.72,26.52],[91.2,25.23],[91.22,23.49],[91.66,22.98],[90.22,21.76],[89.88,22.02],[88.72,21.63],[88.63,22.08],[88.34,21.57],[88.09,21.95],[87.06,21.44],[87.02,20.6],[86.28,20.02],[85.36,21.5],[74.99,22.85],[74.36,23.24],[75.65,24.73],[80.79,27.0]]]}},{"type":"Feature","properties":{"n":"Achaemenid Empire","f":-404,"t":-384,"w":"Q389688"},"geometry":{"type":"MultiPolygon","coordinates":[[[[66.63,41.46],[67.29,40.74],[68.86,41.2],[69.65,40.16],[70.14,40.23],[70.64,39.51],[72.06,39.0],[72.82,35.52],[72.46,34.1],[71.53,33.39],[71.55,32.81],[69.2,31.85],[66.07,29.73],[64.2,29.41],[61.73,29.6],[59.89,28.96],[58.93,27.42],[59.36,25.36],[57.38,25.74],[56.71,27.16],[55.29,26.52],[55.54,26.77],[54.68,26.45],[53.66,26.71],[51.45,27.87],[50.06,30.18],[48.94,30.31],[48.09,29.54],[46.62,29.86],[46.59,30.31],[45.77,30.44],[43.15,32.81],[40.7,34.16],[39.12,34.49],[36.9,33.07],[35.81,29.22],[34.84,29.41],[34.35,27.74],[33.19,28.51],[32.44,29.79],[35.15,24.65],[35.79,24.07],[35.55,23.81],[31.67,23.75],[30.46,23.36],[29.67,24.2],[28.42,24.71],[27.24,27.03],[24.34,29.92],[20.96,30.89],[18.73,29.99],[20.2,30.89],[20.02,32.24],[21.88,32.94],[23.09,32.62],[23.3,32.17],[24.89,31.98],[25.25,31.46],[26.85,31.46],[28.87,30.82],[30.97,31.66],[32.83,31.01],[34.55,31.53],[35.64,34.36],[36.05,34.55],[35.84,36.29],[36.29,36.8],[34.58,36.87],[33.98,36.29],[32.56,36.03],[32.07,36.61],[30.62,36.93],[30.49,36.35],[29.24,36.22],[29.12,36.74],[27.48,37.58],[26.91,38.35],[27.44,39.19],[26.74,39.26],[27.17,39.64],[26.65,40.03],[27.46,40.36],[29.11,40.23],[28.91,40.61],[29.48,40.74],[29.37,41.2],[31.18,41.07],[32.63,41.91],[34.94,41.91],[37.87,40.68],[40.41,40.68],[41.72,41.91],[43.66,42.04],[44.04,41.07],[46.16,39.64],[49.38,39.97],[48.8,39.0],[48.88,37.71],[50.82,36.74],[52.19,36.55],[54.03,36.87],[53.97,38.93],[56.4,40.29],[58.3,42.17],[58.68,42.95],[58.44,43.54],[62.04,43.21],[66.63,41.46]],[[29.96,40.81],[29.79,40.68],[29.95,40.68],[29.96,40.81]]],[[[34.09,35.0],[33.04,34.55],[32.23,34.94],[34.54,35.71],[34.09,35.0]]],[[[40.46,41.0],[40.38,41.0],[40.39,41.07],[40.46,41.0]]],[[[58.52,42.69],[58.51,42.63],[58.43,42.63],[58.52,42.69]]],[[[62.16,43.34],[62.14,43.28],[62.06,43.28],[62.16,43.34]]]]}},{"type":"Feature","properties":{"n":"Qin","f":-404,"t":-367,"w":"Q1471995"},"geometry":{"type":"Polygon","coordinates":[[[109.51,34.61],[108.25,34.94],[108.17,35.52],[109.65,36.48],[112.17,37.25],[111.23,36.35],[110.59,34.81],[109.51,34.61]]]}},{"type":"Feature","properties":{"n":"Cimmerian Bosporus","f":-404,"t":-384,"w":"Q321371"},"geometry":{"type":"MultiPolygon","coordinates":[[[[36.07,45.24],[36.42,45.43],[36.37,45.1],[36.07,45.24]]],[[[36.75,45.43],[37.22,45.3],[37.1,45.1],[36.75,45.43]]]]}},{"type":"Feature","properties":{"n":"Wei","f":-404,"t":-367,"w":"Q320930"},"geometry":{"type":"Polygon","coordinates":[[[116.61,37.25],[114.61,36.1],[112.57,37.45],[115.9,39.9],[116.4,38.74],[116.15,38.55],[117.2,38.61],[116.61,37.25]]]}},{"type":"Feature","properties":{"n":"(Warring States China)","f":-404,"t":-384,"w":"Q185063"},"geometry":{"type":"Polygon","coordinates":[[[112.0,29.34],[110.23,29.99],[110.41,30.31],[109.48,30.95],[109.31,31.59],[109.78,33.33],[110.51,34.04],[109.23,34.87],[108.25,34.94],[108.22,35.64],[113.27,37.77],[115.9,39.9],[121.23,40.94],[118.99,39.19],[117.89,39.19],[117.6,38.48],[119.46,37.96],[119.16,37.19],[120.75,37.9],[122.71,37.45],[122.5,36.87],[120.98,36.61],[119.23,34.81],[120.39,34.29],[120.92,32.62],[121.99,31.85],[120.92,31.85],[122.0,31.08],[120.68,30.18],[121.48,30.31],[122.03,29.92],[121.82,29.54],[119.78,29.99],[117.88,29.54],[116.27,29.92],[116.12,30.37],[114.11,30.5],[113.27,29.54],[112.0,29.34]],[[113.16,34.87],[113.13,34.81],[113.24,34.87],[113.16,34.87]],[[113.26,34.74],[113.29,34.74],[113.29,34.81],[113.26,34.74]]]}},{"type":"Feature","properties":{"n":"Macedonian Empire","f":-404,"t":-367,"w":"Q83958"},"geometry":{"type":"Polygon","coordinates":[[[22.7,40.03],[21.35,39.97],[21.38,40.42],[20.77,40.94],[21.28,41.52],[23.58,41.46],[24.04,41.13],[23.53,40.61],[22.81,40.61],[22.7,40.03]]]}},{"type":"Feature","properties":{"n":"(Mahajanapadas)","f":-404,"t":-367,"w":"Q846025"},"geometry":{"type":"MultiPolygon","coordinates":[[[[78.16,20.21],[78.8,19.96],[78.37,19.51],[77.93,19.51],[78.16,20.21]]],[[[80.79,27.0],[84.32,27.67],[86.72,26.52],[91.2,25.23],[91.22,23.49],[91.66,22.98],[90.22,21.76],[89.88,22.02],[88.72,21.63],[88.63,22.08],[88.34,21.57],[88.09,21.95],[87.06,21.44],[87.02,20.6],[86.28,20.02],[85.36,21.5],[74.99,22.85],[74.36,23.24],[74.88,24.22],[80.79,27.0]]]]}},{"type":"Feature","properties":{"n":"Chu","f":-404,"t":-384,"w":"Q504759"},"geometry":{"type":"Polygon","coordinates":[[[114.11,30.5],[112.9,29.34],[110.23,29.99],[110.41,30.31],[109.48,30.95],[109.31,31.59],[109.78,33.33],[110.54,33.91],[109.59,34.61],[114.47,34.87],[114.65,34.55],[117.23,34.1],[119.01,35.71],[120.05,35.77],[118.93,35.19],[118.35,33.65],[118.85,32.81],[117.11,31.66],[116.84,30.69],[116.04,30.37],[114.11,30.5]]]}},{"type":"Feature","properties":{"n":"Odrysian Kingdom","f":-404,"t":-367,"w":"Q870517"},"geometry":{"type":"MultiPolygon","coordinates":[[[[28.13,41.59],[28.14,41.65],[28.22,41.65],[28.13,41.59]]],[[[28.13,41.59],[26.5,41.07],[24.04,41.13],[23.15,42.11],[24.08,43.73],[27.75,44.19],[27.73,44.78],[28.64,44.97],[27.99,43.41],[27.19,42.63],[28.13,41.59]]]]}},{"type":"Feature","properties":{"n":"Yue","f":-404,"t":-338,"w":"Q1936158"},"geometry":{"type":"Polygon","coordinates":[[[116.27,29.92],[116.1,30.31],[116.84,30.69],[117.11,31.66],[118.85,32.81],[118.35,33.65],[118.93,35.19],[119.62,35.52],[119.23,34.81],[120.39,34.29],[120.92,32.62],[121.99,31.85],[120.92,31.85],[122.0,31.08],[120.68,30.18],[121.48,30.31],[122.03,29.92],[121.42,29.47],[119.78,29.99],[117.96,29.54],[116.27,29.92]]]}},{"type":"Feature","properties":{"n":"Greek City-States","f":-404,"t":-384,"w":"Q148837"},"geometry":{"type":"MultiPolygon","coordinates":[[[[23.12,36.35],[23.11,36.16],[22.87,36.16],[23.12,36.35]]],[[[24.36,37.71],[24.43,37.58],[24.27,37.51],[24.36,37.71]]],[[[22.55,37.45],[22.57,37.77],[22.8,37.77],[22.55,37.45]]],[[[20.93,37.9],[20.92,37.64],[20.61,37.71],[20.93,37.9]]],[[[20.8,38.29],[20.79,38.09],[20.32,38.16],[20.8,38.29]]],[[[23.8,38.74],[24.18,38.55],[24.16,38.22],[23.63,38.48],[23.8,38.74]]],[[[23.56,38.74],[23.48,38.74],[23.49,38.8],[23.56,38.74]]],[[[17.98,40.61],[18.35,39.9],[17.35,40.55],[16.62,40.29],[16.45,39.64],[17.14,39.06],[15.93,37.96],[15.39,38.16],[15.21,37.0],[14.74,36.74],[14.83,37.77],[16.27,38.93],[15.75,40.03],[15.04,40.23],[14.66,40.81],[16.14,39.97],[16.88,40.74],[17.98,40.61]]],[[[24.67,38.93],[24.66,38.74],[24.36,38.87],[24.67,38.93]]],[[[22.29,38.42],[22.66,37.96],[21.33,38.03],[21.74,38.35],[20.74,38.8],[20.68,39.26],[21.64,39.51],[21.51,39.97],[21.92,40.16],[22.21,39.84],[22.7,40.03],[23.14,39.45],[22.8,39.06],[23.34,39.0],[23.49,38.8],[22.29,38.42]]],[[[0.1,38.8],[-0.13,38.55],[-0.57,39.51],[-0.2,39.97],[-0.31,39.13],[0.1,38.8]]],[[[19.91,39.58],[19.76,39.64],[19.76,39.77],[19.91,39.58]]],[[[19.79,40.36],[19.47,40.29],[19.44,41.33],[19.79,40.36]]],[[[3.85,43.6],[2.98,43.15],[3.04,41.85],[2.7,42.37],[2.74,43.21],[3.45,43.67],[4.73,43.86],[6.6,43.28],[3.85,43.6]]],[[[25.68,35.13],[26.23,35.19],[24.82,35.0],[23.62,35.52],[25.68,35.13]]],[[[27.19,36.8],[26.87,36.67],[27.04,36.93],[27.19,36.8]]],[[[25.57,37.13],[25.56,37.0],[25.33,37.0],[25.57,37.13]]],[[[25.22,37.71],[25.29,37.51],[25.05,37.51],[25.22,37.71]]],[[[26.3,37.58],[25.99,37.51],[26.08,37.71],[26.3,37.58]]],[[[25.07,37.77],[24.68,37.84],[24.77,38.03],[25.07,37.77]]],[[[26.22,38.55],[26.11,38.16],[25.88,38.16],[26.22,38.55]]],[[[26.92,38.55],[26.83,39.32],[27.3,39.38],[26.92,38.55]]],[[[25.79,39.19],[26.04,39.38],[26.64,39.0],[25.79,39.19]]],[[[25.46,40.03],[25.45,39.84],[24.97,39.84],[25.46,40.03]]],[[[26.13,39.51],[26.27,40.29],[27.47,40.42],[26.74,40.16],[26.7,39.77],[27.17,39.64],[26.13,39.51]]],[[[26.04,40.29],[26.02,40.16],[25.7,40.1],[26.04,40.29]]],[[[24.81,40.81],[24.79,40.61],[24.55,40.55],[24.81,40.81]]],[[[26.84,40.48],[24.35,41.0],[23.7,40.81],[23.74,40.23],[22.89,40.55],[24.04,41.13],[26.5,41.07],[28.13,41.59],[29.37,41.2],[29.26,40.87],[27.53,41.07],[26.84,40.48]]],[[[28.14,36.03],[27.74,35.9],[27.69,36.29],[28.02,36.48],[28.14,36.03]]],[[[27.22,37.32],[27.28,38.03],[26.43,38.22],[26.38,38.67],[27.29,38.22],[27.48,37.58],[28.24,37.38],[28.51,36.87],[28.03,36.67],[28.14,37.06],[27.22,37.32]]],[[[29.05,40.36],[29.21,40.42],[29.11,40.23],[27.7,40.29],[29.05,40.36]]],[[[29.95,40.68],[29.79,40.68],[29.88,40.81],[29.95,40.68]]],[[[40.41,40.68],[37.87,40.68],[36.51,41.13],[40.46,41.0],[40.41,40.68]]],[[[31.69,41.39],[31.59,41.2],[31.36,41.26],[31.69,41.39]]],[[[34.79,41.98],[35.12,42.04],[35.02,41.85],[34.79,41.98]]],[[[39.63,43.73],[41.41,42.89],[40.82,43.15],[39.63,43.73]]],[[[27.19,42.63],[28.8,44.97],[28.48,43.47],[27.51,42.63],[27.94,42.04],[27.61,41.98],[27.19,42.63]]],[[[39.96,43.8],[40.04,43.8],[40.03,43.73],[39.96,43.8]]],[[[36.04,45.04],[35.41,45.17],[33.52,44.45],[33.54,45.16],[36.26,45.43],[36.04,45.04]]],[[[30.88,46.68],[29.61,45.69],[31.08,47.01],[31.53,46.68],[30.88,46.68]]],[[[39.2,47.33],[38.35,47.2],[38.67,47.6],[39.2,47.33]]]]}},{"type":"Feature","properties":{"n":"Xu","f":-404,"t":-292,"w":"Q2650109"},"geometry":{"type":"Polygon","coordinates":[[[117.41,35.07],[117.02,34.87],[116.52,35.32],[117.41,35.07]]]}},{"type":"Feature","properties":{"n":"Yan","f":-404,"t":-292,"w":"Q1472004"},"geometry":{"type":"Polygon","coordinates":[[[117.89,39.19],[117.62,38.67],[116.7,38.87],[117.07,40.16],[121.23,40.94],[119.32,39.51],[117.89,39.19]]]}},{"type":"Feature","properties":{"n":"Later Zhou","f":-404,"t":-367,"w":"Q1154556"},"geometry":{"type":"Polygon","coordinates":[[[113.53,35.39],[113.26,34.94],[112.11,34.94],[112.32,35.45],[113.53,35.39]]]}},{"type":"Feature","properties":{"n":"Lu","f":-404,"t":-285,"w":"Q555994"},"geometry":{"type":"Polygon","coordinates":[[[116.29,35.32],[115.65,36.16],[116.23,36.42],[116.97,35.64],[116.29,35.32]]]}},{"type":"Feature","properties":{"n":"Peloponnesian League","f":-404,"t":-384,"w":"Q208742"},"geometry":{"type":"Polygon","coordinates":[[[23.04,37.77],[23.4,37.32],[22.57,37.77],[23.06,36.67],[22.36,36.67],[22.22,37.06],[21.74,36.87],[21.7,37.51],[21.24,37.84],[22.97,37.96],[22.45,38.42],[22.94,38.8],[24.08,38.29],[23.98,37.84],[23.04,37.77]]]}},{"type":"Feature","properties":{"n":"Carthage","f":-404,"t":-384,"w":"Q2429397"},"geometry":{"type":"MultiPolygon","coordinates":[[[[11.08,35.0],[10.0,34.29],[10.24,33.71],[12.23,32.81],[13.3,32.94],[15.06,32.43],[15.65,31.4],[17.85,30.95],[18.81,30.12],[15.57,31.14],[14.9,32.24],[9.62,33.33],[8.93,34.04],[8.85,34.74],[8.07,34.94],[7.59,36.61],[1.15,36.16],[-1.88,34.81],[-4.73,34.87],[-5.63,35.52],[-6.73,33.59],[-7.47,33.26],[-7.88,33.52],[-6.61,34.16],[-5.95,35.71],[-5.57,35.84],[-4.75,35.19],[-2.84,35.45],[-2.66,35.07],[-1.89,35.07],[0.68,36.42],[3.46,36.87],[5.56,36.67],[6.33,37.06],[8.52,36.87],[10.23,37.25],[10.23,36.8],[11.01,37.0],[10.46,35.9],[11.08,35.58],[11.08,35.0]]],[[[14.34,35.84],[14.34,36.03],[14.57,35.97],[14.34,35.84]]],[[[-5.23,36.48],[-5.58,36.03],[-6.25,36.61],[-5.45,36.35],[-5.31,36.55],[-4.56,36.87],[-3.85,36.8],[-5.23,36.48]]],[[[14.74,36.74],[12.49,37.9],[12.81,38.09],[12.73,37.84],[14.82,37.06],[14.74,36.74]]],[[[13.12,38.16],[13.67,37.96],[13.04,37.96],[13.12,38.16]]],[[[1.27,38.8],[1.18,39.06],[1.65,39.13],[1.27,38.8]]],[[[9.59,39.13],[8.34,39.0],[8.15,40.94],[9.1,41.26],[9.82,40.74],[9.59,39.13]]]]}},{"type":"Feature","properties":{"n":"Han","f":-404,"t":-367,"w":"Q1968654"},"geometry":{"type":"MultiPolygon","coordinates":[[[[113.29,34.61],[110.59,34.81],[111.08,35.45],[112.32,35.45],[112.11,34.94],[113.29,34.61]]],[[[113.45,35.39],[113.62,35.97],[114.24,35.97],[114.07,35.39],[113.45,35.39]]]]}},{"type":"Feature","properties":{"n":"Zheng","f":-404,"t":-384,"w":"Q197598"},"geometry":{"type":"Polygon","coordinates":[[[113.53,35.39],[114.98,35.71],[115.23,35.39],[114.47,34.87],[113.13,34.81],[113.53,35.39]]]}},{"type":"Feature","properties":{"n":"Wey","f":-404,"t":-367,"w":"Q1147897"},"geometry":{"type":"Polygon","coordinates":[[[115.36,36.74],[115.66,36.35],[114.83,35.71],[114.61,36.1],[115.36,36.74]]]}},{"type":"Feature","properties":{"n":"Carthage","f":-383,"t":-338,"w":"Q2429397"},"geometry":{"type":"MultiPolygon","coordinates":[[[[11.01,37.0],[10.46,35.9],[11.08,35.58],[11.08,35.0],[10.0,34.29],[10.24,33.71],[12.23,32.81],[13.3,32.94],[15.06,32.43],[15.65,31.4],[17.85,30.95],[18.81,30.12],[15.57,31.14],[14.9,32.24],[9.62,33.33],[8.93,34.04],[8.85,34.74],[8.07,34.94],[7.59,36.61],[1.15,36.16],[-1.88,34.81],[-4.73,34.87],[-5.63,35.52],[-6.73,33.59],[-7.47,33.26],[-7.88,33.52],[-6.61,34.16],[-5.95,35.71],[-5.57,35.84],[-4.75,35.19],[-2.84,35.45],[-2.66,35.07],[-1.89,35.07],[0.68,36.42],[3.46,36.87],[8.52,36.87],[8.9,37.13],[9.76,37.32],[10.23,37.25],[10.23,37.06],[10.15,37.0],[10.23,37.0],[10.23,36.8],[11.01,37.0]],[[13.07,32.88],[13.07,32.81],[13.15,32.81],[13.07,32.88]],[[8.83,37.0],[8.83,36.93],[8.9,36.93],[8.83,37.0]]],[[[14.34,35.84],[14.34,36.03],[14.57,35.97],[14.34,35.84]]],[[[-5.23,36.48],[-5.58,36.03],[-6.25,36.61],[-5.45,36.35],[-5.31,36.55],[-4.56,36.87],[-3.85,36.8],[-5.23,36.48]]],[[[12.81,38.09],[13.19,37.71],[12.49,37.71],[12.81,38.09]]],[[[13.12,38.16],[13.67,37.96],[13.04,37.96],[13.12,38.16]]],[[[1.27,38.8],[1.18,39.06],[1.65,39.13],[1.27,38.8]]],[[[9.59,39.13],[8.34,39.0],[8.15,40.94],[9.1,41.26],[9.82,40.74],[9.59,39.13]]]]}},{"type":"Feature","properties":{"n":"Zheng","f":-383,"t":-367,"w":"Q197598"},"geometry":{"type":"Polygon","coordinates":[[[113.53,35.39],[115.13,35.52],[114.47,34.87],[113.13,34.81],[113.53,35.39]]]}},{"type":"Feature","properties":{"n":"Thirtieth Dynasty of Egypt","f":-383,"t":-367,"w":"Q386303"},"geometry":{"type":"Polygon","coordinates":[[[28.87,30.82],[30.97,31.66],[32.84,31.08],[32.91,30.05],[32.43,29.6],[35.71,23.94],[31.67,23.75],[30.46,23.36],[29.67,24.2],[28.42,24.71],[27.24,27.03],[24.34,29.92],[20.96,30.89],[18.73,29.99],[20.12,30.76],[20.02,32.24],[20.64,32.69],[22.11,32.94],[23.9,32.04],[28.87,30.82]]]}},{"type":"Feature","properties":{"n":"Peloponnesian League","f":-383,"t":-367,"w":"Q208742"},"geometry":{"type":"Polygon","coordinates":[[[22.57,37.77],[23.06,36.67],[22.36,36.67],[22.22,37.06],[21.74,36.87],[21.7,37.51],[21.24,37.84],[23.29,38.09],[23.04,37.77],[23.41,37.38],[22.57,37.77]]]}},{"type":"Feature","properties":{"n":"Greek City-States","f":-383,"t":-367,"w":"Q148837"},"geometry":{"type":"MultiPolygon","coordinates":[[[[25.68,35.13],[26.23,35.19],[24.82,35.0],[23.62,35.52],[25.68,35.13]]],[[[23.12,36.35],[23.11,36.16],[22.87,36.16],[23.12,36.35]]],[[[25.57,37.13],[25.56,37.0],[25.33,37.0],[25.57,37.13]]],[[[24.36,37.71],[24.43,37.58],[24.27,37.51],[24.36,37.71]]],[[[25.22,37.71],[25.29,37.51],[25.05,37.51],[25.22,37.71]]],[[[22.55,37.45],[22.57,37.77],[22.8,37.77],[22.55,37.45]]],[[[20.93,37.9],[20.92,37.64],[20.61,37.71],[20.93,37.9]]],[[[25.07,37.77],[24.68,37.84],[24.77,38.03],[25.07,37.77]]],[[[20.8,38.29],[20.79,38.09],[20.32,38.16],[20.8,38.29]]],[[[23.56,38.74],[23.48,38.74],[23.49,38.8],[23.56,38.74]]],[[[17.98,40.61],[18.35,39.9],[17.35,40.55],[16.62,40.29],[16.45,39.64],[17.14,39.06],[15.93,37.96],[15.39,38.16],[15.05,36.74],[13.11,37.58],[14.98,37.06],[14.83,37.77],[15.15,38.16],[16.27,38.74],[15.75,40.03],[15.04,40.23],[14.66,40.81],[16.14,39.97],[16.88,40.74],[17.98,40.61]]],[[[24.67,38.93],[24.66,38.74],[24.36,38.87],[24.67,38.93]]],[[[21.33,38.03],[21.74,38.35],[21.19,38.42],[20.68,39.13],[21.64,39.51],[21.51,39.97],[21.92,40.16],[22.21,39.84],[22.7,40.03],[23.14,39.45],[22.8,39.06],[23.34,39.0],[23.49,38.8],[22.94,38.74],[24.18,38.55],[23.98,37.84],[22.52,38.29],[22.6,38.42],[22.28,38.22],[22.59,38.16],[22.66,37.96],[21.33,38.03]],[[22.2,38.16],[22.28,38.16],[22.28,38.22],[22.2,38.16]],[[22.91,38.29],[22.91,38.22],[22.98,38.22],[22.91,38.29]],[[22.43,38.09],[22.43,38.16],[22.35,38.16],[22.43,38.09]],[[21.14,38.93],[21.15,39.06],[20.99,39.06],[21.14,38.93]]],[[[0.1,38.8],[-0.13,38.55],[-0.57,39.51],[-0.2,39.97],[-0.31,39.13],[0.1,38.8]]],[[[19.91,39.58],[19.76,39.64],[19.76,39.77],[19.91,39.58]]],[[[25.46,40.03],[25.45,39.84],[24.97,39.84],[25.46,40.03]]],[[[24.81,40.81],[24.79,40.61],[24.55,40.55],[24.81,40.81]]],[[[19.79,40.36],[19.47,40.29],[19.44,41.33],[19.9,41.07],[19.79,40.36]]],[[[3.85,43.6],[2.98,43.15],[3.04,41.85],[2.7,42.37],[2.74,43.21],[3.45,43.67],[4.73,43.86],[6.6,43.28],[3.85,43.6]]],[[[33.04,34.55],[32.23,34.94],[34.54,35.71],[34.09,35.0],[33.04,34.55]]],[[[28.02,36.48],[28.25,36.48],[28.14,36.03],[27.74,35.9],[28.02,36.48]]],[[[27.89,36.87],[27.96,36.74],[27.56,36.67],[27.89,36.87]]],[[[27.19,36.8],[26.87,36.67],[27.04,36.93],[27.19,36.8]]],[[[27.44,37.13],[27.35,36.93],[27.19,36.93],[27.44,37.13]]],[[[26.31,37.71],[26.3,37.58],[25.99,37.51],[26.31,37.71]]],[[[26.22,38.55],[26.11,38.16],[25.88,38.16],[25.82,38.48],[26.22,38.55]]],[[[25.79,39.19],[26.51,39.32],[26.64,39.0],[25.79,39.19]]],[[[26.04,40.29],[26.02,40.16],[25.7,40.1],[26.04,40.29]]],[[[26.36,40.36],[26.68,40.42],[26.67,40.36],[26.26,40.1],[26.36,40.36]]],[[[26.84,40.48],[24.35,41.0],[23.7,40.81],[23.74,40.23],[22.89,40.55],[24.04,41.13],[26.5,41.07],[28.13,41.59],[29.37,41.2],[29.26,40.87],[27.53,41.07],[26.84,40.48]]],[[[37.87,40.68],[36.51,41.13],[36.77,41.33],[38.3,40.87],[39.21,41.13],[40.6,40.87],[37.87,40.68]]],[[[39.63,43.73],[41.41,42.89],[40.42,43.15],[39.63,43.73]]],[[[27.19,42.63],[28.8,44.97],[28.48,43.47],[27.51,42.63],[27.93,41.98],[27.19,42.63]]],[[[39.95,43.73],[39.96,43.8],[40.04,43.8],[39.95,43.73]]],[[[36.04,45.04],[35.41,45.17],[33.52,44.45],[33.54,45.16],[36.25,45.37],[36.04,45.04]]],[[[30.88,46.68],[29.61,45.69],[31.08,47.01],[31.53,46.68],[30.88,46.68]]],[[[39.2,47.33],[38.35,47.2],[38.67,47.6],[39.2,47.33]]]]}},{"type":"Feature","properties":{"n":"Sabaeans","f":-383,"t":-351,"w":"Q940785"},"geometry":{"type":"MultiPolygon","coordinates":[[[[45.84,15.33],[45.85,15.39],[45.92,15.39],[45.84,15.33]]],[[[46.47,15.97],[45.02,15.14],[42.82,15.07],[42.69,15.52],[42.81,16.42],[46.47,15.97]]]]}},{"type":"Feature","properties":{"n":"Minaeans","f":-383,"t":-189,"w":"Q1177379"},"geometry":{"type":"Polygon","coordinates":[[[45.21,15.91],[42.81,16.42],[42.49,17.19],[43.48,17.77],[44.09,16.81],[44.81,16.61],[45.21,15.91]]]}},{"type":"Feature","properties":{"n":"(Warring States China)","f":-383,"t":-367,"w":"Q185063"},"geometry":{"type":"Polygon","coordinates":[[[112.0,29.34],[110.23,29.99],[110.41,30.31],[109.48,30.95],[109.31,31.59],[109.78,33.33],[110.51,34.04],[109.23,34.87],[108.25,34.94],[108.22,35.64],[113.27,37.77],[115.9,39.9],[121.23,40.94],[118.99,39.19],[117.89,39.19],[117.6,38.48],[119.46,37.96],[119.16,37.19],[120.75,37.9],[122.71,37.45],[122.5,36.87],[120.98,36.61],[119.23,34.81],[120.39,34.29],[120.92,32.62],[121.99,31.85],[120.92,31.85],[122.0,31.08],[120.68,30.18],[121.48,30.31],[122.03,29.92],[121.82,29.54],[119.78,29.99],[117.88,29.54],[116.27,29.92],[116.12,30.37],[114.11,30.5],[113.27,29.54],[112.0,29.34]],[[113.16,34.87],[113.13,34.81],[113.24,34.87],[113.16,34.87]],[[113.26,34.74],[113.29,34.74],[113.29,34.81],[113.26,34.74]]]}},{"type":"Feature","properties":{"n":"Achaemenid Empire","f":-383,"t":-367,"w":"Q389688"},"geometry":{"type":"MultiPolygon","coordinates":[[[[66.63,41.46],[67.29,40.74],[68.86,41.2],[69.65,40.16],[70.14,40.23],[70.64,39.51],[72.06,39.0],[72.82,35.52],[72.46,34.1],[71.53,33.39],[71.55,32.81],[69.2,31.85],[66.23,29.79],[64.2,29.41],[61.73,29.6],[59.89,28.96],[58.93,27.42],[59.36,25.36],[57.38,25.74],[56.71,27.16],[55.44,26.52],[55.54,26.77],[54.83,26.45],[53.66,26.71],[51.32,27.99],[50.06,30.18],[48.94,30.31],[48.09,29.54],[46.62,29.86],[46.59,30.31],[45.77,30.44],[43.15,32.81],[39.51,34.49],[37.99,33.97],[36.9,33.07],[35.81,29.22],[34.84,29.41],[34.35,27.74],[33.9,27.87],[32.6,29.86],[32.91,30.05],[32.76,31.01],[33.98,31.14],[34.63,31.66],[34.77,32.36],[35.5,33.65],[35.45,33.91],[35.68,33.97],[35.64,34.36],[36.05,34.55],[35.84,36.29],[36.29,36.8],[34.58,36.87],[33.98,36.29],[32.56,36.03],[32.07,36.61],[30.62,36.93],[30.49,36.35],[29.24,36.22],[29.12,36.74],[28.03,36.67],[28.07,37.13],[27.22,37.32],[27.28,38.03],[26.43,38.22],[26.38,38.67],[27.06,38.35],[26.85,39.58],[26.13,39.51],[26.67,40.36],[29.05,40.36],[28.91,40.61],[29.48,40.74],[29.37,41.2],[31.18,41.07],[32.63,41.91],[35.12,42.04],[35.16,41.72],[35.95,41.72],[36.14,41.33],[37.87,40.68],[40.41,40.68],[41.72,41.91],[43.66,42.04],[44.04,41.07],[46.16,39.64],[49.38,39.97],[48.8,39.0],[48.88,37.71],[50.82,36.74],[52.19,36.55],[54.03,36.87],[53.97,38.93],[56.4,40.29],[58.3,42.17],[58.68,42.95],[58.44,43.54],[62.04,43.21],[66.63,41.46]],[[67.82,31.4],[67.74,31.4],[67.73,31.34],[67.82,31.4]],[[35.52,33.91],[35.52,33.84],[35.59,33.84],[35.52,33.91]],[[34.85,32.36],[34.84,32.3],[34.92,32.3],[34.85,32.36]]],[[[40.46,41.0],[40.38,41.0],[40.39,41.07],[40.46,41.0]]],[[[58.44,42.69],[58.52,42.69],[58.51,42.63],[58.44,42.69]]],[[[62.08,43.34],[62.16,43.34],[62.14,43.28],[62.08,43.34]]]]}},{"type":"Feature","properties":{"n":"Cimmerian Bosporus","f":-383,"t":-367,"w":"Q321371"},"geometry":{"type":"MultiPolygon","coordinates":[[[[36.04,45.04],[36.26,45.43],[36.42,45.43],[36.04,45.04]]],[[[37.22,45.3],[36.78,45.1],[36.75,45.43],[37.22,45.3]]]]}},{"type":"Feature","properties":{"n":"Chu","f":-383,"t":-367,"w":"Q504759"},"geometry":{"type":"Polygon","coordinates":[[[114.11,30.5],[112.9,29.34],[110.23,29.99],[110.41,30.31],[109.48,30.95],[109.31,31.59],[109.78,33.33],[110.54,33.91],[109.59,34.61],[114.47,34.87],[114.65,34.55],[117.23,34.1],[119.01,35.71],[120.05,35.77],[118.93,35.19],[118.35,33.65],[118.85,32.81],[117.11,31.66],[116.84,30.69],[116.04,30.37],[114.11,30.5]]]}},{"type":"Feature","properties":{"n":"Song","f":-383,"t":-367,"w":"Q7462"},"geometry":{"type":"Polygon","coordinates":[[[117.23,34.1],[114.34,34.74],[114.99,35.19],[114.83,35.71],[115.65,36.16],[116.76,35.0],[117.97,34.74],[117.23,34.1]]]}},{"type":"Feature","properties":{"n":"Yuezhi","f":-383,"t":-332,"w":"Q467985"},"geometry":{"type":"Polygon","coordinates":[[[80.38,44.84],[81.12,42.3],[85.79,42.76],[90.22,41.91],[93.47,40.61],[93.17,39.9],[92.14,39.51],[86.44,38.35],[85.11,37.45],[81.26,36.61],[78.42,37.51],[77.03,38.8],[72.2,39.97],[72.1,40.42],[76.28,42.17],[75.14,43.21],[75.2,43.6],[74.79,43.8],[75.0,44.12],[73.97,44.84],[74.32,45.96],[75.45,46.55],[77.39,46.48],[78.57,45.17],[80.38,44.84]],[[78.66,42.76],[76.53,42.63],[78.04,42.17],[78.66,42.76]]]}},{"type":"Feature","properties":{"n":"Etruscans","f":-383,"t":-338,"w":"Q17161"},"geometry":{"type":"MultiPolygon","coordinates":[[[[9.58,41.98],[9.1,41.33],[8.62,41.72],[8.53,42.5],[9.33,43.02],[9.58,41.98]]],[[[10.46,42.69],[10.13,42.89],[10.21,42.89],[10.46,42.69]]],[[[11.26,42.43],[10.29,43.8],[12.31,43.54],[12.37,42.24],[11.26,42.43]]]]}},{"type":"Feature","properties":{"n":"Zhao","f":-366,"t":-351,"w":"Q1574107"},"geometry":{"type":"Polygon","coordinates":[[[115.08,35.39],[114.47,34.87],[113.83,34.81],[114.24,35.97],[113.62,35.97],[113.45,35.39],[111.08,35.45],[111.23,36.35],[112.49,37.45],[114.06,36.61],[115.34,36.87],[114.61,36.1],[115.08,35.39]]]}},{"type":"Feature","properties":{"n":"Song","f":-366,"t":-351,"w":"Q7462"},"geometry":{"type":"Polygon","coordinates":[[[117.23,34.1],[114.34,34.74],[114.99,35.19],[114.83,35.71],[115.65,36.16],[116.76,35.0],[117.97,34.74],[117.23,34.1]]]}},{"type":"Feature","properties":{"n":"Janapada of Aśmaka","f":-366,"t":-351,"w":"Q1194906"},"geometry":{"type":"Polygon","coordinates":[[[78.8,19.96],[78.37,19.51],[77.93,19.51],[78.16,20.21],[78.8,19.96]]]}},{"type":"Feature","properties":{"n":"(Macedonian Empire)","f":-366,"t":-351,"w":"Q83958"},"geometry":{"type":"Polygon","coordinates":[[[22.57,40.55],[22.7,40.03],[21.51,39.97],[20.77,41.0],[21.28,41.52],[23.58,41.46],[24.04,41.13],[23.53,40.61],[22.57,40.55]]]}},{"type":"Feature","properties":{"n":"Achaemenid Empire","f":-366,"t":-351,"w":"Q389688"},"geometry":{"type":"MultiPolygon","coordinates":[[[[66.63,41.46],[67.29,40.74],[68.86,41.2],[69.65,40.16],[70.14,40.23],[70.64,39.51],[72.06,39.0],[72.82,35.52],[72.46,34.1],[71.53,33.39],[71.55,32.81],[69.2,31.85],[66.23,29.79],[64.2,29.41],[61.73,29.6],[59.89,28.96],[58.93,27.42],[59.36,25.36],[57.38,25.74],[56.71,27.16],[55.44,26.52],[55.54,26.77],[54.83,26.45],[53.66,26.71],[51.32,27.99],[50.06,30.18],[48.94,30.31],[48.09,29.54],[46.62,29.86],[46.59,30.31],[45.77,30.44],[43.15,32.81],[39.51,34.49],[37.99,33.97],[36.9,33.07],[35.81,29.22],[34.84,29.41],[34.35,27.74],[33.9,27.87],[32.6,29.86],[32.91,30.05],[32.76,31.01],[33.98,31.14],[34.63,31.66],[34.77,32.36],[35.5,33.65],[35.45,33.91],[35.68,33.97],[35.64,34.36],[36.05,34.55],[35.84,36.29],[36.29,36.8],[34.58,36.87],[33.98,36.29],[32.56,36.03],[32.07,36.61],[30.62,36.93],[30.49,36.35],[29.24,36.22],[29.12,36.74],[28.37,37.0],[28.03,36.67],[28.07,37.13],[27.22,37.32],[27.28,38.03],[26.74,38.22],[27.06,38.35],[26.85,39.58],[26.13,39.51],[26.67,40.36],[29.05,40.36],[28.91,40.61],[29.48,40.74],[29.37,41.2],[31.18,41.07],[32.63,41.91],[35.12,42.04],[35.16,41.72],[35.95,41.72],[36.14,41.33],[37.87,40.68],[40.41,40.68],[41.72,41.91],[43.66,42.04],[44.04,41.07],[46.16,39.64],[49.38,39.97],[48.8,39.0],[48.88,37.71],[50.82,36.74],[52.19,36.55],[54.03,36.87],[53.97,38.93],[56.4,40.29],[58.3,42.17],[58.68,42.95],[58.44,43.54],[62.04,43.21],[66.63,41.46]],[[67.82,31.4],[67.74,31.4],[67.73,31.34],[67.82,31.4]],[[35.52,33.91],[35.52,33.84],[35.59,33.84],[35.52,33.91]],[[34.85,32.36],[34.84,32.3],[34.92,32.3],[34.85,32.36]]],[[[34.09,35.0],[33.04,34.55],[32.23,34.94],[34.54,35.71],[34.09,35.0]]],[[[40.46,41.0],[40.38,41.0],[40.39,41.07],[40.46,41.0]]],[[[58.52,42.69],[58.51,42.63],[58.43,42.63],[58.52,42.69]]],[[[62.16,43.34],[62.14,43.28],[62.06,43.28],[62.16,43.34]]]]}},{"type":"Feature","properties":{"n":"Second Athenian League","f":-366,"t":-351,"w":"Q2338980"},"geometry":{"type":"MultiPolygon","coordinates":[[[[25.34,37.13],[25.57,37.13],[25.56,37.0],[25.34,37.13]]],[[[24.36,37.71],[24.43,37.58],[24.27,37.51],[24.36,37.71]]],[[[25.22,37.71],[25.29,37.51],[25.05,37.51],[25.22,37.71]]],[[[24.77,38.03],[25.07,37.77],[24.83,37.71],[24.77,38.03]]],[[[23.86,38.42],[24.08,38.29],[23.98,37.84],[23.3,38.22],[23.86,38.42]]],[[[20.57,38.42],[20.79,38.09],[20.32,38.16],[20.57,38.42]]],[[[24.67,38.93],[24.66,38.74],[24.36,38.87],[24.67,38.93]]],[[[21.16,39.26],[21.47,39.26],[21.12,38.61],[20.74,38.8],[21.16,39.26]]],[[[19.91,39.58],[19.76,39.64],[19.76,39.77],[19.91,39.58]]],[[[25.07,40.03],[25.46,40.03],[25.45,39.84],[25.07,40.03]]],[[[23.82,40.23],[24.04,39.97],[23.8,39.97],[23.82,40.23]]],[[[26.04,40.29],[26.02,40.16],[25.7,40.1],[26.04,40.29]]],[[[24.49,40.81],[24.81,40.81],[24.79,40.61],[24.49,40.81]]],[[[28.02,36.48],[28.25,36.48],[28.14,36.03],[27.74,35.9],[28.02,36.48]]],[[[28.11,36.67],[28.11,36.74],[28.19,36.74],[28.11,36.67]]],[[[27.66,36.87],[27.96,36.74],[27.56,36.67],[27.66,36.87]]],[[[27.19,36.8],[26.87,36.67],[27.04,36.93],[27.19,36.8]]],[[[28.43,36.87],[28.36,36.87],[28.27,36.74],[28.19,36.74],[28.37,37.0],[28.43,36.87]]],[[[27.21,37.13],[27.44,37.13],[27.35,36.93],[27.21,37.13]]],[[[26.31,37.71],[26.3,37.58],[25.99,37.51],[26.31,37.71]]],[[[27.03,37.84],[27.01,37.64],[26.62,37.64],[27.03,37.84]]],[[[26.22,38.55],[26.11,38.16],[25.88,38.16],[26.22,38.55]]],[[[25.79,39.19],[26.04,39.38],[26.64,39.0],[25.79,39.19]]],[[[26.36,40.36],[26.68,40.42],[26.26,40.1],[26.36,40.36]]],[[[23.63,40.94],[28.21,41.52],[28.08,41.0],[27.53,41.07],[26.92,40.48],[25.38,41.0],[23.63,40.94]]]]}},{"type":"Feature","properties":{"n":"Qin","f":-366,"t":-351,"w":"Q1471995"},"geometry":{"type":"Polygon","coordinates":[[[109.51,34.61],[108.25,34.94],[108.17,35.52],[109.65,36.48],[112.17,37.25],[111.23,36.35],[110.59,34.81],[109.51,34.61]]]}},{"type":"Feature","properties":{"n":"Cimmerian Bosporus","f":-366,"t":-231,"w":"Q321371"},"geometry":{"type":"MultiPolygon","coordinates":[[[[36.78,45.1],[36.75,45.43],[37.79,45.3],[37.93,44.71],[36.78,45.1]]],[[[36.42,45.43],[36.37,45.1],[35.15,45.1],[36.42,45.43]]]]}},{"type":"Feature","properties":{"n":"Wei","f":-366,"t":-351,"w":"Q320930"},"geometry":{"type":"Polygon","coordinates":[[[116.61,37.25],[115.61,36.42],[115.34,36.87],[114.06,36.61],[112.57,37.45],[115.9,39.9],[116.4,38.74],[116.15,38.55],[117.2,38.61],[116.61,37.25]]]}},{"type":"Feature","properties":{"n":"(Warring States China)","f":-366,"t":-351,"w":"Q185063"},"geometry":{"type":"Polygon","coordinates":[[[112.9,29.34],[110.23,29.99],[110.41,30.31],[109.48,30.95],[109.31,31.59],[109.78,33.33],[110.51,34.04],[109.23,34.87],[108.25,34.94],[108.22,35.64],[113.27,37.77],[115.9,39.9],[121.23,40.94],[118.99,39.19],[117.89,39.19],[117.6,38.48],[119.46,37.96],[119.16,37.19],[120.75,37.9],[122.71,37.45],[122.5,36.87],[120.98,36.61],[119.23,34.81],[120.39,34.29],[120.92,32.62],[121.99,31.85],[120.92,31.85],[122.0,31.08],[120.68,30.18],[121.48,30.31],[122.03,29.92],[121.82,29.54],[119.78,29.99],[117.88,29.54],[116.27,29.92],[116.12,30.37],[114.11,30.5],[112.9,29.34]]]}},{"type":"Feature","properties":{"n":"Macedonian Empire","f":-366,"t":-351,"w":"Q83958"},"geometry":{"type":"Polygon","coordinates":[[[22.57,40.55],[22.7,40.03],[21.51,39.97],[20.77,41.0],[21.28,41.52],[23.58,41.46],[24.04,41.13],[23.53,40.61],[22.57,40.55]]]}},{"type":"Feature","properties":{"n":"Olmec Civilization","f":-366,"t":-351,"w":"Q135364"},"geometry":{"type":"Polygon","coordinates":[[[-94.86,17.84],[-95.95,18.61],[-95.47,18.8],[-95.49,18.48],[-94.39,18.09],[-94.86,17.84]]]}},{"type":"Feature","properties":{"n":"(Mahajanapadas)","f":-366,"t":-351,"w":"Q846025"},"geometry":{"type":"MultiPolygon","coordinates":[[[[78.16,20.21],[78.8,19.96],[78.37,19.51],[77.93,19.51],[78.16,20.21]]],[[[80.79,27.0],[84.32,27.67],[86.72,26.52],[91.2,25.23],[91.22,23.49],[91.66,22.98],[90.22,21.76],[89.88,22.02],[88.72,21.63],[88.63,22.08],[88.34,21.57],[88.09,21.95],[87.06,21.44],[87.02,20.6],[86.28,20.02],[85.36,21.5],[74.99,22.85],[74.36,23.24],[74.88,24.22],[80.79,27.0]]]]}},{"type":"Feature","properties":{"n":"Chu","f":-366,"t":-338,"w":"Q504759"},"geometry":{"type":"Polygon","coordinates":[[[114.11,30.5],[112.9,29.34],[110.23,29.99],[110.41,30.31],[109.48,30.95],[109.31,31.59],[109.78,33.33],[110.54,33.91],[109.59,34.61],[114.47,34.87],[114.65,34.55],[117.23,34.1],[119.01,35.71],[120.05,35.77],[118.93,35.19],[118.35,33.65],[118.85,32.81],[117.11,31.66],[116.84,30.69],[116.04,30.37],[114.11,30.5]]]}},{"type":"Feature","properties":{"n":"Sacred Band of Thebes","f":-366,"t":-351,"w":"Q5760"},"geometry":{"type":"MultiPolygon","coordinates":[[[[26.75,38.35],[26.74,38.22],[26.43,38.22],[26.38,38.67],[26.75,38.35]]],[[[22.97,37.96],[22.7,37.38],[21.74,36.87],[21.61,37.25],[22.57,37.84],[21.33,38.03],[22.06,38.55],[21.86,39.13],[21.46,39.06],[21.51,39.97],[21.92,40.16],[22.7,40.03],[22.73,39.19],[23.49,38.8],[22.94,38.74],[24.18,38.55],[24.16,38.22],[22.9,38.16],[22.29,38.42],[22.97,37.96]],[[22.2,38.16],[22.28,38.16],[22.28,38.22],[22.2,38.16]],[[22.91,38.22],[22.98,38.22],[22.99,38.29],[22.91,38.22]],[[22.43,38.16],[22.35,38.16],[22.35,38.09],[22.43,38.16]]],[[[23.48,38.74],[23.49,38.8],[23.57,38.8],[23.48,38.74]]],[[[28.21,41.59],[29.37,41.2],[29.26,40.87],[28.16,41.07],[28.21,41.59]]]]}},{"type":"Feature","properties":{"n":"Zhongshan","f":-366,"t":-302,"w":"Q59223"},"geometry":{"type":"Polygon","coordinates":[[[116.15,38.55],[116.4,38.74],[115.86,39.38],[116.14,39.9],[117.03,40.1],[116.93,38.55],[116.15,38.55]]]}},{"type":"Feature","properties":{"n":"Odrysian Kingdom","f":-366,"t":-351,"w":"Q870517"},"geometry":{"type":"Polygon","coordinates":[[[26.5,41.07],[24.04,41.13],[23.15,42.11],[24.08,43.73],[27.75,44.19],[27.73,44.78],[28.64,44.97],[27.99,43.41],[27.19,42.63],[28.21,41.52],[26.5,41.07]]]}},{"type":"Feature","properties":{"n":"Greek City-States","f":-366,"t":-351,"w":"Q148837"},"geometry":{"type":"MultiPolygon","coordinates":[[[[22.89,36.42],[23.12,36.35],[23.11,36.16],[22.89,36.42]]],[[[20.62,37.9],[20.93,37.9],[20.92,37.64],[20.62,37.9]]],[[[20.67,38.87],[20.73,38.61],[20.5,38.61],[20.67,38.87]]],[[[21.12,38.61],[21.86,39.13],[22.06,38.55],[21.12,38.61]]],[[[17.98,40.61],[18.35,39.9],[17.35,40.55],[16.62,40.29],[16.45,39.64],[17.14,39.06],[15.93,37.96],[15.39,38.16],[15.05,36.74],[13.11,37.58],[14.98,37.06],[14.83,37.77],[15.15,38.16],[16.27,38.74],[15.75,40.03],[15.04,40.23],[14.66,40.81],[16.14,39.97],[16.88,40.74],[17.98,40.61]]],[[[0.1,38.8],[-0.13,38.55],[-0.54,38.93],[-0.51,39.9],[-0.2,39.97],[0.1,38.8]]],[[[22.73,39.19],[22.76,39.71],[23.14,39.45],[22.73,39.19]]],[[[20.15,39.64],[20.15,39.58],[20.07,39.58],[20.15,39.64]]],[[[21.38,40.42],[21.65,39.58],[21.07,39.06],[20.45,39.26],[19.49,40.61],[19.25,40.61],[19.47,41.98],[19.88,40.61],[20.49,40.16],[20.91,40.55],[21.38,40.42]]],[[[3.85,43.6],[2.98,43.15],[3.04,41.85],[2.7,42.37],[2.74,43.21],[3.45,43.67],[4.73,43.86],[6.6,43.28],[3.85,43.6]]],[[[24.3,35.32],[26.23,35.19],[23.68,35.26],[23.62,35.52],[24.3,35.32]]],[[[23.04,37.77],[23.4,37.32],[23.17,37.32],[22.81,37.84],[23.06,38.22],[23.04,37.77]]],[[[23.61,40.74],[23.83,40.42],[23.66,40.23],[22.96,40.42],[23.61,40.74]]],[[[40.41,40.68],[37.87,40.68],[36.51,41.13],[40.46,41.0],[40.41,40.68]]],[[[39.63,43.73],[41.41,42.89],[40.82,43.15],[39.63,43.73]]],[[[27.61,41.98],[27.19,42.63],[28.8,44.97],[28.48,43.47],[27.51,42.63],[27.94,42.04],[27.61,41.98]]],[[[40.03,43.73],[39.95,43.73],[39.96,43.8],[40.03,43.73]]],[[[33.45,44.52],[33.54,45.16],[35.24,45.1],[33.45,44.52]]],[[[31.53,46.68],[30.88,46.68],[29.61,45.69],[30.46,46.61],[31.57,46.94],[31.53,46.68]]],[[[39.08,47.6],[39.2,47.33],[38.35,47.2],[39.08,47.6]]]]}},{"type":"Feature","properties":{"n":"Later Zhou","f":-366,"t":-351,"w":"Q1154556"},"geometry":{"type":"Polygon","coordinates":[[[112.32,35.45],[113.53,35.39],[113.34,34.94],[112.13,35.0],[112.32,35.45]]]}},{"type":"Feature","properties":{"n":"Thirtieth Dynasty of Egypt","f":-366,"t":-351,"w":"Q386303"},"geometry":{"type":"Polygon","coordinates":[[[28.87,30.82],[30.97,31.66],[32.84,31.08],[32.91,30.05],[32.43,29.6],[32.69,28.96],[33.61,27.99],[34.05,26.58],[35.85,23.88],[31.67,23.75],[30.46,23.36],[29.67,24.2],[28.42,24.71],[27.24,27.03],[24.34,29.92],[20.96,30.89],[18.73,29.99],[20.12,30.76],[20.02,32.24],[20.64,32.69],[22.11,32.94],[23.9,32.04],[28.87,30.82]]]}},{"type":"Feature","properties":{"n":"Peloponnesian League","f":-366,"t":-351,"w":"Q208742"},"geometry":{"type":"MultiPolygon","coordinates":[[[[22.36,36.67],[22.22,37.06],[22.7,37.38],[23.06,36.67],[22.36,36.67]]],[[[22.12,38.09],[22.56,37.64],[21.61,37.25],[21.24,37.84],[22.12,38.09]]]]}},{"type":"Feature","properties":{"n":"Han","f":-366,"t":-351,"w":"Q1968654"},"geometry":{"type":"Polygon","coordinates":[[[111.08,35.45],[112.32,35.45],[112.13,35.0],[113.34,34.94],[113.62,35.97],[114.24,35.97],[113.83,34.81],[110.59,34.81],[111.08,35.45]]]}},{"type":"Feature","properties":{"n":"Wey","f":-366,"t":-351,"w":"Q1147897"},"geometry":{"type":"Polygon","coordinates":[[[115.44,36.74],[115.66,36.35],[114.83,35.71],[114.58,36.03],[115.44,36.74]]]}},{"type":"Feature","properties":{"n":"Later Zhou","f":-350,"t":-257,"w":"Q1154556"},"geometry":{"type":"Polygon","coordinates":[[[113.53,35.39],[113.42,35.13],[112.32,35.45],[113.53,35.39]]]}},{"type":"Feature","properties":{"n":"Odrysian Kingdom","f":-350,"t":-338,"w":"Q870517"},"geometry":{"type":"MultiPolygon","coordinates":[[[[28.13,41.59],[28.14,41.65],[28.22,41.65],[28.13,41.59]]],[[[28.13,41.59],[27.63,41.33],[26.18,41.07],[24.55,41.59],[23.58,41.46],[23.15,42.11],[24.08,43.73],[27.75,44.19],[27.73,44.78],[28.64,44.97],[27.99,43.41],[27.19,42.63],[28.13,41.59]]]]}},{"type":"Feature","properties":{"n":"Greek City-States","f":-350,"t":-338,"w":"Q148837"},"geometry":{"type":"MultiPolygon","coordinates":[[[[24.3,35.32],[26.23,35.19],[23.68,35.26],[23.62,35.52],[24.3,35.32]]],[[[23.12,36.35],[23.11,36.16],[22.87,36.16],[23.12,36.35]]],[[[21.74,36.87],[21.61,37.25],[23.3,38.29],[23.04,37.77],[23.4,37.32],[22.71,37.58],[21.74,36.87]]],[[[20.62,37.9],[20.93,37.9],[20.92,37.64],[20.62,37.9]]],[[[20.57,38.42],[20.79,38.09],[20.32,38.16],[20.57,38.42]]],[[[22.6,38.42],[22.68,38.42],[22.68,38.35],[22.6,38.42]]],[[[21.41,38.09],[21.74,38.35],[21.19,38.42],[20.3,39.38],[21.71,39.32],[21.99,38.74],[22.54,38.67],[22.28,38.22],[22.44,38.29],[22.66,38.03],[21.41,38.09]],[[22.2,38.16],[22.28,38.16],[22.28,38.22],[22.2,38.16]],[[22.35,38.09],[22.43,38.09],[22.43,38.16],[22.35,38.09]],[[21.14,38.93],[21.15,39.06],[20.99,39.06],[21.14,38.93]]],[[[17.98,40.61],[18.35,39.9],[17.35,40.55],[16.62,40.29],[16.45,39.64],[17.14,39.06],[15.93,37.96],[15.39,38.16],[15.05,36.74],[13.11,37.58],[14.98,37.06],[14.83,37.77],[15.15,38.16],[16.27,38.74],[15.75,40.03],[15.04,40.23],[14.66,40.81],[16.14,39.97],[16.88,40.74],[17.98,40.61]]],[[[0.1,38.8],[-0.13,38.55],[-0.57,39.51],[-0.2,39.97],[-0.31,39.13],[0.1,38.8]]],[[[23.69,40.74],[23.83,40.42],[23.66,40.23],[22.89,40.55],[23.69,40.74]]],[[[24.81,40.81],[24.79,40.61],[24.55,40.55],[24.81,40.81]]],[[[19.25,40.61],[19.47,41.98],[19.88,40.61],[20.57,40.1],[19.92,39.71],[19.25,40.61]]],[[[3.85,43.6],[2.98,43.15],[3.04,41.85],[2.7,42.37],[2.74,43.21],[3.45,43.67],[4.73,43.86],[6.6,43.28],[3.85,43.6]]],[[[27.66,36.87],[27.96,36.74],[27.56,36.67],[27.66,36.87]]],[[[26.22,38.55],[26.11,38.16],[25.88,38.16],[26.22,38.55]]],[[[25.46,40.03],[25.45,39.84],[24.97,39.84],[25.46,40.03]]],[[[25.72,40.29],[26.04,40.29],[26.02,40.16],[25.72,40.29]]],[[[26.36,40.36],[26.68,40.42],[26.67,40.36],[26.26,40.1],[26.36,40.36]]],[[[40.41,40.68],[37.87,40.68],[36.51,41.13],[40.46,41.0],[40.41,40.68]]],[[[27.53,41.07],[26.84,40.48],[24.43,41.0],[26.5,41.07],[28.13,41.59],[29.37,41.2],[29.26,40.87],[27.53,41.07]]],[[[39.63,43.73],[41.41,42.89],[40.82,43.15],[39.63,43.73]]],[[[27.19,42.63],[28.8,44.97],[28.48,43.47],[27.51,42.63],[27.93,41.98],[27.19,42.63]]],[[[39.95,43.73],[39.96,43.8],[40.04,43.8],[39.95,43.73]]],[[[33.45,44.52],[33.46,45.19],[35.18,45.3],[35.13,44.91],[33.45,44.52]]],[[[31.53,46.68],[30.88,46.68],[29.61,45.69],[30.46,46.61],[31.57,46.94],[31.53,46.68]]],[[[39.08,47.6],[39.2,47.33],[38.35,47.2],[39.08,47.6]]]]}},{"type":"Feature","properties":{"n":"Sabaeans","f":-350,"t":-111,"w":"Q940785"},"geometry":{"type":"Polygon","coordinates":[[[45.02,15.14],[42.82,15.07],[42.69,15.52],[42.81,16.42],[46.47,15.97],[45.02,15.14]]]}},{"type":"Feature","properties":{"n":"Wey","f":-350,"t":-285,"w":"Q1147897"},"geometry":{"type":"Polygon","coordinates":[[[115.36,36.74],[115.66,36.35],[114.83,35.71],[114.58,36.03],[115.36,36.74]]]}},{"type":"Feature","properties":{"n":"Thirtieth Dynasty of Egypt","f":-350,"t":-338,"w":"Q386303"},"geometry":{"type":"Polygon","coordinates":[[[28.87,30.82],[30.97,31.66],[32.84,31.08],[32.91,30.05],[32.43,29.6],[32.69,28.96],[33.61,27.99],[34.05,26.58],[35.85,23.88],[31.67,23.75],[30.46,23.36],[29.67,24.2],[28.42,24.71],[27.24,27.03],[24.34,29.92],[20.96,30.89],[18.73,29.99],[20.12,30.76],[20.02,32.24],[20.64,32.69],[22.11,32.94],[23.9,32.04],[28.87,30.82]]]}},{"type":"Feature","properties":{"n":"Peloponnesian League","f":-350,"t":-338,"w":"Q208742"},"geometry":{"type":"MultiPolygon","coordinates":[[[[22.36,36.67],[22.22,37.06],[22.63,37.38],[23.06,36.67],[22.36,36.67]]],[[[21.33,38.09],[22.97,37.96],[21.61,37.25],[21.33,38.09]]]]}},{"type":"Feature","properties":{"n":"Hadhramaut","f":-350,"t":183,"w":"Q1517159"},"geometry":{"type":"MultiPolygon","coordinates":[[[[49.63,14.69],[46.15,15.52],[46.55,16.16],[46.7,16.1],[50.12,16.61],[51.89,16.61],[51.07,15.46],[49.63,14.69]]],[[[46.63,16.16],[46.63,16.23],[46.71,16.23],[46.63,16.16]]]]}},{"type":"Feature","properties":{"n":"Han","f":-350,"t":-338,"w":"Q1968654"},"geometry":{"type":"Polygon","coordinates":[[[114.5,34.94],[113.44,34.61],[110.59,34.81],[111.08,35.45],[112.92,35.58],[112.19,35.13],[114.5,34.94]]]}},{"type":"Feature","properties":{"n":"Thebans","f":-350,"t":-338,"w":"Q7777597"},"geometry":{"type":"Polygon","coordinates":[[[21.99,38.74],[22.01,39.0],[23.7,38.35],[21.99,38.74]]]}},{"type":"Feature","properties":{"n":"(Macedonian Empire)","f":-350,"t":-338,"w":"Q83958"},"geometry":{"type":"Polygon","coordinates":[[[22.54,40.1],[23.14,39.45],[22.82,39.38],[23.02,38.87],[21.39,39.26],[20.28,40.61],[20.55,41.2],[21.28,41.52],[24.77,41.39],[24.01,40.74],[22.89,40.61],[22.54,40.1]]]}},{"type":"Feature","properties":{"n":"Magadha - Shaishunaga dynasty","f":-350,"t":-338,"w":"Q972165"},"geometry":{"type":"Polygon","coordinates":[[[80.79,27.0],[84.32,27.67],[86.72,26.52],[91.2,25.23],[91.22,23.49],[91.66,22.98],[90.22,21.76],[89.88,22.02],[88.72,21.63],[88.63,22.08],[88.34,21.57],[88.09,21.95],[87.06,21.44],[87.02,20.6],[86.28,20.02],[85.36,21.5],[74.99,22.85],[74.36,23.24],[75.65,24.73],[80.79,27.0]]]}},{"type":"Feature","properties":{"n":"Scythia","f":-350,"t":-226,"w":"Q131802"},"geometry":{"type":"MultiPolygon","coordinates":[[[[31.56,46.26],[31.51,46.37],[32.01,46.2],[31.56,46.26]]],[[[34.85,46.19],[35.05,45.33],[33.26,45.17],[32.51,45.4],[33.59,46.1],[32.48,46.08],[31.55,46.55],[32.36,46.47],[32.81,46.83],[32.65,47.11],[31.84,47.35],[29.2,46.87],[26.76,48.16],[26.34,49.47],[26.97,50.47],[28.65,51.05],[32.73,51.25],[38.94,47.97],[37.51,47.51],[37.34,46.92],[34.85,46.19]]]]}},{"type":"Feature","properties":{"n":"Zhao","f":-350,"t":-338,"w":"Q1574107"},"geometry":{"type":"Polygon","coordinates":[[[116.12,36.87],[114.61,36.1],[115.08,35.39],[114.5,34.94],[112.92,35.58],[111.16,35.45],[112.14,36.48],[112.39,37.38],[113.75,38.29],[113.63,37.38],[114.61,37.13],[115.15,37.45],[114.91,36.93],[116.12,36.87]]]}},{"type":"Feature","properties":{"n":"Song","f":-350,"t":-292,"w":"Q7462"},"geometry":{"type":"Polygon","coordinates":[[[117.23,34.1],[114.34,34.74],[114.99,35.19],[114.83,35.71],[115.65,36.16],[116.76,35.0],[117.97,34.74],[117.23,34.1]]]}},{"type":"Feature","properties":{"n":"Qi","f":-350,"t":-292,"w":"Q1143524"},"geometry":{"type":"Polygon","coordinates":[[[119.16,37.19],[120.75,37.9],[122.71,37.45],[122.5,36.87],[120.98,36.61],[120.05,35.77],[119.01,35.71],[117.97,34.74],[117.16,35.19],[116.91,36.03],[116.23,36.42],[115.6,36.22],[116.61,37.25],[117.23,38.67],[119.46,37.96],[119.16,37.19]]]}},{"type":"Feature","properties":{"n":"Qataban","f":-350,"t":-111,"w":"Q748595"},"geometry":{"type":"Polygon","coordinates":[[[44.21,14.94],[45.86,15.52],[46.58,15.33],[45.15,14.81],[44.21,14.94]]]}},{"type":"Feature","properties":{"n":"Achaemenid Empire","f":-350,"t":-338,"w":"Q389688"},"geometry":{"type":"MultiPolygon","coordinates":[[[[66.63,41.46],[67.29,40.74],[68.86,41.2],[69.65,40.16],[70.14,40.23],[70.64,39.51],[72.06,39.0],[72.8,35.45],[72.48,34.16],[71.53,33.39],[71.55,32.81],[69.29,31.91],[66.23,29.79],[64.2,29.41],[61.73,29.6],[59.89,28.96],[58.93,27.42],[59.36,25.36],[57.38,25.74],[56.71,27.16],[55.44,26.52],[55.54,26.77],[54.83,26.45],[53.66,26.71],[51.32,27.99],[50.06,30.18],[48.94,30.31],[48.09,29.54],[46.62,29.86],[46.59,30.31],[45.77,30.44],[43.15,32.81],[39.51,34.49],[37.99,33.97],[36.9,33.07],[35.81,29.22],[34.84,29.41],[34.35,27.74],[33.9,27.87],[32.6,29.86],[32.91,30.05],[32.76,31.01],[33.98,31.14],[34.63,31.66],[34.77,32.36],[35.5,33.65],[35.45,33.91],[35.68,33.97],[35.64,34.36],[36.05,34.55],[35.84,36.29],[36.29,36.8],[34.58,36.87],[33.98,36.29],[32.56,36.03],[32.07,36.61],[30.62,36.93],[30.49,36.35],[29.24,36.22],[29.12,36.74],[28.03,36.67],[28.07,37.13],[27.22,37.32],[27.28,38.03],[26.43,38.22],[26.38,38.67],[27.06,38.35],[26.85,39.58],[26.13,39.51],[26.67,40.36],[29.05,40.36],[28.91,40.61],[29.48,40.74],[29.37,41.2],[31.18,41.07],[32.63,41.91],[35.12,42.04],[35.16,41.72],[35.95,41.72],[36.14,41.33],[37.87,40.68],[40.41,40.68],[41.72,41.91],[43.66,42.04],[44.04,41.07],[46.16,39.64],[49.38,39.97],[48.8,39.0],[48.88,37.71],[50.82,36.74],[52.19,36.55],[54.03,36.87],[53.97,38.93],[56.4,40.29],[58.3,42.17],[58.68,42.95],[58.44,43.54],[62.04,43.21],[66.63,41.46]],[[67.82,31.4],[67.74,31.4],[67.73,31.34],[67.82,31.4]],[[35.52,33.91],[35.52,33.84],[35.59,33.84],[35.52,33.91]],[[34.85,32.36],[34.84,32.3],[34.92,32.3],[34.85,32.36]]],[[[33.04,34.55],[32.23,34.94],[32.89,35.39],[34.53,35.58],[33.04,34.55]]],[[[27.74,35.9],[27.69,36.29],[28.25,36.48],[27.74,35.9]]],[[[40.46,41.0],[40.38,41.0],[40.39,41.07],[40.46,41.0]]],[[[58.52,42.69],[58.51,42.63],[58.43,42.63],[58.52,42.69]]],[[[62.16,43.34],[62.14,43.28],[62.06,43.28],[62.16,43.34]]]]}},{"type":"Feature","properties":{"n":"Second Athenian League","f":-350,"t":-338,"w":"Q2338980"},"geometry":{"type":"MultiPolygon","coordinates":[[[[24.2,37.64],[24.36,37.71],[24.43,37.58],[24.2,37.64]]],[[[24.99,37.71],[25.22,37.71],[25.29,37.51],[24.99,37.71]]],[[[24.77,38.03],[25.07,37.77],[24.83,37.71],[24.77,38.03]]],[[[23.7,38.35],[23.56,38.74],[24.18,38.55],[23.98,37.84],[23.29,38.09],[23.7,38.35]]],[[[23.57,38.8],[23.56,38.74],[23.48,38.74],[23.57,38.8]]],[[[24.67,38.93],[24.66,38.74],[24.36,38.87],[24.67,38.93]]],[[[23.03,39.06],[23.49,38.87],[23.33,38.8],[23.03,39.06]]],[[[27.19,36.8],[26.87,36.67],[27.04,36.93],[27.19,36.8]]],[[[27.21,37.13],[27.44,37.13],[27.35,36.93],[27.21,37.13]]],[[[25.34,37.13],[25.57,37.13],[25.56,37.0],[25.34,37.13]]],[[[26.08,37.71],[26.31,37.71],[26.3,37.58],[26.08,37.71]]],[[[26.56,37.84],[27.03,37.84],[27.01,37.64],[26.56,37.84]]],[[[26.1,39.13],[25.79,39.19],[26.51,39.32],[26.64,39.0],[26.1,39.13]]]]}},{"type":"Feature","properties":{"n":"Qin","f":-350,"t":-338,"w":"Q1471995"},"geometry":{"type":"Polygon","coordinates":[[[109.51,34.61],[108.25,34.94],[108.17,35.52],[109.65,36.48],[112.39,37.38],[112.14,36.48],[110.59,34.81],[109.51,34.61]]]}},{"type":"Feature","properties":{"n":"Wei","f":-350,"t":-338,"w":"Q320930"},"geometry":{"type":"Polygon","coordinates":[[[116.12,36.87],[114.91,36.93],[115.15,37.45],[114.61,37.13],[113.63,37.38],[114.09,38.67],[115.9,39.9],[116.4,38.74],[116.15,38.55],[117.2,38.61],[116.12,36.87]]]}},{"type":"Feature","properties":{"n":"(Warring States China)","f":-350,"t":-338,"w":"Q185063"},"geometry":{"type":"Polygon","coordinates":[[[112.9,29.34],[110.23,29.99],[110.41,30.31],[109.48,30.95],[109.31,31.59],[109.78,33.33],[110.51,34.04],[109.23,34.87],[108.25,34.94],[108.22,35.64],[113.27,37.77],[115.9,39.9],[121.23,40.94],[118.99,39.19],[117.89,39.19],[117.6,38.48],[119.46,37.96],[119.16,37.19],[120.75,37.9],[122.71,37.45],[122.5,36.87],[120.98,36.61],[119.23,34.81],[120.39,34.29],[120.92,32.62],[121.99,31.85],[120.92,31.85],[122.0,31.08],[120.68,30.18],[121.48,30.31],[122.03,29.92],[121.82,29.54],[119.78,29.99],[117.88,29.54],[116.27,29.92],[116.12,30.37],[114.11,30.5],[112.9,29.34]]]}},{"type":"Feature","properties":{"n":"Macedonian Empire","f":-350,"t":-338,"w":"Q83958"},"geometry":{"type":"Polygon","coordinates":[[[22.54,40.1],[23.14,39.45],[22.82,39.38],[23.02,38.87],[21.39,39.26],[20.28,40.61],[20.55,41.2],[21.28,41.52],[24.77,41.39],[24.01,40.74],[22.89,40.61],[22.54,40.1]]]}},{"type":"Feature","properties":{"n":"Greek City-States","f":-337,"t":-334,"w":"Q148837"},"geometry":{"type":"MultiPolygon","coordinates":[[[[22.87,36.16],[22.89,36.42],[23.12,36.35],[22.87,36.16]]],[[[22.36,36.67],[22.39,37.25],[22.92,37.0],[23.06,36.67],[22.36,36.67]]],[[[18.36,40.29],[18.35,39.9],[17.35,40.55],[16.62,40.29],[16.45,39.64],[17.14,39.06],[15.93,37.96],[15.39,38.16],[15.05,36.74],[12.72,37.64],[14.98,37.06],[14.83,37.77],[16.27,38.93],[15.75,40.03],[15.04,40.23],[14.66,40.81],[16.14,39.97],[16.88,40.74],[18.36,40.29]]],[[[0.1,38.8],[-0.13,38.55],[-0.54,38.93],[-0.51,39.9],[-0.2,39.97],[0.1,38.8]]],[[[20.3,39.38],[21.02,39.58],[21.47,39.19],[20.3,39.38]]],[[[19.99,39.64],[19.25,40.61],[19.47,41.98],[19.81,40.68],[20.5,40.36],[19.99,39.64]]],[[[3.85,43.6],[2.98,43.15],[3.04,41.85],[2.7,42.37],[2.74,43.21],[3.45,43.67],[4.73,43.86],[6.59,43.41],[3.85,43.6]]],[[[25.68,35.13],[26.23,35.19],[24.82,35.0],[23.62,35.52],[25.68,35.13]]],[[[40.58,40.74],[37.87,40.68],[36.51,41.13],[40.58,40.74]]],[[[40.42,43.15],[39.63,43.73],[41.41,42.89],[40.42,43.15]]],[[[40.03,43.73],[39.95,43.73],[39.96,43.8],[40.03,43.73]]],[[[33.93,44.45],[33.45,44.52],[33.46,45.19],[35.18,45.3],[35.13,44.91],[33.93,44.45]]],[[[31.53,46.68],[30.88,46.68],[29.61,45.69],[31.08,47.01],[31.53,46.68]]],[[[39.08,47.6],[39.2,47.33],[38.35,47.2],[39.08,47.6]]]]}},{"type":"Feature","properties":{"n":"Yue","f":-337,"t":-334,"w":"Q1936158"},"geometry":{"type":"Polygon","coordinates":[[[116.27,29.92],[116.1,30.31],[116.84,30.69],[117.11,31.66],[118.85,32.81],[118.35,33.65],[118.93,35.19],[119.62,35.52],[119.23,34.81],[120.39,34.29],[120.92,32.62],[121.99,31.85],[120.92,31.85],[122.0,31.08],[120.68,30.18],[121.48,30.31],[122.03,29.92],[121.42,29.47],[119.78,29.99],[117.96,29.54],[116.27,29.92]]]}},{"type":"Feature","properties":{"n":"Roman Republic","f":-337,"t":-327,"w":"Q175881"},"geometry":{"type":"Polygon","coordinates":[[[14.74,41.0],[14.66,40.68],[12.6,41.52],[11.81,42.11],[11.9,42.43],[13.09,41.98],[13.0,41.52],[14.74,41.0]]]}},{"type":"Feature","properties":{"n":"Carthage","f":-337,"t":-332,"w":"Q2429397"},"geometry":{"type":"MultiPolygon","coordinates":[[[[11.01,37.0],[10.46,35.9],[11.08,35.58],[11.08,35.0],[10.0,34.29],[10.24,33.71],[12.23,32.81],[13.3,32.94],[15.06,32.43],[15.65,31.4],[17.85,30.95],[18.81,30.12],[15.57,31.14],[14.9,32.24],[9.62,33.33],[8.93,34.04],[8.85,34.74],[8.07,34.94],[7.59,36.61],[1.15,36.16],[-1.88,34.81],[-4.73,34.87],[-5.63,35.52],[-6.73,33.59],[-7.47,33.26],[-7.88,33.52],[-6.61,34.16],[-5.95,35.71],[-5.57,35.84],[-4.75,35.19],[-2.84,35.45],[-2.66,35.07],[-1.89,35.07],[0.68,36.42],[3.46,36.87],[8.52,36.87],[8.9,37.13],[9.76,37.32],[10.23,37.25],[10.23,37.06],[10.15,37.0],[10.23,37.0],[10.23,36.8],[11.01,37.0]],[[13.07,32.88],[13.07,32.81],[13.15,32.81],[13.07,32.88]],[[8.83,37.0],[8.83,36.93],[8.9,36.93],[8.83,37.0]]],[[[14.34,35.84],[14.34,36.03],[14.57,35.97],[14.34,35.84]]],[[[-5.23,36.48],[-5.58,36.03],[-6.25,36.61],[-5.45,36.35],[-5.31,36.55],[-4.56,36.87],[-3.85,36.8],[-5.23,36.48]]],[[[12.49,37.71],[12.81,38.09],[12.72,37.64],[12.49,37.71]]],[[[13.12,38.16],[13.67,37.96],[13.04,37.96],[13.12,38.16]]],[[[1.27,38.8],[1.18,39.06],[1.65,39.13],[1.27,38.8]]],[[[9.59,39.13],[8.34,39.0],[8.15,40.94],[9.1,41.26],[9.82,40.74],[9.59,39.13]]]]}},{"type":"Feature","properties":{"n":"Han","f":-337,"t":-257,"w":"Q1968654"},"geometry":{"type":"Polygon","coordinates":[[[112.19,35.13],[114.5,34.94],[111.59,34.61],[111.88,35.52],[112.94,35.45],[112.19,35.13]]]}},{"type":"Feature","properties":{"n":"Zhao","f":-337,"t":-257,"w":"Q1574107"},"geometry":{"type":"Polygon","coordinates":[[[115.08,35.39],[114.5,34.94],[112.92,35.58],[111.88,35.52],[112.28,36.8],[115.15,37.45],[114.91,36.93],[116.12,36.87],[114.61,36.1],[115.08,35.39]]]}},{"type":"Feature","properties":{"n":"(Macedonian Empire)","f":-337,"t":-334,"w":"Q83958"},"geometry":{"type":"MultiPolygon","coordinates":[[[[27.98,41.65],[29.04,41.07],[27.53,41.07],[26.92,40.48],[24.35,41.0],[23.7,40.81],[23.74,40.23],[22.65,40.61],[22.61,39.9],[23.13,39.38],[22.09,39.0],[19.81,40.68],[19.83,41.2],[20.64,41.46],[21.49,42.3],[22.55,42.69],[23.92,43.8],[25.52,43.67],[26.37,44.12],[27.75,44.19],[27.73,44.78],[28.8,44.97],[28.48,43.47],[27.9,43.28],[27.49,42.43],[27.98,41.65]]],[[[22.65,42.95],[22.73,42.95],[22.73,42.89],[22.65,42.95]]],[[[22.74,43.02],[22.82,43.02],[22.81,42.95],[22.74,43.02]]],[[[22.82,43.08],[22.9,43.08],[22.9,43.02],[22.82,43.08]]]]}},{"type":"Feature","properties":{"n":"Etruscans","f":-337,"t":-327,"w":"Q17161"},"geometry":{"type":"MultiPolygon","coordinates":[[[[9.58,41.98],[9.1,41.33],[8.62,41.72],[8.53,42.5],[9.33,43.02],[9.58,41.98]]],[[[10.46,42.69],[10.13,42.89],[10.21,42.89],[10.46,42.69]]],[[[11.81,42.17],[11.26,42.43],[10.29,43.8],[12.31,43.54],[12.38,42.43],[11.81,42.17]]]]}},{"type":"Feature","properties":{"n":"Magadha - Shaishunaga dynasty","f":-337,"t":-334,"w":"Q972165"},"geometry":{"type":"Polygon","coordinates":[[[80.79,27.0],[84.32,27.67],[86.72,26.52],[91.2,25.23],[91.22,23.49],[91.66,22.98],[90.22,21.76],[89.88,22.02],[88.72,21.63],[88.63,22.08],[88.34,21.57],[88.09,21.95],[87.06,21.44],[87.02,20.6],[86.28,20.02],[85.36,21.5],[74.99,22.85],[74.36,23.24],[75.65,24.73],[80.79,27.0]]]}},{"type":"Feature","properties":{"n":"(Warring States China)","f":-337,"t":-334,"w":"Q185063"},"geometry":{"type":"Polygon","coordinates":[[[112.9,29.34],[110.23,29.99],[110.41,30.31],[109.48,30.95],[109.31,31.59],[109.78,33.33],[110.51,34.04],[109.23,34.87],[108.25,34.94],[108.22,35.64],[112.94,37.58],[115.9,39.9],[121.23,40.94],[118.99,39.19],[117.89,39.19],[117.6,38.48],[119.46,37.96],[119.16,37.19],[120.75,37.9],[122.71,37.45],[122.5,36.87],[120.98,36.61],[119.23,34.81],[120.39,34.29],[120.92,32.62],[121.99,31.85],[120.92,31.85],[122.0,31.08],[120.68,30.18],[121.48,30.31],[122.03,29.92],[121.82,29.54],[119.78,29.99],[117.88,29.54],[116.27,29.92],[116.12,30.37],[114.11,30.5],[112.9,29.34]]]}},{"type":"Feature","properties":{"n":"Macedonian Empire","f":-337,"t":-334,"w":"Q83958"},"geometry":{"type":"MultiPolygon","coordinates":[[[[27.98,41.65],[29.04,41.07],[27.53,41.07],[26.92,40.48],[24.35,41.0],[23.7,40.81],[23.74,40.23],[22.65,40.61],[22.61,39.9],[23.13,39.38],[22.09,39.0],[19.81,40.68],[19.83,41.2],[20.64,41.46],[21.49,42.3],[22.55,42.69],[23.92,43.8],[25.52,43.67],[26.37,44.12],[27.75,44.19],[27.73,44.78],[28.8,44.97],[28.48,43.47],[27.9,43.28],[27.49,42.43],[27.98,41.65]]],[[[22.65,42.95],[22.73,42.95],[22.73,42.89],[22.65,42.95]]],[[[22.74,43.02],[22.82,43.02],[22.81,42.95],[22.74,43.02]]],[[[22.82,43.08],[22.9,43.08],[22.9,43.02],[22.82,43.08]]]]}},{"type":"Feature","properties":{"n":"Achaemenid Empire","f":-337,"t":-334,"w":"Q389688"},"geometry":{"type":"MultiPolygon","coordinates":[[[[66.63,41.46],[67.29,40.74],[68.86,41.2],[69.65,40.16],[70.14,40.23],[70.64,39.51],[72.06,39.0],[72.8,35.45],[72.48,34.16],[71.53,33.39],[71.55,32.81],[69.29,31.91],[66.07,29.73],[64.2,29.41],[61.73,29.6],[59.89,28.96],[58.93,27.42],[59.36,25.36],[57.38,25.74],[56.71,27.16],[55.29,26.52],[55.54,26.77],[54.68,26.45],[53.66,26.71],[51.45,27.87],[50.06,30.18],[48.94,30.31],[48.09,29.54],[46.62,29.86],[46.59,30.31],[45.77,30.44],[43.15,32.81],[40.7,34.16],[39.12,34.49],[36.9,33.07],[35.81,29.22],[34.84,29.41],[34.35,27.74],[33.19,28.51],[35.85,23.88],[31.67,23.75],[30.46,23.36],[29.67,24.2],[28.42,24.71],[27.24,27.03],[24.93,29.6],[23.3,30.44],[20.96,30.89],[18.73,29.99],[20.2,30.89],[20.02,32.24],[21.88,32.94],[23.09,32.62],[23.3,32.17],[24.89,31.98],[25.25,31.46],[26.85,31.46],[28.87,30.82],[30.97,31.66],[31.88,31.46],[32.0,31.08],[34.3,31.27],[35.64,34.36],[36.05,34.55],[35.84,36.29],[36.29,36.8],[34.58,36.87],[33.98,36.29],[32.56,36.03],[31.39,36.87],[30.62,36.93],[30.49,36.35],[29.94,36.22],[29.24,36.22],[29.12,36.74],[28.03,36.67],[28.07,37.13],[27.22,37.32],[27.28,38.03],[26.43,38.22],[26.38,38.67],[26.59,38.35],[27.08,38.55],[26.85,39.58],[26.13,39.51],[26.17,39.97],[26.59,40.36],[29.05,40.36],[28.91,40.61],[29.49,40.87],[29.04,41.13],[31.18,41.07],[32.63,41.91],[35.12,42.04],[35.16,41.72],[35.95,41.72],[36.14,41.33],[37.87,40.68],[40.41,40.68],[41.72,41.91],[43.66,42.04],[44.04,41.07],[46.16,39.64],[49.38,39.97],[48.8,39.0],[48.88,37.71],[50.82,36.74],[52.19,36.55],[54.03,36.87],[53.97,38.93],[56.4,40.29],[58.3,42.17],[58.68,42.95],[58.44,43.54],[62.04,43.21],[66.63,41.46]],[[67.82,31.4],[67.74,31.4],[67.73,31.34],[67.82,31.4]],[[35.52,33.91],[35.52,33.84],[35.59,33.84],[35.52,33.91]],[[34.85,32.36],[34.84,32.3],[34.92,32.3],[34.85,32.36]]],[[[34.09,35.0],[33.04,34.55],[32.23,34.94],[34.54,35.71],[34.09,35.0]]],[[[40.46,41.0],[40.38,41.0],[40.39,41.07],[40.46,41.0]]],[[[58.52,42.69],[58.51,42.63],[58.43,42.63],[58.52,42.69]]],[[[62.16,43.34],[62.14,43.28],[62.06,43.28],[62.16,43.34]]]]}},{"type":"Feature","properties":{"n":"Wei","f":-337,"t":-327,"w":"Q320930"},"geometry":{"type":"Polygon","coordinates":[[[116.12,36.87],[114.91,36.93],[115.15,37.45],[114.61,37.13],[113.63,37.38],[114.09,38.67],[115.9,39.9],[116.4,38.74],[116.15,38.55],[117.2,38.61],[116.12,36.87]]]}},{"type":"Feature","properties":{"n":"Qin","f":-337,"t":-327,"w":"Q1471995"},"geometry":{"type":"Polygon","coordinates":[[[109.51,34.61],[108.25,34.94],[108.17,35.52],[113.82,38.29],[113.62,37.51],[113.94,37.19],[112.28,36.8],[111.59,34.61],[109.51,34.61]]]}},{"type":"Feature","properties":{"n":"Chu","f":-337,"t":-334,"w":"Q504759"},"geometry":{"type":"Polygon","coordinates":[[[114.11,30.5],[112.9,29.34],[110.23,29.99],[110.41,30.31],[109.48,30.95],[109.31,31.59],[109.78,33.33],[110.54,33.91],[109.59,34.61],[114.47,34.87],[114.65,34.55],[117.23,34.1],[119.01,35.71],[120.05,35.77],[118.93,35.19],[118.35,33.65],[118.85,32.81],[117.11,31.66],[116.84,30.69],[116.04,30.37],[114.11,30.5]]]}},{"type":"Feature","properties":{"n":"(Macedonian Empire)","f":-333,"t":-332,"w":"Q83958"},"geometry":{"type":"MultiPolygon","coordinates":[[[[35.1,39.45],[35.37,37.64],[36.78,37.06],[36.27,34.42],[35.72,33.52],[35.33,33.52],[35.64,34.36],[36.05,34.55],[35.84,36.29],[36.14,36.93],[35.49,36.61],[34.58,36.87],[33.98,36.29],[32.56,36.03],[32.07,36.61],[30.62,36.93],[30.49,36.35],[29.24,36.22],[29.12,36.74],[28.03,36.67],[28.07,37.13],[27.22,37.32],[27.28,38.03],[26.43,38.22],[26.38,38.67],[27.06,38.35],[26.85,39.58],[26.13,39.51],[26.59,40.36],[29.05,40.36],[28.91,40.61],[29.4,40.74],[31.2,40.48],[32.12,40.94],[32.11,41.59],[33.28,41.98],[34.47,41.98],[34.35,41.65],[34.68,41.72],[34.27,41.0],[35.1,39.45]],[[35.52,33.91],[35.52,33.84],[35.59,33.84],[35.52,33.91]]],[[[34.94,40.03],[34.93,39.97],[34.85,39.97],[34.94,40.03]]],[[[27.98,41.65],[29.04,41.07],[27.53,41.07],[26.92,40.48],[24.35,41.0],[23.7,40.81],[23.74,40.23],[22.65,40.61],[22.61,39.9],[23.13,39.38],[22.09,39.0],[19.81,40.68],[19.83,41.2],[20.64,41.46],[21.49,42.3],[22.55,42.69],[23.92,43.8],[25.52,43.67],[26.37,44.12],[27.75,44.19],[27.73,44.78],[28.8,44.97],[28.48,43.47],[27.51,42.63],[27.98,41.65]]],[[[22.65,42.95],[22.73,42.95],[22.73,42.89],[22.65,42.95]]],[[[22.82,43.02],[22.81,42.95],[22.73,42.95],[22.82,43.02]]],[[[22.9,43.08],[22.9,43.02],[22.82,43.02],[22.9,43.08]]]]}},{"type":"Feature","properties":{"n":"Achaemenid Empire","f":-333,"t":-332,"w":"Q389688"},"geometry":{"type":"MultiPolygon","coordinates":[[[[66.63,41.46],[67.29,40.74],[68.86,41.2],[69.65,40.16],[70.14,40.23],[70.64,39.51],[72.06,39.0],[72.8,35.45],[72.48,34.16],[71.53,33.39],[71.55,32.81],[69.29,31.91],[66.07,29.73],[64.2,29.41],[61.73,29.6],[59.89,28.96],[58.93,27.42],[59.36,25.36],[57.38,25.74],[56.71,27.16],[55.29,26.52],[55.54,26.77],[54.68,26.45],[53.66,26.71],[51.45,27.87],[50.06,30.18],[48.94,30.31],[48.09,29.54],[46.62,29.86],[46.59,30.31],[45.77,30.44],[43.15,32.81],[40.7,34.16],[39.12,34.49],[36.9,33.07],[35.81,29.22],[34.84,29.41],[34.35,27.74],[33.19,28.51],[35.85,23.88],[31.67,23.75],[30.46,23.36],[29.67,24.2],[28.42,24.71],[27.24,27.03],[24.93,29.6],[23.3,30.44],[20.96,30.89],[18.73,29.99],[20.2,30.89],[20.02,32.24],[22.11,32.94],[23.09,32.62],[23.3,32.17],[24.89,31.98],[25.25,31.46],[26.85,31.46],[28.87,30.82],[30.97,31.66],[31.88,31.46],[32.0,31.08],[34.3,31.27],[35.33,33.52],[35.72,33.52],[36.27,34.42],[36.78,37.06],[35.37,37.64],[34.85,39.97],[36.59,40.55],[36.56,40.94],[40.41,40.68],[41.72,41.91],[43.66,42.04],[44.04,41.07],[46.16,39.64],[49.38,39.97],[48.8,39.0],[48.88,37.71],[50.82,36.74],[52.19,36.55],[54.03,36.87],[53.97,38.93],[56.4,40.29],[58.3,42.17],[58.68,42.95],[58.44,43.54],[60.93,43.54],[62.04,43.21],[66.63,41.46]],[[67.74,31.4],[67.73,31.34],[67.8,31.34],[67.74,31.4]],[[34.84,32.3],[34.92,32.3],[34.92,32.36],[34.84,32.3]]],[[[33.04,34.55],[32.23,34.94],[32.89,35.39],[34.53,35.58],[33.04,34.55]]],[[[34.86,40.03],[34.85,39.97],[34.77,39.97],[34.86,40.03]]],[[[34.95,40.1],[34.94,40.03],[34.86,40.03],[34.95,40.1]]],[[[40.38,41.0],[40.39,41.07],[40.47,41.07],[40.38,41.0]]],[[[58.52,42.69],[58.51,42.63],[58.43,42.63],[58.52,42.69]]],[[[62.16,43.34],[62.14,43.28],[62.06,43.28],[62.16,43.34]]]]}},{"type":"Feature","properties":{"n":"Minyue","f":-333,"t":-219,"w":"Q1936158"},"geometry":{"type":"MultiPolygon","coordinates":[[[[121.59,29.09],[121.65,28.32],[121.12,28.32],[119.59,26.13],[119.53,25.62],[119.87,25.49],[119.27,25.49],[118.76,24.59],[118.15,24.52],[116.54,22.91],[114.75,22.53],[114.47,24.46],[115.23,26.39],[114.95,26.77],[115.26,28.89],[115.8,30.12],[118.36,29.6],[120.52,30.37],[121.48,30.31],[122.02,29.67],[121.59,29.09]]],[[[122.27,30.18],[122.28,29.99],[121.98,29.99],[122.27,30.18]]]]}},{"type":"Feature","properties":{"n":"(Warring States China)","f":-333,"t":-327,"w":"Q185063"},"geometry":{"type":"Polygon","coordinates":[[[120.92,32.62],[121.96,31.98],[121.84,31.66],[120.92,31.85],[121.63,31.53],[121.9,30.82],[118.36,29.6],[116.74,29.73],[116.12,30.37],[114.11,30.5],[113.27,29.54],[112.0,29.34],[110.23,29.99],[110.41,30.31],[109.48,30.95],[109.71,33.14],[110.51,34.04],[109.23,34.87],[108.25,34.94],[108.17,35.52],[109.65,36.48],[112.94,37.58],[115.9,39.9],[121.23,40.94],[118.99,39.19],[117.89,39.19],[117.62,38.67],[118.07,38.16],[119.46,37.96],[119.16,37.19],[120.75,37.9],[122.71,37.45],[122.5,36.87],[120.98,36.61],[119.62,35.52],[119.23,34.81],[120.49,34.16],[120.92,32.62]]]}},{"type":"Feature","properties":{"n":"Macedonian Empire","f":-333,"t":-332,"w":"Q83958"},"geometry":{"type":"MultiPolygon","coordinates":[[[[35.1,39.45],[35.37,37.64],[36.78,37.06],[36.27,34.42],[35.72,33.52],[35.33,33.52],[35.64,34.36],[36.05,34.55],[35.84,36.29],[36.14,36.93],[35.49,36.61],[34.58,36.87],[33.98,36.29],[32.56,36.03],[32.07,36.61],[30.62,36.93],[30.49,36.35],[29.24,36.22],[29.12,36.74],[28.03,36.67],[28.07,37.13],[27.22,37.32],[27.28,38.03],[26.43,38.22],[26.38,38.67],[27.06,38.35],[26.85,39.58],[26.13,39.51],[26.59,40.36],[29.05,40.36],[28.91,40.61],[29.4,40.74],[31.2,40.48],[32.12,40.94],[32.11,41.59],[33.28,41.98],[34.47,41.98],[34.35,41.65],[34.68,41.72],[34.27,41.0],[35.1,39.45]],[[35.52,33.91],[35.52,33.84],[35.59,33.84],[35.52,33.91]]],[[[34.94,40.03],[34.93,39.97],[34.85,39.97],[34.94,40.03]]],[[[27.98,41.65],[29.04,41.07],[27.53,41.07],[26.92,40.48],[24.35,41.0],[23.7,40.81],[23.74,40.23],[22.65,40.61],[22.61,39.9],[23.13,39.38],[22.09,39.0],[19.81,40.68],[19.83,41.2],[20.64,41.46],[21.49,42.3],[22.55,42.69],[23.92,43.8],[25.52,43.67],[26.37,44.12],[27.75,44.19],[27.73,44.78],[28.8,44.97],[28.48,43.47],[27.51,42.63],[27.98,41.65]]],[[[22.65,42.95],[22.73,42.95],[22.73,42.89],[22.65,42.95]]],[[[22.82,43.02],[22.81,42.95],[22.73,42.95],[22.82,43.02]]],[[[22.9,43.08],[22.9,43.02],[22.82,43.02],[22.9,43.08]]]]}},{"type":"Feature","properties":{"n":"Chu","f":-333,"t":-316,"w":"Q504759"},"geometry":{"type":"Polygon","coordinates":[[[120.49,34.16],[120.92,32.62],[121.96,31.98],[121.84,31.66],[120.92,31.85],[122.0,31.08],[120.8,30.31],[118.36,29.6],[116.74,29.73],[116.12,30.37],[114.11,30.5],[113.27,29.54],[112.0,29.34],[110.23,29.99],[110.41,30.31],[109.36,31.27],[109.78,33.33],[110.54,33.91],[109.59,34.61],[114.47,34.87],[114.65,34.55],[117.23,34.1],[119.53,35.84],[120.05,35.77],[119.23,34.81],[120.49,34.16]]]}},{"type":"Feature","properties":{"n":"Greek City-States","f":-333,"t":-332,"w":"Q148837"},"geometry":{"type":"MultiPolygon","coordinates":[[[[24.3,35.32],[26.23,35.19],[23.68,35.26],[23.62,35.52],[24.3,35.32]]],[[[22.89,36.42],[23.12,36.35],[23.11,36.16],[22.89,36.42]]],[[[22.36,36.67],[22.39,37.25],[22.92,37.0],[23.06,36.67],[22.36,36.67]]],[[[18.36,40.29],[18.35,39.9],[17.35,40.55],[16.62,40.29],[16.45,39.64],[17.14,39.06],[15.93,37.96],[15.39,38.16],[15.05,36.74],[12.72,37.64],[14.98,37.06],[14.83,37.77],[16.27,38.93],[15.75,40.03],[15.04,40.23],[14.66,40.81],[16.14,39.97],[16.88,40.74],[18.36,40.29]]],[[[0.1,38.8],[-0.13,38.55],[-0.54,38.93],[-0.51,39.9],[-0.2,39.97],[0.1,38.8]]],[[[20.3,39.38],[21.02,39.58],[21.47,39.19],[20.3,39.38]]],[[[19.99,39.64],[19.25,40.61],[19.47,41.98],[19.81,40.68],[20.5,40.36],[19.99,39.64]]],[[[29.37,41.2],[29.18,40.87],[29.04,41.13],[29.37,41.2]]],[[[3.85,43.6],[2.98,43.15],[3.04,41.85],[2.7,42.37],[2.74,43.21],[3.45,43.67],[4.73,43.86],[6.59,43.41],[3.85,43.6]]],[[[40.58,40.74],[37.87,40.68],[36.45,41.26],[38.3,40.87],[40.58,40.74]]],[[[31.51,41.2],[31.36,41.26],[31.69,41.39],[31.51,41.2]]],[[[35.01,41.78],[34.79,41.98],[35.12,42.04],[35.01,41.78]]],[[[40.42,43.15],[39.63,43.73],[41.41,42.89],[40.42,43.15]]],[[[40.03,43.73],[39.95,43.73],[39.96,43.8],[40.03,43.73]]],[[[33.93,44.45],[33.45,44.52],[33.46,45.19],[35.18,45.3],[35.13,44.91],[33.93,44.45]]],[[[31.53,46.68],[30.88,46.68],[29.61,45.69],[30.46,46.61],[31.57,46.94],[31.53,46.68]]],[[[39.08,47.6],[39.2,47.33],[38.35,47.2],[39.08,47.6]]]]}},{"type":"Feature","properties":{"n":"Nanda Empire","f":-333,"t":-327,"w":"Q949268"},"geometry":{"type":"Polygon","coordinates":[[[81.88,27.87],[84.61,27.54],[86.1,27.09],[86.8,26.45],[91.22,25.23],[91.23,23.49],[91.68,22.98],[90.23,21.76],[89.9,22.01],[88.73,21.63],[88.64,22.08],[88.35,21.56],[88.1,21.95],[87.07,21.44],[87.03,20.6],[86.36,20.02],[85.37,21.5],[74.98,22.85],[73.79,23.56],[71.9,23.94],[67.32,24.33],[67.15,24.78],[66.63,24.84],[66.49,25.49],[65.87,25.36],[66.57,27.22],[69.35,28.57],[76.09,30.95],[76.79,31.01],[78.95,29.41],[81.88,27.87]]]}},{"type":"Feature","properties":{"n":"Kingdom of Bithynia","f":-333,"t":-332,"w":"Q3762571"},"geometry":{"type":"Polygon","coordinates":[[[29.37,41.2],[31.18,41.07],[32.12,41.65],[32.32,41.33],[31.2,40.48],[29.49,40.81],[29.37,41.2]]]}},{"type":"Feature","properties":{"n":"Ptolemaic Kingdom","f":-331,"t":-327,"w":"Q2320005"},"geometry":{"type":"Polygon","coordinates":[[[35.63,41.07],[36.25,40.36],[37.7,40.03],[38.86,38.67],[41.34,37.9],[41.63,37.19],[42.97,36.22],[40.68,35.9],[38.79,34.94],[36.9,33.07],[36.42,31.21],[35.35,31.14],[34.61,30.44],[32.44,29.79],[35.85,23.88],[31.67,23.75],[30.46,23.36],[28.57,24.65],[28.15,27.35],[25.52,29.09],[25.48,29.92],[26.32,31.53],[28.87,30.82],[30.97,31.66],[31.88,31.46],[32.0,31.08],[34.3,31.27],[35.64,34.36],[36.05,34.55],[35.84,36.29],[36.29,36.8],[34.58,36.87],[33.98,36.29],[32.56,36.03],[32.07,36.61],[30.62,36.93],[30.49,36.35],[29.24,36.22],[29.12,36.74],[28.03,36.67],[28.07,37.13],[27.22,37.32],[27.28,38.03],[26.43,38.22],[26.38,38.67],[26.59,38.35],[27.08,38.55],[26.85,39.58],[26.13,39.51],[26.17,39.97],[26.59,40.36],[29.05,40.36],[28.91,40.61],[29.4,40.74],[31.2,40.48],[32.12,40.94],[32.11,41.59],[32.63,41.91],[34.47,41.98],[34.52,40.48],[35.63,41.07]]]}},{"type":"Feature","properties":{"n":"Achaemenid Empire","f":-331,"t":-327,"w":"Q389688"},"geometry":{"type":"MultiPolygon","coordinates":[[[[37.73,33.65],[37.65,33.65],[37.66,33.78],[37.73,33.65]]],[[[37.79,40.68],[40.41,40.68],[41.72,41.91],[43.66,42.04],[44.04,41.07],[46.16,39.64],[49.38,39.97],[48.8,39.0],[48.88,37.71],[50.82,36.74],[52.19,36.55],[54.03,36.87],[53.97,38.93],[56.4,40.29],[58.3,42.17],[58.68,42.95],[58.44,43.54],[60.93,43.54],[62.04,43.21],[62.54,43.28],[65.09,42.17],[67.29,40.74],[68.86,41.2],[69.65,40.16],[70.14,40.23],[70.64,39.51],[72.06,39.0],[72.8,35.45],[72.48,34.16],[71.53,33.39],[71.55,32.81],[69.29,31.91],[66.23,29.79],[64.2,29.41],[61.73,29.6],[59.89,28.96],[58.93,27.42],[58.98,26.0],[59.45,25.49],[59.06,25.36],[57.38,25.74],[56.71,27.16],[54.83,26.45],[51.6,27.8],[50.06,30.18],[48.94,30.31],[48.09,29.54],[46.62,29.86],[46.59,30.31],[45.77,30.44],[43.15,32.81],[40.7,34.16],[39.12,34.49],[37.74,33.78],[38.79,34.94],[40.19,35.71],[42.97,36.22],[41.63,37.19],[41.34,37.9],[38.86,38.67],[37.7,40.03],[37.79,40.68]]],[[[40.38,41.0],[40.39,41.07],[40.47,41.07],[40.38,41.0]]],[[[58.52,42.69],[58.51,42.63],[58.43,42.63],[58.52,42.69]]],[[[62.16,43.34],[62.14,43.28],[62.06,43.28],[62.16,43.34]]]]}},{"type":"Feature","properties":{"n":"Macedonian Empire","f":-331,"t":-327,"w":"Q83958"},"geometry":{"type":"MultiPolygon","coordinates":[[[[27.98,41.65],[29.04,41.07],[27.53,41.07],[26.92,40.48],[24.35,41.0],[23.7,40.81],[23.74,40.23],[22.65,40.61],[22.61,39.9],[23.13,39.38],[22.09,39.0],[19.81,40.68],[19.83,41.2],[20.64,41.46],[21.49,42.3],[22.55,42.69],[23.92,43.8],[25.52,43.67],[26.37,44.12],[27.75,44.19],[27.73,44.78],[28.8,44.97],[28.48,43.47],[27.9,43.28],[27.49,42.43],[27.98,41.65]]],[[[22.65,42.95],[22.73,42.95],[22.73,42.89],[22.65,42.95]]],[[[22.74,43.02],[22.82,43.02],[22.81,42.95],[22.74,43.02]]],[[[22.82,43.08],[22.9,43.08],[22.9,43.02],[22.82,43.08]]]]}},{"type":"Feature","properties":{"n":"Yuezhi","f":-331,"t":-204,"w":"Q467985"},"geometry":{"type":"Polygon","coordinates":[[[80.38,44.84],[81.12,42.3],[85.79,42.76],[90.22,41.91],[93.47,40.61],[93.17,39.9],[92.14,39.51],[86.44,38.35],[85.11,37.45],[81.26,36.61],[78.42,37.51],[77.03,38.8],[72.2,39.97],[72.1,40.42],[76.28,42.17],[75.14,43.21],[75.2,43.6],[74.79,43.8],[75.0,44.12],[73.97,44.84],[74.32,45.96],[75.45,46.55],[77.39,46.48],[78.57,45.17],[80.38,44.84]]]}},{"type":"Feature","properties":{"n":"(Macedonian Empire)","f":-331,"t":-327,"w":"Q83958"},"geometry":{"type":"MultiPolygon","coordinates":[[[[27.98,41.65],[29.04,41.07],[27.53,41.07],[26.92,40.48],[24.35,41.0],[23.7,40.81],[23.74,40.23],[22.65,40.61],[22.61,39.9],[23.13,39.38],[22.09,39.0],[19.81,40.68],[19.83,41.2],[20.64,41.46],[21.49,42.3],[22.55,42.69],[23.92,43.8],[25.52,43.67],[26.37,44.12],[27.75,44.19],[27.73,44.78],[28.8,44.97],[28.48,43.47],[27.9,43.28],[27.49,42.43],[27.98,41.65]]],[[[22.65,42.95],[22.73,42.95],[22.73,42.89],[22.65,42.95]]],[[[22.74,43.02],[22.82,43.02],[22.81,42.95],[22.74,43.02]]],[[[22.82,43.08],[22.9,43.08],[22.9,43.02],[22.82,43.08]]]]}},{"type":"Feature","properties":{"n":"Carthage","f":-331,"t":-308,"w":"Q2429397"},"geometry":{"type":"MultiPolygon","coordinates":[[[[11.08,35.0],[10.0,34.29],[10.24,33.71],[12.23,32.81],[13.3,32.94],[15.06,32.43],[15.65,31.4],[17.85,30.95],[18.81,30.12],[15.57,31.14],[14.9,32.24],[9.62,33.33],[8.93,34.04],[8.85,34.74],[8.07,34.94],[7.59,36.61],[1.15,36.16],[-1.88,34.81],[-4.73,34.87],[-5.63,35.52],[-6.73,33.59],[-7.47,33.26],[-7.88,33.52],[-6.61,34.16],[-5.95,35.71],[-5.57,35.84],[-4.75,35.19],[-2.84,35.45],[-2.66,35.07],[-1.89,35.07],[0.68,36.42],[3.46,36.87],[5.56,36.67],[6.33,37.06],[8.52,36.87],[10.23,37.25],[10.23,36.8],[11.01,37.0],[10.46,35.9],[11.08,35.58],[11.08,35.0]]],[[[14.34,35.84],[14.34,36.03],[14.57,35.97],[14.34,35.84]]],[[[-5.23,36.48],[-5.58,36.03],[-6.25,36.61],[-5.45,36.35],[-5.31,36.55],[-4.56,36.87],[-3.85,36.8],[-5.23,36.48]]],[[[12.49,37.71],[12.81,38.09],[12.72,37.64],[12.49,37.71]]],[[[13.12,38.16],[13.67,37.96],[13.04,37.96],[13.12,38.16]]],[[[1.27,38.8],[1.18,39.06],[1.65,39.13],[1.27,38.8]]],[[[9.59,39.13],[8.34,39.0],[8.15,40.94],[9.1,41.26],[9.82,40.74],[9.59,39.13]]]]}},{"type":"Feature","properties":{"n":"Kingdom of Bithynia","f":-331,"t":-324,"w":"Q3762571"},"geometry":{"type":"Polygon","coordinates":[[[29.25,40.81],[29.37,41.2],[31.18,41.07],[32.12,41.65],[32.12,40.94],[30.89,40.55],[29.25,40.81]]]}},{"type":"Feature","properties":{"n":"Cyrenaica","f":-331,"t":-292,"w":"Q165198"},"geometry":{"type":"Polygon","coordinates":[[[20.66,30.89],[18.73,29.99],[20.12,30.76],[20.02,32.24],[20.64,32.69],[22.11,32.94],[23.23,32.36],[20.54,31.91],[20.66,30.89]]]}},{"type":"Feature","properties":{"n":"Greek City-States","f":-331,"t":-327,"w":"Q148837"},"geometry":{"type":"MultiPolygon","coordinates":[[[[24.3,35.32],[26.23,35.19],[23.68,35.26],[23.62,35.52],[24.3,35.32]]],[[[22.89,36.42],[23.12,36.35],[23.11,36.16],[22.89,36.42]]],[[[22.36,36.67],[22.39,37.25],[22.92,37.0],[23.06,36.67],[22.36,36.67]]],[[[18.36,40.29],[18.35,39.9],[17.35,40.55],[16.62,40.29],[16.45,39.64],[17.14,39.06],[15.93,37.96],[15.39,38.16],[15.05,36.74],[12.72,37.64],[14.98,37.06],[14.83,37.77],[16.27,38.93],[15.75,40.03],[15.04,40.23],[14.66,40.81],[16.14,39.97],[16.88,40.74],[18.36,40.29]]],[[[0.1,38.8],[-0.13,38.55],[-0.54,38.93],[-0.51,39.9],[-0.2,39.97],[0.1,38.8]]],[[[21.47,39.26],[21.47,39.19],[20.99,39.06],[21.09,39.58],[21.47,39.26]]],[[[19.99,39.64],[19.25,40.61],[19.47,41.98],[19.81,40.68],[20.5,40.36],[19.99,39.64]]],[[[29.18,40.87],[29.04,41.13],[29.37,41.2],[29.18,40.87]]],[[[3.85,43.6],[2.98,43.15],[3.04,41.85],[2.7,42.37],[2.74,43.21],[3.45,43.67],[4.73,43.86],[6.6,43.28],[3.85,43.6]]],[[[34.09,35.0],[33.04,34.55],[32.23,34.94],[34.54,35.71],[34.09,35.0]]],[[[40.58,40.74],[37.87,40.68],[36.45,41.26],[38.3,40.87],[40.58,40.74]]],[[[31.51,41.2],[31.36,41.26],[31.69,41.39],[31.51,41.2]]],[[[35.01,41.78],[34.79,41.98],[35.12,42.04],[35.01,41.78]]],[[[40.42,43.15],[39.63,43.73],[41.41,42.89],[40.42,43.15]]],[[[40.03,43.73],[39.95,43.73],[39.96,43.8],[40.03,43.73]]],[[[33.93,44.45],[33.45,44.52],[33.46,45.19],[35.18,45.3],[35.13,44.91],[33.93,44.45]]],[[[31.53,46.68],[30.88,46.68],[29.61,45.69],[30.46,46.61],[31.57,46.94],[31.53,46.68]]],[[[39.08,47.6],[39.2,47.33],[38.35,47.2],[39.08,47.6]]]]}},{"type":"Feature","properties":{"n":"Greek City-States","f":-326,"t":-324,"w":"Q148837"},"geometry":{"type":"MultiPolygon","coordinates":[[[[24.3,35.32],[26.23,35.19],[23.68,35.26],[23.62,35.52],[24.3,35.32]]],[[[22.89,36.42],[23.12,36.35],[23.11,36.16],[22.89,36.42]]],[[[22.36,36.67],[22.39,37.25],[22.92,37.0],[23.06,36.67],[22.36,36.67]]],[[[18.36,40.29],[18.35,39.9],[17.35,40.55],[16.62,40.29],[16.45,39.64],[17.14,39.06],[15.93,37.96],[15.39,38.16],[15.05,36.74],[12.72,37.64],[14.98,37.06],[14.83,37.77],[16.27,38.93],[15.75,40.03],[15.04,40.23],[14.66,40.81],[16.14,39.97],[16.88,40.74],[18.36,40.29]]],[[[0.1,38.8],[-0.13,38.55],[-0.54,38.93],[-0.51,39.9],[-0.2,39.97],[0.1,38.8]]],[[[29.37,41.2],[29.18,40.87],[29.04,41.13],[29.37,41.2]]],[[[19.78,41.72],[19.81,40.81],[19.33,40.74],[19.39,41.91],[19.78,41.72]]],[[[3.85,43.6],[2.98,43.15],[3.04,41.85],[2.7,42.37],[2.74,43.21],[3.45,43.67],[4.73,43.86],[6.59,43.41],[3.85,43.6]]],[[[31.53,46.68],[30.88,46.68],[29.61,45.69],[31.08,47.01],[31.53,46.68]]],[[[34.09,35.0],[33.04,34.55],[32.23,34.94],[34.54,35.71],[34.09,35.0]]],[[[40.57,40.68],[37.87,40.68],[36.44,41.2],[40.57,40.68]]],[[[31.51,41.2],[31.36,41.26],[31.69,41.39],[31.51,41.2]]],[[[35.01,41.78],[34.79,41.98],[35.12,42.04],[35.01,41.78]]],[[[40.42,43.15],[39.63,43.73],[41.41,42.89],[40.42,43.15]]],[[[40.03,43.73],[39.95,43.73],[39.96,43.8],[40.03,43.73]]],[[[33.45,44.52],[33.46,45.19],[35.18,45.3],[35.13,44.91],[33.45,44.52]]],[[[39.08,47.6],[39.2,47.33],[38.35,47.2],[39.08,47.6]]]]}},{"type":"Feature","properties":{"n":"Nanda Empire","f":-326,"t":-324,"w":"Q949268"},"geometry":{"type":"Polygon","coordinates":[[[81.88,27.87],[84.61,27.54],[86.1,27.09],[86.8,26.45],[91.22,25.23],[91.23,23.49],[91.68,22.98],[90.23,21.76],[89.9,22.01],[88.73,21.63],[88.64,22.08],[88.35,21.56],[88.1,21.95],[87.07,21.44],[87.03,20.6],[86.36,20.02],[85.37,21.5],[74.98,22.85],[73.79,23.56],[67.32,24.33],[67.15,24.78],[66.63,24.84],[67.18,27.29],[68.86,28.38],[75.78,30.89],[76.79,31.01],[81.88,27.87]]]}},{"type":"Feature","properties":{"n":"Roman Republic","f":-326,"t":-324,"w":"Q175881"},"geometry":{"type":"MultiPolygon","coordinates":[[[[14.74,41.0],[14.66,40.68],[12.6,41.52],[11.81,42.11],[11.9,42.43],[13.09,41.98],[13.0,41.52],[14.74,41.0]]],[[[12.46,42.5],[12.14,42.5],[12.14,42.76],[12.46,42.5]]]]}},{"type":"Feature","properties":{"n":"Etruscans","f":-326,"t":-292,"w":"Q17161"},"geometry":{"type":"MultiPolygon","coordinates":[[[[9.58,41.98],[9.1,41.33],[8.62,41.72],[8.53,42.5],[9.33,43.02],[9.58,41.98]]],[[[10.46,42.69],[10.13,42.89],[10.21,42.89],[10.46,42.69]]],[[[12.37,42.37],[11.73,42.17],[10.54,43.08],[10.29,43.8],[11.91,43.8],[12.37,42.37]]]]}},{"type":"Feature","properties":{"n":"(Macedonian Empire)","f":-326,"t":-324,"w":"Q83958"},"geometry":{"type":"MultiPolygon","coordinates":[[[[70.36,40.42],[70.44,40.42],[70.42,40.36],[70.36,40.42]]],[[[27.98,41.65],[29.04,41.07],[27.53,41.07],[26.92,40.48],[24.35,41.0],[23.7,40.81],[23.74,40.23],[22.65,40.61],[22.61,39.9],[23.13,39.38],[22.09,39.0],[19.81,40.68],[19.91,41.26],[20.64,41.46],[21.49,42.3],[22.55,42.69],[23.92,43.8],[25.52,43.67],[26.37,44.12],[27.75,44.19],[27.73,44.78],[28.8,44.97],[28.48,43.47],[27.51,42.63],[27.98,41.65]]],[[[22.65,42.95],[22.73,42.95],[22.73,42.89],[22.65,42.95]]],[[[22.82,43.02],[22.81,42.95],[22.73,42.95],[22.82,43.02]]],[[[22.9,43.08],[22.9,43.02],[22.82,43.02],[22.9,43.08]]]]}},{"type":"Feature","properties":{"n":"Kingdom of Armenia","f":-326,"t":-324,"w":"Q208404"},"geometry":{"type":"MultiPolygon","coordinates":[[[[45.67,40.87],[45.52,40.48],[46.54,39.97],[47.05,39.77],[48.67,39.58],[48.8,38.09],[47.25,38.67],[46.12,38.48],[45.22,37.77],[45.43,37.06],[45.1,36.93],[44.64,37.51],[40.57,38.03],[38.81,38.93],[38.79,39.9],[40.4,40.1],[40.85,40.94],[41.36,40.68],[41.53,41.26],[42.25,41.26],[42.56,41.65],[45.12,41.33],[45.67,40.87]]],[[[47.08,39.9],[47.16,39.9],[47.14,39.84],[47.08,39.9]]],[[[46.93,39.97],[47.01,39.97],[47.0,39.9],[46.93,39.97]]]]}},{"type":"Feature","properties":{"n":"Qin","f":-326,"t":-316,"w":"Q1471995"},"geometry":{"type":"Polygon","coordinates":[[[109.51,34.61],[108.25,34.94],[108.17,35.52],[109.65,36.48],[111.43,37.0],[114.11,39.19],[114.81,39.32],[113.7,38.03],[113.94,37.19],[112.28,36.8],[111.59,34.61],[109.51,34.61]]]}},{"type":"Feature","properties":{"n":"Wei","f":-326,"t":-292,"w":"Q320930"},"geometry":{"type":"Polygon","coordinates":[[[115.86,39.38],[116.4,38.74],[116.15,38.55],[117.2,38.61],[116.12,36.87],[114.91,36.93],[115.15,37.45],[114.61,37.13],[113.63,37.38],[113.89,38.42],[114.81,39.32],[114.11,39.19],[112.11,39.9],[113.09,40.42],[116.1,39.84],[115.86,39.38]]]}},{"type":"Feature","properties":{"n":"Ptolemaic Kingdom","f":-326,"t":-324,"w":"Q2320005"},"geometry":{"type":"Polygon","coordinates":[[[35.63,41.07],[36.69,40.16],[38.79,39.9],[38.81,38.93],[40.57,38.03],[44.41,37.58],[45.1,36.93],[45.43,37.06],[45.22,37.77],[45.85,38.29],[47.25,38.67],[51.64,36.55],[54.03,36.87],[53.98,37.38],[55.29,38.09],[58.63,38.67],[62.5,40.03],[68.53,39.58],[69.27,40.23],[69.27,40.74],[70.56,41.07],[70.74,40.61],[69.33,39.9],[69.57,38.8],[71.2,38.48],[72.55,37.45],[75.01,37.32],[74.81,36.61],[75.52,34.61],[75.32,32.56],[74.63,31.91],[74.71,30.5],[67.56,27.8],[66.62,25.36],[61.72,25.04],[57.38,25.74],[56.71,27.16],[55.44,26.52],[55.54,26.77],[55.24,26.77],[54.83,26.45],[53.66,26.71],[51.32,27.99],[50.06,30.18],[48.94,30.31],[48.09,29.54],[46.62,29.86],[46.59,30.31],[45.77,30.44],[43.15,32.81],[40.7,34.16],[39.12,34.49],[36.9,33.07],[36.42,31.21],[35.35,31.14],[34.61,30.44],[32.44,29.79],[35.85,23.88],[31.67,23.75],[30.46,23.36],[28.57,24.65],[28.15,27.35],[25.52,29.09],[25.48,29.92],[26.32,31.53],[28.87,30.82],[30.97,31.66],[31.88,31.46],[32.0,31.08],[34.3,31.27],[35.64,34.36],[36.05,34.55],[35.84,36.29],[36.29,36.8],[34.58,36.87],[33.98,36.29],[32.56,36.03],[32.07,36.61],[30.62,36.93],[30.49,36.35],[29.24,36.22],[29.12,36.74],[28.03,36.67],[28.07,37.13],[27.22,37.32],[27.28,38.03],[26.43,38.22],[26.38,38.67],[26.59,38.35],[27.08,38.55],[26.85,39.58],[26.13,39.51],[26.17,39.97],[26.59,40.36],[29.05,40.36],[28.91,40.61],[29.4,40.74],[31.2,40.48],[32.12,40.94],[32.11,41.59],[32.63,41.91],[34.47,41.98],[34.52,40.48],[35.63,41.07]]]}},{"type":"Feature","properties":{"n":"Macedonian Empire","f":-326,"t":-324,"w":"Q83958"},"geometry":{"type":"MultiPolygon","coordinates":[[[[70.36,40.42],[70.44,40.42],[70.42,40.36],[70.36,40.42]]],[[[27.98,41.65],[29.04,41.07],[27.53,41.07],[26.92,40.48],[24.35,41.0],[23.7,40.81],[23.74,40.23],[22.65,40.61],[22.61,39.9],[23.13,39.38],[22.09,39.0],[19.81,40.68],[19.91,41.26],[20.64,41.46],[21.49,42.3],[22.55,42.69],[23.92,43.8],[25.52,43.67],[26.37,44.12],[27.75,44.19],[27.73,44.78],[28.8,44.97],[28.48,43.47],[27.51,42.63],[27.98,41.65]]],[[[22.65,42.95],[22.73,42.95],[22.73,42.89],[22.65,42.95]]],[[[22.82,43.02],[22.81,42.95],[22.73,42.95],[22.82,43.02]]],[[[22.9,43.08],[22.9,43.02],[22.82,43.02],[22.9,43.08]]]]}},{"type":"Feature","properties":{"n":"(Warring States China)","f":-326,"t":-316,"w":"Q185063"},"geometry":{"type":"Polygon","coordinates":[[[120.92,32.62],[121.96,31.98],[121.84,31.66],[120.92,31.85],[121.63,31.53],[121.9,30.82],[118.36,29.6],[116.74,29.73],[116.12,30.37],[114.11,30.5],[113.27,29.54],[112.0,29.34],[110.23,29.99],[110.41,30.31],[109.48,30.95],[109.71,33.14],[110.51,34.04],[109.23,34.87],[108.25,34.94],[108.17,35.52],[109.65,36.48],[111.43,37.0],[114.08,39.13],[113.81,39.51],[112.17,39.71],[112.74,40.36],[114.6,40.42],[116.1,39.84],[121.23,40.94],[118.99,39.19],[117.89,39.19],[117.62,38.67],[118.07,38.16],[119.46,37.96],[119.16,37.19],[120.75,37.9],[122.71,37.45],[122.5,36.87],[120.98,36.61],[119.62,35.52],[119.23,34.81],[120.49,34.16],[120.92,32.62]]]}},{"type":"Feature","properties":{"n":"Laomedon","f":-323,"t":-319,"w":"Q977461"},"geometry":{"type":"MultiPolygon","coordinates":[[[[39.2,34.49],[36.9,33.07],[36.42,31.21],[35.35,31.14],[34.54,30.5],[34.3,31.34],[35.64,34.36],[36.05,34.55],[35.92,36.29],[37.46,36.22],[37.9,36.61],[38.31,35.52],[39.2,34.49]]],[[[39.19,34.42],[39.2,34.49],[39.28,34.49],[39.19,34.42]]]]}},{"type":"Feature","properties":{"n":"Greek City-States","f":-323,"t":-319,"w":"Q148837"},"geometry":{"type":"MultiPolygon","coordinates":[[[[24.3,35.32],[26.23,35.19],[23.68,35.26],[23.62,35.52],[24.3,35.32]]],[[[23.12,36.35],[23.11,36.16],[22.87,36.16],[23.12,36.35]]],[[[25.57,37.13],[25.56,37.0],[25.33,37.0],[25.57,37.13]]],[[[26.31,37.71],[26.3,37.58],[25.99,37.51],[26.31,37.71]]],[[[20.93,37.9],[20.92,37.64],[20.61,37.71],[20.93,37.9]]],[[[22.94,38.87],[23.7,38.35],[23.04,37.77],[23.4,37.32],[22.57,37.77],[23.06,36.67],[22.36,36.67],[22.22,37.06],[21.74,36.87],[21.7,37.51],[21.24,37.84],[21.74,38.35],[20.74,38.8],[21.71,39.32],[22.13,38.35],[22.97,37.96],[22.6,38.42],[22.94,38.87]]],[[[20.57,38.42],[20.79,38.09],[20.32,38.16],[20.57,38.42]]],[[[26.22,38.55],[26.11,38.16],[25.88,38.16],[26.22,38.55]]],[[[18.35,39.9],[17.35,40.55],[16.62,40.29],[16.45,39.64],[17.14,39.06],[15.93,37.96],[15.39,38.16],[15.05,36.74],[12.72,37.64],[14.98,37.06],[14.83,37.77],[16.27,38.93],[15.75,40.03],[15.04,40.23],[14.89,40.68],[16.14,39.97],[16.88,40.74],[17.98,40.61],[18.35,39.9]]],[[[25.79,39.19],[26.04,39.38],[26.64,39.0],[25.79,39.19]]],[[[0.1,38.8],[-0.13,38.55],[-0.57,39.51],[-0.2,39.97],[-0.31,39.13],[0.1,38.8]]],[[[19.91,39.58],[19.76,39.64],[19.76,39.77],[19.91,39.58]]],[[[25.46,40.03],[25.45,39.84],[24.97,39.84],[25.46,40.03]]],[[[26.04,40.29],[26.02,40.16],[25.7,40.1],[26.04,40.29]]],[[[24.81,40.81],[24.79,40.61],[24.55,40.55],[24.81,40.81]]],[[[3.85,43.6],[2.98,43.15],[3.04,41.85],[2.7,42.37],[2.74,43.21],[3.45,43.67],[4.73,43.86],[6.6,43.28],[3.85,43.6]]],[[[33.04,34.55],[32.23,34.94],[34.54,35.71],[34.09,35.0],[33.04,34.55]]],[[[28.02,36.48],[28.25,36.48],[28.14,36.03],[27.74,35.9],[28.02,36.48]]],[[[27.89,36.87],[27.96,36.74],[27.56,36.67],[27.89,36.87]]],[[[27.19,36.8],[26.87,36.67],[27.04,36.93],[27.19,36.8]]],[[[27.44,37.13],[27.35,36.93],[27.19,36.93],[27.44,37.13]]],[[[26.36,40.36],[26.68,40.42],[26.67,40.36],[26.26,40.1],[26.36,40.36]]],[[[40.57,40.68],[39.69,40.61],[37.87,40.68],[36.44,41.2],[38.3,40.87],[40.47,41.07],[40.57,40.68]]],[[[29.18,40.87],[29.04,41.13],[29.37,41.2],[29.18,40.87]]],[[[31.36,41.26],[31.69,41.39],[31.59,41.2],[31.36,41.26]]],[[[35.02,41.85],[34.79,41.98],[35.12,42.04],[35.02,41.85]]],[[[39.63,43.73],[41.41,42.89],[40.82,43.15],[39.63,43.73]]],[[[39.95,43.73],[39.96,43.8],[40.04,43.8],[39.95,43.73]]],[[[33.45,44.52],[33.46,45.19],[35.18,45.3],[35.13,44.91],[33.45,44.52]]],[[[31.53,46.68],[30.88,46.68],[29.61,45.69],[30.46,46.61],[31.57,46.94],[31.53,46.68]]],[[[39.08,47.6],[39.2,47.33],[38.35,47.2],[39.08,47.6]]]]}},{"type":"Feature","properties":{"n":"Athenian Coalition","f":-323,"t":-319,"w":"Q33745"},"geometry":{"type":"MultiPolygon","coordinates":[[[[24.2,37.64],[24.36,37.71],[24.43,37.58],[24.2,37.64]]],[[[25.05,37.51],[24.99,37.71],[25.22,37.71],[25.05,37.51]]],[[[22.57,37.77],[22.8,37.77],[22.71,37.45],[22.57,37.77]]],[[[26.56,37.84],[27.03,37.84],[27.01,37.64],[26.56,37.84]]],[[[24.77,38.03],[25.07,37.77],[24.83,37.71],[24.77,38.03]]],[[[23.56,38.74],[24.18,38.55],[23.98,37.84],[23.29,38.03],[23.7,38.35],[23.56,38.74]]],[[[22.68,38.35],[22.6,38.35],[22.6,38.42],[22.68,38.35]]],[[[23.49,38.8],[23.57,38.8],[23.56,38.74],[23.49,38.8]]],[[[24.67,38.93],[24.66,38.74],[24.36,38.87],[24.67,38.93]]],[[[22.21,38.35],[21.51,39.97],[22.7,40.03],[23.14,39.45],[22.8,39.06],[23.34,39.0],[23.49,38.8],[22.21,38.35]]]]}},{"type":"Feature","properties":{"n":"Kingdom of Bithynia","f":-323,"t":-302,"w":"Q3762571"},"geometry":{"type":"Polygon","coordinates":[[[29.25,40.81],[29.37,41.2],[31.18,41.07],[32.04,41.65],[32.33,41.39],[32.12,40.94],[30.89,40.55],[29.25,40.81]]]}},{"type":"Feature","properties":{"n":"Kingdom of Lysimachus","f":-323,"t":-319,"w":"Q32133"},"geometry":{"type":"MultiPolygon","coordinates":[[[[22.4,42.76],[22.48,42.76],[22.47,42.69],[22.4,42.76]]],[[[22.65,42.95],[22.73,42.95],[22.73,42.89],[22.65,42.95]]],[[[22.74,43.02],[22.82,43.02],[22.81,42.95],[22.74,43.02]]],[[[28.48,43.47],[27.9,43.28],[27.49,42.43],[27.98,41.65],[29.04,41.07],[26.14,40.61],[25.85,40.94],[24.26,40.94],[23.53,41.78],[22.44,42.17],[22.47,42.69],[22.55,42.69],[22.98,43.08],[23.14,43.08],[23.07,43.21],[23.4,43.28],[23.52,43.86],[25.52,43.67],[26.37,44.12],[27.75,44.19],[28.05,45.56],[29.67,45.43],[29.62,45.04],[29.05,44.97],[28.48,43.47]]],[[[22.9,43.08],[22.9,43.02],[22.82,43.02],[22.9,43.08]]]]}},{"type":"Feature","properties":{"n":"Roman Republic","f":-323,"t":-319,"w":"Q175881"},"geometry":{"type":"MultiPolygon","coordinates":[[[[15.05,40.68],[13.0,41.33],[11.81,42.11],[11.9,42.43],[13.09,41.98],[13.0,41.52],[15.05,40.68]]],[[[12.46,42.5],[12.14,42.5],[12.14,42.76],[12.46,42.5]]]]}},{"type":"Feature","properties":{"n":"Nanda Empire","f":-323,"t":-319,"w":"Q949268"},"geometry":{"type":"Polygon","coordinates":[[[81.88,27.87],[84.61,27.54],[86.1,27.09],[86.8,26.45],[91.22,25.23],[91.23,23.49],[91.68,22.98],[90.23,21.76],[89.9,22.01],[88.73,21.63],[88.64,22.08],[88.35,21.56],[88.1,21.95],[87.07,21.44],[87.03,20.6],[86.36,20.02],[85.9,21.05],[84.86,21.63],[75.34,22.79],[73.79,23.56],[68.8,24.26],[69.0,26.32],[70.39,28.06],[70.72,27.74],[71.89,27.99],[73.36,29.86],[75.78,30.89],[76.79,31.01],[78.95,29.41],[81.88,27.87]]]}},{"type":"Feature","properties":{"n":"(Macedonian Empire)","f":-323,"t":-319,"w":"Q83958"},"geometry":{"type":"MultiPolygon","coordinates":[[[[35.64,34.36],[36.05,34.55],[35.84,36.29],[36.29,36.8],[34.58,36.87],[33.98,36.29],[32.56,36.03],[31.92,36.67],[30.62,36.93],[30.49,36.35],[29.24,36.22],[29.12,36.67],[28.03,36.67],[28.14,37.06],[27.22,37.32],[27.28,38.03],[26.43,38.22],[26.38,38.67],[26.59,38.35],[27.08,38.55],[26.85,39.58],[26.13,39.51],[26.26,40.1],[29.05,40.36],[28.91,40.61],[29.4,40.74],[31.2,40.48],[31.71,40.87],[34.35,41.0],[34.28,39.84],[36.26,37.96],[41.67,38.03],[44.41,37.58],[45.25,36.93],[45.22,37.77],[46.12,38.48],[47.25,38.67],[48.87,38.09],[49.02,37.58],[50.53,36.87],[52.02,36.48],[54.03,36.87],[53.98,37.38],[55.29,38.09],[57.88,38.48],[62.5,40.03],[68.53,39.58],[69.37,40.81],[70.48,41.07],[70.74,40.61],[69.85,40.29],[69.32,39.84],[69.57,38.8],[71.2,38.48],[72.55,37.45],[75.01,37.32],[74.81,36.61],[75.5,34.55],[75.32,32.56],[74.56,31.59],[74.71,30.5],[73.36,29.86],[71.89,27.99],[70.72,27.74],[70.39,28.06],[69.85,27.48],[69.0,26.32],[68.83,23.88],[68.42,23.56],[67.49,23.88],[67.21,24.71],[66.63,24.84],[66.27,25.55],[61.72,25.04],[57.38,25.74],[56.71,27.16],[55.44,26.52],[55.54,26.77],[54.83,26.45],[53.66,26.71],[51.45,27.87],[50.06,30.18],[48.94,30.31],[48.09,29.54],[46.62,29.86],[46.59,30.31],[45.77,30.44],[43.15,32.81],[40.85,34.1],[39.28,34.49],[36.9,33.07],[36.42,31.21],[35.35,31.14],[34.61,30.44],[32.53,29.92],[32.69,28.96],[33.61,27.99],[34.05,26.58],[35.85,23.88],[31.67,23.75],[30.46,23.36],[28.57,24.65],[28.15,27.35],[25.38,29.34],[26.32,31.53],[28.87,30.82],[30.97,31.66],[31.88,31.46],[32.0,31.08],[34.22,31.27],[35.64,34.36]],[[53.61,31.66],[53.54,31.66],[53.53,31.59],[53.61,31.66]],[[53.73,31.4],[53.74,31.46],[53.66,31.46],[53.73,31.4]],[[31.59,37.32],[31.67,37.32],[31.68,37.45],[31.59,37.32]],[[73.86,35.64],[73.45,35.58],[73.53,35.58],[73.86,35.64]],[[73.74,35.52],[73.82,35.52],[73.6,35.56],[73.74,35.52]],[[56.98,35.64],[56.97,35.58],[57.05,35.58],[56.98,35.64]],[[60.87,37.19],[60.95,37.19],[60.97,37.25],[60.87,37.19]]],[[[22.65,40.61],[22.7,40.03],[21.51,39.97],[21.71,39.32],[21.39,39.26],[20.43,40.42],[19.33,40.74],[19.39,41.91],[22.47,42.69],[22.44,42.17],[23.53,41.78],[24.26,40.94],[23.7,40.81],[23.74,40.23],[22.65,40.61]]],[[[70.34,40.36],[70.36,40.42],[70.44,40.42],[70.34,40.36]]]]}},{"type":"Feature","properties":{"n":"Perdiccas","f":-323,"t":-319,"w":"Q202113"},"geometry":{"type":"Polygon","coordinates":[[[47.74,31.01],[48.6,29.99],[48.09,29.54],[46.62,29.86],[46.59,30.31],[45.77,30.44],[43.42,32.49],[44.21,32.69],[44.42,33.14],[45.47,32.94],[46.05,33.33],[45.92,34.04],[47.97,32.81],[47.74,31.01]]]}},{"type":"Feature","properties":{"n":"Macedonian Empire","f":-323,"t":-319,"w":"Q83958"},"geometry":{"type":"MultiPolygon","coordinates":[[[[34.3,31.27],[34.54,30.5],[32.92,30.12],[32.43,29.6],[35.85,23.88],[31.67,23.75],[30.46,23.36],[28.57,24.65],[28.15,27.35],[25.38,29.34],[26.32,31.53],[28.87,30.82],[30.97,31.66],[31.88,31.46],[32.0,31.08],[34.3,31.27]]],[[[51.45,27.87],[50.06,30.18],[48.39,30.12],[47.74,31.01],[47.97,32.81],[46.15,34.04],[46.05,33.33],[45.47,32.94],[44.42,33.14],[44.21,32.69],[43.35,32.56],[40.85,34.1],[39.2,34.49],[37.9,36.61],[37.46,36.22],[35.84,36.29],[36.14,36.93],[35.49,36.61],[34.58,36.87],[33.98,36.29],[32.56,36.03],[31.92,36.67],[30.62,36.93],[30.49,36.35],[29.24,36.22],[29.12,36.67],[28.03,36.67],[28.14,37.06],[27.22,37.32],[27.28,38.03],[26.43,38.22],[26.38,38.67],[26.59,38.35],[27.08,38.55],[26.85,39.58],[26.13,39.51],[26.26,40.1],[29.05,40.36],[28.91,40.61],[29.4,40.74],[31.2,40.48],[31.71,40.87],[34.35,41.0],[34.28,39.84],[36.26,37.96],[41.67,38.03],[44.41,37.58],[45.25,36.93],[45.22,37.77],[46.12,38.48],[47.25,38.67],[48.87,38.09],[49.02,37.58],[50.53,36.87],[52.02,36.48],[54.03,36.87],[53.98,37.38],[55.29,38.09],[57.88,38.48],[62.5,40.03],[68.53,39.58],[69.37,40.81],[70.48,41.07],[70.74,40.61],[69.85,40.29],[69.32,39.84],[69.57,38.8],[71.2,38.48],[72.55,37.45],[75.01,37.32],[74.81,36.61],[75.52,33.71],[75.32,32.56],[74.63,31.91],[74.84,30.76],[73.36,29.86],[71.89,27.99],[70.72,27.74],[70.39,28.06],[69.85,27.48],[69.0,26.32],[68.83,23.88],[68.42,23.56],[67.49,23.88],[67.21,24.71],[66.63,24.84],[66.27,25.55],[61.72,25.04],[57.38,25.74],[56.71,27.16],[55.44,26.52],[55.54,26.77],[54.83,26.45],[51.45,27.87]],[[57.05,35.58],[57.06,35.64],[56.98,35.64],[57.05,35.58]],[[53.73,31.4],[53.74,31.46],[53.66,31.46],[53.73,31.4]],[[53.6,31.59],[53.61,31.66],[53.54,31.66],[53.6,31.59]],[[31.59,37.32],[31.67,37.32],[31.68,37.45],[31.59,37.32]],[[73.74,35.52],[73.82,35.52],[73.6,35.56],[73.74,35.52]],[[73.86,35.64],[73.45,35.58],[73.53,35.58],[73.86,35.64]],[[60.87,37.19],[60.95,37.19],[60.97,37.25],[60.87,37.19]]],[[[34.54,30.44],[34.54,30.5],[34.62,30.5],[34.54,30.44]]],[[[23.74,40.23],[22.65,40.61],[22.7,40.03],[21.51,39.97],[21.71,39.32],[21.39,39.26],[20.43,40.42],[19.33,40.74],[19.39,41.91],[22.47,42.69],[22.44,42.17],[23.53,41.78],[24.26,40.94],[23.7,40.81],[23.74,40.23]]],[[[70.34,40.36],[70.36,40.42],[70.44,40.42],[70.34,40.36]]]]}},{"type":"Feature","properties":{"n":"Kingdom of Armenia","f":-323,"t":-319,"w":"Q208404"},"geometry":{"type":"MultiPolygon","coordinates":[[[[39.37,38.42],[39.45,38.42],[39.44,38.35],[39.37,38.42]]],[[[45.67,40.87],[45.52,40.48],[46.54,39.97],[47.05,39.77],[48.67,39.58],[48.8,38.09],[47.25,38.67],[46.12,38.48],[45.22,37.77],[45.25,36.93],[44.41,37.58],[40.58,38.09],[40.45,38.29],[39.46,38.48],[39.29,38.42],[38.74,39.0],[38.79,39.9],[40.4,40.1],[40.85,40.94],[41.36,40.68],[41.53,41.26],[42.25,41.26],[42.56,41.65],[45.67,40.87]]],[[[47.08,39.9],[47.16,39.9],[47.14,39.84],[47.08,39.9]]],[[[46.93,39.97],[47.01,39.97],[47.0,39.9],[46.93,39.97]]]]}},{"type":"Feature","properties":{"n":"Maurya Empire","f":-318,"t":-316,"w":"Q62943"},"geometry":{"type":"MultiPolygon","coordinates":[[[[84.76,28.64],[87.38,27.87],[88.39,27.99],[90.07,27.42],[90.63,26.84],[91.91,26.84],[92.03,25.55],[92.52,24.97],[92.11,24.33],[92.76,21.24],[92.33,21.37],[92.12,20.92],[91.42,22.79],[90.23,21.76],[89.9,22.01],[88.73,21.63],[88.64,22.08],[88.35,21.56],[88.1,21.95],[87.07,21.44],[87.03,20.6],[86.44,20.02],[85.51,21.44],[84.29,21.76],[75.34,22.79],[73.65,23.62],[68.8,24.26],[69.0,26.32],[69.85,27.48],[70.39,28.06],[70.72,27.74],[71.89,27.99],[74.13,30.31],[79.18,31.46],[84.76,28.64]]],[[[90.67,27.03],[90.75,27.03],[90.73,26.97],[90.67,27.03]]],[[[90.61,27.09],[90.68,27.09],[90.67,27.03],[90.61,27.09]]]]}},{"type":"Feature","properties":{"n":"(Macedonian Empire)","f":-318,"t":-316,"w":"Q83958"},"geometry":{"type":"MultiPolygon","coordinates":[[[[36.72,32.75],[36.42,31.21],[35.35,31.14],[34.61,30.44],[32.44,29.79],[35.85,23.88],[31.67,23.75],[30.46,23.36],[28.57,24.65],[28.15,27.35],[25.38,29.34],[26.32,31.53],[28.87,30.82],[30.97,31.66],[31.88,31.46],[32.0,31.08],[34.3,31.27],[35.64,34.36],[36.05,34.55],[35.84,36.29],[36.14,36.93],[35.49,36.61],[34.58,36.87],[33.98,36.29],[32.56,36.03],[31.92,36.67],[30.62,36.93],[30.49,36.35],[29.24,36.22],[29.12,36.67],[28.03,36.67],[28.14,37.06],[27.22,37.32],[27.28,38.03],[26.43,38.22],[26.38,38.67],[26.59,38.35],[27.08,38.55],[26.85,39.58],[26.13,39.51],[26.26,40.1],[29.05,40.36],[28.91,40.61],[29.4,40.74],[31.2,40.48],[31.71,40.87],[34.35,41.0],[34.28,39.84],[34.79,39.45],[38.47,39.32],[38.68,39.13],[39.45,38.42],[44.41,37.58],[45.25,36.93],[45.22,37.77],[46.12,38.48],[47.25,38.67],[48.87,38.09],[49.02,37.58],[50.82,36.74],[52.19,36.55],[54.03,36.87],[53.98,37.38],[55.29,38.09],[58.63,38.67],[62.5,40.03],[68.53,39.58],[69.27,40.23],[69.27,40.74],[70.56,41.07],[70.74,40.61],[70.36,40.42],[69.33,39.9],[69.57,38.8],[71.2,38.48],[72.55,37.45],[75.01,37.32],[74.81,36.61],[75.52,33.71],[75.32,32.56],[74.63,31.91],[74.71,30.5],[73.36,29.86],[71.89,27.99],[70.72,27.74],[70.39,28.06],[69.0,26.32],[68.83,23.88],[68.13,23.56],[67.29,24.07],[67.21,24.71],[66.63,24.84],[66.27,25.55],[61.72,25.04],[57.38,25.74],[56.71,27.16],[55.44,26.52],[55.54,26.77],[54.83,26.45],[53.66,26.71],[51.45,27.87],[50.06,30.18],[48.94,30.31],[48.6,29.99],[48.05,30.44],[48.1,30.89],[47.74,31.01],[47.97,32.81],[46.15,34.04],[46.05,33.33],[45.47,32.94],[44.42,33.14],[44.21,32.69],[43.43,32.56],[40.26,34.29],[39.12,34.49],[36.72,32.75]],[[31.6,37.45],[31.59,37.32],[31.67,37.32],[31.6,37.45]],[[53.61,31.66],[53.54,31.66],[53.53,31.59],[53.61,31.66]],[[53.73,31.4],[53.74,31.46],[53.66,31.46],[53.73,31.4]],[[73.74,35.52],[73.82,35.52],[73.6,35.56],[73.74,35.52]],[[73.86,35.64],[73.45,35.58],[73.53,35.58],[73.86,35.64]]],[[[38.68,39.13],[38.69,39.19],[38.77,39.19],[38.68,39.13]]],[[[21.92,40.16],[22.65,40.61],[22.7,40.03],[22.21,39.84],[21.92,40.16]]],[[[23.69,40.68],[23.83,40.42],[23.66,40.23],[22.89,40.61],[23.69,40.68]]],[[[70.34,40.36],[70.36,40.42],[70.44,40.42],[70.34,40.36]]]]}},{"type":"Feature","properties":{"n":"Seleucid Empire","f":-318,"t":-316,"w":"Q705904"},"geometry":{"type":"Polygon","coordinates":[[[48.09,29.54],[46.62,29.86],[46.59,30.31],[45.77,30.44],[43.43,32.56],[44.21,32.69],[44.42,33.14],[45.47,32.94],[46.05,33.33],[46.15,34.04],[47.97,32.81],[47.74,31.01],[48.59,29.92],[48.09,29.54]]]}},{"type":"Feature","properties":{"n":"Kingdom of Armenia","f":-318,"t":-316,"w":"Q208404"},"geometry":{"type":"MultiPolygon","coordinates":[[[[45.67,40.87],[45.52,40.48],[46.54,39.97],[47.05,39.77],[48.67,39.58],[48.8,38.09],[47.25,38.67],[46.12,38.48],[45.22,37.77],[45.25,36.93],[44.41,37.58],[39.45,38.42],[38.75,39.06],[38.79,39.9],[40.4,40.1],[40.85,40.94],[41.36,40.68],[41.53,41.26],[42.25,41.26],[42.56,41.65],[45.12,41.33],[45.67,40.87]]],[[[47.08,39.9],[47.16,39.9],[47.14,39.84],[47.08,39.9]]],[[[46.93,39.97],[47.01,39.97],[47.0,39.9],[46.93,39.97]]]]}},{"type":"Feature","properties":{"n":"Macedonian Empire","f":-318,"t":-316,"w":"Q83958"},"geometry":{"type":"MultiPolygon","coordinates":[[[[36.72,32.75],[36.42,31.21],[35.35,31.14],[34.61,30.44],[32.44,29.79],[35.85,23.88],[31.67,23.75],[30.46,23.36],[28.57,24.65],[28.15,27.35],[25.38,29.34],[26.32,31.53],[28.87,30.82],[30.97,31.66],[31.88,31.46],[32.0,31.08],[34.3,31.27],[35.64,34.36],[36.05,34.55],[35.84,36.29],[36.14,36.93],[35.49,36.61],[34.58,36.87],[33.98,36.29],[32.56,36.03],[31.92,36.67],[30.62,36.93],[30.49,36.35],[29.24,36.22],[29.12,36.67],[28.03,36.67],[28.14,37.06],[27.22,37.32],[27.28,38.03],[26.43,38.22],[26.38,38.67],[26.59,38.35],[27.08,38.55],[26.85,39.58],[26.13,39.51],[26.26,40.1],[29.05,40.36],[28.91,40.61],[29.4,40.74],[31.2,40.48],[31.71,40.87],[34.35,41.0],[34.28,39.84],[34.79,39.45],[38.47,39.32],[38.68,39.13],[39.45,38.42],[44.41,37.58],[45.25,36.93],[45.22,37.77],[46.12,38.48],[47.25,38.67],[48.87,38.09],[49.02,37.58],[50.82,36.74],[52.19,36.55],[54.03,36.87],[53.98,37.38],[55.29,38.09],[58.63,38.67],[62.5,40.03],[68.53,39.58],[69.27,40.23],[69.27,40.74],[70.56,41.07],[70.74,40.61],[70.36,40.42],[69.33,39.9],[69.57,38.8],[71.2,38.48],[72.55,37.45],[75.01,37.32],[74.81,36.61],[75.52,33.71],[75.32,32.56],[74.63,31.91],[74.71,30.5],[73.36,29.86],[71.89,27.99],[70.72,27.74],[70.39,28.06],[69.0,26.32],[68.83,23.88],[68.13,23.56],[67.29,24.07],[67.21,24.71],[66.63,24.84],[66.27,25.55],[61.72,25.04],[57.38,25.74],[56.71,27.16],[55.44,26.52],[55.54,26.77],[54.83,26.45],[53.66,26.71],[51.45,27.87],[50.06,30.18],[48.94,30.31],[48.6,29.99],[48.05,30.44],[48.1,30.89],[47.74,31.01],[47.97,32.81],[46.15,34.04],[46.05,33.33],[45.47,32.94],[44.42,33.14],[44.21,32.69],[43.43,32.56],[40.26,34.29],[39.12,34.49],[36.72,32.75]],[[31.6,37.45],[31.59,37.32],[31.67,37.32],[31.6,37.45]],[[53.61,31.66],[53.54,31.66],[53.53,31.59],[53.61,31.66]],[[53.73,31.4],[53.74,31.46],[53.66,31.46],[53.73,31.4]],[[73.74,35.52],[73.82,35.52],[73.6,35.56],[73.74,35.52]],[[73.86,35.64],[73.45,35.58],[73.53,35.58],[73.86,35.64]]],[[[38.68,39.13],[38.69,39.19],[38.77,39.19],[38.68,39.13]]],[[[21.92,40.16],[22.65,40.61],[22.7,40.03],[22.21,39.84],[21.92,40.16]]],[[[23.69,40.68],[23.83,40.42],[23.66,40.23],[22.89,40.61],[23.69,40.68]]],[[[70.34,40.36],[70.36,40.42],[70.44,40.42],[70.34,40.36]]]]}},{"type":"Feature","properties":{"n":"Greek City-States","f":-318,"t":-308,"w":"Q148837"},"geometry":{"type":"MultiPolygon","coordinates":[[[[25.68,35.13],[26.23,35.19],[24.82,35.0],[23.62,35.52],[25.68,35.13]]],[[[23.12,36.35],[23.11,36.16],[22.87,36.16],[23.12,36.35]]],[[[25.57,37.13],[25.56,37.0],[25.33,37.0],[25.57,37.13]]],[[[24.36,37.71],[24.43,37.58],[24.27,37.51],[24.36,37.71]]],[[[25.22,37.71],[25.29,37.51],[25.05,37.51],[25.22,37.71]]],[[[20.93,37.9],[20.92,37.64],[20.61,37.71],[20.93,37.9]]],[[[24.77,38.03],[25.07,37.77],[24.83,37.71],[24.77,38.03]]],[[[20.8,38.29],[20.79,38.09],[20.32,38.16],[20.8,38.29]]],[[[26.22,38.55],[26.11,38.16],[25.88,38.16],[25.82,38.48],[26.22,38.55]]],[[[24.18,38.55],[23.98,37.84],[23.21,38.03],[23.4,37.32],[22.71,37.58],[23.06,36.67],[22.36,36.67],[22.22,37.06],[21.74,36.87],[21.7,37.51],[21.24,37.84],[21.74,38.35],[20.74,38.8],[21.47,39.19],[21.09,39.51],[21.27,39.97],[21.92,40.16],[22.21,39.84],[22.7,40.03],[23.14,39.45],[22.8,39.06],[23.34,39.0],[23.49,38.8],[22.94,38.87],[23.31,38.48],[24.18,38.55]]],[[[23.56,38.74],[23.48,38.74],[23.49,38.8],[23.56,38.74]]],[[[18.35,39.9],[17.35,40.55],[16.62,40.29],[16.45,39.64],[17.14,39.06],[15.93,37.96],[15.39,38.16],[15.05,36.74],[12.72,37.64],[14.98,37.06],[14.83,37.77],[16.27,38.93],[15.75,40.03],[15.04,40.23],[14.89,40.68],[16.14,39.97],[16.88,40.74],[17.98,40.61],[18.35,39.9]]],[[[24.67,38.93],[24.66,38.74],[24.36,38.87],[24.67,38.93]]],[[[0.1,38.8],[-0.13,38.55],[-0.57,39.51],[-0.2,39.97],[-0.31,39.13],[0.1,38.8]]],[[[19.91,39.58],[19.76,39.64],[19.76,39.77],[19.91,39.58]]],[[[25.46,40.03],[25.45,39.84],[24.97,39.84],[25.46,40.03]]],[[[26.04,40.29],[26.02,40.16],[25.7,40.1],[26.04,40.29]]],[[[24.81,40.81],[24.79,40.61],[24.55,40.55],[24.81,40.81]]],[[[3.85,43.6],[2.98,43.15],[3.04,41.85],[2.7,42.37],[2.74,43.21],[3.45,43.67],[4.73,43.86],[6.6,43.28],[3.85,43.6]]],[[[33.04,34.55],[32.23,34.94],[34.54,35.71],[34.09,35.0],[33.04,34.55]]],[[[28.02,36.48],[28.25,36.48],[28.14,36.03],[27.74,35.9],[28.02,36.48]]],[[[27.89,36.87],[27.96,36.74],[27.56,36.67],[27.89,36.87]]],[[[27.19,36.8],[26.87,36.67],[27.04,36.93],[27.19,36.8]]],[[[27.44,37.13],[27.35,36.93],[27.19,36.93],[27.44,37.13]]],[[[26.31,37.71],[26.3,37.58],[25.99,37.51],[26.31,37.71]]],[[[27.03,37.84],[27.01,37.64],[26.62,37.64],[27.03,37.84]]],[[[25.79,39.19],[26.51,39.32],[26.64,39.0],[25.79,39.19]]],[[[26.36,40.36],[26.68,40.42],[26.67,40.36],[26.26,40.1],[26.36,40.36]]],[[[40.57,40.68],[39.69,40.61],[37.87,40.68],[36.44,41.2],[38.3,40.87],[40.47,41.07],[40.57,40.68]]],[[[29.18,40.87],[29.04,41.13],[29.37,41.2],[29.18,40.87]]],[[[31.69,41.39],[31.59,41.2],[31.36,41.26],[31.69,41.39]]],[[[34.79,41.98],[35.12,42.04],[35.02,41.85],[34.79,41.98]]],[[[39.63,43.73],[41.41,42.89],[40.82,43.15],[39.63,43.73]]],[[[39.95,43.73],[39.96,43.8],[40.04,43.8],[39.95,43.73]]],[[[33.45,44.52],[33.46,45.19],[35.18,45.3],[35.13,44.91],[33.45,44.52]]],[[[30.88,46.68],[29.61,45.69],[31.08,47.01],[31.53,46.68],[30.88,46.68]]],[[[39.2,47.33],[38.35,47.2],[38.67,47.6],[39.2,47.33]]]]}},{"type":"Feature","properties":{"n":"Kalinga","f":-318,"t":-292,"w":"Q356524"},"geometry":{"type":"Polygon","coordinates":[[[86.43,19.96],[85.37,19.83],[84.38,18.41],[82.44,17.0],[81.88,17.32],[81.47,18.8],[82.51,20.6],[83.37,20.99],[85.99,20.6],[86.43,19.96]]]}},{"type":"Feature","properties":{"n":"Polyperchon","f":-318,"t":-316,"w":"Q312008"},"geometry":{"type":"Polygon","coordinates":[[[21.02,39.71],[20.43,40.42],[19.33,40.74],[19.39,41.91],[22.47,42.69],[22.44,42.17],[23.53,41.78],[24.26,40.94],[22.18,40.55],[21.02,39.71]]]}},{"type":"Feature","properties":{"n":"Roman Republic","f":-318,"t":-302,"w":"Q175881"},"geometry":{"type":"MultiPolygon","coordinates":[[[[15.15,41.33],[15.15,41.52],[15.71,41.65],[15.54,41.26],[15.15,41.33]]],[[[15.05,40.68],[13.0,41.33],[11.81,42.11],[11.9,42.43],[15.05,40.68]]],[[[12.46,42.5],[12.14,42.5],[12.14,42.76],[12.46,42.5]]]]}},{"type":"Feature","properties":{"n":"Kingdom of Lysimachus","f":-318,"t":-316,"w":"Q32133"},"geometry":{"type":"MultiPolygon","coordinates":[[[[22.4,42.76],[22.48,42.76],[22.47,42.69],[22.4,42.76]]],[[[22.65,42.95],[22.73,42.95],[22.73,42.89],[22.65,42.95]]],[[[22.74,43.02],[22.82,43.02],[22.81,42.95],[22.74,43.02]]],[[[28.48,43.47],[27.9,43.28],[27.49,42.43],[27.98,41.65],[29.04,41.07],[26.14,40.61],[25.85,40.94],[24.26,40.94],[23.53,41.78],[22.44,42.17],[22.47,42.69],[22.55,42.69],[22.98,43.08],[23.14,43.08],[23.07,43.21],[23.4,43.28],[23.52,43.86],[25.52,43.67],[26.37,44.12],[27.75,44.19],[28.05,45.56],[29.67,45.43],[29.27,44.84],[28.8,44.97],[28.48,43.47]]],[[[22.9,43.08],[22.9,43.02],[22.82,43.02],[22.9,43.08]]]]}},{"type":"Feature","properties":{"n":"Maurya Empire","f":-315,"t":-302,"w":"Q62943"},"geometry":{"type":"MultiPolygon","coordinates":[[[[84.76,28.64],[87.38,27.87],[88.39,27.99],[90.07,27.42],[90.63,26.84],[91.91,26.84],[92.03,25.55],[92.52,24.97],[92.11,24.33],[92.76,21.24],[92.33,21.37],[92.12,20.92],[91.42,22.79],[90.23,21.76],[89.9,22.01],[88.73,21.63],[88.64,22.08],[88.35,21.56],[88.1,21.95],[87.07,21.44],[87.03,20.6],[86.44,20.02],[85.9,21.05],[84.86,21.63],[74.98,22.85],[73.65,23.62],[69.55,24.26],[68.8,24.26],[68.83,23.88],[68.13,23.56],[67.29,24.07],[67.21,24.71],[66.63,24.84],[66.35,25.55],[64.8,25.16],[62.56,25.23],[64.74,29.02],[66.16,29.86],[71.05,30.44],[72.55,30.37],[73.44,29.86],[75.78,30.89],[79.18,31.46],[84.76,28.64]]],[[[90.67,27.03],[90.75,27.03],[90.73,26.97],[90.67,27.03]]],[[[90.61,27.09],[90.68,27.09],[90.67,27.03],[90.61,27.09]]]]}},{"type":"Feature","properties":{"n":"(Macedonian Empire)","f":-315,"t":-308,"w":"Q83958"},"geometry":{"type":"MultiPolygon","coordinates":[[[[23.12,36.35],[23.11,36.16],[22.87,36.16],[23.12,36.35]]],[[[25.57,37.13],[25.56,37.0],[25.33,37.0],[25.57,37.13]]],[[[27.28,38.03],[26.43,38.22],[26.38,38.67],[26.59,38.35],[27.08,38.55],[26.85,39.58],[26.13,39.51],[26.26,40.1],[29.05,40.36],[28.91,40.61],[29.4,40.74],[31.2,40.48],[31.71,40.87],[34.35,41.0],[34.28,39.84],[34.79,39.45],[38.47,39.32],[38.68,39.13],[39.45,38.42],[44.64,37.51],[45.1,36.93],[45.43,37.06],[45.22,37.77],[45.85,38.29],[47.25,38.67],[48.87,38.09],[49.09,37.51],[50.0,37.38],[50.82,36.74],[52.19,36.55],[54.03,36.87],[53.98,37.38],[55.29,38.09],[58.63,38.67],[62.5,40.03],[68.53,39.58],[69.27,40.23],[69.27,40.74],[70.56,41.07],[70.74,40.61],[70.36,40.42],[69.33,39.9],[69.57,38.8],[71.2,38.48],[72.55,37.45],[75.01,37.32],[74.81,36.61],[75.52,33.71],[75.32,32.56],[74.63,31.91],[74.71,30.5],[73.44,29.86],[72.55,30.37],[71.05,30.44],[65.28,29.54],[63.79,27.74],[62.56,25.16],[61.72,25.04],[57.38,25.74],[56.71,27.16],[55.44,26.52],[55.54,26.77],[54.83,26.45],[53.66,26.71],[51.45,27.87],[50.06,30.18],[48.94,30.31],[48.09,29.54],[46.62,29.86],[46.59,30.31],[45.77,30.44],[43.15,32.81],[40.85,34.1],[39.12,34.49],[36.9,33.07],[36.42,31.21],[35.35,31.14],[34.61,30.44],[32.44,29.79],[35.85,23.88],[31.67,23.75],[30.46,23.36],[28.57,24.65],[28.15,27.35],[25.66,28.96],[25.39,29.67],[26.32,31.53],[28.87,30.82],[30.97,31.66],[31.88,31.46],[32.0,31.08],[34.3,31.27],[35.64,34.36],[36.05,34.55],[35.84,36.29],[36.29,36.8],[34.58,36.87],[33.98,36.29],[32.56,36.03],[31.92,36.67],[30.62,36.93],[30.49,36.35],[29.24,36.22],[29.12,36.67],[28.03,36.67],[28.14,37.06],[27.22,37.32],[27.28,38.03]],[[73.86,35.64],[73.45,35.58],[73.53,35.58],[73.86,35.64]],[[73.74,35.52],[73.82,35.52],[73.6,35.56],[73.74,35.52]]],[[[24.36,37.71],[24.43,37.58],[24.27,37.51],[24.36,37.71]]],[[[25.22,37.71],[25.29,37.51],[25.05,37.51],[25.22,37.71]]],[[[20.93,37.9],[20.92,37.64],[20.61,37.71],[20.93,37.9]]],[[[24.77,38.03],[25.07,37.77],[24.83,37.71],[24.77,38.03]]],[[[20.57,38.42],[20.79,38.09],[20.32,38.16],[20.57,38.42]]],[[[23.56,38.74],[23.48,38.74],[23.49,38.8],[23.56,38.74]]],[[[24.67,38.93],[24.66,38.74],[24.36,38.87],[24.67,38.93]]],[[[20.15,39.58],[20.07,39.58],[20.07,39.64],[20.15,39.58]]],[[[22.57,40.55],[22.61,39.9],[23.14,39.45],[22.8,39.06],[23.49,38.87],[22.94,38.74],[24.03,38.67],[23.98,37.84],[23.04,37.9],[23.4,37.32],[22.71,37.58],[23.06,36.67],[22.36,36.67],[22.22,37.06],[21.74,36.87],[21.7,37.51],[21.24,37.84],[21.74,38.35],[20.74,38.8],[20.91,39.06],[19.25,40.61],[19.39,41.85],[22.47,42.69],[22.44,42.17],[23.53,41.78],[24.26,40.94],[23.7,40.81],[23.74,40.23],[22.57,40.55]]],[[[25.46,40.03],[25.45,39.84],[24.97,39.84],[25.46,40.03]]],[[[24.81,40.81],[24.79,40.61],[24.55,40.55],[24.81,40.81]]],[[[38.68,39.13],[38.69,39.19],[38.77,39.19],[38.68,39.13]]],[[[70.34,40.36],[70.36,40.42],[70.44,40.42],[70.34,40.36]]]]}},{"type":"Feature","properties":{"n":"Macedonian Empire","f":-315,"t":-308,"w":"Q83958"},"geometry":{"type":"MultiPolygon","coordinates":[[[[23.12,36.35],[23.11,36.16],[22.87,36.16],[23.12,36.35]]],[[[25.57,37.13],[25.56,37.0],[25.33,37.0],[25.57,37.13]]],[[[27.28,38.03],[26.43,38.22],[26.38,38.67],[26.59,38.35],[27.08,38.55],[26.85,39.58],[26.13,39.51],[26.26,40.1],[29.05,40.36],[28.91,40.61],[29.4,40.74],[31.2,40.48],[31.71,40.87],[34.35,41.0],[34.28,39.84],[34.79,39.45],[38.47,39.32],[38.68,39.13],[39.45,38.42],[44.64,37.51],[45.1,36.93],[45.43,37.06],[45.22,37.77],[45.85,38.29],[47.25,38.67],[48.87,38.09],[49.09,37.51],[50.0,37.38],[50.82,36.74],[52.19,36.55],[54.03,36.87],[53.98,37.38],[55.29,38.09],[58.63,38.67],[62.5,40.03],[68.53,39.58],[69.27,40.23],[69.27,40.74],[70.56,41.07],[70.74,40.61],[70.36,40.42],[69.33,39.9],[69.57,38.8],[71.2,38.48],[72.55,37.45],[75.01,37.32],[74.81,36.61],[75.52,33.71],[75.32,32.56],[74.63,31.91],[74.71,30.5],[73.44,29.86],[72.55,30.37],[71.05,30.44],[65.28,29.54],[63.79,27.74],[62.56,25.16],[61.72,25.04],[57.38,25.74],[56.71,27.16],[55.44,26.52],[55.54,26.77],[54.83,26.45],[53.66,26.71],[51.45,27.87],[50.06,30.18],[48.94,30.31],[48.09,29.54],[46.62,29.86],[46.59,30.31],[45.77,30.44],[43.15,32.81],[40.85,34.1],[39.12,34.49],[36.9,33.07],[36.42,31.21],[35.35,31.14],[34.61,30.44],[32.44,29.79],[35.85,23.88],[31.67,23.75],[30.46,23.36],[28.57,24.65],[28.15,27.35],[25.66,28.96],[25.39,29.67],[26.32,31.53],[28.87,30.82],[30.97,31.66],[31.88,31.46],[32.0,31.08],[34.3,31.27],[35.64,34.36],[36.05,34.55],[35.84,36.29],[36.29,36.8],[34.58,36.87],[33.98,36.29],[32.56,36.03],[31.92,36.67],[30.62,36.93],[30.49,36.35],[29.24,36.22],[29.12,36.67],[28.03,36.67],[28.14,37.06],[27.22,37.32],[27.28,38.03]],[[73.86,35.64],[73.45,35.58],[73.53,35.58],[73.86,35.64]],[[73.74,35.52],[73.82,35.52],[73.6,35.56],[73.74,35.52]]],[[[24.36,37.71],[24.43,37.58],[24.27,37.51],[24.36,37.71]]],[[[25.22,37.71],[25.29,37.51],[25.05,37.51],[25.22,37.71]]],[[[20.93,37.9],[20.92,37.64],[20.61,37.71],[20.93,37.9]]],[[[24.77,38.03],[25.07,37.77],[24.83,37.71],[24.77,38.03]]],[[[20.57,38.42],[20.79,38.09],[20.32,38.16],[20.57,38.42]]],[[[23.56,38.74],[23.48,38.74],[23.49,38.8],[23.56,38.74]]],[[[24.67,38.93],[24.66,38.74],[24.36,38.87],[24.67,38.93]]],[[[20.15,39.58],[20.07,39.58],[20.07,39.64],[20.15,39.58]]],[[[22.57,40.55],[22.61,39.9],[23.14,39.45],[22.8,39.06],[23.49,38.87],[22.94,38.74],[24.03,38.67],[23.98,37.84],[23.04,37.9],[23.4,37.32],[22.71,37.58],[23.06,36.67],[22.36,36.67],[22.22,37.06],[21.74,36.87],[21.7,37.51],[21.24,37.84],[21.74,38.35],[20.74,38.8],[20.91,39.06],[19.25,40.61],[19.39,41.85],[22.47,42.69],[22.44,42.17],[23.53,41.78],[24.26,40.94],[23.7,40.81],[23.74,40.23],[22.57,40.55]]],[[[25.46,40.03],[25.45,39.84],[24.97,39.84],[25.46,40.03]]],[[[24.81,40.81],[24.79,40.61],[24.55,40.55],[24.81,40.81]]],[[[38.68,39.13],[38.69,39.19],[38.77,39.19],[38.68,39.13]]],[[[70.34,40.36],[70.36,40.42],[70.44,40.42],[70.34,40.36]]]]}},{"type":"Feature","properties":{"n":"(Warring States China)","f":-315,"t":-292,"w":"Q185063"},"geometry":{"type":"Polygon","coordinates":[[[120.92,32.62],[121.96,31.98],[121.84,31.66],[120.92,31.85],[121.63,31.53],[121.9,30.82],[118.36,29.6],[116.74,29.73],[116.12,30.37],[114.11,30.5],[112.9,29.34],[110.28,29.92],[105.13,28.32],[101.48,29.34],[100.6,30.5],[102.16,32.56],[102.41,34.16],[111.43,37.0],[114.15,39.26],[112.17,39.71],[113.09,40.42],[114.6,40.42],[116.1,39.84],[121.23,40.94],[118.99,39.19],[117.89,39.19],[117.62,38.67],[118.07,38.16],[119.46,37.96],[119.16,37.19],[120.75,37.9],[122.71,37.45],[122.5,36.87],[120.98,36.61],[119.62,35.52],[119.23,34.81],[120.49,34.16],[120.92,32.62]]]}},{"type":"Feature","properties":{"n":"Kingdom of Armenia","f":-315,"t":-308,"w":"Q208404"},"geometry":{"type":"MultiPolygon","coordinates":[[[[45.67,40.87],[45.52,40.48],[46.54,39.97],[47.05,39.77],[48.67,39.58],[48.8,38.09],[47.25,38.67],[46.12,38.48],[45.22,37.77],[45.43,37.06],[45.1,36.93],[44.64,37.51],[40.57,38.03],[38.75,39.06],[38.79,39.9],[40.4,40.1],[40.85,40.94],[41.36,40.68],[41.53,41.26],[42.25,41.26],[42.56,41.65],[45.12,41.33],[45.67,40.87]]],[[[47.08,39.9],[47.16,39.9],[47.14,39.84],[47.08,39.9]]],[[[46.93,39.97],[47.01,39.97],[47.0,39.9],[46.93,39.97]]]]}},{"type":"Feature","properties":{"n":"Qin","f":-315,"t":-278,"w":"Q1471995"},"geometry":{"type":"Polygon","coordinates":[[[105.13,28.32],[101.48,29.34],[100.6,30.5],[102.16,32.56],[102.41,34.16],[111.43,37.0],[114.11,39.19],[114.81,39.32],[113.7,38.03],[113.94,37.19],[112.28,36.8],[111.59,34.61],[110.72,34.74],[110.74,34.04],[109.86,33.33],[109.31,31.59],[109.48,30.95],[110.41,30.31],[110.28,29.92],[105.13,28.32]]]}},{"type":"Feature","properties":{"n":"Chu","f":-315,"t":-285,"w":"Q504759"},"geometry":{"type":"Polygon","coordinates":[[[120.49,34.16],[120.92,32.62],[121.96,31.98],[121.84,31.66],[120.92,31.85],[122.0,31.08],[120.8,30.31],[118.36,29.6],[116.74,29.73],[116.12,30.37],[114.11,30.5],[113.27,29.54],[112.0,29.34],[110.23,29.99],[110.41,30.31],[109.48,30.95],[109.76,33.07],[110.74,34.04],[110.72,34.74],[114.47,34.87],[114.65,34.55],[117.23,34.1],[119.53,35.84],[120.05,35.77],[119.23,34.81],[120.49,34.16]]]}},{"type":"Feature","properties":{"n":"Kingdom of Lysimachus","f":-315,"t":-302,"w":"Q32133"},"geometry":{"type":"MultiPolygon","coordinates":[[[[22.4,42.76],[22.48,42.76],[22.47,42.69],[22.4,42.76]]],[[[22.65,42.95],[22.73,42.95],[22.73,42.89],[22.65,42.95]]],[[[22.74,43.02],[22.82,43.02],[22.81,42.95],[22.74,43.02]]],[[[28.48,43.47],[27.9,43.28],[27.49,42.43],[27.98,41.65],[29.04,41.07],[26.14,40.61],[25.85,40.94],[24.26,40.94],[23.53,41.78],[22.44,42.17],[22.47,42.69],[22.55,42.69],[22.98,43.08],[23.14,43.08],[23.07,43.21],[23.4,43.28],[23.52,43.86],[25.52,43.67],[26.37,44.12],[27.75,44.19],[28.05,45.56],[29.67,45.43],[29.62,45.04],[29.05,44.97],[28.48,43.47]]],[[[22.9,43.08],[22.9,43.02],[22.82,43.02],[22.9,43.08]]]]}},{"type":"Feature","properties":{"n":"Carthage","f":-307,"t":-302,"w":"Q2429397"},"geometry":{"type":"MultiPolygon","coordinates":[[[[11.08,35.0],[10.0,34.29],[10.24,33.71],[12.23,32.81],[13.3,32.94],[15.06,32.43],[15.65,31.4],[17.85,30.95],[18.81,30.12],[15.57,31.14],[14.9,32.24],[9.62,33.33],[8.93,34.04],[8.85,34.74],[8.07,34.94],[7.59,36.61],[1.15,36.16],[-1.88,34.81],[-4.73,34.87],[-5.63,35.52],[-6.73,33.59],[-7.47,33.26],[-7.88,33.52],[-6.61,34.16],[-5.95,35.71],[-5.57,35.84],[-4.75,35.19],[-2.84,35.45],[-2.66,35.07],[-1.89,35.07],[0.68,36.42],[3.46,36.87],[5.56,36.67],[6.33,37.06],[8.52,36.87],[10.23,37.25],[10.23,36.8],[11.01,37.0],[10.46,35.9],[11.08,35.58],[11.08,35.0]]],[[[14.34,35.84],[14.34,36.03],[14.57,35.97],[14.34,35.84]]],[[[-5.23,36.48],[-5.58,36.03],[-6.25,36.61],[-5.45,36.35],[-5.31,36.55],[-4.56,36.87],[-3.85,36.8],[-5.23,36.48]]],[[[12.49,37.9],[15.63,38.29],[15.07,37.64],[15.05,36.74],[12.49,37.9]]],[[[1.27,38.8],[1.18,39.06],[1.65,39.13],[1.27,38.8]]],[[[9.59,39.13],[8.34,39.0],[8.15,40.94],[9.1,41.26],[9.82,40.74],[9.59,39.13]]]]}},{"type":"Feature","properties":{"n":"Greek City-States","f":-307,"t":-302,"w":"Q148837"},"geometry":{"type":"MultiPolygon","coordinates":[[[[25.68,35.13],[26.23,35.19],[24.82,35.0],[23.62,35.52],[25.68,35.13]]],[[[23.12,36.35],[23.11,36.16],[22.87,36.16],[23.12,36.35]]],[[[21.74,36.87],[21.61,37.25],[22.69,37.19],[23.06,36.67],[21.74,36.87]]],[[[25.57,37.13],[25.56,37.0],[25.33,37.0],[25.57,37.13]]],[[[15.13,37.0],[15.14,37.19],[15.21,37.13],[15.13,37.0]]],[[[24.36,37.71],[24.43,37.58],[24.27,37.51],[24.36,37.71]]],[[[25.22,37.71],[25.29,37.51],[25.05,37.51],[25.22,37.71]]],[[[24.77,38.03],[25.07,37.77],[24.83,37.71],[24.77,38.03]]],[[[26.22,38.55],[26.11,38.16],[25.88,38.16],[26.22,38.55]]],[[[24.67,38.93],[24.66,38.74],[24.36,38.87],[24.67,38.93]]],[[[0.1,38.8],[-0.13,38.55],[-0.57,39.51],[-0.2,39.97],[-0.31,39.13],[0.1,38.8]]],[[[18.35,39.9],[17.35,40.55],[16.62,40.29],[16.45,39.64],[17.14,39.06],[15.7,37.96],[16.27,38.93],[15.75,40.03],[15.04,40.23],[14.89,40.68],[16.14,39.97],[16.88,40.74],[17.98,40.61],[18.35,39.9]]],[[[19.91,39.58],[19.76,39.64],[19.76,39.77],[19.91,39.58]]],[[[25.46,40.03],[25.45,39.84],[24.97,39.84],[25.46,40.03]]],[[[26.04,40.29],[26.02,40.16],[25.7,40.1],[26.04,40.29]]],[[[24.81,40.81],[24.79,40.61],[24.55,40.55],[24.81,40.81]]],[[[3.85,43.6],[2.98,43.15],[3.04,41.85],[2.7,42.37],[2.74,43.21],[3.45,43.67],[4.73,43.86],[6.6,43.28],[3.85,43.6]]],[[[28.02,36.48],[28.25,36.48],[28.14,36.03],[27.74,35.9],[28.02,36.48]]],[[[27.89,36.87],[27.96,36.74],[27.56,36.67],[27.89,36.87]]],[[[27.19,36.8],[26.87,36.67],[27.04,36.93],[27.19,36.8]]],[[[27.44,37.13],[27.35,36.93],[27.19,36.93],[27.44,37.13]]],[[[26.31,37.71],[26.3,37.58],[25.99,37.51],[26.31,37.71]]],[[[27.03,37.84],[27.01,37.64],[26.62,37.64],[27.03,37.84]]],[[[25.79,39.19],[26.04,39.38],[26.64,39.0],[25.79,39.19]]],[[[26.36,40.36],[26.68,40.42],[26.67,40.36],[26.26,40.1],[26.36,40.36]]],[[[40.57,40.68],[39.69,40.61],[37.87,40.68],[36.44,41.2],[38.3,40.87],[40.47,41.07],[40.57,40.68]]],[[[29.18,40.87],[29.04,41.13],[29.37,41.2],[29.18,40.87]]],[[[31.36,41.26],[31.69,41.39],[31.59,41.2],[31.36,41.26]]],[[[35.02,41.85],[34.79,41.98],[35.12,42.04],[35.02,41.85]]],[[[39.63,43.73],[41.41,42.89],[40.82,43.15],[39.63,43.73]]],[[[39.95,43.73],[39.96,43.8],[40.04,43.8],[39.95,43.73]]],[[[33.45,44.52],[33.46,45.19],[35.18,45.3],[35.13,44.91],[33.45,44.52]]],[[[30.88,46.68],[29.61,45.69],[31.08,47.01],[31.53,46.68],[30.88,46.68]]],[[[39.2,47.33],[38.35,47.2],[38.67,47.6],[39.2,47.33]]]]}},{"type":"Feature","properties":{"n":"Kingdom of Armenia","f":-307,"t":-302,"w":"Q208404"},"geometry":{"type":"MultiPolygon","coordinates":[[[[45.67,40.87],[45.52,40.48],[46.54,39.97],[47.05,39.77],[48.67,39.58],[48.8,38.09],[47.25,38.67],[46.12,38.48],[45.22,37.77],[45.25,36.93],[44.41,37.58],[40.57,38.03],[38.75,39.06],[38.79,39.9],[40.4,40.1],[40.85,40.94],[41.36,40.68],[41.53,41.26],[42.25,41.26],[42.56,41.65],[45.12,41.33],[45.67,40.87]]],[[[47.08,39.9],[47.16,39.9],[47.14,39.84],[47.08,39.9]]],[[[46.93,39.97],[47.01,39.97],[47.0,39.9],[46.93,39.97]]]]}},{"type":"Feature","properties":{"n":"Ptolemaic Kingdom","f":-307,"t":-302,"w":"Q2320005"},"geometry":{"type":"MultiPolygon","coordinates":[[[[34.43,31.08],[34.54,30.5],[32.92,30.12],[32.43,29.6],[35.85,23.88],[31.67,23.75],[30.46,23.36],[28.57,24.65],[28.15,27.35],[25.66,28.96],[25.39,29.67],[26.32,31.53],[28.87,30.82],[30.97,31.66],[31.88,31.46],[32.0,31.08],[34.43,31.08]]],[[[34.54,30.5],[34.62,30.5],[34.61,30.44],[34.54,30.5]]],[[[34.09,35.0],[33.04,34.55],[32.23,34.94],[34.54,35.71],[34.09,35.0]]],[[[35.49,36.61],[34.58,36.87],[33.98,36.29],[32.56,36.03],[31.84,36.67],[31.62,37.64],[33.68,37.9],[35.67,37.58],[36.35,38.03],[37.76,38.09],[39.6,37.77],[39.46,37.32],[38.02,37.0],[37.46,36.22],[35.84,36.29],[36.14,36.93],[35.49,36.61]]],[[[23.21,38.09],[23.2,37.9],[22.89,37.9],[23.21,38.09]]]]}},{"type":"Feature","properties":{"n":"Macedonian Empire","f":-307,"t":-302,"w":"Q83958"},"geometry":{"type":"MultiPolygon","coordinates":[[[[23.0,37.0],[22.99,36.93],[22.91,36.93],[23.0,37.0]]],[[[22.92,37.0],[21.61,37.25],[21.25,37.96],[21.74,38.42],[20.74,38.8],[21.47,39.26],[20.43,40.42],[19.33,40.74],[19.47,41.98],[22.47,42.69],[22.44,42.17],[23.53,41.78],[24.26,40.94],[23.7,40.81],[23.74,40.23],[22.57,40.55],[22.61,39.9],[23.14,39.45],[22.82,39.38],[22.94,38.8],[24.18,38.55],[23.98,37.84],[22.13,38.42],[23.34,37.64],[23.4,37.32],[22.71,37.58],[22.92,37.0]]],[[[20.62,37.9],[20.93,37.9],[20.92,37.64],[20.62,37.9]]],[[[20.49,38.42],[20.8,38.29],[20.79,38.09],[20.32,38.16],[20.49,38.42]]],[[[23.57,38.8],[23.56,38.74],[23.48,38.74],[23.57,38.8]]],[[[23.34,39.0],[23.49,38.87],[23.03,38.93],[23.34,39.0]]],[[[64.66,29.02],[65.06,30.89],[66.63,32.69],[67.7,35.13],[67.1,36.22],[66.48,36.22],[66.58,36.61],[68.78,37.32],[69.35,37.13],[70.89,38.48],[72.55,37.45],[75.01,37.32],[74.81,36.61],[75.52,33.71],[75.32,32.56],[74.63,31.91],[74.71,30.5],[73.44,29.86],[72.55,30.37],[71.05,30.44],[65.28,29.54],[64.66,29.02]]],[[[38.68,39.13],[39.45,38.42],[40.57,38.03],[44.77,37.38],[45.25,36.93],[45.15,35.71],[45.99,35.13],[46.05,33.33],[45.47,32.94],[44.42,33.14],[44.21,32.69],[43.35,32.56],[40.85,34.1],[39.12,34.49],[36.9,33.07],[36.42,31.21],[35.35,31.14],[34.54,30.5],[34.3,31.34],[35.64,34.36],[36.05,34.55],[35.92,36.29],[37.46,36.22],[38.02,37.0],[39.46,37.32],[39.6,37.77],[39.17,38.09],[36.35,38.03],[35.67,37.58],[32.03,37.9],[31.62,37.64],[31.84,36.67],[30.62,36.93],[30.49,36.35],[29.24,36.22],[29.12,36.74],[28.03,36.67],[28.07,37.13],[27.22,37.32],[27.28,38.03],[26.43,38.22],[26.38,38.67],[27.06,38.35],[26.85,39.58],[26.13,39.51],[26.67,40.36],[29.05,40.36],[28.91,40.61],[29.4,40.74],[31.2,40.48],[31.71,40.87],[34.35,41.0],[34.28,39.84],[34.79,39.45],[38.47,39.32],[38.68,39.13]]],[[[38.68,39.13],[38.69,39.19],[38.77,39.19],[38.68,39.13]]]]}},{"type":"Feature","properties":{"n":"Atropatene","f":-307,"t":-302,"w":"Q260437"},"geometry":{"type":"Polygon","coordinates":[[[52.11,36.55],[49.08,35.13],[45.15,35.71],[45.22,37.77],[46.12,38.48],[47.25,38.67],[48.87,38.09],[49.03,37.64],[52.11,36.55]]]}},{"type":"Feature","properties":{"n":"(Macedonian Empire)","f":-307,"t":-302,"w":"Q83958"},"geometry":{"type":"MultiPolygon","coordinates":[[[[23.0,37.0],[22.99,36.93],[22.91,36.93],[23.0,37.0]]],[[[22.92,37.0],[21.61,37.25],[21.25,37.96],[21.74,38.42],[20.74,38.8],[21.47,39.26],[20.43,40.42],[19.33,40.74],[19.47,41.98],[22.47,42.69],[22.44,42.17],[23.53,41.78],[24.26,40.94],[23.7,40.81],[23.74,40.23],[22.57,40.55],[22.61,39.9],[23.14,39.45],[22.82,39.38],[22.94,38.8],[24.18,38.55],[23.98,37.84],[22.13,38.42],[23.34,37.64],[23.4,37.32],[22.71,37.58],[22.92,37.0]]],[[[20.62,37.9],[20.93,37.9],[20.92,37.64],[20.62,37.9]]],[[[20.49,38.42],[20.8,38.29],[20.79,38.09],[20.32,38.16],[20.49,38.42]]],[[[23.57,38.8],[23.56,38.74],[23.48,38.74],[23.57,38.8]]],[[[23.34,39.0],[23.49,38.87],[23.03,38.93],[23.34,39.0]]],[[[64.66,29.02],[65.06,30.89],[66.63,32.69],[67.7,35.13],[67.1,36.22],[66.48,36.22],[66.58,36.61],[68.78,37.32],[69.35,37.13],[70.89,38.48],[72.55,37.45],[75.01,37.32],[74.81,36.61],[75.52,33.71],[75.32,32.56],[74.63,31.91],[74.71,30.5],[73.44,29.86],[72.55,30.37],[71.05,30.44],[65.28,29.54],[64.66,29.02]]],[[[38.68,39.13],[39.45,38.42],[40.57,38.03],[44.77,37.38],[45.25,36.93],[45.15,35.71],[45.99,35.13],[46.05,33.33],[45.47,32.94],[44.42,33.14],[44.21,32.69],[43.35,32.56],[40.85,34.1],[39.12,34.49],[36.9,33.07],[36.42,31.21],[35.35,31.14],[34.54,30.5],[34.3,31.34],[35.64,34.36],[36.05,34.55],[35.92,36.29],[37.46,36.22],[38.02,37.0],[39.46,37.32],[39.6,37.77],[39.17,38.09],[36.35,38.03],[35.67,37.58],[32.03,37.9],[31.62,37.64],[31.84,36.67],[30.62,36.93],[30.49,36.35],[29.24,36.22],[29.12,36.74],[28.03,36.67],[28.07,37.13],[27.22,37.32],[27.28,38.03],[26.43,38.22],[26.38,38.67],[27.06,38.35],[26.85,39.58],[26.13,39.51],[26.67,40.36],[29.05,40.36],[28.91,40.61],[29.4,40.74],[31.2,40.48],[31.71,40.87],[34.35,41.0],[34.28,39.84],[34.79,39.45],[38.47,39.32],[38.68,39.13]]],[[[38.68,39.13],[38.69,39.19],[38.77,39.19],[38.68,39.13]]]]}},{"type":"Feature","properties":{"n":"Seleucid Empire","f":-307,"t":-302,"w":"Q705904"},"geometry":{"type":"MultiPolygon","coordinates":[[[[69.57,38.8],[70.89,38.48],[69.35,37.13],[68.78,37.32],[66.58,36.61],[66.48,36.22],[67.1,36.22],[67.7,35.13],[66.63,32.69],[65.06,30.89],[64.74,29.02],[62.56,25.16],[57.74,25.62],[57.18,25.94],[56.71,27.16],[55.44,26.52],[55.54,26.77],[54.83,26.45],[53.66,26.71],[51.32,27.99],[50.06,30.18],[48.94,30.31],[48.09,29.54],[46.98,29.73],[43.42,32.49],[44.21,32.69],[44.42,33.14],[45.47,32.94],[46.05,33.33],[46.14,34.55],[45.59,35.52],[49.08,35.13],[52.11,36.55],[54.03,36.87],[53.98,37.38],[55.29,38.09],[58.63,38.67],[60.65,39.58],[63.47,40.1],[68.53,39.58],[69.27,40.23],[69.27,40.74],[70.56,41.07],[70.74,40.61],[69.85,40.29],[69.42,39.64],[69.57,38.8]]],[[[70.34,40.36],[70.36,40.42],[70.44,40.42],[70.34,40.36]]]]}},{"type":"Feature","properties":{"n":"(Macedonian Empire)","f":-301,"t":-292,"w":"Q83958"},"geometry":{"type":"MultiPolygon","coordinates":[[[[20.61,37.71],[20.62,37.9],[20.93,37.9],[20.61,37.71]]],[[[23.4,37.32],[22.71,37.58],[22.92,37.0],[21.61,37.25],[21.24,37.84],[21.74,38.42],[20.74,38.8],[20.91,39.06],[19.25,40.61],[19.47,41.98],[22.47,42.69],[22.44,42.17],[23.53,41.78],[24.26,40.94],[23.7,40.81],[23.74,40.23],[22.57,40.55],[22.61,39.9],[23.14,39.45],[22.82,39.38],[22.94,38.8],[24.18,38.55],[23.98,37.84],[23.53,38.22],[23.11,37.64],[23.4,37.32]],[[22.66,37.96],[23.06,38.16],[22.13,38.42],[22.66,37.96]]],[[[20.32,38.16],[20.33,38.35],[20.57,38.42],[20.79,38.09],[20.32,38.16]]],[[[20.15,39.64],[20.15,39.58],[20.07,39.58],[20.15,39.64]]],[[[34.09,35.0],[33.04,34.55],[32.23,34.94],[34.54,35.71],[34.09,35.0]]],[[[23.0,37.0],[22.99,36.93],[22.91,36.93],[23.0,37.0]]],[[[31.6,37.45],[31.59,37.38],[31.52,37.38],[31.6,37.45]]],[[[23.57,38.8],[23.56,38.74],[23.48,38.74],[23.57,38.8]]],[[[23.34,39.0],[23.49,38.87],[23.03,38.93],[23.34,39.0]]]]}},{"type":"Feature","properties":{"n":"Seleucid Empire","f":-301,"t":-292,"w":"Q705904"},"geometry":{"type":"MultiPolygon","coordinates":[[[[69.57,38.8],[71.2,38.48],[72.42,37.51],[66.75,31.4],[66.05,30.05],[64.37,28.57],[62.56,25.16],[61.72,25.04],[57.38,25.74],[56.71,27.16],[55.44,26.52],[55.54,26.77],[54.83,26.45],[53.66,26.71],[51.32,27.99],[50.06,30.18],[48.94,30.31],[48.09,29.54],[46.62,29.86],[46.59,30.31],[45.77,30.44],[43.15,32.81],[40.7,34.16],[39.12,34.49],[37.65,33.65],[37.39,34.1],[36.56,34.29],[36.27,35.19],[35.89,35.26],[35.85,36.35],[39.55,37.38],[39.17,38.09],[36.35,38.03],[35.67,37.58],[33.68,37.9],[31.62,37.64],[31.53,38.35],[32.84,38.93],[33.27,38.55],[34.48,38.8],[34.95,39.45],[35.59,39.58],[37.86,39.45],[40.57,38.03],[44.41,37.58],[45.25,36.93],[45.22,35.64],[48.77,35.13],[52.11,36.55],[54.03,36.87],[53.98,37.38],[55.29,38.09],[58.63,38.67],[62.5,40.03],[68.53,39.58],[69.27,40.23],[69.27,40.74],[70.56,41.07],[70.74,40.61],[69.85,40.29],[69.42,39.64],[69.57,38.8]]],[[[38.69,39.19],[38.77,39.19],[38.76,39.13],[38.69,39.19]]],[[[70.36,40.42],[70.44,40.42],[70.42,40.36],[70.36,40.42]]]]}},{"type":"Feature","properties":{"n":"Atropatene","f":-301,"t":-248,"w":"Q260437"},"geometry":{"type":"Polygon","coordinates":[[[52.11,36.55],[48.77,35.13],[45.22,35.64],[45.22,37.77],[46.12,38.48],[47.25,38.67],[48.87,38.09],[49.03,37.64],[52.11,36.55]]]}},{"type":"Feature","properties":{"n":"Maurya Empire","f":-301,"t":-292,"w":"Q62943"},"geometry":{"type":"MultiPolygon","coordinates":[[[[90.66,26.97],[90.67,27.03],[90.75,27.03],[90.66,26.97]]],[[[90.61,27.09],[90.68,27.09],[90.67,27.03],[90.61,27.09]]],[[[74.81,36.61],[75.39,34.42],[76.46,32.24],[79.18,31.46],[81.15,30.12],[84.76,28.64],[87.38,27.87],[88.39,27.99],[90.07,27.42],[90.63,26.84],[91.91,26.84],[92.03,25.55],[92.52,24.97],[92.11,24.33],[92.76,21.24],[92.33,21.37],[92.12,20.92],[91.42,22.79],[90.23,21.76],[89.9,22.01],[88.73,21.63],[88.64,22.08],[88.35,21.56],[88.1,21.95],[87.07,21.44],[87.03,20.6],[86.44,20.02],[85.9,21.05],[84.86,21.63],[74.98,22.85],[73.65,23.62],[69.55,24.26],[68.8,24.26],[68.83,23.88],[68.13,23.56],[67.29,24.07],[67.21,24.71],[66.63,24.84],[66.35,25.55],[64.8,25.16],[62.56,25.23],[64.37,28.57],[66.05,30.05],[66.75,31.4],[71.83,37.06],[72.42,37.51],[75.01,37.32],[74.81,36.61]]]]}},{"type":"Feature","properties":{"n":"Zhongshan","f":-301,"t":-292,"w":"Q59223"},"geometry":{"type":"Polygon","coordinates":[[[116.15,38.55],[116.4,38.74],[115.86,39.38],[116.14,39.9],[117.03,40.1],[116.93,38.55],[116.15,38.55]]]}},{"type":"Feature","properties":{"n":"Macedonian Empire","f":-301,"t":-292,"w":"Q83958"},"geometry":{"type":"MultiPolygon","coordinates":[[[[20.61,37.71],[20.62,37.9],[20.93,37.9],[20.61,37.71]]],[[[23.4,37.32],[22.71,37.58],[22.92,37.0],[21.61,37.25],[21.24,37.84],[21.74,38.42],[20.74,38.8],[20.91,39.06],[19.25,40.61],[19.47,41.98],[22.47,42.69],[22.44,42.17],[23.53,41.78],[24.26,40.94],[23.7,40.81],[23.74,40.23],[22.57,40.55],[22.61,39.9],[23.14,39.45],[22.82,39.38],[22.94,38.8],[24.18,38.55],[23.98,37.84],[23.53,38.22],[23.11,37.64],[23.4,37.32]],[[22.66,37.96],[23.06,38.16],[22.13,38.42],[22.66,37.96]]],[[[20.32,38.16],[20.33,38.35],[20.57,38.42],[20.79,38.09],[20.32,38.16]]],[[[20.15,39.64],[20.15,39.58],[20.07,39.58],[20.15,39.64]]],[[[34.09,35.0],[33.04,34.55],[32.23,34.94],[34.54,35.71],[34.09,35.0]]],[[[23.0,37.0],[22.99,36.93],[22.91,36.93],[23.0,37.0]]],[[[31.6,37.45],[31.59,37.38],[31.52,37.38],[31.6,37.45]]],[[[23.57,38.8],[23.56,38.74],[23.48,38.74],[23.57,38.8]]],[[[23.34,39.0],[23.49,38.87],[23.03,38.93],[23.34,39.0]]]]}},{"type":"Feature","properties":{"n":"Ptolemaic Kingdom","f":-301,"t":-292,"w":"Q2320005"},"geometry":{"type":"MultiPolygon","coordinates":[[[[36.42,31.21],[35.35,31.14],[34.61,30.44],[32.44,29.79],[35.85,23.88],[31.67,23.75],[30.46,23.36],[28.57,24.65],[28.15,27.35],[25.38,29.34],[26.32,31.53],[28.87,30.82],[30.97,31.66],[31.88,31.46],[32.0,31.08],[34.3,31.27],[35.64,34.36],[36.05,34.55],[35.89,35.26],[36.27,35.19],[36.56,34.29],[37.6,33.91],[36.42,31.21]]],[[[35.49,36.61],[34.58,36.87],[33.98,36.29],[32.56,36.03],[31.84,36.67],[31.62,37.64],[33.68,37.9],[35.67,37.58],[36.35,38.03],[37.76,38.09],[39.6,37.77],[39.55,37.38],[37.28,36.61],[36.26,36.61],[36.14,36.93],[35.49,36.61]]]]}},{"type":"Feature","properties":{"n":"Kingdom of Armenia","f":-301,"t":-282,"w":"Q208404"},"geometry":{"type":"MultiPolygon","coordinates":[[[[45.67,40.87],[45.52,40.48],[46.54,39.97],[47.05,39.77],[48.67,39.58],[48.8,38.09],[47.25,38.67],[46.12,38.48],[45.22,37.77],[45.25,36.93],[44.41,37.58],[40.57,38.03],[38.75,39.06],[38.79,39.9],[40.4,40.1],[40.76,40.42],[40.58,40.74],[41.36,40.68],[41.53,41.26],[42.62,41.59],[45.19,41.26],[45.67,40.87]]],[[[47.08,39.9],[47.16,39.9],[47.14,39.84],[47.08,39.9]]],[[[46.93,39.97],[47.01,39.97],[47.0,39.9],[46.93,39.97]]]]}},{"type":"Feature","properties":{"n":"Greek City-States","f":-301,"t":-292,"w":"Q148837"},"geometry":{"type":"MultiPolygon","coordinates":[[[[24.3,35.32],[26.23,35.19],[23.68,35.26],[23.62,35.52],[24.3,35.32]]],[[[23.12,36.35],[23.11,36.16],[22.87,36.16],[23.12,36.35]]],[[[21.74,36.87],[21.61,37.25],[22.69,37.19],[23.06,36.67],[21.74,36.87]]],[[[15.05,36.74],[14.43,36.93],[14.98,37.32],[15.05,36.74]]],[[[25.57,37.13],[25.56,37.0],[25.33,37.0],[25.57,37.13]]],[[[24.36,37.71],[24.43,37.58],[24.27,37.51],[24.36,37.71]]],[[[25.22,37.71],[25.29,37.51],[25.05,37.51],[25.22,37.71]]],[[[24.77,38.03],[25.07,37.77],[24.83,37.71],[24.77,38.03]]],[[[23.44,37.96],[23.53,38.22],[23.77,38.22],[23.83,37.9],[23.44,37.96]]],[[[24.67,38.93],[24.66,38.74],[24.36,38.87],[24.67,38.93]]],[[[0.1,38.8],[-0.13,38.55],[-0.57,39.51],[-0.2,39.97],[-0.31,39.13],[0.1,38.8]]],[[[18.35,39.9],[17.35,40.55],[16.62,40.29],[16.45,39.64],[17.14,39.06],[15.7,37.96],[16.27,38.93],[15.75,40.03],[15.04,40.23],[14.89,40.68],[16.14,39.97],[16.88,40.74],[17.98,40.61],[18.35,39.9]]],[[[19.91,39.58],[19.76,39.64],[19.76,39.77],[19.91,39.58]]],[[[25.46,40.03],[25.45,39.84],[24.97,39.84],[25.46,40.03]]],[[[24.81,40.81],[24.79,40.61],[24.55,40.55],[24.81,40.81]]],[[[3.85,43.6],[2.98,43.15],[3.04,41.85],[2.7,42.37],[2.74,43.21],[3.45,43.67],[4.73,43.86],[6.6,43.28],[3.85,43.6]]],[[[28.02,36.48],[28.25,36.48],[28.14,36.03],[27.74,35.9],[28.02,36.48]]],[[[27.89,36.87],[27.96,36.74],[27.56,36.67],[27.89,36.87]]],[[[27.19,36.8],[26.87,36.67],[27.04,36.93],[27.19,36.8]]],[[[27.44,37.13],[27.35,36.93],[27.19,36.93],[27.44,37.13]]],[[[26.31,37.71],[26.3,37.58],[25.99,37.51],[26.31,37.71]]],[[[27.03,37.84],[27.01,37.64],[26.62,37.64],[27.03,37.84]]],[[[26.22,38.55],[26.11,38.16],[25.88,38.16],[26.22,38.55]]],[[[25.79,39.19],[26.04,39.38],[26.64,39.0],[25.79,39.19]]],[[[26.04,40.29],[26.02,40.16],[25.7,40.1],[26.04,40.29]]],[[[40.57,40.68],[39.69,40.61],[37.87,40.68],[36.44,41.2],[38.3,40.87],[40.47,41.07],[40.57,40.68]]],[[[31.36,41.26],[31.69,41.39],[31.59,41.2],[31.36,41.26]]],[[[35.02,41.85],[34.79,41.98],[35.12,42.04],[35.02,41.85]]],[[[33.45,44.52],[33.46,45.19],[35.18,45.3],[35.13,44.91],[33.45,44.52]]],[[[31.53,46.68],[30.88,46.68],[29.61,45.69],[30.46,46.61],[31.57,46.94],[31.53,46.68]]],[[[39.08,47.6],[39.2,47.33],[38.35,47.2],[39.08,47.6]]]]}},{"type":"Feature","properties":{"n":"Kingdom of Bithynia","f":-301,"t":-282,"w":"Q3762571"},"geometry":{"type":"Polygon","coordinates":[[[29.25,40.81],[29.37,41.2],[31.18,41.07],[32.12,41.65],[32.12,40.94],[30.89,40.55],[29.25,40.81]]]}},{"type":"Feature","properties":{"n":"Colchis","f":-301,"t":-282,"w":"Q183150"},"geometry":{"type":"MultiPolygon","coordinates":[[[[41.24,41.39],[41.23,41.33],[41.15,41.33],[41.24,41.39]]],[[[44.86,42.04],[44.95,41.65],[44.31,41.2],[42.62,41.59],[41.53,41.26],[41.12,40.68],[41.02,41.0],[41.78,41.78],[41.61,42.63],[39.63,43.73],[44.86,42.04]]],[[[39.96,43.8],[40.04,43.8],[40.03,43.73],[39.96,43.8]]]]}},{"type":"Feature","properties":{"n":"Kingdom of Lysimachus","f":-301,"t":-292,"w":"Q32133"},"geometry":{"type":"MultiPolygon","coordinates":[[[[29.4,40.74],[31.2,40.48],[32.12,40.94],[32.11,41.59],[32.63,41.91],[34.47,41.98],[34.54,39.97],[35.59,39.58],[33.51,38.55],[33.0,38.93],[31.88,38.74],[31.53,38.35],[31.84,36.67],[30.62,36.93],[30.49,36.35],[29.24,36.22],[29.12,36.74],[28.03,36.67],[28.07,37.13],[27.22,37.32],[27.28,38.03],[26.43,38.22],[26.37,38.55],[27.06,38.35],[26.85,39.58],[26.13,39.51],[26.6,40.48],[29.05,40.36],[29.4,40.74]]],[[[22.48,42.76],[22.47,42.69],[22.39,42.69],[22.48,42.76]]],[[[22.73,42.95],[22.73,42.89],[22.65,42.89],[22.73,42.95]]],[[[22.82,43.02],[22.81,42.95],[22.73,42.95],[22.82,43.02]]],[[[28.48,43.47],[27.9,43.28],[27.49,42.43],[28.05,41.59],[29.37,41.2],[29.26,40.87],[27.53,41.07],[26.84,40.48],[25.85,40.94],[24.26,40.94],[23.53,41.78],[22.44,42.17],[22.47,42.69],[23.4,43.28],[23.52,43.86],[25.52,43.67],[26.37,44.12],[27.75,44.19],[28.05,45.56],[29.67,45.43],[29.62,45.04],[29.05,44.97],[28.48,43.47]]],[[[22.9,43.08],[22.9,43.02],[22.82,43.02],[22.9,43.08]]]]}},{"type":"Feature","properties":{"n":"Carthage","f":-301,"t":-278,"w":"Q2429397"},"geometry":{"type":"MultiPolygon","coordinates":[[[[11.08,35.0],[10.0,34.29],[10.24,33.71],[12.23,32.81],[13.3,32.94],[15.06,32.43],[15.65,31.4],[17.85,30.95],[18.81,30.12],[15.57,31.14],[14.9,32.24],[9.62,33.33],[8.93,34.04],[8.85,34.74],[8.07,34.94],[7.59,36.61],[1.15,36.16],[-1.88,34.81],[-4.73,34.87],[-5.63,35.52],[-6.73,33.59],[-7.47,33.26],[-7.88,33.52],[-6.61,34.16],[-5.95,35.71],[-5.57,35.84],[-4.75,35.19],[-2.84,35.45],[-2.66,35.07],[-1.89,35.07],[0.68,36.42],[3.46,36.87],[5.56,36.67],[6.33,37.06],[8.52,36.87],[10.23,37.25],[10.23,36.8],[11.01,37.0],[10.46,35.9],[11.08,35.58],[11.08,35.0]]],[[[14.34,35.84],[14.34,36.03],[14.57,35.97],[14.34,35.84]]],[[[-5.23,36.48],[-5.58,36.03],[-6.25,36.61],[-5.45,36.35],[-5.31,36.55],[-4.56,36.87],[-3.85,36.8],[-5.23,36.48]]],[[[12.96,37.9],[14.51,37.0],[12.49,37.9],[15.63,38.29],[14.9,37.25],[14.99,37.9],[12.96,37.9]]],[[[1.27,38.8],[1.18,39.06],[1.65,39.13],[1.27,38.8]]],[[[9.59,39.13],[8.34,39.0],[8.15,40.94],[9.1,41.26],[9.82,40.74],[9.59,39.13]]]]}},{"type":"Feature","properties":{"n":"Roman Republic","f":-301,"t":-292,"w":"Q175881"},"geometry":{"type":"MultiPolygon","coordinates":[[[[16.42,41.2],[15.38,41.0],[13.89,42.17],[13.17,42.11],[14.19,41.07],[15.05,40.81],[14.42,40.68],[11.81,42.17],[13.98,42.89],[14.61,42.11],[16.12,41.91],[15.87,41.72],[16.42,41.2]]],[[[12.46,42.5],[12.14,42.5],[12.14,42.76],[12.46,42.5]]]]}}]}