{"type":"FeatureCollection","act":{"from":1950,"to":2000,"years_inclusive":[1950,1999]},"attribution":{"source":"Cliopatria v0.2.0 (Seshat Global History Databank)","release":"GitHub tag v0.2.0 — https://github.com/Seshat-Global-History-Databank/cliopatria/releases/tag/v0.2.0","release_archive_sha256":"04e9f0d8ecb1d18a0cbb7d37a0b963a2c0ca4ebc2935708d27cc5d5131e4d5b8","internal_label_note":"The payload self-identifies as \"cliopatria_polities_only_v012\"; cite the release tag, not that label.","licence":"CC BY 4.0 — https://creativecommons.org/licenses/by/4.0/","citation":"Bennett, J.S., Mutch, E., Tollefson, A. et al. (2025). Cliopatria — A geospatial database of world-wide political entities from 3400BCE to 2024CE. Scientific Data 12, 247. https://doi.org/10.1038/s41597-025-04516-9","changes_made":"Changes were made. Features filtered to those overlapping this act window; polygons simplified with Douglas-Peucker at 0.25 degrees (topology preserved), invalid geometries repaired, and coordinates snapped to a 0.01 degree grid (2 decimal places); properties reduced to Name (n), FromYear (f), ToYear (t) and Wikidata Q-ID (w)."},"features":[{"type":"Feature","properties":{"n":"Republic of El Salvador","f":1840,"t":1978,"w":"Q792"},"geometry":{"type":"Polygon","coordinates":[[[-88.85,13.21],[-90.08,13.72],[-89.28,14.43],[-87.75,13.85],[-87.69,13.34],[-88.85,13.21]]]}},{"type":"Feature","properties":{"n":"Oriental Republic of Uruguay","f":1866,"t":2023,"w":"Q77"},"geometry":{"type":"Polygon","coordinates":[[[-54.82,-34.94],[-56.38,-35.01],[-58.09,-34.49],[-58.63,-33.91],[-57.94,-30.44],[-56.88,-30.12],[-56.11,-31.09],[-55.68,-30.89],[-54.02,-31.99],[-53.28,-32.76],[-53.53,-33.79],[-54.82,-34.94]]]}},{"type":"Feature","properties":{"n":"Netherlands Antilles","f":1877,"t":2023,"w":"Q25227"},"geometry":{"type":"MultiPolygon","coordinates":[[[[-56.06,2.47],[-55.99,1.96],[-56.72,1.89],[-57.3,3.24],[-58.11,3.89],[-57.91,4.91],[-57.33,5.04],[-57.12,5.94],[-54.06,5.81],[-54.48,4.98],[-54.24,2.79],[-54.61,2.34],[-56.06,2.47]]],[[[-69.12,12.37],[-68.66,11.99],[-68.95,12.05],[-69.12,12.37]]],[[[-68.15,12.05],[-68.29,12.05],[-68.39,12.31],[-68.15,12.05]]],[[[-69.87,12.56],[-69.78,12.37],[-69.93,12.37],[-69.87,12.56]]],[[[-62.93,18.09],[-62.92,18.03],[-63.14,18.03],[-62.93,18.09]]]]}},{"type":"Feature","properties":{"n":"New Hebrides","f":1890,"t":1978,"w":"Q752431"},"geometry":{"type":"MultiPolygon","coordinates":[[[[167.96,-16.43],[167.78,-16.3],[168.11,-16.11],[167.96,-16.43]]],[[[167.25,-16.24],[167.02,-15.85],[167.71,-16.3],[167.34,-16.62],[167.25,-16.24]]],[[[167.88,-15.46],[167.69,-15.59],[167.56,-15.34],[167.88,-15.46]]],[[[166.96,-14.95],[167.05,-15.66],[166.6,-15.66],[166.32,-14.69],[166.96,-14.95]]],[[[167.37,-14.44],[167.25,-14.18],[167.45,-14.11],[167.37,-14.44]]],[[[167.28,-13.99],[167.23,-13.73],[167.37,-13.66],[167.28,-13.99]]],[[[169.05,-19.51],[169.14,-19.32],[169.4,-19.71],[169.05,-19.51]]],[[[168.82,-18.94],[168.88,-18.61],[169.1,-18.61],[169.22,-19.06],[168.82,-18.94]]],[[[168.17,-17.84],[168.03,-17.59],[168.38,-17.52],[168.17,-17.84]]],[[[167.93,-16.62],[168.37,-16.88],[167.98,-16.81],[167.93,-16.62]]],[[[168.13,-15.59],[168.22,-15.98],[167.99,-15.91],[168.13,-15.59]]],[[[168.14,-15.27],[167.9,-15.21],[167.95,-15.08],[168.14,-15.27]]]]}},{"type":"Feature","properties":{"n":"Nepal","f":1890,"t":2023,"w":"Q837"},"geometry":{"type":"Polygon","coordinates":[[[82.04,30.37],[83.45,29.22],[84.14,29.28],[84.41,28.77],[85.98,27.99],[88.14,27.87],[88.16,26.52],[85.27,26.71],[84.43,27.42],[83.08,27.42],[80.1,28.77],[80.47,29.79],[82.04,30.37]]]}},{"type":"Feature","properties":{"n":"Honduras","f":1895,"t":1978,"w":"Q783"},"geometry":{"type":"Polygon","coordinates":[[[-84.91,14.75],[-85.69,13.85],[-86.64,13.79],[-86.66,13.34],[-87.28,12.95],[-87.75,13.85],[-89.28,14.43],[-89.14,15.01],[-87.93,15.91],[-84.63,15.97],[-83.1,14.94],[-84.91,14.75]]]}},{"type":"Feature","properties":{"n":"Republic of Nicaragua","f":1898,"t":2023,"w":"Q811"},"geometry":{"type":"Polygon","coordinates":[[[-83.83,11.28],[-83.57,10.83],[-83.93,10.7],[-85.79,11.09],[-87.66,13.08],[-86.99,13.01],[-86.64,13.79],[-85.69,13.85],[-84.91,14.75],[-83.1,14.94],[-83.83,11.28]]]}},{"type":"Feature","properties":{"n":"Venezuela","f":1900,"t":1986,"w":"Q717"},"geometry":{"type":"MultiPolygon","coordinates":[[[[-66.37,10.7],[-64.95,10.06],[-64.03,10.7],[-61.91,10.76],[-62.84,10.38],[-62.3,9.8],[-61.95,9.99],[-60.83,9.54],[-61.44,8.51],[-59.83,8.51],[-60.67,7.61],[-60.36,6.97],[-61.15,6.59],[-61.36,6.01],[-60.68,5.17],[-60.89,4.59],[-62.7,4.08],[-62.91,3.56],[-64.82,4.27],[-64.07,2.47],[-63.41,2.28],[-65.53,0.67],[-65.67,0.99],[-66.69,0.86],[-67.35,2.54],[-67.86,2.86],[-67.43,3.31],[-67.89,5.11],[-67.49,6.2],[-69.38,6.07],[-70.06,6.91],[-71.96,6.97],[-72.49,7.49],[-72.3,8.19],[-72.71,8.96],[-73.31,9.29],[-72.06,11.54],[-71.65,10.83],[-69.73,11.66],[-68.99,11.54],[-68.31,11.21],[-68.04,10.51],[-66.37,10.7]]],[[[-64.35,11.09],[-63.84,11.21],[-63.76,10.96],[-64.35,11.09]]],[[[-70.24,11.6],[-70.14,12.24],[-69.85,12.24],[-69.73,11.66],[-70.24,11.6]]]]}},{"type":"Feature","properties":{"n":"Republic of Costa Rica","f":1905,"t":1999,"w":"Q800"},"geometry":{"type":"Polygon","coordinates":[[[-82.61,9.67],[-83.04,8.32],[-83.71,8.45],[-83.67,9.09],[-84.83,9.99],[-84.95,9.61],[-85.78,9.99],[-85.89,10.44],[-85.85,10.96],[-85.36,11.15],[-83.49,10.7],[-82.61,9.67]]]}},{"type":"Feature","properties":{"n":"Republic of Panama","f":1905,"t":1999,"w":"Q804"},"geometry":{"type":"MultiPolygon","coordinates":[[[[-81.9,7.36],[-81.91,7.61],[-81.7,7.68],[-81.9,7.36]]],[[[-78.96,8.45],[-78.81,8.45],[-78.8,8.26],[-78.96,8.45]]],[[[-79.71,8.71],[-80.41,8.26],[-80.0,7.42],[-80.58,7.16],[-80.94,7.16],[-81.05,7.87],[-81.47,7.61],[-81.94,8.19],[-83.04,8.26],[-82.61,9.61],[-82.21,9.03],[-81.47,8.84],[-80.1,9.29],[-79.71,8.71]]],[[[-77.18,7.94],[-78.03,7.23],[-78.5,7.94],[-78.23,8.45],[-79.64,8.9],[-79.96,9.35],[-78.96,9.61],[-77.51,8.71],[-77.18,7.94]]]]}},{"type":"Feature","properties":{"n":"Tangier International Zone","f":1912,"t":1955,"w":"Q3497642"},"geometry":{"type":"Polygon","coordinates":[[[-5.71,35.64],[-5.94,35.58],[-5.72,35.77],[-5.71,35.64]]]}},{"type":"Feature","properties":{"n":"Guatemala","f":1920,"t":1978,"w":"Q774"},"geometry":{"type":"Polygon","coordinates":[[[-90.08,13.72],[-92.23,14.49],[-91.63,16.04],[-90.33,16.23],[-91.27,17.06],[-90.94,17.77],[-89.17,17.77],[-89.11,15.91],[-88.19,15.65],[-90.08,13.72]]]}},{"type":"Feature","properties":{"n":"Belgian Congo","f":1922,"t":1952,"w":"Q213510"},"geometry":{"type":"Polygon","coordinates":[[[28.22,4.34],[29.53,4.66],[30.82,3.56],[30.72,2.41],[31.23,2.15],[29.89,0.86],[29.46,-0.87],[29.53,-1.32],[30.33,-1.13],[30.77,-1.71],[30.34,-2.54],[30.57,-3.44],[29.56,-4.41],[28.97,-3.31],[29.07,-6.21],[30.41,-8.26],[28.95,-8.46],[28.3,-9.23],[28.6,-9.68],[28.34,-11.8],[29.02,-12.44],[29.74,-12.25],[29.7,-13.41],[28.89,-13.41],[27.1,-11.67],[26.15,-11.99],[25.34,-11.74],[25.19,-11.29],[24.39,-11.48],[24.01,-10.9],[22.11,-11.16],[21.64,-7.3],[19.52,-7.04],[19.16,-8.07],[17.56,-8.14],[16.38,-5.89],[12.08,-5.89],[12.95,-4.66],[13.46,-4.86],[14.33,-4.34],[14.55,-4.92],[15.86,-3.89],[16.14,-2.09],[17.66,-0.42],[18.06,2.41],[18.58,3.18],[18.53,4.34],[19.27,5.11],[20.57,4.4],[22.31,4.08],[22.76,4.79],[23.34,4.59],[25.39,5.3],[27.22,5.24],[28.22,4.34]]]}},{"type":"Feature","properties":{"n":"Mexico","f":1922,"t":2023,"w":"Q5062192"},"geometry":{"type":"MultiPolygon","coordinates":[[[[-86.99,20.28],[-87.02,20.47],[-86.67,20.6],[-86.99,20.28]]],[[[-97.68,25.36],[-97.54,21.63],[-95.77,18.8],[-94.48,18.22],[-92.5,18.74],[-91.3,18.61],[-89.98,21.31],[-86.75,21.5],[-87.7,18.29],[-87.99,18.74],[-89.17,17.77],[-90.94,17.77],[-91.27,17.06],[-90.33,16.23],[-91.63,16.04],[-92.24,14.56],[-94.15,16.16],[-94.85,16.36],[-96.21,15.65],[-97.72,15.91],[-101.11,17.26],[-101.9,17.96],[-103.19,18.16],[-104.87,19.25],[-105.54,20.02],[-105.13,21.31],[-105.7,22.59],[-107.87,24.52],[-108.11,25.16],[-109.39,25.74],[-109.26,26.58],[-110.42,27.16],[-110.57,27.87],[-111.22,27.99],[-112.11,29.02],[-112.5,28.83],[-113.13,31.21],[-114.64,31.72],[-114.83,31.27],[-114.45,29.99],[-111.0,26.13],[-111.08,25.62],[-110.43,24.91],[-110.67,24.97],[-110.58,24.33],[-110.15,24.39],[-109.33,23.49],[-109.64,22.91],[-112.27,24.78],[-112.28,26.13],[-115.05,27.74],[-114.07,27.74],[-114.04,28.51],[-115.76,29.86],[-117.13,32.49],[-114.77,32.69],[-110.95,31.27],[-108.28,31.27],[-108.11,31.79],[-106.51,31.79],[-103.69,29.15],[-102.97,29.02],[-102.35,29.86],[-101.4,29.73],[-99.38,27.48],[-99.0,26.39],[-97.05,25.81],[-97.68,25.36]]],[[[-115.12,28.38],[-115.03,28.12],[-115.24,28.06],[-115.12,28.38]]],[[[-113.62,29.6],[-113.02,29.02],[-113.27,29.09],[-113.62,29.6]]]]}},{"type":"Feature","properties":{"n":"Dominican Republic","f":1924,"t":2023,"w":"Q786"},"geometry":{"type":"Polygon","coordinates":[[[-69.06,19.25],[-69.49,19.12],[-68.58,18.99],[-68.29,18.41],[-70.72,18.35],[-71.28,17.58],[-71.59,17.71],[-71.93,18.61],[-71.67,19.96],[-69.06,19.25]]]}},{"type":"Feature","properties":{"n":"Republic of Cuba","f":1926,"t":1957,"w":"Q241"},"geometry":{"type":"MultiPolygon","coordinates":[[[[-79.25,22.46],[-77.64,22.14],[-77.66,21.82],[-76.77,21.37],[-75.63,21.18],[-74.07,20.15],[-77.65,19.83],[-77.19,20.66],[-78.24,20.79],[-78.66,21.56],[-82.05,22.27],[-81.74,22.66],[-84.8,21.82],[-84.0,22.79],[-83.23,23.04],[-81.1,23.24],[-79.25,22.46]]],[[[-82.95,21.44],[-83.04,21.95],[-82.49,21.82],[-82.5,21.44],[-82.95,21.44]]],[[[-78.23,22.59],[-78.2,22.4],[-78.42,22.4],[-78.23,22.59]]]]}},{"type":"Feature","properties":{"n":"Republic of Colombia","f":1928,"t":2023,"w":"Q739"},"geometry":{"type":"Polygon","coordinates":[[[-67.49,2.09],[-67.85,1.76],[-69.97,1.7],[-69.97,1.19],[-69.24,0.74],[-70.19,0.41],[-70.1,-0.36],[-69.46,-1.13],[-70.03,-4.09],[-70.75,-3.83],[-70.35,-2.54],[-71.66,-2.22],[-73.12,-2.41],[-74.91,-0.16],[-77.32,0.29],[-78.41,0.99],[-79.14,1.76],[-78.7,1.83],[-78.78,2.34],[-77.91,2.6],[-77.26,3.63],[-77.56,4.08],[-77.41,6.52],[-77.95,7.23],[-77.18,7.94],[-77.37,8.71],[-76.83,8.19],[-76.93,8.64],[-75.66,9.48],[-75.58,10.51],[-74.96,11.15],[-74.36,10.89],[-74.17,11.34],[-73.15,11.41],[-71.84,12.44],[-71.1,12.31],[-71.28,11.79],[-72.68,10.89],[-73.31,9.29],[-72.71,8.96],[-72.3,8.19],[-72.49,7.49],[-71.96,6.97],[-70.06,6.91],[-69.38,6.07],[-67.49,6.2],[-67.89,5.11],[-67.43,3.31],[-67.86,2.86],[-67.35,2.54],[-67.2,1.25],[-67.49,2.09]]]}},{"type":"Feature","properties":{"n":"South Africa","f":1932,"t":1972,"w":"Q258"},"geometry":{"type":"Polygon","coordinates":[[[25.02,-17.78],[23.63,-18.49],[23.1,-18.04],[20.89,-18.36],[20.95,-21.89],[19.91,-22.02],[19.88,-24.85],[20.73,-25.94],[20.52,-26.84],[21.65,-26.84],[22.96,-25.3],[24.47,-25.88],[25.44,-25.69],[25.79,-24.79],[29.14,-22.15],[31.15,-22.41],[31.48,-23.18],[31.95,-25.56],[31.74,-25.94],[31.06,-25.82],[30.72,-26.39],[30.99,-27.23],[32.77,-26.97],[32.21,-28.77],[31.47,-29.09],[30.24,-31.02],[28.8,-32.37],[27.05,-33.59],[25.68,-33.79],[25.62,-34.11],[22.16,-34.11],[19.42,-34.82],[18.55,-34.11],[18.17,-34.36],[18.22,-33.59],[17.67,-33.08],[18.11,-32.63],[18.09,-31.92],[16.34,-28.64],[15.12,-27.42],[14.35,-24.4],[14.34,-22.47],[11.73,-18.36],[11.58,-17.26],[13.28,-17.01],[13.94,-17.46],[18.3,-17.39],[18.89,-17.84],[20.52,-18.04],[25.02,-17.78]],[[29.29,-29.22],[28.57,-28.64],[27.53,-28.97],[26.89,-29.67],[27.71,-30.7],[28.96,-30.06],[29.29,-29.22]]]}},{"type":"Feature","properties":{"n":"Kingdom of Thailand","f":1932,"t":1955,"w":"Q869"},"geometry":{"type":"Polygon","coordinates":[[[102.22,11.99],[101.79,12.69],[100.83,12.63],[100.99,13.46],[100.1,13.4],[100.03,12.05],[99.21,10.31],[99.27,9.29],[99.93,9.29],[100.51,7.16],[101.51,6.91],[102.06,6.33],[101.88,5.75],[101.07,5.62],[101.09,6.07],[100.33,6.65],[99.95,6.52],[98.62,8.32],[98.21,7.74],[98.53,10.06],[99.66,11.99],[99.13,13.85],[98.23,14.94],[98.93,16.36],[97.45,18.35],[98.1,19.76],[100.13,20.41],[100.54,20.21],[100.52,19.57],[101.31,19.44],[101.08,17.45],[102.07,18.16],[102.92,17.9],[103.36,18.35],[104.02,18.29],[104.83,17.39],[104.89,16.29],[105.68,15.65],[105.61,14.62],[102.9,14.11],[102.39,13.53],[102.67,12.05],[102.22,11.99]]]}},{"type":"Feature","properties":{"n":"Argentine Republic","f":1936,"t":2023,"w":"Q414"},"geometry":{"type":"MultiPolygon","coordinates":[[[[-64.24,-54.89],[-64.8,-54.96],[-64.72,-54.82],[-64.24,-54.89]]],[[[-65.07,-54.69],[-66.28,-55.1],[-68.68,-54.89],[-68.59,-52.8],[-68.2,-53.0],[-68.45,-53.27],[-66.87,-54.21],[-65.07,-54.69]]],[[[-64.32,-42.18],[-63.74,-42.11],[-63.74,-42.89],[-64.32,-42.96],[-64.54,-42.5],[-64.19,-42.44],[-64.32,-42.18]]],[[[-54.76,-26.46],[-54.71,-25.69],[-53.96,-25.69],[-53.89,-27.1],[-55.82,-28.19],[-57.94,-30.44],[-58.6,-34.36],[-57.28,-35.2],[-57.48,-35.91],[-56.75,-36.36],[-56.78,-37.0],[-57.7,-38.23],[-58.7,-38.68],[-62.32,-38.94],[-62.13,-39.52],[-62.59,-40.36],[-62.29,-40.62],[-62.7,-41.08],[-65.16,-40.88],[-65.15,-42.05],[-64.59,-42.24],[-64.99,-42.83],[-64.49,-43.15],[-65.32,-43.61],[-65.63,-45.05],[-66.96,-45.31],[-67.65,-46.09],[-66.99,-46.95],[-65.76,-47.14],[-65.81,-47.94],[-67.49,-48.99],[-67.92,-50.12],[-69.1,-50.59],[-69.11,-51.65],[-68.44,-52.39],[-72.03,-51.99],[-72.37,-50.72],[-73.34,-50.79],[-73.57,-49.59],[-72.31,-48.2],[-72.54,-48.0],[-71.67,-46.62],[-71.85,-45.83],[-71.39,-45.37],[-71.98,-44.92],[-71.26,-44.59],[-71.94,-44.33],[-71.86,-43.28],[-72.25,-43.09],[-72.27,-42.44],[-71.83,-41.98],[-71.87,-39.84],[-70.97,-38.55],[-71.32,-36.94],[-70.48,-36.1],[-70.65,-35.46],[-69.93,-34.17],[-70.74,-31.47],[-69.96,-30.25],[-70.16,-29.54],[-69.73,-28.39],[-68.46,-27.04],[-68.61,-24.66],[-67.29,-23.89],[-67.27,-22.79],[-66.31,-21.83],[-64.87,-22.15],[-64.51,-22.79],[-64.04,-22.09],[-62.99,-22.02],[-61.16,-23.82],[-57.67,-25.43],[-58.67,-27.36],[-55.75,-27.42],[-54.76,-26.46]]]]}},{"type":"Feature","properties":{"n":"Paraguay","f":1936,"t":2023,"w":"Q733"},"geometry":{"type":"Polygon","coordinates":[[[-58.02,-22.09],[-55.89,-22.34],[-55.57,-23.89],[-54.4,-24.02],[-54.76,-26.46],[-55.75,-27.42],[-58.67,-27.36],[-57.67,-25.43],[-61.16,-23.82],[-62.74,-22.34],[-61.79,-19.64],[-59.24,-19.32],[-58.15,-20.16],[-58.02,-22.09]]]}},{"type":"Feature","properties":{"n":"Bolivia","f":1936,"t":1952,"w":"Q750"},"geometry":{"type":"Polygon","coordinates":[[[-64.35,-12.51],[-63.19,-12.7],[-61.8,-13.6],[-60.78,-13.66],[-60.28,-16.17],[-58.46,-16.36],[-58.49,-17.26],[-57.8,-17.71],[-57.99,-20.03],[-59.24,-19.32],[-61.79,-19.64],[-62.72,-22.21],[-64.04,-22.09],[-64.51,-22.79],[-64.87,-22.15],[-66.31,-21.83],[-67.27,-22.79],[-67.95,-22.86],[-68.85,-20.35],[-68.58,-19.45],[-69.59,-17.59],[-68.76,-16.24],[-69.42,-15.59],[-69.43,-15.01],[-68.75,-12.51],[-69.57,-10.96],[-68.56,-11.09],[-66.65,-9.87],[-65.69,-9.74],[-65.4,-9.81],[-65.31,-11.67],[-64.35,-12.51]]]}},{"type":"Feature","properties":{"n":"North Yemen","f":1936,"t":1986,"w":"Q1998401"},"geometry":{"type":"MultiPolygon","coordinates":[[[[46.95,16.61],[45.61,15.14],[46.16,14.36],[46.0,14.04],[45.18,13.91],[43.51,12.69],[42.71,15.78],[43.31,17.45],[46.92,17.26],[46.95,16.61]]],[[[42.01,16.61],[42.02,16.81],[42.17,16.81],[42.01,16.61]]]]}},{"type":"Feature","properties":{"n":"Republic of Haiti","f":1936,"t":2023,"w":"Q790"},"geometry":{"type":"MultiPolygon","coordinates":[[[[-73.3,18.86],[-73.32,18.99],[-72.79,18.93],[-73.3,18.86]]],[[[-71.71,18.03],[-74.4,18.29],[-74.09,18.74],[-72.3,18.61],[-72.79,19.51],[-73.41,19.64],[-73.23,19.96],[-71.72,19.76],[-71.71,18.03]]]]}},{"type":"Feature","properties":{"n":"Éire","f":1938,"t":1972,"w":"Q5306909"},"geometry":{"type":"Polygon","coordinates":[[[-6.43,52.18],[-9.64,51.45],[-10.45,51.78],[-10.25,52.12],[-10.53,52.25],[-9.94,52.32],[-9.38,53.12],[-10.21,53.46],[-9.83,53.8],[-10.08,54.27],[-8.7,54.27],[-8.32,54.61],[-8.87,54.82],[-8.41,55.23],[-7.02,55.29],[-8.1,54.34],[-6.33,54.07],[-6.43,52.18]],[[-7.81,52.92],[-7.82,52.99],[-7.9,52.99],[-7.81,52.92]]]}},{"type":"Feature","properties":{"n":"Republic of Chile","f":1939,"t":1972,"w":"Q298"},"geometry":{"type":"MultiPolygon","coordinates":[[[[-67.41,-55.64],[-67.23,-55.64],[-67.28,-55.85],[-67.41,-55.64]]],[[[-68.11,-55.37],[-67.89,-55.57],[-68.5,-55.57],[-68.11,-55.37]]],[[[-74.54,-52.73],[-74.54,-52.86],[-74.8,-52.86],[-74.54,-52.73]]],[[[-74.22,-44.2],[-73.98,-44.2],[-74.08,-44.39],[-74.22,-44.2]]],[[[-73.95,-43.81],[-74.05,-44.0],[-74.29,-44.0],[-73.95,-43.81]]],[[[-68.56,-52.59],[-68.72,-54.96],[-66.93,-55.03],[-67.15,-55.37],[-70.08,-55.3],[-69.59,-54.82],[-70.99,-55.1],[-70.33,-54.89],[-72.07,-54.62],[-71.02,-54.49],[-70.76,-54.21],[-72.93,-54.21],[-72.75,-53.94],[-73.36,-54.08],[-73.77,-53.13],[-74.63,-53.0],[-73.43,-53.13],[-73.21,-52.66],[-73.98,-52.8],[-73.9,-52.39],[-74.33,-52.39],[-74.12,-51.92],[-75.09,-52.12],[-74.88,-51.65],[-73.95,-51.52],[-74.43,-51.19],[-75.39,-51.65],[-74.49,-50.45],[-74.72,-50.12],[-74.97,-50.12],[-75.49,-50.85],[-75.43,-50.19],[-74.81,-49.85],[-75.65,-49.85],[-75.41,-49.59],[-75.78,-49.06],[-75.26,-48.73],[-75.8,-48.66],[-75.64,-48.07],[-74.6,-48.13],[-74.46,-47.87],[-74.83,-47.8],[-74.16,-47.14],[-75.11,-46.62],[-75.83,-46.88],[-74.88,-46.16],[-75.15,-45.9],[-74.22,-45.5],[-74.5,-45.24],[-74.03,-44.78],[-74.53,-44.65],[-73.62,-44.78],[-73.27,-44.39],[-72.99,-42.44],[-72.63,-42.18],[-73.02,-41.98],[-72.93,-41.59],[-73.6,-41.85],[-73.64,-43.15],[-73.88,-43.48],[-74.54,-43.35],[-74.13,-41.79],[-74.0,-41.85],[-73.81,-41.79],[-74.14,-41.27],[-73.98,-40.36],[-73.37,-39.46],[-73.84,-37.46],[-73.33,-37.13],[-72.42,-35.2],[-71.63,-32.69],[-71.94,-30.83],[-71.42,-29.74],[-71.73,-29.16],[-70.78,-26.27],[-70.53,-23.63],[-70.81,-23.5],[-70.18,-21.38],[-70.51,-18.94],[-69.59,-17.59],[-68.58,-19.45],[-68.85,-20.35],[-67.95,-22.86],[-67.08,-23.05],[-67.29,-23.89],[-68.61,-24.66],[-68.46,-27.04],[-69.73,-28.39],[-70.16,-29.54],[-69.96,-30.25],[-70.74,-31.47],[-69.93,-34.17],[-70.65,-35.46],[-70.48,-36.1],[-71.32,-36.94],[-70.97,-38.55],[-71.87,-39.84],[-71.83,-41.98],[-72.27,-42.44],[-72.25,-43.09],[-71.86,-43.28],[-71.94,-44.33],[-71.26,-44.59],[-71.98,-44.92],[-71.41,-45.24],[-71.85,-45.83],[-71.67,-46.62],[-72.7,-48.93],[-73.57,-49.59],[-73.58,-50.19],[-73.34,-50.79],[-72.37,-50.72],[-72.03,-51.99],[-69.47,-52.12],[-69.19,-52.66],[-68.56,-52.59]]]]}},{"type":"Feature","properties":{"n":"Ethiopia","f":1942,"t":1952,"w":"Q115"},"geometry":{"type":"Polygon","coordinates":[[[42.76,10.44],[43.81,9.09],[47.86,7.94],[44.77,4.85],[43.68,4.91],[41.32,3.89],[40.6,4.27],[39.49,3.44],[38.18,3.56],[37.1,4.34],[36.01,4.46],[34.76,6.59],[33.04,7.87],[33.27,8.45],[34.15,8.64],[34.36,10.64],[34.95,10.76],[35.21,11.99],[36.18,12.76],[36.61,14.3],[37.63,14.17],[37.95,14.81],[38.52,14.43],[40.29,14.43],[41.28,13.66],[42.4,12.44],[41.86,11.73],[41.83,10.96],[42.86,11.02],[42.76,10.44]]]}},{"type":"Feature","properties":{"n":"Principality of Andorra","f":1943,"t":2023,"w":"Q228"},"geometry":{"type":"Polygon","coordinates":[[[1.81,42.56],[1.58,42.43],[1.49,42.63],[1.81,42.56]]]}},{"type":"Feature","properties":{"n":"Republic of Liberia","f":1943,"t":2023,"w":"Q1014"},"geometry":{"type":"Polygon","coordinates":[[[-9.23,4.98],[-11.56,6.91],[-10.25,8.45],[-9.52,8.39],[-9.22,7.23],[-8.42,7.55],[-8.57,6.46],[-7.4,5.62],[-7.63,4.34],[-9.23,4.98]]]}},{"type":"Feature","properties":{"n":"Republic of Finland","f":1945,"t":2023,"w":"Q33"},"geometry":{"type":"MultiPolygon","coordinates":[[[[19.72,60.49],[20.17,60.42],[19.95,60.07],[19.72,60.49]]],[[[23.03,59.85],[21.38,60.63],[21.5,61.69],[21.07,62.83],[24.56,64.93],[25.23,64.93],[25.23,65.52],[24.03,65.81],[23.7,66.25],[23.58,68.05],[21.12,68.88],[21.07,69.26],[22.78,68.65],[24.86,68.57],[25.63,68.95],[26.21,69.87],[28.16,70.02],[29.29,69.64],[28.42,68.42],[29.94,67.67],[29.05,66.77],[30.03,65.88],[29.62,64.86],[30.55,64.28],[30.05,63.7],[31.5,62.98],[27.88,60.56],[23.03,59.85]]]]}},{"type":"Feature","properties":{"n":"Kingdom of Belgium","f":1945,"t":2023,"w":"Q31"},"geometry":{"type":"Polygon","coordinates":[[[5.75,50.05],[5.84,49.58],[5.34,49.58],[2.6,50.78],[2.49,51.18],[5.02,51.45],[6.32,50.31],[5.75,50.05]]]}},{"type":"Feature","properties":{"n":"Kingdom of Norway","f":1945,"t":2023,"w":"Q20"},"geometry":{"type":"MultiPolygon","coordinates":[[[[28.18,70.57],[28.68,70.95],[31.03,70.57],[29.66,69.95],[30.92,69.72],[28.85,69.03],[29.29,69.64],[27.25,70.02],[26.21,69.87],[25.63,68.95],[24.86,68.57],[22.78,68.65],[21.07,69.26],[20.24,69.03],[19.96,68.42],[18.09,68.57],[18.05,68.12],[17.05,68.05],[16.12,67.44],[16.38,67.07],[14.57,66.11],[14.54,65.44],[13.64,64.71],[14.1,64.13],[12.19,63.77],[12.14,61.76],[12.78,61.19],[12.31,60.98],[12.57,60.35],[11.83,59.85],[11.64,58.95],[10.47,59.64],[10.37,59.16],[7.6,57.97],[5.51,58.6],[6.03,59.36],[5.21,59.29],[5.45,60.14],[4.9,60.21],[5.08,62.26],[5.92,62.19],[6.64,62.76],[7.4,62.62],[6.92,63.05],[8.23,63.19],[7.84,63.55],[9.07,63.7],[9.26,63.41],[10.3,64.42],[11.35,64.49],[11.45,65.0],[12.13,65.15],[12.53,65.74],[12.35,66.25],[12.82,66.03],[12.94,66.62],[15.88,68.27],[14.19,68.2],[14.9,68.57],[14.42,68.8],[15.03,69.11],[15.52,68.8],[15.75,69.33],[16.15,69.33],[15.92,68.88],[17.52,68.88],[17.65,69.18],[17.04,69.11],[16.87,69.49],[18.58,69.49],[18.2,69.72],[19.59,70.33],[19.84,69.87],[20.81,70.33],[20.77,70.02],[21.77,69.95],[21.43,70.41],[22.33,70.33],[22.41,70.8],[24.33,70.72],[25.87,71.27],[25.88,70.8],[26.75,71.03],[26.56,70.64],[26.96,70.57],[27.71,71.19],[28.46,70.88],[28.18,70.57]]],[[[12.89,68.12],[13.19,68.12],[13.19,67.97],[12.89,68.12]]],[[[13.58,68.05],[13.39,68.05],[13.7,68.42],[14.09,68.2],[13.58,68.05]]],[[[-8.11,71.03],[-8.61,70.95],[-8.64,71.11],[-8.11,71.03]]],[[[24.9,77.85],[22.94,77.24],[20.85,77.41],[21.53,77.93],[20.09,78.64],[19.25,78.46],[17.03,76.64],[16.24,76.55],[15.72,76.81],[15.86,77.06],[13.89,77.41],[15.05,77.76],[13.48,77.85],[15.83,78.46],[14.6,78.73],[13.97,78.2],[12.84,78.2],[10.97,79.36],[11.47,79.91],[14.17,80.0],[14.26,79.73],[13.66,79.54],[15.21,79.91],[16.29,79.27],[16.05,80.0],[17.0,80.09],[24.9,77.85]]],[[[12.17,78.46],[12.27,78.2],[10.59,78.82],[11.06,79.0],[12.17,78.46]]],[[[22.29,70.72],[22.25,70.49],[22.15,70.49],[22.29,70.72]]],[[[21.96,70.57],[21.98,70.72],[22.09,70.72],[21.96,70.57]]],[[[23.97,70.95],[23.99,71.11],[24.1,71.11],[23.97,70.95]]],[[[18.8,74.63],[19.23,74.63],[19.19,74.38],[18.8,74.63]]],[[[26.96,78.64],[26.62,78.64],[26.7,78.91],[26.96,78.64]]],[[[29.08,78.82],[28.28,78.82],[28.6,79.09],[29.08,78.82]]],[[[27.44,80.09],[25.92,79.36],[24.36,79.18],[20.03,79.45],[18.41,80.09],[19.91,80.56],[22.51,80.09],[22.73,80.47],[27.44,80.09]]],[[[33.19,80.37],[32.37,80.09],[32.6,80.37],[33.19,80.37]]]]}},{"type":"Feature","properties":{"n":"Francoist Spain","f":1945,"t":1957,"w":"Q13474305"},"geometry":{"type":"MultiPolygon","coordinates":[[[[-13.05,22.91],[-13.05,21.31],[-16.99,21.37],[-15.86,23.94],[-14.93,24.71],[-14.5,26.19],[-13.49,26.9],[-12.96,27.99],[-11.41,28.44],[-10.1,28.12],[-8.7,28.57],[-8.71,26.0],[-11.93,26.0],[-11.88,23.56],[-13.05,22.91]]],[[[-18.0,27.87],[-17.85,27.87],[-17.9,27.61],[-18.0,27.87]]],[[[-15.3,28.12],[-15.36,27.8],[-15.73,27.74],[-15.76,28.19],[-15.3,28.12]]],[[[-17.25,27.99],[-17.35,28.19],[-17.12,28.25],[-17.25,27.99]]],[[[-16.65,27.93],[-16.91,28.38],[-16.09,28.57],[-16.65,27.93]]],[[[-14.07,28.7],[-13.77,28.77],[-13.81,28.25],[-14.32,28.06],[-14.07,28.7]]],[[[-18.0,28.83],[-17.71,28.89],[-17.67,28.51],[-18.0,28.83]]],[[[-13.85,28.83],[-13.86,29.02],[-13.42,29.22],[-13.85,28.83]]],[[[-9.4,30.24],[-9.39,29.99],[-9.83,29.86],[-9.4,30.24]]],[[[9.23,1.38],[9.68,2.21],[11.21,2.15],[11.19,1.06],[9.44,1.06],[9.23,1.38]]],[[[8.54,3.76],[8.83,3.82],[8.68,3.18],[8.31,3.44],[8.54,3.76]]],[[[-2.81,34.87],[-6.14,35.07],[-5.57,35.84],[-4.75,35.19],[-2.84,35.45],[-2.81,34.87]]],[[[1.18,39.06],[1.65,39.13],[1.66,39.0],[1.18,39.06]]],[[[3.3,39.32],[2.35,39.45],[2.88,39.97],[3.52,39.77],[3.3,39.32]]],[[[-1.69,43.34],[1.58,42.43],[3.09,42.5],[3.12,41.91],[0.7,40.94],[-0.2,39.97],[-0.31,39.13],[0.1,38.74],[-0.66,38.29],[-0.7,37.64],[-1.71,37.45],[-2.06,36.8],[-4.47,36.74],[-5.66,36.03],[-6.43,37.0],[-7.39,37.25],[-7.5,37.71],[-6.99,38.09],[-7.27,38.67],[-6.99,39.0],[-7.44,39.64],[-6.9,39.77],[-6.93,41.0],[-6.27,41.65],[-6.7,41.98],[-8.93,41.91],[-8.66,42.37],[-9.3,43.15],[-8.24,43.73],[-1.69,43.34]]],[[[4.22,40.1],[4.3,39.84],[3.83,39.9],[4.22,40.1]]],[[[0.79,40.74],[0.7,40.81],[0.86,40.81],[0.79,40.74]]]]}},{"type":"Feature","properties":{"n":"Principality of Monaco","f":1945,"t":2023,"w":"Q235"},"geometry":{"type":"Polygon","coordinates":[[[7.23,43.6],[7.15,43.6],[7.23,43.73],[7.23,43.6]]]}},{"type":"Feature","properties":{"n":"Kingdom of Sweden","f":1945,"t":2023,"w":"Q34"},"geometry":{"type":"MultiPolygon","coordinates":[[[[18.23,57.83],[19.05,57.97],[18.34,56.94],[18.23,57.83]]],[[[22.38,65.81],[22.44,65.52],[21.21,64.93],[21.54,64.42],[20.81,63.91],[17.39,62.47],[17.26,60.77],[18.61,60.42],[19.01,59.71],[18.35,59.43],[18.41,59.09],[16.66,58.46],[16.48,56.87],[17.12,57.28],[16.44,56.25],[16.19,56.52],[15.82,56.11],[14.77,56.18],[14.23,55.91],[14.3,55.36],[12.81,55.36],[12.91,55.77],[12.48,56.11],[12.75,56.66],[11.79,57.42],[11.1,59.09],[11.64,58.95],[11.83,59.85],[12.57,60.35],[12.31,60.98],[12.78,61.19],[12.14,61.76],[12.19,63.77],[14.1,64.13],[13.64,64.71],[14.54,65.44],[14.57,66.11],[16.38,67.07],[16.23,67.59],[18.05,68.12],[18.09,68.57],[19.96,68.42],[20.24,69.03],[20.95,69.11],[23.58,68.05],[23.41,67.52],[24.06,66.03],[23.82,65.74],[22.38,65.81]]]]}},{"type":"Feature","properties":{"n":"French Africa","f":1946,"t":1952,"w":"Q19951607"},"geometry":{"type":"MultiPolygon","coordinates":[[[[50.42,-15.59],[49.93,-15.98],[49.61,-15.46],[49.76,-16.75],[49.35,-17.26],[49.34,-18.36],[47.17,-24.79],[45.51,-25.62],[44.29,-25.37],[43.47,-24.34],[43.56,-23.44],[43.04,-22.02],[44.34,-20.03],[43.75,-17.46],[44.27,-16.17],[46.16,-15.72],[47.21,-14.69],[47.52,-14.82],[47.75,-13.54],[48.2,-13.73],[48.62,-13.34],[49.0,-11.99],[49.77,-12.83],[50.42,-15.59]]],[[[49.92,-16.94],[49.7,-17.07],[49.76,-16.75],[49.92,-16.94]]],[[[48.04,-13.41],[48.1,-13.21],[48.25,-13.21],[48.04,-13.41]]],[[[45.15,-12.76],[45.09,-13.02],[44.94,-13.02],[45.15,-12.76]]],[[[43.74,-12.25],[43.74,-12.44],[43.52,-12.38],[43.74,-12.25]]],[[[44.48,-12.44],[44.18,-12.19],[44.47,-12.19],[44.48,-12.44]]],[[[43.34,-11.35],[43.36,-11.93],[43.14,-11.86],[43.34,-11.35]]],[[[41.83,10.96],[41.86,11.73],[42.4,12.44],[43.22,12.69],[43.48,11.99],[42.73,11.6],[43.25,11.6],[43.08,11.15],[41.83,10.96]]],[[[10.46,35.9],[11.08,35.58],[11.08,35.0],[10.0,34.29],[10.01,33.91],[11.08,33.59],[11.62,32.56],[10.17,31.59],[10.32,30.82],[9.41,30.18],[9.95,28.77],[11.61,28.89],[12.36,28.51],[13.43,29.6],[14.48,29.28],[17.59,29.54],[17.8,28.77],[18.99,28.19],[18.82,22.14],[24.04,19.57],[24.09,15.84],[23.05,15.59],[21.89,12.69],[22.47,12.63],[22.88,10.89],[23.66,9.93],[23.57,8.77],[25.23,7.81],[26.5,6.01],[27.22,5.62],[26.85,5.04],[25.39,5.3],[23.34,4.59],[22.76,4.79],[22.31,4.08],[20.57,4.4],[19.27,5.11],[18.53,4.34],[18.58,3.18],[18.06,2.41],[17.66,-0.42],[16.14,-2.09],[15.86,-3.89],[14.55,-4.92],[14.33,-4.34],[13.46,-4.86],[12.66,-4.41],[11.86,-5.05],[9.37,-2.35],[8.64,-0.94],[9.15,-0.42],[9.14,0.29],[9.57,0.16],[9.14,0.48],[9.44,0.99],[11.19,1.06],[11.21,2.15],[9.68,2.21],[9.84,3.11],[9.42,4.46],[10.17,5.75],[11.42,6.46],[13.81,11.15],[14.62,11.47],[14.7,12.18],[14.19,12.44],[13.62,13.72],[12.44,13.08],[10.38,13.34],[9.57,12.76],[8.11,13.34],[6.94,13.01],[5.84,13.85],[4.59,13.72],[3.71,12.5],[3.85,10.51],[2.75,8.96],[2.74,6.33],[1.13,6.07],[0.55,6.71],[0.7,8.39],[-0.02,11.09],[-2.8,10.96],[-2.51,8.19],[-3.24,6.84],[-2.74,5.24],[-2.96,4.98],[-5.29,5.17],[-7.56,4.34],[-7.4,5.62],[-8.57,6.46],[-8.42,7.55],[-9.22,7.23],[-9.66,8.51],[-10.69,8.32],[-10.91,9.74],[-12.45,9.86],[-13.32,9.03],[-13.77,9.86],[-14.58,10.31],[-14.81,11.34],[-13.86,11.66],[-13.59,12.63],[-16.73,12.31],[-16.75,13.08],[-13.75,13.46],[-14.86,13.79],[-16.54,13.59],[-17.45,14.69],[-16.6,15.65],[-16.01,17.64],[-16.14,18.93],[-16.52,19.31],[-16.2,20.28],[-17.06,21.31],[-13.05,21.31],[-13.05,22.91],[-11.88,23.56],[-11.93,26.0],[-8.57,26.26],[-8.7,28.57],[-10.1,28.12],[-11.33,28.51],[-9.39,29.99],[-9.88,30.56],[-9.86,31.34],[-8.55,33.33],[-6.9,33.91],[-6.29,35.07],[-2.81,34.87],[1.22,36.55],[4.24,36.93],[5.56,36.67],[6.33,37.06],[8.52,36.87],[8.9,37.13],[9.6,37.32],[10.23,37.25],[10.46,36.74],[11.01,37.0],[10.46,35.9]],[[10.15,37.0],[10.23,37.0],[10.23,37.06],[10.15,37.0]],[[8.9,36.93],[8.9,37.0],[8.83,37.0],[8.9,36.93]]]]}},{"type":"Feature","properties":{"n":"British Africa","f":1946,"t":1952,"w":"Q179848"},"geometry":{"type":"MultiPolygon","coordinates":[[[[26.89,-29.67],[27.53,-28.97],[28.57,-28.64],[29.3,-29.48],[28.96,-30.06],[27.71,-30.7],[26.89,-29.67]]],[[[31.06,-25.82],[31.74,-25.94],[31.82,-27.29],[30.99,-27.23],[30.72,-26.39],[31.06,-25.82]]],[[[15.21,32.36],[15.65,31.4],[17.85,30.95],[18.97,30.24],[20.12,30.76],[20.02,32.24],[21.11,32.81],[22.11,32.94],[23.09,32.62],[23.3,32.17],[25.11,31.79],[24.72,29.92],[25.06,21.95],[36.96,21.95],[37.37,21.24],[37.41,18.99],[38.7,18.09],[39.73,15.2],[39.97,15.52],[40.31,14.94],[41.32,14.62],[43.22,12.69],[42.4,12.44],[40.29,14.43],[38.52,14.43],[37.95,14.81],[37.63,14.17],[36.61,14.3],[36.18,12.76],[35.21,11.99],[34.95,10.76],[34.36,10.64],[34.15,8.64],[33.04,8.13],[34.76,6.59],[36.01,4.46],[39.49,3.44],[40.6,4.27],[41.32,3.89],[43.68,4.91],[44.77,4.85],[47.86,7.94],[46.84,8.0],[43.38,9.41],[42.76,10.44],[43.24,11.54],[44.08,10.57],[44.88,10.44],[45.71,10.89],[46.58,10.76],[47.26,11.21],[50.13,11.54],[50.59,11.99],[51.31,11.86],[50.83,9.29],[47.89,4.34],[45.87,2.34],[43.28,0.54],[41.4,-1.9],[40.17,-2.67],[39.11,-4.73],[38.77,-6.34],[39.43,-6.85],[39.25,-8.59],[39.72,-10.0],[40.32,-10.51],[38.51,-11.41],[37.85,-11.29],[37.28,-11.8],[34.93,-11.61],[34.38,-9.74],[33.79,-9.55],[34.17,-13.54],[34.49,-14.31],[35.23,-14.44],[35.14,-13.92],[35.83,-14.76],[35.79,-15.85],[35.08,-16.43],[35.18,-17.14],[34.26,-16.17],[34.52,-15.21],[34.27,-14.44],[33.47,-14.56],[32.94,-14.05],[30.1,-15.01],[30.35,-15.98],[32.88,-16.81],[32.92,-19.96],[32.31,-21.38],[31.15,-22.47],[29.14,-22.15],[28.26,-22.6],[25.79,-24.79],[25.44,-25.69],[24.47,-25.88],[22.96,-25.3],[21.65,-26.84],[20.52,-26.84],[20.73,-25.94],[19.88,-24.85],[19.91,-22.02],[20.95,-21.89],[20.89,-18.36],[23.1,-18.04],[23.63,-18.49],[25.02,-17.78],[23.24,-17.65],[22.12,-16.69],[21.91,-13.02],[23.82,-12.96],[24.01,-10.9],[24.39,-11.48],[25.19,-11.29],[25.34,-11.74],[26.15,-11.99],[27.1,-11.67],[28.89,-13.41],[29.7,-13.41],[29.74,-12.25],[29.02,-12.44],[28.34,-11.8],[28.6,-9.68],[28.3,-9.23],[28.95,-8.46],[30.33,-8.26],[30.34,-8.59],[31.14,-8.78],[30.39,-6.66],[29.72,-6.34],[29.56,-4.86],[29.56,-4.41],[30.57,-3.44],[30.34,-2.54],[30.77,-1.71],[30.33,-1.13],[29.53,-1.32],[29.46,-0.87],[29.89,0.86],[31.23,2.15],[30.72,2.41],[30.82,3.56],[29.53,4.66],[29.16,4.34],[27.86,4.53],[25.23,7.81],[23.57,8.77],[23.66,9.93],[22.88,10.89],[22.47,12.63],[21.89,12.69],[21.89,13.01],[23.05,15.59],[24.09,15.84],[24.04,19.57],[18.82,22.14],[18.99,28.19],[17.8,28.77],[17.59,29.54],[14.48,29.28],[13.43,29.6],[12.36,28.51],[11.61,28.89],[9.95,28.77],[9.41,30.18],[10.32,30.82],[10.17,31.59],[11.54,32.36],[11.54,33.14],[12.53,32.75],[13.07,32.94],[15.21,32.36]],[[13.15,32.81],[13.15,32.88],[13.07,32.88],[13.15,32.81]],[[31.57,-0.61],[31.66,-2.74],[32.09,-2.41],[33.4,-2.61],[33.76,-2.09],[33.25,-1.96],[33.9,-1.58],[34.04,-0.61],[34.69,-0.1],[34.11,-0.23],[33.38,0.48],[32.14,0.03],[31.57,-0.61]],[[32.82,-2.99],[32.89,-2.74],[32.6,-2.74],[32.82,-2.99]]],[[[0.55,6.71],[1.13,6.01],[-1.87,4.72],[-2.96,4.98],[-2.74,5.49],[-3.24,6.84],[-2.51,8.19],[-2.8,10.96],[-0.02,11.09],[0.49,9.22],[0.55,6.71]]],[[[-11.63,6.97],[-12.95,7.49],[-12.73,7.74],[-13.31,8.32],[-13.32,9.03],[-12.45,9.86],[-11.28,9.99],[-10.69,9.41],[-10.39,8.13],[-11.63,6.97]]],[[[9.57,12.76],[10.38,13.34],[12.44,13.08],[13.62,13.72],[14.19,12.44],[14.7,12.18],[14.62,11.47],[13.81,11.15],[11.42,6.46],[9.8,5.24],[9.41,3.89],[8.33,4.79],[5.92,4.27],[4.56,6.26],[2.74,6.33],[2.75,8.96],[3.85,10.51],[3.56,11.66],[4.22,13.46],[5.84,13.85],[6.94,13.01],[7.74,13.34],[9.57,12.76]]],[[[-16.82,13.08],[-16.54,13.59],[-15.23,13.79],[-13.75,13.46],[-16.82,13.08]]],[[[32.6,29.92],[32.08,31.08],[32.38,31.08],[32.6,29.92]]],[[[29.64,31.01],[29.95,31.08],[29.78,30.89],[29.64,31.01]]],[[[35.14,-13.86],[35.06,-13.86],[35.06,-13.79],[35.14,-13.86]]],[[[34.99,-13.73],[34.91,-13.73],[34.91,-13.66],[34.99,-13.73]]],[[[34.91,-13.66],[34.84,-13.66],[34.84,-13.6],[34.91,-13.66]]],[[[39.67,-7.69],[39.81,-7.69],[39.67,-8.01],[39.67,-7.69]]],[[[39.06,-6.21],[39.12,-5.76],[39.49,-6.14],[39.43,-6.53],[39.06,-6.21]]],[[[39.55,-5.44],[39.55,-4.92],[39.77,-4.99],[39.55,-5.44]]],[[[55.43,-4.79],[55.21,-4.6],[55.43,-4.6],[55.43,-4.79]]],[[[53.53,12.31],[53.32,12.5],[54.22,12.76],[54.49,12.44],[53.53,12.31]]],[[[40.14,15.91],[40.34,15.52],[39.97,15.59],[40.14,15.91]]]]}},{"type":"Feature","properties":{"n":"Denmark","f":1946,"t":2023,"w":"Q350186"},"geometry":{"type":"MultiPolygon","coordinates":[[[[-45.95,60.7],[-46.34,60.91],[-46.06,60.91],[-45.95,60.7]]],[[[-54.01,71.11],[-54.13,71.27],[-53.57,71.34],[-54.01,71.11]]],[[[-52.73,71.19],[-53.32,71.42],[-52.81,71.42],[-52.73,71.19]]],[[[-21.15,82.68],[-21.12,82.35],[-21.8,82.25],[-25.15,82.14],[-24.81,81.73],[-23.33,82.14],[-21.7,82.04],[-21.58,81.53],[-22.15,81.23],[-20.66,81.63],[-18.33,81.53],[-18.58,81.83],[-17.49,81.53],[-17.05,81.93],[-13.67,81.93],[-11.69,81.43],[-14.47,81.13],[-14.36,80.84],[-15.87,80.75],[-15.96,80.37],[-17.1,80.28],[-17.73,79.82],[-19.01,79.82],[-19.47,79.54],[-19.38,79.09],[-20.8,78.91],[-21.7,77.93],[-19.86,78.11],[-18.84,77.58],[-20.26,77.5],[-18.02,77.24],[-18.06,76.81],[-18.62,76.81],[-18.45,76.13],[-18.93,76.21],[-18.95,76.81],[-19.7,76.98],[-22.4,76.81],[-21.5,76.3],[-20.87,76.38],[-20.99,76.64],[-19.73,76.3],[-19.95,76.04],[-19.41,75.79],[-19.28,75.2],[-19.89,75.12],[-20.32,75.37],[-20.72,75.29],[-18.87,74.46],[-20.78,74.14],[-20.39,73.97],[-20.48,73.41],[-22.74,73.25],[-24.26,73.81],[-24.47,73.57],[-23.69,73.25],[-25.69,73.25],[-25.03,73.16],[-24.71,72.45],[-21.72,71.5],[-21.62,70.41],[-23.68,70.49],[-24.75,71.34],[-25.51,71.42],[-25.78,71.11],[-25.28,70.64],[-26.47,70.57],[-26.37,70.33],[-22.29,70.02],[-26.37,68.65],[-30.57,68.05],[-32.34,68.42],[-32.15,67.82],[-33.1,67.74],[-34.77,66.33],[-37.21,65.96],[-37.51,65.59],[-37.99,65.59],[-37.98,65.96],[-38.22,65.66],[-39.76,65.66],[-40.09,65.0],[-41.08,65.08],[-40.16,64.42],[-41.36,64.35],[-40.72,64.2],[-40.72,63.48],[-42.75,62.69],[-42.21,61.83],[-43.08,61.19],[-42.88,60.63],[-43.45,60.49],[-43.09,60.14],[-43.73,59.78],[-44.17,60.28],[-44.2,60.0],[-45.5,60.21],[-45.1,60.49],[-45.78,60.56],[-46.04,61.05],[-47.91,60.77],[-48.68,61.48],[-49.23,61.48],[-49.69,62.26],[-50.34,62.4],[-50.5,62.98],[-51.56,63.62],[-52.54,65.44],[-53.87,66.4],[-52.95,66.77],[-54.05,67.37],[-53.39,67.97],[-53.65,68.2],[-52.66,68.2],[-53.27,68.5],[-52.99,68.8],[-51.19,68.65],[-51.45,68.88],[-51.02,69.41],[-51.4,69.95],[-53.01,70.33],[-53.52,70.33],[-52.06,69.87],[-51.98,69.49],[-54.13,69.26],[-54.4,69.49],[-54.15,69.56],[-55.13,69.79],[-54.83,69.79],[-54.94,70.33],[-53.72,70.33],[-54.64,70.88],[-51.1,70.64],[-52.32,71.19],[-51.96,71.66],[-53.78,71.74],[-54.09,71.34],[-55.88,71.66],[-55.44,72.13],[-55.84,72.61],[-54.94,72.53],[-55.59,72.92],[-54.85,72.92],[-55.41,73.08],[-57.1,74.96],[-58.04,75.04],[-58.59,75.71],[-61.2,76.21],[-68.49,76.04],[-71.39,77.24],[-68.71,77.24],[-68.92,77.41],[-68.36,77.41],[-68.35,77.58],[-69.7,77.5],[-72.98,78.29],[-72.66,78.64],[-64.93,79.45],[-65.13,80.0],[-66.88,80.09],[-67.46,80.47],[-63.76,81.23],[-60.9,81.13],[-60.97,81.93],[-58.9,82.14],[-53.65,82.35],[-52.76,81.83],[-53.16,82.35],[-52.31,82.35],[-50.01,81.73],[-49.94,82.04],[-50.93,82.57],[-49.1,82.57],[-44.31,81.83],[-47.24,82.68],[-45.86,82.79],[-46.16,83.13],[-43.9,82.79],[-44.4,83.24],[-39.78,83.01],[-39.95,83.24],[-39.42,83.36],[-38.26,83.13],[-38.64,83.47],[-33.33,83.71],[-25.73,83.47],[-21.15,82.68]]],[[[-24.32,72.53],[-24.57,72.84],[-24.29,73.16],[-22.01,73.0],[-21.88,72.69],[-22.3,72.69],[-21.92,72.53],[-22.07,72.13],[-24.32,72.53]]],[[[-72.18,77.32],[-72.4,77.58],[-71.84,77.32],[-72.18,77.32]]],[[[-70.82,77.58],[-70.49,77.32],[-70.94,77.32],[-71.39,77.58],[-70.82,77.58]]],[[[-19.57,79.0],[-19.23,79.0],[-19.11,78.73],[-19.57,79.0]]],[[[-20.22,82.25],[-19.55,81.83],[-20.15,81.83],[-20.22,82.25]]],[[[15.08,55.23],[15.07,55.02],[14.64,55.09],[15.08,55.23]]],[[[10.97,55.29],[10.89,55.77],[12.48,56.18],[12.1,54.75],[10.88,54.75],[10.97,55.02],[11.67,54.89],[10.97,55.29]]],[[[10.63,55.77],[10.36,55.77],[10.45,55.98],[10.63,55.77]]],[[[9.75,55.57],[10.63,55.63],[10.71,54.75],[9.93,55.09],[9.93,54.82],[8.53,54.89],[8.53,55.36],[8.0,55.63],[7.98,56.66],[8.5,57.21],[10.46,57.77],[10.28,56.59],[10.9,56.52],[10.81,56.18],[10.28,56.25],[9.75,55.57]]],[[[-6.71,61.41],[-6.99,61.48],[-7.02,61.62],[-6.71,61.41]]],[[[-6.66,62.26],[-6.69,61.9],[-7.28,62.05],[-6.66,62.26]]],[[[-18.89,75.04],[-18.99,75.29],[-18.29,75.45],[-17.26,75.04],[-18.89,75.04]]],[[[-17.78,78.02],[-17.45,77.76],[-17.52,77.67],[-18.09,77.67],[-17.78,78.02]]]]}},{"type":"Feature","properties":{"n":"Commonwealth of Australia","f":1946,"t":2023,"w":"Q408"},"geometry":{"type":"MultiPolygon","coordinates":[[[[147.97,-40.75],[148.34,-41.14],[148.38,-42.24],[147.98,-42.24],[147.8,-42.83],[148.0,-43.28],[147.28,-43.09],[146.87,-43.68],[145.93,-43.61],[144.45,-40.82],[146.03,-41.14],[147.97,-40.75]]],[[[143.61,-39.84],[143.91,-39.59],[143.99,-40.17],[143.61,-39.84]]],[[[137.5,-35.65],[138.02,-35.91],[136.73,-36.1],[136.45,-35.72],[137.5,-35.65]]],[[[144.42,-14.24],[145.27,-14.89],[145.36,-16.49],[145.88,-16.88],[146.19,-18.94],[148.72,-20.29],[149.5,-22.28],[150.56,-22.34],[150.71,-23.5],[152.35,-24.79],[153.09,-26.14],[152.95,-27.23],[153.51,-28.64],[152.97,-31.28],[152.52,-32.5],[151.68,-32.95],[150.61,-34.49],[150.82,-35.14],[150.15,-35.72],[149.89,-37.58],[147.6,-38.04],[146.93,-38.68],[146.15,-38.81],[146.41,-39.2],[145.31,-38.36],[144.29,-38.36],[143.6,-38.88],[141.27,-38.42],[139.79,-37.52],[139.52,-36.23],[138.86,-35.59],[137.88,-35.65],[138.34,-35.2],[137.99,-34.24],[137.64,-35.2],[136.71,-35.33],[136.74,-34.94],[137.37,-34.82],[137.75,-32.95],[135.85,-34.56],[135.8,-35.07],[134.95,-34.62],[135.21,-34.36],[133.92,-32.95],[134.05,-32.56],[131.15,-31.54],[125.98,-32.31],[124.09,-33.08],[123.49,-33.98],[119.95,-33.98],[117.84,-35.14],[116.34,-35.07],[114.88,-34.36],[114.75,-33.66],[115.54,-33.34],[115.57,-31.86],[114.62,-29.09],[113.07,-26.27],[113.67,-26.52],[113.2,-25.56],[114.05,-26.27],[113.18,-24.08],[113.78,-21.83],[114.11,-22.41],[116.05,-20.8],[117.51,-20.67],[121.06,-19.45],[122.22,-18.1],[121.98,-17.2],[122.94,-16.36],[123.49,-17.39],[123.43,-16.17],[124.27,-16.36],[124.2,-15.53],[125.15,-15.01],[125.15,-14.56],[125.82,-14.56],[125.87,-13.92],[126.56,-14.11],[126.87,-13.73],[128.09,-15.01],[128.71,-14.76],[129.5,-15.08],[129.16,-14.31],[130.12,-13.34],[129.93,-13.02],[130.36,-12.44],[132.45,-12.12],[132.46,-11.67],[131.69,-11.35],[131.81,-11.09],[132.53,-11.03],[132.59,-11.48],[134.27,-12.06],[135.71,-11.86],[136.0,-12.38],[136.08,-11.93],[136.78,-12.19],[136.42,-13.28],[135.83,-13.28],[135.98,-13.79],[135.35,-14.89],[140.01,-17.71],[140.76,-17.39],[141.21,-16.36],[141.31,-13.6],[141.76,-12.7],[141.43,-12.44],[142.3,-10.71],[143.11,-11.93],[143.63,-14.37],[144.42,-14.24]]],[[[131.38,-11.22],[131.36,-11.67],[129.92,-11.86],[130.21,-11.22],[131.38,-11.22]]],[[[136.6,-11.35],[136.45,-11.35],[136.43,-11.22],[136.6,-11.35]]],[[[148.38,-40.56],[148.06,-40.56],[147.67,-39.78],[148.38,-40.56]]],[[[172.56,-34.49],[172.44,-34.43],[172.52,-34.43],[172.56,-34.49]]],[[[153.18,-11.61],[153.06,-11.29],[153.6,-11.48],[153.18,-11.61]]],[[[152.68,-10.64],[152.7,-10.77],[152.47,-10.71],[152.68,-10.64]]],[[[150.69,-10.51],[150.93,-10.71],[150.64,-10.71],[150.69,-10.51]]],[[[154.62,-6.01],[154.47,-4.99],[155.85,-6.85],[155.11,-6.72],[154.62,-6.01]]]]}},{"type":"Feature","properties":{"n":"Republic of Italy","f":1946,"t":1972,"w":"Q38"},"geometry":{"type":"MultiPolygon","coordinates":[[[[9.82,40.74],[9.75,39.64],[9.59,39.13],[8.73,38.87],[8.34,39.0],[8.15,40.94],[9.1,41.26],[9.82,40.74]]],[[[12.16,45.5],[12.31,44.19],[13.67,43.41],[14.37,42.24],[16.12,41.91],[15.94,41.39],[18.44,40.16],[18.11,39.9],[17.35,40.55],[16.62,40.29],[16.45,39.64],[17.14,39.06],[15.93,37.96],[15.39,38.16],[15.05,36.74],[12.49,37.9],[15.86,38.29],[16.27,38.93],[15.75,40.03],[11.26,42.43],[10.13,44.06],[8.59,44.45],[7.55,43.8],[7.63,44.19],[6.98,44.25],[6.64,44.97],[7.12,45.3],[6.94,45.96],[8.0,45.96],[8.4,46.41],[8.98,45.89],[9.3,46.48],[10.04,46.28],[10.45,46.87],[11.19,47.01],[12.09,47.07],[13.56,46.48],[13.63,45.76],[12.16,45.5]],[[12.55,43.8],[12.55,43.73],[12.63,43.73],[12.55,43.8]],[[12.29,42.04],[12.21,42.04],[12.21,41.98],[12.29,42.04]]],[[[10.46,42.69],[10.13,42.89],[10.21,42.89],[10.46,42.69]]]]}},{"type":"Feature","properties":{"n":"Papua New Guinea","f":1946,"t":1975,"w":"Q691"},"geometry":{"type":"MultiPolygon","coordinates":[[[[145.72,-4.86],[145.68,-5.44],[147.71,-6.21],[147.82,-6.72],[146.88,-6.79],[146.99,-7.24],[148.08,-8.07],[148.47,-9.04],[149.12,-8.97],[149.18,-9.49],[149.92,-9.61],[149.75,-10.0],[150.43,-10.19],[150.56,-10.64],[147.57,-10.13],[145.74,-8.01],[144.39,-7.62],[142.92,-8.33],[143.55,-8.78],[143.25,-8.65],[143.28,-9.04],[142.66,-9.36],[140.89,-9.23],[140.87,-2.54],[144.35,-3.76],[145.72,-4.86]]],[[[147.97,-5.89],[147.83,-5.95],[147.58,-5.5],[147.97,-5.89]]],[[[147.13,-5.24],[147.08,-5.56],[146.84,-5.31],[147.13,-5.24]]],[[[149.9,-5.24],[149.82,-5.24],[150.1,-4.99],[149.9,-5.24]]],[[[145.79,-4.79],[145.7,-4.6],[145.92,-4.54],[145.79,-4.79]]],[[[146.45,-1.96],[147.26,-2.03],[147.12,-2.22],[146.39,-2.29],[146.45,-1.96]]],[[[149.71,-1.58],[149.42,-1.51],[149.42,-1.32],[149.71,-1.58]]],[[[149.95,-9.23],[150.71,-9.42],[151.23,-10.13],[150.87,-10.19],[149.95,-9.23]]],[[[152.81,-9.29],[152.42,-9.04],[152.48,-8.91],[152.81,-9.29]]],[[[151.05,-8.59],[150.84,-8.59],[150.89,-8.39],[151.05,-8.59]]],[[[149.47,-6.34],[148.16,-5.5],[150.64,-5.5],[151.55,-4.86],[151.37,-4.28],[152.32,-4.34],[152.03,-5.5],[151.38,-5.56],[151.12,-6.01],[149.47,-6.34]]],[[[152.71,-4.86],[152.28,-3.7],[150.7,-2.61],[152.19,-3.38],[153.06,-4.54],[152.71,-4.86]]],[[[152.62,-3.19],[152.62,-3.25],[152.4,-3.19],[152.62,-3.19]]],[[[150.33,-2.41],[150.41,-2.67],[150.12,-2.74],[149.89,-2.35],[150.33,-2.41]]]]}},{"type":"Feature","properties":{"n":"Republic of Iceland","f":1946,"t":2023,"w":"Q189"},"geometry":{"type":"Polygon","coordinates":[[[-20.54,66.18],[-19.55,65.81],[-19.2,66.25],[-17.59,66.03],[-15.79,66.55],[-13.7,65.59],[-13.47,65.08],[-14.8,64.28],[-15.5,64.42],[-18.16,63.41],[-19.39,63.41],[-21.15,63.91],[-22.8,63.77],[-22.83,64.13],[-22.17,64.13],[-22.1,64.49],[-24.16,64.93],[-22.06,65.52],[-24.03,65.37],[-24.42,65.66],[-23.8,65.81],[-23.67,66.25],[-22.94,66.11],[-23.0,66.55],[-21.48,66.11],[-21.26,65.44],[-20.4,65.74],[-20.54,66.18]]]}},{"type":"Feature","properties":{"n":"Brazilian Republic","f":1946,"t":1962,"w":"Q155"},"geometry":{"type":"Polygon","coordinates":[[[-56.06,2.47],[-54.97,2.54],[-54.31,2.09],[-52.86,2.28],[-51.56,4.4],[-50.67,2.02],[-49.95,1.7],[-50.25,0.35],[-48.49,-0.23],[-48.93,-1.51],[-48.27,-0.74],[-47.4,-0.55],[-45.44,-1.64],[-44.93,-1.45],[-44.07,-2.54],[-43.19,-2.35],[-41.6,-2.93],[-39.92,-2.86],[-37.26,-4.86],[-35.37,-5.31],[-34.9,-6.79],[-35.41,-9.36],[-37.24,-11.09],[-38.13,-12.83],[-39.03,-13.28],[-39.28,-17.78],[-41.14,-22.15],[-41.91,-22.41],[-42.12,-22.99],[-44.74,-23.05],[-44.7,-23.37],[-45.48,-23.69],[-45.37,-24.02],[-46.09,-23.82],[-48.69,-25.49],[-48.8,-26.72],[-48.45,-27.42],[-48.88,-28.64],[-49.74,-29.22],[-50.88,-31.21],[-52.23,-32.18],[-53.45,-33.79],[-53.68,-33.46],[-53.28,-32.76],[-54.02,-31.99],[-55.68,-30.89],[-56.11,-31.09],[-56.88,-30.12],[-57.76,-30.32],[-55.82,-28.19],[-53.89,-27.1],[-53.77,-26.39],[-53.96,-25.69],[-54.71,-25.69],[-54.4,-24.02],[-55.57,-23.89],[-55.89,-22.34],[-58.02,-22.09],[-58.18,-19.77],[-57.63,-18.16],[-58.49,-17.26],[-58.46,-16.36],[-60.28,-16.17],[-60.78,-13.66],[-61.8,-13.6],[-65.11,-11.99],[-65.4,-9.81],[-66.64,-9.81],[-68.56,-11.09],[-70.32,-11.09],[-70.67,-10.96],[-70.64,-9.49],[-72.14,-10.06],[-72.54,-9.49],[-73.19,-9.42],[-73.09,-8.97],[-74.04,-7.69],[-73.25,-6.53],[-72.98,-5.24],[-72.01,-4.54],[-70.03,-4.09],[-69.46,-1.13],[-70.1,-0.36],[-70.19,0.41],[-69.24,0.74],[-69.97,1.19],[-69.97,1.7],[-67.85,1.76],[-67.49,2.09],[-66.69,0.86],[-65.67,0.99],[-65.53,0.67],[-63.41,2.28],[-64.07,2.47],[-64.82,4.27],[-62.91,3.56],[-62.7,4.08],[-60.89,4.59],[-60.68,5.17],[-60.1,5.17],[-60.16,4.53],[-59.57,3.95],[-60.07,2.47],[-59.34,1.38],[-58.9,1.19],[-57.44,1.96],[-55.99,1.96],[-56.06,2.47]]]}},{"type":"Feature","properties":{"n":"Kingdom of Iraq","f":1947,"t":1955,"w":"Q149805"},"geometry":{"type":"Polygon","coordinates":[[[45.42,35.97],[46.25,35.84],[45.44,33.91],[46.23,32.94],[47.6,32.3],[47.98,31.72],[47.74,31.01],[48.6,29.99],[47.24,30.05],[46.46,29.09],[45.67,29.54],[44.51,29.28],[41.98,31.21],[39.26,32.17],[38.89,33.01],[39.02,33.52],[41.04,34.42],[41.29,36.42],[42.74,37.32],[44.8,37.06],[45.42,35.97]]]}},{"type":"Feature","properties":{"n":"United States of America","f":1947,"t":1966,"w":"Q30"},"geometry":{"type":"MultiPolygon","coordinates":[[[[-155.8,20.34],[-154.69,19.57],[-155.55,18.93],[-155.8,20.34]]],[[[-156.72,20.99],[-155.74,20.66],[-156.43,20.47],[-156.72,20.99]]],[[[-156.78,20.92],[-156.72,20.73],[-156.94,20.73],[-156.78,20.92]]],[[[-157.24,21.24],[-156.72,20.99],[-157.24,20.99],[-157.24,21.24]]],[[[-157.75,21.69],[-157.65,21.11],[-158.25,21.37],[-157.75,21.69]]],[[[-160.7,21.89],[-160.65,21.69],[-160.94,21.69],[-160.7,21.89]]],[[[-159.94,21.82],[-160.27,21.69],[-160.31,21.82],[-159.94,21.82]]],[[[-159.17,22.21],[-159.03,22.01],[-159.74,21.89],[-159.63,22.27],[-159.17,22.21]]],[[[-162.08,23.17],[-162.14,23.11],[-162.28,23.3],[-162.08,23.17]]],[[[-168.63,53.33],[-168.7,53.73],[-167.62,53.46],[-168.3,53.39],[-168.66,52.92],[-169.54,53.06],[-168.63,53.33]]],[[[-167.09,53.39],[-167.5,53.8],[-166.76,54.07],[-166.1,53.66],[-167.09,53.39]]],[[[-165.78,54.41],[-165.38,54.07],[-166.46,54.34],[-165.78,54.41]]],[[[-160.09,55.29],[-159.89,55.09],[-160.22,54.95],[-160.09,55.29]]],[[[-159.63,55.09],[-159.83,55.29],[-159.46,55.16],[-159.63,55.09]]],[[[-160.86,55.16],[-161.06,55.36],[-160.71,55.36],[-160.86,55.16]]],[[[-155.7,55.77],[-155.9,55.98],[-155.53,55.84],[-155.7,55.77]]],[[[-154.47,56.46],[-155.02,56.59],[-154.77,56.66],[-154.47,56.46]]],[[[-153.86,56.52],[-154.32,56.66],[-154.06,56.66],[-153.86,56.52]]],[[[-154.45,56.94],[-154.99,57.49],[-153.95,57.63],[-154.1,57.97],[-152.94,57.97],[-153.44,58.25],[-152.58,58.46],[-152.89,58.67],[-152.0,58.25],[-152.95,58.04],[-152.14,57.49],[-154.45,56.94]]],[[[-165.68,60.28],[-165.55,59.92],[-166.41,59.78],[-167.69,60.28],[-165.68,60.28]]],[[[-169.02,63.41],[-168.72,63.19],[-169.74,62.98],[-170.34,63.41],[-169.02,63.41]]],[[[-169.64,66.03],[-170.31,66.18],[-170.06,66.25],[-169.64,66.03]]],[[[-79.64,8.84],[-80.1,9.29],[-79.96,9.29],[-79.64,8.84]]],[[[-67.12,17.96],[-67.26,18.48],[-66.16,18.54],[-65.52,18.16],[-67.12,17.96]]],[[[123.72,24.39],[123.96,24.46],[123.91,24.26],[123.72,24.39]]],[[[125.22,24.71],[125.26,24.91],[125.41,24.91],[125.22,24.71]]],[[[127.93,26.71],[128.42,26.84],[127.82,26.07],[127.93,26.71]]],[[[-89.31,29.09],[-89.27,28.96],[-89.34,28.96],[-89.31,29.09]]],[[[128.57,32.62],[128.65,32.81],[128.93,32.75],[128.57,32.62]]],[[[126.14,33.2],[127.0,33.59],[126.7,33.26],[126.14,33.2]]],[[[-118.55,33.52],[-118.22,33.33],[-118.45,33.33],[-118.55,33.52]]],[[[-119.99,34.1],[-119.89,33.91],[-120.12,33.91],[-119.99,34.1]]],[[[-75.6,35.19],[-75.65,35.32],[-75.44,35.39],[-75.6,35.19]]],[[[126.12,34.36],[126.77,35.9],[126.05,36.8],[126.7,37.32],[126.35,37.84],[125.23,37.64],[124.96,38.03],[128.83,38.09],[129.47,37.25],[129.67,35.97],[129.15,35.07],[126.12,34.36]]],[[[-92.06,47.01],[-92.01,46.68],[-90.91,46.87],[-90.29,46.55],[-88.57,47.07],[-87.22,46.48],[-85.16,46.74],[-84.06,46.41],[-84.35,46.35],[-84.0,46.02],[-87.31,45.82],[-88.16,44.78],[-87.51,44.65],[-88.05,43.47],[-87.98,42.5],[-87.48,41.59],[-86.59,41.85],[-86.18,42.43],[-86.49,43.99],[-86.26,44.58],[-85.35,44.97],[-84.91,45.76],[-84.26,45.63],[-83.5,45.3],[-83.34,44.71],[-84.08,43.86],[-83.93,43.6],[-82.89,44.06],[-82.67,43.8],[-82.42,42.89],[-83.56,41.85],[-82.69,41.39],[-81.4,41.52],[-78.97,42.56],[-79.09,43.28],[-76.17,43.54],[-76.16,44.32],[-75.12,44.97],[-71.63,44.97],[-70.9,45.3],[-69.28,47.47],[-67.91,47.2],[-67.9,46.02],[-67.04,44.71],[-68.21,44.25],[-68.86,44.45],[-69.13,43.99],[-70.17,43.8],[-70.98,42.43],[-69.92,41.65],[-70.49,41.33],[-71.43,41.65],[-71.52,41.33],[-73.47,41.07],[-71.99,41.13],[-72.25,40.81],[-74.14,40.61],[-73.87,40.16],[-74.64,39.0],[-75.4,39.32],[-74.95,38.42],[-75.85,37.13],[-75.84,38.09],[-76.47,39.26],[-76.36,37.25],[-75.81,36.61],[-75.82,36.22],[-76.31,36.1],[-75.68,35.64],[-76.52,35.39],[-76.37,34.74],[-77.19,34.68],[-77.92,33.91],[-78.86,33.71],[-79.31,33.01],[-81.06,31.85],[-81.42,30.56],[-79.94,26.71],[-80.32,25.04],[-81.01,25.1],[-81.82,26.07],[-82.7,27.54],[-82.43,27.67],[-82.42,27.93],[-82.74,27.74],[-82.82,29.15],[-83.84,30.05],[-85.32,29.67],[-86.34,30.5],[-87.85,30.24],[-88.03,30.56],[-89.65,30.18],[-88.99,29.02],[-89.88,29.47],[-90.06,29.09],[-90.82,29.09],[-91.8,29.79],[-91.7,29.47],[-94.94,29.67],[-94.74,29.28],[-95.14,28.89],[-96.5,28.64],[-96.34,28.38],[-97.32,27.87],[-97.07,27.54],[-97.51,26.97],[-97.17,26.0],[-97.92,26.0],[-99.0,26.39],[-99.38,27.48],[-101.4,29.73],[-102.35,29.86],[-102.97,29.02],[-103.69,29.15],[-106.51,31.79],[-108.11,31.79],[-108.28,31.27],[-110.95,31.27],[-114.77,32.69],[-117.13,32.49],[-117.42,33.26],[-118.57,34.04],[-120.57,34.49],[-120.68,35.13],[-121.98,36.48],[-121.81,36.87],[-123.62,38.8],[-124.42,40.36],[-124.1,41.46],[-124.65,43.15],[-124.29,43.41],[-123.87,46.22],[-124.85,48.32],[-122.57,47.99],[-122.87,48.99],[-95.22,48.99],[-95.14,49.45],[-94.32,48.65],[-89.9,47.99],[-92.06,47.01]]],[[[-85.65,45.63],[-85.68,45.82],[-85.6,45.82],[-85.65,45.63]]],[[[-83.72,45.96],[-83.75,46.15],[-83.67,46.15],[-83.72,45.96]]],[[[-88.7,48.19],[-88.66,47.99],[-89.15,47.86],[-88.7,48.19]]],[[[10.62,53.39],[11.39,53.06],[10.79,52.99],[10.96,52.45],[10.53,52.25],[10.53,51.65],[9.93,51.45],[9.85,50.78],[10.44,50.25],[11.87,50.45],[12.53,49.52],[13.77,48.79],[12.77,48.19],[13.0,47.53],[10.12,47.33],[9.77,49.52],[7.76,49.85],[7.92,50.31],[7.49,51.05],[6.74,50.45],[5.97,50.78],[6.2,51.51],[5.94,51.85],[6.95,52.25],[6.68,52.65],[7.18,53.33],[6.91,53.6],[8.89,53.87],[8.53,54.89],[11.05,54.41],[10.62,53.39]]],[[[13.27,52.72],[13.44,52.72],[13.44,52.65],[13.27,52.72]]],[[[-133.36,55.23],[-132.63,54.68],[-132.97,54.68],[-133.36,55.23]]],[[[-146.94,60.21],[-147.51,60.35],[-147.25,60.42],[-146.94,60.21]]],[[[-146.6,60.35],[-146.82,60.56],[-146.14,60.35],[-146.6,60.35]]],[[[-143.11,70.18],[-141.17,69.72],[-140.9,69.33],[-141.24,68.73],[-141.12,60.42],[-139.29,60.35],[-137.52,59.02],[-135.95,59.78],[-135.31,59.71],[-131.87,56.66],[-130.06,55.98],[-129.88,55.09],[-130.97,54.75],[-131.17,55.29],[-131.64,55.02],[-131.95,55.43],[-132.29,55.57],[-132.56,55.5],[-131.9,54.95],[-132.28,54.68],[-134.01,56.11],[-133.29,56.39],[-132.27,55.77],[-132.44,55.98],[-133.29,56.46],[-133.91,56.59],[-134.28,56.11],[-134.61,56.8],[-134.8,56.18],[-135.58,57.08],[-136.11,57.14],[-135.76,57.35],[-136.58,58.18],[-139.73,59.43],[-139.77,59.85],[-144.16,60.0],[-146.91,60.98],[-148.4,61.05],[-148.19,60.91],[-148.63,60.84],[-147.68,60.28],[-148.34,60.35],[-147.42,59.85],[-149.63,60.0],[-150.0,59.57],[-151.82,59.16],[-152.24,59.43],[-151.63,59.57],[-152.09,60.0],[-151.46,60.42],[-151.53,60.7],[-151.92,60.77],[-152.78,60.21],[-152.62,59.92],[-154.27,59.22],[-153.43,58.67],[-156.49,57.42],[-156.35,57.14],[-157.62,56.8],[-157.41,56.59],[-158.53,56.46],[-158.22,56.18],[-158.54,55.98],[-162.1,55.29],[-161.89,55.09],[-162.22,54.95],[-163.28,55.02],[-163.22,54.68],[-164.39,54.41],[-165.13,54.68],[-164.45,55.23],[-162.9,55.36],[-162.42,56.05],[-160.64,55.98],[-160.62,56.32],[-158.78,56.87],[-158.78,57.28],[-157.78,57.63],[-157.65,58.25],[-158.7,58.88],[-158.76,58.39],[-160.46,59.02],[-161.14,58.88],[-160.86,58.53],[-161.87,58.6],[-162.28,59.36],[-161.89,59.57],[-162.39,60.0],[-164.16,59.85],[-165.54,60.63],[-165.1,60.91],[-166.46,61.76],[-164.88,62.62],[-165.08,63.05],[-161.35,63.55],[-161.01,63.84],[-161.63,64.57],[-160.97,64.79],[-161.93,64.79],[-162.57,64.35],[-165.69,64.49],[-167.14,65.22],[-166.55,65.37],[-168.39,65.74],[-164.69,66.7],[-163.83,66.55],[-164.0,66.18],[-161.37,66.33],[-166.83,68.5],[-166.49,68.88],[-163.9,69.18],[-162.36,70.41],[-158.11,70.88],[-157.07,71.42],[-154.53,70.88],[-152.64,70.95],[-151.72,70.49],[-143.11,70.18]]],[[[158.1,6.71],[158.18,6.84],[158.25,6.71],[158.1,6.71]]],[[[158.26,6.91],[158.34,6.91],[158.32,6.78],[158.26,6.91]]],[[[158.04,6.84],[158.12,6.97],[158.26,6.91],[158.04,6.84]]],[[[134.39,7.55],[134.62,7.61],[134.6,7.36],[134.39,7.55]]],[[[144.84,13.34],[144.61,13.27],[144.65,13.53],[144.97,13.66],[144.84,13.34]]],[[[129.19,28.32],[129.8,28.57],[129.74,28.38],[129.19,28.32]]],[[[130.62,30.18],[130.36,30.31],[130.44,30.5],[130.62,30.18]]],[[[131.02,30.44],[130.82,30.5],[131.17,30.82],[131.02,30.44]]],[[[130.13,32.17],[129.93,32.24],[129.99,32.56],[130.53,32.56],[130.13,32.17]]],[[[129.82,33.71],[129.59,33.71],[129.73,33.84],[129.82,33.71]]],[[[129.11,34.16],[129.17,34.29],[129.4,34.29],[129.11,34.16]]],[[[129.23,34.42],[129.29,34.55],[129.44,34.55],[129.23,34.42]]],[[[133.1,36.16],[133.2,36.35],[133.43,36.35],[133.1,36.16]]],[[[141.51,38.35],[140.92,38.03],[141.13,37.32],[140.61,36.42],[140.91,35.84],[140.41,35.19],[139.7,34.87],[139.96,35.64],[139.72,35.19],[139.21,35.26],[138.95,34.61],[138.8,35.07],[138.26,34.61],[137.22,34.55],[136.73,34.94],[136.91,34.23],[136.45,34.23],[135.81,33.39],[135.03,33.84],[135.21,34.68],[134.22,33.26],[133.54,33.46],[133.03,32.69],[132.08,33.46],[132.88,34.16],[133.51,34.04],[134.94,34.61],[132.32,34.29],[132.19,33.84],[131.09,33.97],[131.1,33.65],[131.82,33.71],[131.64,33.33],[132.08,32.94],[131.41,31.4],[130.79,31.01],[130.14,31.27],[130.1,31.91],[130.52,32.36],[130.57,32.81],[129.79,32.62],[129.6,33.39],[132.69,35.52],[135.38,35.77],[135.71,35.52],[136.71,36.8],[136.72,37.38],[137.37,37.58],[137.1,36.8],[138.51,37.38],[139.95,39.26],[139.77,40.55],[140.34,41.26],[141.54,41.39],[141.44,40.68],[142.04,39.45],[141.51,38.35]]],[[[138.61,38.09],[138.19,37.77],[138.34,38.29],[138.61,38.09]]],[[[145.4,44.39],[145.1,43.8],[145.55,43.34],[144.0,42.89],[143.24,41.98],[141.8,42.63],[141.0,42.3],[140.47,42.56],[140.39,42.24],[141.23,41.85],[139.95,41.39],[140.12,41.98],[139.69,42.37],[140.37,43.41],[140.95,43.21],[141.37,43.34],[141.66,45.5],[144.39,44.12],[145.4,44.39]]],[[[141.03,45.1],[141.34,45.3],[141.27,45.1],[141.03,45.1]]],[[[179.31,51.58],[179.14,51.38],[178.63,51.58],[179.31,51.58]]],[[[179.4,51.92],[179.83,52.05],[179.66,51.92],[179.4,51.92]]],[[[177.11,51.78],[177.7,52.12],[177.53,51.92],[177.11,51.78]]],[[[173.78,52.45],[173.44,52.32],[173.52,52.52],[173.78,52.45]]],[[[172.58,52.92],[173.35,52.99],[172.84,52.79],[172.58,52.92]]]]}},{"type":"Feature","properties":{"n":"Kingdom of Saudi Arabia","f":1947,"t":1955,"w":"Q851"},"geometry":{"type":"Polygon","coordinates":[[[45.59,28.77],[46.61,29.15],[47.64,28.89],[48.09,28.12],[48.78,28.19],[48.87,27.67],[50.13,26.77],[50.07,26.07],[50.98,24.59],[51.5,24.52],[52.57,22.91],[55.3,22.66],[55.77,22.01],[55.17,20.09],[52.13,18.93],[49.0,18.61],[48.0,18.09],[47.42,17.06],[43.31,17.45],[42.81,16.42],[40.85,19.7],[39.35,20.79],[38.6,23.62],[37.44,24.33],[37.27,25.23],[35.41,27.87],[34.61,28.25],[34.91,29.34],[36.03,29.15],[38.29,29.99],[37.14,31.53],[39.26,32.17],[41.98,31.21],[45.59,28.77]]]}},{"type":"Feature","properties":{"n":"British Colonial Empire","f":1947,"t":1957,"w":"Q8680"},"geometry":{"type":"MultiPolygon","coordinates":[[[[-61.57,12.24],[-61.55,11.99],[-61.78,12.05],[-61.57,12.24]]],[[[-61.26,15.65],[-61.15,15.2],[-61.37,15.2],[-61.26,15.65]]],[[[-61.64,17.19],[-61.62,16.94],[-61.76,16.94],[-61.64,17.19]]],[[[-89.05,17.96],[-88.08,18.35],[-88.14,16.81],[-88.82,15.91],[-89.11,15.91],[-89.05,17.96]]],[[[-64.67,17.84],[-64.58,17.71],[-64.87,17.64],[-64.67,17.84]]],[[[-78.39,18.29],[-77.01,18.48],[-76.12,17.9],[-77.37,17.84],[-78.39,18.29]]],[[[-73.66,20.92],[-73.69,21.11],[-72.97,21.24],[-73.66,20.92]]],[[[-72.22,21.69],[-72.32,21.89],[-72.1,21.89],[-72.22,21.69]]],[[[-72.93,22.46],[-72.69,22.34],[-72.82,22.27],[-72.93,22.46]]],[[[-73.67,22.46],[-74.15,22.21],[-73.94,22.72],[-73.67,22.46]]],[[[-74.86,22.91],[-75.17,23.43],[-75.02,23.43],[-74.86,22.91]]],[[[-77.76,23.75],[-77.92,24.2],[-77.48,24.26],[-77.4,23.81],[-77.76,23.75]]],[[[-74.51,23.94],[-74.55,24.14],[-74.32,24.14],[-74.51,23.94]]],[[[-75.49,24.39],[-75.59,24.52],[-75.24,24.26],[-75.43,24.07],[-75.49,24.39]]],[[[-78.39,24.71],[-78.19,25.23],[-77.62,24.59],[-78.09,24.33],[-78.39,24.71]]],[[[-76.23,24.78],[-76.26,24.91],[-76.05,24.97],[-76.23,24.78]]],[[[-76.6,25.49],[-76.35,25.36],[-76.48,25.29],[-76.6,25.49]]],[[[-77.29,25.94],[-77.19,26.52],[-77.67,26.97],[-76.94,26.39],[-77.29,25.94]]],[[[-77.98,26.71],[-77.97,26.64],[-78.68,26.45],[-78.6,26.77],[-77.98,26.71]]],[[[-64.65,32.36],[-64.67,32.17],[-64.86,32.3],[-64.65,32.36]]],[[[-61.32,56.94],[-61.33,56.66],[-61.85,56.8],[-61.69,56.25],[-60.47,55.84],[-60.32,55.29],[-57.44,54.68],[-58.2,54.34],[-55.91,53.46],[-55.83,51.98],[-56.95,51.51],[-57.0,52.12],[-63.48,52.12],[-63.67,53.19],[-64.06,52.99],[-64.17,51.98],[-66.38,52.99],[-67.3,54.75],[-66.83,54.82],[-67.13,55.29],[-66.56,54.95],[-66.26,55.02],[-66.39,55.36],[-65.56,54.89],[-63.56,54.75],[-63.07,55.36],[-63.89,56.39],[-63.76,57.56],[-64.36,58.18],[-63.83,58.6],[-64.88,58.95],[-64.3,59.02],[-65.02,60.56],[-62.48,58.04],[-61.98,57.97],[-61.32,56.94]]],[[[-37.96,-54.01],[-36.62,-54.15],[-35.74,-54.82],[-36.16,-55.03],[-37.96,-54.01]]],[[[-61.23,-51.99],[-61.12,-51.79],[-60.81,-51.86],[-61.23,-51.99]]],[[[-59.02,-51.32],[-57.81,-51.45],[-58.66,-52.12],[-59.83,-52.26],[-59.02,-51.32]]],[[[-59.22,-51.39],[-60.6,-52.26],[-60.91,-52.19],[-60.37,-51.65],[-60.57,-51.39],[-59.22,-51.39]]],[[[57.57,-20.54],[57.19,-20.54],[57.45,-19.96],[57.57,-20.54]]],[[[103.98,2.73],[104.06,2.92],[104.21,2.86],[103.98,2.73]]],[[[119.26,5.17],[118.81,4.91],[118.16,4.98],[118.56,4.34],[115.63,4.21],[115.51,3.31],[114.41,1.44],[113.31,1.25],[112.38,1.57],[111.7,0.99],[110.46,0.86],[109.47,1.76],[109.63,2.02],[110.92,1.51],[111.26,2.73],[112.81,3.11],[113.91,4.59],[115.31,4.98],[115.35,5.49],[115.79,5.62],[116.69,7.04],[117.75,6.46],[117.64,5.94],[119.26,5.17]]],[[[103.36,4.98],[103.4,2.86],[103.96,2.28],[104.14,1.31],[103.27,1.31],[101.99,2.15],[100.48,4.21],[100.03,6.52],[100.68,6.46],[101.07,5.62],[102.34,6.2],[103.36,4.98]]],[[[-57.33,5.04],[-57.91,4.91],[-58.11,3.89],[-57.3,3.24],[-56.72,1.89],[-57.44,1.96],[-58.9,1.19],[-59.77,1.76],[-60.0,3.24],[-59.57,3.95],[-60.16,4.53],[-60.1,5.17],[-61.27,5.69],[-61.15,6.59],[-60.36,6.97],[-60.67,7.61],[-59.76,8.45],[-57.12,5.94],[-57.33,5.04]]],[[[99.58,6.39],[99.88,6.52],[99.87,6.26],[99.58,6.39]]],[[[117.23,7.36],[117.21,7.16],[116.99,7.1],[117.23,7.36]]],[[[-61.0,10.06],[-61.73,10.06],[-61.55,10.83],[-60.89,10.83],[-61.0,10.06]]],[[[98.09,10.83],[98.1,10.96],[98.25,10.96],[98.09,10.83]]],[[[-60.7,11.34],[-60.56,11.34],[-60.62,11.09],[-60.7,11.34]]],[[[98.3,11.6],[98.32,11.79],[98.61,11.73],[98.3,11.6]]],[[[98.49,12.69],[98.46,12.44],[98.25,12.5],[98.49,12.69]]],[[[-59.57,13.01],[-59.67,13.34],[-59.52,13.34],[-59.57,13.01]]],[[[-61.28,13.34],[-61.07,13.4],[-61.05,13.14],[-61.28,13.34]]],[[[-60.8,13.72],[-60.94,13.66],[-61.04,14.04],[-60.8,13.72]]],[[[114.53,22.14],[114.0,22.08],[114.0,22.46],[114.32,22.59],[114.53,22.14]]],[[[-55.57,50.05],[-55.89,49.65],[-55.23,49.32],[-54.77,49.58],[-53.48,49.32],[-54.0,48.79],[-53.8,48.52],[-53.06,48.72],[-52.95,48.46],[-53.83,48.19],[-53.83,47.8],[-53.58,47.6],[-52.92,48.19],[-53.23,47.53],[-52.76,47.8],[-52.62,47.47],[-53.02,46.61],[-53.68,46.61],[-53.67,47.01],[-54.25,46.81],[-53.91,47.4],[-54.11,47.86],[-55.34,46.87],[-56.08,47.07],[-55.42,47.27],[-55.1,47.66],[-55.48,47.4],[-55.87,47.73],[-59.36,47.6],[-59.35,48.13],[-58.59,48.46],[-59.26,48.65],[-58.15,49.12],[-58.33,49.52],[-57.95,49.58],[-56.89,51.38],[-55.46,51.58],[-55.95,51.38],[-55.71,51.05],[-56.61,50.11],[-55.57,50.05]]],[[[166.29,-50.92],[165.81,-50.65],[166.08,-50.52],[166.29,-50.92]]],[[[167.52,-46.68],[167.85,-46.68],[168.23,-47.14],[167.59,-47.08],[167.52,-46.68]]],[[[172.68,-43.28],[173.14,-43.94],[172.45,-43.81],[171.24,-44.39],[170.76,-45.9],[169.77,-46.55],[168.82,-46.75],[166.65,-46.29],[166.27,-45.9],[167.8,-44.26],[170.81,-42.83],[172.19,-40.62],[172.64,-40.49],[173.1,-41.21],[174.12,-41.01],[174.22,-41.92],[172.68,-43.28]]],[[[173.63,-40.82],[173.68,-40.69],[173.95,-40.82],[173.63,-40.82]]],[[[175.32,-37.13],[175.19,-36.75],[175.53,-36.68],[175.84,-37.52],[176.89,-37.97],[177.79,-37.52],[178.46,-37.78],[178.26,-38.62],[177.78,-38.81],[177.89,-39.33],[176.9,-39.26],[176.85,-40.23],[175.49,-41.66],[174.43,-41.27],[175.05,-40.17],[173.51,-39.26],[174.35,-38.94],[174.66,-37.71],[174.01,-36.62],[174.21,-36.36],[173.87,-36.42],[172.52,-34.43],[174.19,-35.2],[174.69,-36.81],[175.32,-37.13]]],[[[178.21,-18.94],[178.25,-19.06],[177.97,-19.13],[178.21,-18.94]]],[[[178.65,-18.1],[177.19,-18.16],[177.36,-17.46],[178.07,-17.33],[178.65,-18.1]]],[[[179.83,-16.17],[179.83,-16.75],[178.39,-16.88],[179.83,-16.17]]],[[[160.19,-11.54],[160.46,-11.86],[160.24,-11.86],[160.19,-11.54]]],[[[166.07,-10.64],[166.08,-10.77],[165.66,-10.9],[166.07,-10.64]]],[[[162.3,-10.9],[161.7,-10.84],[161.11,-10.19],[162.3,-10.9]]],[[[160.5,-10.0],[159.42,-9.61],[159.45,-9.23],[160.51,-9.49],[160.5,-10.0]]],[[[161.19,-9.1],[161.49,-9.81],[160.61,-9.1],[160.44,-8.26],[161.19,-9.1]]],[[[157.31,-8.39],[157.27,-8.65],[157.12,-8.65],[157.31,-8.39]]],[[[156.82,-7.81],[157.49,-8.01],[157.95,-8.84],[157.38,-8.33],[156.82,-7.81]]],[[[159.74,-8.52],[158.33,-7.56],[158.62,-7.56],[159.74,-8.52]]],[[[156.57,-7.56],[156.68,-7.94],[156.54,-8.01],[156.57,-7.56]]],[[[155.59,-7.17],[155.57,-6.98],[155.72,-6.98],[155.59,-7.17]]],[[[157.36,-7.43],[156.77,-7.3],[156.27,-6.59],[157.36,-7.43]]]]}},{"type":"Feature","properties":{"n":"Republic of the Philippines","f":1947,"t":2023,"w":"Q928"},"geometry":{"type":"MultiPolygon","coordinates":[[[[119.7,5.17],[120.15,5.36],[120.14,5.17],[119.7,5.17]]],[[[120.85,6.07],[121.36,6.01],[121.35,5.81],[120.85,6.07]]],[[[121.76,6.46],[121.85,6.78],[122.29,6.71],[121.76,6.46]]],[[[117.09,8.32],[119.57,11.21],[119.58,10.7],[120.0,10.51],[118.77,9.86],[117.09,8.32]]],[[[121.9,10.44],[121.93,11.99],[123.12,11.54],[122.62,10.38],[121.9,10.44]]],[[[119.85,11.79],[119.87,11.92],[120.09,11.92],[119.85,11.79]]],[[[119.95,11.99],[119.84,12.31],[120.34,12.18],[119.95,11.99]]],[[[122.09,12.11],[121.94,12.11],[121.9,12.37],[122.09,12.11]]],[[[121.99,12.5],[122.02,12.69],[122.24,12.69],[121.99,12.5]]],[[[120.37,13.53],[121.44,13.34],[121.29,12.18],[120.37,13.53]]],[[[121.75,13.46],[122.2,13.53],[122.16,13.21],[121.75,13.46]]],[[[120.1,13.72],[120.12,13.85],[120.27,13.85],[120.1,13.72]]],[[[121.84,15.07],[122.13,15.01],[122.07,14.62],[121.84,15.07]]],[[[122.26,16.23],[121.6,15.84],[121.67,14.43],[122.19,13.98],[122.76,14.36],[123.12,13.79],[123.24,14.11],[123.87,13.91],[123.61,13.59],[124.14,13.21],[124.12,12.5],[123.45,13.01],[123.06,12.82],[123.27,13.27],[122.69,13.85],[122.74,13.21],[121.82,13.91],[121.4,13.59],[120.62,13.79],[120.97,14.62],[120.35,14.43],[120.04,14.81],[119.73,16.1],[120.01,16.42],[120.4,16.1],[120.61,18.54],[122.39,18.54],[122.22,17.64],[122.64,17.13],[122.26,16.23]]],[[[121.56,19.25],[121.35,19.31],[121.45,19.44],[121.56,19.25]]],[[[126.2,6.39],[125.83,7.23],[125.8,6.91],[125.52,7.04],[125.65,5.88],[125.33,5.49],[125.15,6.01],[124.7,5.81],[124.0,6.26],[124.09,7.42],[123.68,7.74],[122.76,7.23],[122.59,7.74],[122.23,6.97],[121.8,6.97],[122.1,8.0],[123.34,8.77],[124.09,8.19],[124.82,9.03],[125.48,9.03],[125.42,9.86],[126.24,9.29],[126.52,7.61],[126.2,6.39]]],[[[124.55,9.22],[124.77,9.29],[124.82,9.03],[124.55,9.22]]],[[[123.74,9.16],[123.44,9.09],[123.54,9.35],[123.74,9.16]]],[[[125.97,9.54],[125.83,9.61],[125.91,9.67],[125.97,9.54]]],[[[126.14,9.8],[126.06,9.67],[125.94,9.99],[126.14,9.8]]],[[[123.98,10.12],[124.5,10.19],[124.59,9.67],[123.78,9.54],[123.98,10.12]]],[[[122.36,9.99],[122.81,10.12],[122.9,10.89],[123.56,10.96],[123.15,9.8],[123.22,9.03],[122.59,9.35],[122.36,9.99]]],[[[125.47,10.38],[125.7,10.44],[125.71,9.86],[125.47,10.38]]],[[[124.0,10.25],[123.26,9.48],[123.41,10.25],[124.11,11.28],[124.0,10.25]]],[[[123.82,11.28],[123.79,11.02],[123.57,11.02],[123.82,11.28]]],[[[125.24,10.25],[124.92,9.99],[124.25,11.21],[124.31,11.73],[124.71,11.34],[124.97,11.73],[124.27,12.56],[125.55,12.24],[125.77,11.02],[125.06,11.21],[125.24,10.25]]],[[[123.83,12.56],[124.09,11.73],[123.17,11.99],[123.18,12.63],[123.83,12.56]]],[[[122.72,12.44],[122.69,12.24],[122.41,12.37],[122.72,12.44]]],[[[124.42,13.66],[124.11,13.53],[124.12,14.11],[124.42,13.66]]]]}},{"type":"Feature","properties":{"n":"Pahlavi Dynasty","f":1947,"t":1975,"w":"Q207991"},"geometry":{"type":"Polygon","coordinates":[[[49.09,37.51],[51.26,36.61],[54.03,36.87],[54.04,37.32],[55.2,38.03],[56.58,38.29],[61.14,36.61],[61.34,35.77],[60.57,34.23],[60.53,33.65],[60.89,33.52],[60.62,32.88],[60.84,31.59],[61.92,31.21],[60.93,29.79],[61.87,28.57],[62.8,28.19],[62.82,27.29],[63.33,27.16],[63.28,26.77],[61.85,26.19],[61.66,25.16],[57.96,25.55],[57.11,26.07],[56.71,27.16],[55.44,26.52],[55.54,26.77],[55.24,26.77],[54.83,26.45],[53.66,26.71],[51.32,27.99],[50.06,30.18],[48.39,30.12],[47.74,31.01],[47.98,31.72],[47.6,32.3],[46.23,32.94],[45.44,33.91],[46.25,35.84],[45.42,35.97],[45.1,36.42],[44.31,37.9],[44.07,39.38],[44.76,39.71],[45.87,38.87],[48.13,39.64],[48.06,38.8],[48.79,38.48],[49.09,37.51]]]}},{"type":"Feature","properties":{"n":"Second Republic of Austria","f":1947,"t":1991,"w":"Q187830"},"geometry":{"type":"Polygon","coordinates":[[[16.48,47.73],[16.28,46.94],[14.63,46.35],[12.26,46.74],[12.09,47.07],[10.94,46.74],[9.54,47.2],[9.62,47.53],[13.0,47.53],[12.77,48.19],[13.77,48.79],[14.6,48.59],[14.94,48.99],[16.76,48.79],[16.89,47.66],[16.48,47.73]]]}},{"type":"Feature","properties":{"n":"Qatar Protectorate","f":1947,"t":1952,"w":"Q944391"},"geometry":{"type":"MultiPolygon","coordinates":[[[[58.98,20.41],[58.67,20.21],[58.77,20.54],[58.98,20.41]]],[[[58.54,23.11],[59.9,22.53],[59.86,22.08],[58.61,20.41],[57.93,20.28],[57.9,18.99],[57.0,18.8],[56.41,17.9],[55.59,17.84],[55.16,17.0],[54.07,17.26],[53.89,16.81],[53.22,16.68],[52.13,18.93],[55.17,20.09],[55.77,22.01],[55.35,23.3],[55.56,23.94],[56.02,24.07],[55.95,24.97],[56.48,24.97],[57.06,24.07],[58.37,23.69],[58.54,23.11]]],[[[56.07,26.13],[56.48,26.39],[56.54,26.26],[56.39,25.62],[56.07,26.13]]]]}},{"type":"Feature","properties":{"n":"New Zealand","f":1948,"t":2023,"w":"Q664"},"geometry":{"type":"MultiPolygon","coordinates":[[[[165.81,-50.65],[166.33,-50.59],[166.29,-50.92],[165.81,-50.65]]],[[[168.23,-47.14],[167.54,-47.28],[167.52,-46.68],[168.23,-47.14]]],[[[173.93,-42.31],[172.68,-43.28],[173.14,-43.94],[172.45,-43.81],[171.24,-44.39],[170.76,-45.9],[169.77,-46.55],[168.82,-46.75],[166.65,-46.29],[166.27,-45.9],[167.8,-44.26],[170.81,-42.83],[172.19,-40.62],[172.64,-40.49],[173.1,-41.21],[173.74,-40.95],[174.27,-41.27],[173.93,-42.31]]],[[[173.68,-40.69],[173.95,-40.82],[173.82,-40.95],[173.68,-40.69]]],[[[174.69,-36.81],[175.32,-37.13],[175.19,-36.75],[175.53,-36.68],[176.06,-37.71],[177.28,-37.97],[178.18,-37.52],[178.46,-37.78],[178.26,-38.62],[177.78,-38.81],[177.89,-39.33],[176.9,-39.26],[176.85,-40.23],[175.49,-41.66],[174.43,-41.27],[175.05,-40.17],[173.51,-39.26],[174.35,-38.94],[174.66,-37.71],[174.01,-36.62],[174.21,-36.36],[173.87,-36.42],[172.52,-34.43],[174.19,-35.2],[174.69,-36.81]]]]}},{"type":"Feature","properties":{"n":"Islamic Republic of Pakistan","f":1948,"t":1962,"w":"Q843"},"geometry":{"type":"MultiPolygon","coordinates":[[[[91.22,22.4],[91.26,22.21],[91.03,22.14],[91.22,22.4]]],[[[92.33,21.37],[92.18,20.86],[91.5,22.79],[90.94,22.53],[90.78,21.95],[89.12,21.76],[88.63,23.56],[88.81,24.2],[88.11,24.52],[88.99,25.29],[88.18,25.81],[88.4,26.58],[89.34,26.0],[89.82,26.13],[90.1,25.23],[92.45,24.97],[91.22,23.43],[91.75,22.98],[92.08,23.69],[92.36,23.56],[92.69,21.31],[92.33,21.37]]],[[[77.17,35.32],[76.8,34.81],[73.9,34.61],[74.28,33.97],[74.08,33.14],[75.35,32.36],[74.63,31.91],[74.57,30.95],[73.94,30.12],[71.89,27.99],[70.72,27.74],[70.39,28.06],[69.56,27.09],[69.51,26.77],[70.22,26.45],[70.19,25.74],[70.7,25.62],[71.05,24.33],[68.8,24.26],[67.63,23.81],[66.35,25.55],[61.65,25.1],[61.85,26.19],[63.11,26.64],[63.33,27.16],[62.82,27.29],[62.8,28.19],[61.87,28.57],[61.0,29.79],[64.12,29.41],[66.33,29.92],[66.44,30.95],[66.88,31.27],[67.72,31.27],[68.12,31.79],[69.09,31.66],[69.54,33.07],[70.26,33.2],[69.99,34.04],[71.19,34.23],[71.05,34.61],[71.68,35.32],[71.39,36.29],[72.38,36.8],[75.31,37.0],[77.17,35.32]],[[69.83,28.32],[69.76,28.32],[69.75,28.25],[69.83,28.32]]]]}},{"type":"Feature","properties":{"n":"Kingdom of Great Britain","f":1948,"t":1955,"w":"Q23666"},"geometry":{"type":"MultiPolygon","coordinates":[[[[-5.36,36.16],[-5.52,36.16],[-5.3,36.35],[-5.36,36.16]]],[[[-4.81,54.34],[-4.38,54.41],[-4.36,54.21],[-4.86,54.07],[-4.81,54.34]]],[[[-2.67,56.25],[-3.26,56.05],[-1.73,55.7],[-1.29,54.68],[-0.2,54.21],[0.3,53.39],[0.17,52.86],[1.62,52.86],[1.59,52.12],[0.52,51.51],[1.38,51.38],[1.31,51.11],[0.49,50.78],[-1.37,50.85],[-1.18,50.58],[-3.13,50.71],[-3.58,50.25],[-5.75,50.05],[-4.2,51.31],[-3.09,51.25],[-2.95,51.45],[-5.08,51.58],[-5.3,51.98],[-4.16,52.45],[-4.3,52.92],[-4.79,52.79],[-4.49,53.12],[-4.7,53.46],[-3.32,53.39],[-2.97,54.14],[-3.59,54.27],[-3.57,54.89],[-5.21,54.75],[-4.77,55.43],[-5.0,55.84],[-5.44,55.91],[-5.12,55.43],[-5.57,55.57],[-5.63,55.29],[-5.89,55.29],[-5.8,55.98],[-6.63,55.63],[-5.66,56.18],[-6.29,56.32],[-5.95,57.01],[-6.82,57.49],[-6.32,57.77],[-5.7,57.14],[-5.89,57.83],[-5.2,58.67],[-3.14,58.74],[-3.43,58.18],[-4.12,57.97],[-3.99,57.7],[-1.85,57.7],[-2.67,56.25]]],[[[-7.64,54.14],[-8.13,54.55],[-6.15,55.29],[-5.42,54.41],[-5.9,54.07],[-7.24,54.41],[-7.64,54.14]]],[[[-7.29,57.08],[-7.47,57.08],[-7.6,57.35],[-7.25,57.42],[-7.29,57.08]]],[[[-7.44,57.49],[-7.56,57.7],[-7.12,57.7],[-7.44,57.49]]],[[[-7.13,57.77],[-7.28,58.18],[-6.26,58.53],[-6.21,58.18],[-7.13,57.77]]],[[[-3.2,59.22],[-2.79,58.88],[-3.42,58.81],[-3.2,59.22]]],[[[-2.83,59.16],[-2.84,59.29],[-2.58,59.36],[-2.83,59.16]]],[[[-1.2,60.07],[-1.67,60.21],[-1.63,60.63],[-0.83,60.84],[-1.2,60.07]]],[[[52.1,15.46],[49.41,14.69],[48.79,14.04],[45.74,13.34],[45.05,12.76],[43.59,12.69],[45.18,13.91],[46.0,14.04],[46.16,14.36],[45.61,15.14],[48.0,18.09],[49.0,18.61],[52.13,18.93],[53.22,16.68],[52.38,16.29],[52.1,15.46]]],[[[54.29,17.26],[54.42,17.0],[53.89,16.87],[54.29,17.26]]],[[[58.81,23.62],[59.27,22.98],[58.54,23.11],[58.44,23.69],[58.81,23.62]]],[[[55.3,22.66],[54.92,22.53],[52.57,22.91],[51.7,24.26],[54.08,24.14],[56.07,26.07],[56.5,25.16],[56.23,24.78],[55.95,24.97],[56.02,24.07],[55.3,22.66]]],[[[51.12,26.13],[51.7,25.87],[51.5,24.52],[50.98,24.59],[50.77,25.55],[51.12,26.13]]],[[[50.69,26.26],[50.65,25.87],[50.43,25.94],[50.69,26.26]]],[[[46.69,29.15],[47.24,30.05],[48.37,29.92],[48.4,29.6],[47.85,29.41],[48.32,28.83],[46.69,29.15]]],[[[34.09,35.0],[33.04,34.55],[32.23,34.94],[34.54,35.71],[34.09,35.0]]],[[[14.57,35.97],[14.57,35.77],[14.34,35.84],[14.57,35.97]]],[[[13.44,52.59],[13.18,52.59],[13.27,52.65],[13.44,52.59]]]]}},{"type":"Feature","properties":{"n":"Democratic People's Republic of Korea","f":1948,"t":1952,"w":"Q423"},"geometry":{"type":"Polygon","coordinates":[[[129.76,40.87],[127.55,39.71],[127.48,39.19],[128.36,38.8],[128.75,38.09],[124.76,38.09],[125.39,39.38],[124.27,39.9],[124.57,40.29],[126.11,41.0],[126.83,41.78],[128.1,41.39],[128.34,41.65],[128.07,41.98],[128.84,42.04],[130.08,42.95],[130.61,42.3],[129.7,41.65],[129.76,40.87]]]}},{"type":"Feature","properties":{"n":"Kingdom of Afghanistan","f":1948,"t":1968,"w":"Q1138904"},"geometry":{"type":"Polygon","coordinates":[[[71.68,35.32],[71.05,34.61],[71.19,34.23],[69.99,34.04],[70.26,33.2],[69.54,33.07],[69.09,31.66],[68.12,31.79],[67.72,31.27],[66.88,31.27],[65.99,29.73],[62.3,29.41],[60.93,29.79],[61.92,31.21],[60.84,31.59],[60.62,32.88],[60.89,33.52],[60.53,33.65],[60.57,34.23],[61.3,35.58],[62.3,35.19],[62.96,35.39],[65.71,37.51],[67.92,37.0],[69.35,37.13],[69.55,37.58],[70.27,37.64],[70.71,38.42],[71.18,38.42],[71.57,37.84],[71.58,36.74],[73.33,37.45],[74.92,37.25],[71.39,36.29],[71.68,35.32]]]}},{"type":"Feature","properties":{"n":"Republic of Korea","f":1948,"t":1952,"w":"Q423"},"geometry":{"type":"MultiPolygon","coordinates":[[[[126.14,33.2],[127.0,33.59],[126.7,33.26],[126.14,33.2]]],[[[129.62,35.71],[129.15,35.07],[128.53,35.07],[128.68,34.74],[128.08,34.94],[127.38,34.42],[127.22,34.74],[126.12,34.36],[126.77,35.9],[126.05,36.8],[126.7,37.32],[126.35,37.84],[124.9,37.9],[128.83,38.09],[129.47,37.25],[129.62,35.71]]]]}},{"type":"Feature","properties":{"n":"Sri Lanka","f":1948,"t":2023,"w":"Q854"},"geometry":{"type":"Polygon","coordinates":[[[81.88,6.71],[81.34,6.14],[80.23,5.88],[79.61,7.87],[80.05,9.16],[79.88,9.86],[80.45,9.74],[81.92,7.42],[81.88,6.71]]]}},{"type":"Feature","properties":{"n":"Republic of India","f":1948,"t":1952,"w":"Q668"},"geometry":{"type":"MultiPolygon","coordinates":[[[[93.51,7.23],[93.74,7.42],[93.92,6.84],[93.51,7.23]]],[[[93.49,8.06],[93.48,7.87],[93.26,7.87],[93.49,8.06]]],[[[92.29,10.57],[92.39,10.89],[92.61,10.89],[92.29,10.57]]],[[[92.85,13.53],[93.08,13.59],[92.73,11.54],[92.85,13.53]]],[[[78.77,31.34],[81.01,30.18],[80.1,28.77],[83.08,27.42],[84.43,27.42],[85.27,26.71],[87.99,26.39],[88.14,27.87],[88.48,28.06],[88.95,27.8],[88.8,27.09],[90.0,26.71],[91.82,26.77],[92.11,27.42],[95.58,28.77],[97.42,28.25],[97.0,27.74],[97.16,27.16],[96.21,27.29],[95.16,26.58],[94.13,23.88],[93.4,24.01],[93.02,22.01],[92.59,22.14],[92.23,23.69],[91.75,22.98],[91.22,23.43],[92.45,24.97],[90.1,25.23],[89.82,26.13],[89.34,26.0],[88.4,26.58],[88.18,25.81],[88.99,25.29],[88.11,24.52],[88.81,24.2],[89.11,21.69],[88.73,21.63],[88.64,22.08],[88.35,21.56],[88.1,21.95],[87.07,21.44],[87.03,20.6],[86.42,19.89],[85.37,19.83],[84.38,18.41],[82.45,17.13],[82.38,16.55],[80.38,15.71],[80.09,15.07],[80.41,13.08],[79.73,11.92],[79.9,10.25],[79.32,10.25],[78.96,9.22],[77.28,8.06],[76.2,9.48],[75.68,11.6],[74.75,12.82],[74.31,14.56],[74.52,15.26],[73.8,15.46],[73.42,16.04],[72.53,22.27],[72.11,21.89],[72.18,21.18],[70.72,20.66],[68.95,22.21],[70.43,22.85],[69.23,22.79],[68.13,23.56],[68.8,24.26],[71.05,24.33],[70.7,25.62],[70.19,25.74],[70.22,26.45],[69.51,26.77],[69.56,27.09],[70.39,28.06],[70.72,27.74],[71.89,27.99],[74.57,30.95],[74.63,31.91],[75.3,32.17],[74.08,33.14],[74.28,33.97],[73.9,34.61],[75.64,34.49],[78.06,35.45],[78.17,34.74],[79.07,34.36],[78.54,32.62],[78.77,31.34]],[[88.34,22.59],[88.42,22.59],[88.52,22.79],[88.34,22.59]],[[75.52,32.11],[75.5,32.04],[75.58,32.04],[75.52,32.11]],[[73.19,20.15],[72.9,20.21],[72.96,20.09],[73.19,20.15]]],[[[63.83,29.47],[63.75,29.47],[63.76,29.54],[63.83,29.47]]],[[[66.33,29.92],[66.25,29.92],[66.26,29.99],[66.33,29.92]]]]}},{"type":"Feature","properties":{"n":"(British Empire)","f":1948,"t":1952,"w":"Q8680"},"geometry":{"type":"MultiPolygon","coordinates":[[[[-61.0,10.06],[-61.73,10.06],[-61.55,10.83],[-60.89,10.83],[-61.0,10.06]]],[[[-61.57,12.24],[-61.55,11.99],[-61.78,12.05],[-61.57,12.24]]],[[[-61.28,13.34],[-61.07,13.4],[-61.05,13.14],[-61.28,13.34]]],[[[-61.26,15.65],[-61.15,15.2],[-61.37,15.2],[-61.26,15.65]]],[[[-61.62,16.94],[-61.76,16.94],[-61.87,17.19],[-61.62,16.94]]],[[[-89.05,17.96],[-88.08,18.35],[-88.14,16.81],[-88.82,15.91],[-89.11,15.91],[-89.05,17.96]]],[[[-64.58,17.71],[-64.87,17.64],[-64.89,17.84],[-64.58,17.71]]],[[[-78.39,18.29],[-77.01,18.48],[-76.12,17.9],[-77.74,17.84],[-78.39,18.29]]],[[[-73.66,20.92],[-73.69,21.11],[-72.97,21.24],[-73.66,20.92]]],[[[-72.32,21.89],[-72.1,21.89],[-72.08,21.76],[-72.32,21.89]]],[[[-72.69,22.34],[-72.68,22.27],[-72.82,22.27],[-72.69,22.34]]],[[[-73.67,22.46],[-74.15,22.21],[-73.94,22.72],[-73.67,22.46]]],[[[-74.86,22.91],[-75.17,23.43],[-75.02,23.43],[-74.86,22.91]]],[[[-77.76,23.75],[-77.92,24.2],[-77.48,24.26],[-77.4,23.81],[-77.76,23.75]]],[[[-74.55,24.14],[-74.32,24.14],[-74.3,24.01],[-74.55,24.14]]],[[[-75.59,24.52],[-75.35,24.46],[-75.28,24.07],[-75.59,24.52]]],[[[-78.39,24.71],[-78.19,25.23],[-77.62,24.59],[-78.09,24.33],[-78.39,24.71]]],[[[-76.26,24.91],[-76.05,24.97],[-76.09,24.78],[-76.26,24.91]]],[[[-76.35,25.36],[-76.33,25.29],[-76.48,25.29],[-76.35,25.36]]],[[[-77.29,25.94],[-77.19,26.52],[-77.67,26.97],[-76.94,26.39],[-77.29,25.94]]],[[[-78.68,26.45],[-78.8,26.64],[-78.6,26.77],[-77.98,26.71],[-78.68,26.45]]],[[[-64.67,32.17],[-64.86,32.3],[-64.65,32.36],[-64.67,32.17]]],[[[-61.32,56.94],[-61.33,56.66],[-61.85,56.8],[-61.69,56.25],[-60.47,55.84],[-60.32,55.29],[-57.44,54.68],[-58.2,54.34],[-55.91,53.46],[-55.83,51.98],[-56.95,51.51],[-57.0,52.12],[-63.48,52.12],[-63.67,53.19],[-64.06,52.99],[-64.17,51.98],[-66.38,52.99],[-67.3,54.75],[-66.83,54.82],[-67.13,55.29],[-66.56,54.95],[-66.26,55.02],[-66.39,55.36],[-65.56,54.89],[-63.56,54.75],[-63.07,55.36],[-63.89,56.39],[-63.76,57.56],[-64.36,58.18],[-63.83,58.6],[-64.88,58.95],[-64.3,59.02],[-65.02,60.56],[-62.48,58.04],[-61.98,57.97],[-61.32,56.94]]],[[[-37.96,-54.01],[-36.62,-54.15],[-35.74,-54.82],[-36.16,-55.03],[-37.96,-54.01]]],[[[-61.23,-51.99],[-61.12,-51.79],[-60.81,-51.86],[-61.23,-51.99]]],[[[-59.02,-51.32],[-57.81,-51.45],[-58.66,-52.12],[-59.83,-52.26],[-59.02,-51.32]]],[[[-59.74,-51.92],[-60.91,-52.19],[-60.37,-51.65],[-60.57,-51.39],[-59.22,-51.39],[-59.74,-51.92]]],[[[-57.33,5.04],[-57.91,4.91],[-58.11,3.89],[-57.3,3.24],[-56.72,1.89],[-57.44,1.96],[-58.9,1.19],[-59.77,1.76],[-60.0,3.24],[-59.57,3.95],[-60.16,4.53],[-60.1,5.17],[-61.27,5.69],[-61.15,6.59],[-60.36,6.97],[-60.67,7.61],[-59.76,8.45],[-57.12,5.94],[-57.33,5.04]]],[[[0.55,6.71],[1.13,6.07],[0.91,5.75],[-1.87,4.72],[-2.96,4.98],[-2.74,5.49],[-3.24,6.84],[-2.51,8.19],[-2.8,10.96],[-0.02,11.09],[0.56,9.35],[0.55,6.71]]],[[[-11.41,6.97],[-12.95,7.49],[-12.73,7.74],[-13.31,8.32],[-13.32,9.03],[-12.45,9.86],[-11.28,9.99],[-10.69,9.41],[-10.69,8.32],[-10.25,8.45],[-11.41,6.97]]],[[[11.19,13.4],[12.44,13.08],[13.62,13.72],[14.19,12.44],[14.7,12.18],[14.62,11.47],[13.81,11.15],[11.79,7.04],[10.17,5.75],[9.41,3.89],[8.33,4.79],[5.92,4.27],[4.56,6.26],[2.74,6.33],[2.75,8.96],[3.85,10.51],[3.71,12.5],[4.59,13.72],[5.84,13.85],[6.94,13.01],[8.11,13.34],[8.99,12.82],[11.19,13.4]]],[[[-60.62,11.09],[-60.84,11.09],[-60.7,11.34],[-60.62,11.09]]],[[[-59.57,13.01],[-59.67,13.34],[-59.52,13.34],[-59.57,13.01]]],[[[-16.82,13.08],[-16.83,13.4],[-15.23,13.79],[-13.75,13.46],[-16.82,13.08]]],[[[-60.94,13.66],[-61.04,14.04],[-60.82,14.04],[-60.94,13.66]]],[[[-5.3,36.35],[-5.36,36.16],[-5.52,36.16],[-5.3,36.35]]],[[[-55.57,50.05],[-55.89,49.65],[-55.23,49.32],[-54.77,49.58],[-53.48,49.32],[-54.0,48.79],[-53.8,48.52],[-53.06,48.72],[-52.95,48.46],[-53.83,48.19],[-53.83,47.8],[-53.58,47.6],[-52.92,48.19],[-53.23,47.53],[-52.76,47.8],[-52.62,47.47],[-53.02,46.61],[-53.68,46.61],[-53.67,47.01],[-54.25,46.81],[-53.91,47.4],[-54.11,47.86],[-55.34,46.87],[-56.08,47.07],[-55.42,47.27],[-55.1,47.66],[-55.48,47.4],[-55.87,47.73],[-59.36,47.6],[-59.35,48.13],[-58.59,48.46],[-59.26,48.65],[-58.15,49.12],[-58.33,49.52],[-57.95,49.58],[-56.89,51.38],[-55.46,51.58],[-55.95,51.38],[-55.71,51.05],[-56.61,50.11],[-55.57,50.05]]],[[[-4.36,54.21],[-4.86,54.07],[-4.81,54.34],[-4.36,54.21]]],[[[-2.67,56.25],[-3.26,56.05],[-1.73,55.7],[-1.29,54.68],[-0.2,54.21],[0.3,53.39],[0.17,52.86],[1.62,52.86],[1.59,52.12],[0.52,51.51],[1.38,51.38],[1.31,51.11],[0.49,50.78],[-1.37,50.85],[-1.18,50.58],[-3.13,50.71],[-3.58,50.25],[-5.75,50.05],[-4.2,51.31],[-3.09,51.25],[-2.95,51.45],[-5.08,51.58],[-5.3,51.98],[-4.16,52.45],[-4.3,52.92],[-4.79,52.79],[-4.49,53.12],[-4.7,53.46],[-3.32,53.39],[-2.97,54.14],[-3.59,54.27],[-3.57,54.89],[-5.21,54.75],[-4.77,55.43],[-5.0,55.84],[-5.44,55.91],[-5.12,55.43],[-5.57,55.57],[-5.63,55.29],[-5.89,55.29],[-5.8,55.98],[-6.63,55.63],[-5.66,56.18],[-6.29,56.32],[-5.95,57.01],[-6.82,57.49],[-6.32,57.77],[-5.7,57.14],[-5.89,57.83],[-5.2,58.67],[-3.14,58.74],[-3.43,58.18],[-4.12,57.97],[-3.99,57.7],[-1.85,57.7],[-2.67,56.25]]],[[[-8.13,54.55],[-6.15,55.29],[-5.42,54.41],[-5.9,54.07],[-8.13,54.55]]],[[[-7.47,57.08],[-7.6,57.35],[-7.25,57.42],[-7.47,57.08]]],[[[-7.12,57.7],[-7.11,57.63],[-7.44,57.49],[-7.12,57.7]]],[[[-7.13,57.77],[-7.28,58.18],[-6.26,58.53],[-6.52,57.9],[-7.13,57.77]]],[[[-2.79,58.88],[-3.53,59.02],[-3.38,59.22],[-2.79,58.88]]],[[[-2.83,59.16],[-2.84,59.29],[-2.58,59.36],[-2.83,59.16]]],[[[-1.67,60.21],[-1.63,60.63],[-0.83,60.84],[-1.05,60.35],[-1.67,60.21]]],[[[26.89,-29.67],[28.2,-28.64],[29.29,-29.22],[28.96,-30.06],[27.93,-30.7],[26.89,-29.67]]],[[[31.82,-27.29],[30.99,-27.23],[30.72,-26.39],[31.06,-25.82],[31.74,-25.94],[31.82,-27.29]]],[[[35.14,-13.79],[35.14,-13.86],[35.06,-13.86],[35.14,-13.79]]],[[[34.99,-13.66],[34.99,-13.73],[34.91,-13.73],[34.99,-13.66]]],[[[34.84,-13.6],[34.91,-13.6],[34.91,-13.66],[34.84,-13.6]]],[[[39.67,-8.01],[39.53,-8.01],[39.67,-7.69],[39.67,-8.01]]],[[[39.49,-6.14],[39.43,-6.53],[39.06,-6.21],[39.27,-5.76],[39.49,-6.14]]],[[[39.77,-4.99],[39.7,-5.44],[39.55,-5.44],[39.77,-4.99]]],[[[55.43,-4.79],[55.21,-4.6],[55.43,-4.6],[55.43,-4.79]]],[[[15.21,32.36],[15.65,31.4],[17.85,30.95],[18.97,30.24],[20.12,30.76],[20.02,32.24],[21.11,32.81],[22.11,32.94],[23.09,32.62],[23.3,32.17],[25.11,31.79],[24.72,29.92],[25.06,21.95],[36.96,21.95],[37.37,21.24],[37.41,18.99],[38.7,18.09],[39.73,15.2],[39.97,15.52],[40.31,14.94],[41.32,14.62],[43.22,12.69],[42.4,12.44],[40.29,14.43],[38.52,14.43],[37.95,14.81],[37.63,14.17],[36.61,14.3],[36.18,12.76],[35.21,11.99],[34.95,10.76],[34.36,10.64],[34.15,8.64],[33.04,8.13],[34.76,6.59],[36.01,4.46],[39.49,3.44],[40.6,4.27],[41.32,3.89],[43.68,4.91],[44.77,4.85],[47.86,7.94],[46.84,8.0],[43.38,9.41],[42.76,10.44],[43.24,11.54],[44.08,10.57],[44.88,10.44],[45.71,10.89],[46.58,10.76],[47.26,11.21],[50.13,11.54],[50.59,11.99],[51.31,11.86],[50.83,9.29],[47.89,4.34],[45.87,2.34],[43.28,0.54],[41.4,-1.9],[40.17,-2.67],[39.11,-4.73],[38.77,-6.34],[39.43,-6.85],[39.25,-8.59],[39.72,-10.0],[40.32,-10.51],[38.51,-11.41],[37.85,-11.29],[37.28,-11.8],[34.93,-11.61],[34.38,-9.74],[33.79,-9.55],[34.17,-13.54],[34.49,-14.31],[35.23,-14.44],[35.14,-13.92],[35.83,-14.76],[35.79,-15.85],[35.08,-16.43],[35.18,-17.14],[34.26,-16.17],[34.52,-15.21],[34.27,-14.44],[33.47,-14.56],[32.94,-14.05],[30.1,-15.01],[30.35,-15.98],[32.88,-16.81],[32.92,-19.96],[32.31,-21.38],[31.15,-22.47],[29.14,-22.15],[28.26,-22.6],[25.79,-24.79],[25.44,-25.69],[24.47,-25.88],[22.96,-25.3],[21.65,-26.84],[20.52,-26.84],[20.73,-25.94],[19.88,-24.85],[19.91,-22.02],[20.95,-21.89],[20.89,-18.36],[23.1,-18.04],[23.63,-18.49],[25.02,-17.78],[23.24,-17.65],[22.12,-16.69],[21.91,-13.02],[23.82,-12.96],[24.01,-10.9],[24.39,-11.48],[25.19,-11.29],[25.34,-11.74],[26.15,-11.99],[27.1,-11.67],[28.89,-13.41],[29.7,-13.41],[29.74,-12.25],[29.02,-12.44],[28.34,-11.8],[28.6,-9.68],[28.3,-9.23],[28.95,-8.46],[30.33,-8.26],[30.34,-8.59],[31.14,-8.78],[30.39,-6.66],[29.72,-6.34],[29.56,-4.86],[29.56,-4.41],[30.57,-3.44],[30.34,-2.54],[30.77,-1.71],[30.33,-1.13],[29.53,-1.32],[29.46,-0.87],[29.89,0.86],[31.23,2.15],[30.72,2.41],[30.82,3.56],[29.53,4.66],[29.16,4.34],[27.86,4.53],[25.23,7.81],[23.57,8.77],[23.66,9.93],[22.88,10.89],[22.47,12.63],[21.89,12.69],[21.89,13.01],[23.05,15.59],[24.09,15.84],[24.04,19.57],[18.82,22.14],[18.99,28.19],[17.8,28.77],[17.59,29.54],[14.48,29.28],[13.43,29.6],[12.36,28.51],[11.61,28.89],[9.95,28.77],[9.41,30.18],[10.32,30.82],[10.17,31.59],[11.54,32.36],[11.54,33.14],[12.53,32.75],[13.07,32.94],[13.76,32.88],[15.21,32.36]],[[13.15,32.81],[13.15,32.88],[13.07,32.88],[13.15,32.81]],[[31.51,-2.41],[31.8,-2.8],[32.09,-2.41],[33.76,-2.35],[33.25,-1.96],[33.9,-1.58],[34.04,-0.61],[34.77,-0.36],[33.38,0.48],[31.78,-0.04],[31.51,-2.41]],[[32.6,-2.74],[32.6,-2.99],[32.82,-2.99],[32.6,-2.74]]],[[[53.53,12.31],[53.32,12.5],[54.5,12.63],[53.53,12.31]]],[[[40.14,15.91],[40.34,15.52],[39.97,15.59],[40.14,15.91]]],[[[49.41,14.69],[48.79,14.04],[45.74,13.34],[45.05,12.76],[43.59,12.69],[45.18,13.91],[46.0,14.04],[46.16,14.36],[45.61,15.14],[48.0,18.09],[49.0,18.61],[52.13,18.93],[53.22,16.68],[52.38,16.29],[52.26,15.59],[49.41,14.69]]],[[[54.2,17.0],[53.89,16.87],[54.07,17.26],[54.2,17.0]]],[[[52.57,22.91],[51.7,24.26],[54.08,24.14],[56.28,26.0],[56.5,25.16],[55.86,24.78],[56.02,24.07],[55.56,23.94],[55.3,22.66],[52.57,22.91]]],[[[51.7,25.87],[51.5,24.52],[50.79,24.97],[50.95,25.94],[51.7,25.87]]],[[[50.65,25.87],[50.43,25.94],[50.46,26.26],[50.65,25.87]]],[[[48.37,29.92],[48.4,29.6],[47.85,29.41],[48.32,28.83],[46.69,29.15],[47.24,30.05],[48.37,29.92]]],[[[32.04,30.56],[32.08,31.08],[32.78,30.24],[32.6,29.92],[32.04,30.56]]],[[[29.95,31.08],[29.78,30.89],[29.64,31.01],[29.95,31.08]]],[[[32.37,34.74],[32.25,35.13],[34.54,35.71],[33.52,34.74],[32.37,34.74]]],[[[14.57,35.77],[14.34,35.84],[14.34,36.03],[14.57,35.77]]],[[[13.18,52.59],[13.27,52.65],[13.44,52.59],[13.18,52.59]]],[[[57.57,-20.54],[57.19,-20.54],[57.45,-19.96],[57.57,-20.54]]],[[[178.21,-18.94],[178.25,-19.06],[177.97,-19.13],[178.21,-18.94]]],[[[178.65,-18.1],[177.19,-18.16],[177.36,-17.46],[178.41,-17.52],[178.65,-18.1]]],[[[179.83,-16.17],[179.83,-16.75],[178.39,-16.88],[179.83,-16.17]]],[[[160.19,-11.54],[160.46,-11.86],[160.24,-11.86],[160.19,-11.54]]],[[[166.08,-10.77],[165.66,-10.9],[165.64,-10.71],[166.08,-10.77]]],[[[161.7,-10.84],[161.11,-10.19],[161.94,-10.45],[162.3,-10.9],[161.7,-10.84]]],[[[160.5,-10.0],[159.42,-9.61],[159.45,-9.23],[160.51,-9.49],[160.5,-10.0]]],[[[161.49,-9.81],[160.61,-9.1],[160.44,-8.26],[161.49,-9.81]]],[[[157.31,-8.39],[157.27,-8.65],[157.12,-8.65],[157.31,-8.39]]],[[[156.82,-7.81],[157.49,-8.01],[157.95,-8.84],[157.38,-8.33],[156.82,-7.81]]],[[[159.74,-8.52],[159.29,-8.39],[158.33,-7.56],[159.74,-8.52]]],[[[156.57,-7.56],[156.68,-7.94],[156.54,-8.01],[156.57,-7.56]]],[[[155.59,-7.17],[155.57,-6.98],[155.72,-6.98],[155.59,-7.17]]],[[[156.77,-7.3],[156.27,-6.59],[156.79,-6.72],[157.35,-7.3],[156.77,-7.3]]],[[[104.06,2.92],[104.21,2.86],[104.2,2.73],[104.06,2.92]]],[[[119.26,5.17],[118.81,4.91],[118.16,4.98],[118.56,4.34],[115.63,4.21],[115.51,3.31],[114.41,1.44],[113.31,1.25],[112.38,1.57],[111.7,0.99],[110.46,0.86],[109.47,1.76],[109.63,2.02],[110.92,1.51],[111.26,2.73],[112.81,3.11],[113.91,4.59],[115.31,4.98],[115.35,5.49],[115.79,5.62],[116.69,7.04],[117.75,6.46],[117.64,5.94],[119.26,5.17]]],[[[103.36,4.98],[103.4,2.86],[103.96,2.28],[104.14,1.31],[103.27,1.31],[101.22,2.79],[100.48,4.21],[100.03,6.52],[100.68,6.46],[101.07,5.62],[101.88,5.75],[102.05,6.26],[103.36,4.98]]],[[[99.88,6.52],[99.87,6.26],[99.58,6.39],[99.88,6.52]]],[[[117.23,7.36],[117.21,7.16],[116.99,7.1],[117.23,7.36]]],[[[114.53,22.14],[114.0,22.08],[114.0,22.46],[114.6,22.53],[114.53,22.14]]],[[[59.27,22.98],[58.54,23.11],[58.37,23.69],[59.27,22.98]]]]}},{"type":"Feature","properties":{"n":"Socialist Republic of Romania","f":1948,"t":1986,"w":"Q842794"},"geometry":{"type":"Polygon","coordinates":[[[29.53,44.91],[28.8,44.97],[28.51,43.73],[26.61,44.12],[25.43,43.6],[24.15,43.67],[22.95,43.8],[22.5,44.32],[22.69,44.65],[21.4,44.78],[21.43,45.17],[20.26,46.15],[21.18,46.35],[21.99,47.53],[22.85,47.99],[25.07,47.8],[26.85,48.26],[28.24,46.61],[28.13,45.5],[29.58,45.43],[29.53,44.91]]]}},{"type":"Feature","properties":{"n":"Burma","f":1948,"t":1986,"w":"Q836"},"geometry":{"type":"MultiPolygon","coordinates":[[[[98.25,10.96],[98.3,10.76],[98.09,10.83],[98.25,10.96]]],[[[98.32,11.79],[98.61,11.73],[98.52,11.54],[98.32,11.79]]],[[[98.46,12.44],[98.25,12.5],[98.27,12.69],[98.46,12.44]]],[[[97.94,19.64],[97.87,18.67],[97.45,18.35],[98.93,16.36],[98.23,14.94],[99.13,13.85],[99.66,11.99],[98.46,10.06],[98.76,11.73],[98.65,12.82],[97.77,14.81],[97.62,16.49],[96.93,17.32],[96.83,16.61],[95.61,15.71],[94.24,15.97],[94.48,18.22],[94.12,18.86],[93.51,18.74],[93.8,19.7],[92.25,20.79],[92.73,22.08],[93.19,22.14],[93.4,24.01],[94.13,23.88],[95.16,26.58],[96.21,27.29],[97.16,27.16],[97.0,27.74],[97.56,28.51],[98.74,27.48],[98.84,26.58],[98.67,25.81],[97.65,24.78],[97.65,23.94],[98.88,24.14],[98.94,23.24],[99.57,22.98],[99.29,22.14],[99.94,22.08],[100.22,21.5],[101.16,21.76],[100.13,20.41],[97.94,19.64]]]]}},{"type":"Feature","properties":{"n":"Kingdom of Bhutan","f":1948,"t":1952,"w":"Q917"},"geometry":{"type":"Polygon","coordinates":[[[95.9,29.41],[96.64,28.77],[95.58,28.77],[92.11,27.42],[91.82,26.77],[89.7,26.71],[88.8,27.09],[89.89,28.32],[91.57,28.06],[91.67,27.48],[92.03,27.42],[93.45,28.7],[95.9,29.41]]]}},{"type":"Feature","properties":{"n":"People's Republic of Bulgaria","f":1949,"t":1989,"w":"Q121932"},"geometry":{"type":"Polygon","coordinates":[[[27.51,42.63],[27.93,41.98],[26.57,41.98],[25.72,41.26],[24.55,41.59],[22.94,41.39],[22.37,42.3],[22.9,43.08],[22.37,43.6],[22.66,44.19],[22.95,43.8],[24.15,43.67],[25.43,43.6],[26.61,44.12],[28.51,43.73],[27.51,42.63]]]}},{"type":"Feature","properties":{"n":"Kingdom of Jordan","f":1949,"t":1952,"w":"Q810"},"geometry":{"type":"Polygon","coordinates":[[[38.29,29.99],[36.03,29.15],[34.91,29.34],[35.53,31.4],[34.99,31.4],[35.08,32.43],[35.72,32.75],[36.83,32.3],[38.84,33.33],[39.26,32.17],[37.14,31.53],[38.29,29.99]]]}},{"type":"Feature","properties":{"n":"Czechoslovakia","f":1949,"t":1952,"w":"Q33946"},"geometry":{"type":"Polygon","coordinates":[[[22.06,48.39],[20.58,48.59],[17.71,47.73],[17.06,47.99],[16.76,48.79],[14.94,48.99],[14.18,48.59],[12.53,49.52],[12.12,50.25],[14.33,51.05],[15.26,50.98],[16.34,50.65],[16.49,50.18],[17.75,50.25],[18.88,49.45],[21.8,49.38],[22.43,48.92],[22.06,48.39]]]}},{"type":"Feature","properties":{"n":"Second Syrian Republic","f":1949,"t":1955,"w":"Q146885"},"geometry":{"type":"Polygon","coordinates":[[[36.83,32.3],[35.57,32.81],[36.63,34.16],[36.06,34.61],[35.84,35.58],[36.68,36.8],[39.54,36.67],[42.26,37.25],[42.11,36.74],[41.29,36.42],[41.04,34.42],[36.83,32.3]]]}},{"type":"Feature","properties":{"n":"Lebanon","f":1949,"t":1966,"w":"Q139708"},"geometry":{"type":"Polygon","coordinates":[[[35.64,34.36],[36.37,34.68],[36.63,34.16],[35.22,33.14],[35.64,34.36]],[[35.6,33.91],[35.52,33.91],[35.59,33.84],[35.6,33.91]]]}},{"type":"Feature","properties":{"n":"State of Israel","f":1949,"t":1952,"w":"Q801"},"geometry":{"type":"Polygon","coordinates":[[[35.06,33.01],[35.69,33.26],[35.54,32.43],[35.08,32.43],[34.99,31.4],[35.53,31.4],[34.92,29.54],[34.3,31.27],[35.06,33.01]],[[34.92,32.3],[34.92,32.36],[34.85,32.36],[34.92,32.3]]]}},{"type":"Feature","properties":{"n":"Republic of Turkey","f":1949,"t":2005,"w":"Q43"},"geometry":{"type":"MultiPolygon","coordinates":[[[[32.63,41.91],[34.88,42.04],[35.95,41.72],[36.21,41.26],[38.3,40.87],[40.37,40.94],[41.58,41.52],[42.86,41.59],[43.77,40.87],[43.65,40.16],[44.76,39.71],[44.05,39.26],[44.74,37.19],[42.03,37.25],[39.54,36.67],[36.68,36.8],[36.27,35.9],[35.85,36.35],[36.26,36.61],[36.14,36.93],[35.49,36.61],[34.58,36.87],[33.98,36.29],[32.56,36.03],[31.09,36.93],[30.62,36.93],[30.49,36.35],[29.24,36.22],[29.12,36.74],[28.03,36.67],[28.07,37.13],[27.22,37.32],[27.28,38.03],[26.43,38.22],[26.38,38.67],[26.59,38.35],[27.08,38.55],[26.85,39.58],[26.13,39.51],[26.27,40.29],[29.05,40.36],[28.91,40.61],[29.49,40.87],[28.17,41.13],[26.92,40.48],[26.14,40.61],[26.57,41.98],[27.93,41.98],[28.96,41.13],[30.86,41.07],[32.63,41.91]]],[[[26.04,40.29],[26.02,40.16],[25.7,40.1],[26.04,40.29]]]]}},{"type":"Feature","properties":{"n":"Estado Novo","f":1949,"t":1957,"w":"Q824489"},"geometry":{"type":"MultiPolygon","coordinates":[[[[-24.36,14.75],[-24.45,15.07],[-24.23,15.07],[-24.36,14.75]]],[[[-23.78,14.94],[-23.73,15.33],[-23.42,15.14],[-23.78,14.94]]],[[[-23.28,15.26],[-23.06,15.33],[-22.99,15.2],[-23.28,15.26]]],[[[-22.58,16.16],[-22.65,15.97],[-22.94,15.97],[-22.58,16.16]]],[[[-24.08,16.68],[-24.08,16.55],[-24.37,16.49],[-24.08,16.68]]],[[[-22.83,16.68],[-22.98,16.68],[-22.98,16.81],[-22.83,16.68]]],[[[-25.27,16.87],[-25.29,17.19],[-24.99,17.26],[-24.97,16.74],[-25.27,16.87]]],[[[-16.79,32.88],[-16.69,32.69],[-17.07,32.62],[-17.17,32.88],[-16.79,32.88]]],[[[-25.7,37.71],[-25.9,37.96],[-25.11,37.9],[-25.7,37.71]]],[[[-28.85,38.67],[-28.08,38.35],[-28.39,38.35],[-28.85,38.67]]],[[[-28.04,38.55],[-28.15,38.74],[-27.89,38.61],[-28.04,38.55]]],[[[-27.36,38.67],[-27.39,38.87],[-27.08,38.87],[-27.36,38.67]]],[[[40.49,-15.59],[39.72,-16.49],[36.84,-17.97],[34.7,-19.9],[35.47,-24.08],[34.83,-24.79],[32.7,-25.62],[32.5,-26.07],[32.84,-26.84],[32.02,-26.84],[31.9,-24.47],[31.15,-22.47],[32.31,-21.38],[32.92,-19.96],[32.88,-16.81],[30.35,-15.98],[30.1,-15.01],[32.94,-14.05],[33.47,-14.56],[34.27,-14.44],[34.52,-15.21],[34.26,-16.17],[35.18,-17.14],[35.08,-16.43],[35.79,-15.85],[35.83,-14.76],[34.76,-13.6],[34.93,-11.61],[37.28,-11.8],[37.85,-11.29],[38.51,-11.41],[40.32,-10.51],[40.49,-15.59]]],[[[17.56,-8.14],[19.16,-8.07],[19.52,-7.04],[21.64,-7.3],[22.11,-11.16],[24.02,-11.16],[23.82,-12.96],[21.91,-13.02],[21.97,-16.36],[23.24,-17.65],[20.52,-18.04],[18.89,-17.84],[18.3,-17.39],[13.94,-17.46],[13.28,-17.01],[11.58,-17.26],[12.38,-13.41],[13.7,-11.74],[13.7,-10.9],[12.89,-9.23],[13.25,-8.33],[12.22,-6.01],[16.38,-5.89],[17.56,-8.14]]],[[[124.26,-9.49],[123.81,-9.36],[123.94,-9.23],[124.38,-9.16],[124.26,-9.49]]],[[[124.71,-8.84],[125.2,-8.52],[127.23,-8.39],[124.92,-9.55],[124.71,-8.84]]],[[[12.95,-4.66],[12.08,-5.82],[11.93,-5.05],[12.66,-4.41],[12.95,-4.66]]],[[[6.3,0.35],[6.67,0.41],[6.38,0.03],[6.3,0.35]]],[[[7.34,1.51],[7.19,1.51],[7.27,1.7],[7.34,1.51]]],[[[-15.47,11.34],[-15.48,11.86],[-16.28,11.79],[-16.66,12.31],[-13.59,12.63],[-13.86,11.66],[-14.59,11.54],[-14.95,10.96],[-15.47,11.34]]],[[[74.1,15.52],[74.52,15.26],[74.55,14.81],[74.24,14.62],[73.79,15.33],[74.1,15.52]]],[[[72.96,20.09],[72.9,20.21],[73.19,20.15],[72.96,20.09]]],[[[113.69,22.4],[113.64,22.14],[113.42,22.14],[113.69,22.4]]],[[[-9.0,37.0],[-8.82,38.48],[-9.21,38.42],[-9.57,38.93],[-8.73,40.74],[-8.93,41.91],[-6.7,41.98],[-6.25,41.46],[-6.93,41.0],[-6.9,39.77],[-7.44,39.64],[-6.99,39.0],[-7.27,38.67],[-6.99,38.09],[-7.68,37.0],[-9.0,37.0]]]]}},{"type":"Feature","properties":{"n":"People's Socialist Republic of Albania","f":1949,"t":1989,"w":"Q467864"},"geometry":{"type":"Polygon","coordinates":[[[19.25,40.61],[19.67,42.63],[20.59,42.04],[20.54,41.13],[21.08,40.74],[20.08,39.71],[19.25,40.61]]]}},{"type":"Feature","properties":{"n":"Kingdom of Greece","f":1949,"t":1962,"w":"Q209065"},"geometry":{"type":"MultiPolygon","coordinates":[[[[22.89,36.42],[23.12,36.35],[23.11,36.16],[22.89,36.42]]],[[[24.36,37.71],[24.43,37.58],[24.27,37.51],[24.36,37.71]]],[[[20.62,37.9],[20.93,37.9],[20.92,37.64],[20.62,37.9]]],[[[24.77,38.03],[25.07,37.77],[24.83,37.71],[24.77,38.03]]],[[[20.57,38.42],[20.79,38.09],[20.32,38.16],[20.57,38.42]]],[[[23.57,38.8],[23.56,38.74],[23.48,38.74],[23.57,38.8]]],[[[24.67,38.93],[24.66,38.74],[24.36,38.87],[24.67,38.93]]],[[[23.74,40.23],[22.89,40.61],[22.54,40.1],[23.14,39.45],[22.8,39.06],[23.49,38.87],[22.94,38.74],[24.18,38.55],[23.98,37.84],[23.04,37.9],[23.4,37.32],[22.71,37.58],[23.06,36.67],[22.36,36.67],[22.22,37.06],[21.74,36.87],[21.7,37.51],[21.24,37.84],[21.74,38.35],[21.19,38.42],[20.15,39.64],[21.08,40.74],[24.15,41.59],[25.72,41.26],[26.07,41.72],[26.61,41.52],[26.24,40.81],[25.38,41.0],[23.7,40.81],[23.74,40.23]],[[23.06,38.16],[22.98,38.16],[22.98,38.09],[23.06,38.16]],[[22.84,38.35],[22.29,38.42],[22.66,37.96],[22.97,37.96],[22.84,38.35]],[[22.99,38.29],[22.91,38.29],[22.91,38.22],[22.99,38.29]],[[22.35,38.09],[22.43,38.09],[22.43,38.16],[22.35,38.09]],[[22.2,38.16],[22.28,38.16],[22.28,38.22],[22.2,38.16]],[[22.36,38.22],[22.36,38.29],[22.28,38.29],[22.28,38.22],[22.36,38.22]],[[21.14,38.93],[21.15,39.06],[20.99,39.06],[21.14,38.93]]],[[[20.15,39.58],[20.07,39.58],[20.07,39.64],[20.15,39.58]]],[[[19.91,39.58],[19.76,39.64],[19.76,39.77],[19.91,39.58]]],[[[24.49,40.81],[24.81,40.81],[24.79,40.61],[24.49,40.81]]],[[[24.3,35.32],[26.23,35.19],[23.68,35.26],[23.62,35.52],[24.3,35.32]]],[[[27.69,36.29],[28.25,36.48],[28.14,36.03],[27.74,35.9],[27.69,36.29]]],[[[27.19,36.8],[26.87,36.67],[27.04,36.93],[27.19,36.8]]],[[[25.57,37.13],[25.56,37.0],[25.33,37.0],[25.57,37.13]]],[[[24.99,37.71],[25.22,37.71],[25.29,37.51],[24.99,37.71]]],[[[26.31,37.71],[26.3,37.58],[25.99,37.51],[26.31,37.71]]],[[[27.03,37.84],[27.01,37.64],[26.62,37.64],[27.03,37.84]]],[[[25.82,38.48],[25.99,38.67],[26.22,38.55],[25.88,38.16],[25.82,38.48]]],[[[25.79,39.19],[26.04,39.38],[26.64,39.0],[25.79,39.19]]],[[[25.46,40.03],[25.45,39.84],[24.97,39.84],[25.46,40.03]]]]}},{"type":"Feature","properties":{"n":"Canada","f":1949,"t":1972,"w":"Q16"},"geometry":{"type":"MultiPolygon","coordinates":[[[[-130.95,51.98],[-132.71,53.19],[-133.29,54.14],[-131.82,54.14],[-132.01,53.33],[-130.95,51.98]]],[[[-104.53,68.57],[-104.43,68.42],[-104.93,68.42],[-105.12,68.65],[-104.53,68.57]]],[[[-101.82,68.88],[-101.63,68.65],[-102.13,68.65],[-102.32,68.88],[-101.82,68.88]]],[[[-100.21,69.18],[-99.92,68.95],[-100.23,68.73],[-100.82,68.95],[-100.21,69.18]]],[[[-101.2,69.64],[-101.01,69.41],[-101.31,69.41],[-101.2,69.64]]],[[[-113.77,72.92],[-112.77,73.08],[-111.06,72.61],[-110.02,72.61],[-110.87,73.08],[-109.7,73.0],[-107.77,71.74],[-108.33,73.41],[-105.82,73.08],[-107.14,73.73],[-105.04,73.81],[-104.4,73.33],[-105.35,72.84],[-104.23,71.5],[-104.61,71.19],[-101.1,70.18],[-100.8,69.72],[-102.51,69.87],[-101.72,69.03],[-102.72,68.88],[-102.63,68.8],[-105.12,68.88],[-106.94,69.41],[-107.23,69.03],[-109.11,68.65],[-113.08,68.42],[-113.96,69.26],[-116.28,69.33],[-117.73,70.1],[-111.98,70.33],[-117.84,70.64],[-118.56,71.11],[-116.26,71.34],[-119.0,71.58],[-119.45,72.05],[-118.28,72.29],[-118.8,72.61],[-120.2,72.13],[-120.42,71.5],[-122.26,71.11],[-123.28,71.11],[-125.95,72.21],[-125.01,72.69],[-125.26,73.0],[-124.73,73.0],[-124.92,73.41],[-123.92,73.73],[-124.71,74.22],[-124.47,74.54],[-121.29,74.63],[-119.01,74.14],[-117.84,74.38],[-113.77,72.92]]],[[[-96.32,72.61],[-96.62,72.37],[-96.39,71.81],[-99.27,71.34],[-102.97,73.0],[-102.05,73.16],[-100.62,72.76],[-100.67,73.08],[-100.24,73.08],[-101.71,73.65],[-97.77,74.22],[-96.82,73.57],[-98.15,73.16],[-97.06,72.76],[-96.32,72.61]]],[[[-105.07,75.29],[-104.74,75.54],[-103.6,75.12],[-105.07,75.29]]],[[[-105.58,75.2],[-106.76,74.87],[-109.42,75.04],[-111.95,74.38],[-114.41,74.63],[-114.7,74.79],[-113.27,74.96],[-114.41,75.29],[-114.57,74.96],[-115.76,74.96],[-117.82,75.37],[-116.48,75.87],[-116.8,76.21],[-115.75,76.64],[-112.88,76.3],[-111.21,75.62],[-109.02,75.62],[-110.6,76.55],[-109.68,76.89],[-108.79,76.89],[-107.76,75.96],[-105.71,76.04],[-105.58,75.2]]],[[[-118.34,76.21],[-117.41,75.96],[-118.25,75.54],[-119.6,75.79],[-118.34,76.21]]],[[[-97.22,75.54],[-97.96,75.45],[-97.54,75.12],[-99.98,74.96],[-100.73,75.29],[-100.4,75.62],[-102.66,75.54],[-104.29,76.04],[-104.82,76.72],[-103.44,76.64],[-101.7,75.87],[-102.37,76.46],[-99.97,75.96],[-101.52,76.81],[-98.38,76.72],[-97.59,76.38],[-97.22,75.54]]],[[[-118.9,76.55],[-118.51,76.3],[-119.72,76.3],[-119.55,75.87],[-121.03,76.13],[-120.7,75.79],[-122.45,75.96],[-123.09,76.38],[-121.45,76.55],[-119.41,77.41],[-116.06,77.58],[-115.26,77.24],[-116.31,77.15],[-115.75,76.64],[-118.9,76.55]]],[[[-114.58,76.72],[-114.97,76.98],[-113.86,76.98],[-113.64,76.81],[-114.58,76.72]]],[[[-106.31,77.85],[-104.14,77.15],[-105.14,77.15],[-106.31,77.85]]],[[[-109.92,78.2],[-109.41,77.93],[-110.77,77.93],[-109.87,77.58],[-110.21,77.41],[-112.29,77.32],[-113.71,77.93],[-109.92,78.2]]],[[[-101.11,77.85],[-100.91,77.67],[-102.78,78.02],[-101.11,77.85]]],[[[-110.22,78.82],[-109.12,78.37],[-112.94,78.29],[-113.35,78.55],[-110.22,78.82]]],[[[-98.85,77.85],[-104.63,78.29],[-105.29,78.64],[-103.64,78.55],[-105.78,79.27],[-103.46,79.45],[-100.27,78.91],[-98.85,77.85]]],[[[-82.19,45.56],[-83.35,46.02],[-81.96,46.02],[-81.56,45.76],[-82.19,45.56]]],[[[-79.31,51.98],[-79.69,51.92],[-79.74,52.12],[-79.31,51.98]]],[[[-81.15,53.26],[-80.68,52.72],[-81.5,52.79],[-82.17,53.12],[-81.15,53.26]]],[[[-78.65,56.32],[-79.52,55.84],[-80.2,56.05],[-80.2,56.39],[-78.65,56.32]]],[[[-91.92,72.69],[-93.92,72.84],[-93.38,72.37],[-94.74,71.97],[-93.19,71.5],[-91.56,70.18],[-92.27,70.18],[-92.09,69.95],[-92.52,69.72],[-90.33,69.49],[-90.17,69.26],[-91.07,69.26],[-90.32,68.35],[-89.65,69.33],[-88.22,68.95],[-87.81,68.5],[-88.41,67.97],[-87.4,67.22],[-86.66,67.44],[-87.04,68.35],[-86.22,68.05],[-85.87,68.27],[-85.95,68.8],[-85.15,68.8],[-85.82,69.95],[-84.6,69.95],[-86.95,70.41],[-87.89,70.26],[-89.45,70.8],[-89.72,71.19],[-87.48,71.03],[-90.2,71.58],[-90.15,72.45],[-89.41,72.84],[-89.51,73.16],[-88.14,73.81],[-85.16,73.89],[-84.85,73.65],[-85.17,73.49],[-81.66,73.81],[-80.19,72.76],[-80.74,72.53],[-80.57,72.29],[-79.79,72.61],[-78.71,72.21],[-78.63,72.69],[-77.88,72.76],[-79.96,72.84],[-81.05,73.49],[-80.59,73.89],[-77.43,73.65],[-75.98,72.84],[-76.43,72.69],[-75.4,72.61],[-73.5,71.5],[-71.69,71.66],[-70.48,70.95],[-68.62,70.72],[-68.3,70.49],[-69.0,70.26],[-68.13,70.41],[-67.16,69.79],[-68.16,69.56],[-66.61,69.18],[-68.18,69.26],[-68.17,68.8],[-68.74,68.65],[-65.0,68.12],[-63.92,67.3],[-61.5,66.85],[-61.27,66.55],[-62.37,66.33],[-62.28,65.59],[-63.55,65.74],[-63.54,64.86],[-64.82,65.15],[-66.98,66.62],[-67.26,66.25],[-67.77,66.4],[-67.21,65.96],[-67.8,65.74],[-66.81,65.0],[-65.39,64.79],[-65.05,64.35],[-65.38,64.28],[-64.48,63.48],[-65.14,63.48],[-64.7,62.9],[-65.17,62.9],[-64.57,62.47],[-64.89,62.4],[-68.9,63.7],[-65.98,62.12],[-66.65,61.9],[-69.74,62.76],[-70.79,62.55],[-70.95,62.98],[-72.12,63.48],[-71.58,63.62],[-72.39,63.7],[-73.81,64.57],[-77.0,64.2],[-78.39,64.79],[-77.54,65.52],[-73.65,65.59],[-74.64,66.25],[-72.36,67.3],[-73.26,68.27],[-74.35,68.27],[-74.94,68.88],[-75.49,69.03],[-76.71,68.65],[-76.86,69.11],[-75.74,69.18],[-78.81,70.41],[-78.63,69.95],[-79.97,69.49],[-80.79,69.79],[-79.95,69.95],[-81.02,70.1],[-81.33,70.1],[-80.81,69.72],[-84.4,69.95],[-81.43,69.26],[-81.2,68.65],[-82.45,68.42],[-81.24,67.15],[-83.16,66.33],[-84.81,67.0],[-83.76,66.25],[-84.54,66.25],[-83.46,65.66],[-85.62,66.55],[-86.71,66.48],[-85.96,66.03],[-87.4,65.37],[-87.07,64.86],[-88.05,64.13],[-90.04,64.13],[-89.95,63.77],[-90.58,63.55],[-91.67,63.7],[-90.65,62.98],[-92.47,62.83],[-91.99,62.55],[-92.65,62.55],[-93.35,61.69],[-94.06,61.48],[-94.31,60.63],[-94.81,60.49],[-94.86,59.16],[-94.52,58.81],[-93.26,58.81],[-92.42,56.94],[-90.78,57.28],[-84.96,55.29],[-82.32,55.16],[-82.29,53.06],[-79.79,51.18],[-79.55,51.71],[-78.95,51.45],[-79.13,51.85],[-78.6,52.32],[-79.79,54.82],[-77.22,55.7],[-76.57,56.59],[-77.19,57.97],[-78.7,58.74],[-77.37,60.0],[-78.29,60.98],[-77.76,61.55],[-78.35,62.33],[-77.86,62.62],[-75.03,62.26],[-73.53,62.47],[-71.74,61.76],[-71.71,61.26],[-69.66,61.12],[-69.35,60.84],[-69.78,60.56],[-69.71,59.5],[-69.3,58.95],[-67.68,58.32],[-66.0,58.88],[-65.45,59.5],[-65.7,59.85],[-64.69,60.49],[-62.7,58.25],[-61.98,57.97],[-61.32,56.94],[-61.33,56.66],[-61.85,56.8],[-61.69,56.25],[-60.47,55.84],[-60.32,55.29],[-57.44,54.68],[-58.2,54.34],[-55.91,53.46],[-55.68,52.18],[-56.92,51.45],[-58.63,51.31],[-59.95,50.25],[-66.5,50.25],[-67.29,49.38],[-69.05,48.79],[-69.76,47.93],[-66.55,49.25],[-64.8,49.25],[-64.25,48.99],[-64.28,48.39],[-65.16,47.99],[-66.47,48.13],[-64.74,47.8],[-65.19,47.2],[-64.83,47.14],[-64.51,46.28],[-61.55,45.69],[-61.64,46.09],[-60.6,47.07],[-60.45,46.35],[-59.79,45.96],[-61.33,45.56],[-61.08,45.17],[-64.07,44.58],[-65.43,43.47],[-66.19,43.73],[-66.24,44.39],[-64.63,45.3],[-67.37,45.24],[-67.9,46.02],[-67.91,47.2],[-69.28,47.47],[-70.11,46.68],[-70.44,45.69],[-71.63,44.97],[-75.12,44.97],[-76.0,44.32],[-77.26,44.25],[-77.04,43.99],[-79.4,43.86],[-79.87,43.54],[-79.7,43.21],[-79.09,43.28],[-79.09,42.95],[-81.6,42.69],[-82.54,42.04],[-83.07,42.3],[-82.44,42.3],[-82.49,43.02],[-81.7,43.34],[-81.73,43.99],[-81.24,44.58],[-81.48,45.17],[-80.03,44.45],[-80.12,45.37],[-80.89,46.02],[-84.51,46.48],[-85.02,47.99],[-86.01,48.13],[-86.48,48.85],[-88.35,49.05],[-88.26,48.65],[-88.72,48.85],[-88.59,48.52],[-89.13,48.59],[-89.9,47.99],[-94.32,48.65],[-95.14,49.45],[-95.22,48.99],[-122.87,48.99],[-124.29,49.71],[-123.81,49.65],[-123.99,49.85],[-124.43,49.78],[-124.18,49.52],[-124.43,49.52],[-124.85,50.31],[-125.57,50.45],[-124.62,49.45],[-123.29,48.72],[-123.25,48.39],[-123.86,48.32],[-128.33,50.51],[-128.48,50.91],[-126.06,50.51],[-127.62,50.98],[-128.51,52.25],[-128.14,52.38],[-129.07,52.45],[-129.53,53.26],[-130.24,53.66],[-129.71,53.19],[-129.98,53.12],[-130.67,53.66],[-130.38,53.87],[-130.96,54.07],[-130.17,54.14],[-130.62,54.75],[-129.89,55.02],[-130.06,55.98],[-131.87,56.66],[-135.31,59.71],[-135.95,59.78],[-137.52,59.02],[-139.29,60.35],[-141.12,60.42],[-141.24,68.73],[-140.9,69.33],[-141.17,69.72],[-135.81,68.88],[-136.28,69.33],[-134.64,69.79],[-133.59,69.41],[-132.01,69.79],[-131.73,69.56],[-132.01,69.49],[-130.95,69.33],[-130.95,69.64],[-132.04,69.87],[-129.77,70.33],[-128.78,69.79],[-128.52,70.26],[-128.02,70.26],[-128.45,70.64],[-128.04,70.64],[-125.75,69.41],[-125.45,69.41],[-125.41,70.02],[-124.68,69.95],[-124.34,69.41],[-123.55,69.49],[-123.34,69.87],[-121.73,69.87],[-117.94,69.03],[-115.54,69.03],[-113.97,68.42],[-115.12,67.89],[-110.18,68.05],[-107.42,67.0],[-108.4,67.67],[-107.9,68.05],[-108.91,68.5],[-106.13,69.03],[-104.53,68.12],[-98.92,67.74],[-98.62,67.82],[-98.89,68.12],[-98.49,68.12],[-98.86,68.42],[-98.04,68.65],[-99.81,69.18],[-98.7,69.33],[-98.57,69.87],[-97.86,69.95],[-95.37,69.49],[-96.38,69.41],[-95.34,68.73],[-97.26,68.5],[-96.18,68.35],[-96.05,67.82],[-96.38,67.59],[-95.44,67.3],[-95.83,67.97],[-93.75,68.73],[-94.72,68.95],[-94.36,69.49],[-96.73,70.26],[-96.41,70.57],[-96.81,70.95],[-96.6,71.42],[-95.57,71.42],[-96.08,71.74],[-95.25,71.89],[-95.27,72.53],[-95.92,72.92],[-95.62,73.16],[-95.9,73.81],[-94.93,73.73],[-95.51,74.05],[-95.21,74.22],[-93.4,74.3],[-90.38,73.89],[-91.92,72.69]],[[-86.68,72.76],[-86.18,72.45],[-86.33,71.97],[-84.95,71.42],[-84.73,71.58],[-86.21,72.13],[-85.25,72.37],[-85.94,72.84],[-85.17,73.49],[-86.68,72.76]],[[-98.0,51.85],[-97.43,51.98],[-97.55,51.71],[-96.94,51.38],[-97.18,50.71],[-96.5,50.38],[-96.23,51.11],[-97.94,53.8],[-99.18,53.94],[-99.51,53.33],[-98.0,51.85]],[[-113.61,62.05],[-116.27,62.83],[-114.92,61.83],[-115.86,61.76],[-116.08,61.26],[-117.64,61.26],[-114.83,60.77],[-111.99,61.55],[-111.26,62.26],[-110.11,62.55],[-110.37,62.76],[-108.89,62.62],[-111.1,62.98],[-110.84,62.76],[-111.39,62.9],[-111.13,62.69],[-113.61,62.05]],[[-124.45,66.33],[-121.61,66.11],[-122.76,66.03],[-122.45,65.81],[-123.74,65.3],[-121.4,64.79],[-119.61,65.3],[-119.93,65.66],[-119.65,65.81],[-117.8,65.66],[-118.1,65.88],[-117.45,66.25],[-117.97,66.7],[-118.62,66.4],[-120.28,66.48],[-119.05,66.77],[-119.56,67.07],[-124.45,66.33]],[[-124.98,65.96],[-124.32,66.11],[-124.64,66.33],[-125.42,66.33],[-124.98,65.96]]],[[[-79.5,62.47],[-79.28,62.12],[-79.58,61.62],[-80.52,62.05],[-79.5,62.47]]],[[[-82.84,63.05],[-81.89,62.83],[-82.88,62.19],[-83.81,62.19],[-84.15,62.55],[-82.84,63.05]]],[[[-80.33,63.7],[-81.36,63.48],[-83.58,64.13],[-84.97,63.12],[-85.63,63.12],[-85.81,63.7],[-87.42,63.7],[-86.34,64.13],[-86.66,64.64],[-86.2,65.88],[-85.07,66.11],[-84.62,65.66],[-85.25,65.81],[-85.0,65.37],[-84.47,65.52],[-82.05,64.71],[-81.59,64.13],[-80.33,63.7]]],[[[-79.04,68.2],[-79.37,68.42],[-78.9,68.35],[-79.04,68.2]]],[[[-86.69,70.18],[-86.52,69.95],[-87.12,70.02],[-86.69,70.18]]],[[[-97.21,73.25],[-96.44,72.92],[-97.07,72.92],[-97.21,73.25]]],[[[-96.11,75.45],[-96.5,75.71],[-94.53,75.71],[-93.42,75.12],[-93.35,74.71],[-96.65,75.04],[-96.11,75.45]]],[[[-94.53,75.71],[-95.06,76.04],[-94.49,75.96],[-94.53,75.71]]],[[[-79.46,75.87],[-79.69,76.13],[-79.15,76.21],[-79.46,75.87]]],[[[-90.86,77.24],[-91.42,77.58],[-90.09,77.67],[-89.63,77.24],[-90.86,77.24]]],[[[-93.08,77.5],[-95.74,77.41],[-97.57,78.02],[-98.5,78.82],[-94.61,78.29],[-95.18,78.29],[-94.81,77.93],[-96.13,77.85],[-93.31,77.85],[-93.08,77.5]]],[[[-99.87,79.91],[-100.25,80.19],[-98.96,80.19],[-98.42,79.82],[-99.87,79.91]]],[[[-81.04,82.68],[-81.24,82.9],[-79.45,82.68],[-79.92,83.01],[-74.66,83.13],[-72.98,82.79],[-73.27,83.01],[-69.48,83.13],[-63.41,82.9],[-60.72,82.14],[-64.6,81.73],[-64.12,81.33],[-70.99,80.19],[-70.75,79.91],[-71.43,79.63],[-73.19,79.82],[-72.94,79.54],[-74.79,79.45],[-74.29,79.0],[-74.98,79.0],[-74.6,78.55],[-75.4,78.55],[-74.92,78.29],[-78.18,77.93],[-77.69,77.58],[-79.23,77.32],[-79.09,76.98],[-77.98,77.06],[-77.63,76.81],[-77.95,76.46],[-80.9,76.13],[-81.04,76.46],[-82.17,76.64],[-82.14,76.38],[-84.27,76.64],[-84.55,76.3],[-89.81,76.64],[-89.28,76.21],[-91.04,76.21],[-86.53,75.45],[-81.66,75.96],[-79.34,75.29],[-80.1,75.2],[-79.24,74.87],[-80.22,74.87],[-80.0,74.71],[-80.33,74.54],[-82.48,74.46],[-83.35,74.87],[-83.88,74.46],[-91.4,74.63],[-92.71,75.37],[-92.26,75.79],[-93.18,76.38],[-95.82,76.38],[-97.11,76.89],[-95.42,77.15],[-90.23,76.55],[-90.77,76.89],[-89.5,76.72],[-89.59,77.06],[-86.95,77.24],[-88.31,77.76],[-87.93,78.02],[-84.52,77.41],[-86.05,78.2],[-87.16,78.11],[-88.05,78.82],[-87.83,78.46],[-88.66,78.55],[-88.55,78.2],[-92.45,78.29],[-94.37,79.09],[-93.48,79.18],[-93.79,79.36],[-95.41,79.36],[-96.89,80.28],[-94.11,80.65],[-95.36,81.04],[-93.85,81.13],[-94.35,81.43],[-92.15,81.33],[-88.5,80.19],[-88.63,80.56],[-87.92,80.56],[-86.77,79.91],[-87.12,79.91],[-86.94,79.73],[-86.13,79.73],[-86.68,80.37],[-83.73,80.37],[-81.35,79.73],[-83.02,80.37],[-82.34,80.47],[-82.88,80.75],[-83.6,80.75],[-83.52,80.47],[-88.42,80.65],[-91.29,81.83],[-86.17,82.04],[-86.54,82.35],[-85.41,82.57],[-82.2,82.3],[-82.47,82.57],[-81.04,82.68]],[[-82.04,82.14],[-82.08,82.14],[-81.93,82.04],[-82.04,82.14]]],[[[-63.74,46.22],[-64.51,46.81],[-64.06,47.07],[-63.84,46.61],[-61.95,46.41],[-62.48,45.96],[-63.74,46.22]]],[[[-55.57,50.05],[-55.89,49.65],[-55.23,49.32],[-54.77,49.58],[-53.48,49.32],[-54.0,48.79],[-53.8,48.52],[-53.06,48.72],[-52.95,48.46],[-53.83,48.19],[-53.83,47.8],[-53.58,47.6],[-52.92,48.19],[-53.23,47.53],[-52.76,47.8],[-52.62,47.47],[-53.02,46.61],[-53.68,46.61],[-53.67,47.01],[-54.25,46.81],[-53.91,47.4],[-54.11,47.86],[-55.34,46.87],[-56.08,47.07],[-55.42,47.27],[-55.1,47.66],[-55.48,47.4],[-55.87,47.73],[-59.36,47.6],[-59.35,48.13],[-58.59,48.46],[-59.26,48.65],[-58.15,49.12],[-58.33,49.52],[-57.95,49.58],[-56.89,51.38],[-55.46,51.58],[-55.95,51.38],[-55.71,51.05],[-56.61,50.11],[-55.57,50.05]]],[[[-64.59,49.98],[-63.1,49.85],[-61.73,49.12],[-63.1,49.18],[-64.59,49.98]]],[[[-68.0,60.63],[-67.79,60.35],[-68.42,60.21],[-68.0,60.63]]],[[[-65.62,61.76],[-65.16,61.76],[-65.41,61.97],[-64.63,61.55],[-65.17,61.41],[-65.62,61.76]]],[[[-74.67,62.83],[-74.3,62.62],[-74.4,62.62],[-74.67,62.83]]],[[[-78.78,63.55],[-77.52,63.19],[-78.11,63.12],[-78.78,63.55]]],[[[-77.15,63.41],[-77.66,63.77],[-77.09,63.77],[-76.77,63.41],[-77.15,63.41]]],[[[-74.0,64.35],[-74.31,64.49],[-74.22,64.49],[-74.0,64.35]]],[[[-76.91,68.35],[-75.59,68.42],[-75.0,68.12],[-75.0,67.59],[-76.9,67.22],[-77.36,67.89],[-76.91,68.35]]],[[[-75.0,68.12],[-73.41,67.89],[-73.46,67.74],[-75.0,68.12]]],[[[-75.12,68.35],[-75.59,68.73],[-75.16,68.8],[-74.8,68.42],[-75.12,68.35]]],[[[-78.85,68.5],[-79.08,68.73],[-78.78,68.73],[-78.85,68.5]]],[[[-76.96,69.11],[-77.5,69.33],[-77.45,69.49],[-76.85,69.49],[-76.96,69.11]]],[[[-78.27,69.79],[-78.13,69.56],[-78.53,69.56],[-78.24,69.18],[-79.36,68.8],[-79.57,69.11],[-78.68,69.41],[-78.82,69.64],[-78.27,69.79]]]]}},{"type":"Feature","properties":{"n":"German Democratic Republic","f":1949,"t":1952,"w":"Q16957"},"geometry":{"type":"Polygon","coordinates":[[[15.01,51.31],[14.83,50.91],[14.33,51.05],[12.29,50.25],[10.44,50.25],[9.85,50.78],[9.93,51.45],[10.53,51.65],[10.53,52.25],[10.96,52.45],[10.79,52.99],[11.39,53.06],[10.62,53.39],[10.79,54.0],[13.41,54.75],[13.74,54.27],[13.3,54.21],[14.17,54.07],[14.4,53.26],[14.13,52.79],[14.55,52.65],[14.6,51.71],[15.01,51.31]],[[13.18,52.52],[13.69,52.59],[13.44,52.72],[13.18,52.52]]]}},{"type":"Feature","properties":{"n":"Socialist Federal Republic of Yugoslavia","f":1949,"t":1990,"w":"Q83286"},"geometry":{"type":"MultiPolygon","coordinates":[[[[21.43,45.17],[21.4,44.78],[22.69,44.65],[22.37,43.6],[22.9,43.08],[22.37,42.3],[22.94,41.39],[22.53,41.13],[21.08,40.74],[20.54,41.13],[20.59,42.04],[20.06,42.56],[19.42,42.43],[19.31,41.91],[17.99,42.82],[17.51,42.76],[17.05,43.41],[15.93,43.47],[14.6,45.37],[13.78,44.91],[13.4,46.28],[16.28,46.94],[17.88,45.76],[20.26,46.15],[21.43,45.17]]],[[[14.51,44.91],[14.5,44.52],[14.26,44.58],[14.51,44.91]]]]}},{"type":"Feature","properties":{"n":"People's Republic of China","f":1950,"t":1952,"w":"Q148"},"geometry":{"type":"Polygon","coordinates":[[[121.03,38.74],[121.69,39.38],[121.28,39.64],[122.23,40.48],[121.11,40.87],[119.22,39.32],[117.78,39.13],[117.58,38.74],[118.07,38.16],[119.46,37.96],[119.16,37.19],[120.75,37.9],[122.71,37.45],[122.39,36.8],[120.98,36.61],[119.23,34.81],[120.34,34.36],[120.92,32.62],[121.96,31.98],[121.58,31.4],[121.9,30.82],[120.68,30.18],[121.48,30.31],[122.03,29.92],[121.57,29.47],[121.65,28.32],[121.12,28.32],[119.87,26.64],[119.62,25.36],[119.27,25.49],[118.76,24.59],[118.15,24.52],[116.54,22.91],[114.0,22.46],[113.6,22.72],[113.07,21.89],[110.42,21.18],[110.49,20.28],[109.88,20.21],[109.81,21.5],[107.1,21.76],[106.66,22.21],[106.71,22.91],[105.44,23.3],[104.04,22.53],[101.72,22.46],[101.81,21.18],[101.36,21.18],[101.16,21.76],[100.22,21.5],[99.94,22.08],[99.29,22.14],[99.57,22.98],[98.94,23.24],[98.88,24.14],[97.65,23.94],[97.59,24.46],[98.67,25.81],[98.74,27.48],[97.98,28.38],[96.4,28.38],[96.62,28.96],[96.2,29.41],[95.44,29.09],[94.58,29.28],[93.18,28.51],[92.46,28.96],[92.78,29.34],[92.41,29.67],[92.61,30.44],[91.8,32.17],[91.24,32.36],[91.68,32.81],[91.69,33.59],[91.21,34.04],[90.35,33.97],[89.83,34.55],[89.98,36.42],[88.67,36.67],[86.8,36.42],[85.89,35.77],[82.35,35.84],[81.67,35.39],[80.15,35.45],[78.98,35.97],[77.52,35.45],[76.8,36.22],[74.55,37.06],[75.05,37.45],[74.87,38.42],[73.96,38.55],[73.61,39.19],[73.93,39.97],[74.89,40.48],[76.27,40.36],[76.89,41.0],[78.03,41.07],[80.14,42.04],[80.79,43.28],[80.41,44.71],[79.95,44.97],[82.55,45.17],[82.31,45.56],[83.04,47.2],[85.14,46.94],[85.68,47.2],[85.64,48.32],[86.6,48.59],[86.87,49.12],[87.78,49.12],[88.64,48.19],[90.17,47.8],[91.01,46.68],[90.74,45.3],[93.59,44.97],[95.34,44.25],[96.58,42.69],[101.56,42.56],[104.97,41.59],[106.86,42.3],[110.28,42.69],[111.89,43.67],[111.39,44.32],[112.02,45.1],[113.69,44.78],[114.74,45.43],[115.88,45.56],[116.72,46.35],[119.8,46.68],[119.75,47.2],[118.48,47.99],[115.82,47.73],[115.42,47.99],[116.68,49.78],[117.83,49.52],[119.28,50.11],[119.65,51.11],[120.67,52.05],[120.53,52.59],[119.9,52.65],[120.08,52.86],[121.9,53.46],[123.85,53.53],[125.9,52.86],[127.48,49.78],[130.57,48.85],[130.85,47.73],[132.12,47.66],[134.52,48.39],[134.68,47.66],[132.98,45.1],[131.7,45.24],[131.05,44.91],[131.27,43.28],[131.0,42.89],[130.3,42.56],[129.84,42.95],[129.7,42.5],[128.07,41.98],[128.34,41.65],[128.1,41.39],[126.83,41.78],[124.27,39.9],[121.03,38.74]]]}},{"type":"Feature","properties":{"n":"Republic of Ecuador","f":1950,"t":1952,"w":"Q736"},"geometry":{"type":"MultiPolygon","coordinates":[[[[-76.3,0.35],[-75.42,-0.42],[-75.95,-1.96],[-78.16,-3.19],[-79.16,-4.99],[-80.09,-4.34],[-80.53,-4.47],[-80.04,-2.86],[-80.41,-3.06],[-80.33,-2.67],[-81.12,-2.16],[-81.03,-0.94],[-80.16,0.22],[-80.23,0.86],[-78.99,1.44],[-76.66,0.22],[-76.3,0.35]]],[[[-89.69,-1.0],[-89.68,-0.68],[-89.39,-0.74],[-89.69,-1.0]]],[[[-90.26,-0.49],[-90.34,-0.81],[-90.63,-0.81],[-90.26,-0.49]]],[[[-91.79,-0.42],[-91.73,0.09],[-90.85,-0.87],[-91.65,-1.0],[-91.28,-0.61],[-91.79,-0.42]]],[[[-90.63,-0.23],[-90.63,-0.42],[-90.99,-0.29],[-90.63,-0.23]]]]}},{"type":"Feature","properties":{"n":"Swiss Confederation","f":1950,"t":2023,"w":"Q39"},"geometry":{"type":"Polygon","coordinates":[[[10.04,46.28],[9.3,46.48],[8.98,45.89],[8.4,46.41],[7.43,45.89],[6.68,46.41],[6.03,46.22],[6.98,47.53],[9.54,47.6],[9.54,47.14],[10.28,47.01],[10.04,46.28]]]}},{"type":"Feature","properties":{"n":"Luxembourg","f":1950,"t":1957,"w":"Q2719360"},"geometry":{"type":"Polygon","coordinates":[[[6.34,49.85],[6.18,49.45],[5.75,50.05],[6.34,49.85]]]}},{"type":"Feature","properties":{"n":"Republic of China","f":1950,"t":2023,"w":"Q148"},"geometry":{"type":"MultiPolygon","coordinates":[[[[108.76,18.41],[108.7,19.38],[109.25,19.96],[110.91,20.15],[111.03,19.57],[109.86,18.35],[108.76,18.41]]],[[[120.67,21.95],[120.01,23.11],[120.17,23.88],[120.96,25.04],[121.77,25.29],[122.01,25.04],[121.54,23.3],[120.67,21.95]]],[[[119.9,25.62],[119.87,25.49],[119.63,25.42],[119.9,25.62]]],[[[119.9,26.45],[119.94,26.32],[119.77,26.26],[119.9,26.45]]],[[[120.16,26.58],[119.84,26.52],[119.87,26.64],[120.16,26.58]]],[[[121.74,29.54],[122.02,29.67],[121.94,29.22],[121.74,29.54]]],[[[121.98,29.99],[122.05,30.18],[122.27,30.18],[121.98,29.99]]]]}},{"type":"Feature","properties":{"n":"Kingdom of Egypt","f":1950,"t":1952,"w":"Q124943"},"geometry":{"type":"MultiPolygon","coordinates":[[[[30.97,31.66],[31.88,31.46],[32.69,28.96],[33.61,27.99],[35.15,24.65],[35.86,24.01],[35.55,23.69],[35.81,22.91],[36.96,21.95],[25.06,21.95],[24.86,31.4],[26.85,31.46],[29.61,30.56],[30.0,30.76],[29.88,31.27],[30.97,31.66]]],[[[34.12,27.74],[33.19,28.51],[32.24,31.21],[34.43,31.08],[34.91,29.41],[34.12,27.74]]],[[[32.08,31.08],[32.08,31.14],[32.16,31.14],[32.08,31.08]]],[[[34.47,31.46],[34.37,31.27],[34.31,31.4],[34.47,31.46]]]]}},{"type":"Feature","properties":{"n":"Federal Republic of Germany","f":1950,"t":1957,"w":"Q713750"},"geometry":{"type":"Polygon","coordinates":[[[10.62,53.39],[11.39,53.06],[10.79,52.99],[10.96,52.45],[10.53,52.25],[10.53,51.65],[9.93,51.45],[9.85,50.78],[10.44,50.25],[11.87,50.45],[13.77,48.65],[12.77,48.19],[13.0,47.53],[7.56,47.6],[8.11,48.99],[7.36,49.12],[7.1,49.65],[6.35,49.58],[5.94,51.85],[6.86,52.18],[7.08,53.73],[8.89,53.87],[8.53,54.89],[9.93,54.82],[11.05,54.21],[10.62,53.39]]]}},{"type":"Feature","properties":{"n":"(French Fourth Republic)","f":1950,"t":1952,"w":"Q69829"},"geometry":{"type":"MultiPolygon","coordinates":[[[[50.23,-15.98],[49.61,-15.46],[49.76,-16.75],[49.35,-17.26],[49.34,-18.36],[47.17,-24.79],[45.51,-25.62],[44.29,-25.37],[43.47,-24.34],[43.56,-23.44],[43.04,-22.02],[44.34,-20.03],[43.75,-17.46],[44.27,-16.17],[46.16,-15.72],[47.21,-14.69],[47.52,-14.82],[47.75,-13.54],[48.2,-13.73],[48.62,-13.34],[49.0,-11.99],[49.77,-12.83],[50.4,-15.14],[50.23,-15.98]]],[[[44.94,-13.02],[44.93,-12.7],[45.15,-12.76],[44.94,-13.02]]],[[[43.52,-12.38],[43.52,-12.25],[43.74,-12.25],[43.52,-12.38]]],[[[44.33,-12.44],[44.18,-12.19],[44.47,-12.19],[44.33,-12.44]]],[[[43.36,-11.93],[43.06,-11.61],[43.34,-11.35],[43.36,-11.93]]],[[[-52.86,2.28],[-54.61,2.34],[-54.1,3.37],[-54.48,4.98],[-54.06,5.75],[-52.89,5.49],[-51.78,4.66],[-51.7,4.14],[-52.86,2.28]]],[[[41.86,11.73],[42.4,12.44],[43.22,12.69],[43.48,11.99],[42.73,11.6],[43.25,11.6],[43.08,11.15],[42.05,10.89],[41.86,11.73]]],[[[-61.08,14.49],[-61.19,14.88],[-60.81,14.75],[-60.78,14.43],[-61.08,14.49]]],[[[10.46,36.42],[10.46,35.9],[11.08,35.58],[11.08,35.0],[10.0,34.29],[10.01,33.91],[11.08,33.59],[11.62,32.56],[10.17,31.59],[10.32,30.82],[9.41,30.18],[9.95,28.77],[11.61,28.89],[12.36,28.51],[13.43,29.6],[14.48,29.28],[17.59,29.54],[17.8,28.77],[18.99,28.19],[18.82,22.14],[24.04,19.57],[24.09,15.84],[23.05,15.59],[21.89,12.69],[22.47,12.63],[22.88,10.89],[23.66,9.93],[23.57,8.77],[25.23,7.81],[26.5,6.01],[27.22,5.62],[26.85,5.04],[25.39,5.3],[23.34,4.59],[22.76,4.79],[22.31,4.08],[20.57,4.4],[19.27,5.11],[18.53,4.34],[18.58,3.18],[18.06,2.41],[17.66,-0.42],[16.14,-2.09],[15.86,-3.89],[14.55,-4.92],[14.33,-4.34],[13.46,-4.86],[12.66,-4.41],[11.86,-5.05],[9.37,-2.35],[8.64,-0.94],[9.15,-0.42],[9.14,0.29],[9.57,0.16],[9.14,0.48],[9.44,0.99],[11.19,1.06],[11.21,2.15],[9.68,2.21],[9.84,3.11],[9.42,4.46],[10.17,5.75],[11.42,6.46],[13.81,11.15],[14.62,11.47],[14.7,12.18],[14.19,12.44],[13.62,13.72],[12.44,13.08],[10.38,13.34],[9.57,12.76],[8.11,13.34],[6.94,13.01],[5.84,13.85],[4.59,13.72],[3.71,12.5],[3.85,10.51],[2.75,8.96],[2.74,6.33],[1.13,6.07],[0.55,6.71],[0.7,8.39],[-0.02,11.09],[-2.8,10.96],[-2.51,8.19],[-3.24,6.84],[-2.74,5.24],[-2.96,4.98],[-5.29,5.17],[-7.56,4.34],[-7.4,5.62],[-8.57,6.46],[-8.42,7.55],[-9.22,7.23],[-9.66,8.51],[-10.69,8.32],[-10.91,9.74],[-12.45,9.86],[-13.32,9.03],[-13.77,9.86],[-14.58,10.31],[-14.81,11.34],[-13.86,11.66],[-13.59,12.63],[-16.73,12.31],[-16.75,13.08],[-13.75,13.46],[-14.86,13.79],[-16.54,13.59],[-17.45,14.69],[-16.6,15.65],[-16.01,17.64],[-16.14,18.93],[-16.52,19.31],[-16.2,20.28],[-17.06,21.31],[-13.05,21.31],[-13.05,22.91],[-11.88,23.56],[-11.93,26.0],[-8.57,26.26],[-8.7,28.57],[-10.1,28.12],[-11.33,28.51],[-9.39,29.99],[-9.88,30.56],[-9.86,31.34],[-8.55,33.33],[-6.9,33.91],[-6.29,35.07],[-2.81,34.87],[1.22,36.55],[4.24,36.93],[5.56,36.67],[6.33,37.06],[8.52,36.87],[8.9,37.13],[9.6,37.32],[10.23,37.25],[10.23,37.06],[10.15,37.0],[10.23,37.0],[10.23,36.8],[11.01,36.8],[10.46,36.42]],[[8.9,37.0],[8.83,37.0],[8.83,36.93],[8.9,37.0]]],[[[-61.35,16.49],[-61.17,16.23],[-61.58,15.91],[-61.77,16.29],[-61.35,16.49]]],[[[9.1,41.33],[8.62,41.72],[8.53,42.5],[9.49,43.02],[9.58,41.98],[9.1,41.33]]],[[[7.1,49.65],[7.36,49.12],[8.11,48.99],[7.56,47.6],[6.98,47.53],[6.03,46.48],[6.03,46.22],[6.85,46.28],[7.12,45.3],[6.64,44.97],[6.98,44.25],[7.63,44.19],[7.55,43.8],[6.28,43.15],[3.85,43.6],[2.98,43.15],[3.09,42.5],[2.46,42.37],[-1.43,43.08],[-1.69,43.41],[-1.03,45.5],[-1.25,46.28],[-2.01,46.61],[-2.58,47.47],[-4.42,47.8],[-4.89,48.32],[-4.6,48.72],[-3.46,48.92],[-1.6,48.65],[-2.03,49.78],[0.01,49.38],[0.22,49.85],[1.45,50.25],[1.66,51.05],[2.41,51.18],[2.6,50.78],[5.25,49.71],[7.1,49.65]]],[[[-56.44,46.94],[-56.49,47.07],[-56.27,47.14],[-56.44,46.94]]],[[[9.87,47.8],[9.95,47.73],[9.87,47.53],[9.46,47.6],[9.87,47.8]]],[[[13.35,52.59],[13.43,52.52],[13.26,52.45],[13.35,52.59]]],[[[70.15,-49.79],[68.82,-49.79],[68.65,-48.99],[68.96,-48.73],[69.6,-49.26],[70.43,-49.06],[70.57,-49.39],[69.82,-49.39],[70.15,-49.79]]],[[[168.01,-21.44],[168.01,-21.7],[167.69,-21.64],[167.62,-21.38],[168.01,-21.44]]],[[[165.0,-21.57],[163.89,-20.16],[165.17,-20.8],[166.87,-22.41],[165.0,-21.57]]],[[[55.59,-20.86],[55.77,-21.31],[55.41,-21.44],[55.1,-21.25],[55.59,-20.86]]],[[[167.05,-21.19],[166.91,-20.67],[167.06,-20.67],[167.05,-21.19]]],[[[49.76,-16.75],[49.9,-16.75],[49.92,-16.94],[49.76,-16.75]]],[[[48.25,-13.21],[48.26,-13.47],[48.04,-13.41],[48.25,-13.21]]],[[[103.91,10.44],[104.12,10.44],[104.09,10.06],[103.91,10.44]]],[[[79.87,10.89],[79.73,10.89],[79.81,11.02],[79.87,10.89]]],[[[75.53,11.6],[75.68,11.6],[75.6,11.47],[75.53,11.6]]],[[[79.87,11.79],[79.72,11.79],[79.81,11.92],[79.87,11.79]]],[[[105.97,19.83],[105.73,18.86],[106.57,18.09],[106.75,17.39],[109.02,15.33],[109.47,12.56],[108.73,11.15],[107.34,10.38],[107.0,10.7],[106.6,9.54],[104.76,8.51],[105.03,9.99],[104.42,10.44],[103.55,10.51],[103.6,11.09],[103.06,10.83],[102.39,13.53],[103.46,14.43],[105.43,14.36],[105.68,15.65],[104.89,16.29],[104.83,17.39],[104.02,18.29],[103.36,18.35],[102.92,17.9],[102.07,18.16],[101.08,17.45],[101.31,19.44],[100.52,19.57],[100.54,20.21],[100.13,20.41],[101.18,21.44],[101.81,21.18],[101.72,22.46],[104.04,22.53],[105.21,23.3],[106.71,22.91],[106.66,22.21],[107.97,21.63],[105.97,19.83]]],[[[82.41,16.74],[82.26,16.74],[82.35,16.87],[82.41,16.74]]],[[[88.52,22.79],[88.42,22.59],[88.34,22.59],[88.52,22.79]]]]}},{"type":"Feature","properties":{"n":"Hungarian People's Republic","f":1950,"t":1955,"w":"Q16410"},"geometry":{"type":"Polygon","coordinates":[[[21.99,47.53],[21.18,46.35],[18.45,45.76],[17.15,46.02],[16.28,46.81],[16.48,47.73],[17.06,47.99],[18.54,47.73],[20.58,48.59],[22.38,48.32],[22.68,47.86],[21.99,47.53]]]}},{"type":"Feature","properties":{"n":"(Netherlands)","f":1950,"t":2023,"w":"Q55"},"geometry":{"type":"Polygon","coordinates":[[[5.94,51.85],[6.2,51.51],[5.97,50.78],[5.02,51.45],[3.41,51.45],[4.61,53.12],[5.06,52.65],[5.54,53.39],[7.18,53.26],[6.68,52.65],[6.86,52.18],[5.94,51.85]]]}},{"type":"Feature","properties":{"n":"Republic of Peru","f":1950,"t":1952,"w":"Q419"},"geometry":{"type":"Polygon","coordinates":[[[-72.01,-4.54],[-72.98,-5.24],[-73.25,-6.53],[-74.04,-7.69],[-73.09,-8.97],[-73.19,-9.42],[-72.54,-9.49],[-72.14,-10.06],[-70.64,-9.49],[-70.67,-10.96],[-69.57,-10.96],[-68.75,-12.51],[-69.42,-15.59],[-69.98,-15.34],[-70.11,-15.85],[-69.12,-16.17],[-69.09,-16.56],[-69.96,-18.16],[-70.51,-18.42],[-72.44,-16.81],[-75.22,-15.53],[-76.46,-14.18],[-76.38,-13.41],[-77.8,-11.35],[-78.98,-8.46],[-79.98,-6.91],[-81.33,-6.14],[-81.01,-5.63],[-81.47,-4.41],[-80.42,-3.38],[-80.53,-4.47],[-80.09,-4.34],[-79.16,-4.99],[-78.16,-3.19],[-75.95,-1.96],[-75.35,-0.94],[-75.71,-0.1],[-74.62,-0.42],[-73.12,-2.41],[-71.66,-2.22],[-70.35,-2.54],[-70.75,-3.83],[-70.03,-4.09],[-72.01,-4.54]]]}},{"type":"Feature","properties":{"n":"Tibet","f":1950,"t":1952,"w":"Q521263"},"geometry":{"type":"Polygon","coordinates":[[[90.35,33.97],[91.21,34.04],[91.69,33.59],[91.68,32.81],[91.24,32.36],[91.8,32.17],[92.61,30.44],[92.41,29.67],[92.78,29.34],[92.46,28.96],[93.18,28.51],[92.03,27.42],[91.67,27.48],[91.57,28.06],[90.27,28.32],[88.95,27.42],[88.78,28.06],[85.98,27.99],[84.41,28.77],[84.14,29.28],[83.45,29.22],[82.04,30.37],[81.01,30.18],[78.77,31.34],[78.54,32.62],[79.11,32.43],[79.51,32.81],[78.83,33.46],[78.98,34.04],[79.45,34.04],[80.22,35.45],[81.67,35.39],[82.35,35.84],[85.89,35.77],[86.8,36.42],[88.67,36.67],[89.98,36.42],[89.83,34.55],[90.35,33.97]]]}},{"type":"Feature","properties":{"n":"Mongolian People's Republic","f":1950,"t":1990,"w":"Q212056"},"geometry":{"type":"Polygon","coordinates":[[[115.42,47.99],[117.31,47.73],[118.48,47.99],[119.75,47.2],[119.8,46.68],[116.72,46.35],[115.88,45.56],[114.74,45.43],[113.69,44.78],[112.02,45.1],[111.39,44.32],[111.89,43.67],[110.28,42.69],[106.86,42.3],[104.97,41.59],[101.56,42.56],[96.58,42.69],[95.34,44.25],[93.59,44.97],[90.74,45.3],[91.01,46.68],[90.17,47.8],[89.03,47.99],[87.73,48.85],[88.33,49.52],[92.27,50.85],[94.13,50.58],[94.87,49.98],[97.43,49.78],[98.13,50.11],[97.84,51.11],[98.93,52.12],[101.91,51.51],[102.3,50.58],[103.3,50.18],[106.46,50.38],[108.59,49.32],[112.73,49.52],[114.01,50.25],[116.57,49.85],[115.42,47.99]]]}},{"type":"Feature","properties":{"n":"Netherlands","f":1950,"t":2023,"w":"Q55"},"geometry":{"type":"Polygon","coordinates":[[[5.94,51.85],[6.2,51.51],[5.97,50.78],[5.02,51.45],[3.41,51.45],[4.61,53.12],[5.06,52.65],[5.54,53.39],[7.18,53.26],[6.68,52.65],[6.86,52.18],[5.94,51.85]]]}},{"type":"Feature","properties":{"n":"French Fourth Republic","f":1950,"t":1955,"w":"Q69829"},"geometry":{"type":"MultiPolygon","coordinates":[[[[-51.7,4.14],[-52.86,2.28],[-54.61,2.34],[-54.1,3.37],[-54.48,4.98],[-54.06,5.75],[-52.89,5.49],[-51.78,4.66],[-51.7,4.14]]],[[[-60.81,14.75],[-60.78,14.43],[-61.08,14.49],[-60.81,14.75]]],[[[-61.77,16.29],[-61.35,16.49],[-61.17,16.23],[-61.58,15.91],[-61.77,16.29]]],[[[9.58,41.98],[9.1,41.33],[8.62,41.72],[8.53,42.5],[9.25,43.02],[9.58,41.98]]],[[[5.34,49.58],[7.1,49.65],[7.36,49.12],[8.11,48.99],[7.56,47.6],[6.98,47.53],[6.03,46.48],[6.03,46.22],[6.85,46.28],[7.12,45.3],[6.64,44.97],[6.98,44.25],[7.63,44.19],[7.55,43.8],[6.28,43.15],[3.85,43.6],[2.98,43.15],[3.09,42.5],[2.46,42.37],[-1.43,43.08],[-1.69,43.41],[-1.03,45.5],[-1.25,46.28],[-2.01,46.61],[-2.58,47.47],[-4.42,47.8],[-4.89,48.32],[-4.6,48.72],[-3.46,48.92],[-1.6,48.65],[-2.03,49.78],[0.01,49.38],[0.22,49.85],[1.45,50.25],[1.66,51.05],[2.49,51.18],[2.6,50.78],[3.97,50.38],[4.15,49.98],[4.74,50.11],[5.34,49.58]]],[[[-56.27,47.14],[-56.22,47.01],[-56.44,46.94],[-56.27,47.14]]],[[[9.54,47.6],[9.46,47.6],[9.87,47.8],[9.54,47.6]]],[[[13.18,52.59],[13.43,52.52],[13.26,52.45],[13.18,52.59]]]]}},{"type":"Feature","properties":{"n":"French Indochina","f":1950,"t":1952,"w":"Q185682"},"geometry":{"type":"MultiPolygon","coordinates":[[[[70.27,-49.66],[68.82,-49.79],[68.74,-48.79],[69.6,-49.26],[70.43,-49.06],[70.57,-49.39],[69.96,-49.52],[70.27,-49.66]]],[[[55.1,-21.25],[55.22,-20.86],[55.77,-21.31],[55.1,-21.25]]],[[[79.87,10.89],[79.73,10.89],[79.81,11.02],[79.87,10.89]]],[[[75.53,11.47],[75.53,11.6],[75.68,11.6],[75.53,11.47]]],[[[79.87,11.79],[79.72,11.79],[79.81,11.92],[79.87,11.79]]],[[[82.41,16.74],[82.26,16.74],[82.35,16.87],[82.41,16.74]]],[[[88.37,22.79],[88.52,22.79],[88.42,22.59],[88.37,22.79]]],[[[167.62,-21.38],[168.01,-21.44],[168.01,-21.7],[167.62,-21.38]]],[[[166.87,-22.41],[166.09,-22.28],[163.89,-20.16],[166.87,-22.41]]],[[[167.26,-20.86],[167.33,-21.12],[167.05,-21.19],[167.06,-20.67],[167.26,-20.86]]],[[[103.81,10.25],[104.12,10.44],[104.09,10.06],[103.81,10.25]]],[[[108.09,21.44],[106.88,20.86],[105.97,19.83],[105.73,18.86],[106.57,18.09],[106.75,17.39],[109.02,15.33],[109.47,12.56],[108.73,11.15],[107.34,10.38],[107.0,10.7],[106.6,9.54],[104.76,8.51],[105.03,9.99],[104.42,10.44],[103.55,10.51],[103.6,11.09],[103.06,10.83],[102.39,13.53],[103.46,14.43],[105.43,14.36],[105.68,15.65],[104.89,16.29],[104.83,17.39],[104.02,18.29],[103.36,18.35],[102.92,17.9],[102.07,18.16],[101.08,17.45],[101.31,19.44],[100.52,19.57],[100.54,20.21],[100.13,20.41],[101.18,21.44],[101.81,21.18],[101.72,22.46],[104.04,22.53],[105.21,23.3],[106.71,22.91],[106.66,22.21],[108.09,21.44]]]]}},{"type":"Feature","properties":{"n":"Republic of Indonesia","f":1950,"t":1952,"w":"Q252"},"geometry":{"type":"MultiPolygon","coordinates":[[[[116.47,-8.97],[115.73,-8.91],[116.12,-8.2],[116.64,-8.33],[116.47,-8.97]]],[[[112.53,-6.98],[113.91,-6.85],[113.78,-7.17],[112.69,-7.24],[112.71,-7.56],[114.26,-7.69],[114.43,-8.14],[115.3,-8.07],[115.63,-8.52],[114.93,-8.91],[114.37,-8.33],[114.49,-8.84],[113.21,-8.33],[108.14,-7.88],[105.37,-6.85],[105.91,-5.89],[107.0,-5.89],[108.34,-6.34],[108.58,-6.79],[110.34,-6.91],[110.53,-6.46],[112.53,-6.98]]],[[[115.08,-6.85],[115.29,-6.79],[115.38,-6.98],[115.08,-6.85]]],[[[102.23,-5.31],[102.32,-5.5],[102.1,-5.5],[102.23,-5.31]]],[[[99.81,-2.67],[99.87,-2.48],[100.4,-2.99],[100.11,-3.19],[99.81,-2.67]]],[[[108.03,-2.54],[108.12,-3.19],[107.47,-3.19],[107.45,-2.61],[108.03,-2.54]]],[[[105.78,-2.8],[105.62,-2.16],[104.96,-1.96],[105.24,-1.51],[105.97,-1.51],[106.21,-2.41],[106.8,-2.86],[106.45,-3.19],[105.78,-2.8]]],[[[99.36,-2.22],[99.35,-2.03],[99.64,-2.03],[99.65,-2.41],[99.36,-2.22]]],[[[108.66,-1.64],[108.66,-1.51],[108.88,-1.51],[108.66,-1.64]]],[[[98.46,-1.32],[98.46,-1.0],[99.12,-1.39],[99.2,-1.77],[98.46,-1.32]]],[[[104.41,-0.29],[104.42,-0.68],[104.13,-0.61],[104.32,0.16],[104.92,-0.23],[104.41,-0.29]]],[[[98.16,-0.61],[98.21,0.09],[98.37,0.03],[98.16,-0.61]]],[[[100.39,2.21],[101.7,2.09],[101.68,1.64],[102.41,1.57],[102.39,1.12],[103.11,0.93],[102.95,0.41],[103.6,0.35],[103.33,-0.74],[104.21,-1.0],[104.52,-1.96],[105.48,-2.35],[105.64,-2.8],[106.01,-3.06],[105.69,-5.89],[105.23,-5.56],[104.3,-5.89],[101.43,-3.25],[100.2,-0.87],[98.94,0.22],[98.63,1.7],[97.56,2.28],[96.88,3.56],[95.33,4.72],[95.09,5.56],[97.48,5.3],[100.39,2.21]]],[[[117.33,3.18],[118.02,2.41],[117.78,1.89],[118.9,0.86],[117.89,0.93],[117.51,0.54],[117.52,-0.81],[116.31,-1.71],[116.54,-2.29],[116.1,-4.09],[115.79,-3.64],[114.5,-4.21],[114.4,-3.44],[113.52,-3.51],[113.0,-3.06],[111.85,-3.64],[111.61,-2.93],[110.09,-3.06],[109.89,-1.32],[109.31,-1.32],[108.7,0.48],[109.19,1.89],[110.46,0.86],[111.7,0.99],[112.38,1.57],[113.31,1.25],[114.41,1.44],[115.79,4.34],[117.89,4.21],[117.59,3.95],[117.79,3.63],[117.2,3.56],[117.63,3.44],[117.33,3.18]]],[[[98.35,0.09],[98.43,0.22],[98.72,0.16],[98.35,0.09]]],[[[103.18,0.67],[103.18,0.86],[103.4,0.86],[103.18,0.67]]],[[[104.13,0.93],[104.21,1.19],[104.57,1.12],[104.13,0.93]]],[[[97.57,0.54],[97.02,1.44],[97.45,1.51],[97.57,0.54]]],[[[104.06,0.99],[103.77,0.93],[103.92,1.25],[104.06,0.99]]],[[[95.68,2.6],[95.69,2.92],[96.4,2.54],[95.68,2.6]]],[[[108.32,3.69],[108.1,3.63],[107.98,4.14],[108.32,3.69]]],[[[122.69,-10.71],[123.26,-10.51],[123.29,-10.77],[122.69,-10.71]]],[[[121.66,-10.58],[121.71,-10.39],[121.86,-10.39],[121.66,-10.58]]],[[[120.01,-9.36],[120.74,-10.19],[120.02,-10.26],[118.95,-9.74],[118.99,-9.36],[120.01,-9.36]]],[[[124.26,-9.49],[124.65,-8.91],[125.02,-9.04],[124.61,-10.06],[123.17,-10.39],[123.68,-9.55],[124.26,-9.49]]],[[[116.85,-9.16],[116.65,-8.52],[118.05,-8.65],[117.37,-8.33],[118.01,-8.07],[118.9,-8.26],[119.08,-8.78],[116.85,-9.16]]],[[[119.21,-8.52],[119.27,-8.39],[119.51,-8.59],[119.21,-8.52]]],[[[121.29,-8.97],[119.44,-8.71],[120.06,-8.26],[122.28,-8.59],[122.61,-8.07],[123.21,-8.39],[123.78,-8.2],[122.66,-8.71],[121.29,-8.97]]],[[[123.96,-8.59],[123.8,-8.39],[124.36,-8.14],[125.02,-8.2],[123.96,-8.59]]],[[[125.67,-8.01],[125.71,-7.69],[126.51,-7.56],[126.4,-8.01],[125.67,-8.01]]],[[[121.99,-5.37],[121.77,-5.44],[121.68,-5.11],[121.99,-5.37]]],[[[123.12,-4.73],[122.81,-5.69],[122.14,-5.44],[122.18,-4.79],[122.81,-4.41],[123.12,-4.73]]],[[[126.36,-3.83],[125.89,-3.12],[126.83,-3.06],[127.21,-3.44],[126.36,-3.83]]],[[[126.01,-2.48],[125.26,-1.77],[126.14,-1.77],[126.01,-2.48]]],[[[120.35,0.48],[119.91,-0.1],[120.74,-1.39],[121.38,-0.81],[123.41,-0.68],[123.28,-1.06],[122.77,-0.94],[121.41,-1.96],[122.24,-2.93],[122.2,-3.64],[123.17,-4.21],[122.02,-4.54],[121.97,-4.92],[121.38,-4.79],[121.42,-4.09],[120.74,-3.51],[120.92,-2.74],[120.42,-2.74],[120.32,-5.56],[119.68,-5.76],[119.21,-5.11],[119.35,-3.51],[118.77,-3.64],[118.59,-2.74],[119.15,-2.03],[119.69,0.48],[120.67,1.31],[123.78,0.86],[125.12,1.7],[124.5,0.54],[123.76,0.22],[120.35,0.48]]],[[[125.11,-1.71],[125.19,-1.9],[124.25,-2.03],[124.46,-1.64],[125.11,-1.71]]],[[[128.02,-1.51],[128.03,-1.77],[127.3,-1.77],[127.22,-1.45],[128.02,-1.51]]],[[[122.7,-1.26],[123.43,-1.26],[123.43,-1.45],[123.0,-1.64],[122.7,-1.26]]],[[[127.78,-0.68],[127.79,-0.87],[126.91,-0.55],[126.97,-0.23],[127.78,-0.68]]],[[[121.59,-0.42],[121.81,-0.36],[121.74,-0.49],[121.59,-0.42]]],[[[125.65,3.56],[125.64,3.31],[125.42,3.37],[125.65,3.56]]],[[[126.87,4.46],[126.77,4.01],[126.62,4.01],[126.87,4.46]]],[[[130.95,-8.33],[130.59,-8.39],[130.86,-8.14],[130.95,-8.33]]],[[[127.66,-8.26],[127.64,-8.07],[127.79,-8.07],[127.66,-8.26]]],[[[129.46,-8.01],[129.44,-7.75],[129.74,-7.81],[129.46,-8.01]]],[[[130.97,-7.69],[131.58,-7.11],[131.55,-7.69],[131.22,-8.07],[130.97,-7.69]]],[[[130.81,-7.56],[130.87,-7.36],[131.02,-7.36],[130.81,-7.56]]],[[[128.38,-7.24],[128.37,-7.11],[128.59,-7.04],[128.38,-7.24]]],[[[134.53,-5.44],[134.68,-6.59],[133.97,-6.91],[134.18,-5.63],[134.53,-5.44]]],[[[132.5,-5.69],[132.95,-5.76],[132.82,-6.01],[132.5,-5.69]]],[[[133.07,-5.44],[133.01,-5.63],[132.86,-5.5],[133.07,-5.44]]],[[[134.78,-3.19],[135.37,-3.31],[136.2,-2.22],[137.99,-1.51],[140.87,-2.61],[140.89,-9.16],[139.84,-8.14],[137.53,-8.46],[137.69,-7.75],[138.67,-7.24],[137.89,-5.5],[134.76,-4.41],[133.55,-3.44],[132.78,-4.15],[132.67,-3.38],[131.85,-2.8],[133.66,-2.54],[133.72,-2.16],[132.12,-2.29],[131.66,-1.58],[130.56,-1.26],[130.55,-0.81],[131.14,-1.0],[132.07,-0.36],[133.97,-0.74],[134.78,-3.19]]],[[[128.24,-3.51],[128.25,-3.7],[127.81,-3.83],[128.24,-3.51]]],[[[127.71,-3.19],[128.28,-2.8],[129.66,-2.8],[130.79,-3.51],[130.73,-3.89],[129.76,-3.38],[127.71,-3.19]]],[[[130.22,-2.09],[129.64,-1.96],[129.7,-1.77],[130.06,-1.64],[130.22,-2.09]]],[[[136.19,-1.96],[135.37,-1.58],[136.4,-1.64],[136.69,-1.84],[136.19,-1.96]]],[[[134.85,-0.94],[134.85,-1.19],[134.63,-1.13],[134.85,-0.94]]],[[[135.64,-0.68],[135.65,-0.87],[135.36,-0.87],[135.28,-0.61],[135.64,-0.68]]],[[[130.17,-0.29],[130.17,-0.1],[131.12,-0.04],[130.83,-0.49],[130.17,-0.29]]],[[[127.84,0.41],[128.3,-0.94],[127.48,-0.23],[127.3,1.44],[127.77,2.21],[127.95,1.31],[128.61,1.64],[128.21,0.67],[128.71,0.22],[127.84,0.41]]],[[[128.41,2.02],[128.12,1.96],[128.14,2.47],[128.52,2.66],[128.41,2.02]]]]}},{"type":"Feature","properties":{"n":"Union of Soviet Socialist Republics","f":1950,"t":1952,"w":"Q15180"},"geometry":{"type":"MultiPolygon","coordinates":[[[[33.52,44.45],[33.61,45.1],[32.6,45.43],[34.15,46.09],[35.02,45.3],[36.42,45.43],[33.52,44.45]]],[[[29.67,45.43],[29.66,45.37],[29.58,45.37],[29.67,45.43]]],[[[53.1,46.02],[53.18,46.02],[53.17,45.96],[53.1,46.02]]],[[[13.44,52.72],[13.69,52.59],[13.6,52.45],[13.44,52.72]]],[[[23.12,58.39],[21.9,57.9],[21.88,58.53],[23.12,58.39]]],[[[22.84,59.09],[22.9,58.81],[22.19,58.88],[22.84,59.09]]],[[[35.65,65.22],[36.13,65.22],[35.5,65.0],[35.65,65.22]]],[[[49.52,69.56],[50.32,69.33],[49.7,68.88],[48.34,68.73],[48.24,69.41],[49.52,69.56]]],[[[51.35,79.91],[50.65,79.91],[50.97,80.19],[51.35,79.91]]],[[[59.43,80.19],[60.25,80.19],[59.89,79.91],[59.43,80.19]]],[[[50.16,80.37],[50.57,80.28],[50.43,80.09],[49.96,80.09],[50.16,80.37]]],[[[47.56,80.19],[47.04,80.28],[47.16,80.47],[47.63,80.47],[47.56,80.19]]],[[[53.79,80.19],[52.73,80.19],[52.95,80.47],[53.79,80.19]]],[[[54.6,80.47],[54.72,80.47],[54.64,80.37],[54.6,80.47]]],[[[58.31,80.94],[58.9,80.94],[58.22,80.56],[59.05,80.56],[58.18,80.09],[56.06,80.09],[56.37,80.47],[57.98,80.56],[58.31,80.94]]],[[[54.36,80.47],[54.75,80.65],[54.6,80.47],[54.36,80.47]]],[[[48.59,80.65],[50.93,80.94],[50.47,80.47],[47.85,80.09],[48.67,80.94],[48.59,80.65]]],[[[47.22,80.56],[45.92,80.56],[46.05,80.75],[47.53,80.84],[47.22,80.56]]],[[[50.77,80.56],[51.81,80.84],[51.72,80.56],[50.77,80.56]]],[[[47.76,80.65],[47.52,80.65],[48.07,80.94],[47.76,80.65]]],[[[57.57,81.63],[58.33,81.53],[56.72,81.04],[58.07,80.94],[57.83,80.65],[54.9,80.84],[57.57,81.63]]],[[[59.65,81.93],[59.68,81.83],[58.61,81.43],[58.8,81.93],[59.65,81.93]]],[[[108.87,53.53],[108.52,53.53],[108.6,53.73],[108.93,53.94],[108.87,53.53]]],[[[47.93,42.24],[49.51,40.61],[50.26,40.42],[49.4,40.1],[48.79,38.48],[48.06,38.8],[48.13,39.64],[46.67,38.93],[45.07,39.26],[44.42,40.03],[43.65,40.16],[43.58,41.13],[42.86,41.59],[41.58,41.52],[41.82,41.98],[41.33,42.89],[36.78,45.1],[36.75,45.43],[37.7,45.3],[38.37,46.35],[37.84,46.61],[39.13,46.94],[39.2,47.33],[35.63,46.68],[34.74,46.15],[32.68,46.09],[31.82,46.35],[32.03,46.74],[30.88,46.68],[29.58,45.43],[28.51,45.24],[28.13,45.5],[28.11,46.87],[26.85,48.26],[25.07,47.8],[22.85,47.99],[22.06,48.39],[22.45,49.12],[21.8,49.38],[19.87,49.18],[17.17,50.45],[16.49,50.18],[16.34,50.65],[14.83,50.91],[14.55,52.65],[14.13,52.79],[14.24,53.73],[17.5,54.89],[18.46,54.89],[18.69,54.41],[19.46,54.34],[20.0,54.61],[19.95,55.02],[20.99,54.95],[20.87,56.46],[21.51,57.56],[22.52,57.83],[23.58,57.01],[24.23,57.28],[24.27,58.25],[23.41,58.53],[23.41,59.29],[30.14,59.92],[28.65,60.28],[28.54,60.7],[27.97,60.56],[31.5,62.98],[30.05,63.7],[30.55,64.28],[29.62,64.86],[30.03,65.88],[29.05,66.77],[29.94,67.67],[28.42,68.42],[28.63,68.95],[30.96,69.87],[32.31,70.02],[33.44,69.33],[36.13,69.26],[41.0,67.74],[41.39,67.15],[41.04,66.7],[38.68,66.03],[32.55,67.07],[33.0,66.55],[34.87,65.88],[34.44,65.37],[34.98,64.49],[37.39,63.91],[37.88,63.99],[37.89,64.35],[36.79,64.49],[36.36,65.0],[37.21,65.3],[38.21,64.79],[40.19,64.71],[39.54,65.37],[40.4,65.96],[41.96,66.55],[43.97,66.18],[44.37,67.0],[43.6,67.3],[44.17,68.27],[43.45,68.73],[45.88,68.57],[46.66,67.82],[44.93,67.44],[45.81,66.92],[47.37,66.92],[47.78,67.67],[53.28,69.03],[54.04,68.95],[53.87,68.42],[53.3,68.27],[58.39,69.03],[59.09,69.03],[59.4,68.88],[59.24,68.42],[59.74,68.42],[60.7,68.88],[60.09,69.72],[58.34,70.18],[59.07,70.57],[60.54,69.79],[63.93,69.72],[68.49,68.27],[68.95,68.95],[66.6,69.64],[67.17,70.18],[67.19,70.8],[66.53,71.03],[68.33,71.81],[69.96,73.49],[71.3,73.57],[71.11,73.08],[69.71,72.92],[72.94,72.76],[72.66,72.05],[71.81,71.5],[72.89,71.03],[72.5,69.03],[73.63,68.65],[73.07,67.74],[71.52,66.62],[70.4,66.4],[72.1,66.33],[74.65,67.74],[74.2,68.35],[74.59,68.88],[76.47,69.11],[77.31,68.65],[77.25,68.05],[77.88,68.35],[77.59,68.88],[76.63,69.18],[73.66,69.11],[73.41,69.72],[74.22,70.64],[72.89,71.42],[74.87,72.21],[74.86,72.92],[75.77,72.53],[75.27,71.81],[75.4,71.34],[77.19,71.27],[75.85,71.89],[77.23,72.05],[76.71,72.29],[77.48,72.69],[82.52,71.81],[82.13,72.29],[80.47,72.53],[80.55,73.16],[80.18,73.33],[80.89,73.73],[86.9,73.89],[87.0,74.46],[86.06,74.3],[87.32,75.12],[89.01,75.54],[95.91,76.38],[96.8,76.38],[96.22,76.04],[97.65,76.04],[99.11,76.3],[99.15,76.64],[100.8,76.55],[101.49,77.24],[102.94,77.67],[105.1,77.76],[106.29,77.58],[105.16,77.15],[107.59,77.06],[106.66,76.55],[112.07,76.81],[114.09,75.96],[113.31,75.12],[106.15,73.33],[105.53,72.92],[110.4,73.65],[110.73,73.81],[109.34,73.65],[110.12,74.14],[111.06,73.97],[112.12,74.63],[113.31,74.63],[113.61,74.54],[111.48,73.89],[112.53,73.73],[113.21,74.05],[113.6,73.81],[113.36,73.57],[118.9,73.73],[118.4,73.33],[120.56,73.0],[123.08,73.0],[123.21,73.57],[124.01,73.81],[128.08,73.57],[129.12,73.16],[128.74,72.92],[129.22,72.76],[128.74,72.53],[129.64,72.37],[128.87,71.66],[130.99,70.8],[132.46,71.97],[133.49,71.5],[139.7,71.58],[139.36,71.81],[139.8,72.21],[139.0,72.29],[141.34,72.92],[146.82,72.53],[146.53,72.13],[147.41,72.45],[149.62,72.29],[150.1,71.97],[148.95,71.74],[151.81,71.42],[152.49,70.88],[155.5,71.19],[159.39,70.95],[160.15,70.64],[159.78,69.87],[160.89,69.64],[166.9,69.56],[169.01,70.1],[169.63,69.95],[169.11,69.56],[168.35,69.64],[168.28,69.33],[170.45,68.88],[170.96,69.26],[169.96,69.64],[170.68,70.18],[171.8,70.18],[176.31,69.95],[180.0,69.11],[180.0,65.08],[177.34,64.49],[178.45,64.42],[178.89,63.91],[178.58,63.62],[179.4,63.34],[179.61,62.69],[179.0,62.33],[177.06,62.62],[173.58,61.69],[170.68,60.49],[170.28,59.92],[169.06,60.63],[166.99,60.35],[166.07,59.78],[166.19,60.49],[164.79,59.78],[163.64,60.0],[161.97,58.04],[163.38,57.83],[162.71,57.28],[163.46,56.39],[162.57,56.05],[162.58,56.46],[161.95,55.98],[161.77,55.23],[162.21,54.89],[160.06,54.21],[159.83,53.8],[160.13,53.26],[158.78,52.99],[158.3,51.98],[156.78,50.98],[156.39,51.25],[155.43,54.68],[155.7,56.52],[156.85,57.35],[156.86,57.9],[158.4,58.18],[161.99,60.56],[163.63,60.98],[163.35,60.98],[163.88,61.34],[163.62,61.41],[163.86,62.12],[164.55,62.69],[163.3,62.55],[163.07,61.9],[163.42,61.83],[163.0,61.55],[162.27,61.62],[160.17,60.63],[160.23,61.05],[159.67,60.98],[160.28,61.9],[157.1,61.69],[154.25,59.85],[154.14,59.5],[155.22,59.43],[154.93,59.16],[151.23,58.88],[152.05,59.29],[149.42,59.78],[148.61,59.22],[143.08,59.36],[140.9,58.39],[137.43,55.98],[135.2,54.95],[136.92,54.68],[136.68,53.87],[137.69,54.34],[137.32,54.07],[137.86,54.0],[137.27,53.6],[138.1,53.73],[138.73,54.34],[140.03,54.34],[141.46,53.33],[141.15,52.52],[141.56,52.25],[140.65,51.25],[140.25,48.59],[135.11,43.47],[133.27,42.69],[131.91,43.28],[130.77,42.43],[130.47,42.69],[131.27,43.28],[130.91,44.71],[131.7,45.24],[132.98,45.1],[134.68,47.66],[134.52,48.39],[132.12,47.66],[130.85,47.73],[130.57,48.85],[127.48,49.78],[125.9,52.86],[123.85,53.53],[121.9,53.46],[120.08,52.86],[119.9,52.65],[120.53,52.59],[120.67,52.05],[119.65,51.11],[119.28,50.11],[117.83,49.52],[114.01,50.25],[112.73,49.52],[108.59,49.32],[106.46,50.38],[103.3,50.18],[102.3,50.58],[101.91,51.51],[98.93,52.12],[97.84,51.11],[98.13,50.11],[97.43,49.78],[94.87,49.98],[94.13,50.58],[92.27,50.85],[89.49,49.65],[86.87,49.12],[86.6,48.59],[85.64,48.32],[85.74,47.33],[85.14,46.94],[83.04,47.2],[82.31,45.56],[82.55,45.17],[79.95,44.97],[80.41,44.71],[80.79,43.28],[80.14,42.04],[78.03,41.07],[76.89,41.0],[76.27,40.36],[75.49,40.61],[73.93,39.97],[73.77,38.67],[74.87,38.42],[74.92,37.25],[73.33,37.45],[71.58,36.74],[71.57,37.84],[71.18,38.42],[70.71,38.42],[70.27,37.64],[69.55,37.58],[69.35,37.13],[67.92,37.0],[65.71,37.51],[64.83,37.13],[64.3,36.16],[62.3,35.19],[61.3,35.58],[61.14,36.61],[60.44,36.61],[59.17,37.58],[57.19,38.22],[55.2,38.03],[53.96,37.32],[53.99,39.0],[53.14,39.45],[53.54,39.51],[53.5,40.03],[52.79,40.03],[52.7,40.36],[52.89,40.87],[54.37,40.74],[54.73,41.26],[54.09,41.59],[53.91,42.17],[53.19,42.17],[52.72,41.52],[52.44,42.04],[52.79,42.82],[51.44,43.21],[50.88,44.25],[50.19,44.45],[51.42,44.52],[51.02,44.84],[51.47,45.37],[54.3,44.97],[54.29,45.56],[53.06,45.56],[53.35,46.35],[53.11,47.01],[50.84,47.14],[49.3,46.55],[47.47,45.69],[46.69,44.71],[47.93,42.24]],[[103.57,51.58],[105.74,51.65],[106.4,52.32],[108.83,53.26],[109.64,54.27],[109.99,55.84],[109.32,55.77],[108.12,54.0],[104.91,51.92],[103.57,51.58]],[[74.32,45.96],[75.45,46.55],[78.46,46.28],[79.33,46.81],[74.6,46.87],[73.63,46.28],[73.35,45.56],[73.94,44.97],[74.32,45.96]],[[78.04,42.17],[78.66,42.76],[76.53,42.63],[76.51,42.37],[78.04,42.17]],[[59.12,43.41],[60.29,43.54],[61.58,44.91],[61.72,45.37],[61.34,45.43],[61.25,45.96],[61.7,46.87],[60.12,46.81],[59.41,46.09],[58.64,45.96],[57.96,43.86],[59.13,43.73],[59.12,43.41]],[[53.33,44.39],[53.74,45.04],[53.42,45.04],[53.33,44.39]],[[35.2,60.91],[35.57,60.91],[36.08,61.12],[36.22,61.69],[35.29,62.4],[35.27,63.05],[34.12,63.34],[34.05,63.05],[34.99,62.69],[34.88,62.26],[34.02,62.55],[34.04,61.83],[35.26,61.55],[35.2,60.91]],[[32.17,60.91],[31.78,61.26],[31.02,61.62],[29.86,61.34],[30.38,59.78],[31.86,60.35],[32.17,60.91]],[[24.83,54.27],[24.74,54.27],[24.73,54.21],[24.83,54.27]],[[24.92,54.34],[24.84,54.34],[24.83,54.27],[24.92,54.34]]],[[[79.18,73.16],[79.66,73.0],[79.36,72.69],[78.57,72.84],[79.18,73.16]]],[[[74.58,72.84],[73.98,73.0],[74.4,73.25],[74.58,72.84]]],[[[76.03,73.65],[75.39,73.41],[75.61,73.65],[76.03,73.65]]],[[[60.96,75.2],[55.95,73.08],[56.32,73.0],[55.5,72.53],[55.43,72.05],[56.11,71.27],[57.62,70.88],[57.49,70.64],[53.85,70.72],[53.25,71.5],[52.85,70.95],[52.2,71.27],[52.43,71.5],[51.25,71.81],[52.77,72.69],[52.34,72.84],[54.14,73.41],[53.7,73.89],[56.11,74.79],[56.29,75.04],[55.75,75.04],[56.09,75.37],[56.73,75.2],[59.33,76.04],[64.23,76.38],[66.97,77.06],[69.14,76.89],[69.03,76.55],[67.83,76.21],[60.96,75.2]]],[[[84.51,74.54],[84.92,74.63],[84.65,74.38],[84.51,74.54]]],[[[85.78,74.63],[86.6,74.87],[86.21,74.63],[85.78,74.63]]],[[[85.44,74.71],[85.12,74.71],[85.41,74.87],[85.44,74.71]]],[[[82.04,75.54],[82.38,75.45],[81.76,75.29],[82.04,75.54]]],[[[97.0,76.21],[96.56,76.13],[97.14,76.46],[97.0,76.21]]],[[[97.59,76.55],[97.37,76.55],[97.62,76.81],[97.59,76.55]]],[[[96.0,77.24],[96.91,77.32],[96.42,76.98],[95.53,76.98],[96.0,77.24]]],[[[89.18,77.15],[89.97,77.41],[89.62,77.15],[89.18,77.15]]],[[[101.49,78.2],[99.41,78.02],[101.97,79.45],[103.59,79.45],[102.72,78.91],[104.57,79.27],[106.0,78.73],[104.7,78.29],[101.49,78.2]]],[[[100.5,80.0],[99.8,79.18],[100.36,79.09],[97.53,78.82],[93.26,79.45],[94.78,80.09],[92.94,79.63],[91.35,79.91],[92.78,80.09],[93.18,80.37],[92.6,80.37],[93.55,81.04],[95.77,81.33],[98.05,80.94],[97.36,80.56],[98.56,80.19],[98.27,80.0],[100.5,80.0]]],[[[60.62,81.13],[61.9,81.23],[61.76,80.94],[62.62,80.84],[61.92,80.47],[59.4,80.56],[60.62,81.13]]],[[[80.32,80.75],[79.14,80.75],[80.8,81.04],[80.32,80.75]]],[[[65.9,81.04],[65.26,80.75],[62.89,80.75],[65.9,81.04]]],[[[90.74,81.33],[91.94,81.33],[91.27,80.94],[90.21,81.04],[90.74,81.33]]],[[[59.91,81.13],[60.32,81.33],[60.14,81.13],[59.91,81.13]]],[[[63.4,81.43],[62.66,81.53],[63.06,81.83],[63.81,81.73],[63.4,81.43]]],[[[146.98,43.93],[146.5,43.73],[146.69,43.86],[146.98,43.93]]],[[[146.51,44.45],[145.29,43.73],[146.08,44.52],[146.51,44.45]]],[[[148.96,45.56],[146.78,44.39],[147.88,45.43],[148.96,45.56]]],[[[150.55,46.28],[149.37,45.56],[149.51,45.82],[150.55,46.28]]],[[[152.34,47.2],[151.58,46.81],[151.96,47.14],[152.34,47.2]]],[[[144.67,48.99],[144.74,48.79],[144.46,48.65],[144.67,48.99]]],[[[154.42,49.25],[154.9,49.65],[154.73,49.32],[154.42,49.25]]],[[[143.07,51.98],[144.43,49.18],[142.96,49.12],[142.5,47.93],[143.62,46.41],[143.3,46.22],[143.24,46.55],[142.53,46.68],[141.89,45.89],[141.66,46.41],[142.15,48.19],[141.75,48.79],[142.15,51.05],[141.46,51.98],[141.85,52.79],[141.72,53.33],[142.54,53.53],[142.31,54.21],[142.69,54.48],[143.08,54.27],[143.33,52.65],[143.07,51.98]]],[[[155.82,50.71],[156.54,50.91],[155.84,50.25],[155.08,50.25],[155.82,50.71]]],[[[167.26,54.75],[167.87,54.89],[167.78,54.61],[167.26,54.75]]],[[[137.59,54.41],[137.14,54.89],[137.5,55.23],[138.15,55.02],[137.59,54.41]]],[[[136.87,54.89],[136.53,54.89],[136.9,55.16],[137.18,55.09],[136.87,54.89]]],[[[166.32,55.43],[166.74,54.82],[165.96,54.89],[165.7,55.29],[166.32,55.43]]],[[[163.27,58.53],[163.69,59.02],[164.81,59.29],[163.27,58.53]]],[[[141.11,73.97],[142.7,73.97],[143.61,73.49],[139.52,73.33],[141.11,73.97]]],[[[136.32,74.22],[136.43,74.22],[136.06,73.89],[135.28,74.05],[136.32,74.22]]],[[[140.89,73.97],[139.83,73.97],[140.37,74.38],[141.24,74.22],[140.89,73.97]]],[[[147.94,74.79],[146.07,75.2],[146.68,75.71],[151.17,75.2],[150.09,74.79],[147.94,74.79]]],[[[142.34,75.45],[143.59,75.96],[145.58,75.71],[143.46,74.87],[141.73,75.04],[139.22,74.63],[136.86,75.2],[137.23,75.45],[137.01,75.62],[138.79,76.3],[140.13,75.87],[141.92,76.21],[142.72,75.96],[142.34,75.45]]],[[[135.87,75.37],[135.33,75.37],[135.59,75.79],[136.14,75.96],[136.35,75.62],[135.87,75.37]]],[[[149.13,76.64],[148.69,76.64],[149.63,76.81],[149.13,76.64]]],[[[149.49,76.89],[149.71,76.89],[149.18,76.81],[149.49,76.89]]]]}},{"type":"Feature","properties":{"n":"German Democratic Republic","f":1953,"t":1972,"w":"Q16957"},"geometry":{"type":"Polygon","coordinates":[[[14.55,52.65],[14.83,50.91],[14.33,51.05],[12.29,50.25],[10.02,50.51],[9.93,51.45],[10.53,51.65],[10.53,52.25],[10.96,52.45],[10.79,52.99],[11.39,53.06],[10.62,53.39],[10.79,54.0],[13.41,54.75],[13.74,54.27],[13.3,54.21],[14.17,54.07],[14.13,52.79],[14.55,52.65]],[[13.18,52.52],[13.69,52.59],[13.44,52.72],[13.18,52.52]]]}},{"type":"Feature","properties":{"n":"(British Empire)","f":1953,"t":1955,"w":"Q8680"},"geometry":{"type":"MultiPolygon","coordinates":[[[[-61.23,-51.99],[-61.12,-51.79],[-60.81,-51.86],[-61.23,-51.99]]],[[[-59.02,-51.32],[-57.81,-51.45],[-58.66,-52.12],[-59.83,-52.26],[-59.02,-51.32]]],[[[-59.22,-51.39],[-60.6,-52.26],[-60.91,-52.19],[-60.37,-51.65],[-60.57,-51.39],[-59.22,-51.39]]],[[[-57.33,5.04],[-57.91,4.91],[-58.11,3.89],[-57.3,3.24],[-56.72,1.89],[-57.44,1.96],[-58.9,1.19],[-59.34,1.38],[-60.07,2.47],[-59.72,4.34],[-60.16,4.53],[-60.1,5.17],[-60.68,5.17],[-61.36,6.01],[-61.15,6.59],[-60.36,6.97],[-60.67,7.61],[-59.83,8.45],[-59.31,8.26],[-58.48,7.49],[-58.46,6.91],[-57.28,6.33],[-57.33,5.04]]],[[[-61.73,10.06],[-61.55,10.83],[-60.89,10.83],[-61.0,10.06],[-61.73,10.06]]],[[[-60.7,11.34],[-60.56,11.34],[-60.62,11.09],[-60.7,11.34]]],[[[-61.57,12.24],[-61.55,11.99],[-61.78,12.05],[-61.57,12.24]]],[[[-59.57,13.01],[-59.67,13.34],[-59.52,13.34],[-59.57,13.01]]],[[[-61.07,13.4],[-61.05,13.14],[-61.19,13.08],[-61.07,13.4]]],[[[-60.94,13.66],[-61.04,14.04],[-60.82,14.04],[-60.94,13.66]]],[[[-61.26,15.65],[-61.15,15.2],[-61.37,15.2],[-61.26,15.65]]],[[[-61.64,17.19],[-61.62,16.94],[-61.76,16.94],[-61.64,17.19]]],[[[-89.05,17.96],[-88.08,18.35],[-88.14,16.81],[-88.82,15.91],[-89.11,15.91],[-89.05,17.96]]],[[[-64.58,17.71],[-64.87,17.64],[-64.89,17.84],[-64.58,17.71]]],[[[-78.39,18.29],[-77.01,18.48],[-76.12,17.9],[-77.74,17.84],[-78.39,18.29]]],[[[-73.66,20.92],[-73.69,21.11],[-72.97,21.24],[-73.66,20.92]]],[[[-72.32,21.89],[-72.1,21.89],[-72.08,21.76],[-72.32,21.89]]],[[[-72.69,22.34],[-72.68,22.27],[-72.82,22.27],[-72.69,22.34]]],[[[-73.67,22.46],[-74.15,22.21],[-73.94,22.72],[-73.67,22.46]]],[[[-75.12,23.11],[-75.17,23.43],[-75.02,23.43],[-74.71,22.91],[-75.12,23.11]]],[[[-77.76,23.75],[-77.86,24.26],[-77.48,24.26],[-77.76,23.75]]],[[[-74.51,23.94],[-74.55,24.14],[-74.32,24.14],[-74.51,23.94]]],[[[-75.49,24.39],[-75.59,24.52],[-75.24,24.26],[-75.43,24.07],[-75.49,24.39]]],[[[-78.39,24.71],[-78.19,25.23],[-77.62,24.59],[-78.09,24.33],[-78.39,24.71]]],[[[-76.26,24.91],[-76.05,24.97],[-76.09,24.78],[-76.26,24.91]]],[[[-76.35,25.36],[-76.33,25.29],[-76.48,25.29],[-76.35,25.36]]],[[[-77.29,25.94],[-77.19,26.52],[-77.67,26.97],[-76.94,26.39],[-77.29,25.94]]],[[[-78.68,26.45],[-78.8,26.64],[-78.6,26.77],[-77.98,26.71],[-78.68,26.45]]],[[[-64.67,32.17],[-64.86,32.3],[-64.65,32.36],[-64.67,32.17]]],[[[-37.96,-54.01],[-36.62,-54.15],[-35.74,-54.82],[-36.16,-55.03],[-37.96,-54.01]]],[[[28.2,-28.64],[29.29,-29.22],[28.96,-30.06],[27.93,-30.7],[27.23,-30.38],[26.89,-29.67],[28.2,-28.64]]],[[[31.82,-27.29],[30.99,-27.23],[30.72,-26.39],[31.06,-25.82],[31.98,-26.14],[31.82,-27.29]]],[[[35.06,-13.79],[35.14,-13.79],[35.14,-13.86],[35.06,-13.79]]],[[[34.91,-13.66],[34.99,-13.66],[34.99,-13.73],[34.91,-13.66]]],[[[34.84,-13.6],[34.91,-13.6],[34.91,-13.66],[34.84,-13.6]]],[[[39.67,-8.01],[39.53,-8.01],[39.67,-7.69],[39.67,-8.01]]],[[[39.49,-6.14],[39.43,-6.53],[39.06,-6.21],[39.27,-5.76],[39.49,-6.14]]],[[[39.77,-4.99],[39.7,-5.44],[39.55,-5.44],[39.77,-4.99]]],[[[37.41,18.99],[38.69,17.96],[37.01,16.81],[36.26,12.89],[35.21,11.99],[34.95,10.76],[34.36,10.64],[34.08,8.51],[33.04,8.13],[34.76,6.59],[36.01,4.46],[39.49,3.44],[40.6,4.27],[41.76,3.95],[43.68,4.91],[45.21,5.11],[47.86,7.94],[46.84,8.0],[43.38,9.41],[42.76,10.44],[43.24,11.54],[44.08,10.57],[44.88,10.44],[51.1,11.99],[50.83,9.29],[47.89,4.34],[45.87,2.34],[43.28,0.54],[41.4,-1.9],[40.17,-2.67],[39.11,-4.73],[38.77,-6.34],[39.43,-6.85],[39.25,-8.59],[39.72,-10.0],[40.32,-10.51],[38.51,-11.41],[37.85,-11.29],[37.28,-11.8],[34.93,-11.61],[34.38,-9.74],[33.79,-9.55],[34.17,-13.54],[34.49,-14.31],[35.23,-14.44],[35.14,-13.92],[35.83,-14.76],[35.79,-15.85],[35.08,-16.43],[35.18,-17.14],[34.26,-16.17],[34.52,-15.21],[34.27,-14.44],[33.47,-14.56],[32.94,-14.05],[30.1,-15.01],[30.35,-15.98],[32.88,-16.81],[32.92,-19.96],[32.31,-21.38],[31.15,-22.47],[29.14,-22.15],[28.26,-22.6],[25.79,-24.79],[25.44,-25.69],[24.47,-25.88],[22.96,-25.3],[21.65,-26.84],[20.52,-26.84],[20.73,-25.94],[19.88,-24.85],[19.91,-22.02],[20.95,-21.89],[20.89,-18.36],[23.1,-18.04],[23.63,-18.49],[25.02,-17.78],[23.24,-17.65],[22.12,-16.69],[21.91,-13.02],[23.82,-12.96],[24.01,-10.9],[24.39,-11.48],[25.19,-11.29],[25.34,-11.74],[26.15,-11.99],[27.1,-11.67],[28.89,-13.41],[29.7,-13.41],[29.74,-12.25],[29.02,-12.44],[28.34,-11.8],[28.6,-9.68],[28.3,-9.23],[28.95,-8.46],[30.33,-8.26],[30.34,-8.59],[31.14,-8.78],[30.39,-6.66],[29.72,-6.34],[29.56,-4.86],[29.56,-4.41],[30.57,-3.44],[30.34,-2.54],[30.77,-1.71],[30.33,-1.13],[29.53,-1.32],[29.46,-0.87],[29.89,0.86],[31.23,2.15],[30.72,2.41],[30.82,3.56],[29.53,4.66],[29.16,4.34],[27.86,4.53],[25.23,7.81],[23.57,8.77],[23.66,9.93],[22.88,10.89],[22.47,12.63],[21.89,12.69],[23.05,15.59],[24.09,15.84],[24.12,19.96],[25.09,20.09],[25.06,21.95],[36.96,21.95],[37.41,18.99]],[[31.5,-1.84],[31.8,-2.8],[32.09,-2.41],[33.76,-2.35],[33.25,-1.96],[33.9,-1.58],[34.04,-0.61],[34.77,-0.36],[33.38,0.48],[31.78,-0.04],[31.5,-1.84]],[[32.89,-2.74],[32.6,-2.74],[32.6,-2.99],[32.89,-2.74]]],[[[0.55,6.71],[1.13,6.07],[0.91,5.75],[-1.87,4.72],[-2.96,4.98],[-2.74,5.49],[-3.24,6.84],[-2.51,8.19],[-2.8,10.96],[-0.02,11.09],[0.56,9.35],[0.55,6.71]]],[[[-11.41,6.97],[-12.95,7.49],[-12.73,7.74],[-13.31,8.32],[-13.32,9.03],[-12.45,9.86],[-11.28,9.99],[-10.69,9.41],[-10.69,8.32],[-10.25,8.45],[-11.41,6.97]]],[[[10.38,13.34],[12.44,13.08],[13.62,13.72],[14.19,12.44],[14.7,12.18],[14.62,11.47],[13.81,11.15],[11.42,6.46],[9.8,5.24],[9.41,3.89],[8.33,4.79],[5.92,4.27],[4.56,6.26],[2.74,6.33],[2.75,8.96],[3.85,10.51],[3.56,11.66],[4.22,13.46],[5.84,13.85],[6.94,13.01],[8.11,13.34],[9.57,12.76],[10.38,13.34]]],[[[-16.82,13.08],[-16.83,13.4],[-15.23,13.79],[-13.75,13.46],[-14.04,13.21],[-15.15,13.53],[-16.82,13.08]]],[[[49.41,14.69],[48.79,14.04],[45.74,13.34],[45.05,12.76],[43.59,12.69],[45.18,13.91],[46.0,14.04],[46.16,14.36],[45.61,15.14],[48.0,18.09],[49.0,18.61],[52.13,18.93],[53.22,16.68],[52.38,16.29],[52.1,15.46],[49.41,14.69]]],[[[47.24,30.05],[48.43,29.79],[47.87,29.54],[48.32,28.83],[46.69,29.15],[47.24,30.05]]],[[[33.04,34.55],[32.23,34.94],[34.54,35.71],[33.04,34.55]]],[[[14.57,35.77],[14.34,35.84],[14.34,36.03],[14.57,35.77]]],[[[-5.3,36.35],[-5.36,36.16],[-5.52,36.16],[-5.3,36.35]]],[[[13.18,52.59],[13.27,52.65],[13.44,52.59],[13.18,52.59]]],[[[-4.38,54.41],[-4.36,54.21],[-4.86,54.07],[-4.38,54.41]]],[[[-3.26,56.05],[-1.73,55.7],[-1.29,54.68],[-0.2,54.21],[0.3,53.39],[0.17,52.86],[1.62,52.86],[1.59,52.12],[0.52,51.51],[1.38,51.38],[1.31,51.11],[0.49,50.78],[-1.37,50.85],[-1.18,50.58],[-3.13,50.71],[-3.58,50.25],[-5.75,50.05],[-4.2,51.31],[-3.09,51.25],[-2.95,51.45],[-5.08,51.58],[-5.3,51.98],[-4.16,52.45],[-4.3,52.92],[-4.79,52.79],[-4.49,53.12],[-4.7,53.46],[-3.32,53.39],[-2.97,54.14],[-3.59,54.27],[-3.57,54.89],[-5.21,54.75],[-4.77,55.43],[-5.0,55.84],[-5.44,55.91],[-5.12,55.43],[-5.57,55.57],[-5.63,55.29],[-5.89,55.29],[-5.8,55.98],[-6.63,55.63],[-5.66,56.18],[-6.29,56.32],[-5.95,57.01],[-6.82,57.49],[-6.32,57.77],[-5.7,57.14],[-5.89,57.83],[-5.2,58.67],[-3.14,58.74],[-3.43,58.18],[-4.12,57.97],[-3.99,57.7],[-1.85,57.7],[-3.26,56.05]]],[[[-8.13,54.55],[-7.01,55.23],[-6.15,55.29],[-5.42,54.41],[-5.9,54.07],[-7.07,54.41],[-7.38,54.14],[-8.13,54.55]]],[[[-7.47,57.08],[-7.6,57.35],[-7.25,57.42],[-7.47,57.08]]],[[[-7.56,57.7],[-7.12,57.7],[-7.11,57.63],[-7.56,57.7]]],[[[-7.13,57.77],[-7.28,58.18],[-6.26,58.53],[-6.52,57.9],[-7.13,57.77]]],[[[-2.81,59.02],[-2.79,58.88],[-3.42,58.81],[-3.2,59.22],[-2.81,59.02]]],[[[-2.83,59.16],[-2.84,59.29],[-2.58,59.36],[-2.83,59.16]]],[[[-1.2,60.07],[-1.67,60.21],[-1.63,60.63],[-0.83,60.84],[-1.2,60.07]]],[[[57.57,-20.54],[57.19,-20.54],[57.45,-19.96],[57.57,-20.54]]],[[[178.21,-18.94],[178.25,-19.06],[177.97,-19.13],[178.21,-18.94]]],[[[178.65,-18.1],[177.19,-18.16],[177.36,-17.46],[178.41,-17.52],[178.65,-18.1]]],[[[179.83,-16.17],[179.83,-16.75],[178.39,-16.88],[179.83,-16.17]]],[[[160.46,-11.86],[160.07,-11.67],[160.19,-11.54],[160.46,-11.86]]],[[[166.08,-10.77],[165.66,-10.9],[165.64,-10.71],[166.08,-10.77]]],[[[162.3,-10.9],[161.7,-10.84],[161.11,-10.19],[162.3,-10.9]]],[[[160.5,-10.0],[159.42,-9.61],[159.45,-9.23],[160.51,-9.49],[160.5,-10.0]]],[[[161.19,-9.1],[161.49,-9.81],[160.61,-9.1],[160.44,-8.26],[161.19,-9.1]]],[[[157.31,-8.39],[157.27,-8.65],[157.12,-8.65],[157.31,-8.39]]],[[[157.49,-8.01],[157.95,-8.84],[157.38,-8.33],[157.09,-8.33],[156.76,-7.94],[157.49,-8.01]]],[[[159.74,-8.52],[158.33,-7.56],[158.62,-7.56],[159.74,-8.52]]],[[[156.57,-7.56],[156.68,-7.94],[156.54,-8.01],[156.57,-7.56]]],[[[155.57,-6.98],[155.72,-6.98],[155.81,-7.17],[155.57,-6.98]]],[[[157.36,-7.43],[156.77,-7.3],[156.27,-6.59],[157.36,-7.43]]],[[[55.43,-4.79],[55.21,-4.6],[55.43,-4.6],[55.43,-4.79]]],[[[104.06,2.92],[104.21,2.86],[104.2,2.73],[104.06,2.92]]],[[[119.26,5.17],[118.81,4.91],[118.16,4.98],[118.56,4.34],[115.63,4.21],[115.51,3.31],[114.41,1.44],[113.31,1.25],[112.38,1.57],[111.7,0.99],[110.46,0.86],[109.47,1.76],[109.63,2.02],[110.92,1.51],[111.26,2.73],[112.81,3.11],[113.91,4.59],[115.31,4.98],[115.35,5.49],[115.79,5.62],[116.69,7.04],[117.75,6.46],[117.64,5.94],[119.26,5.17]]],[[[103.36,4.98],[103.4,2.86],[103.96,2.28],[104.14,1.31],[103.27,1.31],[101.99,2.15],[100.48,4.21],[100.03,6.52],[100.68,6.46],[101.07,5.62],[102.34,6.2],[103.36,4.98]]],[[[99.58,6.39],[99.88,6.52],[99.87,6.26],[99.58,6.39]]],[[[117.21,7.16],[116.99,7.1],[117.01,7.36],[117.21,7.16]]],[[[53.48,12.76],[54.5,12.63],[54.19,12.31],[53.53,12.31],[53.48,12.76]]],[[[54.2,17.0],[53.89,16.87],[54.07,17.26],[54.2,17.0]]],[[[114.53,22.14],[114.0,22.08],[114.0,22.46],[114.6,22.53],[114.53,22.14]]],[[[59.27,22.98],[58.54,23.11],[58.37,23.69],[59.27,22.98]]],[[[55.3,22.66],[54.92,22.53],[52.57,22.91],[51.7,24.26],[54.08,24.14],[56.28,26.0],[56.5,25.16],[56.23,24.78],[55.95,24.97],[56.02,24.07],[55.56,23.94],[55.3,22.66]]],[[[51.7,25.87],[51.5,24.52],[50.79,24.97],[50.95,25.94],[51.7,25.87]]],[[[50.43,25.94],[50.46,26.26],[50.69,26.26],[50.43,25.94]]]]}},{"type":"Feature","properties":{"n":"Belgian Congo","f":1953,"t":1955,"w":"Q213510"},"geometry":{"type":"Polygon","coordinates":[[[28.97,-3.31],[29.07,-6.21],[30.41,-8.26],[28.95,-8.46],[28.3,-9.23],[28.6,-9.68],[28.34,-11.8],[29.02,-12.44],[29.74,-12.25],[29.7,-13.41],[28.89,-13.41],[27.1,-11.67],[26.15,-11.99],[25.34,-11.74],[25.19,-11.29],[24.39,-11.48],[24.01,-10.9],[22.11,-11.16],[21.64,-7.3],[19.52,-7.04],[19.16,-8.07],[17.56,-8.14],[16.38,-5.89],[12.08,-5.89],[12.95,-4.66],[13.46,-4.86],[14.33,-4.34],[14.55,-4.92],[15.86,-3.89],[16.14,-2.09],[17.66,-0.42],[18.06,2.41],[18.58,3.18],[18.53,4.34],[19.27,5.11],[20.57,4.4],[22.31,4.08],[22.76,4.79],[23.34,4.59],[25.39,5.3],[27.22,5.24],[28.22,4.34],[29.53,4.66],[30.82,3.56],[30.72,2.41],[31.23,2.15],[29.89,0.86],[29.46,-0.87],[29.53,-1.32],[30.33,-1.13],[30.77,-1.71],[30.34,-2.54],[30.71,-2.99],[29.56,-4.34],[28.97,-3.31]]]}},{"type":"Feature","properties":{"n":"Republic of India","f":1953,"t":1955,"w":"Q668"},"geometry":{"type":"MultiPolygon","coordinates":[[[[93.51,7.23],[93.74,7.42],[93.92,6.84],[93.51,7.23]]],[[[93.49,8.06],[93.48,7.87],[93.26,7.87],[93.49,8.06]]],[[[92.29,10.57],[92.39,10.89],[92.61,10.89],[92.29,10.57]]],[[[92.85,13.53],[93.08,13.59],[92.73,11.54],[92.85,13.53]]],[[[78.77,31.34],[81.01,30.18],[80.1,28.77],[83.08,27.42],[84.43,27.42],[85.27,26.71],[87.99,26.39],[88.14,27.87],[88.48,28.06],[88.95,27.8],[88.8,27.09],[89.13,26.84],[91.82,26.77],[92.09,27.35],[91.72,27.74],[92.58,27.87],[94.58,29.28],[95.44,29.09],[96.2,29.41],[96.62,28.96],[96.4,28.38],[97.42,28.25],[97.0,27.74],[97.16,27.16],[96.21,27.29],[95.16,26.58],[94.13,23.88],[93.4,24.01],[93.02,22.01],[92.59,22.14],[92.23,23.69],[91.75,22.98],[91.22,23.43],[92.45,24.97],[90.1,25.23],[89.82,26.13],[89.34,26.0],[88.4,26.58],[88.18,25.81],[88.99,25.29],[88.11,24.52],[88.81,24.2],[89.11,21.69],[88.73,21.63],[88.64,22.08],[88.35,21.56],[88.1,21.95],[87.07,21.44],[87.03,20.6],[86.42,19.89],[85.37,19.83],[84.38,18.41],[82.45,17.13],[82.38,16.55],[80.38,15.71],[80.09,15.07],[80.41,13.08],[79.73,11.92],[79.9,10.25],[79.32,10.25],[78.96,9.22],[77.28,8.06],[76.2,9.48],[75.68,11.6],[74.75,12.82],[74.31,14.56],[74.52,15.26],[73.8,15.46],[73.42,16.04],[72.53,22.27],[72.11,21.89],[72.18,21.18],[70.72,20.66],[68.95,22.21],[70.43,22.85],[69.23,22.79],[68.13,23.56],[68.8,24.26],[71.05,24.33],[70.7,25.62],[70.19,25.74],[70.22,26.45],[69.51,26.77],[69.56,27.09],[70.39,28.06],[70.72,27.74],[71.89,27.99],[74.57,30.95],[74.63,31.91],[75.3,32.17],[74.08,33.14],[74.28,33.97],[73.9,34.61],[75.64,34.49],[78.06,35.45],[78.17,34.74],[79.07,34.36],[78.54,32.62],[78.77,31.34]],[[88.34,22.59],[88.42,22.59],[88.52,22.79],[88.34,22.59]],[[75.52,32.11],[75.5,32.04],[75.58,32.04],[75.52,32.11]],[[73.19,20.15],[72.9,20.21],[72.96,20.09],[73.19,20.15]]],[[[63.83,29.47],[63.75,29.47],[63.76,29.54],[63.83,29.47]]],[[[66.33,29.92],[66.25,29.92],[66.26,29.99],[66.33,29.92]]]]}},{"type":"Feature","properties":{"n":"French Indochina","f":1953,"t":1955,"w":"Q185682"},"geometry":{"type":"MultiPolygon","coordinates":[[[[70.27,-49.66],[68.82,-49.79],[68.74,-48.79],[69.6,-49.26],[70.43,-49.06],[70.57,-49.39],[69.96,-49.52],[70.27,-49.66]]],[[[55.1,-21.25],[55.22,-20.86],[55.77,-21.31],[55.1,-21.25]]],[[[79.87,10.89],[79.73,10.89],[79.81,11.02],[79.87,10.89]]],[[[75.53,11.47],[75.53,11.6],[75.68,11.6],[75.53,11.47]]],[[[79.87,11.79],[79.72,11.79],[79.81,11.92],[79.87,11.79]]],[[[82.41,16.74],[82.26,16.74],[82.35,16.87],[82.41,16.74]]],[[[88.37,22.79],[88.52,22.79],[88.42,22.59],[88.37,22.79]]],[[[167.62,-21.38],[168.01,-21.44],[168.01,-21.7],[167.62,-21.38]]],[[[166.87,-22.41],[166.09,-22.28],[163.89,-20.16],[166.87,-22.41]]],[[[167.26,-20.86],[167.33,-21.12],[167.05,-21.19],[167.06,-20.67],[167.26,-20.86]]],[[[103.81,10.25],[104.12,10.44],[104.09,10.06],[103.81,10.25]]],[[[105.97,19.83],[105.73,18.86],[106.57,18.09],[106.75,17.39],[109.02,15.33],[109.47,12.56],[108.73,11.15],[107.34,10.38],[107.0,10.7],[106.6,9.54],[104.76,8.51],[105.03,9.99],[104.42,10.44],[103.55,10.51],[103.6,11.09],[103.06,10.83],[102.39,13.53],[103.46,14.43],[105.43,14.36],[105.68,15.65],[104.89,16.29],[104.83,17.39],[104.02,18.29],[103.36,18.35],[102.92,17.9],[102.07,18.16],[101.08,17.45],[101.31,19.44],[100.52,19.57],[100.54,20.21],[100.13,20.41],[101.18,21.44],[101.81,21.18],[101.72,22.46],[104.04,22.53],[105.21,23.3],[106.71,22.91],[106.71,22.08],[108.1,21.5],[105.97,19.83]]]]}},{"type":"Feature","properties":{"n":"Union of Soviet Socialist Republics","f":1953,"t":1968,"w":"Q15180"},"geometry":{"type":"MultiPolygon","coordinates":[[[[33.52,44.45],[33.61,45.1],[32.6,45.43],[34.15,46.09],[35.02,45.3],[36.42,45.43],[33.52,44.45]]],[[[29.67,45.43],[29.66,45.37],[29.58,45.37],[29.67,45.43]]],[[[53.1,46.02],[53.18,46.02],[53.17,45.96],[53.1,46.02]]],[[[13.44,52.72],[13.69,52.59],[13.6,52.45],[13.44,52.72]]],[[[23.12,58.39],[21.9,57.9],[21.88,58.53],[23.12,58.39]]],[[[22.84,59.09],[22.9,58.81],[22.19,58.88],[22.84,59.09]]],[[[35.65,65.22],[36.13,65.22],[35.5,65.0],[35.65,65.22]]],[[[49.52,69.56],[50.32,69.33],[49.7,68.88],[48.34,68.73],[48.24,69.41],[49.52,69.56]]],[[[51.35,79.91],[50.65,79.91],[50.97,80.19],[51.35,79.91]]],[[[59.43,80.19],[60.25,80.19],[59.89,79.91],[59.43,80.19]]],[[[50.16,80.37],[50.57,80.28],[50.43,80.09],[49.96,80.09],[50.16,80.37]]],[[[47.56,80.19],[47.04,80.28],[47.16,80.47],[47.63,80.47],[47.56,80.19]]],[[[53.79,80.19],[52.73,80.19],[52.95,80.47],[53.79,80.19]]],[[[54.6,80.47],[54.72,80.47],[54.64,80.37],[54.6,80.47]]],[[[58.31,80.94],[58.9,80.94],[58.22,80.56],[59.05,80.56],[58.18,80.09],[56.06,80.09],[56.37,80.47],[57.98,80.56],[58.31,80.94]]],[[[54.36,80.47],[54.75,80.65],[54.6,80.47],[54.36,80.47]]],[[[48.59,80.65],[50.93,80.94],[50.47,80.47],[47.85,80.09],[48.67,80.94],[48.59,80.65]]],[[[47.22,80.56],[45.92,80.56],[46.05,80.75],[47.53,80.84],[47.22,80.56]]],[[[50.77,80.56],[51.81,80.84],[51.72,80.56],[50.77,80.56]]],[[[47.76,80.65],[47.52,80.65],[48.07,80.94],[47.76,80.65]]],[[[57.57,81.63],[58.33,81.53],[56.72,81.04],[58.07,80.94],[57.83,80.65],[54.9,80.84],[57.57,81.63]]],[[[59.65,81.93],[59.68,81.83],[58.61,81.43],[58.8,81.93],[59.65,81.93]]],[[[108.87,53.53],[108.52,53.53],[108.6,53.73],[108.93,53.94],[108.87,53.53]]],[[[47.93,42.24],[49.51,40.61],[50.26,40.42],[49.4,40.1],[48.79,38.48],[48.06,38.8],[48.13,39.64],[46.67,38.93],[45.07,39.26],[44.42,40.03],[43.65,40.16],[43.58,41.13],[42.86,41.59],[41.58,41.52],[41.82,41.98],[41.33,42.89],[36.78,45.1],[36.75,45.43],[37.7,45.3],[38.37,46.35],[37.84,46.61],[39.13,46.94],[39.2,47.33],[35.63,46.68],[34.74,46.15],[32.68,46.09],[31.82,46.35],[32.03,46.74],[30.88,46.68],[29.58,45.43],[28.51,45.24],[28.13,45.5],[28.11,46.87],[26.85,48.26],[25.07,47.8],[22.06,48.39],[22.78,49.12],[22.74,49.71],[24.08,50.58],[23.63,51.98],[23.15,52.25],[23.98,52.86],[23.02,54.41],[19.82,54.48],[19.95,55.02],[21.09,55.09],[21.0,56.94],[21.6,57.63],[22.52,57.83],[23.58,57.01],[24.23,57.28],[24.27,58.25],[23.41,58.53],[23.41,59.29],[30.14,59.92],[27.99,60.7],[31.5,62.98],[30.05,63.7],[30.55,64.28],[29.62,64.86],[30.03,65.88],[29.05,66.77],[29.94,67.67],[28.42,68.42],[28.63,68.95],[32.31,70.02],[33.44,69.33],[36.13,69.26],[41.0,67.74],[41.39,67.15],[41.04,66.7],[38.68,66.03],[32.55,67.07],[33.0,66.55],[34.87,65.88],[34.44,65.37],[34.98,64.49],[37.39,63.91],[37.88,63.99],[37.89,64.35],[36.79,64.49],[36.36,65.0],[37.21,65.3],[38.21,64.79],[40.19,64.71],[39.54,65.37],[40.4,65.96],[41.96,66.55],[43.97,66.18],[44.37,67.0],[43.6,67.3],[44.17,68.27],[43.45,68.73],[45.88,68.57],[46.66,67.82],[44.93,67.44],[45.81,66.92],[47.37,66.92],[47.78,67.67],[53.28,69.03],[54.04,68.95],[53.87,68.42],[53.3,68.27],[58.39,69.03],[59.09,69.03],[59.4,68.88],[59.24,68.42],[59.74,68.42],[60.7,68.88],[60.09,69.72],[58.34,70.18],[59.07,70.57],[60.54,69.79],[63.93,69.72],[68.49,68.27],[68.95,68.95],[66.6,69.64],[67.17,70.18],[67.19,70.8],[66.53,71.03],[68.33,71.81],[69.96,73.49],[71.3,73.57],[71.11,73.08],[69.71,72.92],[72.94,72.76],[72.66,72.05],[71.81,71.5],[72.89,71.03],[72.5,69.03],[73.63,68.65],[73.07,67.74],[71.52,66.62],[70.4,66.4],[72.1,66.33],[74.65,67.74],[74.2,68.35],[74.59,68.88],[76.47,69.11],[77.31,68.65],[77.25,68.05],[77.88,68.35],[77.59,68.88],[76.63,69.18],[73.66,69.11],[73.41,69.72],[74.22,70.64],[72.89,71.42],[74.87,72.21],[74.86,72.92],[75.77,72.53],[75.27,71.81],[75.4,71.34],[77.19,71.27],[75.85,71.89],[77.23,72.05],[76.71,72.29],[77.48,72.69],[82.52,71.81],[82.13,72.29],[80.47,72.53],[80.55,73.16],[80.18,73.33],[80.89,73.73],[86.9,73.89],[87.0,74.46],[86.06,74.3],[87.32,75.12],[89.01,75.54],[95.91,76.38],[96.8,76.38],[96.22,76.04],[97.65,76.04],[99.11,76.3],[99.15,76.64],[100.8,76.55],[101.49,77.24],[102.94,77.67],[105.1,77.76],[106.29,77.58],[105.16,77.15],[107.59,77.06],[106.66,76.55],[112.07,76.81],[114.09,75.96],[113.31,75.12],[106.15,73.33],[105.53,72.92],[110.4,73.65],[110.73,73.81],[109.34,73.65],[110.12,74.14],[111.06,73.97],[112.12,74.63],[113.31,74.63],[113.61,74.54],[111.48,73.89],[112.53,73.73],[113.21,74.05],[113.6,73.81],[113.36,73.57],[118.9,73.73],[118.4,73.33],[120.56,73.0],[123.08,73.0],[123.21,73.57],[124.01,73.81],[128.08,73.57],[129.12,73.16],[128.74,72.92],[129.22,72.76],[128.74,72.53],[129.64,72.37],[128.87,71.66],[130.99,70.8],[132.46,71.97],[133.49,71.5],[139.7,71.58],[139.36,71.81],[139.8,72.21],[139.0,72.29],[141.34,72.92],[146.82,72.53],[146.53,72.13],[147.41,72.45],[149.62,72.29],[150.1,71.97],[148.95,71.74],[151.81,71.42],[152.49,70.88],[155.5,71.19],[159.39,70.95],[160.15,70.64],[159.78,69.87],[160.89,69.64],[166.9,69.56],[169.01,70.1],[169.63,69.95],[169.11,69.56],[168.35,69.64],[168.28,69.33],[170.45,68.88],[170.96,69.26],[169.96,69.64],[170.68,70.18],[171.8,70.18],[176.31,69.95],[180.0,69.11],[180.0,65.08],[177.34,64.49],[178.45,64.42],[178.89,63.91],[178.58,63.62],[179.4,63.34],[179.61,62.69],[179.0,62.33],[177.06,62.62],[173.58,61.69],[170.68,60.49],[170.28,59.92],[169.06,60.63],[166.99,60.35],[166.07,59.78],[166.19,60.49],[164.79,59.78],[163.64,60.0],[161.97,58.04],[163.38,57.83],[162.71,57.28],[163.46,56.39],[162.57,56.05],[162.58,56.46],[161.95,55.98],[161.77,55.23],[162.21,54.89],[160.06,54.21],[159.83,53.8],[160.13,53.26],[158.78,52.99],[158.3,51.98],[156.78,50.98],[156.39,51.25],[155.43,54.68],[155.7,56.52],[156.85,57.35],[156.86,57.9],[158.4,58.18],[161.99,60.56],[163.63,60.98],[163.35,60.98],[163.88,61.34],[163.62,61.41],[163.86,62.12],[164.55,62.69],[163.3,62.55],[163.07,61.9],[163.42,61.83],[163.0,61.55],[162.27,61.62],[160.17,60.63],[160.23,61.05],[159.67,60.98],[160.28,61.9],[157.1,61.69],[154.25,59.85],[154.14,59.5],[155.22,59.43],[154.93,59.16],[151.23,58.88],[152.05,59.29],[149.42,59.78],[148.61,59.22],[143.08,59.36],[140.9,58.39],[137.43,55.98],[135.2,54.95],[136.92,54.68],[136.68,53.87],[137.69,54.34],[137.32,54.07],[137.86,54.0],[137.27,53.6],[138.1,53.73],[138.73,54.34],[140.03,54.34],[141.46,53.33],[141.15,52.52],[141.56,52.25],[140.65,51.25],[140.25,48.59],[135.11,43.47],[133.27,42.69],[131.91,43.28],[130.77,42.43],[130.47,42.69],[131.27,43.28],[130.91,44.71],[131.7,45.24],[132.98,45.1],[134.68,47.66],[134.52,48.39],[132.12,47.66],[130.85,47.73],[130.57,48.85],[127.48,49.78],[125.9,52.86],[123.85,53.53],[121.9,53.46],[120.08,52.86],[119.9,52.65],[120.53,52.59],[120.67,52.05],[119.65,51.11],[119.28,50.11],[117.83,49.52],[114.01,50.25],[112.73,49.52],[108.59,49.32],[106.46,50.38],[103.3,50.18],[102.3,50.58],[101.91,51.51],[98.93,52.12],[97.84,51.11],[98.13,50.11],[97.43,49.78],[94.87,49.98],[94.13,50.58],[92.27,50.85],[89.49,49.65],[86.87,49.12],[86.6,48.59],[85.64,48.32],[85.74,47.33],[85.14,46.94],[83.04,47.2],[82.31,45.56],[82.55,45.17],[79.95,44.97],[80.41,44.71],[80.79,43.28],[80.14,42.04],[78.03,41.07],[76.89,41.0],[76.27,40.36],[75.49,40.61],[73.93,39.97],[73.77,38.67],[74.87,38.42],[74.92,37.25],[73.33,37.45],[71.58,36.74],[71.57,37.84],[71.18,38.42],[70.71,38.42],[70.27,37.64],[69.55,37.58],[69.35,37.13],[67.92,37.0],[65.71,37.51],[64.83,37.13],[64.3,36.16],[62.3,35.19],[61.3,35.58],[61.14,36.61],[60.44,36.61],[59.17,37.58],[57.19,38.22],[55.2,38.03],[53.96,37.32],[53.99,39.0],[53.14,39.45],[53.54,39.51],[53.5,40.03],[52.79,40.03],[52.7,40.36],[52.89,40.87],[54.37,40.74],[54.73,41.26],[54.09,41.59],[53.91,42.17],[53.19,42.17],[52.72,41.52],[52.44,42.04],[52.79,42.82],[51.44,43.21],[50.88,44.25],[50.19,44.45],[51.42,44.52],[51.02,44.84],[51.47,45.37],[54.3,44.97],[54.29,45.56],[53.06,45.56],[53.35,46.35],[53.11,47.01],[50.84,47.14],[49.3,46.55],[47.47,45.69],[46.69,44.71],[47.93,42.24]],[[103.57,51.58],[105.74,51.65],[106.4,52.32],[108.83,53.26],[109.64,54.27],[109.99,55.84],[109.32,55.77],[108.12,54.0],[104.91,51.92],[103.57,51.58]],[[74.32,45.96],[75.45,46.55],[78.46,46.28],[79.33,46.81],[74.6,46.87],[73.63,46.28],[73.35,45.56],[73.94,44.97],[74.32,45.96]],[[78.04,42.17],[78.66,42.76],[76.53,42.63],[76.51,42.37],[78.04,42.17]],[[59.12,43.41],[60.29,43.54],[61.58,44.91],[61.72,45.37],[61.34,45.43],[61.25,45.96],[61.7,46.87],[60.12,46.81],[59.41,46.09],[58.64,45.96],[57.96,43.86],[59.13,43.73],[59.12,43.41]],[[53.33,44.39],[53.74,45.04],[53.42,45.04],[53.33,44.39]],[[35.2,60.91],[35.57,60.91],[36.08,61.12],[36.22,61.69],[35.29,62.4],[35.27,63.05],[34.12,63.34],[34.05,63.05],[34.99,62.69],[34.88,62.26],[34.02,62.55],[34.04,61.83],[35.26,61.55],[35.2,60.91]],[[32.17,60.91],[31.78,61.26],[31.02,61.62],[29.86,61.34],[30.38,59.78],[31.86,60.35],[32.17,60.91]],[[24.83,54.27],[24.74,54.27],[24.73,54.21],[24.83,54.27]],[[24.92,54.34],[24.84,54.34],[24.83,54.27],[24.92,54.34]]],[[[79.18,73.16],[79.66,73.0],[79.36,72.69],[78.57,72.84],[79.18,73.16]]],[[[74.58,72.84],[73.98,73.0],[74.4,73.25],[74.58,72.84]]],[[[76.03,73.65],[75.39,73.41],[75.61,73.65],[76.03,73.65]]],[[[60.96,75.2],[55.95,73.08],[56.32,73.0],[55.5,72.53],[55.43,72.05],[56.11,71.27],[57.62,70.88],[57.49,70.64],[53.85,70.72],[53.25,71.5],[52.85,70.95],[52.2,71.27],[52.43,71.5],[51.25,71.81],[52.77,72.69],[52.34,72.84],[54.14,73.41],[53.7,73.89],[56.11,74.79],[56.29,75.04],[55.75,75.04],[56.09,75.37],[56.73,75.2],[59.33,76.04],[64.23,76.38],[66.97,77.06],[69.14,76.89],[69.03,76.55],[67.83,76.21],[60.96,75.2]]],[[[84.51,74.54],[84.92,74.63],[84.65,74.38],[84.51,74.54]]],[[[85.78,74.63],[86.6,74.87],[86.21,74.63],[85.78,74.63]]],[[[85.44,74.71],[85.12,74.71],[85.41,74.87],[85.44,74.71]]],[[[82.04,75.54],[82.38,75.45],[81.76,75.29],[82.04,75.54]]],[[[97.0,76.21],[96.56,76.13],[97.14,76.46],[97.0,76.21]]],[[[97.59,76.55],[97.37,76.55],[97.62,76.81],[97.59,76.55]]],[[[96.0,77.24],[96.91,77.32],[96.42,76.98],[95.53,76.98],[96.0,77.24]]],[[[89.18,77.15],[89.97,77.41],[89.62,77.15],[89.18,77.15]]],[[[101.49,78.2],[99.41,78.02],[101.97,79.45],[103.59,79.45],[102.72,78.91],[104.57,79.27],[106.0,78.73],[104.7,78.29],[101.49,78.2]]],[[[100.5,80.0],[99.8,79.18],[100.36,79.09],[97.53,78.82],[93.26,79.45],[94.78,80.09],[92.94,79.63],[91.35,79.91],[92.78,80.09],[93.18,80.37],[92.6,80.37],[93.55,81.04],[95.77,81.33],[98.05,80.94],[97.36,80.56],[98.56,80.19],[98.27,80.0],[100.5,80.0]]],[[[60.62,81.13],[61.9,81.23],[61.76,80.94],[62.62,80.84],[61.92,80.47],[59.4,80.56],[60.62,81.13]]],[[[80.32,80.75],[79.14,80.75],[80.8,81.04],[80.32,80.75]]],[[[65.9,81.04],[65.26,80.75],[62.89,80.75],[65.9,81.04]]],[[[90.74,81.33],[91.94,81.33],[91.27,80.94],[90.21,81.04],[90.74,81.33]]],[[[59.91,81.13],[60.32,81.33],[60.14,81.13],[59.91,81.13]]],[[[63.4,81.43],[62.66,81.53],[63.06,81.83],[63.81,81.73],[63.4,81.43]]],[[[146.98,43.93],[146.5,43.73],[146.69,43.86],[146.98,43.93]]],[[[146.51,44.45],[145.29,43.73],[146.08,44.52],[146.51,44.45]]],[[[148.96,45.56],[146.78,44.39],[147.88,45.43],[148.96,45.56]]],[[[150.55,46.28],[149.37,45.56],[149.51,45.82],[150.55,46.28]]],[[[152.34,47.2],[151.58,46.81],[151.96,47.14],[152.34,47.2]]],[[[144.67,48.99],[144.74,48.79],[144.46,48.65],[144.67,48.99]]],[[[154.42,49.25],[154.9,49.65],[154.73,49.32],[154.42,49.25]]],[[[143.07,51.98],[144.43,49.18],[142.96,49.12],[142.5,47.93],[143.62,46.41],[143.3,46.22],[143.24,46.55],[142.53,46.68],[141.89,45.89],[141.66,46.41],[142.15,48.19],[141.75,48.79],[142.15,51.05],[141.46,51.98],[141.85,52.79],[141.72,53.33],[142.54,53.53],[142.31,54.21],[142.69,54.48],[143.08,54.27],[143.33,52.65],[143.07,51.98]]],[[[155.82,50.71],[156.54,50.91],[155.84,50.25],[155.08,50.25],[155.82,50.71]]],[[[167.26,54.75],[167.87,54.89],[167.78,54.61],[167.26,54.75]]],[[[137.59,54.41],[137.14,54.89],[137.5,55.23],[138.15,55.02],[137.59,54.41]]],[[[136.87,54.89],[136.53,54.89],[136.9,55.16],[137.18,55.09],[136.87,54.89]]],[[[166.32,55.43],[166.74,54.82],[165.96,54.89],[165.7,55.29],[166.32,55.43]]],[[[163.27,58.53],[163.69,59.02],[164.81,59.29],[163.27,58.53]]],[[[141.11,73.97],[142.7,73.97],[143.61,73.49],[139.52,73.33],[141.11,73.97]]],[[[136.32,74.22],[136.43,74.22],[136.06,73.89],[135.28,74.05],[136.32,74.22]]],[[[140.89,73.97],[139.83,73.97],[140.37,74.38],[141.24,74.22],[140.89,73.97]]],[[[147.94,74.79],[146.07,75.2],[146.68,75.71],[151.17,75.2],[150.09,74.79],[147.94,74.79]]],[[[142.34,75.45],[143.59,75.96],[145.58,75.71],[143.46,74.87],[141.73,75.04],[139.22,74.63],[136.86,75.2],[137.23,75.45],[137.01,75.62],[138.79,76.3],[140.13,75.87],[141.92,76.21],[142.72,75.96],[142.34,75.45]]],[[[135.87,75.37],[135.33,75.37],[135.59,75.79],[136.14,75.96],[136.35,75.62],[135.87,75.37]]],[[[149.13,76.64],[148.69,76.64],[149.63,76.81],[149.13,76.64]]],[[[149.49,76.89],[149.71,76.89],[149.18,76.81],[149.49,76.89]]]]}},{"type":"Feature","properties":{"n":"Republic of Indonesia","f":1953,"t":1959,"w":"Q252"},"geometry":{"type":"MultiPolygon","coordinates":[[[[116.47,-8.97],[115.73,-8.91],[116.12,-8.2],[116.64,-8.33],[116.47,-8.97]]],[[[112.53,-6.98],[113.91,-6.85],[113.78,-7.17],[112.69,-7.24],[112.71,-7.56],[114.26,-7.69],[114.43,-8.14],[115.3,-8.07],[115.63,-8.52],[114.93,-8.91],[114.37,-8.33],[114.49,-8.84],[113.21,-8.33],[108.14,-7.88],[105.37,-6.85],[105.91,-5.89],[107.0,-5.89],[108.34,-6.34],[108.58,-6.79],[110.34,-6.91],[110.53,-6.46],[112.53,-6.98]]],[[[115.08,-6.85],[115.29,-6.79],[115.38,-6.98],[115.08,-6.85]]],[[[102.23,-5.31],[102.32,-5.5],[102.1,-5.5],[102.23,-5.31]]],[[[99.81,-2.67],[99.87,-2.48],[100.4,-2.99],[100.11,-3.19],[99.81,-2.67]]],[[[108.03,-2.54],[108.12,-3.19],[107.47,-3.19],[107.45,-2.61],[108.03,-2.54]]],[[[105.78,-2.8],[105.62,-2.16],[104.96,-1.96],[105.24,-1.51],[105.97,-1.51],[106.21,-2.41],[106.8,-2.86],[106.45,-3.19],[105.78,-2.8]]],[[[99.36,-2.22],[99.35,-2.03],[99.64,-2.03],[99.65,-2.41],[99.36,-2.22]]],[[[108.66,-1.64],[108.66,-1.51],[108.88,-1.51],[108.66,-1.64]]],[[[98.46,-1.32],[98.46,-1.0],[99.12,-1.39],[99.2,-1.77],[98.46,-1.32]]],[[[100.39,2.21],[101.7,2.09],[101.68,1.64],[102.41,1.57],[102.39,1.12],[103.11,0.93],[102.95,0.41],[103.74,0.16],[103.33,-0.74],[104.21,-1.0],[104.52,-1.96],[105.93,-2.93],[105.69,-5.89],[105.23,-5.56],[104.3,-5.89],[101.43,-3.25],[100.2,-0.87],[98.94,0.22],[98.63,1.7],[97.56,2.28],[97.5,2.79],[96.17,4.01],[97.13,4.14],[97.76,3.76],[98.23,4.27],[100.39,2.21]]],[[[104.41,-0.29],[104.42,-0.68],[104.13,-0.61],[104.32,0.16],[104.92,-0.23],[104.41,-0.29]]],[[[98.16,-0.61],[98.21,0.09],[98.37,0.03],[98.16,-0.61]]],[[[117.33,3.18],[118.02,2.41],[117.78,1.89],[118.9,0.86],[117.89,0.93],[117.51,0.54],[117.52,-0.81],[116.31,-1.71],[116.54,-2.29],[116.1,-4.09],[115.79,-3.64],[114.5,-4.21],[114.4,-3.44],[113.52,-3.51],[113.0,-3.06],[111.85,-3.64],[111.61,-2.93],[110.09,-3.06],[109.89,-1.32],[109.31,-1.32],[108.7,0.48],[109.19,1.89],[110.46,0.86],[111.7,0.99],[112.38,1.57],[113.31,1.25],[114.41,1.44],[115.79,4.34],[117.89,4.21],[117.59,3.95],[117.79,3.63],[117.2,3.56],[117.63,3.44],[117.33,3.18]]],[[[98.35,0.09],[98.43,0.22],[98.72,0.16],[98.35,0.09]]],[[[103.18,0.67],[103.18,0.86],[103.4,0.86],[103.18,0.67]]],[[[104.13,0.93],[104.21,1.19],[104.57,1.12],[104.13,0.93]]],[[[97.57,0.54],[97.02,1.44],[97.45,1.51],[97.57,0.54]]],[[[104.06,0.99],[103.77,0.93],[103.92,1.25],[104.06,0.99]]],[[[95.68,2.6],[95.69,2.92],[96.4,2.54],[95.68,2.6]]],[[[108.32,3.69],[108.1,3.63],[107.98,4.14],[108.32,3.69]]],[[[122.69,-10.71],[123.26,-10.51],[123.29,-10.77],[122.69,-10.71]]],[[[121.66,-10.58],[121.71,-10.39],[121.86,-10.39],[121.66,-10.58]]],[[[120.01,-9.36],[120.74,-10.19],[120.02,-10.26],[118.95,-9.74],[118.99,-9.36],[120.01,-9.36]]],[[[124.26,-9.49],[124.65,-8.91],[125.02,-9.04],[124.61,-10.06],[123.17,-10.39],[123.68,-9.55],[124.26,-9.49]]],[[[116.85,-9.16],[116.65,-8.52],[118.05,-8.65],[117.37,-8.33],[118.01,-8.07],[118.9,-8.26],[119.08,-8.78],[116.85,-9.16]]],[[[119.21,-8.52],[119.27,-8.39],[119.51,-8.59],[119.21,-8.52]]],[[[121.29,-8.97],[119.44,-8.71],[120.06,-8.26],[122.28,-8.59],[122.61,-8.07],[123.21,-8.39],[123.78,-8.2],[122.66,-8.71],[121.29,-8.97]]],[[[123.96,-8.59],[123.8,-8.39],[124.36,-8.14],[125.02,-8.2],[123.96,-8.59]]],[[[125.67,-8.01],[125.71,-7.69],[126.51,-7.56],[126.4,-8.01],[125.67,-8.01]]],[[[121.99,-5.37],[121.77,-5.44],[121.68,-5.11],[121.99,-5.37]]],[[[123.12,-4.73],[122.81,-5.69],[122.14,-5.44],[122.18,-4.79],[122.81,-4.41],[123.12,-4.73]]],[[[126.36,-3.83],[125.89,-3.12],[126.83,-3.06],[127.21,-3.44],[126.36,-3.83]]],[[[126.01,-2.48],[125.26,-1.77],[126.14,-1.77],[126.01,-2.48]]],[[[120.35,0.48],[119.91,-0.1],[120.74,-1.39],[121.38,-0.81],[123.41,-0.68],[123.28,-1.06],[122.77,-0.94],[121.41,-1.96],[122.24,-2.93],[122.2,-3.64],[123.17,-4.21],[122.02,-4.54],[121.97,-4.92],[121.38,-4.79],[121.42,-4.09],[120.74,-3.51],[120.92,-2.74],[120.42,-2.74],[120.32,-5.56],[119.68,-5.76],[119.21,-5.11],[119.35,-3.51],[118.77,-3.64],[118.59,-2.74],[119.15,-2.03],[119.69,0.48],[120.67,1.31],[123.78,0.86],[125.12,1.7],[124.5,0.54],[123.76,0.22],[120.35,0.48]]],[[[125.11,-1.71],[125.19,-1.9],[124.25,-2.03],[124.46,-1.64],[125.11,-1.71]]],[[[128.02,-1.51],[128.03,-1.77],[127.3,-1.77],[127.22,-1.45],[128.02,-1.51]]],[[[122.7,-1.26],[123.43,-1.26],[123.43,-1.45],[123.0,-1.64],[122.7,-1.26]]],[[[127.78,-0.68],[127.79,-0.87],[126.91,-0.55],[126.97,-0.23],[127.78,-0.68]]],[[[121.59,-0.42],[121.81,-0.36],[121.74,-0.49],[121.59,-0.42]]],[[[125.65,3.56],[125.64,3.31],[125.42,3.37],[125.65,3.56]]],[[[126.87,4.46],[126.77,4.01],[126.62,4.01],[126.87,4.46]]],[[[130.95,-8.33],[130.59,-8.39],[130.86,-8.14],[130.95,-8.33]]],[[[127.66,-8.26],[127.64,-8.07],[127.79,-8.07],[127.66,-8.26]]],[[[129.46,-8.01],[129.44,-7.75],[129.74,-7.81],[129.46,-8.01]]],[[[130.97,-7.69],[131.58,-7.11],[131.55,-7.69],[131.22,-8.07],[130.97,-7.69]]],[[[130.81,-7.56],[130.87,-7.36],[131.02,-7.36],[130.81,-7.56]]],[[[128.38,-7.24],[128.37,-7.11],[128.59,-7.04],[128.38,-7.24]]],[[[134.53,-5.44],[134.68,-6.59],[133.97,-6.91],[134.18,-5.63],[134.53,-5.44]]],[[[132.5,-5.69],[132.95,-5.76],[132.82,-6.01],[132.5,-5.69]]],[[[133.07,-5.44],[133.01,-5.63],[132.86,-5.5],[133.07,-5.44]]],[[[134.78,-3.19],[135.37,-3.31],[136.2,-2.22],[137.99,-1.51],[140.87,-2.61],[140.89,-9.16],[139.84,-8.14],[137.53,-8.46],[137.69,-7.75],[138.67,-7.24],[137.89,-5.5],[134.76,-4.41],[133.55,-3.44],[132.78,-4.15],[132.67,-3.38],[131.85,-2.8],[133.66,-2.54],[133.72,-2.16],[132.12,-2.29],[131.66,-1.58],[130.56,-1.26],[130.55,-0.81],[131.14,-1.0],[132.07,-0.36],[133.97,-0.74],[134.78,-3.19]]],[[[128.24,-3.51],[128.25,-3.7],[127.81,-3.83],[128.24,-3.51]]],[[[127.71,-3.19],[128.28,-2.8],[129.66,-2.8],[130.79,-3.51],[130.73,-3.89],[129.76,-3.38],[127.71,-3.19]]],[[[130.22,-2.09],[129.64,-1.96],[129.7,-1.77],[130.06,-1.64],[130.22,-2.09]]],[[[136.19,-1.96],[135.37,-1.58],[136.4,-1.64],[136.69,-1.84],[136.19,-1.96]]],[[[134.85,-0.94],[134.85,-1.19],[134.63,-1.13],[134.85,-0.94]]],[[[135.64,-0.68],[135.65,-0.87],[135.36,-0.87],[135.28,-0.61],[135.64,-0.68]]],[[[130.17,-0.29],[130.17,-0.1],[131.12,-0.04],[130.83,-0.49],[130.17,-0.29]]],[[[127.84,0.41],[128.3,-0.94],[127.48,-0.23],[127.3,1.44],[127.77,2.21],[127.95,1.31],[128.61,1.64],[128.21,0.67],[128.71,0.22],[127.84,0.41]]],[[[128.41,2.02],[128.12,1.96],[128.14,2.47],[128.52,2.66],[128.41,2.02]]]]}},{"type":"Feature","properties":{"n":"State of Israel","f":1953,"t":1955,"w":"Q801"},"geometry":{"type":"Polygon","coordinates":[[[35.46,31.46],[35.49,31.01],[34.92,29.54],[34.3,31.27],[35.06,33.01],[35.69,33.26],[35.54,32.43],[35.08,32.43],[34.99,31.4],[35.46,31.46]],[[34.92,32.36],[34.85,32.36],[34.92,32.3],[34.92,32.36]]]}},{"type":"Feature","properties":{"n":"Ethiopia","f":1953,"t":1955,"w":"Q115"},"geometry":{"type":"MultiPolygon","coordinates":[[[[39.73,15.2],[39.97,15.52],[40.31,14.94],[41.32,14.62],[43.15,12.89],[41.94,11.92],[41.9,10.89],[42.86,11.02],[42.76,10.44],[43.38,9.41],[46.84,8.0],[47.86,7.94],[44.77,4.85],[43.68,4.91],[41.32,3.89],[40.6,4.27],[39.49,3.44],[36.01,4.46],[34.76,6.59],[33.04,7.87],[33.27,8.45],[34.08,8.51],[34.36,10.64],[34.95,10.76],[35.21,11.99],[36.26,12.89],[37.01,16.81],[38.76,17.96],[39.73,15.2]]],[[[40.14,15.91],[40.34,15.52],[39.97,15.59],[40.14,15.91]]]]}},{"type":"Feature","properties":{"n":"Republic of Poland","f":1953,"t":1968,"w":"Q36"},"geometry":{"type":"Polygon","coordinates":[[[19.87,49.18],[17.17,50.45],[16.49,50.18],[16.34,50.65],[14.83,50.91],[14.55,52.65],[14.13,52.79],[14.24,53.73],[17.5,54.89],[18.46,54.89],[18.69,54.41],[19.46,54.34],[23.02,54.41],[23.98,52.86],[23.15,52.25],[23.63,51.98],[24.08,50.58],[22.74,49.71],[22.78,49.12],[19.87,49.18]]]}},{"type":"Feature","properties":{"n":"French Africa","f":1953,"t":1955,"w":"Q19951607"},"geometry":{"type":"MultiPolygon","coordinates":[[[[50.42,-15.59],[49.93,-15.98],[49.61,-15.46],[49.76,-16.75],[49.35,-17.26],[49.34,-18.36],[47.17,-24.79],[45.51,-25.62],[44.29,-25.37],[43.47,-24.34],[43.56,-23.44],[43.04,-22.02],[44.34,-20.03],[43.75,-17.46],[44.27,-16.17],[46.16,-15.72],[47.21,-14.69],[47.52,-14.82],[47.75,-13.54],[48.2,-13.73],[48.62,-13.34],[49.0,-11.99],[49.77,-12.83],[50.42,-15.59]]],[[[49.92,-16.94],[49.7,-17.07],[49.76,-16.75],[49.92,-16.94]]],[[[48.04,-13.41],[48.1,-13.21],[48.25,-13.21],[48.04,-13.41]]],[[[45.15,-12.76],[45.09,-13.02],[44.94,-13.02],[45.15,-12.76]]],[[[43.74,-12.25],[43.74,-12.44],[43.52,-12.38],[43.74,-12.25]]],[[[44.48,-12.44],[44.18,-12.19],[44.47,-12.19],[44.48,-12.44]]],[[[43.34,-11.35],[43.36,-11.93],[43.14,-11.86],[43.34,-11.35]]],[[[43.25,11.6],[43.08,11.15],[41.9,10.89],[41.94,11.92],[43.22,12.69],[43.48,11.99],[42.73,11.6],[43.25,11.6]]],[[[10.46,35.9],[11.08,35.58],[11.08,35.0],[10.0,34.29],[10.01,33.91],[11.08,33.59],[11.62,32.56],[10.17,31.59],[10.32,30.82],[9.41,30.18],[10.02,27.93],[9.95,26.71],[9.43,26.07],[10.26,24.59],[11.38,24.39],[12.13,23.43],[13.47,23.24],[14.21,22.66],[16.15,23.43],[24.04,19.57],[24.09,15.84],[23.05,15.59],[21.89,12.69],[22.47,12.63],[22.88,10.89],[23.66,9.93],[23.57,8.77],[25.23,7.81],[26.5,6.01],[27.22,5.62],[26.85,5.04],[25.39,5.3],[23.34,4.59],[22.76,4.79],[22.31,4.08],[20.57,4.4],[19.27,5.11],[18.53,4.34],[18.58,3.18],[18.06,2.41],[17.66,-0.42],[16.14,-2.09],[15.86,-3.89],[14.55,-4.92],[14.33,-4.34],[13.46,-4.86],[12.66,-4.41],[11.86,-5.05],[9.37,-2.35],[8.64,-0.94],[9.15,-0.42],[9.14,0.29],[9.57,0.16],[9.14,0.48],[9.44,0.99],[11.19,1.06],[11.21,2.15],[9.68,2.21],[9.84,3.11],[9.42,4.46],[10.17,5.75],[11.42,6.46],[13.81,11.15],[14.62,11.47],[14.7,12.18],[14.19,12.44],[13.62,13.72],[12.44,13.08],[10.38,13.34],[9.57,12.76],[8.11,13.34],[6.94,13.01],[5.84,13.85],[4.59,13.72],[3.71,12.5],[3.85,10.51],[2.75,8.96],[2.74,6.33],[1.13,6.07],[0.55,6.71],[0.7,8.39],[-0.02,11.09],[-2.8,10.96],[-2.51,8.19],[-3.24,6.84],[-2.74,5.24],[-2.96,4.98],[-5.29,5.17],[-7.56,4.34],[-7.4,5.62],[-8.57,6.46],[-8.42,7.55],[-9.22,7.23],[-9.66,8.51],[-10.69,8.32],[-10.91,9.74],[-12.45,9.86],[-13.32,9.03],[-13.77,9.86],[-14.58,10.31],[-14.81,11.34],[-13.86,11.66],[-13.59,12.63],[-16.73,12.31],[-16.75,13.08],[-13.75,13.46],[-14.86,13.79],[-16.54,13.59],[-17.45,14.69],[-16.6,15.65],[-16.01,17.64],[-16.14,18.93],[-16.52,19.31],[-16.2,20.28],[-17.06,21.31],[-13.05,21.31],[-13.05,22.91],[-11.88,23.56],[-11.93,26.0],[-8.57,26.26],[-8.7,28.57],[-10.1,28.12],[-11.33,28.51],[-9.39,29.99],[-9.88,30.56],[-9.86,31.34],[-8.55,33.33],[-6.9,33.91],[-6.29,35.07],[-2.81,34.87],[1.22,36.55],[4.24,36.93],[5.56,36.67],[6.33,37.06],[8.52,36.87],[8.9,37.13],[9.6,37.32],[10.23,37.25],[10.46,36.74],[11.01,37.0],[10.46,35.9]],[[10.15,37.0],[10.23,37.0],[10.23,37.06],[10.15,37.0]],[[8.9,36.93],[8.9,37.0],[8.83,37.0],[8.9,36.93]]]]}},{"type":"Feature","properties":{"n":"Sultanate of Aceh","f":1953,"t":1957,"w":"Q1061057"},"geometry":{"type":"Polygon","coordinates":[[[98.24,4.53],[97.76,3.76],[97.13,4.14],[96.1,4.01],[95.2,4.91],[95.09,5.56],[97.47,5.24],[98.24,4.53]]]}},{"type":"Feature","properties":{"n":"(French Fourth Republic)","f":1953,"t":1955,"w":"Q69829"},"geometry":{"type":"MultiPolygon","coordinates":[[[[50.23,-15.98],[49.61,-15.46],[49.76,-16.75],[49.35,-17.26],[49.34,-18.36],[47.17,-24.79],[45.51,-25.62],[44.29,-25.37],[43.47,-24.34],[43.56,-23.44],[43.04,-22.02],[44.34,-20.03],[43.75,-17.46],[44.27,-16.17],[46.16,-15.72],[47.21,-14.69],[47.52,-14.82],[47.75,-13.54],[48.2,-13.73],[48.62,-13.34],[49.0,-11.99],[49.77,-12.83],[50.4,-15.14],[50.23,-15.98]]],[[[44.94,-13.02],[44.93,-12.7],[45.15,-12.76],[44.94,-13.02]]],[[[43.52,-12.38],[43.52,-12.25],[43.74,-12.25],[43.52,-12.38]]],[[[44.33,-12.44],[44.18,-12.19],[44.47,-12.19],[44.33,-12.44]]],[[[43.36,-11.93],[43.06,-11.61],[43.34,-11.35],[43.36,-11.93]]],[[[-52.86,2.28],[-54.61,2.34],[-54.1,3.37],[-54.48,4.98],[-54.06,5.75],[-52.89,5.49],[-51.78,4.66],[-51.7,4.14],[-52.86,2.28]]],[[[42.86,11.02],[41.9,10.89],[41.86,11.73],[42.33,12.44],[43.22,12.69],[43.48,11.99],[42.73,11.6],[43.25,11.6],[42.86,11.02]]],[[[-61.08,14.49],[-61.19,14.88],[-60.81,14.75],[-60.78,14.43],[-61.08,14.49]]],[[[10.46,36.42],[10.46,35.9],[11.08,35.58],[11.08,35.0],[10.0,34.29],[10.01,33.91],[11.08,33.59],[11.62,32.56],[10.17,31.59],[10.32,30.82],[9.41,30.18],[10.02,27.93],[9.95,26.71],[9.43,26.07],[10.26,24.59],[11.38,24.39],[12.13,23.43],[13.47,23.24],[14.21,22.66],[16.15,23.43],[24.04,19.57],[24.09,15.84],[23.05,15.59],[21.89,12.69],[22.47,12.63],[22.88,10.89],[23.66,9.93],[23.57,8.77],[25.23,7.81],[26.5,6.01],[27.22,5.62],[26.85,5.04],[25.39,5.3],[23.34,4.59],[22.76,4.79],[22.31,4.08],[20.57,4.4],[19.27,5.11],[18.53,4.34],[18.58,3.18],[18.06,2.41],[17.66,-0.42],[16.14,-2.09],[15.86,-3.89],[14.55,-4.92],[14.33,-4.34],[13.46,-4.86],[12.66,-4.41],[11.86,-5.05],[9.37,-2.35],[8.64,-0.94],[9.15,-0.42],[9.14,0.29],[9.57,0.16],[9.14,0.48],[9.44,0.99],[11.19,1.06],[11.21,2.15],[9.68,2.21],[9.84,3.11],[9.42,4.46],[10.17,5.75],[11.42,6.46],[13.81,11.15],[14.62,11.47],[14.7,12.18],[14.19,12.44],[13.62,13.72],[12.44,13.08],[10.38,13.34],[9.57,12.76],[8.11,13.34],[6.94,13.01],[5.84,13.85],[4.59,13.72],[3.71,12.5],[3.85,10.51],[2.75,8.96],[2.74,6.33],[1.13,6.07],[0.55,6.71],[0.7,8.39],[-0.02,11.09],[-2.8,10.96],[-2.51,8.19],[-3.24,6.84],[-2.74,5.24],[-2.96,4.98],[-5.29,5.17],[-7.56,4.34],[-7.4,5.62],[-8.57,6.46],[-8.42,7.55],[-9.22,7.23],[-9.66,8.51],[-10.69,8.32],[-10.91,9.74],[-12.45,9.86],[-13.32,9.03],[-13.77,9.86],[-14.58,10.31],[-14.81,11.34],[-13.86,11.66],[-13.59,12.63],[-16.73,12.31],[-16.75,13.08],[-13.75,13.46],[-14.86,13.79],[-16.54,13.59],[-17.45,14.69],[-16.6,15.65],[-16.01,17.64],[-16.14,18.93],[-16.52,19.31],[-16.2,20.28],[-17.06,21.31],[-13.05,21.31],[-13.05,22.91],[-11.88,23.56],[-11.93,26.0],[-8.57,26.26],[-8.7,28.57],[-10.1,28.12],[-11.33,28.51],[-9.39,29.99],[-9.88,30.56],[-9.86,31.34],[-8.55,33.33],[-6.9,33.91],[-6.29,35.07],[-2.81,34.87],[1.22,36.55],[4.24,36.93],[5.56,36.67],[6.33,37.06],[8.52,36.87],[8.9,37.13],[9.6,37.32],[10.23,37.25],[10.23,37.06],[10.15,37.0],[10.23,37.0],[10.23,36.8],[11.01,36.8],[10.46,36.42]],[[8.9,37.0],[8.83,37.0],[8.83,36.93],[8.9,37.0]]],[[[-61.35,16.49],[-61.17,16.23],[-61.58,15.91],[-61.77,16.29],[-61.35,16.49]]],[[[9.1,41.33],[8.62,41.72],[8.53,42.5],[9.49,43.02],[9.58,41.98],[9.1,41.33]]],[[[7.1,49.65],[7.36,49.12],[8.11,48.99],[7.56,47.6],[6.98,47.53],[6.03,46.48],[6.03,46.22],[6.85,46.28],[7.12,45.3],[6.64,44.97],[6.98,44.25],[7.63,44.19],[7.55,43.8],[6.28,43.15],[3.85,43.6],[2.98,43.15],[3.09,42.5],[2.46,42.37],[-1.43,43.08],[-1.69,43.41],[-1.03,45.5],[-1.25,46.28],[-2.01,46.61],[-2.58,47.47],[-4.42,47.8],[-4.89,48.32],[-4.6,48.72],[-3.46,48.92],[-1.6,48.65],[-2.03,49.78],[0.01,49.38],[0.22,49.85],[1.45,50.25],[1.66,51.05],[2.41,51.18],[2.6,50.78],[5.25,49.71],[7.1,49.65]]],[[[-56.44,46.94],[-56.49,47.07],[-56.27,47.14],[-56.44,46.94]]],[[[9.87,47.8],[9.95,47.73],[9.87,47.53],[9.46,47.6],[9.87,47.8]]],[[[13.35,52.59],[13.43,52.52],[13.26,52.45],[13.35,52.59]]],[[[70.15,-49.79],[68.82,-49.79],[68.65,-48.99],[68.96,-48.73],[69.6,-49.26],[70.43,-49.06],[70.57,-49.39],[69.82,-49.39],[70.15,-49.79]]],[[[168.01,-21.44],[168.01,-21.7],[167.69,-21.64],[167.62,-21.38],[168.01,-21.44]]],[[[165.0,-21.57],[163.89,-20.16],[165.17,-20.8],[166.87,-22.41],[165.0,-21.57]]],[[[55.59,-20.86],[55.77,-21.31],[55.41,-21.44],[55.1,-21.25],[55.59,-20.86]]],[[[167.05,-21.19],[166.91,-20.67],[167.06,-20.67],[167.05,-21.19]]],[[[49.76,-16.75],[49.9,-16.75],[49.92,-16.94],[49.76,-16.75]]],[[[48.25,-13.21],[48.26,-13.47],[48.04,-13.41],[48.25,-13.21]]],[[[103.91,10.44],[104.12,10.44],[104.09,10.06],[103.91,10.44]]],[[[79.87,10.89],[79.73,10.89],[79.81,11.02],[79.87,10.89]]],[[[75.53,11.6],[75.68,11.6],[75.6,11.47],[75.53,11.6]]],[[[79.87,11.79],[79.72,11.79],[79.81,11.92],[79.87,11.79]]],[[[105.97,19.83],[105.73,18.86],[106.57,18.09],[106.75,17.39],[109.02,15.33],[109.47,12.56],[108.73,11.15],[107.34,10.38],[107.0,10.7],[106.6,9.54],[104.76,8.51],[105.03,9.99],[104.42,10.44],[103.55,10.51],[103.6,11.09],[103.06,10.83],[102.39,13.53],[103.46,14.43],[105.43,14.36],[105.68,15.65],[104.89,16.29],[104.83,17.39],[104.02,18.29],[103.36,18.35],[102.92,17.9],[102.07,18.16],[101.08,17.45],[101.31,19.44],[100.52,19.57],[100.54,20.21],[100.13,20.41],[101.18,21.44],[101.81,21.18],[101.72,22.46],[104.04,22.53],[105.21,23.3],[106.71,22.91],[106.71,22.08],[108.1,21.5],[105.97,19.83]]],[[[82.41,16.74],[82.26,16.74],[82.35,16.87],[82.41,16.74]]],[[[88.52,22.79],[88.42,22.59],[88.34,22.59],[88.52,22.79]]]]}},{"type":"Feature","properties":{"n":"Kingdom of Bhutan","f":1953,"t":1978,"w":"Q917"},"geometry":{"type":"Polygon","coordinates":[[[91.57,28.06],[92.07,26.9],[89.13,26.84],[88.8,27.09],[89.55,28.12],[91.57,28.06]]]}},{"type":"Feature","properties":{"n":"British Africa","f":1953,"t":1955,"w":"Q179848"},"geometry":{"type":"MultiPolygon","coordinates":[[[[27.23,-30.38],[26.89,-29.67],[27.53,-28.97],[28.57,-28.64],[29.3,-29.48],[27.93,-30.7],[27.23,-30.38]]],[[[31.06,-25.82],[31.74,-25.94],[31.82,-27.29],[30.99,-27.23],[30.72,-26.39],[31.06,-25.82]]],[[[34.99,-13.73],[34.91,-13.73],[34.91,-13.66],[34.99,-13.73]]],[[[34.91,-13.66],[34.84,-13.66],[34.84,-13.6],[34.91,-13.66]]],[[[0.55,6.71],[1.13,6.01],[-1.87,4.72],[-2.96,4.98],[-2.74,5.49],[-3.24,6.84],[-2.51,8.19],[-2.8,10.96],[-0.02,11.09],[0.49,9.22],[0.55,6.71]]],[[[-11.63,6.97],[-12.95,7.49],[-12.73,7.74],[-13.31,8.32],[-13.32,9.03],[-12.45,9.86],[-11.28,9.99],[-10.69,9.41],[-10.39,8.13],[-11.63,6.97]]],[[[9.57,12.76],[10.38,13.34],[12.44,13.08],[13.62,13.72],[14.19,12.44],[14.7,12.18],[14.62,11.47],[13.81,11.15],[11.42,6.46],[9.8,5.24],[9.41,3.89],[8.33,4.79],[5.92,4.27],[4.56,6.26],[2.74,6.33],[2.75,8.96],[3.85,10.51],[3.56,11.66],[4.22,13.46],[5.84,13.85],[6.94,13.01],[7.74,13.34],[9.57,12.76]]],[[[-16.82,13.08],[-16.54,13.59],[-15.23,13.79],[-13.75,13.46],[-16.82,13.08]]],[[[35.14,-13.86],[35.06,-13.86],[35.06,-13.79],[35.14,-13.86]]],[[[39.67,-7.69],[39.81,-7.69],[39.67,-8.01],[39.67,-7.69]]],[[[39.06,-6.21],[39.12,-5.76],[39.49,-6.14],[39.43,-6.53],[39.06,-6.21]]],[[[39.55,-5.44],[39.55,-4.92],[39.77,-4.99],[39.55,-5.44]]],[[[55.43,-4.79],[55.21,-4.6],[55.43,-4.6],[55.43,-4.79]]],[[[37.41,18.99],[38.69,17.96],[37.01,16.81],[36.26,12.89],[35.21,11.99],[34.95,10.76],[34.36,10.64],[34.08,8.51],[33.04,8.13],[34.76,6.59],[36.01,4.46],[39.49,3.44],[40.6,4.27],[41.76,3.95],[43.68,4.91],[45.21,5.11],[47.86,7.94],[46.84,8.0],[43.38,9.41],[42.76,10.44],[43.24,11.54],[44.08,10.57],[44.88,10.44],[51.1,11.99],[50.83,9.29],[47.89,4.34],[45.87,2.34],[43.28,0.54],[41.4,-1.9],[40.17,-2.67],[39.11,-4.73],[38.77,-6.34],[39.43,-6.85],[39.25,-8.59],[39.72,-10.0],[40.32,-10.51],[38.51,-11.41],[37.85,-11.29],[37.28,-11.8],[34.93,-11.61],[34.38,-9.74],[33.79,-9.55],[34.17,-13.54],[34.49,-14.31],[35.23,-14.44],[35.14,-13.92],[35.83,-14.76],[35.79,-15.85],[35.08,-16.43],[35.18,-17.14],[34.26,-16.17],[34.52,-15.21],[34.27,-14.44],[33.47,-14.56],[32.94,-14.05],[30.1,-15.01],[30.35,-15.98],[32.88,-16.81],[32.92,-19.96],[32.31,-21.38],[31.15,-22.47],[29.14,-22.15],[28.26,-22.6],[25.79,-24.79],[25.44,-25.69],[24.47,-25.88],[22.96,-25.3],[21.65,-26.84],[20.52,-26.84],[20.73,-25.94],[19.88,-24.85],[19.91,-22.02],[20.95,-21.89],[20.89,-18.36],[23.1,-18.04],[23.63,-18.49],[25.02,-17.78],[23.24,-17.65],[22.12,-16.69],[21.91,-13.02],[23.82,-12.96],[24.01,-10.9],[24.39,-11.48],[25.19,-11.29],[25.34,-11.74],[26.15,-11.99],[27.1,-11.67],[28.89,-13.41],[29.7,-13.41],[29.74,-12.25],[29.02,-12.44],[28.34,-11.8],[28.6,-9.68],[28.3,-9.23],[28.95,-8.46],[30.33,-8.26],[30.34,-8.59],[31.14,-8.78],[30.39,-6.66],[29.72,-6.34],[29.56,-4.86],[29.56,-4.41],[30.57,-3.44],[30.34,-2.54],[30.77,-1.71],[30.33,-1.13],[29.53,-1.32],[29.46,-0.87],[29.89,0.86],[31.23,2.15],[30.72,2.41],[30.82,3.56],[29.53,4.66],[29.16,4.34],[27.86,4.53],[25.23,7.81],[23.57,8.77],[23.66,9.93],[22.88,10.89],[22.47,12.63],[21.89,12.69],[23.05,15.59],[24.09,15.84],[24.12,19.96],[25.09,20.09],[25.06,21.95],[36.96,21.95],[37.36,21.11],[37.41,18.99]],[[31.57,-0.61],[31.51,-2.41],[31.8,-2.8],[32.09,-2.41],[33.76,-2.35],[33.25,-1.96],[33.9,-1.58],[34.04,-0.61],[34.77,-0.36],[33.38,0.48],[32.35,0.22],[31.57,-0.61]],[[32.6,-2.99],[32.82,-2.99],[32.89,-2.74],[32.6,-2.99]]],[[[54.19,12.31],[53.32,12.5],[53.48,12.76],[54.5,12.63],[54.19,12.31]]]]}},{"type":"Feature","properties":{"n":"Republic of Peru","f":1953,"t":2023,"w":"Q419"},"geometry":{"type":"Polygon","coordinates":[[[-72.01,-4.54],[-72.98,-5.24],[-73.25,-6.53],[-74.04,-7.69],[-73.09,-8.97],[-73.19,-9.42],[-72.54,-9.49],[-72.14,-10.06],[-70.64,-9.49],[-70.67,-10.96],[-69.57,-10.96],[-68.75,-12.51],[-69.42,-15.59],[-69.98,-15.34],[-70.11,-15.85],[-69.12,-16.17],[-69.09,-16.56],[-69.96,-18.16],[-70.51,-18.42],[-72.44,-16.81],[-75.22,-15.53],[-76.46,-14.18],[-76.38,-13.41],[-77.8,-11.35],[-78.98,-8.46],[-79.98,-6.91],[-81.33,-6.14],[-81.01,-5.63],[-81.47,-4.41],[-80.42,-3.38],[-80.53,-4.47],[-80.09,-4.34],[-79.16,-4.99],[-78.16,-3.19],[-75.95,-1.96],[-75.35,-0.94],[-75.71,-0.1],[-74.62,-0.42],[-73.12,-2.41],[-71.66,-2.22],[-70.35,-2.54],[-70.75,-3.83],[-70.03,-4.09],[-72.01,-4.54]]]}},{"type":"Feature","properties":{"n":"Republic of Ecuador","f":1953,"t":2023,"w":"Q736"},"geometry":{"type":"MultiPolygon","coordinates":[[[[-76.3,0.35],[-75.42,-0.42],[-75.95,-1.96],[-78.16,-3.19],[-79.16,-4.99],[-80.09,-4.34],[-80.53,-4.47],[-80.04,-2.86],[-80.41,-3.06],[-80.33,-2.67],[-81.12,-2.16],[-81.03,-0.94],[-80.16,0.22],[-80.23,0.86],[-78.99,1.44],[-76.66,0.22],[-76.3,0.35]]],[[[-89.69,-1.0],[-89.68,-0.68],[-89.39,-0.74],[-89.69,-1.0]]],[[[-90.26,-0.49],[-90.34,-0.81],[-90.63,-0.81],[-90.26,-0.49]]],[[[-91.79,-0.42],[-91.73,0.09],[-90.85,-0.87],[-91.65,-1.0],[-91.28,-0.61],[-91.79,-0.42]]],[[[-90.63,-0.23],[-90.63,-0.42],[-90.99,-0.29],[-90.63,-0.23]]]]}},{"type":"Feature","properties":{"n":"Japan","f":1953,"t":1972,"w":"Q188712"},"geometry":{"type":"MultiPolygon","coordinates":[[[[123.96,24.46],[123.91,24.26],[123.72,24.39],[123.96,24.46]]],[[[125.44,24.71],[125.22,24.71],[125.26,24.91],[125.44,24.71]]],[[[129.35,28.12],[129.15,28.19],[129.19,28.32],[129.8,28.57],[129.35,28.12]]],[[[130.53,32.56],[130.13,32.17],[129.99,32.56],[130.53,32.56]]],[[[128.77,32.56],[128.57,32.62],[128.65,32.81],[128.77,32.56]]],[[[129.73,33.84],[129.88,33.84],[129.82,33.71],[129.73,33.84]]],[[[129.31,34.1],[129.11,34.16],[129.17,34.29],[129.31,34.1]]],[[[129.43,34.36],[129.23,34.42],[129.29,34.55],[129.43,34.36]]],[[[130.72,30.44],[130.62,30.18],[130.36,30.31],[130.72,30.44]]],[[[131.17,30.82],[131.02,30.44],[130.82,30.5],[131.17,30.82]]],[[[133.33,36.16],[133.1,36.16],[133.2,36.35],[133.33,36.16]]],[[[141.51,38.35],[140.92,38.03],[141.13,37.32],[140.61,36.42],[140.91,35.84],[140.41,35.19],[139.7,34.87],[139.96,35.64],[139.72,35.19],[139.21,35.26],[138.95,34.61],[138.8,35.07],[138.26,34.61],[137.22,34.55],[136.73,34.94],[136.91,34.23],[136.45,34.23],[135.81,33.39],[135.03,33.84],[135.21,34.68],[134.22,33.26],[133.54,33.46],[133.03,32.69],[132.08,33.46],[132.88,34.16],[133.51,34.04],[134.94,34.61],[132.32,34.29],[132.19,33.84],[131.09,33.97],[131.1,33.65],[131.82,33.71],[131.64,33.33],[132.08,32.94],[131.41,31.4],[130.79,31.01],[130.14,31.27],[130.1,31.91],[130.52,32.36],[130.57,32.81],[129.79,32.62],[129.6,33.39],[132.69,35.52],[135.38,35.77],[135.71,35.52],[136.71,36.8],[136.72,37.38],[137.37,37.58],[137.1,36.8],[138.51,37.38],[139.95,39.26],[139.77,40.55],[140.34,41.26],[141.54,41.39],[141.44,40.68],[142.09,39.64],[141.51,38.35]]],[[[138.34,38.29],[138.61,38.35],[138.34,37.77],[138.34,38.29]]],[[[144.85,43.99],[145.4,44.39],[145.1,43.8],[145.55,43.34],[144.0,42.89],[143.24,41.98],[141.8,42.63],[141.0,42.3],[140.47,42.56],[140.39,42.24],[141.23,41.85],[139.95,41.39],[140.12,41.98],[139.69,42.37],[140.37,43.41],[140.95,43.21],[141.37,43.34],[141.66,45.5],[144.85,43.99]]],[[[141.27,45.1],[141.03,45.1],[141.18,45.3],[141.27,45.1]]]]}},{"type":"Feature","properties":{"n":"Qatar Protectorate","f":1953,"t":1955,"w":"Q944391"},"geometry":{"type":"MultiPolygon","coordinates":[[[[58.98,20.41],[58.67,20.21],[58.77,20.54],[58.98,20.41]]],[[[58.54,23.11],[59.9,22.53],[59.86,22.08],[58.61,20.41],[57.93,20.28],[57.9,18.99],[57.0,18.8],[56.41,17.9],[55.59,17.84],[55.16,17.0],[54.07,17.26],[53.89,16.81],[53.22,16.68],[52.13,18.93],[55.17,20.09],[55.77,22.01],[55.35,23.3],[55.56,23.94],[56.02,24.07],[55.95,24.97],[56.48,24.97],[57.06,24.07],[58.37,23.69],[58.54,23.11]]],[[[56.07,26.13],[56.48,26.39],[56.54,26.26],[56.39,25.62],[56.07,26.13]]]]}},{"type":"Feature","properties":{"n":"Democratic People's Republic of Korea","f":1953,"t":2023,"w":"Q423"},"geometry":{"type":"Polygon","coordinates":[[[129.76,40.87],[127.55,39.71],[127.48,39.19],[128.41,38.74],[128.11,38.35],[127.14,38.29],[126.55,37.77],[124.9,37.9],[125.39,39.38],[124.27,39.9],[124.57,40.29],[126.11,41.0],[126.83,41.78],[128.1,41.39],[128.34,41.65],[128.07,41.98],[128.84,42.04],[130.08,42.95],[130.61,42.3],[129.7,41.65],[129.76,40.87]]]}},{"type":"Feature","properties":{"n":"Kingdom of Jordan","f":1953,"t":1955,"w":"Q810"},"geometry":{"type":"Polygon","coordinates":[[[37.14,31.53],[38.29,29.99],[36.03,29.15],[34.91,29.34],[35.49,31.01],[35.46,31.46],[34.99,31.4],[35.08,32.43],[35.72,32.75],[36.83,32.3],[38.84,33.33],[39.26,32.17],[37.14,31.53]]]}},{"type":"Feature","properties":{"n":"Republic of Egypt","f":1953,"t":1955,"w":"Q79"},"geometry":{"type":"MultiPolygon","coordinates":[[[[30.97,31.66],[31.88,31.46],[32.0,31.08],[34.3,31.27],[34.92,29.54],[34.35,27.74],[33.19,28.51],[32.44,29.79],[35.15,24.65],[35.86,24.01],[35.55,23.69],[35.81,22.91],[36.96,21.95],[25.06,21.95],[24.86,31.4],[26.85,31.46],[28.87,30.82],[30.97,31.66]]],[[[34.31,31.4],[34.47,31.46],[34.37,31.27],[34.31,31.4]]]]}},{"type":"Feature","properties":{"n":"People's Republic of China","f":1953,"t":1955,"w":"Q148"},"geometry":{"type":"MultiPolygon","coordinates":[[[[108.76,18.41],[108.7,19.38],[109.25,19.96],[110.91,20.15],[111.03,19.57],[110.18,18.48],[108.76,18.41]]],[[[122.28,29.99],[121.98,29.99],[122.05,30.18],[122.28,29.99]]],[[[121.03,38.74],[121.69,39.38],[121.28,39.64],[122.23,40.48],[121.11,40.87],[119.22,39.32],[117.78,39.13],[117.58,38.74],[118.07,38.16],[119.46,37.96],[119.16,37.19],[120.75,37.9],[122.71,37.45],[122.39,36.8],[120.98,36.61],[119.23,34.81],[120.34,34.36],[120.92,32.62],[121.96,31.98],[121.58,31.4],[121.9,30.82],[120.68,30.18],[121.48,30.31],[122.03,29.92],[122.0,29.41],[121.71,29.22],[121.59,29.54],[121.65,28.32],[121.12,28.32],[119.59,26.13],[119.53,25.62],[119.87,25.49],[119.27,25.49],[118.76,24.59],[118.15,24.52],[116.54,22.91],[114.0,22.46],[113.6,22.72],[113.07,21.89],[110.42,21.18],[110.49,20.28],[109.88,20.21],[109.81,21.5],[107.24,21.69],[106.71,22.08],[106.71,22.91],[105.44,23.3],[104.04,22.53],[101.72,22.46],[101.81,21.18],[101.36,21.18],[101.16,21.76],[100.22,21.5],[99.94,22.08],[99.29,22.14],[99.57,22.98],[98.94,23.24],[98.88,24.14],[97.65,23.94],[97.65,24.78],[98.67,25.81],[98.74,27.48],[97.98,28.38],[96.4,28.38],[96.62,28.96],[96.2,29.41],[95.44,29.09],[94.58,29.28],[92.58,27.87],[91.72,27.74],[91.57,28.06],[89.89,28.32],[88.8,27.42],[88.78,28.06],[85.98,27.99],[84.41,28.77],[84.14,29.28],[83.45,29.22],[82.04,30.37],[81.01,30.18],[78.77,31.34],[78.54,32.62],[79.11,32.43],[79.51,32.81],[78.83,33.46],[78.98,34.04],[79.45,34.04],[80.22,35.45],[79.44,35.97],[77.52,35.45],[76.8,36.22],[74.55,37.06],[75.05,37.45],[74.87,38.42],[73.96,38.55],[73.61,39.19],[73.93,39.97],[74.89,40.48],[76.27,40.36],[76.89,41.0],[78.03,41.07],[80.14,42.04],[80.79,43.28],[80.41,44.71],[79.95,44.97],[82.55,45.17],[82.31,45.56],[83.04,47.2],[83.91,46.94],[85.68,47.2],[85.64,48.32],[86.6,48.59],[86.87,49.12],[87.78,49.12],[88.64,48.19],[90.17,47.8],[91.01,46.68],[90.74,45.3],[93.59,44.97],[95.34,44.25],[96.58,42.69],[101.56,42.56],[104.97,41.59],[106.86,42.3],[110.28,42.69],[111.89,43.67],[111.39,44.32],[112.02,45.1],[113.69,44.78],[114.74,45.43],[115.88,45.56],[116.72,46.35],[119.8,46.68],[119.75,47.2],[118.48,47.99],[117.31,47.73],[115.42,47.99],[116.68,49.78],[117.83,49.52],[119.28,50.11],[119.65,51.11],[120.67,52.05],[120.53,52.59],[119.9,52.65],[120.86,53.26],[123.85,53.53],[125.55,53.12],[126.31,52.45],[127.48,49.78],[130.57,48.85],[130.85,47.73],[132.12,47.66],[134.52,48.39],[134.68,47.66],[132.98,45.1],[131.7,45.24],[130.91,44.71],[131.28,43.86],[131.0,42.89],[130.3,42.56],[129.84,42.95],[129.7,42.5],[128.07,41.98],[128.34,41.65],[128.1,41.39],[126.83,41.78],[124.23,39.84],[121.03,38.74]]]]}},{"type":"Feature","properties":{"n":"Kingdom of Libya","f":1953,"t":1955,"w":"Q31454"},"geometry":{"type":"Polygon","coordinates":[[[15.21,32.36],[15.65,31.4],[17.85,30.95],[18.97,30.24],[19.96,30.56],[20.02,32.24],[21.11,32.81],[22.56,32.81],[23.15,32.24],[25.11,31.79],[24.72,29.92],[25.07,27.42],[25.09,20.09],[24.12,19.96],[24.04,19.57],[16.15,23.43],[14.21,22.66],[13.47,23.24],[12.13,23.43],[11.38,24.39],[10.26,24.59],[9.43,26.07],[9.95,26.71],[10.02,27.93],[9.41,30.18],[10.32,30.82],[10.17,31.59],[11.54,32.36],[11.54,33.14],[12.53,32.75],[13.07,32.94],[15.21,32.36]],[[13.15,32.88],[13.07,32.88],[13.15,32.81],[13.15,32.88]]]}},{"type":"Feature","properties":{"n":"Republic of Korea","f":1953,"t":2023,"w":"Q423"},"geometry":{"type":"MultiPolygon","coordinates":[[[[126.14,33.2],[127.0,33.59],[126.7,33.26],[126.14,33.2]]],[[[129.67,35.97],[129.29,35.19],[128.53,35.07],[128.68,34.74],[128.08,34.94],[127.38,34.42],[127.22,34.74],[126.12,34.36],[126.77,35.9],[126.05,36.8],[126.68,37.13],[126.35,37.84],[128.45,38.67],[129.47,37.25],[129.67,35.97]]]]}},{"type":"Feature","properties":{"n":"Bolivia","f":1953,"t":2023,"w":"Q750"},"geometry":{"type":"Polygon","coordinates":[[[-64.35,-12.51],[-63.19,-12.7],[-61.8,-13.6],[-60.78,-13.66],[-60.28,-16.17],[-58.46,-16.36],[-58.49,-17.26],[-57.8,-17.71],[-57.99,-20.03],[-59.24,-19.32],[-61.79,-19.64],[-62.72,-22.21],[-64.04,-22.09],[-64.51,-22.79],[-64.87,-22.15],[-66.31,-21.83],[-67.27,-22.79],[-67.95,-22.86],[-68.85,-20.35],[-68.58,-19.45],[-69.59,-17.59],[-68.76,-16.24],[-69.42,-15.59],[-69.43,-15.01],[-68.75,-12.51],[-69.57,-10.96],[-68.56,-11.09],[-66.65,-9.87],[-65.69,-9.74],[-65.4,-9.81],[-65.31,-11.67],[-64.35,-12.51]]]}},{"type":"Feature","properties":{"n":"Czechoslovakia","f":1953,"t":1968,"w":"Q33946"},"geometry":{"type":"Polygon","coordinates":[[[22.06,48.39],[20.58,48.59],[17.71,47.73],[17.06,47.99],[16.76,48.79],[14.94,48.99],[14.18,48.59],[12.53,49.52],[12.12,50.25],[14.33,51.05],[15.26,50.98],[16.34,50.65],[16.49,50.18],[17.17,50.45],[19.87,49.18],[21.8,49.38],[22.44,49.05],[22.06,48.39]]]}},{"type":"Feature","properties":{"n":"Kingdom of Libya","f":1956,"t":1957,"w":"Q31454"},"geometry":{"type":"Polygon","coordinates":[[[15.21,32.36],[15.65,31.4],[17.85,30.95],[18.97,30.24],[19.96,30.56],[20.02,32.24],[21.11,32.81],[22.56,32.81],[23.15,32.24],[25.11,31.79],[24.72,29.92],[25.07,27.42],[25.09,20.09],[24.12,19.96],[24.04,19.57],[16.15,23.43],[14.21,22.66],[13.47,23.24],[12.13,23.43],[11.38,24.39],[10.33,24.52],[9.43,26.07],[9.95,26.71],[10.02,27.87],[9.41,30.18],[10.32,30.82],[10.17,31.59],[11.54,32.36],[11.54,33.14],[12.53,32.75],[13.07,32.94],[15.21,32.36]],[[13.15,32.88],[13.07,32.88],[13.15,32.81],[13.15,32.88]]]}},{"type":"Feature","properties":{"n":"Republic of Vietnam","f":1956,"t":1966,"w":"Q172640"},"geometry":{"type":"MultiPolygon","coordinates":[[[[104.12,10.44],[104.09,10.06],[103.81,10.25],[104.12,10.44]]],[[[109.51,12.95],[109.21,11.6],[107.34,10.38],[107.0,10.7],[106.6,9.54],[104.7,8.58],[105.03,9.99],[104.42,10.44],[105.12,10.89],[106.14,10.83],[105.85,11.6],[107.61,12.37],[107.38,14.11],[107.69,15.33],[106.61,16.94],[107.03,17.26],[108.7,15.65],[109.51,12.95]]]]}},{"type":"Feature","properties":{"n":"Kingdom of Laos","f":1956,"t":1966,"w":"Q870055"},"geometry":{"type":"Polygon","coordinates":[[[107.5,16.04],[107.3,15.65],[107.69,15.33],[107.51,14.56],[106.17,14.43],[106.03,13.91],[105.26,14.17],[105.68,15.65],[104.89,16.29],[104.46,17.84],[103.36,18.35],[102.92,17.9],[102.07,18.16],[101.08,17.45],[101.31,19.44],[100.52,19.57],[100.54,20.21],[100.13,20.41],[101.18,21.44],[101.81,21.18],[101.72,22.46],[102.23,22.4],[103.07,21.63],[103.04,20.99],[104.62,20.66],[104.95,19.96],[103.96,19.31],[105.12,18.74],[106.69,16.49],[107.5,16.04]]]}},{"type":"Feature","properties":{"n":"Tangier International Zone","f":1956,"t":1957,"w":"Q3497642"},"geometry":{"type":"Polygon","coordinates":[[[-5.71,35.64],[-5.94,35.58],[-5.72,35.77],[-5.71,35.64]]]}},{"type":"Feature","properties":{"n":"Kingdom of Jordan","f":1956,"t":1957,"w":"Q810"},"geometry":{"type":"Polygon","coordinates":[[[38.29,29.99],[36.03,29.15],[34.91,29.34],[35.53,31.4],[34.99,31.4],[35.08,32.43],[35.72,32.75],[36.83,32.3],[38.84,33.33],[39.26,32.17],[37.14,31.53],[38.29,29.99]]]}},{"type":"Feature","properties":{"n":"Republic of Tunisia","f":1956,"t":1957,"w":"Q948"},"geometry":{"type":"Polygon","coordinates":[[[10.31,37.06],[10.23,36.8],[10.46,36.74],[11.01,37.0],[10.46,36.42],[11.08,35.0],[10.0,34.29],[10.01,33.91],[11.08,33.59],[11.62,32.56],[10.17,31.59],[10.32,30.82],[9.56,30.31],[9.17,31.98],[7.79,33.2],[7.54,34.1],[8.46,35.19],[8.21,36.55],[8.9,37.13],[10.23,37.25],[10.23,37.06],[10.31,37.06]],[[10.15,37.0],[10.23,37.0],[10.23,37.06],[10.15,37.0]],[[8.9,37.0],[8.83,37.0],[8.9,36.93],[8.9,37.0]]]}},{"type":"Feature","properties":{"n":"Republic of Egypt","f":1956,"t":1957,"w":"Q79"},"geometry":{"type":"MultiPolygon","coordinates":[[[[30.97,31.66],[31.88,31.46],[32.04,30.63],[32.78,30.24],[32.43,29.6],[32.69,28.96],[33.61,27.99],[35.15,24.65],[35.86,24.01],[35.55,23.69],[35.81,22.91],[36.96,21.95],[25.06,21.95],[24.86,31.4],[26.85,31.46],[28.87,30.82],[30.97,31.66]]],[[[32.08,31.14],[32.16,31.14],[32.15,31.08],[32.08,31.14]]]]}},{"type":"Feature","properties":{"n":"People's Republic of China","f":1956,"t":1962,"w":"Q148"},"geometry":{"type":"MultiPolygon","coordinates":[[[[108.76,18.41],[108.7,19.38],[109.25,19.96],[110.91,20.15],[111.03,19.57],[110.18,18.48],[108.76,18.41]]],[[[122.28,29.99],[121.98,29.99],[122.05,30.18],[122.28,29.99]]],[[[121.03,38.74],[121.69,39.38],[121.28,39.64],[122.23,40.48],[121.11,40.87],[119.22,39.32],[117.78,39.13],[117.58,38.74],[118.07,38.16],[119.46,37.96],[119.16,37.19],[120.75,37.9],[122.71,37.45],[122.39,36.8],[120.98,36.61],[119.23,34.81],[120.34,34.36],[120.92,32.62],[121.96,31.98],[121.58,31.4],[121.9,30.82],[120.68,30.18],[121.48,30.31],[122.03,29.92],[122.0,29.41],[121.71,29.22],[121.59,29.54],[121.65,28.32],[121.12,28.32],[119.59,26.13],[119.53,25.62],[119.87,25.49],[119.27,25.49],[118.76,24.59],[118.15,24.52],[116.54,22.91],[114.0,22.46],[113.6,22.72],[113.07,21.89],[110.42,21.18],[110.49,20.28],[109.88,20.21],[109.81,21.5],[107.24,21.69],[106.71,22.08],[106.71,22.91],[105.44,23.3],[104.04,22.53],[101.72,22.46],[101.81,21.18],[101.36,21.18],[101.16,21.76],[100.22,21.5],[99.94,22.08],[99.29,22.14],[99.57,22.98],[98.94,23.24],[98.88,24.14],[97.65,23.94],[97.65,24.78],[98.67,25.81],[98.74,27.48],[97.98,28.38],[96.4,28.38],[96.62,28.96],[96.2,29.41],[95.44,29.09],[94.58,29.28],[92.58,27.87],[91.72,27.74],[91.57,28.06],[89.89,28.32],[88.8,27.42],[88.78,28.06],[85.98,27.99],[84.41,28.77],[84.14,29.28],[83.45,29.22],[82.04,30.37],[81.01,30.18],[78.77,31.34],[78.54,32.62],[79.11,32.43],[79.51,32.81],[78.83,33.46],[78.98,34.04],[79.45,34.04],[80.22,35.45],[79.44,35.97],[77.52,35.45],[76.8,36.22],[74.55,37.06],[75.05,37.45],[74.87,38.42],[73.96,38.55],[73.61,39.19],[73.93,39.97],[74.89,40.48],[76.27,40.36],[76.89,41.0],[78.03,41.07],[80.14,42.04],[80.79,43.28],[80.41,44.71],[79.95,44.97],[82.55,45.17],[82.31,45.56],[83.04,47.2],[83.91,46.94],[85.68,47.2],[85.64,48.32],[86.6,48.59],[86.87,49.12],[87.78,49.12],[88.64,48.19],[90.17,47.8],[91.01,46.68],[90.74,45.3],[93.59,44.97],[95.34,44.25],[96.58,42.69],[101.56,42.56],[104.97,41.59],[106.86,42.3],[110.28,42.69],[111.89,43.67],[111.39,44.32],[112.02,45.1],[113.69,44.78],[114.74,45.43],[115.88,45.56],[116.72,46.35],[119.8,46.68],[119.75,47.2],[118.48,47.99],[117.31,47.73],[115.42,47.99],[116.68,49.78],[117.83,49.52],[119.28,50.11],[119.65,51.11],[120.67,52.05],[120.53,52.59],[119.9,52.65],[120.86,53.26],[123.85,53.53],[125.55,53.12],[126.31,52.45],[127.48,49.78],[130.57,48.85],[130.85,47.73],[132.12,47.66],[134.52,48.39],[134.68,47.66],[132.98,45.1],[131.7,45.24],[130.91,44.71],[131.28,43.86],[131.0,42.89],[130.3,42.56],[129.84,42.95],[129.7,42.5],[128.07,41.98],[128.34,41.65],[128.1,41.39],[126.83,41.78],[124.23,39.84],[121.03,38.74]]]]}},{"type":"Feature","properties":{"n":"Kingdom of Cambodia","f":1956,"t":1966,"w":"Q424"},"geometry":{"type":"Polygon","coordinates":[[[105.85,11.6],[106.14,10.83],[105.12,10.89],[104.34,10.44],[103.55,10.51],[103.6,11.09],[103.06,10.83],[102.36,13.21],[102.9,14.11],[104.92,14.43],[106.03,13.91],[106.17,14.43],[107.51,14.56],[107.54,12.37],[105.85,11.6]]]}},{"type":"Feature","properties":{"n":"Kingdom of Great Britain","f":1956,"t":1968,"w":"Q23666"},"geometry":{"type":"MultiPolygon","coordinates":[[[[-5.36,36.16],[-5.52,36.16],[-5.3,36.35],[-5.36,36.16]]],[[[-4.81,54.34],[-4.38,54.41],[-4.36,54.21],[-4.86,54.07],[-4.81,54.34]]],[[[-2.67,56.25],[-3.26,56.05],[-1.73,55.7],[-1.29,54.68],[-0.2,54.21],[0.3,53.39],[0.17,52.86],[1.62,52.86],[1.59,52.12],[0.52,51.51],[1.38,51.38],[1.31,51.11],[0.49,50.78],[-1.37,50.85],[-1.18,50.58],[-3.13,50.71],[-3.58,50.25],[-5.75,50.05],[-4.2,51.31],[-3.09,51.25],[-2.95,51.45],[-5.08,51.58],[-5.3,51.98],[-4.16,52.45],[-4.3,52.92],[-4.79,52.79],[-4.49,53.12],[-4.7,53.46],[-3.32,53.39],[-2.97,54.14],[-3.59,54.27],[-3.57,54.89],[-5.21,54.75],[-4.77,55.43],[-5.0,55.84],[-5.44,55.91],[-5.12,55.43],[-5.57,55.57],[-5.63,55.29],[-5.89,55.29],[-5.8,55.98],[-6.63,55.63],[-5.66,56.18],[-6.29,56.32],[-5.95,57.01],[-6.82,57.49],[-6.32,57.77],[-5.7,57.14],[-5.89,57.83],[-5.2,58.67],[-3.14,58.74],[-3.43,58.18],[-4.12,57.97],[-3.99,57.7],[-1.85,57.7],[-2.67,56.25]]],[[[-7.64,54.14],[-8.13,54.55],[-6.15,55.29],[-5.42,54.41],[-5.9,54.07],[-7.07,54.41],[-7.64,54.14]]],[[[-7.25,57.42],[-7.29,57.08],[-7.47,57.08],[-7.6,57.35],[-7.25,57.42]]],[[[-7.44,57.49],[-7.56,57.7],[-7.12,57.7],[-7.44,57.49]]],[[[-7.13,57.77],[-7.28,58.18],[-6.26,58.53],[-6.21,58.18],[-7.13,57.77]]],[[[-2.81,59.02],[-2.79,58.88],[-3.42,58.81],[-3.38,59.22],[-2.81,59.02]]],[[[-2.83,59.16],[-2.84,59.29],[-2.58,59.36],[-2.83,59.16]]],[[[59.9,22.53],[59.86,22.08],[58.61,20.41],[57.93,20.28],[57.9,18.99],[57.0,18.8],[56.41,17.9],[55.59,17.84],[55.16,17.0],[52.46,16.36],[52.1,15.46],[49.41,14.69],[48.79,14.04],[45.74,13.34],[45.05,12.76],[43.59,12.69],[45.18,13.91],[46.0,14.04],[46.16,14.36],[45.61,15.14],[48.0,18.09],[49.0,18.61],[52.13,18.93],[55.17,20.09],[55.77,22.01],[55.37,22.59],[52.57,22.91],[51.7,24.26],[54.08,24.14],[56.33,26.39],[56.4,24.97],[57.06,24.07],[58.81,23.62],[59.9,22.53]]],[[[58.77,20.6],[59.0,20.66],[58.98,20.41],[58.82,20.21],[58.77,20.6]]],[[[50.95,25.94],[51.42,26.13],[51.7,25.87],[51.5,24.52],[50.98,24.59],[50.95,25.94]]],[[[50.69,26.26],[50.65,25.87],[50.43,25.94],[50.69,26.26]]],[[[46.69,29.15],[47.24,30.05],[48.37,29.92],[48.4,29.6],[47.85,29.41],[48.32,28.83],[46.69,29.15]]],[[[34.09,35.0],[33.04,34.55],[32.23,34.94],[34.54,35.71],[34.09,35.0]]],[[[14.34,36.03],[14.57,35.97],[14.57,35.77],[14.34,36.03]]],[[[13.44,52.59],[13.18,52.59],[13.27,52.65],[13.44,52.59]]],[[[-1.2,60.07],[-1.67,60.21],[-1.63,60.63],[-0.83,60.84],[-1.2,60.07]]]]}},{"type":"Feature","properties":{"n":"Morocco","f":1956,"t":1957,"w":"Q1028"},"geometry":{"type":"MultiPolygon","coordinates":[[[[-1.72,34.68],[-1.56,33.14],[-1.0,32.56],[-1.21,32.11],[-2.82,32.11],[-3.78,31.59],[-3.67,30.95],[-5.52,29.92],[-7.76,29.34],[-9.13,28.32],[-10.78,28.12],[-11.33,28.44],[-9.39,29.99],[-9.88,30.56],[-9.86,31.34],[-9.2,32.75],[-6.9,33.91],[-5.72,35.77],[-5.34,35.84],[-4.75,35.19],[-1.72,34.68]]],[[[-2.99,35.45],[-2.84,35.45],[-2.83,35.26],[-2.99,35.45]]]]}},{"type":"Feature","properties":{"n":"Second Syrian Republic","f":1956,"t":1957,"w":"Q146885"},"geometry":{"type":"Polygon","coordinates":[[[36.83,32.3],[35.57,32.81],[36.63,34.16],[36.06,34.61],[35.84,35.58],[36.68,36.8],[39.54,36.67],[42.26,37.25],[42.11,36.74],[41.29,36.42],[41.04,34.42],[36.83,32.3]]]}},{"type":"Feature","properties":{"n":"Democratic Republic of Vietnam","f":1956,"t":1966,"w":"Q172640"},"geometry":{"type":"Polygon","coordinates":[[[106.88,20.86],[105.85,19.57],[105.73,18.86],[106.96,17.32],[106.61,16.94],[105.12,18.74],[103.96,19.31],[104.95,19.96],[104.62,20.66],[103.04,20.99],[103.07,21.63],[102.21,22.27],[102.58,22.72],[104.04,22.53],[105.44,23.3],[106.71,22.91],[106.71,22.08],[108.1,21.5],[106.88,20.86]]]}},{"type":"Feature","properties":{"n":"(French Fourth Republic)","f":1956,"t":1957,"w":"Q69829"},"geometry":{"type":"MultiPolygon","coordinates":[[[[43.74,-12.44],[43.52,-12.38],[43.52,-12.25],[43.74,-12.44]]],[[[43.34,-11.35],[43.36,-11.93],[43.14,-11.86],[43.34,-11.35]]],[[[-52.86,2.28],[-54.61,2.34],[-54.1,3.37],[-54.48,4.98],[-54.06,5.75],[-52.89,5.49],[-51.7,4.21],[-52.86,2.28]]],[[[42.86,11.02],[41.9,10.89],[41.86,11.73],[42.33,12.44],[43.22,12.69],[43.48,11.99],[42.73,11.6],[43.25,11.6],[42.86,11.02]]],[[[-61.08,14.49],[-61.19,14.88],[-60.81,14.75],[-60.78,14.43],[-61.08,14.49]]],[[[22.52,14.62],[21.89,12.69],[22.47,12.63],[22.88,10.89],[23.66,9.93],[23.57,8.77],[25.23,7.81],[27.22,5.24],[25.39,5.3],[23.34,4.59],[22.76,4.79],[22.31,4.08],[20.57,4.4],[19.27,5.11],[18.53,4.34],[18.58,3.18],[18.06,2.41],[17.66,-0.42],[16.14,-2.09],[15.86,-3.89],[14.55,-4.92],[14.33,-4.34],[13.46,-4.86],[12.66,-4.41],[11.93,-5.05],[9.37,-2.35],[8.64,-0.94],[9.15,-0.42],[9.14,0.29],[9.57,0.16],[9.14,0.48],[9.44,0.99],[11.19,1.06],[11.21,2.15],[9.68,2.21],[9.84,3.11],[9.42,4.46],[10.17,5.75],[11.42,6.46],[13.81,11.15],[14.62,11.47],[14.7,12.18],[14.19,12.44],[13.62,13.72],[12.44,13.08],[10.38,13.34],[9.57,12.76],[8.11,13.34],[6.94,13.01],[5.84,13.85],[4.59,13.72],[3.71,12.5],[3.85,10.51],[2.75,8.96],[2.74,6.33],[1.13,6.07],[0.55,6.71],[0.7,8.39],[-0.02,11.09],[-2.8,10.96],[-2.51,8.19],[-3.24,6.84],[-2.74,5.24],[-2.96,4.98],[-5.29,5.17],[-7.56,4.34],[-7.4,5.62],[-8.57,6.46],[-8.42,7.55],[-9.22,7.23],[-9.66,8.51],[-10.69,8.32],[-10.91,9.74],[-12.45,9.86],[-13.32,9.03],[-13.77,9.86],[-14.58,10.31],[-14.81,11.34],[-13.86,11.66],[-13.59,12.63],[-16.73,12.31],[-16.75,13.08],[-13.75,13.46],[-14.86,13.79],[-16.54,13.59],[-17.45,14.69],[-16.6,15.65],[-16.01,17.64],[-16.14,18.93],[-16.52,19.31],[-16.2,20.28],[-17.06,21.31],[-13.05,21.31],[-13.05,22.91],[-11.88,23.56],[-11.93,26.0],[-8.71,26.0],[-8.7,28.57],[-8.27,29.02],[-3.67,30.95],[-3.78,31.59],[-2.82,32.11],[-1.21,32.11],[-1.0,32.56],[-1.39,32.75],[-1.72,34.68],[-2.12,35.07],[1.22,36.55],[4.24,36.93],[5.56,36.67],[6.33,37.06],[8.59,36.93],[8.21,36.55],[8.46,35.19],[7.55,33.71],[9.17,31.98],[10.02,27.87],[9.95,26.71],[9.43,26.07],[10.33,24.52],[11.38,24.39],[12.13,23.43],[13.47,23.24],[14.21,22.66],[16.15,23.43],[24.04,19.57],[24.09,15.84],[23.35,15.71],[22.52,14.62]]],[[[-61.35,16.49],[-61.17,16.23],[-61.58,15.91],[-61.77,16.29],[-61.35,16.49]]],[[[9.1,41.33],[8.62,41.72],[8.53,42.5],[9.49,43.02],[9.58,41.98],[9.1,41.33]]],[[[6.18,49.45],[7.1,49.65],[7.36,49.12],[8.11,48.99],[7.56,47.6],[6.98,47.53],[6.03,46.48],[6.03,46.22],[6.85,46.28],[7.12,45.3],[6.64,44.97],[6.98,44.25],[7.63,44.19],[7.55,43.8],[6.28,43.15],[3.85,43.6],[2.98,43.15],[3.09,42.5],[2.46,42.37],[-1.43,43.08],[-1.69,43.41],[-1.03,45.5],[-1.25,46.28],[-2.01,46.61],[-2.58,47.47],[-4.42,47.8],[-4.89,48.32],[-4.6,48.72],[-3.46,48.92],[-1.6,48.65],[-2.03,49.78],[0.01,49.38],[0.22,49.85],[1.45,50.25],[1.66,51.05],[2.41,51.18],[2.6,50.78],[6.18,49.45]]],[[[-56.44,46.94],[-56.49,47.07],[-56.27,47.14],[-56.44,46.94]]],[[[9.87,47.8],[9.95,47.73],[9.87,47.53],[9.46,47.6],[9.87,47.8]]],[[[13.35,52.59],[13.43,52.52],[13.26,52.45],[13.35,52.59]]],[[[68.82,-49.79],[68.74,-48.79],[69.6,-49.26],[70.43,-49.06],[70.57,-49.39],[69.82,-49.39],[70.27,-49.66],[68.82,-49.79]]],[[[168.01,-21.44],[168.01,-21.7],[167.69,-21.64],[167.62,-21.38],[168.01,-21.44]]],[[[166.87,-22.41],[166.09,-22.28],[163.89,-20.16],[166.87,-22.41]]],[[[55.59,-20.86],[55.77,-21.31],[55.41,-21.44],[55.1,-21.25],[55.59,-20.86]]],[[[167.05,-21.19],[166.91,-20.67],[167.06,-20.67],[167.05,-21.19]]],[[[50.23,-15.98],[49.61,-15.46],[49.76,-16.75],[49.35,-17.26],[49.34,-18.36],[47.17,-24.79],[45.51,-25.62],[44.29,-25.37],[43.47,-24.34],[43.56,-23.44],[43.04,-22.02],[44.34,-20.03],[43.75,-17.46],[44.27,-16.17],[46.16,-15.72],[47.21,-14.69],[47.52,-14.82],[47.75,-13.54],[48.2,-13.73],[48.62,-13.34],[49.0,-11.99],[49.77,-12.83],[50.4,-15.14],[50.23,-15.98]]],[[[49.76,-16.75],[49.9,-16.75],[49.92,-16.94],[49.76,-16.75]]],[[[48.25,-13.21],[48.26,-13.47],[48.04,-13.41],[48.25,-13.21]]],[[[45.09,-13.02],[44.94,-13.02],[44.93,-12.7],[45.09,-13.02]]],[[[44.33,-12.44],[44.18,-12.19],[44.47,-12.19],[44.33,-12.44]]],[[[107.54,12.37],[107.55,12.44],[107.62,12.44],[107.54,12.37]]]]}},{"type":"Feature","properties":{"n":"British Africa","f":1956,"t":1957,"w":"Q179848"},"geometry":{"type":"MultiPolygon","coordinates":[[[[26.89,-29.67],[27.53,-28.97],[28.57,-28.64],[29.3,-29.48],[28.96,-30.06],[27.71,-30.7],[26.89,-29.67]]],[[[31.06,-25.82],[31.74,-25.94],[31.82,-27.29],[30.99,-27.23],[30.72,-26.39],[31.06,-25.82]]],[[[34.91,-13.66],[34.84,-13.66],[34.84,-13.6],[34.91,-13.66]]],[[[0.55,6.71],[1.13,6.01],[-1.87,4.72],[-2.96,4.98],[-2.74,5.49],[-3.24,6.84],[-2.51,8.19],[-2.8,10.96],[-0.02,11.09],[0.49,9.22],[0.55,6.71]]],[[[-11.63,6.97],[-12.95,7.49],[-12.73,7.74],[-13.31,8.32],[-13.32,9.03],[-12.45,9.86],[-11.28,9.99],[-10.69,9.41],[-10.39,8.13],[-11.63,6.97]]],[[[9.57,12.76],[10.38,13.34],[12.44,13.08],[13.62,13.72],[14.19,12.44],[14.7,12.18],[14.62,11.47],[13.81,11.15],[11.42,6.46],[9.8,5.24],[9.41,3.89],[8.33,4.79],[5.92,4.27],[4.56,6.26],[2.74,6.33],[2.75,8.96],[3.85,10.51],[3.56,11.66],[4.22,13.46],[5.84,13.85],[6.94,13.01],[7.74,13.34],[9.57,12.76]]],[[[-16.82,13.08],[-16.54,13.59],[-15.23,13.79],[-13.75,13.46],[-16.82,13.08]]],[[[32.35,30.69],[32.04,30.63],[32.08,31.08],[32.35,30.69]]],[[[35.14,-13.86],[35.06,-13.86],[35.06,-13.79],[35.14,-13.86]]],[[[34.99,-13.73],[34.91,-13.73],[34.91,-13.66],[34.99,-13.73]]],[[[39.67,-7.69],[39.81,-7.69],[39.67,-8.01],[39.67,-7.69]]],[[[47.06,3.44],[43.28,0.54],[41.4,-1.9],[40.17,-2.67],[39.11,-4.73],[38.77,-6.34],[39.43,-6.85],[39.25,-8.59],[39.72,-10.0],[40.32,-10.51],[38.51,-11.41],[37.85,-11.29],[37.28,-11.8],[34.93,-11.61],[34.38,-9.74],[33.79,-9.55],[34.17,-13.54],[34.49,-14.31],[35.23,-14.44],[35.14,-13.92],[35.83,-14.76],[35.79,-15.85],[35.08,-16.43],[35.18,-17.14],[34.26,-16.17],[34.52,-15.21],[34.27,-14.44],[33.47,-14.56],[32.94,-14.05],[30.1,-15.01],[30.35,-15.98],[32.88,-16.81],[32.92,-19.96],[32.31,-21.38],[31.15,-22.47],[29.14,-22.15],[28.26,-22.6],[25.79,-24.79],[25.44,-25.69],[24.47,-25.88],[22.96,-25.3],[21.65,-26.84],[20.52,-26.84],[20.73,-25.94],[19.88,-24.85],[19.91,-22.02],[20.95,-21.89],[20.89,-18.36],[23.1,-18.04],[23.63,-18.49],[25.02,-17.78],[23.24,-17.65],[22.12,-16.69],[21.91,-13.02],[23.82,-12.96],[24.01,-10.9],[24.39,-11.48],[25.19,-11.29],[25.34,-11.74],[26.15,-11.99],[27.1,-11.67],[28.89,-13.41],[29.7,-13.41],[29.74,-12.25],[29.02,-12.44],[28.34,-11.8],[28.6,-9.68],[28.3,-9.23],[28.95,-8.46],[30.33,-8.26],[30.34,-8.59],[31.14,-8.78],[30.39,-6.66],[29.72,-6.34],[29.56,-4.86],[29.56,-4.41],[30.71,-3.19],[30.34,-2.54],[30.77,-1.71],[30.33,-1.13],[29.61,-1.39],[29.46,-0.87],[29.89,0.86],[31.23,2.09],[30.72,2.41],[30.82,3.56],[33.52,3.76],[35.31,5.36],[35.81,5.17],[36.01,4.46],[39.27,3.44],[40.6,4.27],[41.76,3.95],[43.46,4.85],[45.06,4.98],[47.86,7.94],[46.84,8.0],[43.38,9.41],[42.76,10.44],[43.24,11.54],[44.08,10.57],[44.88,10.44],[51.1,11.99],[51.18,10.51],[50.2,8.19],[47.06,3.44]],[[31.57,-0.61],[31.51,-2.41],[31.8,-2.8],[32.09,-2.41],[33.76,-2.35],[33.25,-1.96],[33.9,-1.58],[34.04,-0.61],[34.77,-0.36],[33.38,0.48],[32.35,0.22],[31.57,-0.61]],[[32.6,-2.99],[32.82,-2.99],[32.89,-2.74],[32.6,-2.99]]],[[[39.06,-6.21],[39.12,-5.76],[39.49,-6.14],[39.43,-6.53],[39.06,-6.21]]],[[[39.55,-5.44],[39.55,-4.92],[39.77,-4.99],[39.55,-5.44]]],[[[55.43,-4.79],[55.21,-4.6],[55.43,-4.6],[55.43,-4.79]]],[[[54.19,12.31],[53.32,12.5],[53.48,12.76],[54.5,12.63],[54.19,12.31]]]]}},{"type":"Feature","properties":{"n":"State of Israel","f":1956,"t":1957,"w":"Q801"},"geometry":{"type":"Polygon","coordinates":[[[33.19,28.51],[32.24,31.21],[34.3,31.27],[35.06,33.01],[35.69,33.26],[35.54,32.43],[35.08,32.43],[34.99,31.4],[35.53,31.4],[34.12,27.74],[33.19,28.51]],[[34.92,32.36],[34.85,32.36],[34.92,32.3],[34.92,32.36]]]}},{"type":"Feature","properties":{"n":"Ethiopia","f":1956,"t":1959,"w":"Q115"},"geometry":{"type":"MultiPolygon","coordinates":[[[[39.73,15.2],[39.97,15.52],[40.31,14.94],[41.32,14.62],[43.15,12.89],[41.94,11.92],[41.9,10.89],[42.86,11.02],[42.76,10.44],[43.38,9.41],[46.84,8.0],[47.86,7.94],[45.06,4.98],[43.46,4.85],[41.76,3.95],[40.6,4.27],[39.27,3.44],[36.01,4.46],[34.76,6.59],[33.04,7.87],[33.27,8.45],[34.08,8.51],[34.36,10.64],[34.95,10.76],[35.21,11.99],[36.26,12.89],[37.01,16.81],[38.76,17.96],[39.73,15.2]]],[[[40.14,15.91],[40.34,15.52],[39.97,15.59],[40.14,15.91]]]]}},{"type":"Feature","properties":{"n":"French Africa","f":1956,"t":1957,"w":"Q19951607"},"geometry":{"type":"MultiPolygon","coordinates":[[[[50.42,-15.59],[49.93,-15.98],[49.61,-15.46],[49.76,-16.75],[49.35,-17.26],[49.34,-18.36],[47.17,-24.79],[45.51,-25.62],[44.29,-25.37],[43.47,-24.34],[43.56,-23.44],[43.04,-22.02],[44.34,-20.03],[43.75,-17.46],[44.27,-16.17],[46.16,-15.72],[47.21,-14.69],[47.52,-14.82],[47.75,-13.54],[48.2,-13.73],[48.62,-13.34],[49.0,-11.99],[49.77,-12.83],[50.42,-15.59]]],[[[49.92,-16.94],[49.7,-17.07],[49.76,-16.75],[49.92,-16.94]]],[[[48.04,-13.41],[48.1,-13.21],[48.25,-13.21],[48.04,-13.41]]],[[[45.15,-12.76],[45.09,-13.02],[44.94,-13.02],[45.15,-12.76]]],[[[43.74,-12.25],[43.74,-12.44],[43.52,-12.38],[43.74,-12.25]]],[[[44.48,-12.44],[44.18,-12.19],[44.47,-12.19],[44.48,-12.44]]],[[[43.34,-11.35],[43.36,-11.93],[43.14,-11.86],[43.34,-11.35]]],[[[43.25,11.6],[43.08,11.15],[41.9,10.89],[41.94,11.92],[43.22,12.69],[43.48,11.99],[42.73,11.6],[43.25,11.6]]],[[[22.52,14.62],[21.89,12.69],[22.47,12.63],[22.88,10.89],[23.66,9.93],[23.57,8.77],[25.23,7.81],[27.22,5.24],[25.39,5.3],[23.34,4.59],[22.76,4.79],[22.31,4.08],[20.57,4.4],[19.27,5.11],[18.53,4.34],[18.58,3.18],[18.06,2.41],[17.66,-0.42],[16.14,-2.09],[15.86,-3.89],[14.55,-4.92],[14.33,-4.34],[13.46,-4.86],[12.66,-4.41],[11.93,-5.05],[9.37,-2.35],[8.64,-0.94],[9.15,-0.42],[9.14,0.29],[9.57,0.16],[9.14,0.48],[9.44,0.99],[11.19,1.06],[11.21,2.15],[9.68,2.21],[9.84,3.11],[9.42,4.46],[10.17,5.75],[11.42,6.46],[13.81,11.15],[14.62,11.47],[14.7,12.18],[14.19,12.44],[13.62,13.72],[12.44,13.08],[10.38,13.34],[9.57,12.76],[8.11,13.34],[6.94,13.01],[5.84,13.85],[4.59,13.72],[3.71,12.5],[3.85,10.51],[2.75,8.96],[2.74,6.33],[1.13,6.07],[0.55,6.71],[0.7,8.39],[-0.02,11.09],[-2.8,10.96],[-2.51,8.19],[-3.24,6.84],[-2.74,5.24],[-2.96,4.98],[-5.29,5.17],[-7.56,4.34],[-7.4,5.62],[-8.57,6.46],[-8.42,7.55],[-9.22,7.23],[-9.66,8.51],[-10.69,8.32],[-10.91,9.74],[-12.45,9.86],[-13.32,9.03],[-13.77,9.86],[-14.58,10.31],[-14.81,11.34],[-13.86,11.66],[-13.59,12.63],[-16.73,12.31],[-16.75,13.08],[-13.75,13.46],[-14.86,13.79],[-16.54,13.59],[-17.45,14.69],[-16.6,15.65],[-16.01,17.64],[-16.14,18.93],[-16.52,19.31],[-16.2,20.28],[-17.06,21.31],[-13.05,21.31],[-13.05,22.91],[-11.88,23.56],[-11.93,26.0],[-8.71,26.0],[-8.7,28.57],[-8.27,29.02],[-3.67,30.95],[-3.78,31.59],[-2.82,32.11],[-1.21,32.11],[-1.0,32.56],[-1.39,32.75],[-1.72,34.68],[-2.12,35.07],[1.22,36.55],[4.24,36.93],[5.56,36.67],[6.33,37.06],[8.59,36.93],[8.21,36.55],[8.46,35.19],[7.55,33.71],[9.17,31.98],[10.02,27.87],[9.95,26.71],[9.43,26.07],[10.33,24.52],[11.38,24.39],[12.13,23.43],[13.47,23.24],[14.21,22.66],[16.15,23.43],[24.04,19.57],[24.09,15.84],[23.35,15.71],[22.52,14.62]]]]}},{"type":"Feature","properties":{"n":"Belgian Congo","f":1956,"t":1959,"w":"Q213510"},"geometry":{"type":"Polygon","coordinates":[[[31.23,2.09],[29.89,0.86],[29.46,-0.87],[29.61,-1.39],[30.33,-1.13],[30.77,-1.71],[30.34,-2.54],[30.71,-3.19],[29.56,-4.41],[28.97,-3.31],[28.9,-4.34],[29.07,-6.21],[30.41,-8.26],[28.95,-8.46],[28.3,-9.23],[28.6,-9.68],[28.34,-11.8],[29.02,-12.44],[29.74,-12.25],[29.7,-13.41],[28.89,-13.41],[27.1,-11.67],[26.15,-11.99],[25.34,-11.74],[25.19,-11.29],[24.39,-11.48],[24.01,-10.9],[22.11,-11.16],[21.64,-7.3],[19.52,-7.04],[19.16,-8.07],[17.56,-8.14],[16.38,-5.89],[12.08,-5.89],[12.95,-4.66],[13.46,-4.86],[14.33,-4.34],[14.55,-4.92],[15.86,-3.89],[16.14,-2.09],[17.66,-0.42],[18.06,2.41],[18.58,3.18],[18.53,4.34],[19.27,5.11],[20.57,4.4],[22.31,4.08],[22.76,4.79],[23.34,4.59],[25.39,5.3],[27.22,5.24],[28.22,4.34],[29.53,4.66],[30.82,3.56],[30.72,2.41],[31.23,2.09]]]}},{"type":"Feature","properties":{"n":"(British Empire)","f":1956,"t":1957,"w":"Q8680"},"geometry":{"type":"MultiPolygon","coordinates":[[[[-61.23,-51.99],[-61.12,-51.79],[-60.81,-51.86],[-61.23,-51.99]]],[[[-59.02,-51.32],[-57.81,-51.45],[-58.66,-52.12],[-59.83,-52.26],[-59.02,-51.32]]],[[[-59.22,-51.39],[-60.6,-52.26],[-60.91,-52.19],[-60.37,-51.65],[-60.57,-51.39],[-59.22,-51.39]]],[[[-57.33,5.04],[-57.91,4.91],[-58.11,3.89],[-57.3,3.24],[-56.72,1.89],[-57.44,1.96],[-58.9,1.19],[-59.34,1.38],[-60.07,2.47],[-59.72,4.34],[-60.16,4.53],[-60.1,5.17],[-60.68,5.17],[-61.36,6.01],[-61.15,6.59],[-60.36,6.97],[-60.67,7.61],[-59.83,8.45],[-59.31,8.26],[-58.48,7.49],[-58.46,6.91],[-57.28,6.33],[-57.33,5.04]]],[[[-61.73,10.06],[-61.55,10.83],[-60.89,10.83],[-61.0,10.06],[-61.73,10.06]]],[[[-60.7,11.34],[-60.56,11.34],[-60.62,11.09],[-60.7,11.34]]],[[[-61.57,12.24],[-61.55,11.99],[-61.78,12.05],[-61.57,12.24]]],[[[-59.57,13.01],[-59.67,13.34],[-59.52,13.34],[-59.57,13.01]]],[[[-61.07,13.4],[-61.05,13.14],[-61.19,13.08],[-61.07,13.4]]],[[[-60.94,13.66],[-61.04,14.04],[-60.82,14.04],[-60.94,13.66]]],[[[-61.26,15.65],[-61.15,15.2],[-61.37,15.2],[-61.26,15.65]]],[[[-61.64,17.19],[-61.62,16.94],[-61.76,16.94],[-61.64,17.19]]],[[[-89.05,17.96],[-88.08,18.35],[-88.14,16.81],[-88.82,15.91],[-89.11,15.91],[-89.05,17.96]]],[[[-64.58,17.71],[-64.87,17.64],[-64.89,17.84],[-64.58,17.71]]],[[[-78.39,18.29],[-77.01,18.48],[-76.12,17.9],[-77.74,17.84],[-78.39,18.29]]],[[[-73.66,20.92],[-73.69,21.11],[-72.97,21.24],[-73.66,20.92]]],[[[-72.32,21.89],[-72.1,21.89],[-72.08,21.76],[-72.32,21.89]]],[[[-72.69,22.34],[-72.68,22.27],[-72.82,22.27],[-72.69,22.34]]],[[[-73.67,22.46],[-74.15,22.21],[-73.94,22.72],[-73.67,22.46]]],[[[-75.12,23.11],[-75.17,23.43],[-75.02,23.43],[-74.71,22.91],[-75.12,23.11]]],[[[-77.76,23.75],[-77.86,24.26],[-77.48,24.26],[-77.76,23.75]]],[[[-74.51,23.94],[-74.55,24.14],[-74.32,24.14],[-74.51,23.94]]],[[[-75.49,24.39],[-75.59,24.52],[-75.24,24.26],[-75.43,24.07],[-75.49,24.39]]],[[[-78.39,24.71],[-78.19,25.23],[-77.62,24.59],[-78.09,24.33],[-78.39,24.71]]],[[[-76.26,24.91],[-76.05,24.97],[-76.09,24.78],[-76.26,24.91]]],[[[-76.35,25.36],[-76.33,25.29],[-76.48,25.29],[-76.35,25.36]]],[[[-77.29,25.94],[-77.19,26.52],[-77.67,26.97],[-76.94,26.39],[-77.29,25.94]]],[[[-77.98,26.71],[-77.97,26.64],[-78.68,26.45],[-78.6,26.77],[-77.98,26.71]]],[[[-64.65,32.36],[-64.67,32.17],[-64.86,32.3],[-64.65,32.36]]],[[[-37.96,-54.01],[-36.62,-54.15],[-35.74,-54.82],[-36.16,-55.03],[-37.96,-54.01]]],[[[28.2,-28.64],[29.29,-29.22],[28.96,-30.06],[27.93,-30.7],[27.23,-30.38],[26.89,-29.67],[28.2,-28.64]]],[[[31.82,-27.29],[30.99,-27.23],[30.72,-26.39],[31.06,-25.82],[31.74,-25.94],[31.82,-27.29]]],[[[35.06,-13.79],[35.14,-13.79],[35.14,-13.86],[35.06,-13.79]]],[[[34.91,-13.66],[34.99,-13.66],[34.99,-13.73],[34.91,-13.66]]],[[[34.91,-13.6],[34.91,-13.66],[34.84,-13.66],[34.91,-13.6]]],[[[39.67,-8.01],[39.53,-8.01],[39.67,-7.69],[39.67,-8.01]]],[[[47.06,3.44],[43.28,0.54],[41.4,-1.9],[40.17,-2.67],[39.11,-4.73],[38.77,-6.34],[39.43,-6.85],[39.25,-8.59],[39.72,-10.0],[40.32,-10.51],[38.51,-11.41],[37.85,-11.29],[37.28,-11.8],[34.93,-11.61],[34.38,-9.74],[33.79,-9.55],[34.17,-13.54],[34.49,-14.31],[35.23,-14.44],[35.14,-13.92],[35.83,-14.76],[35.79,-15.85],[35.08,-16.43],[35.18,-17.14],[34.26,-16.17],[34.52,-15.21],[34.27,-14.44],[33.47,-14.56],[32.94,-14.05],[30.1,-15.01],[30.35,-15.98],[32.88,-16.81],[32.92,-19.96],[32.31,-21.38],[31.15,-22.47],[29.14,-22.15],[28.26,-22.6],[25.79,-24.79],[25.44,-25.69],[24.47,-25.88],[22.96,-25.3],[21.65,-26.84],[20.52,-26.84],[20.73,-25.94],[19.88,-24.85],[19.91,-22.02],[20.95,-21.89],[20.89,-18.36],[23.1,-18.04],[23.63,-18.49],[25.02,-17.78],[23.24,-17.65],[22.12,-16.69],[21.91,-13.02],[23.82,-12.96],[24.01,-10.9],[24.39,-11.48],[25.19,-11.29],[25.34,-11.74],[26.15,-11.99],[27.1,-11.67],[28.89,-13.41],[29.7,-13.41],[29.74,-12.25],[29.02,-12.44],[28.34,-11.8],[28.6,-9.68],[28.3,-9.23],[28.95,-8.46],[30.33,-8.26],[30.34,-8.59],[31.14,-8.78],[30.39,-6.66],[29.72,-6.34],[29.56,-4.86],[29.56,-4.41],[30.71,-3.19],[30.34,-2.54],[30.77,-1.71],[30.33,-1.13],[29.61,-1.39],[29.46,-0.87],[29.89,0.86],[31.23,2.09],[30.72,2.41],[30.82,3.56],[33.52,3.76],[35.31,5.36],[35.81,5.17],[36.01,4.46],[39.27,3.44],[40.6,4.27],[41.76,3.95],[43.46,4.85],[45.06,4.98],[47.86,7.94],[46.84,8.0],[43.38,9.41],[42.76,10.44],[43.24,11.54],[44.08,10.57],[44.88,10.44],[47.26,11.21],[49.09,11.28],[50.59,11.99],[51.31,11.86],[50.83,9.29],[47.06,3.44]],[[31.66,-2.74],[33.76,-2.35],[33.25,-1.96],[33.9,-1.58],[34.04,-0.61],[34.69,-0.1],[34.11,-0.23],[33.38,0.48],[31.78,-0.04],[31.66,-2.74]],[[32.82,-2.99],[32.89,-2.74],[32.6,-2.74],[32.82,-2.99]]],[[[39.49,-6.14],[39.43,-6.53],[39.06,-6.21],[39.27,-5.76],[39.49,-6.14]]],[[[39.77,-4.99],[39.7,-5.44],[39.55,-5.44],[39.77,-4.99]]],[[[0.55,6.71],[1.13,6.07],[0.91,5.75],[-1.87,4.72],[-2.96,4.98],[-2.74,5.49],[-3.24,6.84],[-2.51,8.19],[-2.8,10.96],[-0.02,11.09],[0.7,8.39],[0.55,6.71]]],[[[-11.41,6.97],[-12.95,7.49],[-12.73,7.74],[-13.31,8.32],[-13.32,9.03],[-12.45,9.86],[-11.28,9.99],[-10.69,9.41],[-10.69,8.32],[-10.25,8.45],[-11.41,6.97]]],[[[10.38,13.34],[12.44,13.08],[13.62,13.72],[14.19,12.44],[14.7,12.18],[14.62,11.47],[13.81,11.15],[11.42,6.46],[9.8,5.24],[9.41,3.89],[8.33,4.79],[5.92,4.27],[4.56,6.26],[2.74,6.33],[2.75,8.96],[3.85,10.51],[3.56,11.66],[4.22,13.46],[5.84,13.85],[6.94,13.01],[8.11,13.34],[9.57,12.76],[10.38,13.34]]],[[[-16.82,13.08],[-16.83,13.4],[-15.23,13.79],[-13.75,13.46],[-16.82,13.08]]],[[[47.24,30.05],[48.43,29.79],[47.87,29.54],[48.32,28.83],[46.69,29.15],[47.24,30.05]]],[[[32.04,30.63],[32.08,31.08],[32.38,31.08],[32.04,30.63]]],[[[32.37,34.74],[32.25,35.13],[34.54,35.71],[33.52,34.74],[32.37,34.74]]],[[[14.57,35.77],[14.34,35.84],[14.34,36.03],[14.57,35.77]]],[[[-5.52,36.16],[-5.3,36.35],[-5.29,36.29],[-5.52,36.16]]],[[[13.18,52.59],[13.27,52.65],[13.44,52.59],[13.18,52.59]]],[[[-4.38,54.41],[-4.36,54.21],[-4.86,54.07],[-4.38,54.41]]],[[[-2.67,56.25],[-3.26,56.05],[-1.73,55.7],[-1.29,54.68],[-0.2,54.21],[0.3,53.39],[0.17,52.86],[1.62,52.86],[1.59,52.12],[0.52,51.51],[1.38,51.38],[1.31,51.11],[0.49,50.78],[-1.37,50.85],[-1.18,50.58],[-3.13,50.71],[-3.58,50.25],[-5.75,50.05],[-4.2,51.31],[-3.09,51.25],[-2.95,51.45],[-5.08,51.58],[-5.3,51.98],[-4.16,52.45],[-4.3,52.92],[-4.79,52.79],[-4.49,53.12],[-4.7,53.46],[-3.32,53.39],[-2.97,54.14],[-3.59,54.27],[-3.57,54.89],[-5.21,54.75],[-4.77,55.43],[-5.0,55.84],[-5.44,55.91],[-5.12,55.43],[-5.57,55.57],[-5.63,55.29],[-5.89,55.29],[-5.8,55.98],[-6.63,55.63],[-5.66,56.18],[-6.29,56.32],[-5.95,57.01],[-6.82,57.49],[-6.32,57.77],[-5.7,57.14],[-5.89,57.83],[-5.2,58.67],[-3.14,58.74],[-3.43,58.18],[-4.12,57.97],[-3.99,57.7],[-1.85,57.7],[-2.67,56.25]]],[[[-8.13,54.55],[-7.01,55.23],[-6.15,55.29],[-5.42,54.41],[-5.9,54.07],[-7.07,54.41],[-7.38,54.14],[-8.13,54.55]]],[[[-7.47,57.08],[-7.6,57.35],[-7.25,57.42],[-7.47,57.08]]],[[[-7.56,57.7],[-7.12,57.7],[-7.11,57.63],[-7.56,57.7]]],[[[-7.13,57.77],[-7.28,58.18],[-6.26,58.53],[-6.52,57.9],[-7.13,57.77]]],[[[-2.79,58.88],[-3.53,59.02],[-3.38,59.22],[-2.79,58.88]]],[[[-2.83,59.16],[-2.84,59.29],[-2.58,59.36],[-2.83,59.16]]],[[[-1.67,60.21],[-1.63,60.63],[-0.83,60.84],[-1.05,60.35],[-1.67,60.21]]],[[[57.57,-20.54],[57.19,-20.54],[57.45,-19.96],[57.57,-20.54]]],[[[178.21,-18.94],[178.25,-19.06],[177.97,-19.13],[178.21,-18.94]]],[[[178.65,-18.1],[177.19,-18.16],[177.36,-17.46],[178.07,-17.33],[178.65,-18.1]]],[[[179.83,-16.17],[179.83,-16.75],[178.39,-16.88],[179.83,-16.17]]],[[[160.46,-11.86],[160.07,-11.67],[160.19,-11.54],[160.46,-11.86]]],[[[166.07,-10.64],[166.08,-10.77],[165.66,-10.9],[166.07,-10.64]]],[[[162.3,-10.9],[161.7,-10.84],[161.11,-10.19],[162.3,-10.9]]],[[[160.5,-10.0],[159.42,-9.61],[159.45,-9.23],[160.51,-9.49],[160.5,-10.0]]],[[[161.49,-9.81],[160.61,-9.1],[160.44,-8.26],[161.49,-9.81]]],[[[157.31,-8.39],[157.27,-8.65],[157.12,-8.65],[157.31,-8.39]]],[[[156.82,-7.81],[157.49,-8.01],[157.95,-8.84],[157.38,-8.33],[156.82,-7.81]]],[[[159.74,-8.52],[159.29,-8.39],[158.33,-7.56],[159.74,-8.52]]],[[[156.57,-7.56],[156.68,-7.94],[156.54,-8.01],[156.57,-7.56]]],[[[155.59,-7.17],[155.57,-6.98],[155.72,-6.98],[155.59,-7.17]]],[[[156.77,-7.3],[156.27,-6.59],[156.79,-6.72],[157.35,-7.3],[156.77,-7.3]]],[[[55.43,-4.79],[55.21,-4.6],[55.43,-4.6],[55.43,-4.79]]],[[[103.98,2.73],[104.06,2.92],[104.21,2.86],[103.98,2.73]]],[[[119.26,5.17],[118.81,4.91],[118.16,4.98],[118.56,4.34],[115.63,4.21],[115.51,3.31],[114.41,1.44],[113.31,1.25],[112.38,1.57],[111.7,0.99],[110.46,0.86],[109.47,1.76],[109.63,2.02],[110.92,1.51],[111.26,2.73],[112.81,3.11],[113.91,4.59],[115.31,4.98],[115.35,5.49],[115.79,5.62],[116.69,7.04],[117.75,6.46],[117.64,5.94],[119.26,5.17]]],[[[103.36,4.98],[103.4,2.86],[103.96,2.28],[104.14,1.31],[103.27,1.31],[101.99,2.15],[100.48,4.21],[100.03,6.52],[100.68,6.46],[101.07,5.62],[102.34,6.2],[103.36,4.98]]],[[[99.88,6.52],[99.87,6.26],[99.58,6.39],[99.88,6.52]]],[[[117.21,7.16],[116.99,7.1],[117.01,7.36],[117.21,7.16]]],[[[53.53,12.31],[53.32,12.5],[54.5,12.63],[53.53,12.31]]],[[[59.9,22.53],[59.86,22.08],[58.61,20.41],[57.93,20.28],[57.9,18.99],[57.0,18.8],[56.41,17.9],[55.59,17.84],[55.16,17.0],[52.46,16.36],[52.1,15.46],[49.41,14.69],[48.79,14.04],[45.74,13.34],[45.05,12.76],[43.59,12.69],[45.18,13.91],[46.0,14.04],[46.16,14.36],[45.61,15.14],[48.0,18.09],[49.0,18.61],[52.13,18.93],[55.17,20.09],[55.77,22.01],[55.37,22.59],[52.57,22.91],[51.7,24.26],[54.08,24.14],[56.33,26.39],[56.4,24.97],[57.06,24.07],[58.81,23.62],[59.9,22.53]]],[[[58.98,20.41],[58.67,20.21],[58.77,20.54],[58.98,20.41]]],[[[114.53,22.14],[114.0,22.08],[114.0,22.46],[114.32,22.59],[114.53,22.14]]],[[[51.7,25.87],[51.5,24.52],[50.79,24.97],[50.95,25.94],[51.7,25.87]]],[[[50.43,25.94],[50.46,26.26],[50.69,26.26],[50.43,25.94]]]]}},{"type":"Feature","properties":{"n":"French Indochina","f":1956,"t":1957,"w":"Q185682"},"geometry":{"type":"MultiPolygon","coordinates":[[[[70.15,-49.79],[68.82,-49.79],[68.74,-48.79],[69.6,-49.26],[70.43,-49.06],[70.57,-49.39],[69.82,-49.39],[70.15,-49.79]]],[[[167.69,-21.64],[167.62,-21.38],[168.01,-21.44],[167.69,-21.64]]],[[[166.87,-22.41],[165.0,-21.57],[163.89,-20.16],[166.87,-22.41]]],[[[55.41,-21.44],[55.08,-20.99],[55.59,-20.86],[55.77,-21.31],[55.41,-21.44]]],[[[167.26,-20.86],[167.33,-21.12],[167.05,-21.19],[166.91,-20.67],[167.26,-20.86]]],[[[107.62,12.44],[107.61,12.37],[107.54,12.37],[107.62,12.44]]]]}},{"type":"Feature","properties":{"n":"Republic of India","f":1956,"t":1960,"w":"Q668"},"geometry":{"type":"MultiPolygon","coordinates":[[[[93.51,7.23],[93.74,7.42],[93.92,6.84],[93.51,7.23]]],[[[93.49,8.06],[93.48,7.87],[93.26,7.87],[93.49,8.06]]],[[[92.29,10.57],[92.39,10.89],[92.61,10.89],[92.29,10.57]]],[[[92.85,13.53],[93.08,13.59],[92.73,11.54],[92.85,13.53]]],[[[78.77,31.34],[81.01,30.18],[80.1,28.77],[83.08,27.42],[84.43,27.42],[85.27,26.71],[87.99,26.39],[88.14,27.87],[88.48,28.06],[88.95,27.8],[88.8,27.09],[89.13,26.84],[91.82,26.77],[92.09,27.35],[91.72,27.74],[92.58,27.87],[94.58,29.28],[95.44,29.09],[96.2,29.41],[96.62,28.96],[96.4,28.38],[97.42,28.25],[97.0,27.74],[97.16,27.16],[96.21,27.29],[95.16,26.58],[94.13,23.88],[93.4,24.01],[93.02,22.01],[92.59,22.14],[92.23,23.69],[91.75,22.98],[91.22,23.43],[92.45,24.97],[90.1,25.23],[89.82,26.13],[89.34,26.0],[88.4,26.58],[88.18,25.81],[88.99,25.29],[88.11,24.52],[88.81,24.2],[89.11,21.69],[88.73,21.63],[88.64,22.08],[88.35,21.56],[88.1,21.95],[87.07,21.44],[87.03,20.6],[86.42,19.89],[85.37,19.83],[84.38,18.41],[82.45,17.13],[82.38,16.55],[80.38,15.71],[80.09,15.07],[80.43,13.27],[79.88,11.99],[79.9,10.25],[79.32,10.25],[78.96,9.22],[77.57,8.06],[76.39,9.03],[76.36,9.8],[74.75,12.82],[74.31,14.56],[74.52,15.26],[73.8,15.46],[73.42,16.04],[72.53,22.27],[72.11,21.89],[72.18,21.18],[70.72,20.66],[68.95,22.21],[70.43,22.85],[69.23,22.79],[68.13,23.56],[68.8,24.26],[71.05,24.33],[70.7,25.62],[70.19,25.74],[70.22,26.45],[69.51,26.77],[69.56,27.09],[70.39,28.06],[70.72,27.74],[71.89,27.99],[74.57,30.95],[74.63,31.91],[75.3,32.17],[74.08,33.14],[74.28,33.97],[73.9,34.61],[75.64,34.49],[78.06,35.45],[78.17,34.74],[79.07,34.36],[78.59,33.39],[78.77,31.34]],[[75.59,32.11],[75.52,32.11],[75.5,32.04],[75.59,32.11]],[[73.19,20.15],[72.9,20.21],[72.96,20.09],[73.19,20.15]]],[[[63.83,29.47],[63.75,29.47],[63.76,29.54],[63.83,29.47]]],[[[66.33,29.92],[66.25,29.92],[66.26,29.99],[66.33,29.92]]]]}},{"type":"Feature","properties":{"n":"Kingdom of Saudi Arabia","f":1956,"t":1957,"w":"Q851"},"geometry":{"type":"Polygon","coordinates":[[[45.59,28.77],[46.61,29.15],[47.64,28.89],[48.09,28.12],[48.78,28.19],[48.87,27.67],[50.13,26.77],[50.07,26.07],[50.98,24.59],[51.5,24.52],[52.57,22.91],[55.37,22.59],[55.77,22.01],[55.17,20.09],[52.13,18.93],[49.0,18.61],[48.0,18.09],[47.42,17.06],[43.31,17.45],[42.81,16.42],[40.85,19.7],[39.35,20.79],[38.6,23.62],[37.44,24.33],[37.27,25.23],[35.41,27.87],[34.61,28.25],[34.91,29.34],[36.03,29.15],[38.29,29.99],[37.14,31.53],[39.26,32.17],[41.98,31.21],[45.59,28.77]]]}},{"type":"Feature","properties":{"n":"Hungarian Nationalists","f":1956,"t":1957,"w":"Q28513"},"geometry":{"type":"Polygon","coordinates":[[[21.99,47.53],[21.18,46.35],[18.45,45.76],[17.15,46.02],[16.28,46.81],[16.48,47.73],[17.06,47.99],[18.54,47.73],[20.58,48.59],[22.38,48.32],[22.68,47.86],[21.99,47.53]]]}},{"type":"Feature","properties":{"n":"Kingdom of Iraq","f":1956,"t":1957,"w":"Q149805"},"geometry":{"type":"Polygon","coordinates":[[[45.42,35.97],[46.25,35.84],[45.44,33.91],[46.23,32.94],[47.6,32.3],[47.98,31.72],[47.74,31.01],[48.6,29.99],[47.24,30.05],[46.46,29.09],[45.67,29.54],[44.51,29.28],[41.98,31.21],[39.26,32.17],[38.89,33.01],[39.02,33.52],[41.04,34.42],[41.29,36.42],[42.74,37.32],[44.8,37.06],[45.42,35.97]]]}},{"type":"Feature","properties":{"n":"Kingdom of Thailand","f":1956,"t":2023,"w":"Q869"},"geometry":{"type":"Polygon","coordinates":[[[102.22,11.99],[101.79,12.69],[100.83,12.63],[100.99,13.46],[100.1,13.4],[100.03,12.05],[99.21,10.31],[99.27,9.29],[99.93,9.29],[100.51,7.16],[101.51,6.91],[102.06,6.33],[101.88,5.75],[101.07,5.62],[101.09,6.07],[100.33,6.65],[99.95,6.52],[98.62,8.32],[98.21,7.74],[98.53,10.06],[99.66,11.99],[99.13,13.85],[98.23,14.94],[98.93,16.36],[97.45,18.35],[98.1,19.76],[100.13,20.41],[100.54,20.21],[100.52,19.57],[101.31,19.44],[101.08,17.45],[102.07,18.16],[102.92,17.9],[103.36,18.35],[104.02,18.29],[104.83,17.39],[104.89,16.29],[105.68,15.65],[105.61,14.62],[105.28,14.3],[103.46,14.43],[102.9,14.11],[102.36,13.21],[102.67,12.05],[102.22,11.99]]]}},{"type":"Feature","properties":{"n":"Republic of Sudan","f":1956,"t":1960,"w":"Q1049"},"geometry":{"type":"Polygon","coordinates":[[[37.37,21.24],[37.41,18.99],[38.69,17.96],[37.01,16.81],[36.26,12.89],[35.21,11.99],[34.95,10.76],[34.36,10.64],[34.08,8.51],[33.04,8.13],[34.76,6.59],[35.31,5.36],[33.52,3.76],[32.21,3.56],[30.6,3.56],[29.53,4.66],[28.22,4.34],[26.5,6.01],[26.08,6.91],[25.22,7.42],[25.23,7.81],[23.57,8.77],[23.66,9.93],[22.88,10.89],[22.47,12.63],[21.89,12.69],[23.05,15.59],[24.09,15.84],[24.04,19.57],[24.12,19.96],[25.09,20.09],[25.06,21.95],[36.95,21.89],[37.37,21.24]]]}},{"type":"Feature","properties":{"n":"French Fourth Republic","f":1956,"t":1957,"w":"Q69829"},"geometry":{"type":"MultiPolygon","coordinates":[[[[-51.7,4.14],[-52.86,2.28],[-54.61,2.34],[-54.1,3.37],[-54.48,4.98],[-54.06,5.75],[-52.89,5.49],[-51.78,4.66],[-51.7,4.14]]],[[[-60.81,14.75],[-60.78,14.43],[-61.08,14.49],[-60.81,14.75]]],[[[-61.77,16.29],[-61.35,16.49],[-61.17,16.23],[-61.58,15.91],[-61.77,16.29]]],[[[9.58,41.98],[9.1,41.33],[8.62,41.72],[8.53,42.5],[9.25,43.02],[9.58,41.98]]],[[[5.34,49.58],[7.1,49.65],[7.36,49.12],[8.11,48.99],[7.56,47.6],[6.98,47.53],[6.03,46.48],[6.03,46.22],[6.85,46.28],[7.12,45.3],[6.64,44.97],[6.98,44.25],[7.63,44.19],[7.55,43.8],[6.28,43.15],[3.85,43.6],[2.98,43.15],[3.09,42.5],[2.46,42.37],[-1.43,43.08],[-1.69,43.41],[-1.03,45.5],[-1.25,46.28],[-2.01,46.61],[-2.58,47.47],[-4.42,47.8],[-4.89,48.32],[-4.6,48.72],[-3.46,48.92],[-1.6,48.65],[-2.03,49.78],[0.01,49.38],[0.22,49.85],[1.45,50.25],[1.66,51.05],[2.49,51.18],[2.6,50.78],[3.97,50.38],[4.15,49.98],[4.74,50.11],[5.34,49.58]]],[[[-56.27,47.14],[-56.22,47.01],[-56.44,46.94],[-56.27,47.14]]],[[[9.54,47.6],[9.46,47.6],[9.87,47.8],[9.54,47.6]]],[[[13.18,52.59],[13.43,52.52],[13.26,52.45],[13.18,52.59]]]]}},{"type":"Feature","properties":{"n":"Kingdom of Saudi Arabia","f":1958,"t":1959,"w":"Q851"},"geometry":{"type":"Polygon","coordinates":[[[45.59,28.77],[46.61,29.15],[47.64,28.89],[48.09,28.12],[48.78,28.19],[48.87,27.67],[50.13,26.77],[50.07,26.07],[50.98,24.59],[51.5,24.52],[52.57,22.91],[55.37,22.59],[55.77,22.01],[55.17,20.09],[52.13,18.93],[49.0,18.61],[48.0,18.09],[47.42,17.06],[43.31,17.45],[42.81,16.42],[40.85,19.7],[39.35,20.79],[38.6,23.62],[37.44,24.33],[37.27,25.23],[35.41,27.87],[34.61,28.25],[34.91,29.34],[36.03,29.15],[38.29,29.99],[37.14,31.53],[39.34,32.17],[41.98,31.21],[45.59,28.77]]]}},{"type":"Feature","properties":{"n":"(British Empire)","f":1958,"t":1959,"w":"Q8680"},"geometry":{"type":"MultiPolygon","coordinates":[[[[-61.23,-51.99],[-61.12,-51.79],[-60.81,-51.86],[-61.23,-51.99]]],[[[-59.22,-51.39],[-60.6,-52.26],[-60.91,-52.19],[-60.37,-51.65],[-60.57,-51.39],[-59.22,-51.39]]],[[[-61.0,10.06],[-61.73,10.06],[-61.55,10.83],[-60.89,10.83],[-61.0,10.06]]],[[[-60.62,11.09],[-60.84,11.09],[-60.7,11.34],[-60.62,11.09]]],[[[-61.55,11.99],[-61.78,12.05],[-61.71,12.24],[-61.55,11.99]]],[[[-59.57,13.01],[-59.67,13.34],[-59.52,13.34],[-59.57,13.01]]],[[[-61.28,13.34],[-61.07,13.4],[-61.05,13.14],[-61.28,13.34]]],[[[-60.8,13.72],[-60.94,13.66],[-61.04,14.04],[-60.8,13.72]]],[[[-61.26,15.65],[-61.15,15.2],[-61.37,15.2],[-61.26,15.65]]],[[[-61.62,16.94],[-61.76,16.94],[-61.87,17.19],[-61.62,16.94]]],[[[-89.05,17.96],[-88.08,18.35],[-88.14,16.81],[-88.82,15.91],[-89.11,15.91],[-89.05,17.96]]],[[[-64.67,17.84],[-64.58,17.71],[-64.87,17.64],[-64.67,17.84]]],[[[-78.39,18.29],[-77.01,18.48],[-76.12,17.9],[-77.37,17.84],[-78.39,18.29]]],[[[-73.66,20.92],[-73.69,21.11],[-72.97,21.24],[-73.66,20.92]]],[[[-72.32,21.89],[-72.1,21.89],[-72.08,21.76],[-72.32,21.89]]],[[[-72.93,22.46],[-72.69,22.34],[-72.82,22.27],[-72.93,22.46]]],[[[-73.67,22.46],[-74.15,22.21],[-73.94,22.72],[-73.67,22.46]]],[[[-74.86,22.91],[-75.17,23.43],[-75.02,23.43],[-74.86,22.91]]],[[[-77.76,23.75],[-77.86,24.26],[-77.48,24.26],[-77.76,23.75]]],[[[-74.55,24.14],[-74.32,24.14],[-74.3,24.01],[-74.55,24.14]]],[[[-75.49,24.39],[-75.59,24.52],[-75.24,24.26],[-75.43,24.07],[-75.49,24.39]]],[[[-78.39,24.71],[-78.19,25.23],[-77.62,24.59],[-78.09,24.33],[-78.39,24.71]]],[[[-76.23,24.78],[-76.26,24.91],[-76.05,24.97],[-76.23,24.78]]],[[[-76.35,25.36],[-76.33,25.29],[-76.48,25.29],[-76.35,25.36]]],[[[-77.29,25.94],[-77.19,26.52],[-77.67,26.97],[-76.97,26.52],[-77.29,25.94]]],[[[-77.98,26.71],[-77.97,26.64],[-78.68,26.45],[-78.6,26.77],[-77.98,26.71]]],[[[-64.65,32.36],[-64.67,32.17],[-64.86,32.3],[-64.65,32.36]]],[[[-37.96,-54.01],[-36.62,-54.15],[-35.74,-54.82],[-36.16,-55.03],[-37.96,-54.01]]],[[[-59.02,-51.32],[-57.81,-51.45],[-58.66,-52.12],[-59.83,-52.26],[-59.02,-51.32]]],[[[28.2,-28.64],[29.29,-29.22],[28.96,-30.06],[27.93,-30.7],[27.23,-30.38],[26.89,-29.67],[28.2,-28.64]]],[[[31.82,-27.29],[30.99,-27.23],[30.72,-26.39],[31.06,-25.82],[31.74,-25.94],[31.82,-27.29]]],[[[35.06,-13.79],[35.14,-13.79],[35.14,-13.86],[35.06,-13.79]]],[[[34.91,-13.66],[34.99,-13.66],[34.99,-13.73],[34.91,-13.66]]],[[[34.91,-13.6],[34.91,-13.66],[34.84,-13.66],[34.91,-13.6]]],[[[47.89,4.34],[45.87,2.34],[43.28,0.54],[41.4,-1.9],[40.17,-2.67],[39.11,-4.73],[38.77,-6.34],[39.43,-6.85],[39.25,-8.59],[39.72,-10.0],[40.32,-10.51],[38.51,-11.41],[37.85,-11.29],[37.28,-11.8],[34.93,-11.61],[34.38,-9.74],[33.79,-9.55],[34.17,-13.54],[34.49,-14.31],[35.23,-14.44],[35.14,-13.92],[35.83,-14.76],[35.79,-15.85],[35.08,-16.43],[35.18,-17.14],[34.26,-16.17],[34.52,-15.21],[34.27,-14.44],[33.47,-14.56],[32.94,-14.05],[30.1,-15.01],[30.35,-15.98],[32.88,-16.81],[32.92,-19.96],[32.31,-21.38],[31.15,-22.47],[29.14,-22.15],[28.26,-22.6],[25.79,-24.79],[25.44,-25.69],[24.47,-25.88],[22.96,-25.3],[21.65,-26.84],[20.52,-26.84],[20.73,-25.94],[19.88,-24.85],[19.91,-22.02],[20.95,-21.89],[20.89,-18.36],[23.1,-18.04],[23.63,-18.49],[25.02,-17.78],[23.24,-17.65],[22.12,-16.69],[21.91,-13.02],[23.82,-12.96],[24.01,-10.9],[24.39,-11.48],[25.19,-11.29],[25.34,-11.74],[26.15,-11.99],[27.1,-11.67],[28.89,-13.41],[29.7,-13.41],[29.74,-12.25],[29.02,-12.44],[28.34,-11.8],[28.6,-9.68],[28.3,-9.23],[28.95,-8.46],[30.33,-8.26],[30.34,-8.59],[31.14,-8.78],[30.39,-6.66],[29.72,-6.34],[29.56,-4.86],[29.56,-4.41],[30.71,-3.19],[30.34,-2.54],[30.77,-1.71],[30.33,-1.13],[29.61,-1.39],[29.46,-0.87],[29.89,0.86],[31.23,2.09],[30.72,2.41],[30.82,3.56],[33.52,3.76],[35.31,5.36],[35.81,5.17],[36.01,4.46],[39.27,3.44],[40.6,4.27],[41.76,3.95],[43.46,4.85],[45.06,4.98],[47.86,7.94],[46.84,8.0],[43.38,9.41],[42.76,10.44],[43.32,11.54],[44.08,10.57],[44.88,10.44],[47.26,11.21],[49.09,11.28],[50.59,11.99],[51.31,11.86],[50.83,9.29],[47.89,4.34]],[[31.5,-1.84],[31.8,-2.8],[32.09,-2.41],[33.76,-2.35],[33.25,-1.96],[33.9,-1.58],[34.04,-0.61],[34.77,-0.36],[33.38,0.48],[31.78,-0.04],[31.5,-1.84]],[[32.89,-2.74],[32.6,-2.74],[32.6,-2.99],[32.89,-2.74]]],[[[39.49,-6.14],[39.43,-6.53],[39.06,-6.21],[39.12,-5.76],[39.49,-6.14]]],[[[39.77,-4.99],[39.7,-5.44],[39.55,-5.44],[39.77,-4.99]]],[[[-57.33,5.04],[-57.91,4.91],[-58.11,3.89],[-57.3,3.24],[-56.72,1.89],[-57.44,1.96],[-58.9,1.19],[-59.77,1.76],[-60.0,3.24],[-59.57,3.95],[-60.16,4.53],[-60.1,5.17],[-61.27,5.69],[-61.15,6.59],[-60.36,6.97],[-60.67,7.61],[-59.76,8.45],[-57.12,5.94],[-57.33,5.04]]],[[[-12.95,7.49],[-12.73,7.74],[-13.31,8.32],[-13.32,9.03],[-12.45,9.86],[-11.28,9.99],[-10.69,9.41],[-10.69,8.32],[-10.25,8.45],[-11.41,6.97],[-12.95,7.49]]],[[[5.92,4.27],[4.56,6.26],[2.74,6.33],[2.75,8.96],[3.85,10.51],[3.56,11.66],[4.22,13.46],[5.84,13.85],[6.94,13.01],[8.11,13.34],[9.57,12.76],[10.38,13.34],[12.44,13.08],[13.62,13.72],[14.19,12.44],[14.7,12.18],[14.62,11.47],[13.81,11.15],[11.71,6.91],[10.09,5.69],[9.41,3.89],[8.84,4.53],[8.33,4.79],[5.92,4.27]]],[[[-13.75,13.4],[-15.15,13.53],[-16.82,13.08],[-16.54,13.59],[-15.23,13.79],[-13.75,13.4]]],[[[33.04,34.55],[32.23,34.94],[34.54,35.71],[33.04,34.55]]],[[[14.57,35.97],[14.57,35.77],[14.34,35.84],[14.57,35.97]]],[[[-5.3,36.35],[-5.36,36.16],[-5.52,36.16],[-5.3,36.35]]],[[[13.27,52.65],[13.44,52.59],[13.18,52.59],[13.27,52.65]]],[[[-4.38,54.41],[-4.36,54.21],[-4.86,54.07],[-4.38,54.41]]],[[[-3.26,56.05],[-1.73,55.7],[-1.29,54.68],[-0.2,54.21],[0.3,53.39],[0.17,52.86],[1.62,52.86],[1.59,52.12],[0.52,51.51],[1.38,51.38],[1.31,51.11],[0.49,50.78],[-1.37,50.85],[-1.18,50.58],[-3.13,50.71],[-3.58,50.25],[-5.75,50.05],[-4.2,51.31],[-3.09,51.25],[-2.95,51.45],[-5.08,51.58],[-5.3,51.98],[-4.16,52.45],[-4.3,52.92],[-4.79,52.79],[-4.49,53.12],[-4.7,53.46],[-3.32,53.39],[-2.97,54.14],[-3.59,54.27],[-3.57,54.89],[-5.21,54.75],[-4.77,55.43],[-5.0,55.84],[-5.44,55.91],[-5.12,55.43],[-5.57,55.57],[-5.63,55.29],[-5.89,55.29],[-5.8,55.98],[-6.63,55.63],[-5.66,56.18],[-6.29,56.32],[-5.95,57.01],[-6.82,57.49],[-6.32,57.77],[-5.7,57.14],[-5.89,57.83],[-5.2,58.67],[-3.14,58.74],[-3.43,58.18],[-4.12,57.97],[-3.99,57.7],[-1.85,57.7],[-3.26,56.05]]],[[[-8.13,54.55],[-6.15,55.29],[-5.42,54.41],[-5.9,54.07],[-8.13,54.55]]],[[[-7.47,57.08],[-7.6,57.35],[-7.25,57.42],[-7.47,57.08]]],[[[-7.12,57.7],[-7.11,57.63],[-7.44,57.49],[-7.12,57.7]]],[[[-7.13,57.77],[-7.28,58.18],[-6.26,58.53],[-6.52,57.9],[-7.13,57.77]]],[[[-2.81,59.02],[-2.79,58.88],[-3.42,58.81],[-3.2,59.22],[-2.81,59.02]]],[[[-2.83,59.16],[-2.84,59.29],[-2.58,59.36],[-2.83,59.16]]],[[[-1.2,60.07],[-1.67,60.21],[-1.63,60.63],[-0.83,60.84],[-1.2,60.07]]],[[[57.57,-20.54],[57.19,-20.54],[57.45,-19.96],[57.57,-20.54]]],[[[178.21,-18.94],[178.25,-19.06],[177.97,-19.13],[178.21,-18.94]]],[[[178.65,-18.1],[177.19,-18.16],[177.36,-17.46],[178.07,-17.33],[178.65,-18.1]]],[[[179.83,-16.17],[179.83,-16.75],[178.39,-16.88],[179.83,-16.17]]],[[[160.46,-11.86],[160.07,-11.67],[160.19,-11.54],[160.46,-11.86]]],[[[166.08,-10.77],[165.66,-10.9],[165.64,-10.71],[166.08,-10.77]]],[[[162.3,-10.9],[161.7,-10.84],[161.11,-10.19],[162.3,-10.9]]],[[[160.5,-10.0],[159.42,-9.61],[159.45,-9.23],[160.51,-9.49],[160.5,-10.0]]],[[[161.19,-9.1],[161.49,-9.81],[160.61,-9.1],[160.44,-8.26],[161.19,-9.1]]],[[[157.31,-8.39],[157.27,-8.65],[157.12,-8.65],[157.31,-8.39]]],[[[157.49,-8.01],[157.95,-8.84],[157.38,-8.33],[157.09,-8.33],[156.76,-7.94],[157.49,-8.01]]],[[[159.74,-8.52],[158.33,-7.56],[158.62,-7.56],[159.74,-8.52]]],[[[39.82,-7.88],[39.53,-8.01],[39.52,-7.81],[39.82,-7.88]]],[[[156.57,-7.56],[156.68,-7.94],[156.54,-8.01],[156.57,-7.56]]],[[[155.57,-6.98],[155.72,-6.98],[155.81,-7.17],[155.57,-6.98]]],[[[156.77,-7.3],[156.27,-6.59],[156.79,-6.72],[157.35,-7.3],[156.77,-7.3]]],[[[55.43,-4.6],[55.43,-4.79],[55.21,-4.6],[55.43,-4.6]]],[[[103.85,1.25],[103.56,1.31],[103.56,1.38],[103.85,1.25]]],[[[119.26,5.17],[118.81,4.91],[118.16,4.98],[118.56,4.34],[115.63,4.21],[115.51,3.31],[114.41,1.44],[113.31,1.25],[112.38,1.57],[111.7,0.99],[110.46,0.86],[109.47,1.76],[109.63,2.02],[110.92,1.51],[111.26,2.73],[112.81,3.11],[113.91,4.59],[115.31,4.98],[115.35,5.49],[115.79,5.62],[116.69,7.04],[117.75,6.46],[117.64,5.94],[119.26,5.17]]],[[[117.21,7.16],[116.99,7.1],[117.01,7.36],[117.21,7.16]]],[[[53.48,12.76],[54.5,12.63],[54.19,12.31],[53.53,12.31],[53.48,12.76]]],[[[59.9,22.53],[59.86,22.08],[58.61,20.41],[57.93,20.28],[57.9,18.99],[57.0,18.8],[56.41,17.9],[55.59,17.84],[55.16,17.0],[52.46,16.36],[52.1,15.46],[49.41,14.69],[48.79,14.04],[45.74,13.34],[45.05,12.76],[43.59,12.69],[45.18,13.91],[46.0,14.04],[46.16,14.36],[45.61,15.14],[48.0,18.09],[49.0,18.61],[52.13,18.93],[55.17,20.09],[55.77,22.01],[55.37,22.59],[52.57,22.91],[51.7,24.26],[54.08,24.14],[56.33,26.39],[56.73,24.46],[57.49,23.88],[58.81,23.62],[59.9,22.53]]],[[[58.98,20.41],[58.67,20.21],[58.77,20.54],[58.98,20.41]]],[[[114.53,22.14],[114.0,22.08],[114.0,22.46],[114.6,22.53],[114.53,22.14]]],[[[51.12,26.13],[51.7,25.87],[51.5,24.52],[50.98,24.59],[51.12,26.13]]],[[[50.43,25.94],[50.46,26.26],[50.69,26.26],[50.43,25.94]]],[[[48.37,29.92],[48.4,29.6],[47.85,29.41],[48.32,28.83],[46.69,29.15],[47.24,30.05],[48.37,29.92]]]]}},{"type":"Feature","properties":{"n":"Ghana","f":1958,"t":1959,"w":"Q117"},"geometry":{"type":"Polygon","coordinates":[[[-1.87,4.72],[-2.96,4.98],[-2.74,5.49],[-3.24,6.84],[-2.51,8.19],[-2.8,10.96],[0.05,11.02],[0.7,8.39],[0.55,6.71],[1.13,6.01],[-1.87,4.72]]]}},{"type":"Feature","properties":{"n":"British Colonial Empire","f":1958,"t":1962,"w":"Q8680"},"geometry":{"type":"MultiPolygon","coordinates":[[[[-89.05,17.96],[-88.08,18.35],[-88.14,16.81],[-88.82,15.91],[-89.11,15.91],[-89.05,17.96]]],[[[-64.67,17.84],[-64.58,17.71],[-64.87,17.64],[-64.67,17.84]]],[[[-78.39,18.29],[-77.01,18.48],[-76.12,17.9],[-77.37,17.84],[-78.39,18.29]]],[[[-73.0,20.99],[-73.66,20.92],[-73.49,21.24],[-73.0,20.99]]],[[[-72.22,21.69],[-72.32,21.89],[-72.1,21.89],[-72.22,21.69]]],[[[-72.93,22.46],[-72.69,22.34],[-72.82,22.27],[-72.93,22.46]]],[[[-73.67,22.46],[-74.15,22.21],[-73.9,22.46],[-73.94,22.72],[-73.67,22.46]]],[[[-74.86,22.91],[-75.17,23.43],[-75.02,23.43],[-74.86,22.91]]],[[[-77.76,23.75],[-77.92,24.2],[-77.48,24.26],[-77.4,23.81],[-77.76,23.75]]],[[[-74.51,23.94],[-74.55,24.14],[-74.32,24.14],[-74.51,23.94]]],[[[-75.49,24.39],[-75.59,24.52],[-75.24,24.26],[-75.43,24.07],[-75.49,24.39]]],[[[-78.39,24.71],[-78.19,25.23],[-77.62,24.59],[-78.09,24.33],[-78.39,24.71]]],[[[-76.23,24.78],[-76.26,24.91],[-76.05,24.97],[-76.23,24.78]]],[[[-76.6,25.49],[-76.35,25.36],[-76.48,25.29],[-76.6,25.49]]],[[[-77.29,25.94],[-77.19,26.52],[-77.67,26.97],[-76.94,26.39],[-77.29,25.94]]],[[[-78.6,26.77],[-77.97,26.64],[-78.68,26.45],[-78.6,26.77]]],[[[-64.65,32.36],[-64.67,32.17],[-64.86,32.3],[-64.65,32.36]]],[[[-37.96,-54.01],[-36.62,-54.15],[-35.74,-54.82],[-36.16,-55.03],[-37.96,-54.01]]],[[[-61.01,-52.06],[-61.23,-51.99],[-61.12,-51.79],[-60.81,-51.86],[-61.01,-52.06]]],[[[-59.02,-51.32],[-57.81,-51.45],[-58.66,-52.12],[-59.83,-52.26],[-59.02,-51.32]]],[[[-59.22,-51.39],[-60.6,-52.26],[-60.91,-52.19],[-60.37,-51.65],[-60.57,-51.39],[-59.22,-51.39]]],[[[57.7,-20.35],[57.19,-20.54],[57.18,-20.35],[57.45,-19.96],[57.7,-20.35]]],[[[103.85,1.25],[103.56,1.31],[103.56,1.38],[103.85,1.25]]],[[[119.26,5.17],[118.81,4.91],[118.16,4.98],[118.56,4.34],[115.63,4.21],[115.51,3.31],[114.41,1.44],[113.31,1.25],[112.38,1.57],[111.7,0.99],[110.46,0.86],[109.47,1.76],[109.63,2.02],[110.92,1.51],[111.26,2.73],[112.81,3.11],[113.91,4.59],[115.31,4.98],[115.35,5.49],[115.79,5.62],[116.69,7.04],[117.75,6.46],[117.64,5.94],[119.26,5.17]]],[[[-58.11,3.89],[-57.3,3.24],[-56.72,1.89],[-57.44,1.96],[-58.9,1.19],[-59.77,1.76],[-60.0,3.24],[-59.57,3.95],[-60.16,4.53],[-60.1,5.17],[-61.27,5.69],[-61.15,6.59],[-60.36,6.97],[-60.67,7.61],[-59.76,8.45],[-57.13,6.01],[-58.11,3.89]]],[[[-61.0,10.06],[-61.73,10.06],[-61.55,10.83],[-60.89,10.83],[-61.0,10.06]]],[[[-60.7,11.34],[-60.56,11.34],[-60.62,11.09],[-60.7,11.34]]],[[[-61.57,12.24],[-61.55,11.99],[-61.78,12.05],[-61.57,12.24]]],[[[-59.57,13.01],[-59.67,13.34],[-59.52,13.34],[-59.57,13.01]]],[[[-61.28,13.34],[-61.07,13.4],[-61.05,13.14],[-61.28,13.34]]],[[[-60.8,13.72],[-60.94,13.66],[-61.04,14.04],[-60.8,13.72]]],[[[-61.26,15.65],[-61.15,15.2],[-61.37,15.2],[-61.26,15.65]]],[[[-61.64,17.19],[-61.62,16.94],[-61.76,16.94],[-61.64,17.19]]],[[[114.6,22.53],[114.53,22.14],[114.0,22.08],[114.0,22.46],[114.6,22.53]]],[[[178.21,-18.94],[178.25,-19.06],[177.97,-19.13],[178.21,-18.94]]],[[[178.65,-18.1],[177.19,-18.16],[177.36,-17.46],[178.07,-17.33],[178.65,-18.1]]],[[[179.83,-16.17],[179.83,-16.75],[178.39,-16.88],[179.83,-16.17]]],[[[160.19,-11.54],[160.46,-11.86],[160.24,-11.86],[160.19,-11.54]]],[[[166.07,-10.64],[166.08,-10.77],[165.66,-10.9],[166.07,-10.64]]],[[[162.3,-10.9],[161.11,-10.19],[161.4,-10.19],[162.3,-10.9]]],[[[160.5,-10.0],[159.42,-9.61],[159.45,-9.23],[160.51,-9.49],[160.5,-10.0]]],[[[161.19,-9.1],[161.49,-9.81],[160.61,-9.1],[160.44,-8.26],[161.19,-9.1]]],[[[157.31,-8.39],[157.27,-8.65],[157.12,-8.65],[157.31,-8.39]]],[[[156.82,-7.81],[157.49,-8.01],[157.95,-8.84],[157.38,-8.33],[156.82,-7.81]]],[[[159.74,-8.52],[158.33,-7.56],[158.62,-7.56],[159.74,-8.52]]],[[[156.57,-7.56],[156.68,-7.94],[156.54,-8.01],[156.57,-7.56]]],[[[155.59,-7.17],[155.57,-6.98],[155.72,-6.98],[155.59,-7.17]]],[[[157.36,-7.43],[156.77,-7.3],[156.27,-6.59],[157.36,-7.43]]],[[[117.23,7.36],[117.21,7.16],[116.99,7.1],[117.23,7.36]]]]}},{"type":"Feature","properties":{"n":"British Africa","f":1958,"t":1959,"w":"Q179848"},"geometry":{"type":"MultiPolygon","coordinates":[[[[27.23,-30.38],[26.89,-29.67],[27.53,-28.97],[28.57,-28.64],[29.3,-29.48],[27.93,-30.7],[27.23,-30.38]]],[[[31.06,-25.82],[31.74,-25.94],[31.82,-27.29],[30.99,-27.23],[30.72,-26.39],[31.06,-25.82]]],[[[34.99,-13.73],[34.91,-13.73],[34.91,-13.66],[34.99,-13.73]]],[[[34.91,-13.66],[34.84,-13.66],[34.84,-13.6],[34.91,-13.66]]],[[[-11.41,6.97],[-12.95,7.49],[-12.73,7.74],[-13.31,8.32],[-13.32,9.03],[-12.45,9.86],[-11.28,9.99],[-10.69,9.41],[-10.69,8.32],[-10.25,8.45],[-11.41,6.97]]],[[[8.33,4.79],[5.92,4.27],[4.56,6.26],[2.74,6.33],[2.75,8.96],[3.85,10.51],[3.71,12.5],[4.44,13.66],[5.25,13.85],[6.42,13.66],[6.94,13.01],[8.11,13.34],[9.57,12.76],[10.38,13.34],[12.44,13.08],[13.62,13.72],[14.19,12.44],[14.7,12.18],[14.62,11.47],[13.81,11.15],[11.71,6.91],[10.09,5.69],[9.41,3.89],[8.33,4.79]]],[[[-14.86,13.79],[-13.75,13.4],[-15.15,13.53],[-16.82,13.08],[-16.54,13.59],[-14.86,13.79]]],[[[35.14,-13.79],[35.14,-13.86],[35.06,-13.86],[35.14,-13.79]]],[[[39.67,-7.69],[39.81,-7.69],[39.67,-8.01],[39.67,-7.69]]],[[[47.06,3.44],[43.28,0.54],[41.4,-1.9],[40.17,-2.67],[39.11,-4.73],[38.77,-6.34],[39.43,-6.85],[39.25,-8.59],[39.72,-10.0],[40.32,-10.51],[38.51,-11.41],[37.85,-11.29],[37.28,-11.8],[34.93,-11.61],[34.38,-9.74],[33.79,-9.55],[34.17,-13.54],[34.49,-14.31],[35.23,-14.44],[35.14,-13.92],[35.83,-14.76],[35.79,-15.85],[35.08,-16.43],[35.18,-17.14],[34.26,-16.17],[34.52,-15.21],[34.27,-14.44],[33.47,-14.56],[32.94,-14.05],[30.1,-15.01],[30.35,-15.98],[32.88,-16.81],[32.92,-19.96],[32.31,-21.38],[31.15,-22.47],[29.14,-22.15],[28.26,-22.6],[25.79,-24.79],[25.44,-25.69],[24.47,-25.88],[22.96,-25.3],[21.65,-26.84],[20.52,-26.84],[20.73,-25.94],[19.88,-24.85],[19.91,-22.02],[20.95,-21.89],[20.89,-18.36],[23.1,-18.04],[23.63,-18.49],[25.02,-17.78],[23.24,-17.65],[22.12,-16.69],[21.91,-13.02],[23.82,-12.96],[24.01,-10.9],[24.39,-11.48],[25.19,-11.29],[25.34,-11.74],[26.15,-11.99],[27.1,-11.67],[28.89,-13.41],[29.7,-13.41],[29.74,-12.25],[29.02,-12.44],[28.34,-11.8],[28.6,-9.68],[28.3,-9.23],[28.95,-8.46],[30.33,-8.26],[30.34,-8.59],[31.14,-8.78],[30.39,-6.66],[29.72,-6.34],[29.56,-4.86],[29.56,-4.41],[30.71,-3.19],[30.34,-2.54],[30.77,-1.71],[30.33,-1.13],[29.61,-1.39],[29.46,-0.87],[29.89,0.86],[31.23,2.09],[30.72,2.41],[30.82,3.56],[33.52,3.76],[35.31,5.36],[35.81,5.17],[36.01,4.46],[39.27,3.44],[40.6,4.27],[41.76,3.95],[43.46,4.85],[45.06,4.98],[47.86,7.94],[46.84,8.0],[43.38,9.41],[42.76,10.44],[43.32,11.54],[44.08,10.57],[44.88,10.44],[51.1,11.99],[51.18,10.51],[50.2,8.19],[47.06,3.44]],[[31.57,-0.61],[31.51,-2.41],[31.8,-2.8],[32.09,-2.41],[33.76,-2.35],[33.25,-1.96],[33.9,-1.58],[34.04,-0.61],[34.77,-0.36],[33.38,0.48],[32.35,0.22],[31.57,-0.61]],[[32.6,-2.99],[32.82,-2.99],[32.89,-2.74],[32.6,-2.99]]],[[[39.06,-6.21],[39.12,-5.76],[39.49,-6.14],[39.43,-6.53],[39.06,-6.21]]],[[[39.55,-5.44],[39.55,-4.92],[39.77,-4.99],[39.55,-5.44]]],[[[55.43,-4.79],[55.21,-4.6],[55.43,-4.6],[55.43,-4.79]]],[[[54.19,12.31],[53.32,12.5],[53.48,12.76],[54.5,12.63],[54.19,12.31]]]]}},{"type":"Feature","properties":{"n":"United Arab Republic","f":1958,"t":1959,"w":"Q170468"},"geometry":{"type":"MultiPolygon","coordinates":[[[[30.97,31.66],[31.88,31.46],[32.0,31.08],[34.3,31.27],[34.92,29.54],[34.35,27.74],[33.19,28.51],[32.44,29.79],[35.15,24.65],[35.86,24.01],[35.55,23.69],[35.81,22.91],[36.96,21.95],[25.06,21.95],[24.86,31.4],[26.85,31.46],[28.87,30.82],[30.97,31.66]]],[[[34.47,31.46],[34.37,31.27],[34.31,31.4],[34.47,31.46]]],[[[40.96,34.36],[36.83,32.3],[35.57,32.81],[36.63,34.16],[36.06,34.61],[35.84,35.58],[36.68,36.8],[39.54,36.67],[42.26,37.25],[42.11,36.74],[41.29,36.42],[41.44,35.77],[40.96,34.36]]]]}},{"type":"Feature","properties":{"n":"Estado Novo","f":1958,"t":1959,"w":"Q824489"},"geometry":{"type":"MultiPolygon","coordinates":[[[[-24.36,14.75],[-24.45,15.07],[-24.23,15.07],[-24.36,14.75]]],[[[-23.78,14.94],[-23.73,15.33],[-23.42,15.14],[-23.78,14.94]]],[[[-23.28,15.26],[-23.06,15.33],[-22.99,15.2],[-23.28,15.26]]],[[[-22.58,16.16],[-22.65,15.97],[-22.94,15.97],[-22.58,16.16]]],[[[-24.08,16.68],[-24.08,16.55],[-24.37,16.49],[-24.08,16.68]]],[[[-22.83,16.68],[-22.98,16.68],[-22.98,16.81],[-22.83,16.68]]],[[[-25.27,16.87],[-25.29,17.19],[-24.99,17.26],[-24.97,16.74],[-25.27,16.87]]],[[[-16.79,32.88],[-16.69,32.69],[-17.07,32.62],[-17.17,32.88],[-16.79,32.88]]],[[[-25.7,37.71],[-25.9,37.96],[-25.11,37.9],[-25.7,37.71]]],[[[-28.85,38.67],[-28.08,38.35],[-28.39,38.35],[-28.85,38.67]]],[[[-28.04,38.55],[-28.15,38.74],[-27.89,38.61],[-28.04,38.55]]],[[[-27.36,38.67],[-27.39,38.87],[-27.08,38.87],[-27.36,38.67]]],[[[40.49,-15.59],[39.72,-16.49],[36.84,-17.97],[34.7,-19.9],[35.47,-24.08],[34.83,-24.79],[32.7,-25.62],[32.5,-26.07],[32.84,-26.84],[32.02,-26.84],[31.9,-24.47],[31.15,-22.47],[32.31,-21.38],[32.92,-19.96],[32.88,-16.81],[30.35,-15.98],[30.1,-15.01],[32.94,-14.05],[33.47,-14.56],[34.27,-14.44],[34.52,-15.21],[34.26,-16.17],[35.18,-17.14],[35.08,-16.43],[35.79,-15.85],[35.83,-14.76],[34.76,-13.6],[34.93,-11.61],[37.28,-11.8],[37.85,-11.29],[38.51,-11.41],[40.32,-10.51],[40.49,-15.59]]],[[[17.56,-8.14],[19.16,-8.07],[19.52,-7.04],[21.64,-7.3],[22.11,-11.16],[24.02,-11.16],[23.82,-12.96],[21.91,-13.02],[21.97,-16.36],[23.24,-17.65],[20.52,-18.04],[18.89,-17.84],[18.3,-17.39],[13.94,-17.46],[13.28,-17.01],[11.58,-17.26],[12.38,-13.41],[13.7,-11.74],[13.7,-10.9],[12.89,-9.23],[13.25,-8.33],[12.22,-6.01],[16.38,-5.89],[17.56,-8.14]]],[[[124.26,-9.49],[123.81,-9.36],[123.94,-9.23],[124.38,-9.16],[124.26,-9.49]]],[[[124.71,-8.84],[125.2,-8.52],[127.23,-8.39],[124.92,-9.55],[124.71,-8.84]]],[[[12.95,-4.66],[12.08,-5.82],[11.93,-5.05],[12.66,-4.41],[12.95,-4.66]]],[[[6.3,0.35],[6.67,0.41],[6.38,0.03],[6.3,0.35]]],[[[7.34,1.51],[7.19,1.51],[7.27,1.7],[7.34,1.51]]],[[[-16.28,11.79],[-16.66,12.31],[-13.59,12.63],[-13.72,11.79],[-14.59,11.54],[-14.95,10.96],[-15.62,11.73],[-16.28,11.79]]],[[[74.1,15.52],[74.52,15.26],[74.55,14.81],[74.24,14.62],[73.79,15.33],[74.1,15.52]]],[[[72.96,20.09],[72.9,20.21],[73.19,20.15],[72.96,20.09]]],[[[113.69,22.4],[113.64,22.14],[113.42,22.14],[113.69,22.4]]],[[[-9.0,37.0],[-8.82,38.48],[-9.21,38.42],[-9.57,38.93],[-8.73,40.74],[-8.93,41.91],[-6.7,41.98],[-6.25,41.46],[-6.93,41.0],[-6.9,39.77],[-7.44,39.64],[-6.99,39.0],[-7.27,38.67],[-6.99,38.09],[-7.68,37.0],[-9.0,37.0]]]]}},{"type":"Feature","properties":{"n":"Sultanate of Aceh","f":1958,"t":1959,"w":"Q1061057"},"geometry":{"type":"Polygon","coordinates":[[[98.24,4.53],[97.76,3.76],[97.13,4.14],[96.1,4.01],[95.2,4.91],[95.09,5.56],[97.47,5.24],[98.24,4.53]]]}},{"type":"Feature","properties":{"n":"Hungarian People's Republic","f":1958,"t":1968,"w":"Q16410"},"geometry":{"type":"Polygon","coordinates":[[[21.99,47.53],[21.18,46.35],[18.45,45.76],[17.15,46.02],[16.28,46.81],[16.48,47.73],[17.06,47.99],[18.54,47.73],[20.58,48.59],[22.38,48.32],[22.68,47.86],[21.99,47.53]]]}},{"type":"Feature","properties":{"n":"Federal Republic of Germany","f":1958,"t":1989,"w":"Q713750"},"geometry":{"type":"Polygon","coordinates":[[[10.62,53.39],[11.39,53.06],[10.79,52.99],[10.96,52.45],[10.53,52.25],[10.53,51.65],[9.93,51.45],[9.85,50.78],[10.44,50.25],[11.87,50.45],[13.77,48.65],[12.77,48.19],[13.0,47.53],[7.56,47.6],[8.11,48.99],[6.35,49.52],[5.94,51.85],[6.86,52.18],[7.08,53.73],[8.89,53.87],[8.53,54.89],[9.93,54.82],[11.05,54.21],[10.62,53.39]]]}},{"type":"Feature","properties":{"n":"Cuban Communists","f":1958,"t":1959,"w":"Q371402"},"geometry":{"type":"Polygon","coordinates":[[[-76.92,19.89],[-77.02,20.02],[-76.53,20.21],[-75.9,19.96],[-76.92,19.89]]]}},{"type":"Feature","properties":{"n":"State of Israel","f":1958,"t":1966,"w":"Q801"},"geometry":{"type":"Polygon","coordinates":[[[34.99,31.4],[35.46,31.46],[35.49,31.01],[34.92,29.54],[34.3,31.27],[35.06,33.01],[35.69,33.26],[35.54,32.43],[35.08,32.43],[34.99,31.4]],[[34.92,32.36],[34.85,32.36],[34.92,32.3],[34.92,32.36]]]}},{"type":"Feature","properties":{"n":"Arab Federation","f":1958,"t":1959,"w":"Q146713"},"geometry":{"type":"Polygon","coordinates":[[[45.42,35.97],[46.25,35.84],[45.44,33.91],[46.23,32.94],[47.6,32.3],[47.98,31.72],[47.74,31.01],[48.59,29.92],[47.24,30.05],[46.46,29.09],[45.67,29.54],[44.51,29.28],[41.98,31.21],[39.34,32.17],[37.14,31.53],[38.29,29.99],[36.03,29.15],[34.91,29.34],[35.49,31.01],[35.46,31.46],[34.99,31.4],[35.08,32.43],[35.72,32.75],[36.83,32.3],[40.96,34.36],[41.44,35.77],[41.29,36.42],[42.74,37.32],[44.8,37.06],[45.42,35.97]]]}},{"type":"Feature","properties":{"n":"French Fifth Republic","f":1958,"t":1959,"w":"Q200686"},"geometry":{"type":"MultiPolygon","coordinates":[[[[43.34,-11.35],[43.36,-11.93],[43.14,-11.86],[43.34,-11.35]]],[[[-52.86,2.28],[-54.61,2.34],[-54.1,3.37],[-54.48,4.98],[-54.06,5.75],[-52.89,5.49],[-51.7,4.21],[-52.86,2.28]]],[[[42.33,12.44],[43.22,12.69],[43.5,12.31],[42.73,11.6],[43.25,11.6],[42.86,11.02],[41.9,10.89],[41.86,11.73],[42.33,12.44]]],[[[-61.08,14.49],[-61.19,14.88],[-60.81,14.75],[-60.78,14.43],[-61.08,14.49]]],[[[8.46,35.19],[7.55,33.71],[9.17,31.98],[10.02,27.87],[9.95,26.71],[9.43,26.07],[10.33,24.52],[11.38,24.39],[12.13,23.43],[13.47,23.24],[14.21,22.66],[16.15,23.43],[24.04,19.57],[24.09,15.84],[23.05,15.59],[21.89,12.69],[22.47,12.63],[22.88,10.89],[23.66,9.93],[23.57,8.77],[25.23,7.81],[26.5,6.01],[27.22,5.62],[26.85,5.04],[25.39,5.3],[23.34,4.59],[22.76,4.79],[22.31,4.08],[20.57,4.4],[19.27,5.11],[18.53,4.34],[18.58,3.18],[18.06,2.41],[17.66,-0.42],[16.14,-2.09],[15.86,-3.89],[14.55,-4.92],[14.33,-4.34],[13.46,-4.86],[12.66,-4.41],[11.86,-5.05],[9.37,-2.35],[8.64,-0.94],[9.15,-0.42],[9.14,0.29],[9.57,0.16],[9.14,0.48],[9.44,0.99],[11.26,1.12],[11.21,2.15],[9.68,2.21],[9.84,3.11],[9.42,4.46],[10.09,5.69],[11.71,6.91],[13.81,11.15],[14.62,11.47],[14.7,12.18],[14.19,12.44],[13.62,13.72],[12.44,13.08],[10.38,13.34],[9.57,12.76],[8.11,13.34],[6.94,13.01],[5.84,13.85],[4.44,13.66],[3.71,12.5],[3.85,10.51],[2.75,8.96],[2.74,6.33],[1.13,6.07],[0.55,6.71],[0.7,8.39],[0.05,11.02],[-2.8,10.96],[-2.51,8.19],[-3.24,6.84],[-2.74,5.24],[-2.96,4.98],[-5.29,5.17],[-7.56,4.34],[-7.4,5.62],[-8.57,6.46],[-8.42,7.55],[-9.22,7.23],[-9.66,8.51],[-10.69,8.32],[-10.91,9.74],[-12.45,9.86],[-13.32,9.03],[-13.77,9.86],[-14.58,10.31],[-14.81,11.34],[-13.72,11.79],[-13.59,12.63],[-16.73,12.31],[-16.75,13.08],[-15.15,13.53],[-14.04,13.21],[-13.83,13.53],[-16.54,13.59],[-17.45,14.69],[-16.6,15.65],[-16.01,17.64],[-16.14,18.93],[-16.52,19.31],[-16.2,20.28],[-17.06,21.31],[-13.05,21.31],[-13.05,22.91],[-11.88,23.56],[-11.93,26.0],[-8.71,26.0],[-8.63,28.7],[-8.27,29.02],[-5.37,29.99],[-3.67,30.95],[-3.78,31.59],[-2.67,32.17],[-1.21,32.11],[-1.0,32.56],[-1.39,32.75],[-1.72,34.68],[-2.12,35.07],[1.22,36.55],[4.24,36.93],[5.56,36.67],[6.33,37.06],[8.59,36.93],[8.21,36.48],[8.46,35.19]]],[[[-61.77,16.29],[-61.35,16.49],[-61.17,16.23],[-61.74,15.97],[-61.77,16.29]]],[[[9.1,41.33],[8.62,41.72],[8.53,42.5],[9.49,43.02],[9.58,41.98],[9.1,41.33]]],[[[8.11,48.99],[7.56,47.6],[6.98,47.53],[6.03,46.48],[6.03,46.22],[6.85,46.28],[7.12,45.3],[6.64,44.97],[6.98,44.25],[7.63,44.19],[7.55,43.8],[6.28,43.15],[3.85,43.6],[2.98,43.15],[3.09,42.5],[2.46,42.37],[-1.43,43.08],[-1.69,43.41],[-1.03,45.5],[-1.25,46.28],[-2.01,46.61],[-2.58,47.47],[-4.42,47.8],[-4.89,48.32],[-4.6,48.72],[-3.46,48.92],[-1.6,48.65],[-2.03,49.78],[0.01,49.38],[0.22,49.85],[1.45,50.25],[1.66,51.05],[2.41,51.18],[2.6,50.78],[8.11,48.99]]],[[[-56.22,47.01],[-56.44,46.94],[-56.49,47.07],[-56.22,47.01]]],[[[9.87,47.8],[9.95,47.73],[9.87,47.53],[9.46,47.6],[9.87,47.8]]],[[[13.35,52.59],[13.43,52.52],[13.26,52.45],[13.35,52.59]]],[[[70.15,-49.79],[68.82,-49.79],[68.65,-48.99],[68.96,-48.73],[69.6,-49.26],[70.43,-49.06],[70.57,-49.39],[69.82,-49.39],[70.15,-49.79]]],[[[167.62,-21.38],[168.01,-21.44],[168.01,-21.7],[167.62,-21.38]]],[[[166.87,-22.41],[166.09,-22.28],[163.89,-20.16],[166.87,-22.41]]],[[[55.59,-20.86],[55.77,-21.31],[55.41,-21.44],[55.1,-21.25],[55.59,-20.86]]],[[[167.05,-21.19],[166.91,-20.67],[167.06,-20.67],[167.05,-21.19]]],[[[50.23,-15.98],[49.61,-15.46],[49.76,-16.75],[49.35,-17.26],[49.34,-18.36],[47.17,-24.79],[45.51,-25.62],[44.29,-25.37],[43.47,-24.34],[43.56,-23.44],[43.04,-22.02],[44.34,-20.03],[43.75,-17.46],[44.27,-16.17],[46.16,-15.72],[47.21,-14.69],[47.52,-14.82],[47.75,-13.54],[48.2,-13.73],[48.62,-13.34],[49.0,-11.99],[49.77,-12.83],[50.4,-15.14],[50.23,-15.98]]],[[[49.76,-16.75],[49.9,-16.75],[49.92,-16.94],[49.76,-16.75]]],[[[48.25,-13.21],[48.26,-13.47],[48.04,-13.41],[48.25,-13.21]]],[[[45.09,-13.02],[44.94,-13.02],[44.93,-12.7],[45.09,-13.02]]],[[[43.52,-12.38],[43.52,-12.25],[43.74,-12.25],[43.52,-12.38]]],[[[44.33,-12.44],[44.18,-12.19],[44.47,-12.19],[44.33,-12.44]]]]}},{"type":"Feature","properties":{"n":"Morocco","f":1958,"t":1968,"w":"Q1028"},"geometry":{"type":"MultiPolygon","coordinates":[[[[-1.72,34.68],[-1.56,33.14],[-1.0,32.56],[-1.21,32.11],[-2.67,32.17],[-3.78,31.59],[-3.67,30.95],[-5.37,29.99],[-7.76,29.34],[-8.63,28.7],[-8.72,27.67],[-13.09,27.74],[-11.4,28.38],[-9.39,29.99],[-9.88,30.56],[-9.86,31.34],[-9.2,32.75],[-6.61,34.16],[-5.88,35.77],[-5.34,35.84],[-4.75,35.19],[-2.83,35.26],[-1.72,34.68]]],[[[-2.99,35.45],[-2.84,35.45],[-2.83,35.26],[-2.99,35.45]]]]}},{"type":"Feature","properties":{"n":"Luxembourg","f":1958,"t":2023,"w":"Q2719360"},"geometry":{"type":"Polygon","coordinates":[[[6.35,49.52],[6.1,49.45],[5.75,50.05],[6.35,49.52]]]}},{"type":"Feature","properties":{"n":"Republic of Cuba","f":1958,"t":1959,"w":"Q241"},"geometry":{"type":"MultiPolygon","coordinates":[[[[-79.25,22.46],[-77.64,22.14],[-77.66,21.82],[-76.62,21.31],[-75.63,21.18],[-74.07,20.15],[-75.21,19.83],[-76.53,20.21],[-77.65,19.83],[-77.19,20.66],[-78.24,20.79],[-78.66,21.56],[-82.05,22.27],[-81.74,22.66],[-84.8,21.82],[-84.0,22.79],[-83.23,23.04],[-81.1,23.24],[-79.25,22.46]]],[[[-82.95,21.44],[-83.04,21.95],[-82.49,21.82],[-82.5,21.44],[-82.95,21.44]]],[[[-78.23,22.59],[-78.2,22.4],[-78.42,22.4],[-78.23,22.59]]]]}},{"type":"Feature","properties":{"n":"Kingdom of Libya","f":1958,"t":1966,"w":"Q31454"},"geometry":{"type":"Polygon","coordinates":[[[13.3,32.94],[15.21,32.36],[15.65,31.4],[17.85,30.95],[18.97,30.24],[19.96,30.56],[20.02,32.24],[21.11,32.81],[22.11,32.94],[23.09,32.62],[23.15,32.24],[25.11,31.79],[24.72,29.92],[25.07,27.42],[25.09,20.09],[24.12,19.96],[24.04,19.57],[16.15,23.43],[14.21,22.66],[13.47,23.24],[12.13,23.43],[11.38,24.39],[10.33,24.52],[9.43,26.07],[9.95,26.71],[10.02,27.87],[9.41,30.18],[10.32,30.82],[10.17,31.59],[11.54,32.36],[11.54,33.14],[12.53,32.75],[13.07,32.88],[13.3,32.94]],[[13.15,32.81],[13.15,32.88],[13.07,32.88],[13.15,32.81]]]}},{"type":"Feature","properties":{"n":"Federation of Malaya","f":1958,"t":1960,"w":"Q1479726"},"geometry":{"type":"MultiPolygon","coordinates":[[[[103.98,2.73],[104.06,2.92],[104.21,2.86],[103.98,2.73]]],[[[102.13,6.26],[103.17,5.36],[103.4,2.86],[104.22,1.38],[103.27,1.31],[101.22,2.79],[100.48,4.21],[100.03,6.52],[100.68,6.46],[101.07,5.62],[102.13,6.26]]],[[[99.88,6.52],[99.87,6.26],[99.58,6.39],[99.88,6.52]]]]}},{"type":"Feature","properties":{"n":"Republic of Tunisia","f":1958,"t":1962,"w":"Q948"},"geometry":{"type":"Polygon","coordinates":[[[10.31,37.06],[10.23,36.8],[10.46,36.74],[11.01,37.0],[10.46,36.42],[11.08,35.0],[10.0,34.29],[10.01,33.91],[11.08,33.59],[11.62,32.56],[10.17,31.59],[10.32,30.82],[9.56,30.31],[9.17,31.98],[7.79,33.2],[7.54,34.1],[8.46,35.19],[8.21,36.48],[8.9,37.13],[10.23,37.25],[10.23,37.06],[10.31,37.06]],[[10.15,37.0],[10.23,37.0],[10.23,37.06],[10.15,37.0]],[[8.9,37.0],[8.83,37.0],[8.9,36.93],[8.9,37.0]]]}},{"type":"Feature","properties":{"n":"Francoist Spain","f":1958,"t":1960,"w":"Q13474305"},"geometry":{"type":"MultiPolygon","coordinates":[[[[-11.93,26.0],[-11.88,23.56],[-13.05,22.91],[-13.05,21.31],[-16.99,21.37],[-15.86,23.94],[-14.93,24.71],[-14.5,26.19],[-13.49,26.9],[-13.17,27.74],[-8.72,27.67],[-8.57,26.13],[-11.93,26.0]]],[[[-18.0,27.87],[-17.85,27.87],[-17.9,27.61],[-18.0,27.87]]],[[[-15.3,28.12],[-15.36,27.8],[-15.73,27.74],[-15.76,28.19],[-15.3,28.12]]],[[[-17.25,27.99],[-17.35,28.19],[-17.12,28.25],[-17.25,27.99]]],[[[-16.65,27.93],[-16.91,28.38],[-16.09,28.57],[-16.65,27.93]]],[[[-14.07,28.7],[-13.77,28.77],[-13.81,28.25],[-14.32,28.06],[-14.07,28.7]]],[[[-18.0,28.83],[-17.71,28.89],[-17.67,28.51],[-18.0,28.83]]],[[[-13.85,28.83],[-13.86,29.02],[-13.42,29.22],[-13.85,28.83]]],[[[9.68,2.21],[11.21,2.15],[11.26,1.12],[9.22,1.06],[9.68,2.21]]],[[[8.54,3.76],[8.83,3.82],[8.68,3.18],[8.31,3.44],[8.54,3.76]]],[[[-9.4,30.24],[-9.39,29.99],[-9.83,29.86],[-9.4,30.24]]],[[[1.18,39.06],[1.65,39.13],[1.66,39.0],[1.18,39.06]]],[[[3.3,39.32],[2.35,39.45],[2.88,39.97],[3.52,39.77],[3.3,39.32]]],[[[-1.69,43.34],[1.58,42.43],[3.09,42.5],[3.12,41.91],[0.7,40.94],[-0.2,39.97],[-0.31,39.13],[0.1,38.74],[-0.66,38.29],[-0.7,37.64],[-1.71,37.45],[-2.06,36.8],[-4.47,36.74],[-5.66,36.03],[-6.43,37.0],[-7.39,37.25],[-7.5,37.71],[-6.99,38.09],[-7.27,38.67],[-6.99,39.0],[-7.44,39.64],[-6.9,39.77],[-6.93,41.0],[-6.27,41.65],[-6.7,41.98],[-8.93,41.91],[-8.66,42.37],[-9.3,43.15],[-8.24,43.73],[-1.69,43.34]],[[-3.25,38.42],[-3.18,38.42],[-3.18,38.48],[-3.25,38.42]]],[[[4.22,40.1],[4.3,39.84],[3.83,39.9],[4.22,40.1]]],[[[0.71,40.74],[0.7,40.81],[0.86,40.81],[0.71,40.74]]]]}},{"type":"Feature","properties":{"n":"(British Empire)","f":1960,"t":1960,"w":"Q8680"},"geometry":{"type":"MultiPolygon","coordinates":[[[[-61.23,-51.99],[-61.12,-51.79],[-60.81,-51.86],[-61.23,-51.99]]],[[[-59.22,-51.39],[-60.6,-52.26],[-60.91,-52.19],[-60.37,-51.65],[-60.57,-51.39],[-59.22,-51.39]]],[[[-61.0,10.06],[-61.73,10.06],[-61.55,10.83],[-60.89,10.83],[-61.0,10.06]]],[[[-60.62,11.09],[-60.84,11.09],[-60.7,11.34],[-60.62,11.09]]],[[[-61.55,11.99],[-61.78,12.05],[-61.71,12.24],[-61.55,11.99]]],[[[-59.57,13.01],[-59.67,13.34],[-59.52,13.34],[-59.57,13.01]]],[[[-61.28,13.34],[-61.07,13.4],[-61.05,13.14],[-61.28,13.34]]],[[[-60.8,13.72],[-60.94,13.66],[-61.04,14.04],[-60.8,13.72]]],[[[-61.26,15.65],[-61.15,15.2],[-61.37,15.2],[-61.26,15.65]]],[[[-61.62,16.94],[-61.76,16.94],[-61.87,17.19],[-61.62,16.94]]],[[[-89.05,17.96],[-88.08,18.35],[-88.14,16.81],[-88.82,15.91],[-89.11,15.91],[-89.05,17.96]]],[[[-64.67,17.84],[-64.58,17.71],[-64.87,17.64],[-64.67,17.84]]],[[[-78.39,18.29],[-77.01,18.48],[-76.12,17.9],[-77.37,17.84],[-78.39,18.29]]],[[[-73.66,20.92],[-73.69,21.11],[-72.97,21.24],[-73.66,20.92]]],[[[-72.32,21.89],[-72.1,21.89],[-72.08,21.76],[-72.32,21.89]]],[[[-72.93,22.46],[-72.69,22.34],[-72.82,22.27],[-72.93,22.46]]],[[[-73.67,22.46],[-74.15,22.21],[-73.94,22.72],[-73.67,22.46]]],[[[-74.86,22.91],[-75.17,23.43],[-75.02,23.43],[-74.86,22.91]]],[[[-77.76,23.75],[-77.86,24.26],[-77.48,24.26],[-77.76,23.75]]],[[[-74.55,24.14],[-74.32,24.14],[-74.3,24.01],[-74.55,24.14]]],[[[-75.49,24.39],[-75.59,24.52],[-75.24,24.26],[-75.43,24.07],[-75.49,24.39]]],[[[-78.39,24.71],[-78.19,25.23],[-77.62,24.59],[-78.09,24.33],[-78.39,24.71]]],[[[-76.23,24.78],[-76.26,24.91],[-76.05,24.97],[-76.23,24.78]]],[[[-76.35,25.36],[-76.33,25.29],[-76.48,25.29],[-76.35,25.36]]],[[[-77.29,25.94],[-77.19,26.52],[-77.67,26.97],[-76.97,26.52],[-77.29,25.94]]],[[[-77.98,26.71],[-77.97,26.64],[-78.68,26.45],[-78.6,26.77],[-77.98,26.71]]],[[[-64.65,32.36],[-64.67,32.17],[-64.86,32.3],[-64.65,32.36]]],[[[-37.96,-54.01],[-36.62,-54.15],[-35.74,-54.82],[-36.16,-55.03],[-37.96,-54.01]]],[[[-59.02,-51.32],[-57.81,-51.45],[-58.66,-52.12],[-59.83,-52.26],[-59.02,-51.32]]],[[[28.2,-28.64],[29.29,-29.22],[28.96,-30.06],[27.93,-30.7],[27.23,-30.38],[26.89,-29.67],[28.2,-28.64]]],[[[31.82,-27.29],[30.99,-27.23],[30.72,-26.39],[31.06,-25.82],[31.74,-25.94],[31.82,-27.29]]],[[[35.06,-13.79],[35.14,-13.79],[35.14,-13.86],[35.06,-13.79]]],[[[34.91,-13.66],[34.99,-13.66],[34.99,-13.73],[34.91,-13.66]]],[[[34.91,-13.6],[34.91,-13.66],[34.84,-13.66],[34.91,-13.6]]],[[[40.17,-2.67],[38.76,-5.76],[38.77,-6.34],[39.43,-6.85],[39.41,-9.1],[40.32,-10.51],[38.51,-11.41],[37.85,-11.29],[37.28,-11.8],[34.93,-11.61],[34.38,-9.74],[33.79,-9.55],[34.17,-13.54],[34.49,-14.31],[35.23,-14.44],[35.14,-13.92],[35.83,-14.76],[35.79,-15.85],[35.08,-16.43],[35.18,-17.14],[34.26,-16.17],[34.52,-15.21],[34.27,-14.44],[33.47,-14.56],[32.94,-14.05],[30.1,-15.01],[30.35,-15.98],[32.88,-16.81],[32.92,-19.96],[32.31,-21.38],[31.15,-22.47],[29.14,-22.15],[28.26,-22.6],[25.79,-24.79],[25.44,-25.69],[24.47,-25.88],[22.96,-25.3],[21.65,-26.84],[20.52,-26.84],[20.73,-25.94],[19.88,-24.85],[19.91,-22.02],[20.95,-21.89],[20.89,-18.36],[23.1,-18.04],[23.63,-18.49],[25.02,-17.78],[23.24,-17.65],[22.12,-16.69],[21.91,-13.02],[23.82,-12.96],[24.01,-10.9],[24.39,-11.48],[25.19,-11.29],[25.34,-11.74],[26.15,-11.99],[27.1,-11.67],[28.89,-13.41],[29.7,-13.41],[29.74,-12.25],[29.02,-12.44],[28.34,-11.8],[28.6,-9.68],[28.3,-9.23],[28.95,-8.46],[30.33,-8.26],[30.34,-8.59],[31.14,-8.78],[30.39,-6.66],[29.72,-6.34],[29.56,-4.86],[29.56,-4.41],[30.71,-3.19],[30.34,-2.54],[30.77,-1.71],[30.33,-1.13],[29.53,-1.32],[29.46,-0.87],[29.89,0.86],[31.23,2.09],[30.72,2.41],[30.82,3.56],[33.52,3.76],[35.31,5.36],[35.81,5.17],[36.01,4.46],[37.1,4.34],[38.18,3.56],[39.49,3.44],[40.6,4.27],[41.76,3.95],[40.93,2.86],[40.88,-0.87],[41.4,-1.9],[40.17,-2.67]],[[31.5,-1.84],[31.8,-2.8],[32.09,-2.41],[33.76,-2.35],[33.25,-1.96],[33.9,-1.58],[34.04,-0.61],[34.77,-0.36],[33.38,0.48],[31.78,-0.04],[31.5,-1.84]],[[32.89,-2.74],[32.6,-2.74],[32.6,-2.99],[32.89,-2.74]]],[[[39.49,-6.14],[39.43,-6.53],[39.06,-6.21],[39.12,-5.76],[39.49,-6.14]]],[[[39.77,-4.99],[39.7,-5.44],[39.55,-5.44],[39.77,-4.99]]],[[[-57.33,5.04],[-57.91,4.91],[-58.11,3.89],[-57.3,3.24],[-56.72,1.89],[-57.44,1.96],[-58.9,1.19],[-59.77,1.76],[-60.0,3.24],[-59.57,3.95],[-60.16,4.53],[-60.1,5.17],[-61.27,5.69],[-61.15,6.59],[-60.36,6.97],[-60.67,7.61],[-59.76,8.45],[-57.12,5.94],[-57.33,5.04]]],[[[-11.41,6.97],[-12.95,7.49],[-12.73,7.74],[-13.31,8.32],[-13.32,9.03],[-12.45,9.86],[-11.28,9.99],[-10.69,9.41],[-10.69,8.32],[-10.25,8.45],[-11.41,6.97]]],[[[11.42,6.46],[9.8,5.24],[9.41,3.89],[8.33,4.79],[5.92,4.27],[4.56,6.26],[2.74,6.33],[2.75,8.96],[3.85,10.51],[3.71,12.5],[4.44,13.66],[5.84,13.85],[6.94,13.01],[8.11,13.34],[9.57,12.76],[10.38,13.34],[12.44,13.08],[13.62,13.72],[14.19,12.44],[14.7,12.18],[14.62,11.47],[13.81,11.15],[11.42,6.46]]],[[[-16.82,13.08],[-16.83,13.4],[-15.23,13.79],[-13.75,13.46],[-16.82,13.08]]],[[[33.04,34.55],[32.23,34.94],[34.54,35.71],[33.04,34.55]]],[[[14.57,35.97],[14.57,35.77],[14.34,35.84],[14.57,35.97]]],[[[-5.3,36.35],[-5.36,36.16],[-5.52,36.16],[-5.3,36.35]]],[[[13.27,52.65],[13.44,52.59],[13.18,52.59],[13.27,52.65]]],[[[-4.38,54.41],[-4.36,54.21],[-4.86,54.07],[-4.38,54.41]]],[[[-3.26,56.05],[-1.73,55.7],[-1.29,54.68],[-0.2,54.21],[0.3,53.39],[0.17,52.86],[1.62,52.86],[1.59,52.12],[0.52,51.51],[1.38,51.38],[1.31,51.11],[0.49,50.78],[-1.37,50.85],[-1.18,50.58],[-3.13,50.71],[-3.58,50.25],[-5.75,50.05],[-4.2,51.31],[-3.09,51.25],[-2.95,51.45],[-5.08,51.58],[-5.3,51.98],[-4.16,52.45],[-4.3,52.92],[-4.79,52.79],[-4.49,53.12],[-4.7,53.46],[-3.32,53.39],[-2.97,54.14],[-3.59,54.27],[-3.57,54.89],[-5.21,54.75],[-4.77,55.43],[-5.0,55.84],[-5.44,55.91],[-5.12,55.43],[-5.57,55.57],[-5.63,55.29],[-5.89,55.29],[-5.8,55.98],[-6.63,55.63],[-5.66,56.18],[-6.29,56.32],[-5.95,57.01],[-6.82,57.49],[-6.32,57.77],[-5.7,57.14],[-5.89,57.83],[-5.2,58.67],[-3.14,58.74],[-3.43,58.18],[-4.12,57.97],[-3.99,57.7],[-1.85,57.7],[-3.26,56.05]]],[[[-8.13,54.55],[-6.15,55.29],[-5.42,54.41],[-5.9,54.07],[-8.13,54.55]]],[[[-7.47,57.08],[-7.6,57.35],[-7.25,57.42],[-7.47,57.08]]],[[[-7.12,57.7],[-7.11,57.63],[-7.44,57.49],[-7.12,57.7]]],[[[-7.13,57.77],[-7.28,58.18],[-6.26,58.53],[-6.52,57.9],[-7.13,57.77]]],[[[-2.81,59.02],[-2.79,58.88],[-3.42,58.81],[-3.2,59.22],[-2.81,59.02]]],[[[-2.83,59.16],[-2.84,59.29],[-2.58,59.36],[-2.83,59.16]]],[[[-1.2,60.07],[-1.67,60.21],[-1.63,60.63],[-0.83,60.84],[-1.2,60.07]]],[[[57.57,-20.54],[57.19,-20.54],[57.45,-19.96],[57.57,-20.54]]],[[[178.21,-18.94],[178.25,-19.06],[177.97,-19.13],[178.21,-18.94]]],[[[178.65,-18.1],[177.19,-18.16],[177.36,-17.46],[178.07,-17.33],[178.65,-18.1]]],[[[179.83,-16.17],[179.83,-16.75],[178.39,-16.88],[179.83,-16.17]]],[[[160.46,-11.86],[160.07,-11.67],[160.19,-11.54],[160.46,-11.86]]],[[[166.08,-10.77],[165.66,-10.9],[165.64,-10.71],[166.08,-10.77]]],[[[162.3,-10.9],[161.7,-10.84],[161.11,-10.19],[162.3,-10.9]]],[[[160.5,-10.0],[159.42,-9.61],[159.45,-9.23],[160.51,-9.49],[160.5,-10.0]]],[[[161.19,-9.1],[161.49,-9.81],[160.61,-9.1],[160.44,-8.26],[161.19,-9.1]]],[[[157.31,-8.39],[157.27,-8.65],[157.12,-8.65],[157.31,-8.39]]],[[[157.49,-8.01],[157.95,-8.84],[157.38,-8.33],[157.09,-8.33],[156.76,-7.94],[157.49,-8.01]]],[[[159.74,-8.52],[158.33,-7.56],[158.62,-7.56],[159.74,-8.52]]],[[[39.82,-7.88],[39.53,-8.01],[39.52,-7.81],[39.82,-7.88]]],[[[156.57,-7.56],[156.68,-7.94],[156.54,-8.01],[156.57,-7.56]]],[[[155.57,-6.98],[155.72,-6.98],[155.81,-7.17],[155.57,-6.98]]],[[[156.77,-7.3],[156.27,-6.59],[156.79,-6.72],[157.35,-7.3],[156.77,-7.3]]],[[[55.43,-4.6],[55.43,-4.79],[55.21,-4.6],[55.43,-4.6]]],[[[103.85,1.25],[103.56,1.31],[103.56,1.38],[103.85,1.25]]],[[[119.26,5.17],[118.81,4.91],[118.16,4.98],[118.56,4.34],[115.63,4.21],[115.51,3.31],[114.41,1.44],[113.31,1.25],[112.38,1.57],[111.7,0.99],[110.46,0.86],[109.47,1.76],[109.63,2.02],[110.92,1.51],[111.26,2.73],[112.81,3.11],[113.91,4.59],[115.31,4.98],[115.35,5.49],[115.79,5.62],[116.69,7.04],[117.75,6.46],[117.64,5.94],[119.26,5.17]]],[[[117.21,7.16],[116.99,7.1],[117.01,7.36],[117.21,7.16]]],[[[53.48,12.76],[54.5,12.63],[54.19,12.31],[53.53,12.31],[53.48,12.76]]],[[[59.9,22.53],[59.86,22.08],[58.61,20.41],[57.93,20.28],[57.9,18.99],[57.0,18.8],[56.41,17.9],[55.59,17.84],[55.16,17.0],[52.46,16.36],[52.1,15.46],[49.41,14.69],[48.79,14.04],[45.74,13.34],[45.05,12.76],[43.59,12.69],[45.18,13.91],[46.0,14.04],[46.16,14.36],[45.61,15.14],[48.0,18.09],[49.0,18.61],[52.13,18.93],[55.17,20.09],[55.77,22.01],[55.37,22.59],[52.57,22.91],[51.7,24.26],[54.08,24.14],[56.33,26.39],[56.73,24.46],[57.49,23.88],[58.81,23.62],[59.9,22.53]]],[[[58.98,20.41],[58.67,20.21],[58.77,20.54],[58.98,20.41]]],[[[114.53,22.14],[114.0,22.08],[114.0,22.46],[114.6,22.53],[114.53,22.14]]],[[[51.12,26.13],[51.7,25.87],[51.5,24.52],[50.98,24.59],[51.12,26.13]]],[[[50.43,25.94],[50.46,26.26],[50.69,26.26],[50.43,25.94]]],[[[48.37,29.92],[48.4,29.6],[47.85,29.41],[48.32,28.83],[46.69,29.15],[47.24,30.05],[48.37,29.92]]]]}},{"type":"Feature","properties":{"n":"Belgian Congo","f":1960,"t":1960,"w":"Q213510"},"geometry":{"type":"Polygon","coordinates":[[[28.81,-2.35],[29.17,-1.58],[30.33,-1.13],[30.77,-1.71],[30.34,-2.54],[30.71,-3.19],[29.56,-4.34],[28.81,-2.35]]]}},{"type":"Feature","properties":{"n":"Kingdom of Saudi Arabia","f":1960,"t":1966,"w":"Q851"},"geometry":{"type":"Polygon","coordinates":[[[45.59,28.77],[46.61,29.15],[47.64,28.89],[48.09,28.12],[48.78,28.19],[48.87,27.67],[50.13,26.77],[50.07,26.07],[50.98,24.59],[51.5,24.52],[52.57,22.91],[55.37,22.59],[55.77,22.01],[55.17,20.09],[52.13,18.93],[49.0,18.61],[48.0,18.09],[47.42,17.06],[43.31,17.45],[42.81,16.42],[40.85,19.7],[39.35,20.79],[38.6,23.62],[37.44,24.33],[37.27,25.23],[35.41,27.87],[34.61,28.25],[34.91,29.34],[36.03,29.15],[38.29,29.99],[37.14,31.53],[39.26,32.17],[41.98,31.21],[45.59,28.77]]]}},{"type":"Feature","properties":{"n":"Republic of Indonesia","f":1960,"t":1975,"w":"Q252"},"geometry":{"type":"MultiPolygon","coordinates":[[[[116.47,-8.97],[115.73,-8.91],[116.12,-8.2],[116.64,-8.33],[116.47,-8.97]]],[[[112.53,-6.98],[113.91,-6.85],[113.78,-7.17],[112.69,-7.24],[112.71,-7.56],[114.26,-7.69],[114.43,-8.14],[115.3,-8.07],[115.63,-8.52],[114.93,-8.91],[114.37,-8.33],[114.49,-8.84],[113.21,-8.33],[108.14,-7.88],[105.37,-6.85],[105.91,-5.89],[107.0,-5.89],[108.34,-6.34],[108.58,-6.79],[110.34,-6.91],[110.53,-6.46],[112.53,-6.98]]],[[[115.08,-6.85],[115.29,-6.79],[115.38,-6.98],[115.08,-6.85]]],[[[102.23,-5.31],[102.32,-5.5],[102.1,-5.5],[102.23,-5.31]]],[[[99.81,-2.67],[99.87,-2.48],[100.4,-2.99],[100.11,-3.19],[99.81,-2.67]]],[[[108.03,-2.54],[108.12,-3.19],[107.47,-3.19],[107.45,-2.61],[108.03,-2.54]]],[[[105.78,-2.8],[105.62,-2.16],[104.96,-1.96],[105.24,-1.51],[105.97,-1.51],[106.21,-2.41],[106.8,-2.86],[106.45,-3.19],[105.78,-2.8]]],[[[99.36,-2.22],[99.35,-2.03],[99.64,-2.03],[99.65,-2.41],[99.36,-2.22]]],[[[108.66,-1.64],[108.66,-1.51],[108.88,-1.51],[108.66,-1.64]]],[[[98.46,-1.32],[98.46,-1.0],[99.12,-1.39],[99.2,-1.77],[98.46,-1.32]]],[[[104.41,-0.29],[104.42,-0.68],[104.13,-0.61],[104.32,0.16],[104.92,-0.23],[104.41,-0.29]]],[[[98.16,-0.61],[98.21,0.09],[98.37,0.03],[98.16,-0.61]]],[[[100.39,2.21],[101.7,2.09],[101.68,1.64],[102.41,1.57],[102.39,1.12],[103.11,0.93],[102.95,0.41],[103.6,0.35],[103.33,-0.74],[104.21,-1.0],[104.52,-1.96],[105.48,-2.35],[105.64,-2.8],[106.01,-3.06],[105.69,-5.89],[105.23,-5.56],[104.3,-5.89],[101.43,-3.25],[100.2,-0.87],[98.94,0.22],[98.63,1.7],[97.56,2.28],[96.88,3.56],[95.33,4.72],[95.09,5.56],[97.48,5.3],[100.39,2.21]]],[[[117.33,3.18],[118.02,2.41],[117.78,1.89],[118.9,0.86],[117.89,0.93],[117.51,0.54],[117.52,-0.81],[116.31,-1.71],[116.54,-2.29],[116.1,-4.09],[115.79,-3.64],[114.5,-4.21],[114.4,-3.44],[113.52,-3.51],[113.0,-3.06],[111.85,-3.64],[111.61,-2.93],[110.09,-3.06],[109.89,-1.32],[109.31,-1.32],[108.7,0.48],[109.19,1.89],[110.46,0.86],[111.7,0.99],[112.38,1.57],[113.31,1.25],[114.41,1.44],[115.79,4.34],[117.89,4.21],[117.59,3.95],[117.79,3.63],[117.2,3.56],[117.63,3.44],[117.33,3.18]]],[[[98.35,0.09],[98.43,0.22],[98.72,0.16],[98.35,0.09]]],[[[103.18,0.67],[103.18,0.86],[103.4,0.86],[103.18,0.67]]],[[[104.13,0.93],[104.21,1.19],[104.57,1.12],[104.13,0.93]]],[[[97.57,0.54],[97.02,1.44],[97.45,1.51],[97.57,0.54]]],[[[104.06,0.99],[103.77,0.93],[103.92,1.25],[104.06,0.99]]],[[[95.68,2.6],[95.69,2.92],[96.4,2.54],[95.68,2.6]]],[[[108.32,3.69],[108.1,3.63],[107.98,4.14],[108.32,3.69]]],[[[122.69,-10.71],[123.26,-10.51],[123.29,-10.77],[122.69,-10.71]]],[[[121.66,-10.58],[121.71,-10.39],[121.86,-10.39],[121.66,-10.58]]],[[[120.01,-9.36],[120.74,-10.19],[120.02,-10.26],[118.95,-9.74],[118.99,-9.36],[120.01,-9.36]]],[[[124.26,-9.49],[124.65,-8.91],[125.02,-9.04],[124.61,-10.06],[123.17,-10.39],[123.68,-9.55],[124.26,-9.49]]],[[[116.85,-9.16],[116.65,-8.52],[118.05,-8.65],[117.37,-8.33],[118.01,-8.07],[118.9,-8.26],[119.08,-8.78],[116.85,-9.16]]],[[[119.21,-8.52],[119.27,-8.39],[119.51,-8.59],[119.21,-8.52]]],[[[121.29,-8.97],[119.44,-8.71],[120.06,-8.26],[122.28,-8.59],[122.61,-8.07],[123.21,-8.39],[123.78,-8.2],[122.66,-8.71],[121.29,-8.97]]],[[[123.96,-8.59],[123.8,-8.39],[124.36,-8.14],[125.02,-8.2],[123.96,-8.59]]],[[[125.67,-8.01],[125.71,-7.69],[126.51,-7.56],[126.4,-8.01],[125.67,-8.01]]],[[[121.99,-5.37],[121.77,-5.44],[121.68,-5.11],[121.99,-5.37]]],[[[123.12,-4.73],[122.81,-5.69],[122.14,-5.44],[122.18,-4.79],[122.81,-4.41],[123.12,-4.73]]],[[[126.36,-3.83],[125.89,-3.12],[126.83,-3.06],[127.21,-3.44],[126.36,-3.83]]],[[[126.01,-2.48],[125.26,-1.77],[126.14,-1.77],[126.01,-2.48]]],[[[120.35,0.48],[119.91,-0.1],[120.74,-1.39],[121.38,-0.81],[123.41,-0.68],[123.28,-1.06],[122.77,-0.94],[121.41,-1.96],[122.24,-2.93],[122.2,-3.64],[123.17,-4.21],[122.02,-4.54],[121.97,-4.92],[121.38,-4.79],[121.42,-4.09],[120.74,-3.51],[120.92,-2.74],[120.42,-2.74],[120.32,-5.56],[119.68,-5.76],[119.21,-5.11],[119.35,-3.51],[118.77,-3.64],[118.59,-2.74],[119.15,-2.03],[119.69,0.48],[120.67,1.31],[123.78,0.86],[125.12,1.7],[124.5,0.54],[123.76,0.22],[120.35,0.48]]],[[[125.11,-1.71],[125.19,-1.9],[124.25,-2.03],[124.46,-1.64],[125.11,-1.71]]],[[[128.02,-1.51],[128.03,-1.77],[127.3,-1.77],[127.22,-1.45],[128.02,-1.51]]],[[[122.7,-1.26],[123.43,-1.26],[123.43,-1.45],[123.0,-1.64],[122.7,-1.26]]],[[[127.78,-0.68],[127.79,-0.87],[126.91,-0.55],[126.97,-0.23],[127.78,-0.68]]],[[[121.59,-0.42],[121.81,-0.36],[121.74,-0.49],[121.59,-0.42]]],[[[125.65,3.56],[125.64,3.31],[125.42,3.37],[125.65,3.56]]],[[[126.87,4.46],[126.77,4.01],[126.62,4.01],[126.87,4.46]]],[[[130.95,-8.33],[130.59,-8.39],[130.86,-8.14],[130.95,-8.33]]],[[[127.66,-8.26],[127.64,-8.07],[127.79,-8.07],[127.66,-8.26]]],[[[129.46,-8.01],[129.44,-7.75],[129.74,-7.81],[129.46,-8.01]]],[[[130.97,-7.69],[131.58,-7.11],[131.55,-7.69],[131.22,-8.07],[130.97,-7.69]]],[[[130.81,-7.56],[130.87,-7.36],[131.02,-7.36],[130.81,-7.56]]],[[[128.38,-7.24],[128.37,-7.11],[128.59,-7.04],[128.38,-7.24]]],[[[134.53,-5.44],[134.68,-6.59],[133.97,-6.91],[134.18,-5.63],[134.53,-5.44]]],[[[132.5,-5.69],[132.95,-5.76],[132.82,-6.01],[132.5,-5.69]]],[[[133.07,-5.44],[133.01,-5.63],[132.86,-5.5],[133.07,-5.44]]],[[[134.78,-3.19],[135.37,-3.31],[136.2,-2.22],[137.99,-1.51],[140.87,-2.61],[140.89,-9.16],[139.84,-8.14],[137.53,-8.46],[137.69,-7.75],[138.67,-7.24],[137.89,-5.5],[134.76,-4.41],[133.55,-3.44],[132.78,-4.15],[132.67,-3.38],[131.85,-2.8],[133.66,-2.54],[133.72,-2.16],[132.12,-2.29],[131.66,-1.58],[130.56,-1.26],[130.55,-0.81],[131.14,-1.0],[132.07,-0.36],[133.97,-0.74],[134.78,-3.19]]],[[[128.24,-3.51],[128.25,-3.7],[127.81,-3.83],[128.24,-3.51]]],[[[127.71,-3.19],[128.28,-2.8],[129.66,-2.8],[130.79,-3.51],[130.73,-3.89],[129.76,-3.38],[127.71,-3.19]]],[[[130.22,-2.09],[129.64,-1.96],[129.7,-1.77],[130.06,-1.64],[130.22,-2.09]]],[[[136.19,-1.96],[135.37,-1.58],[136.4,-1.64],[136.69,-1.84],[136.19,-1.96]]],[[[134.85,-0.94],[134.85,-1.19],[134.63,-1.13],[134.85,-0.94]]],[[[135.64,-0.68],[135.65,-0.87],[135.36,-0.87],[135.28,-0.61],[135.64,-0.68]]],[[[130.17,-0.29],[130.17,-0.1],[131.12,-0.04],[130.83,-0.49],[130.17,-0.29]]],[[[127.84,0.41],[128.3,-0.94],[127.48,-0.23],[127.3,1.44],[127.77,2.21],[127.95,1.31],[128.61,1.64],[128.21,0.67],[128.71,0.22],[127.84,0.41]]],[[[128.41,2.02],[128.12,1.96],[128.14,2.47],[128.52,2.66],[128.41,2.02]]]]}},{"type":"Feature","properties":{"n":"Madagascar","f":1960,"t":2023,"w":"Q1019"},"geometry":{"type":"MultiPolygon","coordinates":[[[[50.42,-15.59],[49.93,-15.98],[49.61,-15.46],[49.76,-16.75],[49.35,-17.26],[49.34,-18.36],[47.17,-24.79],[45.51,-25.62],[44.29,-25.37],[43.47,-24.34],[43.56,-23.44],[43.04,-22.02],[44.34,-20.03],[43.75,-17.46],[44.27,-16.17],[46.16,-15.72],[47.21,-14.69],[47.52,-14.82],[47.75,-13.54],[48.2,-13.73],[48.62,-13.34],[49.0,-11.99],[49.77,-12.83],[50.42,-15.59]]],[[[49.92,-16.94],[49.7,-17.07],[49.76,-16.75],[49.92,-16.94]]],[[[48.26,-13.47],[48.04,-13.41],[48.1,-13.21],[48.26,-13.47]]]]}},{"type":"Feature","properties":{"n":"Mali Federation","f":1960,"t":1960,"w":"Q216632"},"geometry":{"type":"Polygon","coordinates":[[[-8.58,11.02],[-8.37,11.41],[-9.11,12.5],[-10.43,11.99],[-13.07,12.63],[-16.73,12.31],[-16.75,13.08],[-13.75,13.46],[-14.86,13.79],[-16.54,13.59],[-17.46,14.81],[-16.19,16.49],[-15.02,16.68],[-13.3,15.97],[-12.24,14.75],[-11.52,15.59],[-10.93,15.14],[-9.39,15.59],[-5.56,15.46],[-5.28,16.29],[-6.49,24.97],[-4.78,25.04],[1.06,21.24],[1.89,20.28],[3.16,19.89],[3.24,19.06],[4.35,19.12],[4.29,16.55],[3.56,15.39],[0.91,14.94],[-0.78,15.07],[-2.02,14.17],[-2.61,14.24],[-3.33,13.21],[-4.07,13.4],[-4.5,12.18],[-5.3,11.86],[-5.51,10.44],[-6.09,10.19],[-6.31,10.7],[-6.97,10.19],[-7.77,10.25],[-8.58,11.02]]]}},{"type":"Feature","properties":{"n":"Guinea","f":1960,"t":2023,"w":"Q983"},"geometry":{"type":"Polygon","coordinates":[[[-8.14,9.54],[-7.69,8.45],[-8.2,8.45],[-8.13,7.61],[-8.71,7.68],[-9.22,7.23],[-9.66,8.51],[-10.69,8.32],[-10.69,9.41],[-11.28,9.99],[-12.45,9.86],[-13.32,9.03],[-14.95,10.96],[-14.59,11.54],[-13.86,11.66],[-13.59,12.63],[-10.72,11.99],[-9.69,12.05],[-9.11,12.5],[-7.92,10.25],[-8.14,9.54]]]}},{"type":"Feature","properties":{"n":"Ghana","f":1960,"t":1960,"w":"Q117"},"geometry":{"type":"Polygon","coordinates":[[[-1.87,4.72],[-2.96,4.98],[-2.74,5.49],[-3.24,6.84],[-2.51,8.19],[-2.8,10.96],[0.05,11.02],[0.7,8.39],[0.55,6.71],[1.13,6.01],[-1.87,4.72]]]}},{"type":"Feature","properties":{"n":"United Arab Republic","f":1960,"t":1966,"w":"Q170468"},"geometry":{"type":"MultiPolygon","coordinates":[[[[30.97,31.66],[31.88,31.46],[32.0,31.08],[34.3,31.27],[34.92,29.54],[34.35,27.74],[33.19,28.51],[32.44,29.79],[35.15,24.65],[35.86,24.01],[35.55,23.69],[35.81,22.91],[36.96,21.95],[25.06,21.95],[24.86,31.4],[26.85,31.46],[28.87,30.82],[30.97,31.66]]],[[[34.47,31.46],[34.37,31.27],[34.31,31.4],[34.47,31.46]]],[[[41.04,34.42],[36.83,32.3],[35.57,32.81],[36.63,34.16],[36.06,34.61],[35.84,35.58],[36.68,36.8],[39.54,36.67],[42.26,37.25],[42.11,36.74],[41.29,36.42],[41.04,34.42]]]]}},{"type":"Feature","properties":{"n":"Estado Novo","f":1960,"t":1966,"w":"Q824489"},"geometry":{"type":"MultiPolygon","coordinates":[[[[-24.36,14.75],[-24.45,15.07],[-24.23,15.07],[-24.36,14.75]]],[[[-23.78,14.94],[-23.73,15.33],[-23.42,15.14],[-23.78,14.94]]],[[[-23.28,15.26],[-23.06,15.33],[-22.99,15.2],[-23.28,15.26]]],[[[-22.58,16.16],[-22.65,15.97],[-22.94,15.97],[-22.58,16.16]]],[[[-24.08,16.68],[-24.08,16.55],[-24.37,16.49],[-24.08,16.68]]],[[[-22.83,16.68],[-22.98,16.68],[-22.98,16.81],[-22.83,16.68]]],[[[-25.27,16.87],[-25.29,17.19],[-24.99,17.26],[-24.97,16.74],[-25.27,16.87]]],[[[-16.79,32.88],[-16.69,32.69],[-17.07,32.62],[-17.17,32.88],[-16.79,32.88]]],[[[-25.7,37.71],[-25.9,37.96],[-25.11,37.9],[-25.7,37.71]]],[[[-28.85,38.67],[-28.08,38.35],[-28.39,38.35],[-28.85,38.67]]],[[[-28.04,38.55],[-28.15,38.74],[-27.89,38.61],[-28.04,38.55]]],[[[-27.36,38.67],[-27.39,38.87],[-27.08,38.87],[-27.36,38.67]]],[[[40.49,-15.59],[39.72,-16.49],[36.84,-17.97],[34.7,-19.9],[35.47,-24.08],[34.83,-24.79],[32.7,-25.62],[32.5,-26.07],[32.84,-26.84],[32.02,-26.84],[31.9,-24.47],[31.15,-22.47],[32.31,-21.38],[32.92,-19.96],[32.88,-16.81],[30.35,-15.98],[30.1,-15.01],[32.94,-14.05],[33.47,-14.56],[34.27,-14.44],[34.52,-15.21],[34.26,-16.17],[35.18,-17.14],[35.08,-16.43],[35.79,-15.85],[35.83,-14.76],[34.76,-13.6],[34.93,-11.61],[37.28,-11.8],[37.85,-11.29],[38.51,-11.41],[40.32,-10.51],[40.49,-15.59]]],[[[17.56,-8.14],[19.16,-8.07],[19.52,-7.04],[21.64,-7.3],[22.11,-11.16],[24.02,-11.16],[23.82,-12.96],[21.91,-13.02],[21.97,-16.36],[23.24,-17.65],[20.52,-18.04],[18.89,-17.84],[18.3,-17.39],[13.94,-17.46],[13.28,-17.01],[11.58,-17.26],[12.38,-13.41],[13.7,-11.74],[13.7,-10.9],[12.89,-9.23],[13.25,-8.33],[12.22,-6.01],[16.38,-5.89],[17.56,-8.14]]],[[[124.26,-9.49],[123.81,-9.36],[123.94,-9.23],[124.38,-9.16],[124.26,-9.49]]],[[[124.71,-8.84],[125.2,-8.52],[127.23,-8.39],[124.92,-9.55],[124.71,-8.84]]],[[[12.95,-4.66],[12.08,-5.82],[11.93,-5.05],[12.66,-4.41],[12.95,-4.66]]],[[[6.3,0.35],[6.67,0.41],[6.38,0.03],[6.3,0.35]]],[[[7.34,1.51],[7.19,1.51],[7.27,1.7],[7.34,1.51]]],[[[-15.47,11.34],[-15.48,11.86],[-16.28,11.79],[-16.66,12.31],[-13.59,12.63],[-13.86,11.66],[-14.59,11.54],[-14.95,10.96],[-15.47,11.34]]],[[[74.1,15.52],[74.52,15.26],[74.55,14.81],[74.24,14.62],[73.79,15.33],[74.1,15.52]]],[[[72.96,20.09],[72.9,20.21],[73.19,20.15],[72.96,20.09]]],[[[113.69,22.4],[113.64,22.14],[113.42,22.14],[113.69,22.4]]],[[[-9.0,37.0],[-8.82,38.48],[-9.21,38.42],[-9.57,38.93],[-8.73,40.74],[-8.93,41.91],[-6.7,41.98],[-6.25,41.46],[-6.93,41.0],[-6.9,39.77],[-7.44,39.64],[-6.99,39.0],[-7.27,38.67],[-6.99,38.09],[-7.68,37.0],[-9.0,37.0]]]]}},{"type":"Feature","properties":{"n":"British Africa","f":1960,"t":1960,"w":"Q179848"},"geometry":{"type":"MultiPolygon","coordinates":[[[[27.23,-30.38],[26.89,-29.67],[27.53,-28.97],[28.57,-28.64],[29.3,-29.48],[27.93,-30.7],[27.23,-30.38]]],[[[31.06,-25.82],[31.74,-25.94],[31.82,-27.29],[30.99,-27.23],[30.72,-26.39],[31.06,-25.82]]],[[[34.91,-13.66],[34.84,-13.66],[34.84,-13.6],[34.91,-13.66]]],[[[41.4,-1.9],[40.17,-2.67],[38.76,-5.76],[38.77,-6.34],[39.43,-6.85],[39.41,-9.1],[40.32,-10.51],[38.51,-11.41],[37.85,-11.29],[37.28,-11.8],[34.93,-11.61],[34.38,-9.74],[33.79,-9.55],[34.17,-13.54],[34.49,-14.31],[35.23,-14.44],[35.14,-13.92],[35.83,-14.76],[35.79,-15.85],[35.08,-16.43],[35.18,-17.14],[34.26,-16.17],[34.52,-15.21],[34.27,-14.44],[33.47,-14.56],[32.94,-14.05],[30.1,-15.01],[30.35,-15.98],[32.88,-16.81],[32.92,-19.96],[32.31,-21.38],[31.15,-22.47],[29.14,-22.15],[28.26,-22.6],[25.79,-24.79],[25.44,-25.69],[24.47,-25.88],[22.96,-25.3],[21.65,-26.84],[20.52,-26.84],[20.73,-25.94],[19.88,-24.85],[19.91,-22.02],[20.95,-21.89],[20.89,-18.36],[23.1,-18.04],[23.63,-18.49],[25.02,-17.78],[23.24,-17.65],[22.12,-16.69],[21.91,-13.02],[23.82,-12.96],[24.01,-10.9],[24.39,-11.48],[25.19,-11.29],[25.34,-11.74],[26.15,-11.99],[27.1,-11.67],[28.89,-13.41],[29.7,-13.41],[29.74,-12.25],[29.02,-12.44],[28.34,-11.8],[28.6,-9.68],[28.3,-9.23],[28.95,-8.46],[30.33,-8.26],[30.34,-8.59],[31.14,-8.78],[30.39,-6.66],[29.72,-6.34],[29.56,-4.86],[29.56,-4.41],[30.71,-3.19],[30.34,-2.54],[30.77,-1.71],[30.33,-1.13],[29.53,-1.32],[29.46,-0.87],[29.89,0.86],[31.23,2.09],[30.72,2.41],[30.82,3.56],[33.52,3.76],[35.31,5.36],[35.81,5.17],[36.01,4.46],[37.1,4.34],[38.18,3.56],[39.49,3.44],[40.6,4.27],[41.76,3.95],[40.93,2.86],[40.88,-0.87],[41.4,-1.9]],[[31.57,-0.61],[31.51,-2.41],[31.8,-2.8],[32.09,-2.41],[33.76,-2.35],[33.25,-1.96],[33.9,-1.58],[34.04,-0.61],[34.77,-0.36],[33.38,0.48],[32.35,0.22],[31.57,-0.61]],[[32.6,-2.99],[32.82,-2.99],[32.89,-2.74],[32.6,-2.99]]],[[[-11.63,6.97],[-12.95,7.49],[-12.73,7.74],[-13.31,8.32],[-13.32,9.03],[-12.45,9.86],[-11.28,9.99],[-10.69,9.41],[-10.39,8.13],[-11.63,6.97]]],[[[13.81,11.15],[11.71,6.91],[10.09,5.69],[9.41,3.89],[8.33,4.79],[5.92,4.27],[4.56,6.26],[2.74,6.33],[2.75,8.96],[3.85,10.51],[3.71,12.5],[4.44,13.66],[5.84,13.85],[6.94,13.01],[8.11,13.34],[9.57,12.76],[10.38,13.34],[12.44,13.08],[13.62,13.72],[14.19,12.44],[14.7,12.18],[14.62,11.47],[13.81,11.15]]],[[[-16.82,13.08],[-16.54,13.59],[-15.23,13.79],[-13.75,13.46],[-16.82,13.08]]],[[[35.14,-13.79],[35.14,-13.86],[35.06,-13.86],[35.14,-13.79]]],[[[34.99,-13.73],[34.91,-13.73],[34.91,-13.66],[34.99,-13.73]]],[[[39.67,-7.69],[39.81,-7.69],[39.67,-8.01],[39.67,-7.69]]],[[[39.06,-6.21],[39.12,-5.76],[39.49,-6.14],[39.43,-6.53],[39.06,-6.21]]],[[[39.55,-5.44],[39.55,-4.92],[39.77,-4.99],[39.55,-5.44]]],[[[55.43,-4.79],[55.21,-4.6],[55.43,-4.6],[55.43,-4.79]]],[[[54.19,12.31],[53.32,12.5],[53.48,12.76],[54.5,12.63],[54.19,12.31]]]]}},{"type":"Feature","properties":{"n":"Ethiopia","f":1960,"t":1991,"w":"Q115"},"geometry":{"type":"MultiPolygon","coordinates":[[[[39.73,15.2],[39.97,15.52],[40.31,14.94],[41.32,14.62],[43.15,12.89],[41.94,11.92],[41.9,10.89],[42.86,11.02],[42.76,10.44],[43.38,9.41],[46.84,8.0],[47.86,7.94],[45.06,4.98],[43.46,4.85],[41.76,3.95],[40.6,4.27],[39.49,3.44],[36.01,4.46],[34.76,6.59],[33.04,7.87],[33.27,8.45],[34.08,8.51],[34.36,10.64],[34.95,10.76],[35.21,11.99],[36.26,12.89],[37.01,16.81],[38.76,17.96],[39.73,15.2]]],[[[40.14,15.91],[40.34,15.52],[39.97,15.59],[40.14,15.91]]]]}},{"type":"Feature","properties":{"n":"Togo","f":1960,"t":2023,"w":"Q945"},"geometry":{"type":"Polygon","coordinates":[[[1.13,6.07],[0.55,6.71],[0.7,8.39],[0.05,11.02],[0.93,10.96],[0.85,10.31],[1.44,9.8],[1.79,6.2],[1.13,6.07]]]}},{"type":"Feature","properties":{"n":"Federal Republic of Somalia","f":1960,"t":2023,"w":"Q1045"},"geometry":{"type":"Polygon","coordinates":[[[50.83,9.29],[47.89,4.34],[45.87,2.34],[43.28,0.54],[41.47,-1.64],[40.88,-0.87],[40.93,2.86],[42.13,4.21],[43.46,4.85],[45.06,4.98],[47.85,7.81],[43.81,9.09],[42.76,10.44],[42.86,11.02],[43.32,11.54],[44.08,10.57],[44.88,10.44],[51.1,11.99],[50.83,9.29]]]}},{"type":"Feature","properties":{"n":"French Fifth Republic","f":1960,"t":1960,"w":"Q200686"},"geometry":{"type":"MultiPolygon","coordinates":[[[[-52.86,2.28],[-54.61,2.34],[-54.1,3.37],[-54.48,4.98],[-54.06,5.75],[-52.89,5.49],[-51.7,4.21],[-52.86,2.28]]],[[[42.33,12.44],[43.22,12.69],[43.5,12.31],[42.73,11.6],[43.25,11.6],[42.86,11.02],[41.9,10.89],[41.86,11.73],[42.33,12.44]]],[[[-60.78,14.43],[-61.08,14.49],[-61.19,14.88],[-60.78,14.43]]],[[[8.46,35.19],[7.55,33.71],[9.17,31.98],[10.02,27.87],[9.95,26.71],[9.43,26.07],[10.33,24.52],[11.38,24.39],[12.13,23.43],[13.47,23.24],[14.21,22.66],[16.15,23.43],[24.04,19.57],[24.09,15.84],[23.05,15.59],[21.89,12.69],[22.47,12.63],[22.88,10.89],[23.66,9.93],[23.57,8.77],[25.23,7.81],[26.5,6.01],[27.22,5.62],[26.85,5.04],[25.39,5.3],[23.34,4.59],[22.76,4.79],[22.31,4.08],[20.57,4.4],[19.27,5.11],[18.53,4.34],[18.58,3.18],[18.06,2.41],[17.66,-0.42],[16.14,-2.09],[15.86,-3.89],[14.55,-4.92],[14.33,-4.34],[13.46,-4.86],[12.66,-4.41],[11.86,-5.05],[9.37,-2.35],[8.64,-0.94],[9.15,-0.42],[9.14,0.29],[9.57,0.16],[9.14,0.48],[9.44,0.99],[11.26,1.12],[11.36,2.28],[16.01,1.76],[16.03,2.92],[15.09,3.76],[14.4,5.94],[15.52,7.74],[14.08,9.48],[14.31,9.99],[15.55,10.06],[15.05,10.83],[14.92,12.5],[13.62,13.72],[12.44,13.08],[10.38,13.34],[9.57,12.76],[8.11,13.34],[6.94,13.01],[5.84,13.85],[4.44,13.66],[3.71,12.5],[3.85,10.51],[2.75,8.96],[2.74,6.33],[1.79,6.2],[1.57,6.65],[1.66,8.96],[0.85,10.31],[0.93,10.96],[-2.8,10.96],[-2.51,8.19],[-3.24,6.84],[-2.74,5.24],[-2.96,4.98],[-5.29,5.17],[-7.56,4.34],[-7.4,5.62],[-8.57,6.46],[-8.2,8.45],[-7.69,8.45],[-8.14,10.06],[-7.7,10.38],[-6.97,10.19],[-6.31,10.7],[-6.09,10.19],[-5.51,10.44],[-5.3,11.86],[-4.5,12.18],[-4.07,13.4],[-3.33,13.21],[-2.61,14.24],[-2.02,14.17],[-0.78,15.07],[0.91,14.94],[3.56,15.39],[4.29,16.55],[4.35,19.12],[3.24,19.06],[3.16,19.89],[1.89,20.28],[1.06,21.24],[-4.78,25.04],[-6.49,24.97],[-5.28,16.29],[-5.56,15.46],[-9.39,15.59],[-10.93,15.14],[-11.52,15.59],[-12.24,14.75],[-14.28,16.61],[-16.19,16.49],[-16.54,16.1],[-16.01,17.64],[-16.14,18.93],[-16.52,19.31],[-16.2,20.28],[-17.06,21.31],[-13.05,21.31],[-13.05,22.91],[-11.88,23.56],[-11.93,26.0],[-8.71,26.0],[-8.63,28.7],[-8.27,29.02],[-5.37,29.99],[-3.67,30.95],[-3.78,31.59],[-2.67,32.17],[-1.21,32.11],[-1.0,32.56],[-1.39,32.75],[-1.72,34.68],[-2.12,35.07],[0.08,35.84],[0.68,36.42],[4.24,36.93],[5.1,36.67],[6.33,37.06],[8.59,36.93],[8.21,36.48],[8.46,35.19]]],[[[-61.77,16.29],[-61.35,16.49],[-61.17,16.23],[-61.74,15.97],[-61.77,16.29]]],[[[9.58,41.98],[9.1,41.33],[8.62,41.72],[8.53,42.5],[9.25,43.02],[9.58,41.98]]],[[[8.11,48.99],[7.56,47.6],[6.98,47.53],[6.03,46.48],[6.03,46.22],[6.85,46.28],[7.12,45.3],[6.64,44.97],[6.98,44.25],[7.63,44.19],[7.55,43.8],[6.28,43.15],[3.85,43.6],[2.98,43.15],[3.09,42.5],[2.46,42.37],[-1.43,43.08],[-1.69,43.41],[-1.03,45.5],[-1.25,46.28],[-2.01,46.61],[-2.58,47.47],[-4.42,47.8],[-4.89,48.32],[-4.6,48.72],[-3.46,48.92],[-1.6,48.65],[-2.03,49.78],[0.01,49.38],[0.22,49.85],[1.45,50.25],[1.66,51.05],[2.41,51.18],[2.6,50.78],[8.11,48.99]]],[[[-56.44,46.94],[-56.49,47.07],[-56.27,47.14],[-56.44,46.94]]],[[[9.87,47.8],[9.95,47.73],[9.87,47.53],[9.46,47.6],[9.87,47.8]]],[[[13.35,52.59],[13.43,52.52],[13.26,52.45],[13.35,52.59]]],[[[70.15,-49.79],[68.82,-49.79],[68.65,-48.99],[68.96,-48.73],[69.6,-49.26],[70.43,-49.06],[70.57,-49.39],[69.82,-49.39],[70.15,-49.79]]],[[[167.62,-21.38],[168.01,-21.44],[168.01,-21.7],[167.62,-21.38]]],[[[165.0,-21.57],[163.89,-20.16],[165.17,-20.8],[166.87,-22.41],[165.0,-21.57]]],[[[55.59,-20.86],[55.77,-21.31],[55.41,-21.44],[55.1,-21.25],[55.59,-20.86]]],[[[167.26,-20.86],[167.33,-21.12],[167.05,-21.19],[167.06,-20.67],[167.26,-20.86]]],[[[45.09,-13.02],[44.94,-13.02],[44.93,-12.7],[45.09,-13.02]]],[[[43.74,-12.44],[43.52,-12.38],[43.52,-12.25],[43.74,-12.44]]],[[[44.33,-12.44],[44.18,-12.19],[44.47,-12.19],[44.33,-12.44]]],[[[43.36,-11.93],[43.06,-11.61],[43.34,-11.35],[43.36,-11.93]]]]}},{"type":"Feature","properties":{"n":"Democratic Republic of the Congo","f":1960,"t":1960,"w":"Q974"},"geometry":{"type":"Polygon","coordinates":[[[29.07,-6.21],[30.41,-8.26],[28.95,-8.46],[28.3,-9.23],[28.6,-9.68],[28.34,-11.8],[29.02,-12.44],[29.74,-12.25],[29.7,-13.41],[28.89,-13.41],[27.1,-11.67],[26.15,-11.99],[25.34,-11.74],[25.19,-11.29],[24.39,-11.48],[24.01,-10.9],[22.11,-11.16],[21.64,-7.3],[19.52,-7.04],[19.16,-8.07],[17.56,-8.14],[16.38,-5.89],[12.08,-5.89],[12.95,-4.66],[13.46,-4.86],[14.33,-4.34],[14.55,-4.92],[15.86,-3.89],[16.14,-2.09],[17.66,-0.42],[18.06,2.41],[18.58,3.18],[18.53,4.34],[19.27,5.11],[20.57,4.4],[22.31,4.08],[22.76,4.79],[23.34,4.59],[25.39,5.3],[27.22,5.24],[28.22,4.34],[29.53,4.66],[30.82,3.56],[30.72,2.41],[31.23,2.09],[29.89,0.86],[29.53,-1.32],[28.81,-2.35],[29.07,-6.21]]]}},{"type":"Feature","properties":{"n":"Iraqi Republic","f":1960,"t":1982,"w":"Q796"},"geometry":{"type":"Polygon","coordinates":[[[45.42,35.97],[46.25,35.84],[45.44,33.91],[46.23,32.94],[47.6,32.3],[47.98,31.72],[47.74,31.01],[48.6,29.99],[47.24,30.05],[46.46,29.09],[45.67,29.54],[44.51,29.28],[41.98,31.21],[39.26,32.17],[38.89,33.01],[39.02,33.52],[41.04,34.42],[41.29,36.42],[42.74,37.32],[44.8,37.06],[45.42,35.97]]]}},{"type":"Feature","properties":{"n":"Kingdom of Jordan","f":1960,"t":1966,"w":"Q810"},"geometry":{"type":"Polygon","coordinates":[[[37.14,31.53],[38.29,29.99],[36.03,29.15],[34.91,29.34],[35.49,31.01],[35.46,31.46],[34.99,31.4],[35.08,32.43],[35.72,32.75],[36.83,32.3],[38.84,33.33],[39.26,32.17],[37.14,31.53]]]}},{"type":"Feature","properties":{"n":"Communist Cuba","f":1960,"t":2023,"w":"Q241"},"geometry":{"type":"MultiPolygon","coordinates":[[[[-79.25,22.46],[-77.64,22.14],[-77.66,21.82],[-76.77,21.37],[-75.63,21.18],[-74.07,20.15],[-77.65,19.83],[-77.19,20.66],[-78.24,20.79],[-78.66,21.56],[-82.05,22.27],[-81.74,22.66],[-84.8,21.82],[-84.0,22.79],[-83.23,23.04],[-81.1,23.24],[-79.25,22.46]]],[[[-82.95,21.44],[-83.04,21.95],[-82.49,21.82],[-82.5,21.44],[-82.95,21.44]]],[[[-78.23,22.59],[-77.96,22.27],[-78.18,22.27],[-78.5,22.4],[-78.23,22.59]]]]}},{"type":"Feature","properties":{"n":"Republic of Cameroon","f":1960,"t":1960,"w":"Q1009"},"geometry":{"type":"Polygon","coordinates":[[[9.84,3.11],[9.42,4.46],[10.09,5.69],[11.71,6.91],[13.81,11.15],[14.62,11.47],[14.7,12.18],[14.19,12.44],[14.12,13.08],[14.42,13.08],[15.14,11.99],[15.05,10.83],[15.55,10.06],[14.08,9.8],[15.52,7.74],[14.4,5.94],[15.09,3.76],[16.03,2.92],[16.01,1.76],[14.56,2.15],[9.68,2.28],[9.84,3.11]]]}},{"type":"Feature","properties":{"n":"Republic of the Congo","f":1961,"t":2023,"w":"Q974"},"geometry":{"type":"Polygon","coordinates":[[[16.14,-2.09],[15.86,-3.89],[14.55,-4.92],[14.33,-4.34],[13.46,-4.86],[12.66,-4.41],[11.86,-5.05],[10.98,-4.02],[11.27,-3.57],[11.85,-3.64],[11.48,-2.35],[12.21,-2.41],[12.65,-1.84],[13.01,-2.41],[13.67,-2.16],[13.96,-2.54],[14.32,-1.9],[14.39,-0.61],[13.81,0.03],[14.32,0.99],[14.03,1.38],[13.16,1.25],[13.25,2.15],[15.93,1.7],[16.47,3.37],[17.2,3.63],[18.51,3.56],[17.66,-0.42],[16.14,-2.09]]]}},{"type":"Feature","properties":{"n":"Gabon","f":1961,"t":2023,"w":"Q1000"},"geometry":{"type":"Polygon","coordinates":[[[14.03,1.38],[14.32,0.99],[13.81,0.03],[14.39,-0.61],[14.32,-1.9],[13.96,-2.54],[13.67,-2.16],[13.01,-2.41],[12.65,-1.84],[12.21,-2.41],[11.48,-2.35],[11.85,-3.64],[10.91,-3.96],[9.37,-2.35],[8.64,-0.94],[9.15,-0.42],[9.14,0.29],[9.57,0.16],[9.22,0.67],[9.44,0.99],[11.19,1.06],[11.36,2.28],[13.25,2.15],[13.09,1.44],[14.03,1.38]]]}},{"type":"Feature","properties":{"n":"Republic of Syria","f":1961,"t":1962,"w":"Q858"},"geometry":{"type":"Polygon","coordinates":[[[36.83,32.3],[35.57,32.81],[36.63,34.16],[36.06,34.61],[35.84,35.58],[36.68,36.8],[39.54,36.67],[42.26,37.25],[42.11,36.74],[41.29,36.42],[41.04,34.42],[36.83,32.3]]]}},{"type":"Feature","properties":{"n":"Tanzania","f":1961,"t":1962,"w":"Q924"},"geometry":{"type":"Polygon","coordinates":[[[32.09,-2.41],[33.76,-2.35],[33.25,-1.96],[34.04,-1.06],[37.63,-3.12],[37.56,-3.57],[39.11,-4.73],[38.77,-6.34],[39.43,-6.85],[39.25,-8.59],[39.72,-10.0],[40.32,-10.51],[38.51,-11.41],[37.85,-11.29],[37.28,-11.8],[34.93,-11.61],[34.15,-9.49],[32.91,-9.49],[31.14,-8.65],[30.39,-6.66],[29.72,-6.34],[29.56,-4.86],[29.56,-4.41],[30.71,-3.19],[30.34,-2.67],[30.77,-1.71],[30.33,-1.13],[31.64,-1.0],[31.51,-2.41],[31.95,-2.74],[32.09,-2.41]],[[32.89,-2.74],[32.6,-2.74],[32.82,-2.99],[32.89,-2.74]]]}},{"type":"Feature","properties":{"n":"Belgian Congo","f":1961,"t":1962,"w":"Q213510"},"geometry":{"type":"Polygon","coordinates":[[[30.71,-3.19],[29.56,-4.41],[28.81,-2.67],[29.17,-1.58],[30.33,-1.13],[30.77,-1.71],[30.42,-2.86],[30.71,-3.19]]]}},{"type":"Feature","properties":{"n":"State of Kuwait","f":1961,"t":1972,"w":"Q817"},"geometry":{"type":"Polygon","coordinates":[[[48.32,28.83],[46.69,29.15],[47.24,30.05],[48.37,29.92],[48.4,29.6],[47.87,29.54],[48.32,28.83]]]}},{"type":"Feature","properties":{"n":"(British Empire)","f":1961,"t":1962,"w":"Q8680"},"geometry":{"type":"MultiPolygon","coordinates":[[[[-61.23,-51.99],[-61.12,-51.79],[-60.81,-51.86],[-61.23,-51.99]]],[[[-59.22,-51.39],[-60.6,-52.26],[-60.91,-52.19],[-60.37,-51.65],[-60.57,-51.39],[-59.22,-51.39]]],[[[-61.0,10.06],[-61.73,10.06],[-61.55,10.83],[-60.89,10.83],[-61.0,10.06]]],[[[-60.7,11.34],[-60.56,11.34],[-60.62,11.09],[-60.7,11.34]]],[[[-61.57,12.24],[-61.55,11.99],[-61.78,12.05],[-61.57,12.24]]],[[[-59.57,13.01],[-59.67,13.34],[-59.52,13.34],[-59.57,13.01]]],[[[-61.28,13.34],[-61.07,13.4],[-61.05,13.14],[-61.28,13.34]]],[[[-60.94,13.66],[-61.04,14.04],[-60.82,14.04],[-60.94,13.66]]],[[[-61.26,15.65],[-61.15,15.2],[-61.37,15.2],[-61.26,15.65]]],[[[-61.64,17.19],[-61.62,16.94],[-61.76,16.94],[-61.64,17.19]]],[[[-89.05,17.96],[-88.08,18.35],[-88.14,16.81],[-88.82,15.91],[-89.11,15.91],[-89.05,17.96]]],[[[-64.67,17.84],[-64.58,17.71],[-64.87,17.64],[-64.67,17.84]]],[[[-78.39,18.29],[-77.01,18.48],[-76.12,17.9],[-77.74,17.84],[-78.39,18.29]]],[[[-73.66,20.92],[-73.69,21.11],[-72.97,21.24],[-73.66,20.92]]],[[[-72.22,21.69],[-72.32,21.89],[-72.1,21.89],[-72.22,21.69]]],[[[-72.93,22.46],[-72.69,22.34],[-72.82,22.27],[-72.93,22.46]]],[[[-73.67,22.46],[-74.15,22.21],[-73.94,22.72],[-73.67,22.46]]],[[[-75.12,23.11],[-75.17,23.43],[-75.02,23.43],[-74.71,22.91],[-75.12,23.11]]],[[[-77.76,23.75],[-77.86,24.26],[-77.48,24.26],[-77.76,23.75]]],[[[-74.51,23.94],[-74.55,24.14],[-74.32,24.14],[-74.51,23.94]]],[[[-75.49,24.39],[-75.59,24.52],[-75.24,24.26],[-75.43,24.07],[-75.49,24.39]]],[[[-78.39,24.71],[-78.19,25.23],[-77.62,24.59],[-78.09,24.33],[-78.39,24.71]]],[[[-76.26,24.91],[-76.05,24.97],[-76.09,24.78],[-76.26,24.91]]],[[[-76.35,25.36],[-76.33,25.29],[-76.48,25.29],[-76.35,25.36]]],[[[-77.29,25.94],[-77.19,26.52],[-77.67,26.97],[-76.94,26.39],[-77.29,25.94]]],[[[-77.98,26.71],[-77.97,26.64],[-78.68,26.45],[-78.6,26.77],[-77.98,26.71]]],[[[-64.65,32.36],[-64.67,32.17],[-64.86,32.3],[-64.65,32.36]]],[[[-37.96,-54.01],[-36.62,-54.15],[-35.74,-54.82],[-36.16,-55.03],[-37.96,-54.01]]],[[[-59.02,-51.32],[-57.81,-51.45],[-58.66,-52.12],[-59.83,-52.26],[-59.02,-51.32]]],[[[26.89,-29.67],[28.2,-28.64],[29.29,-29.22],[28.96,-30.06],[27.93,-30.7],[26.89,-29.67]]],[[[31.82,-27.29],[30.99,-27.23],[30.72,-26.39],[31.06,-25.82],[31.74,-25.94],[31.82,-27.29]]],[[[33.84,-12.12],[34.17,-13.54],[34.49,-14.31],[35.23,-14.44],[35.14,-13.92],[35.83,-14.76],[35.79,-15.85],[35.08,-16.43],[35.18,-17.14],[34.26,-16.17],[34.52,-15.21],[34.27,-14.44],[33.47,-14.56],[32.94,-14.05],[30.1,-15.01],[30.35,-15.98],[32.88,-16.81],[32.92,-19.96],[32.31,-21.38],[31.15,-22.47],[29.14,-22.15],[28.26,-22.6],[25.79,-24.79],[25.44,-25.69],[24.47,-25.88],[22.96,-25.3],[21.65,-26.84],[20.52,-26.84],[20.73,-25.94],[19.88,-24.85],[19.91,-22.02],[20.95,-21.89],[20.89,-18.36],[23.1,-18.04],[23.63,-18.49],[25.02,-17.78],[23.24,-17.65],[22.12,-16.69],[21.91,-13.02],[23.82,-12.96],[24.01,-10.9],[24.39,-11.48],[25.19,-11.29],[25.34,-11.74],[26.15,-11.99],[27.1,-11.67],[28.89,-13.41],[29.7,-13.41],[29.74,-12.25],[29.02,-12.44],[28.34,-11.8],[28.6,-9.68],[28.3,-9.23],[28.95,-8.46],[30.33,-8.26],[30.71,-8.78],[33.79,-9.68],[34.1,-10.39],[33.84,-12.12]]],[[[35.14,-13.79],[35.14,-13.86],[35.06,-13.86],[35.14,-13.79]]],[[[34.99,-13.66],[34.99,-13.73],[34.91,-13.73],[34.99,-13.66]]],[[[34.84,-13.6],[34.91,-13.6],[34.91,-13.66],[34.84,-13.6]]],[[[39.82,-7.88],[39.53,-8.01],[39.52,-7.81],[39.82,-7.88]]],[[[39.49,-6.14],[39.43,-6.53],[39.06,-6.21],[39.12,-5.76],[39.49,-6.14]]],[[[39.77,-4.99],[39.7,-5.44],[39.55,-5.44],[39.77,-4.99]]],[[[40.17,-2.67],[39.11,-4.73],[37.56,-3.57],[37.34,-2.86],[34.04,-1.06],[34.04,-0.61],[34.77,-0.16],[34.11,-0.23],[33.38,0.48],[31.78,-0.04],[31.64,-1.0],[29.9,-1.45],[29.46,-0.87],[29.89,0.86],[31.23,2.09],[30.72,2.41],[30.82,3.56],[33.52,3.76],[35.6,5.36],[36.01,4.46],[37.1,4.34],[38.18,3.56],[39.49,3.44],[40.6,4.27],[41.76,3.95],[40.93,2.86],[40.88,-0.87],[41.47,-1.71],[40.17,-2.67]]],[[[-57.33,5.04],[-57.91,4.91],[-58.11,3.89],[-57.3,3.24],[-56.72,1.89],[-57.44,1.96],[-58.9,1.19],[-59.77,1.76],[-60.0,3.24],[-59.57,3.95],[-60.16,4.53],[-60.1,5.17],[-61.27,5.69],[-61.15,6.59],[-60.36,6.97],[-60.67,7.61],[-59.76,8.45],[-57.12,5.94],[-57.33,5.04]]],[[[-16.82,13.08],[-16.83,13.4],[-15.23,13.79],[-13.75,13.46],[-16.82,13.08]]],[[[14.57,35.77],[14.34,35.84],[14.34,36.03],[14.57,35.77]]],[[[-5.3,36.35],[-5.36,36.16],[-5.52,36.16],[-5.3,36.35]]],[[[13.18,52.59],[13.27,52.65],[13.44,52.59],[13.18,52.59]]],[[[-4.38,54.41],[-4.36,54.21],[-4.86,54.07],[-4.38,54.41]]],[[[-3.26,56.05],[-1.73,55.7],[-1.29,54.68],[-0.2,54.21],[0.3,53.39],[0.17,52.86],[1.62,52.86],[1.59,52.12],[0.52,51.51],[1.38,51.38],[1.31,51.11],[0.49,50.78],[-1.37,50.85],[-1.18,50.58],[-3.13,50.71],[-3.58,50.25],[-5.75,50.05],[-4.2,51.31],[-3.09,51.25],[-2.95,51.45],[-5.08,51.58],[-5.3,51.98],[-4.16,52.45],[-4.3,52.92],[-4.79,52.79],[-4.49,53.12],[-4.7,53.46],[-3.32,53.39],[-2.97,54.14],[-3.59,54.27],[-3.57,54.89],[-5.21,54.75],[-4.77,55.43],[-5.0,55.84],[-5.44,55.91],[-5.12,55.43],[-5.57,55.57],[-5.63,55.29],[-5.89,55.29],[-5.8,55.98],[-6.63,55.63],[-5.66,56.18],[-6.29,56.32],[-5.95,57.01],[-6.82,57.49],[-6.32,57.77],[-5.7,57.14],[-5.89,57.83],[-5.2,58.67],[-3.14,58.74],[-3.43,58.18],[-4.12,57.97],[-3.99,57.7],[-1.85,57.7],[-3.26,56.05]]],[[[-8.13,54.55],[-7.01,55.23],[-6.15,55.29],[-5.42,54.41],[-5.9,54.07],[-7.07,54.41],[-7.38,54.14],[-8.13,54.55]]],[[[-7.47,57.08],[-7.6,57.35],[-7.25,57.42],[-7.47,57.08]]],[[[-7.56,57.7],[-7.12,57.7],[-7.11,57.63],[-7.56,57.7]]],[[[-7.13,57.77],[-7.28,58.18],[-6.26,58.53],[-6.52,57.9],[-7.13,57.77]]],[[[-2.81,59.02],[-2.79,58.88],[-3.42,58.81],[-3.2,59.22],[-2.81,59.02]]],[[[-2.83,59.16],[-2.84,59.29],[-2.58,59.36],[-2.83,59.16]]],[[[-1.2,60.07],[-1.67,60.21],[-1.63,60.63],[-0.83,60.84],[-1.2,60.07]]],[[[57.57,-20.54],[57.19,-20.54],[57.45,-19.96],[57.57,-20.54]]],[[[178.21,-18.94],[178.25,-19.06],[177.97,-19.13],[178.21,-18.94]]],[[[178.65,-18.1],[177.19,-18.16],[177.36,-17.46],[178.07,-17.33],[178.65,-18.1]]],[[[179.83,-16.17],[179.83,-16.75],[178.39,-16.88],[179.83,-16.17]]],[[[160.46,-11.86],[160.07,-11.67],[160.19,-11.54],[160.46,-11.86]]],[[[166.07,-10.64],[166.08,-10.77],[165.66,-10.9],[166.07,-10.64]]],[[[162.3,-10.9],[161.7,-10.84],[161.11,-10.19],[162.3,-10.9]]],[[[160.5,-10.0],[159.42,-9.61],[159.45,-9.23],[160.51,-9.49],[160.5,-10.0]]],[[[161.49,-9.81],[160.61,-9.1],[160.44,-8.26],[161.49,-9.81]]],[[[157.31,-8.39],[157.27,-8.65],[157.12,-8.65],[157.31,-8.39]]],[[[156.82,-7.81],[157.49,-8.01],[157.95,-8.84],[157.38,-8.33],[156.82,-7.81]]],[[[159.74,-8.52],[158.33,-7.56],[158.62,-7.56],[159.74,-8.52]]],[[[156.57,-7.56],[156.68,-7.94],[156.54,-8.01],[156.57,-7.56]]],[[[155.57,-6.98],[155.72,-6.98],[155.81,-7.17],[155.57,-6.98]]],[[[156.77,-7.3],[156.27,-6.59],[156.79,-6.72],[157.35,-7.3],[156.77,-7.3]]],[[[55.43,-4.6],[55.43,-4.79],[55.21,-4.6],[55.43,-4.6]]],[[[103.85,1.25],[103.56,1.31],[103.56,1.38],[103.85,1.25]]],[[[119.26,5.17],[118.81,4.91],[118.16,4.98],[118.56,4.34],[115.63,4.21],[115.51,3.31],[114.41,1.44],[113.31,1.25],[112.38,1.57],[111.7,0.99],[110.46,0.86],[109.47,1.76],[109.63,2.02],[110.92,1.51],[111.26,2.73],[112.81,3.11],[113.91,4.59],[115.31,4.98],[115.35,5.49],[115.79,5.62],[116.69,7.04],[117.75,6.46],[117.64,5.94],[119.26,5.17]]],[[[117.21,7.16],[116.99,7.1],[117.01,7.36],[117.21,7.16]]],[[[53.48,12.76],[54.5,12.63],[54.19,12.31],[53.53,12.31],[53.48,12.76]]],[[[59.9,22.53],[59.86,22.08],[58.61,20.41],[57.93,20.28],[57.9,18.99],[57.0,18.8],[56.41,17.9],[55.59,17.84],[55.16,17.0],[52.46,16.36],[52.1,15.46],[49.41,14.69],[48.79,14.04],[45.74,13.34],[45.05,12.76],[43.59,12.69],[45.18,13.91],[46.0,14.04],[46.16,14.36],[45.61,15.14],[48.0,18.09],[49.0,18.61],[52.13,18.93],[55.17,20.09],[55.77,22.01],[55.37,22.59],[52.57,22.91],[51.7,24.26],[54.08,24.14],[56.33,26.39],[56.73,24.46],[57.49,23.88],[58.81,23.62],[59.9,22.53]]],[[[59.0,20.66],[58.67,20.21],[58.77,20.54],[59.0,20.66]]],[[[114.53,22.14],[114.0,22.08],[114.0,22.46],[114.32,22.59],[114.53,22.14]]],[[[51.7,25.87],[51.5,24.52],[50.79,24.97],[50.95,25.94],[51.7,25.87]]],[[[50.43,25.94],[50.46,26.26],[50.69,26.26],[50.43,25.94]]]]}},{"type":"Feature","properties":{"n":"Republic of India","f":1961,"t":1962,"w":"Q668"},"geometry":{"type":"MultiPolygon","coordinates":[[[[93.51,7.23],[93.74,7.42],[93.92,6.84],[93.51,7.23]]],[[[93.49,8.06],[93.48,7.87],[93.26,7.87],[93.49,8.06]]],[[[92.29,10.57],[92.39,10.89],[92.61,10.89],[92.29,10.57]]],[[[92.85,13.53],[93.08,13.59],[93.04,12.44],[92.52,11.6],[92.85,13.53]]],[[[78.46,32.3],[78.77,31.34],[81.01,30.18],[80.1,28.77],[83.08,27.42],[84.43,27.42],[85.27,26.71],[87.99,26.39],[88.14,27.87],[88.48,28.06],[88.95,27.8],[88.8,27.09],[89.13,26.84],[91.82,26.77],[92.09,27.35],[91.72,27.74],[92.58,27.87],[94.58,29.28],[95.44,29.09],[96.2,29.41],[96.62,28.96],[96.4,28.38],[97.42,28.25],[97.0,27.74],[97.16,27.16],[96.21,27.29],[95.16,26.58],[94.13,23.88],[93.4,24.01],[93.02,22.01],[92.59,22.14],[92.23,23.69],[91.75,22.98],[91.22,23.43],[92.45,24.97],[90.1,25.23],[89.82,26.13],[89.34,26.0],[88.4,26.58],[88.18,25.81],[88.99,25.29],[88.11,24.52],[88.81,24.2],[89.11,21.69],[88.73,21.63],[88.64,22.08],[88.35,21.56],[88.1,21.95],[87.07,21.44],[87.03,20.6],[86.42,19.89],[85.37,19.83],[84.38,18.41],[82.45,17.13],[82.38,16.55],[80.38,15.71],[80.09,15.07],[80.43,13.27],[79.88,11.99],[79.9,10.25],[79.32,10.25],[78.96,9.22],[77.28,8.06],[76.32,9.16],[76.36,9.8],[73.42,16.04],[72.53,22.27],[72.11,21.89],[72.18,21.18],[70.72,20.66],[68.95,22.21],[70.43,22.85],[69.23,22.79],[68.13,23.56],[68.8,24.26],[71.05,24.33],[70.7,25.62],[70.19,25.74],[70.22,26.45],[69.51,26.77],[69.56,27.09],[70.39,28.06],[70.72,27.74],[71.89,27.99],[74.57,30.95],[74.63,31.91],[75.3,32.17],[74.08,33.14],[74.28,33.97],[73.9,34.61],[75.64,34.49],[78.06,35.45],[78.17,34.74],[79.07,34.36],[78.46,32.3]],[[75.52,32.11],[75.5,32.04],[75.58,32.04],[75.52,32.11]]],[[[63.84,29.54],[63.83,29.47],[63.75,29.47],[63.84,29.54]]],[[[66.34,29.99],[66.33,29.92],[66.25,29.92],[66.34,29.99]]]]}},{"type":"Feature","properties":{"n":"Sierra Leone","f":1961,"t":2023,"w":"Q1044"},"geometry":{"type":"Polygon","coordinates":[[[-13.32,9.03],[-12.45,9.86],[-11.28,9.99],[-10.69,9.41],[-10.69,8.32],[-10.25,8.45],[-11.63,6.97],[-12.95,7.49],[-12.73,7.74],[-13.32,9.03]]]}},{"type":"Feature","properties":{"n":"British East Africa","f":1961,"t":1968,"w":"Q876185"},"geometry":{"type":"MultiPolygon","coordinates":[[[[27.23,-30.38],[26.89,-29.67],[27.53,-28.97],[28.57,-28.64],[29.3,-29.48],[27.93,-30.7],[27.23,-30.38]]],[[[31.06,-25.82],[31.74,-25.94],[31.82,-27.29],[30.99,-27.23],[30.72,-26.39],[31.06,-25.82]]],[[[34.17,-13.54],[34.49,-14.31],[35.23,-14.44],[35.14,-13.92],[35.83,-14.76],[35.79,-15.85],[35.08,-16.43],[35.18,-17.14],[34.26,-16.17],[34.52,-15.21],[34.27,-14.44],[33.47,-14.56],[32.94,-14.05],[30.1,-15.01],[30.35,-15.98],[32.88,-16.81],[32.92,-19.96],[32.31,-21.38],[31.15,-22.47],[29.14,-22.15],[28.26,-22.6],[25.79,-24.79],[25.44,-25.69],[24.47,-25.88],[22.96,-25.3],[21.65,-26.84],[20.52,-26.84],[20.73,-25.94],[19.88,-24.85],[19.91,-22.02],[20.95,-21.89],[20.89,-18.36],[23.1,-18.04],[23.63,-18.49],[25.02,-17.78],[23.24,-17.65],[22.12,-16.69],[21.91,-13.02],[23.82,-12.96],[24.01,-10.9],[24.39,-11.48],[25.19,-11.29],[25.34,-11.74],[26.15,-11.99],[27.1,-11.67],[28.89,-13.41],[29.7,-13.41],[29.74,-12.25],[29.02,-12.44],[28.34,-11.8],[28.6,-9.68],[28.3,-9.23],[28.95,-8.46],[30.33,-8.26],[30.71,-8.78],[31.14,-8.65],[33.79,-9.74],[34.17,-13.54]]],[[[35.14,-13.86],[35.06,-13.86],[35.06,-13.79],[35.14,-13.86]]],[[[34.99,-13.73],[34.91,-13.73],[34.91,-13.66],[34.99,-13.73]]],[[[34.91,-13.66],[34.84,-13.66],[34.84,-13.6],[34.91,-13.66]]],[[[-16.82,13.08],[-16.54,13.59],[-15.23,13.79],[-13.75,13.46],[-16.82,13.08]]],[[[39.52,-7.81],[39.81,-7.69],[39.82,-7.88],[39.52,-7.81]]],[[[39.06,-6.21],[39.12,-5.76],[39.49,-6.14],[39.43,-6.53],[39.06,-6.21]]],[[[39.55,-5.44],[39.55,-4.92],[39.77,-4.99],[39.55,-5.44]]],[[[55.43,-4.79],[55.21,-4.6],[55.43,-4.6],[55.43,-4.79]]],[[[41.4,-1.9],[40.17,-2.67],[39.18,-4.73],[37.56,-3.57],[37.34,-2.86],[34.04,-1.06],[34.04,-0.61],[34.77,-0.16],[34.11,-0.23],[33.38,0.48],[31.78,-0.04],[31.64,-1.0],[29.9,-1.45],[29.46,-0.87],[29.89,0.86],[31.23,2.09],[30.72,2.41],[30.82,3.56],[33.52,3.76],[35.31,5.36],[35.81,5.17],[36.01,4.46],[37.1,4.34],[38.18,3.56],[39.49,3.44],[40.6,4.27],[41.76,3.95],[40.93,2.86],[40.88,-0.87],[41.4,-1.9]]],[[[54.19,12.31],[53.32,12.5],[53.48,12.76],[54.5,12.63],[54.19,12.31]]]]}},{"type":"Feature","properties":{"n":"Republic of Sudan","f":1961,"t":1962,"w":"Q1049"},"geometry":{"type":"Polygon","coordinates":[[[37.37,21.24],[37.41,18.99],[38.69,17.96],[37.01,16.81],[36.26,12.89],[35.21,11.99],[34.95,10.76],[34.36,10.64],[34.08,8.51],[33.04,8.13],[34.76,6.59],[35.31,5.36],[33.52,3.76],[32.21,3.56],[30.6,3.56],[29.53,4.66],[28.22,4.34],[26.5,6.01],[26.08,6.91],[25.22,7.42],[25.23,7.81],[23.57,8.77],[23.73,9.74],[22.6,11.54],[22.47,12.63],[21.89,12.69],[23.05,15.59],[24.09,15.84],[24.04,19.57],[24.12,19.96],[25.09,20.09],[25.06,21.95],[36.96,21.95],[37.37,21.24]]]}},{"type":"Feature","properties":{"n":"Mali Federation","f":1961,"t":2023,"w":"Q216632"},"geometry":{"type":"Polygon","coordinates":[[[-2.02,14.17],[-2.61,14.24],[-3.33,13.21],[-3.99,13.46],[-4.5,12.18],[-5.3,11.86],[-5.51,10.44],[-6.09,10.19],[-6.31,10.7],[-6.97,10.19],[-7.92,10.25],[-9.11,12.5],[-9.69,12.05],[-11.38,12.05],[-11.32,12.95],[-11.99,13.53],[-12.16,14.36],[-11.52,15.59],[-10.93,15.14],[-9.39,15.59],[-5.42,15.59],[-6.49,24.97],[-4.78,25.04],[1.06,21.24],[1.89,20.28],[3.16,19.89],[3.24,19.06],[4.35,19.12],[4.0,15.78],[3.41,15.33],[-0.78,15.07],[-2.02,14.17]]]}},{"type":"Feature","properties":{"n":"Ghana","f":1961,"t":2023,"w":"Q117"},"geometry":{"type":"Polygon","coordinates":[[[-1.87,4.72],[-2.96,4.98],[-2.74,5.49],[-3.24,6.84],[-2.51,8.19],[-2.8,10.96],[0.05,11.02],[0.7,8.39],[0.55,6.71],[1.13,6.01],[-1.87,4.72]]]}},{"type":"Feature","properties":{"n":"Central African Republic","f":1961,"t":2013,"w":"Q929"},"geometry":{"type":"Polygon","coordinates":[[[25.39,5.3],[23.34,4.59],[22.76,4.79],[22.31,4.08],[20.57,4.4],[19.27,5.11],[18.53,4.34],[18.51,3.56],[16.62,3.5],[16.09,2.28],[16.03,2.92],[15.45,3.24],[14.67,4.66],[14.4,6.14],[15.51,7.49],[18.59,8.06],[18.97,8.96],[20.65,9.29],[21.92,10.76],[22.88,10.96],[23.73,9.74],[23.57,8.77],[25.23,7.81],[26.5,6.01],[27.22,5.62],[26.85,5.04],[25.39,5.3]]]}},{"type":"Feature","properties":{"n":"Republic of Côte d'Ivoire","f":1961,"t":2023,"w":"Q1008"},"geometry":{"type":"Polygon","coordinates":[[[-5.29,5.17],[-7.56,4.34],[-7.4,5.62],[-8.57,6.46],[-8.2,8.45],[-7.69,8.45],[-8.14,10.06],[-7.7,10.38],[-6.97,10.19],[-6.31,10.7],[-6.09,10.19],[-5.51,10.44],[-4.48,9.61],[-3.17,9.86],[-2.73,9.48],[-2.51,8.19],[-3.24,6.84],[-2.74,5.49],[-3.03,4.98],[-5.29,5.17]]]}},{"type":"Feature","properties":{"n":"Republic of Senegal","f":1961,"t":2023,"w":"Q1041"},"geometry":{"type":"Polygon","coordinates":[[[-11.99,13.53],[-11.32,12.95],[-11.46,12.37],[-15.35,12.63],[-16.73,12.31],[-16.75,13.08],[-13.75,13.46],[-16.77,13.79],[-17.46,14.81],[-16.19,16.49],[-14.28,16.61],[-12.09,14.69],[-11.99,13.53]]]}},{"type":"Feature","properties":{"n":"Republic of Chad","f":1961,"t":2023,"w":"Q657"},"geometry":{"type":"Polygon","coordinates":[[[13.62,13.72],[13.55,14.49],[15.57,16.94],[15.98,20.47],[15.32,21.44],[15.03,22.91],[16.15,23.43],[24.04,19.57],[24.09,15.84],[23.05,15.59],[21.89,13.01],[21.89,12.69],[22.47,12.63],[22.88,10.96],[21.92,10.76],[20.65,9.29],[18.97,8.96],[18.59,8.06],[15.51,7.49],[15.24,8.45],[14.08,9.48],[14.31,9.99],[15.55,9.99],[15.05,10.83],[15.13,11.73],[13.62,13.72]],[[15.21,11.73],[15.21,11.76],[15.13,11.73],[15.21,11.73]]]}},{"type":"Feature","properties":{"n":"Federation of Malaya","f":1961,"t":1962,"w":"Q1479726"},"geometry":{"type":"MultiPolygon","coordinates":[[[[103.98,2.73],[104.06,2.92],[104.21,2.86],[103.98,2.73]]],[[[102.13,6.26],[103.17,5.36],[103.4,2.86],[104.22,1.38],[103.27,1.31],[101.22,2.79],[100.48,4.21],[100.03,6.52],[100.68,6.46],[101.07,5.62],[102.13,6.26]]],[[[99.88,6.52],[99.87,6.26],[99.58,6.39],[99.88,6.52]]]]}},{"type":"Feature","properties":{"n":"Francoist Spain","f":1961,"t":1972,"w":"Q13474305"},"geometry":{"type":"MultiPolygon","coordinates":[[[[-11.93,26.0],[-11.88,23.56],[-13.05,22.91],[-13.05,21.31],[-16.99,21.37],[-15.86,23.94],[-14.93,24.71],[-14.5,26.19],[-13.49,26.9],[-13.17,27.74],[-8.72,27.67],[-8.57,26.13],[-11.93,26.0]]],[[[-18.0,27.87],[-17.85,27.87],[-17.9,27.61],[-18.0,27.87]]],[[[-15.3,28.12],[-15.36,27.8],[-15.73,27.74],[-15.76,28.19],[-15.3,28.12]]],[[[-17.25,27.99],[-17.35,28.19],[-17.12,28.25],[-17.25,27.99]]],[[[-16.65,27.93],[-16.91,28.38],[-16.09,28.57],[-16.65,27.93]]],[[[-14.07,28.7],[-13.77,28.77],[-13.81,28.25],[-14.32,28.06],[-14.07,28.7]]],[[[-18.0,28.83],[-17.71,28.89],[-17.67,28.51],[-18.0,28.83]]],[[[-13.85,28.83],[-13.86,29.02],[-13.42,29.22],[-13.85,28.83]]],[[[9.23,1.38],[9.68,2.21],[11.21,2.15],[11.19,1.06],[9.44,1.06],[9.23,1.38]]],[[[8.54,3.76],[8.83,3.82],[8.68,3.18],[8.31,3.44],[8.54,3.76]]],[[[-9.4,30.24],[-9.39,29.99],[-9.83,29.86],[-9.4,30.24]]],[[[1.18,39.06],[1.65,39.13],[1.66,39.0],[1.18,39.06]]],[[[3.3,39.32],[2.35,39.45],[2.88,39.97],[3.52,39.77],[3.3,39.32]]],[[[-1.69,43.34],[1.58,42.43],[3.09,42.5],[3.12,41.91],[0.7,40.94],[-0.2,39.97],[-0.31,39.13],[0.1,38.74],[-0.66,38.29],[-0.7,37.64],[-1.71,37.45],[-2.06,36.8],[-4.47,36.74],[-5.66,36.03],[-6.43,37.0],[-7.39,37.25],[-7.5,37.71],[-6.99,38.09],[-7.27,38.67],[-6.99,39.0],[-7.44,39.64],[-6.9,39.77],[-6.93,41.0],[-6.27,41.65],[-6.7,41.98],[-8.93,41.91],[-8.66,42.37],[-9.3,43.15],[-8.24,43.73],[-1.69,43.34]],[[-3.25,38.42],[-3.18,38.42],[-3.18,38.48],[-3.25,38.42]]],[[[4.22,40.1],[4.3,39.84],[3.83,39.9],[4.22,40.1]]],[[[0.71,40.74],[0.7,40.81],[0.86,40.81],[0.71,40.74]]]]}},{"type":"Feature","properties":{"n":"Republic of Cyprus","f":1961,"t":1975,"w":"Q229"},"geometry":{"type":"Polygon","coordinates":[[[34.09,35.0],[33.04,34.55],[32.23,34.94],[32.89,35.39],[34.31,35.71],[34.09,35.0]]]}},{"type":"Feature","properties":{"n":"Republic of Cameroon","f":1961,"t":2023,"w":"Q1009"},"geometry":{"type":"Polygon","coordinates":[[[15.93,1.7],[14.56,2.15],[9.68,2.21],[9.63,3.95],[9.05,3.95],[8.55,4.59],[8.86,5.88],[9.89,6.91],[10.69,7.04],[11.42,6.46],[13.81,11.15],[14.62,11.47],[14.7,12.18],[14.19,12.44],[14.12,13.08],[14.92,12.5],[15.05,10.83],[15.55,9.99],[14.08,9.8],[15.52,7.74],[14.4,6.14],[14.53,5.17],[15.09,3.76],[16.03,2.92],[15.93,1.7]]]}},{"type":"Feature","properties":{"n":"Republic of Benin","f":1961,"t":1968,"w":"Q962"},"geometry":{"type":"Polygon","coordinates":[[[1.79,6.2],[1.57,6.65],[1.66,8.96],[0.85,10.31],[0.93,10.96],[2.1,11.47],[2.9,12.37],[3.64,11.79],[3.85,10.51],[2.75,8.96],[2.74,6.33],[1.79,6.2]]]}},{"type":"Feature","properties":{"n":"Federal Republic of Nigeria","f":1961,"t":1968,"w":"Q1033"},"geometry":{"type":"Polygon","coordinates":[[[5.78,4.34],[4.56,6.26],[2.74,6.33],[2.75,8.96],[3.85,10.51],[3.71,12.5],[4.22,13.46],[5.84,13.85],[6.94,13.01],[8.11,13.34],[9.43,12.76],[10.75,13.4],[12.44,13.08],[13.62,13.72],[14.19,12.44],[14.7,12.18],[14.62,11.47],[13.81,11.15],[11.42,6.46],[10.69,7.04],[9.89,6.91],[8.86,5.88],[8.55,4.66],[5.78,4.34]]]}},{"type":"Feature","properties":{"n":"Mauritania","f":1961,"t":1975,"w":"Q1025"},"geometry":{"type":"Polygon","coordinates":[[[-6.49,24.97],[-5.28,16.29],[-5.56,15.46],[-9.39,15.59],[-10.93,15.14],[-11.52,15.59],[-12.09,14.69],[-14.28,16.61],[-16.19,16.49],[-16.54,16.1],[-16.01,17.64],[-16.14,18.93],[-16.52,19.31],[-16.2,20.28],[-17.06,21.31],[-12.91,21.44],[-13.05,22.91],[-11.88,23.56],[-11.93,26.0],[-8.71,26.0],[-8.62,27.22],[-5.08,25.23],[-6.49,24.97]]]}},{"type":"Feature","properties":{"n":"French Fifth Republic","f":1961,"t":2023,"w":"Q200686"},"geometry":{"type":"MultiPolygon","coordinates":[[[[-52.86,2.28],[-54.61,2.34],[-54.1,3.37],[-54.48,4.98],[-54.06,5.75],[-52.89,5.49],[-51.7,4.21],[-52.86,2.28]]],[[[42.33,12.44],[43.22,12.69],[43.5,12.31],[42.73,11.6],[43.25,11.6],[42.86,11.02],[41.9,10.89],[41.86,11.73],[42.33,12.44]]],[[[-60.78,14.43],[-61.08,14.49],[-61.19,14.88],[-60.78,14.43]]],[[[-61.77,16.29],[-61.35,16.49],[-61.17,16.23],[-61.74,15.97],[-61.77,16.29]]],[[[8.46,35.19],[7.55,33.71],[9.17,31.98],[9.41,29.99],[9.87,29.34],[9.95,26.71],[9.43,26.07],[10.26,24.59],[11.38,24.39],[12.05,23.49],[7.74,20.99],[6.05,19.51],[3.24,19.06],[3.16,19.89],[1.89,20.28],[1.06,21.24],[-8.62,27.22],[-8.63,28.7],[-8.27,29.02],[-5.37,29.99],[-3.67,30.95],[-3.78,31.59],[-2.67,32.17],[-1.21,32.11],[-1.0,32.56],[-1.39,32.75],[-1.72,34.68],[-2.12,35.07],[-1.36,35.26],[-1.22,35.64],[0.08,35.84],[1.22,36.55],[4.24,36.93],[5.56,36.67],[6.33,37.06],[8.59,36.93],[8.21,36.48],[8.46,35.19]]],[[[9.58,41.98],[9.1,41.33],[8.62,41.72],[8.53,42.5],[9.25,43.02],[9.58,41.98]]],[[[8.11,48.99],[7.56,47.6],[6.98,47.53],[6.03,46.48],[6.03,46.22],[6.85,46.28],[7.12,45.3],[6.64,44.97],[6.98,44.25],[7.63,44.19],[7.55,43.8],[6.28,43.15],[3.85,43.6],[2.98,43.15],[3.09,42.5],[2.46,42.37],[-1.43,43.08],[-1.69,43.41],[-1.03,45.5],[-1.25,46.28],[-2.01,46.61],[-2.58,47.47],[-4.42,47.8],[-4.89,48.32],[-4.6,48.72],[-3.46,48.92],[-1.6,48.65],[-2.03,49.78],[0.01,49.38],[0.22,49.85],[1.45,50.25],[1.66,51.05],[2.41,51.18],[2.6,50.78],[8.11,48.99]]],[[[-56.44,46.94],[-56.49,47.07],[-56.27,47.14],[-56.44,46.94]]],[[[9.87,47.8],[9.95,47.73],[9.87,47.53],[9.46,47.6],[9.87,47.8]]],[[[13.35,52.59],[13.43,52.52],[13.26,52.45],[13.35,52.59]]],[[[70.15,-49.79],[68.82,-49.79],[68.65,-48.99],[68.96,-48.73],[69.6,-49.26],[70.43,-49.06],[70.57,-49.39],[69.82,-49.39],[70.15,-49.79]]],[[[167.62,-21.38],[168.01,-21.44],[168.01,-21.7],[167.62,-21.38]]],[[[165.0,-21.57],[163.89,-20.16],[165.17,-20.8],[166.87,-22.41],[165.0,-21.57]]],[[[55.59,-20.86],[55.77,-21.31],[55.41,-21.44],[55.1,-21.25],[55.59,-20.86]]],[[[167.26,-20.86],[167.33,-21.12],[167.05,-21.19],[167.06,-20.67],[167.26,-20.86]]],[[[45.09,-13.02],[44.94,-13.02],[44.93,-12.7],[45.09,-13.02]]],[[[43.74,-12.44],[43.52,-12.38],[43.52,-12.25],[43.74,-12.44]]],[[[44.33,-12.44],[44.18,-12.19],[44.47,-12.19],[44.33,-12.44]]],[[[43.36,-11.93],[43.06,-11.61],[43.34,-11.35],[43.36,-11.93]]]]}},{"type":"Feature","properties":{"n":"Democratic Republic of the Congo","f":1961,"t":1962,"w":"Q974"},"geometry":{"type":"Polygon","coordinates":[[[31.23,2.09],[29.89,0.86],[29.53,-1.32],[28.81,-2.35],[29.18,-3.12],[29.07,-6.21],[30.41,-8.26],[28.95,-8.46],[28.3,-9.23],[28.6,-9.68],[28.34,-11.8],[29.02,-12.44],[29.74,-12.25],[29.7,-13.41],[28.89,-13.41],[27.1,-11.67],[26.15,-11.99],[25.34,-11.74],[25.19,-11.29],[24.39,-11.48],[24.01,-10.9],[22.11,-11.16],[21.64,-7.3],[19.52,-7.04],[19.16,-8.07],[17.56,-8.14],[16.38,-5.89],[12.08,-5.89],[12.95,-4.66],[13.46,-4.86],[14.33,-4.34],[14.55,-4.92],[15.86,-3.89],[16.14,-2.09],[17.66,-0.42],[17.98,2.09],[18.58,3.18],[18.53,4.34],[19.27,5.11],[20.57,4.4],[22.31,4.08],[22.76,4.79],[23.34,4.59],[25.39,5.3],[27.22,5.24],[28.22,4.34],[29.53,4.66],[30.82,3.56],[30.72,2.41],[31.23,2.09]]]}},{"type":"Feature","properties":{"n":"Burkina Faso","f":1961,"t":2023,"w":"Q965"},"geometry":{"type":"Polygon","coordinates":[[[2.1,11.47],[0.93,10.96],[-2.8,10.96],[-2.73,9.48],[-3.17,9.86],[-4.48,9.61],[-5.51,10.44],[-5.3,11.86],[-4.5,12.18],[-3.99,13.46],[-3.33,13.21],[-2.61,14.24],[-2.02,14.17],[-0.78,15.07],[0.25,14.94],[0.48,13.91],[1.29,13.4],[1.14,12.89],[2.1,12.69],[2.39,11.79],[2.1,11.47]]]}},{"type":"Feature","properties":{"n":"Republic of the Niger","f":1961,"t":2023,"w":"Q1032"},"geometry":{"type":"Polygon","coordinates":[[[15.03,22.91],[15.97,20.21],[15.57,16.94],[14.15,15.52],[13.55,14.49],[13.62,13.72],[12.44,13.08],[10.75,13.4],[9.43,12.76],[8.11,13.34],[6.94,13.01],[6.42,13.66],[5.25,13.85],[4.22,13.46],[3.64,11.79],[2.9,12.37],[2.39,11.99],[2.1,12.69],[1.14,12.89],[1.29,13.4],[0.48,13.91],[0.25,14.94],[3.41,15.33],[4.0,15.78],[4.35,19.12],[6.05,19.51],[7.74,20.99],[12.05,23.49],[13.47,23.24],[14.21,22.66],[15.03,22.91]]]}},{"type":"Feature","properties":{"n":"Republic of Kenya","f":1963,"t":2023,"w":"Q114"},"geometry":{"type":"Polygon","coordinates":[[[40.17,-2.67],[39.11,-4.73],[37.56,-3.57],[37.34,-2.86],[34.04,-1.06],[34.04,-0.61],[34.77,-0.16],[34.11,-0.23],[33.81,0.22],[34.93,1.7],[34.39,3.63],[33.89,4.08],[35.6,5.36],[36.01,4.46],[37.1,4.34],[38.18,3.56],[39.49,3.44],[40.6,4.27],[41.76,3.95],[40.93,2.86],[40.88,-0.87],[41.47,-1.71],[40.17,-2.67]]]}},{"type":"Feature","properties":{"n":"Republic of Rwanda","f":1963,"t":2023,"w":"Q1037"},"geometry":{"type":"Polygon","coordinates":[[[29.47,-2.86],[28.81,-2.67],[29.17,-1.58],[30.33,-1.13],[30.78,-2.22],[29.9,-2.35],[29.47,-2.86]]]}},{"type":"Feature","properties":{"n":"Jamaica","f":1963,"t":2023,"w":"Q766"},"geometry":{"type":"Polygon","coordinates":[[[-78.39,18.29],[-77.01,18.48],[-76.23,18.16],[-77.27,17.71],[-78.39,18.29]]]}},{"type":"Feature","properties":{"n":"Republic of Tunisia","f":1963,"t":1972,"w":"Q948"},"geometry":{"type":"Polygon","coordinates":[[[10.31,37.06],[10.23,36.8],[10.46,36.74],[11.01,37.0],[10.46,36.42],[11.08,35.0],[10.0,34.29],[10.01,33.91],[11.08,33.59],[11.62,32.56],[10.17,31.59],[10.32,30.82],[9.56,30.31],[9.17,31.98],[7.79,33.2],[7.54,34.1],[8.46,35.19],[8.21,36.55],[8.9,37.13],[10.23,37.25],[10.23,37.06],[10.31,37.06]],[[10.15,37.0],[10.23,37.0],[10.23,37.06],[10.15,37.0]],[[8.9,37.0],[8.83,37.0],[8.9,36.93],[8.9,37.0]]]}},{"type":"Feature","properties":{"n":"People's Republic of China","f":1963,"t":1986,"w":"Q148"},"geometry":{"type":"MultiPolygon","coordinates":[[[[108.76,18.41],[108.7,19.38],[109.25,19.96],[110.91,20.15],[111.03,19.57],[110.18,18.48],[108.76,18.41]]],[[[122.28,29.99],[121.98,29.99],[122.05,30.18],[122.28,29.99]]],[[[121.03,38.74],[121.69,39.38],[121.28,39.64],[122.23,40.48],[121.11,40.87],[119.22,39.32],[117.78,39.13],[117.58,38.74],[118.07,38.16],[119.46,37.96],[119.16,37.19],[120.75,37.9],[122.71,37.45],[122.39,36.8],[120.98,36.61],[119.23,34.81],[120.34,34.36],[120.92,32.62],[121.96,31.98],[121.58,31.4],[121.9,30.82],[120.68,30.18],[121.48,30.31],[122.03,29.92],[122.0,29.41],[121.71,29.22],[121.59,29.54],[121.65,28.32],[121.12,28.32],[119.59,26.13],[119.53,25.62],[119.87,25.49],[119.27,25.49],[118.76,24.59],[118.15,24.52],[116.54,22.91],[114.0,22.46],[113.6,22.72],[113.07,21.89],[110.42,21.18],[110.49,20.28],[109.88,20.21],[109.81,21.5],[107.24,21.69],[106.71,22.08],[106.71,22.91],[105.44,23.3],[104.04,22.53],[101.72,22.46],[101.81,21.18],[101.36,21.18],[101.16,21.76],[100.22,21.5],[99.94,22.08],[99.29,22.14],[99.57,22.98],[98.94,23.24],[98.88,24.14],[97.65,23.94],[97.65,24.78],[98.67,25.81],[98.74,27.48],[97.98,28.38],[96.4,28.38],[96.62,28.96],[96.2,29.41],[95.44,29.09],[94.58,29.28],[92.58,27.87],[91.72,27.74],[91.57,28.06],[89.89,28.32],[88.8,27.42],[88.78,28.06],[85.98,27.99],[84.41,28.77],[84.14,29.28],[83.45,29.22],[82.04,30.37],[81.01,30.18],[78.77,31.34],[78.53,32.56],[79.02,32.36],[79.36,33.14],[78.81,33.65],[79.05,34.29],[78.16,34.68],[78.1,35.32],[76.09,35.9],[75.78,36.74],[74.55,37.06],[75.05,37.45],[74.87,38.42],[73.96,38.55],[73.61,39.19],[73.93,39.97],[74.89,40.48],[76.27,40.36],[76.89,41.0],[78.03,41.07],[80.14,42.04],[80.79,43.28],[80.41,44.71],[79.95,44.97],[82.55,45.17],[82.31,45.56],[83.04,47.2],[83.91,46.94],[85.68,47.2],[85.64,48.32],[86.6,48.59],[86.87,49.12],[87.78,49.12],[88.64,48.19],[90.17,47.8],[91.01,46.68],[90.74,45.3],[93.59,44.97],[95.34,44.25],[96.58,42.69],[101.56,42.56],[104.97,41.59],[106.86,42.3],[110.28,42.69],[111.89,43.67],[111.39,44.32],[112.02,45.1],[113.69,44.78],[114.74,45.43],[115.88,45.56],[116.72,46.35],[119.8,46.68],[119.75,47.2],[118.48,47.99],[117.31,47.73],[115.42,47.99],[116.68,49.78],[117.83,49.52],[119.28,50.11],[119.65,51.11],[120.67,52.05],[120.53,52.59],[119.9,52.65],[120.86,53.26],[123.85,53.53],[125.55,53.12],[126.31,52.45],[127.48,49.78],[130.57,48.85],[130.85,47.73],[132.12,47.66],[134.52,48.39],[134.68,47.66],[132.98,45.1],[131.7,45.24],[130.91,44.71],[131.28,43.86],[131.0,42.89],[130.3,42.56],[129.84,42.95],[129.7,42.5],[128.07,41.98],[128.34,41.65],[128.1,41.39],[126.83,41.78],[124.23,39.84],[121.03,38.74]]]]}},{"type":"Feature","properties":{"n":"Republic of Trinidad and Tobago","f":1963,"t":2023,"w":"Q754"},"geometry":{"type":"MultiPolygon","coordinates":[[[[-61.55,10.83],[-60.89,10.83],[-61.0,10.06],[-61.73,10.06],[-61.55,10.83]]],[[[-60.7,11.34],[-60.56,11.34],[-60.62,11.09],[-60.7,11.34]]]]}},{"type":"Feature","properties":{"n":"People's Democratic Republic of Algeria","f":1963,"t":1975,"w":"Q262"},"geometry":{"type":"Polygon","coordinates":[[[12.05,23.49],[7.74,20.99],[6.05,19.51],[3.24,19.06],[3.16,19.89],[1.89,20.28],[1.06,21.24],[-8.62,27.22],[-8.63,28.7],[-3.67,30.95],[-3.78,31.59],[-2.67,32.17],[-1.21,32.11],[-1.0,32.56],[-1.39,32.75],[-1.72,34.68],[-2.12,35.07],[-1.36,35.26],[-1.22,35.64],[0.08,35.84],[0.68,36.42],[3.46,36.87],[8.59,36.93],[8.21,36.55],[8.46,35.19],[7.55,33.71],[9.17,31.98],[9.41,29.99],[9.87,29.34],[9.95,26.71],[9.43,26.07],[10.26,24.59],[11.75,24.07],[12.05,23.49]]]}},{"type":"Feature","properties":{"n":"Brazilian Republic","f":1963,"t":1966,"w":"Q155"},"geometry":{"type":"Polygon","coordinates":[[[-56.06,2.47],[-54.97,2.54],[-54.31,2.09],[-52.86,2.28],[-51.56,4.4],[-50.67,2.02],[-49.95,1.7],[-50.25,0.35],[-48.49,-0.23],[-48.93,-1.51],[-48.27,-0.74],[-47.4,-0.55],[-45.44,-1.64],[-44.93,-1.45],[-44.07,-2.54],[-43.19,-2.35],[-41.6,-2.93],[-39.92,-2.86],[-37.26,-4.86],[-35.37,-5.31],[-34.9,-6.79],[-35.41,-9.36],[-37.24,-11.09],[-38.13,-12.83],[-39.03,-13.28],[-39.28,-17.78],[-41.14,-22.15],[-41.91,-22.41],[-42.12,-22.99],[-44.74,-23.05],[-44.7,-23.37],[-45.48,-23.69],[-45.37,-24.02],[-46.09,-23.82],[-48.69,-25.49],[-48.8,-26.72],[-48.45,-27.42],[-48.88,-28.64],[-49.74,-29.22],[-50.88,-31.21],[-52.23,-32.18],[-53.45,-33.79],[-53.68,-33.46],[-53.28,-32.76],[-54.02,-31.99],[-55.68,-30.89],[-56.11,-31.09],[-56.88,-30.12],[-57.76,-30.32],[-55.82,-28.19],[-53.89,-27.1],[-53.77,-26.39],[-53.96,-25.69],[-54.71,-25.69],[-54.4,-24.02],[-55.57,-23.89],[-55.89,-22.34],[-58.02,-22.09],[-58.18,-19.77],[-57.63,-18.16],[-58.49,-17.26],[-58.46,-16.36],[-60.28,-16.17],[-60.78,-13.66],[-61.8,-13.6],[-65.11,-11.99],[-65.4,-9.81],[-66.64,-9.81],[-68.56,-11.09],[-70.32,-11.09],[-70.67,-10.96],[-70.64,-9.49],[-72.14,-10.06],[-72.54,-9.49],[-73.19,-9.42],[-73.09,-8.97],[-74.04,-7.69],[-73.25,-6.53],[-72.98,-5.24],[-72.01,-4.54],[-70.03,-4.09],[-69.46,-1.13],[-70.1,-0.36],[-70.19,0.41],[-69.24,0.74],[-69.97,1.19],[-69.97,1.7],[-67.85,1.76],[-67.49,2.09],[-66.69,0.86],[-65.67,0.99],[-65.53,0.67],[-63.41,2.28],[-64.07,2.47],[-64.82,4.27],[-62.91,3.56],[-62.7,4.08],[-60.89,4.59],[-60.68,5.17],[-60.1,5.17],[-60.16,4.53],[-59.57,3.95],[-60.07,2.47],[-59.34,1.38],[-58.9,1.19],[-57.44,1.96],[-55.99,1.96],[-56.06,2.47]]]}},{"type":"Feature","properties":{"n":"Islamic Republic of Pakistan","f":1963,"t":1972,"w":"Q843"},"geometry":{"type":"MultiPolygon","coordinates":[[[[91.22,22.4],[91.26,22.21],[91.03,22.14],[91.22,22.4]]],[[[92.33,21.37],[92.18,20.86],[91.5,22.79],[90.94,22.53],[90.78,21.95],[89.12,21.76],[88.63,23.56],[88.81,24.2],[88.11,24.52],[88.99,25.29],[88.18,25.81],[88.4,26.58],[89.34,26.0],[89.82,26.13],[90.1,25.23],[92.45,24.97],[91.22,23.43],[91.75,22.98],[92.08,23.69],[92.36,23.56],[92.69,21.31],[92.33,21.37]]],[[[75.64,34.49],[73.9,34.61],[74.28,33.97],[74.08,33.14],[75.3,32.17],[74.63,31.91],[74.57,30.95],[71.89,27.99],[70.72,27.74],[70.39,28.06],[69.56,27.09],[69.51,26.77],[70.22,26.45],[70.19,25.74],[70.7,25.62],[71.05,24.33],[68.8,24.26],[67.63,23.81],[66.35,25.55],[61.65,25.1],[61.85,26.19],[63.11,26.64],[63.33,27.16],[62.82,27.29],[62.8,28.19],[61.87,28.57],[61.0,29.79],[64.12,29.41],[66.33,29.92],[66.44,30.95],[66.88,31.27],[67.72,31.27],[68.12,31.79],[69.09,31.66],[69.54,33.07],[70.26,33.2],[69.99,34.04],[71.19,34.23],[71.05,34.61],[71.68,35.32],[71.39,36.29],[72.38,36.8],[75.31,37.0],[75.96,36.55],[76.09,35.9],[77.07,35.52],[77.1,35.07],[75.64,34.49]],[[69.83,28.32],[69.76,28.32],[69.75,28.25],[69.83,28.32]]]]}},{"type":"Feature","properties":{"n":"Democratic Republic of the Congo","f":1963,"t":1966,"w":"Q974"},"geometry":{"type":"Polygon","coordinates":[[[29.07,-6.21],[30.41,-8.26],[28.95,-8.46],[28.3,-9.23],[28.6,-9.68],[28.34,-11.8],[29.02,-12.44],[29.74,-12.25],[29.7,-13.41],[28.89,-13.41],[27.1,-11.67],[26.15,-11.99],[25.34,-11.74],[25.19,-11.29],[24.39,-11.48],[24.01,-10.9],[22.11,-11.16],[21.64,-7.3],[19.52,-7.04],[19.16,-8.07],[17.56,-8.14],[16.38,-5.89],[12.08,-5.89],[12.95,-4.66],[13.46,-4.86],[14.33,-4.34],[14.55,-4.92],[15.86,-3.89],[16.14,-2.09],[17.66,-0.42],[17.98,2.09],[18.58,3.18],[18.53,4.34],[19.27,5.11],[20.57,4.4],[22.31,4.08],[22.76,4.79],[23.34,4.59],[25.39,5.3],[27.22,5.24],[28.22,4.34],[29.53,4.66],[30.82,3.56],[30.72,2.41],[31.23,2.09],[29.89,0.86],[29.53,-1.32],[28.81,-2.35],[29.07,-6.21]]]}},{"type":"Feature","properties":{"n":"Ba'athist Syria","f":1963,"t":1966,"w":"Q858"},"geometry":{"type":"Polygon","coordinates":[[[36.83,32.3],[35.57,32.81],[36.63,34.16],[36.06,34.61],[35.84,35.58],[36.68,36.8],[39.54,36.67],[42.26,37.25],[42.11,36.74],[41.29,36.42],[41.04,34.42],[36.83,32.3]]]}},{"type":"Feature","properties":{"n":"British Colonial Empire","f":1963,"t":1968,"w":"Q8680"},"geometry":{"type":"MultiPolygon","coordinates":[[[[-89.05,17.96],[-88.08,18.35],[-88.14,16.81],[-88.82,15.91],[-89.11,15.91],[-89.05,17.96]]],[[[-73.0,20.99],[-73.66,20.92],[-73.49,21.24],[-73.0,20.99]]],[[[-72.22,21.69],[-72.32,21.89],[-72.1,21.89],[-72.22,21.69]]],[[[-72.93,22.46],[-72.69,22.34],[-72.82,22.27],[-72.93,22.46]]],[[[-73.67,22.46],[-74.15,22.21],[-73.94,22.72],[-73.67,22.46]]],[[[-74.74,23.11],[-74.71,22.91],[-75.12,23.11],[-75.17,23.43],[-74.74,23.11]]],[[[-77.76,23.75],[-77.92,24.2],[-77.48,24.26],[-77.4,23.81],[-77.76,23.75]]],[[[-74.51,23.94],[-74.55,24.14],[-74.32,24.14],[-74.51,23.94]]],[[[-75.43,24.07],[-75.59,24.52],[-75.35,24.46],[-75.43,24.07]]],[[[-78.39,24.71],[-78.19,25.23],[-77.62,24.59],[-78.09,24.33],[-78.39,24.71]]],[[[-76.23,24.78],[-76.26,24.91],[-76.05,24.97],[-76.23,24.78]]],[[[-76.48,25.29],[-76.6,25.49],[-76.35,25.36],[-76.48,25.29]]],[[[-77.29,25.94],[-77.19,26.52],[-77.67,26.97],[-76.97,26.52],[-77.29,25.94]]],[[[-78.6,26.77],[-77.97,26.64],[-78.68,26.45],[-78.6,26.77]]],[[[-64.65,32.36],[-64.67,32.17],[-64.86,32.3],[-64.65,32.36]]],[[[-37.96,-54.01],[-36.62,-54.15],[-35.74,-54.82],[-36.16,-55.03],[-37.96,-54.01]]],[[[-61.01,-52.06],[-61.23,-51.99],[-61.12,-51.79],[-60.81,-51.86],[-61.01,-52.06]]],[[[-59.02,-51.32],[-57.81,-51.45],[-58.66,-52.12],[-59.83,-52.26],[-59.02,-51.32]]],[[[-59.22,-51.39],[-60.6,-52.26],[-60.91,-52.19],[-60.37,-51.65],[-60.57,-51.39],[-59.22,-51.39]]],[[[57.7,-20.35],[57.19,-20.54],[57.18,-20.35],[57.45,-19.96],[57.7,-20.35]]],[[[115.17,4.98],[115.28,4.4],[114.94,4.85],[114.46,4.08],[114.06,4.66],[115.17,4.98]]],[[[-57.33,5.04],[-57.91,4.91],[-58.11,3.89],[-57.3,3.24],[-56.72,1.89],[-57.44,1.96],[-58.9,1.19],[-59.77,1.76],[-60.0,3.24],[-59.57,3.95],[-60.16,4.53],[-60.1,5.17],[-61.27,5.69],[-61.15,6.59],[-60.36,6.97],[-60.67,7.61],[-59.76,8.45],[-57.12,5.94],[-57.33,5.04]]],[[[-61.57,12.24],[-61.55,11.99],[-61.78,12.05],[-61.57,12.24]]],[[[-59.36,13.08],[-59.57,13.01],[-59.67,13.34],[-59.36,13.08]]],[[[-61.28,13.34],[-61.07,13.4],[-61.05,13.14],[-61.28,13.34]]],[[[-60.8,13.72],[-60.94,13.66],[-61.04,14.04],[-60.8,13.72]]],[[[-61.26,15.65],[-61.15,15.2],[-61.37,15.2],[-61.26,15.65]]],[[[-61.64,17.19],[-61.62,16.94],[-61.76,16.94],[-61.64,17.19]]],[[[-64.67,17.84],[-64.58,17.71],[-64.87,17.64],[-64.67,17.84]]],[[[114.53,22.14],[114.0,22.08],[114.0,22.46],[114.32,22.59],[114.53,22.14]]],[[[178.21,-18.94],[178.25,-19.06],[177.97,-19.13],[178.21,-18.94]]],[[[178.65,-18.1],[177.19,-18.16],[177.36,-17.46],[178.07,-17.33],[178.65,-18.1]]],[[[179.83,-16.17],[179.83,-16.75],[178.39,-16.88],[179.83,-16.17]]],[[[160.19,-11.54],[160.46,-11.86],[160.24,-11.86],[160.19,-11.54]]],[[[166.07,-10.64],[166.08,-10.77],[165.66,-10.9],[166.07,-10.64]]],[[[162.3,-10.9],[161.11,-10.19],[161.4,-10.19],[162.3,-10.9]]],[[[160.5,-10.0],[159.42,-9.61],[159.45,-9.23],[160.51,-9.49],[160.5,-10.0]]],[[[161.19,-9.1],[161.49,-9.81],[160.61,-9.1],[160.44,-8.26],[161.19,-9.1]]],[[[157.31,-8.39],[157.27,-8.65],[157.12,-8.65],[157.31,-8.39]]],[[[156.82,-7.81],[157.49,-8.01],[157.95,-8.84],[157.38,-8.33],[156.82,-7.81]]],[[[159.74,-8.52],[158.33,-7.56],[158.62,-7.56],[159.74,-8.52]]],[[[156.37,-7.75],[156.35,-7.56],[156.57,-7.56],[156.54,-8.01],[156.37,-7.75]]],[[[155.59,-7.17],[155.57,-6.98],[155.72,-6.98],[155.59,-7.17]]],[[[157.36,-7.43],[156.77,-7.3],[156.27,-6.59],[157.36,-7.43]]]]}},{"type":"Feature","properties":{"n":"Malaysia","f":1963,"t":1966,"w":"Q833"},"geometry":{"type":"MultiPolygon","coordinates":[[[[104.06,2.92],[104.21,2.86],[104.2,2.73],[104.06,2.92]]],[[[119.26,5.17],[118.16,4.98],[118.56,4.34],[115.79,4.34],[114.41,1.44],[113.31,1.25],[112.38,1.57],[111.7,0.99],[110.46,0.86],[109.47,1.76],[109.63,2.02],[110.92,1.51],[111.26,2.73],[112.81,3.11],[113.83,4.53],[114.76,4.14],[114.94,4.85],[115.28,4.4],[115.35,5.49],[115.79,5.62],[116.69,7.04],[117.75,6.46],[117.64,5.94],[118.01,6.07],[119.26,5.17]]],[[[102.13,6.26],[103.17,5.36],[103.4,2.86],[103.96,2.28],[104.14,1.31],[103.27,1.31],[101.22,2.79],[100.48,4.21],[100.03,6.52],[100.68,6.46],[101.07,5.62],[102.13,6.26]]],[[[99.87,6.26],[99.65,6.26],[99.58,6.39],[99.87,6.26]]],[[[116.99,7.1],[117.01,7.36],[117.23,7.36],[116.99,7.1]]]]}},{"type":"Feature","properties":{"n":"Republic of Uganda","f":1963,"t":2023,"w":"Q1036"},"geometry":{"type":"Polygon","coordinates":[[[33.81,0.22],[33.23,0.48],[32.35,0.22],[31.78,-0.04],[31.64,-1.0],[29.53,-1.32],[29.89,0.86],[31.23,2.09],[30.72,2.41],[31.04,3.76],[32.21,3.56],[33.89,4.08],[34.93,1.7],[33.81,0.22]]]}},{"type":"Feature","properties":{"n":"Tanzania","f":1963,"t":1966,"w":"Q924"},"geometry":{"type":"Polygon","coordinates":[[[32.09,-2.41],[33.76,-2.35],[33.25,-1.96],[34.04,-1.06],[37.63,-3.12],[37.56,-3.57],[39.11,-4.73],[38.77,-6.34],[39.43,-6.85],[39.25,-8.59],[39.72,-10.0],[40.32,-10.51],[38.51,-11.41],[37.85,-11.29],[37.28,-11.8],[34.93,-11.61],[34.15,-9.49],[32.91,-9.49],[31.14,-8.65],[30.39,-6.66],[29.72,-6.34],[29.56,-4.86],[29.56,-4.41],[30.71,-3.19],[30.34,-2.67],[30.77,-1.71],[30.33,-1.13],[31.64,-1.0],[31.51,-2.41],[31.95,-2.74],[32.09,-2.41]],[[32.89,-2.74],[32.6,-2.74],[32.82,-2.99],[32.89,-2.74]]]}},{"type":"Feature","properties":{"n":"Republic of India","f":1963,"t":1972,"w":"Q668"},"geometry":{"type":"MultiPolygon","coordinates":[[[[93.51,7.23],[93.74,7.42],[93.92,6.84],[93.51,7.23]]],[[[93.49,8.06],[93.48,7.87],[93.26,7.87],[93.49,8.06]]],[[[92.29,10.57],[92.39,10.89],[92.61,10.89],[92.29,10.57]]],[[[92.85,13.53],[93.08,13.59],[93.04,12.44],[92.52,11.6],[92.85,13.53]]],[[[83.08,27.42],[84.43,27.42],[85.27,26.71],[87.24,26.39],[88.16,26.52],[88.14,27.87],[88.48,28.06],[88.95,27.8],[88.8,27.09],[89.13,26.84],[91.82,26.77],[92.09,27.35],[91.72,27.74],[92.58,27.87],[94.58,29.28],[95.44,29.09],[96.2,29.41],[96.62,28.96],[96.4,28.38],[97.42,28.25],[97.0,27.74],[97.16,27.16],[96.21,27.29],[95.16,26.58],[94.13,23.88],[93.4,24.01],[93.02,22.01],[92.59,22.14],[92.23,23.69],[91.75,22.98],[91.22,23.43],[92.45,24.97],[90.1,25.23],[89.82,26.13],[89.34,26.0],[88.4,26.58],[88.18,25.81],[88.99,25.29],[88.11,24.52],[88.81,24.2],[89.11,21.69],[88.73,21.63],[88.64,22.08],[88.35,21.56],[88.1,21.95],[87.07,21.44],[87.03,20.6],[86.42,19.89],[85.37,19.83],[84.38,18.41],[82.45,17.13],[82.38,16.55],[80.38,15.71],[80.09,15.07],[80.43,13.27],[79.88,11.99],[79.9,10.25],[79.32,10.25],[78.96,9.22],[77.28,8.06],[76.32,9.16],[76.36,9.8],[73.42,16.04],[72.53,22.27],[72.11,21.89],[72.18,21.18],[70.72,20.66],[68.95,22.21],[70.43,22.85],[69.23,22.79],[68.16,23.81],[68.8,24.26],[71.05,24.33],[70.7,25.62],[70.19,25.74],[70.22,26.45],[69.51,26.77],[69.56,27.09],[70.39,28.06],[70.72,27.74],[71.89,27.99],[74.57,30.95],[74.63,31.91],[75.3,32.17],[74.08,33.14],[74.09,34.74],[75.64,34.49],[78.1,35.32],[78.16,34.68],[79.05,34.29],[78.81,33.65],[79.36,33.14],[79.02,32.36],[78.53,32.56],[78.77,31.34],[81.01,30.18],[80.1,28.77],[83.08,27.42]],[[75.52,32.11],[75.5,32.04],[75.58,32.04],[75.52,32.11]]],[[[63.84,29.54],[63.83,29.47],[63.75,29.47],[63.84,29.54]]],[[[66.34,29.99],[66.33,29.92],[66.25,29.92],[66.34,29.99]]]]}},{"type":"Feature","properties":{"n":"Republic of Burundi","f":1963,"t":2023,"w":"Q967"},"geometry":{"type":"Polygon","coordinates":[[[29.56,-4.41],[28.96,-2.67],[29.47,-2.86],[29.9,-2.35],[30.41,-2.41],[30.71,-3.19],[29.56,-4.41]]]}},{"type":"Feature","properties":{"n":"(British Empire)","f":1963,"t":1968,"w":"Q8680"},"geometry":{"type":"MultiPolygon","coordinates":[[[[-61.23,-51.99],[-61.12,-51.79],[-60.81,-51.86],[-61.23,-51.99]]],[[[-59.22,-51.39],[-60.6,-52.26],[-60.91,-52.19],[-60.37,-51.65],[-60.57,-51.39],[-59.22,-51.39]]],[[[-61.57,12.24],[-61.55,11.99],[-61.78,12.05],[-61.57,12.24]]],[[[-61.28,13.34],[-61.07,13.4],[-61.05,13.14],[-61.28,13.34]]],[[[-60.8,13.72],[-60.94,13.66],[-61.04,14.04],[-60.8,13.72]]],[[[-61.26,15.65],[-61.15,15.2],[-61.37,15.2],[-61.26,15.65]]],[[[-61.64,17.19],[-61.62,16.94],[-61.76,16.94],[-61.64,17.19]]],[[[-89.05,17.96],[-88.08,18.35],[-88.14,16.81],[-88.82,15.91],[-89.11,15.91],[-89.05,17.96]]],[[[-64.67,17.84],[-64.58,17.71],[-64.87,17.64],[-64.67,17.84]]],[[[-73.66,20.92],[-73.69,21.11],[-72.97,21.24],[-73.66,20.92]]],[[[-72.22,21.69],[-72.32,21.89],[-72.1,21.89],[-72.22,21.69]]],[[[-72.93,22.46],[-72.69,22.34],[-72.82,22.27],[-72.93,22.46]]],[[[-73.67,22.46],[-74.15,22.21],[-73.94,22.72],[-73.67,22.46]]],[[[-74.86,22.91],[-75.17,23.43],[-75.02,23.43],[-74.86,22.91]]],[[[-77.76,23.75],[-77.92,24.2],[-77.48,24.26],[-77.4,23.81],[-77.76,23.75]]],[[[-74.55,24.14],[-74.32,24.14],[-74.3,24.01],[-74.55,24.14]]],[[[-75.59,24.52],[-75.35,24.46],[-75.28,24.07],[-75.59,24.52]]],[[[-78.39,24.71],[-78.19,25.23],[-77.62,24.59],[-78.09,24.33],[-78.39,24.71]]],[[[-76.23,24.78],[-76.26,24.91],[-76.05,24.97],[-76.23,24.78]]],[[[-76.6,25.49],[-76.35,25.36],[-76.48,25.29],[-76.6,25.49]]],[[[-77.29,25.94],[-77.19,26.52],[-77.67,26.97],[-76.94,26.39],[-77.29,25.94]]],[[[-77.98,26.71],[-77.97,26.64],[-78.68,26.45],[-78.6,26.77],[-77.98,26.71]]],[[[-64.65,32.36],[-64.67,32.17],[-64.86,32.3],[-64.65,32.36]]],[[[-37.96,-54.01],[-36.62,-54.15],[-35.74,-54.82],[-36.16,-55.03],[-37.96,-54.01]]],[[[-59.02,-51.32],[-57.81,-51.45],[-58.66,-52.12],[-59.83,-52.26],[-59.02,-51.32]]],[[[26.89,-29.67],[28.2,-28.64],[29.29,-29.22],[28.96,-30.06],[27.93,-30.7],[26.89,-29.67]]],[[[31.82,-27.29],[30.99,-27.23],[30.72,-26.39],[31.06,-25.82],[31.74,-25.94],[31.82,-27.29]]],[[[33.84,-12.12],[34.17,-13.54],[34.49,-14.31],[35.23,-14.44],[35.14,-13.92],[35.83,-14.76],[35.79,-15.85],[35.08,-16.43],[35.18,-17.14],[34.26,-16.17],[34.52,-15.21],[34.27,-14.44],[33.47,-14.56],[32.94,-14.05],[30.1,-15.01],[30.35,-15.98],[32.88,-16.81],[32.92,-19.96],[32.31,-21.38],[31.15,-22.47],[29.14,-22.15],[28.26,-22.6],[25.79,-24.79],[25.44,-25.69],[24.47,-25.88],[22.96,-25.3],[21.65,-26.84],[20.52,-26.84],[20.73,-25.94],[19.88,-24.85],[19.91,-22.02],[20.95,-21.89],[20.89,-18.36],[23.1,-18.04],[23.63,-18.49],[25.02,-17.78],[23.24,-17.65],[22.12,-16.69],[21.91,-13.02],[23.82,-12.96],[24.01,-10.9],[24.39,-11.48],[25.19,-11.29],[25.34,-11.74],[26.15,-11.99],[27.1,-11.67],[28.89,-13.41],[29.7,-13.41],[29.74,-12.25],[29.02,-12.44],[28.34,-11.8],[28.6,-9.68],[28.3,-9.23],[28.95,-8.46],[30.33,-8.26],[30.71,-8.78],[33.79,-9.68],[34.1,-10.39],[33.84,-12.12]]],[[[35.06,-13.79],[35.14,-13.79],[35.14,-13.86],[35.06,-13.79]]],[[[34.91,-13.66],[34.99,-13.66],[34.99,-13.73],[34.91,-13.66]]],[[[34.84,-13.6],[34.91,-13.6],[34.91,-13.66],[34.84,-13.6]]],[[[-57.33,5.04],[-57.91,4.91],[-58.11,3.89],[-57.3,3.24],[-56.72,1.89],[-57.44,1.96],[-58.9,1.19],[-59.77,1.76],[-60.0,3.24],[-59.57,3.95],[-60.16,4.53],[-60.1,5.17],[-61.27,5.69],[-61.15,6.59],[-60.36,6.97],[-60.67,7.61],[-59.76,8.45],[-57.12,5.94],[-57.33,5.04]]],[[[-59.57,13.01],[-59.67,13.34],[-59.52,13.34],[-59.57,13.01]]],[[[-16.82,13.08],[-16.83,13.4],[-15.23,13.79],[-13.75,13.46],[-14.04,13.21],[-15.15,13.53],[-16.82,13.08]]],[[[14.57,35.97],[14.57,35.77],[14.34,35.84],[14.57,35.97]]],[[[-5.52,36.16],[-5.3,36.35],[-5.29,36.29],[-5.52,36.16]]],[[[13.18,52.59],[13.27,52.65],[13.44,52.59],[13.18,52.59]]],[[[-4.38,54.41],[-4.36,54.21],[-4.86,54.07],[-4.38,54.41]]],[[[-3.26,56.05],[-1.73,55.7],[-1.29,54.68],[-0.2,54.21],[0.3,53.39],[0.17,52.86],[1.62,52.86],[1.59,52.12],[0.52,51.51],[1.38,51.38],[1.31,51.11],[0.49,50.78],[-1.37,50.85],[-1.18,50.58],[-3.13,50.71],[-3.58,50.25],[-5.75,50.05],[-4.2,51.31],[-3.09,51.25],[-2.95,51.45],[-5.08,51.58],[-5.3,51.98],[-4.16,52.45],[-4.3,52.92],[-4.79,52.79],[-4.49,53.12],[-4.7,53.46],[-3.32,53.39],[-2.97,54.14],[-3.59,54.27],[-3.57,54.89],[-5.21,54.75],[-4.77,55.43],[-5.0,55.84],[-5.44,55.91],[-5.12,55.43],[-5.57,55.57],[-5.63,55.29],[-5.89,55.29],[-5.8,55.98],[-6.63,55.63],[-5.66,56.18],[-6.29,56.32],[-5.95,57.01],[-6.82,57.49],[-6.32,57.77],[-5.7,57.14],[-5.89,57.83],[-5.2,58.67],[-3.14,58.74],[-3.43,58.18],[-4.12,57.97],[-3.99,57.7],[-1.85,57.7],[-3.26,56.05]]],[[[-8.13,54.55],[-6.15,55.29],[-5.42,54.41],[-5.9,54.07],[-8.13,54.55]]],[[[-7.47,57.08],[-7.6,57.35],[-7.25,57.42],[-7.47,57.08]]],[[[-7.56,57.7],[-7.12,57.7],[-7.11,57.63],[-7.56,57.7]]],[[[-7.13,57.77],[-7.28,58.18],[-6.26,58.53],[-6.52,57.9],[-7.13,57.77]]],[[[-2.81,59.02],[-2.79,58.88],[-3.42,58.81],[-3.2,59.22],[-2.81,59.02]]],[[[-2.83,59.16],[-2.84,59.29],[-2.58,59.36],[-2.83,59.16]]],[[[-1.67,60.21],[-1.63,60.63],[-0.83,60.84],[-1.05,60.35],[-1.67,60.21]]],[[[57.57,-20.54],[57.19,-20.54],[57.45,-19.96],[57.57,-20.54]]],[[[178.21,-18.94],[178.25,-19.06],[177.97,-19.13],[178.21,-18.94]]],[[[178.65,-18.1],[177.19,-18.16],[177.36,-17.46],[178.07,-17.33],[178.65,-18.1]]],[[[179.83,-16.17],[179.83,-16.75],[178.39,-16.88],[179.83,-16.17]]],[[[160.46,-11.86],[160.07,-11.67],[160.19,-11.54],[160.46,-11.86]]],[[[166.07,-10.64],[166.08,-10.77],[165.66,-10.9],[166.07,-10.64]]],[[[162.3,-10.9],[161.7,-10.84],[161.11,-10.19],[162.3,-10.9]]],[[[160.5,-10.0],[159.42,-9.61],[159.45,-9.23],[160.51,-9.49],[160.5,-10.0]]],[[[161.19,-9.1],[161.49,-9.81],[160.61,-9.1],[160.44,-8.26],[161.19,-9.1]]],[[[157.31,-8.39],[157.27,-8.65],[157.12,-8.65],[157.31,-8.39]]],[[[156.82,-7.81],[157.49,-8.01],[157.95,-8.84],[157.38,-8.33],[156.82,-7.81]]],[[[159.74,-8.52],[158.33,-7.56],[158.62,-7.56],[159.74,-8.52]]],[[[156.57,-7.56],[156.68,-7.94],[156.54,-8.01],[156.57,-7.56]]],[[[155.57,-6.98],[155.72,-6.98],[155.81,-7.17],[155.57,-6.98]]],[[[157.36,-7.43],[156.77,-7.3],[156.27,-6.59],[157.36,-7.43]]],[[[55.43,-4.6],[55.43,-4.79],[55.21,-4.6],[55.43,-4.6]]],[[[115.17,4.98],[115.28,4.4],[114.94,4.85],[114.46,4.08],[114.06,4.66],[115.17,4.98]]],[[[53.53,12.31],[53.32,12.5],[54.5,12.63],[53.53,12.31]]],[[[59.9,22.53],[59.86,22.08],[58.61,20.41],[57.93,20.28],[57.9,18.99],[57.0,18.8],[56.41,17.9],[55.59,17.84],[55.16,17.0],[52.46,16.36],[52.1,15.46],[49.41,14.69],[48.79,14.04],[45.74,13.34],[45.05,12.76],[43.59,12.69],[45.18,13.91],[46.0,14.04],[46.16,14.36],[45.61,15.14],[48.0,18.09],[49.0,18.61],[52.13,18.93],[55.17,20.09],[55.77,22.01],[55.37,22.59],[52.57,22.91],[51.7,24.26],[54.08,24.14],[56.33,26.39],[56.73,24.46],[57.49,23.88],[58.81,23.62],[59.9,22.53]]],[[[59.0,20.66],[58.67,20.21],[58.77,20.54],[59.0,20.66]]],[[[114.53,22.14],[114.0,22.08],[114.0,22.46],[114.32,22.59],[114.53,22.14]]],[[[51.7,25.87],[51.5,24.52],[50.79,24.97],[50.95,25.94],[51.7,25.87]]],[[[50.43,25.94],[50.46,26.26],[50.69,26.26],[50.43,25.94]]]]}},{"type":"Feature","properties":{"n":"Republic of Sudan","f":1963,"t":1991,"w":"Q1049"},"geometry":{"type":"Polygon","coordinates":[[[37.37,21.24],[37.41,18.99],[38.69,17.96],[37.01,16.81],[36.26,12.89],[35.21,11.99],[34.95,10.76],[34.36,10.64],[34.08,8.51],[33.04,8.13],[34.76,6.59],[35.31,5.36],[33.52,3.76],[32.21,3.56],[30.6,3.56],[29.53,4.66],[28.22,4.34],[26.5,6.01],[26.08,6.91],[25.22,7.42],[25.23,7.81],[23.57,8.77],[23.73,9.74],[22.6,11.54],[22.47,12.63],[21.89,12.69],[23.05,15.59],[24.09,15.84],[24.04,19.57],[24.12,19.96],[25.09,20.09],[25.06,21.95],[36.96,21.95],[37.37,21.24]]]}},{"type":"Feature","properties":{"n":"Kingdom of Greece","f":1963,"t":1966,"w":"Q209065"},"geometry":{"type":"MultiPolygon","coordinates":[[[[22.89,36.42],[23.12,36.35],[23.11,36.16],[22.89,36.42]]],[[[24.36,37.71],[24.43,37.58],[24.27,37.51],[24.36,37.71]]],[[[20.62,37.9],[20.93,37.9],[20.92,37.64],[20.62,37.9]]],[[[24.77,38.03],[25.07,37.77],[24.83,37.71],[24.77,38.03]]],[[[20.57,38.42],[20.79,38.09],[20.32,38.16],[20.57,38.42]]],[[[23.57,38.8],[23.56,38.74],[23.48,38.74],[23.57,38.8]]],[[[24.67,38.93],[24.66,38.74],[24.36,38.87],[24.67,38.93]]],[[[23.74,40.23],[22.89,40.61],[22.54,40.1],[23.14,39.45],[22.8,39.06],[23.49,38.87],[22.94,38.74],[24.18,38.55],[23.98,37.84],[23.04,37.9],[23.4,37.32],[22.71,37.58],[23.06,36.67],[22.36,36.67],[22.22,37.06],[21.74,36.87],[21.7,37.51],[21.24,37.84],[21.74,38.35],[21.19,38.42],[20.15,39.64],[21.08,40.74],[24.15,41.59],[25.72,41.26],[26.07,41.72],[26.61,41.52],[26.24,40.81],[25.38,41.0],[23.7,40.81],[23.74,40.23]],[[23.06,38.16],[22.98,38.16],[22.98,38.09],[23.06,38.16]],[[22.84,38.35],[22.29,38.42],[22.66,37.96],[22.97,37.96],[22.84,38.35]],[[22.99,38.29],[22.91,38.29],[22.91,38.22],[22.99,38.29]],[[22.35,38.09],[22.43,38.09],[22.43,38.16],[22.35,38.09]],[[22.2,38.16],[22.28,38.16],[22.28,38.22],[22.2,38.16]],[[22.36,38.22],[22.36,38.29],[22.28,38.29],[22.28,38.22],[22.36,38.22]],[[21.14,38.93],[21.15,39.06],[20.99,39.06],[21.14,38.93]]],[[[20.15,39.58],[20.07,39.58],[20.07,39.64],[20.15,39.58]]],[[[19.91,39.58],[19.76,39.64],[19.76,39.77],[19.91,39.58]]],[[[24.49,40.81],[24.81,40.81],[24.79,40.61],[24.49,40.81]]],[[[24.3,35.32],[26.23,35.19],[23.68,35.26],[23.62,35.52],[24.3,35.32]]],[[[27.69,36.29],[28.25,36.48],[28.14,36.03],[27.74,35.9],[27.69,36.29]]],[[[27.19,36.8],[26.87,36.67],[27.04,36.93],[27.19,36.8]]],[[[25.57,37.13],[25.56,37.0],[25.33,37.0],[25.57,37.13]]],[[[24.99,37.71],[25.22,37.71],[25.29,37.51],[24.99,37.71]]],[[[26.31,37.71],[26.3,37.58],[25.99,37.51],[26.31,37.71]]],[[[27.03,37.84],[27.01,37.64],[26.62,37.64],[27.03,37.84]]],[[[25.82,38.48],[25.99,38.67],[26.22,38.55],[25.88,38.16],[25.82,38.48]]],[[[25.79,39.19],[26.04,39.38],[26.64,39.0],[25.79,39.19]]],[[[25.46,40.03],[25.45,39.84],[24.97,39.84],[25.46,40.03]]]]}},{"type":"Feature","properties":{"n":"Sultanate of Zanzibar","f":1963,"t":1966,"w":"Q157904"},"geometry":{"type":"MultiPolygon","coordinates":[[[[39.67,-8.01],[39.53,-8.01],[39.67,-7.69],[39.67,-8.01]]],[[[39.43,-6.53],[39.12,-5.76],[39.27,-5.76],[39.43,-6.53]]],[[[39.77,-4.99],[39.7,-5.44],[39.55,-5.44],[39.77,-4.99]]]]}},{"type":"Feature","properties":{"n":"Malaysia","f":1967,"t":1986,"w":"Q833"},"geometry":{"type":"MultiPolygon","coordinates":[[[[104.06,2.92],[104.21,2.86],[104.2,2.73],[104.06,2.92]]],[[[119.26,5.17],[118.16,4.98],[118.56,4.34],[115.79,4.34],[114.41,1.44],[113.31,1.25],[112.38,1.57],[111.7,0.99],[110.46,0.86],[109.47,1.76],[109.63,2.02],[110.92,1.51],[111.26,2.73],[112.81,3.11],[113.83,4.53],[114.76,4.14],[114.94,4.85],[115.28,4.4],[115.35,5.49],[115.79,5.62],[116.69,7.04],[117.75,6.46],[117.64,5.94],[118.01,6.07],[119.26,5.17]]],[[[102.13,6.26],[103.17,5.36],[103.4,2.86],[104.22,1.38],[103.27,1.31],[101.22,2.79],[100.48,4.21],[100.03,6.52],[100.68,6.46],[101.07,5.62],[102.13,6.26]]],[[[99.87,6.26],[99.65,6.26],[99.58,6.39],[99.87,6.26]]],[[[116.99,7.1],[117.01,7.36],[117.23,7.36],[116.99,7.1]]]]}},{"type":"Feature","properties":{"n":"State of Israel","f":1967,"t":1972,"w":"Q801"},"geometry":{"type":"Polygon","coordinates":[[[34.12,27.74],[33.19,28.51],[32.24,31.21],[34.3,31.27],[35.06,33.01],[35.78,33.33],[36.07,33.2],[35.55,32.49],[34.91,29.41],[34.12,27.74]],[[34.92,32.36],[34.85,32.36],[34.92,32.3],[34.92,32.36]]]}},{"type":"Feature","properties":{"n":"Tanzania","f":1967,"t":1972,"w":"Q924"},"geometry":{"type":"MultiPolygon","coordinates":[[[[39.52,-7.81],[39.81,-7.69],[39.82,-7.88],[39.52,-7.81]]],[[[33.4,-2.61],[33.76,-2.09],[33.25,-1.96],[34.04,-1.06],[37.63,-3.12],[37.56,-3.57],[39.11,-4.73],[38.77,-6.34],[39.43,-6.85],[39.25,-8.59],[39.72,-10.0],[40.32,-10.51],[38.51,-11.41],[37.85,-11.29],[37.28,-11.8],[34.93,-11.61],[34.15,-9.49],[32.91,-9.49],[31.14,-8.65],[30.39,-6.66],[29.72,-6.34],[29.56,-4.41],[30.71,-3.19],[30.34,-2.67],[30.77,-1.71],[30.33,-1.13],[31.64,-1.0],[31.51,-2.41],[31.66,-2.74],[32.09,-2.41],[33.4,-2.61]],[[32.89,-2.74],[32.6,-2.74],[32.6,-2.99],[32.89,-2.74]]],[[[39.43,-6.53],[39.12,-5.76],[39.27,-5.76],[39.43,-6.53]]],[[[39.77,-4.99],[39.7,-5.44],[39.55,-5.44],[39.77,-4.99]]]]}},{"type":"Feature","properties":{"n":"Malawi","f":1967,"t":1975,"w":"Q1020"},"geometry":{"type":"MultiPolygon","coordinates":[[[[35.06,-13.79],[35.14,-13.79],[35.14,-13.86],[35.06,-13.79]]],[[[34.91,-13.66],[34.99,-13.66],[34.99,-13.73],[34.91,-13.66]]],[[[34.84,-13.6],[34.91,-13.6],[34.91,-13.66],[34.84,-13.6]]],[[[34.42,-14.24],[35.23,-14.44],[35.14,-13.92],[35.83,-14.76],[35.79,-15.85],[35.08,-16.43],[35.18,-17.14],[34.26,-16.17],[34.43,-14.56],[33.47,-14.56],[32.72,-13.92],[32.91,-12.7],[33.41,-12.44],[33.16,-10.9],[33.59,-10.45],[32.91,-9.49],[33.79,-9.68],[34.1,-10.39],[33.84,-12.06],[34.42,-14.24]]]]}},{"type":"Feature","properties":{"n":"United Arab Republic","f":1967,"t":1968,"w":"Q170468"},"geometry":{"type":"Polygon","coordinates":[[[32.38,31.08],[32.78,30.24],[32.43,29.6],[32.69,28.96],[33.61,27.99],[35.15,24.65],[35.86,24.01],[35.55,23.69],[35.81,22.91],[36.96,21.95],[25.06,21.95],[24.86,31.4],[26.85,31.46],[28.87,30.82],[31.2,31.66],[32.38,31.08]]]}},{"type":"Feature","properties":{"n":"Estado Novo","f":1967,"t":1975,"w":"Q824489"},"geometry":{"type":"MultiPolygon","coordinates":[[[[-24.36,14.75],[-24.45,15.07],[-24.23,15.07],[-24.36,14.75]]],[[[-23.41,14.88],[-23.78,14.94],[-23.73,15.33],[-23.41,14.88]]],[[[-23.2,15.07],[-23.28,15.26],[-23.06,15.33],[-23.2,15.07]]],[[[-22.65,15.97],[-22.94,15.97],[-22.88,16.23],[-22.65,15.97]]],[[[-24.08,16.68],[-24.08,16.55],[-24.37,16.49],[-24.08,16.68]]],[[[-22.84,16.87],[-22.83,16.68],[-22.98,16.68],[-22.84,16.87]]],[[[-25.27,16.87],[-25.29,17.19],[-24.82,16.74],[-25.27,16.87]]],[[[-25.7,37.71],[-25.9,37.96],[-25.11,37.9],[-25.7,37.71]]],[[[-28.85,38.67],[-28.08,38.35],[-28.39,38.35],[-28.85,38.67]]],[[[-28.04,38.55],[-28.15,38.74],[-27.89,38.61],[-28.04,38.55]]],[[[-27.36,38.67],[-27.39,38.87],[-27.08,38.87],[-27.36,38.67]]],[[[40.49,-15.59],[39.72,-16.49],[36.84,-17.97],[34.7,-19.9],[35.47,-24.08],[34.83,-24.79],[32.7,-25.62],[32.5,-26.07],[32.84,-26.84],[32.02,-26.84],[31.9,-24.47],[31.15,-22.47],[32.31,-21.38],[32.92,-19.96],[32.88,-16.81],[30.35,-15.98],[30.17,-14.95],[33.01,-14.05],[33.47,-14.56],[34.27,-14.44],[34.52,-15.21],[34.26,-16.17],[35.18,-17.14],[35.08,-16.43],[35.79,-15.85],[35.83,-14.76],[34.76,-13.6],[34.93,-11.61],[37.28,-11.8],[37.85,-11.29],[38.51,-11.41],[40.32,-10.51],[40.49,-15.59]]],[[[17.56,-8.14],[19.16,-8.07],[19.52,-7.04],[21.64,-7.3],[22.11,-11.16],[24.02,-11.16],[23.82,-12.96],[21.91,-13.02],[21.97,-16.36],[23.24,-17.65],[20.52,-18.04],[18.89,-17.84],[18.3,-17.39],[13.94,-17.46],[13.28,-17.01],[11.58,-17.26],[12.38,-13.41],[13.7,-11.74],[13.7,-10.9],[12.89,-9.23],[13.25,-8.33],[12.22,-6.01],[16.38,-5.89],[17.56,-8.14]]],[[[124.26,-9.49],[123.81,-9.36],[123.94,-9.23],[124.3,-9.16],[124.26,-9.49]]],[[[125.02,-9.04],[124.71,-8.84],[125.2,-8.52],[127.23,-8.39],[125.0,-9.55],[125.02,-9.04]]],[[[12.95,-4.66],[12.08,-5.82],[11.93,-5.05],[12.66,-4.41],[12.95,-4.66]]],[[[6.3,0.35],[6.67,0.41],[6.66,0.16],[6.3,0.35]]],[[[7.34,1.51],[7.19,1.51],[7.27,1.7],[7.34,1.51]]],[[[-15.47,11.34],[-15.48,11.86],[-16.28,11.79],[-16.66,12.31],[-13.59,12.63],[-13.86,11.66],[-14.59,11.54],[-14.95,10.96],[-15.47,11.34]]],[[[113.54,22.4],[113.69,22.4],[113.64,22.14],[113.54,22.4]]],[[[-16.79,32.88],[-16.69,32.69],[-17.07,32.62],[-17.17,32.88],[-16.79,32.88]]],[[[-9.0,37.0],[-8.82,38.48],[-9.21,38.42],[-9.57,38.93],[-8.73,40.74],[-8.93,41.91],[-6.7,41.98],[-6.25,41.46],[-6.93,41.0],[-6.9,39.77],[-7.44,39.64],[-6.99,39.0],[-7.27,38.67],[-6.99,38.09],[-7.68,37.0],[-9.0,37.0]]]]}},{"type":"Feature","properties":{"n":"Federated Republic of Brazil","f":1967,"t":1982,"w":"Q155"},"geometry":{"type":"Polygon","coordinates":[[[-56.06,2.47],[-54.97,2.54],[-54.31,2.09],[-52.86,2.28],[-51.56,4.4],[-50.67,2.02],[-49.95,1.7],[-50.25,0.35],[-48.49,-0.23],[-48.93,-1.51],[-48.27,-0.74],[-47.4,-0.55],[-45.44,-1.64],[-44.93,-1.45],[-44.07,-2.54],[-43.19,-2.35],[-41.6,-2.93],[-39.92,-2.86],[-37.26,-4.86],[-35.37,-5.31],[-34.9,-6.79],[-35.41,-9.36],[-37.24,-11.09],[-38.13,-12.83],[-39.03,-13.28],[-39.28,-17.78],[-41.14,-22.15],[-41.91,-22.41],[-42.12,-22.99],[-44.74,-23.05],[-44.7,-23.37],[-45.48,-23.69],[-45.37,-24.02],[-46.09,-23.82],[-48.69,-25.49],[-48.8,-26.72],[-48.45,-27.42],[-48.88,-28.64],[-49.74,-29.22],[-50.88,-31.21],[-52.23,-32.18],[-53.45,-33.79],[-53.68,-33.46],[-53.28,-32.76],[-54.02,-31.99],[-55.68,-30.89],[-56.11,-31.09],[-56.88,-30.12],[-57.76,-30.32],[-55.82,-28.19],[-53.89,-27.1],[-53.77,-26.39],[-53.96,-25.69],[-54.71,-25.69],[-54.4,-24.02],[-55.57,-23.89],[-55.89,-22.34],[-58.02,-22.09],[-58.18,-19.77],[-57.63,-18.16],[-58.49,-17.26],[-58.46,-16.36],[-60.28,-16.17],[-60.78,-13.66],[-61.8,-13.6],[-65.11,-11.99],[-65.4,-9.81],[-66.64,-9.81],[-68.56,-11.09],[-70.32,-11.09],[-70.67,-10.96],[-70.64,-9.49],[-72.14,-10.06],[-72.54,-9.49],[-73.19,-9.42],[-73.09,-8.97],[-74.04,-7.69],[-73.25,-6.53],[-72.98,-5.24],[-72.01,-4.54],[-70.03,-4.09],[-69.46,-1.13],[-70.1,-0.36],[-70.19,0.41],[-69.24,0.74],[-69.97,1.19],[-69.97,1.7],[-67.85,1.76],[-67.49,2.09],[-66.69,0.86],[-65.67,0.99],[-65.53,0.67],[-63.41,2.28],[-64.07,2.47],[-64.82,4.27],[-62.91,3.56],[-62.7,4.08],[-60.89,4.59],[-60.68,5.17],[-60.1,5.17],[-60.16,4.53],[-59.57,3.95],[-60.07,2.47],[-59.34,1.38],[-58.9,1.19],[-57.44,1.96],[-55.99,1.96],[-56.06,2.47]]]}},{"type":"Feature","properties":{"n":"United States of America","f":1967,"t":2005,"w":"Q30"},"geometry":{"type":"MultiPolygon","coordinates":[[[[-156.72,20.99],[-155.74,20.66],[-156.05,20.47],[-156.72,20.99]]],[[[-156.78,20.92],[-156.72,20.73],[-156.94,20.73],[-156.78,20.92]]],[[[-157.24,21.24],[-156.72,20.99],[-157.24,20.99],[-157.24,21.24]]],[[[-157.75,21.69],[-157.65,21.11],[-157.87,21.11],[-158.28,21.5],[-157.75,21.69]]],[[[-160.7,21.89],[-160.65,21.69],[-160.94,21.69],[-160.7,21.89]]],[[[-159.94,21.82],[-160.27,21.69],[-160.31,21.82],[-159.94,21.82]]],[[[-159.17,22.21],[-159.03,22.01],[-159.74,21.89],[-159.17,22.21]]],[[[-162.08,23.17],[-162.14,23.11],[-162.28,23.3],[-162.08,23.17]]],[[[-168.63,53.33],[-168.7,53.73],[-167.62,53.46],[-168.3,53.39],[-168.66,52.92],[-169.54,53.06],[-168.63,53.33]]],[[[-166.1,53.66],[-166.62,53.66],[-166.49,53.39],[-167.5,53.8],[-166.1,53.66]]],[[[-165.78,54.41],[-165.38,54.07],[-166.46,54.34],[-165.78,54.41]]],[[[-160.09,55.29],[-159.89,55.09],[-160.22,54.95],[-160.09,55.29]]],[[[-159.45,55.09],[-159.83,55.29],[-159.46,55.16],[-159.45,55.09]]],[[[-160.86,55.16],[-161.06,55.36],[-160.71,55.36],[-160.86,55.16]]],[[[-165.68,60.28],[-165.55,59.92],[-166.41,59.78],[-167.69,60.28],[-165.68,60.28]]],[[[-169.02,63.41],[-168.72,63.19],[-169.74,62.98],[-170.26,63.26],[-170.13,63.55],[-169.02,63.41]]],[[[-169.64,66.03],[-170.31,66.18],[-170.06,66.25],[-169.64,66.03]]],[[[-79.64,8.84],[-80.1,9.29],[-79.96,9.29],[-79.64,8.84]]],[[[-156.0,19.76],[-155.8,20.34],[-154.69,19.57],[-154.88,19.19],[-155.55,18.93],[-156.0,19.76]]],[[[-89.31,29.09],[-89.27,28.96],[-89.34,28.96],[-89.31,29.09]]],[[[-118.55,33.52],[-118.22,33.33],[-118.45,33.33],[-118.55,33.52]]],[[[-119.99,34.1],[-119.89,33.91],[-120.12,33.91],[-119.99,34.1]]],[[[-92.06,47.01],[-92.01,46.68],[-90.91,46.87],[-90.29,46.55],[-88.57,47.07],[-87.22,46.48],[-85.16,46.74],[-84.06,46.41],[-84.35,46.35],[-84.0,46.02],[-87.31,45.82],[-88.16,44.78],[-87.51,44.65],[-88.05,43.47],[-87.98,42.5],[-87.48,41.59],[-86.59,41.85],[-86.18,42.43],[-86.49,43.99],[-86.26,44.58],[-85.35,44.97],[-84.91,45.76],[-84.26,45.63],[-83.5,45.3],[-83.34,44.71],[-84.08,43.86],[-83.93,43.6],[-82.89,44.06],[-82.67,43.8],[-82.42,42.89],[-83.56,41.85],[-82.69,41.39],[-81.4,41.52],[-78.97,42.56],[-79.09,43.28],[-76.17,43.54],[-76.16,44.32],[-75.12,44.97],[-71.63,44.97],[-70.9,45.3],[-69.28,47.47],[-67.91,47.2],[-67.9,46.02],[-67.04,44.71],[-68.21,44.25],[-68.86,44.45],[-69.13,43.99],[-70.17,43.8],[-70.98,42.43],[-69.92,41.65],[-70.49,41.33],[-71.43,41.65],[-71.52,41.33],[-73.47,41.07],[-71.99,41.13],[-72.25,40.81],[-74.14,40.61],[-73.87,40.16],[-74.64,39.0],[-75.4,39.32],[-74.95,38.42],[-75.85,37.13],[-75.84,38.09],[-76.47,39.26],[-76.36,37.25],[-75.81,36.61],[-75.82,36.22],[-76.31,36.1],[-75.68,35.64],[-76.52,35.39],[-76.37,34.74],[-77.19,34.68],[-77.92,33.91],[-78.86,33.71],[-79.31,33.01],[-81.06,31.85],[-81.42,30.56],[-79.94,26.71],[-80.32,25.04],[-81.01,25.1],[-81.82,26.07],[-82.7,27.54],[-82.43,27.67],[-82.42,27.93],[-82.74,27.74],[-82.82,29.15],[-83.84,30.05],[-85.32,29.67],[-86.34,30.5],[-87.85,30.24],[-88.03,30.56],[-89.65,30.18],[-88.99,29.02],[-89.88,29.47],[-90.06,29.09],[-90.82,29.09],[-91.8,29.79],[-91.7,29.47],[-94.94,29.67],[-94.74,29.28],[-95.14,28.89],[-96.5,28.64],[-96.34,28.38],[-97.32,27.87],[-97.07,27.54],[-97.51,26.97],[-97.17,26.0],[-97.92,26.0],[-99.0,26.39],[-99.38,27.48],[-101.4,29.73],[-102.35,29.86],[-102.97,29.02],[-103.69,29.15],[-106.51,31.79],[-108.11,31.79],[-108.28,31.27],[-110.95,31.27],[-114.77,32.69],[-117.13,32.49],[-117.42,33.26],[-118.57,34.04],[-120.57,34.49],[-120.68,35.13],[-121.98,36.48],[-121.81,36.87],[-123.62,38.8],[-124.42,40.36],[-124.1,41.46],[-124.65,43.15],[-124.29,43.41],[-123.87,46.22],[-124.85,48.32],[-122.57,47.99],[-122.87,48.99],[-95.22,48.99],[-95.14,49.45],[-94.32,48.65],[-89.9,47.99],[-92.06,47.01]]],[[[-85.65,45.63],[-85.68,45.82],[-85.6,45.82],[-85.65,45.63]]],[[[-83.72,45.96],[-83.75,46.15],[-83.67,46.15],[-83.72,45.96]]],[[[-88.95,48.19],[-88.66,47.99],[-89.15,47.86],[-88.95,48.19]]],[[[-133.36,55.23],[-132.63,54.68],[-132.97,54.68],[-133.36,55.23]]],[[[-155.7,55.77],[-155.9,55.98],[-155.53,55.84],[-155.7,55.77]]],[[[-154.77,56.66],[-154.47,56.46],[-154.81,56.39],[-154.77,56.66]]],[[[-153.86,56.52],[-154.32,56.66],[-154.06,56.66],[-153.86,56.52]]],[[[-154.45,56.94],[-154.99,57.49],[-153.95,57.63],[-154.1,57.97],[-152.94,57.97],[-153.44,58.25],[-152.58,58.46],[-152.89,58.67],[-152.0,58.25],[-152.95,58.04],[-152.14,57.49],[-154.45,56.94]]],[[[-147.25,60.42],[-146.94,60.21],[-147.29,60.14],[-147.25,60.42]]],[[[-146.6,60.35],[-146.82,60.56],[-146.14,60.35],[-146.6,60.35]]],[[[-143.11,70.18],[-141.17,69.72],[-140.9,69.33],[-141.24,68.73],[-141.12,60.42],[-139.29,60.35],[-137.52,59.02],[-135.95,59.78],[-135.31,59.71],[-131.87,56.66],[-130.06,55.98],[-129.88,55.09],[-130.97,54.75],[-131.17,55.29],[-131.64,55.02],[-131.95,55.43],[-132.29,55.57],[-132.56,55.5],[-131.9,54.95],[-132.28,54.68],[-134.01,56.11],[-133.29,56.39],[-132.27,55.77],[-132.44,55.98],[-133.29,56.46],[-133.91,56.59],[-134.28,56.11],[-134.61,56.8],[-134.8,56.18],[-135.58,57.08],[-136.11,57.14],[-135.76,57.35],[-136.58,58.18],[-139.73,59.43],[-139.77,59.85],[-144.16,60.0],[-146.91,60.98],[-148.4,61.05],[-148.19,60.91],[-148.63,60.84],[-147.68,60.28],[-148.34,60.35],[-147.42,59.85],[-149.63,60.0],[-150.0,59.57],[-151.82,59.16],[-152.24,59.43],[-151.63,59.57],[-152.09,60.0],[-151.46,60.42],[-151.53,60.7],[-151.92,60.77],[-152.78,60.21],[-152.62,59.92],[-154.27,59.22],[-153.43,58.67],[-156.49,57.42],[-156.35,57.14],[-157.62,56.8],[-157.41,56.59],[-158.53,56.46],[-158.22,56.18],[-158.54,55.98],[-162.1,55.29],[-161.89,55.09],[-162.22,54.95],[-163.28,55.02],[-163.22,54.68],[-164.39,54.41],[-165.13,54.68],[-164.45,55.23],[-162.9,55.36],[-162.42,56.05],[-160.64,55.98],[-160.62,56.32],[-158.78,56.87],[-158.78,57.28],[-157.78,57.63],[-157.65,58.25],[-158.7,58.88],[-158.76,58.39],[-160.46,59.02],[-161.14,58.88],[-160.86,58.53],[-161.87,58.6],[-162.28,59.36],[-161.89,59.57],[-162.39,60.0],[-164.16,59.85],[-165.54,60.63],[-165.1,60.91],[-166.46,61.76],[-164.88,62.62],[-165.08,63.05],[-161.35,63.55],[-161.01,63.84],[-161.63,64.57],[-160.97,64.79],[-161.93,64.79],[-162.57,64.35],[-165.69,64.49],[-167.14,65.22],[-166.55,65.37],[-168.39,65.74],[-164.69,66.7],[-163.83,66.55],[-164.0,66.18],[-161.37,66.33],[-166.83,68.5],[-166.49,68.88],[-163.9,69.18],[-162.36,70.41],[-158.11,70.88],[-157.07,71.42],[-154.53,70.88],[-152.64,70.95],[-151.72,70.49],[-143.11,70.18]]],[[[158.1,6.71],[158.18,6.84],[158.25,6.71],[158.1,6.71]]],[[[158.26,6.91],[158.34,6.91],[158.32,6.78],[158.26,6.91]]],[[[158.04,6.84],[158.12,6.97],[158.26,6.91],[158.04,6.84]]],[[[134.39,7.55],[134.62,7.61],[134.6,7.36],[134.39,7.55]]],[[[103.91,10.44],[104.12,10.44],[104.09,10.06],[103.91,10.44]]],[[[109.51,12.95],[109.21,11.6],[107.34,10.38],[107.0,10.7],[106.6,9.54],[104.7,8.58],[105.03,9.99],[104.42,10.44],[105.12,10.89],[106.14,10.83],[105.85,11.6],[107.61,12.37],[107.92,15.39],[107.58,15.59],[107.72,16.04],[106.87,16.74],[106.87,17.19],[108.14,16.36],[109.16,14.75],[109.51,12.95]]],[[[144.84,13.34],[144.61,13.27],[144.65,13.53],[144.97,13.66],[144.84,13.34]]],[[[107.49,15.97],[107.5,16.04],[107.58,16.04],[107.49,15.97]]],[[[-67.12,17.96],[-67.26,18.48],[-66.16,18.54],[-65.52,18.16],[-67.12,17.96]]],[[[127.93,26.71],[128.42,26.84],[127.82,26.07],[127.93,26.71]]],[[[-75.6,35.19],[-75.65,35.32],[-75.44,35.39],[-75.6,35.19]]],[[[179.31,51.58],[179.14,51.38],[178.63,51.58],[179.31,51.58]]],[[[179.4,51.92],[179.83,52.05],[179.66,51.92],[179.4,51.92]]],[[[177.11,51.78],[177.7,52.12],[177.53,51.92],[177.11,51.78]]],[[[173.52,52.52],[173.78,52.45],[173.44,52.32],[173.52,52.52]]],[[[13.27,52.72],[13.44,52.72],[13.44,52.65],[13.27,52.72]]],[[[172.84,52.79],[172.58,52.79],[172.93,53.12],[173.35,52.99],[172.84,52.79]]]]}},{"type":"Feature","properties":{"n":"Lesotho","f":1967,"t":1972,"w":"Q1013"},"geometry":{"type":"Polygon","coordinates":[[[27.71,-30.7],[26.89,-29.67],[27.53,-28.97],[28.57,-28.64],[29.29,-29.22],[28.96,-30.06],[27.71,-30.7]]]}},{"type":"Feature","properties":{"n":"Guyana","f":1967,"t":2023,"w":"Q734"},"geometry":{"type":"Polygon","coordinates":[[[-57.13,6.01],[-58.11,3.89],[-57.3,3.24],[-56.72,1.89],[-57.44,1.96],[-58.9,1.19],[-59.77,1.76],[-60.07,2.47],[-59.57,3.95],[-60.16,4.53],[-60.1,5.17],[-60.68,5.17],[-61.36,6.01],[-61.15,6.59],[-60.36,6.97],[-60.67,7.61],[-59.83,8.45],[-58.48,7.49],[-58.46,6.91],[-57.13,6.01]]]}},{"type":"Feature","properties":{"n":"Arab Socialist Ba'ath Party","f":1967,"t":1968,"w":"Q16243030"},"geometry":{"type":"Polygon","coordinates":[[[36.83,32.3],[35.95,32.75],[35.78,33.33],[36.63,34.16],[35.93,34.87],[35.88,35.9],[36.62,36.29],[36.68,36.8],[39.54,36.67],[42.26,37.25],[42.11,36.74],[41.29,36.42],[41.04,34.42],[36.83,32.3]]]}},{"type":"Feature","properties":{"n":"Zambia","f":1967,"t":2023,"w":"Q953"},"geometry":{"type":"Polygon","coordinates":[[[30.17,-14.95],[30.27,-15.72],[28.95,-15.85],[28.67,-16.49],[26.65,-18.1],[24.86,-17.52],[23.24,-17.65],[21.97,-16.36],[21.91,-13.02],[23.82,-12.96],[24.01,-10.9],[24.39,-11.48],[25.19,-11.29],[25.34,-11.74],[26.15,-11.99],[27.1,-11.67],[28.89,-13.41],[29.7,-13.41],[29.74,-12.25],[29.02,-12.44],[28.34,-11.8],[28.6,-9.68],[28.3,-9.23],[28.95,-8.46],[30.33,-8.26],[30.34,-8.59],[31.14,-8.65],[33.28,-9.87],[33.59,-10.45],[33.16,-10.9],[33.41,-12.44],[32.91,-12.7],[32.63,-13.54],[33.01,-14.05],[30.17,-14.95]]]}},{"type":"Feature","properties":{"n":"Kingdom of Saudi Arabia","f":1967,"t":1968,"w":"Q851"},"geometry":{"type":"Polygon","coordinates":[[[45.59,28.77],[46.61,29.15],[47.64,28.89],[48.09,28.12],[48.78,28.19],[48.87,27.67],[50.13,26.77],[50.07,26.07],[50.98,24.59],[51.5,24.52],[52.57,22.91],[55.37,22.59],[55.77,22.01],[55.17,20.09],[52.13,18.93],[49.0,18.61],[48.0,18.09],[47.42,17.06],[43.31,17.45],[42.81,16.42],[40.85,19.7],[39.35,20.79],[38.6,23.62],[37.44,24.33],[37.27,25.23],[35.41,27.87],[34.61,28.25],[34.91,29.34],[36.03,29.15],[37.95,30.44],[37.14,31.53],[39.26,32.17],[41.98,31.21],[45.59,28.77]]]}},{"type":"Feature","properties":{"n":"Republic of The Gambia","f":1967,"t":2023,"w":"Q1005"},"geometry":{"type":"Polygon","coordinates":[[[-16.82,13.08],[-16.83,13.4],[-15.23,13.79],[-13.75,13.46],[-15.15,13.53],[-16.82,13.08]]]}},{"type":"Feature","properties":{"n":"Kingdom of Jordan","f":1967,"t":1972,"w":"Q810"},"geometry":{"type":"Polygon","coordinates":[[[37.96,30.56],[37.53,29.99],[36.03,29.15],[34.91,29.34],[35.72,32.75],[36.83,32.3],[38.84,33.33],[39.26,32.17],[37.14,31.53],[37.96,30.56]]]}},{"type":"Feature","properties":{"n":"Barbados","f":1967,"t":2023,"w":"Q244"},"geometry":{"type":"Polygon","coordinates":[[[-59.67,13.34],[-59.52,13.34],[-59.57,13.01],[-59.67,13.34]]]}},{"type":"Feature","properties":{"n":"Kingdom of Cambodia","f":1967,"t":1972,"w":"Q424"},"geometry":{"type":"Polygon","coordinates":[[[105.85,11.6],[106.14,10.83],[103.55,10.51],[103.6,11.09],[103.06,10.83],[102.39,13.53],[103.46,14.43],[104.92,14.43],[106.03,13.91],[106.09,14.36],[106.7,14.56],[107.67,13.46],[107.55,12.44],[105.85,11.6]]]}},{"type":"Feature","properties":{"n":"Rhodesia","f":1967,"t":1975,"w":"Q217169"},"geometry":{"type":"Polygon","coordinates":[[[27.85,-21.57],[27.68,-20.67],[26.1,-19.64],[25.17,-17.84],[26.65,-18.1],[29.46,-15.66],[32.88,-16.81],[32.92,-19.96],[32.31,-21.38],[31.15,-22.47],[27.85,-21.57]]]}},{"type":"Feature","properties":{"n":"Malta","f":1967,"t":2023,"w":"Q233"},"geometry":{"type":"Polygon","coordinates":[[[14.57,35.77],[14.34,35.84],[14.57,35.97],[14.57,35.77]]]}},{"type":"Feature","properties":{"n":"Greek junta","f":1967,"t":1972,"w":"Q504081"},"geometry":{"type":"MultiPolygon","coordinates":[[[[22.89,36.42],[23.12,36.35],[23.11,36.16],[22.89,36.42]]],[[[24.36,37.71],[24.43,37.58],[24.27,37.51],[24.36,37.71]]],[[[20.62,37.9],[20.93,37.9],[20.92,37.64],[20.62,37.9]]],[[[24.77,38.03],[25.07,37.77],[24.83,37.71],[24.77,38.03]]],[[[20.57,38.42],[20.79,38.09],[20.32,38.16],[20.57,38.42]]],[[[23.57,38.8],[23.56,38.74],[23.48,38.74],[23.57,38.8]]],[[[24.67,38.93],[24.66,38.74],[24.36,38.87],[24.67,38.93]]],[[[23.74,40.23],[22.89,40.61],[22.54,40.1],[23.14,39.45],[22.8,39.06],[23.49,38.87],[22.94,38.74],[24.18,38.55],[23.98,37.84],[23.04,37.9],[23.4,37.32],[22.71,37.58],[23.06,36.67],[22.36,36.67],[22.22,37.06],[21.74,36.87],[21.7,37.51],[21.24,37.84],[21.74,38.35],[21.19,38.42],[20.15,39.64],[21.08,40.74],[24.15,41.59],[25.72,41.26],[26.07,41.72],[26.61,41.52],[26.24,40.81],[25.38,41.0],[23.7,40.81],[23.74,40.23]],[[23.06,38.16],[22.98,38.16],[22.98,38.09],[23.06,38.16]],[[22.84,38.35],[22.29,38.42],[22.66,37.96],[22.97,37.96],[22.84,38.35]],[[22.99,38.29],[22.91,38.29],[22.91,38.22],[22.99,38.29]],[[22.35,38.09],[22.43,38.09],[22.43,38.16],[22.35,38.09]],[[22.2,38.16],[22.28,38.16],[22.28,38.22],[22.2,38.16]],[[22.36,38.22],[22.36,38.29],[22.28,38.29],[22.28,38.22],[22.36,38.22]],[[21.14,38.93],[21.15,39.06],[20.99,39.06],[21.14,38.93]]],[[[20.15,39.58],[20.07,39.58],[20.07,39.64],[20.15,39.58]]],[[[19.91,39.58],[19.76,39.64],[19.76,39.77],[19.91,39.58]]],[[[24.49,40.81],[24.81,40.81],[24.79,40.61],[24.49,40.81]]],[[[24.3,35.32],[26.23,35.19],[23.68,35.26],[23.62,35.52],[24.3,35.32]]],[[[27.69,36.29],[28.25,36.48],[28.14,36.03],[27.74,35.9],[27.69,36.29]]],[[[27.19,36.8],[26.87,36.67],[27.04,36.93],[27.19,36.8]]],[[[25.57,37.13],[25.56,37.0],[25.33,37.0],[25.57,37.13]]],[[[24.99,37.71],[25.22,37.71],[25.29,37.51],[24.99,37.71]]],[[[26.31,37.71],[26.3,37.58],[25.99,37.51],[26.31,37.71]]],[[[27.03,37.84],[27.01,37.64],[26.62,37.64],[27.03,37.84]]],[[[25.82,38.48],[25.99,38.67],[26.22,38.55],[25.88,38.16],[25.82,38.48]]],[[[25.79,39.19],[26.04,39.38],[26.64,39.0],[25.79,39.19]]],[[[25.46,40.03],[25.45,39.84],[24.97,39.84],[25.46,40.03]]]]}},{"type":"Feature","properties":{"n":"Kingdom of Libya","f":1967,"t":1968,"w":"Q31454"},"geometry":{"type":"Polygon","coordinates":[[[13.3,32.94],[15.21,32.36],[15.65,31.4],[17.85,30.95],[18.97,30.24],[19.96,30.56],[20.02,32.24],[21.11,32.81],[22.11,32.94],[23.09,32.62],[23.15,32.24],[25.11,31.79],[24.72,29.92],[25.07,27.42],[25.09,20.09],[24.12,19.96],[24.04,19.57],[16.15,23.43],[14.21,22.66],[13.47,23.24],[12.05,23.49],[11.38,24.39],[10.26,24.59],[9.43,26.07],[9.95,26.71],[10.02,27.87],[9.41,30.18],[10.32,30.82],[10.17,31.59],[11.54,32.36],[11.54,33.14],[12.53,32.75],[13.07,32.88],[13.3,32.94]],[[13.15,32.81],[13.15,32.88],[13.07,32.88],[13.15,32.81]]]}},{"type":"Feature","properties":{"n":"Kingdom of Laos","f":1967,"t":1972,"w":"Q870055"},"geometry":{"type":"MultiPolygon","coordinates":[[[[106.77,14.49],[107.0,14.56],[107.05,14.36],[106.77,14.49]]],[[[107.28,15.01],[106.09,14.36],[106.03,13.91],[105.26,14.17],[105.68,15.65],[104.89,16.29],[104.83,17.39],[104.02,18.29],[103.36,18.35],[102.92,17.9],[102.07,18.16],[101.08,17.45],[101.31,19.44],[100.52,19.57],[100.54,20.21],[100.13,20.41],[101.18,21.44],[101.81,21.18],[101.72,22.46],[103.07,21.63],[103.04,20.99],[104.62,20.66],[104.95,19.96],[103.96,19.31],[105.12,18.74],[107.28,15.01]]]]}},{"type":"Feature","properties":{"n":"Democratic Republic of Vietnam","f":1967,"t":1972,"w":"Q172640"},"geometry":{"type":"Polygon","coordinates":[[[106.88,20.86],[105.85,19.57],[105.73,18.86],[106.96,17.32],[106.47,17.0],[105.12,18.74],[103.96,19.31],[104.95,19.96],[104.62,20.66],[103.04,20.99],[103.07,21.63],[102.21,22.27],[102.58,22.72],[104.04,22.53],[105.44,23.3],[106.71,22.91],[106.71,22.08],[108.1,21.5],[106.88,20.86]]]}},{"type":"Feature","properties":{"n":"Republic of Singapore","f":1967,"t":2023,"w":"Q334"},"geometry":{"type":"Polygon","coordinates":[[[103.56,1.38],[103.93,1.38],[103.85,1.25],[103.56,1.38]]]}},{"type":"Feature","properties":{"n":"Democratic Republic of the Congo","f":1967,"t":1972,"w":"Q974"},"geometry":{"type":"Polygon","coordinates":[[[30.41,-8.26],[28.95,-8.46],[28.3,-9.23],[28.6,-9.68],[28.34,-11.8],[29.02,-12.44],[29.74,-12.25],[29.7,-13.41],[28.89,-13.41],[27.1,-11.67],[26.15,-11.99],[25.34,-11.74],[25.19,-11.29],[24.39,-11.48],[24.01,-10.9],[22.11,-11.16],[21.64,-7.3],[19.52,-7.04],[19.16,-8.07],[17.56,-8.14],[16.38,-5.89],[12.08,-5.89],[12.95,-4.66],[13.46,-4.86],[14.33,-4.34],[14.55,-4.92],[15.86,-3.89],[16.14,-2.09],[17.66,-0.42],[17.98,2.09],[18.58,3.18],[18.53,4.34],[19.27,5.11],[20.57,4.4],[22.31,4.08],[22.76,4.79],[23.34,4.59],[25.39,5.3],[27.22,5.24],[28.22,4.34],[29.53,4.66],[30.82,3.56],[30.72,2.41],[31.23,2.09],[29.89,0.86],[29.53,-1.32],[28.81,-2.35],[29.07,-6.21],[30.41,-8.26]]]}},{"type":"Feature","properties":{"n":"Saint Kitts","f":1967,"t":2023,"w":"Q204989"},"geometry":{"type":"Polygon","coordinates":[[[-64.58,17.71],[-64.87,17.64],[-64.67,17.84],[-64.58,17.71]]]}},{"type":"Feature","properties":{"n":"Lebanon","f":1967,"t":1972,"w":"Q139708"},"geometry":{"type":"Polygon","coordinates":[[[35.64,34.36],[36.37,34.68],[36.63,34.16],[35.22,33.14],[35.64,34.36]],[[35.6,33.91],[35.52,33.91],[35.59,33.84],[35.6,33.91]]]}},{"type":"Feature","properties":{"n":"Antigua and Barbuda","f":1967,"t":2023,"w":"Q781"},"geometry":{"type":"Polygon","coordinates":[[[-61.62,16.94],[-61.76,16.94],[-61.64,17.19],[-61.62,16.94]]]}},{"type":"Feature","properties":{"n":"Republic of Botswana","f":1967,"t":1989,"w":"Q963"},"geometry":{"type":"Polygon","coordinates":[[[26.73,-23.82],[25.44,-25.69],[24.47,-25.88],[22.96,-25.3],[21.65,-26.84],[20.52,-26.84],[20.73,-25.94],[19.88,-24.85],[19.91,-22.02],[20.95,-21.89],[20.89,-18.36],[23.1,-18.04],[23.63,-18.49],[25.09,-17.78],[26.1,-19.64],[27.68,-20.67],[27.85,-21.57],[28.98,-21.89],[28.7,-22.54],[26.73,-23.82]]]}},{"type":"Feature","properties":{"n":"Libyan Arab Republic","f":1969,"t":1972,"w":"Q17435890"},"geometry":{"type":"Polygon","coordinates":[[[13.3,32.94],[15.21,32.36],[15.65,31.4],[17.85,30.95],[18.97,30.24],[19.96,30.56],[20.02,32.24],[21.11,32.81],[22.11,32.94],[23.09,32.62],[23.15,32.24],[25.11,31.79],[24.72,29.92],[25.07,27.42],[25.09,20.09],[24.12,19.96],[24.04,19.57],[16.15,23.43],[14.21,22.66],[13.47,23.24],[12.05,23.49],[11.38,24.39],[10.26,24.59],[9.43,26.07],[9.95,26.71],[10.02,27.87],[9.41,30.18],[10.32,30.82],[10.17,31.59],[11.54,32.36],[11.54,33.14],[12.53,32.75],[13.07,32.88],[13.3,32.94]],[[13.15,32.81],[13.15,32.88],[13.07,32.88],[13.15,32.81]]]}},{"type":"Feature","properties":{"n":"Morocco","f":1969,"t":1975,"w":"Q1028"},"geometry":{"type":"Polygon","coordinates":[[[-1.72,34.68],[-1.56,33.14],[-1.0,32.56],[-1.21,32.11],[-2.67,32.17],[-3.78,31.59],[-3.67,30.95],[-5.37,29.99],[-7.76,29.34],[-8.63,28.7],[-8.72,27.67],[-13.09,27.74],[-10.32,29.22],[-9.63,30.18],[-9.86,31.34],[-9.2,32.75],[-6.61,34.16],[-5.88,35.77],[-4.75,35.19],[-2.12,35.07],[-1.72,34.68]]]}},{"type":"Feature","properties":{"n":"Mauritius","f":1969,"t":2023,"w":"Q1027"},"geometry":{"type":"Polygon","coordinates":[[[57.19,-20.54],[57.45,-19.96],[57.57,-20.54],[57.19,-20.54]]]}},{"type":"Feature","properties":{"n":"Federal Republic of Nigeria","f":1969,"t":2023,"w":"Q1033"},"geometry":{"type":"Polygon","coordinates":[[[14.19,12.44],[14.7,12.18],[14.62,11.47],[13.81,11.15],[11.42,6.46],[10.69,7.04],[9.89,6.91],[8.86,5.88],[8.55,4.66],[6.43,4.27],[5.49,4.59],[4.56,6.26],[2.74,6.33],[2.75,8.96],[3.85,10.51],[3.71,12.5],[4.59,13.72],[5.84,13.85],[6.94,13.01],[8.11,13.34],[9.43,12.76],[10.75,13.4],[12.44,13.08],[13.62,13.72],[14.19,12.44]]]}},{"type":"Feature","properties":{"n":"Kingdom of Great Britain","f":1969,"t":2023,"w":"Q23666"},"geometry":{"type":"MultiPolygon","coordinates":[[[[-5.3,36.35],[-5.36,36.16],[-5.52,36.16],[-5.3,36.35]]],[[[-4.81,54.34],[-4.38,54.41],[-4.36,54.21],[-4.86,54.07],[-4.81,54.34]]],[[[-7.64,54.14],[-8.13,54.55],[-6.15,55.29],[-5.42,54.41],[-5.9,54.07],[-7.07,54.41],[-7.64,54.14]]],[[[-7.25,57.42],[-7.29,57.08],[-7.47,57.08],[-7.6,57.35],[-7.25,57.42]]],[[[-7.44,57.49],[-7.56,57.7],[-7.12,57.7],[-7.44,57.49]]],[[[-7.13,57.77],[-7.28,58.18],[-6.26,58.53],[-6.21,58.18],[-7.13,57.77]]],[[[-3.2,59.22],[-2.79,58.88],[-3.42,58.81],[-3.2,59.22]]],[[[-2.56,59.22],[-2.83,59.16],[-2.84,59.29],[-2.56,59.22]]],[[[58.77,20.6],[59.0,20.66],[58.98,20.41],[58.82,20.21],[58.77,20.6]]],[[[59.9,22.53],[59.86,22.08],[58.61,20.41],[57.93,20.28],[57.9,18.99],[57.0,18.8],[56.41,17.9],[55.59,17.84],[55.16,17.0],[53.22,16.68],[52.13,18.93],[55.17,20.09],[55.77,22.01],[55.3,22.66],[52.57,22.91],[51.7,24.26],[54.08,24.14],[56.33,26.39],[56.4,24.97],[57.06,24.07],[58.81,23.62],[59.9,22.53]]],[[[50.95,25.94],[51.42,26.13],[51.7,25.87],[51.5,24.52],[50.98,24.59],[50.95,25.94]]],[[[50.69,26.26],[50.65,25.87],[50.43,25.94],[50.69,26.26]]],[[[13.35,52.65],[13.44,52.59],[13.18,52.59],[13.35,52.65]]],[[[-2.67,56.25],[-3.26,56.05],[-1.73,55.7],[-1.29,54.68],[-0.2,54.21],[0.3,53.39],[0.17,52.86],[1.62,52.86],[1.59,52.12],[0.52,51.51],[1.38,51.38],[1.31,51.11],[0.49,50.78],[-1.37,50.85],[-1.18,50.58],[-3.13,50.71],[-3.58,50.25],[-5.75,50.05],[-4.2,51.31],[-3.09,51.25],[-2.95,51.45],[-5.08,51.58],[-5.3,51.98],[-4.16,52.45],[-4.3,52.92],[-4.79,52.79],[-4.49,53.12],[-4.7,53.46],[-3.32,53.39],[-2.97,54.14],[-3.59,54.27],[-3.57,54.89],[-5.21,54.75],[-4.77,55.43],[-5.0,55.84],[-5.44,55.91],[-5.12,55.43],[-5.57,55.57],[-5.63,55.29],[-5.89,55.29],[-5.8,55.98],[-6.63,55.63],[-5.66,56.18],[-6.29,56.32],[-5.95,57.01],[-6.82,57.49],[-6.32,57.77],[-5.7,57.14],[-5.89,57.83],[-5.2,58.67],[-3.14,58.74],[-3.43,58.18],[-4.12,57.97],[-3.99,57.7],[-1.85,57.7],[-2.67,56.25]]],[[[-1.16,60.56],[-1.2,60.07],[-1.67,60.21],[-1.63,60.63],[-0.81,60.63],[-1.16,60.56]]]]}},{"type":"Feature","properties":{"n":"People's Democratic Republic of Yemen","f":1969,"t":1986,"w":"Q199841"},"geometry":{"type":"MultiPolygon","coordinates":[[[[53.48,12.76],[54.5,12.63],[54.19,12.31],[53.32,12.5],[53.48,12.76]]],[[[52.1,15.46],[49.41,14.69],[48.79,14.04],[45.74,13.34],[45.05,12.76],[43.59,12.69],[45.18,13.91],[46.0,14.04],[46.16,14.36],[45.61,15.14],[48.0,18.09],[49.0,18.61],[52.13,18.93],[53.22,16.68],[52.38,16.29],[52.1,15.46]]]]}},{"type":"Feature","properties":{"n":"Republic of Benin","f":1969,"t":2023,"w":"Q962"},"geometry":{"type":"Polygon","coordinates":[[[2.75,8.96],[2.74,6.33],[1.79,6.2],[1.66,8.96],[0.85,10.31],[0.93,10.96],[2.1,11.47],[2.9,12.37],[3.64,11.79],[3.63,9.99],[2.75,8.96]]]}},{"type":"Feature","properties":{"n":"Kingdom of Afghanistan","f":1969,"t":1972,"w":"Q1138904"},"geometry":{"type":"Polygon","coordinates":[[[71.68,35.32],[71.05,34.61],[71.19,34.23],[69.99,34.04],[70.26,33.2],[69.54,33.07],[69.09,31.66],[68.12,31.79],[67.72,31.27],[66.88,31.27],[65.99,29.73],[62.3,29.41],[60.93,29.79],[61.92,31.21],[60.84,31.59],[60.62,32.88],[60.89,33.52],[60.53,33.65],[60.57,34.23],[61.3,35.58],[62.3,35.19],[62.96,35.39],[65.71,37.51],[67.92,37.0],[69.35,37.13],[69.55,37.58],[70.27,37.64],[70.71,38.42],[71.18,38.42],[71.57,37.84],[71.58,36.74],[73.33,37.45],[74.92,37.25],[71.39,36.29],[71.68,35.32]]]}},{"type":"Feature","properties":{"n":"British East Africa","f":1969,"t":1972,"w":"Q876185"},"geometry":{"type":"Polygon","coordinates":[[[55.21,-4.6],[55.43,-4.6],[55.43,-4.79],[55.21,-4.6]]]}},{"type":"Feature","properties":{"n":"Kingdom of Saudi Arabia","f":1969,"t":1972,"w":"Q851"},"geometry":{"type":"Polygon","coordinates":[[[46.61,29.15],[47.64,28.89],[48.09,28.12],[48.78,28.19],[48.87,27.67],[50.13,26.77],[50.07,26.07],[50.98,24.59],[51.5,24.52],[52.57,22.91],[55.3,22.66],[55.77,22.01],[55.17,20.09],[52.13,18.93],[49.0,18.61],[48.0,18.09],[47.42,17.06],[43.31,17.45],[42.81,16.42],[40.85,19.7],[39.35,20.79],[38.6,23.62],[37.44,24.33],[37.27,25.23],[35.41,27.87],[34.61,28.25],[34.91,29.34],[36.03,29.15],[37.95,30.44],[37.14,31.53],[39.26,32.17],[41.98,31.21],[45.59,28.77],[46.61,29.15]]]}},{"type":"Feature","properties":{"n":"Saint Vincent","f":1969,"t":2023,"w":"Q757"},"geometry":{"type":"Polygon","coordinates":[[[-61.07,13.4],[-61.05,13.14],[-61.28,13.34],[-61.07,13.4]]]}},{"type":"Feature","properties":{"n":"Union of Soviet Socialist Republics","f":1969,"t":1972,"w":"Q15180"},"geometry":{"type":"MultiPolygon","coordinates":[[[[33.52,44.45],[33.61,45.1],[32.6,45.43],[34.15,46.09],[35.02,45.3],[36.42,45.43],[33.52,44.45]]],[[[29.67,45.43],[29.66,45.37],[29.58,45.37],[29.67,45.43]]],[[[53.1,46.02],[53.18,46.02],[53.17,45.96],[53.1,46.02]]],[[[13.44,52.72],[13.69,52.59],[13.6,52.45],[13.44,52.72]]],[[[23.12,58.39],[21.9,57.9],[21.88,58.53],[23.12,58.39]]],[[[22.84,59.09],[22.9,58.81],[22.19,58.88],[22.84,59.09]]],[[[35.65,65.22],[36.13,65.22],[35.5,65.0],[35.65,65.22]]],[[[49.52,69.56],[50.32,69.33],[49.7,68.88],[48.34,68.73],[48.24,69.41],[49.52,69.56]]],[[[51.35,79.91],[50.65,79.91],[50.97,80.19],[51.35,79.91]]],[[[59.43,80.19],[60.25,80.19],[59.89,79.91],[59.43,80.19]]],[[[50.16,80.37],[50.57,80.28],[50.43,80.09],[49.96,80.09],[50.16,80.37]]],[[[47.56,80.19],[47.04,80.28],[47.16,80.47],[47.63,80.47],[47.56,80.19]]],[[[53.79,80.19],[52.73,80.19],[52.95,80.47],[53.79,80.19]]],[[[54.6,80.47],[54.72,80.47],[54.64,80.37],[54.6,80.47]]],[[[58.31,80.94],[58.9,80.94],[58.22,80.56],[59.05,80.56],[58.18,80.09],[56.06,80.09],[56.37,80.47],[57.98,80.56],[58.31,80.94]]],[[[54.36,80.47],[54.75,80.65],[54.6,80.47],[54.36,80.47]]],[[[48.59,80.65],[50.93,80.94],[50.47,80.47],[47.85,80.09],[48.67,80.94],[48.59,80.65]]],[[[47.22,80.56],[45.92,80.56],[46.05,80.75],[47.53,80.84],[47.22,80.56]]],[[[50.77,80.56],[51.81,80.84],[51.72,80.56],[50.77,80.56]]],[[[47.76,80.65],[47.52,80.65],[48.07,80.94],[47.76,80.65]]],[[[57.57,81.63],[58.33,81.53],[56.72,81.04],[58.07,80.94],[57.83,80.65],[54.9,80.84],[57.57,81.63]]],[[[59.65,81.93],[59.68,81.83],[58.61,81.43],[58.8,81.93],[59.65,81.93]]],[[[108.87,53.53],[108.52,53.53],[108.6,53.73],[108.93,53.94],[108.87,53.53]]],[[[47.93,42.24],[49.51,40.61],[50.26,40.42],[49.4,40.1],[48.79,38.48],[48.06,38.8],[48.13,39.64],[46.67,38.93],[45.07,39.26],[44.42,40.03],[43.65,40.16],[43.58,41.13],[42.86,41.59],[41.58,41.52],[41.82,41.98],[41.33,42.89],[36.78,45.1],[36.75,45.43],[37.7,45.3],[38.37,46.35],[37.84,46.61],[39.13,46.94],[39.2,47.33],[35.63,46.68],[34.74,46.15],[32.68,46.09],[31.82,46.35],[32.03,46.74],[30.88,46.68],[29.58,45.43],[28.51,45.24],[28.13,45.5],[28.11,46.87],[26.85,48.26],[25.07,47.8],[20.58,48.59],[17.71,47.73],[17.06,47.99],[16.76,48.79],[14.94,48.99],[14.18,48.59],[12.53,49.52],[12.12,50.25],[14.33,51.05],[15.26,50.98],[16.34,50.65],[16.49,50.18],[17.17,50.45],[19.87,49.18],[22.78,49.12],[22.74,49.71],[24.08,50.58],[23.63,51.98],[23.15,52.25],[23.98,52.86],[23.5,54.0],[23.02,54.41],[19.82,54.48],[19.95,55.02],[21.09,55.09],[20.87,56.46],[21.6,57.63],[22.52,57.83],[23.58,57.01],[24.23,57.28],[24.27,58.25],[23.41,58.53],[23.41,59.29],[30.14,59.92],[28.65,60.28],[28.54,60.7],[27.97,60.56],[31.5,62.98],[30.05,63.7],[30.55,64.28],[29.62,64.86],[30.03,65.88],[29.05,66.77],[29.94,67.67],[28.42,68.42],[29.32,69.33],[31.91,70.02],[32.98,69.87],[32.9,69.56],[33.44,69.33],[36.13,69.26],[41.0,67.74],[41.39,67.15],[41.04,66.7],[38.68,66.03],[32.55,67.07],[33.0,66.55],[34.87,65.88],[34.44,65.37],[34.98,64.49],[37.39,63.91],[37.88,63.99],[37.89,64.35],[36.79,64.49],[36.36,65.0],[37.21,65.3],[38.21,64.79],[40.19,64.71],[39.54,65.37],[40.4,65.96],[41.96,66.55],[43.97,66.18],[44.37,67.0],[43.6,67.3],[44.17,68.27],[43.45,68.73],[45.88,68.57],[46.66,67.82],[44.93,67.44],[45.81,66.92],[47.37,66.92],[47.78,67.67],[53.28,69.03],[54.04,68.95],[53.87,68.42],[53.3,68.27],[58.39,69.03],[59.09,69.03],[59.4,68.88],[59.24,68.42],[59.74,68.42],[60.7,68.88],[60.09,69.72],[58.34,70.18],[59.07,70.57],[60.54,69.79],[63.93,69.72],[68.49,68.27],[68.95,68.95],[66.6,69.64],[67.17,70.18],[67.19,70.8],[66.53,71.03],[68.33,71.81],[69.96,73.49],[71.3,73.57],[71.11,73.08],[69.71,72.92],[72.94,72.76],[72.66,72.05],[71.81,71.5],[72.89,71.03],[72.5,69.03],[73.63,68.65],[73.07,67.74],[71.52,66.62],[70.4,66.4],[72.1,66.33],[74.65,67.74],[74.2,68.35],[74.59,68.88],[76.47,69.11],[77.31,68.65],[77.25,68.05],[77.88,68.35],[77.59,68.88],[76.63,69.18],[73.66,69.11],[73.41,69.72],[74.22,70.64],[72.89,71.42],[74.87,72.21],[74.86,72.92],[75.77,72.53],[75.27,71.81],[75.4,71.34],[77.19,71.27],[75.85,71.89],[77.23,72.05],[76.71,72.29],[77.48,72.69],[82.52,71.81],[82.13,72.29],[80.47,72.53],[80.55,73.16],[80.18,73.33],[80.89,73.73],[86.9,73.89],[87.0,74.46],[86.06,74.3],[87.32,75.12],[89.01,75.54],[95.91,76.38],[96.8,76.38],[96.22,76.04],[97.65,76.04],[99.11,76.3],[99.15,76.64],[100.8,76.55],[101.49,77.24],[102.94,77.67],[105.1,77.76],[106.29,77.58],[105.16,77.15],[107.59,77.06],[106.66,76.55],[112.07,76.81],[114.09,75.96],[113.31,75.12],[106.15,73.33],[105.53,72.92],[110.4,73.65],[110.73,73.81],[109.34,73.65],[110.12,74.14],[111.06,73.97],[112.12,74.63],[113.31,74.63],[113.61,74.54],[111.48,73.89],[112.53,73.73],[113.21,74.05],[113.6,73.81],[113.36,73.57],[118.9,73.73],[118.4,73.33],[120.56,73.0],[123.08,73.0],[123.21,73.57],[124.01,73.81],[128.08,73.57],[129.12,73.16],[128.74,72.92],[129.22,72.76],[128.74,72.53],[129.64,72.37],[128.87,71.66],[130.99,70.8],[132.46,71.97],[133.49,71.5],[139.7,71.58],[139.36,71.81],[139.8,72.21],[139.0,72.29],[141.34,72.92],[146.82,72.53],[146.53,72.13],[147.41,72.45],[149.62,72.29],[150.1,71.97],[148.95,71.74],[151.81,71.42],[152.49,70.88],[155.5,71.19],[159.39,70.95],[160.15,70.64],[159.78,69.87],[160.89,69.64],[166.9,69.56],[169.01,70.1],[169.63,69.95],[169.11,69.56],[168.35,69.64],[168.28,69.33],[170.45,68.88],[170.96,69.26],[169.96,69.64],[170.68,70.18],[171.8,70.18],[176.31,69.95],[180.0,69.11],[180.0,65.08],[177.34,64.49],[178.45,64.42],[178.89,63.91],[178.58,63.62],[179.4,63.34],[179.61,62.69],[179.0,62.33],[177.06,62.62],[173.58,61.69],[170.68,60.49],[170.28,59.92],[169.06,60.63],[166.99,60.35],[166.07,59.78],[166.19,60.49],[164.79,59.78],[163.64,60.0],[161.97,58.04],[163.38,57.83],[162.71,57.28],[163.46,56.39],[162.57,56.05],[162.58,56.46],[161.95,55.98],[161.77,55.23],[162.21,54.89],[160.06,54.21],[159.83,53.8],[160.13,53.26],[158.78,52.99],[158.3,51.98],[156.78,50.98],[156.39,51.25],[155.43,54.68],[155.7,56.52],[156.85,57.35],[156.86,57.9],[158.4,58.18],[161.99,60.56],[163.63,60.98],[163.35,60.98],[163.88,61.34],[163.62,61.41],[163.86,62.12],[164.55,62.69],[163.3,62.55],[163.07,61.9],[163.42,61.83],[163.0,61.55],[162.27,61.62],[160.17,60.63],[160.23,61.05],[159.67,60.98],[160.28,61.9],[157.1,61.69],[154.25,59.85],[154.14,59.5],[155.22,59.43],[154.93,59.16],[151.23,58.88],[152.05,59.29],[149.42,59.78],[148.61,59.22],[143.08,59.36],[140.9,58.39],[137.43,55.98],[135.2,54.95],[136.92,54.68],[136.68,53.87],[137.69,54.34],[137.32,54.07],[137.86,54.0],[137.27,53.6],[138.1,53.73],[138.73,54.34],[140.03,54.34],[141.46,53.33],[141.15,52.52],[141.56,52.25],[140.65,51.25],[140.25,48.59],[135.11,43.47],[133.27,42.69],[131.91,43.28],[130.77,42.43],[130.47,42.69],[131.27,43.28],[130.91,44.71],[131.7,45.24],[132.98,45.1],[134.68,47.66],[134.52,48.39],[132.12,47.66],[130.85,47.73],[130.57,48.85],[127.48,49.78],[125.9,52.86],[123.85,53.53],[121.9,53.46],[120.08,52.86],[119.9,52.65],[120.53,52.59],[120.67,52.05],[119.65,51.11],[119.28,50.11],[117.83,49.52],[114.01,50.25],[112.73,49.52],[108.59,49.32],[106.46,50.38],[103.3,50.18],[102.3,50.58],[101.91,51.51],[98.93,52.12],[97.84,51.11],[98.13,50.11],[97.43,49.78],[94.87,49.98],[94.13,50.58],[92.27,50.85],[89.49,49.65],[86.87,49.12],[86.6,48.59],[85.64,48.32],[85.74,47.33],[85.14,46.94],[83.04,47.2],[82.31,45.56],[82.55,45.17],[79.95,44.97],[80.41,44.71],[80.79,43.28],[80.14,42.04],[78.03,41.07],[76.89,41.0],[76.27,40.36],[75.49,40.61],[73.93,39.97],[73.77,38.67],[74.87,38.42],[74.92,37.25],[73.33,37.45],[71.58,36.74],[71.57,37.84],[71.18,38.42],[70.71,38.42],[70.27,37.64],[69.55,37.58],[69.35,37.13],[67.92,37.0],[65.71,37.51],[64.83,37.13],[64.3,36.16],[62.3,35.19],[61.3,35.58],[61.14,36.61],[60.44,36.61],[59.17,37.58],[57.19,38.22],[55.2,38.03],[53.96,37.32],[53.99,39.0],[53.14,39.45],[53.54,39.51],[53.5,40.03],[52.79,40.03],[52.7,40.36],[52.89,40.87],[54.37,40.74],[54.73,41.26],[54.09,41.59],[53.91,42.17],[53.19,42.17],[52.72,41.52],[52.44,42.04],[52.79,42.82],[51.44,43.21],[50.88,44.25],[50.19,44.45],[51.42,44.52],[51.02,44.84],[51.47,45.37],[54.3,44.97],[54.29,45.56],[53.06,45.56],[53.35,46.35],[53.11,47.01],[50.84,47.14],[49.3,46.55],[47.47,45.69],[46.69,44.71],[47.93,42.24]],[[103.57,51.58],[105.74,51.65],[106.4,52.32],[108.83,53.26],[109.64,54.27],[109.99,55.84],[109.32,55.77],[108.12,54.0],[104.91,51.92],[103.57,51.58]],[[74.32,45.96],[75.45,46.55],[78.46,46.28],[79.33,46.81],[74.6,46.87],[73.63,46.28],[73.35,45.56],[73.94,44.97],[74.32,45.96]],[[78.04,42.17],[78.66,42.76],[76.53,42.63],[76.51,42.37],[78.04,42.17]],[[59.12,43.41],[60.29,43.54],[61.58,44.91],[61.72,45.37],[61.34,45.43],[61.25,45.96],[61.7,46.87],[60.12,46.81],[59.41,46.09],[58.64,45.96],[57.96,43.86],[59.13,43.73],[59.12,43.41]],[[53.33,44.39],[53.74,45.04],[53.42,45.04],[53.33,44.39]],[[35.2,60.91],[35.57,60.91],[36.08,61.12],[36.22,61.69],[35.29,62.4],[35.27,63.05],[34.12,63.34],[34.05,63.05],[34.99,62.69],[34.88,62.26],[34.02,62.55],[34.04,61.83],[35.26,61.55],[35.2,60.91]],[[32.17,60.91],[31.78,61.26],[31.02,61.62],[29.86,61.34],[30.38,59.78],[31.86,60.35],[32.17,60.91]],[[24.83,54.27],[24.74,54.27],[24.73,54.21],[24.83,54.27]],[[24.92,54.34],[24.84,54.34],[24.83,54.27],[24.92,54.34]]],[[[79.18,73.16],[79.66,73.0],[79.36,72.69],[78.57,72.84],[79.18,73.16]]],[[[74.58,72.84],[73.98,73.0],[74.4,73.25],[74.58,72.84]]],[[[76.03,73.65],[75.39,73.41],[75.61,73.65],[76.03,73.65]]],[[[60.96,75.2],[55.95,73.08],[56.32,73.0],[55.5,72.53],[55.43,72.05],[56.11,71.27],[57.62,70.88],[57.49,70.64],[53.85,70.72],[53.25,71.5],[52.85,70.95],[52.2,71.27],[52.43,71.5],[51.25,71.81],[52.77,72.69],[52.34,72.84],[54.14,73.41],[53.7,73.89],[56.11,74.79],[56.29,75.04],[55.75,75.04],[56.09,75.37],[56.73,75.2],[59.33,76.04],[64.23,76.38],[66.97,77.06],[69.14,76.89],[69.03,76.55],[67.83,76.21],[60.96,75.2]]],[[[84.51,74.54],[84.92,74.63],[84.65,74.38],[84.51,74.54]]],[[[85.78,74.63],[86.6,74.87],[86.21,74.63],[85.78,74.63]]],[[[85.44,74.71],[85.12,74.71],[85.41,74.87],[85.44,74.71]]],[[[82.04,75.54],[82.38,75.45],[81.76,75.29],[82.04,75.54]]],[[[97.0,76.21],[96.56,76.13],[97.14,76.46],[97.0,76.21]]],[[[97.59,76.55],[97.37,76.55],[97.62,76.81],[97.59,76.55]]],[[[96.0,77.24],[96.91,77.32],[96.42,76.98],[95.53,76.98],[96.0,77.24]]],[[[89.18,77.15],[89.97,77.41],[89.62,77.15],[89.18,77.15]]],[[[101.49,78.2],[99.41,78.02],[101.97,79.45],[103.59,79.45],[102.72,78.91],[104.57,79.27],[106.0,78.73],[104.7,78.29],[101.49,78.2]]],[[[100.5,80.0],[99.8,79.18],[100.36,79.09],[97.53,78.82],[93.26,79.45],[94.78,80.09],[92.94,79.63],[91.35,79.91],[92.78,80.09],[93.18,80.37],[92.6,80.37],[93.55,81.04],[95.77,81.33],[98.05,80.94],[97.36,80.56],[98.56,80.19],[98.27,80.0],[100.5,80.0]]],[[[60.62,81.13],[61.9,81.23],[61.76,80.94],[62.62,80.84],[61.92,80.47],[59.4,80.56],[60.62,81.13]]],[[[80.32,80.75],[79.14,80.75],[80.8,81.04],[80.32,80.75]]],[[[65.9,81.04],[65.26,80.75],[62.89,80.75],[65.9,81.04]]],[[[90.74,81.33],[91.94,81.33],[91.27,80.94],[90.21,81.04],[90.74,81.33]]],[[[59.91,81.13],[60.32,81.33],[60.14,81.13],[59.91,81.13]]],[[[63.4,81.43],[62.66,81.53],[63.06,81.83],[63.81,81.73],[63.4,81.43]]],[[[146.98,43.93],[146.5,43.73],[146.69,43.86],[146.98,43.93]]],[[[146.51,44.45],[145.29,43.73],[146.08,44.52],[146.51,44.45]]],[[[148.96,45.56],[146.78,44.39],[147.88,45.43],[148.96,45.56]]],[[[150.55,46.28],[149.37,45.56],[149.51,45.82],[150.55,46.28]]],[[[152.34,47.2],[151.58,46.81],[151.96,47.14],[152.34,47.2]]],[[[144.67,48.99],[144.74,48.79],[144.46,48.65],[144.67,48.99]]],[[[154.42,49.25],[154.9,49.65],[154.73,49.32],[154.42,49.25]]],[[[143.07,51.98],[144.43,49.18],[142.96,49.12],[142.5,47.93],[143.62,46.41],[143.3,46.22],[143.24,46.55],[142.53,46.68],[141.89,45.89],[141.66,46.41],[142.15,48.19],[141.75,48.79],[142.15,51.05],[141.46,51.98],[141.85,52.79],[141.72,53.33],[142.54,53.53],[142.31,54.21],[142.69,54.48],[143.08,54.27],[143.33,52.65],[143.07,51.98]]],[[[155.82,50.71],[156.54,50.91],[155.84,50.25],[155.08,50.25],[155.82,50.71]]],[[[167.26,54.75],[167.87,54.89],[167.78,54.61],[167.26,54.75]]],[[[137.59,54.41],[137.14,54.89],[137.5,55.23],[138.15,55.02],[137.59,54.41]]],[[[136.87,54.89],[136.53,54.89],[136.9,55.16],[137.18,55.09],[136.87,54.89]]],[[[166.32,55.43],[166.74,54.82],[165.96,54.89],[165.7,55.29],[166.32,55.43]]],[[[163.27,58.53],[163.69,59.02],[164.81,59.29],[163.27,58.53]]],[[[141.11,73.97],[142.7,73.97],[143.61,73.49],[139.52,73.33],[141.11,73.97]]],[[[136.32,74.22],[136.43,74.22],[136.06,73.89],[135.28,74.05],[136.32,74.22]]],[[[140.89,73.97],[139.83,73.97],[140.37,74.38],[141.24,74.22],[140.89,73.97]]],[[[147.94,74.79],[146.07,75.2],[146.68,75.71],[151.17,75.2],[150.09,74.79],[147.94,74.79]]],[[[142.34,75.45],[143.59,75.96],[145.58,75.71],[143.46,74.87],[141.73,75.04],[139.22,74.63],[136.86,75.2],[137.23,75.45],[137.01,75.62],[138.79,76.3],[140.13,75.87],[141.92,76.21],[142.72,75.96],[142.34,75.45]]],[[[135.87,75.37],[135.33,75.37],[135.59,75.79],[136.14,75.96],[136.35,75.62],[135.87,75.37]]],[[[149.13,76.64],[148.69,76.64],[149.63,76.81],[149.13,76.64]]],[[[149.49,76.89],[149.71,76.89],[149.18,76.81],[149.49,76.89]]]]}},{"type":"Feature","properties":{"n":"(British Empire)","f":1969,"t":1995,"w":"Q8680"},"geometry":{"type":"MultiPolygon","coordinates":[[[[-61.01,-52.06],[-61.23,-51.99],[-61.12,-51.79],[-60.81,-51.86],[-61.01,-52.06]]],[[[-61.57,12.24],[-61.55,11.99],[-61.78,12.05],[-61.57,12.24]]],[[[-61.26,15.65],[-61.15,15.2],[-61.37,15.2],[-61.26,15.65]]],[[[-89.05,17.96],[-88.08,18.35],[-88.14,16.81],[-88.82,15.91],[-89.11,15.91],[-89.05,17.96]]],[[[-73.66,20.92],[-73.69,21.11],[-72.97,21.24],[-73.66,20.92]]],[[[-72.22,21.69],[-72.32,21.89],[-72.1,21.89],[-72.22,21.69]]],[[[-72.82,22.27],[-72.93,22.46],[-72.69,22.34],[-72.82,22.27]]],[[[-73.67,22.46],[-74.15,22.21],[-73.94,22.72],[-73.67,22.46]]],[[[-74.86,22.91],[-75.17,23.43],[-75.02,23.43],[-74.86,22.91]]],[[[-77.76,23.75],[-77.92,24.2],[-77.48,24.26],[-77.4,23.81],[-77.76,23.75]]],[[[-74.51,23.94],[-74.55,24.14],[-74.32,24.14],[-74.51,23.94]]],[[[-75.49,24.39],[-75.59,24.52],[-75.24,24.26],[-75.43,24.07],[-75.49,24.39]]],[[[-78.39,24.71],[-78.19,25.23],[-77.62,24.59],[-78.09,24.33],[-78.39,24.71]]],[[[-76.23,24.78],[-76.26,24.91],[-76.05,24.97],[-76.23,24.78]]],[[[-76.6,25.49],[-76.35,25.36],[-76.48,25.29],[-76.6,25.49]]],[[[-77.29,25.94],[-77.19,26.52],[-77.67,26.97],[-76.94,26.39],[-77.29,25.94]]],[[[-77.98,26.71],[-77.97,26.64],[-78.68,26.45],[-78.6,26.77],[-77.98,26.71]]],[[[-64.65,32.36],[-64.67,32.17],[-64.86,32.3],[-64.65,32.36]]],[[[-37.96,-54.01],[-36.62,-54.15],[-35.74,-54.82],[-36.16,-55.03],[-37.96,-54.01]]],[[[-59.02,-51.32],[-57.81,-51.45],[-58.66,-52.12],[-59.83,-52.26],[-59.02,-51.32]]],[[[-60.57,-51.39],[-59.22,-51.39],[-60.51,-52.26],[-60.91,-52.19],[-60.37,-51.65],[-60.57,-51.39]]],[[[55.43,-4.6],[55.43,-4.79],[55.21,-4.6],[55.43,-4.6]]],[[[-60.8,13.72],[-60.94,13.66],[-61.04,14.04],[-60.8,13.72]]],[[[51.12,26.13],[51.7,25.87],[51.5,24.52],[50.98,24.59],[51.12,26.13]]],[[[50.65,25.87],[50.43,25.94],[50.46,26.26],[50.65,25.87]]],[[[-5.52,36.16],[-5.3,36.35],[-5.29,36.29],[-5.52,36.16]]],[[[13.18,52.59],[13.27,52.65],[13.44,52.59],[13.18,52.59]]],[[[-4.38,54.41],[-4.36,54.21],[-4.86,54.07],[-4.38,54.41]]],[[[-3.26,56.05],[-1.73,55.7],[-1.29,54.68],[-0.2,54.21],[0.3,53.39],[0.17,52.86],[1.62,52.86],[1.59,52.12],[0.52,51.51],[1.38,51.38],[1.31,51.11],[0.49,50.78],[-1.37,50.85],[-1.18,50.58],[-3.13,50.71],[-3.58,50.25],[-5.75,50.05],[-4.2,51.31],[-3.09,51.25],[-2.95,51.45],[-5.08,51.58],[-5.3,51.98],[-4.16,52.45],[-4.3,52.92],[-4.79,52.79],[-4.49,53.12],[-4.7,53.46],[-3.32,53.39],[-2.97,54.14],[-3.59,54.27],[-3.57,54.89],[-5.21,54.75],[-4.77,55.43],[-5.0,55.84],[-5.44,55.91],[-5.12,55.43],[-5.57,55.57],[-5.63,55.29],[-5.89,55.29],[-5.8,55.98],[-6.63,55.63],[-5.66,56.18],[-6.29,56.32],[-5.95,57.01],[-6.82,57.49],[-6.32,57.77],[-5.7,57.14],[-5.89,57.83],[-5.2,58.67],[-3.14,58.74],[-3.43,58.18],[-4.12,57.97],[-3.99,57.7],[-1.85,57.7],[-3.26,56.05]]],[[[-8.13,54.55],[-6.15,55.29],[-5.42,54.41],[-5.9,54.07],[-8.13,54.55]]],[[[-7.29,57.08],[-7.47,57.08],[-7.6,57.35],[-7.25,57.42],[-7.29,57.08]]],[[[-7.56,57.7],[-7.12,57.7],[-7.11,57.63],[-7.56,57.7]]],[[[-7.13,57.77],[-7.28,58.18],[-6.26,58.53],[-6.52,57.9],[-7.13,57.77]]],[[[-2.81,59.02],[-2.79,58.88],[-3.42,58.81],[-3.38,59.22],[-2.81,59.02]]],[[[-2.83,59.16],[-2.84,59.29],[-2.58,59.36],[-2.83,59.16]]],[[[-1.67,60.21],[-1.63,60.63],[-0.83,60.84],[-1.05,60.35],[-1.67,60.21]]],[[[178.21,-18.94],[178.25,-19.06],[177.97,-19.13],[178.21,-18.94]]],[[[178.65,-18.1],[177.19,-18.16],[177.36,-17.46],[178.07,-17.33],[178.65,-18.1]]],[[[179.83,-16.17],[179.83,-16.75],[178.39,-16.88],[179.83,-16.17]]],[[[160.19,-11.54],[160.46,-11.86],[160.24,-11.86],[160.19,-11.54]]],[[[166.07,-10.64],[166.08,-10.77],[165.66,-10.9],[166.07,-10.64]]],[[[162.3,-10.9],[161.7,-10.84],[161.11,-10.19],[162.3,-10.9]]],[[[160.5,-10.0],[159.42,-9.61],[159.45,-9.23],[160.51,-9.49],[160.5,-10.0]]],[[[161.19,-9.1],[161.49,-9.81],[160.61,-9.1],[160.44,-8.26],[161.19,-9.1]]],[[[157.31,-8.39],[157.27,-8.65],[157.12,-8.65],[157.31,-8.39]]],[[[156.82,-7.81],[157.49,-8.01],[157.95,-8.84],[157.38,-8.33],[156.82,-7.81]]],[[[159.74,-8.52],[158.33,-7.56],[158.62,-7.56],[159.74,-8.52]]],[[[156.37,-7.75],[156.35,-7.56],[156.57,-7.56],[156.54,-8.01],[156.37,-7.75]]],[[[155.59,-7.17],[155.57,-6.98],[155.72,-6.98],[155.59,-7.17]]],[[[157.36,-7.43],[156.77,-7.3],[156.27,-6.59],[157.36,-7.43]]],[[[115.17,4.98],[115.28,4.4],[114.94,4.85],[114.46,4.08],[114.06,4.66],[115.17,4.98]]],[[[59.0,20.66],[58.67,20.21],[58.77,20.54],[59.0,20.66]]],[[[59.9,22.53],[59.86,22.08],[58.61,20.41],[57.93,20.28],[57.9,18.99],[57.0,18.8],[56.41,17.9],[55.59,17.84],[55.16,17.0],[53.22,16.68],[52.13,18.93],[55.17,20.09],[55.77,22.01],[55.3,22.66],[52.57,22.91],[51.7,24.26],[54.08,24.14],[56.33,26.39],[56.73,24.46],[57.49,23.88],[58.81,23.62],[59.9,22.53]]],[[[114.53,22.14],[114.0,22.08],[114.0,22.46],[114.32,22.59],[114.53,22.14]]]]}},{"type":"Feature","properties":{"n":"Arab Socialist Ba'ath Party","f":1969,"t":1972,"w":"Q16243030"},"geometry":{"type":"Polygon","coordinates":[[[36.83,32.3],[35.95,32.75],[35.78,33.33],[36.63,34.16],[35.93,34.87],[35.88,35.9],[36.62,36.29],[36.68,36.8],[39.54,36.67],[42.26,37.25],[42.11,36.74],[41.29,36.42],[41.04,34.42],[36.83,32.3]]]}},{"type":"Feature","properties":{"n":"Eswatini","f":1969,"t":1972,"w":"Q1050"},"geometry":{"type":"Polygon","coordinates":[[[30.74,-26.91],[31.06,-25.82],[31.98,-26.14],[31.59,-27.36],[30.74,-26.91]]]}},{"type":"Feature","properties":{"n":"Republic of Poland","f":1969,"t":1989,"w":"Q36"},"geometry":{"type":"Polygon","coordinates":[[[14.55,52.65],[14.13,52.79],[14.24,53.73],[15.04,54.21],[17.5,54.89],[18.46,54.89],[18.69,54.41],[19.46,54.34],[23.02,54.41],[23.98,52.86],[23.15,52.25],[23.63,51.98],[24.08,50.58],[22.74,49.71],[22.69,49.05],[21.8,49.38],[19.87,49.18],[17.17,50.45],[16.49,50.18],[16.34,50.65],[14.83,50.91],[15.01,51.31],[14.6,51.71],[14.55,52.65]]]}},{"type":"Feature","properties":{"n":"United Arab Republic","f":1969,"t":1972,"w":"Q170468"},"geometry":{"type":"Polygon","coordinates":[[[32.38,31.08],[32.78,30.24],[32.43,29.6],[32.69,28.96],[33.61,27.99],[35.15,24.65],[35.86,24.01],[35.55,23.69],[35.81,22.91],[36.96,21.95],[25.06,21.95],[24.86,31.4],[26.85,31.46],[28.87,30.82],[31.2,31.66],[32.38,31.08]]]}},{"type":"Feature","properties":{"n":"British Colonial Empire","f":1969,"t":1995,"w":"Q8680"},"geometry":{"type":"MultiPolygon","coordinates":[[[[-61.01,-52.06],[-61.23,-51.99],[-61.12,-51.79],[-60.81,-51.86],[-61.01,-52.06]]],[[[-61.57,12.24],[-61.55,11.99],[-61.78,12.05],[-61.57,12.24]]],[[[-60.8,13.72],[-60.94,13.66],[-61.04,14.04],[-60.8,13.72]]],[[[-61.46,15.46],[-61.48,15.65],[-61.15,15.2],[-61.46,15.46]]],[[[-89.05,17.96],[-88.08,18.35],[-88.14,16.81],[-88.82,15.91],[-89.11,15.91],[-89.05,17.96]]],[[[-73.0,20.99],[-73.66,20.92],[-73.49,21.24],[-73.0,20.99]]],[[[-72.22,21.69],[-72.32,21.89],[-72.1,21.89],[-72.22,21.69]]],[[[-72.93,22.46],[-72.69,22.34],[-72.82,22.27],[-72.93,22.46]]],[[[-73.67,22.46],[-74.15,22.21],[-73.94,22.72],[-73.67,22.46]]],[[[-74.74,23.11],[-74.71,22.91],[-75.12,23.11],[-75.17,23.43],[-74.74,23.11]]],[[[-77.4,23.81],[-77.76,23.75],[-77.92,24.2],[-77.48,24.26],[-77.4,23.81]]],[[[-74.51,23.94],[-74.55,24.14],[-74.32,24.14],[-74.51,23.94]]],[[[-75.49,24.39],[-75.59,24.52],[-75.24,24.26],[-75.43,24.07],[-75.49,24.39]]],[[[-78.39,24.71],[-78.19,25.23],[-77.62,24.59],[-78.09,24.33],[-78.39,24.71]]],[[[-76.23,24.78],[-76.26,24.91],[-76.05,24.97],[-76.23,24.78]]],[[[-76.48,25.29],[-76.6,25.49],[-76.35,25.36],[-76.48,25.29]]],[[[-77.29,25.94],[-77.19,26.52],[-77.67,26.97],[-76.97,26.52],[-77.29,25.94]]],[[[-77.98,26.71],[-77.97,26.64],[-78.68,26.45],[-78.6,26.77],[-77.98,26.71]]],[[[-64.65,32.36],[-64.67,32.17],[-64.86,32.3],[-64.65,32.36]]],[[[-37.33,-54.42],[-38.01,-54.15],[-36.62,-54.15],[-35.74,-54.82],[-36.16,-55.03],[-37.33,-54.42]]],[[[-59.02,-51.32],[-57.81,-51.45],[-57.89,-51.79],[-59.56,-52.39],[-59.83,-52.26],[-59.02,-51.32]]],[[[-60.57,-51.39],[-59.22,-51.39],[-60.51,-52.26],[-60.91,-52.19],[-60.37,-51.65],[-60.57,-51.39]]],[[[178.21,-18.94],[178.25,-19.06],[177.97,-19.13],[178.21,-18.94]]],[[[178.41,-17.52],[178.65,-18.1],[177.19,-18.16],[177.14,-17.71],[177.85,-17.33],[178.41,-17.52]]],[[[179.83,-16.17],[179.83,-16.75],[178.39,-16.88],[179.83,-16.17]]],[[[160.19,-11.54],[160.46,-11.86],[160.24,-11.86],[160.19,-11.54]]],[[[166.07,-10.64],[166.08,-10.77],[165.66,-10.9],[166.07,-10.64]]],[[[162.3,-10.9],[161.7,-10.84],[161.11,-10.19],[162.3,-10.9]]],[[[160.51,-9.49],[160.71,-9.94],[159.42,-9.61],[159.45,-9.23],[160.51,-9.49]]],[[[161.46,-9.55],[161.49,-9.81],[160.61,-9.1],[160.44,-8.26],[161.46,-9.55]]],[[[157.31,-8.39],[157.27,-8.65],[157.12,-8.65],[157.31,-8.39]]],[[[156.82,-7.81],[157.49,-8.01],[157.95,-8.84],[157.38,-8.33],[156.82,-7.81]]],[[[159.74,-8.52],[158.33,-7.56],[158.62,-7.56],[159.74,-8.52]]],[[[156.37,-7.75],[156.35,-7.56],[156.57,-7.56],[156.54,-8.01],[156.37,-7.75]]],[[[155.59,-7.17],[155.57,-6.98],[155.72,-6.98],[155.59,-7.17]]],[[[157.36,-7.43],[156.77,-7.3],[156.27,-6.59],[157.36,-7.43]]],[[[115.17,4.98],[115.28,4.4],[114.94,4.85],[114.46,4.08],[114.06,4.66],[115.17,4.98]]],[[[114.53,22.14],[114.0,22.08],[114.0,22.46],[114.32,22.59],[114.53,22.14]]]]}},{"type":"Feature","properties":{"n":"Equatorial Guinea","f":1969,"t":2023,"w":"Q983"},"geometry":{"type":"MultiPolygon","coordinates":[[[[9.44,0.99],[9.23,1.38],[9.68,2.21],[11.21,2.15],[11.12,1.06],[9.44,0.99]]],[[[8.68,3.18],[8.31,3.24],[8.54,3.76],[8.9,3.56],[8.68,3.18]]]]}},{"type":"Feature","properties":{"n":"Hungarian People's Republic","f":1969,"t":1986,"w":"Q16410"},"geometry":{"type":"Polygon","coordinates":[[[21.99,47.53],[21.18,46.35],[18.45,45.76],[17.15,46.02],[16.28,46.81],[16.48,47.73],[17.06,47.99],[18.54,47.73],[20.58,48.59],[22.22,48.39],[22.68,47.86],[21.99,47.53]]]}},{"type":"Feature","properties":{"n":"Commonwealth of The Bahamas","f":1973,"t":2023,"w":"Q778"},"geometry":{"type":"MultiPolygon","coordinates":[[[[-77.48,24.26],[-77.4,23.81],[-77.76,23.75],[-77.92,24.2],[-77.48,24.26]]],[[[-75.43,24.07],[-75.59,24.52],[-75.35,24.46],[-75.43,24.07]]],[[[-78.35,24.52],[-78.19,25.23],[-77.88,25.16],[-77.62,24.59],[-78.35,24.52]]],[[[-76.05,24.97],[-76.09,24.78],[-76.26,24.91],[-76.05,24.97]]],[[[-76.48,25.29],[-76.6,25.49],[-76.35,25.36],[-76.48,25.29]]],[[[-76.97,26.52],[-77.07,25.94],[-77.67,26.97],[-76.97,26.52]]],[[[-78.6,26.77],[-77.98,26.71],[-78.17,26.52],[-78.68,26.45],[-78.6,26.77]]],[[[-72.97,21.24],[-72.94,21.05],[-73.66,20.92],[-72.97,21.24]]],[[[-72.08,21.76],[-72.22,21.69],[-72.32,21.89],[-72.08,21.76]]],[[[-72.82,22.27],[-72.93,22.46],[-72.69,22.34],[-72.82,22.27]]],[[[-73.7,22.66],[-73.67,22.46],[-74.15,22.21],[-73.7,22.66]]],[[[-74.98,23.17],[-74.71,22.91],[-75.12,23.11],[-75.02,23.43],[-74.98,23.17]]],[[[-74.3,24.01],[-74.51,23.94],[-74.55,24.14],[-74.3,24.01]]]]}},{"type":"Feature","properties":{"n":"State of Israel","f":1973,"t":1975,"w":"Q801"},"geometry":{"type":"Polygon","coordinates":[[[34.3,31.34],[35.06,33.01],[35.78,33.33],[36.07,33.2],[35.55,32.49],[34.92,29.54],[34.3,31.34]]]}},{"type":"Feature","properties":{"n":"Tanzania","f":1973,"t":1975,"w":"Q924"},"geometry":{"type":"MultiPolygon","coordinates":[[[[39.52,-7.81],[39.81,-7.69],[39.82,-7.88],[39.52,-7.81]]],[[[33.4,-2.61],[33.76,-2.09],[33.25,-1.96],[34.04,-1.06],[37.63,-3.12],[37.56,-3.57],[39.11,-4.73],[38.77,-6.34],[39.43,-6.85],[39.25,-8.59],[39.72,-10.0],[40.32,-10.51],[38.51,-11.41],[37.85,-11.29],[37.28,-11.8],[34.93,-11.61],[34.15,-9.49],[32.91,-9.49],[31.14,-8.65],[30.39,-6.66],[29.72,-6.34],[29.56,-4.41],[30.71,-3.19],[30.34,-2.67],[30.77,-1.71],[30.33,-1.13],[31.64,-1.0],[31.51,-2.41],[31.66,-2.74],[32.09,-2.41],[33.4,-2.61]]],[[[39.43,-6.53],[39.12,-5.76],[39.27,-5.76],[39.43,-6.53]]],[[[39.77,-4.99],[39.7,-5.44],[39.55,-5.44],[39.77,-4.99]]]]}},{"type":"Feature","properties":{"n":"Eswatini","f":1973,"t":1975,"w":"Q1050"},"geometry":{"type":"Polygon","coordinates":[[[31.67,-27.36],[30.74,-26.91],[31.06,-25.82],[31.98,-26.14],[31.67,-27.36]]]}},{"type":"Feature","properties":{"n":"Republic of Guinea-Bissau","f":1973,"t":2023,"w":"Q1007"},"geometry":{"type":"Polygon","coordinates":[[[-15.02,10.96],[-15.48,11.86],[-16.28,11.79],[-16.66,12.31],[-13.59,12.63],[-13.72,11.92],[-15.02,10.96]]]}},{"type":"Feature","properties":{"n":"Arab Republic of Egypt","f":1973,"t":1975,"w":"Q79"},"geometry":{"type":"Polygon","coordinates":[[[31.88,31.46],[32.0,31.08],[34.3,31.27],[34.92,29.54],[34.35,27.74],[33.19,28.51],[32.44,29.79],[35.15,24.65],[35.86,24.01],[35.55,23.69],[35.81,22.91],[36.96,21.95],[25.06,21.95],[24.86,31.4],[26.85,31.46],[28.87,30.82],[30.97,31.66],[31.88,31.46]]]}},{"type":"Feature","properties":{"n":"Kingdom of Bahrain","f":1973,"t":2023,"w":"Q398"},"geometry":{"type":"Polygon","coordinates":[[[50.43,25.94],[50.46,26.26],[50.65,25.87],[50.43,25.94]]]}},{"type":"Feature","properties":{"n":"Syria","f":1973,"t":1975,"w":"Q41137"},"geometry":{"type":"Polygon","coordinates":[[[36.83,32.3],[35.95,32.75],[35.78,33.33],[36.63,34.16],[35.93,34.87],[35.88,35.9],[36.62,36.29],[36.68,36.8],[39.54,36.67],[42.26,37.25],[42.11,36.74],[41.29,36.42],[41.04,34.42],[36.83,32.3]]]}},{"type":"Feature","properties":{"n":"Republic of Fiji","f":1973,"t":2023,"w":"Q712"},"geometry":{"type":"MultiPolygon","coordinates":[[[[178.21,-18.94],[178.25,-19.06],[177.97,-19.13],[178.21,-18.94]]],[[[177.14,-17.71],[177.85,-17.33],[178.41,-17.52],[178.65,-18.1],[177.19,-18.16],[177.14,-17.71]]],[[[178.79,-16.43],[179.83,-16.17],[179.83,-16.75],[178.39,-16.88],[178.79,-16.43]]]]}},{"type":"Feature","properties":{"n":"Éire","f":1973,"t":1975,"w":"Q5306909"},"geometry":{"type":"Polygon","coordinates":[[[-6.43,52.18],[-9.64,51.45],[-10.45,51.78],[-10.25,52.12],[-10.53,52.25],[-9.94,52.32],[-9.38,53.12],[-10.21,53.46],[-9.83,53.8],[-10.08,54.27],[-8.7,54.27],[-8.32,54.61],[-8.87,54.82],[-8.41,55.23],[-7.02,55.29],[-8.1,54.34],[-6.33,54.07],[-6.43,52.18]]]}},{"type":"Feature","properties":{"n":"Republic of Afghanistan","f":1973,"t":1975,"w":"Q1415128"},"geometry":{"type":"Polygon","coordinates":[[[71.68,35.32],[71.05,34.61],[71.19,34.23],[69.99,34.04],[70.26,33.2],[69.54,33.07],[69.09,31.66],[68.12,31.79],[67.72,31.27],[66.88,31.27],[65.99,29.73],[62.3,29.41],[60.93,29.79],[61.92,31.21],[60.84,31.59],[60.62,32.88],[60.89,33.52],[60.53,33.65],[60.57,34.23],[61.3,35.58],[62.3,35.19],[62.96,35.39],[65.71,37.51],[67.92,37.0],[69.35,37.13],[69.55,37.58],[70.27,37.64],[70.71,38.42],[71.18,38.42],[71.57,37.84],[71.58,36.74],[73.33,37.45],[74.92,37.25],[71.39,36.29],[71.68,35.32]]]}},{"type":"Feature","properties":{"n":"German Democratic Republic","f":1973,"t":1975,"w":"Q16957"},"geometry":{"type":"Polygon","coordinates":[[[14.55,52.65],[14.83,50.91],[14.33,51.05],[12.29,50.25],[10.02,50.51],[9.93,51.45],[10.53,51.65],[10.53,52.25],[10.96,52.45],[10.79,52.99],[11.39,53.06],[10.62,53.39],[10.79,54.0],[13.41,54.75],[13.74,54.27],[13.3,54.21],[14.17,54.07],[14.13,52.79],[14.55,52.65]]]}},{"type":"Feature","properties":{"n":"Lesotho","f":1973,"t":1975,"w":"Q1013"},"geometry":{"type":"Polygon","coordinates":[[[27.71,-30.7],[26.89,-29.67],[27.53,-28.97],[28.57,-28.64],[29.29,-29.22],[28.95,-29.99],[27.71,-30.7]]]}},{"type":"Feature","properties":{"n":"Sultanate of Oman","f":1973,"t":2023,"w":"Q842"},"geometry":{"type":"MultiPolygon","coordinates":[[[[58.98,20.41],[58.67,20.21],[58.77,20.54],[58.98,20.41]]],[[[59.9,22.53],[59.86,22.08],[58.61,20.41],[57.93,20.28],[57.9,18.99],[57.0,18.8],[56.41,17.9],[55.59,17.84],[55.16,17.0],[53.22,16.68],[52.13,18.93],[55.17,20.09],[55.77,22.01],[55.3,22.66],[55.56,23.94],[56.02,24.07],[55.87,24.84],[56.48,24.97],[57.06,24.07],[58.81,23.62],[59.9,22.53]]],[[[56.07,26.13],[56.48,26.39],[56.54,26.26],[56.4,25.68],[56.07,26.13]]]]}},{"type":"Feature","properties":{"n":"Canada","f":1973,"t":1975,"w":"Q16"},"geometry":{"type":"MultiPolygon","coordinates":[[[[-130.95,51.98],[-132.71,53.19],[-133.29,54.14],[-131.82,54.14],[-132.01,53.33],[-130.95,51.98]]],[[[-104.53,68.57],[-104.43,68.42],[-104.93,68.42],[-105.12,68.65],[-104.53,68.57]]],[[[-101.82,68.88],[-101.63,68.65],[-102.13,68.65],[-102.32,68.88],[-101.82,68.88]]],[[[-100.21,69.18],[-99.92,68.95],[-100.23,68.73],[-100.82,68.95],[-100.21,69.18]]],[[[-101.2,69.64],[-101.01,69.41],[-101.31,69.41],[-101.2,69.64]]],[[[-113.77,72.92],[-112.77,73.08],[-111.06,72.61],[-110.02,72.61],[-110.87,73.08],[-109.7,73.0],[-107.77,71.74],[-108.33,73.41],[-105.82,73.08],[-107.14,73.73],[-105.04,73.81],[-104.4,73.33],[-105.35,72.84],[-104.23,71.5],[-104.61,71.19],[-101.1,70.18],[-100.8,69.72],[-102.51,69.87],[-101.72,69.03],[-102.72,68.88],[-102.63,68.8],[-105.12,68.88],[-106.94,69.41],[-107.23,69.03],[-109.11,68.65],[-113.08,68.42],[-113.96,69.26],[-116.28,69.33],[-117.73,70.1],[-111.98,70.33],[-117.84,70.64],[-118.56,71.11],[-116.26,71.34],[-119.0,71.58],[-119.45,72.05],[-118.28,72.29],[-118.8,72.61],[-120.2,72.13],[-120.42,71.5],[-122.26,71.11],[-123.28,71.11],[-125.95,72.21],[-125.01,72.69],[-125.26,73.0],[-124.73,73.0],[-124.92,73.41],[-123.92,73.73],[-124.71,74.22],[-124.47,74.54],[-121.29,74.63],[-119.01,74.14],[-117.84,74.38],[-113.77,72.92]]],[[[-96.32,72.61],[-96.62,72.37],[-96.39,71.81],[-99.27,71.34],[-102.97,73.0],[-102.05,73.16],[-100.62,72.76],[-100.67,73.08],[-100.24,73.08],[-101.71,73.65],[-97.77,74.22],[-96.82,73.57],[-98.15,73.16],[-97.06,72.76],[-96.32,72.61]]],[[[-105.07,75.29],[-104.74,75.54],[-103.6,75.12],[-105.07,75.29]]],[[[-105.58,75.2],[-106.76,74.87],[-109.42,75.04],[-111.95,74.38],[-114.41,74.63],[-114.7,74.79],[-113.27,74.96],[-114.41,75.29],[-114.57,74.96],[-115.76,74.96],[-117.82,75.37],[-116.48,75.87],[-116.8,76.21],[-115.75,76.64],[-112.88,76.3],[-111.21,75.62],[-109.02,75.62],[-110.6,76.55],[-109.68,76.89],[-108.79,76.89],[-107.76,75.96],[-105.71,76.04],[-105.58,75.2]]],[[[-118.34,76.21],[-117.41,75.96],[-118.25,75.54],[-119.6,75.79],[-118.34,76.21]]],[[[-97.22,75.54],[-97.96,75.45],[-97.54,75.12],[-99.98,74.96],[-100.73,75.29],[-100.4,75.62],[-102.66,75.54],[-104.29,76.04],[-104.82,76.72],[-103.44,76.64],[-101.7,75.87],[-102.37,76.46],[-99.97,75.96],[-101.52,76.81],[-98.38,76.72],[-97.59,76.38],[-97.22,75.54]]],[[[-118.9,76.55],[-118.51,76.3],[-119.72,76.3],[-119.55,75.87],[-121.03,76.13],[-120.7,75.79],[-122.45,75.96],[-123.09,76.38],[-121.45,76.55],[-119.41,77.41],[-116.06,77.58],[-115.26,77.24],[-116.31,77.15],[-115.75,76.64],[-118.9,76.55]]],[[[-114.58,76.72],[-114.97,76.98],[-113.86,76.98],[-113.64,76.81],[-114.58,76.72]]],[[[-106.31,77.85],[-104.14,77.15],[-105.14,77.15],[-106.31,77.85]]],[[[-109.92,78.2],[-109.41,77.93],[-110.77,77.93],[-109.87,77.58],[-110.21,77.41],[-112.29,77.32],[-113.71,77.93],[-109.92,78.2]]],[[[-101.11,77.85],[-100.91,77.67],[-102.78,78.02],[-101.11,77.85]]],[[[-110.22,78.82],[-109.12,78.37],[-112.94,78.29],[-113.35,78.55],[-110.22,78.82]]],[[[-98.85,77.85],[-104.63,78.29],[-105.29,78.64],[-103.64,78.55],[-105.78,79.27],[-103.46,79.45],[-100.27,78.91],[-98.85,77.85]]],[[[-82.19,45.56],[-83.35,46.02],[-81.96,46.02],[-81.56,45.76],[-82.19,45.56]]],[[[-79.31,51.98],[-79.69,51.92],[-79.74,52.12],[-79.31,51.98]]],[[[-81.15,53.26],[-80.68,52.72],[-81.5,52.79],[-82.17,53.12],[-81.15,53.26]]],[[[-78.65,56.32],[-79.52,55.84],[-80.2,56.05],[-80.2,56.39],[-78.65,56.32]]],[[[-91.92,72.69],[-93.92,72.84],[-93.38,72.37],[-94.74,71.97],[-93.19,71.5],[-91.56,70.18],[-92.27,70.18],[-92.09,69.95],[-92.52,69.72],[-90.33,69.49],[-90.17,69.26],[-91.07,69.26],[-90.32,68.35],[-89.65,69.33],[-88.22,68.95],[-87.81,68.5],[-88.41,67.97],[-87.4,67.22],[-86.66,67.44],[-87.04,68.35],[-86.22,68.05],[-85.87,68.27],[-85.95,68.8],[-85.15,68.8],[-85.82,69.95],[-84.6,69.95],[-86.95,70.41],[-87.89,70.26],[-89.45,70.8],[-89.72,71.19],[-87.48,71.03],[-90.2,71.58],[-90.15,72.45],[-89.41,72.84],[-89.51,73.16],[-88.14,73.81],[-85.16,73.89],[-84.85,73.65],[-85.17,73.49],[-81.66,73.81],[-80.19,72.76],[-80.74,72.53],[-80.57,72.29],[-79.79,72.61],[-78.71,72.21],[-78.63,72.69],[-77.88,72.76],[-79.96,72.84],[-81.05,73.49],[-80.59,73.89],[-77.43,73.65],[-75.98,72.84],[-76.43,72.69],[-75.4,72.61],[-73.5,71.5],[-71.69,71.66],[-70.48,70.95],[-68.62,70.72],[-68.3,70.49],[-69.0,70.26],[-68.13,70.41],[-67.16,69.79],[-68.16,69.56],[-66.61,69.18],[-68.18,69.26],[-68.17,68.8],[-68.74,68.65],[-65.0,68.12],[-63.92,67.3],[-61.5,66.85],[-61.27,66.55],[-62.37,66.33],[-62.28,65.59],[-63.55,65.74],[-63.54,64.86],[-64.82,65.15],[-66.98,66.62],[-67.26,66.25],[-67.77,66.4],[-67.21,65.96],[-67.8,65.74],[-66.81,65.0],[-65.39,64.79],[-65.05,64.35],[-65.38,64.28],[-64.48,63.48],[-65.14,63.48],[-64.7,62.9],[-65.17,62.9],[-64.57,62.47],[-64.89,62.4],[-68.9,63.7],[-65.98,62.12],[-66.65,61.9],[-69.74,62.76],[-70.79,62.55],[-70.95,62.98],[-72.12,63.48],[-71.58,63.62],[-72.39,63.7],[-73.81,64.57],[-77.0,64.2],[-78.39,64.79],[-77.54,65.52],[-73.65,65.59],[-74.64,66.25],[-72.36,67.3],[-73.26,68.27],[-74.35,68.27],[-74.94,68.88],[-75.49,69.03],[-76.71,68.65],[-76.86,69.11],[-75.74,69.18],[-78.81,70.41],[-78.63,69.95],[-79.97,69.49],[-80.79,69.79],[-79.95,69.95],[-81.02,70.1],[-81.33,70.1],[-80.81,69.72],[-84.4,69.95],[-81.43,69.26],[-81.2,68.65],[-82.45,68.42],[-81.24,67.15],[-83.16,66.33],[-84.81,67.0],[-83.76,66.25],[-84.54,66.25],[-83.46,65.66],[-85.62,66.55],[-86.71,66.48],[-85.96,66.03],[-87.4,65.37],[-87.07,64.86],[-88.05,64.13],[-90.04,64.13],[-89.95,63.77],[-90.58,63.55],[-91.67,63.7],[-90.65,62.98],[-92.47,62.83],[-91.99,62.55],[-92.65,62.55],[-93.35,61.69],[-94.06,61.48],[-94.31,60.63],[-94.81,60.49],[-94.86,59.16],[-94.52,58.81],[-93.26,58.81],[-92.42,56.94],[-90.78,57.28],[-84.96,55.29],[-82.32,55.16],[-82.29,53.06],[-79.79,51.18],[-79.55,51.71],[-78.95,51.45],[-79.13,51.85],[-78.6,52.32],[-79.79,54.82],[-77.22,55.7],[-76.57,56.59],[-77.19,57.97],[-78.7,58.74],[-77.37,60.0],[-78.29,60.98],[-77.76,61.55],[-78.35,62.33],[-77.86,62.62],[-75.03,62.26],[-73.53,62.47],[-71.74,61.76],[-71.71,61.26],[-69.66,61.12],[-69.35,60.84],[-69.78,60.56],[-69.71,59.5],[-69.3,58.95],[-67.68,58.32],[-66.0,58.88],[-65.45,59.5],[-65.7,59.85],[-64.69,60.49],[-62.7,58.25],[-61.98,57.97],[-61.32,56.94],[-61.33,56.66],[-61.85,56.8],[-61.69,56.25],[-60.47,55.84],[-60.32,55.29],[-57.44,54.68],[-58.2,54.34],[-55.91,53.46],[-55.68,52.18],[-56.92,51.45],[-58.63,51.31],[-59.95,50.25],[-66.5,50.25],[-67.29,49.38],[-69.05,48.79],[-69.76,47.93],[-66.55,49.25],[-64.8,49.25],[-64.25,48.99],[-64.28,48.39],[-65.16,47.99],[-66.47,48.13],[-64.74,47.8],[-65.19,47.2],[-64.83,47.14],[-64.51,46.28],[-61.55,45.69],[-61.64,46.09],[-60.6,47.07],[-60.45,46.35],[-59.79,45.96],[-61.33,45.56],[-61.08,45.17],[-64.07,44.58],[-65.43,43.47],[-66.19,43.73],[-66.24,44.39],[-64.63,45.3],[-67.37,45.24],[-67.9,46.02],[-67.91,47.2],[-69.28,47.47],[-70.11,46.68],[-70.44,45.69],[-71.63,44.97],[-75.12,44.97],[-76.0,44.32],[-77.26,44.25],[-77.04,43.99],[-79.4,43.86],[-79.87,43.54],[-79.7,43.21],[-79.09,43.28],[-79.09,42.95],[-81.6,42.69],[-82.54,42.04],[-83.07,42.3],[-82.44,42.3],[-82.49,43.02],[-81.7,43.34],[-81.73,43.99],[-81.24,44.58],[-81.48,45.17],[-80.03,44.45],[-80.12,45.37],[-80.89,46.02],[-84.51,46.48],[-85.02,47.99],[-86.01,48.13],[-86.48,48.85],[-88.35,49.05],[-88.26,48.65],[-88.72,48.85],[-88.59,48.52],[-89.13,48.59],[-89.9,47.99],[-94.32,48.65],[-95.14,49.45],[-95.22,48.99],[-122.87,48.99],[-124.29,49.71],[-123.81,49.65],[-123.99,49.85],[-124.43,49.78],[-124.18,49.52],[-124.43,49.52],[-124.85,50.31],[-125.57,50.45],[-124.62,49.45],[-123.29,48.72],[-123.25,48.39],[-123.86,48.32],[-128.33,50.51],[-128.48,50.91],[-126.06,50.51],[-127.62,50.98],[-128.51,52.25],[-128.14,52.38],[-129.07,52.45],[-129.53,53.26],[-130.24,53.66],[-129.71,53.19],[-129.98,53.12],[-130.67,53.66],[-130.38,53.87],[-130.96,54.07],[-130.17,54.14],[-130.62,54.75],[-129.89,55.02],[-130.06,55.98],[-131.87,56.66],[-135.31,59.71],[-135.95,59.78],[-137.52,59.02],[-139.29,60.35],[-141.12,60.42],[-141.24,68.73],[-140.9,69.33],[-141.17,69.72],[-135.81,68.88],[-136.28,69.33],[-134.64,69.79],[-133.59,69.41],[-132.01,69.79],[-131.73,69.56],[-132.01,69.49],[-130.95,69.33],[-130.95,69.64],[-132.04,69.87],[-129.77,70.33],[-128.78,69.79],[-128.52,70.26],[-128.02,70.26],[-128.45,70.64],[-128.04,70.64],[-125.75,69.41],[-125.45,69.41],[-125.41,70.02],[-124.68,69.95],[-124.34,69.41],[-123.55,69.49],[-123.34,69.87],[-121.73,69.87],[-117.94,69.03],[-115.54,69.03],[-113.97,68.42],[-115.12,67.89],[-110.18,68.05],[-107.42,67.0],[-108.4,67.67],[-107.9,68.05],[-108.91,68.5],[-106.13,69.03],[-104.53,68.12],[-98.92,67.74],[-98.62,67.82],[-98.89,68.12],[-98.49,68.12],[-98.86,68.42],[-98.04,68.65],[-99.81,69.18],[-98.7,69.33],[-98.57,69.87],[-97.86,69.95],[-95.37,69.49],[-96.38,69.41],[-95.34,68.73],[-97.26,68.5],[-96.18,68.35],[-96.05,67.82],[-96.38,67.59],[-95.44,67.3],[-95.83,67.97],[-93.75,68.73],[-94.72,68.95],[-94.36,69.49],[-96.73,70.26],[-96.41,70.57],[-96.81,70.95],[-96.6,71.42],[-95.57,71.42],[-96.08,71.74],[-95.25,71.89],[-95.27,72.53],[-95.92,72.92],[-95.62,73.16],[-95.9,73.81],[-94.93,73.73],[-95.51,74.05],[-95.21,74.22],[-93.4,74.3],[-90.38,73.89],[-91.92,72.69]],[[-86.68,72.76],[-86.18,72.45],[-86.33,71.97],[-84.95,71.42],[-84.73,71.58],[-86.21,72.13],[-85.25,72.37],[-85.94,72.84],[-85.17,73.49],[-86.68,72.76]]],[[[-79.5,62.47],[-79.28,62.12],[-79.58,61.62],[-80.52,62.05],[-79.5,62.47]]],[[[-82.84,63.05],[-81.89,62.83],[-82.88,62.19],[-83.81,62.19],[-84.15,62.55],[-82.84,63.05]]],[[[-80.33,63.7],[-81.36,63.48],[-83.58,64.13],[-84.97,63.12],[-85.63,63.12],[-85.81,63.7],[-87.42,63.7],[-86.34,64.13],[-86.66,64.64],[-86.2,65.88],[-85.07,66.11],[-84.62,65.66],[-85.25,65.81],[-85.0,65.37],[-84.47,65.52],[-82.05,64.71],[-81.59,64.13],[-80.33,63.7]]],[[[-79.04,68.2],[-79.37,68.42],[-78.9,68.35],[-79.04,68.2]]],[[[-86.69,70.18],[-86.52,69.95],[-87.12,70.02],[-86.69,70.18]]],[[[-97.21,73.25],[-96.44,72.92],[-97.07,72.92],[-97.21,73.25]]],[[[-96.11,75.45],[-96.5,75.71],[-94.53,75.71],[-93.42,75.12],[-93.35,74.71],[-96.65,75.04],[-96.11,75.45]]],[[[-94.53,75.71],[-95.06,76.04],[-94.49,75.96],[-94.53,75.71]]],[[[-79.46,75.87],[-79.69,76.13],[-79.15,76.21],[-79.46,75.87]]],[[[-90.86,77.24],[-91.42,77.58],[-90.09,77.67],[-89.63,77.24],[-90.86,77.24]]],[[[-93.08,77.5],[-95.74,77.41],[-97.57,78.02],[-98.5,78.82],[-94.61,78.29],[-95.18,78.29],[-94.81,77.93],[-96.13,77.85],[-93.31,77.85],[-93.08,77.5]]],[[[-99.87,79.91],[-100.25,80.19],[-98.96,80.19],[-98.42,79.82],[-99.87,79.91]]],[[[-81.04,82.68],[-81.24,82.9],[-79.45,82.68],[-79.92,83.01],[-74.66,83.13],[-72.98,82.79],[-73.27,83.01],[-69.48,83.13],[-63.41,82.9],[-60.72,82.14],[-64.6,81.73],[-64.12,81.33],[-70.99,80.19],[-70.75,79.91],[-71.43,79.63],[-73.19,79.82],[-72.94,79.54],[-74.79,79.45],[-74.29,79.0],[-74.98,79.0],[-74.6,78.55],[-75.4,78.55],[-74.92,78.29],[-78.18,77.93],[-77.69,77.58],[-79.23,77.32],[-79.09,76.98],[-77.98,77.06],[-77.63,76.81],[-77.95,76.46],[-80.9,76.13],[-81.04,76.46],[-82.17,76.64],[-82.14,76.38],[-84.27,76.64],[-84.55,76.3],[-89.81,76.64],[-89.28,76.21],[-91.04,76.21],[-86.53,75.45],[-81.66,75.96],[-79.34,75.29],[-80.1,75.2],[-79.24,74.87],[-80.22,74.87],[-80.0,74.71],[-80.33,74.54],[-82.48,74.46],[-83.35,74.87],[-83.88,74.46],[-91.4,74.63],[-92.71,75.37],[-92.26,75.79],[-93.18,76.38],[-95.82,76.38],[-97.11,76.89],[-95.42,77.15],[-90.23,76.55],[-90.77,76.89],[-89.5,76.72],[-89.59,77.06],[-86.95,77.24],[-88.31,77.76],[-87.93,78.02],[-84.52,77.41],[-86.05,78.2],[-87.16,78.11],[-88.05,78.82],[-87.83,78.46],[-88.66,78.55],[-88.55,78.2],[-92.45,78.29],[-94.37,79.09],[-93.48,79.18],[-93.79,79.36],[-95.41,79.36],[-96.89,80.28],[-94.11,80.65],[-95.36,81.04],[-93.85,81.13],[-94.35,81.43],[-92.15,81.33],[-88.5,80.19],[-88.63,80.56],[-87.92,80.56],[-86.77,79.91],[-87.12,79.91],[-86.94,79.73],[-86.13,79.73],[-86.68,80.37],[-83.73,80.37],[-81.35,79.73],[-83.02,80.37],[-82.34,80.47],[-82.88,80.75],[-83.6,80.75],[-83.52,80.47],[-88.42,80.65],[-91.29,81.83],[-86.17,82.04],[-86.54,82.35],[-85.41,82.57],[-82.2,82.3],[-82.47,82.57],[-81.04,82.68]],[[-82.04,82.14],[-82.08,82.14],[-81.93,82.04],[-82.04,82.14]]],[[[-63.74,46.22],[-64.51,46.81],[-64.06,47.07],[-63.84,46.61],[-61.95,46.41],[-62.48,45.96],[-63.74,46.22]]],[[[-55.57,50.05],[-55.89,49.65],[-55.23,49.32],[-54.77,49.58],[-53.48,49.32],[-54.0,48.79],[-53.8,48.52],[-53.06,48.72],[-52.95,48.46],[-53.83,48.19],[-53.83,47.8],[-53.58,47.6],[-52.92,48.19],[-53.23,47.53],[-52.76,47.8],[-52.62,47.47],[-53.02,46.61],[-53.68,46.61],[-53.67,47.01],[-54.25,46.81],[-53.91,47.4],[-54.11,47.86],[-55.34,46.87],[-56.08,47.07],[-55.42,47.27],[-55.1,47.66],[-55.48,47.4],[-55.87,47.73],[-59.36,47.6],[-59.35,48.13],[-58.59,48.46],[-59.26,48.65],[-58.15,49.12],[-58.33,49.52],[-57.95,49.58],[-56.89,51.38],[-55.46,51.58],[-55.95,51.38],[-55.71,51.05],[-56.61,50.11],[-55.57,50.05]]],[[[-64.59,49.98],[-63.1,49.85],[-61.73,49.12],[-63.1,49.18],[-64.59,49.98]]],[[[-68.0,60.63],[-67.79,60.35],[-68.42,60.21],[-68.0,60.63]]],[[[-65.62,61.76],[-65.16,61.76],[-65.41,61.97],[-64.63,61.55],[-65.17,61.41],[-65.62,61.76]]],[[[-74.67,62.83],[-74.3,62.62],[-74.4,62.62],[-74.67,62.83]]],[[[-78.78,63.55],[-77.52,63.19],[-78.11,63.12],[-78.78,63.55]]],[[[-77.15,63.41],[-77.66,63.77],[-77.09,63.77],[-76.77,63.41],[-77.15,63.41]]],[[[-74.0,64.35],[-74.31,64.49],[-74.22,64.49],[-74.0,64.35]]],[[[-76.91,68.35],[-75.59,68.42],[-75.0,68.12],[-75.0,67.59],[-76.9,67.22],[-77.36,67.89],[-76.91,68.35]]],[[[-75.0,68.12],[-73.41,67.89],[-73.46,67.74],[-75.0,68.12]]],[[[-75.12,68.35],[-75.59,68.73],[-75.16,68.8],[-74.8,68.42],[-75.12,68.35]]],[[[-78.85,68.5],[-79.08,68.73],[-78.78,68.73],[-78.85,68.5]]],[[[-76.96,69.11],[-77.5,69.33],[-77.45,69.49],[-76.85,69.49],[-76.96,69.11]]],[[[-78.27,69.79],[-78.13,69.56],[-78.53,69.56],[-78.24,69.18],[-79.36,68.8],[-79.57,69.11],[-78.68,69.41],[-78.82,69.64],[-78.27,69.79]]]]}},{"type":"Feature","properties":{"n":"Republic of India","f":1973,"t":1975,"w":"Q668"},"geometry":{"type":"MultiPolygon","coordinates":[[[[93.51,7.23],[93.74,7.42],[93.92,6.84],[93.51,7.23]]],[[[93.49,8.06],[93.48,7.87],[93.26,7.87],[93.49,8.06]]],[[[92.29,10.57],[92.39,10.89],[92.61,10.89],[92.29,10.57]]],[[[92.85,13.53],[93.08,13.59],[93.04,12.44],[92.52,11.6],[92.85,13.53]]],[[[83.08,27.42],[84.43,27.42],[85.27,26.71],[87.24,26.39],[88.16,26.52],[88.14,27.87],[88.48,28.06],[88.95,27.8],[88.8,27.09],[89.13,26.84],[91.82,26.77],[92.09,27.35],[91.72,27.74],[92.58,27.87],[94.58,29.28],[95.44,29.09],[96.2,29.41],[96.62,28.96],[96.4,28.38],[97.42,28.25],[97.0,27.74],[97.16,27.16],[96.21,27.29],[95.16,26.58],[94.13,23.88],[93.4,24.01],[93.02,22.01],[92.59,22.14],[92.23,23.69],[91.75,22.98],[91.22,23.43],[92.45,24.97],[90.1,25.23],[89.82,26.13],[89.34,26.0],[88.4,26.58],[88.18,25.81],[88.99,25.29],[88.11,24.52],[88.81,24.2],[89.11,21.69],[88.73,21.63],[88.64,22.08],[88.35,21.56],[88.1,21.95],[87.07,21.44],[87.03,20.6],[86.42,19.89],[85.37,19.83],[84.38,18.41],[82.45,17.13],[82.38,16.55],[80.38,15.71],[80.09,15.07],[80.43,13.27],[79.88,11.99],[79.9,10.25],[79.32,10.25],[78.96,9.22],[77.28,8.06],[76.32,9.16],[76.36,9.8],[73.42,16.04],[72.53,22.27],[72.11,21.89],[72.18,21.18],[70.72,20.66],[68.95,22.21],[70.43,22.85],[69.23,22.79],[68.16,23.81],[68.8,24.26],[71.05,24.33],[70.7,25.62],[70.19,25.74],[70.22,26.45],[69.51,26.77],[69.56,27.09],[70.39,28.06],[70.72,27.74],[71.89,27.99],[74.57,30.95],[74.63,31.91],[75.3,32.17],[74.08,33.14],[74.09,34.74],[75.64,34.49],[78.1,35.32],[78.16,34.68],[79.05,34.29],[78.81,33.65],[79.36,33.14],[79.02,32.36],[78.53,32.56],[78.77,31.34],[81.01,30.18],[80.1,28.77],[83.08,27.42]]],[[[63.84,29.54],[63.83,29.47],[63.75,29.47],[63.84,29.54]]],[[[66.34,29.99],[66.33,29.92],[66.25,29.92],[66.34,29.99]]]]}},{"type":"Feature","properties":{"n":"People's Republic of Bangladesh","f":1973,"t":2023,"w":"Q902"},"geometry":{"type":"MultiPolygon","coordinates":[[[[91.22,22.4],[91.26,22.21],[91.03,22.14],[91.22,22.4]]],[[[92.26,20.86],[91.5,22.79],[90.94,22.53],[90.78,21.95],[89.12,21.76],[88.63,23.56],[88.81,24.2],[88.11,24.52],[88.99,25.29],[88.18,25.81],[88.4,26.58],[89.34,26.0],[89.82,26.13],[90.1,25.23],[92.45,24.97],[91.22,23.43],[91.75,22.98],[92.23,23.69],[92.73,22.08],[92.26,20.86]]]]}},{"type":"Feature","properties":{"n":"State of Kuwait","f":1973,"t":1986,"w":"Q817"},"geometry":{"type":"Polygon","coordinates":[[[47.83,28.51],[47.57,28.96],[46.69,29.15],[47.24,30.05],[48.37,29.92],[48.4,29.6],[47.87,29.54],[48.44,28.57],[47.83,28.51]]]}},{"type":"Feature","properties":{"n":"Union of Soviet Socialist Republics","f":1973,"t":1975,"w":"Q15180"},"geometry":{"type":"MultiPolygon","coordinates":[[[[33.52,44.45],[33.61,45.1],[32.6,45.43],[34.15,46.09],[35.02,45.3],[36.42,45.43],[33.52,44.45]]],[[[29.67,45.43],[29.66,45.37],[29.58,45.37],[29.67,45.43]]],[[[53.1,46.02],[53.18,46.02],[53.17,45.96],[53.1,46.02]]],[[[13.52,52.45],[13.44,52.72],[13.69,52.52],[13.52,52.45]]],[[[23.12,58.39],[21.9,57.9],[21.88,58.53],[23.12,58.39]]],[[[22.84,59.09],[22.9,58.81],[22.19,58.88],[22.84,59.09]]],[[[35.65,65.22],[36.13,65.22],[35.5,65.0],[35.65,65.22]]],[[[49.52,69.56],[50.32,69.33],[49.7,68.88],[48.34,68.73],[48.24,69.41],[49.52,69.56]]],[[[51.35,79.91],[50.65,79.91],[50.97,80.19],[51.35,79.91]]],[[[59.43,80.19],[60.25,80.19],[59.89,79.91],[59.43,80.19]]],[[[50.16,80.37],[50.57,80.28],[50.43,80.09],[49.96,80.09],[50.16,80.37]]],[[[47.56,80.19],[47.04,80.28],[47.16,80.47],[47.63,80.47],[47.56,80.19]]],[[[53.79,80.19],[52.73,80.19],[52.95,80.47],[53.79,80.19]]],[[[54.6,80.47],[54.72,80.47],[54.64,80.37],[54.6,80.47]]],[[[58.31,80.94],[58.9,80.94],[58.22,80.56],[59.05,80.56],[58.18,80.09],[56.06,80.09],[56.37,80.47],[57.98,80.56],[58.31,80.94]]],[[[54.36,80.47],[54.75,80.65],[54.6,80.47],[54.36,80.47]]],[[[48.59,80.65],[50.93,80.94],[50.47,80.47],[47.85,80.09],[48.67,80.94],[48.59,80.65]]],[[[47.22,80.56],[45.92,80.56],[46.05,80.75],[47.53,80.84],[47.22,80.56]]],[[[50.77,80.56],[51.81,80.84],[51.72,80.56],[50.77,80.56]]],[[[47.76,80.65],[47.52,80.65],[48.07,80.94],[47.76,80.65]]],[[[57.57,81.63],[58.33,81.53],[56.72,81.04],[58.07,80.94],[57.83,80.65],[54.9,80.84],[57.57,81.63]]],[[[59.65,81.93],[59.68,81.83],[58.61,81.43],[58.8,81.93],[59.65,81.93]]],[[[47.93,42.24],[49.51,40.61],[50.26,40.42],[49.4,40.1],[48.79,38.48],[48.06,38.8],[48.13,39.64],[46.67,38.93],[45.07,39.26],[44.42,40.03],[43.65,40.16],[43.58,41.13],[42.86,41.59],[41.58,41.52],[41.82,41.98],[41.33,42.89],[36.78,45.1],[36.75,45.43],[37.7,45.3],[38.37,46.35],[37.84,46.61],[39.13,46.94],[39.2,47.33],[35.63,46.68],[34.74,46.15],[32.68,46.09],[31.82,46.35],[32.03,46.74],[30.88,46.68],[29.58,45.43],[28.51,45.24],[28.13,45.5],[28.11,46.87],[26.85,48.26],[25.07,47.8],[20.58,48.59],[17.71,47.73],[17.06,47.99],[16.76,48.79],[14.94,48.99],[14.18,48.59],[12.53,49.52],[12.12,50.25],[14.33,51.05],[15.26,50.98],[16.34,50.65],[16.49,50.18],[17.17,50.45],[19.87,49.18],[22.78,49.12],[22.74,49.71],[24.08,50.58],[23.63,51.98],[23.15,52.25],[23.98,52.86],[23.5,54.0],[23.02,54.41],[19.82,54.48],[19.95,55.02],[21.09,55.09],[20.87,56.46],[21.6,57.63],[22.52,57.83],[23.58,57.01],[24.23,57.28],[24.27,58.25],[23.41,58.53],[23.41,59.29],[30.14,59.92],[28.65,60.28],[28.54,60.7],[27.97,60.56],[31.5,62.98],[30.05,63.7],[30.55,64.28],[29.62,64.86],[30.03,65.88],[29.05,66.77],[29.94,67.67],[28.42,68.42],[29.32,69.33],[31.91,70.02],[32.98,69.87],[32.9,69.56],[33.44,69.33],[36.13,69.26],[41.0,67.74],[41.39,67.15],[41.04,66.7],[38.68,66.03],[32.55,67.07],[33.0,66.55],[34.87,65.88],[34.44,65.37],[34.98,64.49],[37.39,63.91],[37.88,63.99],[37.89,64.35],[36.79,64.49],[36.36,65.0],[37.21,65.3],[38.21,64.79],[40.19,64.71],[39.54,65.37],[40.4,65.96],[41.96,66.55],[43.97,66.18],[44.37,67.0],[43.6,67.3],[44.17,68.27],[43.45,68.73],[45.88,68.57],[46.66,67.82],[44.93,67.44],[45.81,66.92],[47.37,66.92],[47.78,67.67],[53.28,69.03],[54.04,68.95],[53.87,68.42],[53.3,68.27],[58.39,69.03],[59.09,69.03],[59.4,68.88],[59.24,68.42],[59.74,68.42],[60.7,68.88],[60.09,69.72],[58.34,70.18],[59.07,70.57],[60.54,69.79],[63.93,69.72],[68.49,68.27],[68.95,68.95],[66.6,69.64],[67.17,70.18],[67.19,70.8],[66.53,71.03],[68.33,71.81],[69.96,73.49],[71.3,73.57],[71.11,73.08],[69.71,72.92],[72.94,72.76],[72.66,72.05],[71.81,71.5],[72.89,71.03],[72.5,69.03],[73.63,68.65],[73.07,67.74],[71.52,66.62],[70.4,66.4],[72.1,66.33],[74.65,67.74],[74.2,68.35],[74.59,68.88],[76.47,69.11],[77.31,68.65],[77.25,68.05],[77.88,68.35],[77.59,68.88],[76.63,69.18],[73.66,69.11],[73.41,69.72],[74.22,70.64],[72.89,71.42],[74.87,72.21],[74.86,72.92],[75.77,72.53],[75.27,71.81],[75.4,71.34],[77.19,71.27],[75.85,71.89],[77.23,72.05],[76.71,72.29],[77.48,72.69],[82.52,71.81],[82.13,72.29],[80.47,72.53],[80.55,73.16],[80.18,73.33],[80.89,73.73],[86.9,73.89],[87.0,74.46],[86.06,74.3],[87.32,75.12],[89.01,75.54],[95.91,76.38],[96.8,76.38],[96.22,76.04],[97.65,76.04],[99.11,76.3],[99.15,76.64],[100.8,76.55],[101.49,77.24],[102.94,77.67],[105.1,77.76],[106.29,77.58],[105.16,77.15],[107.59,77.06],[106.66,76.55],[112.07,76.81],[114.09,75.96],[113.31,75.12],[106.15,73.33],[105.53,72.92],[110.4,73.65],[110.73,73.81],[109.34,73.65],[110.12,74.14],[111.06,73.97],[112.12,74.63],[113.31,74.63],[113.61,74.54],[111.48,73.89],[112.53,73.73],[113.21,74.05],[113.6,73.81],[113.36,73.57],[118.9,73.73],[118.4,73.33],[120.56,73.0],[123.08,73.0],[123.21,73.57],[124.01,73.81],[128.08,73.57],[129.12,73.16],[128.74,72.92],[129.22,72.76],[128.74,72.53],[129.64,72.37],[128.87,71.66],[130.99,70.8],[132.46,71.97],[133.49,71.5],[139.7,71.58],[139.36,71.81],[139.8,72.21],[139.0,72.29],[141.34,72.92],[146.82,72.53],[146.53,72.13],[147.41,72.45],[149.62,72.29],[150.1,71.97],[148.95,71.74],[151.81,71.42],[152.49,70.88],[155.5,71.19],[159.39,70.95],[160.15,70.64],[159.78,69.87],[160.89,69.64],[166.9,69.56],[169.01,70.1],[169.63,69.95],[169.11,69.56],[168.35,69.64],[168.28,69.33],[170.45,68.88],[170.96,69.26],[169.96,69.64],[170.68,70.18],[171.8,70.18],[176.31,69.95],[180.0,69.11],[180.0,65.08],[177.34,64.49],[178.45,64.42],[178.89,63.91],[178.58,63.62],[179.4,63.34],[179.61,62.69],[179.0,62.33],[177.06,62.62],[173.58,61.69],[170.68,60.49],[170.28,59.92],[169.06,60.63],[166.99,60.35],[166.07,59.78],[166.19,60.49],[164.79,59.78],[163.64,60.0],[161.97,58.04],[163.38,57.83],[162.71,57.28],[163.46,56.39],[162.57,56.05],[162.58,56.46],[161.95,55.98],[161.77,55.23],[162.21,54.89],[160.06,54.21],[159.83,53.8],[160.13,53.26],[158.78,52.99],[158.3,51.98],[156.78,50.98],[156.39,51.25],[155.43,54.68],[155.7,56.52],[156.85,57.35],[156.86,57.9],[158.4,58.18],[161.99,60.56],[163.63,60.98],[163.35,60.98],[163.88,61.34],[163.62,61.41],[163.86,62.12],[164.55,62.69],[163.3,62.55],[163.07,61.9],[163.42,61.83],[163.0,61.55],[162.27,61.62],[160.17,60.63],[160.23,61.05],[159.67,60.98],[160.28,61.9],[157.1,61.69],[154.25,59.85],[154.14,59.5],[155.22,59.43],[154.93,59.16],[151.23,58.88],[152.05,59.29],[149.42,59.78],[148.61,59.22],[143.08,59.36],[140.9,58.39],[137.43,55.98],[135.2,54.95],[136.92,54.68],[136.68,53.87],[137.69,54.34],[137.32,54.07],[137.86,54.0],[137.27,53.6],[138.1,53.73],[138.73,54.34],[140.03,54.34],[141.46,53.33],[141.15,52.52],[141.56,52.25],[140.65,51.25],[140.25,48.59],[135.11,43.47],[133.27,42.69],[131.91,43.28],[130.77,42.43],[130.47,42.69],[131.27,43.28],[130.91,44.71],[131.7,45.24],[132.98,45.1],[134.68,47.66],[134.52,48.39],[132.12,47.66],[130.85,47.73],[130.57,48.85],[127.48,49.78],[125.9,52.86],[123.85,53.53],[121.9,53.46],[120.08,52.86],[119.9,52.65],[120.53,52.59],[120.67,52.05],[119.65,51.11],[119.28,50.11],[117.83,49.52],[114.01,50.25],[112.73,49.52],[108.59,49.32],[106.46,50.38],[103.3,50.18],[102.3,50.58],[101.91,51.51],[98.93,52.12],[97.84,51.11],[98.13,50.11],[97.43,49.78],[94.87,49.98],[94.13,50.58],[92.27,50.85],[89.49,49.65],[86.87,49.12],[86.6,48.59],[85.64,48.32],[85.74,47.33],[85.14,46.94],[83.04,47.2],[82.31,45.56],[82.55,45.17],[79.95,44.97],[80.41,44.71],[80.79,43.28],[80.14,42.04],[78.03,41.07],[76.89,41.0],[76.27,40.36],[75.49,40.61],[73.93,39.97],[73.77,38.67],[74.87,38.42],[74.92,37.25],[73.33,37.45],[71.58,36.74],[71.57,37.84],[71.18,38.42],[70.71,38.42],[70.27,37.64],[69.55,37.58],[69.35,37.13],[67.92,37.0],[65.71,37.51],[64.83,37.13],[64.3,36.16],[62.3,35.19],[61.3,35.58],[61.14,36.61],[60.44,36.61],[59.17,37.58],[57.19,38.22],[55.2,38.03],[53.96,37.32],[53.99,39.0],[53.14,39.45],[53.54,39.51],[53.5,40.03],[52.79,40.03],[52.7,40.36],[52.89,40.87],[54.37,40.74],[54.73,41.26],[54.09,41.59],[53.91,42.17],[53.19,42.17],[52.72,41.52],[52.44,42.04],[52.79,42.82],[51.44,43.21],[50.88,44.25],[50.19,44.45],[51.42,44.52],[51.02,44.84],[51.47,45.37],[54.3,44.97],[54.29,45.56],[53.06,45.56],[53.35,46.35],[53.11,47.01],[50.84,47.14],[49.3,46.55],[47.47,45.69],[46.69,44.71],[47.93,42.24]]],[[[79.18,73.16],[79.66,73.0],[79.36,72.69],[78.57,72.84],[79.18,73.16]]],[[[74.58,72.84],[73.98,73.0],[74.4,73.25],[74.58,72.84]]],[[[76.03,73.65],[75.39,73.41],[75.61,73.65],[76.03,73.65]]],[[[60.96,75.2],[55.95,73.08],[56.32,73.0],[55.5,72.53],[55.43,72.05],[56.11,71.27],[57.62,70.88],[57.49,70.64],[53.85,70.72],[53.25,71.5],[52.85,70.95],[52.2,71.27],[52.43,71.5],[51.25,71.81],[52.77,72.69],[52.34,72.84],[54.14,73.41],[53.7,73.89],[56.11,74.79],[56.29,75.04],[55.75,75.04],[56.09,75.37],[56.73,75.2],[59.33,76.04],[64.23,76.38],[66.97,77.06],[69.14,76.89],[69.03,76.55],[67.83,76.21],[60.96,75.2]]],[[[84.51,74.54],[84.92,74.63],[84.65,74.38],[84.51,74.54]]],[[[85.78,74.63],[86.6,74.87],[86.21,74.63],[85.78,74.63]]],[[[85.44,74.71],[85.12,74.71],[85.41,74.87],[85.44,74.71]]],[[[82.04,75.54],[82.38,75.45],[81.76,75.29],[82.04,75.54]]],[[[97.0,76.21],[96.56,76.13],[97.14,76.46],[97.0,76.21]]],[[[97.59,76.55],[97.37,76.55],[97.62,76.81],[97.59,76.55]]],[[[96.0,77.24],[96.91,77.32],[96.42,76.98],[95.53,76.98],[96.0,77.24]]],[[[89.18,77.15],[89.97,77.41],[89.62,77.15],[89.18,77.15]]],[[[101.49,78.2],[99.41,78.02],[101.97,79.45],[103.59,79.45],[102.72,78.91],[104.57,79.27],[106.0,78.73],[104.7,78.29],[101.49,78.2]]],[[[100.5,80.0],[99.8,79.18],[100.36,79.09],[97.53,78.82],[93.26,79.45],[94.78,80.09],[92.94,79.63],[91.35,79.91],[92.78,80.09],[93.18,80.37],[92.6,80.37],[93.55,81.04],[95.77,81.33],[98.05,80.94],[97.36,80.56],[98.56,80.19],[98.27,80.0],[100.5,80.0]]],[[[60.62,81.13],[61.9,81.23],[61.76,80.94],[62.62,80.84],[61.92,80.47],[59.4,80.56],[60.62,81.13]]],[[[80.32,80.75],[79.14,80.75],[80.8,81.04],[80.32,80.75]]],[[[65.9,81.04],[65.26,80.75],[62.89,80.75],[65.9,81.04]]],[[[90.74,81.33],[91.94,81.33],[91.27,80.94],[90.21,81.04],[90.74,81.33]]],[[[59.91,81.13],[60.32,81.33],[60.14,81.13],[59.91,81.13]]],[[[63.4,81.43],[62.66,81.53],[63.06,81.83],[63.81,81.73],[63.4,81.43]]],[[[146.98,43.93],[146.5,43.73],[146.69,43.86],[146.98,43.93]]],[[[146.51,44.45],[145.29,43.73],[146.08,44.52],[146.51,44.45]]],[[[148.96,45.56],[146.78,44.39],[147.88,45.43],[148.96,45.56]]],[[[150.55,46.28],[149.37,45.56],[149.51,45.82],[150.55,46.28]]],[[[152.34,47.2],[151.58,46.81],[151.96,47.14],[152.34,47.2]]],[[[144.67,48.99],[144.74,48.79],[144.46,48.65],[144.67,48.99]]],[[[154.42,49.25],[154.9,49.65],[154.73,49.32],[154.42,49.25]]],[[[143.07,51.98],[144.43,49.18],[142.96,49.12],[142.5,47.93],[143.62,46.41],[143.3,46.22],[143.24,46.55],[142.53,46.68],[141.89,45.89],[141.66,46.41],[142.15,48.19],[141.75,48.79],[142.15,51.05],[141.46,51.98],[141.85,52.79],[141.72,53.33],[142.54,53.53],[142.31,54.21],[142.69,54.48],[143.08,54.27],[143.33,52.65],[143.07,51.98]]],[[[155.82,50.71],[156.54,50.91],[155.84,50.25],[155.08,50.25],[155.82,50.71]]],[[[167.26,54.75],[167.87,54.89],[167.78,54.61],[167.26,54.75]]],[[[137.59,54.41],[137.14,54.89],[137.5,55.23],[138.15,55.02],[137.59,54.41]]],[[[136.87,54.89],[136.53,54.89],[136.9,55.16],[137.18,55.09],[136.87,54.89]]],[[[166.32,55.43],[166.74,54.82],[165.96,54.89],[165.7,55.29],[166.32,55.43]]],[[[163.27,58.53],[163.69,59.02],[164.81,59.29],[163.27,58.53]]],[[[141.11,73.97],[142.7,73.97],[143.61,73.49],[139.52,73.33],[141.11,73.97]]],[[[136.32,74.22],[136.43,74.22],[136.06,73.89],[135.28,74.05],[136.32,74.22]]],[[[140.89,73.97],[139.83,73.97],[140.37,74.38],[141.24,74.22],[140.89,73.97]]],[[[147.94,74.79],[146.07,75.2],[146.68,75.71],[151.17,75.2],[150.09,74.79],[147.94,74.79]]],[[[142.34,75.45],[143.59,75.96],[145.58,75.71],[143.46,74.87],[141.73,75.04],[139.22,74.63],[136.86,75.2],[137.23,75.45],[137.01,75.62],[138.79,76.3],[140.13,75.87],[141.92,76.21],[142.72,75.96],[142.34,75.45]]],[[[135.87,75.37],[135.33,75.37],[135.59,75.79],[136.14,75.96],[136.35,75.62],[135.87,75.37]]],[[[149.13,76.64],[148.69,76.64],[149.63,76.81],[149.13,76.64]]],[[[149.49,76.89],[149.71,76.89],[149.18,76.81],[149.49,76.89]]]]}},{"type":"Feature","properties":{"n":"Kingdom of Saudi Arabia","f":1973,"t":1989,"w":"Q851"},"geometry":{"type":"Polygon","coordinates":[[[46.69,29.15],[47.57,28.96],[47.83,28.51],[48.51,28.57],[48.87,27.67],[50.13,26.77],[50.07,26.07],[50.98,24.59],[51.5,24.52],[52.57,22.91],[55.3,22.66],[55.77,22.01],[55.17,20.09],[52.13,18.93],[49.0,18.61],[48.0,18.09],[47.42,17.06],[43.31,17.45],[42.81,16.42],[40.85,19.7],[39.35,20.79],[38.6,23.62],[37.44,24.33],[37.27,25.23],[35.41,27.87],[34.61,28.25],[34.91,29.34],[36.03,29.15],[37.95,30.44],[37.14,31.53],[39.26,32.17],[41.98,31.21],[45.59,28.77],[46.69,29.15]]]}},{"type":"Feature","properties":{"n":"Republic of Italy","f":1973,"t":1975,"w":"Q38"},"geometry":{"type":"MultiPolygon","coordinates":[[[[9.82,40.74],[9.75,39.64],[9.59,39.13],[8.73,38.87],[8.34,39.0],[8.15,40.94],[9.1,41.26],[9.82,40.74]]],[[[12.16,45.5],[12.31,44.19],[13.67,43.41],[14.37,42.24],[16.12,41.91],[15.94,41.39],[18.44,40.16],[18.11,39.9],[17.35,40.55],[16.62,40.29],[16.45,39.64],[17.14,39.06],[15.93,37.96],[15.39,38.16],[15.05,36.74],[12.49,37.9],[15.86,38.29],[16.27,38.93],[15.75,40.03],[11.26,42.43],[10.13,44.06],[8.59,44.45],[7.55,43.8],[7.63,44.19],[6.98,44.25],[6.64,44.97],[7.12,45.3],[6.94,45.96],[8.0,45.96],[8.4,46.41],[8.98,45.89],[9.3,46.48],[10.04,46.28],[10.45,46.87],[11.19,47.01],[12.09,47.07],[13.56,46.48],[13.63,45.76],[12.16,45.5]]],[[[10.46,42.69],[10.13,42.89],[10.21,42.89],[10.46,42.69]]]]}},{"type":"Feature","properties":{"n":"Francoist Spain","f":1973,"t":1975,"w":"Q13474305"},"geometry":{"type":"MultiPolygon","coordinates":[[[[-18.06,27.67],[-18.0,27.87],[-17.85,27.87],[-18.06,27.67]]],[[[-15.3,28.12],[-15.36,27.8],[-15.73,27.74],[-15.76,28.19],[-15.3,28.12]]],[[[-17.25,27.99],[-17.35,28.19],[-17.12,28.25],[-17.25,27.99]]],[[[-16.65,27.93],[-16.91,28.38],[-16.4,28.57],[-16.08,28.44],[-16.65,27.93]]],[[[-14.07,28.7],[-13.77,28.77],[-13.81,28.25],[-14.32,28.06],[-14.07,28.7]]],[[[-18.0,28.83],[-17.71,28.89],[-17.67,28.51],[-18.0,28.83]]],[[[-13.47,28.89],[-13.85,28.83],[-13.65,29.22],[-13.47,28.89]]],[[[-11.93,26.0],[-11.88,23.56],[-13.05,22.91],[-13.05,21.31],[-16.99,21.37],[-15.86,23.94],[-14.93,24.71],[-14.5,26.19],[-13.49,26.9],[-13.17,27.74],[-8.72,27.67],[-8.57,26.13],[-11.93,26.0]]],[[[1.18,39.06],[1.65,39.13],[1.66,39.0],[1.18,39.06]]],[[[3.3,39.32],[2.35,39.45],[2.88,39.97],[3.52,39.77],[3.3,39.32]]],[[[-1.69,43.34],[1.58,42.43],[3.09,42.5],[3.12,41.91],[0.7,40.94],[-0.2,39.97],[-0.31,39.13],[0.1,38.74],[-0.66,38.29],[-0.7,37.64],[-1.71,37.45],[-2.06,36.8],[-4.47,36.74],[-5.66,36.03],[-6.43,37.0],[-7.39,37.25],[-7.5,37.71],[-6.99,38.09],[-7.27,38.67],[-6.99,39.0],[-7.44,39.64],[-6.9,39.77],[-6.93,41.0],[-6.27,41.65],[-6.7,41.98],[-8.93,41.91],[-8.66,42.37],[-9.3,43.15],[-8.24,43.73],[-1.69,43.34]]],[[[4.22,40.1],[4.3,39.84],[3.83,39.9],[4.22,40.1]]],[[[0.71,40.74],[0.7,40.81],[0.86,40.81],[0.71,40.74]]]]}},{"type":"Feature","properties":{"n":"Republic of Tunisia","f":1973,"t":1975,"w":"Q948"},"geometry":{"type":"Polygon","coordinates":[[[10.0,34.29],[10.01,33.91],[11.08,33.59],[11.62,32.56],[10.17,31.59],[10.32,30.82],[9.56,30.31],[9.17,31.98],[7.79,33.2],[7.54,34.1],[8.46,35.19],[8.21,36.55],[8.9,37.13],[10.23,37.25],[10.46,36.74],[11.01,37.0],[10.46,36.42],[11.08,35.0],[10.0,34.29]]]}},{"type":"Feature","properties":{"n":"South Africa","f":1973,"t":1975,"w":"Q258"},"geometry":{"type":"MultiPolygon","coordinates":[[[[25.02,-17.78],[23.63,-18.49],[23.1,-18.04],[20.89,-18.36],[20.95,-21.89],[19.91,-22.02],[19.88,-24.85],[20.73,-25.94],[20.52,-26.84],[21.65,-26.84],[22.96,-25.3],[24.47,-25.88],[25.44,-25.69],[25.79,-24.79],[29.14,-22.15],[31.15,-22.41],[31.48,-23.18],[31.95,-25.56],[31.74,-25.94],[30.92,-25.94],[30.99,-27.23],[32.77,-26.97],[32.21,-28.77],[31.47,-29.09],[30.24,-31.02],[28.8,-32.37],[27.05,-33.59],[25.68,-33.79],[25.62,-34.11],[22.16,-34.11],[19.42,-34.82],[18.55,-34.11],[18.17,-34.36],[18.22,-33.59],[17.67,-33.08],[18.11,-32.63],[18.09,-31.92],[16.34,-28.64],[15.12,-27.42],[14.35,-24.4],[14.34,-22.47],[11.73,-18.36],[11.58,-17.26],[13.28,-17.01],[13.94,-17.46],[18.3,-17.39],[18.89,-17.84],[20.52,-18.04],[25.02,-17.78]],[[29.29,-29.22],[28.57,-28.64],[27.53,-28.97],[26.89,-29.67],[27.71,-30.7],[28.95,-29.93],[29.29,-29.22]]],[[[55.21,-4.6],[55.43,-4.6],[55.43,-4.79],[55.21,-4.6]]]]}},{"type":"Feature","properties":{"n":"Kingdom of Jordan","f":1973,"t":1975,"w":"Q810"},"geometry":{"type":"Polygon","coordinates":[[[37.96,30.56],[37.53,29.99],[36.03,29.15],[34.91,29.34],[35.72,32.75],[36.83,32.3],[38.84,33.33],[39.26,32.17],[37.14,31.53],[37.96,30.56]]]}},{"type":"Feature","properties":{"n":"Kingdom of Cambodia","f":1973,"t":1975,"w":"Q424"},"geometry":{"type":"Polygon","coordinates":[[[105.85,11.6],[106.14,10.83],[105.12,10.89],[104.34,10.44],[103.55,10.51],[103.6,11.09],[103.06,10.83],[102.36,13.21],[103.46,14.43],[104.92,14.43],[106.03,13.91],[106.09,14.36],[106.63,14.56],[107.54,13.66],[107.54,12.37],[105.85,11.6]]]}},{"type":"Feature","properties":{"n":"Republic of Chile","f":1973,"t":1989,"w":"Q298"},"geometry":{"type":"MultiPolygon","coordinates":[[[[-67.41,-55.64],[-67.23,-55.64],[-67.28,-55.85],[-67.41,-55.64]]],[[[-68.11,-55.37],[-67.89,-55.57],[-68.5,-55.57],[-68.11,-55.37]]],[[[-74.54,-52.73],[-74.54,-52.86],[-74.8,-52.86],[-74.54,-52.73]]],[[[-74.56,-48.07],[-74.13,-47.87],[-74.31,-48.07],[-74.56,-48.07]]],[[[-73.98,-44.2],[-74.08,-44.39],[-74.24,-44.39],[-73.98,-44.2]]],[[[-73.95,-43.81],[-74.05,-44.0],[-74.29,-44.0],[-73.95,-43.81]]],[[[-68.56,-52.59],[-68.72,-54.96],[-66.93,-55.03],[-67.15,-55.37],[-70.08,-55.3],[-69.59,-54.82],[-70.99,-55.1],[-70.33,-54.89],[-72.07,-54.62],[-71.02,-54.49],[-70.76,-54.21],[-72.93,-54.21],[-72.75,-53.94],[-73.36,-54.08],[-73.77,-53.13],[-74.63,-53.0],[-73.43,-53.13],[-73.21,-52.66],[-73.98,-52.8],[-73.9,-52.39],[-74.33,-52.39],[-74.12,-51.92],[-75.09,-52.12],[-74.88,-51.65],[-73.95,-51.52],[-74.43,-51.19],[-75.39,-51.65],[-74.49,-50.45],[-74.72,-50.12],[-74.97,-50.12],[-75.49,-50.85],[-75.43,-50.19],[-74.81,-49.85],[-75.65,-49.85],[-75.41,-49.59],[-75.78,-49.06],[-75.26,-48.73],[-75.8,-48.66],[-75.64,-48.07],[-73.77,-48.13],[-73.63,-47.87],[-74.83,-47.8],[-74.19,-47.21],[-74.35,-46.88],[-75.11,-46.62],[-75.83,-46.88],[-74.88,-46.16],[-75.15,-45.9],[-74.22,-45.5],[-74.5,-45.24],[-74.03,-44.78],[-74.53,-44.65],[-73.62,-44.78],[-73.27,-44.39],[-72.99,-42.44],[-72.63,-42.18],[-73.02,-41.98],[-72.93,-41.59],[-73.6,-41.85],[-73.64,-43.15],[-73.88,-43.48],[-74.54,-43.35],[-74.13,-41.79],[-74.0,-41.85],[-73.81,-41.79],[-74.14,-41.27],[-73.98,-40.36],[-73.37,-39.46],[-73.84,-37.46],[-73.33,-37.13],[-72.42,-35.2],[-71.63,-32.69],[-71.94,-30.83],[-71.42,-29.74],[-71.73,-29.16],[-70.78,-26.27],[-70.53,-23.63],[-70.81,-23.5],[-70.18,-21.38],[-70.51,-18.94],[-69.59,-17.59],[-68.58,-19.45],[-68.85,-20.35],[-67.95,-22.86],[-67.08,-23.05],[-67.29,-23.89],[-68.61,-24.66],[-68.46,-27.04],[-69.73,-28.39],[-70.16,-29.54],[-69.96,-30.25],[-70.74,-31.47],[-69.93,-34.17],[-70.65,-35.46],[-70.48,-36.1],[-71.32,-36.94],[-70.97,-38.55],[-71.87,-39.84],[-71.83,-41.98],[-72.27,-42.44],[-72.25,-43.09],[-71.86,-43.28],[-71.94,-44.33],[-71.26,-44.59],[-71.98,-44.92],[-71.41,-45.24],[-71.85,-45.83],[-71.67,-46.62],[-72.7,-48.93],[-73.57,-49.59],[-73.58,-50.19],[-73.34,-50.79],[-72.37,-50.72],[-72.03,-51.99],[-69.47,-52.12],[-69.19,-52.66],[-68.56,-52.59]]]]}},{"type":"Feature","properties":{"n":"State of Qatar","f":1973,"t":2023,"w":"Q846"},"geometry":{"type":"Polygon","coordinates":[[[50.79,24.97],[51.12,26.13],[51.7,25.87],[51.36,24.59],[50.79,24.97]]]}},{"type":"Feature","properties":{"n":"Greek junta","f":1973,"t":1975,"w":"Q504081"},"geometry":{"type":"MultiPolygon","coordinates":[[[[22.89,36.42],[23.12,36.35],[23.11,36.16],[22.89,36.42]]],[[[24.36,37.71],[24.43,37.58],[24.27,37.51],[24.36,37.71]]],[[[20.62,37.9],[20.93,37.9],[20.92,37.64],[20.62,37.9]]],[[[24.77,38.03],[25.07,37.77],[24.83,37.71],[24.77,38.03]]],[[[20.57,38.42],[20.79,38.09],[20.32,38.16],[20.57,38.42]]],[[[23.57,38.8],[23.56,38.74],[23.48,38.74],[23.57,38.8]]],[[[24.67,38.93],[24.66,38.74],[24.36,38.87],[24.67,38.93]]],[[[23.74,40.23],[22.89,40.61],[22.54,40.1],[23.14,39.45],[22.8,39.06],[23.49,38.87],[22.94,38.74],[24.18,38.55],[23.98,37.84],[23.04,37.9],[23.4,37.32],[22.71,37.58],[23.06,36.67],[22.36,36.67],[22.22,37.06],[21.74,36.87],[21.7,37.51],[21.24,37.84],[21.74,38.35],[21.19,38.42],[20.15,39.64],[21.08,40.74],[24.15,41.59],[25.72,41.26],[26.07,41.72],[26.61,41.52],[26.24,40.81],[25.38,41.0],[23.7,40.81],[23.74,40.23]]],[[[20.15,39.58],[20.07,39.58],[20.07,39.64],[20.15,39.58]]],[[[19.91,39.58],[19.76,39.64],[19.76,39.77],[19.91,39.58]]],[[[24.49,40.81],[24.81,40.81],[24.79,40.61],[24.49,40.81]]],[[[24.3,35.32],[26.23,35.19],[23.68,35.26],[23.62,35.52],[24.3,35.32]]],[[[27.69,36.29],[28.25,36.48],[28.14,36.03],[27.74,35.9],[27.69,36.29]]],[[[27.19,36.8],[26.87,36.67],[27.04,36.93],[27.19,36.8]]],[[[25.57,37.13],[25.56,37.0],[25.33,37.0],[25.57,37.13]]],[[[24.99,37.71],[25.22,37.71],[25.29,37.51],[24.99,37.71]]],[[[26.31,37.71],[26.3,37.58],[25.99,37.51],[26.31,37.71]]],[[[27.03,37.84],[27.01,37.64],[26.62,37.64],[27.03,37.84]]],[[[25.82,38.48],[25.99,38.67],[26.22,38.55],[25.88,38.16],[25.82,38.48]]],[[[25.79,39.19],[26.04,39.38],[26.64,39.0],[25.79,39.19]]],[[[25.46,40.03],[25.45,39.84],[24.97,39.84],[25.46,40.03]]]]}},{"type":"Feature","properties":{"n":"United Arab Emirates","f":1973,"t":2023,"w":"Q878"},"geometry":{"type":"Polygon","coordinates":[[[52.57,22.91],[51.7,24.26],[54.08,24.14],[56.28,26.0],[56.5,25.16],[55.87,24.84],[56.02,24.07],[55.56,23.94],[55.3,22.66],[52.57,22.91]]]}},{"type":"Feature","properties":{"n":"Kingdom of Laos","f":1973,"t":1975,"w":"Q870055"},"geometry":{"type":"MultiPolygon","coordinates":[[[[107.0,14.56],[106.96,14.3],[106.75,14.36],[107.0,14.56]]],[[[104.62,20.66],[104.95,19.96],[103.96,19.31],[105.25,18.61],[107.26,15.39],[107.1,14.75],[106.09,14.36],[106.03,13.91],[105.26,14.17],[105.68,15.65],[104.89,16.29],[104.83,17.39],[104.02,18.29],[103.36,18.35],[102.92,17.9],[102.07,18.16],[101.08,17.45],[101.31,19.44],[100.52,19.57],[100.24,20.66],[101.18,21.44],[101.81,21.18],[101.72,22.46],[103.07,21.63],[103.0,21.18],[104.62,20.66]]]]}},{"type":"Feature","properties":{"n":"Republic of Vietnam","f":1973,"t":1975,"w":"Q172640"},"geometry":{"type":"MultiPolygon","coordinates":[[[[104.12,10.44],[104.09,10.06],[103.81,10.25],[104.12,10.44]]],[[[109.51,12.95],[109.21,11.6],[107.34,10.38],[107.0,10.7],[106.6,9.54],[104.7,8.58],[105.03,9.99],[104.42,10.44],[105.12,10.89],[106.14,10.83],[105.85,11.6],[107.61,12.37],[107.92,15.39],[106.87,16.74],[106.95,17.26],[108.7,15.65],[109.51,12.95]]]]}},{"type":"Feature","properties":{"n":"Democratic Republic of Vietnam","f":1973,"t":1975,"w":"Q172640"},"geometry":{"type":"Polygon","coordinates":[[[106.06,19.96],[105.73,18.86],[106.57,18.09],[106.87,16.74],[107.92,15.39],[107.79,13.85],[107.25,13.66],[107.0,14.56],[106.62,14.49],[107.26,15.39],[106.4,16.55],[106.42,17.13],[105.12,18.74],[103.96,19.31],[104.98,20.15],[104.36,20.92],[103.04,20.99],[103.07,21.63],[102.21,22.27],[102.58,22.72],[104.04,22.53],[105.44,23.3],[106.71,22.91],[106.71,22.08],[108.1,21.5],[106.06,19.96]]]}},{"type":"Feature","properties":{"n":"Libyan Arab Republic","f":1973,"t":1975,"w":"Q17435890"},"geometry":{"type":"Polygon","coordinates":[[[15.65,31.4],[17.85,30.95],[18.97,30.24],[19.96,30.56],[20.02,32.24],[21.11,32.81],[22.11,32.94],[23.09,32.62],[23.15,32.24],[25.11,31.79],[24.72,29.92],[25.07,27.42],[25.09,20.09],[24.12,19.96],[24.04,19.57],[16.15,23.43],[14.21,22.66],[13.47,23.24],[12.05,23.49],[11.38,24.39],[10.26,24.59],[9.43,26.07],[9.95,26.71],[10.02,27.87],[9.41,30.18],[10.32,30.82],[10.17,31.59],[11.54,32.36],[11.54,33.14],[15.21,32.36],[15.65,31.4]]]}},{"type":"Feature","properties":{"n":"Japan","f":1973,"t":2023,"w":"Q188712"},"geometry":{"type":"MultiPolygon","coordinates":[[[[123.91,24.26],[123.69,24.26],[123.72,24.39],[123.91,24.26]]],[[[125.44,24.71],[125.22,24.71],[125.26,24.91],[125.44,24.71]]],[[[127.65,26.0],[127.93,26.71],[128.42,26.84],[127.65,26.0]]],[[[129.35,28.12],[129.15,28.19],[129.19,28.32],[129.8,28.57],[129.35,28.12]]],[[[128.77,32.56],[128.57,32.62],[128.65,32.81],[128.77,32.56]]],[[[129.73,33.84],[129.88,33.84],[129.82,33.71],[129.73,33.84]]],[[[129.31,34.1],[129.11,34.16],[129.17,34.29],[129.31,34.1]]],[[[129.43,34.36],[129.23,34.42],[129.29,34.55],[129.43,34.36]]],[[[130.72,30.44],[130.62,30.18],[130.36,30.31],[130.72,30.44]]],[[[131.17,30.82],[131.02,30.44],[130.82,30.5],[131.17,30.82]]],[[[130.53,32.56],[130.13,32.17],[129.99,32.56],[130.53,32.56]]],[[[133.33,36.16],[133.1,36.16],[133.2,36.35],[133.33,36.16]]],[[[141.51,38.35],[140.92,38.03],[141.13,37.32],[140.61,36.42],[140.91,35.84],[140.41,35.19],[139.7,34.87],[139.96,35.64],[139.72,35.19],[139.21,35.26],[138.95,34.61],[138.8,35.07],[138.26,34.61],[137.22,34.55],[136.73,34.94],[136.91,34.23],[136.45,34.23],[135.81,33.39],[135.03,33.84],[135.21,34.68],[134.22,33.26],[133.54,33.46],[133.03,32.69],[132.08,33.46],[132.88,34.16],[133.51,34.04],[134.94,34.61],[132.32,34.29],[132.19,33.84],[131.09,33.97],[131.1,33.65],[131.82,33.71],[131.64,33.33],[132.08,32.94],[131.41,31.4],[130.79,31.01],[130.14,31.27],[130.1,31.91],[130.52,32.36],[130.57,32.81],[129.79,32.62],[129.6,33.39],[132.69,35.52],[135.38,35.77],[135.71,35.52],[136.71,36.8],[136.72,37.38],[137.37,37.58],[137.1,36.8],[138.51,37.38],[139.95,39.26],[139.77,40.55],[140.34,41.26],[141.54,41.39],[141.44,40.68],[142.09,39.64],[141.51,38.35]]],[[[138.34,38.29],[138.61,38.35],[138.34,37.77],[138.34,38.29]]],[[[144.85,43.99],[145.4,44.39],[145.1,43.8],[145.55,43.34],[144.0,42.89],[143.24,41.98],[141.8,42.63],[141.0,42.3],[140.47,42.56],[140.39,42.24],[141.23,41.85],[139.95,41.39],[140.12,41.98],[139.69,42.37],[140.37,43.41],[140.95,43.21],[141.37,43.34],[141.66,45.5],[144.85,43.99]]],[[[141.27,45.1],[141.03,45.1],[141.18,45.3],[141.27,45.1]]]]}},{"type":"Feature","properties":{"n":"Lebanon","f":1973,"t":1975,"w":"Q139708"},"geometry":{"type":"Polygon","coordinates":[[[35.64,34.36],[36.37,34.68],[36.63,34.16],[35.22,33.14],[35.64,34.36]]]}},{"type":"Feature","properties":{"n":"Zaire","f":1973,"t":1991,"w":"Q6500954"},"geometry":{"type":"Polygon","coordinates":[[[30.41,-8.26],[28.95,-8.46],[28.3,-9.23],[28.6,-9.68],[28.34,-11.8],[29.02,-12.44],[29.74,-12.25],[29.7,-13.41],[28.89,-13.41],[27.1,-11.67],[26.15,-11.99],[25.34,-11.74],[25.19,-11.29],[24.39,-11.48],[24.01,-10.9],[22.11,-11.16],[21.64,-7.3],[19.52,-7.04],[19.16,-8.07],[17.56,-8.14],[16.38,-5.89],[12.08,-5.89],[12.95,-4.66],[13.46,-4.86],[14.33,-4.34],[14.55,-4.92],[15.86,-3.89],[16.14,-2.09],[17.66,-0.42],[17.98,2.09],[18.58,3.18],[18.53,4.34],[19.27,5.11],[20.57,4.4],[22.31,4.08],[22.76,4.79],[23.34,4.59],[25.39,5.3],[27.22,5.24],[28.22,4.34],[29.53,4.66],[30.82,3.56],[30.72,2.41],[31.23,2.09],[29.89,0.86],[29.53,-1.32],[28.81,-2.35],[29.07,-6.21],[30.41,-8.26]]]}},{"type":"Feature","properties":{"n":"Islamic Republic of Pakistan","f":1973,"t":1975,"w":"Q843"},"geometry":{"type":"MultiPolygon","coordinates":[[[[90.11,21.95],[89.96,21.95],[90.05,22.08],[90.11,21.95]]],[[[76.8,34.81],[75.64,34.49],[73.9,34.61],[74.28,33.97],[74.08,33.14],[75.3,32.17],[74.63,31.91],[74.57,30.95],[71.89,27.99],[70.72,27.74],[70.39,28.06],[69.56,27.09],[69.51,26.77],[70.22,26.45],[70.19,25.74],[70.7,25.62],[71.05,24.33],[68.8,24.26],[67.63,23.81],[66.35,25.55],[61.65,25.1],[61.85,26.19],[63.11,26.64],[63.33,27.16],[62.82,27.29],[62.8,28.19],[61.87,28.57],[61.0,29.79],[64.12,29.41],[66.33,29.92],[66.44,30.95],[66.88,31.27],[67.72,31.27],[68.12,31.79],[69.09,31.66],[69.54,33.07],[70.26,33.2],[69.99,34.04],[71.19,34.23],[71.05,34.61],[71.68,35.32],[71.39,36.29],[72.38,36.8],[75.31,37.0],[75.96,36.55],[76.09,35.9],[77.17,35.32],[76.8,34.81]]]]}},{"type":"Feature","properties":{"n":"Seychelles","f":1976,"t":2023,"w":"Q1042"},"geometry":{"type":"Polygon","coordinates":[[[55.21,-4.6],[55.43,-4.6],[55.43,-4.79],[55.21,-4.6]]]}},{"type":"Feature","properties":{"n":"Lebanon","f":1976,"t":1982,"w":"Q139708"},"geometry":{"type":"Polygon","coordinates":[[[35.64,34.36],[36.37,34.68],[36.63,34.16],[35.22,33.14],[35.64,34.36]],[[35.6,33.91],[35.52,33.91],[35.59,33.84],[35.6,33.91]]]}},{"type":"Feature","properties":{"n":"Pahlavi Dynasty","f":1976,"t":1978,"w":"Q207991"},"geometry":{"type":"Polygon","coordinates":[[[49.09,37.51],[51.26,36.61],[54.03,36.87],[54.04,37.32],[55.2,38.03],[56.58,38.29],[61.14,36.61],[61.34,35.77],[60.57,34.23],[60.53,33.65],[60.89,33.52],[60.62,32.88],[60.84,31.59],[61.92,31.21],[60.93,29.79],[61.87,28.57],[62.8,28.19],[62.82,27.29],[63.33,27.16],[63.28,26.77],[61.85,26.19],[61.66,25.16],[57.96,25.55],[57.11,26.07],[56.71,27.16],[55.44,26.52],[55.54,26.77],[55.24,26.77],[54.83,26.45],[53.66,26.71],[51.32,27.99],[50.06,30.18],[48.39,30.12],[47.74,31.01],[47.98,31.72],[47.6,32.3],[46.23,32.94],[45.44,33.91],[46.25,35.84],[45.42,35.97],[45.1,36.42],[44.31,37.9],[44.07,39.38],[44.76,39.71],[45.87,38.87],[48.13,39.64],[48.06,38.8],[48.79,38.48],[49.09,37.51]]]}},{"type":"Feature","properties":{"n":"Turkish Republic of Northern Cyprus","f":1976,"t":2023,"w":"Q23681"},"geometry":{"type":"Polygon","coordinates":[[[33.95,35.19],[32.71,35.19],[32.89,35.39],[34.53,35.58],[33.95,35.19]]]}},{"type":"Feature","properties":{"n":"Mauritania","f":1976,"t":2023,"w":"Q1025"},"geometry":{"type":"Polygon","coordinates":[[[-6.49,24.97],[-5.28,16.29],[-5.56,15.46],[-9.39,15.59],[-10.93,15.14],[-11.52,15.59],[-12.09,14.69],[-14.28,16.61],[-16.19,16.49],[-16.54,16.1],[-16.01,17.64],[-16.14,18.93],[-16.52,19.31],[-16.2,20.28],[-17.06,21.31],[-12.98,21.37],[-13.05,23.04],[-11.96,23.49],[-12.01,26.07],[-8.64,26.07],[-8.47,27.22],[-5.08,25.23],[-6.49,24.97]]]}},{"type":"Feature","properties":{"n":"Socialist Republic of Vietnam","f":1976,"t":2023,"w":"Q881"},"geometry":{"type":"MultiPolygon","coordinates":[[[[104.12,10.44],[104.09,10.06],[103.81,10.25],[104.12,10.44]]],[[[105.97,19.83],[105.73,18.86],[106.57,18.09],[106.75,17.39],[109.02,15.33],[109.47,12.56],[108.73,11.15],[107.34,10.38],[107.0,10.7],[106.6,9.54],[104.7,8.58],[105.03,9.99],[104.42,10.44],[105.12,10.89],[106.14,10.83],[105.85,11.6],[107.61,12.37],[107.38,14.11],[107.69,15.33],[107.3,15.65],[107.5,16.04],[106.69,16.49],[105.25,18.61],[103.96,19.31],[104.95,19.96],[104.62,20.66],[103.04,20.99],[103.07,21.63],[102.23,22.4],[102.58,22.72],[104.04,22.53],[105.44,23.3],[106.71,22.91],[106.71,22.08],[108.1,21.5],[105.97,19.83]]]]}},{"type":"Feature","properties":{"n":"People's Democratic Republic of Algeria","f":1976,"t":2023,"w":"Q262"},"geometry":{"type":"Polygon","coordinates":[[[12.05,23.49],[7.74,20.99],[6.05,19.51],[3.24,19.06],[3.16,19.89],[1.89,20.28],[1.06,21.24],[-8.7,27.22],[-8.63,28.7],[-3.67,30.95],[-3.78,31.59],[-2.67,32.17],[-1.21,32.11],[-1.0,32.56],[-1.39,32.75],[-1.72,34.68],[-2.12,35.07],[-1.36,35.26],[-1.22,35.64],[0.08,35.84],[0.68,36.42],[3.46,36.87],[8.59,36.93],[8.21,36.55],[8.46,35.19],[7.55,33.71],[9.17,31.98],[9.41,29.99],[9.87,29.34],[9.95,26.71],[9.43,26.07],[10.26,24.59],[11.75,24.07],[12.05,23.49]]]}},{"type":"Feature","properties":{"n":"Third Hellenic Republic","f":1976,"t":1991,"w":"Q17765809"},"geometry":{"type":"MultiPolygon","coordinates":[[[[22.89,36.42],[23.12,36.35],[23.11,36.16],[22.89,36.42]]],[[[24.36,37.71],[24.43,37.58],[24.27,37.51],[24.36,37.71]]],[[[20.62,37.9],[20.93,37.9],[20.92,37.64],[20.62,37.9]]],[[[24.77,38.03],[25.07,37.77],[24.83,37.71],[24.77,38.03]]],[[[20.57,38.42],[20.79,38.09],[20.32,38.16],[20.57,38.42]]],[[[23.57,38.8],[23.56,38.74],[23.48,38.74],[23.57,38.8]]],[[[24.67,38.93],[24.66,38.74],[24.36,38.87],[24.67,38.93]]],[[[23.74,40.23],[22.89,40.61],[22.54,40.1],[23.14,39.45],[22.8,39.06],[23.49,38.87],[22.94,38.74],[24.18,38.55],[23.98,37.84],[23.04,37.9],[23.4,37.32],[22.71,37.58],[23.06,36.67],[22.36,36.67],[22.22,37.06],[21.74,36.87],[21.7,37.51],[21.24,37.84],[21.74,38.35],[21.19,38.42],[20.15,39.64],[21.08,40.74],[24.15,41.59],[25.72,41.26],[26.07,41.72],[26.61,41.52],[26.24,40.81],[25.38,41.0],[23.7,40.81],[23.74,40.23]],[[23.06,38.16],[22.98,38.16],[22.98,38.09],[23.06,38.16]],[[22.84,38.35],[22.29,38.42],[22.66,37.96],[22.97,37.96],[22.84,38.35]],[[22.99,38.29],[22.91,38.29],[22.91,38.22],[22.99,38.29]],[[22.35,38.09],[22.43,38.09],[22.43,38.16],[22.35,38.09]],[[22.2,38.16],[22.28,38.16],[22.28,38.22],[22.2,38.16]],[[22.36,38.22],[22.36,38.29],[22.28,38.29],[22.28,38.22],[22.36,38.22]],[[21.14,38.93],[21.15,39.06],[20.99,39.06],[21.14,38.93]]],[[[20.15,39.58],[20.07,39.58],[20.07,39.64],[20.15,39.58]]],[[[19.91,39.58],[19.76,39.64],[19.76,39.77],[19.91,39.58]]],[[[24.49,40.81],[24.81,40.81],[24.79,40.61],[24.49,40.81]]],[[[24.3,35.32],[26.23,35.19],[23.68,35.26],[23.62,35.52],[24.3,35.32]]],[[[27.69,36.29],[28.25,36.48],[28.14,36.03],[27.74,35.9],[27.69,36.29]]],[[[27.19,36.8],[26.87,36.67],[27.04,36.93],[27.19,36.8]]],[[[25.57,37.13],[25.56,37.0],[25.33,37.0],[25.57,37.13]]],[[[24.99,37.71],[25.22,37.71],[25.29,37.51],[24.99,37.71]]],[[[26.31,37.71],[26.3,37.58],[25.99,37.51],[26.31,37.71]]],[[[27.03,37.84],[27.01,37.64],[26.62,37.64],[27.03,37.84]]],[[[25.82,38.48],[25.99,38.67],[26.22,38.55],[25.88,38.16],[25.82,38.48]]],[[[25.79,39.19],[26.04,39.38],[26.64,39.0],[25.79,39.19]]],[[[25.46,40.03],[25.45,39.84],[24.97,39.84],[25.46,40.03]]]]}},{"type":"Feature","properties":{"n":"Islamic Republic of Pakistan","f":1976,"t":1978,"w":"Q843"},"geometry":{"type":"MultiPolygon","coordinates":[[[[90.11,21.95],[89.96,21.95],[90.05,22.08],[90.11,21.95]]],[[[76.8,34.81],[75.64,34.49],[73.9,34.61],[74.28,33.97],[74.08,33.14],[75.3,32.17],[74.63,31.91],[74.57,30.95],[71.89,27.99],[70.72,27.74],[70.39,28.06],[69.56,27.09],[69.51,26.77],[70.22,26.45],[70.19,25.74],[70.7,25.62],[71.05,24.33],[68.8,24.26],[67.63,23.81],[66.35,25.55],[61.65,25.1],[61.85,26.19],[63.11,26.64],[63.33,27.16],[62.82,27.29],[62.8,28.19],[61.87,28.57],[61.0,29.79],[64.12,29.41],[66.33,29.92],[66.44,30.95],[66.88,31.27],[67.72,31.27],[68.12,31.79],[69.09,31.66],[69.54,33.07],[70.26,33.2],[69.99,34.04],[71.19,34.23],[71.05,34.61],[71.68,35.32],[71.39,36.29],[72.38,36.8],[75.31,37.0],[75.96,36.55],[76.09,35.9],[77.17,35.32],[76.8,34.81]],[[69.82,28.25],[69.83,28.32],[69.76,28.32],[69.82,28.25]]]]}},{"type":"Feature","properties":{"n":"Morocco","f":1976,"t":2023,"w":"Q1028"},"geometry":{"type":"Polygon","coordinates":[[[-1.72,34.68],[-1.56,33.14],[-1.0,32.56],[-1.21,32.11],[-2.67,32.17],[-3.78,31.59],[-3.67,30.95],[-5.37,29.99],[-7.76,29.34],[-8.63,28.7],[-8.72,27.67],[-13.09,27.67],[-10.32,29.22],[-9.63,30.18],[-9.86,31.34],[-9.2,32.75],[-6.61,34.16],[-5.88,35.77],[-4.75,35.19],[-2.12,35.07],[-1.72,34.68]]]}},{"type":"Feature","properties":{"n":"People's Republic of Angola","f":1976,"t":2023,"w":"Q916"},"geometry":{"type":"MultiPolygon","coordinates":[[[[16.6,-6.08],[17.56,-8.14],[19.16,-8.07],[19.52,-7.04],[20.39,-6.91],[20.54,-7.3],[21.78,-7.43],[22.11,-11.16],[24.02,-11.16],[23.82,-12.96],[21.91,-13.02],[21.97,-16.36],[23.24,-17.65],[20.52,-18.04],[18.89,-17.84],[18.3,-17.39],[13.94,-17.46],[13.28,-17.01],[11.58,-17.26],[12.38,-13.41],[13.7,-11.74],[13.7,-10.9],[12.89,-9.23],[13.25,-8.33],[12.22,-6.01],[16.6,-6.08]]],[[[11.93,-5.05],[12.66,-4.41],[12.95,-4.66],[12.08,-5.82],[11.93,-5.05]]]]}},{"type":"Feature","properties":{"n":"Libyan Arab Republic","f":1976,"t":2005,"w":"Q17435890"},"geometry":{"type":"Polygon","coordinates":[[[13.3,32.94],[15.21,32.36],[15.65,31.4],[17.85,30.95],[18.97,30.24],[19.96,30.56],[20.02,32.24],[21.11,32.81],[22.11,32.94],[23.09,32.62],[23.15,32.24],[25.11,31.79],[24.72,29.92],[25.07,27.42],[25.09,20.09],[24.12,19.96],[24.04,19.57],[16.15,23.43],[14.21,22.66],[13.47,23.24],[12.05,23.49],[11.38,24.39],[10.26,24.59],[9.43,26.07],[9.95,26.71],[10.02,27.87],[9.41,30.18],[10.32,30.82],[10.17,31.59],[11.54,32.36],[11.54,33.14],[12.53,32.75],[13.07,32.88],[13.3,32.94]],[[13.15,32.81],[13.15,32.88],[13.07,32.88],[13.15,32.81]]]}},{"type":"Feature","properties":{"n":"Mozambique","f":1976,"t":2023,"w":"Q1029"},"geometry":{"type":"Polygon","coordinates":[[[40.49,-15.59],[39.51,-16.69],[37.41,-17.59],[34.7,-19.9],[35.47,-24.08],[34.83,-24.79],[32.7,-25.62],[32.5,-26.07],[32.84,-26.84],[32.02,-26.84],[31.9,-24.47],[31.15,-22.47],[32.31,-21.38],[32.92,-19.96],[32.88,-16.81],[30.35,-15.98],[30.17,-14.95],[33.01,-14.05],[33.47,-14.56],[34.27,-14.44],[34.52,-15.21],[34.26,-16.17],[35.18,-17.14],[35.08,-16.43],[35.79,-15.85],[35.83,-14.76],[34.76,-13.6],[34.93,-11.61],[37.28,-11.8],[37.85,-11.29],[38.51,-11.41],[40.39,-10.51],[40.75,-14.82],[40.49,-15.59]]]}},{"type":"Feature","properties":{"n":"Republic of Cabo Verde","f":1976,"t":2023,"w":"Q1011"},"geometry":{"type":"MultiPolygon","coordinates":[[[[-24.29,14.75],[-24.36,14.75],[-24.45,15.07],[-24.29,14.75]]],[[[-23.42,15.14],[-23.41,14.88],[-23.78,14.94],[-23.42,15.14]]],[[[-22.99,15.2],[-23.2,15.07],[-23.28,15.26],[-22.99,15.2]]],[[[-24.38,16.68],[-24.08,16.68],[-24.08,16.55],[-24.38,16.68]]],[[[-22.84,16.87],[-22.83,16.68],[-22.98,16.68],[-22.84,16.87]]],[[[-25.27,16.87],[-25.29,17.19],[-24.99,17.26],[-24.82,16.74],[-25.27,16.87]]],[[[45.09,-13.02],[44.94,-13.02],[44.93,-12.7],[45.09,-13.02]]],[[[43.74,-12.44],[43.52,-12.38],[43.52,-12.25],[43.74,-12.44]]],[[[44.48,-12.44],[44.18,-12.19],[44.47,-12.19],[44.48,-12.44]]],[[[43.34,-11.35],[43.36,-11.93],[43.14,-11.86],[43.34,-11.35]]],[[[-22.58,16.16],[-22.65,15.97],[-22.94,15.97],[-22.58,16.16]]]]}},{"type":"Feature","properties":{"n":"Papua New Guinea","f":1976,"t":2023,"w":"Q691"},"geometry":{"type":"MultiPolygon","coordinates":[[[[145.72,-4.86],[145.68,-5.44],[147.71,-6.21],[147.82,-6.72],[146.88,-6.79],[146.99,-7.24],[148.08,-8.07],[148.47,-9.04],[149.12,-8.97],[149.18,-9.49],[149.92,-9.61],[149.75,-10.0],[150.14,-10.26],[147.57,-10.13],[145.74,-8.01],[144.39,-7.62],[142.92,-8.33],[143.55,-8.78],[143.25,-8.65],[143.28,-9.04],[142.66,-9.36],[140.89,-9.23],[140.87,-2.54],[144.35,-3.76],[145.72,-4.86]]],[[[147.97,-5.89],[147.83,-5.95],[147.58,-5.5],[147.97,-5.89]]],[[[147.13,-5.24],[147.08,-5.56],[146.84,-5.31],[147.13,-5.24]]],[[[149.9,-5.24],[149.82,-5.24],[150.1,-4.99],[149.9,-5.24]]],[[[145.79,-4.79],[145.7,-4.6],[145.92,-4.54],[145.79,-4.79]]],[[[150.33,-2.41],[150.41,-2.67],[150.12,-2.74],[149.89,-2.35],[150.33,-2.41]]],[[[146.45,-1.96],[147.26,-2.03],[147.12,-2.22],[146.39,-2.29],[146.45,-1.96]]],[[[149.71,-1.58],[149.42,-1.51],[149.42,-1.32],[149.71,-1.58]]],[[[149.95,-9.23],[150.71,-9.42],[151.23,-10.13],[149.95,-9.23]]],[[[152.81,-9.29],[152.42,-9.04],[152.48,-8.91],[152.81,-9.29]]],[[[151.05,-8.59],[150.84,-8.59],[150.89,-8.39],[151.05,-8.59]]],[[[154.62,-6.01],[154.47,-4.99],[155.85,-6.85],[155.11,-6.72],[154.62,-6.01]]],[[[149.47,-6.34],[148.16,-5.5],[150.64,-5.5],[151.55,-4.86],[151.37,-4.28],[152.32,-4.34],[152.03,-5.5],[151.38,-5.56],[151.12,-6.01],[149.47,-6.34]]],[[[152.71,-4.86],[152.28,-3.7],[150.7,-2.61],[152.19,-3.38],[153.06,-4.54],[152.71,-4.86]]],[[[152.62,-3.19],[152.62,-3.25],[152.4,-3.19],[152.62,-3.19]]]]}},{"type":"Feature","properties":{"n":"Republic of Tunisia","f":1976,"t":2023,"w":"Q948"},"geometry":{"type":"Polygon","coordinates":[[[10.31,37.06],[10.23,36.8],[10.46,36.74],[11.01,37.0],[10.46,36.42],[11.08,35.0],[10.0,34.29],[10.01,33.91],[11.08,33.59],[11.62,32.56],[10.17,31.59],[10.32,30.82],[9.56,30.31],[9.17,31.98],[7.79,33.2],[7.54,34.1],[8.46,35.19],[8.21,36.55],[8.9,37.13],[10.23,37.25],[10.23,37.06],[10.31,37.06]],[[10.15,37.0],[10.23,37.0],[10.23,37.06],[10.15,37.0]],[[8.9,37.0],[8.83,37.0],[8.9,36.93],[8.9,37.0]]]}},{"type":"Feature","properties":{"n":"Kingdom of Jordan","f":1976,"t":1982,"w":"Q810"},"geometry":{"type":"Polygon","coordinates":[[[37.96,30.56],[37.53,29.99],[36.03,29.15],[34.91,29.34],[35.8,32.75],[36.83,32.3],[38.84,33.33],[39.26,32.17],[37.14,31.53],[37.96,30.56]]]}},{"type":"Feature","properties":{"n":"South Africa","f":1976,"t":1989,"w":"Q258"},"geometry":{"type":"Polygon","coordinates":[[[25.02,-17.78],[23.63,-18.49],[23.1,-18.04],[20.89,-18.36],[20.95,-21.89],[19.91,-22.02],[19.88,-24.85],[20.73,-25.94],[20.52,-26.84],[21.65,-26.84],[22.96,-25.3],[24.47,-25.88],[25.44,-25.69],[25.79,-24.79],[29.14,-22.15],[31.15,-22.41],[31.48,-23.18],[31.95,-25.56],[31.74,-25.94],[31.06,-25.82],[30.72,-26.39],[30.99,-27.23],[32.77,-26.97],[32.21,-28.77],[31.47,-29.09],[30.24,-31.02],[28.8,-32.37],[27.05,-33.59],[25.68,-33.79],[25.62,-34.11],[22.16,-34.11],[19.42,-34.82],[18.55,-34.11],[18.17,-34.36],[18.22,-33.59],[17.67,-33.08],[18.11,-32.63],[18.09,-31.92],[16.34,-28.64],[15.12,-27.42],[14.35,-24.4],[14.34,-22.47],[11.73,-18.36],[11.58,-17.26],[13.28,-17.01],[13.94,-17.46],[18.3,-17.39],[18.89,-17.84],[20.52,-18.04],[23.83,-17.52],[25.02,-17.78]],[[29.29,-29.22],[28.57,-28.64],[27.53,-28.97],[26.89,-29.67],[27.71,-30.7],[28.96,-30.06],[29.29,-29.22]]]}},{"type":"Feature","properties":{"n":"Kingdom of Spain","f":1976,"t":2023,"w":"Q29"},"geometry":{"type":"MultiPolygon","coordinates":[[[[-18.06,27.67],[-18.0,27.87],[-17.85,27.87],[-18.06,27.67]]],[[[-15.3,28.12],[-15.36,27.8],[-15.73,27.74],[-15.76,28.19],[-15.3,28.12]]],[[[-17.25,27.99],[-17.35,28.19],[-17.12,28.25],[-17.25,27.99]]],[[[-16.65,27.93],[-16.91,28.38],[-16.09,28.57],[-16.65,27.93]]],[[[-14.07,28.7],[-13.77,28.77],[-13.81,28.25],[-14.32,28.06],[-14.07,28.7]]],[[[-18.0,28.83],[-17.71,28.89],[-17.67,28.51],[-18.0,28.83]]],[[[-13.85,28.83],[-13.86,29.02],[-13.42,29.22],[-13.85,28.83]]],[[[-2.84,35.45],[-2.83,35.26],[-2.98,35.26],[-2.84,35.45]]],[[[-5.49,35.71],[-5.57,35.84],[-5.34,35.84],[-5.49,35.71]]],[[[1.18,39.06],[1.65,39.13],[1.66,39.0],[1.18,39.06]]],[[[3.3,39.32],[2.35,39.45],[2.88,39.97],[3.52,39.77],[3.3,39.32]]],[[[-1.69,43.34],[1.58,42.43],[3.09,42.5],[3.12,41.91],[0.7,40.94],[-0.2,39.97],[-0.31,39.13],[0.1,38.74],[-0.66,38.29],[-0.7,37.64],[-1.71,37.45],[-2.06,36.8],[-4.47,36.74],[-5.66,36.03],[-6.43,37.0],[-7.39,37.25],[-7.5,37.71],[-6.99,38.09],[-7.27,38.67],[-6.99,39.0],[-7.44,39.64],[-6.9,39.77],[-6.93,41.0],[-6.27,41.65],[-6.7,41.98],[-8.93,41.91],[-8.66,42.37],[-9.3,43.15],[-8.24,43.73],[-1.69,43.34]],[[-3.25,38.42],[-3.18,38.42],[-3.18,38.48],[-3.25,38.42]]],[[[4.22,40.1],[4.3,39.84],[3.83,39.9],[4.22,40.1]]],[[[0.71,40.74],[0.7,40.81],[0.86,40.81],[0.71,40.74]]]]}},{"type":"Feature","properties":{"n":"Khmer Rouge","f":1976,"t":1978,"w":"Q191764"},"geometry":{"type":"Polygon","coordinates":[[[105.85,11.6],[106.14,10.83],[105.12,10.89],[104.34,10.44],[103.55,10.51],[103.6,11.09],[103.06,10.83],[102.36,13.21],[102.9,14.11],[104.92,14.43],[106.03,13.91],[106.17,14.43],[107.51,14.56],[107.54,12.37],[105.85,11.6]]]}},{"type":"Feature","properties":{"n":"Rhodesia","f":1976,"t":1978,"w":"Q217169"},"geometry":{"type":"Polygon","coordinates":[[[32.92,-19.96],[32.31,-21.38],[31.15,-22.47],[27.85,-21.57],[27.68,-20.67],[26.1,-19.64],[25.17,-18.04],[27.01,-17.91],[29.46,-15.66],[32.88,-16.81],[32.92,-19.96]]]}},{"type":"Feature","properties":{"n":"Republic of Cyprus","f":1976,"t":2023,"w":"Q229"},"geometry":{"type":"Polygon","coordinates":[[[34.03,35.19],[34.09,35.0],[33.04,34.55],[32.3,34.81],[32.25,35.13],[34.03,35.19]]]}},{"type":"Feature","properties":{"n":"Republic of India","f":1976,"t":1978,"w":"Q668"},"geometry":{"type":"MultiPolygon","coordinates":[[[[93.51,7.23],[93.74,7.42],[93.92,6.84],[93.51,7.23]]],[[[93.49,8.06],[93.48,7.87],[93.26,7.87],[93.49,8.06]]],[[[92.29,10.57],[92.39,10.89],[92.61,10.89],[92.29,10.57]]],[[[92.85,13.53],[93.08,13.59],[93.04,12.44],[92.52,11.6],[92.85,13.53]]],[[[83.08,27.42],[84.43,27.42],[85.27,26.71],[87.24,26.39],[88.16,26.52],[88.14,27.87],[88.48,28.06],[88.95,27.8],[88.8,27.09],[89.13,26.84],[91.82,26.77],[92.09,27.35],[91.72,27.74],[92.58,27.87],[94.58,29.28],[95.44,29.09],[96.2,29.41],[96.62,28.96],[96.4,28.38],[97.42,28.25],[97.0,27.74],[97.16,27.16],[96.21,27.29],[95.16,26.58],[94.13,23.88],[93.4,24.01],[93.02,22.01],[92.59,22.14],[92.23,23.69],[91.75,22.98],[91.22,23.43],[92.45,24.97],[90.1,25.23],[89.82,26.13],[89.34,26.0],[88.4,26.58],[88.18,25.81],[88.99,25.29],[88.11,24.52],[88.81,24.2],[89.11,21.69],[88.73,21.63],[88.64,22.08],[88.35,21.56],[88.1,21.95],[87.07,21.44],[87.03,20.6],[86.42,19.89],[85.37,19.83],[84.38,18.41],[82.45,17.13],[82.38,16.55],[80.38,15.71],[80.09,15.07],[80.43,13.27],[79.88,11.99],[79.9,10.25],[79.32,10.25],[78.96,9.22],[77.28,8.06],[76.32,9.16],[76.36,9.8],[73.42,16.04],[72.53,22.27],[72.11,21.89],[72.18,21.18],[70.72,20.66],[68.95,22.21],[70.43,22.85],[69.23,22.79],[68.16,23.81],[68.8,24.26],[71.05,24.33],[70.7,25.62],[70.19,25.74],[70.22,26.45],[69.51,26.77],[69.56,27.09],[70.39,28.06],[70.72,27.74],[71.89,27.99],[74.57,30.95],[74.63,31.91],[75.3,32.17],[74.08,33.14],[74.09,34.74],[75.64,34.49],[78.1,35.32],[78.16,34.68],[79.05,34.29],[78.81,33.65],[79.36,33.14],[79.02,32.36],[78.53,32.56],[78.77,31.34],[81.01,30.18],[80.1,28.77],[83.08,27.42]],[[75.52,32.11],[75.5,32.04],[75.58,32.04],[75.52,32.11]]],[[[63.84,29.54],[63.83,29.47],[63.75,29.47],[63.84,29.54]]],[[[66.34,29.99],[66.33,29.92],[66.25,29.92],[66.34,29.99]]]]}},{"type":"Feature","properties":{"n":"Republic of Indonesia","f":1976,"t":2005,"w":"Q252"},"geometry":{"type":"MultiPolygon","coordinates":[[[[116.47,-8.97],[115.73,-8.91],[116.12,-8.2],[116.64,-8.33],[116.47,-8.97]]],[[[112.53,-6.98],[113.91,-6.85],[113.78,-7.17],[112.69,-7.24],[112.71,-7.56],[114.26,-7.69],[114.43,-8.14],[115.3,-8.07],[115.63,-8.52],[114.93,-8.91],[114.37,-8.33],[114.49,-8.84],[113.21,-8.33],[108.14,-7.88],[105.37,-6.85],[105.91,-5.89],[107.0,-5.89],[108.34,-6.34],[108.58,-6.79],[110.34,-6.91],[110.53,-6.46],[112.53,-6.98]]],[[[115.08,-6.85],[115.29,-6.79],[115.38,-6.98],[115.08,-6.85]]],[[[102.23,-5.31],[102.32,-5.5],[102.1,-5.5],[102.23,-5.31]]],[[[99.81,-2.67],[99.87,-2.48],[100.4,-2.99],[100.11,-3.19],[99.81,-2.67]]],[[[108.03,-2.54],[108.12,-3.19],[107.47,-3.19],[107.45,-2.61],[108.03,-2.54]]],[[[105.78,-2.8],[105.62,-2.16],[104.96,-1.96],[105.24,-1.51],[105.97,-1.51],[106.21,-2.41],[106.8,-2.86],[106.45,-3.19],[105.78,-2.8]]],[[[99.36,-2.22],[99.35,-2.03],[99.64,-2.03],[99.65,-2.41],[99.36,-2.22]]],[[[108.66,-1.64],[108.66,-1.51],[108.88,-1.51],[108.66,-1.64]]],[[[98.46,-1.32],[98.46,-1.0],[99.12,-1.39],[99.2,-1.77],[98.46,-1.32]]],[[[104.41,-0.29],[104.42,-0.68],[104.13,-0.61],[104.32,0.16],[104.92,-0.23],[104.41,-0.29]]],[[[98.16,-0.61],[98.21,0.09],[98.37,0.03],[98.16,-0.61]]],[[[100.39,2.21],[101.7,2.09],[101.68,1.64],[102.41,1.57],[102.39,1.12],[103.11,0.93],[102.95,0.41],[103.6,0.35],[103.33,-0.74],[104.21,-1.0],[104.52,-1.96],[105.48,-2.35],[105.64,-2.8],[106.01,-3.06],[105.69,-5.89],[105.23,-5.56],[104.3,-5.89],[101.43,-3.25],[100.2,-0.87],[98.94,0.22],[98.63,1.7],[97.56,2.28],[96.88,3.56],[95.33,4.72],[95.09,5.56],[97.48,5.3],[100.39,2.21]]],[[[117.33,3.18],[118.02,2.41],[117.78,1.89],[118.9,0.86],[117.89,0.93],[117.51,0.54],[117.52,-0.81],[116.31,-1.71],[116.54,-2.29],[116.1,-4.09],[115.79,-3.64],[114.5,-4.21],[114.4,-3.44],[113.52,-3.51],[113.0,-3.06],[111.85,-3.64],[111.61,-2.93],[110.09,-3.06],[109.89,-1.32],[109.31,-1.32],[108.7,0.48],[109.19,1.89],[110.46,0.86],[111.7,0.99],[112.38,1.57],[113.31,1.25],[114.41,1.44],[115.79,4.34],[117.89,4.21],[117.59,3.95],[117.79,3.63],[117.2,3.56],[117.63,3.44],[117.33,3.18]]],[[[98.35,0.09],[98.43,0.22],[98.72,0.16],[98.35,0.09]]],[[[103.18,0.67],[103.18,0.86],[103.4,0.86],[103.18,0.67]]],[[[104.13,0.93],[104.21,1.19],[104.57,1.12],[104.13,0.93]]],[[[97.57,0.54],[97.02,1.44],[97.45,1.51],[97.57,0.54]]],[[[104.06,0.99],[103.77,0.93],[103.92,1.25],[104.06,0.99]]],[[[95.68,2.6],[95.69,2.92],[96.4,2.54],[95.68,2.6]]],[[[108.32,3.69],[108.1,3.63],[107.98,4.14],[108.32,3.69]]],[[[122.69,-10.71],[123.26,-10.51],[123.29,-10.77],[122.69,-10.71]]],[[[121.66,-10.58],[121.71,-10.39],[121.86,-10.39],[121.66,-10.58]]],[[[120.01,-9.36],[120.74,-10.19],[120.02,-10.26],[118.95,-9.74],[118.99,-9.36],[120.01,-9.36]]],[[[123.17,-10.39],[123.67,-9.42],[124.98,-8.59],[127.23,-8.39],[125.06,-9.42],[124.61,-10.06],[123.17,-10.39]]],[[[116.85,-9.16],[116.65,-8.52],[118.05,-8.65],[117.37,-8.33],[118.01,-8.07],[118.9,-8.26],[119.08,-8.78],[116.85,-9.16]]],[[[119.21,-8.52],[119.27,-8.39],[119.51,-8.59],[119.21,-8.52]]],[[[121.29,-8.97],[119.44,-8.71],[120.06,-8.26],[122.28,-8.59],[122.61,-8.07],[123.21,-8.39],[123.78,-8.2],[122.66,-8.71],[121.29,-8.97]]],[[[123.96,-8.59],[123.8,-8.39],[124.36,-8.14],[125.02,-8.2],[123.96,-8.59]]],[[[125.67,-8.01],[125.71,-7.69],[126.51,-7.56],[126.4,-8.01],[125.67,-8.01]]],[[[121.99,-5.37],[121.77,-5.44],[121.68,-5.11],[121.99,-5.37]]],[[[123.12,-4.73],[122.81,-5.69],[122.14,-5.44],[122.18,-4.79],[122.81,-4.41],[123.12,-4.73]]],[[[126.36,-3.83],[125.89,-3.12],[126.83,-3.06],[127.21,-3.44],[126.36,-3.83]]],[[[126.01,-2.48],[125.26,-1.77],[126.14,-1.77],[126.01,-2.48]]],[[[120.35,0.48],[119.91,-0.1],[120.74,-1.39],[121.38,-0.81],[123.41,-0.68],[123.28,-1.06],[122.77,-0.94],[121.41,-1.96],[122.24,-2.93],[122.2,-3.64],[123.17,-4.21],[122.02,-4.54],[121.97,-4.92],[121.38,-4.79],[121.42,-4.09],[120.74,-3.51],[120.92,-2.74],[120.42,-2.74],[120.32,-5.56],[119.68,-5.76],[119.21,-5.11],[119.35,-3.51],[118.77,-3.64],[118.59,-2.74],[119.15,-2.03],[119.69,0.48],[120.67,1.31],[123.78,0.86],[125.12,1.7],[124.5,0.54],[123.76,0.22],[120.35,0.48]]],[[[125.11,-1.71],[125.19,-1.9],[124.25,-2.03],[124.46,-1.64],[125.11,-1.71]]],[[[128.02,-1.51],[128.03,-1.77],[127.3,-1.77],[127.22,-1.45],[128.02,-1.51]]],[[[122.7,-1.26],[123.43,-1.26],[123.43,-1.45],[123.0,-1.64],[122.7,-1.26]]],[[[127.78,-0.68],[127.79,-0.87],[126.91,-0.55],[126.97,-0.23],[127.78,-0.68]]],[[[121.59,-0.42],[121.81,-0.36],[121.74,-0.49],[121.59,-0.42]]],[[[125.65,3.56],[125.64,3.31],[125.42,3.37],[125.65,3.56]]],[[[126.87,4.46],[126.77,4.01],[126.62,4.01],[126.87,4.46]]],[[[130.95,-8.33],[130.59,-8.39],[130.86,-8.14],[130.95,-8.33]]],[[[127.66,-8.26],[127.64,-8.07],[127.79,-8.07],[127.66,-8.26]]],[[[129.46,-8.01],[129.44,-7.75],[129.74,-7.81],[129.46,-8.01]]],[[[130.97,-7.69],[131.58,-7.11],[131.55,-7.69],[131.22,-8.07],[130.97,-7.69]]],[[[130.81,-7.56],[130.87,-7.36],[131.02,-7.36],[130.81,-7.56]]],[[[128.38,-7.24],[128.37,-7.11],[128.59,-7.04],[128.38,-7.24]]],[[[134.53,-5.44],[134.68,-6.59],[133.97,-6.91],[134.18,-5.63],[134.53,-5.44]]],[[[132.5,-5.69],[132.95,-5.76],[132.82,-6.01],[132.5,-5.69]]],[[[133.07,-5.44],[133.01,-5.63],[132.86,-5.5],[133.07,-5.44]]],[[[134.78,-3.19],[135.37,-3.31],[136.2,-2.22],[137.99,-1.51],[140.87,-2.61],[140.89,-9.16],[139.84,-8.14],[137.53,-8.46],[137.69,-7.75],[138.67,-7.24],[137.89,-5.5],[134.76,-4.41],[133.55,-3.44],[132.78,-4.15],[132.67,-3.38],[131.85,-2.8],[133.66,-2.54],[133.72,-2.16],[132.12,-2.29],[131.66,-1.58],[130.56,-1.26],[130.55,-0.81],[131.14,-1.0],[132.07,-0.36],[133.97,-0.74],[134.78,-3.19]]],[[[128.24,-3.51],[128.25,-3.7],[127.81,-3.83],[128.24,-3.51]]],[[[127.71,-3.19],[128.28,-2.8],[129.66,-2.8],[130.79,-3.51],[130.73,-3.89],[129.76,-3.38],[127.71,-3.19]]],[[[130.22,-2.09],[129.64,-1.96],[129.7,-1.77],[130.06,-1.64],[130.22,-2.09]]],[[[136.19,-1.96],[135.37,-1.58],[136.4,-1.64],[136.69,-1.84],[136.19,-1.96]]],[[[134.85,-0.94],[134.85,-1.19],[134.63,-1.13],[134.85,-0.94]]],[[[135.64,-0.68],[135.65,-0.87],[135.36,-0.87],[135.28,-0.61],[135.64,-0.68]]],[[[130.17,-0.29],[130.17,-0.1],[131.12,-0.04],[130.83,-0.49],[130.17,-0.29]]],[[[127.84,0.41],[128.3,-0.94],[127.48,-0.23],[127.3,1.44],[127.77,2.21],[127.95,1.31],[128.61,1.64],[128.21,0.67],[128.71,0.22],[127.84,0.41]]],[[[128.41,2.02],[128.12,1.96],[128.14,2.47],[128.52,2.66],[128.41,2.02]]]]}},{"type":"Feature","properties":{"n":"Union of Soviet Socialist Republics","f":1976,"t":1978,"w":"Q15180"},"geometry":{"type":"MultiPolygon","coordinates":[[[[59.16,45.24],[59.18,45.3],[59.26,45.3],[59.16,45.24]]],[[[33.52,44.45],[33.61,45.1],[32.6,45.43],[34.15,46.09],[35.02,45.3],[36.42,45.43],[33.52,44.45]]],[[[59.12,45.37],[59.2,45.37],[59.02,45.3],[59.12,45.37]]],[[[29.66,45.37],[29.58,45.37],[29.58,45.43],[29.66,45.37]]],[[[59.04,45.37],[58.87,45.37],[58.89,45.43],[59.04,45.37]]],[[[58.83,45.5],[58.91,45.5],[58.73,45.43],[58.83,45.5]]],[[[58.87,45.63],[58.89,45.69],[58.97,45.69],[58.87,45.63]]],[[[59.8,45.76],[59.77,45.63],[59.68,45.63],[59.8,45.76]]],[[[53.18,46.02],[53.17,45.96],[53.08,45.96],[53.18,46.02]]],[[[13.69,52.59],[13.6,52.45],[13.43,52.52],[13.69,52.59]]],[[[23.12,58.39],[21.9,57.9],[21.88,58.53],[23.12,58.39]]],[[[22.84,59.09],[22.9,58.81],[22.19,58.88],[22.84,59.09]]],[[[35.65,65.22],[36.13,65.22],[35.5,65.0],[35.65,65.22]]],[[[50.32,69.33],[49.7,68.88],[48.11,68.88],[48.24,69.41],[50.32,69.33]]],[[[51.35,79.91],[50.65,79.91],[50.97,80.19],[51.35,79.91]]],[[[50.16,80.37],[50.57,80.28],[50.43,80.09],[49.96,80.09],[50.16,80.37]]],[[[53.79,80.19],[52.73,80.19],[52.95,80.47],[53.79,80.19]]],[[[47.56,80.19],[47.04,80.28],[47.16,80.47],[47.63,80.47],[47.56,80.19]]],[[[54.72,80.47],[54.52,80.37],[54.6,80.47],[54.72,80.47]]],[[[58.9,80.94],[58.22,80.56],[59.05,80.56],[58.18,80.09],[56.06,80.09],[56.37,80.47],[57.98,80.56],[58.9,80.94]]],[[[54.36,80.47],[54.75,80.65],[54.6,80.47],[54.36,80.47]]],[[[48.59,80.65],[50.93,80.94],[50.47,80.47],[47.85,80.09],[48.67,80.94],[48.59,80.65]]],[[[47.22,80.56],[45.92,80.56],[46.05,80.75],[47.53,80.84],[47.22,80.56]]],[[[50.98,80.84],[51.86,80.75],[51.72,80.56],[50.77,80.56],[50.98,80.84]]],[[[47.52,80.65],[48.07,80.94],[47.94,80.75],[47.52,80.65]]],[[[57.57,81.63],[58.33,81.53],[56.72,81.04],[58.07,80.94],[57.83,80.65],[54.9,80.84],[57.57,81.63]]],[[[59.65,81.93],[59.68,81.83],[58.61,81.43],[58.8,81.93],[59.65,81.93]]],[[[59.75,45.56],[59.77,45.63],[59.85,45.63],[59.75,45.56]]],[[[59.82,45.82],[59.91,45.82],[59.89,45.76],[59.82,45.82]]],[[[59.92,46.15],[60.17,46.15],[59.8,46.02],[59.92,46.15]]],[[[59.88,46.28],[59.74,46.09],[59.72,46.28],[59.88,46.28]]],[[[60.74,46.15],[60.72,46.35],[60.8,46.35],[60.74,46.15]]],[[[60.16,46.41],[60.25,46.41],[60.06,46.35],[60.16,46.41]]],[[[60.41,46.41],[60.74,46.41],[60.39,46.35],[60.41,46.41]]],[[[60.02,46.48],[60.1,46.48],[60.08,46.41],[60.02,46.48]]],[[[60.35,46.48],[60.43,46.48],[60.25,46.41],[60.35,46.48]]],[[[47.93,42.24],[49.51,40.61],[50.26,40.42],[49.4,40.1],[48.79,38.48],[48.06,38.8],[48.13,39.64],[46.67,38.93],[45.07,39.26],[44.42,40.03],[43.65,40.16],[43.58,41.13],[42.86,41.59],[41.58,41.52],[41.82,41.98],[41.33,42.89],[36.78,45.1],[36.75,45.43],[37.7,45.3],[38.37,46.35],[37.84,46.61],[39.13,46.94],[39.2,47.33],[35.63,46.68],[34.74,46.15],[32.68,46.09],[31.82,46.35],[32.03,46.74],[30.88,46.68],[29.58,45.43],[28.51,45.24],[28.13,45.5],[28.11,46.87],[26.85,48.26],[25.07,47.8],[20.58,48.59],[17.71,47.73],[17.06,47.99],[16.76,48.79],[14.94,48.99],[14.18,48.59],[12.53,49.52],[12.12,50.25],[14.33,51.05],[15.26,50.98],[16.34,50.65],[16.49,50.18],[17.17,50.45],[19.87,49.18],[22.78,49.12],[22.74,49.71],[24.08,50.58],[23.63,51.98],[23.15,52.25],[23.98,52.86],[23.5,54.0],[23.02,54.41],[19.82,54.48],[19.95,55.02],[21.09,55.09],[20.87,56.46],[21.6,57.63],[22.52,57.83],[23.58,57.01],[24.23,57.28],[24.27,58.25],[23.41,58.53],[23.41,59.29],[30.14,59.92],[28.65,60.28],[28.54,60.7],[27.97,60.56],[31.5,62.98],[30.05,63.7],[30.55,64.28],[29.62,64.86],[30.03,65.88],[29.05,66.77],[29.94,67.67],[28.42,68.42],[29.32,69.33],[31.91,70.02],[32.98,69.87],[32.9,69.56],[33.44,69.33],[36.13,69.26],[41.0,67.74],[41.39,67.15],[41.04,66.7],[38.68,66.03],[32.55,67.07],[33.0,66.55],[34.87,65.88],[34.44,65.37],[34.98,64.49],[37.39,63.91],[37.88,63.99],[37.89,64.35],[36.79,64.49],[36.36,65.0],[37.21,65.3],[38.21,64.79],[40.19,64.71],[39.54,65.37],[40.4,65.96],[41.96,66.55],[43.97,66.18],[44.37,67.0],[43.6,67.3],[44.17,68.27],[43.45,68.73],[45.88,68.57],[46.66,67.82],[44.93,67.44],[45.81,66.92],[47.37,66.92],[47.78,67.67],[53.28,69.03],[54.04,68.95],[53.87,68.42],[53.3,68.27],[58.39,69.03],[59.09,69.03],[59.4,68.88],[59.24,68.42],[59.74,68.42],[60.7,68.88],[60.09,69.72],[58.34,70.18],[59.07,70.57],[60.54,69.79],[63.93,69.72],[68.49,68.27],[68.95,68.95],[66.6,69.64],[67.17,70.18],[67.19,70.8],[66.53,71.03],[68.33,71.81],[69.96,73.49],[71.3,73.57],[71.11,73.08],[69.71,72.92],[72.94,72.76],[72.66,72.05],[71.81,71.5],[72.89,71.03],[72.5,69.03],[73.63,68.65],[73.07,67.74],[71.52,66.62],[70.4,66.4],[72.1,66.33],[74.65,67.74],[74.2,68.35],[74.59,68.88],[76.47,69.11],[77.31,68.65],[77.25,68.05],[77.88,68.35],[77.59,68.88],[76.63,69.18],[73.66,69.11],[73.41,69.72],[74.22,70.64],[72.89,71.42],[74.87,72.21],[74.86,72.92],[75.77,72.53],[75.27,71.81],[75.4,71.34],[77.19,71.27],[75.85,71.89],[77.23,72.05],[76.71,72.29],[77.48,72.69],[82.52,71.81],[82.13,72.29],[80.47,72.53],[80.55,73.16],[80.18,73.33],[80.89,73.73],[86.9,73.89],[87.0,74.46],[86.06,74.3],[87.32,75.12],[89.01,75.54],[95.91,76.38],[96.8,76.38],[96.22,76.04],[97.65,76.04],[99.11,76.3],[99.15,76.64],[100.8,76.55],[101.49,77.24],[102.94,77.67],[105.1,77.76],[106.29,77.58],[105.16,77.15],[107.59,77.06],[106.66,76.55],[112.07,76.81],[114.09,75.96],[113.31,75.12],[106.15,73.33],[105.53,72.92],[110.4,73.65],[110.73,73.81],[109.34,73.65],[110.12,74.14],[111.06,73.97],[112.12,74.63],[113.31,74.63],[113.61,74.54],[111.48,73.89],[112.53,73.73],[113.21,74.05],[113.6,73.81],[113.36,73.57],[118.9,73.73],[118.4,73.33],[120.56,73.0],[123.08,73.0],[123.21,73.57],[124.01,73.81],[128.08,73.57],[129.12,73.16],[128.74,72.92],[129.22,72.76],[128.74,72.53],[129.64,72.37],[128.87,71.66],[130.99,70.8],[132.46,71.97],[133.49,71.5],[139.7,71.58],[139.36,71.81],[139.8,72.21],[139.0,72.29],[141.34,72.92],[146.82,72.53],[146.53,72.13],[147.41,72.45],[149.62,72.29],[150.1,71.97],[148.95,71.74],[151.81,71.42],[152.49,70.88],[155.5,71.19],[159.39,70.95],[160.15,70.64],[159.78,69.87],[160.89,69.64],[166.9,69.56],[169.01,70.1],[169.63,69.95],[169.11,69.56],[168.35,69.64],[168.28,69.33],[170.45,68.88],[170.96,69.26],[169.96,69.64],[170.68,70.18],[171.8,70.18],[176.31,69.95],[180.0,69.11],[180.0,65.08],[177.34,64.49],[178.45,64.42],[178.89,63.91],[178.58,63.62],[179.4,63.34],[179.61,62.69],[179.0,62.33],[177.06,62.62],[173.58,61.69],[170.68,60.49],[170.28,59.92],[169.06,60.63],[166.99,60.35],[166.07,59.78],[166.19,60.49],[164.79,59.78],[163.64,60.0],[161.97,58.04],[163.38,57.83],[162.71,57.28],[163.46,56.39],[162.57,56.05],[162.58,56.46],[161.95,55.98],[161.77,55.23],[162.21,54.89],[160.06,54.21],[159.83,53.8],[160.13,53.26],[158.78,52.99],[158.3,51.98],[156.78,50.98],[156.39,51.25],[155.43,54.68],[155.7,56.52],[156.85,57.35],[156.86,57.9],[158.4,58.18],[161.99,60.56],[163.63,60.98],[163.35,60.98],[163.88,61.34],[163.62,61.41],[163.86,62.12],[164.55,62.69],[163.3,62.55],[163.07,61.9],[163.42,61.83],[163.0,61.55],[162.27,61.62],[160.17,60.63],[160.23,61.05],[159.67,60.98],[160.28,61.9],[157.1,61.69],[154.25,59.85],[154.14,59.5],[155.22,59.43],[154.93,59.16],[151.23,58.88],[152.05,59.29],[149.42,59.78],[148.61,59.22],[143.08,59.36],[140.9,58.39],[137.43,55.98],[135.2,54.95],[136.92,54.68],[136.68,53.87],[137.69,54.34],[137.32,54.07],[137.86,54.0],[137.27,53.6],[138.1,53.73],[138.73,54.34],[140.03,54.34],[141.46,53.33],[141.15,52.52],[141.56,52.25],[140.65,51.25],[140.25,48.59],[135.11,43.47],[133.27,42.69],[131.91,43.28],[130.77,42.43],[130.47,42.69],[131.27,43.28],[130.91,44.71],[131.7,45.24],[132.98,45.1],[134.68,47.66],[134.52,48.39],[132.12,47.66],[130.85,47.73],[130.57,48.85],[127.48,49.78],[125.9,52.86],[123.85,53.53],[121.9,53.46],[120.08,52.86],[119.9,52.65],[120.53,52.59],[120.67,52.05],[119.65,51.11],[119.28,50.11],[117.83,49.52],[114.01,50.25],[112.73,49.52],[108.59,49.32],[106.46,50.38],[103.3,50.18],[102.3,50.58],[101.91,51.51],[98.93,52.12],[97.84,51.11],[98.13,50.11],[97.43,49.78],[94.87,49.98],[94.13,50.58],[92.27,50.85],[89.49,49.65],[86.87,49.12],[86.6,48.59],[85.64,48.32],[85.74,47.33],[85.14,46.94],[83.04,47.2],[82.31,45.56],[82.55,45.17],[79.95,44.97],[80.41,44.71],[80.79,43.28],[80.14,42.04],[78.03,41.07],[76.89,41.0],[76.27,40.36],[75.49,40.61],[73.93,39.97],[73.77,38.67],[74.87,38.42],[74.92,37.25],[73.33,37.45],[71.58,36.74],[71.57,37.84],[71.18,38.42],[70.71,38.42],[70.27,37.64],[69.55,37.58],[69.35,37.13],[67.92,37.0],[65.71,37.51],[64.83,37.13],[64.3,36.16],[62.3,35.19],[61.3,35.58],[61.14,36.61],[60.44,36.61],[59.17,37.58],[57.19,38.22],[55.2,38.03],[53.96,37.32],[53.99,39.0],[53.14,39.45],[53.54,39.51],[53.5,40.03],[52.79,40.03],[52.7,40.36],[52.89,40.87],[54.37,40.74],[54.73,41.26],[54.09,41.59],[53.91,42.17],[53.19,42.17],[52.72,41.52],[52.44,42.04],[52.79,42.82],[51.44,43.21],[50.88,44.25],[50.19,44.45],[51.42,44.52],[51.02,44.84],[51.47,45.37],[54.3,44.97],[54.29,45.56],[53.06,45.56],[53.35,46.35],[53.11,47.01],[50.84,47.14],[49.3,46.55],[47.47,45.69],[46.69,44.71],[47.93,42.24]],[[103.57,51.58],[105.74,51.65],[106.4,52.32],[108.83,53.26],[109.64,54.27],[109.99,55.84],[109.32,55.77],[108.12,54.0],[104.91,51.92],[103.57,51.58]],[[74.32,45.96],[75.45,46.55],[78.46,46.28],[79.33,46.81],[74.6,46.87],[73.63,46.28],[73.35,45.56],[73.94,44.97],[74.32,45.96]],[[78.04,42.17],[78.66,42.76],[76.53,42.63],[76.51,42.37],[78.04,42.17]],[[59.12,43.41],[60.29,43.54],[61.58,44.91],[61.72,45.37],[61.34,45.43],[61.25,45.96],[61.7,46.87],[60.12,46.81],[59.41,46.09],[58.64,45.96],[57.96,43.86],[59.13,43.73],[59.12,43.41]],[[53.33,44.39],[53.74,45.04],[53.42,45.04],[53.33,44.39]],[[35.2,60.91],[35.57,60.91],[36.08,61.12],[36.22,61.69],[35.29,62.4],[35.27,63.05],[34.12,63.34],[34.05,63.05],[34.99,62.69],[34.88,62.26],[34.02,62.55],[34.04,61.83],[35.26,61.55],[35.2,60.91]],[[32.17,60.91],[31.78,61.26],[31.02,61.62],[29.86,61.34],[30.38,59.78],[31.86,60.35],[32.17,60.91]],[[24.83,54.27],[24.74,54.27],[24.73,54.21],[24.83,54.27]],[[24.92,54.34],[24.84,54.34],[24.83,54.27],[24.92,54.34]]],[[[79.18,73.16],[79.66,73.0],[79.36,72.69],[78.57,72.84],[79.18,73.16]]],[[[74.58,72.84],[73.98,73.0],[74.4,73.25],[74.75,73.16],[74.58,72.84]]],[[[75.71,73.41],[75.39,73.41],[75.61,73.65],[76.03,73.65],[75.71,73.41]]],[[[60.96,75.2],[55.95,73.08],[56.32,73.0],[55.5,72.53],[55.43,72.05],[56.11,71.27],[57.62,70.88],[57.49,70.64],[53.85,70.72],[53.25,71.5],[52.85,70.95],[52.2,71.27],[52.43,71.5],[51.25,71.81],[52.77,72.69],[52.34,72.84],[54.14,73.41],[53.7,73.89],[56.11,74.79],[56.29,75.04],[55.75,75.04],[56.09,75.37],[56.73,75.2],[59.33,76.04],[64.23,76.38],[66.97,77.06],[69.14,76.89],[69.03,76.55],[67.83,76.21],[60.96,75.2]]],[[[84.51,74.54],[84.92,74.63],[84.65,74.38],[84.51,74.54]]],[[[85.78,74.63],[86.6,74.87],[86.21,74.63],[85.78,74.63]]],[[[85.44,74.71],[85.12,74.71],[85.41,74.87],[85.44,74.71]]],[[[82.04,75.54],[82.38,75.45],[81.76,75.29],[82.04,75.54]]],[[[89.18,77.15],[89.97,77.41],[89.62,77.15],[89.18,77.15]]],[[[59.43,80.19],[60.25,80.19],[59.89,79.91],[59.43,80.19]]],[[[100.5,80.0],[99.8,79.18],[100.36,79.09],[97.53,78.82],[93.26,79.45],[94.78,80.09],[92.94,79.63],[91.35,79.91],[92.78,80.09],[93.18,80.37],[92.6,80.37],[93.55,81.04],[95.77,81.33],[98.05,80.94],[97.36,80.56],[98.56,80.19],[98.27,80.0],[100.5,80.0]]],[[[61.9,81.23],[61.76,80.94],[62.62,80.84],[61.92,80.47],[59.44,80.47],[59.77,80.84],[61.9,81.23]]],[[[80.32,80.75],[79.14,80.75],[80.8,81.04],[80.32,80.75]]],[[[65.9,81.04],[65.26,80.75],[62.89,80.75],[65.9,81.04]]],[[[90.74,81.33],[91.94,81.33],[91.27,80.94],[90.21,81.04],[90.74,81.33]]],[[[59.91,81.13],[60.32,81.33],[60.14,81.13],[59.91,81.13]]],[[[63.02,81.53],[62.66,81.53],[63.78,81.83],[63.02,81.53]]],[[[146.74,43.73],[146.5,43.73],[146.74,43.93],[146.74,43.73]]],[[[146.51,44.45],[145.29,43.73],[146.08,44.52],[146.51,44.45]]],[[[148.96,45.56],[146.78,44.39],[147.88,45.43],[148.96,45.56]]],[[[150.55,46.28],[149.37,45.56],[149.51,45.82],[150.55,46.28]]],[[[151.83,46.81],[151.58,46.81],[151.96,47.14],[152.34,47.2],[151.83,46.81]]],[[[144.67,48.99],[144.74,48.79],[144.46,48.65],[144.67,48.99]]],[[[154.42,49.25],[154.9,49.65],[154.73,49.32],[154.42,49.25]]],[[[143.07,51.98],[144.43,49.18],[142.96,49.12],[142.5,47.93],[143.62,46.41],[143.3,46.22],[143.24,46.55],[142.53,46.68],[141.89,45.89],[141.66,46.41],[142.15,48.19],[141.75,48.79],[142.15,51.05],[141.46,51.98],[141.85,52.79],[141.72,53.33],[142.54,53.53],[142.31,54.21],[142.69,54.48],[143.08,54.27],[143.33,52.65],[143.07,51.98]]],[[[155.82,50.71],[156.54,50.91],[155.84,50.25],[155.08,50.25],[155.82,50.71]]],[[[108.87,53.53],[108.52,53.53],[108.6,53.73],[109.02,53.94],[108.87,53.53]]],[[[167.44,54.95],[168.04,54.68],[167.69,54.55],[167.26,54.75],[167.44,54.95]]],[[[137.59,54.41],[137.14,54.89],[137.5,55.23],[138.15,55.02],[137.59,54.41]]],[[[136.87,54.89],[136.53,54.89],[136.9,55.16],[137.18,55.09],[136.87,54.89]]],[[[166.32,55.43],[166.74,54.82],[165.96,54.89],[165.7,55.29],[166.32,55.43]]],[[[163.69,59.02],[164.81,59.29],[164.48,58.88],[163.27,58.53],[163.69,59.02]]],[[[142.7,73.97],[143.61,73.49],[139.52,73.33],[141.11,73.97],[142.7,73.97]]],[[[136.32,74.22],[136.43,74.22],[136.06,73.89],[135.28,74.05],[136.32,74.22]]],[[[140.89,73.97],[139.83,73.97],[140.37,74.38],[141.24,74.22],[140.89,73.97]]],[[[147.94,74.79],[146.07,75.2],[146.68,75.71],[151.17,75.2],[150.09,74.79],[147.94,74.79]]],[[[142.34,75.45],[143.59,75.96],[145.58,75.71],[143.46,74.87],[141.73,75.04],[139.22,74.63],[136.86,75.2],[137.23,75.45],[137.01,75.62],[138.79,76.3],[140.13,75.87],[142.14,76.21],[142.72,75.96],[142.34,75.45]]],[[[135.33,75.37],[135.59,75.79],[136.14,75.96],[136.41,75.71],[135.33,75.37]]],[[[97.36,76.46],[96.56,76.13],[97.02,76.38],[97.36,76.46]]],[[[97.59,76.55],[97.37,76.55],[97.84,76.81],[97.59,76.55]]],[[[149.13,76.64],[148.69,76.64],[149.63,76.81],[149.13,76.64]]],[[[149.18,76.81],[149.49,76.89],[149.71,76.89],[149.18,76.81]]],[[[96.91,77.32],[95.53,76.98],[96.0,77.24],[96.91,77.32]]],[[[99.41,78.02],[101.97,79.45],[103.59,79.45],[102.72,78.91],[104.57,79.27],[106.0,78.73],[104.7,78.29],[99.41,78.02]]]]}},{"type":"Feature","properties":{"n":"Republic of Italy","f":1976,"t":2023,"w":"Q38"},"geometry":{"type":"MultiPolygon","coordinates":[[[[9.82,40.74],[9.75,39.64],[9.59,39.13],[8.73,38.87],[8.34,39.0],[8.15,40.94],[9.1,41.26],[9.82,40.74]]],[[[12.16,45.5],[12.31,44.19],[13.67,43.41],[14.37,42.24],[16.12,41.91],[15.94,41.39],[18.44,40.16],[18.11,39.9],[17.35,40.55],[16.62,40.29],[16.45,39.64],[17.14,39.06],[15.93,37.96],[15.39,38.16],[15.05,36.74],[12.49,37.9],[15.86,38.29],[16.27,38.93],[15.75,40.03],[11.26,42.43],[10.13,44.06],[8.59,44.45],[7.55,43.8],[7.63,44.19],[6.98,44.25],[6.64,44.97],[7.12,45.3],[6.94,45.96],[8.0,45.96],[8.4,46.41],[8.98,45.89],[9.3,46.48],[10.04,46.28],[10.45,46.87],[11.19,47.01],[12.09,47.07],[13.56,46.48],[13.63,45.76],[12.16,45.5]],[[12.55,43.8],[12.55,43.73],[12.63,43.73],[12.55,43.8]],[[12.29,42.04],[12.21,42.04],[12.21,41.98],[12.29,42.04]]],[[[10.46,42.69],[10.13,42.89],[10.21,42.89],[10.46,42.69]]]]}},{"type":"Feature","properties":{"n":"German Democratic Republic","f":1976,"t":1989,"w":"Q16957"},"geometry":{"type":"Polygon","coordinates":[[[14.55,52.65],[14.83,50.91],[14.33,51.05],[12.29,50.25],[10.02,50.51],[9.93,51.45],[10.53,51.65],[10.53,52.25],[10.96,52.45],[10.79,52.99],[11.39,53.06],[10.62,53.39],[10.79,54.0],[13.41,54.75],[13.74,54.27],[13.3,54.21],[14.17,54.07],[14.13,52.79],[14.55,52.65]],[[13.18,52.52],[13.69,52.59],[13.44,52.72],[13.18,52.52]]]}},{"type":"Feature","properties":{"n":"Lesotho","f":1976,"t":2023,"w":"Q1013"},"geometry":{"type":"Polygon","coordinates":[[[27.71,-30.7],[26.89,-29.67],[27.53,-28.97],[28.57,-28.64],[29.29,-29.22],[28.96,-30.06],[27.71,-30.7]]]}},{"type":"Feature","properties":{"n":"Canada","f":1976,"t":2023,"w":"Q16"},"geometry":{"type":"MultiPolygon","coordinates":[[[[-130.95,51.98],[-132.71,53.19],[-133.29,54.14],[-131.82,54.14],[-132.01,53.33],[-130.95,51.98]]],[[[-104.53,68.57],[-104.43,68.42],[-104.93,68.42],[-105.12,68.65],[-104.53,68.57]]],[[[-101.82,68.88],[-101.63,68.65],[-102.13,68.65],[-102.32,68.88],[-101.82,68.88]]],[[[-100.21,69.18],[-99.92,68.95],[-100.23,68.73],[-100.82,68.95],[-100.21,69.18]]],[[[-101.2,69.64],[-101.01,69.41],[-101.31,69.41],[-101.2,69.64]]],[[[-113.77,72.92],[-112.77,73.08],[-111.06,72.61],[-110.02,72.61],[-110.87,73.08],[-109.7,73.0],[-107.77,71.74],[-108.33,73.41],[-105.82,73.08],[-107.14,73.73],[-105.04,73.81],[-104.4,73.33],[-105.35,72.84],[-104.23,71.5],[-104.61,71.19],[-101.1,70.18],[-100.8,69.72],[-102.51,69.87],[-101.72,69.03],[-102.72,68.88],[-102.63,68.8],[-105.12,68.88],[-106.94,69.41],[-107.23,69.03],[-109.11,68.65],[-113.08,68.42],[-113.96,69.26],[-116.28,69.33],[-117.73,70.1],[-111.98,70.33],[-117.84,70.64],[-118.56,71.11],[-116.26,71.34],[-119.0,71.58],[-119.45,72.05],[-118.28,72.29],[-118.8,72.61],[-120.2,72.13],[-120.42,71.5],[-122.26,71.11],[-123.28,71.11],[-125.95,72.21],[-125.01,72.69],[-125.26,73.0],[-124.73,73.0],[-124.92,73.41],[-123.92,73.73],[-124.71,74.22],[-124.47,74.54],[-121.29,74.63],[-119.01,74.14],[-117.84,74.38],[-113.77,72.92]]],[[[-96.32,72.61],[-96.62,72.37],[-96.39,71.81],[-99.27,71.34],[-102.97,73.0],[-102.05,73.16],[-100.62,72.76],[-100.67,73.08],[-100.24,73.08],[-101.71,73.65],[-97.77,74.22],[-96.82,73.57],[-98.15,73.16],[-97.06,72.76],[-96.32,72.61]]],[[[-105.07,75.29],[-104.74,75.54],[-103.6,75.12],[-105.07,75.29]]],[[[-105.58,75.2],[-106.76,74.87],[-109.42,75.04],[-111.95,74.38],[-114.41,74.63],[-114.7,74.79],[-113.27,74.96],[-114.41,75.29],[-114.57,74.96],[-115.76,74.96],[-117.82,75.37],[-116.48,75.87],[-116.8,76.21],[-115.75,76.64],[-112.88,76.3],[-111.21,75.62],[-109.02,75.62],[-110.6,76.55],[-109.68,76.89],[-108.79,76.89],[-107.76,75.96],[-105.71,76.04],[-105.58,75.2]]],[[[-118.34,76.21],[-117.41,75.96],[-118.25,75.54],[-119.6,75.79],[-118.34,76.21]]],[[[-97.22,75.54],[-97.96,75.45],[-97.54,75.12],[-99.98,74.96],[-100.73,75.29],[-100.4,75.62],[-102.66,75.54],[-104.29,76.04],[-104.82,76.72],[-103.44,76.64],[-101.7,75.87],[-102.37,76.46],[-99.97,75.96],[-101.52,76.81],[-98.38,76.72],[-97.59,76.38],[-97.22,75.54]]],[[[-118.9,76.55],[-118.51,76.3],[-119.72,76.3],[-119.55,75.87],[-121.03,76.13],[-120.7,75.79],[-122.45,75.96],[-123.09,76.38],[-121.45,76.55],[-119.41,77.41],[-116.06,77.58],[-115.26,77.24],[-116.31,77.15],[-115.75,76.64],[-118.9,76.55]]],[[[-114.58,76.72],[-114.97,76.98],[-113.86,76.98],[-113.64,76.81],[-114.58,76.72]]],[[[-106.31,77.85],[-104.14,77.15],[-105.14,77.15],[-106.31,77.85]]],[[[-109.92,78.2],[-109.41,77.93],[-110.77,77.93],[-109.87,77.58],[-110.21,77.41],[-112.29,77.32],[-113.71,77.93],[-109.92,78.2]]],[[[-101.11,77.85],[-100.91,77.67],[-102.78,78.02],[-101.11,77.85]]],[[[-110.22,78.82],[-109.12,78.37],[-112.94,78.29],[-113.35,78.55],[-110.22,78.82]]],[[[-98.85,77.85],[-104.63,78.29],[-105.29,78.64],[-103.64,78.55],[-105.78,79.27],[-103.46,79.45],[-100.27,78.91],[-98.85,77.85]]],[[[-82.19,45.56],[-83.35,46.02],[-81.96,46.02],[-81.56,45.76],[-82.19,45.56]]],[[[-79.31,51.98],[-79.69,51.92],[-79.74,52.12],[-79.31,51.98]]],[[[-81.15,53.26],[-80.68,52.72],[-81.5,52.79],[-82.17,53.12],[-81.15,53.26]]],[[[-78.65,56.32],[-79.52,55.84],[-80.2,56.05],[-80.2,56.39],[-78.65,56.32]]],[[[-91.92,72.69],[-93.92,72.84],[-93.38,72.37],[-94.74,71.97],[-93.19,71.5],[-91.56,70.18],[-92.27,70.18],[-92.09,69.95],[-92.52,69.72],[-90.33,69.49],[-90.17,69.26],[-91.07,69.26],[-90.32,68.35],[-89.65,69.33],[-88.22,68.95],[-87.81,68.5],[-88.41,67.97],[-87.4,67.22],[-86.66,67.44],[-87.04,68.35],[-86.22,68.05],[-85.87,68.27],[-85.95,68.8],[-85.15,68.8],[-85.82,69.95],[-84.6,69.95],[-86.95,70.41],[-87.89,70.26],[-89.45,70.8],[-89.72,71.19],[-87.48,71.03],[-90.2,71.58],[-90.15,72.45],[-89.41,72.84],[-89.51,73.16],[-88.14,73.81],[-85.16,73.89],[-84.85,73.65],[-85.17,73.49],[-81.66,73.81],[-80.19,72.76],[-80.74,72.53],[-80.57,72.29],[-79.79,72.61],[-78.71,72.21],[-78.63,72.69],[-77.88,72.76],[-79.96,72.84],[-81.05,73.49],[-80.59,73.89],[-77.43,73.65],[-75.98,72.84],[-76.43,72.69],[-75.4,72.61],[-73.5,71.5],[-71.69,71.66],[-70.48,70.95],[-68.62,70.72],[-68.3,70.49],[-69.0,70.26],[-68.13,70.41],[-67.16,69.79],[-68.16,69.56],[-66.61,69.18],[-68.18,69.26],[-68.17,68.8],[-68.74,68.65],[-65.0,68.12],[-63.92,67.3],[-61.5,66.85],[-61.27,66.55],[-62.37,66.33],[-62.28,65.59],[-63.55,65.74],[-63.54,64.86],[-64.82,65.15],[-66.98,66.62],[-67.26,66.25],[-67.77,66.4],[-67.21,65.96],[-67.8,65.74],[-66.81,65.0],[-65.39,64.79],[-65.05,64.35],[-65.38,64.28],[-64.48,63.48],[-65.14,63.48],[-64.7,62.9],[-65.17,62.9],[-64.57,62.47],[-64.89,62.4],[-68.9,63.7],[-65.98,62.12],[-66.65,61.9],[-69.74,62.76],[-70.79,62.55],[-70.95,62.98],[-72.12,63.48],[-71.58,63.62],[-72.39,63.7],[-73.81,64.57],[-77.0,64.2],[-78.39,64.79],[-77.54,65.52],[-73.65,65.59],[-74.64,66.25],[-72.36,67.3],[-73.26,68.27],[-74.35,68.27],[-74.94,68.88],[-75.49,69.03],[-76.71,68.65],[-76.86,69.11],[-75.74,69.18],[-78.81,70.41],[-78.63,69.95],[-79.97,69.49],[-80.79,69.79],[-79.95,69.95],[-81.02,70.1],[-81.33,70.1],[-80.81,69.72],[-84.4,69.95],[-81.43,69.26],[-81.2,68.65],[-82.45,68.42],[-81.24,67.15],[-83.16,66.33],[-84.81,67.0],[-83.76,66.25],[-84.54,66.25],[-83.46,65.66],[-85.62,66.55],[-86.71,66.48],[-85.96,66.03],[-87.4,65.37],[-87.07,64.86],[-88.05,64.13],[-90.04,64.13],[-89.95,63.77],[-90.58,63.55],[-91.67,63.7],[-90.65,62.98],[-92.47,62.83],[-91.99,62.55],[-92.65,62.55],[-93.35,61.69],[-94.06,61.48],[-94.31,60.63],[-94.81,60.49],[-94.86,59.16],[-94.52,58.81],[-93.26,58.81],[-92.42,56.94],[-90.78,57.28],[-84.96,55.29],[-82.32,55.16],[-82.29,53.06],[-79.79,51.18],[-79.55,51.71],[-78.95,51.45],[-79.13,51.85],[-78.6,52.32],[-79.79,54.82],[-77.22,55.7],[-76.57,56.59],[-77.19,57.97],[-78.7,58.74],[-77.37,60.0],[-78.29,60.98],[-77.76,61.55],[-78.35,62.33],[-77.86,62.62],[-75.03,62.26],[-73.53,62.47],[-71.74,61.76],[-71.71,61.26],[-69.66,61.12],[-69.35,60.84],[-69.78,60.56],[-69.71,59.5],[-69.3,58.95],[-67.68,58.32],[-66.0,58.88],[-65.45,59.5],[-65.7,59.85],[-64.69,60.49],[-62.7,58.25],[-61.98,57.97],[-61.32,56.94],[-61.33,56.66],[-61.85,56.8],[-61.69,56.25],[-60.47,55.84],[-60.32,55.29],[-57.44,54.68],[-58.2,54.34],[-55.91,53.46],[-55.68,52.18],[-56.92,51.45],[-58.63,51.31],[-59.95,50.25],[-66.5,50.25],[-67.29,49.38],[-69.05,48.79],[-69.76,47.93],[-66.55,49.25],[-64.8,49.25],[-64.25,48.99],[-64.28,48.39],[-65.16,47.99],[-66.47,48.13],[-64.74,47.8],[-65.19,47.2],[-64.83,47.14],[-64.51,46.28],[-61.55,45.69],[-61.64,46.09],[-60.6,47.07],[-60.45,46.35],[-59.79,45.96],[-61.33,45.56],[-61.08,45.17],[-64.07,44.58],[-65.43,43.47],[-66.19,43.73],[-66.24,44.39],[-64.63,45.3],[-67.37,45.24],[-67.9,46.02],[-67.91,47.2],[-69.28,47.47],[-70.11,46.68],[-70.44,45.69],[-71.63,44.97],[-75.12,44.97],[-76.0,44.32],[-77.26,44.25],[-77.04,43.99],[-79.4,43.86],[-79.87,43.54],[-79.7,43.21],[-79.09,43.28],[-79.09,42.95],[-81.6,42.69],[-82.54,42.04],[-83.07,42.3],[-82.44,42.3],[-82.49,43.02],[-81.7,43.34],[-81.73,43.99],[-81.24,44.58],[-81.48,45.17],[-80.03,44.45],[-80.12,45.37],[-80.89,46.02],[-84.51,46.48],[-85.02,47.99],[-86.01,48.13],[-86.48,48.85],[-88.35,49.05],[-88.26,48.65],[-88.72,48.85],[-88.59,48.52],[-89.13,48.59],[-89.9,47.99],[-94.32,48.65],[-95.14,49.45],[-95.22,48.99],[-122.87,48.99],[-124.29,49.71],[-123.81,49.65],[-123.99,49.85],[-124.43,49.78],[-124.18,49.52],[-124.43,49.52],[-124.85,50.31],[-125.57,50.45],[-124.62,49.45],[-123.29,48.72],[-123.25,48.39],[-123.86,48.32],[-128.33,50.51],[-128.48,50.91],[-126.06,50.51],[-127.62,50.98],[-128.51,52.25],[-128.14,52.38],[-129.07,52.45],[-129.53,53.26],[-130.24,53.66],[-129.71,53.19],[-129.98,53.12],[-130.67,53.66],[-130.38,53.87],[-130.96,54.07],[-130.17,54.14],[-130.62,54.75],[-129.89,55.02],[-130.06,55.98],[-131.87,56.66],[-135.31,59.71],[-135.95,59.78],[-137.52,59.02],[-139.29,60.35],[-141.12,60.42],[-141.24,68.73],[-140.9,69.33],[-141.17,69.72],[-135.81,68.88],[-136.28,69.33],[-134.64,69.79],[-133.59,69.41],[-132.01,69.79],[-131.73,69.56],[-132.01,69.49],[-130.95,69.33],[-130.95,69.64],[-132.04,69.87],[-129.77,70.33],[-128.78,69.79],[-128.52,70.26],[-128.02,70.26],[-128.45,70.64],[-128.04,70.64],[-125.75,69.41],[-125.45,69.41],[-125.41,70.02],[-124.68,69.95],[-124.34,69.41],[-123.55,69.49],[-123.34,69.87],[-121.73,69.87],[-117.94,69.03],[-115.54,69.03],[-113.97,68.42],[-115.12,67.89],[-110.18,68.05],[-107.42,67.0],[-108.4,67.67],[-107.9,68.05],[-108.91,68.5],[-106.13,69.03],[-104.53,68.12],[-98.92,67.74],[-98.62,67.82],[-98.89,68.12],[-98.49,68.12],[-98.86,68.42],[-98.04,68.65],[-99.81,69.18],[-98.7,69.33],[-98.57,69.87],[-97.86,69.95],[-95.37,69.49],[-96.38,69.41],[-95.34,68.73],[-97.26,68.5],[-96.18,68.35],[-96.05,67.82],[-96.38,67.59],[-95.44,67.3],[-95.83,67.97],[-93.75,68.73],[-94.72,68.95],[-94.36,69.49],[-96.73,70.26],[-96.41,70.57],[-96.81,70.95],[-96.6,71.42],[-95.57,71.42],[-96.08,71.74],[-95.25,71.89],[-95.27,72.53],[-95.92,72.92],[-95.62,73.16],[-95.9,73.81],[-94.93,73.73],[-95.51,74.05],[-95.21,74.22],[-93.4,74.3],[-90.38,73.89],[-91.92,72.69]],[[-86.68,72.76],[-86.18,72.45],[-86.33,71.97],[-84.95,71.42],[-84.73,71.58],[-86.21,72.13],[-85.25,72.37],[-85.94,72.84],[-85.17,73.49],[-86.68,72.76]],[[-98.0,51.85],[-97.43,51.98],[-97.55,51.71],[-96.94,51.38],[-97.18,50.71],[-96.5,50.38],[-96.23,51.11],[-97.94,53.8],[-99.18,53.94],[-99.51,53.33],[-98.0,51.85]],[[-113.61,62.05],[-116.27,62.83],[-114.92,61.83],[-115.86,61.76],[-116.08,61.26],[-117.64,61.26],[-114.83,60.77],[-111.99,61.55],[-111.26,62.26],[-110.11,62.55],[-110.37,62.76],[-108.89,62.62],[-111.1,62.98],[-110.84,62.76],[-111.39,62.9],[-111.13,62.69],[-113.61,62.05]],[[-124.45,66.33],[-121.61,66.11],[-122.76,66.03],[-122.45,65.81],[-123.74,65.3],[-121.4,64.79],[-119.61,65.3],[-119.93,65.66],[-119.65,65.81],[-117.8,65.66],[-118.1,65.88],[-117.45,66.25],[-117.97,66.7],[-118.62,66.4],[-120.28,66.48],[-119.05,66.77],[-119.56,67.07],[-124.45,66.33]],[[-124.98,65.96],[-124.32,66.11],[-124.64,66.33],[-125.42,66.33],[-124.98,65.96]]],[[[-79.5,62.47],[-79.28,62.12],[-79.58,61.62],[-80.52,62.05],[-79.5,62.47]]],[[[-82.84,63.05],[-81.89,62.83],[-82.88,62.19],[-83.81,62.19],[-84.15,62.55],[-82.84,63.05]]],[[[-80.33,63.7],[-81.36,63.48],[-83.58,64.13],[-84.97,63.12],[-85.63,63.12],[-85.81,63.7],[-87.42,63.7],[-86.34,64.13],[-86.66,64.64],[-86.2,65.88],[-85.07,66.11],[-84.62,65.66],[-85.25,65.81],[-85.0,65.37],[-84.47,65.52],[-82.05,64.71],[-81.59,64.13],[-80.33,63.7]]],[[[-79.04,68.2],[-79.37,68.42],[-78.9,68.35],[-79.04,68.2]]],[[[-86.69,70.18],[-86.52,69.95],[-87.12,70.02],[-86.69,70.18]]],[[[-97.21,73.25],[-96.44,72.92],[-97.07,72.92],[-97.21,73.25]]],[[[-96.11,75.45],[-96.5,75.71],[-94.53,75.71],[-93.42,75.12],[-93.35,74.71],[-96.65,75.04],[-96.11,75.45]]],[[[-94.53,75.71],[-95.06,76.04],[-94.49,75.96],[-94.53,75.71]]],[[[-79.46,75.87],[-79.69,76.13],[-79.15,76.21],[-79.46,75.87]]],[[[-90.86,77.24],[-91.42,77.58],[-90.09,77.67],[-89.63,77.24],[-90.86,77.24]]],[[[-93.08,77.5],[-95.74,77.41],[-97.57,78.02],[-98.5,78.82],[-94.61,78.29],[-95.18,78.29],[-94.81,77.93],[-96.13,77.85],[-93.31,77.85],[-93.08,77.5]]],[[[-99.87,79.91],[-100.25,80.19],[-98.96,80.19],[-98.42,79.82],[-99.87,79.91]]],[[[-81.04,82.68],[-81.24,82.9],[-79.45,82.68],[-79.92,83.01],[-74.66,83.13],[-72.98,82.79],[-73.27,83.01],[-69.48,83.13],[-63.41,82.9],[-60.72,82.14],[-64.6,81.73],[-64.12,81.33],[-70.99,80.19],[-70.75,79.91],[-71.43,79.63],[-73.19,79.82],[-72.94,79.54],[-74.79,79.45],[-74.29,79.0],[-74.98,79.0],[-74.6,78.55],[-75.4,78.55],[-74.92,78.29],[-78.18,77.93],[-77.69,77.58],[-79.23,77.32],[-79.09,76.98],[-77.98,77.06],[-77.63,76.81],[-77.95,76.46],[-80.9,76.13],[-81.04,76.46],[-82.17,76.64],[-82.14,76.38],[-84.27,76.64],[-84.55,76.3],[-89.81,76.64],[-89.28,76.21],[-91.04,76.21],[-86.53,75.45],[-81.66,75.96],[-79.34,75.29],[-80.1,75.2],[-79.24,74.87],[-80.22,74.87],[-80.0,74.71],[-80.33,74.54],[-82.48,74.46],[-83.35,74.87],[-83.88,74.46],[-91.4,74.63],[-92.71,75.37],[-92.26,75.79],[-93.18,76.38],[-95.82,76.38],[-97.11,76.89],[-95.42,77.15],[-90.23,76.55],[-90.77,76.89],[-89.5,76.72],[-89.59,77.06],[-86.95,77.24],[-88.31,77.76],[-87.93,78.02],[-84.52,77.41],[-86.05,78.2],[-87.16,78.11],[-88.05,78.82],[-87.83,78.46],[-88.66,78.55],[-88.55,78.2],[-92.45,78.29],[-94.37,79.09],[-93.48,79.18],[-93.79,79.36],[-95.41,79.36],[-96.89,80.28],[-94.11,80.65],[-95.36,81.04],[-93.85,81.13],[-94.35,81.43],[-92.15,81.33],[-88.5,80.19],[-88.63,80.56],[-87.92,80.56],[-86.77,79.91],[-87.12,79.91],[-86.94,79.73],[-86.13,79.73],[-86.68,80.37],[-83.73,80.37],[-81.35,79.73],[-83.02,80.37],[-82.34,80.47],[-82.88,80.75],[-83.6,80.75],[-83.52,80.47],[-88.42,80.65],[-91.29,81.83],[-86.17,82.04],[-86.54,82.35],[-85.41,82.57],[-82.2,82.3],[-82.47,82.57],[-81.04,82.68]],[[-82.04,82.14],[-82.08,82.14],[-81.93,82.04],[-82.04,82.14]]],[[[-63.74,46.22],[-64.51,46.81],[-64.06,47.07],[-63.84,46.61],[-61.95,46.41],[-62.48,45.96],[-63.74,46.22]]],[[[-55.57,50.05],[-55.89,49.65],[-55.23,49.32],[-54.77,49.58],[-53.48,49.32],[-54.0,48.79],[-53.8,48.52],[-53.06,48.72],[-52.95,48.46],[-53.83,48.19],[-53.83,47.8],[-53.58,47.6],[-52.92,48.19],[-53.23,47.53],[-52.76,47.8],[-52.62,47.47],[-53.02,46.61],[-53.68,46.61],[-53.67,47.01],[-54.25,46.81],[-53.91,47.4],[-54.11,47.86],[-55.34,46.87],[-56.08,47.07],[-55.42,47.27],[-55.1,47.66],[-55.48,47.4],[-55.87,47.73],[-59.36,47.6],[-59.35,48.13],[-58.59,48.46],[-59.26,48.65],[-58.15,49.12],[-58.33,49.52],[-57.95,49.58],[-56.89,51.38],[-55.46,51.58],[-55.95,51.38],[-55.71,51.05],[-56.61,50.11],[-55.57,50.05]]],[[[-64.59,49.98],[-63.1,49.85],[-61.73,49.12],[-63.1,49.18],[-64.59,49.98]]],[[[-68.0,60.63],[-67.79,60.35],[-68.42,60.21],[-68.0,60.63]]],[[[-65.62,61.76],[-65.16,61.76],[-65.41,61.97],[-64.63,61.55],[-65.17,61.41],[-65.62,61.76]]],[[[-74.67,62.83],[-74.3,62.62],[-74.4,62.62],[-74.67,62.83]]],[[[-78.78,63.55],[-77.52,63.19],[-78.11,63.12],[-78.78,63.55]]],[[[-77.15,63.41],[-77.66,63.77],[-77.09,63.77],[-76.77,63.41],[-77.15,63.41]]],[[[-74.0,64.35],[-74.31,64.49],[-74.22,64.49],[-74.0,64.35]]],[[[-76.91,68.35],[-75.59,68.42],[-75.0,68.12],[-75.0,67.59],[-76.9,67.22],[-77.36,67.89],[-76.91,68.35]]],[[[-75.0,68.12],[-73.41,67.89],[-73.46,67.74],[-75.0,68.12]]],[[[-75.12,68.35],[-75.59,68.73],[-75.16,68.8],[-74.8,68.42],[-75.12,68.35]]],[[[-78.85,68.5],[-79.08,68.73],[-78.78,68.73],[-78.85,68.5]]],[[[-76.96,69.11],[-77.5,69.33],[-77.45,69.49],[-76.85,69.49],[-76.96,69.11]]],[[[-78.27,69.79],[-78.13,69.56],[-78.53,69.56],[-78.24,69.18],[-79.36,68.8],[-79.57,69.11],[-78.68,69.41],[-78.82,69.64],[-78.27,69.79]]]]}},{"type":"Feature","properties":{"n":"Malawi","f":1976,"t":2023,"w":"Q1020"},"geometry":{"type":"MultiPolygon","coordinates":[[[[35.06,-13.79],[35.14,-13.79],[35.14,-13.86],[35.06,-13.79]]],[[[34.91,-13.66],[34.99,-13.66],[34.99,-13.73],[34.91,-13.66]]],[[[34.84,-13.6],[34.91,-13.6],[34.91,-13.66],[34.84,-13.6]]],[[[34.42,-14.24],[35.23,-14.44],[35.14,-13.92],[35.83,-14.76],[35.79,-15.85],[35.08,-16.43],[35.18,-17.14],[34.26,-16.17],[34.43,-14.56],[33.47,-14.56],[32.72,-13.92],[32.91,-12.7],[33.41,-12.44],[33.16,-10.9],[33.59,-10.45],[32.91,-9.49],[33.79,-9.68],[34.1,-10.39],[33.85,-12.38],[34.42,-14.24]]]]}},{"type":"Feature","properties":{"n":"Arab Republic of Egypt","f":1976,"t":1982,"w":"Q79"},"geometry":{"type":"Polygon","coordinates":[[[32.38,31.08],[32.78,30.24],[32.43,29.6],[32.69,28.96],[33.61,27.99],[35.15,24.65],[35.86,24.01],[35.55,23.69],[35.81,22.91],[36.96,21.95],[25.06,21.95],[24.86,31.4],[26.85,31.46],[28.87,30.82],[31.2,31.66],[32.38,31.08]]]}},{"type":"Feature","properties":{"n":"Grenada","f":1976,"t":2023,"w":"Q769"},"geometry":{"type":"Polygon","coordinates":[[[-61.55,11.99],[-61.78,12.05],[-61.57,12.24],[-61.55,11.99]]]}},{"type":"Feature","properties":{"n":"Syria","f":1976,"t":1982,"w":"Q41137"},"geometry":{"type":"Polygon","coordinates":[[[36.83,32.3],[35.8,32.75],[35.78,33.33],[36.63,34.16],[35.93,34.87],[35.88,35.9],[36.62,36.29],[36.68,36.8],[39.54,36.67],[42.26,37.25],[42.11,36.74],[41.29,36.42],[41.04,34.42],[36.83,32.3]]]}},{"type":"Feature","properties":{"n":"Republic of Afghanistan","f":1976,"t":1978,"w":"Q1415128"},"geometry":{"type":"Polygon","coordinates":[[[71.68,35.32],[71.05,34.61],[71.19,34.23],[69.99,34.04],[70.26,33.2],[69.54,33.07],[69.09,31.66],[68.12,31.79],[67.72,31.27],[66.88,31.27],[65.99,29.73],[62.3,29.41],[60.93,29.79],[61.92,31.21],[60.84,31.59],[60.62,32.88],[60.89,33.52],[60.53,33.65],[60.57,34.23],[61.3,35.58],[62.3,35.19],[62.96,35.39],[65.71,37.51],[67.92,37.0],[69.35,37.13],[69.55,37.58],[70.27,37.64],[70.71,38.42],[71.18,38.42],[71.57,37.84],[71.58,36.74],[73.33,37.45],[74.92,37.25],[71.39,36.29],[71.68,35.32]]]}},{"type":"Feature","properties":{"n":"Éire","f":1976,"t":2023,"w":"Q5306909"},"geometry":{"type":"Polygon","coordinates":[[[-6.43,52.18],[-9.64,51.45],[-10.45,51.78],[-10.25,52.12],[-10.53,52.25],[-9.94,52.32],[-9.38,53.12],[-10.21,53.46],[-9.83,53.8],[-10.08,54.27],[-8.7,54.27],[-8.32,54.61],[-8.87,54.82],[-8.41,55.23],[-7.02,55.29],[-8.1,54.34],[-6.33,54.07],[-6.43,52.18]],[[-7.81,52.92],[-7.82,52.99],[-7.9,52.99],[-7.81,52.92]]]}},{"type":"Feature","properties":{"n":"Republic of Suriname","f":1976,"t":2023,"w":"Q730"},"geometry":{"type":"Polygon","coordinates":[[[-56.06,2.47],[-56.13,1.83],[-56.94,2.15],[-57.3,3.24],[-58.11,3.89],[-57.91,4.91],[-57.33,5.04],[-57.12,5.94],[-54.06,5.81],[-54.48,4.98],[-54.1,3.69],[-54.46,2.41],[-56.06,2.47]]]}},{"type":"Feature","properties":{"n":"São Tomé and Príncipe","f":1976,"t":2023,"w":"Q1039"},"geometry":{"type":"MultiPolygon","coordinates":[[[[6.67,0.41],[6.66,0.16],[6.38,0.03],[6.3,0.35],[6.67,0.41]]],[[[7.34,1.51],[7.19,1.51],[7.27,1.7],[7.34,1.51]]]]}},{"type":"Feature","properties":{"n":"State of Israel","f":1976,"t":1982,"w":"Q801"},"geometry":{"type":"Polygon","coordinates":[[[33.19,28.51],[32.24,31.21],[34.3,31.27],[35.06,33.01],[35.78,33.33],[35.49,31.01],[34.12,27.74],[33.19,28.51]],[[34.92,32.36],[34.85,32.36],[34.92,32.3],[34.92,32.36]]]}},{"type":"Feature","properties":{"n":"Communist Laos","f":1976,"t":2023,"w":"Q819"},"geometry":{"type":"Polygon","coordinates":[[[104.36,20.92],[104.98,20.15],[103.96,19.31],[105.12,18.74],[106.69,16.49],[107.5,16.04],[107.51,14.56],[106.17,14.43],[106.03,13.91],[105.26,14.17],[105.68,15.65],[104.89,16.29],[104.83,17.39],[104.02,18.29],[103.36,18.35],[102.92,17.9],[102.07,18.16],[101.08,17.45],[101.31,19.44],[100.52,19.57],[100.24,20.66],[101.18,21.44],[101.81,21.18],[101.72,22.46],[103.07,21.63],[103.59,20.73],[104.36,20.92]]]}},{"type":"Feature","properties":{"n":"Tanzania","f":1976,"t":2023,"w":"Q924"},"geometry":{"type":"MultiPolygon","coordinates":[[[[39.52,-7.81],[39.81,-7.69],[39.82,-7.88],[39.52,-7.81]]],[[[33.4,-2.61],[33.76,-2.09],[33.25,-1.96],[34.04,-1.06],[37.63,-3.12],[37.56,-3.57],[39.11,-4.73],[38.77,-6.34],[39.43,-6.85],[39.25,-8.59],[39.72,-10.0],[40.32,-10.51],[38.51,-11.41],[37.85,-11.29],[37.28,-11.8],[34.93,-11.61],[34.15,-9.49],[32.91,-9.49],[31.14,-8.65],[30.39,-6.66],[29.72,-6.34],[29.56,-4.41],[30.71,-3.19],[30.34,-2.67],[30.77,-1.71],[30.33,-1.13],[31.64,-1.0],[31.51,-2.41],[31.66,-2.74],[32.09,-2.41],[33.4,-2.61]],[[32.89,-2.74],[32.6,-2.74],[32.6,-2.99],[32.89,-2.74]]],[[[39.43,-6.53],[39.12,-5.76],[39.27,-5.76],[39.43,-6.53]]],[[[39.77,-4.99],[39.7,-5.44],[39.55,-5.44],[39.77,-4.99]]]]}},{"type":"Feature","properties":{"n":"Portugal","f":1976,"t":2023,"w":"Q1139807"},"geometry":{"type":"MultiPolygon","coordinates":[[[[113.64,22.14],[113.42,22.14],[113.54,22.4],[113.64,22.14]]],[[[-17.07,32.62],[-17.17,32.88],[-16.79,32.88],[-17.07,32.62]]],[[[-25.9,37.96],[-25.09,37.77],[-25.7,37.71],[-25.9,37.96]]],[[[-28.81,38.48],[-28.85,38.67],[-28.08,38.35],[-28.81,38.48]]],[[[-27.89,38.61],[-27.88,38.55],[-28.04,38.55],[-27.89,38.61]]],[[[-27.08,38.87],[-27.03,38.61],[-27.36,38.67],[-27.08,38.87]]],[[[-9.0,37.0],[-8.82,38.48],[-9.55,38.74],[-8.73,40.74],[-8.93,41.91],[-6.7,41.98],[-6.25,41.46],[-6.93,41.0],[-6.9,39.77],[-7.44,39.64],[-6.99,39.0],[-7.27,38.67],[-6.99,38.09],[-7.5,37.71],[-7.45,37.13],[-9.0,37.0]]]]}},{"type":"Feature","properties":{"n":"Eswatini","f":1976,"t":2023,"w":"Q1050"},"geometry":{"type":"Polygon","coordinates":[[[30.74,-26.91],[31.06,-25.82],[31.98,-26.14],[31.67,-27.36],[30.74,-26.91]]]}},{"type":"Feature","properties":{"n":"Union of Soviet Socialist Republics","f":1979,"t":1982,"w":"Q15180"},"geometry":{"type":"MultiPolygon","coordinates":[[[[59.16,45.24],[59.18,45.3],[59.26,45.3],[59.16,45.24]]],[[[33.52,44.45],[33.61,45.1],[32.6,45.43],[34.15,46.09],[35.02,45.3],[36.42,45.43],[33.52,44.45]]],[[[59.12,45.37],[59.2,45.37],[59.02,45.3],[59.12,45.37]]],[[[29.66,45.37],[29.58,45.37],[29.58,45.43],[29.66,45.37]]],[[[59.04,45.37],[58.87,45.37],[58.89,45.43],[59.04,45.37]]],[[[58.83,45.5],[58.91,45.5],[58.73,45.43],[58.83,45.5]]],[[[58.87,45.63],[58.89,45.69],[58.97,45.69],[58.87,45.63]]],[[[59.8,45.76],[59.77,45.63],[59.68,45.63],[59.8,45.76]]],[[[53.18,46.02],[53.17,45.96],[53.08,45.96],[53.18,46.02]]],[[[13.69,52.59],[13.6,52.45],[13.43,52.52],[13.69,52.59]]],[[[23.12,58.39],[21.9,57.9],[21.88,58.53],[23.12,58.39]]],[[[22.84,59.09],[22.9,58.81],[22.19,58.88],[22.84,59.09]]],[[[35.65,65.22],[36.13,65.22],[35.5,65.0],[35.65,65.22]]],[[[50.32,69.33],[49.7,68.88],[48.11,68.88],[48.24,69.41],[50.32,69.33]]],[[[51.35,79.91],[50.65,79.91],[50.97,80.19],[51.35,79.91]]],[[[59.43,80.19],[60.25,80.19],[59.89,79.91],[59.43,80.19]]],[[[50.16,80.37],[50.57,80.28],[50.43,80.09],[49.96,80.09],[50.16,80.37]]],[[[53.79,80.19],[52.73,80.19],[52.95,80.47],[53.79,80.19]]],[[[47.56,80.19],[47.04,80.28],[47.16,80.47],[47.56,80.19]]],[[[54.72,80.47],[54.52,80.37],[54.6,80.47],[54.72,80.47]]],[[[58.31,80.94],[58.9,80.94],[58.22,80.56],[59.05,80.56],[58.18,80.09],[56.06,80.09],[56.37,80.47],[57.98,80.56],[58.31,80.94]]],[[[54.36,80.47],[54.75,80.65],[54.6,80.47],[54.36,80.47]]],[[[48.59,80.65],[50.93,80.94],[50.47,80.47],[47.85,80.09],[48.67,80.94],[48.59,80.65]]],[[[45.98,80.47],[45.92,80.56],[47.53,80.84],[45.98,80.47]]],[[[50.98,80.84],[51.86,80.75],[51.72,80.56],[50.77,80.56],[50.98,80.84]]],[[[47.76,80.65],[47.52,80.65],[48.07,80.94],[47.76,80.65]]],[[[57.57,81.63],[58.33,81.53],[56.72,81.04],[58.07,80.94],[57.83,80.65],[54.9,80.84],[57.57,81.63]]],[[[59.65,81.93],[59.68,81.83],[58.61,81.43],[58.8,81.93],[59.65,81.93]]],[[[60.53,44.65],[60.77,44.65],[60.51,44.58],[60.53,44.65]]],[[[60.47,44.71],[60.55,44.71],[60.53,44.65],[60.47,44.71]]],[[[59.75,45.56],[59.77,45.63],[59.85,45.63],[59.75,45.56]]],[[[59.8,45.76],[59.82,45.82],[59.91,45.82],[59.8,45.76]]],[[[59.8,46.02],[59.92,46.15],[60.17,46.15],[59.8,46.02]]],[[[59.82,46.09],[59.74,46.09],[59.72,46.28],[59.82,46.09]]],[[[60.72,46.35],[60.98,46.15],[60.74,46.15],[60.72,46.35]]],[[[60.16,46.41],[60.25,46.41],[60.06,46.35],[60.16,46.41]]],[[[60.41,46.41],[60.74,46.41],[60.39,46.35],[60.41,46.41]]],[[[60.02,46.48],[60.1,46.48],[60.08,46.41],[60.02,46.48]]],[[[60.35,46.48],[60.43,46.48],[60.25,46.41],[60.35,46.48]]],[[[47.34,43.99],[47.38,43.02],[47.93,42.24],[49.51,40.61],[50.26,40.42],[49.4,40.1],[48.79,38.48],[48.06,38.8],[48.13,39.64],[46.67,38.93],[45.07,39.26],[44.42,40.03],[43.65,40.16],[43.58,41.13],[42.86,41.59],[41.58,41.52],[41.82,41.98],[41.33,42.89],[36.78,45.1],[36.75,45.43],[37.7,45.3],[38.37,46.35],[37.84,46.61],[39.13,46.94],[39.2,47.33],[35.63,46.68],[34.74,46.15],[32.68,46.09],[31.82,46.35],[32.03,46.74],[30.88,46.68],[29.58,45.43],[28.51,45.24],[28.13,45.5],[28.11,46.87],[26.85,48.26],[25.07,47.8],[20.58,48.59],[17.71,47.73],[17.06,47.99],[16.76,48.79],[14.94,48.99],[14.18,48.59],[12.53,49.52],[12.12,50.25],[14.33,51.05],[15.26,50.98],[16.34,50.65],[16.49,50.18],[17.17,50.45],[19.87,49.18],[22.78,49.12],[22.74,49.71],[24.08,50.58],[23.63,51.98],[23.15,52.25],[23.98,52.86],[23.5,54.0],[23.02,54.41],[19.82,54.48],[19.95,55.02],[21.09,55.09],[20.87,56.46],[21.6,57.63],[22.52,57.83],[23.58,57.01],[24.23,57.28],[24.27,58.25],[23.41,58.53],[23.41,59.29],[30.14,59.92],[28.65,60.28],[28.54,60.7],[27.97,60.56],[31.5,62.98],[30.05,63.7],[30.55,64.28],[29.62,64.86],[30.03,65.88],[29.05,66.77],[29.94,67.67],[28.42,68.42],[29.32,69.33],[31.91,70.02],[32.98,69.87],[32.9,69.56],[33.44,69.33],[36.13,69.26],[41.0,67.74],[41.39,67.15],[41.04,66.7],[38.68,66.03],[32.55,67.07],[33.0,66.55],[34.87,65.88],[34.44,65.37],[34.98,64.49],[37.39,63.91],[37.88,63.99],[37.89,64.35],[36.79,64.49],[36.36,65.0],[37.21,65.3],[38.21,64.79],[40.19,64.71],[39.54,65.37],[40.4,65.96],[41.96,66.55],[43.97,66.18],[44.37,67.0],[43.6,67.3],[44.17,68.27],[43.45,68.73],[45.88,68.57],[46.66,67.82],[44.93,67.44],[45.81,66.92],[47.37,66.92],[47.78,67.67],[53.28,69.03],[54.04,68.95],[53.87,68.42],[53.3,68.27],[58.39,69.03],[59.09,69.03],[59.4,68.88],[59.24,68.42],[59.74,68.42],[60.7,68.88],[60.09,69.72],[58.34,70.18],[59.07,70.57],[60.54,69.79],[63.93,69.72],[68.49,68.27],[68.95,68.95],[66.6,69.64],[67.17,70.18],[67.19,70.8],[66.53,71.03],[68.33,71.81],[69.96,73.49],[71.3,73.57],[71.11,73.08],[69.71,72.92],[72.94,72.76],[72.66,72.05],[71.81,71.5],[72.89,71.03],[72.5,69.03],[73.63,68.65],[73.07,67.74],[71.52,66.62],[70.4,66.4],[72.1,66.33],[74.65,67.74],[74.2,68.35],[74.59,68.88],[76.47,69.11],[77.31,68.65],[77.25,68.05],[77.88,68.35],[77.59,68.88],[76.63,69.18],[73.66,69.11],[73.41,69.72],[74.22,70.64],[72.89,71.42],[74.87,72.21],[74.86,72.92],[75.77,72.53],[75.27,71.81],[75.4,71.34],[77.19,71.27],[75.85,71.89],[77.23,72.05],[76.71,72.29],[77.48,72.69],[82.52,71.81],[82.13,72.29],[80.47,72.53],[80.55,73.16],[80.18,73.33],[80.89,73.73],[86.9,73.89],[87.0,74.46],[86.06,74.3],[87.32,75.12],[89.01,75.54],[95.91,76.38],[96.8,76.38],[96.22,76.04],[97.65,76.04],[99.11,76.3],[99.15,76.64],[100.8,76.55],[101.49,77.24],[102.94,77.67],[105.1,77.76],[106.29,77.58],[105.16,77.15],[107.59,77.06],[106.66,76.55],[112.07,76.81],[114.09,75.96],[113.31,75.12],[106.15,73.33],[105.53,72.92],[110.4,73.65],[110.73,73.81],[109.34,73.65],[110.12,74.14],[111.06,73.97],[112.12,74.63],[113.31,74.63],[113.61,74.54],[111.48,73.89],[112.53,73.73],[113.21,74.05],[113.6,73.81],[113.36,73.57],[118.9,73.73],[118.4,73.33],[120.56,73.0],[123.08,73.0],[123.21,73.57],[124.01,73.81],[128.08,73.57],[129.12,73.16],[128.74,72.92],[129.22,72.76],[128.74,72.53],[129.64,72.37],[128.87,71.66],[130.99,70.8],[132.46,71.97],[133.49,71.5],[139.7,71.58],[139.36,71.81],[139.8,72.21],[139.0,72.29],[141.34,72.92],[146.82,72.53],[146.53,72.13],[147.41,72.45],[149.62,72.29],[150.1,71.97],[148.95,71.74],[151.81,71.42],[152.49,70.88],[155.5,71.19],[159.39,70.95],[160.15,70.64],[159.78,69.87],[160.89,69.64],[166.9,69.56],[169.01,70.1],[169.63,69.95],[169.11,69.56],[168.35,69.64],[168.28,69.33],[170.45,68.88],[170.96,69.26],[169.96,69.64],[170.68,70.18],[171.8,70.18],[176.31,69.95],[180.0,69.11],[180.0,65.08],[177.34,64.49],[178.45,64.42],[178.89,63.91],[178.58,63.62],[179.4,63.34],[179.61,62.69],[179.0,62.33],[177.06,62.62],[173.58,61.69],[170.68,60.49],[170.28,59.92],[169.06,60.63],[166.99,60.35],[166.07,59.78],[166.19,60.49],[164.79,59.78],[163.64,60.0],[161.97,58.04],[163.38,57.83],[162.71,57.28],[163.46,56.39],[162.57,56.05],[162.58,56.46],[161.95,55.98],[161.77,55.23],[162.21,54.89],[160.06,54.21],[159.83,53.8],[160.13,53.26],[158.78,52.99],[158.3,51.98],[156.78,50.98],[156.39,51.25],[155.43,54.68],[155.7,56.52],[156.85,57.35],[156.86,57.9],[158.4,58.18],[161.99,60.56],[163.63,60.98],[163.35,60.98],[163.88,61.34],[163.62,61.41],[163.86,62.12],[164.55,62.69],[163.3,62.55],[163.07,61.9],[163.42,61.83],[163.0,61.55],[162.27,61.62],[160.17,60.63],[160.23,61.05],[159.67,60.98],[160.28,61.9],[157.1,61.69],[154.25,59.85],[154.14,59.5],[155.22,59.43],[154.93,59.16],[151.23,58.88],[152.05,59.29],[149.42,59.78],[148.61,59.22],[143.08,59.36],[140.9,58.39],[137.43,55.98],[135.2,54.95],[136.92,54.68],[136.68,53.87],[137.69,54.34],[137.32,54.07],[137.86,54.0],[137.27,53.6],[138.1,53.73],[138.73,54.34],[140.03,54.34],[141.46,53.33],[141.15,52.52],[141.56,52.25],[140.65,51.25],[140.25,48.59],[135.11,43.47],[133.27,42.69],[131.91,43.28],[130.77,42.43],[130.47,42.69],[131.27,43.28],[130.91,44.71],[131.7,45.24],[132.98,45.1],[134.68,47.66],[134.52,48.39],[132.12,47.66],[130.85,47.73],[130.57,48.85],[127.48,49.78],[126.31,52.45],[125.55,53.12],[123.85,53.53],[120.86,53.26],[119.9,52.65],[120.53,52.59],[120.67,52.05],[119.65,51.11],[119.28,50.11],[117.83,49.52],[114.01,50.25],[112.73,49.52],[110.75,49.18],[108.59,49.32],[106.46,50.38],[103.3,50.18],[102.3,50.58],[101.91,51.51],[98.93,52.12],[97.84,51.11],[98.13,50.11],[97.43,49.78],[94.87,49.98],[94.13,50.58],[92.27,50.85],[89.49,49.65],[86.87,49.12],[86.6,48.59],[85.64,48.32],[85.74,47.33],[85.14,46.94],[83.04,47.2],[82.31,45.56],[82.55,45.17],[79.95,44.97],[80.41,44.71],[80.79,43.28],[80.14,42.04],[78.03,41.07],[76.89,41.0],[76.27,40.36],[75.49,40.61],[73.93,39.97],[73.77,38.67],[74.87,38.42],[74.92,37.25],[73.33,37.45],[71.58,36.74],[71.57,37.84],[71.18,38.42],[70.71,38.42],[70.08,37.51],[68.07,37.0],[70.93,36.93],[70.83,36.55],[69.61,36.61],[69.2,36.22],[70.99,34.04],[69.46,34.42],[67.66,32.49],[65.42,31.59],[61.67,32.36],[61.44,33.97],[62.25,35.32],[61.3,35.58],[61.14,36.61],[56.58,38.29],[53.96,37.32],[53.99,39.0],[53.14,39.45],[53.54,39.51],[53.5,40.03],[52.79,40.03],[52.7,40.36],[52.89,40.87],[54.37,40.74],[54.73,41.26],[54.09,41.59],[53.91,42.17],[53.19,42.17],[52.72,41.52],[52.44,42.04],[52.79,42.82],[51.44,43.21],[50.88,44.25],[50.19,44.45],[51.42,44.52],[51.02,44.84],[51.47,45.37],[54.3,44.97],[54.29,45.56],[53.06,45.56],[53.35,46.35],[53.11,47.01],[50.3,46.94],[47.57,45.76],[46.63,44.45],[47.34,43.99]],[[103.57,51.58],[105.74,51.65],[106.4,52.32],[108.83,53.26],[109.64,54.27],[109.99,55.84],[109.32,55.77],[107.98,53.94],[106.49,52.79],[104.91,51.92],[103.57,51.58]],[[74.32,45.96],[75.45,46.55],[78.46,46.28],[79.33,46.81],[74.6,46.87],[73.63,46.28],[73.33,45.5],[73.94,44.97],[74.32,45.96]],[[78.04,42.17],[78.66,42.76],[76.53,42.63],[78.04,42.17]],[[64.83,37.13],[64.3,36.16],[63.14,35.84],[62.72,35.32],[62.05,33.97],[62.2,32.75],[66.04,32.04],[68.44,33.97],[68.27,36.55],[66.75,36.67],[67.0,37.38],[64.83,37.13]],[[67.67,37.25],[67.45,37.0],[67.9,36.93],[67.67,37.25]],[[61.58,44.91],[61.72,45.37],[61.34,45.43],[61.25,45.96],[61.7,46.87],[60.12,46.81],[59.31,46.02],[58.64,45.96],[58.07,44.84],[58.17,43.73],[60.29,43.54],[61.58,44.91]],[[53.33,44.39],[53.74,45.04],[53.19,44.78],[53.33,44.39]],[[35.2,60.91],[36.08,61.12],[36.17,61.83],[35.29,62.4],[35.27,63.05],[34.12,63.34],[34.05,63.05],[34.99,62.69],[34.88,62.26],[34.15,62.69],[33.96,61.9],[35.41,61.41],[35.2,60.91]],[[32.17,60.91],[31.02,61.62],[29.86,61.34],[30.38,59.78],[31.82,60.14],[32.17,60.91]],[[24.74,54.27],[24.73,54.21],[24.82,54.21],[24.74,54.27]],[[24.92,54.34],[24.84,54.34],[24.83,54.27],[24.92,54.34]]],[[[79.18,73.16],[79.66,73.0],[79.36,72.69],[78.46,72.84],[79.18,73.16]]],[[[74.58,72.84],[73.98,73.0],[74.4,73.25],[74.58,72.84]]],[[[76.03,73.65],[75.39,73.41],[75.61,73.65],[76.03,73.65]]],[[[60.96,75.2],[55.95,73.08],[56.32,73.0],[55.5,72.53],[55.43,72.05],[56.11,71.27],[57.62,70.88],[57.49,70.64],[53.85,70.72],[53.25,71.5],[52.85,70.95],[52.2,71.27],[52.43,71.5],[51.25,71.81],[52.77,72.69],[52.34,72.84],[54.14,73.41],[53.7,73.89],[56.11,74.79],[56.29,75.04],[55.75,75.04],[56.09,75.37],[56.73,75.2],[59.33,76.04],[64.23,76.38],[66.97,77.06],[69.14,76.89],[69.03,76.55],[67.83,76.21],[60.96,75.2]]],[[[84.51,74.54],[84.92,74.63],[84.65,74.38],[84.51,74.54]]],[[[86.06,74.87],[86.6,74.87],[86.21,74.63],[85.78,74.63],[86.06,74.87]]],[[[85.44,74.71],[85.12,74.71],[85.41,74.87],[85.44,74.71]]],[[[82.04,75.54],[82.36,75.54],[82.19,75.29],[81.76,75.29],[82.04,75.54]]],[[[89.18,77.15],[89.97,77.41],[89.62,77.15],[89.18,77.15]]],[[[100.5,80.0],[99.8,79.18],[100.36,79.09],[99.83,78.82],[93.26,79.45],[94.78,80.09],[92.94,79.63],[91.35,79.91],[92.78,80.09],[93.18,80.37],[92.6,80.37],[93.55,81.04],[95.77,81.33],[98.05,80.94],[97.36,80.56],[98.56,80.19],[98.27,80.0],[100.5,80.0]]],[[[61.9,81.23],[61.76,80.94],[62.62,80.84],[61.92,80.47],[59.44,80.47],[59.77,80.84],[61.9,81.23]]],[[[80.32,80.75],[79.14,80.75],[80.8,81.04],[80.32,80.75]]],[[[65.9,81.04],[65.26,80.75],[62.89,80.75],[65.9,81.04]]],[[[90.74,81.33],[91.94,81.33],[91.27,80.94],[90.21,81.04],[90.74,81.33]]],[[[60.2,81.33],[60.32,81.33],[60.14,81.13],[60.2,81.33]]],[[[63.02,81.53],[62.66,81.53],[63.78,81.83],[63.02,81.53]]],[[[146.98,43.93],[146.5,43.73],[146.69,43.86],[146.98,43.93]]],[[[146.51,44.45],[145.29,43.73],[146.08,44.52],[146.51,44.45]]],[[[148.8,45.37],[146.78,44.39],[147.88,45.43],[148.96,45.56],[148.8,45.37]]],[[[150.55,46.28],[149.37,45.56],[149.51,45.82],[150.55,46.28]]],[[[151.83,46.81],[151.58,46.81],[151.96,47.14],[152.34,47.2],[151.83,46.81]]],[[[144.67,48.99],[144.74,48.79],[144.46,48.65],[144.67,48.99]]],[[[154.42,49.25],[154.9,49.65],[154.73,49.32],[154.42,49.25]]],[[[143.07,51.98],[144.43,49.18],[142.96,49.12],[142.5,47.93],[143.62,46.41],[143.3,46.22],[143.24,46.55],[142.53,46.68],[141.89,45.89],[141.66,46.41],[142.15,48.19],[141.75,48.79],[142.15,51.05],[141.46,51.98],[141.85,52.79],[141.72,53.33],[142.54,53.53],[142.31,54.21],[142.69,54.48],[143.08,54.27],[143.33,52.65],[143.07,51.98]]],[[[155.82,50.71],[156.54,50.91],[155.84,50.25],[155.08,50.25],[155.82,50.71]]],[[[108.87,53.53],[108.52,53.53],[108.6,53.73],[109.02,53.94],[108.87,53.53]]],[[[167.44,54.95],[168.04,54.68],[167.69,54.55],[167.26,54.75],[167.44,54.95]]],[[[137.59,54.41],[137.14,54.89],[137.5,55.23],[138.15,55.02],[137.59,54.41]]],[[[136.87,54.89],[136.53,54.89],[136.9,55.16],[137.18,55.09],[136.87,54.89]]],[[[166.32,55.43],[166.74,54.82],[165.96,54.89],[165.7,55.29],[166.32,55.43]]],[[[163.69,59.02],[164.81,59.29],[164.48,58.88],[163.27,58.53],[163.69,59.02]]],[[[142.7,73.97],[143.61,73.49],[139.52,73.33],[141.11,73.97],[142.7,73.97]]],[[[136.32,74.22],[136.43,74.22],[136.06,73.89],[135.28,74.05],[136.32,74.22]]],[[[140.89,73.97],[139.83,73.97],[140.37,74.38],[141.24,74.22],[140.89,73.97]]],[[[147.94,74.79],[146.07,75.2],[146.68,75.71],[151.17,75.2],[150.09,74.79],[147.94,74.79]]],[[[142.34,75.45],[143.59,75.96],[145.58,75.71],[143.46,74.87],[141.73,75.04],[139.22,74.63],[136.86,75.2],[137.23,75.45],[137.01,75.62],[138.79,76.3],[140.13,75.87],[142.14,76.21],[142.72,75.96],[142.34,75.45]]],[[[135.33,75.37],[135.59,75.79],[136.14,75.96],[136.41,75.71],[135.33,75.37]]],[[[97.36,76.46],[96.56,76.13],[97.02,76.38],[97.36,76.46]]],[[[97.59,76.55],[97.37,76.55],[97.84,76.81],[97.59,76.55]]],[[[149.13,76.64],[148.69,76.64],[149.63,76.81],[149.13,76.64]]],[[[149.18,76.81],[149.49,76.89],[149.71,76.89],[149.18,76.81]]],[[[96.91,77.32],[95.53,76.98],[96.0,77.24],[96.91,77.32]]],[[[99.41,78.02],[101.97,79.45],[103.59,79.45],[102.72,78.91],[104.57,79.27],[106.0,78.73],[104.7,78.29],[99.41,78.02]]]]}},{"type":"Feature","properties":{"n":"People's Republic of Kampuchea","f":1979,"t":1991,"w":"Q867778"},"geometry":{"type":"Polygon","coordinates":[[[105.85,11.6],[106.14,10.83],[105.12,10.89],[104.34,10.44],[103.55,10.51],[103.6,11.09],[103.06,10.83],[102.36,13.21],[102.9,14.11],[104.92,14.43],[106.03,13.91],[106.17,14.43],[107.51,14.56],[107.54,12.37],[105.85,11.6]]]}},{"type":"Feature","properties":{"n":"Commonwealth of Dominica","f":1979,"t":2023,"w":"Q784"},"geometry":{"type":"Polygon","coordinates":[[[-61.15,15.2],[-61.37,15.2],[-61.26,15.65],[-61.15,15.2]]]}},{"type":"Feature","properties":{"n":"Republic of India","f":1979,"t":1982,"w":"Q668"},"geometry":{"type":"MultiPolygon","coordinates":[[[[93.7,6.78],[93.51,7.36],[93.74,7.42],[93.7,6.78]]],[[[93.49,8.06],[93.48,7.87],[93.26,7.87],[93.49,8.06]]],[[[92.29,10.57],[92.39,10.89],[92.61,10.89],[92.29,10.57]]],[[[92.57,12.11],[93.08,13.59],[93.04,12.44],[92.73,11.54],[92.57,12.11]]],[[[88.99,26.9],[91.98,26.84],[91.72,27.74],[92.58,27.87],[94.58,29.28],[95.44,29.09],[95.9,29.41],[96.62,28.96],[96.4,28.38],[97.42,28.25],[97.0,27.74],[97.16,27.16],[96.21,27.29],[95.16,26.58],[94.13,23.88],[93.4,24.01],[93.02,22.01],[92.59,22.14],[92.23,23.69],[91.75,22.98],[91.22,23.43],[92.45,24.97],[90.1,25.23],[89.82,26.13],[89.34,26.0],[88.4,26.58],[88.18,25.81],[88.99,25.29],[88.11,24.52],[88.81,24.2],[89.11,21.69],[88.73,21.63],[88.64,22.08],[88.35,21.56],[88.1,21.95],[87.07,21.44],[87.03,20.6],[86.42,19.89],[85.37,19.83],[84.38,18.41],[82.45,17.13],[82.38,16.55],[80.38,15.71],[80.09,15.07],[80.43,13.27],[79.88,11.99],[79.9,10.25],[79.32,10.25],[78.96,9.22],[77.28,8.06],[76.32,9.16],[76.36,9.8],[73.42,16.04],[72.53,22.27],[72.11,21.89],[72.18,21.18],[70.72,20.66],[68.95,22.21],[70.43,22.85],[69.23,22.79],[68.13,23.56],[68.8,24.26],[71.05,24.33],[70.7,25.62],[70.19,25.74],[70.22,26.45],[69.51,26.77],[69.56,27.09],[70.39,28.06],[70.72,27.74],[71.89,27.99],[74.57,30.95],[74.63,31.91],[75.3,32.17],[74.08,33.14],[74.28,33.97],[73.9,34.61],[75.64,34.49],[78.1,35.32],[78.16,34.68],[79.05,34.29],[78.81,33.65],[79.36,33.14],[79.02,32.36],[78.53,32.56],[78.77,31.34],[80.84,30.44],[81.01,30.18],[80.1,28.77],[81.88,27.87],[87.24,26.39],[88.16,26.52],[88.14,27.87],[88.95,27.8],[88.99,26.9]],[[75.52,32.11],[75.5,32.04],[75.58,32.04],[75.52,32.11]]]]}},{"type":"Feature","properties":{"n":"Zimbabwe Rhodesia","f":1979,"t":1982,"w":"Q890120"},"geometry":{"type":"Polygon","coordinates":[[[32.92,-19.96],[32.31,-21.38],[31.15,-22.47],[27.85,-21.57],[27.68,-20.67],[26.1,-19.64],[25.17,-18.04],[27.01,-17.91],[29.46,-15.66],[32.88,-16.81],[32.92,-19.96]]]}},{"type":"Feature","properties":{"n":"Estado Novo","f":1979,"t":2023,"w":"Q824489"},"geometry":{"type":"Polygon","coordinates":[[[11.93,-5.05],[12.66,-4.41],[12.95,-4.66],[12.44,-4.99],[12.44,-5.63],[12.0,-5.63],[11.93,-5.05]]]}},{"type":"Feature","properties":{"n":"Guatemala","f":1979,"t":1991,"w":"Q774"},"geometry":{"type":"Polygon","coordinates":[[[-90.15,13.72],[-92.23,14.49],[-91.63,16.04],[-90.33,16.23],[-91.27,17.06],[-90.94,17.77],[-89.17,17.77],[-89.11,15.91],[-88.19,15.65],[-90.15,13.72]]]}},{"type":"Feature","properties":{"n":"Kingdom of Bhutan","f":1979,"t":1982,"w":"Q917"},"geometry":{"type":"Polygon","coordinates":[[[92.09,27.35],[91.98,26.84],[90.0,26.71],[88.8,27.09],[89.89,28.32],[91.57,28.06],[91.67,27.48],[92.09,27.35]]]}},{"type":"Feature","properties":{"n":"Saint Lucia","f":1979,"t":2023,"w":"Q760"},"geometry":{"type":"Polygon","coordinates":[[[-60.94,13.66],[-61.04,14.04],[-60.8,13.72],[-60.94,13.66]]]}},{"type":"Feature","properties":{"n":"Islamic Republic of Pakistan","f":1979,"t":1982,"w":"Q843"},"geometry":{"type":"MultiPolygon","coordinates":[[[[90.11,21.95],[89.96,21.95],[90.05,22.08],[90.11,21.95]]],[[[76.8,34.81],[75.64,34.49],[73.9,34.61],[74.28,33.97],[74.08,33.14],[75.3,32.17],[74.63,31.91],[74.57,30.95],[71.89,27.99],[70.72,27.74],[70.39,28.06],[69.56,27.09],[69.51,26.77],[70.22,26.45],[70.19,25.74],[70.7,25.62],[71.05,24.33],[68.8,24.26],[67.63,23.81],[66.35,25.55],[61.65,25.1],[61.85,26.19],[63.11,26.64],[63.33,27.16],[62.82,27.29],[62.8,28.19],[61.87,28.57],[61.0,29.79],[62.3,29.41],[66.15,29.79],[66.44,30.95],[66.88,31.27],[67.72,31.27],[68.12,31.79],[69.09,31.66],[69.54,33.07],[70.26,33.2],[69.99,34.04],[70.73,33.91],[71.2,34.29],[71.05,34.61],[71.68,35.32],[71.39,36.29],[72.38,36.8],[75.31,37.0],[75.96,36.55],[76.09,35.9],[77.05,35.45],[76.8,34.81]],[[69.82,28.25],[69.83,28.32],[69.76,28.32],[69.82,28.25]]]]}},{"type":"Feature","properties":{"n":"Islamic Republic of Iran","f":1979,"t":1982,"w":"Q794"},"geometry":{"type":"Polygon","coordinates":[[[49.09,37.51],[51.26,36.61],[54.03,36.87],[54.04,37.32],[55.2,38.03],[56.58,38.29],[61.14,36.61],[61.34,35.77],[60.57,34.23],[60.53,33.65],[60.89,33.52],[60.62,32.88],[60.84,31.59],[61.92,31.21],[60.93,29.79],[61.87,28.57],[62.8,28.19],[62.82,27.29],[63.33,27.16],[63.28,26.77],[61.85,26.19],[61.66,25.16],[57.96,25.55],[57.11,26.07],[56.71,27.16],[55.44,26.52],[55.54,26.77],[55.24,26.77],[54.83,26.45],[53.66,26.71],[51.32,27.99],[50.06,30.18],[48.39,30.12],[47.74,31.01],[47.98,31.72],[47.6,32.3],[46.23,32.94],[45.44,33.91],[46.25,35.84],[45.42,35.97],[45.1,36.42],[44.31,37.9],[44.07,39.38],[44.76,39.71],[45.87,38.87],[48.13,39.64],[48.06,38.8],[48.79,38.48],[49.09,37.51]]]}},{"type":"Feature","properties":{"n":"Solomon Islands","f":1979,"t":2023,"w":"Q685"},"geometry":{"type":"MultiPolygon","coordinates":[[[[157.12,-8.65],[157.17,-8.39],[157.31,-8.39],[157.12,-8.65]]],[[[156.82,-7.81],[157.49,-8.01],[157.95,-8.84],[156.82,-7.81]]],[[[159.31,-7.94],[159.74,-8.52],[158.58,-7.94],[158.33,-7.56],[159.31,-7.94]]],[[[156.54,-8.01],[156.35,-7.56],[156.57,-7.56],[156.54,-8.01]]],[[[155.81,-7.17],[155.59,-7.17],[155.57,-6.98],[155.81,-7.17]]],[[[156.79,-6.72],[157.36,-7.43],[156.77,-7.3],[156.27,-6.59],[156.79,-6.72]]],[[[160.12,-11.54],[160.46,-11.86],[160.24,-11.86],[160.12,-11.54]]],[[[165.64,-10.71],[166.07,-10.64],[166.08,-10.77],[165.64,-10.71]]],[[[161.94,-10.45],[162.3,-10.9],[161.7,-10.84],[161.11,-10.19],[161.94,-10.45]]],[[[160.51,-9.49],[160.71,-9.94],[159.42,-9.61],[159.67,-9.23],[160.51,-9.49]]],[[[160.86,-8.78],[161.49,-9.81],[160.61,-9.1],[160.44,-8.26],[160.86,-8.78]]]]}},{"type":"Feature","properties":{"n":"Afghanistan","f":1979,"t":1982,"w":"Q889"},"geometry":{"type":"MultiPolygon","coordinates":[[[[70.26,33.2],[69.54,33.07],[69.09,31.66],[68.12,31.79],[67.72,31.27],[66.88,31.27],[66.44,30.95],[66.15,29.79],[64.12,29.41],[60.93,29.79],[61.92,31.21],[60.84,31.59],[60.62,32.88],[60.89,33.52],[60.53,33.65],[60.57,34.23],[61.3,35.58],[62.25,35.32],[61.44,33.97],[61.67,32.36],[62.82,31.98],[65.42,31.59],[66.52,31.79],[68.12,32.88],[69.46,34.42],[70.45,34.04],[69.99,34.04],[70.26,33.2]]],[[[68.58,35.26],[68.44,33.97],[66.44,32.17],[62.2,32.75],[62.05,33.97],[62.72,35.32],[63.14,35.84],[64.3,36.16],[64.83,37.13],[65.71,37.51],[67.0,37.38],[66.75,36.67],[68.22,36.35],[68.58,35.26]]],[[[71.39,36.29],[71.68,35.32],[71.02,34.16],[69.2,36.22],[69.61,36.61],[70.83,36.55],[70.93,36.93],[68.07,37.0],[70.08,37.51],[70.71,38.42],[71.18,38.42],[71.57,37.84],[71.58,36.74],[73.33,37.45],[74.92,37.25],[71.39,36.29]]],[[[67.9,36.93],[67.45,37.0],[67.67,37.25],[67.9,36.93]]]]}},{"type":"Feature","properties":{"n":"Republic of Djibouti","f":1979,"t":1991,"w":"Q977"},"geometry":{"type":"Polygon","coordinates":[[[42.86,11.02],[41.9,10.89],[41.86,11.73],[42.33,12.44],[43.22,12.69],[43.48,11.99],[42.73,11.6],[43.24,11.47],[42.86,11.02]]]}},{"type":"Feature","properties":{"n":"New Hebrides","f":1979,"t":1982,"w":"Q752431"},"geometry":{"type":"MultiPolygon","coordinates":[[[[167.96,-16.43],[167.78,-16.3],[168.11,-16.11],[167.96,-16.43]]],[[[167.25,-16.24],[167.02,-15.85],[167.71,-16.3],[167.34,-16.62],[167.25,-16.24]]],[[[167.88,-15.46],[167.69,-15.59],[167.56,-15.34],[167.88,-15.46]]],[[[166.96,-14.95],[167.05,-15.66],[166.6,-15.66],[166.32,-14.69],[166.96,-14.95]]],[[[167.37,-14.44],[167.25,-14.18],[167.45,-14.11],[167.37,-14.44]]],[[[167.28,-13.99],[167.23,-13.73],[167.37,-13.66],[167.28,-13.99]]],[[[169.05,-19.51],[169.14,-19.32],[169.4,-19.71],[169.05,-19.51]]],[[[168.82,-18.94],[168.88,-18.61],[169.1,-18.61],[169.22,-19.06],[168.82,-18.94]]],[[[168.17,-17.84],[168.03,-17.59],[168.38,-17.52],[168.17,-17.84]]],[[[167.93,-16.62],[168.37,-16.88],[167.98,-16.81],[167.93,-16.62]]],[[[168.13,-15.59],[168.22,-15.98],[167.99,-15.91],[168.13,-15.59]]],[[[168.14,-15.27],[167.9,-15.21],[167.95,-15.08],[168.14,-15.27]]]]}},{"type":"Feature","properties":{"n":"Honduras","f":1979,"t":1991,"w":"Q783"},"geometry":{"type":"Polygon","coordinates":[[[-84.91,14.75],[-85.69,13.85],[-86.64,13.79],[-86.66,13.34],[-87.28,12.95],[-87.75,13.85],[-89.28,14.43],[-89.14,15.01],[-87.93,15.91],[-84.63,15.97],[-83.1,14.94],[-84.91,14.75]]]}},{"type":"Feature","properties":{"n":"Republic of Zimbabwe","f":1983,"t":2023,"w":"Q954"},"geometry":{"type":"Polygon","coordinates":[[[32.92,-19.96],[32.31,-21.38],[31.15,-22.47],[27.85,-21.57],[27.68,-20.67],[26.1,-19.64],[25.17,-18.04],[27.01,-17.91],[29.46,-15.66],[32.88,-16.81],[32.92,-19.96]]]}},{"type":"Feature","properties":{"n":"Federated Republic of Brazil","f":1983,"t":1986,"w":"Q155"},"geometry":{"type":"Polygon","coordinates":[[[-56.06,2.47],[-54.97,2.54],[-54.31,2.09],[-52.86,2.28],[-51.56,4.4],[-50.67,2.02],[-49.95,1.7],[-50.25,0.35],[-48.49,-0.23],[-48.93,-1.51],[-48.27,-0.74],[-47.4,-0.55],[-45.44,-1.64],[-44.93,-1.45],[-44.07,-2.54],[-43.19,-2.35],[-41.6,-2.93],[-39.92,-2.86],[-37.26,-4.86],[-35.37,-5.31],[-34.9,-6.79],[-35.41,-9.36],[-37.24,-11.09],[-38.13,-12.83],[-39.03,-13.28],[-39.28,-17.78],[-41.14,-22.15],[-41.91,-22.41],[-42.12,-22.99],[-44.74,-23.05],[-44.7,-23.37],[-45.48,-23.69],[-45.37,-24.02],[-46.09,-23.82],[-48.69,-25.49],[-48.8,-26.72],[-48.45,-27.42],[-48.88,-28.64],[-49.74,-29.22],[-50.88,-31.21],[-52.23,-32.18],[-53.45,-33.79],[-53.68,-33.46],[-53.28,-32.76],[-54.02,-31.99],[-55.68,-30.89],[-56.11,-31.09],[-56.88,-30.12],[-57.76,-30.32],[-55.82,-28.19],[-53.89,-27.1],[-53.77,-26.39],[-53.96,-25.69],[-54.71,-25.69],[-54.4,-24.02],[-55.57,-23.89],[-55.89,-22.34],[-58.02,-22.09],[-58.18,-19.77],[-57.63,-18.16],[-58.49,-17.26],[-58.46,-16.36],[-60.28,-16.17],[-60.78,-13.66],[-61.8,-13.6],[-65.11,-11.99],[-65.4,-9.81],[-66.64,-9.81],[-68.56,-11.09],[-70.32,-11.09],[-70.67,-10.96],[-70.64,-9.49],[-72.14,-10.06],[-72.54,-9.49],[-73.19,-9.42],[-73.09,-8.97],[-74.04,-7.69],[-73.25,-6.53],[-72.98,-5.24],[-72.01,-4.54],[-70.03,-4.09],[-69.46,-1.13],[-70.1,-0.36],[-70.19,0.41],[-69.24,0.74],[-69.97,1.19],[-69.97,1.7],[-67.85,1.76],[-67.49,2.09],[-66.69,0.86],[-65.67,0.99],[-65.53,0.67],[-63.41,2.28],[-64.07,2.47],[-64.82,4.27],[-62.91,3.56],[-62.7,4.08],[-60.89,4.59],[-60.68,5.17],[-60.1,5.17],[-60.16,4.53],[-59.57,3.95],[-60.07,2.47],[-59.34,1.38],[-58.9,1.19],[-57.44,1.96],[-55.99,1.96],[-56.06,2.47]]]}},{"type":"Feature","properties":{"n":"Union of Soviet Socialist Republics","f":1983,"t":1986,"w":"Q15180"},"geometry":{"type":"MultiPolygon","coordinates":[[[[59.16,45.24],[59.18,45.3],[59.26,45.3],[59.16,45.24]]],[[[33.52,44.45],[33.61,45.1],[32.6,45.43],[34.15,46.09],[35.02,45.3],[36.42,45.43],[33.52,44.45]]],[[[59.12,45.37],[59.2,45.37],[59.02,45.3],[59.12,45.37]]],[[[29.66,45.37],[29.58,45.37],[29.58,45.43],[29.66,45.37]]],[[[59.04,45.37],[58.87,45.37],[58.89,45.43],[59.04,45.37]]],[[[58.83,45.5],[58.91,45.5],[58.73,45.43],[58.83,45.5]]],[[[59.75,45.56],[59.77,45.63],[59.85,45.63],[59.75,45.56]]],[[[58.87,45.63],[58.89,45.69],[58.97,45.69],[58.87,45.63]]],[[[59.77,45.63],[59.68,45.63],[59.72,45.76],[59.77,45.63]]],[[[53.18,46.02],[53.17,45.96],[53.08,45.96],[53.18,46.02]]],[[[13.44,52.72],[13.69,52.59],[13.6,52.45],[13.44,52.72]]],[[[23.12,58.39],[21.9,57.9],[21.88,58.53],[23.12,58.39]]],[[[22.84,59.09],[22.9,58.81],[22.19,58.88],[22.84,59.09]]],[[[36.13,65.22],[35.5,65.0],[35.65,65.22],[36.13,65.22]]],[[[50.32,69.33],[49.7,68.88],[48.11,68.88],[48.24,69.41],[50.32,69.33]]],[[[51.35,79.91],[50.65,79.91],[50.97,80.19],[51.35,79.91]]],[[[59.55,80.19],[60.25,80.19],[59.31,79.91],[59.55,80.19]]],[[[50.16,80.37],[50.57,80.28],[49.96,80.09],[50.16,80.37]]],[[[53.79,80.19],[52.73,80.19],[52.95,80.47],[53.79,80.19]]],[[[47.56,80.19],[47.04,80.28],[47.16,80.47],[47.56,80.19]]],[[[54.72,80.47],[54.52,80.37],[54.6,80.47],[54.72,80.47]]],[[[58.31,80.94],[58.9,80.94],[58.22,80.56],[59.05,80.56],[58.18,80.09],[56.06,80.09],[56.37,80.47],[57.98,80.56],[58.31,80.94]]],[[[54.36,80.47],[54.75,80.65],[54.6,80.47],[54.36,80.47]]],[[[48.59,80.65],[50.93,80.94],[50.47,80.47],[47.85,80.09],[48.67,80.94],[48.59,80.65]]],[[[45.98,80.47],[45.92,80.56],[47.53,80.84],[45.98,80.47]]],[[[50.98,80.84],[51.86,80.75],[51.72,80.56],[50.77,80.56],[50.98,80.84]]],[[[47.76,80.65],[47.52,80.65],[48.07,80.94],[47.76,80.65]]],[[[57.57,81.63],[58.33,81.53],[56.72,81.04],[58.07,80.94],[57.83,80.65],[54.9,80.84],[57.57,81.63]]],[[[59.65,81.93],[59.68,81.83],[58.61,81.43],[58.8,81.93],[59.65,81.93]]],[[[68.55,33.78],[68.63,33.46],[68.38,33.39],[68.55,33.78]]],[[[70.52,36.55],[70.26,36.74],[70.93,36.93],[70.52,36.55]]],[[[60.51,44.58],[60.53,44.65],[60.77,44.65],[60.51,44.58]]],[[[60.45,44.65],[60.47,44.71],[60.55,44.71],[60.45,44.65]]],[[[59.8,45.76],[59.82,45.82],[59.91,45.82],[59.8,45.76]]],[[[59.92,46.15],[60.17,46.15],[59.8,46.02],[59.92,46.15]]],[[[59.82,46.09],[59.74,46.09],[59.72,46.28],[59.82,46.09]]],[[[60.74,46.15],[60.72,46.35],[60.8,46.35],[60.74,46.15]]],[[[60.23,46.35],[60.06,46.35],[60.08,46.41],[60.23,46.35]]],[[[60.41,46.41],[60.74,46.41],[60.39,46.35],[60.41,46.41]]],[[[60.0,46.41],[60.02,46.48],[60.1,46.48],[60.0,46.41]]],[[[60.41,46.41],[60.25,46.41],[60.27,46.48],[60.41,46.41]]],[[[47.38,43.02],[47.93,42.24],[49.51,40.61],[50.26,40.42],[49.4,40.1],[48.79,38.48],[48.06,38.8],[48.13,39.64],[46.67,38.93],[45.07,39.26],[44.42,40.03],[43.65,40.16],[43.58,41.13],[42.86,41.59],[41.58,41.52],[41.82,41.98],[41.33,42.89],[36.78,45.1],[36.75,45.43],[37.7,45.3],[38.37,46.35],[37.84,46.61],[39.13,46.94],[39.2,47.33],[35.63,46.68],[34.74,46.15],[32.68,46.09],[31.82,46.35],[32.03,46.74],[30.88,46.68],[29.58,45.43],[28.51,45.24],[28.13,45.5],[28.11,46.87],[26.85,48.26],[25.07,47.8],[20.58,48.59],[17.71,47.73],[17.06,47.99],[16.76,48.79],[14.94,48.99],[14.18,48.59],[12.53,49.52],[12.12,50.25],[14.33,51.05],[15.26,50.98],[16.34,50.65],[16.49,50.18],[17.17,50.45],[19.87,49.18],[22.78,49.12],[22.74,49.71],[24.08,50.58],[23.63,51.98],[23.15,52.25],[23.98,52.86],[23.5,54.0],[23.02,54.41],[19.82,54.48],[19.95,55.02],[21.09,55.09],[20.87,56.46],[21.6,57.63],[22.52,57.83],[23.58,57.01],[24.23,57.28],[24.27,58.25],[23.41,58.53],[23.41,59.29],[30.14,59.92],[28.65,60.28],[28.54,60.7],[27.97,60.56],[31.5,62.98],[30.05,63.7],[30.55,64.28],[29.62,64.86],[30.03,65.88],[29.05,66.77],[29.94,67.67],[28.42,68.42],[29.32,69.33],[31.91,70.02],[32.98,69.87],[32.9,69.56],[33.44,69.33],[36.13,69.26],[41.0,67.74],[41.39,67.15],[41.04,66.7],[38.68,66.03],[32.55,67.07],[33.0,66.55],[34.87,65.88],[34.44,65.37],[34.98,64.49],[37.39,63.91],[37.88,63.99],[37.89,64.35],[36.79,64.49],[36.36,65.0],[37.21,65.3],[38.21,64.79],[40.19,64.71],[39.54,65.37],[40.4,65.96],[41.96,66.55],[43.97,66.18],[44.37,67.0],[43.6,67.3],[44.17,68.27],[43.45,68.73],[45.88,68.57],[46.66,67.82],[44.93,67.44],[45.81,66.92],[47.37,66.92],[47.78,67.67],[53.28,69.03],[54.04,68.95],[53.87,68.42],[53.3,68.27],[58.39,69.03],[59.09,69.03],[59.4,68.88],[59.24,68.42],[59.74,68.42],[60.7,68.88],[60.09,69.72],[58.34,70.18],[59.07,70.57],[60.54,69.79],[63.93,69.72],[68.49,68.27],[68.95,68.95],[66.6,69.64],[67.17,70.18],[67.19,70.8],[66.53,71.03],[68.33,71.81],[69.96,73.49],[71.3,73.57],[71.11,73.08],[69.71,72.92],[72.94,72.76],[72.66,72.05],[71.81,71.5],[72.89,71.03],[72.5,69.03],[73.63,68.65],[73.07,67.74],[71.52,66.62],[70.4,66.4],[72.1,66.33],[74.65,67.74],[74.2,68.35],[74.59,68.88],[76.47,69.11],[77.31,68.65],[77.25,68.05],[77.88,68.35],[77.59,68.88],[76.63,69.18],[73.66,69.11],[73.41,69.72],[74.22,70.64],[72.89,71.42],[74.87,72.21],[74.86,72.92],[75.77,72.53],[75.27,71.81],[75.4,71.34],[77.19,71.27],[75.85,71.89],[77.23,72.05],[76.71,72.29],[77.48,72.69],[82.52,71.81],[82.13,72.29],[80.47,72.53],[80.55,73.16],[80.18,73.33],[80.89,73.73],[86.9,73.89],[87.0,74.46],[86.06,74.3],[87.32,75.12],[89.01,75.54],[95.91,76.38],[96.8,76.38],[96.22,76.04],[97.65,76.04],[99.11,76.3],[99.15,76.64],[100.8,76.55],[101.49,77.24],[102.94,77.67],[105.1,77.76],[106.29,77.58],[105.16,77.15],[107.59,77.06],[106.66,76.55],[112.07,76.81],[114.09,75.96],[113.31,75.12],[106.15,73.33],[105.53,72.92],[110.4,73.65],[110.73,73.81],[109.34,73.65],[110.12,74.14],[111.06,73.97],[112.12,74.63],[113.31,74.63],[113.61,74.54],[111.48,73.89],[112.53,73.73],[113.21,74.05],[113.6,73.81],[113.36,73.57],[118.9,73.73],[118.4,73.33],[120.56,73.0],[123.08,73.0],[123.21,73.57],[124.01,73.81],[128.08,73.57],[129.12,73.16],[128.74,72.92],[129.22,72.76],[128.74,72.53],[129.64,72.37],[128.87,71.66],[130.99,70.8],[132.46,71.97],[133.49,71.5],[139.7,71.58],[139.36,71.81],[139.8,72.21],[139.0,72.29],[141.34,72.92],[146.82,72.53],[146.53,72.13],[147.41,72.45],[149.62,72.29],[150.1,71.97],[148.95,71.74],[151.81,71.42],[152.49,70.88],[155.5,71.19],[159.39,70.95],[160.15,70.64],[159.78,69.87],[160.89,69.64],[166.9,69.56],[169.01,70.1],[169.63,69.95],[169.11,69.56],[168.35,69.64],[168.28,69.33],[170.45,68.88],[170.96,69.26],[169.96,69.64],[170.68,70.18],[171.8,70.18],[176.31,69.95],[180.0,69.11],[180.0,65.08],[177.34,64.49],[178.45,64.42],[178.89,63.91],[178.58,63.62],[179.4,63.34],[179.61,62.69],[179.0,62.33],[177.06,62.62],[173.58,61.69],[170.68,60.49],[170.28,59.92],[169.06,60.63],[166.99,60.35],[166.07,59.78],[166.19,60.49],[164.79,59.78],[163.64,60.0],[161.97,58.04],[163.38,57.83],[162.71,57.28],[163.46,56.39],[162.57,56.05],[162.58,56.46],[161.95,55.98],[161.77,55.23],[162.21,54.89],[160.06,54.21],[159.83,53.8],[160.13,53.26],[158.78,52.99],[158.3,51.98],[156.78,50.98],[156.39,51.25],[155.43,54.68],[155.7,56.52],[156.85,57.35],[156.86,57.9],[158.4,58.18],[161.99,60.56],[163.63,60.98],[163.35,60.98],[163.88,61.34],[163.62,61.41],[163.86,62.12],[164.55,62.69],[163.3,62.55],[163.07,61.9],[163.42,61.83],[163.0,61.55],[162.27,61.62],[160.17,60.63],[160.23,61.05],[159.67,60.98],[160.28,61.9],[157.1,61.69],[154.25,59.85],[154.14,59.5],[155.22,59.43],[154.93,59.16],[151.23,58.88],[152.05,59.29],[149.42,59.78],[148.61,59.22],[143.08,59.36],[140.9,58.39],[137.43,55.98],[135.2,54.95],[136.92,54.68],[136.68,53.87],[137.69,54.34],[137.32,54.07],[137.86,54.0],[137.27,53.6],[138.1,53.73],[138.73,54.34],[140.03,54.34],[141.46,53.33],[141.15,52.52],[141.56,52.25],[140.65,51.25],[140.25,48.59],[135.11,43.47],[133.27,42.69],[131.91,43.28],[130.77,42.43],[130.47,42.69],[131.27,43.28],[130.91,44.71],[131.7,45.24],[132.98,45.1],[134.68,47.66],[134.52,48.39],[132.12,47.66],[130.85,47.73],[130.57,48.85],[127.48,49.78],[126.31,52.45],[125.55,53.12],[123.85,53.53],[120.86,53.26],[119.9,52.65],[120.53,52.59],[120.67,52.05],[119.65,51.11],[119.28,50.11],[117.83,49.52],[114.01,50.25],[112.73,49.52],[110.75,49.18],[108.59,49.32],[106.46,50.38],[103.3,50.18],[102.3,50.58],[101.91,51.51],[98.93,52.12],[97.84,51.11],[98.13,50.11],[97.43,49.78],[94.87,49.98],[94.13,50.58],[92.27,50.85],[89.49,49.65],[86.87,49.12],[86.6,48.59],[85.64,48.32],[85.74,47.33],[85.14,46.94],[83.04,47.2],[82.31,45.56],[82.55,45.17],[79.95,44.97],[80.41,44.71],[80.79,43.28],[80.14,42.04],[78.03,41.07],[76.89,41.0],[76.27,40.36],[75.49,40.61],[73.93,39.97],[73.77,38.67],[74.87,38.42],[74.92,37.25],[73.33,37.45],[71.58,36.74],[71.57,37.84],[71.18,38.42],[70.71,38.42],[70.27,37.64],[69.05,37.19],[68.81,35.9],[69.23,34.74],[70.52,34.36],[69.11,34.55],[68.72,34.23],[69.03,34.87],[68.36,36.29],[66.51,36.67],[66.17,36.22],[66.09,36.87],[66.83,37.0],[66.75,37.32],[65.71,37.51],[64.58,36.03],[63.14,35.84],[62.47,35.26],[61.99,33.65],[62.16,32.56],[64.96,31.98],[66.14,32.17],[64.37,31.72],[61.69,32.49],[61.39,33.33],[61.9,34.36],[60.95,34.61],[62.03,34.61],[62.23,35.19],[61.3,35.58],[61.14,36.61],[56.58,38.29],[53.96,37.32],[53.99,39.0],[53.14,39.45],[53.54,39.51],[53.5,40.03],[52.79,40.03],[52.7,40.36],[52.89,40.87],[54.37,40.74],[54.73,41.26],[54.09,41.59],[53.91,42.17],[53.19,42.17],[52.72,41.52],[52.44,42.04],[52.79,42.82],[51.44,43.21],[50.88,44.25],[50.19,44.45],[51.42,44.52],[51.02,44.84],[51.47,45.37],[54.3,44.97],[54.29,45.56],[53.06,45.56],[53.35,46.35],[53.11,47.01],[50.84,47.14],[47.57,45.76],[46.63,44.45],[47.34,43.99],[47.38,43.02]],[[103.57,51.58],[105.74,51.65],[106.4,52.32],[108.83,53.26],[109.64,54.27],[109.99,55.84],[109.32,55.77],[107.93,53.87],[106.49,52.79],[104.91,51.92],[103.57,51.58]],[[74.32,45.96],[75.45,46.55],[78.46,46.28],[79.33,46.81],[74.6,46.87],[73.63,46.28],[73.33,45.5],[73.86,44.97],[74.32,45.96]],[[77.69,42.11],[78.66,42.76],[76.53,42.63],[77.69,42.11]],[[68.16,37.06],[68.04,36.87],[68.67,36.61],[68.68,37.25],[68.16,37.06]],[[67.43,36.93],[67.9,36.93],[67.81,37.19],[67.43,36.93]],[[67.14,37.0],[67.34,37.19],[66.98,37.32],[67.14,37.0]],[[61.58,44.91],[61.72,45.37],[61.34,45.43],[61.25,45.96],[61.7,46.87],[60.12,46.81],[59.31,46.02],[58.64,45.96],[58.07,44.84],[58.17,43.73],[60.29,43.54],[61.58,44.91]],[[53.69,44.84],[53.74,45.04],[53.3,44.91],[53.17,44.39],[53.69,44.84]],[[35.2,60.91],[35.57,60.91],[36.08,61.12],[36.22,61.69],[35.29,62.4],[35.27,63.05],[34.12,63.34],[34.05,63.05],[34.99,62.69],[34.88,62.26],[34.43,62.69],[34.02,62.55],[33.96,61.9],[35.26,61.55],[35.2,60.91]],[[32.17,60.91],[31.02,61.62],[29.86,61.34],[30.38,59.78],[31.82,60.14],[32.17,60.91]],[[24.74,54.27],[24.73,54.21],[24.82,54.21],[24.74,54.27]],[[24.92,54.34],[24.84,54.34],[24.83,54.27],[24.92,54.34]]],[[[79.18,73.16],[79.66,73.0],[79.36,72.69],[78.57,72.84],[79.18,73.16]]],[[[74.58,72.84],[73.98,73.0],[74.4,73.25],[74.58,72.84]]],[[[76.03,73.65],[75.39,73.41],[75.61,73.65],[76.03,73.65]]],[[[59.23,74.63],[55.95,73.08],[56.32,73.0],[55.5,72.53],[55.43,72.05],[56.11,71.27],[57.62,70.88],[57.49,70.64],[53.85,70.72],[53.25,71.5],[52.85,70.95],[52.2,71.27],[52.43,71.5],[51.25,71.81],[52.77,72.69],[52.34,72.84],[54.14,73.41],[53.7,73.89],[56.11,74.79],[56.29,75.04],[55.75,75.04],[56.09,75.37],[56.73,75.2],[59.33,76.04],[64.23,76.38],[66.97,77.06],[69.14,76.89],[69.03,76.55],[67.83,76.21],[63.65,75.71],[59.23,74.63]]],[[[84.51,74.54],[84.92,74.63],[84.65,74.38],[84.51,74.54]]],[[[85.78,74.63],[86.6,74.87],[86.21,74.63],[85.78,74.63]]],[[[85.44,74.71],[85.12,74.71],[85.41,74.87],[85.44,74.71]]],[[[82.04,75.54],[82.36,75.54],[82.19,75.29],[81.76,75.29],[82.04,75.54]]],[[[89.52,77.41],[89.97,77.41],[89.62,77.15],[89.18,77.15],[89.52,77.41]]],[[[100.5,80.0],[99.8,79.18],[100.36,79.09],[99.83,78.82],[93.26,79.45],[94.78,80.09],[92.94,79.63],[91.35,79.91],[92.78,80.09],[93.18,80.37],[92.6,80.37],[93.55,81.04],[95.77,81.33],[98.05,80.94],[97.36,80.56],[98.56,80.19],[98.27,80.0],[100.5,80.0]]],[[[60.62,81.13],[61.9,81.23],[61.76,80.94],[62.62,80.84],[61.92,80.47],[59.4,80.56],[60.62,81.13]]],[[[80.32,80.75],[79.14,80.75],[80.8,81.04],[80.32,80.75]]],[[[65.9,81.04],[65.26,80.75],[62.89,80.75],[65.9,81.04]]],[[[91.82,81.33],[91.94,81.33],[91.27,80.94],[90.21,81.04],[91.82,81.33]]],[[[60.2,81.33],[60.32,81.33],[60.14,81.13],[60.2,81.33]]],[[[63.4,81.43],[62.66,81.53],[63.06,81.83],[63.81,81.73],[63.4,81.43]]],[[[146.74,43.73],[146.5,43.73],[146.74,43.93],[146.74,43.73]]],[[[146.51,44.45],[145.29,43.73],[146.08,44.52],[146.51,44.45]]],[[[148.96,45.56],[146.78,44.39],[147.88,45.43],[148.96,45.56]]],[[[149.81,45.69],[149.37,45.56],[149.89,46.09],[150.55,46.28],[149.81,45.69]]],[[[151.83,46.81],[151.58,46.81],[151.96,47.14],[152.34,47.2],[151.83,46.81]]],[[[144.67,48.99],[144.74,48.79],[144.46,48.65],[144.67,48.99]]],[[[154.42,49.25],[154.9,49.65],[154.73,49.32],[154.42,49.25]]],[[[143.07,51.98],[144.43,49.18],[142.96,49.12],[142.5,47.93],[143.62,46.41],[143.3,46.22],[143.24,46.55],[142.53,46.68],[141.89,45.89],[141.66,46.41],[142.15,48.19],[141.75,48.79],[142.15,51.05],[141.46,51.98],[141.85,52.79],[141.72,53.33],[142.54,53.53],[142.31,54.21],[142.69,54.48],[143.08,54.27],[143.33,52.65],[143.07,51.98]]],[[[155.82,50.71],[156.54,50.91],[155.84,50.25],[155.13,50.05],[155.82,50.71]]],[[[108.87,53.53],[108.52,53.53],[108.6,53.73],[109.02,53.94],[108.87,53.53]]],[[[167.26,54.75],[167.87,54.89],[167.78,54.61],[167.26,54.75]]],[[[137.42,54.41],[137.14,54.89],[138.02,55.23],[137.42,54.41]]],[[[136.87,54.89],[136.53,54.89],[137.25,55.16],[136.87,54.89]]],[[[166.32,55.43],[166.74,54.82],[165.96,54.89],[165.7,55.29],[166.32,55.43]]],[[[163.69,59.02],[164.81,59.29],[164.48,58.88],[163.27,58.53],[163.69,59.02]]],[[[142.7,73.97],[143.61,73.49],[139.52,73.33],[141.11,73.97],[142.7,73.97]]],[[[136.32,74.22],[136.43,74.22],[136.06,73.89],[135.28,74.05],[136.32,74.22]]],[[[140.89,73.97],[139.83,73.97],[140.37,74.38],[141.24,74.22],[140.89,73.97]]],[[[147.94,74.79],[146.07,75.2],[146.68,75.71],[151.17,75.2],[150.09,74.79],[147.94,74.79]]],[[[142.34,75.45],[143.59,75.96],[145.58,75.71],[143.46,74.87],[141.73,75.04],[139.22,74.63],[136.86,75.2],[137.23,75.45],[137.01,75.62],[138.79,76.3],[140.13,75.87],[142.14,76.21],[142.72,75.96],[142.34,75.45]]],[[[135.33,75.37],[135.59,75.79],[136.14,75.96],[136.41,75.71],[135.33,75.37]]],[[[97.36,76.46],[96.56,76.13],[97.02,76.38],[97.36,76.46]]],[[[97.59,76.55],[97.37,76.55],[97.84,76.81],[97.59,76.55]]],[[[149.13,76.64],[148.69,76.64],[149.63,76.81],[149.13,76.64]]],[[[149.18,76.81],[149.49,76.89],[149.71,76.89],[149.18,76.81]]],[[[96.91,77.32],[95.53,76.98],[96.0,77.24],[96.91,77.32]]],[[[99.41,78.02],[101.97,79.45],[103.59,79.45],[102.72,78.91],[104.57,79.27],[106.0,78.73],[104.7,78.29],[99.41,78.02]]]]}},{"type":"Feature","properties":{"n":"Vanuatu","f":1983,"t":2023,"w":"Q686"},"geometry":{"type":"MultiPolygon","coordinates":[[[[167.96,-16.43],[167.78,-16.3],[168.11,-16.11],[167.96,-16.43]]],[[[167.25,-16.24],[167.02,-15.85],[167.71,-16.3],[167.34,-16.62],[167.25,-16.24]]],[[[167.88,-15.46],[167.69,-15.59],[167.56,-15.34],[167.88,-15.46]]],[[[166.96,-14.95],[167.05,-15.66],[166.6,-15.66],[166.32,-14.69],[166.96,-14.95]]],[[[167.37,-14.44],[167.25,-14.18],[167.45,-14.11],[167.37,-14.44]]],[[[167.28,-13.99],[167.23,-13.73],[167.37,-13.66],[167.28,-13.99]]],[[[169.05,-19.51],[169.14,-19.32],[169.4,-19.71],[169.05,-19.51]]],[[[168.82,-18.94],[168.88,-18.61],[169.1,-18.61],[169.22,-19.06],[168.82,-18.94]]],[[[168.17,-17.84],[168.03,-17.59],[168.38,-17.52],[168.17,-17.84]]],[[[167.93,-16.62],[168.37,-16.88],[167.98,-16.81],[167.93,-16.62]]],[[[168.13,-15.59],[168.22,-15.98],[167.99,-15.91],[168.13,-15.59]]],[[[168.14,-15.27],[167.9,-15.21],[167.95,-15.08],[168.14,-15.27]]]]}},{"type":"Feature","properties":{"n":"Republic of India","f":1983,"t":1986,"w":"Q668"},"geometry":{"type":"MultiPolygon","coordinates":[[[[93.51,7.23],[93.74,7.42],[93.92,6.84],[93.51,7.23]]],[[[93.49,8.06],[93.48,7.87],[93.26,7.87],[93.49,8.06]]],[[[92.29,10.57],[92.39,10.89],[92.61,10.89],[92.29,10.57]]],[[[92.85,13.53],[93.08,13.59],[93.04,12.44],[92.52,11.6],[92.85,13.53]]],[[[83.08,27.42],[84.43,27.42],[85.27,26.71],[87.24,26.39],[88.16,26.52],[88.14,27.87],[88.48,28.06],[88.95,27.8],[88.8,27.09],[89.13,26.84],[91.82,26.77],[92.09,27.35],[91.72,27.74],[92.58,27.87],[94.58,29.28],[95.44,29.09],[96.2,29.41],[96.62,28.96],[96.4,28.38],[97.42,28.25],[97.0,27.74],[97.16,27.16],[96.21,27.29],[95.16,26.58],[94.13,23.88],[93.4,24.01],[93.02,22.01],[92.59,22.14],[92.23,23.69],[91.75,22.98],[91.22,23.43],[92.45,24.97],[90.1,25.23],[89.82,26.13],[89.34,26.0],[88.4,26.58],[88.18,25.81],[88.99,25.29],[88.11,24.52],[88.81,24.2],[89.11,21.69],[88.73,21.63],[88.64,22.08],[88.35,21.56],[88.1,21.95],[87.07,21.44],[87.03,20.6],[86.42,19.89],[85.37,19.83],[84.38,18.41],[82.45,17.13],[82.38,16.55],[80.38,15.71],[80.09,15.07],[80.43,13.27],[79.88,11.99],[79.9,10.25],[79.32,10.25],[78.96,9.22],[77.28,8.06],[76.32,9.16],[76.36,9.8],[73.42,16.04],[72.53,22.27],[72.11,21.89],[72.18,21.18],[70.72,20.66],[68.95,22.21],[70.43,22.85],[69.23,22.79],[68.16,23.81],[68.8,24.26],[71.05,24.33],[70.7,25.62],[70.19,25.74],[70.22,26.45],[69.51,26.77],[69.56,27.09],[70.39,28.06],[70.72,27.74],[71.89,27.99],[74.57,30.95],[74.63,31.91],[75.3,32.17],[74.08,33.14],[74.09,34.74],[75.64,34.49],[78.1,35.32],[78.16,34.68],[79.05,34.29],[78.81,33.65],[79.36,33.14],[79.02,32.36],[78.53,32.56],[78.77,31.34],[81.01,30.18],[80.1,28.77],[83.08,27.42]],[[75.52,32.11],[75.5,32.04],[75.58,32.04],[75.52,32.11]]],[[[63.84,29.54],[63.83,29.47],[63.75,29.47],[63.84,29.54]]],[[[66.34,29.99],[66.33,29.92],[66.25,29.92],[66.34,29.99]]]]}},{"type":"Feature","properties":{"n":"State of Israel","f":1983,"t":1986,"w":"Q801"},"geometry":{"type":"Polygon","coordinates":[[[34.3,31.34],[35.44,33.84],[35.95,33.59],[34.92,29.54],[34.3,31.34]],[[34.92,32.36],[34.85,32.36],[34.92,32.3],[34.92,32.36]]]}},{"type":"Feature","properties":{"n":"Syria","f":1983,"t":1986,"w":"Q41137"},"geometry":{"type":"Polygon","coordinates":[[[36.83,32.3],[35.8,32.75],[35.78,33.39],[36.64,34.29],[35.93,34.87],[35.88,35.9],[36.62,36.29],[36.68,36.8],[39.54,36.67],[42.26,37.25],[42.11,36.74],[41.29,36.42],[41.04,34.42],[36.83,32.3]]]}},{"type":"Feature","properties":{"n":"Arab Republic of Egypt","f":1983,"t":2023,"w":"Q79"},"geometry":{"type":"Polygon","coordinates":[[[31.88,31.46],[32.0,31.08],[34.3,31.27],[34.92,29.54],[34.35,27.74],[33.19,28.51],[32.44,29.79],[35.15,24.65],[35.86,24.01],[35.55,23.69],[35.81,22.91],[36.96,21.95],[25.06,21.95],[24.86,31.4],[26.85,31.46],[28.87,30.82],[30.97,31.66],[31.88,31.46]]]}},{"type":"Feature","properties":{"n":"Kingdom of Bhutan","f":1983,"t":2023,"w":"Q917"},"geometry":{"type":"Polygon","coordinates":[[[91.57,28.06],[92.07,26.9],[89.13,26.84],[88.8,27.09],[89.55,28.12],[91.57,28.06]]]}},{"type":"Feature","properties":{"n":"Islamic Republic of Pakistan","f":1983,"t":1986,"w":"Q843"},"geometry":{"type":"MultiPolygon","coordinates":[[[[90.11,21.95],[89.96,21.95],[90.05,22.08],[90.11,21.95]]],[[[76.8,34.81],[75.64,34.49],[73.9,34.61],[74.28,33.97],[74.08,33.14],[75.3,32.17],[74.63,31.91],[74.57,30.95],[71.89,27.99],[70.72,27.74],[70.39,28.06],[69.56,27.09],[69.51,26.77],[70.22,26.45],[70.19,25.74],[70.7,25.62],[71.05,24.33],[68.8,24.26],[67.63,23.81],[66.35,25.55],[61.65,25.1],[61.85,26.19],[63.11,26.64],[63.33,27.16],[62.82,27.29],[62.8,28.19],[61.87,28.57],[61.0,29.79],[64.12,29.41],[66.33,29.92],[66.44,30.95],[66.88,31.27],[67.72,31.27],[68.12,31.79],[69.09,31.66],[69.54,33.07],[70.26,33.2],[69.99,34.04],[71.19,34.23],[71.05,34.61],[71.68,35.32],[71.39,36.29],[72.38,36.8],[75.31,37.0],[75.96,36.55],[76.09,35.9],[77.17,35.32],[76.8,34.81]],[[69.82,28.25],[69.83,28.32],[69.76,28.32],[69.82,28.25]]]]}},{"type":"Feature","properties":{"n":"Islamic Republic of Iran","f":1983,"t":1986,"w":"Q794"},"geometry":{"type":"Polygon","coordinates":[[[49.09,37.51],[51.26,36.61],[54.03,36.87],[54.04,37.32],[55.2,38.03],[56.58,38.29],[61.14,36.61],[61.34,35.77],[60.57,34.23],[60.89,33.52],[60.62,32.88],[60.84,31.59],[61.92,31.21],[60.93,29.79],[61.87,28.57],[62.8,28.19],[62.82,27.29],[63.33,27.16],[63.28,26.77],[61.85,26.19],[61.66,25.16],[57.96,25.55],[57.11,26.07],[56.71,27.16],[55.44,26.52],[55.54,26.77],[55.24,26.77],[54.83,26.45],[53.66,26.71],[51.32,27.99],[50.06,30.18],[48.39,30.12],[47.72,30.82],[47.98,31.72],[47.6,32.3],[46.23,32.94],[45.44,33.91],[46.25,35.84],[45.42,35.97],[45.1,36.42],[44.31,37.9],[44.07,39.38],[44.76,39.71],[45.87,38.87],[48.13,39.64],[48.06,38.8],[48.79,38.48],[49.09,37.51]]]}},{"type":"Feature","properties":{"n":"Afghanistan","f":1983,"t":1986,"w":"Q889"},"geometry":{"type":"MultiPolygon","coordinates":[[[[71.39,36.29],[71.68,35.32],[71.05,34.61],[71.19,34.23],[69.99,34.04],[70.26,33.2],[69.54,33.07],[69.09,31.66],[68.12,31.79],[67.72,31.27],[66.88,31.27],[65.99,29.73],[62.3,29.41],[60.93,29.79],[61.92,31.21],[60.84,31.59],[60.62,32.88],[60.89,33.52],[60.49,33.84],[60.78,34.55],[61.9,34.36],[61.39,33.33],[61.87,32.24],[64.37,31.72],[66.11,32.04],[63.19,32.3],[62.16,32.56],[61.88,33.07],[62.47,35.26],[63.14,35.84],[64.58,36.03],[65.71,37.51],[66.75,37.32],[66.83,37.0],[66.09,36.87],[66.17,36.22],[66.51,36.67],[68.36,36.29],[69.03,34.87],[68.72,34.23],[69.11,34.55],[70.52,34.36],[69.23,34.74],[68.81,35.9],[69.05,37.19],[70.27,37.64],[70.71,38.42],[71.18,38.42],[71.57,37.84],[71.58,36.74],[73.33,37.45],[74.92,37.25],[71.39,36.29]],[[70.55,36.93],[70.26,36.74],[70.85,36.61],[70.93,36.93],[70.55,36.93]],[[68.63,33.46],[68.55,33.78],[68.29,33.65],[68.63,33.46]]],[[[62.19,35.39],[62.03,34.61],[61.07,34.81],[61.3,35.58],[62.19,35.39]]],[[[68.04,36.87],[68.76,37.25],[68.67,36.61],[68.04,36.87]]],[[[67.43,36.93],[67.81,37.19],[67.9,36.93],[67.43,36.93]]],[[[67.0,37.06],[66.98,37.32],[67.34,37.19],[67.0,37.06]]]]}},{"type":"Feature","properties":{"n":"Lebanon","f":1983,"t":1986,"w":"Q139708"},"geometry":{"type":"MultiPolygon","coordinates":[[[[35.45,33.91],[35.52,33.91],[35.52,33.84],[35.45,33.91]]],[[[36.06,34.61],[36.64,34.29],[35.95,33.59],[35.52,33.91],[36.06,34.61]]]]}},{"type":"Feature","properties":{"n":"Kingdom of Jordan","f":1983,"t":1986,"w":"Q810"},"geometry":{"type":"Polygon","coordinates":[[[37.96,30.56],[37.53,29.99],[36.03,29.15],[34.91,29.34],[35.8,32.75],[36.83,32.3],[38.84,33.33],[39.26,32.17],[37.14,31.53],[37.96,30.56]]]}},{"type":"Feature","properties":{"n":"Iraqi Republic","f":1983,"t":1986,"w":"Q796"},"geometry":{"type":"Polygon","coordinates":[[[45.42,35.97],[46.25,35.84],[45.44,33.91],[46.23,32.94],[47.6,32.3],[47.98,31.72],[47.72,30.82],[48.6,29.99],[47.24,30.05],[46.46,29.09],[45.67,29.54],[44.51,29.28],[41.98,31.21],[39.26,32.17],[38.89,33.01],[39.02,33.52],[41.04,34.42],[41.29,36.42],[42.74,37.32],[44.8,37.06],[45.42,35.97]]]}},{"type":"Feature","properties":{"n":"Belize","f":1983,"t":2023,"w":"Q242"},"geometry":{"type":"Polygon","coordinates":[[[-89.11,15.91],[-89.17,17.77],[-88.39,18.48],[-88.03,18.03],[-88.24,16.49],[-89.11,15.91]]]}},{"type":"Feature","properties":{"n":"Islamic Republic of Pakistan","f":1987,"t":1995,"w":"Q843"},"geometry":{"type":"MultiPolygon","coordinates":[[[[90.11,21.95],[89.96,21.95],[90.05,22.08],[90.11,21.95]]],[[[66.35,25.55],[61.65,25.1],[61.85,26.19],[63.11,26.64],[63.33,27.16],[62.82,27.29],[62.8,28.19],[61.87,28.57],[61.0,29.79],[62.3,29.41],[65.99,29.73],[66.88,31.27],[67.72,31.27],[68.12,31.79],[69.09,31.66],[69.54,33.07],[70.26,33.2],[69.99,34.04],[71.19,34.23],[71.05,34.61],[71.68,35.32],[71.39,36.29],[72.38,36.8],[74.55,37.06],[75.78,36.74],[75.97,36.03],[77.07,35.52],[77.12,35.13],[75.64,34.49],[73.9,34.61],[74.28,33.97],[74.08,33.14],[75.35,32.36],[74.63,31.91],[74.57,30.95],[71.89,27.99],[70.72,27.74],[70.39,28.06],[69.56,27.09],[69.51,26.77],[70.22,26.45],[70.19,25.74],[70.7,25.62],[71.05,24.33],[68.8,24.26],[67.63,23.81],[66.35,25.55]],[[69.82,28.25],[69.83,28.32],[69.76,28.32],[69.82,28.25]]]]}},{"type":"Feature","properties":{"n":"Islamic Republic of Iran","f":1987,"t":1989,"w":"Q794"},"geometry":{"type":"Polygon","coordinates":[[[49.09,37.51],[51.26,36.61],[54.03,36.87],[54.04,37.32],[55.2,38.03],[56.58,38.29],[61.14,36.61],[61.34,35.77],[60.57,34.23],[60.53,33.65],[60.89,33.52],[60.62,32.88],[60.84,31.59],[61.92,31.21],[60.93,29.79],[61.87,28.57],[62.8,28.19],[62.82,27.29],[63.33,27.16],[63.28,26.77],[61.85,26.19],[61.66,25.16],[57.96,25.55],[57.11,26.07],[56.71,27.16],[55.44,26.52],[55.54,26.77],[55.24,26.77],[54.83,26.45],[53.66,26.71],[51.32,27.99],[50.06,30.18],[48.94,30.31],[48.6,29.99],[48.0,30.69],[47.55,30.69],[47.98,31.72],[45.44,33.91],[46.25,35.84],[45.06,36.16],[44.07,39.38],[44.76,39.71],[45.87,38.87],[48.13,39.64],[48.06,38.8],[48.79,38.48],[49.09,37.51]]]}},{"type":"Feature","properties":{"n":"People's Democratic Republic of Yemen","f":1987,"t":1989,"w":"Q199841"},"geometry":{"type":"MultiPolygon","coordinates":[[[[53.48,12.76],[54.5,12.63],[54.19,12.31],[53.32,12.5],[53.48,12.76]]],[[[52.1,15.46],[49.41,14.69],[48.79,14.04],[45.74,13.34],[45.05,12.76],[43.59,12.69],[45.18,13.91],[46.0,14.04],[46.16,14.36],[45.61,15.14],[48.0,18.09],[49.0,18.61],[52.13,18.93],[53.22,16.68],[52.38,16.29],[52.1,15.46]]]]}},{"type":"Feature","properties":{"n":"Lebanon","f":1987,"t":2005,"w":"Q139708"},"geometry":{"type":"Polygon","coordinates":[[[35.64,34.36],[36.37,34.68],[36.63,34.16],[35.22,33.14],[35.64,34.36]],[[35.6,33.91],[35.52,33.91],[35.59,33.84],[35.6,33.91]]]}},{"type":"Feature","properties":{"n":"Micronesia","f":1987,"t":2023,"w":"Q3359409"},"geometry":{"type":"MultiPolygon","coordinates":[[[[158.25,6.71],[158.1,6.71],[158.18,6.84],[158.25,6.71]]],[[[158.32,6.78],[158.25,6.78],[158.26,6.91],[158.32,6.78]]],[[[158.04,6.84],[158.12,6.97],[158.26,6.91],[158.04,6.84]]]]}},{"type":"Feature","properties":{"n":"Sultanate of Brunei","f":1987,"t":2023,"w":"Q887803"},"geometry":{"type":"Polygon","coordinates":[[[115.17,4.98],[115.28,4.4],[114.87,4.85],[114.46,4.08],[114.06,4.66],[115.17,4.98]]]}},{"type":"Feature","properties":{"n":"Iraqi Republic","f":1987,"t":1989,"w":"Q796"},"geometry":{"type":"Polygon","coordinates":[[[45.06,36.16],[46.25,35.84],[45.44,33.91],[46.23,32.94],[47.6,32.3],[47.98,31.72],[47.55,30.69],[48.0,30.69],[48.6,29.99],[47.24,30.05],[46.46,29.09],[45.67,29.54],[44.51,29.28],[41.98,31.21],[39.26,32.17],[38.89,33.01],[39.02,33.52],[41.04,34.42],[41.29,36.42],[42.74,37.32],[44.8,37.06],[45.06,36.16]]]}},{"type":"Feature","properties":{"n":"Mujahideen","f":1987,"t":1989,"w":"Q42759"},"geometry":{"type":"Polygon","coordinates":[[[71.68,35.32],[71.05,34.61],[71.19,34.23],[69.99,34.04],[70.26,33.2],[69.54,33.07],[69.09,31.66],[68.12,31.79],[67.72,31.27],[66.88,31.27],[65.99,29.73],[62.3,29.41],[60.93,29.79],[61.92,31.21],[60.84,31.59],[60.62,32.88],[60.89,33.52],[60.53,33.65],[60.57,34.23],[61.3,35.58],[62.46,35.19],[63.97,36.1],[67.9,36.61],[68.81,35.58],[69.09,34.49],[69.26,35.52],[68.81,35.9],[69.07,36.93],[70.37,37.45],[70.72,38.16],[71.58,37.58],[71.58,36.74],[73.33,37.45],[74.92,37.25],[71.39,36.29],[71.68,35.32]],[[70.93,36.93],[70.26,36.74],[70.52,36.55],[70.93,36.93]],[[62.09,34.55],[61.96,34.29],[62.27,34.29],[62.09,34.55]],[[70.08,34.42],[70.43,34.29],[70.42,34.55],[70.08,34.42]],[[68.38,33.39],[68.63,33.46],[68.55,33.78],[68.38,33.39]],[[61.52,33.59],[61.54,33.33],[61.85,33.33],[61.52,33.59]]]}},{"type":"Feature","properties":{"n":"North Yemen","f":1987,"t":1989,"w":"Q1998401"},"geometry":{"type":"MultiPolygon","coordinates":[[[[46.97,17.0],[46.38,15.71],[45.61,15.14],[46.16,14.36],[46.0,14.04],[45.18,13.91],[43.51,12.69],[42.71,15.78],[43.31,17.45],[46.97,17.0]]],[[[42.01,16.61],[42.02,16.81],[42.17,16.81],[42.01,16.61]]]]}},{"type":"Feature","properties":{"n":"People's Republic of China","f":1987,"t":1991,"w":"Q148"},"geometry":{"type":"MultiPolygon","coordinates":[[[[108.76,18.41],[108.7,19.38],[109.25,19.96],[110.91,20.15],[111.03,19.57],[110.18,18.48],[108.76,18.41]]],[[[122.28,29.99],[121.98,29.99],[122.05,30.18],[122.28,29.99]]],[[[121.03,38.74],[121.69,39.38],[121.28,39.64],[122.23,40.48],[121.11,40.87],[119.22,39.32],[117.78,39.13],[117.58,38.74],[118.07,38.16],[119.46,37.96],[119.16,37.19],[120.75,37.9],[122.71,37.45],[122.39,36.8],[120.98,36.61],[119.23,34.81],[120.34,34.36],[120.92,32.62],[121.96,31.98],[121.58,31.4],[121.9,30.82],[120.68,30.18],[121.48,30.31],[122.03,29.92],[122.0,29.41],[121.71,29.22],[121.59,29.54],[121.65,28.32],[121.12,28.32],[119.59,26.13],[119.53,25.62],[119.87,25.49],[119.27,25.49],[118.76,24.59],[118.15,24.52],[116.54,22.91],[114.0,22.46],[113.6,22.72],[113.07,21.89],[110.42,21.18],[110.49,20.28],[109.88,20.21],[109.81,21.5],[107.24,21.69],[106.71,22.08],[106.71,22.91],[105.44,23.3],[104.04,22.53],[101.72,22.46],[101.81,21.18],[101.36,21.18],[101.16,21.76],[100.22,21.5],[99.94,22.08],[99.29,22.14],[99.57,22.98],[98.94,23.24],[98.88,24.14],[97.65,23.94],[97.65,24.78],[98.67,25.81],[98.74,27.48],[97.98,28.38],[96.4,28.38],[96.62,28.96],[96.2,29.41],[95.44,29.09],[94.58,29.28],[92.58,27.87],[91.72,27.74],[91.57,28.06],[89.89,28.32],[88.8,27.42],[88.78,28.06],[85.98,27.99],[84.41,28.77],[84.14,29.28],[83.45,29.22],[82.04,30.37],[81.01,30.18],[78.77,31.34],[78.53,32.56],[79.02,32.36],[79.36,33.14],[78.81,33.65],[79.05,34.29],[78.16,34.68],[77.98,35.45],[76.09,35.9],[75.78,36.74],[74.55,37.06],[75.05,37.45],[74.87,38.42],[73.96,38.55],[73.61,39.19],[73.93,39.97],[74.89,40.48],[76.27,40.36],[76.89,41.0],[78.03,41.07],[80.14,42.04],[80.79,43.28],[80.41,44.71],[79.95,44.97],[82.55,45.17],[82.31,45.56],[83.04,47.2],[83.91,46.94],[85.68,47.2],[85.64,48.32],[86.6,48.59],[86.87,49.12],[87.78,49.12],[88.64,48.19],[90.17,47.8],[91.01,46.68],[90.74,45.3],[93.59,44.97],[95.34,44.25],[96.58,42.69],[101.56,42.56],[104.97,41.59],[106.86,42.3],[110.28,42.69],[111.89,43.67],[111.39,44.32],[112.02,45.1],[113.69,44.78],[114.74,45.43],[115.88,45.56],[116.72,46.35],[119.8,46.68],[119.75,47.2],[118.48,47.99],[117.31,47.73],[115.42,47.99],[116.68,49.78],[117.83,49.52],[119.28,50.11],[119.65,51.11],[120.67,52.05],[120.53,52.59],[119.9,52.65],[120.86,53.26],[123.85,53.53],[125.55,53.12],[126.31,52.45],[127.48,49.78],[130.57,48.85],[130.85,47.73],[132.12,47.66],[134.52,48.39],[134.68,47.66],[132.98,45.1],[131.7,45.24],[130.91,44.71],[131.28,43.86],[131.0,42.89],[130.3,42.56],[129.84,42.95],[129.7,42.5],[128.07,41.98],[128.34,41.65],[128.1,41.39],[126.83,41.78],[124.23,39.84],[121.03,38.74]]]]}},{"type":"Feature","properties":{"n":"Kingdom of Jordan","f":1987,"t":2005,"w":"Q810"},"geometry":{"type":"Polygon","coordinates":[[[37.96,30.56],[37.53,29.99],[36.03,29.15],[34.91,29.34],[35.8,32.75],[36.83,32.3],[38.84,33.33],[39.26,32.17],[37.14,31.53],[37.96,30.56]]]}},{"type":"Feature","properties":{"n":"Union of Soviet Socialist Republics","f":1987,"t":1989,"w":"Q15180"},"geometry":{"type":"MultiPolygon","coordinates":[[[[33.52,44.45],[33.61,45.1],[32.6,45.43],[34.15,46.09],[35.02,45.3],[36.42,45.43],[33.52,44.45]]],[[[29.67,45.43],[29.66,45.37],[29.58,45.37],[29.67,45.43]]],[[[58.97,45.43],[59.06,45.43],[58.87,45.37],[58.97,45.43]]],[[[58.89,45.43],[58.73,45.43],[58.75,45.5],[58.89,45.43]]],[[[58.89,45.69],[58.97,45.69],[58.95,45.63],[58.89,45.69]]],[[[53.1,46.02],[53.18,46.02],[53.17,45.96],[53.1,46.02]]],[[[13.69,52.59],[13.6,52.45],[13.43,52.52],[13.69,52.59]]],[[[22.29,58.18],[21.9,57.9],[21.88,58.53],[23.12,58.39],[22.29,58.18]]],[[[22.84,59.09],[22.9,58.81],[22.19,58.88],[22.84,59.09]]],[[[36.13,65.22],[35.5,65.0],[35.65,65.22],[36.13,65.22]]],[[[50.32,69.33],[49.7,68.88],[48.11,68.88],[48.24,69.41],[50.32,69.33]]],[[[51.35,79.91],[50.65,79.91],[50.97,80.19],[51.35,79.91]]],[[[50.16,80.37],[50.57,80.28],[49.96,80.09],[50.16,80.37]]],[[[47.56,80.19],[47.04,80.28],[47.16,80.47],[47.56,80.19]]],[[[53.79,80.19],[52.73,80.19],[52.95,80.47],[53.79,80.19]]],[[[54.72,80.47],[54.52,80.37],[54.6,80.47],[54.72,80.47]]],[[[58.9,80.94],[58.22,80.56],[59.05,80.56],[58.18,80.09],[56.06,80.09],[56.37,80.47],[57.98,80.56],[58.9,80.94]]],[[[54.36,80.47],[54.75,80.65],[54.6,80.47],[54.36,80.47]]],[[[49.42,80.65],[50.93,80.94],[50.47,80.47],[47.85,80.09],[48.6,80.84],[49.42,80.65]]],[[[45.98,80.47],[45.92,80.56],[47.53,80.84],[45.98,80.47]]],[[[50.77,80.56],[51.81,80.84],[51.72,80.56],[50.77,80.56]]],[[[47.52,80.65],[48.07,80.94],[47.94,80.75],[47.52,80.65]]],[[[56.68,81.13],[57.57,81.63],[58.33,81.53],[56.72,81.04],[58.07,80.94],[57.83,80.65],[55.86,80.56],[55.97,80.84],[54.9,80.84],[56.68,81.13]]],[[[60.51,44.58],[60.53,44.65],[60.77,44.65],[60.51,44.58]]],[[[60.45,44.65],[60.47,44.71],[60.55,44.71],[60.45,44.65]]],[[[59.22,45.17],[59.24,45.24],[59.32,45.24],[59.22,45.17]]],[[[59.18,45.3],[59.26,45.3],[59.24,45.24],[59.18,45.3]]],[[[59.18,45.3],[59.02,45.3],[59.04,45.37],[59.18,45.3]]],[[[59.75,45.56],[59.77,45.63],[59.85,45.63],[59.75,45.56]]],[[[59.77,45.63],[59.68,45.63],[59.72,45.76],[59.77,45.63]]],[[[59.82,45.82],[59.91,45.82],[59.89,45.76],[59.82,45.82]]],[[[59.8,46.02],[59.92,46.15],[60.17,46.15],[59.8,46.02]]],[[[59.82,46.09],[59.74,46.09],[59.72,46.28],[59.82,46.09]]],[[[60.72,46.35],[60.98,46.15],[60.74,46.15],[60.72,46.35]]],[[[60.16,46.41],[60.25,46.41],[60.06,46.35],[60.16,46.41]]],[[[60.41,46.41],[60.74,46.41],[60.39,46.35],[60.41,46.41]]],[[[60.02,46.48],[60.1,46.48],[60.08,46.41],[60.02,46.48]]],[[[60.35,46.48],[60.43,46.48],[60.25,46.41],[60.35,46.48]]],[[[60.86,46.55],[61.15,46.41],[60.9,46.41],[60.86,46.55]]],[[[60.8,46.61],[60.88,46.61],[60.86,46.55],[60.8,46.61]]],[[[60.72,46.61],[60.74,46.68],[60.82,46.68],[60.72,46.61]]],[[[59.23,74.63],[55.95,73.08],[56.32,73.0],[55.5,72.53],[55.43,72.05],[56.11,71.27],[57.62,70.88],[57.49,70.64],[53.85,70.72],[53.25,71.5],[52.85,70.95],[52.2,71.27],[52.43,71.5],[51.25,71.81],[52.77,72.69],[52.34,72.84],[54.14,73.41],[53.7,73.89],[56.11,74.79],[56.29,75.04],[55.75,75.04],[56.09,75.37],[56.73,75.2],[59.33,76.04],[64.23,76.38],[66.97,77.06],[69.14,76.89],[69.03,76.55],[67.83,76.21],[63.65,75.71],[59.23,74.63]]],[[[59.55,80.19],[60.25,80.19],[59.31,79.91],[59.55,80.19]]],[[[60.62,81.13],[61.9,81.23],[61.76,80.94],[62.62,80.84],[61.92,80.47],[59.4,80.56],[60.62,81.13]]],[[[60.2,81.33],[60.32,81.33],[60.14,81.13],[60.2,81.33]]],[[[58.85,81.43],[58.42,81.63],[58.8,81.93],[59.65,81.93],[58.85,81.43]]],[[[61.85,33.33],[61.54,33.33],[61.52,33.59],[61.85,33.33]]],[[[68.39,33.78],[68.55,33.78],[68.63,33.46],[68.26,33.52],[68.39,33.78]]],[[[62.27,34.29],[61.96,34.29],[62.09,34.55],[62.27,34.29]]],[[[70.43,34.29],[70.08,34.42],[70.42,34.55],[70.43,34.29]]],[[[70.52,36.55],[70.26,36.74],[70.93,36.93],[70.52,36.55]]],[[[47.93,42.24],[49.51,40.61],[50.26,40.42],[49.4,40.1],[48.79,38.48],[48.06,38.8],[48.13,39.64],[46.67,38.93],[45.07,39.26],[44.42,40.03],[43.65,40.16],[43.58,41.13],[42.86,41.59],[41.58,41.52],[41.82,41.98],[41.33,42.89],[36.78,45.1],[36.75,45.43],[37.7,45.3],[38.37,46.35],[37.84,46.61],[39.13,46.94],[39.2,47.33],[35.63,46.68],[34.74,46.15],[32.68,46.09],[31.82,46.35],[32.03,46.74],[30.88,46.68],[29.58,45.43],[28.51,45.24],[28.13,45.5],[28.11,46.87],[26.85,48.26],[25.07,47.8],[20.58,48.59],[17.71,47.73],[17.06,47.99],[16.76,48.79],[14.94,48.99],[14.18,48.59],[12.53,49.52],[12.12,50.25],[14.33,51.05],[15.26,50.98],[16.34,50.65],[16.49,50.18],[17.17,50.45],[19.87,49.18],[22.78,49.12],[22.74,49.71],[24.08,50.58],[23.63,51.98],[23.15,52.25],[23.98,52.86],[23.5,54.0],[23.02,54.41],[19.82,54.48],[19.95,55.02],[21.09,55.09],[20.87,56.46],[21.6,57.63],[22.52,57.83],[23.58,57.01],[24.23,57.28],[24.27,58.25],[23.41,58.53],[23.41,59.29],[30.14,59.92],[28.65,60.28],[28.54,60.7],[27.97,60.56],[31.5,62.98],[30.05,63.7],[30.55,64.28],[29.62,64.86],[30.03,65.88],[29.05,66.77],[29.94,67.67],[28.42,68.42],[29.32,69.33],[31.91,70.02],[32.98,69.87],[32.9,69.56],[33.44,69.33],[36.13,69.26],[41.0,67.74],[41.39,67.15],[41.04,66.7],[38.68,66.03],[32.55,67.07],[33.0,66.55],[34.87,65.88],[34.44,65.37],[34.98,64.49],[37.39,63.91],[37.88,63.99],[37.89,64.35],[36.79,64.49],[36.36,65.0],[37.21,65.3],[38.21,64.79],[40.19,64.71],[39.54,65.37],[40.4,65.96],[41.96,66.55],[43.97,66.18],[44.37,67.0],[43.6,67.3],[44.17,68.27],[43.45,68.73],[45.88,68.57],[46.66,67.82],[44.93,67.44],[45.81,66.92],[47.37,66.92],[47.78,67.67],[53.28,69.03],[54.04,68.95],[53.87,68.42],[53.3,68.27],[58.39,69.03],[59.09,69.03],[59.4,68.88],[59.24,68.42],[59.74,68.42],[60.7,68.88],[60.09,69.72],[58.34,70.18],[59.07,70.57],[60.54,69.79],[63.93,69.72],[68.49,68.27],[68.95,68.95],[66.6,69.64],[67.17,70.18],[67.19,70.8],[66.53,71.03],[68.33,71.81],[69.96,73.49],[71.3,73.57],[71.11,73.08],[69.71,72.92],[72.94,72.76],[72.66,72.05],[71.81,71.5],[72.89,71.03],[72.5,69.03],[73.63,68.65],[73.07,67.74],[71.52,66.62],[70.4,66.4],[72.1,66.33],[74.65,67.74],[74.2,68.35],[74.59,68.88],[76.47,69.11],[77.31,68.65],[77.25,68.05],[77.88,68.35],[77.59,68.88],[76.63,69.18],[73.66,69.11],[73.41,69.72],[74.22,70.64],[72.89,71.42],[74.87,72.21],[74.86,72.92],[75.77,72.53],[75.27,71.81],[75.4,71.34],[77.19,71.27],[75.85,71.89],[77.23,72.05],[76.71,72.29],[77.48,72.69],[82.52,71.81],[82.13,72.29],[80.47,72.53],[80.55,73.16],[80.18,73.33],[80.89,73.73],[86.9,73.89],[87.0,74.46],[86.06,74.3],[87.32,75.12],[89.01,75.54],[95.91,76.38],[96.8,76.38],[96.22,76.04],[97.65,76.04],[99.11,76.3],[99.15,76.64],[100.8,76.55],[101.49,77.24],[102.94,77.67],[105.1,77.76],[106.29,77.58],[105.16,77.15],[107.59,77.06],[106.66,76.55],[112.07,76.81],[114.09,75.96],[113.31,75.12],[106.15,73.33],[105.53,72.92],[110.4,73.65],[110.73,73.81],[109.34,73.65],[110.12,74.14],[111.06,73.97],[112.12,74.63],[113.31,74.63],[113.61,74.54],[111.48,73.89],[112.53,73.73],[113.21,74.05],[113.6,73.81],[113.36,73.57],[118.9,73.73],[118.4,73.33],[120.56,73.0],[123.08,73.0],[123.21,73.57],[124.01,73.81],[128.08,73.57],[129.12,73.16],[128.74,72.92],[129.22,72.76],[128.74,72.53],[129.64,72.37],[128.87,71.66],[130.99,70.8],[132.46,71.97],[133.49,71.5],[139.7,71.58],[139.36,71.81],[139.8,72.21],[139.0,72.29],[141.34,72.92],[146.82,72.53],[146.53,72.13],[147.41,72.45],[149.62,72.29],[150.1,71.97],[148.95,71.74],[151.81,71.42],[152.49,70.88],[155.5,71.19],[159.39,70.95],[160.15,70.64],[159.78,69.87],[160.89,69.64],[166.9,69.56],[169.01,70.1],[169.63,69.95],[169.11,69.56],[168.35,69.64],[168.28,69.33],[170.45,68.88],[170.96,69.26],[169.96,69.64],[170.68,70.18],[171.8,70.18],[176.31,69.95],[180.0,69.11],[180.0,65.08],[177.34,64.49],[178.45,64.42],[178.89,63.91],[178.58,63.62],[179.4,63.34],[179.61,62.69],[179.0,62.33],[177.06,62.62],[173.58,61.69],[170.68,60.49],[170.28,59.92],[169.06,60.63],[166.99,60.35],[166.07,59.78],[166.19,60.49],[164.79,59.78],[163.64,60.0],[161.97,58.04],[163.38,57.83],[162.71,57.28],[163.46,56.39],[162.57,56.05],[162.58,56.46],[161.95,55.98],[161.77,55.23],[162.21,54.89],[160.06,54.21],[159.83,53.8],[160.13,53.26],[158.78,52.99],[158.3,51.98],[156.78,50.98],[156.39,51.25],[155.43,54.68],[155.7,56.52],[156.85,57.35],[156.86,57.9],[158.4,58.18],[161.99,60.56],[163.63,60.98],[163.35,60.98],[163.88,61.34],[163.62,61.41],[163.86,62.12],[164.55,62.69],[163.3,62.55],[163.07,61.9],[163.42,61.83],[163.0,61.55],[162.27,61.62],[160.17,60.63],[160.23,61.05],[159.67,60.98],[160.28,61.9],[157.1,61.69],[154.25,59.85],[154.14,59.5],[155.22,59.43],[154.93,59.16],[151.23,58.88],[152.05,59.29],[149.42,59.78],[148.61,59.22],[143.08,59.36],[140.9,58.39],[137.43,55.98],[135.2,54.95],[136.92,54.68],[136.68,53.87],[137.69,54.34],[137.32,54.07],[137.86,54.0],[137.27,53.6],[138.1,53.73],[138.73,54.34],[140.03,54.34],[141.46,53.33],[141.15,52.52],[141.56,52.25],[140.65,51.25],[140.25,48.59],[135.11,43.47],[133.27,42.69],[131.91,43.28],[130.77,42.43],[130.47,42.69],[131.27,43.28],[130.91,44.71],[131.7,45.24],[132.98,45.1],[134.68,47.66],[134.52,48.39],[132.12,47.66],[130.85,47.73],[130.57,48.85],[127.48,49.78],[125.9,52.86],[123.85,53.53],[121.9,53.46],[120.08,52.86],[119.9,52.65],[120.53,52.59],[120.67,52.05],[119.65,51.11],[119.28,50.11],[117.83,49.52],[114.01,50.25],[112.73,49.52],[108.59,49.32],[106.46,50.38],[103.3,50.18],[102.3,50.58],[101.91,51.51],[98.93,52.12],[97.84,51.11],[98.13,50.11],[97.43,49.78],[94.87,49.98],[94.13,50.58],[92.27,50.85],[89.49,49.65],[86.87,49.12],[86.6,48.59],[85.64,48.32],[85.68,47.2],[85.14,46.94],[83.04,47.2],[82.31,45.56],[82.55,45.17],[79.95,44.97],[80.41,44.71],[80.79,43.28],[80.14,42.04],[78.03,41.07],[76.89,41.0],[76.27,40.36],[75.49,40.61],[73.93,39.97],[73.77,38.67],[74.87,38.42],[74.92,37.25],[73.33,37.45],[71.58,36.74],[71.58,37.58],[70.72,38.16],[70.37,37.45],[69.07,36.93],[68.81,35.9],[69.26,35.52],[69.09,34.49],[68.81,35.58],[67.9,36.61],[63.97,36.1],[62.3,35.19],[61.3,35.58],[61.14,36.61],[60.44,36.61],[59.17,37.58],[57.19,38.22],[55.2,38.03],[53.96,37.32],[53.99,39.0],[53.14,39.45],[53.54,39.51],[53.5,40.03],[52.79,40.03],[52.7,40.36],[52.89,40.87],[54.37,40.74],[54.73,41.26],[54.09,41.59],[53.91,42.17],[53.19,42.17],[52.72,41.52],[52.44,42.04],[52.79,42.82],[51.44,43.21],[50.88,44.25],[50.19,44.45],[51.42,44.52],[51.02,44.84],[51.47,45.37],[54.3,44.97],[54.29,45.56],[53.06,45.56],[53.35,46.35],[53.11,47.01],[50.84,47.14],[49.3,46.55],[47.47,45.69],[46.69,44.71],[47.93,42.24]],[[103.57,51.58],[105.74,51.65],[106.4,52.32],[108.83,53.26],[109.64,54.27],[109.99,55.84],[109.32,55.77],[108.12,54.0],[104.91,51.92],[103.57,51.58]],[[74.32,45.96],[75.45,46.55],[78.46,46.28],[79.33,46.81],[74.6,46.87],[73.63,46.28],[73.35,45.56],[73.94,44.97],[74.32,45.96]],[[78.04,42.17],[78.66,42.76],[76.53,42.63],[76.51,42.37],[78.04,42.17]],[[59.12,43.41],[60.29,43.54],[61.58,44.91],[61.72,45.37],[61.34,45.43],[61.25,45.96],[61.7,46.87],[60.12,46.81],[59.41,46.09],[58.64,45.96],[57.96,43.86],[59.13,43.73],[59.12,43.41]],[[53.33,44.39],[53.74,45.04],[53.42,45.04],[53.33,44.39]],[[35.2,60.91],[35.57,60.91],[36.08,61.12],[36.22,61.69],[35.29,62.4],[35.27,63.05],[34.12,63.34],[34.05,63.05],[34.99,62.69],[34.88,62.26],[34.02,62.55],[34.04,61.83],[35.26,61.55],[35.2,60.91]],[[32.17,60.91],[31.78,61.26],[31.02,61.62],[29.86,61.34],[30.38,59.78],[31.86,60.35],[32.17,60.91]],[[24.83,54.27],[24.74,54.27],[24.73,54.21],[24.83,54.27]],[[24.92,54.34],[24.84,54.34],[24.83,54.27],[24.92,54.34]]],[[[79.18,73.16],[79.66,73.0],[79.36,72.69],[78.46,72.84],[79.18,73.16]]],[[[74.58,72.84],[73.98,73.0],[74.4,73.25],[74.75,73.16],[74.58,72.84]]],[[[76.03,73.65],[75.39,73.41],[75.61,73.65],[76.03,73.65]]],[[[84.51,74.54],[84.92,74.63],[84.65,74.38],[84.51,74.54]]],[[[86.06,74.87],[86.6,74.87],[86.21,74.63],[85.78,74.63],[86.06,74.87]]],[[[85.44,74.71],[85.12,74.71],[85.41,74.87],[85.44,74.71]]],[[[82.04,75.54],[82.38,75.45],[81.76,75.29],[82.04,75.54]]],[[[97.0,76.21],[96.56,76.13],[97.14,76.46],[97.0,76.21]]],[[[97.59,76.55],[97.37,76.55],[97.62,76.81],[97.59,76.55]]],[[[96.91,77.32],[95.53,76.98],[96.0,77.24],[96.91,77.32]]],[[[89.52,77.41],[89.97,77.41],[89.62,77.15],[89.18,77.15],[89.52,77.41]]],[[[101.49,78.2],[99.41,78.02],[101.97,79.45],[103.59,79.45],[102.72,78.91],[104.57,79.27],[106.0,78.73],[104.7,78.29],[101.49,78.2]]],[[[100.5,80.0],[99.8,79.18],[100.36,79.09],[99.83,78.82],[93.26,79.45],[94.78,80.09],[92.94,79.63],[91.35,79.91],[92.78,80.09],[93.18,80.37],[92.6,80.37],[93.55,81.04],[95.77,81.33],[98.05,80.94],[97.36,80.56],[98.56,80.19],[98.27,80.0],[100.5,80.0]]],[[[80.32,80.75],[79.14,80.75],[80.8,81.04],[80.32,80.75]]],[[[65.9,81.04],[65.26,80.75],[62.89,80.75],[65.9,81.04]]],[[[91.82,81.33],[91.94,81.33],[91.27,80.94],[90.21,81.04],[91.82,81.33]]],[[[63.02,81.53],[62.66,81.53],[63.78,81.83],[63.02,81.53]]],[[[146.98,43.93],[146.5,43.73],[146.69,43.86],[146.98,43.93]]],[[[146.51,44.45],[145.29,43.73],[146.08,44.52],[146.51,44.45]]],[[[148.96,45.56],[146.78,44.39],[147.88,45.43],[148.96,45.56]]],[[[149.81,45.69],[149.37,45.56],[149.89,46.09],[150.55,46.28],[149.81,45.69]]],[[[151.83,46.81],[151.58,46.81],[151.96,47.14],[152.34,47.2],[151.83,46.81]]],[[[144.67,48.99],[144.74,48.79],[144.46,48.65],[144.67,48.99]]],[[[154.81,49.65],[154.9,49.65],[154.73,49.32],[154.42,49.25],[154.81,49.65]]],[[[143.07,51.98],[144.43,49.18],[142.96,49.12],[142.5,47.93],[143.62,46.41],[143.3,46.22],[143.24,46.55],[142.53,46.68],[141.89,45.89],[141.66,46.41],[142.15,48.19],[141.75,48.79],[142.15,51.05],[141.46,51.98],[141.85,52.79],[141.72,53.33],[142.54,53.53],[142.31,54.21],[142.69,54.48],[143.08,54.27],[143.03,53.26],[143.44,52.59],[143.07,51.98]]],[[[155.82,50.71],[156.54,50.91],[155.84,50.25],[155.08,50.25],[155.82,50.71]]],[[[108.87,53.53],[108.52,53.53],[108.6,53.73],[109.02,53.94],[108.87,53.53]]],[[[167.44,54.95],[168.04,54.68],[167.69,54.55],[167.26,54.75],[167.44,54.95]]],[[[137.59,54.41],[137.14,54.89],[137.5,55.23],[138.15,55.02],[137.59,54.41]]],[[[136.87,54.89],[136.53,54.89],[137.25,55.16],[136.87,54.89]]],[[[166.74,54.82],[166.39,54.68],[165.7,55.29],[166.32,55.43],[166.74,54.82]]],[[[163.27,58.53],[163.69,59.02],[164.81,59.29],[163.27,58.53]]],[[[142.7,73.97],[143.61,73.49],[139.52,73.33],[141.11,73.97],[142.7,73.97]]],[[[136.06,73.89],[135.28,74.05],[135.61,74.3],[136.32,74.22],[136.06,73.89]]],[[[140.89,73.97],[139.83,73.97],[140.37,74.38],[141.24,74.22],[140.89,73.97]]],[[[146.07,75.2],[146.68,75.71],[151.17,75.2],[150.09,74.79],[146.07,75.2]]],[[[142.34,75.45],[143.59,75.96],[145.58,75.71],[143.46,74.87],[141.73,75.04],[139.22,74.63],[136.86,75.2],[137.23,75.45],[137.01,75.62],[138.79,76.3],[140.13,75.87],[142.14,76.21],[142.72,75.96],[142.34,75.45]]],[[[135.87,75.37],[135.33,75.37],[135.59,75.79],[136.14,75.96],[136.35,75.62],[135.87,75.37]]],[[[149.13,76.64],[148.69,76.64],[149.63,76.81],[149.13,76.64]]],[[[149.49,76.89],[149.71,76.89],[149.18,76.81],[149.49,76.89]]]]}},{"type":"Feature","properties":{"n":"State of Kuwait","f":1987,"t":1989,"w":"Q817"},"geometry":{"type":"Polygon","coordinates":[[[47.83,28.51],[47.57,28.96],[46.69,29.15],[47.24,30.05],[48.37,29.92],[48.4,29.6],[47.87,29.54],[48.44,28.57],[47.83,28.51]]]}},{"type":"Feature","properties":{"n":"Republic of India","f":1987,"t":2023,"w":"Q668"},"geometry":{"type":"MultiPolygon","coordinates":[[[[93.51,7.23],[93.74,7.42],[93.92,6.84],[93.51,7.23]]],[[[93.49,8.06],[93.48,7.87],[93.26,7.87],[93.49,8.06]]],[[[92.29,10.57],[92.39,10.89],[92.61,10.89],[92.29,10.57]]],[[[92.85,13.53],[93.08,13.59],[93.04,12.44],[92.52,11.6],[92.85,13.53]]],[[[83.08,27.42],[84.43,27.42],[85.27,26.71],[87.24,26.39],[88.16,26.52],[88.14,27.87],[88.48,28.06],[88.95,27.8],[88.8,27.09],[89.13,26.84],[91.82,26.77],[92.09,27.35],[91.72,27.74],[92.58,27.87],[94.58,29.28],[95.44,29.09],[96.2,29.41],[96.62,28.96],[96.4,28.38],[97.42,28.25],[97.0,27.74],[97.16,27.16],[96.21,27.29],[95.16,26.58],[94.13,23.88],[93.4,24.01],[93.02,22.01],[92.59,22.14],[92.23,23.69],[91.75,22.98],[91.22,23.43],[92.45,24.97],[90.1,25.23],[89.82,26.13],[89.34,26.0],[88.4,26.58],[88.18,25.81],[88.99,25.29],[88.11,24.52],[88.81,24.2],[89.11,21.69],[88.73,21.63],[88.64,22.08],[88.35,21.56],[88.1,21.95],[87.07,21.44],[87.03,20.6],[86.42,19.89],[85.37,19.83],[84.38,18.41],[82.45,17.13],[82.38,16.55],[80.38,15.71],[80.09,15.07],[80.43,13.27],[79.88,11.99],[79.9,10.25],[79.32,10.25],[78.96,9.22],[77.28,8.06],[76.32,9.16],[76.36,9.8],[73.42,16.04],[72.53,22.27],[72.11,21.89],[72.18,21.18],[70.72,20.66],[68.95,22.21],[70.43,22.85],[69.23,22.79],[68.16,23.81],[68.8,24.26],[71.05,24.33],[70.7,25.62],[70.19,25.74],[70.22,26.45],[69.51,26.77],[69.56,27.09],[70.39,28.06],[70.72,27.74],[71.89,27.99],[74.57,30.95],[74.63,31.91],[75.3,32.17],[74.08,33.14],[74.09,34.74],[75.64,34.49],[77.12,35.13],[77.07,35.52],[77.98,35.45],[78.16,34.68],[79.05,34.29],[78.81,33.65],[79.36,33.14],[79.02,32.36],[78.53,32.56],[78.77,31.34],[81.01,30.18],[80.1,28.77],[83.08,27.42]],[[75.52,32.11],[75.5,32.04],[75.58,32.04],[75.52,32.11]]],[[[63.84,29.54],[63.83,29.47],[63.75,29.47],[63.84,29.54]]],[[[66.34,29.99],[66.33,29.92],[66.25,29.92],[66.34,29.99]]]]}},{"type":"Feature","properties":{"n":"Republic of Brazil","f":1987,"t":2023,"w":"Q155"},"geometry":{"type":"Polygon","coordinates":[[[-56.06,2.47],[-54.97,2.54],[-54.31,2.09],[-52.86,2.28],[-51.56,4.4],[-50.67,2.02],[-49.95,1.7],[-50.25,0.35],[-48.49,-0.23],[-48.93,-1.51],[-48.27,-0.74],[-47.4,-0.55],[-45.44,-1.64],[-44.93,-1.45],[-44.07,-2.54],[-43.19,-2.35],[-41.6,-2.93],[-39.92,-2.86],[-37.26,-4.86],[-35.37,-5.31],[-34.9,-6.79],[-35.41,-9.36],[-37.24,-11.09],[-38.13,-12.83],[-39.03,-13.28],[-39.28,-17.78],[-41.14,-22.15],[-41.91,-22.41],[-42.12,-22.99],[-44.74,-23.05],[-44.7,-23.37],[-45.48,-23.69],[-45.37,-24.02],[-46.09,-23.82],[-48.69,-25.49],[-48.8,-26.72],[-48.45,-27.42],[-48.88,-28.64],[-49.74,-29.22],[-50.88,-31.21],[-52.23,-32.18],[-53.45,-33.79],[-53.68,-33.46],[-53.28,-32.76],[-54.02,-31.99],[-55.68,-30.89],[-56.11,-31.09],[-56.88,-30.12],[-57.76,-30.32],[-55.82,-28.19],[-53.89,-27.1],[-53.77,-26.39],[-53.96,-25.69],[-54.71,-25.69],[-54.4,-24.02],[-55.57,-23.89],[-55.89,-22.34],[-58.02,-22.09],[-58.18,-19.77],[-57.63,-18.16],[-58.49,-17.26],[-58.46,-16.36],[-60.28,-16.17],[-60.78,-13.66],[-61.8,-13.6],[-65.11,-11.99],[-65.4,-9.81],[-66.64,-9.81],[-68.56,-11.09],[-70.32,-11.09],[-70.67,-10.96],[-70.64,-9.49],[-72.14,-10.06],[-72.54,-9.49],[-73.19,-9.42],[-73.09,-8.97],[-74.04,-7.69],[-73.25,-6.53],[-72.98,-5.24],[-72.01,-4.54],[-70.03,-4.09],[-69.46,-1.13],[-70.1,-0.36],[-70.19,0.41],[-69.24,0.74],[-69.97,1.19],[-69.97,1.7],[-67.85,1.76],[-67.49,2.09],[-66.69,0.86],[-65.67,0.99],[-65.53,0.67],[-63.41,2.28],[-64.07,2.47],[-64.82,4.27],[-62.91,3.56],[-62.7,4.08],[-60.89,4.59],[-60.68,5.17],[-60.1,5.17],[-60.16,4.53],[-59.57,3.95],[-60.07,2.47],[-59.34,1.38],[-58.9,1.19],[-57.44,1.96],[-55.99,1.96],[-56.06,2.47]]]}},{"type":"Feature","properties":{"n":"Venezuela","f":1987,"t":2023,"w":"Q717"},"geometry":{"type":"MultiPolygon","coordinates":[[[[-66.37,10.7],[-64.95,10.06],[-64.03,10.7],[-61.91,10.76],[-62.84,10.38],[-62.3,9.8],[-61.95,9.99],[-60.83,9.54],[-61.44,8.51],[-59.83,8.51],[-60.67,7.61],[-60.36,6.97],[-61.15,6.59],[-61.36,6.01],[-60.68,5.17],[-60.89,4.59],[-62.7,4.08],[-62.91,3.56],[-64.82,4.27],[-64.07,2.47],[-63.41,2.28],[-65.53,0.67],[-65.67,0.99],[-66.69,0.86],[-67.35,2.54],[-67.86,2.86],[-67.43,3.31],[-67.89,5.11],[-67.49,6.2],[-69.38,6.07],[-70.06,6.91],[-71.96,6.97],[-72.49,7.49],[-72.3,8.19],[-72.71,8.96],[-73.31,9.29],[-72.06,11.54],[-71.65,10.83],[-69.73,11.66],[-68.99,11.54],[-68.31,11.21],[-68.04,10.51],[-66.37,10.7]]],[[[-64.35,11.09],[-63.84,11.21],[-63.76,10.96],[-64.35,11.09]]],[[[-70.24,11.6],[-70.14,12.24],[-69.85,12.24],[-69.73,11.66],[-70.24,11.6]]]]}},{"type":"Feature","properties":{"n":"Burma","f":1987,"t":1989,"w":"Q836"},"geometry":{"type":"MultiPolygon","coordinates":[[[[98.25,10.96],[98.3,10.76],[98.09,10.83],[98.25,10.96]]],[[[98.32,11.79],[98.61,11.73],[98.52,11.54],[98.32,11.79]]],[[[98.46,12.44],[98.25,12.5],[98.27,12.69],[98.46,12.44]]],[[[98.92,19.76],[97.94,19.64],[97.87,18.67],[97.45,18.35],[98.93,16.36],[98.23,14.94],[99.13,13.85],[99.66,11.99],[98.46,10.06],[98.76,11.73],[98.65,12.82],[97.77,14.81],[97.62,16.49],[96.93,17.32],[96.83,16.61],[95.61,15.71],[94.24,15.97],[94.48,18.22],[94.12,18.86],[93.51,18.74],[93.8,19.7],[92.25,20.79],[92.73,22.08],[93.19,22.14],[93.4,24.01],[94.13,23.88],[95.16,26.58],[96.21,27.29],[97.16,27.16],[97.0,27.74],[97.56,28.51],[98.74,27.48],[98.84,26.58],[98.67,25.81],[97.65,24.78],[97.65,23.94],[98.88,24.14],[98.94,23.24],[99.57,22.98],[99.29,22.14],[99.94,22.08],[100.22,21.5],[101.16,21.76],[100.64,20.86],[98.92,19.76]]]]}},{"type":"Feature","properties":{"n":"Syria","f":1987,"t":2005,"w":"Q41137"},"geometry":{"type":"Polygon","coordinates":[[[36.83,32.3],[35.8,32.75],[35.78,33.33],[36.63,34.16],[35.93,34.87],[35.88,35.9],[36.62,36.29],[36.68,36.8],[39.54,36.67],[42.26,37.25],[42.11,36.74],[41.29,36.42],[41.04,34.42],[36.83,32.3]]]}},{"type":"Feature","properties":{"n":"Hungarian People's Republic","f":1987,"t":1989,"w":"Q16410"},"geometry":{"type":"Polygon","coordinates":[[[21.99,47.53],[21.18,46.35],[18.45,45.76],[17.15,46.02],[16.28,46.81],[16.48,47.73],[17.06,47.99],[18.54,47.73],[20.58,48.59],[22.22,48.39],[22.68,47.86],[21.99,47.53]]]}},{"type":"Feature","properties":{"n":"Socialist Republic of Romania","f":1987,"t":1989,"w":"Q842794"},"geometry":{"type":"Polygon","coordinates":[[[29.53,44.91],[28.8,44.97],[28.51,43.73],[26.61,44.12],[25.43,43.6],[24.15,43.67],[22.95,43.8],[22.5,44.32],[22.69,44.65],[21.4,44.78],[21.43,45.17],[20.26,46.15],[21.18,46.35],[21.99,47.53],[22.85,47.99],[25.07,47.8],[26.85,48.26],[28.24,46.61],[28.13,45.5],[29.58,45.43],[29.53,44.91]]]}},{"type":"Feature","properties":{"n":"State of Israel","f":1987,"t":2005,"w":"Q801"},"geometry":{"type":"Polygon","coordinates":[[[34.3,31.34],[35.06,33.01],[35.78,33.33],[35.91,33.14],[34.92,29.54],[34.3,31.34]],[[34.92,32.36],[34.85,32.36],[34.92,32.3],[34.92,32.36]]]}},{"type":"Feature","properties":{"n":"Malaysia","f":1987,"t":2023,"w":"Q833"},"geometry":{"type":"MultiPolygon","coordinates":[[[[104.06,2.92],[104.21,2.86],[104.2,2.73],[104.06,2.92]]],[[[119.26,5.17],[118.16,4.98],[118.56,4.34],[115.79,4.34],[114.41,1.44],[113.31,1.25],[112.38,1.57],[111.7,0.99],[110.46,0.86],[109.47,1.76],[109.63,2.02],[110.92,1.51],[111.26,2.73],[112.81,3.11],[113.83,4.53],[114.68,4.08],[114.87,4.85],[115.28,4.4],[115.35,5.49],[115.79,5.62],[116.69,7.04],[117.75,6.46],[117.64,5.94],[118.01,6.07],[119.26,5.17]]],[[[102.13,6.26],[103.17,5.36],[103.4,2.86],[104.22,1.38],[103.27,1.31],[101.22,2.79],[100.48,4.21],[100.03,6.52],[100.68,6.46],[101.07,5.62],[102.13,6.26]]],[[[99.87,6.26],[99.65,6.26],[99.58,6.39],[99.87,6.26]]],[[[116.99,7.1],[117.01,7.36],[117.23,7.36],[116.99,7.1]]]]}},{"type":"Feature","properties":{"n":"People's Socialist Republic of Albania","f":1990,"t":1990,"w":"Q467864"},"geometry":{"type":"Polygon","coordinates":[[[19.25,40.61],[19.67,42.63],[20.59,42.04],[20.54,41.13],[21.08,40.74],[20.08,39.71],[19.25,40.61]]]}},{"type":"Feature","properties":{"n":"Federal Republic of Germany","f":1990,"t":1990,"w":"Q713750"},"geometry":{"type":"Polygon","coordinates":[[[10.62,53.39],[11.39,53.06],[10.79,52.99],[10.96,52.45],[10.53,52.25],[10.53,51.65],[9.93,51.45],[9.85,50.78],[10.44,50.25],[11.87,50.45],[13.77,48.65],[12.77,48.19],[13.0,47.53],[7.56,47.6],[8.11,48.99],[6.35,49.52],[5.94,51.85],[6.86,52.18],[7.08,53.73],[8.89,53.87],[8.53,54.89],[9.93,54.82],[11.05,54.21],[10.62,53.39]]]}},{"type":"Feature","properties":{"n":"Romania","f":1990,"t":1991,"w":"Q203493"},"geometry":{"type":"Polygon","coordinates":[[[29.53,44.91],[28.8,44.97],[28.51,43.73],[26.61,44.12],[25.43,43.6],[24.15,43.67],[22.95,43.8],[22.5,44.32],[22.69,44.65],[21.4,44.78],[21.43,45.17],[20.26,46.15],[21.18,46.35],[21.99,47.53],[22.85,47.99],[25.07,47.8],[26.85,48.26],[28.24,46.61],[28.13,45.5],[29.58,45.43],[29.53,44.91]]]}},{"type":"Feature","properties":{"n":"Republic of Poland","f":1990,"t":1991,"w":"Q36"},"geometry":{"type":"Polygon","coordinates":[[[23.19,54.34],[23.98,52.86],[23.15,52.25],[23.63,51.98],[24.08,50.58],[22.74,49.71],[22.69,49.05],[21.8,49.38],[19.87,49.18],[17.17,50.45],[16.49,50.18],[16.34,50.65],[14.83,50.91],[14.55,52.65],[14.13,52.79],[14.51,54.0],[17.5,54.89],[18.46,54.89],[18.69,54.41],[23.19,54.34]]]}},{"type":"Feature","properties":{"n":"Union of Soviet Socialist Republics","f":1990,"t":1990,"w":"Q15180"},"geometry":{"type":"MultiPolygon","coordinates":[[[[59.22,45.17],[59.24,45.24],[59.32,45.24],[59.22,45.17]]],[[[59.16,45.24],[59.18,45.3],[59.26,45.3],[59.16,45.24]]],[[[33.52,44.45],[33.61,45.1],[32.6,45.43],[34.15,46.09],[35.02,45.3],[36.42,45.43],[33.52,44.45]]],[[[59.18,45.3],[59.02,45.3],[59.04,45.37],[59.18,45.3]]],[[[29.66,45.37],[29.58,45.37],[29.58,45.43],[29.66,45.37]]],[[[58.97,45.43],[59.06,45.43],[58.87,45.37],[58.97,45.43]]],[[[58.89,45.43],[58.73,45.43],[58.75,45.5],[58.89,45.43]]],[[[58.89,45.69],[58.97,45.69],[58.95,45.63],[58.89,45.69]]],[[[59.8,45.76],[59.77,45.63],[59.68,45.63],[59.8,45.76]]],[[[53.18,46.02],[53.17,45.96],[53.08,45.96],[53.18,46.02]]],[[[13.69,52.59],[13.6,52.45],[13.43,52.52],[13.69,52.59]]],[[[19.95,55.02],[20.99,54.95],[21.11,55.29],[22.81,54.89],[22.68,54.41],[22.15,54.34],[20.42,54.34],[19.84,54.68],[19.95,55.02]]],[[[23.12,58.39],[21.9,57.9],[21.88,58.53],[23.12,58.39]]],[[[22.84,59.09],[22.9,58.81],[22.19,58.88],[22.84,59.09]]],[[[36.13,65.22],[35.5,65.0],[35.65,65.22],[36.13,65.22]]],[[[50.32,69.33],[49.7,68.88],[48.11,68.88],[48.24,69.41],[50.32,69.33]]],[[[51.35,79.91],[50.65,79.91],[50.97,80.19],[51.35,79.91]]],[[[59.55,80.19],[60.25,80.19],[59.31,79.91],[59.55,80.19]]],[[[50.16,80.37],[50.57,80.28],[49.96,80.09],[50.16,80.37]]],[[[53.79,80.19],[52.73,80.19],[52.95,80.47],[53.79,80.19]]],[[[47.56,80.19],[47.04,80.28],[47.16,80.47],[47.56,80.19]]],[[[54.72,80.47],[54.52,80.37],[54.6,80.47],[54.72,80.47]]],[[[58.31,80.94],[58.9,80.94],[58.22,80.56],[59.05,80.56],[58.18,80.09],[56.06,80.09],[56.37,80.47],[57.98,80.56],[58.31,80.94]]],[[[54.36,80.47],[54.75,80.65],[54.6,80.47],[54.36,80.47]]],[[[48.59,80.65],[50.93,80.94],[50.47,80.47],[47.85,80.09],[48.67,80.94],[48.59,80.65]]],[[[45.98,80.47],[45.92,80.56],[47.53,80.84],[45.98,80.47]]],[[[50.98,80.84],[51.86,80.75],[51.72,80.56],[50.77,80.56],[50.98,80.84]]],[[[47.76,80.65],[47.52,80.65],[48.07,80.94],[47.76,80.65]]],[[[56.68,81.13],[57.57,81.63],[58.33,81.53],[56.72,81.04],[58.07,80.94],[57.83,80.65],[55.86,80.56],[55.97,80.84],[54.9,80.84],[56.68,81.13]]],[[[58.85,81.43],[58.42,81.63],[58.8,81.93],[59.65,81.93],[58.85,81.43]]],[[[60.51,44.58],[60.53,44.65],[60.77,44.65],[60.51,44.58]]],[[[60.47,44.71],[60.55,44.71],[60.53,44.65],[60.47,44.71]]],[[[59.77,45.63],[59.85,45.63],[59.83,45.56],[59.77,45.63]]],[[[59.8,45.76],[59.82,45.82],[59.91,45.82],[59.8,45.76]]],[[[59.8,46.02],[59.92,46.15],[60.17,46.15],[59.8,46.02]]],[[[59.88,46.28],[59.74,46.09],[59.72,46.28],[59.88,46.28]]],[[[60.72,46.35],[60.98,46.15],[60.74,46.15],[60.72,46.35]]],[[[60.23,46.35],[60.06,46.35],[60.08,46.41],[60.23,46.35]]],[[[60.39,46.35],[60.41,46.41],[60.74,46.41],[60.39,46.35]]],[[[60.02,46.48],[60.1,46.48],[60.08,46.41],[60.02,46.48]]],[[[60.41,46.41],[60.25,46.41],[60.27,46.48],[60.41,46.41]]],[[[61.29,46.61],[61.19,46.28],[60.84,46.48],[61.29,46.61]]],[[[60.8,46.61],[60.88,46.61],[60.86,46.55],[60.8,46.61]]],[[[60.74,46.68],[60.82,46.68],[60.8,46.61],[60.74,46.68]]],[[[79.18,73.16],[79.66,73.0],[79.36,72.69],[78.57,72.84],[79.18,73.16]]],[[[74.58,72.84],[73.98,73.0],[74.4,73.25],[74.58,72.84]]],[[[76.03,73.65],[75.39,73.41],[75.61,73.65],[76.03,73.65]]],[[[59.23,74.63],[55.95,73.08],[56.32,73.0],[55.5,72.53],[55.43,72.05],[56.11,71.27],[57.62,70.88],[57.49,70.64],[53.85,70.72],[53.25,71.5],[52.85,70.95],[52.2,71.27],[52.43,71.5],[51.25,71.81],[52.77,72.69],[52.34,72.84],[54.14,73.41],[53.7,73.89],[56.11,74.79],[56.29,75.04],[55.75,75.04],[56.09,75.37],[56.73,75.2],[59.33,76.04],[64.23,76.38],[66.97,77.06],[69.14,76.89],[69.03,76.55],[67.83,76.21],[63.65,75.71],[59.23,74.63]]],[[[84.51,74.54],[84.92,74.63],[84.65,74.38],[84.51,74.54]]],[[[85.78,74.63],[86.6,74.87],[86.21,74.63],[85.78,74.63]]],[[[85.44,74.71],[85.12,74.71],[85.41,74.87],[85.44,74.71]]],[[[82.04,75.54],[82.38,75.45],[81.76,75.29],[82.04,75.54]]],[[[89.18,77.15],[89.97,77.41],[89.62,77.15],[89.18,77.15]]],[[[100.5,80.0],[99.8,79.18],[100.36,79.09],[99.83,78.82],[93.26,79.45],[94.78,80.09],[92.94,79.63],[91.35,79.91],[92.78,80.09],[93.18,80.37],[92.6,80.37],[93.55,81.04],[95.77,81.33],[98.05,80.94],[97.36,80.56],[98.56,80.19],[98.27,80.0],[100.5,80.0]]],[[[61.9,81.23],[61.76,80.94],[62.62,80.84],[61.92,80.47],[59.44,80.47],[59.77,80.84],[61.9,81.23]]],[[[80.32,80.75],[79.14,80.75],[80.8,81.04],[80.32,80.75]]],[[[65.9,81.04],[65.26,80.75],[62.89,80.75],[65.9,81.04]]],[[[90.74,81.33],[91.94,81.33],[91.27,80.94],[90.21,81.04],[90.74,81.33]]],[[[60.2,81.33],[60.32,81.33],[60.14,81.13],[60.2,81.33]]],[[[63.02,81.53],[62.66,81.53],[63.78,81.83],[63.02,81.53]]],[[[146.98,43.93],[146.5,43.73],[146.69,43.86],[146.98,43.93]]],[[[146.51,44.45],[145.29,43.73],[146.08,44.52],[146.51,44.45]]],[[[148.8,45.37],[146.78,44.39],[147.88,45.43],[148.96,45.56],[148.8,45.37]]],[[[150.55,46.28],[149.37,45.56],[149.51,45.82],[150.55,46.28]]],[[[151.83,46.81],[151.58,46.81],[151.96,47.14],[152.34,47.2],[151.83,46.81]]],[[[144.67,48.99],[144.74,48.79],[144.46,48.65],[144.67,48.99]]],[[[154.42,49.25],[154.9,49.65],[154.73,49.32],[154.42,49.25]]],[[[143.07,51.98],[144.43,49.18],[142.96,49.12],[142.5,47.93],[143.62,46.41],[143.3,46.22],[143.24,46.55],[142.53,46.68],[141.89,45.89],[141.66,46.41],[142.15,48.19],[141.75,48.79],[142.15,51.05],[141.46,51.98],[141.85,52.79],[141.72,53.33],[142.54,53.53],[142.31,54.21],[142.69,54.48],[143.08,54.27],[143.33,52.65],[143.07,51.98]]],[[[155.82,50.71],[156.54,50.91],[155.84,50.25],[155.08,50.25],[155.82,50.71]]],[[[108.87,53.53],[108.52,53.53],[108.6,53.73],[109.02,53.94],[108.87,53.53]]],[[[167.44,54.95],[168.04,54.68],[167.69,54.55],[167.26,54.75],[167.44,54.95]]],[[[137.59,54.41],[137.14,54.89],[137.5,55.23],[138.15,55.02],[137.59,54.41]]],[[[136.87,54.89],[136.53,54.89],[137.25,55.16],[136.87,54.89]]],[[[166.74,54.82],[166.39,54.68],[165.7,55.29],[166.32,55.43],[166.74,54.82]]],[[[46.63,44.45],[47.34,43.99],[47.68,42.56],[49.51,40.61],[50.26,40.42],[49.4,40.1],[48.79,38.48],[48.06,38.8],[48.13,39.64],[46.67,38.93],[45.07,39.26],[44.42,40.03],[43.65,40.16],[43.58,41.13],[42.86,41.59],[41.58,41.52],[41.82,41.98],[41.33,42.89],[36.78,45.1],[36.75,45.43],[37.7,45.3],[38.37,46.35],[37.84,46.61],[39.13,46.94],[39.2,47.33],[35.63,46.68],[34.74,46.15],[32.68,46.09],[31.82,46.35],[32.03,46.74],[30.88,46.68],[29.58,45.43],[28.51,45.24],[28.13,45.5],[28.11,46.87],[26.85,48.26],[25.07,47.8],[20.58,48.59],[17.71,47.73],[17.06,47.99],[16.76,48.79],[14.94,48.99],[14.18,48.59],[12.53,49.52],[12.12,50.25],[14.33,51.05],[15.26,50.98],[16.34,50.65],[16.49,50.18],[17.17,50.45],[19.87,49.18],[22.78,49.12],[22.74,49.71],[24.08,50.58],[23.63,51.98],[23.15,52.25],[23.98,52.86],[23.49,53.94],[25.69,54.21],[25.77,54.89],[26.71,55.36],[26.51,55.77],[24.83,56.39],[21.74,56.39],[20.92,56.05],[21.0,56.94],[21.41,57.49],[22.52,57.83],[23.58,57.01],[24.23,57.28],[24.27,58.25],[23.41,58.53],[23.41,59.29],[30.14,59.92],[28.65,60.28],[28.54,60.7],[27.97,60.56],[31.5,62.98],[30.05,63.7],[30.55,64.28],[29.62,64.86],[30.03,65.88],[29.05,66.77],[29.94,67.67],[28.42,68.42],[29.32,69.33],[31.91,70.02],[32.98,69.87],[32.9,69.56],[33.44,69.33],[36.13,69.26],[41.0,67.74],[41.39,67.15],[41.04,66.7],[38.68,66.03],[32.55,67.07],[33.0,66.55],[34.87,65.88],[34.44,65.37],[34.98,64.49],[37.39,63.91],[37.88,63.99],[37.89,64.35],[36.79,64.49],[36.36,65.0],[37.21,65.3],[38.21,64.79],[40.19,64.71],[39.54,65.37],[40.4,65.96],[41.96,66.55],[43.97,66.18],[44.37,67.0],[43.6,67.3],[44.17,68.27],[43.45,68.73],[45.88,68.57],[46.66,67.82],[44.93,67.44],[45.81,66.92],[47.37,66.92],[47.78,67.67],[53.28,69.03],[54.04,68.95],[53.87,68.42],[53.3,68.27],[58.39,69.03],[59.09,69.03],[59.4,68.88],[59.24,68.42],[59.74,68.42],[60.7,68.88],[60.09,69.72],[58.34,70.18],[59.07,70.57],[60.54,69.79],[63.93,69.72],[68.49,68.27],[68.95,68.95],[66.6,69.64],[67.17,70.18],[67.19,70.8],[66.53,71.03],[68.33,71.81],[69.96,73.49],[71.3,73.57],[71.11,73.08],[69.71,72.92],[72.94,72.76],[72.66,72.05],[71.81,71.5],[72.89,71.03],[72.5,69.03],[73.63,68.65],[73.07,67.74],[71.52,66.62],[70.4,66.4],[72.1,66.33],[74.65,67.74],[74.2,68.35],[74.59,68.88],[76.47,69.11],[77.31,68.65],[77.25,68.05],[77.88,68.35],[77.59,68.88],[76.63,69.18],[73.66,69.11],[73.41,69.72],[74.22,70.64],[72.89,71.42],[74.87,72.21],[74.86,72.92],[75.77,72.53],[75.27,71.81],[75.4,71.34],[77.19,71.27],[75.85,71.89],[77.23,72.05],[76.71,72.29],[77.48,72.69],[82.52,71.81],[82.13,72.29],[80.47,72.53],[80.55,73.16],[80.18,73.33],[80.89,73.73],[86.9,73.89],[87.0,74.46],[86.06,74.3],[87.32,75.12],[89.01,75.54],[95.91,76.38],[96.8,76.38],[96.22,76.04],[97.65,76.04],[99.11,76.3],[99.15,76.64],[100.8,76.55],[101.49,77.24],[102.94,77.67],[105.1,77.76],[106.29,77.58],[105.16,77.15],[107.59,77.06],[106.66,76.55],[112.07,76.81],[114.09,75.96],[113.31,75.12],[106.15,73.33],[105.53,72.92],[110.4,73.65],[110.73,73.81],[109.34,73.65],[110.12,74.14],[111.06,73.97],[112.12,74.63],[113.31,74.63],[113.61,74.54],[111.48,73.89],[112.53,73.73],[113.21,74.05],[113.6,73.81],[113.36,73.57],[118.9,73.73],[118.4,73.33],[120.56,73.0],[123.08,73.0],[123.21,73.57],[124.01,73.81],[128.08,73.57],[129.12,73.16],[128.74,72.92],[129.22,72.76],[128.74,72.53],[129.64,72.37],[128.87,71.66],[130.99,70.8],[132.46,71.97],[133.49,71.5],[139.7,71.58],[139.36,71.81],[139.8,72.21],[139.0,72.29],[141.34,72.92],[146.82,72.53],[146.53,72.13],[147.41,72.45],[149.62,72.29],[150.1,71.97],[148.95,71.74],[151.81,71.42],[152.49,70.88],[155.5,71.19],[159.39,70.95],[160.15,70.64],[159.78,69.87],[160.89,69.64],[166.9,69.56],[169.01,70.1],[169.63,69.95],[169.11,69.56],[168.35,69.64],[168.28,69.33],[170.45,68.88],[170.96,69.26],[169.96,69.64],[170.68,70.18],[171.8,70.18],[176.31,69.95],[180.0,69.11],[180.0,65.08],[177.34,64.49],[178.45,64.42],[178.89,63.91],[178.58,63.62],[179.4,63.34],[179.61,62.69],[179.0,62.33],[177.06,62.62],[173.58,61.69],[170.68,60.49],[170.28,59.92],[169.06,60.63],[166.99,60.35],[166.07,59.78],[166.19,60.49],[164.79,59.78],[163.64,60.0],[161.97,58.04],[163.38,57.83],[162.71,57.28],[163.46,56.39],[162.57,56.05],[162.58,56.46],[161.95,55.98],[161.77,55.23],[162.21,54.89],[160.06,54.21],[159.83,53.8],[160.13,53.26],[158.78,52.99],[158.3,51.98],[156.78,50.98],[156.39,51.25],[155.43,54.68],[155.7,56.52],[156.85,57.35],[156.86,57.9],[158.4,58.18],[161.99,60.56],[163.63,60.98],[163.35,60.98],[163.88,61.34],[163.62,61.41],[163.86,62.12],[164.55,62.69],[163.3,62.55],[163.07,61.9],[163.42,61.83],[163.0,61.55],[162.27,61.62],[160.17,60.63],[160.23,61.05],[159.67,60.98],[160.28,61.9],[157.1,61.69],[154.25,59.85],[154.14,59.5],[155.22,59.43],[154.93,59.16],[151.23,58.88],[152.05,59.29],[149.42,59.78],[148.61,59.22],[143.08,59.36],[140.9,58.39],[137.43,55.98],[135.2,54.95],[136.92,54.68],[136.68,53.87],[137.69,54.34],[137.32,54.07],[137.86,54.0],[137.27,53.6],[138.1,53.73],[138.73,54.34],[140.03,54.34],[141.46,53.33],[141.15,52.52],[141.56,52.25],[140.65,51.25],[140.25,48.59],[135.11,43.47],[133.27,42.69],[131.91,43.28],[130.77,42.43],[130.47,42.69],[131.27,43.28],[130.91,44.71],[131.7,45.24],[132.98,45.1],[134.68,47.66],[134.52,48.39],[132.12,47.66],[130.85,47.73],[130.57,48.85],[127.48,49.78],[125.9,52.86],[123.85,53.53],[121.9,53.46],[120.08,52.86],[119.9,52.65],[120.53,52.59],[120.67,52.05],[119.65,51.11],[119.28,50.11],[117.83,49.52],[114.01,50.25],[112.73,49.52],[108.59,49.32],[106.46,50.38],[103.3,50.18],[102.3,50.58],[101.91,51.51],[98.93,52.12],[97.84,51.11],[98.13,50.11],[97.43,49.78],[94.87,49.98],[94.13,50.58],[92.27,50.85],[89.49,49.65],[86.87,49.12],[86.6,48.59],[85.64,48.32],[85.74,47.33],[85.14,46.94],[83.04,47.2],[82.31,45.56],[82.55,45.17],[79.95,44.97],[80.41,44.71],[80.79,43.28],[80.14,42.04],[78.03,41.07],[76.89,41.0],[76.27,40.36],[75.49,40.61],[73.93,39.97],[73.77,38.67],[74.87,38.42],[74.92,37.25],[73.33,37.45],[71.58,36.74],[71.57,37.84],[71.18,38.42],[70.71,38.42],[70.27,37.64],[69.55,37.58],[69.35,37.13],[67.92,37.0],[65.71,37.51],[64.83,37.13],[64.3,36.16],[62.3,35.19],[61.3,35.58],[61.14,36.61],[60.44,36.61],[59.17,37.58],[57.19,38.22],[55.2,38.03],[53.96,37.32],[53.99,39.0],[53.14,39.45],[53.54,39.51],[53.5,40.03],[52.79,40.03],[52.7,40.36],[52.89,40.87],[54.37,40.74],[54.73,41.26],[54.09,41.59],[53.91,42.17],[53.19,42.17],[52.72,41.52],[52.44,42.04],[52.79,42.82],[51.44,43.21],[50.88,44.25],[50.19,44.45],[51.42,44.52],[51.02,44.84],[51.47,45.37],[54.3,44.97],[54.29,45.56],[53.06,45.56],[53.35,46.35],[53.11,47.01],[50.84,47.14],[47.57,45.76],[46.63,44.45]],[[103.57,51.58],[105.74,51.65],[106.4,52.32],[108.83,53.26],[109.64,54.27],[109.99,55.84],[109.32,55.77],[108.23,54.14],[104.91,51.92],[103.57,51.58]],[[74.32,45.96],[75.45,46.55],[78.46,46.28],[79.33,46.81],[74.6,46.87],[73.63,46.28],[73.33,45.5],[73.94,44.97],[74.32,45.96]],[[78.04,42.17],[78.66,42.76],[76.53,42.63],[76.51,42.37],[78.04,42.17]],[[59.12,43.41],[60.11,43.47],[61.58,44.91],[61.72,45.37],[61.34,45.43],[61.25,45.96],[61.7,46.87],[60.12,46.81],[58.62,45.89],[57.96,43.86],[59.13,43.73],[59.12,43.41]],[[53.33,44.39],[53.74,45.04],[53.42,45.04],[53.33,44.39]],[[35.26,61.55],[35.2,60.91],[36.08,61.12],[36.22,61.69],[35.29,62.4],[35.27,63.05],[34.12,63.34],[34.05,63.05],[34.99,62.69],[34.88,62.26],[34.15,62.69],[33.96,61.9],[35.26,61.55]],[[32.17,60.91],[31.78,61.26],[31.02,61.62],[29.86,61.34],[30.38,59.78],[31.82,60.14],[32.17,60.91]]],[[[163.69,59.02],[164.81,59.29],[164.48,58.88],[163.27,58.53],[163.69,59.02]]],[[[142.7,73.97],[143.61,73.49],[139.52,73.33],[141.11,73.97],[142.7,73.97]]],[[[136.32,74.22],[136.43,74.22],[136.06,73.89],[135.28,74.05],[136.32,74.22]]],[[[140.89,73.97],[139.83,73.97],[140.37,74.38],[141.24,74.22],[140.89,73.97]]],[[[147.94,74.79],[146.07,75.2],[146.68,75.71],[151.17,75.2],[150.09,74.79],[147.94,74.79]]],[[[142.34,75.45],[143.59,75.96],[145.58,75.71],[143.46,74.87],[141.73,75.04],[139.22,74.63],[136.86,75.2],[137.23,75.45],[137.01,75.62],[138.79,76.3],[140.13,75.87],[142.14,76.21],[142.72,75.96],[142.34,75.45]]],[[[135.33,75.37],[135.59,75.79],[136.14,75.96],[136.41,75.71],[135.33,75.37]]],[[[97.36,76.46],[96.56,76.13],[97.02,76.38],[97.36,76.46]]],[[[97.59,76.55],[97.37,76.55],[97.84,76.81],[97.59,76.55]]],[[[149.13,76.64],[148.69,76.64],[149.63,76.81],[149.13,76.64]]],[[[149.18,76.81],[149.49,76.89],[149.71,76.89],[149.18,76.81]]],[[[96.91,77.32],[95.53,76.98],[96.0,77.24],[96.91,77.32]]],[[[99.41,78.02],[101.97,79.45],[103.59,79.45],[102.72,78.91],[104.57,79.27],[106.0,78.73],[104.7,78.29],[99.41,78.02]]]]}},{"type":"Feature","properties":{"n":"Kingdom of Saudi Arabia","f":1990,"t":1990,"w":"Q851"},"geometry":{"type":"Polygon","coordinates":[[[48.87,27.67],[50.13,26.77],[50.07,26.07],[50.98,24.59],[51.5,24.52],[52.57,22.91],[55.3,22.66],[55.77,22.01],[55.17,20.09],[52.13,18.93],[49.0,18.61],[48.0,18.09],[47.27,17.0],[43.31,17.45],[42.81,16.42],[40.85,19.7],[39.35,20.79],[38.6,23.62],[37.44,24.33],[37.27,25.23],[35.41,27.87],[34.59,28.06],[34.91,29.34],[36.03,29.15],[37.95,30.44],[37.14,31.53],[39.26,32.17],[41.98,31.21],[44.65,29.22],[46.76,29.15],[47.57,28.96],[47.83,28.51],[48.51,28.57],[48.87,27.67]]]}},{"type":"Feature","properties":{"n":"Republic of Yemen","f":1990,"t":2023,"w":"Q199841"},"geometry":{"type":"MultiPolygon","coordinates":[[[[53.48,12.76],[54.5,12.63],[54.19,12.31],[53.32,12.5],[53.48,12.76]]],[[[44.39,12.63],[43.44,12.69],[42.69,15.52],[43.31,17.45],[47.27,17.0],[48.0,18.09],[49.0,18.61],[52.13,18.93],[53.22,16.68],[52.38,16.29],[52.26,15.59],[44.39,12.63]]],[[[42.02,16.81],[42.17,16.81],[42.23,16.61],[42.02,16.81]]]]}},{"type":"Feature","properties":{"n":"German Democratic Republic","f":1990,"t":1990,"w":"Q16957"},"geometry":{"type":"Polygon","coordinates":[[[14.13,52.79],[14.55,52.65],[14.83,50.91],[14.33,51.05],[12.29,50.25],[10.02,50.51],[9.93,51.45],[10.53,51.65],[10.53,52.25],[10.96,52.45],[10.79,52.99],[11.39,53.06],[10.62,53.39],[10.79,54.0],[13.41,54.75],[13.74,54.27],[13.3,54.21],[14.17,54.07],[14.13,52.79]],[[13.18,52.52],[13.69,52.59],[13.44,52.72],[13.18,52.52]]]}},{"type":"Feature","properties":{"n":"Iraqi Republic","f":1990,"t":1990,"w":"Q796"},"geometry":{"type":"Polygon","coordinates":[[[45.42,35.97],[46.25,35.84],[45.44,33.91],[47.98,31.72],[47.74,31.01],[48.6,29.99],[47.85,29.41],[48.44,28.57],[47.83,28.51],[47.57,28.96],[46.76,29.15],[44.65,29.22],[41.98,31.21],[39.05,32.36],[39.02,33.52],[41.24,34.74],[41.29,36.42],[42.74,37.32],[44.8,37.06],[45.42,35.97]]]}},{"type":"Feature","properties":{"n":"Republic of Chile","f":1990,"t":1990,"w":"Q298"},"geometry":{"type":"MultiPolygon","coordinates":[[[[-67.41,-55.64],[-67.23,-55.64],[-67.28,-55.85],[-67.41,-55.64]]],[[[-68.11,-55.37],[-67.89,-55.57],[-68.5,-55.57],[-68.11,-55.37]]],[[[-74.54,-52.73],[-74.54,-52.86],[-74.8,-52.86],[-74.54,-52.73]]],[[[-74.22,-44.2],[-73.98,-44.2],[-74.08,-44.39],[-74.22,-44.2]]],[[[-73.95,-43.81],[-74.05,-44.0],[-74.29,-44.0],[-73.95,-43.81]]],[[[-68.56,-52.59],[-68.72,-54.96],[-66.93,-55.03],[-67.15,-55.37],[-70.08,-55.3],[-69.59,-54.82],[-70.99,-55.1],[-70.33,-54.89],[-72.07,-54.62],[-71.02,-54.49],[-70.76,-54.21],[-72.93,-54.21],[-72.75,-53.94],[-73.36,-54.08],[-73.77,-53.13],[-74.63,-53.0],[-73.43,-53.13],[-73.21,-52.66],[-73.98,-52.8],[-73.9,-52.39],[-74.33,-52.39],[-74.12,-51.92],[-75.09,-52.12],[-74.88,-51.65],[-73.95,-51.52],[-74.43,-51.19],[-75.39,-51.65],[-74.49,-50.45],[-74.72,-50.12],[-74.97,-50.12],[-75.49,-50.85],[-75.43,-50.19],[-74.81,-49.85],[-75.65,-49.85],[-75.41,-49.59],[-75.78,-49.06],[-75.26,-48.73],[-75.8,-48.66],[-75.64,-48.07],[-74.6,-48.13],[-74.46,-47.87],[-74.83,-47.8],[-74.16,-47.14],[-75.11,-46.62],[-75.83,-46.88],[-74.88,-46.16],[-75.15,-45.9],[-74.22,-45.5],[-74.5,-45.24],[-74.03,-44.78],[-74.53,-44.65],[-73.62,-44.78],[-73.27,-44.39],[-72.99,-42.44],[-72.63,-42.18],[-73.02,-41.98],[-72.93,-41.59],[-73.6,-41.85],[-73.64,-43.15],[-73.88,-43.48],[-74.54,-43.35],[-74.13,-41.79],[-74.0,-41.85],[-73.81,-41.79],[-74.14,-41.27],[-73.98,-40.36],[-73.37,-39.46],[-73.84,-37.46],[-73.33,-37.13],[-72.42,-35.2],[-71.63,-32.69],[-71.94,-30.83],[-71.42,-29.74],[-71.73,-29.16],[-70.78,-26.27],[-70.53,-23.63],[-70.81,-23.5],[-70.18,-21.38],[-70.51,-18.94],[-69.59,-17.59],[-68.58,-19.45],[-68.85,-20.35],[-67.95,-22.86],[-67.08,-23.05],[-67.29,-23.89],[-68.61,-24.66],[-68.46,-27.04],[-69.73,-28.39],[-70.16,-29.54],[-69.96,-30.25],[-70.74,-31.47],[-69.93,-34.17],[-70.65,-35.46],[-70.48,-36.1],[-71.32,-36.94],[-70.97,-38.55],[-71.87,-39.84],[-71.83,-41.98],[-72.27,-42.44],[-72.25,-43.09],[-71.86,-43.28],[-71.94,-44.33],[-71.26,-44.59],[-71.98,-44.92],[-71.41,-45.24],[-71.85,-45.83],[-71.67,-46.62],[-72.7,-48.93],[-73.57,-49.59],[-73.58,-50.19],[-73.34,-50.79],[-72.37,-50.72],[-72.03,-51.99],[-69.47,-52.12],[-69.19,-52.66],[-68.56,-52.59]]]]}},{"type":"Feature","properties":{"n":"Hungary","f":1990,"t":1990,"w":"Q28513"},"geometry":{"type":"Polygon","coordinates":[[[21.99,47.53],[21.18,46.35],[18.45,45.76],[17.15,46.02],[16.28,46.81],[16.48,47.73],[17.06,47.99],[18.54,47.73],[20.58,48.59],[22.22,48.39],[22.68,47.86],[21.99,47.53]]]}},{"type":"Feature","properties":{"n":"Mujahideen","f":1990,"t":1991,"w":"Q42759"},"geometry":{"type":"Polygon","coordinates":[[[71.68,35.32],[71.05,34.61],[71.19,34.23],[69.99,34.04],[70.26,33.2],[69.54,33.07],[69.09,31.66],[68.12,31.79],[67.72,31.27],[66.88,31.27],[65.99,29.73],[62.3,29.41],[60.93,29.79],[61.92,31.21],[60.84,31.59],[60.62,32.88],[60.89,33.52],[60.53,33.65],[60.57,34.23],[61.3,35.58],[62.3,35.19],[62.96,35.39],[65.71,37.51],[67.92,37.0],[69.35,37.13],[69.55,37.58],[70.27,37.64],[70.71,38.42],[71.18,38.42],[71.57,37.84],[71.58,36.74],[73.33,37.45],[74.92,37.25],[71.39,36.29],[71.68,35.32]]]}},{"type":"Feature","properties":{"n":"People's Republic of Bulgaria","f":1990,"t":1990,"w":"Q121932"},"geometry":{"type":"Polygon","coordinates":[[[27.51,42.63],[27.93,41.98],[26.57,41.98],[25.72,41.26],[24.55,41.59],[22.94,41.39],[22.37,42.3],[22.9,43.08],[22.37,43.6],[22.66,44.19],[22.95,43.8],[24.15,43.67],[25.43,43.6],[26.61,44.12],[28.51,43.73],[27.51,42.63]]]}},{"type":"Feature","properties":{"n":"South Africa","f":1990,"t":2023,"w":"Q258"},"geometry":{"type":"Polygon","coordinates":[[[32.02,-26.84],[32.77,-26.91],[32.21,-28.77],[31.47,-29.09],[30.24,-31.02],[27.27,-33.46],[25.68,-33.79],[25.62,-34.11],[22.16,-34.11],[19.96,-34.82],[18.55,-34.11],[18.17,-34.36],[18.22,-33.59],[17.67,-33.08],[18.11,-32.63],[18.09,-31.92],[16.35,-28.71],[16.79,-28.13],[18.09,-28.97],[19.0,-28.97],[19.81,-28.45],[19.88,-24.85],[20.73,-25.94],[20.52,-26.84],[21.5,-26.91],[22.96,-25.3],[24.47,-25.88],[25.44,-25.69],[25.79,-24.79],[29.14,-22.15],[31.15,-22.41],[31.95,-25.56],[31.74,-25.94],[31.06,-25.82],[30.74,-26.91],[31.67,-27.36],[32.02,-26.84]],[[29.29,-29.22],[28.57,-28.64],[27.53,-28.97],[26.89,-29.67],[27.71,-30.7],[28.96,-30.06],[29.29,-29.22]]]}},{"type":"Feature","properties":{"n":"Islamic Republic of Iran","f":1990,"t":1991,"w":"Q794"},"geometry":{"type":"Polygon","coordinates":[[[49.09,37.51],[51.26,36.61],[54.03,36.87],[54.04,37.32],[55.2,38.03],[56.58,38.29],[61.14,36.61],[61.34,35.77],[60.57,34.23],[60.53,33.65],[60.89,33.52],[60.62,32.88],[60.84,31.59],[61.92,31.21],[60.93,29.79],[61.87,28.57],[62.8,28.19],[62.82,27.29],[63.33,27.16],[63.28,26.77],[61.85,26.19],[61.66,25.16],[57.96,25.55],[57.11,26.07],[56.71,27.16],[55.44,26.52],[55.54,26.77],[55.24,26.77],[54.83,26.45],[53.66,26.71],[51.32,27.99],[50.06,30.18],[48.39,30.12],[47.74,31.01],[47.98,31.72],[47.6,32.3],[46.23,32.94],[45.44,33.91],[46.25,35.84],[45.42,35.97],[45.1,36.42],[44.31,37.9],[44.07,39.38],[44.76,39.71],[45.87,38.87],[48.13,39.64],[48.06,38.8],[48.79,38.48],[49.09,37.51]]]}},{"type":"Feature","properties":{"n":"Republic of Botswana","f":1990,"t":2023,"w":"Q963"},"geometry":{"type":"Polygon","coordinates":[[[26.73,-23.82],[25.44,-25.69],[24.47,-25.88],[22.96,-25.3],[21.5,-26.91],[20.52,-26.84],[20.73,-25.94],[19.88,-24.85],[19.91,-22.02],[20.95,-21.89],[20.89,-18.36],[23.1,-18.04],[23.63,-18.49],[25.09,-17.78],[26.1,-19.64],[27.68,-20.67],[27.85,-21.57],[28.98,-22.09],[26.73,-23.82]]]}},{"type":"Feature","properties":{"n":"Republic of Lithuania","f":1990,"t":1991,"w":"Q37"},"geometry":{"type":"Polygon","coordinates":[[[22.68,54.41],[22.57,55.09],[21.2,55.29],[20.92,56.05],[21.74,56.39],[24.83,56.39],[26.51,55.77],[26.69,55.23],[25.77,54.89],[25.69,54.21],[24.26,53.87],[22.68,54.41]]]}},{"type":"Feature","properties":{"n":"Namibia","f":1990,"t":2023,"w":"Q1030"},"geometry":{"type":"Polygon","coordinates":[[[23.63,-18.49],[23.1,-18.04],[20.89,-18.36],[20.95,-21.89],[19.91,-22.02],[19.81,-28.45],[19.0,-28.97],[18.09,-28.97],[16.79,-28.13],[16.27,-28.64],[15.12,-27.42],[14.35,-24.4],[14.34,-22.47],[11.73,-18.36],[11.58,-17.26],[13.28,-17.01],[13.94,-17.46],[18.3,-17.39],[18.89,-17.84],[20.52,-18.04],[25.02,-17.78],[23.63,-18.49]]]}},{"type":"Feature","properties":{"n":"Union of Myanmar","f":1990,"t":2023,"w":"Q836"},"geometry":{"type":"MultiPolygon","coordinates":[[[[98.25,10.96],[98.3,10.76],[98.09,10.83],[98.25,10.96]]],[[[98.32,11.79],[98.61,11.73],[98.52,11.54],[98.32,11.79]]],[[[98.46,12.44],[98.25,12.5],[98.27,12.69],[98.46,12.44]]],[[[98.92,19.76],[97.94,19.64],[97.87,18.67],[97.45,18.35],[98.93,16.36],[98.23,14.94],[99.13,13.85],[99.66,11.99],[98.46,10.06],[98.76,11.73],[98.65,12.82],[97.77,14.81],[97.62,16.49],[96.93,17.32],[96.83,16.61],[95.61,15.71],[94.24,15.97],[94.48,18.22],[94.12,18.86],[93.51,18.74],[93.8,19.7],[92.25,20.79],[92.73,22.08],[93.19,22.14],[93.4,24.01],[94.13,23.88],[95.16,26.58],[96.21,27.29],[97.16,27.16],[97.0,27.74],[97.56,28.51],[98.74,27.48],[98.84,26.58],[98.67,25.81],[97.65,24.78],[97.65,23.94],[98.88,24.14],[98.94,23.24],[99.57,22.98],[99.29,22.14],[99.94,22.08],[100.22,21.5],[101.16,21.76],[100.64,20.86],[98.92,19.76]]]]}},{"type":"Feature","properties":{"n":"Union of Soviet Socialist Republics","f":1991,"t":1991,"w":"Q15180"},"geometry":{"type":"MultiPolygon","coordinates":[[[[59.22,45.17],[59.24,45.24],[59.32,45.24],[59.22,45.17]]],[[[59.16,45.24],[59.18,45.3],[59.26,45.3],[59.16,45.24]]],[[[33.52,44.45],[33.61,45.1],[32.6,45.43],[34.15,46.09],[35.02,45.3],[36.42,45.43],[33.52,44.45]]],[[[59.18,45.3],[59.02,45.3],[59.04,45.37],[59.18,45.3]]],[[[29.66,45.37],[29.58,45.37],[29.58,45.43],[29.66,45.37]]],[[[58.97,45.43],[59.06,45.43],[58.87,45.37],[58.97,45.43]]],[[[58.89,45.43],[58.73,45.43],[58.75,45.5],[58.89,45.43]]],[[[59.77,45.63],[59.85,45.63],[59.83,45.56],[59.77,45.63]]],[[[58.87,45.63],[58.89,45.69],[58.97,45.69],[58.87,45.63]]],[[[59.77,45.63],[59.68,45.63],[59.72,45.76],[59.77,45.63]]],[[[53.18,46.02],[53.17,45.96],[53.08,45.96],[53.18,46.02]]],[[[19.95,55.02],[20.99,54.95],[21.11,55.29],[22.81,54.89],[22.68,54.41],[22.15,54.34],[20.42,54.34],[19.84,54.68],[19.95,55.02]]],[[[23.12,58.39],[21.9,57.9],[21.88,58.53],[23.12,58.39]]],[[[22.84,59.09],[22.9,58.81],[22.19,58.88],[22.84,59.09]]],[[[36.13,65.22],[35.5,65.0],[35.65,65.22],[36.13,65.22]]],[[[50.32,69.33],[49.7,68.88],[48.11,68.88],[48.24,69.41],[50.32,69.33]]],[[[51.35,79.91],[50.65,79.91],[50.97,80.19],[51.35,79.91]]],[[[59.55,80.19],[60.25,80.19],[59.31,79.91],[59.55,80.19]]],[[[50.16,80.37],[50.57,80.28],[49.96,80.09],[50.16,80.37]]],[[[47.56,80.19],[47.04,80.28],[47.16,80.47],[47.63,80.47],[47.56,80.19]]],[[[53.2,80.19],[52.73,80.19],[53.89,80.47],[53.2,80.19]]],[[[54.72,80.47],[54.52,80.37],[54.6,80.47],[54.72,80.47]]],[[[58.31,80.94],[58.9,80.94],[58.22,80.56],[59.05,80.56],[58.18,80.09],[56.06,80.09],[56.37,80.47],[57.98,80.56],[58.31,80.94]]],[[[54.36,80.47],[54.75,80.65],[54.6,80.47],[54.36,80.47]]],[[[48.59,80.65],[50.93,80.94],[50.47,80.47],[47.85,80.09],[48.67,80.94],[48.59,80.65]]],[[[45.98,80.47],[45.92,80.56],[47.53,80.84],[45.98,80.47]]],[[[50.98,80.84],[51.86,80.75],[51.72,80.56],[50.77,80.56],[50.98,80.84]]],[[[47.76,80.65],[47.52,80.65],[48.07,80.94],[47.76,80.65]]],[[[56.68,81.13],[57.57,81.63],[58.33,81.53],[56.72,81.04],[58.07,80.94],[57.83,80.65],[55.86,80.56],[55.97,80.84],[54.9,80.84],[56.68,81.13]]],[[[58.85,81.43],[58.42,81.63],[58.8,81.93],[59.65,81.93],[58.85,81.43]]],[[[60.51,44.58],[60.53,44.65],[60.77,44.65],[60.51,44.58]]],[[[60.47,44.71],[60.55,44.71],[60.53,44.65],[60.47,44.71]]],[[[59.82,45.82],[59.91,45.82],[59.89,45.76],[59.82,45.82]]],[[[59.8,46.02],[59.92,46.15],[60.17,46.15],[59.8,46.02]]],[[[59.88,46.28],[59.74,46.09],[59.72,46.28],[59.88,46.28]]],[[[60.74,46.15],[60.72,46.35],[60.8,46.35],[60.74,46.15]]],[[[60.23,46.35],[60.06,46.35],[60.08,46.41],[60.23,46.35]]],[[[60.41,46.41],[60.74,46.41],[60.39,46.35],[60.41,46.41]]],[[[60.0,46.41],[60.02,46.48],[60.1,46.48],[60.0,46.41]]],[[[60.41,46.41],[60.25,46.41],[60.27,46.48],[60.41,46.41]]],[[[61.19,46.28],[60.84,46.48],[61.02,46.55],[61.19,46.28]]],[[[60.78,46.55],[60.8,46.61],[60.88,46.61],[60.78,46.55]]],[[[60.74,46.68],[60.82,46.68],[60.8,46.61],[60.74,46.68]]],[[[79.18,73.16],[79.66,73.0],[79.36,72.69],[78.46,72.84],[79.18,73.16]]],[[[74.58,72.84],[73.98,73.0],[74.4,73.25],[74.58,72.84]]],[[[76.03,73.65],[75.39,73.41],[75.61,73.65],[76.03,73.65]]],[[[60.96,75.2],[55.95,73.08],[56.32,73.0],[55.5,72.53],[55.43,72.05],[56.11,71.27],[57.62,70.88],[57.49,70.64],[53.85,70.72],[53.25,71.5],[52.85,70.95],[52.2,71.27],[52.43,71.5],[51.25,71.81],[52.77,72.69],[52.34,72.84],[54.14,73.41],[53.7,73.89],[56.11,74.79],[56.29,75.04],[55.75,75.04],[56.09,75.37],[56.73,75.2],[59.33,76.04],[64.23,76.38],[66.97,77.06],[69.14,76.89],[69.03,76.55],[67.83,76.21],[60.96,75.2]]],[[[84.51,74.54],[84.92,74.63],[84.65,74.38],[84.51,74.54]]],[[[79.52,74.71],[79.63,74.71],[79.57,74.54],[79.25,74.54],[79.52,74.71]]],[[[85.78,74.63],[86.6,74.87],[86.21,74.63],[85.78,74.63]]],[[[85.44,74.71],[85.12,74.71],[85.41,74.87],[85.44,74.71]]],[[[82.04,75.54],[82.38,75.45],[81.76,75.29],[82.04,75.54]]],[[[89.18,77.15],[89.97,77.41],[89.62,77.15],[89.18,77.15]]],[[[100.5,80.0],[99.8,79.18],[100.36,79.09],[99.83,78.82],[93.26,79.45],[94.78,80.09],[92.94,79.63],[91.35,79.91],[92.78,80.09],[93.18,80.37],[92.6,80.37],[93.55,81.04],[95.77,81.33],[98.05,80.94],[97.36,80.56],[98.56,80.19],[98.27,80.0],[100.5,80.0]]],[[[61.9,81.23],[61.76,80.94],[62.62,80.84],[61.92,80.47],[59.44,80.47],[59.77,80.84],[61.9,81.23]]],[[[80.32,80.75],[79.14,80.75],[80.8,81.04],[80.32,80.75]]],[[[65.9,81.04],[65.26,80.75],[62.89,80.75],[65.9,81.04]]],[[[90.74,81.33],[91.94,81.33],[91.27,80.94],[90.21,81.04],[90.74,81.33]]],[[[60.2,81.33],[60.32,81.33],[60.14,81.13],[60.2,81.33]]],[[[63.02,81.53],[62.66,81.53],[63.78,81.83],[63.02,81.53]]],[[[146.98,43.93],[146.5,43.73],[146.69,43.86],[146.98,43.93]]],[[[146.51,44.45],[145.29,43.73],[146.08,44.52],[146.51,44.45]]],[[[148.8,45.37],[146.78,44.39],[147.88,45.43],[148.96,45.56],[148.8,45.37]]],[[[150.55,46.28],[149.37,45.56],[149.51,45.82],[150.55,46.28]]],[[[151.83,46.81],[151.58,46.81],[151.96,47.14],[152.34,47.2],[151.83,46.81]]],[[[144.67,48.99],[144.74,48.79],[144.46,48.65],[144.67,48.99]]],[[[154.42,49.25],[154.9,49.65],[154.73,49.32],[154.42,49.25]]],[[[143.07,51.98],[144.43,49.18],[142.96,49.12],[142.5,47.93],[143.62,46.41],[143.3,46.22],[143.24,46.55],[142.53,46.68],[141.89,45.89],[141.66,46.41],[142.15,48.19],[141.75,48.79],[142.15,51.05],[141.46,51.98],[141.85,52.79],[141.72,53.33],[142.54,53.53],[142.31,54.21],[142.69,54.48],[143.08,54.27],[143.33,52.65],[143.07,51.98]]],[[[155.82,50.71],[156.54,50.91],[155.84,50.25],[155.08,50.25],[155.82,50.71]]],[[[108.87,53.53],[108.52,53.53],[108.6,53.73],[109.02,53.94],[108.87,53.53]]],[[[167.44,54.95],[168.04,54.68],[167.69,54.55],[167.26,54.75],[167.44,54.95]]],[[[137.59,54.41],[137.14,54.89],[137.5,55.23],[138.15,55.02],[137.59,54.41]]],[[[136.87,54.89],[136.53,54.89],[137.25,55.16],[136.87,54.89]]],[[[166.74,54.82],[166.39,54.68],[165.7,55.29],[166.32,55.43],[166.74,54.82]]],[[[46.63,44.45],[47.34,43.99],[47.68,42.56],[49.51,40.61],[50.26,40.42],[49.4,40.1],[48.79,38.48],[48.06,38.8],[48.13,39.64],[46.67,38.93],[45.07,39.26],[44.42,40.03],[43.65,40.16],[43.58,41.13],[42.86,41.59],[41.58,41.52],[41.82,41.98],[41.33,42.89],[36.78,45.1],[36.75,45.43],[37.7,45.3],[38.37,46.35],[37.84,46.61],[39.13,46.94],[39.2,47.33],[35.63,46.68],[34.74,46.15],[32.68,46.09],[31.82,46.35],[32.03,46.74],[30.88,46.68],[29.58,45.43],[28.51,45.24],[28.13,45.5],[28.11,46.87],[26.85,48.26],[25.07,47.8],[22.06,48.39],[22.78,49.12],[22.74,49.71],[24.08,50.58],[23.63,51.98],[23.15,52.25],[23.98,52.86],[23.49,53.94],[25.69,54.21],[25.77,54.89],[26.71,55.36],[26.51,55.77],[24.83,56.39],[21.74,56.39],[20.92,56.05],[21.0,56.94],[21.41,57.49],[22.52,57.83],[23.58,57.01],[24.23,57.28],[24.27,58.25],[23.41,58.53],[23.41,59.29],[30.14,59.92],[27.99,60.7],[31.5,62.98],[30.05,63.7],[30.55,64.28],[29.62,64.86],[30.03,65.88],[29.05,66.77],[29.94,67.67],[28.42,68.42],[28.63,68.95],[32.31,70.02],[33.44,69.33],[36.13,69.26],[41.0,67.74],[41.39,67.15],[41.04,66.7],[38.68,66.03],[32.55,67.07],[33.0,66.55],[34.87,65.88],[34.44,65.37],[34.98,64.49],[37.39,63.91],[37.88,63.99],[37.89,64.35],[36.79,64.49],[36.36,65.0],[37.21,65.3],[38.21,64.79],[40.19,64.71],[39.54,65.37],[40.4,65.96],[41.96,66.55],[43.97,66.18],[44.37,67.0],[43.6,67.3],[44.17,68.27],[43.45,68.73],[45.88,68.57],[46.66,67.82],[44.93,67.44],[45.81,66.92],[47.37,66.92],[47.78,67.67],[53.28,69.03],[54.04,68.95],[53.87,68.42],[53.3,68.27],[58.39,69.03],[59.09,69.03],[59.4,68.88],[59.24,68.42],[59.74,68.42],[60.7,68.88],[60.09,69.72],[58.34,70.18],[59.07,70.57],[60.54,69.79],[63.93,69.72],[68.49,68.27],[68.95,68.95],[66.6,69.64],[67.17,70.18],[67.19,70.8],[66.53,71.03],[68.33,71.81],[69.96,73.49],[71.3,73.57],[71.11,73.08],[69.71,72.92],[72.94,72.76],[72.66,72.05],[71.81,71.5],[72.89,71.03],[72.5,69.03],[73.63,68.65],[73.07,67.74],[71.52,66.62],[70.4,66.4],[72.1,66.33],[74.65,67.74],[74.2,68.35],[74.59,68.88],[76.47,69.11],[77.31,68.65],[77.25,68.05],[77.88,68.35],[77.59,68.88],[76.63,69.18],[73.66,69.11],[73.41,69.72],[74.22,70.64],[72.89,71.42],[74.87,72.21],[74.86,72.92],[75.77,72.53],[75.27,71.81],[75.4,71.34],[77.19,71.27],[75.85,71.89],[77.23,72.05],[76.71,72.29],[77.48,72.69],[82.52,71.81],[82.13,72.29],[80.47,72.53],[80.55,73.16],[80.18,73.33],[80.89,73.73],[86.9,73.89],[87.0,74.46],[86.06,74.3],[87.32,75.12],[89.01,75.54],[95.91,76.38],[96.8,76.38],[96.22,76.04],[97.65,76.04],[99.11,76.3],[99.15,76.64],[100.8,76.55],[101.49,77.24],[102.94,77.67],[105.1,77.76],[106.29,77.58],[105.16,77.15],[107.59,77.06],[106.66,76.55],[112.07,76.81],[114.09,75.96],[113.31,75.12],[106.15,73.33],[105.53,72.92],[110.4,73.65],[110.73,73.81],[109.34,73.65],[110.12,74.14],[111.06,73.97],[112.12,74.63],[113.31,74.63],[113.61,74.54],[111.48,73.89],[112.53,73.73],[113.21,74.05],[113.6,73.81],[113.36,73.57],[118.9,73.73],[118.4,73.33],[120.56,73.0],[123.08,73.0],[123.21,73.57],[124.01,73.81],[128.08,73.57],[129.12,73.16],[128.74,72.92],[129.22,72.76],[128.74,72.53],[129.64,72.37],[128.87,71.66],[130.99,70.8],[132.46,71.97],[133.49,71.5],[139.7,71.58],[139.36,71.81],[139.8,72.21],[139.0,72.29],[141.34,72.92],[146.82,72.53],[146.53,72.13],[147.41,72.45],[149.62,72.29],[150.1,71.97],[148.95,71.74],[151.81,71.42],[152.49,70.88],[155.5,71.19],[159.39,70.95],[160.15,70.64],[159.78,69.87],[160.89,69.64],[166.9,69.56],[169.01,70.1],[169.63,69.95],[169.11,69.56],[168.35,69.64],[168.28,69.33],[170.45,68.88],[170.96,69.26],[169.96,69.64],[170.68,70.18],[171.8,70.18],[176.31,69.95],[180.0,69.11],[180.0,65.08],[177.34,64.49],[178.45,64.42],[178.89,63.91],[178.58,63.62],[179.4,63.34],[179.61,62.69],[179.0,62.33],[177.06,62.62],[173.58,61.69],[170.68,60.49],[170.28,59.92],[169.06,60.63],[166.99,60.35],[166.07,59.78],[166.19,60.49],[164.79,59.78],[163.64,60.0],[161.97,58.04],[163.38,57.83],[162.71,57.28],[163.46,56.39],[162.57,56.05],[162.58,56.46],[161.95,55.98],[161.77,55.23],[162.21,54.89],[160.06,54.21],[159.83,53.8],[160.13,53.26],[158.78,52.99],[158.3,51.98],[156.78,50.98],[156.39,51.25],[155.43,54.68],[155.7,56.52],[156.85,57.35],[156.86,57.9],[158.4,58.18],[161.99,60.56],[163.63,60.98],[163.35,60.98],[163.88,61.34],[163.62,61.41],[163.86,62.12],[164.55,62.69],[163.3,62.55],[163.07,61.9],[163.42,61.83],[163.0,61.55],[162.27,61.62],[160.17,60.63],[160.23,61.05],[159.67,60.98],[160.28,61.9],[157.1,61.69],[154.25,59.85],[154.14,59.5],[155.22,59.43],[154.93,59.16],[151.23,58.88],[152.05,59.29],[149.42,59.78],[148.61,59.22],[143.08,59.36],[140.9,58.39],[137.43,55.98],[135.2,54.95],[136.92,54.68],[136.68,53.87],[137.69,54.34],[137.32,54.07],[137.86,54.0],[137.27,53.6],[138.1,53.73],[138.73,54.34],[140.03,54.34],[141.46,53.33],[141.15,52.52],[141.56,52.25],[140.65,51.25],[140.25,48.59],[135.11,43.47],[133.27,42.69],[131.91,43.28],[130.77,42.43],[130.47,42.69],[131.27,43.28],[130.91,44.71],[131.7,45.24],[132.98,45.1],[134.68,47.66],[134.52,48.39],[132.12,47.66],[130.85,47.73],[130.57,48.85],[127.48,49.78],[125.9,52.86],[123.85,53.53],[121.9,53.46],[120.08,52.86],[119.9,52.65],[120.53,52.59],[120.67,52.05],[119.65,51.11],[119.28,50.11],[117.83,49.52],[114.01,50.25],[112.73,49.52],[108.59,49.32],[106.46,50.38],[103.3,50.18],[102.3,50.58],[101.91,51.51],[98.93,52.12],[97.84,51.11],[98.13,50.11],[97.43,49.78],[94.87,49.98],[94.13,50.58],[92.27,50.85],[89.49,49.65],[86.87,49.12],[86.6,48.59],[85.64,48.32],[85.74,47.33],[85.14,46.94],[83.04,47.2],[82.31,45.56],[82.55,45.17],[79.95,44.97],[80.41,44.71],[80.79,43.28],[80.14,42.04],[78.03,41.07],[76.89,41.0],[76.27,40.36],[75.49,40.61],[73.93,39.97],[73.77,38.67],[74.87,38.42],[74.92,37.25],[73.33,37.45],[71.58,36.74],[71.57,37.84],[71.18,38.42],[70.71,38.42],[70.27,37.64],[69.55,37.58],[69.35,37.13],[67.92,37.0],[65.71,37.51],[64.83,37.13],[64.3,36.16],[62.3,35.19],[61.3,35.58],[61.14,36.61],[60.44,36.61],[59.17,37.58],[57.19,38.22],[55.2,38.03],[53.96,37.32],[53.99,39.0],[53.14,39.45],[53.54,39.51],[53.5,40.03],[52.79,40.03],[52.7,40.36],[52.89,40.87],[54.37,40.74],[54.73,41.26],[54.09,41.59],[53.91,42.17],[53.19,42.17],[52.72,41.52],[52.44,42.04],[52.79,42.82],[51.44,43.21],[50.88,44.25],[50.19,44.45],[51.42,44.52],[51.02,44.84],[51.47,45.37],[54.3,44.97],[54.29,45.56],[53.06,45.56],[53.35,46.35],[53.11,47.01],[50.84,47.14],[47.57,45.76],[46.63,44.45]],[[176.44,65.08],[176.16,64.86],[177.08,64.79],[176.44,65.08]],[[103.57,51.58],[105.74,51.65],[106.4,52.32],[108.83,53.26],[109.64,54.27],[109.99,55.84],[109.32,55.77],[108.18,54.07],[104.91,51.92],[103.57,51.58]],[[74.32,45.96],[75.45,46.55],[78.46,46.28],[79.33,46.81],[74.6,46.87],[73.63,46.28],[73.33,45.5],[73.94,44.97],[74.32,45.96]],[[78.04,42.17],[78.66,42.76],[76.53,42.63],[76.51,42.37],[78.04,42.17]],[[59.12,43.41],[60.11,43.47],[61.58,44.91],[61.72,45.37],[61.34,45.43],[61.25,45.96],[61.7,46.87],[60.12,46.81],[59.31,46.02],[58.64,45.96],[57.96,43.86],[59.13,43.73],[59.12,43.41]],[[53.33,44.39],[53.74,45.04],[53.42,45.04],[53.33,44.39]],[[35.26,61.55],[35.2,60.91],[36.08,61.12],[36.22,61.69],[35.29,62.4],[35.27,63.05],[34.12,63.34],[34.05,63.05],[34.99,62.69],[34.88,62.26],[34.15,62.69],[34.04,61.83],[35.26,61.55]],[[32.17,60.91],[31.78,61.26],[31.02,61.62],[29.86,61.34],[30.38,59.78],[31.82,60.14],[32.17,60.91]]],[[[163.69,59.02],[164.81,59.29],[164.48,58.88],[163.27,58.53],[163.69,59.02]]],[[[142.7,73.97],[143.61,73.49],[139.52,73.33],[141.11,73.97],[142.7,73.97]]],[[[136.32,74.22],[136.43,74.22],[136.06,73.89],[135.28,74.05],[136.32,74.22]]],[[[140.89,73.97],[139.83,73.97],[140.37,74.38],[141.24,74.22],[140.89,73.97]]],[[[147.94,74.79],[146.07,75.2],[146.68,75.71],[151.17,75.2],[150.09,74.79],[147.94,74.79]]],[[[142.34,75.45],[143.59,75.96],[145.58,75.71],[143.46,74.87],[141.73,75.04],[139.22,74.63],[136.86,75.2],[137.23,75.45],[137.01,75.62],[138.79,76.3],[140.13,75.87],[142.14,76.21],[142.72,75.96],[142.34,75.45]]],[[[135.33,75.37],[135.59,75.79],[136.14,75.96],[136.41,75.71],[135.33,75.37]]],[[[97.36,76.46],[96.56,76.13],[97.02,76.38],[97.36,76.46]]],[[[97.59,76.55],[97.37,76.55],[97.84,76.81],[97.59,76.55]]],[[[149.13,76.64],[148.69,76.64],[149.63,76.81],[149.13,76.64]]],[[[149.18,76.81],[149.49,76.89],[149.71,76.89],[149.18,76.81]]],[[[96.91,77.32],[95.53,76.98],[96.0,77.24],[96.91,77.32]]],[[[99.41,78.02],[101.97,79.45],[103.59,79.45],[102.72,78.91],[104.57,79.27],[106.0,78.73],[104.7,78.29],[99.41,78.02]]]]}},{"type":"Feature","properties":{"n":"Kuwait","f":1991,"t":2023,"w":"Q817"},"geometry":{"type":"Polygon","coordinates":[[[47.83,28.51],[47.57,28.96],[46.69,29.15],[47.24,30.05],[48.37,29.92],[48.4,29.6],[47.87,29.54],[48.44,28.57],[47.83,28.51]]]}},{"type":"Feature","properties":{"n":"Socialist Federal Republic of Yugoslavia","f":1991,"t":1991,"w":"Q83286"},"geometry":{"type":"MultiPolygon","coordinates":[[[[21.43,45.17],[21.4,44.78],[22.69,44.65],[22.37,43.6],[22.9,43.08],[22.37,42.3],[22.94,41.39],[22.53,41.13],[21.08,40.74],[20.54,41.13],[20.59,42.04],[20.06,42.56],[19.42,42.43],[19.31,41.91],[17.99,42.82],[17.51,42.76],[17.05,43.41],[15.93,43.47],[14.6,45.37],[13.78,44.91],[13.4,46.28],[16.28,46.94],[17.88,45.76],[20.26,46.15],[21.43,45.17]]],[[[14.51,44.91],[14.5,44.52],[14.26,44.58],[14.51,44.91]]]]}},{"type":"Feature","properties":{"n":"Kingdom of Saudi Arabia","f":1991,"t":2023,"w":"Q851"},"geometry":{"type":"Polygon","coordinates":[[[48.87,27.67],[50.13,26.77],[50.07,26.07],[50.98,24.59],[51.5,24.52],[52.57,22.91],[55.3,22.66],[55.77,22.01],[55.17,20.09],[52.13,18.93],[49.0,18.61],[48.0,18.09],[47.27,17.0],[43.31,17.45],[42.81,16.42],[40.85,19.7],[39.35,20.79],[38.6,23.62],[37.44,24.33],[37.27,25.23],[35.41,27.87],[34.59,28.06],[34.91,29.34],[36.03,29.15],[37.95,30.44],[37.14,31.53],[39.26,32.17],[41.98,31.21],[44.65,29.22],[46.69,29.15],[47.57,28.96],[47.83,28.51],[48.51,28.57],[48.87,27.67]]]}},{"type":"Feature","properties":{"n":"Federated Republic of Germany","f":1991,"t":2023,"w":"Q183"},"geometry":{"type":"Polygon","coordinates":[[[13.41,54.75],[13.74,54.27],[13.3,54.21],[14.17,54.07],[14.4,53.26],[14.13,52.79],[14.55,52.65],[14.83,50.91],[14.33,51.05],[12.21,50.25],[12.53,49.52],[13.77,48.65],[12.77,48.19],[13.0,47.53],[7.56,47.6],[8.11,48.99],[6.35,49.52],[5.94,51.85],[6.86,52.18],[7.08,53.73],[8.89,53.87],[8.53,54.89],[9.93,54.82],[11.4,54.0],[13.41,54.75]]]}},{"type":"Feature","properties":{"n":"Mongolian People's Republic","f":1991,"t":1991,"w":"Q212056"},"geometry":{"type":"Polygon","coordinates":[[[115.42,47.99],[117.31,47.73],[118.48,47.99],[119.75,47.2],[119.8,46.68],[116.72,46.35],[115.88,45.56],[114.74,45.43],[113.69,44.78],[112.02,45.1],[111.39,44.32],[111.89,43.67],[110.28,42.69],[106.86,42.3],[104.97,41.59],[101.56,42.56],[96.58,42.69],[95.34,44.25],[93.59,44.97],[90.74,45.3],[91.01,46.68],[90.17,47.8],[89.03,47.99],[87.73,48.85],[88.33,49.52],[92.27,50.85],[94.13,50.58],[94.87,49.98],[97.43,49.78],[98.13,50.11],[97.84,51.11],[98.93,52.12],[101.91,51.51],[102.3,50.58],[103.3,50.18],[106.46,50.38],[108.59,49.32],[112.73,49.52],[114.01,50.25],[116.57,49.85],[115.42,47.99]]]}},{"type":"Feature","properties":{"n":"Republic of Albania","f":1991,"t":1999,"w":"Q467864"},"geometry":{"type":"Polygon","coordinates":[[[19.25,40.61],[19.67,42.63],[20.59,42.04],[20.54,41.13],[21.08,40.74],[20.08,39.71],[19.25,40.61]]]}},{"type":"Feature","properties":{"n":"Republic of Bulgaria","f":1991,"t":1991,"w":"Q121932"},"geometry":{"type":"Polygon","coordinates":[[[27.51,42.63],[27.93,41.98],[26.57,41.98],[25.72,41.26],[24.55,41.59],[22.94,41.39],[22.37,42.3],[22.9,43.08],[22.37,43.6],[22.66,44.19],[22.95,43.8],[24.15,43.67],[25.43,43.6],[26.61,44.12],[28.51,43.73],[27.51,42.63]]]}},{"type":"Feature","properties":{"n":"Czechoslovakia","f":1991,"t":1991,"w":"Q33946"},"geometry":{"type":"Polygon","coordinates":[[[22.06,48.39],[20.58,48.59],[17.71,47.73],[17.06,47.99],[16.76,48.79],[14.94,48.99],[14.18,48.59],[12.53,49.52],[12.21,50.25],[14.33,51.05],[15.26,50.98],[16.34,50.65],[16.49,50.18],[17.17,50.45],[19.87,49.18],[21.8,49.38],[22.44,49.05],[22.06,48.39]]]}},{"type":"Feature","properties":{"n":"Iraqi Republic","f":1991,"t":1999,"w":"Q796"},"geometry":{"type":"Polygon","coordinates":[[[45.42,35.97],[46.25,35.84],[45.44,33.91],[46.23,32.94],[47.6,32.3],[47.98,31.72],[47.74,31.01],[48.6,29.99],[47.24,30.05],[46.3,29.02],[44.65,29.22],[41.98,31.21],[39.26,32.17],[38.89,33.01],[39.02,33.52],[41.04,34.42],[41.29,36.42],[42.74,37.32],[44.8,37.06],[45.42,35.97]]]}},{"type":"Feature","properties":{"n":"Republic of Chile","f":1991,"t":2023,"w":"Q298"},"geometry":{"type":"MultiPolygon","coordinates":[[[[-67.41,-55.64],[-67.23,-55.64],[-67.28,-55.85],[-67.41,-55.64]]],[[[-68.11,-55.37],[-67.89,-55.57],[-68.5,-55.57],[-68.11,-55.37]]],[[[-74.54,-52.73],[-74.54,-52.86],[-74.8,-52.86],[-74.54,-52.73]]],[[[-74.22,-44.2],[-73.98,-44.2],[-74.08,-44.39],[-74.22,-44.2]]],[[[-73.95,-43.81],[-74.05,-44.0],[-74.29,-44.0],[-73.95,-43.81]]],[[[-68.56,-52.59],[-68.72,-54.96],[-66.93,-55.03],[-67.15,-55.37],[-70.08,-55.3],[-69.59,-54.82],[-70.99,-55.1],[-70.33,-54.89],[-72.07,-54.62],[-71.02,-54.49],[-70.76,-54.21],[-72.93,-54.21],[-72.75,-53.94],[-73.36,-54.08],[-73.77,-53.13],[-74.63,-53.0],[-73.43,-53.13],[-73.21,-52.66],[-73.98,-52.8],[-73.9,-52.39],[-74.33,-52.39],[-74.12,-51.92],[-75.09,-52.12],[-74.88,-51.65],[-73.95,-51.52],[-74.43,-51.19],[-75.39,-51.65],[-74.49,-50.45],[-74.72,-50.12],[-74.97,-50.12],[-75.49,-50.85],[-75.43,-50.19],[-74.81,-49.85],[-75.65,-49.85],[-75.41,-49.59],[-75.78,-49.06],[-75.26,-48.73],[-75.8,-48.66],[-75.64,-48.07],[-74.6,-48.13],[-74.46,-47.87],[-74.83,-47.8],[-74.16,-47.14],[-75.11,-46.62],[-75.83,-46.88],[-74.88,-46.16],[-75.15,-45.9],[-74.22,-45.5],[-74.5,-45.24],[-74.03,-44.78],[-74.53,-44.65],[-73.62,-44.78],[-73.27,-44.39],[-72.99,-42.44],[-72.63,-42.18],[-73.02,-41.98],[-72.93,-41.59],[-73.6,-41.85],[-73.64,-43.15],[-73.88,-43.48],[-74.54,-43.35],[-74.13,-41.79],[-74.0,-41.85],[-73.81,-41.79],[-74.14,-41.27],[-73.98,-40.36],[-73.37,-39.46],[-73.84,-37.46],[-73.33,-37.13],[-72.42,-35.2],[-71.63,-32.69],[-71.94,-30.83],[-71.42,-29.74],[-71.73,-29.16],[-70.78,-26.27],[-70.53,-23.63],[-70.81,-23.5],[-70.18,-21.38],[-70.51,-18.94],[-69.59,-17.59],[-68.58,-19.45],[-68.85,-20.35],[-67.95,-22.86],[-67.08,-23.05],[-67.29,-23.89],[-68.61,-24.66],[-68.46,-27.04],[-69.73,-28.39],[-70.16,-29.54],[-69.96,-30.25],[-70.74,-31.47],[-69.93,-34.17],[-70.65,-35.46],[-70.48,-36.1],[-71.32,-36.94],[-70.97,-38.55],[-71.87,-39.84],[-71.83,-41.98],[-72.27,-42.44],[-72.25,-43.09],[-71.86,-43.28],[-71.94,-44.33],[-71.26,-44.59],[-71.98,-44.92],[-71.41,-45.24],[-71.85,-45.83],[-71.67,-46.62],[-72.7,-48.93],[-73.57,-49.59],[-73.58,-50.19],[-73.34,-50.79],[-72.37,-50.72],[-72.03,-51.99],[-69.47,-52.12],[-69.19,-52.66],[-68.56,-52.59]]]]}},{"type":"Feature","properties":{"n":"Hungary","f":1991,"t":1991,"w":"Q28513"},"geometry":{"type":"Polygon","coordinates":[[[21.99,47.53],[21.18,46.35],[18.45,45.76],[17.15,46.02],[16.28,46.81],[16.48,47.73],[17.06,47.99],[18.54,47.73],[20.58,48.59],[22.38,48.32],[22.68,47.86],[21.99,47.53]]]}},{"type":"Feature","properties":{"n":"Republic of Tajikistan","f":1992,"t":1999,"w":"Q863"},"geometry":{"type":"Polygon","coordinates":[[[73.89,38.55],[74.87,38.42],[74.92,37.25],[73.33,37.45],[71.58,36.74],[71.18,38.42],[70.71,38.42],[70.27,37.64],[69.55,37.58],[69.35,37.13],[67.92,37.0],[67.75,37.25],[68.37,38.16],[68.05,39.0],[67.34,39.26],[67.51,39.58],[68.43,39.51],[68.92,40.1],[68.64,40.23],[69.27,40.23],[69.35,40.74],[70.46,41.0],[70.7,40.74],[70.36,40.42],[71.07,39.9],[69.73,40.16],[69.26,39.64],[72.06,39.26],[73.69,39.45],[73.89,38.55]]]}},{"type":"Feature","properties":{"n":"Republic of Latvia","f":1992,"t":2023,"w":"Q211"},"geometry":{"type":"Polygon","coordinates":[[[27.47,55.77],[26.5,55.7],[24.83,56.39],[21.74,56.39],[20.92,56.05],[20.87,56.46],[21.6,57.63],[22.52,57.83],[23.67,57.01],[24.78,58.04],[27.31,57.63],[28.15,56.18],[27.47,55.77]]]}},{"type":"Feature","properties":{"n":"Kazakhstan","f":1992,"t":1995,"w":"Q232"},"geometry":{"type":"MultiPolygon","coordinates":[[[[59.06,45.43],[59.04,45.37],[58.96,45.37],[59.06,45.43]]],[[[58.75,45.5],[58.91,45.5],[58.89,45.43],[58.75,45.5]]],[[[59.85,45.63],[59.83,45.56],[59.75,45.56],[59.85,45.63]]],[[[58.95,45.63],[58.87,45.63],[58.89,45.69],[58.95,45.63]]],[[[59.72,45.76],[59.8,45.76],[59.77,45.63],[59.72,45.76]]],[[[59.91,45.82],[59.89,45.76],[59.8,45.76],[59.91,45.82]]],[[[53.17,45.96],[53.08,45.96],[53.1,46.02],[53.17,45.96]]],[[[60.0,46.15],[60.17,46.15],[59.8,46.02],[60.0,46.15]]],[[[59.88,46.28],[59.82,46.09],[59.74,46.09],[59.88,46.28]]],[[[60.08,46.41],[60.0,46.41],[60.02,46.48],[60.08,46.41]]],[[[60.61,44.65],[60.77,44.65],[60.75,44.58],[60.61,44.65]]],[[[60.55,44.71],[60.53,44.65],[60.45,44.65],[60.55,44.71]]],[[[60.8,46.35],[60.98,46.15],[60.74,46.15],[60.8,46.35]]],[[[60.08,46.41],[60.25,46.41],[60.23,46.35],[60.08,46.41]]],[[[60.74,46.41],[60.39,46.35],[60.49,46.41],[60.74,46.41]]],[[[60.27,46.48],[60.43,46.48],[60.41,46.41],[60.27,46.48]]],[[[60.84,46.48],[61.29,46.61],[61.15,46.41],[60.84,46.48]]],[[[60.88,46.61],[60.86,46.55],[60.78,46.55],[60.88,46.61]]],[[[60.8,46.61],[60.72,46.61],[60.74,46.68],[60.8,46.61]]],[[[85.64,48.32],[85.45,47.07],[83.04,47.2],[82.31,45.56],[82.55,45.17],[79.95,44.97],[80.41,44.71],[80.79,43.28],[80.16,42.3],[79.08,42.82],[75.4,42.82],[74.12,43.28],[73.54,43.02],[73.44,42.5],[72.35,42.82],[71.08,42.63],[70.64,42.04],[68.38,41.2],[68.66,40.81],[68.36,40.61],[67.98,41.2],[66.57,41.26],[66.53,41.91],[65.99,42.24],[66.16,43.02],[65.68,43.02],[65.02,43.73],[61.76,43.6],[60.88,44.45],[61.58,44.91],[61.72,45.37],[61.34,45.43],[61.25,45.96],[61.64,46.94],[60.12,46.81],[58.52,45.56],[56.0,44.97],[56.03,41.39],[55.24,41.39],[54.26,42.3],[52.49,41.91],[52.79,42.82],[51.44,43.21],[51.07,44.06],[50.22,44.58],[51.42,44.52],[51.02,44.84],[51.47,45.37],[54.3,44.97],[54.29,45.56],[53.06,45.56],[53.35,46.35],[53.24,46.87],[50.84,47.14],[49.09,46.35],[48.5,46.61],[48.96,46.81],[48.32,47.6],[47.13,47.8],[47.14,48.19],[46.54,48.46],[46.86,49.78],[47.45,50.45],[48.47,49.85],[48.86,50.05],[48.69,50.65],[50.69,51.71],[53.34,51.51],[54.39,50.58],[54.54,51.05],[55.66,50.58],[56.76,51.11],[58.45,51.11],[59.5,50.51],[59.96,50.85],[61.37,50.78],[61.45,51.45],[60.02,51.92],[60.94,52.32],[60.64,52.65],[61.03,52.99],[61.97,52.99],[61.17,53.33],[61.54,53.6],[60.96,53.66],[61.19,54.0],[65.09,54.41],[68.79,55.43],[70.82,55.29],[71.19,54.14],[73.67,54.07],[73.36,53.46],[76.83,54.48],[76.3,54.14],[77.8,53.39],[79.7,50.85],[80.62,51.31],[81.57,50.71],[83.87,50.91],[85.14,49.65],[86.63,49.78],[87.15,49.18],[85.64,48.32]],[[74.32,45.96],[75.45,46.55],[78.46,46.28],[79.33,46.81],[74.6,46.87],[73.63,46.28],[73.33,45.5],[74.13,45.04],[74.32,45.96]],[[53.16,44.65],[53.09,44.39],[53.74,45.04],[53.16,44.65]]]]}},{"type":"Feature","properties":{"n":"Republic of Croatia","f":1992,"t":1995,"w":"Q224"},"geometry":{"type":"MultiPolygon","coordinates":[[[[18.38,42.63],[18.38,42.56],[18.3,42.56],[18.38,42.63]]],[[[18.14,42.63],[17.99,42.82],[18.23,42.76],[18.14,42.63]]],[[[18.97,44.84],[17.37,45.43],[15.34,45.37],[15.23,44.32],[15.54,43.99],[17.4,44.06],[18.0,42.95],[17.51,42.76],[17.05,43.41],[15.37,43.86],[14.6,45.37],[13.94,44.91],[13.54,45.3],[15.34,45.56],[15.6,46.22],[16.44,46.61],[18.68,45.56],[18.97,44.84]]],[[[14.5,44.52],[14.26,44.58],[14.27,44.97],[14.5,44.52]]]]}},{"type":"Feature","properties":{"n":"Chechen Republic","f":1992,"t":1995,"w":"Q5187"},"geometry":{"type":"Polygon","coordinates":[[[44.82,42.69],[44.73,43.86],[46.36,43.93],[46.43,43.08],[45.84,42.56],[44.82,42.69]]]}},{"type":"Feature","properties":{"n":"Georgia","f":1992,"t":2023,"w":"Q4962"},"geometry":{"type":"Polygon","coordinates":[[[44.18,42.69],[45.67,42.5],[46.68,41.13],[41.58,41.52],[41.61,42.63],[40.06,43.41],[42.99,43.15],[43.93,42.63],[43.79,42.3],[44.45,42.43],[44.18,42.69]]]}},{"type":"Feature","properties":{"n":"Republic of Armenia","f":1992,"t":1995,"w":"Q399"},"geometry":{"type":"MultiPolygon","coordinates":[[[[46.36,40.29],[46.87,40.48],[46.8,40.1],[47.31,39.9],[47.09,39.51],[46.36,40.29]]],[[[46.46,39.51],[46.51,38.93],[46.12,38.93],[45.76,39.58],[43.65,40.16],[43.58,41.13],[45.11,41.26],[46.03,40.23],[45.76,40.03],[46.46,39.51]]]]}},{"type":"Feature","properties":{"n":"Hungary","f":1992,"t":1995,"w":"Q28513"},"geometry":{"type":"Polygon","coordinates":[[[21.99,47.53],[21.18,46.35],[18.28,45.76],[17.15,46.02],[16.28,46.94],[16.48,47.73],[17.06,47.99],[18.54,47.73],[20.58,48.59],[22.38,48.32],[22.68,47.86],[21.99,47.53]]]}},{"type":"Feature","properties":{"n":"Mujahideen","f":1992,"t":1995,"w":"Q42759"},"geometry":{"type":"Polygon","coordinates":[[[71.39,36.29],[71.68,35.32],[71.05,34.61],[71.19,34.23],[69.99,34.04],[70.26,33.2],[69.54,33.07],[69.09,31.66],[68.12,31.79],[67.72,31.27],[66.88,31.27],[65.99,29.73],[62.3,29.41],[60.93,29.79],[61.92,31.21],[60.84,31.59],[60.62,32.88],[60.89,33.52],[60.53,33.65],[60.57,34.23],[61.3,35.58],[62.3,35.19],[63.05,35.45],[63.14,35.84],[64.48,36.29],[64.93,37.19],[65.71,37.51],[67.92,37.0],[69.35,37.13],[69.55,37.58],[70.27,37.64],[70.71,38.42],[71.18,38.42],[71.57,37.84],[71.58,36.74],[73.33,37.45],[74.92,37.25],[71.39,36.29]]]}},{"type":"Feature","properties":{"n":"People's Republic of China","f":1992,"t":1999,"w":"Q148"},"geometry":{"type":"MultiPolygon","coordinates":[[[[108.76,18.41],[108.7,19.38],[109.25,19.96],[110.91,20.15],[111.03,19.57],[110.18,18.48],[108.76,18.41]]],[[[122.28,29.99],[121.98,29.99],[122.05,30.18],[122.28,29.99]]],[[[121.03,38.74],[121.69,39.38],[121.28,39.64],[122.23,40.48],[121.11,40.87],[119.22,39.32],[117.78,39.13],[117.58,38.74],[118.07,38.16],[119.46,37.96],[119.16,37.19],[120.75,37.9],[122.71,37.45],[122.39,36.8],[120.98,36.61],[119.23,34.81],[120.34,34.36],[120.92,32.62],[121.96,31.98],[121.58,31.4],[121.9,30.82],[120.68,30.18],[121.48,30.31],[122.03,29.92],[122.0,29.41],[121.71,29.22],[121.59,29.54],[121.65,28.32],[121.12,28.32],[119.59,26.13],[119.53,25.62],[119.87,25.49],[119.27,25.49],[118.76,24.59],[118.15,24.52],[116.54,22.91],[114.0,22.46],[113.6,22.72],[113.07,21.89],[110.42,21.18],[110.49,20.28],[109.88,20.21],[109.81,21.5],[107.24,21.69],[106.71,22.08],[106.71,22.91],[105.44,23.3],[104.04,22.53],[101.72,22.46],[101.81,21.18],[101.36,21.18],[101.16,21.76],[100.22,21.5],[99.94,22.08],[99.29,22.14],[99.57,22.98],[98.94,23.24],[98.88,24.14],[97.65,23.94],[97.65,24.78],[98.67,25.81],[98.74,27.48],[97.98,28.38],[96.4,28.38],[96.62,28.96],[96.2,29.41],[95.44,29.09],[94.58,29.28],[92.58,27.87],[91.72,27.74],[91.57,28.06],[89.89,28.32],[88.8,27.42],[88.78,28.06],[85.98,27.99],[84.41,28.77],[84.14,29.28],[83.45,29.22],[82.04,30.37],[81.01,30.18],[78.77,31.34],[78.53,32.56],[79.02,32.36],[79.36,33.14],[78.81,33.65],[79.05,34.29],[78.16,34.68],[77.98,35.45],[76.09,35.9],[75.78,36.74],[74.55,37.06],[75.05,37.45],[74.87,38.42],[73.89,38.55],[73.61,39.19],[73.93,39.97],[74.89,40.48],[76.27,40.36],[76.89,41.0],[78.21,41.13],[80.14,42.04],[80.79,43.28],[80.41,44.71],[79.95,44.97],[82.55,45.17],[82.31,45.56],[83.04,47.2],[85.45,47.07],[85.64,48.32],[87.15,49.18],[87.78,49.12],[88.06,48.52],[89.03,47.99],[90.17,47.8],[91.01,46.68],[90.74,45.3],[93.59,44.97],[95.34,44.25],[96.58,42.69],[101.56,42.56],[104.97,41.59],[106.86,42.3],[110.28,42.69],[111.89,43.67],[111.39,44.32],[112.02,45.1],[113.69,44.78],[114.74,45.43],[115.88,45.56],[116.72,46.35],[119.8,46.68],[119.75,47.2],[118.48,47.99],[117.31,47.73],[115.42,47.99],[116.68,49.78],[117.83,49.52],[119.28,50.11],[119.65,51.11],[120.67,52.05],[120.53,52.59],[119.9,52.65],[120.86,53.26],[123.85,53.53],[125.55,53.12],[126.31,52.45],[127.48,49.78],[130.57,48.85],[130.85,47.73],[132.12,47.66],[134.52,48.39],[134.68,47.66],[132.98,45.1],[131.7,45.24],[130.91,44.71],[131.28,43.86],[131.0,42.89],[130.3,42.56],[129.84,42.95],[129.7,42.5],[128.07,41.98],[128.34,41.65],[128.1,41.39],[126.83,41.78],[124.23,39.84],[121.03,38.74]]]]}},{"type":"Feature","properties":{"n":"Serbia-Montenegro","f":1992,"t":1995,"w":"Q37024"},"geometry":{"type":"Polygon","coordinates":[[[22.91,43.21],[22.37,42.37],[20.58,41.85],[19.75,42.63],[19.31,41.91],[17.61,43.21],[17.87,43.73],[18.83,43.67],[18.45,44.06],[18.88,44.58],[17.75,44.84],[17.9,44.52],[17.34,44.52],[17.24,44.12],[15.54,43.99],[15.24,44.78],[15.59,45.56],[18.97,44.84],[18.28,45.76],[20.26,46.15],[21.43,45.17],[21.4,44.78],[22.69,44.65],[22.37,43.6],[22.91,43.21]],[[16.22,44.97],[16.22,45.1],[15.82,45.24],[15.81,44.78],[16.22,44.97]]]}},{"type":"Feature","properties":{"n":"Honduras","f":1992,"t":2023,"w":"Q783"},"geometry":{"type":"Polygon","coordinates":[[[-84.91,14.75],[-85.69,13.85],[-86.64,13.79],[-86.66,13.34],[-87.28,12.95],[-87.75,13.85],[-89.28,14.43],[-89.14,15.01],[-87.93,15.91],[-84.63,15.97],[-83.1,14.94],[-84.91,14.75]]]}},{"type":"Feature","properties":{"n":"Republic of Slovenia","f":1992,"t":2023,"w":"Q215"},"geometry":{"type":"Polygon","coordinates":[[[13.71,45.5],[13.4,46.28],[16.28,46.94],[16.44,46.61],[15.6,46.22],[15.34,45.63],[13.71,45.5]]]}},{"type":"Feature","properties":{"n":"Second Republic of Austria","f":1992,"t":2023,"w":"Q187830"},"geometry":{"type":"Polygon","coordinates":[[[16.48,47.73],[16.28,46.94],[14.63,46.35],[12.26,46.74],[12.09,47.07],[10.94,46.74],[9.54,47.2],[9.62,47.53],[13.0,47.53],[12.77,48.19],[13.77,48.79],[14.6,48.59],[14.94,48.99],[16.93,48.72],[16.89,47.66],[16.48,47.73]]]}},{"type":"Feature","properties":{"n":"Republic of Bulgaria","f":1992,"t":2023,"w":"Q121932"},"geometry":{"type":"Polygon","coordinates":[[[27.51,42.63],[27.93,41.98],[26.57,41.98],[25.72,41.26],[24.55,41.59],[22.94,41.39],[22.37,42.37],[22.9,43.08],[22.37,43.6],[22.66,44.19],[22.95,43.8],[24.15,43.67],[25.43,43.6],[26.61,44.12],[28.51,43.73],[27.51,42.63]]]}},{"type":"Feature","properties":{"n":"Islamic Republic of Iran","f":1992,"t":2023,"w":"Q794"},"geometry":{"type":"Polygon","coordinates":[[[48.13,39.64],[48.06,38.8],[48.79,38.48],[49.09,37.51],[51.26,36.61],[54.03,36.87],[54.04,37.32],[55.2,38.03],[56.58,38.29],[61.14,36.61],[61.34,35.77],[60.57,34.23],[60.53,33.65],[60.89,33.52],[60.62,32.88],[60.84,31.59],[61.92,31.21],[60.93,29.79],[61.87,28.57],[62.8,28.19],[62.82,27.29],[63.33,27.16],[63.28,26.77],[61.85,26.19],[61.66,25.16],[57.96,25.55],[57.11,26.07],[56.71,27.16],[55.44,26.52],[55.54,26.77],[55.24,26.77],[54.83,26.45],[53.66,26.71],[51.32,27.99],[50.06,30.18],[48.39,30.12],[47.74,31.01],[47.98,31.72],[47.6,32.3],[46.23,32.94],[45.44,33.91],[46.25,35.84],[45.42,35.97],[45.1,36.42],[44.05,39.26],[44.83,39.71],[45.58,39.0],[46.51,38.93],[48.13,39.64]]]}},{"type":"Feature","properties":{"n":"Third Hellenic Republic","f":1992,"t":2023,"w":"Q17765809"},"geometry":{"type":"MultiPolygon","coordinates":[[[[22.89,36.42],[23.12,36.35],[23.11,36.16],[22.89,36.42]]],[[[24.36,37.71],[24.43,37.58],[24.27,37.51],[24.36,37.71]]],[[[20.62,37.9],[20.93,37.9],[20.92,37.64],[20.62,37.9]]],[[[24.77,38.03],[25.07,37.77],[24.83,37.71],[24.77,38.03]]],[[[20.57,38.42],[20.79,38.09],[20.32,38.16],[20.57,38.42]]],[[[23.57,38.8],[23.56,38.74],[23.48,38.74],[23.57,38.8]]],[[[24.67,38.93],[24.66,38.74],[24.36,38.87],[24.67,38.93]]],[[[23.74,40.23],[22.89,40.61],[22.54,40.1],[23.14,39.45],[22.8,39.06],[23.49,38.87],[22.94,38.74],[24.18,38.55],[23.98,37.84],[23.04,37.9],[23.4,37.32],[22.71,37.58],[23.06,36.67],[22.36,36.67],[22.22,37.06],[21.74,36.87],[21.7,37.51],[21.24,37.84],[21.74,38.35],[21.19,38.42],[20.15,39.64],[21.08,40.74],[24.15,41.59],[25.72,41.26],[26.07,41.72],[26.61,41.52],[26.24,40.81],[25.38,41.0],[23.7,40.81],[23.74,40.23]],[[23.06,38.16],[22.98,38.16],[22.98,38.09],[23.06,38.16]],[[22.84,38.35],[22.29,38.42],[22.66,37.96],[22.97,37.96],[22.84,38.35]],[[22.99,38.29],[22.91,38.29],[22.91,38.22],[22.99,38.29]],[[22.35,38.09],[22.43,38.09],[22.43,38.16],[22.35,38.09]],[[22.2,38.16],[22.28,38.16],[22.28,38.22],[22.2,38.16]],[[22.36,38.22],[22.36,38.29],[22.28,38.29],[22.28,38.22],[22.36,38.22]],[[21.14,38.93],[21.15,39.06],[20.99,39.06],[21.14,38.93]]],[[[20.15,39.58],[20.07,39.58],[20.07,39.64],[20.15,39.58]]],[[[19.91,39.58],[19.76,39.64],[19.76,39.77],[19.91,39.58]]],[[[24.49,40.81],[24.81,40.81],[24.79,40.61],[24.49,40.81]]],[[[24.3,35.32],[26.23,35.19],[23.68,35.26],[23.62,35.52],[24.3,35.32]]],[[[27.69,36.29],[28.25,36.48],[28.14,36.03],[27.74,35.9],[27.69,36.29]]],[[[27.19,36.8],[26.87,36.67],[27.04,36.93],[27.19,36.8]]],[[[25.57,37.13],[25.56,37.0],[25.33,37.0],[25.57,37.13]]],[[[24.99,37.71],[25.22,37.71],[25.29,37.51],[24.99,37.71]]],[[[26.31,37.71],[26.3,37.58],[25.99,37.51],[26.31,37.71]]],[[[27.03,37.84],[27.01,37.64],[26.62,37.64],[27.03,37.84]]],[[[25.82,38.48],[25.99,38.67],[26.22,38.55],[25.88,38.16],[25.82,38.48]]],[[[25.79,39.19],[26.04,39.38],[26.64,39.0],[25.79,39.19]]],[[[25.46,40.03],[25.45,39.84],[24.97,39.84],[25.46,40.03]]]]}},{"type":"Feature","properties":{"n":"Russian-occupied territories","f":1992,"t":2023,"w":"Q106809413"},"geometry":{"type":"MultiPolygon","coordinates":[[[[44.1,42.69],[44.45,42.43],[44.44,42.37],[43.79,42.3],[44.1,42.69]]],[[[28.3,45.56],[28.47,45.69],[28.46,45.56],[28.3,45.56]]],[[[28.86,46.28],[28.67,46.02],[28.43,46.09],[28.48,46.48],[28.86,46.28]]],[[[29.03,47.73],[28.5,48.13],[29.21,47.86],[29.89,46.68],[29.56,46.68],[29.03,47.73]]]]}},{"type":"Feature","properties":{"n":"Zaire","f":1992,"t":1995,"w":"Q6500954"},"geometry":{"type":"Polygon","coordinates":[[[30.41,-8.26],[28.95,-8.46],[28.3,-9.23],[28.6,-9.68],[28.34,-11.8],[29.02,-12.44],[29.74,-12.25],[29.7,-13.41],[28.89,-13.41],[27.1,-11.67],[26.15,-11.99],[25.34,-11.74],[25.19,-11.29],[24.39,-11.48],[24.01,-10.9],[22.11,-11.16],[21.64,-7.3],[19.52,-7.04],[19.16,-8.07],[17.56,-8.14],[16.38,-5.89],[12.08,-5.89],[12.95,-4.66],[13.46,-4.86],[14.33,-4.34],[14.55,-4.92],[15.86,-3.89],[16.14,-2.09],[17.66,-0.42],[17.98,2.09],[18.58,3.18],[18.53,4.34],[19.27,5.11],[20.57,4.4],[22.31,4.08],[22.76,4.79],[23.34,4.59],[25.39,5.3],[27.22,5.24],[28.22,4.34],[29.53,4.66],[30.82,3.56],[30.72,2.41],[31.23,2.09],[29.89,0.86],[29.53,-1.32],[28.81,-2.35],[29.07,-6.21],[30.41,-8.26]]]}},{"type":"Feature","properties":{"n":"Mongolia","f":1992,"t":2023,"w":"Q711"},"geometry":{"type":"Polygon","coordinates":[[[115.42,47.99],[117.31,47.73],[118.48,47.99],[119.75,47.2],[119.8,46.68],[116.72,46.35],[115.88,45.56],[114.74,45.43],[113.69,44.78],[112.02,45.1],[111.39,44.32],[111.89,43.67],[110.28,42.69],[106.86,42.3],[104.97,41.59],[101.56,42.56],[96.58,42.69],[95.34,44.25],[93.59,44.97],[90.74,45.3],[91.01,46.68],[90.17,47.8],[89.03,47.99],[87.73,48.85],[88.33,49.52],[92.27,50.85],[94.13,50.58],[94.87,49.98],[97.43,49.78],[98.13,50.11],[97.84,51.11],[98.93,52.12],[101.91,51.51],[102.3,50.58],[103.3,50.18],[106.46,50.38],[108.59,49.32],[112.73,49.52],[114.01,50.25],[116.57,49.85],[115.42,47.99]]]}},{"type":"Feature","properties":{"n":"Republic of Djibouti","f":1992,"t":2023,"w":"Q977"},"geometry":{"type":"Polygon","coordinates":[[[42.86,11.02],[41.83,10.96],[41.86,11.73],[42.4,12.44],[43.22,12.69],[43.48,11.99],[42.73,11.6],[43.24,11.47],[42.86,11.02]]]}},{"type":"Feature","properties":{"n":"Republic of Belarus","f":1992,"t":2023,"w":"Q184"},"geometry":{"type":"Polygon","coordinates":[[[30.58,51.85],[30.5,51.31],[26.17,51.92],[24.47,51.92],[23.93,51.58],[23.15,52.25],[23.98,52.92],[23.49,53.94],[25.69,54.21],[25.77,54.89],[26.69,55.23],[26.5,55.7],[27.97,56.18],[30.93,55.5],[30.86,54.61],[32.65,53.46],[31.31,53.19],[31.66,52.18],[30.58,51.85]]]}},{"type":"Feature","properties":{"n":"Kyrgyzstan","f":1992,"t":2023,"w":"Q813"},"geometry":{"type":"Polygon","coordinates":[[[78.21,41.13],[76.89,41.0],[76.27,40.36],[74.89,40.48],[73.69,39.45],[72.06,39.26],[69.26,39.64],[69.73,40.16],[71.07,39.9],[71.01,40.23],[71.78,40.16],[73.02,40.81],[71.72,41.46],[70.92,41.2],[70.23,41.52],[71.55,42.82],[73.44,42.5],[73.54,43.02],[74.36,43.28],[75.4,42.82],[79.08,42.82],[80.14,42.04],[78.21,41.13]],[[78.66,42.76],[76.53,42.63],[78.04,42.17],[78.66,42.76]]]}},{"type":"Feature","properties":{"n":"Slovakia","f":1992,"t":2023,"w":"Q33946"},"geometry":{"type":"Polygon","coordinates":[[[22.44,49.05],[22.06,48.39],[20.58,48.59],[18.54,47.73],[17.71,47.73],[16.83,48.32],[16.93,48.72],[18.38,49.45],[21.8,49.38],[22.44,49.05]]]}},{"type":"Feature","properties":{"n":"Republic of Lithuania","f":1992,"t":2023,"w":"Q37"},"geometry":{"type":"Polygon","coordinates":[[[25.77,54.89],[25.69,54.21],[24.26,53.87],[22.68,54.41],[22.57,55.09],[21.2,55.29],[20.91,55.98],[21.74,56.39],[24.83,56.39],[26.69,55.23],[25.77,54.89]]]}},{"type":"Feature","properties":{"n":"Republic of Azerbaijan","f":1992,"t":1995,"w":"Q227"},"geometry":{"type":"MultiPolygon","coordinates":[[[[44.87,39.45],[44.83,39.71],[45.76,39.58],[46.12,38.93],[44.87,39.45]]],[[[49.51,40.61],[50.26,40.42],[49.4,40.1],[48.79,38.48],[48.06,38.8],[48.13,39.64],[46.51,38.93],[46.58,39.32],[45.67,39.97],[46.03,40.23],[45.11,41.26],[46.68,41.13],[46.21,41.59],[46.74,41.85],[47.56,41.2],[48.56,41.78],[49.51,40.61]],[[47.09,39.51],[47.31,39.9],[46.8,40.1],[46.87,40.48],[46.36,40.29],[47.09,39.51]]]]}},{"type":"Feature","properties":{"n":"Bosnia and Herzegovina","f":1992,"t":1995,"w":"Q225"},"geometry":{"type":"MultiPolygon","coordinates":[[[[17.87,43.73],[17.61,43.34],[17.34,44.52],[18.56,44.78],[18.87,44.45],[18.44,43.86],[18.84,43.8],[17.87,43.73]]],[[[15.82,45.24],[16.22,45.1],[16.22,44.97],[15.81,44.84],[15.82,45.24]]]]}},{"type":"Feature","properties":{"n":"Czech Republic","f":1992,"t":1995,"w":"Q213"},"geometry":{"type":"Polygon","coordinates":[[[16.93,48.72],[14.94,48.99],[14.18,48.59],[12.53,49.52],[12.21,50.25],[14.33,51.05],[15.26,50.98],[16.34,50.65],[16.49,50.18],[16.92,50.45],[18.81,49.65],[16.93,48.72]]]}},{"type":"Feature","properties":{"n":"Guatemala","f":1992,"t":2023,"w":"Q774"},"geometry":{"type":"Polygon","coordinates":[[[-90.08,13.72],[-92.23,14.49],[-91.63,16.04],[-90.33,16.23],[-91.27,17.06],[-90.94,17.77],[-89.17,17.77],[-89.11,15.91],[-88.19,15.65],[-90.08,13.72]]]}},{"type":"Feature","properties":{"n":"Former Yugoslav Republic of Macedonia","f":1992,"t":1999,"w":"Q221"},"geometry":{"type":"Polygon","coordinates":[[[20.49,41.65],[21.0,42.17],[22.37,42.37],[22.94,41.39],[21.08,40.74],[20.49,41.65]]]}},{"type":"Feature","properties":{"n":"State of Eritrea","f":1992,"t":2023,"w":"Q986"},"geometry":{"type":"MultiPolygon","coordinates":[[[[39.73,15.2],[39.97,15.52],[40.31,14.94],[41.32,14.62],[43.22,12.69],[42.4,12.44],[40.29,14.43],[38.52,14.43],[37.95,14.81],[37.63,14.17],[36.61,14.3],[37.01,16.81],[38.69,17.96],[39.73,15.2]]],[[[40.14,15.91],[40.34,15.52],[39.97,15.59],[40.14,15.91]]]]}},{"type":"Feature","properties":{"n":"Republic of Uzbekistan","f":1992,"t":1995,"w":"Q265"},"geometry":{"type":"MultiPolygon","coordinates":[[[[70.23,41.52],[70.92,41.2],[71.72,41.46],[73.02,40.81],[71.78,40.16],[70.62,40.23],[70.46,41.0],[69.35,40.74],[69.27,40.23],[68.64,40.23],[68.92,40.1],[68.43,39.51],[67.51,39.58],[67.34,39.26],[68.05,39.0],[68.37,38.16],[67.75,37.25],[66.45,37.38],[66.62,38.03],[62.61,39.84],[61.8,41.26],[60.09,41.39],[60.12,42.11],[58.7,42.76],[57.06,41.98],[56.96,41.26],[56.03,41.39],[56.0,44.97],[58.52,45.56],[58.02,43.8],[59.13,43.73],[59.12,43.41],[60.11,43.47],[60.88,44.45],[61.96,43.47],[65.02,43.73],[65.68,43.02],[66.16,43.02],[65.99,42.24],[66.53,41.91],[66.57,41.26],[67.98,41.2],[68.36,40.61],[68.66,40.81],[68.38,41.2],[71.11,42.24],[70.23,41.52]]],[[[60.53,44.65],[60.61,44.65],[60.59,44.58],[60.53,44.65]]],[[[59.24,45.24],[59.32,45.24],[59.3,45.17],[59.24,45.24]]],[[[59.16,45.24],[59.18,45.3],[59.26,45.3],[59.16,45.24]]],[[[59.1,45.3],[59.02,45.3],[59.2,45.37],[59.1,45.3]]],[[[58.89,45.43],[58.97,45.43],[58.96,45.37],[58.89,45.43]]]]}},{"type":"Feature","properties":{"n":"(Russian Federation)","f":1992,"t":1995,"w":"Q159"},"geometry":{"type":"MultiPolygon","coordinates":[[[[39.98,43.41],[39.06,44.19],[36.78,45.1],[36.75,45.43],[37.7,45.3],[38.33,46.15],[37.84,46.61],[39.22,47.01],[38.95,47.33],[38.19,47.2],[38.24,47.53],[39.92,48.13],[39.68,48.59],[40.1,49.45],[37.86,49.98],[37.44,50.45],[35.42,50.45],[35.14,51.18],[34.23,51.31],[34.34,51.92],[33.9,52.32],[31.66,52.18],[31.31,53.19],[32.65,53.46],[30.86,54.61],[30.93,55.5],[28.15,56.18],[27.65,56.94],[27.8,57.35],[27.31,57.63],[27.98,57.9],[27.94,58.25],[27.48,58.18],[27.93,59.78],[29.94,59.85],[30.16,60.07],[28.99,60.14],[28.54,60.7],[27.99,60.7],[31.5,62.98],[30.05,63.7],[30.55,64.28],[29.62,64.86],[30.03,65.88],[29.05,66.77],[29.94,67.67],[28.42,68.42],[28.63,68.95],[32.31,70.02],[33.44,69.33],[36.13,69.26],[41.0,67.74],[41.39,67.15],[41.04,66.7],[38.68,66.03],[32.55,67.07],[33.0,66.55],[34.87,65.88],[34.44,65.37],[34.98,64.49],[37.39,63.91],[37.88,63.99],[37.89,64.35],[36.79,64.49],[36.36,65.0],[37.21,65.3],[38.21,64.79],[40.19,64.71],[39.54,65.37],[40.4,65.96],[41.96,66.55],[43.97,66.18],[44.37,67.0],[43.6,67.3],[44.17,68.27],[43.45,68.73],[45.88,68.57],[46.66,67.82],[44.93,67.44],[45.81,66.92],[47.37,66.92],[47.78,67.67],[53.28,69.03],[54.04,68.95],[53.87,68.42],[53.3,68.27],[58.39,69.03],[59.09,69.03],[59.4,68.88],[59.24,68.42],[59.74,68.42],[60.7,68.88],[60.09,69.72],[58.34,70.18],[59.07,70.57],[60.54,69.79],[63.93,69.72],[68.49,68.27],[68.95,68.95],[66.6,69.64],[67.17,70.18],[67.19,70.8],[66.53,71.03],[68.33,71.81],[69.96,73.49],[71.3,73.57],[71.11,73.08],[69.71,72.92],[72.94,72.76],[72.66,72.05],[71.81,71.5],[72.89,71.03],[72.5,69.03],[73.63,68.65],[73.07,67.74],[71.52,66.62],[70.4,66.4],[72.1,66.33],[74.65,67.74],[74.2,68.35],[74.59,68.88],[76.47,69.11],[77.31,68.65],[77.25,68.05],[77.88,68.35],[77.59,68.88],[76.63,69.18],[73.66,69.11],[73.41,69.72],[74.22,70.64],[72.89,71.42],[74.87,72.21],[74.86,72.92],[75.77,72.53],[75.27,71.81],[75.4,71.34],[77.19,71.27],[75.85,71.89],[77.23,72.05],[76.71,72.29],[77.48,72.69],[82.52,71.81],[82.13,72.29],[80.47,72.53],[80.55,73.16],[80.18,73.33],[80.89,73.73],[86.9,73.89],[87.0,74.46],[86.08,74.22],[86.34,74.54],[85.78,74.63],[86.6,74.87],[86.55,74.54],[89.01,75.54],[92.6,75.79],[93.7,76.21],[93.15,75.87],[95.91,76.38],[96.8,76.38],[96.22,76.04],[97.65,76.04],[99.11,76.3],[99.15,76.64],[100.8,76.55],[101.49,77.24],[103.41,77.76],[106.29,77.58],[105.16,77.15],[107.59,77.06],[106.66,76.55],[112.07,76.81],[114.09,75.96],[113.31,75.12],[106.15,73.33],[105.53,72.92],[110.4,73.65],[110.73,73.81],[109.34,73.65],[110.12,74.14],[111.06,73.97],[112.12,74.63],[113.31,74.63],[113.61,74.54],[111.48,73.89],[112.53,73.73],[113.21,74.05],[113.6,73.81],[113.36,73.57],[118.9,73.73],[118.4,73.33],[120.56,73.0],[123.08,73.0],[123.21,73.57],[124.01,73.81],[128.08,73.57],[129.12,73.16],[128.74,72.92],[129.22,72.76],[128.74,72.53],[129.64,72.37],[128.87,71.66],[130.99,70.8],[132.46,71.97],[133.49,71.5],[139.7,71.58],[139.36,71.81],[139.8,72.21],[139.0,72.29],[141.34,72.92],[146.82,72.53],[146.53,72.13],[147.41,72.45],[149.62,72.29],[150.1,71.97],[148.95,71.74],[151.81,71.42],[152.49,70.88],[155.5,71.19],[159.39,70.95],[160.15,70.64],[159.78,69.87],[160.89,69.64],[166.9,69.56],[169.01,70.1],[169.63,69.95],[169.11,69.56],[168.35,69.64],[168.28,69.33],[170.45,68.88],[170.96,69.26],[169.96,69.64],[170.68,70.18],[171.8,70.18],[176.31,69.95],[180.0,69.11],[180.0,65.08],[177.34,64.49],[178.45,64.42],[178.89,63.91],[178.58,63.62],[179.4,63.34],[179.61,62.69],[179.0,62.33],[177.06,62.62],[173.58,61.69],[170.68,60.49],[170.28,59.92],[169.06,60.63],[166.99,60.35],[166.07,59.78],[166.19,60.49],[164.79,59.78],[163.64,60.0],[161.97,58.04],[163.38,57.83],[162.71,57.28],[163.46,56.39],[162.57,56.05],[162.58,56.46],[161.95,55.98],[161.77,55.23],[162.21,54.89],[160.06,54.21],[159.83,53.8],[160.13,53.26],[158.78,52.99],[158.3,51.98],[156.78,50.98],[156.39,51.25],[155.43,54.68],[155.7,56.52],[156.85,57.35],[156.86,57.9],[158.4,58.18],[161.99,60.56],[163.63,60.98],[163.35,60.98],[163.88,61.34],[163.62,61.41],[163.86,62.12],[164.55,62.69],[163.3,62.55],[163.07,61.9],[163.42,61.83],[163.0,61.55],[162.27,61.62],[160.17,60.63],[160.23,61.05],[159.67,60.98],[160.28,61.9],[157.1,61.69],[154.25,59.85],[154.14,59.5],[155.22,59.43],[154.93,59.16],[151.23,58.88],[152.05,59.29],[149.42,59.78],[148.61,59.22],[143.08,59.36],[140.9,58.39],[137.43,55.98],[135.2,54.95],[136.92,54.68],[136.68,53.87],[137.69,54.34],[137.32,54.07],[137.86,54.0],[137.27,53.6],[138.1,53.73],[138.73,54.34],[140.03,54.34],[141.46,53.33],[141.15,52.52],[141.56,52.25],[140.65,51.25],[140.25,48.59],[135.11,43.47],[133.27,42.69],[131.91,43.28],[130.77,42.43],[130.47,42.69],[131.27,43.28],[130.91,44.71],[131.7,45.24],[132.98,45.1],[134.68,47.66],[134.52,48.39],[132.12,47.66],[130.85,47.73],[130.57,48.85],[127.48,49.78],[125.9,52.86],[123.85,53.53],[121.9,53.46],[120.08,52.86],[119.9,52.65],[120.53,52.59],[120.67,52.05],[119.65,51.11],[119.28,50.11],[117.83,49.52],[114.01,50.25],[112.73,49.52],[108.59,49.32],[106.46,50.38],[103.3,50.18],[102.3,50.58],[101.91,51.51],[98.93,52.12],[97.84,51.11],[98.13,50.11],[97.43,49.78],[94.87,49.98],[94.13,50.58],[92.27,50.85],[87.33,49.05],[86.63,49.78],[85.14,49.65],[83.65,50.98],[81.57,50.71],[80.62,51.31],[79.7,50.85],[77.8,53.39],[76.3,54.14],[76.83,54.48],[73.36,53.46],[73.67,54.07],[71.19,54.14],[70.82,55.29],[68.79,55.43],[65.09,54.41],[61.19,54.0],[60.96,53.66],[61.54,53.6],[61.17,53.33],[61.97,52.99],[61.03,52.99],[60.64,52.65],[60.94,52.32],[60.02,51.92],[61.57,51.31],[60.9,50.65],[59.96,50.85],[59.5,50.51],[58.45,51.11],[56.76,51.11],[55.66,50.58],[54.54,51.05],[54.39,50.58],[53.87,51.31],[52.24,51.78],[50.69,51.71],[49.41,51.11],[48.69,50.65],[48.86,50.05],[48.47,49.85],[47.45,50.45],[46.86,49.78],[46.54,48.46],[47.14,48.19],[47.13,47.8],[48.32,47.6],[48.96,46.81],[48.5,46.61],[49.09,46.35],[47.47,45.69],[46.63,44.45],[47.34,43.99],[47.38,43.02],[48.48,41.78],[47.56,41.2],[45.75,42.11],[45.67,42.5],[46.43,43.08],[46.23,44.06],[44.73,43.86],[45.01,43.21],[44.84,42.76],[44.18,42.69],[44.44,42.37],[43.79,42.3],[43.66,42.89],[39.98,43.41]],[[103.57,51.58],[105.74,51.65],[106.4,52.32],[108.83,53.26],[109.64,54.27],[109.99,55.84],[109.32,55.77],[108.23,54.14],[104.91,51.92],[103.57,51.58]],[[35.26,61.55],[35.2,60.91],[36.08,61.12],[36.22,61.69],[35.29,62.4],[35.27,63.05],[34.12,63.34],[34.05,63.05],[34.99,62.69],[34.88,62.26],[34.15,62.69],[33.96,61.9],[35.26,61.55]],[[32.17,60.91],[31.78,61.26],[31.02,61.62],[29.86,61.34],[30.38,59.78],[31.82,60.14],[32.17,60.91]]],[[[28.3,45.56],[28.47,45.69],[28.46,45.56],[28.3,45.56]]],[[[28.43,46.09],[28.48,46.48],[28.72,46.48],[28.86,46.22],[28.43,46.09]]],[[[28.5,48.13],[29.21,47.86],[29.88,46.61],[29.34,46.87],[28.5,48.13]]],[[[19.95,55.02],[20.99,54.95],[21.11,55.29],[22.81,54.89],[22.68,54.41],[22.15,54.34],[20.42,54.34],[19.84,54.68],[19.95,55.02]]],[[[35.65,65.22],[36.13,65.22],[35.5,65.0],[35.65,65.22]]],[[[49.52,69.56],[50.32,69.33],[49.7,68.88],[48.34,68.73],[48.24,69.41],[49.52,69.56]]],[[[51.35,79.91],[50.65,79.91],[50.97,80.19],[51.35,79.91]]],[[[59.43,80.19],[60.25,80.19],[59.89,79.91],[59.43,80.19]]],[[[50.16,80.37],[50.57,80.28],[50.43,80.09],[49.96,80.09],[50.16,80.37]]],[[[47.56,80.19],[47.04,80.28],[47.16,80.47],[47.63,80.47],[47.56,80.19]]],[[[53.79,80.19],[52.73,80.19],[52.95,80.47],[53.79,80.19]]],[[[54.6,80.47],[54.72,80.47],[54.64,80.37],[54.6,80.47]]],[[[58.31,80.94],[58.9,80.94],[58.22,80.56],[59.05,80.56],[58.18,80.09],[56.06,80.09],[56.37,80.47],[57.98,80.56],[58.31,80.94]]],[[[54.36,80.47],[54.75,80.65],[54.6,80.47],[54.36,80.47]]],[[[48.59,80.65],[50.93,80.94],[50.47,80.47],[47.85,80.09],[48.67,80.94],[48.59,80.65]]],[[[47.22,80.56],[45.92,80.56],[46.05,80.75],[47.53,80.84],[47.22,80.56]]],[[[50.77,80.56],[51.81,80.84],[51.72,80.56],[50.77,80.56]]],[[[47.76,80.65],[47.52,80.65],[48.07,80.94],[47.76,80.65]]],[[[57.57,81.63],[58.33,81.53],[56.72,81.04],[58.07,80.94],[57.83,80.65],[54.9,80.84],[57.57,81.63]]],[[[59.91,81.13],[60.32,81.33],[60.14,81.13],[59.91,81.13]]],[[[59.65,81.93],[59.68,81.83],[58.61,81.43],[58.8,81.93],[59.65,81.93]]],[[[108.87,53.53],[108.52,53.53],[108.6,53.73],[108.93,53.94],[108.87,53.53]]],[[[79.18,73.16],[79.66,73.0],[79.36,72.69],[78.57,72.84],[79.18,73.16]]],[[[74.58,72.84],[73.98,73.0],[74.4,73.25],[74.58,72.84]]],[[[76.03,73.65],[75.39,73.41],[75.61,73.65],[76.03,73.65]]],[[[60.96,75.2],[55.95,73.08],[56.32,73.0],[55.5,72.53],[55.43,72.05],[56.11,71.27],[57.62,70.88],[57.49,70.64],[53.85,70.72],[53.25,71.5],[52.85,70.95],[52.2,71.27],[52.43,71.5],[51.25,71.81],[52.77,72.69],[52.34,72.84],[54.14,73.41],[53.7,73.89],[56.11,74.79],[56.29,75.04],[55.75,75.04],[56.09,75.37],[56.73,75.2],[59.33,76.04],[64.23,76.38],[66.97,77.06],[69.14,76.89],[69.03,76.55],[67.83,76.21],[60.96,75.2]]],[[[136.32,74.22],[136.43,74.22],[136.06,73.89],[135.28,74.05],[136.32,74.22]]],[[[84.51,74.54],[84.92,74.63],[84.65,74.38],[84.51,74.54]]],[[[79.25,74.54],[79.63,74.71],[79.57,74.54],[79.25,74.54]]],[[[85.44,74.71],[85.12,74.71],[85.41,74.87],[85.44,74.71]]],[[[82.04,75.54],[82.36,75.54],[82.19,75.29],[81.76,75.29],[82.04,75.54]]],[[[97.36,76.46],[96.56,76.13],[97.02,76.38],[97.36,76.46]]],[[[97.59,76.55],[97.37,76.55],[97.62,76.81],[97.59,76.55]]],[[[96.0,77.24],[96.91,77.32],[96.42,76.98],[95.53,76.98],[96.0,77.24]]],[[[89.18,77.15],[89.97,77.41],[89.62,77.15],[89.18,77.15]]],[[[101.49,78.2],[99.41,78.02],[101.97,79.45],[103.59,79.45],[102.72,78.91],[104.57,79.27],[106.0,78.73],[104.7,78.29],[101.49,78.2]]],[[[100.5,80.0],[99.8,79.18],[100.36,79.09],[97.53,78.82],[93.26,79.45],[94.78,80.09],[92.94,79.63],[91.35,79.91],[92.78,80.09],[93.18,80.37],[92.6,80.37],[93.55,81.04],[95.77,81.33],[98.05,80.94],[97.36,80.56],[98.56,80.19],[98.27,80.0],[100.5,80.0]]],[[[60.62,81.13],[61.9,81.23],[61.76,80.94],[62.62,80.84],[61.92,80.47],[59.4,80.56],[60.62,81.13]]],[[[80.32,80.75],[79.14,80.75],[80.8,81.04],[80.32,80.75]]],[[[65.9,81.04],[65.26,80.75],[62.89,80.75],[65.9,81.04]]],[[[90.74,81.33],[91.94,81.33],[91.27,80.94],[90.21,81.04],[90.74,81.33]]],[[[63.4,81.43],[62.66,81.53],[63.06,81.83],[63.81,81.73],[63.4,81.43]]],[[[146.98,43.93],[146.5,43.73],[146.69,43.86],[146.98,43.93]]],[[[146.51,44.45],[145.29,43.73],[146.08,44.52],[146.51,44.45]]],[[[148.96,45.56],[146.78,44.39],[147.88,45.43],[148.96,45.56]]],[[[150.55,46.28],[149.37,45.56],[149.51,45.82],[150.55,46.28]]],[[[152.34,47.2],[151.58,46.81],[151.96,47.14],[152.34,47.2]]],[[[144.67,48.99],[144.74,48.79],[144.46,48.65],[144.67,48.99]]],[[[154.42,49.25],[154.9,49.65],[154.73,49.32],[154.42,49.25]]],[[[143.07,51.98],[144.43,49.18],[142.96,49.12],[142.5,47.93],[143.62,46.41],[143.3,46.22],[143.24,46.55],[142.53,46.68],[141.89,45.89],[141.66,46.41],[142.15,48.19],[141.75,48.79],[142.15,51.05],[141.46,51.98],[141.85,52.79],[141.72,53.33],[142.54,53.53],[142.31,54.21],[142.69,54.48],[143.08,54.27],[143.33,52.65],[143.07,51.98]]],[[[155.82,50.71],[156.54,50.91],[155.84,50.25],[155.08,50.25],[155.82,50.71]]],[[[167.26,54.75],[167.87,54.89],[167.78,54.61],[167.26,54.75]]],[[[137.59,54.41],[137.14,54.89],[137.5,55.23],[138.15,55.02],[137.59,54.41]]],[[[136.87,54.89],[136.53,54.89],[136.9,55.16],[137.18,55.09],[136.87,54.89]]],[[[166.32,55.43],[166.74,54.82],[165.96,54.89],[165.7,55.29],[166.32,55.43]]],[[[163.27,58.53],[163.69,59.02],[164.81,59.29],[163.27,58.53]]],[[[141.11,73.97],[142.7,73.97],[143.61,73.49],[139.52,73.33],[141.11,73.97]]],[[[140.89,73.97],[139.83,73.97],[140.37,74.38],[141.24,74.22],[140.89,73.97]]],[[[147.94,74.79],[146.07,75.2],[146.68,75.71],[151.17,75.2],[150.09,74.79],[147.94,74.79]]],[[[142.34,75.45],[143.59,75.96],[145.58,75.71],[143.46,74.87],[141.73,75.04],[139.22,74.63],[136.86,75.2],[137.23,75.45],[137.01,75.62],[138.79,76.3],[140.13,75.87],[141.92,76.21],[142.72,75.96],[142.34,75.45]]],[[[135.87,75.37],[135.33,75.37],[135.59,75.79],[136.14,75.96],[136.35,75.62],[135.87,75.37]]],[[[149.13,76.64],[148.69,76.64],[149.63,76.81],[149.13,76.64]]],[[[149.49,76.89],[149.71,76.89],[149.18,76.81],[149.49,76.89]]]]}},{"type":"Feature","properties":{"n":"Romania","f":1992,"t":2023,"w":"Q203493"},"geometry":{"type":"Polygon","coordinates":[[[29.66,45.37],[29.53,44.91],[28.8,44.97],[28.51,43.73],[26.61,44.12],[25.43,43.6],[24.15,43.67],[22.95,43.8],[22.5,44.32],[22.69,44.65],[21.4,44.78],[21.43,45.17],[20.26,46.15],[21.18,46.35],[21.99,47.53],[22.85,47.99],[25.07,47.8],[26.77,48.26],[28.11,46.87],[28.28,45.43],[29.66,45.37]]]}},{"type":"Feature","properties":{"n":"Ethiopia","f":1992,"t":2013,"w":"Q115"},"geometry":{"type":"Polygon","coordinates":[[[42.76,10.44],[43.81,9.09],[47.86,7.94],[44.77,4.85],[43.46,4.85],[41.76,3.95],[40.6,4.27],[39.49,3.44],[38.18,3.56],[37.1,4.34],[36.01,4.46],[34.76,6.59],[33.04,7.87],[33.27,8.45],[34.15,8.64],[34.36,10.64],[34.95,10.76],[35.21,11.99],[36.18,12.76],[36.61,14.3],[37.63,14.17],[37.95,14.81],[38.52,14.43],[40.29,14.43],[41.28,13.66],[42.4,12.44],[41.86,11.73],[41.83,10.96],[42.86,11.02],[42.76,10.44]]]}},{"type":"Feature","properties":{"n":"Republic of Poland","f":1992,"t":2023,"w":"Q36"},"geometry":{"type":"Polygon","coordinates":[[[23.98,52.92],[23.15,52.25],[23.63,51.98],[24.08,50.58],[22.74,49.71],[22.78,49.12],[19.87,49.18],[17.75,50.25],[16.49,50.18],[16.34,50.65],[14.83,50.91],[14.55,52.65],[14.13,52.79],[14.51,54.0],[17.5,54.89],[18.46,54.89],[18.69,54.41],[23.19,54.34],[23.98,52.92]]]}},{"type":"Feature","properties":{"n":"Republic of El Salvador","f":1992,"t":2023,"w":"Q792"},"geometry":{"type":"Polygon","coordinates":[[[-88.85,13.21],[-90.08,13.72],[-89.28,14.43],[-87.75,13.85],[-87.69,13.34],[-88.85,13.21]]]}},{"type":"Feature","properties":{"n":"People's Republic of Kampuchea","f":1992,"t":1995,"w":"Q867778"},"geometry":{"type":"Polygon","coordinates":[[[105.85,11.6],[106.14,10.83],[105.12,10.89],[104.34,10.44],[103.55,10.51],[103.6,11.09],[103.06,10.83],[102.36,13.21],[102.9,14.11],[104.92,14.43],[106.03,13.91],[106.17,14.43],[107.51,14.56],[107.54,12.37],[105.85,11.6]]]}},{"type":"Feature","properties":{"n":"Republic of Estonia","f":1992,"t":2023,"w":"Q191"},"geometry":{"type":"MultiPolygon","coordinates":[[[[22.25,58.67],[23.23,58.6],[22.08,57.9],[22.25,58.67]]],[[[27.73,58.04],[27.31,57.63],[26.41,57.56],[25.4,58.04],[24.21,57.83],[24.27,58.25],[23.41,58.53],[23.41,59.29],[25.37,59.71],[28.06,59.5],[27.37,59.16],[27.73,58.04]]],[[[22.2,59.02],[22.84,59.09],[22.9,58.81],[22.2,59.02]]]]}},{"type":"Feature","properties":{"n":"Republic of Moldova","f":1992,"t":2023,"w":"Q217"},"geometry":{"type":"Polygon","coordinates":[[[28.48,46.48],[28.43,46.09],[28.92,46.02],[28.13,45.5],[28.24,46.61],[26.77,48.26],[27.7,48.46],[28.5,48.13],[29.88,46.61],[28.48,46.48]]]}},{"type":"Feature","properties":{"n":"Ukraine","f":1992,"t":2023,"w":"Q598570"},"geometry":{"type":"MultiPolygon","coordinates":[[[[35.02,45.3],[36.42,45.43],[36.37,45.1],[35.41,45.17],[33.52,44.45],[33.61,45.1],[32.6,45.43],[34.15,46.09],[35.02,45.3]]],[[[29.67,45.43],[29.66,45.37],[29.58,45.37],[29.67,45.43]]],[[[34.74,46.15],[32.68,46.09],[31.82,46.35],[32.03,46.74],[30.88,46.68],[29.58,45.43],[28.51,45.24],[28.3,45.56],[29.06,46.55],[29.94,46.41],[28.83,48.13],[26.87,48.39],[25.07,47.8],[22.06,48.39],[22.78,49.12],[22.74,49.71],[24.08,50.58],[23.6,51.65],[26.17,51.92],[30.5,51.31],[30.87,52.05],[33.9,52.32],[34.34,51.92],[34.23,51.31],[35.14,51.18],[35.42,50.45],[37.44,50.45],[37.86,49.98],[40.1,49.45],[39.68,48.59],[39.92,48.13],[39.53,47.8],[38.8,47.86],[38.19,47.2],[34.74,46.15]]]]}},{"type":"Feature","properties":{"n":"Russian Federation","f":1992,"t":1995,"w":"Q159"},"geometry":{"type":"MultiPolygon","coordinates":[[[[19.95,55.02],[20.99,54.95],[21.11,55.29],[22.81,54.89],[22.68,54.41],[22.15,54.34],[20.0,54.61],[19.95,55.02]]],[[[35.65,65.22],[36.13,65.22],[35.5,65.0],[35.65,65.22]]],[[[49.52,69.56],[50.32,69.33],[49.7,68.88],[48.34,68.73],[48.24,69.41],[49.52,69.56]]],[[[60.96,75.2],[55.95,73.08],[56.32,73.0],[55.5,72.53],[55.43,72.05],[56.11,71.27],[57.62,70.88],[57.49,70.64],[53.85,70.72],[53.25,71.5],[52.85,70.95],[52.2,71.27],[52.43,71.5],[51.25,71.81],[52.77,72.69],[52.34,72.84],[54.14,73.41],[53.7,73.89],[56.11,74.79],[56.29,75.04],[55.75,75.04],[56.09,75.37],[56.73,75.2],[59.33,76.04],[64.23,76.38],[66.97,77.06],[69.14,76.89],[69.03,76.55],[67.83,76.21],[60.96,75.2]]],[[[51.35,79.91],[50.65,79.91],[50.97,80.19],[51.35,79.91]]],[[[59.43,80.19],[60.25,80.19],[59.89,79.91],[59.43,80.19]]],[[[50.16,80.37],[50.57,80.28],[50.43,80.09],[49.96,80.09],[50.16,80.37]]],[[[47.56,80.19],[47.04,80.28],[47.16,80.47],[47.63,80.47],[47.56,80.19]]],[[[53.79,80.19],[52.73,80.19],[52.95,80.47],[53.79,80.19]]],[[[54.6,80.47],[54.72,80.47],[54.64,80.37],[54.6,80.47]]],[[[58.31,80.94],[58.9,80.94],[58.22,80.56],[59.05,80.56],[58.18,80.09],[56.06,80.09],[56.37,80.47],[57.98,80.56],[58.31,80.94]]],[[[54.36,80.47],[54.75,80.65],[54.6,80.47],[54.36,80.47]]],[[[48.59,80.65],[50.93,80.94],[50.47,80.47],[47.85,80.09],[48.67,80.94],[48.59,80.65]]],[[[47.22,80.56],[45.92,80.56],[46.05,80.75],[47.53,80.84],[47.22,80.56]]],[[[50.77,80.56],[51.81,80.84],[51.72,80.56],[50.77,80.56]]],[[[47.76,80.65],[47.52,80.65],[48.07,80.94],[47.76,80.65]]],[[[60.62,81.13],[61.9,81.23],[61.76,80.94],[62.62,80.84],[61.92,80.47],[59.4,80.56],[60.62,81.13]]],[[[57.57,81.63],[58.33,81.53],[56.72,81.04],[58.07,80.94],[57.83,80.65],[54.9,80.84],[57.57,81.63]]],[[[59.91,81.13],[60.32,81.33],[60.14,81.13],[59.91,81.13]]],[[[63.4,81.43],[62.66,81.53],[63.06,81.83],[63.81,81.73],[63.4,81.43]]],[[[59.65,81.93],[59.68,81.83],[58.61,81.43],[58.8,81.93],[59.65,81.93]]],[[[108.87,53.53],[108.52,53.53],[108.6,53.73],[108.93,53.94],[108.87,53.53]]],[[[136.87,54.89],[136.53,54.89],[136.9,55.16],[137.18,55.09],[136.87,54.89]]],[[[106.66,76.55],[112.07,76.81],[114.09,75.96],[113.31,75.12],[106.15,73.33],[105.53,72.92],[110.4,73.65],[110.73,73.81],[109.34,73.65],[110.12,74.14],[111.06,73.97],[112.12,74.63],[113.31,74.63],[113.61,74.54],[111.48,73.89],[112.53,73.73],[113.21,74.05],[113.6,73.81],[113.36,73.57],[118.9,73.73],[118.4,73.33],[120.56,73.0],[123.08,73.0],[123.21,73.57],[124.01,73.81],[128.08,73.57],[129.12,73.16],[128.74,72.92],[129.22,72.76],[128.74,72.53],[129.64,72.37],[128.87,71.66],[130.99,70.8],[132.46,71.97],[133.49,71.5],[139.7,71.58],[139.36,71.81],[139.8,72.21],[139.0,72.29],[141.34,72.92],[146.82,72.53],[146.53,72.13],[147.41,72.45],[149.62,72.29],[150.1,71.97],[148.95,71.74],[151.81,71.42],[152.49,70.88],[155.5,71.19],[159.39,70.95],[160.15,70.64],[159.78,69.87],[160.89,69.64],[166.9,69.56],[169.01,70.1],[169.63,69.95],[168.22,69.41],[169.35,69.26],[169.45,68.88],[170.87,69.11],[170.62,69.56],[169.96,69.64],[170.68,70.18],[178.89,69.56],[180.0,69.11],[180.0,65.08],[177.34,64.49],[178.45,64.42],[178.89,63.91],[178.58,63.62],[179.76,62.83],[179.0,62.33],[177.06,62.62],[173.58,61.69],[170.68,60.49],[170.28,59.92],[169.06,60.63],[166.99,60.35],[166.07,59.78],[166.19,60.49],[164.79,59.78],[163.64,60.0],[161.97,58.04],[163.38,57.83],[162.71,57.28],[163.46,56.39],[162.57,56.05],[162.58,56.46],[161.95,55.98],[161.77,55.23],[162.21,54.89],[160.06,54.21],[159.83,53.8],[160.13,53.26],[158.78,52.99],[158.3,51.98],[156.78,50.98],[156.39,51.25],[155.43,54.68],[155.7,56.52],[156.85,57.35],[156.86,57.9],[158.4,58.18],[161.99,60.56],[163.63,60.98],[163.35,60.98],[163.88,61.34],[163.62,61.41],[163.86,62.12],[164.55,62.69],[163.3,62.55],[163.07,61.9],[163.42,61.83],[163.0,61.55],[162.27,61.62],[160.17,60.63],[160.23,61.05],[159.67,60.98],[160.28,61.9],[157.1,61.69],[154.25,59.85],[154.14,59.5],[155.22,59.43],[154.93,59.16],[151.23,58.88],[152.05,59.29],[149.42,59.78],[148.61,59.22],[145.07,59.43],[142.02,59.02],[137.43,55.98],[135.2,54.95],[136.92,54.68],[136.68,53.87],[137.69,54.34],[137.32,54.07],[137.86,54.0],[137.27,53.6],[138.1,53.73],[138.73,54.34],[140.03,54.34],[141.46,53.33],[141.15,52.52],[141.56,52.25],[140.65,51.25],[140.25,48.59],[135.11,43.47],[133.27,42.69],[131.75,43.28],[130.77,42.43],[130.47,42.69],[131.27,43.28],[130.91,44.71],[131.7,45.24],[132.98,45.1],[134.68,47.66],[134.52,48.39],[132.12,47.66],[130.85,47.73],[130.57,48.85],[127.48,49.78],[125.9,52.86],[123.85,53.53],[121.9,53.46],[120.08,52.86],[119.9,52.65],[120.53,52.59],[120.67,52.05],[119.65,51.11],[119.28,50.11],[117.83,49.52],[114.01,50.25],[112.73,49.52],[108.59,49.32],[106.46,50.38],[103.3,50.18],[102.3,50.58],[101.91,51.51],[98.93,52.12],[97.84,51.11],[98.13,50.11],[97.43,49.78],[94.87,49.98],[94.13,50.58],[92.27,50.85],[87.33,49.05],[86.63,49.78],[85.14,49.65],[83.65,50.98],[81.57,50.71],[80.62,51.31],[79.7,50.85],[77.8,53.39],[76.3,54.14],[76.83,54.48],[73.36,53.46],[73.67,54.07],[71.19,54.14],[70.82,55.29],[68.79,55.43],[65.09,54.41],[61.19,54.0],[60.96,53.66],[61.54,53.6],[61.17,53.33],[61.97,52.99],[61.03,52.99],[60.64,52.65],[60.94,52.32],[60.02,51.92],[61.57,51.31],[60.9,50.65],[59.96,50.85],[59.5,50.51],[58.45,51.11],[56.76,51.11],[55.66,50.58],[54.54,51.05],[54.39,50.58],[53.87,51.31],[52.24,51.78],[50.69,51.71],[49.41,51.11],[48.69,50.65],[48.86,50.05],[48.47,49.85],[47.45,50.45],[46.86,49.78],[46.54,48.46],[47.14,48.19],[47.13,47.8],[48.32,47.6],[48.96,46.81],[48.5,46.61],[49.09,46.35],[47.47,45.69],[46.69,44.71],[47.34,43.99],[47.38,43.02],[48.48,41.78],[47.56,41.2],[45.75,42.11],[45.67,42.5],[46.43,43.08],[46.23,44.06],[44.73,43.86],[44.84,42.76],[43.93,42.63],[42.99,43.15],[39.98,43.41],[39.06,44.19],[36.78,45.1],[36.75,45.43],[37.7,45.3],[38.33,46.15],[37.84,46.61],[39.22,47.01],[38.95,47.33],[38.19,47.2],[38.24,47.53],[39.92,48.13],[39.68,48.59],[40.1,49.45],[37.86,49.98],[37.44,50.45],[35.42,50.45],[35.14,51.18],[34.23,51.31],[34.34,51.92],[33.9,52.32],[31.66,52.18],[31.31,53.19],[32.65,53.46],[30.86,54.61],[30.93,55.5],[30.38,55.84],[28.15,56.18],[27.65,56.94],[27.8,57.35],[27.31,57.63],[27.98,57.9],[27.94,58.25],[27.48,58.18],[27.93,59.78],[30.14,59.92],[27.99,60.7],[31.5,62.98],[30.05,63.7],[30.55,64.28],[29.62,64.86],[30.03,65.88],[29.05,66.77],[29.94,67.67],[28.42,68.42],[28.63,68.95],[30.96,69.87],[32.31,70.02],[33.44,69.33],[36.13,69.26],[41.0,67.74],[41.39,67.15],[41.04,66.7],[38.68,66.03],[32.55,67.07],[33.0,66.55],[34.87,65.88],[34.44,65.37],[34.98,64.49],[37.39,63.91],[37.88,63.99],[37.89,64.35],[36.79,64.49],[36.36,65.0],[37.21,65.3],[38.21,64.79],[40.19,64.71],[39.54,65.37],[40.4,65.96],[41.96,66.55],[43.97,66.18],[44.37,67.0],[43.6,67.3],[44.17,68.27],[43.45,68.73],[45.88,68.57],[46.66,67.82],[44.93,67.44],[45.81,66.92],[47.37,66.92],[47.78,67.67],[53.28,69.03],[54.04,68.95],[53.87,68.42],[53.3,68.27],[58.39,69.03],[59.09,69.03],[59.4,68.88],[59.24,68.42],[59.74,68.42],[60.7,68.88],[60.09,69.72],[58.34,70.18],[59.07,70.57],[60.54,69.79],[63.93,69.72],[68.49,68.27],[68.95,68.95],[66.6,69.64],[67.17,70.18],[67.19,70.8],[66.53,71.03],[68.33,71.81],[69.96,73.49],[71.3,73.57],[71.11,73.08],[69.71,72.92],[72.94,72.76],[72.66,72.05],[71.81,71.5],[72.89,71.03],[72.5,69.03],[73.63,68.65],[73.07,67.74],[71.52,66.62],[70.4,66.4],[72.1,66.33],[74.65,67.74],[74.2,68.35],[74.59,68.88],[76.47,69.11],[77.31,68.65],[77.25,68.05],[77.88,68.35],[77.59,68.88],[76.63,69.18],[73.66,69.11],[73.41,69.72],[74.22,70.64],[72.89,71.42],[74.87,72.21],[74.86,72.92],[75.77,72.53],[75.27,71.81],[75.4,71.34],[77.19,71.27],[75.85,71.89],[77.23,72.05],[76.71,72.29],[77.48,72.69],[82.52,71.81],[82.13,72.29],[80.47,72.53],[80.55,73.16],[80.18,73.33],[80.89,73.73],[86.9,73.89],[87.0,74.46],[86.08,74.22],[86.34,74.54],[85.78,74.63],[86.6,74.87],[86.55,74.54],[89.01,75.54],[92.6,75.79],[93.7,76.21],[93.15,75.87],[95.91,76.38],[96.8,76.38],[96.22,76.04],[97.65,76.04],[99.11,76.3],[99.15,76.64],[100.8,76.55],[101.49,77.24],[103.41,77.76],[106.29,77.58],[105.16,77.15],[107.59,77.06],[106.66,76.55]],[[103.57,51.58],[105.74,51.65],[106.4,52.32],[108.83,53.26],[109.64,54.27],[109.99,55.84],[109.32,55.77],[108.23,54.14],[104.91,51.92],[103.57,51.58]],[[35.26,61.55],[35.2,60.91],[36.08,61.12],[36.22,61.69],[35.29,62.4],[35.27,63.05],[34.12,63.34],[34.05,63.05],[34.99,62.69],[34.88,62.26],[34.15,62.69],[33.96,61.9],[35.26,61.55]],[[32.17,60.91],[31.78,61.26],[31.02,61.62],[29.86,61.34],[30.38,59.78],[31.82,60.14],[32.17,60.91]]],[[[79.18,73.16],[79.66,73.0],[79.36,72.69],[78.57,72.84],[79.18,73.16]]],[[[74.58,72.84],[73.98,73.0],[74.4,73.25],[74.58,72.84]]],[[[76.03,73.65],[75.39,73.41],[75.61,73.65],[76.03,73.65]]],[[[136.32,74.22],[136.43,74.22],[136.06,73.89],[135.28,74.05],[136.32,74.22]]],[[[84.51,74.54],[84.92,74.63],[84.65,74.38],[84.51,74.54]]],[[[79.25,74.54],[79.63,74.71],[79.57,74.54],[79.25,74.54]]],[[[85.63,74.87],[85.12,74.71],[85.41,74.87],[85.63,74.87]]],[[[82.04,75.54],[82.36,75.54],[82.19,75.29],[81.76,75.29],[82.04,75.54]]],[[[135.87,75.37],[135.33,75.37],[135.59,75.79],[136.14,75.96],[136.35,75.62],[135.87,75.37]]],[[[97.36,76.46],[96.56,76.13],[97.02,76.38],[97.36,76.46]]],[[[97.59,76.55],[97.37,76.55],[97.62,76.81],[97.59,76.55]]],[[[96.0,77.24],[96.91,77.32],[96.42,76.98],[95.53,76.98],[96.0,77.24]]],[[[89.18,77.15],[89.97,77.41],[89.62,77.15],[89.18,77.15]]],[[[101.49,78.2],[99.41,78.02],[101.97,79.45],[103.59,79.45],[102.72,78.91],[104.57,79.27],[106.0,78.73],[104.7,78.29],[101.49,78.2]]],[[[100.5,80.0],[99.8,79.18],[100.36,79.09],[97.53,78.82],[93.26,79.45],[94.78,80.09],[92.94,79.63],[91.35,79.91],[92.78,80.09],[93.18,80.37],[92.6,80.37],[93.55,81.04],[95.77,81.33],[98.05,80.94],[97.36,80.56],[98.56,80.19],[98.27,80.0],[100.5,80.0]]],[[[80.32,80.75],[79.14,80.75],[80.8,81.04],[80.32,80.75]]],[[[65.9,81.04],[65.26,80.75],[62.89,80.75],[65.9,81.04]]],[[[90.74,81.33],[91.94,81.33],[91.27,80.94],[90.21,81.04],[90.74,81.33]]],[[[146.98,43.93],[146.5,43.73],[146.69,43.86],[146.98,43.93]]],[[[146.51,44.45],[145.29,43.73],[146.08,44.52],[146.51,44.45]]],[[[148.96,45.56],[146.78,44.39],[147.88,45.43],[148.96,45.56]]],[[[150.55,46.28],[149.37,45.56],[149.51,45.82],[150.55,46.28]]],[[[152.34,47.2],[151.58,46.81],[151.96,47.14],[152.34,47.2]]],[[[144.67,48.99],[144.74,48.79],[144.46,48.65],[144.67,48.99]]],[[[154.42,49.25],[154.9,49.65],[154.73,49.32],[154.42,49.25]]],[[[143.07,51.98],[144.43,49.18],[142.96,49.12],[142.5,47.93],[143.62,46.41],[143.3,46.22],[143.24,46.55],[142.53,46.68],[141.89,45.89],[141.66,46.41],[142.15,48.19],[141.75,48.79],[142.15,51.05],[141.46,51.98],[141.85,52.79],[141.72,53.33],[142.54,53.53],[142.31,54.21],[142.69,54.48],[143.08,54.27],[143.33,52.65],[143.07,51.98]]],[[[155.82,50.71],[156.54,50.91],[155.84,50.25],[155.08,50.25],[155.82,50.71]]],[[[167.26,54.75],[167.87,54.89],[167.78,54.61],[167.26,54.75]]],[[[137.59,54.41],[137.14,54.89],[137.5,55.23],[138.15,55.02],[137.59,54.41]]],[[[166.32,55.43],[166.74,54.82],[165.96,54.89],[165.7,55.29],[166.32,55.43]]],[[[163.27,58.53],[163.69,59.02],[164.81,59.29],[163.27,58.53]]],[[[141.11,73.97],[142.7,73.97],[143.61,73.49],[139.52,73.33],[141.11,73.97]]],[[[140.89,73.97],[139.83,73.97],[140.37,74.38],[141.24,74.22],[140.89,73.97]]],[[[147.94,74.79],[146.07,75.2],[146.68,75.71],[151.17,75.2],[150.09,74.79],[147.94,74.79]]],[[[142.34,75.45],[143.59,75.96],[145.58,75.71],[143.46,74.87],[141.73,75.04],[139.22,74.63],[136.86,75.2],[137.23,75.45],[137.01,75.62],[138.79,76.3],[140.13,75.87],[141.92,76.21],[142.72,75.96],[142.34,75.45]]],[[[149.25,76.64],[148.69,76.64],[149.07,76.81],[148.99,76.72],[149.63,76.81],[149.25,76.64]]],[[[149.18,76.81],[149.49,76.89],[149.71,76.89],[149.18,76.81]]]]}},{"type":"Feature","properties":{"n":"Republic of Sudan","f":1992,"t":2013,"w":"Q1049"},"geometry":{"type":"Polygon","coordinates":[[[37.37,21.24],[37.41,18.99],[38.69,17.96],[37.01,16.81],[36.18,12.76],[35.21,11.99],[34.95,10.76],[34.36,10.64],[34.15,8.64],[33.04,8.13],[34.76,6.59],[35.31,5.36],[33.52,3.76],[32.21,3.56],[30.6,3.56],[29.53,4.66],[28.22,4.34],[26.5,6.01],[26.08,6.91],[25.22,7.42],[25.23,7.81],[23.57,8.77],[23.73,9.74],[22.6,11.54],[22.47,12.63],[21.89,12.69],[23.05,15.59],[24.09,15.84],[24.04,19.57],[24.12,19.96],[25.09,20.09],[25.06,21.95],[36.96,21.95],[37.37,21.24]]]}},{"type":"Feature","properties":{"n":"Turkmenistan","f":1992,"t":2023,"w":"Q874"},"geometry":{"type":"Polygon","coordinates":[[[66.45,37.38],[64.93,37.19],[64.48,36.29],[62.46,35.19],[61.3,35.58],[61.14,36.61],[60.44,36.61],[59.17,37.58],[57.19,38.22],[55.2,38.03],[53.96,37.32],[53.99,39.0],[53.14,39.45],[53.54,39.51],[53.5,40.03],[52.79,40.03],[52.7,40.36],[52.89,40.87],[54.37,40.74],[54.73,41.26],[54.09,41.59],[53.91,42.17],[53.19,42.17],[52.8,41.52],[52.57,41.91],[53.13,42.24],[54.26,42.3],[55.52,41.26],[56.96,41.26],[57.06,41.98],[58.7,42.76],[59.86,42.3],[60.09,41.39],[61.8,41.26],[62.61,39.84],[66.68,37.96],[66.45,37.38]]]}},{"type":"Feature","properties":{"n":"(Russian Federation)","f":1996,"t":1999,"w":"Q159"},"geometry":{"type":"MultiPolygon","coordinates":[[[[39.98,43.41],[39.06,44.19],[36.78,45.1],[36.75,45.43],[37.7,45.3],[37.59,45.63],[38.33,46.15],[37.84,46.61],[39.22,47.01],[38.95,47.33],[38.19,47.2],[38.24,47.53],[39.92,48.13],[39.68,48.59],[40.1,49.45],[37.86,49.98],[37.44,50.45],[35.42,50.45],[35.14,51.18],[34.23,51.31],[34.34,51.92],[33.9,52.32],[31.66,52.18],[31.31,53.19],[32.65,53.46],[30.86,54.61],[30.93,55.5],[28.15,56.18],[27.65,56.94],[27.8,57.35],[27.31,57.63],[27.98,57.9],[27.94,58.25],[27.48,58.18],[27.93,59.78],[29.94,59.85],[30.16,60.07],[28.99,60.14],[28.54,60.7],[27.99,60.7],[31.5,62.98],[30.05,63.7],[30.55,64.28],[29.62,64.86],[30.03,65.88],[29.05,66.77],[29.94,67.67],[28.42,68.42],[28.63,68.95],[32.31,70.02],[33.44,69.33],[36.13,69.26],[41.0,67.74],[41.39,67.15],[41.04,66.7],[38.68,66.03],[32.55,67.07],[33.0,66.55],[34.87,65.88],[34.44,65.37],[34.98,64.49],[37.39,63.91],[37.88,63.99],[37.89,64.35],[36.79,64.49],[36.36,65.0],[37.21,65.3],[38.21,64.79],[40.19,64.71],[39.54,65.37],[40.4,65.96],[41.96,66.55],[43.97,66.18],[44.37,67.0],[43.6,67.3],[44.17,68.27],[43.45,68.73],[45.88,68.57],[46.66,67.82],[44.93,67.44],[45.81,66.92],[47.37,66.92],[47.78,67.67],[53.28,69.03],[54.04,68.95],[53.87,68.42],[53.3,68.27],[58.39,69.03],[59.09,69.03],[59.4,68.88],[59.24,68.42],[59.74,68.42],[60.7,68.88],[60.09,69.72],[58.34,70.18],[59.07,70.57],[60.54,69.79],[63.93,69.72],[68.49,68.27],[68.95,68.95],[66.6,69.64],[67.17,70.18],[67.19,70.8],[66.53,71.03],[68.33,71.81],[69.96,73.49],[71.3,73.57],[71.11,73.08],[69.71,72.92],[72.94,72.76],[72.66,72.05],[71.81,71.5],[72.89,71.03],[72.5,69.03],[73.63,68.65],[73.07,67.74],[71.52,66.62],[70.4,66.4],[72.1,66.33],[74.65,67.74],[74.2,68.35],[74.59,68.88],[76.47,69.11],[77.31,68.65],[77.25,68.05],[77.88,68.35],[77.59,68.88],[76.63,69.18],[73.66,69.11],[73.41,69.72],[74.22,70.64],[72.89,71.42],[74.87,72.21],[74.86,72.92],[75.77,72.53],[75.27,71.81],[75.4,71.34],[77.19,71.27],[75.85,71.89],[77.23,72.05],[76.71,72.29],[77.48,72.69],[82.52,71.81],[82.13,72.29],[80.47,72.53],[80.55,73.16],[80.18,73.33],[80.89,73.73],[86.9,73.89],[87.0,74.46],[86.08,74.22],[86.34,74.54],[85.78,74.63],[86.6,74.87],[86.55,74.54],[89.01,75.54],[92.6,75.79],[93.7,76.21],[93.15,75.87],[95.91,76.38],[96.8,76.38],[96.22,76.04],[97.65,76.04],[99.11,76.3],[99.15,76.64],[100.8,76.55],[101.49,77.24],[103.41,77.76],[106.29,77.58],[105.16,77.15],[107.59,77.06],[106.66,76.55],[112.07,76.81],[114.09,75.96],[113.31,75.12],[106.15,73.33],[105.53,72.92],[110.4,73.65],[110.73,73.81],[109.34,73.65],[110.12,74.14],[111.06,73.97],[112.12,74.63],[113.31,74.63],[113.61,74.54],[111.48,73.89],[112.53,73.73],[113.21,74.05],[113.6,73.81],[113.36,73.57],[118.9,73.73],[118.4,73.33],[120.56,73.0],[123.08,73.0],[123.21,73.57],[124.01,73.81],[128.08,73.57],[129.12,73.16],[128.74,72.92],[129.22,72.76],[128.74,72.53],[129.64,72.37],[128.87,71.66],[130.99,70.8],[132.46,71.97],[133.49,71.5],[139.7,71.58],[139.36,71.81],[139.8,72.21],[139.0,72.29],[141.34,72.92],[146.82,72.53],[146.53,72.13],[147.41,72.45],[149.62,72.29],[150.1,71.97],[148.95,71.74],[151.81,71.42],[152.49,70.88],[155.5,71.19],[159.39,70.95],[160.15,70.64],[159.78,69.87],[160.89,69.64],[166.9,69.56],[169.01,70.1],[169.63,69.95],[169.11,69.56],[168.35,69.64],[168.28,69.33],[170.45,68.88],[170.96,69.26],[169.96,69.64],[170.68,70.18],[171.8,70.18],[176.31,69.95],[180.0,69.11],[180.0,65.08],[177.34,64.49],[178.45,64.42],[178.89,63.91],[178.58,63.62],[179.4,63.34],[179.61,62.69],[179.0,62.33],[177.06,62.62],[173.58,61.69],[170.68,60.49],[170.28,59.92],[169.06,60.63],[166.99,60.35],[166.07,59.78],[166.19,60.49],[164.79,59.78],[163.64,60.0],[161.97,58.04],[163.38,57.83],[162.71,57.28],[163.46,56.39],[162.57,56.05],[162.58,56.46],[161.95,55.98],[161.77,55.23],[162.21,54.89],[160.06,54.21],[159.83,53.8],[160.13,53.26],[158.78,52.99],[158.3,51.98],[156.78,50.98],[156.39,51.25],[155.43,54.68],[155.7,56.52],[156.85,57.35],[156.86,57.9],[158.4,58.18],[161.99,60.56],[163.63,60.98],[163.35,60.98],[163.88,61.34],[163.62,61.41],[163.86,62.12],[164.55,62.69],[163.3,62.55],[163.07,61.9],[163.42,61.83],[163.0,61.55],[162.27,61.62],[160.17,60.63],[160.23,61.05],[159.67,60.98],[160.28,61.9],[157.1,61.69],[154.25,59.85],[154.14,59.5],[155.22,59.43],[154.93,59.16],[151.23,58.88],[152.05,59.29],[149.42,59.78],[148.61,59.22],[143.08,59.36],[140.9,58.39],[137.43,55.98],[135.2,54.95],[136.92,54.68],[136.68,53.87],[137.69,54.34],[137.32,54.07],[137.86,54.0],[137.27,53.6],[138.1,53.73],[138.73,54.34],[140.03,54.34],[141.46,53.33],[141.15,52.52],[141.56,52.25],[140.65,51.25],[140.25,48.59],[135.11,43.47],[133.27,42.69],[131.91,43.28],[130.77,42.43],[130.47,42.69],[131.27,43.28],[130.91,44.71],[131.7,45.24],[132.98,45.1],[134.68,47.66],[134.52,48.39],[132.12,47.66],[130.85,47.73],[130.57,48.85],[127.48,49.78],[125.9,52.86],[123.85,53.53],[121.9,53.46],[120.08,52.86],[119.9,52.65],[120.53,52.59],[120.67,52.05],[119.65,51.11],[119.28,50.11],[117.83,49.52],[114.01,50.25],[112.73,49.52],[108.59,49.32],[106.46,50.38],[103.3,50.18],[102.3,50.58],[101.91,51.51],[98.93,52.12],[97.84,51.11],[98.13,50.11],[97.43,49.78],[94.87,49.98],[94.13,50.58],[92.27,50.85],[87.33,49.05],[86.63,49.78],[85.14,49.65],[83.65,50.98],[81.57,50.71],[80.62,51.31],[79.7,50.85],[77.8,53.39],[76.3,54.14],[76.83,54.48],[73.36,53.46],[73.67,54.07],[71.19,54.14],[70.82,55.29],[68.79,55.43],[65.09,54.41],[61.19,54.0],[60.96,53.66],[61.54,53.6],[61.17,53.33],[61.97,52.99],[61.03,52.99],[60.64,52.65],[60.94,52.32],[60.02,51.92],[61.57,51.31],[60.9,50.65],[59.96,50.85],[59.5,50.51],[58.45,51.11],[56.76,51.11],[55.66,50.58],[54.54,51.05],[54.39,50.58],[53.87,51.31],[52.24,51.78],[50.69,51.71],[49.41,51.11],[48.69,50.65],[48.86,50.05],[48.47,49.85],[47.45,50.45],[46.86,49.78],[46.54,48.46],[47.14,48.19],[47.13,47.8],[48.32,47.6],[48.96,46.81],[48.5,46.61],[49.09,46.35],[47.47,45.69],[46.63,44.45],[47.34,43.99],[47.38,43.02],[48.48,41.78],[47.56,41.2],[45.23,42.69],[44.18,42.69],[44.44,42.37],[43.79,42.3],[43.66,42.89],[39.98,43.41]],[[103.57,51.58],[105.74,51.65],[106.4,52.32],[108.83,53.26],[109.64,54.27],[109.99,55.84],[109.32,55.77],[108.23,54.14],[104.91,51.92],[103.57,51.58]],[[35.26,61.55],[35.2,60.91],[36.08,61.12],[36.22,61.69],[35.29,62.4],[35.27,63.05],[34.12,63.34],[34.05,63.05],[34.99,62.69],[34.88,62.26],[34.15,62.69],[33.96,61.9],[35.26,61.55]],[[32.17,60.91],[31.78,61.26],[31.02,61.62],[29.86,61.34],[30.38,59.78],[31.82,60.14],[32.17,60.91]]],[[[28.3,45.56],[28.47,45.69],[28.46,45.56],[28.3,45.56]]],[[[28.43,46.09],[28.48,46.48],[28.72,46.48],[28.86,46.22],[28.43,46.09]]],[[[28.5,48.13],[29.21,47.86],[29.88,46.61],[29.34,46.87],[28.5,48.13]]],[[[19.95,55.02],[20.99,54.95],[21.11,55.29],[22.81,54.89],[22.68,54.41],[22.15,54.34],[20.42,54.34],[19.84,54.68],[19.95,55.02]]],[[[35.65,65.22],[36.13,65.22],[35.5,65.0],[35.65,65.22]]],[[[49.52,69.56],[50.32,69.33],[49.7,68.88],[48.34,68.73],[48.24,69.41],[49.52,69.56]]],[[[51.35,79.91],[50.65,79.91],[50.97,80.19],[51.35,79.91]]],[[[59.43,80.19],[60.25,80.19],[59.89,79.91],[59.43,80.19]]],[[[50.16,80.37],[50.57,80.28],[50.43,80.09],[49.96,80.09],[50.16,80.37]]],[[[47.56,80.19],[47.04,80.28],[47.16,80.47],[47.63,80.47],[47.56,80.19]]],[[[53.79,80.19],[52.73,80.19],[52.95,80.47],[53.79,80.19]]],[[[54.6,80.47],[54.72,80.47],[54.64,80.37],[54.6,80.47]]],[[[58.31,80.94],[58.9,80.94],[58.22,80.56],[59.05,80.56],[58.18,80.09],[56.06,80.09],[56.37,80.47],[57.98,80.56],[58.31,80.94]]],[[[54.36,80.47],[54.75,80.65],[54.6,80.47],[54.36,80.47]]],[[[48.59,80.65],[50.93,80.94],[50.47,80.47],[47.85,80.09],[48.67,80.94],[48.59,80.65]]],[[[47.22,80.56],[45.92,80.56],[46.05,80.75],[47.53,80.84],[47.22,80.56]]],[[[50.77,80.56],[51.81,80.84],[51.72,80.56],[50.77,80.56]]],[[[47.76,80.65],[47.52,80.65],[48.07,80.94],[47.76,80.65]]],[[[57.57,81.63],[58.33,81.53],[56.72,81.04],[58.07,80.94],[57.83,80.65],[54.9,80.84],[57.57,81.63]]],[[[59.91,81.13],[60.32,81.33],[60.14,81.13],[59.91,81.13]]],[[[59.65,81.93],[59.68,81.83],[58.61,81.43],[58.8,81.93],[59.65,81.93]]],[[[108.87,53.53],[108.52,53.53],[108.6,53.73],[108.93,53.94],[108.87,53.53]]],[[[79.18,73.16],[79.66,73.0],[79.36,72.69],[78.57,72.84],[79.18,73.16]]],[[[74.58,72.84],[73.98,73.0],[74.4,73.25],[74.58,72.84]]],[[[76.03,73.65],[75.39,73.41],[75.61,73.65],[76.03,73.65]]],[[[60.96,75.2],[55.95,73.08],[56.32,73.0],[55.5,72.53],[55.43,72.05],[56.11,71.27],[57.62,70.88],[57.49,70.64],[53.85,70.72],[53.25,71.5],[52.85,70.95],[52.2,71.27],[52.43,71.5],[51.25,71.81],[52.77,72.69],[52.34,72.84],[54.14,73.41],[53.7,73.89],[56.11,74.79],[56.29,75.04],[55.75,75.04],[56.09,75.37],[56.73,75.2],[59.33,76.04],[64.23,76.38],[66.97,77.06],[69.14,76.89],[69.03,76.55],[67.83,76.21],[60.96,75.2]]],[[[136.32,74.22],[136.43,74.22],[136.06,73.89],[135.28,74.05],[136.32,74.22]]],[[[84.51,74.54],[84.92,74.63],[84.65,74.38],[84.51,74.54]]],[[[79.25,74.54],[79.63,74.71],[79.57,74.54],[79.25,74.54]]],[[[85.44,74.71],[85.12,74.71],[85.41,74.87],[85.44,74.71]]],[[[82.04,75.54],[82.36,75.54],[82.19,75.29],[81.76,75.29],[82.04,75.54]]],[[[97.36,76.46],[96.56,76.13],[97.02,76.38],[97.36,76.46]]],[[[97.59,76.55],[97.37,76.55],[97.62,76.81],[97.59,76.55]]],[[[96.0,77.24],[96.91,77.32],[96.42,76.98],[95.53,76.98],[96.0,77.24]]],[[[89.18,77.15],[89.97,77.41],[89.62,77.15],[89.18,77.15]]],[[[101.49,78.2],[99.41,78.02],[101.97,79.45],[103.59,79.45],[102.72,78.91],[104.57,79.27],[106.0,78.73],[104.7,78.29],[101.49,78.2]]],[[[100.5,80.0],[99.8,79.18],[100.36,79.09],[97.53,78.82],[93.26,79.45],[94.78,80.09],[92.94,79.63],[91.35,79.91],[92.78,80.09],[93.18,80.37],[92.6,80.37],[93.55,81.04],[95.77,81.33],[98.05,80.94],[97.36,80.56],[98.56,80.19],[98.27,80.0],[100.5,80.0]]],[[[60.62,81.13],[61.9,81.23],[61.76,80.94],[62.62,80.84],[61.92,80.47],[59.4,80.56],[60.62,81.13]]],[[[80.32,80.75],[79.14,80.75],[80.8,81.04],[80.32,80.75]]],[[[65.9,81.04],[65.26,80.75],[62.89,80.75],[65.9,81.04]]],[[[90.74,81.33],[91.94,81.33],[91.27,80.94],[90.21,81.04],[90.74,81.33]]],[[[63.4,81.43],[62.66,81.53],[63.06,81.83],[63.81,81.73],[63.4,81.43]]],[[[146.98,43.93],[146.5,43.73],[146.69,43.86],[146.98,43.93]]],[[[146.51,44.45],[145.29,43.73],[146.08,44.52],[146.51,44.45]]],[[[148.96,45.56],[146.78,44.39],[147.88,45.43],[148.96,45.56]]],[[[150.55,46.28],[149.37,45.56],[149.51,45.82],[150.55,46.28]]],[[[152.34,47.2],[151.58,46.81],[151.96,47.14],[152.34,47.2]]],[[[144.67,48.99],[144.74,48.79],[144.46,48.65],[144.67,48.99]]],[[[154.42,49.25],[154.9,49.65],[154.73,49.32],[154.42,49.25]]],[[[143.07,51.98],[144.43,49.18],[142.96,49.12],[142.5,47.93],[143.62,46.41],[143.3,46.22],[143.24,46.55],[142.53,46.68],[141.89,45.89],[141.66,46.41],[142.15,48.19],[141.75,48.79],[142.15,51.05],[141.46,51.98],[141.85,52.79],[141.72,53.33],[142.54,53.53],[142.31,54.21],[142.69,54.48],[143.08,54.27],[143.33,52.65],[143.07,51.98]]],[[[155.82,50.71],[156.54,50.91],[155.84,50.25],[155.08,50.25],[155.82,50.71]]],[[[167.26,54.75],[167.87,54.89],[167.78,54.61],[167.26,54.75]]],[[[137.59,54.41],[137.14,54.89],[137.5,55.23],[138.15,55.02],[137.59,54.41]]],[[[136.87,54.89],[136.53,54.89],[136.9,55.16],[137.18,55.09],[136.87,54.89]]],[[[166.32,55.43],[166.74,54.82],[165.96,54.89],[165.7,55.29],[166.32,55.43]]],[[[163.27,58.53],[163.69,59.02],[164.81,59.29],[163.27,58.53]]],[[[141.11,73.97],[142.7,73.97],[143.61,73.49],[139.52,73.33],[141.11,73.97]]],[[[140.89,73.97],[139.83,73.97],[140.37,74.38],[141.24,74.22],[140.89,73.97]]],[[[147.94,74.79],[146.07,75.2],[146.68,75.71],[151.17,75.2],[150.09,74.79],[147.94,74.79]]],[[[142.34,75.45],[143.59,75.96],[145.58,75.71],[143.46,74.87],[141.73,75.04],[139.22,74.63],[136.86,75.2],[137.23,75.45],[137.01,75.62],[138.79,76.3],[140.13,75.87],[141.92,76.21],[142.72,75.96],[142.34,75.45]]],[[[135.87,75.37],[135.33,75.37],[135.59,75.79],[136.14,75.96],[136.35,75.62],[135.87,75.37]]],[[[149.13,76.64],[148.69,76.64],[149.63,76.81],[149.13,76.64]]],[[[149.49,76.89],[149.71,76.89],[149.18,76.81],[149.49,76.89]]]]}},{"type":"Feature","properties":{"n":"Republic of Uzbekistan","f":1996,"t":1999,"w":"Q265"},"geometry":{"type":"MultiPolygon","coordinates":[[[[70.23,41.52],[70.92,41.2],[71.72,41.46],[73.02,40.81],[71.78,40.16],[70.62,40.23],[70.46,41.0],[69.35,40.74],[69.27,40.23],[68.64,40.23],[68.92,40.1],[68.43,39.51],[67.51,39.58],[67.34,39.26],[68.05,39.0],[68.37,38.16],[67.75,37.25],[66.45,37.38],[66.62,38.03],[62.61,39.84],[61.8,41.26],[60.09,41.39],[60.12,42.11],[58.7,42.76],[57.06,41.98],[56.96,41.26],[56.03,41.39],[56.0,44.97],[58.52,45.56],[58.02,43.8],[59.13,43.73],[59.12,43.41],[60.11,43.47],[60.88,44.45],[61.96,43.47],[65.02,43.73],[65.68,43.02],[66.16,43.02],[65.99,42.24],[66.53,41.91],[66.57,41.26],[67.98,41.2],[68.36,40.61],[68.66,40.81],[68.38,41.2],[71.11,42.24],[70.23,41.52]]],[[[60.51,44.58],[60.53,44.65],[60.61,44.65],[60.51,44.58]]],[[[59.22,45.17],[59.24,45.24],[59.32,45.24],[59.22,45.17]]],[[[59.04,45.37],[59.12,45.37],[59.1,45.3],[59.04,45.37]]],[[[58.89,45.43],[58.97,45.43],[58.96,45.37],[58.89,45.43]]]]}},{"type":"Feature","properties":{"n":"British Colonial Empire","f":1996,"t":1999,"w":"Q8680"},"geometry":{"type":"MultiPolygon","coordinates":[[[[-36.32,-54.76],[-37.96,-54.01],[-36.18,-54.35],[-35.74,-54.82],[-36.16,-55.03],[-36.32,-54.76]]],[[[-61.12,-51.79],[-60.81,-51.86],[-61.01,-52.06],[-61.12,-51.79]]],[[[-59.83,-52.26],[-59.02,-51.32],[-57.81,-51.45],[-57.89,-51.79],[-59.83,-52.26]]],[[[-60.37,-51.65],[-60.57,-51.39],[-59.22,-51.39],[-59.74,-51.92],[-60.91,-52.19],[-60.37,-51.65]]],[[[114.0,22.46],[114.6,22.53],[114.53,22.14],[114.0,22.08],[114.0,22.46]]],[[[-64.67,32.17],[-64.86,32.3],[-64.65,32.36],[-64.67,32.17]]]]}},{"type":"Feature","properties":{"n":"Russian Federation","f":1996,"t":1999,"w":"Q159"},"geometry":{"type":"MultiPolygon","coordinates":[[[[19.95,55.02],[20.99,54.95],[21.11,55.29],[22.81,54.89],[22.68,54.41],[22.15,54.34],[20.0,54.61],[19.95,55.02]]],[[[35.65,65.22],[36.13,65.22],[35.5,65.0],[35.65,65.22]]],[[[49.52,69.56],[50.32,69.33],[49.7,68.88],[48.34,68.73],[48.24,69.41],[49.52,69.56]]],[[[60.96,75.2],[55.95,73.08],[56.32,73.0],[55.5,72.53],[55.43,72.05],[56.11,71.27],[57.62,70.88],[57.49,70.64],[53.85,70.72],[53.25,71.5],[52.85,70.95],[52.2,71.27],[52.43,71.5],[51.25,71.81],[52.77,72.69],[52.34,72.84],[54.14,73.41],[53.7,73.89],[56.11,74.79],[56.29,75.04],[55.75,75.04],[56.09,75.37],[56.73,75.2],[59.33,76.04],[64.23,76.38],[66.97,77.06],[69.14,76.89],[69.03,76.55],[67.83,76.21],[60.96,75.2]]],[[[51.35,79.91],[50.65,79.91],[50.97,80.19],[51.35,79.91]]],[[[59.43,80.19],[60.25,80.19],[59.89,79.91],[59.43,80.19]]],[[[50.16,80.37],[50.57,80.28],[50.43,80.09],[49.96,80.09],[50.16,80.37]]],[[[47.56,80.19],[47.04,80.28],[47.16,80.47],[47.63,80.47],[47.56,80.19]]],[[[53.79,80.19],[52.73,80.19],[52.95,80.47],[53.79,80.19]]],[[[54.6,80.47],[54.72,80.47],[54.64,80.37],[54.6,80.47]]],[[[58.31,80.94],[58.9,80.94],[58.22,80.56],[59.05,80.56],[58.18,80.09],[56.06,80.09],[56.37,80.47],[57.98,80.56],[58.31,80.94]]],[[[54.36,80.47],[54.75,80.65],[54.6,80.47],[54.36,80.47]]],[[[48.59,80.65],[50.93,80.94],[50.47,80.47],[47.85,80.09],[48.67,80.94],[48.59,80.65]]],[[[47.22,80.56],[45.92,80.56],[46.05,80.75],[47.53,80.84],[47.22,80.56]]],[[[50.77,80.56],[51.81,80.84],[51.72,80.56],[50.77,80.56]]],[[[47.76,80.65],[47.52,80.65],[48.07,80.94],[47.76,80.65]]],[[[60.62,81.13],[61.9,81.23],[61.76,80.94],[62.62,80.84],[61.92,80.47],[59.4,80.56],[60.62,81.13]]],[[[57.57,81.63],[58.33,81.53],[56.72,81.04],[58.07,80.94],[57.83,80.65],[54.9,80.84],[57.57,81.63]]],[[[59.91,81.13],[60.32,81.33],[60.14,81.13],[59.91,81.13]]],[[[63.4,81.43],[62.66,81.53],[63.06,81.83],[63.81,81.73],[63.4,81.43]]],[[[59.65,81.93],[59.68,81.83],[58.61,81.43],[58.8,81.93],[59.65,81.93]]],[[[108.87,53.53],[108.52,53.53],[108.6,53.73],[108.93,53.94],[108.87,53.53]]],[[[136.87,54.89],[136.53,54.89],[136.9,55.16],[137.18,55.09],[136.87,54.89]]],[[[106.66,76.55],[112.07,76.81],[114.09,75.96],[113.31,75.12],[106.15,73.33],[105.53,72.92],[110.4,73.65],[110.73,73.81],[109.34,73.65],[110.12,74.14],[111.06,73.97],[112.12,74.63],[113.31,74.63],[113.61,74.54],[111.48,73.89],[112.53,73.73],[113.21,74.05],[113.6,73.81],[113.36,73.57],[118.9,73.73],[118.4,73.33],[120.56,73.0],[123.08,73.0],[123.21,73.57],[124.01,73.81],[128.08,73.57],[129.12,73.16],[128.74,72.92],[129.22,72.76],[128.74,72.53],[129.64,72.37],[128.87,71.66],[130.99,70.8],[132.46,71.97],[133.49,71.5],[139.7,71.58],[139.36,71.81],[139.8,72.21],[139.0,72.29],[141.34,72.92],[146.82,72.53],[146.53,72.13],[147.41,72.45],[149.62,72.29],[150.1,71.97],[148.95,71.74],[151.81,71.42],[152.49,70.88],[155.5,71.19],[159.39,70.95],[160.15,70.64],[159.78,69.87],[160.89,69.64],[166.9,69.56],[169.01,70.1],[169.63,69.95],[168.22,69.41],[169.35,69.26],[169.45,68.88],[170.87,69.11],[170.62,69.56],[169.96,69.64],[170.68,70.18],[178.89,69.56],[180.0,69.11],[180.0,65.08],[177.34,64.49],[178.45,64.42],[178.89,63.91],[178.58,63.62],[179.76,62.83],[179.0,62.33],[177.06,62.62],[173.58,61.69],[170.68,60.49],[170.28,59.92],[169.06,60.63],[166.99,60.35],[166.07,59.78],[166.19,60.49],[164.79,59.78],[163.64,60.0],[161.97,58.04],[163.38,57.83],[162.71,57.28],[163.46,56.39],[162.57,56.05],[162.58,56.46],[161.95,55.98],[161.77,55.23],[162.21,54.89],[160.06,54.21],[159.83,53.8],[160.13,53.26],[158.78,52.99],[158.3,51.98],[156.78,50.98],[156.39,51.25],[155.43,54.68],[155.7,56.52],[156.85,57.35],[156.86,57.9],[158.4,58.18],[161.99,60.56],[163.63,60.98],[163.35,60.98],[163.88,61.34],[163.62,61.41],[163.86,62.12],[164.55,62.69],[163.3,62.55],[163.07,61.9],[163.42,61.83],[163.0,61.55],[162.27,61.62],[160.17,60.63],[160.23,61.05],[159.67,60.98],[160.28,61.9],[157.1,61.69],[154.25,59.85],[154.14,59.5],[155.22,59.43],[154.93,59.16],[151.23,58.88],[152.05,59.29],[149.42,59.78],[148.61,59.22],[145.07,59.43],[142.02,59.02],[137.43,55.98],[135.2,54.95],[136.92,54.68],[136.68,53.87],[137.69,54.34],[137.32,54.07],[137.86,54.0],[137.27,53.6],[138.1,53.73],[138.73,54.34],[140.03,54.34],[141.46,53.33],[141.15,52.52],[141.56,52.25],[140.65,51.25],[140.25,48.59],[135.11,43.47],[133.27,42.69],[131.75,43.28],[130.77,42.43],[130.47,42.69],[131.27,43.28],[130.91,44.71],[131.7,45.24],[132.98,45.1],[134.68,47.66],[134.52,48.39],[132.12,47.66],[130.85,47.73],[130.57,48.85],[127.48,49.78],[125.9,52.86],[123.85,53.53],[121.9,53.46],[120.08,52.86],[119.9,52.65],[120.53,52.59],[120.67,52.05],[119.65,51.11],[119.28,50.11],[117.83,49.52],[114.01,50.25],[112.73,49.52],[108.59,49.32],[106.46,50.38],[103.3,50.18],[102.3,50.58],[101.91,51.51],[98.93,52.12],[97.84,51.11],[98.13,50.11],[97.43,49.78],[94.87,49.98],[94.13,50.58],[92.27,50.85],[87.33,49.05],[86.63,49.78],[85.14,49.65],[83.65,50.98],[81.57,50.71],[80.62,51.31],[79.7,50.85],[77.8,53.39],[76.3,54.14],[76.83,54.48],[73.36,53.46],[73.67,54.07],[71.19,54.14],[70.82,55.29],[68.79,55.43],[65.09,54.41],[61.19,54.0],[60.96,53.66],[61.54,53.6],[61.17,53.33],[61.97,52.99],[61.03,52.99],[60.64,52.65],[60.94,52.32],[60.02,51.92],[61.57,51.31],[60.9,50.65],[59.96,50.85],[59.5,50.51],[58.45,51.11],[56.76,51.11],[55.66,50.58],[54.54,51.05],[54.39,50.58],[53.87,51.31],[52.24,51.78],[50.69,51.71],[49.41,51.11],[48.69,50.65],[48.86,50.05],[48.47,49.85],[47.45,50.45],[46.86,49.78],[46.54,48.46],[47.14,48.19],[47.13,47.8],[48.32,47.6],[48.96,46.81],[48.5,46.61],[49.09,46.35],[47.47,45.69],[46.69,44.71],[47.34,43.99],[47.38,43.02],[48.48,41.78],[47.56,41.2],[45.23,42.69],[39.98,43.41],[39.06,44.19],[36.78,45.1],[36.75,45.43],[37.7,45.3],[37.59,45.63],[38.33,46.15],[37.84,46.61],[39.22,47.01],[38.95,47.33],[38.19,47.2],[38.24,47.53],[39.92,48.13],[39.68,48.59],[40.1,49.45],[37.86,49.98],[37.44,50.45],[35.42,50.45],[35.14,51.18],[34.23,51.31],[34.34,51.92],[33.9,52.32],[31.66,52.18],[31.31,53.19],[32.65,53.46],[30.86,54.61],[30.93,55.5],[30.38,55.84],[28.15,56.18],[27.65,56.94],[27.8,57.35],[27.31,57.63],[27.98,57.9],[27.94,58.25],[27.48,58.18],[27.93,59.78],[30.14,59.92],[27.99,60.7],[31.5,62.98],[30.05,63.7],[30.55,64.28],[29.62,64.86],[30.03,65.88],[29.05,66.77],[29.94,67.67],[28.42,68.42],[28.63,68.95],[30.96,69.87],[32.31,70.02],[33.44,69.33],[36.13,69.26],[41.0,67.74],[41.39,67.15],[41.04,66.7],[38.68,66.03],[32.55,67.07],[33.0,66.55],[34.87,65.88],[34.44,65.37],[34.98,64.49],[37.39,63.91],[37.88,63.99],[37.89,64.35],[36.79,64.49],[36.36,65.0],[37.21,65.3],[38.21,64.79],[40.19,64.71],[39.54,65.37],[40.4,65.96],[41.96,66.55],[43.97,66.18],[44.37,67.0],[43.6,67.3],[44.17,68.27],[43.45,68.73],[45.88,68.57],[46.66,67.82],[44.93,67.44],[45.81,66.92],[47.37,66.92],[47.78,67.67],[53.28,69.03],[54.04,68.95],[53.87,68.42],[53.3,68.27],[58.39,69.03],[59.09,69.03],[59.4,68.88],[59.24,68.42],[59.74,68.42],[60.7,68.88],[60.09,69.72],[58.34,70.18],[59.07,70.57],[60.54,69.79],[63.93,69.72],[68.49,68.27],[68.95,68.95],[66.6,69.64],[67.17,70.18],[67.19,70.8],[66.53,71.03],[68.33,71.81],[69.96,73.49],[71.3,73.57],[71.11,73.08],[69.71,72.92],[72.94,72.76],[72.66,72.05],[71.81,71.5],[72.89,71.03],[72.5,69.03],[73.63,68.65],[73.07,67.74],[71.52,66.62],[70.4,66.4],[72.1,66.33],[74.65,67.74],[74.2,68.35],[74.59,68.88],[76.47,69.11],[77.31,68.65],[77.25,68.05],[77.88,68.35],[77.59,68.88],[76.63,69.18],[73.66,69.11],[73.41,69.72],[74.22,70.64],[72.89,71.42],[74.87,72.21],[74.86,72.92],[75.77,72.53],[75.27,71.81],[75.4,71.34],[77.19,71.27],[75.85,71.89],[77.23,72.05],[76.71,72.29],[77.48,72.69],[82.52,71.81],[82.13,72.29],[80.47,72.53],[80.55,73.16],[80.18,73.33],[80.89,73.73],[86.9,73.89],[87.0,74.46],[86.08,74.22],[86.34,74.54],[85.78,74.63],[86.6,74.87],[86.55,74.54],[89.01,75.54],[92.6,75.79],[93.7,76.21],[93.15,75.87],[95.91,76.38],[96.8,76.38],[96.22,76.04],[97.65,76.04],[99.11,76.3],[99.15,76.64],[100.8,76.55],[101.49,77.24],[103.41,77.76],[106.29,77.58],[105.16,77.15],[107.59,77.06],[106.66,76.55]],[[103.57,51.58],[105.74,51.65],[106.4,52.32],[108.83,53.26],[109.64,54.27],[109.99,55.84],[109.32,55.77],[108.23,54.14],[104.91,51.92],[103.57,51.58]],[[35.26,61.55],[35.2,60.91],[36.08,61.12],[36.22,61.69],[35.29,62.4],[35.27,63.05],[34.12,63.34],[34.05,63.05],[34.99,62.69],[34.88,62.26],[34.15,62.69],[33.96,61.9],[35.26,61.55]],[[32.17,60.91],[31.78,61.26],[31.02,61.62],[29.86,61.34],[30.38,59.78],[31.82,60.14],[32.17,60.91]]],[[[79.18,73.16],[79.66,73.0],[79.36,72.69],[78.57,72.84],[79.18,73.16]]],[[[74.58,72.84],[73.98,73.0],[74.4,73.25],[74.58,72.84]]],[[[76.03,73.65],[75.39,73.41],[75.61,73.65],[76.03,73.65]]],[[[136.32,74.22],[136.43,74.22],[136.06,73.89],[135.28,74.05],[136.32,74.22]]],[[[84.51,74.54],[84.92,74.63],[84.65,74.38],[84.51,74.54]]],[[[79.25,74.54],[79.63,74.71],[79.57,74.54],[79.25,74.54]]],[[[85.63,74.87],[85.12,74.71],[85.41,74.87],[85.63,74.87]]],[[[82.04,75.54],[82.36,75.54],[82.19,75.29],[81.76,75.29],[82.04,75.54]]],[[[135.87,75.37],[135.33,75.37],[135.59,75.79],[136.14,75.96],[136.35,75.62],[135.87,75.37]]],[[[97.36,76.46],[96.56,76.13],[97.02,76.38],[97.36,76.46]]],[[[97.59,76.55],[97.37,76.55],[97.62,76.81],[97.59,76.55]]],[[[96.0,77.24],[96.91,77.32],[96.42,76.98],[95.53,76.98],[96.0,77.24]]],[[[89.18,77.15],[89.97,77.41],[89.62,77.15],[89.18,77.15]]],[[[101.49,78.2],[99.41,78.02],[101.97,79.45],[103.59,79.45],[102.72,78.91],[104.57,79.27],[106.0,78.73],[104.7,78.29],[101.49,78.2]]],[[[100.5,80.0],[99.8,79.18],[100.36,79.09],[97.53,78.82],[93.26,79.45],[94.78,80.09],[92.94,79.63],[91.35,79.91],[92.78,80.09],[93.18,80.37],[92.6,80.37],[93.55,81.04],[95.77,81.33],[98.05,80.94],[97.36,80.56],[98.56,80.19],[98.27,80.0],[100.5,80.0]]],[[[80.32,80.75],[79.14,80.75],[80.8,81.04],[80.32,80.75]]],[[[65.9,81.04],[65.26,80.75],[62.89,80.75],[65.9,81.04]]],[[[90.74,81.33],[91.94,81.33],[91.27,80.94],[90.21,81.04],[90.74,81.33]]],[[[146.98,43.93],[146.5,43.73],[146.69,43.86],[146.98,43.93]]],[[[146.51,44.45],[145.29,43.73],[146.08,44.52],[146.51,44.45]]],[[[148.96,45.56],[146.78,44.39],[147.88,45.43],[148.96,45.56]]],[[[150.55,46.28],[149.37,45.56],[149.51,45.82],[150.55,46.28]]],[[[152.34,47.2],[151.58,46.81],[151.96,47.14],[152.34,47.2]]],[[[144.67,48.99],[144.74,48.79],[144.46,48.65],[144.67,48.99]]],[[[154.42,49.25],[154.9,49.65],[154.73,49.32],[154.42,49.25]]],[[[143.07,51.98],[144.43,49.18],[142.96,49.12],[142.5,47.93],[143.62,46.41],[143.3,46.22],[143.24,46.55],[142.53,46.68],[141.89,45.89],[141.66,46.41],[142.15,48.19],[141.75,48.79],[142.15,51.05],[141.46,51.98],[141.85,52.79],[141.72,53.33],[142.54,53.53],[142.31,54.21],[142.69,54.48],[143.08,54.27],[143.33,52.65],[143.07,51.98]]],[[[155.82,50.71],[156.54,50.91],[155.84,50.25],[155.08,50.25],[155.82,50.71]]],[[[167.26,54.75],[167.87,54.89],[167.78,54.61],[167.26,54.75]]],[[[137.59,54.41],[137.14,54.89],[137.5,55.23],[138.15,55.02],[137.59,54.41]]],[[[166.32,55.43],[166.74,54.82],[165.96,54.89],[165.7,55.29],[166.32,55.43]]],[[[163.27,58.53],[163.69,59.02],[164.81,59.29],[163.27,58.53]]],[[[141.11,73.97],[142.7,73.97],[143.61,73.49],[139.52,73.33],[141.11,73.97]]],[[[140.89,73.97],[139.83,73.97],[140.37,74.38],[141.24,74.22],[140.89,73.97]]],[[[147.94,74.79],[146.07,75.2],[146.68,75.71],[151.17,75.2],[150.09,74.79],[147.94,74.79]]],[[[142.34,75.45],[143.59,75.96],[145.58,75.71],[143.46,74.87],[141.73,75.04],[139.22,74.63],[136.86,75.2],[137.23,75.45],[137.01,75.62],[138.79,76.3],[140.13,75.87],[141.92,76.21],[142.72,75.96],[142.34,75.45]]],[[[149.25,76.64],[148.69,76.64],[149.07,76.81],[148.99,76.72],[149.63,76.81],[149.25,76.64]]],[[[149.18,76.81],[149.49,76.89],[149.71,76.89],[149.18,76.81]]]]}},{"type":"Feature","properties":{"n":"Taliban","f":1996,"t":1999,"w":"Q42418"},"geometry":{"type":"Polygon","coordinates":[[[71.05,34.61],[71.08,34.1],[69.99,34.04],[70.26,33.2],[69.54,33.07],[69.09,31.66],[68.12,31.79],[67.72,31.27],[66.88,31.27],[65.99,29.73],[62.3,29.41],[60.93,29.79],[61.92,31.21],[60.84,31.59],[60.62,32.88],[60.89,33.52],[60.53,33.65],[60.57,34.23],[61.3,35.58],[63.96,34.61],[65.41,34.94],[65.11,35.32],[65.38,35.45],[66.69,35.13],[67.11,35.58],[68.28,35.64],[68.46,34.74],[69.6,34.68],[69.89,35.26],[70.49,34.87],[71.68,35.32],[71.05,34.61]]]}},{"type":"Feature","properties":{"n":"(British Empire)","f":1996,"t":1999,"w":"Q8680"},"geometry":{"type":"MultiPolygon","coordinates":[[[[-38.01,-54.15],[-37.96,-54.01],[-36.62,-54.15],[-35.74,-54.82],[-36.16,-55.03],[-38.01,-54.15]]],[[[-60.81,-51.86],[-61.09,-52.06],[-61.12,-51.79],[-60.81,-51.86]]],[[[-59.02,-51.32],[-57.81,-51.45],[-58.66,-52.12],[-59.83,-52.26],[-59.02,-51.32]]],[[[-60.57,-51.39],[-59.22,-51.39],[-59.74,-51.92],[-60.91,-52.19],[-60.57,-51.39]]],[[[-64.67,32.17],[-64.86,32.3],[-64.65,32.36],[-64.67,32.17]]],[[[-7.64,54.14],[-8.13,54.55],[-6.15,55.29],[-5.42,54.41],[-5.9,54.07],[-7.07,54.41],[-7.64,54.14]]],[[[-7.25,57.42],[-7.29,57.08],[-7.47,57.08],[-7.6,57.35],[-7.25,57.42]]],[[[-7.44,57.49],[-7.56,57.7],[-7.12,57.7],[-7.44,57.49]]],[[[114.32,22.59],[114.6,22.53],[114.53,22.14],[114.0,22.08],[114.32,22.59]]],[[[-5.36,36.16],[-5.52,36.16],[-5.3,36.35],[-5.36,36.16]]],[[[-4.81,54.34],[-4.38,54.41],[-4.36,54.21],[-4.86,54.07],[-4.81,54.34]]],[[[-2.67,56.25],[-3.26,56.05],[-1.73,55.7],[-1.29,54.68],[-0.2,54.21],[0.3,53.39],[0.17,52.86],[1.62,52.86],[1.59,52.12],[0.52,51.51],[1.38,51.38],[1.31,51.11],[0.49,50.78],[-1.37,50.85],[-1.18,50.58],[-3.13,50.71],[-3.58,50.25],[-5.75,50.05],[-4.2,51.31],[-3.09,51.25],[-2.95,51.45],[-5.08,51.58],[-5.3,51.98],[-4.16,52.45],[-4.3,52.92],[-4.79,52.79],[-4.49,53.12],[-4.7,53.46],[-3.32,53.39],[-2.97,54.14],[-3.59,54.27],[-3.57,54.89],[-5.21,54.75],[-4.77,55.43],[-5.0,55.84],[-5.44,55.91],[-5.12,55.43],[-5.57,55.57],[-5.63,55.29],[-5.89,55.29],[-5.8,55.98],[-6.63,55.63],[-5.66,56.18],[-6.29,56.32],[-5.95,57.01],[-6.82,57.49],[-6.32,57.77],[-5.7,57.14],[-5.89,57.83],[-5.2,58.67],[-3.14,58.74],[-3.43,58.18],[-4.12,57.97],[-3.99,57.7],[-1.85,57.7],[-2.67,56.25]]],[[[-7.13,57.77],[-7.28,58.18],[-6.26,58.53],[-6.21,58.18],[-7.13,57.77]]],[[[-3.2,59.22],[-2.79,58.88],[-3.42,58.81],[-3.2,59.22]]],[[[-2.56,59.22],[-2.83,59.16],[-2.84,59.29],[-2.56,59.22]]],[[[-1.16,60.56],[-1.2,60.07],[-1.67,60.21],[-1.63,60.63],[-0.81,60.63],[-1.16,60.56]]]]}},{"type":"Feature","properties":{"n":"Hungary","f":1996,"t":2023,"w":"Q28513"},"geometry":{"type":"Polygon","coordinates":[[[21.99,47.53],[21.18,46.35],[18.45,45.76],[17.15,46.02],[16.28,46.94],[16.48,47.73],[17.06,47.99],[18.54,47.73],[20.58,48.59],[22.38,48.32],[22.68,47.86],[21.99,47.53]]]}},{"type":"Feature","properties":{"n":"Republic of Armenia","f":1996,"t":2023,"w":"Q399"},"geometry":{"type":"Polygon","coordinates":[[[46.8,40.1],[47.49,39.58],[46.67,38.93],[46.12,38.93],[45.76,39.58],[43.65,40.16],[43.58,41.13],[45.11,41.26],[45.59,40.42],[46.87,40.48],[46.8,40.1]]]}},{"type":"Feature","properties":{"n":"Kingdom of Cambodia","f":1996,"t":2023,"w":"Q424"},"geometry":{"type":"Polygon","coordinates":[[[105.85,11.6],[106.14,10.83],[105.12,10.89],[104.34,10.44],[103.55,10.51],[103.6,11.09],[103.06,10.83],[102.36,13.21],[102.9,14.11],[104.92,14.43],[106.03,13.91],[106.17,14.43],[107.51,14.56],[107.54,12.37],[105.85,11.6]]]}},{"type":"Feature","properties":{"n":"Serbia-Montenegro","f":1996,"t":1999,"w":"Q37024"},"geometry":{"type":"Polygon","coordinates":[[[22.91,43.21],[22.37,42.37],[20.58,41.85],[20.06,42.56],[19.42,42.43],[19.39,41.91],[18.46,42.5],[18.65,43.28],[19.47,43.6],[19.11,44.32],[19.24,45.3],[18.78,45.89],[20.26,46.15],[21.43,45.17],[21.4,44.78],[22.69,44.65],[22.37,43.6],[22.91,43.21]]]}},{"type":"Feature","properties":{"n":"Republic of Croatia","f":1996,"t":2023,"w":"Q224"},"geometry":{"type":"MultiPolygon","coordinates":[[[[18.38,42.63],[18.38,42.56],[18.3,42.56],[18.38,42.63]]],[[[17.99,42.82],[18.3,42.63],[18.14,42.63],[17.99,42.82]]],[[[17.91,42.82],[17.83,42.82],[17.83,42.89],[17.91,42.82]]],[[[17.36,43.15],[17.75,42.89],[17.51,42.76],[17.36,43.15]]],[[[14.26,44.58],[14.27,44.97],[14.51,44.91],[14.26,44.58]]],[[[19.24,45.3],[18.89,44.84],[15.82,45.24],[15.8,44.71],[17.37,43.21],[17.12,43.15],[15.37,43.86],[14.6,45.37],[13.94,44.91],[13.54,45.3],[15.34,45.56],[15.6,46.22],[16.44,46.61],[17.88,45.76],[18.78,45.89],[19.24,45.3]]]]}},{"type":"Feature","properties":{"n":"Kazakhstan","f":1996,"t":2005,"w":"Q232"},"geometry":{"type":"MultiPolygon","coordinates":[[[[59.41,45.24],[59.39,45.17],[59.3,45.17],[59.41,45.24]]],[[[59.24,45.24],[59.16,45.24],[59.18,45.3],[59.24,45.24]]],[[[59.18,45.3],[59.1,45.3],[59.12,45.37],[59.18,45.3]]],[[[59.04,45.37],[58.96,45.37],[58.97,45.43],[59.04,45.37]]],[[[58.75,45.5],[58.91,45.5],[58.89,45.43],[58.75,45.5]]],[[[59.4,45.5],[59.32,45.5],[59.34,45.56],[59.4,45.5]]],[[[59.34,45.56],[59.26,45.56],[59.28,45.63],[59.34,45.56]]],[[[59.83,45.56],[59.75,45.56],[59.77,45.63],[59.83,45.56]]],[[[58.95,45.63],[58.87,45.63],[58.89,45.69],[58.95,45.63]]],[[[59.72,45.76],[59.8,45.76],[59.77,45.63],[59.72,45.76]]],[[[59.4,45.76],[59.56,45.76],[59.54,45.69],[59.4,45.76]]],[[[59.89,45.76],[59.8,45.76],[59.82,45.82],[59.89,45.76]]],[[[59.64,46.02],[59.72,46.02],[59.68,45.89],[59.64,46.02]]],[[[53.08,45.96],[53.1,46.02],[53.18,46.02],[53.08,45.96]]],[[[60.17,46.15],[59.8,46.02],[59.92,46.15],[60.17,46.15]]],[[[59.88,46.28],[59.82,46.09],[59.74,46.09],[59.88,46.28]]],[[[60.61,44.65],[60.77,44.65],[60.75,44.58],[60.61,44.65]]],[[[60.53,44.65],[60.45,44.65],[60.47,44.71],[60.53,44.65]]],[[[60.33,44.78],[60.49,44.78],[60.47,44.71],[60.33,44.78]]],[[[60.18,44.84],[60.35,44.84],[60.33,44.78],[60.18,44.84]]],[[[59.92,45.89],[60.09,45.89],[60.07,45.82],[59.92,45.89]]],[[[60.15,46.09],[60.23,46.09],[60.17,45.89],[60.15,46.09]]],[[[60.72,46.35],[61.07,46.15],[60.74,46.15],[60.72,46.35]]],[[[60.08,46.41],[60.25,46.41],[60.23,46.35],[60.08,46.41]]],[[[60.74,46.41],[60.39,46.35],[60.49,46.41],[60.74,46.41]]],[[[60.86,46.55],[61.17,46.48],[61.29,46.61],[61.17,46.22],[60.86,46.55]]],[[[60.08,46.41],[60.0,46.41],[60.02,46.48],[60.08,46.41]]],[[[60.27,46.48],[60.43,46.48],[60.41,46.41],[60.27,46.48]]],[[[60.64,46.61],[60.29,46.55],[60.39,46.61],[60.64,46.61]]],[[[60.86,46.55],[60.78,46.55],[60.8,46.61],[60.86,46.55]]],[[[85.64,48.32],[85.45,47.07],[83.04,47.2],[82.31,45.56],[82.55,45.17],[79.95,44.97],[80.41,44.71],[80.79,43.28],[80.16,42.3],[79.08,42.82],[75.4,42.82],[74.12,43.28],[73.54,43.02],[73.44,42.5],[72.35,42.82],[71.08,42.63],[70.64,42.04],[68.38,41.2],[68.66,40.81],[68.36,40.61],[67.98,41.2],[66.57,41.26],[66.53,41.91],[65.99,42.24],[66.16,43.02],[65.68,43.02],[65.02,43.73],[61.76,43.6],[60.88,44.45],[61.58,44.91],[61.72,45.37],[61.34,45.43],[61.25,45.96],[61.64,46.94],[60.12,46.81],[58.52,45.56],[56.0,44.97],[56.03,41.39],[55.24,41.39],[54.26,42.3],[52.49,41.91],[52.79,42.82],[51.44,43.21],[51.07,44.06],[50.22,44.58],[51.42,44.52],[51.02,44.84],[51.47,45.37],[54.3,44.97],[54.29,45.56],[53.06,45.56],[53.35,46.35],[53.24,46.87],[50.84,47.14],[49.09,46.35],[48.5,46.61],[48.96,46.81],[48.32,47.6],[47.13,47.8],[47.14,48.19],[46.54,48.46],[46.86,49.78],[47.45,50.45],[48.47,49.85],[48.86,50.05],[48.69,50.65],[50.69,51.71],[53.34,51.51],[54.39,50.58],[54.54,51.05],[55.66,50.58],[56.76,51.11],[58.45,51.11],[59.5,50.51],[59.96,50.85],[61.37,50.78],[61.45,51.45],[60.02,51.92],[60.94,52.32],[60.64,52.65],[61.03,52.99],[61.97,52.99],[61.17,53.33],[61.54,53.6],[60.96,53.66],[61.19,54.0],[65.09,54.41],[68.79,55.43],[70.82,55.29],[71.19,54.14],[73.67,54.07],[73.36,53.46],[76.83,54.48],[76.3,54.14],[77.8,53.39],[79.7,50.85],[80.62,51.31],[81.57,50.71],[83.87,50.91],[85.14,49.65],[86.63,49.78],[87.15,49.18],[85.64,48.32]],[[74.32,45.96],[75.45,46.55],[78.46,46.28],[79.33,46.81],[74.6,46.87],[73.63,46.28],[73.33,45.5],[74.13,45.04],[74.32,45.96]],[[53.16,44.65],[53.09,44.39],[53.74,45.04],[53.16,44.65]]]]}},{"type":"Feature","properties":{"n":"Republic of Azerbaijan","f":1996,"t":2023,"w":"Q227"},"geometry":{"type":"MultiPolygon","coordinates":[[[[44.87,39.45],[44.83,39.71],[45.76,39.58],[46.12,38.93],[44.87,39.45]]],[[[49.51,40.61],[50.26,40.42],[49.4,40.1],[48.79,38.48],[48.06,38.8],[48.13,39.64],[47.28,39.71],[46.87,40.48],[45.59,40.42],[45.11,41.26],[46.68,41.13],[46.21,41.59],[46.74,41.85],[47.56,41.2],[48.56,41.78],[49.51,40.61]]]]}},{"type":"Feature","properties":{"n":"Democratic Republic of the Congo","f":1996,"t":2023,"w":"Q974"},"geometry":{"type":"Polygon","coordinates":[[[30.41,-8.26],[28.95,-8.46],[28.3,-9.23],[28.6,-9.68],[28.34,-11.8],[29.02,-12.44],[29.74,-12.25],[29.7,-13.41],[28.89,-13.41],[27.1,-11.67],[26.15,-11.99],[25.34,-11.74],[25.19,-11.29],[24.39,-11.48],[24.01,-10.9],[22.11,-11.16],[21.64,-7.3],[19.52,-7.04],[19.16,-8.07],[17.56,-8.14],[16.38,-5.89],[12.08,-5.89],[12.95,-4.66],[13.46,-4.86],[14.33,-4.34],[14.55,-4.92],[15.86,-3.89],[16.14,-2.09],[17.66,-0.42],[17.98,2.09],[18.58,3.18],[18.53,4.34],[19.27,5.11],[20.57,4.4],[22.31,4.08],[22.76,4.79],[23.34,4.59],[25.39,5.3],[27.22,5.24],[28.22,4.34],[29.53,4.66],[30.82,3.56],[30.72,2.41],[31.23,2.09],[29.89,0.86],[29.53,-1.32],[28.81,-2.35],[29.07,-6.21],[30.41,-8.26]]]}},{"type":"Feature","properties":{"n":"Bosnia and Herzegovina","f":1996,"t":2005,"w":"Q225"},"geometry":{"type":"Polygon","coordinates":[[[19.47,43.6],[18.65,43.28],[18.46,42.56],[15.8,44.71],[15.82,45.24],[19.14,44.97],[19.47,43.6]]]}},{"type":"Feature","properties":{"n":"Czech Republic","f":1996,"t":2023,"w":"Q213"},"geometry":{"type":"Polygon","coordinates":[[[16.93,48.72],[14.94,48.99],[14.18,48.59],[12.53,49.52],[12.21,50.25],[14.33,51.05],[15.26,50.98],[16.34,50.65],[16.49,50.18],[16.92,50.45],[18.81,49.65],[16.93,48.72]]]}},{"type":"Feature","properties":{"n":"Palau","f":1996,"t":2023,"w":"Q695"},"geometry":{"type":"Polygon","coordinates":[[[134.62,7.61],[134.6,7.36],[134.39,7.55],[134.62,7.61]]]}},{"type":"Feature","properties":{"n":"Islamic Republic of Pakistan","f":1996,"t":2005,"w":"Q843"},"geometry":{"type":"MultiPolygon","coordinates":[[[[90.11,21.95],[89.96,21.95],[90.05,22.08],[90.11,21.95]]],[[[66.35,25.55],[61.65,25.1],[61.85,26.19],[63.11,26.64],[63.33,27.16],[62.82,27.29],[62.8,28.19],[61.87,28.57],[61.0,29.79],[62.3,29.41],[65.99,29.73],[66.88,31.27],[67.72,31.27],[68.12,31.79],[69.09,31.66],[69.54,33.07],[70.26,33.2],[69.99,34.04],[71.08,34.1],[71.05,34.61],[71.62,35.07],[71.23,35.97],[71.58,36.42],[74.55,37.06],[75.78,36.74],[75.97,36.03],[77.07,35.52],[77.12,35.13],[75.64,34.49],[73.9,34.61],[74.28,33.97],[74.08,33.14],[75.35,32.36],[74.63,31.91],[74.57,30.95],[71.89,27.99],[70.72,27.74],[70.39,28.06],[69.56,27.09],[69.51,26.77],[70.22,26.45],[70.19,25.74],[70.7,25.62],[71.05,24.33],[68.8,24.26],[67.63,23.81],[66.35,25.55]],[[69.82,28.25],[69.83,28.32],[69.76,28.32],[69.82,28.25]]]]}},{"type":"Feature","properties":{"n":"Afghanistan","f":1996,"t":1999,"w":"Q889"},"geometry":{"type":"Polygon","coordinates":[[[71.58,36.42],[71.23,35.97],[71.56,35.45],[70.49,34.87],[69.89,35.26],[69.6,34.68],[68.46,34.74],[68.28,35.64],[67.11,35.58],[66.69,35.13],[65.38,35.45],[65.11,35.32],[65.41,34.94],[64.19,34.61],[62.59,35.07],[63.14,35.84],[64.48,36.29],[64.93,37.19],[65.71,37.51],[67.92,37.0],[69.35,37.13],[69.55,37.58],[70.27,37.64],[70.71,38.42],[71.18,38.42],[71.57,37.84],[71.58,36.74],[73.33,37.45],[74.92,37.25],[71.58,36.42]]]}}]}