{"type":"FeatureCollection","act":{"from":-200,"to":-100,"years_inclusive":[-200,-101]},"attribution":{"source":"Cliopatria v0.2.0 (Seshat Global History Databank)","release":"GitHub tag v0.2.0 — https://github.com/Seshat-Global-History-Databank/cliopatria/releases/tag/v0.2.0","release_archive_sha256":"04e9f0d8ecb1d18a0cbb7d37a0b963a2c0ca4ebc2935708d27cc5d5131e4d5b8","internal_label_note":"The payload self-identifies as \"cliopatria_polities_only_v012\"; cite the release tag, not that label.","licence":"CC BY 4.0 — https://creativecommons.org/licenses/by/4.0/","citation":"Bennett, J.S., Mutch, E., Tollefson, A. et al. (2025). Cliopatria — A geospatial database of world-wide political entities from 3400BCE to 2024CE. Scientific Data 12, 247. https://doi.org/10.1038/s41597-025-04516-9","changes_made":"Changes were made. Features filtered to those overlapping this act window; polygons simplified with Douglas-Peucker at 0.25 degrees (topology preserved), invalid geometries repaired, and coordinates snapped to a 0.01 degree grid (2 decimal places); properties reduced to Name (n), FromYear (f), ToYear (t) and Wikidata Q-ID (w)."},"features":[{"type":"Feature","properties":{"n":"Kingdom of Kush","f":-630,"t":337,"w":"Q241790"},"geometry":{"type":"Polygon","coordinates":[[[34.26,19.64],[36.05,16.81],[34.71,16.49],[34.68,15.78],[32.53,15.2],[31.73,15.59],[31.39,16.36],[30.54,23.36],[33.39,23.81],[33.82,23.49],[34.26,19.64]]]}},{"type":"Feature","properties":{"n":"Minaeans","f":-383,"t":-189,"w":"Q1177379"},"geometry":{"type":"Polygon","coordinates":[[[45.21,15.91],[42.81,16.42],[42.49,17.19],[43.48,17.77],[44.09,16.81],[44.81,16.61],[45.21,15.91]]]}},{"type":"Feature","properties":{"n":"Sabaeans","f":-350,"t":-111,"w":"Q940785"},"geometry":{"type":"Polygon","coordinates":[[[45.02,15.14],[42.82,15.07],[42.69,15.52],[42.81,16.42],[46.47,15.97],[45.02,15.14]]]}},{"type":"Feature","properties":{"n":"Hadhramaut","f":-350,"t":183,"w":"Q1517159"},"geometry":{"type":"MultiPolygon","coordinates":[[[[49.63,14.69],[46.15,15.52],[46.55,16.16],[46.7,16.1],[50.12,16.61],[51.89,16.61],[51.07,15.46],[49.63,14.69]]],[[[46.63,16.16],[46.63,16.23],[46.71,16.23],[46.63,16.16]]]]}},{"type":"Feature","properties":{"n":"Qataban","f":-350,"t":-111,"w":"Q748595"},"geometry":{"type":"Polygon","coordinates":[[[44.21,14.94],[45.86,15.52],[46.58,15.33],[45.15,14.81],[44.21,14.94]]]}},{"type":"Feature","properties":{"n":"Zapotec Civilization","f":-291,"t":-92,"w":"Q844750"},"geometry":{"type":"Polygon","coordinates":[[[-96.91,17.71],[-96.26,16.94],[-96.9,16.74],[-97.41,17.64],[-96.91,17.71]]]}},{"type":"Feature","properties":{"n":"Early Cheras","f":-291,"t":298,"w":"Q877155"},"geometry":{"type":"Polygon","coordinates":[[[76.71,10.91],[77.41,10.21],[77.15,8.26],[76.55,8.92],[75.99,10.6],[76.71,10.91]]]}},{"type":"Feature","properties":{"n":"Early Pandyas","f":-291,"t":298,"w":"Q3532152"},"geometry":{"type":"Polygon","coordinates":[[[78.94,9.67],[79.15,9.26],[78.25,8.91],[77.84,8.17],[77.26,8.15],[77.44,10.19],[79.29,10.27],[78.94,9.67]]]}},{"type":"Feature","properties":{"n":"Anurādhapura","f":-291,"t":77,"w":"Q5724"},"geometry":{"type":"Polygon","coordinates":[[[81.88,6.71],[81.34,6.14],[80.23,5.88],[79.61,7.87],[80.05,9.16],[79.88,9.86],[80.45,9.74],[81.92,7.42],[81.88,6.71]]]}},{"type":"Feature","properties":{"n":"Early Cholas","f":-291,"t":298,"w":"Q3532146"},"geometry":{"type":"Polygon","coordinates":[[[79.85,10.27],[77.4,10.21],[76.68,10.94],[78.96,10.84],[79.83,11.36],[79.85,10.27]]]}},{"type":"Feature","properties":{"n":"Paphlagonia","f":-279,"t":-145,"w":"Q622032"},"geometry":{"type":"Polygon","coordinates":[[[32.76,40.36],[32.3,40.48],[32.14,41.13],[34.33,41.52],[34.57,40.23],[32.76,40.36]]]}},{"type":"Feature","properties":{"n":"Mayan City-States","f":-247,"t":259,"w":"Q28567"},"geometry":{"type":"Polygon","coordinates":[[[-88.14,16.81],[-88.82,15.97],[-88.38,15.39],[-88.82,14.24],[-89.57,13.72],[-91.5,13.98],[-93.32,15.52],[-91.66,18.09],[-90.21,18.29],[-88.5,17.77],[-88.14,16.81]]]}},{"type":"Feature","properties":{"n":"Galatia","f":-239,"t":-127,"w":"Q26847"},"geometry":{"type":"Polygon","coordinates":[[[34.48,38.8],[33.59,38.55],[31.8,38.74],[31.23,39.32],[31.31,40.03],[32.3,40.48],[34.57,40.23],[34.83,39.77],[34.48,38.8]]]}},{"type":"Feature","properties":{"n":"Cimmerian Bosporus","f":-230,"t":-92,"w":"Q321371"},"geometry":{"type":"MultiPolygon","coordinates":[[[[36.42,45.43],[36.37,45.1],[35.15,45.1],[36.42,45.43]]],[[[37.93,44.71],[36.78,45.1],[36.75,45.43],[37.7,45.3],[37.59,45.63],[38.33,46.15],[37.84,46.61],[39.22,47.01],[39.2,47.33],[38.35,47.2],[38.49,47.53],[39.72,47.47],[37.93,44.71]]]]}},{"type":"Feature","properties":{"n":"Kingdom of Pontus","f":-230,"t":-171,"w":"Q7380487"},"geometry":{"type":"MultiPolygon","coordinates":[[[[37.87,40.68],[40.41,40.68],[41.24,41.39],[41.35,41.13],[40.57,40.68],[40.75,40.36],[40.4,40.1],[38.79,39.9],[38.75,39.06],[34.83,39.77],[34.33,41.52],[32.31,41.2],[32.11,41.59],[33.28,41.98],[35.87,41.65],[37.87,40.68]]],[[[40.47,41.07],[40.46,41.0],[40.38,41.0],[40.47,41.07]]]]}},{"type":"Feature","properties":{"n":"Satavahana Dynasty","f":-225,"t":-171,"w":"Q5257"},"geometry":{"type":"Polygon","coordinates":[[[82.22,16.42],[80.38,15.71],[80.24,14.43],[79.26,14.11],[78.78,14.49],[78.99,15.14],[76.28,15.97],[76.08,16.87],[74.88,18.03],[73.07,17.71],[72.75,19.57],[73.4,20.02],[74.38,22.21],[75.47,22.66],[77.1,22.59],[77.31,21.24],[78.39,20.92],[78.84,19.7],[80.45,20.79],[82.86,19.25],[81.55,18.22],[82.35,16.94],[82.22,16.42]]]}},{"type":"Feature","properties":{"n":"Maurya Empire","f":-225,"t":-189,"w":"Q62943"},"geometry":{"type":"Polygon","coordinates":[[[85.21,27.93],[87.11,27.99],[88.29,27.16],[88.84,27.29],[89.07,26.9],[89.94,26.77],[89.96,23.94],[89.59,22.98],[89.87,21.82],[88.73,21.63],[88.64,22.08],[88.35,21.56],[88.1,21.95],[87.07,21.44],[87.03,20.6],[86.51,20.02],[86.14,20.6],[85.35,20.79],[82.86,19.25],[80.45,20.79],[78.84,19.7],[78.39,20.92],[77.31,21.24],[77.08,21.76],[77.43,25.04],[78.99,26.84],[77.99,27.99],[77.94,29.99],[79.33,31.14],[84.25,29.09],[85.21,27.93]]]}},{"type":"Feature","properties":{"n":"Kalinga","f":-225,"t":-189,"w":"Q356524"},"geometry":{"type":"Polygon","coordinates":[[[84.38,18.41],[82.44,17.0],[81.69,17.58],[81.55,18.22],[85.35,20.79],[86.14,20.6],[86.44,20.02],[85.37,19.83],[84.38,18.41]]]}},{"type":"Feature","properties":{"n":"Parthian Empire","f":-218,"t":-165,"w":"Q1986139"},"geometry":{"type":"Polygon","coordinates":[[[59.77,40.16],[59.77,39.84],[60.68,39.71],[60.37,38.42],[60.87,37.19],[61.47,36.74],[58.45,36.42],[56.83,36.87],[54.03,36.87],[53.99,39.0],[53.14,39.45],[53.54,39.51],[53.5,40.03],[52.72,40.1],[52.89,40.87],[59.77,40.16]]]}},{"type":"Feature","properties":{"n":"Kingdom of Cappadocia","f":-212,"t":-189,"w":"Q29654286"},"geometry":{"type":"Polygon","coordinates":[[[37.11,37.9],[36.35,38.03],[35.67,37.58],[33.67,37.84],[33.59,38.55],[34.48,38.8],[34.83,39.77],[37.86,39.45],[38.74,39.0],[37.11,37.9]]]}},{"type":"Feature","properties":{"n":"Kingdom of Sophene","f":-212,"t":-189,"w":"Q2626105"},"geometry":{"type":"Polygon","coordinates":[[[39.21,39.51],[40.48,39.58],[40.52,38.22],[39.45,38.42],[38.82,39.0],[39.21,39.51]]]}},{"type":"Feature","properties":{"n":"Mauretania","f":-212,"t":-198,"w":"Q309272"},"geometry":{"type":"Polygon","coordinates":[[[-2.46,34.16],[-7.53,32.94],[-8.47,33.26],[-6.88,33.59],[-5.63,35.52],[-4.74,34.94],[-2.89,34.94],[-2.46,34.16]]]}},{"type":"Feature","properties":{"n":"Kingdom of Pergamon","f":-212,"t":-189,"w":"Q2022162"},"geometry":{"type":"Polygon","coordinates":[[[26.43,38.22],[26.38,38.67],[27.06,38.35],[26.84,39.51],[29.3,39.71],[28.86,38.29],[27.73,37.84],[26.43,38.22]]]}},{"type":"Feature","properties":{"n":"Atropatene","f":-206,"t":-198,"w":"Q260437"},"geometry":{"type":"Polygon","coordinates":[[[50.82,36.74],[52.11,36.55],[49.08,35.13],[45.15,35.71],[45.22,37.77],[46.12,38.48],[47.25,38.67],[50.82,36.74]]]}},{"type":"Feature","properties":{"n":"Achaean League","f":-206,"t":-165,"w":"Q244796"},"geometry":{"type":"Polygon","coordinates":[[[21.62,37.51],[21.42,38.16],[21.74,38.42],[22.66,37.96],[23.22,38.16],[23.34,37.51],[21.62,37.51]]]}},{"type":"Feature","properties":{"n":"Ptolemaic Kingdom","f":-203,"t":-198,"w":"Q2320005"},"geometry":{"type":"MultiPolygon","coordinates":[[[[36.42,31.21],[35.35,31.14],[34.61,30.44],[32.44,29.79],[35.15,24.65],[35.86,24.01],[35.55,23.81],[31.67,23.75],[30.46,23.36],[28.57,24.65],[28.15,27.35],[23.23,30.5],[20.58,30.89],[19.57,30.12],[18.73,29.99],[19.96,30.56],[20.02,32.24],[21.11,32.81],[21.88,32.94],[23.09,32.62],[23.3,32.17],[24.89,31.98],[25.25,31.46],[26.85,31.46],[28.87,30.82],[30.97,31.66],[31.88,31.46],[32.0,31.08],[33.98,31.14],[34.63,31.66],[35.64,34.36],[36.05,34.55],[35.89,35.26],[36.27,35.19],[36.56,34.29],[37.6,33.91],[36.42,31.21]]],[[[27.74,35.9],[27.69,36.29],[28.25,36.48],[27.74,35.9]]],[[[27.04,36.93],[27.12,36.93],[27.19,36.8],[26.87,36.67],[27.04,36.93]]],[[[27.21,37.13],[27.44,37.13],[27.35,36.93],[27.21,37.13]]],[[[26.08,37.71],[26.31,37.71],[26.3,37.58],[26.08,37.71]]],[[[26.62,37.64],[26.56,37.84],[27.03,37.84],[26.62,37.64]]],[[[34.09,35.0],[33.04,34.55],[32.23,34.94],[34.54,35.71],[34.09,35.0]]],[[[34.22,37.13],[33.98,36.29],[32.56,36.03],[32.06,36.55],[33.38,37.25],[34.22,37.13]]],[[[34.96,36.74],[35.03,36.74],[35.03,36.67],[34.96,36.74]]],[[[29.12,36.74],[28.03,36.67],[28.23,37.19],[29.36,36.8],[30.62,36.93],[30.49,36.35],[29.24,36.22],[29.12,36.74]]],[[[35.83,36.93],[35.49,36.61],[35.03,36.74],[35.83,36.93]]]]}},{"type":"Feature","properties":{"n":"Greco-Bactrian Kingdom","f":-203,"t":-171,"w":"Q488880"},"geometry":{"type":"MultiPolygon","coordinates":[[[[72.57,33.59],[72.65,33.59],[72.63,33.52],[72.57,33.59]]],[[[70.3,35.64],[70.28,35.58],[70.2,35.58],[70.3,35.64]]],[[[72.9,35.84],[72.88,35.77],[72.81,35.77],[72.9,35.84]]],[[[29.37,36.87],[29.45,36.87],[29.44,36.8],[29.37,36.87]]],[[[73.95,40.03],[73.49,38.55],[71.22,36.22],[70.51,35.9],[70.14,35.64],[70.09,35.45],[67.09,34.49],[65.41,34.94],[63.28,34.68],[61.3,35.58],[61.16,36.35],[61.47,36.74],[60.87,37.19],[60.37,38.42],[60.71,39.51],[64.02,40.1],[67.55,41.59],[70.93,42.43],[73.95,40.03]]]]}},{"type":"Feature","properties":{"n":"Yuezhi","f":-203,"t":-171,"w":"Q467985"},"geometry":{"type":"Polygon","coordinates":[[[80.38,44.84],[81.12,42.3],[85.79,42.76],[90.22,41.91],[93.47,40.61],[93.06,39.84],[86.44,38.35],[85.11,37.45],[81.26,36.61],[78.42,37.51],[77.03,38.8],[73.77,39.45],[73.95,40.03],[73.12,40.87],[76.28,42.17],[75.14,43.21],[75.2,43.6],[74.79,43.8],[75.0,44.12],[73.97,44.84],[74.32,45.96],[75.45,46.55],[77.39,46.48],[78.65,45.17],[80.38,44.84]]]}},{"type":"Feature","properties":{"n":"Xiongnu","f":-203,"t":-198,"w":"Q188836"},"geometry":{"type":"MultiPolygon","coordinates":[[[[101.76,53.94],[106.41,52.79],[103.57,51.58],[104.07,51.45],[105.74,51.65],[107.1,52.45],[109.44,51.71],[110.46,51.38],[115.82,50.98],[119.65,49.71],[121.1,50.18],[129.35,46.94],[129.89,46.68],[129.82,46.02],[125.51,41.33],[124.84,41.13],[122.93,41.91],[116.1,39.84],[114.8,40.36],[112.63,40.29],[111.49,38.8],[110.13,38.09],[108.3,36.03],[105.26,35.19],[105.95,35.77],[106.03,36.35],[102.61,37.13],[102.1,37.77],[101.76,37.51],[100.8,38.03],[100.41,38.61],[99.86,38.42],[99.12,39.26],[97.96,38.93],[96.76,39.45],[96.41,38.61],[95.32,39.38],[93.19,39.38],[93.44,40.55],[94.79,41.78],[93.91,43.47],[90.81,45.1],[90.54,45.56],[90.96,46.74],[90.22,47.73],[87.98,48.52],[87.78,49.12],[87.12,49.12],[86.63,49.78],[85.19,49.58],[83.62,50.91],[85.31,52.72],[89.06,53.66],[101.76,53.94]]],[[[109.44,51.71],[109.57,51.78],[109.52,51.71],[109.44,51.71]]]]}},{"type":"Feature","properties":{"n":"Kingdom of Bithynia","f":-203,"t":-127,"w":"Q3762571"},"geometry":{"type":"Polygon","coordinates":[[[29.94,40.55],[28.73,40.36],[29.48,40.74],[29.37,41.2],[31.18,41.07],[32.12,41.65],[32.3,40.48],[30.59,39.97],[29.94,40.55]]]}},{"type":"Feature","properties":{"n":"Roman Republic","f":-202,"t":-198,"w":"Q175881"},"geometry":{"type":"MultiPolygon","coordinates":[[[[2.61,34.49],[2.61,34.42],[2.53,34.42],[2.61,34.49]]],[[[8.93,34.16],[5.38,34.68],[3.15,34.36],[2.45,34.61],[1.29,34.61],[-1.61,34.1],[-2.95,34.61],[-2.74,35.13],[-1.66,35.13],[-1.22,35.64],[0.39,35.97],[0.68,36.42],[5.26,36.48],[6.73,36.93],[7.66,36.61],[7.99,35.07],[8.77,34.81],[8.93,34.16]]],[[[10.23,37.25],[10.31,36.48],[9.53,36.8],[9.45,37.25],[10.23,37.25]]],[[[0.7,40.94],[-0.35,39.71],[0.1,38.74],[-0.66,38.29],[-0.7,37.64],[-1.71,37.45],[-2.06,36.8],[-4.47,36.74],[-5.66,36.03],[-6.43,37.0],[-7.55,37.38],[-7.22,38.09],[-5.34,39.06],[-4.2,38.55],[-2.24,38.48],[-1.63,38.8],[-1.45,39.71],[-0.18,41.07],[0.3,42.37],[2.87,42.11],[2.89,41.72],[0.7,40.94]]],[[[9.59,39.13],[8.34,39.0],[8.15,40.94],[9.5,41.2],[9.82,40.36],[9.59,39.13]]],[[[9.58,41.98],[9.1,41.33],[8.62,41.72],[8.53,42.5],[9.25,43.02],[9.58,41.98]]],[[[14.34,35.84],[14.34,36.03],[14.57,35.97],[14.34,35.84]]],[[[19.92,39.77],[19.91,39.58],[19.76,39.64],[19.92,39.77]]],[[[19.47,41.85],[19.78,41.85],[20.08,41.33],[19.56,40.55],[19.25,40.61],[19.47,41.85]]],[[[13.67,43.41],[14.37,42.24],[16.12,41.91],[15.94,41.39],[18.44,40.16],[18.11,39.9],[17.35,40.55],[16.62,40.29],[16.45,39.64],[17.14,39.06],[15.93,37.96],[15.39,38.16],[15.05,36.74],[12.49,37.9],[15.86,38.29],[16.27,38.93],[15.75,40.03],[11.26,42.43],[10.21,43.86],[10.62,44.71],[8.58,45.5],[11.51,45.5],[13.15,46.22],[13.39,45.82],[12.16,45.5],[12.15,44.45],[13.67,43.41]]],[[[10.13,42.89],[10.46,42.89],[10.46,42.69],[10.13,42.89]]],[[[17.2,43.08],[17.19,42.89],[16.79,42.89],[17.2,43.08]]]]}},{"type":"Feature","properties":{"n":"Carthage","f":-202,"t":-198,"w":"Q2429397"},"geometry":{"type":"MultiPolygon","coordinates":[[[[11.01,37.0],[10.46,35.9],[11.08,35.58],[11.08,35.0],[10.0,34.29],[10.24,33.71],[12.23,32.81],[13.3,32.94],[15.06,32.43],[15.65,31.4],[17.85,30.95],[18.81,30.12],[15.57,31.14],[14.9,32.24],[9.62,33.33],[8.93,34.1],[8.92,34.68],[7.99,35.07],[7.82,36.42],[6.96,36.87],[9.45,37.25],[10.07,36.48],[10.38,36.67],[10.07,36.93],[11.01,37.0]]],[[[-2.81,34.94],[-4.74,34.94],[-5.63,35.52],[-6.59,33.84],[-7.79,33.46],[-6.61,34.16],[-5.88,35.77],[-5.34,35.84],[-4.75,35.19],[-2.99,35.45],[-2.81,34.94]]],[[[0.16,35.9],[0.45,36.22],[0.39,35.97],[0.16,35.9]]],[[[5.56,36.67],[6.73,36.93],[5.26,36.48],[1.92,36.48],[5.56,36.67]]],[[[1.27,38.8],[1.18,39.06],[1.65,39.13],[1.27,38.8]]],[[[3.52,39.77],[3.3,39.32],[2.35,39.45],[2.88,39.97],[3.52,39.77]]],[[[3.83,39.9],[3.74,40.1],[4.22,40.1],[4.3,39.84],[3.83,39.9]]]]}},{"type":"Feature","properties":{"n":"Aetolian League","f":-202,"t":-198,"w":"Q245273"},"geometry":{"type":"Polygon","coordinates":[[[21.35,38.42],[20.53,39.32],[21.54,39.0],[22.49,39.19],[22.37,38.42],[21.35,38.42]]]}},{"type":"Feature","properties":{"n":"Han Dynasty","f":-202,"t":-198,"w":"Q1068371"},"geometry":{"type":"MultiPolygon","coordinates":[[[[122.27,30.18],[122.28,29.99],[121.98,29.99],[122.27,30.18]]],[[[123.88,39.77],[121.42,38.74],[121.03,38.74],[121.69,39.38],[121.21,39.51],[122.23,40.48],[121.82,40.87],[121.11,40.87],[119.22,39.32],[117.89,39.19],[117.58,38.74],[118.07,38.16],[119.46,37.96],[119.16,37.19],[120.75,37.9],[122.71,37.45],[122.39,36.8],[120.98,36.61],[119.23,34.81],[120.34,34.36],[120.92,32.62],[121.99,31.85],[120.92,31.85],[122.0,31.08],[120.68,30.18],[121.48,30.31],[122.03,29.92],[121.94,29.22],[121.74,29.54],[121.57,29.47],[121.65,28.32],[121.12,28.32],[119.57,26.07],[119.14,26.13],[118.04,29.54],[115.98,30.18],[115.26,28.89],[114.95,26.77],[115.23,26.39],[114.53,24.39],[111.02,24.39],[111.97,26.84],[111.73,28.44],[110.44,28.96],[108.27,29.02],[104.62,28.38],[101.61,29.28],[100.67,30.24],[100.85,31.08],[102.16,32.56],[102.41,34.16],[108.3,36.03],[110.13,38.09],[111.49,38.8],[112.63,40.29],[114.8,40.36],[116.1,39.84],[122.93,41.91],[124.8,41.07],[123.88,39.77]]]]}},{"type":"Feature","properties":{"n":"Greek City-States","f":-202,"t":-198,"w":"Q148837"},"geometry":{"type":"MultiPolygon","coordinates":[[[[24.3,35.32],[26.23,35.19],[23.68,35.26],[23.62,35.52],[24.3,35.32]]],[[[22.89,36.42],[23.12,36.35],[23.11,36.16],[22.89,36.42]]],[[[21.74,36.87],[21.7,37.51],[22.4,37.51],[23.06,36.67],[21.74,36.87]]],[[[21.24,37.84],[21.33,38.09],[21.64,37.9],[21.24,37.84]]],[[[20.57,38.42],[20.79,38.09],[20.32,38.16],[20.57,38.42]]],[[[25.82,38.48],[25.99,38.67],[26.22,38.55],[25.88,38.16],[25.82,38.48]]],[[[22.45,38.42],[22.56,39.06],[24.08,38.29],[23.98,37.84],[22.45,38.42]]],[[[21.29,38.8],[21.35,38.42],[20.74,38.8],[21.29,38.8]]],[[[27.38,42.04],[27.33,42.37],[27.17,42.43],[27.19,42.63],[28.8,44.97],[28.48,43.47],[27.51,42.63],[27.92,41.91],[27.38,42.04]],[[27.46,42.11],[27.46,42.04],[27.54,42.04],[27.46,42.11]]],[[[3.85,43.6],[2.98,43.15],[3.04,41.85],[2.7,42.37],[2.74,43.21],[3.45,43.67],[4.73,43.86],[6.59,43.41],[3.85,43.6]]],[[[28.24,37.38],[28.3,37.19],[27.6,37.13],[28.24,37.38]]],[[[40.58,40.74],[37.87,40.68],[36.51,41.13],[40.58,40.74]]],[[[29.37,41.2],[29.26,40.87],[28.08,41.07],[28.29,41.52],[29.37,41.2]]],[[[31.36,41.26],[31.69,41.39],[31.59,41.2],[31.36,41.26]]],[[[35.01,41.78],[34.79,41.98],[35.12,42.04],[35.01,41.78]]],[[[39.63,43.73],[41.41,42.89],[40.82,43.15],[39.63,43.73]]],[[[40.03,43.73],[39.95,43.73],[39.96,43.8],[40.03,43.73]]],[[[33.61,45.1],[33.23,45.3],[33.92,44.97],[35.18,45.3],[35.13,44.91],[33.93,44.45],[33.47,44.65],[33.61,45.1]]],[[[31.53,46.68],[30.88,46.68],[29.61,45.69],[30.46,46.61],[31.57,46.94],[31.53,46.68]]]]}},{"type":"Feature","properties":{"n":"(Allegiance of Seleucid Empire to Roman Republic)","f":-202,"t":-198,"w":"Q705904"},"geometry":{"type":"MultiPolygon","coordinates":[[[[2.61,34.42],[2.53,34.42],[2.53,34.49],[2.61,34.42]]],[[[8.93,34.16],[5.38,34.68],[3.15,34.36],[2.45,34.61],[1.29,34.61],[-1.61,34.1],[-2.95,34.61],[-2.74,35.13],[-1.66,35.13],[-1.22,35.64],[0.39,35.97],[0.68,36.42],[5.26,36.48],[6.73,36.93],[7.66,36.61],[7.99,35.07],[8.77,34.81],[8.93,34.16]]],[[[14.34,36.03],[14.57,35.97],[14.57,35.77],[14.34,36.03]]],[[[10.23,37.25],[10.31,36.48],[9.53,36.8],[9.53,37.25],[10.23,37.25]]],[[[-0.35,39.71],[0.1,38.74],[-0.66,38.29],[-0.7,37.64],[-1.71,37.45],[-2.06,36.8],[-4.47,36.74],[-5.66,36.03],[-6.43,37.0],[-7.55,37.38],[-7.22,38.09],[-5.34,39.06],[-4.2,38.55],[-2.24,38.48],[-1.63,38.8],[-1.45,39.71],[-0.18,41.07],[0.3,42.37],[2.95,41.98],[1.24,41.2],[-0.35,39.71]]],[[[9.59,39.13],[8.34,39.0],[8.15,40.94],[9.5,41.2],[9.82,40.36],[9.59,39.13]]],[[[13.67,43.41],[14.37,42.24],[16.12,41.91],[15.94,41.39],[18.44,40.16],[18.11,39.9],[17.35,40.55],[16.62,40.29],[16.45,39.64],[17.14,39.06],[15.93,37.96],[15.39,38.16],[15.05,36.74],[12.49,37.9],[15.86,38.29],[16.27,38.93],[15.75,40.03],[11.26,42.43],[10.21,43.86],[10.62,44.71],[8.58,45.5],[11.51,45.5],[13.15,46.22],[13.39,45.82],[12.16,45.5],[12.31,44.19],[13.67,43.41]]],[[[9.58,41.98],[9.1,41.33],[8.62,41.72],[8.53,42.5],[9.25,43.02],[9.58,41.98]]],[[[10.46,42.89],[10.46,42.69],[10.21,42.69],[10.46,42.89]]],[[[17.19,42.89],[16.79,42.89],[16.8,43.02],[17.19,42.89]]],[[[45.52,40.48],[46.54,39.97],[47.05,39.77],[48.3,39.71],[48.93,39.26],[48.8,38.09],[47.25,38.67],[46.12,38.48],[45.22,37.77],[45.15,35.71],[46.03,35.39],[49.08,35.13],[53.09,36.8],[56.83,36.87],[58.45,36.42],[61.21,36.61],[61.3,35.58],[62.62,34.87],[64.19,34.61],[65.41,34.94],[66.53,34.42],[65.39,34.1],[64.69,32.94],[63.3,32.11],[60.24,28.25],[57.77,26.58],[57.38,25.74],[56.71,27.16],[54.68,26.45],[51.45,27.87],[50.06,30.18],[48.94,30.31],[48.09,29.54],[46.62,29.86],[46.59,30.31],[45.77,30.44],[43.15,32.81],[40.7,34.16],[39.12,34.49],[37.65,33.65],[37.39,34.1],[36.56,34.29],[36.27,35.19],[35.89,35.26],[36.14,36.93],[34.34,36.74],[34.22,37.13],[33.38,37.25],[31.99,36.61],[27.22,37.32],[27.28,38.03],[28.53,38.03],[29.21,38.67],[29.3,39.71],[26.13,39.51],[26.67,40.36],[29.35,40.23],[29.94,40.55],[30.59,39.97],[31.38,39.97],[31.42,38.87],[33.59,38.55],[33.67,37.84],[35.67,37.58],[36.35,38.03],[37.11,37.9],[38.81,38.93],[40.52,38.22],[40.48,39.58],[38.95,39.38],[38.79,39.9],[40.4,40.1],[40.75,40.36],[40.57,40.68],[41.01,40.94],[41.36,40.68],[41.53,41.26],[42.25,41.26],[42.56,41.65],[45.12,41.33],[45.67,40.87],[45.52,40.48]]],[[[26.1,39.13],[25.79,39.19],[26.51,39.32],[26.64,39.0],[26.1,39.13]]],[[[19.92,39.77],[19.91,39.58],[19.76,39.64],[19.92,39.77]]],[[[47.14,39.84],[47.07,39.84],[47.08,39.9],[47.14,39.84]]],[[[46.92,39.9],[46.93,39.97],[47.01,39.97],[46.92,39.9]]],[[[19.47,41.85],[19.78,41.85],[20.08,41.33],[19.56,40.55],[19.25,40.61],[19.47,41.85]]]]}},{"type":"Feature","properties":{"n":"Minyue","f":-202,"t":-171,"w":"Q1936158"},"geometry":{"type":"Polygon","coordinates":[[[119.62,25.36],[119.27,25.49],[118.76,24.59],[118.15,24.52],[116.54,22.91],[114.75,22.53],[114.45,24.01],[115.23,26.39],[114.95,26.77],[115.26,28.89],[115.8,30.12],[118.04,29.54],[119.14,26.13],[119.65,26.07],[119.62,25.36]]]}},{"type":"Feature","properties":{"n":"Seleucid Empire","f":-202,"t":-198,"w":"Q705904"},"geometry":{"type":"MultiPolygon","coordinates":[[[[45.52,40.48],[47.05,39.77],[48.67,39.58],[48.93,39.26],[48.8,38.09],[47.25,38.67],[46.12,38.48],[45.22,37.77],[45.15,35.71],[46.03,35.39],[49.08,35.13],[53.09,36.8],[56.83,36.87],[58.45,36.42],[61.21,36.61],[61.3,35.58],[62.62,34.87],[64.19,34.61],[65.41,34.94],[66.53,34.42],[65.39,34.1],[64.69,32.94],[63.3,32.11],[60.24,28.25],[57.77,26.58],[57.38,25.74],[56.71,27.16],[54.68,26.45],[51.45,27.87],[50.06,30.18],[48.94,30.31],[48.09,29.54],[46.62,29.86],[46.59,30.31],[45.77,30.44],[43.15,32.81],[40.7,34.16],[39.12,34.49],[37.65,33.65],[37.39,34.1],[36.56,34.29],[36.27,35.19],[35.89,35.26],[36.14,36.93],[34.34,36.74],[34.22,37.13],[33.38,37.25],[31.99,36.61],[27.22,37.32],[27.28,38.03],[28.53,38.03],[29.21,38.67],[29.3,39.71],[26.13,39.51],[26.67,40.36],[29.35,40.23],[29.94,40.55],[30.59,39.97],[31.38,39.97],[31.42,38.87],[33.59,38.55],[33.67,37.84],[35.67,37.58],[36.35,38.03],[37.11,37.9],[38.81,38.93],[40.52,38.22],[40.48,39.58],[38.95,39.38],[38.79,39.9],[40.4,40.1],[40.75,40.36],[40.57,40.68],[41.01,40.94],[41.36,40.68],[41.53,41.26],[42.25,41.26],[42.56,41.65],[45.47,41.07],[45.52,40.48]]],[[[26.25,38.93],[25.79,39.19],[26.51,39.32],[26.64,39.0],[26.25,38.93]]],[[[47.16,39.9],[47.14,39.84],[47.07,39.84],[47.16,39.9]]],[[[47.01,39.97],[47.0,39.9],[46.92,39.9],[47.01,39.97]]]]}},{"type":"Feature","properties":{"n":"Antigonid Macedonia","f":-202,"t":-198,"w":"Q237325"},"geometry":{"type":"MultiPolygon","coordinates":[[[[24.36,37.71],[24.43,37.58],[24.27,37.51],[24.36,37.71]]],[[[20.62,37.9],[20.93,37.9],[20.92,37.64],[20.62,37.9]]],[[[24.77,38.03],[25.07,37.77],[24.83,37.71],[24.77,38.03]]],[[[23.63,38.48],[23.56,38.74],[24.18,38.55],[23.63,38.48]]],[[[23.57,38.8],[23.56,38.74],[23.48,38.74],[23.57,38.8]]],[[[24.67,38.93],[24.66,38.74],[24.36,38.87],[24.67,38.93]]],[[[26.18,41.07],[28.29,41.59],[28.08,41.0],[27.53,41.07],[26.84,40.48],[24.35,41.0],[23.7,40.81],[23.74,40.23],[22.65,40.61],[22.61,39.9],[23.14,39.45],[22.8,39.06],[23.34,39.0],[23.49,38.8],[22.79,38.87],[22.49,39.19],[21.54,39.0],[20.81,40.1],[19.81,40.74],[20.08,41.33],[19.32,42.17],[22.45,42.43],[23.67,41.52],[24.55,41.65],[24.76,41.26],[26.18,41.07]]],[[[24.81,40.81],[24.79,40.61],[24.55,40.55],[24.81,40.81]]],[[[25.34,37.13],[25.57,37.13],[25.56,37.0],[25.34,37.13]]],[[[24.99,37.71],[25.22,37.71],[25.29,37.51],[24.99,37.71]]],[[[26.08,37.71],[26.31,37.71],[26.3,37.58],[26.08,37.71]]],[[[26.56,37.84],[27.03,37.84],[27.01,37.64],[26.56,37.84]]],[[[25.07,40.03],[25.46,40.03],[25.45,39.84],[25.07,40.03]]],[[[25.72,40.29],[26.04,40.29],[26.02,40.16],[25.72,40.29]]],[[[26.26,40.1],[26.36,40.36],[26.67,40.36],[26.26,40.1]]],[[[28.18,40.42],[28.17,40.29],[27.7,40.29],[28.18,40.42]]],[[[25.16,41.26],[25.17,41.33],[25.25,41.33],[25.16,41.26]]]]}},{"type":"Feature","properties":{"n":"Nanyue","f":-202,"t":-171,"w":"Q827040"},"geometry":{"type":"MultiPolygon","coordinates":[[[[114.9,22.91],[114.53,22.14],[114.0,22.08],[113.6,22.72],[113.64,22.14],[110.42,21.18],[110.49,20.28],[109.88,20.21],[109.81,21.5],[108.65,21.69],[106.96,20.92],[105.97,19.83],[105.73,18.86],[107.03,17.26],[106.61,16.94],[105.14,18.41],[104.98,20.15],[104.44,20.47],[105.1,20.86],[104.98,22.4],[106.16,23.56],[107.15,24.07],[112.11,24.59],[113.83,24.59],[114.53,24.39],[114.9,22.91]]],[[[106.08,23.56],[106.09,23.62],[106.17,23.62],[106.08,23.56]]]]}},{"type":"Feature","properties":{"n":"Xiongnu","f":-197,"t":-171,"w":"Q188836"},"geometry":{"type":"MultiPolygon","coordinates":[[[[101.76,53.94],[106.41,52.79],[103.57,51.58],[104.07,51.45],[105.74,51.65],[107.1,52.45],[109.44,51.71],[110.46,51.38],[115.82,50.98],[119.65,49.71],[121.1,50.18],[129.35,46.94],[129.89,46.68],[129.82,46.02],[125.51,41.33],[124.84,41.13],[122.93,41.91],[116.1,39.84],[114.8,40.36],[112.63,40.29],[111.49,38.8],[110.13,38.09],[108.3,36.03],[105.26,35.19],[105.95,35.77],[106.03,36.35],[102.61,37.13],[102.1,37.77],[101.76,37.51],[100.8,38.03],[100.41,38.61],[99.86,38.42],[99.12,39.26],[97.96,38.93],[96.76,39.45],[96.41,38.61],[95.32,39.38],[93.19,39.38],[93.44,40.55],[94.79,41.78],[93.91,43.47],[90.81,45.1],[90.54,45.56],[90.96,46.74],[90.22,47.73],[87.98,48.52],[87.78,49.12],[87.12,49.12],[86.63,49.78],[85.19,49.58],[83.62,50.91],[85.31,52.72],[89.06,53.66],[101.76,53.94]]],[[[109.44,51.71],[109.57,51.78],[109.52,51.71],[109.44,51.71]]]]}},{"type":"Feature","properties":{"n":"Antigonid Macedonia","f":-197,"t":-171,"w":"Q237325"},"geometry":{"type":"MultiPolygon","coordinates":[[[[29.12,36.74],[28.03,36.67],[28.23,37.19],[29.6,36.8],[29.25,36.42],[29.12,36.74]]],[[[27.04,36.93],[27.12,36.93],[27.19,36.8],[26.87,36.67],[27.04,36.93]]],[[[27.19,36.93],[27.21,37.13],[27.44,37.13],[27.19,36.93]]],[[[26.3,37.58],[25.99,37.51],[26.08,37.71],[26.3,37.58]]],[[[26.62,37.64],[26.56,37.84],[27.03,37.84],[26.62,37.64]]],[[[23.19,40.36],[22.57,40.55],[22.69,39.97],[22.14,39.9],[20.84,40.68],[21.41,42.3],[22.45,42.43],[24.04,41.2],[23.19,40.36]]]]}},{"type":"Feature","properties":{"n":"Gojoseon","f":-197,"t":-111,"w":"Q28405"},"geometry":{"type":"Polygon","coordinates":[[[127.55,39.71],[127.44,39.26],[127.76,39.13],[126.35,37.84],[124.9,37.9],[125.39,39.38],[124.34,39.9],[123.8,39.77],[124.84,41.13],[126.35,41.26],[128.05,40.03],[127.55,39.71]]]}},{"type":"Feature","properties":{"n":"Seleucid Empire","f":-197,"t":-189,"w":"Q705904"},"geometry":{"type":"MultiPolygon","coordinates":[[[[46.54,39.97],[47.05,39.77],[48.3,39.71],[48.93,39.26],[48.8,38.09],[47.25,38.67],[46.12,38.48],[45.22,37.77],[45.15,35.71],[46.03,35.39],[49.08,35.13],[53.09,36.8],[56.83,36.87],[58.45,36.42],[61.21,36.61],[61.3,35.58],[62.62,34.87],[64.19,34.61],[65.41,34.94],[66.53,34.42],[65.39,34.1],[64.69,32.94],[63.3,32.11],[60.24,28.25],[57.77,26.58],[57.38,25.74],[56.71,27.16],[54.68,26.45],[51.45,27.87],[50.06,30.18],[48.94,30.31],[48.09,29.54],[46.62,29.86],[46.59,30.31],[45.77,30.44],[43.15,32.81],[39.51,34.49],[37.07,33.26],[36.42,31.21],[35.35,31.14],[34.54,30.5],[34.3,31.34],[35.64,34.36],[36.05,34.55],[35.84,36.29],[36.29,36.8],[34.58,36.87],[33.98,36.29],[32.56,36.03],[32.07,36.61],[30.62,36.93],[30.49,36.35],[29.32,36.22],[29.6,36.8],[28.24,37.38],[27.22,37.32],[27.17,37.71],[27.28,38.03],[27.73,37.84],[28.86,38.29],[29.3,39.71],[26.13,39.51],[26.67,40.36],[29.35,40.23],[29.94,40.55],[30.59,39.97],[31.38,39.97],[31.42,38.87],[33.59,38.55],[33.67,37.84],[35.67,37.58],[36.35,38.03],[37.11,37.9],[38.81,38.93],[40.52,38.22],[40.48,39.58],[38.95,39.38],[38.79,39.9],[40.4,40.1],[40.75,40.36],[40.57,40.68],[41.01,40.94],[41.36,40.68],[41.53,41.26],[42.25,41.26],[42.56,41.65],[45.12,41.33],[46.54,39.97]]],[[[26.25,38.93],[25.79,39.19],[26.51,39.32],[26.64,39.0],[26.25,38.93]]],[[[47.14,39.84],[47.07,39.84],[47.08,39.9],[47.14,39.84]]],[[[47.0,39.9],[46.92,39.9],[46.93,39.97],[47.0,39.9]]]]}},{"type":"Feature","properties":{"n":"Atropatene","f":-197,"t":-189,"w":"Q260437"},"geometry":{"type":"Polygon","coordinates":[[[50.82,36.74],[52.11,36.55],[49.08,35.13],[45.15,35.71],[45.22,37.77],[46.12,38.48],[47.25,38.67],[50.82,36.74]]]}},{"type":"Feature","properties":{"n":"Ptolemaic Kingdom","f":-197,"t":-189,"w":"Q2320005"},"geometry":{"type":"MultiPolygon","coordinates":[[[[25.25,31.46],[26.85,31.46],[28.87,30.82],[30.97,31.66],[31.88,31.46],[32.0,31.08],[34.43,31.08],[34.54,30.5],[32.44,29.79],[33.59,27.61],[30.87,27.42],[30.16,26.9],[30.26,25.74],[30.96,24.65],[30.25,23.69],[28.57,24.65],[28.15,27.35],[23.23,30.5],[20.58,30.89],[19.57,30.12],[18.81,30.05],[20.12,30.76],[20.02,32.24],[20.64,32.69],[22.11,32.94],[23.09,32.62],[23.15,32.24],[24.89,31.98],[25.25,31.46]]],[[[34.54,30.5],[34.62,30.5],[34.61,30.44],[34.54,30.5]]],[[[34.09,35.0],[33.04,34.55],[32.23,34.94],[34.54,35.71],[34.09,35.0]]],[[[28.14,36.03],[27.74,35.9],[27.69,36.29],[28.25,36.48],[28.14,36.03]]]]}},{"type":"Feature","properties":{"n":"Ankhwennefer","f":-197,"t":-189,"w":"Q489289"},"geometry":{"type":"Polygon","coordinates":[[[31.67,23.75],[30.54,23.36],[30.25,23.62],[30.96,24.65],[30.26,25.74],[30.16,26.9],[30.87,27.42],[33.66,27.61],[35.85,23.88],[31.67,23.75]]]}},{"type":"Feature","properties":{"n":"(Allegiance of Seleucid Empire to Roman Republic)","f":-197,"t":-189,"w":"Q705904"},"geometry":{"type":"MultiPolygon","coordinates":[[[[14.34,36.03],[14.57,35.97],[14.57,35.77],[14.34,36.03]]],[[[0.7,40.94],[-0.35,39.71],[0.1,38.74],[-0.66,38.29],[-0.7,37.64],[-1.71,37.45],[-2.06,36.8],[-4.47,36.74],[-5.66,36.03],[-6.43,37.0],[-7.55,37.38],[-7.22,38.09],[-5.34,39.06],[-4.2,38.55],[-2.24,38.48],[-1.63,38.8],[-1.45,39.71],[-0.18,41.07],[0.3,42.37],[2.87,42.11],[2.89,41.72],[0.7,40.94]]],[[[19.92,39.77],[19.91,39.58],[19.76,39.64],[19.92,39.77]]],[[[9.59,39.13],[8.34,39.0],[8.15,40.94],[9.5,41.2],[9.82,40.36],[9.59,39.13]]],[[[19.5,40.87],[19.47,41.98],[20.16,41.33],[19.56,40.55],[19.25,40.74],[19.5,40.87]]],[[[13.67,43.41],[14.37,42.24],[16.12,41.91],[15.94,41.39],[18.44,40.16],[18.11,39.9],[17.35,40.55],[16.62,40.29],[16.45,39.64],[17.14,39.06],[15.93,37.96],[15.39,38.16],[15.05,36.74],[12.49,37.9],[15.86,38.29],[16.27,38.93],[15.75,40.03],[11.26,42.43],[10.21,43.86],[10.62,44.71],[8.58,45.5],[11.51,45.5],[13.15,46.22],[13.39,45.82],[12.16,45.5],[12.31,44.19],[13.67,43.41]]],[[[9.58,41.98],[9.1,41.33],[8.62,41.72],[8.53,42.5],[9.25,43.02],[9.58,41.98]]],[[[10.46,42.89],[10.46,42.69],[10.21,42.69],[10.46,42.89]]],[[[17.19,42.89],[16.79,42.89],[16.8,43.02],[17.19,42.89]]],[[[47.05,39.77],[48.67,39.58],[48.93,39.26],[48.8,38.09],[47.25,38.67],[46.12,38.48],[45.22,37.77],[45.15,35.71],[46.03,35.39],[49.08,35.13],[53.09,36.8],[56.83,36.87],[58.45,36.42],[61.21,36.61],[61.3,35.58],[62.62,34.87],[64.19,34.61],[65.41,34.94],[66.53,34.42],[65.39,34.1],[64.69,32.94],[63.3,32.11],[60.24,28.25],[57.77,26.58],[57.38,25.74],[56.71,27.16],[54.68,26.45],[51.45,27.87],[50.06,30.18],[48.94,30.31],[48.09,29.54],[46.62,29.86],[46.59,30.31],[45.77,30.44],[43.15,32.81],[39.51,34.49],[37.07,33.26],[36.42,31.21],[35.35,31.14],[34.54,30.5],[34.3,31.34],[35.64,34.36],[36.05,34.55],[35.84,36.29],[36.29,36.8],[34.58,36.87],[33.98,36.29],[32.56,36.03],[32.07,36.61],[30.62,36.93],[30.49,36.35],[29.32,36.22],[29.6,36.8],[28.24,37.38],[27.22,37.32],[27.17,37.71],[27.28,38.03],[27.73,37.84],[28.86,38.29],[29.3,39.71],[26.13,39.51],[26.67,40.36],[29.35,40.23],[29.94,40.55],[30.59,39.97],[31.38,39.97],[31.42,38.87],[33.59,38.55],[33.67,37.84],[35.67,37.58],[36.35,38.03],[37.11,37.9],[38.81,38.93],[40.52,38.22],[40.48,39.58],[38.95,39.38],[38.79,39.9],[40.4,40.1],[40.75,40.36],[40.57,40.68],[41.01,40.94],[41.36,40.68],[41.53,41.26],[42.25,41.26],[42.56,41.65],[45.12,41.33],[45.67,40.87],[45.52,40.48],[47.05,39.77]]],[[[26.1,39.13],[25.79,39.19],[26.51,39.32],[26.64,39.0],[26.1,39.13]]],[[[47.07,39.84],[47.08,39.9],[47.16,39.9],[47.07,39.84]]],[[[46.92,39.9],[46.93,39.97],[47.01,39.97],[46.92,39.9]]]]}},{"type":"Feature","properties":{"n":"Korean Jin","f":-197,"t":-111,"w":"Q1155101"},"geometry":{"type":"Polygon","coordinates":[[[129.53,37.06],[129.52,35.52],[129.15,35.07],[128.53,35.07],[128.68,34.74],[128.08,34.94],[127.38,34.42],[127.22,34.74],[126.12,34.36],[126.77,35.9],[126.05,36.8],[126.68,37.13],[126.31,37.77],[127.18,38.93],[128.2,38.93],[129.53,37.06]]]}},{"type":"Feature","properties":{"n":"Greek City-States","f":-197,"t":-189,"w":"Q148837"},"geometry":{"type":"MultiPolygon","coordinates":[[[[25.68,35.13],[26.23,35.19],[24.82,35.0],[23.62,35.52],[25.68,35.13]]],[[[23.12,36.35],[23.11,36.16],[22.87,36.16],[23.12,36.35]]],[[[21.74,36.87],[21.7,37.51],[22.85,37.25],[23.06,36.67],[21.74,36.87]]],[[[24.36,37.71],[24.43,37.58],[24.27,37.51],[24.36,37.71]]],[[[25.22,37.71],[25.29,37.51],[25.05,37.51],[25.22,37.71]]],[[[20.93,37.9],[20.92,37.64],[20.61,37.71],[20.93,37.9]]],[[[24.77,38.03],[25.07,37.77],[24.83,37.71],[24.77,38.03]]],[[[21.24,37.84],[21.33,38.09],[21.64,37.9],[21.24,37.84]]],[[[20.57,38.42],[20.79,38.09],[20.32,38.16],[20.57,38.42]]],[[[21.29,38.8],[21.35,38.42],[20.74,38.8],[21.29,38.8]]],[[[23.56,38.74],[23.48,38.74],[23.49,38.8],[23.56,38.74]]],[[[24.67,38.93],[24.66,38.74],[24.36,38.87],[24.67,38.93]]],[[[23.49,38.87],[23.03,38.93],[23.31,38.48],[24.18,38.55],[23.98,37.84],[22.45,38.42],[22.49,39.19],[21.54,39.0],[20.58,40.23],[20.91,40.61],[21.92,40.29],[23.14,39.45],[22.96,39.13],[23.49,38.87]]],[[[25.46,40.03],[25.45,39.84],[24.97,39.84],[25.46,40.03]]],[[[24.81,40.81],[24.79,40.61],[24.55,40.55],[24.81,40.81]]],[[[25.17,41.33],[25.25,41.33],[25.24,41.26],[25.17,41.33]]],[[[21.16,42.17],[21.27,41.39],[20.85,40.94],[20.4,41.46],[21.16,42.17]]],[[[3.85,43.6],[2.98,43.15],[3.04,41.85],[2.7,42.37],[2.74,43.21],[3.45,43.67],[4.73,43.86],[6.6,43.28],[3.85,43.6]]],[[[25.57,37.13],[25.56,37.0],[25.33,37.0],[25.57,37.13]]],[[[28.22,37.13],[27.6,37.13],[27.61,37.32],[28.24,37.38],[28.22,37.13]]],[[[26.22,38.55],[26.11,38.16],[25.88,38.16],[26.22,38.55]]],[[[26.04,40.29],[26.02,40.16],[25.7,40.1],[26.04,40.29]]],[[[26.36,40.36],[26.68,40.42],[26.67,40.36],[26.26,40.1],[26.36,40.36]]],[[[28.18,40.42],[28.17,40.29],[27.7,40.29],[28.18,40.42]]],[[[24.35,41.0],[23.7,40.81],[23.74,40.23],[23.19,40.36],[23.39,40.87],[24.68,41.26],[26.5,41.07],[28.14,41.65],[29.37,41.2],[29.26,40.87],[27.53,41.07],[26.84,40.48],[24.35,41.0]]],[[[37.87,40.68],[36.51,41.13],[36.77,41.33],[38.3,40.87],[39.21,41.13],[40.6,40.87],[37.87,40.68]]],[[[31.36,41.26],[31.69,41.39],[31.59,41.2],[31.36,41.26]]],[[[35.02,41.85],[34.79,41.98],[35.12,42.04],[35.02,41.85]]],[[[27.19,42.63],[28.8,44.97],[28.48,43.47],[27.51,42.63],[27.92,41.91],[27.45,41.98],[27.19,42.63]],[[27.46,42.11],[27.46,42.04],[27.54,42.04],[27.46,42.11]]],[[[39.63,43.73],[41.41,42.89],[40.82,43.15],[39.63,43.73]]],[[[39.95,43.73],[39.96,43.8],[40.04,43.8],[39.95,43.73]]],[[[33.61,45.1],[33.23,45.3],[33.92,44.97],[35.18,45.3],[35.13,44.91],[33.93,44.45],[33.55,44.65],[33.61,45.1]]],[[[30.88,46.68],[29.61,45.69],[31.08,47.01],[31.53,46.68],[30.88,46.68]]]]}},{"type":"Feature","properties":{"n":"Mauretania","f":-197,"t":-111,"w":"Q309272"},"geometry":{"type":"Polygon","coordinates":[[[-2.84,35.45],[-2.95,34.61],[-2.46,34.16],[-7.53,32.94],[-8.47,33.26],[-6.61,34.16],[-5.88,35.77],[-5.34,35.84],[-4.75,35.19],[-2.84,35.45]]]}},{"type":"Feature","properties":{"n":"Han Dynasty","f":-197,"t":-127,"w":"Q1068371"},"geometry":{"type":"MultiPolygon","coordinates":[[[[122.27,30.18],[122.28,29.99],[121.98,29.99],[122.27,30.18]]],[[[121.03,38.74],[121.69,39.38],[121.28,39.64],[122.23,40.48],[121.11,40.87],[119.22,39.32],[117.89,39.19],[117.58,38.74],[118.07,38.16],[119.46,37.96],[119.16,37.19],[120.75,37.9],[122.71,37.45],[122.39,36.8],[120.98,36.61],[119.23,34.81],[120.34,34.36],[120.92,32.62],[121.99,31.85],[120.92,31.85],[122.0,31.08],[120.68,30.18],[121.48,30.31],[122.03,29.92],[121.94,29.22],[121.74,29.54],[121.57,29.47],[121.65,28.32],[121.12,28.32],[119.57,26.07],[119.14,26.13],[118.04,29.54],[115.98,30.18],[115.26,28.89],[114.95,26.77],[115.23,26.39],[114.53,24.39],[111.02,24.39],[111.97,26.84],[111.73,28.44],[110.44,28.96],[108.27,29.02],[104.62,28.38],[101.61,29.28],[100.67,30.24],[100.85,31.08],[102.16,32.56],[102.41,34.16],[108.3,36.03],[110.13,38.09],[111.49,38.8],[112.63,40.29],[114.8,40.36],[116.1,39.84],[123.17,41.91],[124.84,41.13],[123.72,39.77],[121.03,38.74]]]]}},{"type":"Feature","properties":{"n":"Aetolian League","f":-197,"t":-189,"w":"Q245273"},"geometry":{"type":"Polygon","coordinates":[[[21.35,38.42],[20.53,39.32],[21.54,39.0],[22.49,39.19],[22.37,38.42],[21.35,38.42]]]}},{"type":"Feature","properties":{"n":"Kingdom of Numidia","f":-197,"t":-145,"w":"Q156173"},"geometry":{"type":"MultiPolygon","coordinates":[[[[8.92,35.52],[10.24,33.71],[12.23,32.81],[13.76,32.88],[15.21,32.36],[15.65,31.4],[18.0,30.89],[18.9,30.37],[18.81,29.99],[15.18,30.89],[13.83,32.11],[11.77,32.3],[9.63,33.14],[8.93,34.16],[7.61,34.55],[1.29,34.61],[-1.61,34.1],[-2.95,34.61],[-2.74,35.13],[-1.66,35.13],[-1.22,35.64],[0.08,35.84],[1.22,36.55],[4.24,36.93],[5.56,36.67],[6.33,37.06],[8.83,36.8],[8.92,35.52]]],[[[2.53,34.42],[2.53,34.49],[2.61,34.49],[2.53,34.42]]]]}},{"type":"Feature","properties":{"n":"Roman Republic","f":-197,"t":-189,"w":"Q175881"},"geometry":{"type":"MultiPolygon","coordinates":[[[[14.34,35.84],[14.34,36.03],[14.57,35.97],[14.34,35.84]]],[[[0.7,40.94],[-0.35,39.71],[0.1,38.74],[-0.66,38.29],[-0.7,37.64],[-1.71,37.45],[-2.06,36.8],[-4.47,36.74],[-5.66,36.03],[-6.43,37.0],[-7.55,37.38],[-7.22,38.09],[-5.34,39.06],[-4.2,38.55],[-2.24,38.48],[-1.63,38.8],[-1.45,39.71],[-0.18,41.07],[0.3,42.37],[2.87,42.11],[2.89,41.72],[0.7,40.94]]],[[[19.76,39.77],[19.92,39.77],[19.91,39.58],[19.76,39.77]]],[[[9.59,39.13],[8.34,39.0],[8.15,40.94],[9.1,41.26],[9.82,40.74],[9.59,39.13]]],[[[19.5,40.87],[19.47,41.98],[20.16,41.33],[20.05,40.87],[19.25,40.61],[19.5,40.87]]],[[[13.67,43.41],[14.37,42.24],[16.12,41.91],[15.94,41.39],[18.44,40.16],[18.11,39.9],[17.35,40.55],[16.62,40.29],[16.45,39.64],[17.14,39.06],[15.93,37.96],[15.39,38.16],[15.05,36.74],[12.49,37.9],[15.86,38.29],[16.27,38.93],[15.75,40.03],[11.26,42.43],[10.21,43.86],[10.62,44.71],[8.58,45.5],[11.51,45.5],[13.15,46.22],[13.39,45.82],[12.16,45.5],[12.15,44.45],[13.67,43.41]]],[[[9.58,41.98],[9.1,41.33],[8.62,41.72],[8.53,42.5],[9.25,43.02],[9.58,41.98]]],[[[10.13,42.89],[10.46,42.89],[10.46,42.69],[10.13,42.89]]],[[[17.2,43.08],[17.19,42.89],[16.79,42.89],[17.2,43.08]]]]}},{"type":"Feature","properties":{"n":"Carthage","f":-197,"t":-165,"w":"Q2429397"},"geometry":{"type":"Polygon","coordinates":[[[11.08,35.0],[10.0,34.29],[8.92,35.52],[8.75,37.0],[9.6,37.32],[10.23,37.25],[10.46,36.74],[11.01,37.0],[10.46,36.42],[11.08,35.0]]]}},{"type":"Feature","properties":{"n":"Roman Republic","f":-188,"t":-171,"w":"Q175881"},"geometry":{"type":"MultiPolygon","coordinates":[[[[14.34,35.84],[14.34,36.03],[14.57,35.97],[14.34,35.84]]],[[[2.96,41.78],[0.7,40.94],[-0.35,39.71],[0.1,38.74],[-0.66,38.29],[-0.7,37.64],[-1.71,37.45],[-2.06,36.8],[-4.47,36.74],[-5.66,36.03],[-6.43,37.0],[-7.55,37.38],[-7.22,38.09],[-5.34,39.06],[-4.2,38.55],[-2.24,38.48],[-1.63,38.8],[-1.45,39.71],[-0.04,41.33],[-0.76,42.69],[2.96,41.78]]],[[[19.76,39.77],[19.92,39.77],[19.91,39.58],[19.76,39.77]]],[[[9.59,39.13],[8.34,39.0],[8.15,40.94],[9.1,41.26],[9.82,40.74],[9.59,39.13]]],[[[19.5,40.87],[19.47,41.98],[20.16,41.33],[20.05,40.87],[19.25,40.61],[19.5,40.87]]],[[[13.67,43.41],[14.37,42.24],[16.12,41.91],[15.94,41.39],[18.44,40.16],[18.11,39.9],[17.35,40.55],[16.62,40.29],[16.45,39.64],[17.14,39.06],[15.93,37.96],[15.39,38.16],[15.05,36.74],[12.49,37.9],[15.86,38.29],[16.27,38.93],[15.75,40.03],[11.26,42.43],[10.13,44.06],[9.16,44.45],[8.03,44.12],[8.58,45.5],[11.51,45.5],[13.15,46.22],[13.39,45.82],[12.16,45.5],[12.15,44.45],[13.67,43.41]]],[[[9.58,41.98],[9.1,41.33],[8.62,41.72],[8.53,42.5],[9.25,43.02],[9.58,41.98]]],[[[10.13,42.89],[10.46,42.89],[10.46,42.69],[10.13,42.89]]],[[[17.2,43.08],[17.19,42.89],[16.79,42.89],[17.2,43.08]]]]}},{"type":"Feature","properties":{"n":"Kingdom of Sophene","f":-188,"t":-111,"w":"Q2626105"},"geometry":{"type":"Polygon","coordinates":[[[38.75,39.06],[38.95,39.38],[40.48,39.58],[40.52,38.22],[38.75,39.06]]]}},{"type":"Feature","properties":{"n":"Kalinga","f":-188,"t":-171,"w":"Q356524"},"geometry":{"type":"Polygon","coordinates":[[[84.38,18.41],[82.44,17.0],[81.69,17.58],[81.55,18.22],[85.35,20.79],[86.14,20.6],[86.44,20.02],[85.37,19.83],[84.38,18.41]]]}},{"type":"Feature","properties":{"n":"Minaeans","f":-188,"t":-171,"w":"Q1177379"},"geometry":{"type":"Polygon","coordinates":[[[45.21,15.91],[42.81,16.42],[40.85,19.7],[39.92,20.28],[40.55,21.11],[41.53,21.24],[42.96,20.28],[45.21,15.91]]]}},{"type":"Feature","properties":{"n":"Kingdom of Pergamon","f":-188,"t":-171,"w":"Q2022162"},"geometry":{"type":"MultiPolygon","coordinates":[[[[25.99,37.51],[26.08,37.71],[26.3,37.58],[25.99,37.51]]],[[[26.62,37.64],[26.56,37.84],[27.03,37.84],[26.62,37.64]]],[[[29.94,40.55],[30.59,39.97],[31.38,39.97],[31.42,38.87],[33.59,38.55],[33.99,37.13],[33.1,36.8],[30.62,36.93],[29.88,36.42],[29.57,36.48],[29.7,37.13],[28.45,38.09],[27.18,37.84],[26.43,38.22],[26.38,38.67],[26.59,38.35],[27.08,38.55],[26.85,39.58],[26.13,39.51],[26.27,40.29],[29.94,40.55]]],[[[26.92,40.48],[26.77,40.55],[26.78,40.74],[27.1,40.74],[26.92,40.48]]],[[[26.23,40.74],[26.54,40.68],[26.07,40.68],[26.23,40.74]]]]}},{"type":"Feature","properties":{"n":"Greek City-States","f":-188,"t":-171,"w":"Q148837"},"geometry":{"type":"MultiPolygon","coordinates":[[[[25.68,35.13],[26.23,35.19],[24.82,35.0],[23.62,35.52],[25.68,35.13]]],[[[23.12,36.35],[23.11,36.16],[22.87,36.16],[23.12,36.35]]],[[[21.74,36.87],[21.7,37.51],[22.85,37.25],[23.06,36.67],[21.74,36.87]]],[[[24.36,37.71],[24.43,37.58],[24.27,37.51],[24.36,37.71]]],[[[25.22,37.71],[25.29,37.51],[25.05,37.51],[25.22,37.71]]],[[[20.93,37.9],[20.92,37.64],[20.61,37.71],[20.93,37.9]]],[[[24.77,38.03],[25.07,37.77],[24.83,37.71],[24.77,38.03]]],[[[21.24,37.84],[21.33,38.09],[21.64,37.9],[21.24,37.84]]],[[[20.57,38.42],[20.79,38.09],[20.32,38.16],[20.57,38.42]]],[[[23.56,38.74],[23.48,38.74],[23.49,38.8],[23.56,38.74]]],[[[24.67,38.93],[24.66,38.74],[24.36,38.87],[24.67,38.93]]],[[[23.49,38.87],[22.94,38.87],[23.31,38.48],[24.18,38.55],[23.98,37.84],[22.6,38.42],[21.19,38.42],[20.53,39.32],[21.32,39.38],[20.58,40.23],[20.91,40.61],[21.92,40.29],[23.14,39.45],[22.96,39.13],[23.49,38.87]]],[[[25.46,40.03],[25.45,39.84],[24.97,39.84],[25.46,40.03]]],[[[24.81,40.81],[24.79,40.61],[24.55,40.55],[24.81,40.81]]],[[[25.16,41.26],[25.17,41.33],[25.25,41.33],[25.16,41.26]]],[[[21.16,42.17],[21.27,41.39],[20.85,40.94],[20.4,41.46],[21.16,42.17]]],[[[3.85,43.6],[2.98,43.15],[3.04,41.85],[2.7,42.37],[2.74,43.21],[3.45,43.67],[4.73,43.86],[6.6,43.28],[3.85,43.6]]],[[[25.57,37.13],[25.56,37.0],[25.33,37.0],[25.57,37.13]]],[[[35.49,36.61],[34.58,36.87],[33.98,36.29],[32.71,36.03],[31.76,36.67],[33.1,36.8],[36.35,38.03],[37.76,38.09],[37.64,37.71],[38.18,37.0],[37.2,36.61],[35.98,36.87],[35.49,36.61]]],[[[26.22,38.55],[26.11,38.16],[25.88,38.16],[26.22,38.55]]],[[[25.79,39.19],[26.04,39.38],[26.64,39.0],[25.79,39.19]]],[[[26.04,40.29],[26.02,40.16],[25.7,40.1],[26.04,40.29]]],[[[28.18,40.42],[28.17,40.29],[27.7,40.29],[28.18,40.42]]],[[[26.62,40.68],[24.35,41.0],[23.7,40.81],[23.74,40.23],[23.19,40.36],[23.39,40.87],[24.68,41.26],[26.5,41.07],[28.14,41.65],[29.37,41.2],[29.26,40.87],[27.53,41.07],[26.62,40.68]]],[[[40.41,40.68],[37.87,40.68],[36.51,41.13],[40.46,41.0],[40.41,40.68]]],[[[31.36,41.26],[31.69,41.39],[31.59,41.2],[31.36,41.26]]],[[[35.02,41.85],[34.79,41.98],[35.12,42.04],[35.02,41.85]]],[[[27.19,42.63],[28.8,44.97],[28.48,43.47],[27.51,42.63],[27.92,41.91],[27.45,41.98],[27.19,42.63]],[[27.46,42.11],[27.46,42.04],[27.54,42.04],[27.46,42.11]]],[[[39.63,43.73],[41.41,42.89],[40.82,43.15],[39.63,43.73]]],[[[39.95,43.73],[39.96,43.8],[40.04,43.8],[39.95,43.73]]],[[[33.61,45.1],[33.23,45.3],[33.92,44.97],[35.18,45.3],[35.13,44.91],[33.93,44.45],[33.55,44.65],[33.61,45.1]]],[[[30.88,46.68],[29.61,45.69],[31.08,47.01],[31.53,46.68],[30.88,46.68]]]]}},{"type":"Feature","properties":{"n":"Kingdom of Armenia","f":-188,"t":-127,"w":"Q208404"},"geometry":{"type":"MultiPolygon","coordinates":[[[[45.67,40.87],[45.52,40.48],[46.54,39.97],[47.05,39.77],[48.67,39.58],[48.8,38.09],[47.25,38.67],[46.12,38.48],[45.22,37.77],[45.25,36.93],[44.41,37.58],[40.57,38.03],[40.48,39.58],[38.74,39.58],[38.79,39.9],[40.4,40.1],[40.75,40.36],[40.57,40.68],[41.01,40.94],[41.36,40.68],[41.53,41.26],[42.25,41.26],[42.56,41.65],[45.12,41.33],[45.67,40.87]]],[[[47.08,39.9],[47.16,39.9],[47.14,39.84],[47.08,39.9]]],[[[46.93,39.97],[47.01,39.97],[47.0,39.9],[46.93,39.97]]]]}},{"type":"Feature","properties":{"n":"Kingdom of Cappadocia","f":-188,"t":-127,"w":"Q29654286"},"geometry":{"type":"Polygon","coordinates":[[[39.38,38.48],[39.18,38.16],[36.35,38.03],[33.99,37.13],[33.65,37.64],[33.59,38.55],[34.48,38.8],[34.83,39.77],[38.75,39.06],[39.38,38.48]]]}},{"type":"Feature","properties":{"n":"Ptolemaic Kingdom","f":-188,"t":-171,"w":"Q2320005"},"geometry":{"type":"MultiPolygon","coordinates":[[[[24.89,31.98],[25.25,31.46],[26.85,31.46],[28.87,30.82],[30.97,31.66],[31.88,31.46],[32.0,31.08],[34.3,31.27],[34.54,30.5],[32.92,30.12],[32.43,29.6],[33.61,27.99],[34.74,25.42],[33.03,25.74],[32.16,26.39],[31.1,26.19],[30.62,25.36],[30.96,24.59],[30.18,23.69],[28.57,24.65],[28.15,27.35],[23.23,30.5],[20.58,30.89],[19.57,30.12],[18.81,30.05],[20.12,30.76],[20.02,32.24],[20.64,32.69],[22.11,32.94],[24.89,31.98]]],[[[34.54,30.5],[34.62,30.5],[34.61,30.44],[34.54,30.5]]],[[[34.09,35.0],[33.04,34.55],[32.23,34.94],[34.54,35.71],[34.09,35.0]]]]}},{"type":"Feature","properties":{"n":"Ankhwennefer","f":-188,"t":-171,"w":"Q489289"},"geometry":{"type":"Polygon","coordinates":[[[35.85,23.88],[31.67,23.75],[30.54,23.36],[30.25,23.62],[30.96,24.59],[30.62,25.36],[31.1,26.19],[32.16,26.39],[33.03,25.74],[34.74,25.42],[35.85,23.88]]]}},{"type":"Feature","properties":{"n":"Seleucid Empire","f":-188,"t":-171,"w":"Q705904"},"geometry":{"type":"Polygon","coordinates":[[[56.83,36.87],[58.45,36.42],[61.21,36.61],[61.3,35.58],[62.62,34.87],[64.19,34.61],[65.41,34.94],[66.56,34.55],[65.39,34.1],[64.69,32.94],[63.3,32.11],[60.24,28.25],[57.77,26.58],[57.53,25.74],[56.71,27.16],[54.68,26.45],[51.45,27.87],[50.06,30.18],[48.94,30.31],[48.09,29.54],[46.62,29.86],[46.59,30.31],[45.77,30.44],[43.15,32.81],[39.51,34.49],[37.07,33.26],[36.42,31.21],[35.35,31.14],[34.54,30.5],[34.3,31.27],[35.64,34.36],[36.05,34.55],[35.84,36.29],[36.29,36.8],[36.0,37.0],[37.2,36.61],[38.16,36.87],[37.64,37.71],[38.42,38.35],[39.18,38.16],[39.38,38.48],[44.41,37.58],[45.25,36.93],[45.22,35.64],[46.03,35.39],[48.77,35.13],[52.11,36.55],[56.83,36.87]]]}},{"type":"Feature","properties":{"n":"Atropatene","f":-188,"t":-171,"w":"Q260437"},"geometry":{"type":"Polygon","coordinates":[[[50.82,36.74],[52.11,36.55],[48.77,35.13],[45.22,35.64],[45.22,37.77],[46.12,38.48],[47.25,38.67],[50.82,36.74]]]}},{"type":"Feature","properties":{"n":"Rhodes","f":-188,"t":-171,"w":"Q43048"},"geometry":{"type":"MultiPolygon","coordinates":[[[[28.14,36.03],[27.74,35.9],[27.69,36.29],[28.09,36.48],[28.14,36.03]]],[[[26.87,36.67],[27.04,36.93],[27.19,36.8],[26.87,36.67]]],[[[29.24,36.22],[29.12,36.74],[28.03,36.67],[28.14,37.06],[27.22,37.32],[27.18,37.84],[28.45,38.09],[29.7,37.13],[29.57,36.48],[30.51,36.61],[29.24,36.22]]]]}},{"type":"Feature","properties":{"n":"Maurya Empire","f":-188,"t":-171,"w":"Q62943"},"geometry":{"type":"Polygon","coordinates":[[[85.21,27.93],[87.11,27.99],[88.29,27.16],[88.84,27.29],[89.07,26.9],[89.94,26.77],[89.96,23.94],[89.59,22.98],[89.87,21.82],[88.73,21.63],[88.64,22.08],[88.35,21.56],[88.1,21.95],[87.07,21.44],[87.03,20.6],[86.51,20.02],[86.14,20.6],[85.35,20.79],[82.86,19.25],[80.45,20.79],[78.84,19.7],[78.39,20.92],[77.31,21.24],[77.08,21.76],[77.43,25.04],[78.99,26.84],[77.99,27.99],[77.94,29.99],[79.33,31.14],[84.25,29.09],[85.21,27.93]]]}},{"type":"Feature","properties":{"n":"Greek City-States","f":-170,"t":-165,"w":"Q148837"},"geometry":{"type":"MultiPolygon","coordinates":[[[[25.68,35.13],[26.23,35.19],[24.82,35.0],[23.62,35.52],[25.68,35.13]]],[[[23.12,36.35],[23.11,36.16],[22.87,36.16],[23.12,36.35]]],[[[25.57,37.13],[25.56,37.0],[25.33,37.0],[25.57,37.13]]],[[[21.74,36.87],[21.7,37.51],[22.85,37.25],[23.06,36.67],[21.74,36.87]]],[[[24.36,37.71],[24.43,37.58],[24.27,37.51],[24.36,37.71]]],[[[25.22,37.71],[25.29,37.51],[25.05,37.51],[25.22,37.71]]],[[[20.93,37.9],[20.92,37.64],[20.61,37.71],[20.93,37.9]]],[[[24.77,38.03],[25.07,37.77],[24.83,37.71],[24.77,38.03]]],[[[21.24,37.84],[21.33,38.09],[21.64,37.9],[21.24,37.84]]],[[[20.57,38.42],[20.79,38.09],[20.32,38.16],[20.57,38.42]]],[[[23.56,38.74],[23.48,38.74],[23.49,38.8],[23.56,38.74]]],[[[24.67,38.93],[24.66,38.74],[24.36,38.87],[24.67,38.93]]],[[[23.49,38.87],[22.94,38.87],[23.31,38.48],[24.18,38.55],[23.98,37.84],[22.6,38.42],[21.19,38.42],[20.83,39.0],[21.64,39.38],[20.57,40.16],[20.91,40.61],[21.92,40.29],[23.14,39.45],[22.96,39.13],[23.49,38.87]]],[[[25.46,40.03],[25.45,39.84],[24.97,39.84],[25.46,40.03]]],[[[24.81,40.81],[24.79,40.61],[24.55,40.55],[24.81,40.81]]],[[[25.17,41.33],[25.25,41.33],[25.24,41.26],[25.17,41.33]]],[[[21.16,42.17],[21.27,41.39],[20.85,40.94],[20.4,41.46],[21.16,42.17]]],[[[3.85,43.6],[2.98,43.15],[3.04,41.85],[2.7,42.37],[2.74,43.21],[3.45,43.67],[4.73,43.86],[6.6,43.28],[3.85,43.6]]],[[[69.45,28.32],[69.47,28.38],[69.54,28.38],[69.45,28.32]]],[[[66.54,31.08],[66.55,31.14],[66.63,31.14],[66.54,31.08]]],[[[67.35,32.11],[67.5,32.11],[67.49,32.04],[67.35,32.11]]],[[[35.49,36.61],[34.58,36.87],[33.98,36.29],[32.71,36.03],[31.76,36.67],[33.1,36.8],[36.35,38.03],[37.76,38.09],[37.64,37.71],[38.18,37.0],[37.2,36.61],[35.98,36.87],[35.49,36.61]]],[[[26.22,38.55],[26.11,38.16],[25.88,38.16],[26.22,38.55]]],[[[25.79,39.19],[26.04,39.38],[26.64,39.0],[25.79,39.19]]],[[[26.04,40.29],[26.02,40.16],[25.7,40.1],[26.04,40.29]]],[[[28.17,40.29],[27.7,40.29],[27.79,40.48],[28.17,40.29]]],[[[26.62,40.68],[24.35,41.0],[23.7,40.81],[23.74,40.23],[23.19,40.36],[23.39,40.87],[24.68,41.26],[26.5,41.07],[28.14,41.65],[29.37,41.2],[29.26,40.87],[27.53,41.07],[26.62,40.68]]],[[[31.36,41.26],[31.69,41.39],[31.59,41.2],[31.36,41.26]]],[[[27.19,42.63],[28.8,44.97],[28.48,43.47],[27.51,42.63],[27.92,41.91],[27.45,41.98],[27.19,42.63]],[[27.46,42.11],[27.46,42.04],[27.54,42.04],[27.46,42.11]]],[[[39.63,43.73],[41.41,42.89],[40.82,43.15],[39.63,43.73]]],[[[39.95,43.73],[39.96,43.8],[40.04,43.8],[39.95,43.73]]],[[[33.61,45.1],[33.23,45.3],[33.92,44.97],[35.18,45.3],[35.13,44.91],[33.93,44.45],[33.55,44.65],[33.61,45.1]]],[[[30.88,46.68],[29.61,45.69],[31.08,47.01],[31.53,46.68],[30.88,46.68]]]]}},{"type":"Feature","properties":{"n":"Kingdom of Pergamon","f":-170,"t":-165,"w":"Q2022162"},"geometry":{"type":"MultiPolygon","coordinates":[[[[26.3,37.58],[25.99,37.51],[26.08,37.71],[26.3,37.58]]],[[[27.01,37.64],[26.56,37.84],[26.64,37.84],[27.01,37.64]]],[[[29.94,40.55],[30.59,39.97],[31.38,39.97],[31.42,38.87],[33.59,38.55],[33.99,37.13],[33.1,36.8],[30.62,36.93],[29.88,36.42],[29.57,36.48],[29.7,37.13],[28.45,38.09],[27.18,37.84],[26.43,38.22],[26.38,38.67],[26.59,38.35],[27.08,38.55],[26.85,39.58],[26.13,39.51],[26.27,40.29],[29.94,40.55]]],[[[26.92,40.48],[26.77,40.55],[26.78,40.74],[27.1,40.74],[26.92,40.48]]],[[[26.23,40.74],[26.54,40.68],[26.07,40.68],[26.23,40.74]]]]}},{"type":"Feature","properties":{"n":"Minaeans","f":-170,"t":-165,"w":"Q1177379"},"geometry":{"type":"Polygon","coordinates":[[[39.88,22.4],[43.31,19.96],[45.21,15.91],[42.81,16.42],[40.85,19.7],[39.35,20.79],[39.14,22.53],[38.24,23.88],[38.7,24.07],[38.9,24.91],[38.31,26.26],[39.05,26.13],[40.28,24.33],[39.88,22.4]]]}},{"type":"Feature","properties":{"n":"Mahameghavahana Dynasty","f":-170,"t":-165,"w":"Q6733051"},"geometry":{"type":"Polygon","coordinates":[[[89.94,24.26],[90.67,23.69],[90.86,22.01],[88.73,21.63],[88.64,22.08],[88.35,21.56],[88.1,21.95],[87.07,21.44],[87.03,20.6],[86.42,19.89],[85.37,19.83],[84.38,18.41],[82.45,17.13],[82.38,16.55],[80.38,15.71],[80.24,14.43],[79.26,14.11],[78.78,14.49],[78.99,15.14],[76.69,15.65],[76.01,16.23],[76.08,16.87],[74.88,18.03],[73.07,17.71],[72.75,19.57],[73.4,20.02],[74.05,21.95],[75.49,22.79],[72.57,25.62],[72.22,27.29],[72.65,28.06],[75.34,29.15],[76.39,29.09],[77.96,28.64],[78.86,26.97],[80.45,25.74],[89.83,24.97],[89.94,24.26]]]}},{"type":"Feature","properties":{"n":"Molossians","f":-170,"t":-165,"w":"Q827399"},"geometry":{"type":"MultiPolygon","coordinates":[[[[20.15,39.58],[20.07,39.58],[20.07,39.64],[20.15,39.58]]],[[[20.3,39.45],[20.23,39.64],[20.08,39.71],[20.81,40.1],[21.09,39.58],[20.3,39.45]]]]}},{"type":"Feature","properties":{"n":"Roman Republic","f":-170,"t":-165,"w":"Q175881"},"geometry":{"type":"MultiPolygon","coordinates":[[[[2.87,42.11],[2.96,41.78],[0.7,40.94],[-0.35,39.71],[0.1,38.74],[-0.66,38.29],[-0.7,37.64],[-1.71,37.45],[-2.06,36.8],[-4.47,36.74],[-5.66,36.03],[-6.43,37.0],[-7.55,37.38],[-7.22,38.09],[-3.81,39.64],[-1.78,41.2],[-1.26,42.95],[2.0,41.98],[2.87,42.11]]],[[[9.59,39.13],[8.34,39.0],[8.15,40.94],[9.1,41.26],[9.82,40.74],[9.59,39.13]]],[[[9.58,41.98],[9.1,41.33],[8.62,41.72],[8.53,42.5],[9.25,43.02],[9.58,41.98]]],[[[-1.69,42.17],[-1.77,42.17],[-1.77,42.24],[-1.69,42.17]]],[[[10.13,42.89],[10.46,42.89],[10.46,42.69],[10.13,42.89]]],[[[-0.86,43.02],[-0.86,42.95],[-0.94,42.95],[-0.86,43.02]]],[[[14.34,36.03],[14.57,35.97],[14.57,35.77],[14.34,36.03]]],[[[20.83,39.06],[20.3,39.45],[21.09,39.58],[21.47,39.26],[20.83,39.06]]],[[[20.57,40.1],[20.07,39.64],[19.76,39.64],[20.01,39.97],[19.25,40.61],[19.47,41.98],[20.02,41.72],[19.81,40.74],[20.57,40.1]]],[[[13.67,43.41],[14.37,42.24],[16.12,41.91],[15.94,41.39],[18.44,40.16],[18.11,39.9],[17.35,40.55],[16.62,40.29],[16.45,39.64],[17.14,39.06],[15.93,37.96],[15.39,38.16],[15.05,36.74],[12.49,37.9],[15.86,38.29],[16.27,38.93],[15.75,40.03],[11.26,42.43],[10.13,44.06],[9.16,44.45],[8.19,44.06],[8.03,44.45],[8.9,45.63],[11.51,45.5],[13.15,46.22],[13.39,45.82],[12.16,45.5],[12.31,44.19],[13.67,43.41]]],[[[17.2,43.08],[17.19,42.89],[16.79,42.89],[17.2,43.08]]]]}},{"type":"Feature","properties":{"n":"Yuezhi","f":-170,"t":-145,"w":"Q467985"},"geometry":{"type":"Polygon","coordinates":[[[73.93,39.97],[71.88,41.91],[70.71,42.24],[73.25,45.5],[75.05,44.06],[75.2,43.15],[76.21,42.43],[76.18,41.91],[77.37,41.46],[77.37,41.0],[73.93,39.97]]]}},{"type":"Feature","properties":{"n":"Kingdom of Pontus","f":-170,"t":-127,"w":"Q7380487"},"geometry":{"type":"Polygon","coordinates":[[[41.24,41.39],[41.35,41.13],[40.57,40.68],[40.75,40.36],[40.4,40.1],[38.79,39.9],[38.75,39.06],[34.83,39.77],[34.33,41.52],[32.31,41.2],[32.11,41.59],[35.12,42.04],[36.21,41.26],[40.37,40.94],[41.24,41.39]]]}},{"type":"Feature","properties":{"n":"Rhodes","f":-170,"t":-165,"w":"Q43048"},"geometry":{"type":"MultiPolygon","coordinates":[[[[28.14,36.03],[27.74,35.9],[27.69,36.29],[28.09,36.48],[28.14,36.03]]],[[[26.87,36.67],[27.04,36.93],[27.19,36.8],[26.87,36.67]]],[[[29.24,36.22],[29.12,36.74],[28.03,36.67],[28.14,37.06],[27.22,37.32],[27.18,37.84],[28.45,38.09],[29.7,37.13],[29.57,36.48],[30.51,36.61],[29.24,36.22]]]]}},{"type":"Feature","properties":{"n":"Nanyue","f":-170,"t":-127,"w":"Q827040"},"geometry":{"type":"MultiPolygon","coordinates":[[[[119.53,25.62],[119.87,25.49],[119.27,25.49],[118.76,24.59],[118.15,24.52],[116.54,22.91],[114.64,22.72],[114.37,22.08],[113.6,22.72],[113.64,22.14],[110.42,21.18],[110.49,20.28],[109.88,20.21],[109.81,21.5],[108.65,21.69],[106.96,20.92],[105.97,19.83],[105.73,18.86],[107.03,17.26],[106.61,16.94],[105.14,18.41],[104.98,20.15],[104.44,20.47],[105.1,20.86],[104.98,22.4],[106.16,23.56],[109.38,24.39],[114.53,24.39],[115.23,26.39],[114.95,26.77],[115.26,28.89],[115.8,30.12],[118.04,29.54],[119.14,26.13],[119.78,26.0],[119.53,25.62]]],[[[106.08,23.56],[106.09,23.62],[106.17,23.62],[106.08,23.56]]]]}},{"type":"Feature","properties":{"n":"Atropatene","f":-170,"t":-165,"w":"Q260437"},"geometry":{"type":"Polygon","coordinates":[[[50.82,36.74],[52.11,36.55],[48.77,35.13],[45.22,35.64],[45.22,37.77],[46.12,38.48],[47.25,38.67],[50.82,36.74]]]}},{"type":"Feature","properties":{"n":"Seleucid Empire","f":-170,"t":-165,"w":"Q705904"},"geometry":{"type":"Polygon","coordinates":[[[56.83,36.87],[58.45,36.42],[61.21,36.61],[61.3,35.58],[62.62,34.87],[64.19,34.61],[65.41,34.94],[66.56,34.55],[65.39,34.1],[64.69,32.94],[63.3,32.11],[60.24,28.25],[57.77,26.58],[57.53,25.74],[56.71,27.16],[54.83,26.45],[51.6,27.8],[50.06,30.18],[48.94,30.31],[48.09,29.54],[46.62,29.86],[46.59,30.31],[45.77,30.44],[43.15,32.81],[40.7,34.16],[39.12,34.49],[36.9,33.07],[36.42,31.21],[35.35,31.14],[34.61,30.44],[32.44,29.79],[35.85,23.88],[31.67,23.75],[30.46,23.36],[28.57,24.65],[28.15,27.35],[25.74,28.96],[26.17,30.05],[27.37,31.21],[29.69,30.63],[30.0,30.76],[29.8,31.21],[30.97,31.66],[31.88,31.46],[32.0,31.08],[34.3,31.27],[35.64,34.36],[36.05,34.55],[35.84,36.29],[36.29,36.8],[36.0,37.0],[37.2,36.61],[38.16,36.87],[37.64,37.71],[38.42,38.35],[39.18,38.16],[39.38,38.48],[44.41,37.58],[45.25,36.93],[45.22,35.64],[46.03,35.39],[48.77,35.13],[53.09,36.8],[56.83,36.87]]]}},{"type":"Feature","properties":{"n":"Antigonid Macedonia","f":-170,"t":-165,"w":"Q237325"},"geometry":{"type":"Polygon","coordinates":[[[23.19,40.36],[22.57,40.55],[22.69,39.97],[22.14,39.9],[20.84,40.68],[21.41,42.3],[22.45,42.43],[23.89,41.26],[23.19,40.36]]]}},{"type":"Feature","properties":{"n":"Xiongnu","f":-170,"t":-165,"w":"Q188836"},"geometry":{"type":"MultiPolygon","coordinates":[[[[101.76,53.94],[106.41,52.79],[103.57,51.58],[104.07,51.45],[105.74,51.65],[107.1,52.45],[110.46,51.38],[115.82,50.98],[119.65,49.71],[121.1,50.18],[129.35,46.94],[129.89,46.68],[129.82,46.02],[125.51,41.33],[124.84,41.13],[122.93,41.91],[116.1,39.84],[114.8,40.36],[112.63,40.29],[111.49,38.8],[110.13,38.09],[108.3,36.03],[105.26,35.19],[105.95,35.77],[106.03,36.35],[102.61,37.13],[102.1,37.77],[101.76,37.51],[100.8,38.03],[100.41,38.61],[99.86,38.42],[99.12,39.26],[97.96,38.93],[96.76,39.45],[96.41,38.61],[95.32,39.38],[87.54,39.64],[81.66,41.0],[80.17,41.91],[80.29,42.82],[80.79,43.28],[80.41,44.71],[78.57,45.17],[77.83,45.96],[77.8,46.28],[78.97,46.35],[80.22,47.14],[82.69,50.91],[85.31,52.72],[89.06,53.66],[101.76,53.94]]],[[[77.72,46.28],[77.75,46.35],[77.83,46.35],[77.72,46.28]]],[[[109.49,51.78],[109.57,51.78],[109.52,51.71],[109.49,51.78]]]]}},{"type":"Feature","properties":{"n":"Ptolemaic Kingdom","f":-170,"t":-165,"w":"Q2320005"},"geometry":{"type":"MultiPolygon","coordinates":[[[[29.69,30.63],[29.41,30.95],[29.95,31.08],[29.69,30.63]]],[[[25.25,31.46],[27.37,31.27],[25.84,29.6],[25.74,28.96],[21.95,30.89],[20.58,30.89],[19.57,30.12],[18.81,30.05],[20.12,30.76],[20.02,32.24],[20.64,32.69],[22.11,32.94],[23.09,32.62],[23.15,32.24],[24.89,31.98],[25.25,31.46]]],[[[34.09,35.0],[33.04,34.55],[32.23,34.94],[34.54,35.71],[34.09,35.0]]]]}},{"type":"Feature","properties":{"n":"Wusun","f":-170,"t":-145,"w":"Q854062"},"geometry":{"type":"Polygon","coordinates":[[[77.45,41.0],[77.37,41.46],[76.18,41.91],[76.21,42.43],[75.2,43.15],[75.05,44.06],[74.03,44.78],[74.32,45.96],[75.53,46.55],[77.39,46.48],[78.57,45.17],[80.41,44.71],[80.79,43.28],[80.14,42.04],[77.45,41.0]]]}},{"type":"Feature","properties":{"n":"Greco-Bactrian Kingdom","f":-170,"t":-165,"w":"Q488880"},"geometry":{"type":"MultiPolygon","coordinates":[[[[67.56,33.84],[67.58,33.91],[67.65,33.91],[67.56,33.84]]],[[[73.93,39.97],[73.49,38.55],[71.7,36.61],[71.99,35.32],[73.47,34.42],[75.54,34.1],[76.46,32.24],[79.42,31.21],[77.94,29.99],[77.96,28.64],[75.34,29.15],[73.35,28.19],[70.72,27.74],[68.72,28.89],[67.26,29.22],[66.57,29.99],[66.54,31.08],[68.39,33.07],[68.52,33.65],[67.39,34.1],[66.99,34.04],[66.14,34.74],[63.28,34.68],[61.3,35.58],[61.16,36.35],[61.47,36.74],[60.87,37.19],[60.32,38.87],[60.71,39.51],[64.02,40.1],[68.69,41.91],[71.05,42.3],[73.93,39.97]]]]}},{"type":"Feature","properties":{"n":"Shunga Empire","f":-170,"t":-165,"w":"Q651377"},"geometry":{"type":"Polygon","coordinates":[[[85.21,27.93],[87.11,27.99],[88.29,27.16],[88.84,27.29],[89.07,26.9],[89.94,26.77],[89.84,25.04],[81.17,25.55],[79.69,26.13],[78.06,28.38],[77.94,29.99],[79.41,31.14],[84.25,29.09],[85.21,27.93]]]}},{"type":"Feature","properties":{"n":"Minaeans","f":-164,"t":-67,"w":"Q1177379"},"geometry":{"type":"Polygon","coordinates":[[[39.88,22.4],[43.31,19.96],[45.21,15.91],[42.81,16.42],[40.85,19.7],[39.35,20.79],[39.14,22.53],[38.24,23.88],[38.7,24.07],[38.9,24.91],[38.23,26.19],[38.77,26.39],[40.28,24.33],[39.88,22.4]]]}},{"type":"Feature","properties":{"n":"Kingdom of Pergamon","f":-164,"t":-145,"w":"Q2022162"},"geometry":{"type":"MultiPolygon","coordinates":[[[[26.3,37.58],[25.99,37.51],[26.08,37.71],[26.3,37.58]]],[[[27.01,37.64],[26.56,37.84],[26.64,37.84],[27.01,37.64]]],[[[29.94,40.55],[30.59,39.97],[31.38,39.97],[31.42,38.87],[33.59,38.55],[33.99,37.13],[33.1,36.8],[30.62,36.93],[29.72,36.42],[29.7,37.13],[28.45,38.09],[27.18,37.84],[26.43,38.22],[26.38,38.67],[26.59,38.35],[27.08,38.55],[26.85,39.58],[26.13,39.51],[26.27,40.29],[29.94,40.55]]],[[[26.92,40.48],[26.77,40.55],[26.78,40.74],[27.1,40.74],[26.92,40.48]]],[[[26.23,40.74],[26.54,40.68],[26.07,40.68],[26.23,40.74]]]]}},{"type":"Feature","properties":{"n":"Greek City-States","f":-164,"t":-145,"w":"Q148837"},"geometry":{"type":"MultiPolygon","coordinates":[[[[24.3,35.32],[26.23,35.19],[23.68,35.26],[23.62,35.52],[24.3,35.32]]],[[[23.12,36.35],[23.11,36.16],[22.87,36.16],[23.12,36.35]]],[[[21.74,36.87],[21.7,37.51],[22.85,37.25],[23.06,36.67],[21.74,36.87]]],[[[24.36,37.71],[24.43,37.58],[24.27,37.51],[24.36,37.71]]],[[[25.22,37.71],[25.29,37.51],[25.05,37.51],[25.22,37.71]]],[[[20.93,37.9],[20.92,37.64],[20.61,37.71],[20.93,37.9]]],[[[24.77,38.03],[25.07,37.77],[24.83,37.71],[24.77,38.03]]],[[[21.24,37.84],[21.33,38.09],[21.64,37.9],[21.24,37.84]]],[[[20.57,38.42],[20.79,38.09],[20.32,38.16],[20.57,38.42]]],[[[23.56,38.74],[23.48,38.74],[23.49,38.8],[23.56,38.74]]],[[[24.67,38.93],[24.66,38.74],[24.36,38.87],[24.67,38.93]]],[[[25.46,40.03],[25.45,39.84],[24.97,39.84],[25.46,40.03]]],[[[20.92,40.68],[20.5,41.72],[22.45,42.43],[24.35,41.0],[23.7,40.81],[23.74,40.23],[22.57,40.55],[22.61,39.9],[23.14,39.45],[22.8,39.06],[23.49,38.87],[22.94,38.74],[24.03,38.67],[23.98,37.84],[22.6,38.42],[21.19,38.42],[20.61,39.26],[21.32,39.38],[20.56,39.9],[20.92,40.68]]],[[[24.81,40.81],[24.79,40.61],[24.55,40.55],[24.81,40.81]]],[[[3.85,43.6],[2.98,43.15],[3.04,41.85],[2.7,42.37],[2.74,43.21],[3.45,43.67],[4.73,43.86],[6.6,43.28],[3.85,43.6]]],[[[69.53,28.32],[69.45,28.32],[69.47,28.38],[69.53,28.32]]],[[[66.54,31.08],[66.55,31.14],[66.63,31.14],[66.54,31.08]]],[[[25.57,37.13],[25.56,37.0],[25.33,37.0],[25.57,37.13]]],[[[35.49,36.61],[34.58,36.87],[33.98,36.29],[32.71,36.03],[31.76,36.67],[33.1,36.8],[36.35,38.03],[37.76,38.09],[37.64,37.71],[38.18,37.0],[37.2,36.61],[35.98,36.87],[35.49,36.61]]],[[[26.22,38.55],[26.11,38.16],[25.88,38.16],[26.22,38.55]]],[[[25.79,39.19],[26.04,39.38],[26.64,39.0],[25.79,39.19]]],[[[26.04,40.29],[26.02,40.16],[25.7,40.1],[26.04,40.29]]],[[[28.18,40.42],[28.17,40.29],[27.7,40.29],[28.18,40.42]]],[[[29.18,40.87],[29.04,41.13],[29.37,41.2],[29.18,40.87]]],[[[31.36,41.26],[31.69,41.39],[31.59,41.2],[31.36,41.26]]],[[[39.63,43.73],[41.41,42.89],[40.82,43.15],[39.63,43.73]]],[[[27.19,42.63],[28.8,44.97],[28.48,43.47],[27.51,42.63],[27.93,41.98],[27.19,42.63]]],[[[39.95,43.73],[39.96,43.8],[40.04,43.8],[39.95,43.73]]],[[[33.61,45.1],[33.23,45.3],[33.92,44.97],[35.18,45.3],[35.13,44.91],[33.93,44.45],[33.47,44.65],[33.61,45.1]]],[[[31.53,46.68],[30.88,46.68],[29.61,45.69],[30.46,46.61],[31.57,46.94],[31.53,46.68]]]]}},{"type":"Feature","properties":{"n":"Achaean League","f":-164,"t":-145,"w":"Q244796"},"geometry":{"type":"Polygon","coordinates":[[[21.62,37.51],[21.42,38.16],[21.74,38.42],[22.66,37.96],[23.22,38.16],[23.34,37.51],[21.62,37.51]]]}},{"type":"Feature","properties":{"n":"Carthage","f":-164,"t":-145,"w":"Q2429397"},"geometry":{"type":"Polygon","coordinates":[[[11.08,35.0],[10.0,34.29],[8.92,35.52],[8.75,37.0],[9.6,37.32],[10.23,37.25],[10.46,36.74],[11.01,37.0],[10.46,36.42],[11.08,35.0]]]}},{"type":"Feature","properties":{"n":"Roman Republic","f":-164,"t":-145,"w":"Q175881"},"geometry":{"type":"MultiPolygon","coordinates":[[[[14.34,35.84],[14.34,36.03],[14.57,35.97],[14.34,35.84]]],[[[2.87,42.11],[2.96,41.78],[0.7,40.94],[-0.13,40.03],[-0.31,39.13],[0.1,38.74],[-0.66,38.29],[-0.7,37.64],[-1.71,37.45],[-2.06,36.8],[-4.47,36.74],[-5.66,36.03],[-6.43,37.0],[-7.55,37.38],[-7.22,38.09],[-3.81,39.64],[-1.78,41.2],[-1.26,42.95],[2.4,41.91],[2.87,42.11]]],[[[9.59,39.13],[8.34,39.0],[8.15,40.94],[9.5,41.2],[9.82,40.36],[9.59,39.13]]],[[[9.58,41.98],[9.1,41.33],[8.62,41.72],[8.53,42.5],[9.25,43.02],[9.58,41.98]]],[[[-1.69,42.17],[-1.77,42.17],[-1.77,42.24],[-1.69,42.17]]],[[[10.13,42.89],[10.46,42.89],[10.46,42.69],[10.13,42.89]]],[[[-0.86,42.95],[-0.94,42.95],[-0.94,43.02],[-0.86,42.95]]],[[[14.27,44.97],[14.51,44.91],[14.5,44.52],[14.27,44.97]]],[[[27.69,36.29],[28.25,36.48],[28.14,36.03],[27.74,35.9],[27.69,36.29]]],[[[27.19,36.8],[26.87,36.67],[27.04,36.93],[27.19,36.8]]],[[[29.24,36.22],[29.12,36.74],[28.03,36.67],[28.14,37.06],[27.22,37.32],[27.18,37.84],[28.45,38.09],[29.7,37.13],[29.57,36.48],[30.51,36.61],[29.24,36.22]]],[[[20.15,39.64],[20.15,39.58],[20.07,39.58],[20.15,39.64]]],[[[24.03,41.07],[23.75,41.52],[27.46,42.11],[29.04,41.07],[24.03,41.07]]],[[[15.81,44.78],[16.91,43.99],[21.08,42.24],[20.5,41.72],[20.92,40.68],[20.56,39.9],[21.31,39.26],[20.45,39.26],[20.15,39.71],[19.76,39.64],[20.01,39.97],[19.25,40.61],[19.54,41.78],[17.83,42.89],[17.51,42.76],[17.05,43.41],[15.37,43.86],[14.6,45.37],[13.78,44.91],[13.71,45.76],[12.16,45.5],[12.31,44.19],[13.67,43.41],[14.06,42.5],[14.92,41.98],[16.12,41.91],[15.94,41.39],[18.44,40.16],[18.11,39.9],[17.35,40.55],[16.62,40.29],[16.45,39.64],[17.14,39.06],[15.93,37.96],[15.39,38.16],[15.21,37.0],[14.66,36.74],[12.49,37.9],[15.86,38.29],[16.27,38.93],[15.75,40.03],[11.26,42.43],[10.13,44.06],[9.16,44.45],[8.19,44.06],[8.03,44.45],[8.9,45.63],[11.51,45.5],[12.9,46.22],[14.95,46.15],[15.99,45.5],[15.81,44.78]]]]}},{"type":"Feature","properties":{"n":"Nabataeans","f":-164,"t":-145,"w":"Q220594"},"geometry":{"type":"MultiPolygon","coordinates":[[[[37.07,26.9],[37.15,26.9],[37.15,26.84],[37.07,26.9]]],[[[38.06,27.03],[38.14,27.03],[38.13,26.97],[38.06,27.03]]],[[[37.84,27.16],[37.92,27.16],[37.91,27.09],[37.84,27.16]]],[[[35.87,29.99],[35.86,28.89],[36.4,28.06],[38.69,26.39],[38.15,26.19],[36.37,27.61],[34.59,28.06],[34.91,29.41],[34.35,27.74],[33.19,28.51],[32.6,29.92],[34.7,30.56],[35.51,31.21],[35.6,32.3],[36.55,32.62],[36.4,30.95],[35.87,29.99]]]]}},{"type":"Feature","properties":{"n":"Xiongnu","f":-164,"t":-145,"w":"Q188836"},"geometry":{"type":"MultiPolygon","coordinates":[[[[87.54,39.64],[81.17,41.2],[80.14,42.04],[80.79,43.28],[80.41,44.71],[78.57,45.17],[77.8,46.28],[78.97,46.35],[80.22,47.14],[82.69,50.91],[85.31,52.72],[89.06,53.66],[95.38,54.07],[101.76,53.94],[106.41,52.79],[103.57,51.58],[104.07,51.45],[105.74,51.65],[107.1,52.45],[110.46,51.38],[115.82,50.98],[119.65,49.71],[121.1,50.18],[129.89,46.68],[129.63,45.76],[125.51,41.33],[124.84,41.13],[122.93,41.91],[116.1,39.84],[114.8,40.36],[112.63,40.29],[111.49,38.8],[110.13,38.09],[108.3,36.03],[105.26,35.19],[105.95,35.77],[106.03,36.35],[102.61,37.13],[102.1,37.77],[101.76,37.51],[100.8,38.03],[100.41,38.61],[99.86,38.42],[99.12,39.26],[97.96,38.93],[96.76,39.45],[96.65,38.61],[94.51,39.51],[92.59,39.26],[87.54,39.64]]],[[[77.72,46.28],[77.75,46.35],[77.83,46.35],[77.72,46.28]]],[[[109.49,51.78],[109.57,51.78],[109.52,51.71],[109.49,51.78]]]]}},{"type":"Feature","properties":{"n":"Seleucid Empire","f":-164,"t":-145,"w":"Q705904"},"geometry":{"type":"Polygon","coordinates":[[[45.22,35.64],[48.71,35.19],[48.94,34.16],[48.65,33.26],[50.28,31.79],[49.97,31.21],[50.39,30.37],[49.59,29.99],[48.94,30.31],[48.09,29.54],[46.62,29.86],[46.59,30.31],[45.77,30.44],[43.15,32.81],[39.51,34.49],[37.99,33.97],[36.69,32.49],[34.9,32.11],[35.51,31.21],[34.55,30.56],[34.3,31.34],[35.64,34.36],[36.05,34.55],[35.84,36.29],[36.29,36.8],[36.0,37.0],[37.2,36.61],[38.16,36.87],[37.76,38.09],[39.18,38.16],[39.38,38.48],[44.41,37.58],[45.25,36.93],[45.22,35.64]]]}},{"type":"Feature","properties":{"n":"Greco-Bactrian Kingdom","f":-164,"t":-145,"w":"Q488880"},"geometry":{"type":"MultiPolygon","coordinates":[[[[67.56,33.84],[67.58,33.91],[67.65,33.91],[67.56,33.84]]],[[[73.93,39.97],[73.49,38.55],[71.7,36.61],[71.99,35.32],[73.47,34.42],[75.54,34.1],[76.46,32.24],[79.42,31.21],[77.94,29.99],[78.02,26.9],[77.69,26.71],[76.47,27.03],[75.49,29.15],[73.35,28.19],[70.72,27.74],[68.72,28.89],[67.12,29.28],[66.57,29.99],[66.54,31.08],[68.39,33.07],[68.52,33.65],[67.39,34.1],[66.99,34.04],[66.34,35.26],[65.64,35.58],[65.39,36.87],[65.72,37.58],[63.94,40.1],[67.55,41.59],[71.05,42.3],[73.93,39.97]]]]}},{"type":"Feature","properties":{"n":"Satavahana Dynasty","f":-164,"t":-145,"w":"Q5257"},"geometry":{"type":"Polygon","coordinates":[[[85.37,19.83],[84.38,18.41],[82.45,17.13],[82.38,16.55],[80.38,15.71],[80.24,14.43],[79.26,14.11],[78.78,14.49],[78.99,15.14],[76.28,15.97],[76.08,16.87],[74.88,18.03],[73.14,17.64],[72.73,19.38],[73.4,20.02],[74.05,21.95],[75.47,22.66],[76.6,22.72],[77.1,22.59],[77.31,21.24],[78.39,20.92],[78.84,19.7],[79.78,20.15],[80.16,20.79],[82.78,19.25],[85.35,20.79],[86.14,20.6],[86.43,19.96],[85.37,19.83]]]}},{"type":"Feature","properties":{"n":"Shunga Empire","f":-164,"t":-145,"w":"Q651377"},"geometry":{"type":"Polygon","coordinates":[[[85.21,27.93],[87.11,27.99],[88.29,27.16],[88.84,27.29],[89.07,26.9],[89.94,26.77],[89.96,23.94],[89.59,22.98],[89.87,21.82],[88.73,21.63],[88.64,22.08],[88.35,21.56],[88.1,21.95],[87.07,21.44],[87.03,20.6],[86.51,20.02],[86.14,20.6],[85.35,20.79],[82.78,19.25],[80.45,20.79],[78.84,19.7],[78.39,20.92],[77.31,21.24],[77.08,21.76],[77.43,25.04],[78.98,26.77],[78.06,27.93],[77.94,29.99],[79.41,31.14],[84.25,29.09],[85.21,27.93]]]}},{"type":"Feature","properties":{"n":"Parthian Empire","f":-164,"t":-145,"w":"Q1986139"},"geometry":{"type":"Polygon","coordinates":[[[59.77,40.16],[59.77,39.84],[60.71,39.51],[63.94,40.1],[65.72,37.58],[65.4,36.22],[66.7,34.49],[65.39,34.1],[64.69,32.94],[62.73,31.46],[60.24,28.25],[57.77,26.58],[57.38,25.74],[56.71,27.16],[54.68,26.45],[51.45,27.87],[50.06,30.12],[50.39,30.37],[49.97,31.21],[50.28,31.79],[48.65,33.26],[48.94,34.16],[48.71,35.19],[45.22,35.64],[45.45,37.19],[45.17,37.45],[46.12,38.48],[47.25,38.67],[51.26,36.61],[54.03,36.87],[53.99,39.0],[53.14,39.45],[53.54,39.51],[53.5,40.03],[52.72,40.1],[52.89,40.87],[57.24,40.16],[58.33,40.42],[59.77,40.16]]]}},{"type":"Feature","properties":{"n":"Ptolemaic Kingdom","f":-164,"t":-127,"w":"Q2320005"},"geometry":{"type":"MultiPolygon","coordinates":[[[[24.89,31.98],[25.25,31.46],[26.85,31.46],[28.87,30.82],[30.97,31.66],[31.88,31.46],[32.0,31.08],[34.3,31.27],[34.55,30.56],[32.53,29.92],[32.43,29.6],[35.85,23.88],[31.67,23.75],[30.46,23.36],[28.57,24.65],[28.15,27.35],[26.85,28.44],[21.95,30.89],[20.58,30.89],[19.57,30.12],[18.81,30.05],[20.12,30.76],[20.02,32.24],[20.64,32.69],[22.11,32.94],[24.89,31.98]]],[[[34.09,35.0],[33.04,34.55],[32.23,34.94],[34.39,35.71],[34.09,35.0]]]]}},{"type":"Feature","properties":{"n":"Greco-Bactrian Kingdom","f":-144,"t":-127,"w":"Q488880"},"geometry":{"type":"MultiPolygon","coordinates":[[[[67.56,33.84],[67.58,33.91],[67.65,33.91],[67.56,33.84]]],[[[73.49,38.55],[71.89,37.0],[71.63,36.03],[72.12,35.19],[73.47,34.42],[75.54,34.1],[76.46,32.24],[79.42,31.21],[77.94,29.99],[78.02,26.9],[77.69,26.71],[76.47,27.03],[75.49,29.15],[73.35,28.19],[70.72,27.74],[68.72,28.89],[67.12,29.28],[66.57,29.99],[66.55,31.14],[68.55,33.46],[67.39,34.1],[66.99,34.04],[66.34,35.26],[65.64,35.58],[65.39,36.87],[65.72,37.58],[65.07,38.42],[65.27,39.77],[66.85,41.13],[67.98,41.2],[68.08,40.74],[69.1,40.16],[70.28,40.42],[71.78,40.16],[73.16,40.74],[73.68,40.42],[73.87,39.51],[73.49,38.55]]],[[[60.89,37.25],[60.97,37.25],[60.95,37.19],[60.89,37.25]]]]}},{"type":"Feature","properties":{"n":"Satavahana Dynasty","f":-144,"t":-92,"w":"Q5257"},"geometry":{"type":"Polygon","coordinates":[[[85.37,19.83],[84.38,18.41],[82.45,17.13],[82.38,16.55],[80.38,15.71],[80.24,14.43],[79.26,14.11],[78.78,14.49],[78.99,15.14],[76.28,15.97],[76.08,16.87],[74.88,18.03],[73.14,17.64],[72.73,19.38],[73.4,20.02],[74.05,21.95],[75.47,22.66],[76.6,22.72],[78.03,22.27],[79.44,20.99],[80.45,20.79],[82.78,19.25],[85.35,20.79],[86.14,20.6],[86.43,19.96],[85.37,19.83]]]}},{"type":"Feature","properties":{"n":"Shunga Empire","f":-144,"t":-92,"w":"Q651377"},"geometry":{"type":"Polygon","coordinates":[[[85.21,27.93],[87.11,27.99],[88.29,27.16],[88.84,27.29],[89.07,26.9],[89.94,26.77],[89.96,23.94],[89.59,22.98],[89.87,21.82],[88.73,21.63],[88.64,22.08],[88.35,21.56],[88.1,21.95],[87.07,21.44],[87.03,20.6],[86.51,20.02],[86.14,20.6],[85.35,20.79],[82.78,19.25],[77.1,22.59],[77.43,25.04],[78.98,26.77],[78.06,27.93],[77.94,29.99],[79.41,31.14],[84.25,29.09],[85.21,27.93]]]}},{"type":"Feature","properties":{"n":"Parthian Empire","f":-144,"t":-127,"w":"Q1986139"},"geometry":{"type":"Polygon","coordinates":[[[60.68,39.71],[60.37,38.42],[60.87,37.19],[61.54,36.67],[61.3,35.58],[62.3,35.19],[63.05,35.45],[63.14,35.84],[64.48,36.29],[64.93,37.19],[65.47,37.19],[65.64,35.58],[66.34,35.26],[66.7,34.49],[65.39,34.1],[64.69,32.94],[62.73,31.46],[60.24,28.25],[57.77,26.58],[57.53,25.74],[56.71,27.16],[54.68,26.45],[51.45,27.87],[50.06,30.18],[48.94,30.31],[48.09,29.54],[46.62,29.86],[46.59,30.31],[45.77,30.44],[43.42,32.49],[44.21,32.69],[43.97,33.2],[45.47,32.94],[46.05,33.33],[45.92,34.04],[47.82,32.81],[48.91,32.94],[48.59,33.39],[48.94,34.16],[48.71,35.19],[45.22,35.64],[45.22,37.77],[46.12,38.48],[47.25,38.67],[48.87,38.09],[49.09,37.51],[49.85,37.45],[50.53,36.87],[52.19,36.55],[54.03,36.87],[54.09,37.19],[53.99,39.0],[53.14,39.45],[53.54,39.51],[53.5,40.03],[52.72,40.1],[52.89,40.87],[57.24,40.16],[58.33,40.42],[60.68,39.71]]]}},{"type":"Feature","properties":{"n":"Nabataeans","f":-144,"t":-127,"w":"Q220594"},"geometry":{"type":"MultiPolygon","coordinates":[[[[37.07,26.9],[37.15,26.9],[37.15,26.84],[37.07,26.9]]],[[[38.06,27.03],[38.14,27.03],[38.13,26.97],[38.06,27.03]]],[[[37.84,27.16],[37.92,27.16],[37.91,27.09],[37.84,27.16]]],[[[35.87,29.99],[35.86,28.89],[36.4,28.06],[38.69,26.39],[38.15,26.19],[36.37,27.61],[34.59,28.06],[34.91,29.41],[34.35,27.74],[33.19,28.51],[32.6,29.92],[34.7,30.56],[35.51,31.21],[36.01,32.56],[36.55,32.62],[36.4,30.95],[35.87,29.99]]]]}},{"type":"Feature","properties":{"n":"Xiongnu","f":-144,"t":-127,"w":"Q188836"},"geometry":{"type":"MultiPolygon","coordinates":[[[[101.76,53.94],[106.41,52.79],[103.57,51.58],[104.07,51.45],[105.74,51.65],[107.1,52.45],[109.44,51.71],[110.46,51.38],[115.82,50.98],[119.65,49.71],[121.1,50.18],[129.35,46.94],[129.89,46.68],[129.82,46.02],[125.51,41.33],[124.84,41.13],[122.93,41.91],[116.1,39.84],[114.8,40.36],[112.63,40.29],[111.49,38.8],[110.13,38.09],[108.3,36.03],[105.26,35.19],[105.95,35.77],[106.03,36.35],[102.61,37.13],[102.1,37.77],[101.76,37.51],[100.8,38.03],[100.41,38.61],[99.86,38.42],[99.12,39.26],[97.96,38.93],[96.76,39.45],[96.41,38.61],[94.51,39.51],[92.85,39.32],[87.49,39.9],[85.51,39.9],[82.08,39.13],[79.06,39.26],[77.21,41.0],[77.37,41.46],[76.24,41.85],[76.21,42.43],[75.2,43.15],[75.05,44.06],[74.03,44.78],[74.32,45.96],[75.45,46.55],[78.97,46.35],[79.28,46.87],[74.41,46.81],[74.81,47.6],[76.42,48.85],[81.51,51.71],[89.06,53.66],[101.76,53.94]]],[[[109.44,51.71],[109.57,51.78],[109.52,51.71],[109.44,51.71]]]]}},{"type":"Feature","properties":{"n":"Seleucid Empire","f":-144,"t":-127,"w":"Q705904"},"geometry":{"type":"MultiPolygon","coordinates":[[[[35.51,31.21],[34.55,30.56],[34.3,31.27],[34.57,31.85],[35.51,31.21]]],[[[34.81,31.98],[34.77,32.36],[34.92,32.3],[34.81,31.98]]],[[[45.22,35.64],[46.03,35.39],[48.71,35.19],[48.94,34.16],[48.59,33.39],[48.91,32.94],[47.82,32.81],[45.92,34.04],[46.05,33.33],[45.47,32.94],[43.97,33.2],[44.21,32.69],[43.35,32.56],[40.85,34.1],[39.12,34.49],[37.07,33.26],[36.69,32.49],[36.01,32.56],[35.59,32.11],[35.36,32.11],[35.22,32.3],[34.92,32.3],[34.85,32.36],[35.64,34.36],[36.05,34.55],[35.84,36.29],[36.29,36.8],[36.0,37.0],[37.2,36.61],[38.16,36.87],[37.64,37.71],[38.42,38.35],[39.18,38.16],[39.38,38.48],[44.41,37.58],[45.25,36.93],[45.22,35.64]]]]}},{"type":"Feature","properties":{"n":"Yuezhi","f":-144,"t":-127,"w":"Q467985"},"geometry":{"type":"Polygon","coordinates":[[[73.93,39.97],[73.16,40.74],[71.78,40.16],[70.28,40.42],[69.1,40.16],[68.08,40.74],[67.98,41.2],[66.81,41.26],[70.71,42.24],[73.25,45.5],[75.05,44.06],[75.2,43.15],[76.21,42.43],[76.24,41.85],[77.37,41.46],[77.21,41.0],[73.93,39.97]]]}},{"type":"Feature","properties":{"n":"Indo-Scythians","f":-144,"t":-127,"w":"Q240123"},"geometry":{"type":"Polygon","coordinates":[[[65.07,38.42],[65.72,37.58],[65.47,37.19],[64.93,37.19],[64.48,36.29],[63.14,35.84],[63.05,35.45],[62.3,35.19],[61.3,35.58],[61.54,36.67],[60.66,37.64],[60.41,39.26],[66.87,41.2],[65.26,39.71],[65.07,38.42]]]}},{"type":"Feature","properties":{"n":"Judea","f":-144,"t":-127,"w":"Q104028"},"geometry":{"type":"Polygon","coordinates":[[[34.92,32.3],[35.83,32.24],[35.79,31.79],[34.8,31.85],[34.92,32.3]]]}},{"type":"Feature","properties":{"n":"Kingdom of Numidia","f":-144,"t":-111,"w":"Q156173"},"geometry":{"type":"MultiPolygon","coordinates":[[[[10.24,33.71],[12.23,32.81],[13.76,32.88],[15.21,32.36],[15.65,31.4],[18.0,30.89],[18.9,30.37],[18.81,29.99],[15.18,30.89],[13.83,32.11],[11.77,32.3],[9.63,33.14],[8.93,34.16],[7.61,34.55],[1.29,34.61],[-1.61,34.1],[-2.85,34.36],[-2.96,34.87],[1.22,36.55],[8.75,37.0],[8.92,35.52],[10.24,33.71]]],[[[2.53,34.42],[2.53,34.49],[2.61,34.49],[2.53,34.42]]]]}},{"type":"Feature","properties":{"n":"Roman Republic","f":-144,"t":-127,"w":"Q175881"},"geometry":{"type":"MultiPolygon","coordinates":[[[[11.08,35.0],[10.0,34.29],[8.92,35.52],[8.75,37.0],[9.76,37.32],[10.46,36.74],[11.01,37.0],[10.46,36.42],[11.08,35.0]]],[[[14.34,36.03],[14.57,35.97],[14.57,35.77],[14.34,36.03]]],[[[-3.81,39.64],[-1.78,41.2],[-1.26,42.95],[2.0,41.98],[2.87,42.11],[2.96,41.78],[0.7,40.94],[-0.35,39.71],[0.1,38.74],[-0.66,38.29],[-0.7,37.64],[-1.71,37.45],[-2.06,36.8],[-4.47,36.74],[-5.66,36.03],[-6.84,37.25],[-9.0,37.0],[-8.82,38.48],[-9.21,38.42],[-9.57,38.93],[-9.16,39.58],[-7.11,38.61],[-3.81,39.64]]],[[[9.59,39.13],[8.34,39.0],[8.15,40.94],[9.5,41.2],[9.59,39.13]]],[[[15.81,44.78],[16.91,43.99],[20.24,42.82],[21.08,42.17],[22.45,42.43],[23.67,41.52],[27.46,42.11],[29.04,41.07],[27.53,41.07],[26.78,40.68],[24.35,41.0],[23.7,40.81],[23.74,40.23],[22.57,40.55],[22.61,39.9],[23.14,39.45],[22.8,39.06],[23.49,38.87],[22.94,38.74],[24.18,38.55],[24.16,38.22],[23.31,38.35],[23.04,37.77],[23.4,37.32],[22.71,37.58],[23.06,36.67],[22.36,36.67],[22.22,37.06],[21.74,36.87],[21.7,37.51],[21.24,37.84],[21.74,38.35],[21.19,38.42],[20.15,39.71],[19.76,39.64],[20.01,39.97],[19.25,40.61],[19.54,41.78],[17.99,42.82],[17.51,42.76],[17.05,43.41],[15.93,43.47],[14.6,45.37],[13.78,44.91],[13.71,45.76],[13.14,45.82],[12.16,45.5],[12.31,44.19],[13.67,43.41],[14.37,42.24],[16.12,41.91],[15.94,41.39],[18.44,40.1],[18.11,39.9],[17.35,40.55],[16.62,40.29],[16.45,39.64],[17.14,39.06],[15.93,37.96],[15.39,38.16],[15.05,36.74],[14.66,36.74],[12.49,37.9],[15.86,38.29],[16.27,38.93],[15.75,40.03],[11.26,42.43],[10.13,44.06],[9.16,44.45],[8.11,44.06],[8.03,44.45],[8.9,45.63],[11.51,45.5],[12.9,46.22],[14.95,46.15],[15.99,45.5],[15.81,44.78]]],[[[9.58,41.98],[9.1,41.33],[8.62,41.72],[8.53,42.5],[9.25,43.02],[9.58,41.98]]],[[[-1.69,42.17],[-1.77,42.17],[-1.77,42.24],[-1.69,42.17]]],[[[10.46,42.89],[10.46,42.69],[10.21,42.69],[10.46,42.89]]],[[[-0.94,42.95],[-0.94,43.02],[-0.86,43.02],[-0.94,42.95]]],[[[14.27,44.97],[14.51,44.91],[14.5,44.52],[14.27,44.97]]],[[[27.69,36.29],[28.25,36.48],[28.14,36.03],[27.74,35.9],[27.69,36.29]]],[[[22.89,36.42],[23.12,36.35],[23.11,36.16],[22.89,36.42]]],[[[27.19,36.8],[26.87,36.67],[27.04,36.93],[27.19,36.8]]],[[[29.24,36.22],[29.12,36.74],[28.03,36.67],[28.14,37.06],[27.22,37.32],[27.18,37.84],[28.45,38.09],[29.7,37.13],[29.57,36.48],[30.51,36.55],[29.24,36.22]]],[[[20.62,37.9],[20.93,37.9],[20.92,37.64],[20.62,37.9]]],[[[20.57,38.42],[20.79,38.09],[20.32,38.16],[20.57,38.42]]],[[[23.56,38.74],[23.48,38.74],[23.49,38.8],[23.56,38.74]]],[[[20.15,39.64],[20.15,39.58],[20.07,39.58],[20.15,39.64]]],[[[25.46,40.03],[25.45,39.84],[24.97,39.84],[25.46,40.03]]]]}},{"type":"Feature","properties":{"n":"Kingdom of Pergamon","f":-144,"t":-127,"w":"Q2022162"},"geometry":{"type":"MultiPolygon","coordinates":[[[[26.3,37.58],[25.99,37.51],[26.08,37.71],[26.3,37.58]]],[[[27.01,37.64],[26.56,37.84],[26.64,37.84],[27.01,37.64]]],[[[29.94,40.55],[30.59,39.97],[31.38,39.97],[31.42,38.87],[33.59,38.55],[33.99,37.13],[33.1,36.8],[30.62,36.93],[29.72,36.42],[29.7,37.13],[28.45,38.09],[27.18,37.84],[26.43,38.22],[26.38,38.67],[26.59,38.35],[27.08,38.55],[26.85,39.58],[26.13,39.51],[26.27,40.29],[29.94,40.55]]],[[[26.92,40.48],[26.77,40.55],[26.78,40.74],[27.1,40.74],[26.92,40.48]]],[[[26.23,40.74],[26.54,40.68],[26.07,40.68],[26.23,40.74]]]]}},{"type":"Feature","properties":{"n":"Paphlagonia","f":-144,"t":-127,"w":"Q622032"},"geometry":{"type":"Polygon","coordinates":[[[34.33,41.52],[34.57,40.23],[32.3,40.48],[32.14,41.13],[34.33,41.52]]]}},{"type":"Feature","properties":{"n":"Greek City-States","f":-144,"t":-127,"w":"Q148837"},"geometry":{"type":"MultiPolygon","coordinates":[[[[24.3,35.32],[26.23,35.19],[23.68,35.26],[23.62,35.52],[24.3,35.32]]],[[[25.34,37.13],[25.57,37.13],[25.56,37.0],[25.34,37.13]]],[[[24.36,37.71],[24.43,37.58],[24.27,37.51],[24.36,37.71]]],[[[25.22,37.71],[25.29,37.51],[25.05,37.51],[25.22,37.71]]],[[[24.77,38.03],[25.07,37.77],[24.83,37.71],[24.77,38.03]]],[[[23.31,38.35],[24.08,38.29],[23.98,37.84],[23.31,38.35]]],[[[25.82,38.48],[25.99,38.67],[26.22,38.55],[25.88,38.16],[25.82,38.48]]],[[[24.67,38.93],[24.66,38.74],[24.36,38.87],[24.67,38.93]]],[[[26.04,40.29],[26.02,40.16],[25.7,40.1],[26.04,40.29]]],[[[24.81,40.81],[24.79,40.61],[24.55,40.55],[24.81,40.81]]],[[[3.85,43.6],[2.98,43.15],[3.04,41.85],[2.7,42.37],[2.74,43.21],[3.45,43.67],[4.73,43.86],[6.59,43.41],[3.85,43.6]]],[[[35.49,36.61],[34.58,36.87],[33.98,36.29],[32.71,36.03],[31.76,36.67],[33.1,36.8],[36.35,38.03],[37.76,38.09],[37.64,37.71],[38.18,37.0],[37.2,36.61],[36.0,37.0],[35.49,36.61]]],[[[26.1,39.13],[25.79,39.19],[26.51,39.32],[26.64,39.0],[26.1,39.13]]],[[[28.18,40.42],[28.17,40.29],[27.7,40.29],[28.18,40.42]]],[[[29.18,40.87],[29.04,41.13],[29.37,41.2],[29.18,40.87]]],[[[31.51,41.2],[31.36,41.26],[31.69,41.39],[31.51,41.2]]],[[[39.63,43.73],[41.41,42.89],[40.82,43.15],[39.63,43.73]]],[[[27.19,42.63],[28.8,44.97],[28.48,43.47],[27.51,42.63],[27.93,41.98],[27.19,42.63]]],[[[40.03,43.73],[39.95,43.73],[39.96,43.8],[40.03,43.73]]],[[[33.61,45.1],[33.23,45.3],[33.92,44.97],[35.18,45.3],[35.13,44.91],[33.93,44.45],[33.47,44.65],[33.61,45.1]]],[[[31.53,46.68],[30.88,46.68],[29.61,45.69],[30.46,46.61],[31.57,46.94],[31.53,46.68]]]]}},{"type":"Feature","properties":{"n":"Parthian Empire","f":-126,"t":-111,"w":"Q1986139"},"geometry":{"type":"MultiPolygon","coordinates":[[[[51.21,25.49],[51.21,25.42],[51.13,25.42],[51.21,25.49]]],[[[50.46,26.26],[50.69,26.26],[50.65,25.87],[50.46,26.26]]],[[[60.68,39.71],[60.37,38.42],[61.58,36.16],[60.49,33.84],[60.89,33.52],[60.62,32.88],[61.03,31.34],[59.69,30.63],[59.88,28.32],[57.77,26.58],[57.53,25.74],[56.71,27.16],[54.68,26.45],[51.45,27.87],[50.06,30.18],[48.94,30.31],[47.85,29.41],[48.87,27.67],[50.13,26.77],[50.07,26.07],[50.65,25.1],[51.12,26.13],[51.7,25.87],[51.41,24.33],[51.91,24.01],[54.08,24.14],[56.48,26.39],[56.4,24.97],[56.79,24.33],[58.81,23.62],[59.27,22.91],[56.81,23.75],[56.09,24.84],[54.27,23.75],[51.88,23.69],[51.17,24.07],[51.32,25.87],[50.62,24.65],[49.67,25.87],[49.88,26.45],[48.55,27.48],[48.47,28.12],[47.65,28.96],[47.65,29.67],[46.62,29.86],[46.59,30.31],[45.77,30.44],[43.15,32.81],[40.55,34.16],[40.86,36.1],[43.57,37.71],[44.64,37.51],[45.25,36.93],[45.22,37.77],[46.12,38.48],[47.25,38.67],[51.26,36.61],[54.03,36.87],[53.99,39.0],[53.14,39.45],[53.54,39.51],[53.5,40.03],[52.72,40.1],[52.89,40.87],[57.24,40.16],[58.33,40.42],[60.68,39.71]]]]}},{"type":"Feature","properties":{"n":"Minyue","f":-126,"t":-111,"w":"Q1936158"},"geometry":{"type":"Polygon","coordinates":[[[119.53,25.62],[119.87,25.49],[119.27,25.49],[118.76,24.59],[118.15,24.52],[116.54,22.91],[114.75,22.53],[114.45,24.01],[115.23,26.39],[114.95,26.77],[115.26,28.89],[115.8,30.12],[118.04,29.54],[119.14,26.13],[119.65,26.07],[119.53,25.62]]]}},{"type":"Feature","properties":{"n":"Kingdom of Armenia","f":-126,"t":-111,"w":"Q208404"},"geometry":{"type":"MultiPolygon","coordinates":[[[[45.67,40.87],[45.52,40.48],[46.54,39.97],[47.05,39.77],[48.67,39.58],[48.8,38.09],[47.25,38.67],[46.12,38.48],[45.22,37.77],[45.25,36.93],[44.64,37.51],[40.57,38.03],[40.48,39.58],[38.74,39.58],[38.79,39.9],[40.4,40.1],[40.75,40.36],[40.57,40.68],[41.01,40.94],[41.36,40.68],[41.53,41.26],[42.25,41.26],[42.56,41.65],[45.12,41.33],[45.67,40.87]]],[[[47.08,39.9],[47.16,39.9],[47.14,39.84],[47.08,39.9]]],[[[46.93,39.97],[47.01,39.97],[47.0,39.9],[46.93,39.97]]]]}},{"type":"Feature","properties":{"n":"Kingdom of Cappadocia","f":-126,"t":-111,"w":"Q29654286"},"geometry":{"type":"Polygon","coordinates":[[[39.38,38.48],[39.18,38.16],[36.35,38.03],[32.8,36.93],[33.27,38.48],[34.48,38.8],[34.83,39.77],[38.75,39.06],[39.38,38.48]]]}},{"type":"Feature","properties":{"n":"Ptolemaic Kingdom","f":-126,"t":-111,"w":"Q2320005"},"geometry":{"type":"MultiPolygon","coordinates":[[[[24.89,31.98],[25.25,31.46],[26.85,31.46],[28.87,30.82],[30.97,31.66],[31.88,31.46],[32.0,31.08],[33.45,31.08],[32.43,29.6],[35.85,23.88],[31.67,23.75],[30.46,23.36],[28.57,24.65],[28.15,27.35],[26.85,28.44],[21.95,30.89],[20.58,30.89],[19.57,30.12],[18.81,30.05],[20.12,30.76],[20.02,32.24],[20.64,32.69],[22.11,32.94],[24.89,31.98]]],[[[34.09,35.0],[33.04,34.55],[32.23,34.94],[34.39,35.71],[34.09,35.0]]]]}},{"type":"Feature","properties":{"n":"Nabataeans","f":-126,"t":-92,"w":"Q220594"},"geometry":{"type":"MultiPolygon","coordinates":[[[[37.07,26.9],[37.15,26.9],[37.15,26.84],[37.07,26.9]]],[[[38.06,27.03],[38.14,27.03],[38.13,26.97],[38.06,27.03]]],[[[37.84,27.16],[37.92,27.16],[37.91,27.09],[37.84,27.16]]],[[[35.87,29.99],[35.86,28.89],[36.4,28.06],[38.69,26.39],[38.15,26.19],[36.37,27.61],[34.59,28.06],[34.91,29.41],[34.35,27.74],[33.19,28.51],[32.6,29.92],[33.45,31.08],[35.77,31.53],[35.85,32.43],[36.55,32.62],[36.4,30.95],[35.87,29.99]]]]}},{"type":"Feature","properties":{"n":"Xiongnu","f":-126,"t":-111,"w":"Q188836"},"geometry":{"type":"MultiPolygon","coordinates":[[[[101.76,53.94],[106.41,52.79],[103.57,51.58],[104.07,51.45],[105.74,51.65],[107.1,52.45],[109.44,51.71],[110.46,51.38],[115.82,50.98],[119.65,49.71],[121.1,50.18],[129.35,46.94],[129.89,46.68],[129.82,46.02],[123.8,39.77],[121.03,38.74],[121.69,39.38],[121.28,39.64],[122.23,40.48],[121.11,40.87],[121.02,41.26],[116.1,39.84],[114.04,40.42],[109.74,40.36],[108.2,39.97],[107.29,38.55],[109.27,37.58],[108.3,36.03],[105.26,35.19],[105.95,35.77],[106.03,36.35],[102.61,37.13],[102.1,37.77],[101.76,37.51],[100.8,38.03],[100.41,38.61],[99.86,38.42],[99.12,39.26],[97.96,38.93],[96.76,39.45],[96.41,38.61],[94.51,39.51],[92.85,39.32],[87.49,39.9],[85.51,39.9],[82.08,39.13],[79.06,39.26],[77.21,41.0],[77.37,41.46],[76.24,41.85],[76.21,42.43],[75.2,43.15],[75.05,44.06],[74.03,44.78],[74.32,45.96],[75.45,46.55],[78.97,46.35],[79.28,46.87],[74.41,46.81],[74.81,47.6],[76.42,48.85],[81.51,51.71],[89.06,53.66],[101.76,53.94]]],[[[109.44,51.71],[109.57,51.78],[109.52,51.71],[109.44,51.71]]]]}},{"type":"Feature","properties":{"n":"Seleucid Empire","f":-126,"t":-111,"w":"Q705904"},"geometry":{"type":"Polygon","coordinates":[[[40.86,36.1],[40.55,34.16],[39.12,34.49],[37.07,33.26],[36.69,32.49],[35.85,32.43],[35.5,32.81],[34.85,32.36],[35.64,34.36],[36.05,34.55],[35.84,36.29],[36.29,36.8],[36.0,37.0],[37.2,36.61],[38.16,36.87],[37.64,37.71],[38.42,38.35],[43.57,37.71],[40.86,36.1]]]}},{"type":"Feature","properties":{"n":"Yuezhi","f":-126,"t":-111,"w":"Q467985"},"geometry":{"type":"Polygon","coordinates":[[[73.93,39.97],[73.49,38.55],[71.22,36.22],[70.01,36.67],[66.76,36.74],[66.23,35.45],[66.63,34.49],[64.85,35.19],[65.07,39.0],[65.88,40.81],[67.55,41.59],[70.71,42.24],[73.25,45.5],[75.05,44.06],[75.2,43.15],[76.21,42.43],[76.24,41.85],[77.37,41.46],[77.21,41.0],[73.93,39.97]]]}},{"type":"Feature","properties":{"n":"Nanyue","f":-126,"t":-111,"w":"Q827040"},"geometry":{"type":"MultiPolygon","coordinates":[[[[114.9,22.91],[114.53,22.14],[114.0,22.08],[113.6,22.72],[113.64,22.14],[110.42,21.18],[110.49,20.28],[109.88,20.21],[109.81,21.5],[108.65,21.69],[106.96,20.92],[105.97,19.83],[105.73,18.86],[107.03,17.26],[106.61,16.94],[105.14,18.41],[104.98,20.15],[104.44,20.47],[105.1,20.86],[104.98,22.4],[106.16,23.56],[107.15,24.07],[112.11,24.59],[113.83,24.59],[114.53,24.39],[114.9,22.91]]],[[[106.08,23.56],[106.09,23.62],[106.17,23.62],[106.08,23.56]]]]}},{"type":"Feature","properties":{"n":"Kingdom of Pontus","f":-126,"t":-111,"w":"Q7380487"},"geometry":{"type":"Polygon","coordinates":[[[41.24,41.39],[41.35,41.13],[40.57,40.68],[40.75,40.36],[40.4,40.1],[38.79,39.9],[38.75,39.06],[34.83,39.77],[34.48,38.8],[33.27,38.48],[32.55,36.8],[30.15,37.84],[31.39,38.48],[31.31,40.03],[32.3,40.42],[32.11,41.59],[32.63,41.91],[35.12,42.04],[36.21,41.26],[40.37,40.94],[41.24,41.39]]]}},{"type":"Feature","properties":{"n":"Indo-Scythians","f":-126,"t":-111,"w":"Q240123"},"geometry":{"type":"Polygon","coordinates":[[[64.85,35.19],[68.52,33.65],[68.39,33.07],[66.39,31.08],[65.54,31.46],[63.02,30.95],[61.04,31.4],[60.62,32.88],[60.89,33.52],[60.49,33.84],[61.58,36.16],[60.66,37.64],[60.41,39.26],[65.88,40.81],[65.14,38.67],[64.85,35.19]]]}},{"type":"Feature","properties":{"n":"Kingdom of Bithynia","f":-126,"t":-92,"w":"Q3762571"},"geometry":{"type":"Polygon","coordinates":[[[29.94,40.55],[28.73,40.36],[29.48,40.74],[29.37,41.2],[31.18,41.07],[32.12,41.65],[32.3,40.42],[30.59,39.97],[29.94,40.55]]]}},{"type":"Feature","properties":{"n":"Indo-Greeks","f":-126,"t":-111,"w":"Q215643"},"geometry":{"type":"MultiPolygon","coordinates":[[[[71.28,36.16],[71.65,35.19],[74.03,34.23],[75.54,34.1],[76.46,32.24],[79.42,31.21],[77.94,29.99],[78.02,26.9],[77.45,26.64],[76.47,27.03],[76.21,28.12],[75.34,29.15],[73.35,28.19],[70.72,27.74],[68.72,28.89],[67.12,29.28],[66.57,29.99],[66.53,31.01],[68.55,33.46],[66.67,34.36],[66.36,36.03],[66.76,36.74],[67.79,36.48],[69.41,36.74],[71.28,36.16]]],[[[72.88,35.77],[72.73,35.77],[72.84,35.9],[72.88,35.77]]],[[[60.89,37.25],[60.97,37.25],[60.95,37.19],[60.89,37.25]]]]}},{"type":"Feature","properties":{"n":"Judea","f":-126,"t":-111,"w":"Q104028"},"geometry":{"type":"Polygon","coordinates":[[[34.78,31.59],[34.77,32.36],[35.5,32.81],[35.9,32.24],[35.77,31.53],[34.3,31.27],[34.78,31.59]]]}},{"type":"Feature","properties":{"n":"Roman Republic","f":-126,"t":-111,"w":"Q175881"},"geometry":{"type":"MultiPolygon","coordinates":[[[[11.08,35.0],[10.0,34.29],[8.92,35.52],[8.75,37.0],[9.76,37.32],[10.46,36.74],[11.01,37.0],[10.46,36.42],[11.08,35.0]]],[[[14.57,35.97],[14.57,35.77],[14.34,35.84],[14.57,35.97]]],[[[20.93,37.9],[20.92,37.64],[20.61,37.71],[20.93,37.9]]],[[[20.49,38.42],[20.8,38.29],[20.79,38.09],[20.32,38.16],[20.49,38.42]]],[[[2.96,41.78],[0.7,40.94],[-0.35,39.71],[0.1,38.74],[-0.66,38.29],[-0.7,37.64],[-1.71,37.45],[-2.06,36.8],[-4.47,36.74],[-5.66,36.03],[-6.84,37.25],[-9.0,37.0],[-8.82,38.48],[-9.21,38.42],[-9.57,38.93],[-8.73,40.74],[-8.91,41.78],[-5.84,42.17],[-3.11,42.04],[-1.26,42.95],[2.96,41.78]]],[[[20.15,39.58],[20.07,39.58],[20.07,39.64],[20.15,39.58]]],[[[9.59,39.13],[8.34,39.0],[8.15,40.94],[9.5,41.2],[9.82,40.36],[9.59,39.13]]],[[[21.08,42.17],[22.45,42.43],[23.67,41.52],[27.46,42.11],[29.04,41.07],[27.53,41.07],[26.92,40.48],[24.35,41.0],[23.7,40.81],[23.74,40.23],[22.57,40.55],[22.61,39.9],[23.14,39.45],[22.8,39.06],[23.49,38.87],[22.94,38.74],[24.18,38.55],[24.16,38.22],[23.31,38.35],[23.04,37.77],[23.4,37.32],[22.71,37.58],[23.06,36.67],[22.36,36.67],[22.22,37.06],[21.74,36.87],[21.7,37.51],[21.24,37.84],[21.74,38.35],[21.19,38.42],[20.15,39.71],[19.76,39.64],[20.01,39.97],[19.25,40.61],[19.54,41.78],[17.99,42.82],[17.51,42.76],[17.05,43.41],[15.93,43.47],[14.6,45.37],[13.78,44.91],[13.71,45.76],[13.14,45.82],[12.16,45.5],[12.31,44.19],[13.67,43.41],[14.37,42.24],[16.12,41.91],[15.94,41.39],[18.44,40.1],[18.11,39.9],[17.35,40.55],[16.62,40.29],[16.45,39.64],[17.14,39.06],[15.93,37.96],[15.39,38.16],[15.05,36.74],[14.66,36.74],[12.49,37.9],[15.86,38.29],[16.27,38.93],[15.75,40.03],[11.26,42.43],[10.13,44.06],[9.16,44.45],[8.11,44.06],[8.03,44.45],[8.9,45.63],[11.51,45.5],[12.9,46.22],[14.95,46.15],[15.99,45.5],[15.81,44.78],[21.08,42.17]]],[[[9.1,41.33],[8.62,41.72],[8.53,42.5],[9.49,43.02],[9.58,41.98],[9.1,41.33]]],[[[10.46,42.89],[10.46,42.69],[10.21,42.69],[10.46,42.89]]],[[[-0.94,42.95],[-0.94,43.02],[-0.86,43.02],[-0.94,42.95]]],[[[14.51,44.91],[14.5,44.52],[14.26,44.58],[14.51,44.91]]],[[[27.69,36.29],[28.25,36.48],[28.14,36.03],[27.74,35.9],[27.69,36.29]]],[[[23.12,36.35],[23.11,36.16],[22.87,36.16],[23.12,36.35]]],[[[27.19,36.8],[26.87,36.67],[27.04,36.93],[27.19,36.8]]],[[[25.34,37.13],[25.57,37.13],[25.56,37.0],[25.34,37.13]]],[[[24.36,37.71],[24.43,37.58],[24.27,37.51],[24.36,37.71]]],[[[25.22,37.71],[25.29,37.51],[25.05,37.51],[25.22,37.71]]],[[[26.08,37.71],[26.31,37.71],[26.3,37.58],[26.08,37.71]]],[[[24.77,38.03],[25.07,37.77],[24.83,37.71],[24.77,38.03]]],[[[29.94,40.55],[30.59,39.97],[31.38,39.97],[31.39,38.48],[30.15,37.84],[30.74,37.38],[31.97,37.25],[32.24,36.8],[30.62,36.93],[30.49,36.35],[29.24,36.22],[29.12,36.74],[28.03,36.67],[28.07,37.13],[27.22,37.32],[27.28,38.03],[26.43,38.22],[26.46,38.67],[26.59,38.35],[27.08,38.55],[26.85,39.58],[26.13,39.51],[26.27,40.29],[29.94,40.55]]],[[[26.22,38.55],[26.11,38.16],[25.88,38.16],[26.22,38.55]]],[[[23.56,38.74],[23.48,38.74],[23.49,38.8],[23.56,38.74]]],[[[24.67,38.93],[24.66,38.74],[24.36,38.87],[24.67,38.93]]],[[[25.46,40.03],[25.45,39.84],[24.97,39.84],[25.46,40.03]]]]}},{"type":"Feature","properties":{"n":"Han Dynasty","f":-126,"t":-111,"w":"Q1068371"},"geometry":{"type":"MultiPolygon","coordinates":[[[[122.27,30.18],[122.28,29.99],[121.98,29.99],[122.27,30.18]]],[[[118.99,39.19],[117.89,39.19],[117.58,38.74],[118.07,38.16],[119.46,37.96],[119.16,37.19],[120.75,37.9],[122.71,37.45],[122.39,36.8],[120.98,36.61],[119.23,34.81],[120.34,34.36],[120.92,32.62],[121.99,31.85],[120.92,31.85],[122.0,31.08],[120.68,30.18],[121.48,30.31],[122.03,29.92],[121.94,29.22],[121.74,29.54],[121.57,29.47],[121.65,28.32],[121.12,28.32],[119.57,26.07],[119.14,26.13],[118.04,29.54],[115.98,30.18],[115.26,28.89],[114.95,26.77],[115.23,26.39],[114.53,24.39],[111.02,24.39],[111.97,26.84],[111.73,28.44],[110.44,28.96],[108.27,29.02],[104.62,28.38],[101.61,29.28],[100.67,30.24],[100.85,31.08],[102.16,32.56],[102.41,34.16],[108.3,36.03],[109.13,37.06],[109.18,37.71],[107.29,38.55],[108.2,39.97],[110.56,40.42],[114.04,40.42],[116.1,39.84],[121.02,41.26],[121.11,40.87],[120.5,40.23],[118.99,39.19]]]]}},{"type":"Feature","properties":{"n":"Greek City-States","f":-126,"t":-111,"w":"Q148837"},"geometry":{"type":"MultiPolygon","coordinates":[[[[24.3,35.32],[26.23,35.19],[23.68,35.26],[23.62,35.52],[24.3,35.32]]],[[[23.31,38.35],[24.08,38.29],[23.98,37.84],[23.31,38.35]]],[[[26.1,39.13],[25.79,39.19],[26.51,39.32],[26.64,39.0],[26.1,39.13]]],[[[25.72,40.29],[26.04,40.29],[26.02,40.16],[25.72,40.29]]],[[[28.18,40.42],[28.17,40.29],[27.7,40.29],[28.18,40.42]]],[[[24.49,40.81],[24.81,40.81],[24.79,40.61],[24.49,40.81]]],[[[29.37,41.2],[29.18,40.87],[29.04,41.13],[29.37,41.2]]],[[[3.85,43.6],[2.98,43.15],[3.04,41.85],[2.7,42.37],[2.74,43.21],[3.45,43.67],[4.73,43.86],[6.59,43.41],[3.85,43.6]]],[[[27.61,41.98],[27.19,42.63],[28.8,44.97],[28.48,43.47],[27.51,42.63],[27.94,42.04],[27.61,41.98]]],[[[69.53,28.32],[69.45,28.32],[69.47,28.38],[69.53,28.32]]],[[[66.61,31.08],[66.54,31.08],[66.55,31.14],[66.61,31.08]]],[[[35.49,36.61],[34.58,36.87],[33.98,36.29],[32.71,36.03],[31.76,36.67],[33.1,36.8],[36.35,38.03],[37.76,38.09],[37.64,37.71],[38.18,37.0],[37.2,36.61],[36.0,37.0],[35.49,36.61]]],[[[31.51,41.2],[31.36,41.26],[31.69,41.39],[31.51,41.2]]],[[[40.42,43.15],[39.63,43.73],[41.41,42.89],[40.42,43.15]]],[[[40.03,43.73],[39.95,43.73],[39.96,43.8],[40.03,43.73]]],[[[33.61,45.1],[33.23,45.3],[33.92,44.97],[35.18,45.3],[35.13,44.91],[33.93,44.45],[33.47,44.65],[33.61,45.1]]],[[[31.53,46.68],[30.88,46.68],[29.61,45.69],[30.46,46.61],[31.57,46.94],[31.53,46.68]]]]}},{"type":"Feature","properties":{"n":"Indo-Greeks","f":-110,"t":-92,"w":"Q215643"},"geometry":{"type":"MultiPolygon","coordinates":[[[[76.26,32.36],[79.42,31.21],[77.94,29.99],[78.02,26.9],[77.45,26.64],[76.47,27.03],[76.21,28.12],[75.34,29.15],[73.35,28.19],[70.72,27.74],[68.72,28.89],[67.12,29.28],[66.57,29.99],[66.6,31.01],[70.23,32.75],[70.96,34.23],[73.93,34.42],[75.31,34.1],[76.26,32.36]]],[[[60.87,37.19],[60.89,37.25],[60.97,37.25],[60.87,37.19]]]]}},{"type":"Feature","properties":{"n":"Judea","f":-110,"t":-92,"w":"Q104028"},"geometry":{"type":"Polygon","coordinates":[[[34.78,31.59],[34.77,32.36],[35.87,32.75],[35.77,31.53],[34.3,31.27],[34.78,31.59]]]}},{"type":"Feature","properties":{"n":"Kingdom of Sophene","f":-110,"t":-88,"w":"Q2626105"},"geometry":{"type":"Polygon","coordinates":[[[39.23,38.55],[38.81,38.93],[38.95,39.38],[40.48,39.58],[40.52,38.22],[39.23,38.55]]]}},{"type":"Feature","properties":{"n":"Kingdom of Numidia","f":-110,"t":-92,"w":"Q156173"},"geometry":{"type":"MultiPolygon","coordinates":[[[[12.23,32.81],[13.76,32.88],[15.21,32.36],[15.65,31.4],[18.0,30.89],[18.9,30.37],[18.81,29.99],[15.18,30.89],[13.83,32.11],[11.77,32.3],[9.63,33.14],[8.93,34.16],[7.61,34.55],[2.92,34.36],[2.45,34.61],[1.68,34.61],[1.75,34.74],[-1.61,34.1],[-2.85,34.36],[-2.96,34.87],[1.22,36.55],[8.75,37.0],[8.92,35.52],[10.01,33.91],[12.23,32.81]]],[[[2.53,34.49],[2.61,34.49],[2.61,34.42],[2.53,34.49]]]]}},{"type":"Feature","properties":{"n":"Roman Republic","f":-110,"t":-92,"w":"Q175881"},"geometry":{"type":"MultiPolygon","coordinates":[[[[11.08,35.0],[10.0,34.29],[8.92,35.52],[8.75,37.0],[9.76,37.32],[10.46,36.74],[11.01,37.0],[10.46,36.42],[11.08,35.0]]],[[[14.57,35.97],[14.57,35.77],[14.34,35.84],[14.57,35.97]]],[[[20.57,38.42],[20.79,38.09],[20.32,38.16],[20.57,38.42]]],[[[1.26,39.13],[1.65,39.13],[1.66,39.0],[1.27,38.8],[1.26,39.13]]],[[[20.15,39.58],[20.07,39.58],[20.07,39.64],[20.15,39.58]]],[[[2.35,39.45],[2.34,39.64],[3.19,39.97],[3.52,39.77],[3.3,39.32],[2.35,39.45]]],[[[4.22,40.1],[4.3,39.84],[3.83,39.9],[4.22,40.1]]],[[[9.59,39.13],[8.34,39.0],[8.15,40.94],[9.5,41.2],[9.82,40.36],[9.59,39.13]]],[[[21.08,42.17],[22.45,42.43],[23.67,41.52],[27.46,42.11],[29.04,41.07],[27.53,41.07],[26.92,40.48],[24.35,41.0],[23.7,40.81],[23.74,40.23],[22.57,40.55],[22.61,39.9],[23.14,39.45],[22.8,39.06],[23.49,38.87],[22.94,38.74],[24.18,38.55],[24.16,38.22],[23.31,38.35],[23.04,37.77],[23.4,37.32],[22.71,37.58],[23.06,36.67],[22.36,36.67],[22.22,37.06],[21.74,36.87],[21.7,37.51],[21.24,37.84],[21.74,38.35],[21.19,38.42],[20.15,39.71],[19.76,39.64],[20.01,39.97],[19.25,40.61],[19.54,41.78],[17.99,42.82],[17.51,42.76],[17.05,43.41],[15.93,43.47],[14.6,45.37],[13.78,44.91],[13.71,45.76],[13.14,45.82],[12.16,45.5],[12.31,44.19],[13.67,43.41],[14.37,42.24],[16.12,41.91],[15.94,41.39],[18.44,40.16],[18.11,39.9],[17.35,40.55],[16.62,40.29],[16.45,39.64],[17.14,39.06],[15.93,37.96],[15.39,38.16],[15.05,36.74],[12.49,37.9],[15.86,38.29],[16.27,38.93],[15.75,40.03],[11.26,42.43],[10.13,44.06],[9.16,44.45],[6.52,43.21],[3.85,43.6],[2.98,43.15],[3.12,41.91],[0.7,40.94],[-0.35,39.71],[0.1,38.74],[-0.66,38.29],[-0.7,37.64],[-1.71,37.45],[-2.06,36.8],[-4.47,36.74],[-5.66,36.03],[-6.84,37.25],[-9.0,37.0],[-8.82,38.48],[-9.55,38.74],[-8.73,40.74],[-8.91,41.78],[-5.84,42.17],[-3.11,42.04],[-1.26,42.95],[2.72,41.91],[2.74,43.21],[3.45,43.67],[6.67,43.6],[8.11,44.45],[8.58,45.5],[11.51,45.5],[12.9,46.22],[14.95,46.15],[15.99,45.5],[15.81,44.78],[21.08,42.17]]],[[[9.1,41.33],[8.62,41.72],[8.53,42.5],[9.49,43.02],[9.58,41.98],[9.1,41.33]]],[[[10.46,42.89],[10.46,42.69],[10.21,42.69],[10.46,42.89]]],[[[-0.94,42.95],[-0.94,43.02],[-0.86,43.02],[-0.94,42.95]]],[[[14.51,44.91],[14.5,44.52],[14.26,44.58],[14.51,44.91]]],[[[27.69,36.29],[28.25,36.48],[28.14,36.03],[27.74,35.9],[27.69,36.29]]],[[[23.12,36.35],[23.11,36.16],[22.87,36.16],[23.12,36.35]]],[[[27.19,36.8],[26.87,36.67],[27.04,36.93],[27.19,36.8]]],[[[25.57,37.13],[25.56,37.0],[25.33,37.0],[25.57,37.13]]],[[[24.36,37.71],[24.43,37.58],[24.27,37.51],[24.36,37.71]]],[[[25.22,37.71],[25.29,37.51],[25.05,37.51],[25.22,37.71]]],[[[26.31,37.71],[26.3,37.58],[25.99,37.51],[26.31,37.71]]],[[[20.62,37.9],[20.93,37.9],[20.92,37.64],[20.62,37.9]]],[[[24.77,38.03],[25.07,37.77],[24.83,37.71],[24.77,38.03]]],[[[29.94,40.55],[30.59,39.97],[31.38,39.97],[31.39,38.48],[30.15,37.84],[30.74,37.38],[31.97,37.25],[32.24,36.8],[30.62,36.93],[30.49,36.35],[29.24,36.22],[29.12,36.74],[28.03,36.67],[28.07,37.13],[27.22,37.32],[27.28,38.03],[26.43,38.22],[26.46,38.67],[26.59,38.35],[27.08,38.55],[26.85,39.58],[26.13,39.51],[26.27,40.29],[29.94,40.55]]],[[[26.22,38.55],[26.11,38.16],[25.88,38.16],[26.22,38.55]]],[[[23.56,38.74],[23.48,38.74],[23.49,38.8],[23.56,38.74]]],[[[24.67,38.93],[24.66,38.74],[24.36,38.87],[24.67,38.93]]],[[[25.46,40.03],[25.45,39.84],[24.97,39.84],[25.46,40.03]]]]}},{"type":"Feature","properties":{"n":"Himyarite Kingdom","f":-110,"t":-67,"w":"Q289577"},"geometry":{"type":"Polygon","coordinates":[[[46.16,14.43],[46.11,13.4],[45.05,12.76],[43.44,12.69],[42.89,15.07],[45.67,14.81],[46.16,14.43]]]}},{"type":"Feature","properties":{"n":"Mauretania","f":-110,"t":-92,"w":"Q309272"},"geometry":{"type":"Polygon","coordinates":[[[-2.84,35.45],[-2.95,34.61],[-2.46,34.16],[-7.53,32.94],[-8.47,33.26],[-6.61,34.16],[-5.88,35.77],[-5.34,35.84],[-4.75,35.19],[-2.84,35.45]]]}},{"type":"Feature","properties":{"n":"Korean Jin","f":-110,"t":-92,"w":"Q1155101"},"geometry":{"type":"Polygon","coordinates":[[[129.53,37.06],[129.52,35.52],[129.15,35.07],[128.53,35.07],[128.68,34.74],[128.08,34.94],[127.38,34.42],[127.22,34.74],[126.12,34.36],[126.77,35.9],[126.05,36.8],[126.68,37.13],[126.31,37.77],[127.18,38.93],[128.2,38.93],[129.53,37.06]]]}},{"type":"Feature","properties":{"n":"Greek City-States","f":-110,"t":-92,"w":"Q148837"},"geometry":{"type":"MultiPolygon","coordinates":[[[[25.68,35.13],[26.23,35.19],[24.82,35.0],[23.62,35.52],[25.68,35.13]]],[[[23.31,38.35],[24.08,38.29],[23.98,37.84],[23.31,38.35]]],[[[26.1,39.13],[25.79,39.19],[26.51,39.32],[26.64,39.0],[26.1,39.13]]],[[[25.72,40.29],[26.04,40.29],[26.02,40.16],[25.72,40.29]]],[[[28.18,40.42],[28.17,40.29],[27.7,40.29],[28.18,40.42]]],[[[24.49,40.81],[24.81,40.81],[24.79,40.61],[24.49,40.81]]],[[[5.38,43.6],[5.55,43.28],[5.07,43.41],[5.38,43.6]]],[[[27.61,41.98],[27.19,42.63],[28.8,44.97],[28.48,43.47],[27.51,42.63],[27.94,42.04],[27.61,41.98]]],[[[35.49,36.61],[34.58,36.87],[33.98,36.29],[32.71,36.03],[31.76,36.67],[33.1,36.8],[36.35,38.03],[37.76,38.09],[37.64,37.71],[38.18,37.0],[37.2,36.61],[36.0,37.0],[35.49,36.61]]],[[[29.37,41.2],[29.18,40.87],[29.04,41.13],[29.37,41.2]]],[[[31.51,41.2],[31.36,41.26],[31.69,41.39],[31.51,41.2]]],[[[40.42,43.15],[39.63,43.73],[41.41,42.89],[40.42,43.15]]],[[[40.03,43.73],[39.95,43.73],[39.96,43.8],[40.03,43.73]]],[[[33.61,45.1],[33.23,45.3],[33.92,44.97],[35.18,45.3],[35.13,44.91],[33.52,44.45],[33.61,45.1]]],[[[31.53,46.68],[30.88,46.68],[29.61,45.69],[31.08,47.01],[31.53,46.68]]]]}},{"type":"Feature","properties":{"n":"Cyrenaica","f":-110,"t":-92,"w":"Q165198"},"geometry":{"type":"Polygon","coordinates":[[[25.11,31.79],[24.85,29.47],[21.94,30.56],[18.81,30.05],[20.12,30.76],[20.02,32.24],[20.64,32.69],[22.11,32.94],[25.11,31.79]]]}},{"type":"Feature","properties":{"n":"Sabaeans","f":-110,"t":-67,"w":"Q940785"},"geometry":{"type":"Polygon","coordinates":[[[45.02,15.14],[42.82,15.07],[42.69,15.52],[42.81,16.42],[46.47,15.97],[45.02,15.14]]]}},{"type":"Feature","properties":{"n":"Han Dynasty","f":-110,"t":-92,"w":"Q1068371"},"geometry":{"type":"MultiPolygon","coordinates":[[[[108.76,18.41],[108.7,19.38],[109.25,19.96],[110.91,20.15],[111.03,19.57],[109.86,18.35],[108.76,18.41]]],[[[106.09,23.62],[106.17,23.62],[106.16,23.56],[106.09,23.62]]],[[[121.03,38.74],[121.69,39.38],[121.28,39.64],[122.23,40.48],[121.11,40.87],[119.22,39.32],[117.89,39.19],[117.58,38.74],[118.07,38.16],[119.46,37.96],[119.16,37.19],[120.75,37.9],[122.71,37.45],[122.39,36.8],[120.98,36.61],[119.23,34.81],[120.34,34.36],[120.92,32.62],[121.99,31.85],[120.89,31.79],[122.0,31.08],[120.68,30.18],[121.48,30.31],[122.03,29.92],[122.0,29.41],[121.71,29.22],[121.59,29.54],[121.65,28.32],[121.12,28.32],[119.59,26.13],[119.53,25.62],[119.87,25.49],[119.27,25.49],[118.76,24.59],[118.15,24.52],[116.54,22.91],[114.64,22.72],[114.37,22.08],[113.6,22.72],[113.64,22.14],[110.42,21.18],[110.49,20.28],[109.88,20.21],[109.81,21.5],[108.65,21.69],[106.96,20.92],[105.97,19.83],[105.73,18.86],[107.03,17.26],[106.61,16.94],[105.14,18.41],[104.98,20.15],[104.44,20.47],[105.1,20.86],[104.87,22.21],[106.16,23.56],[107.15,24.07],[111.01,24.33],[111.97,26.84],[111.96,28.19],[109.86,29.02],[107.65,28.96],[105.13,28.32],[101.16,29.54],[100.69,30.82],[102.16,32.56],[102.41,34.16],[103.48,34.36],[103.74,35.45],[103.36,36.87],[102.17,37.38],[102.1,37.77],[101.76,37.51],[100.41,38.61],[99.86,38.42],[99.12,39.26],[97.96,38.93],[96.76,39.45],[96.41,38.61],[94.51,39.51],[90.49,39.32],[91.15,40.55],[92.48,41.07],[93.69,40.74],[96.93,41.07],[101.21,39.71],[101.24,39.26],[102.04,38.93],[103.74,39.38],[104.08,39.26],[103.61,38.74],[105.51,38.61],[106.09,38.67],[107.2,39.71],[107.68,39.38],[108.2,39.97],[109.74,40.36],[114.6,40.42],[116.1,39.84],[122.93,41.91],[124.84,41.13],[124.41,40.29],[121.03,38.74]]],[[[121.98,29.99],[122.05,30.18],[122.27,30.18],[121.98,29.99]]],[[[103.24,39.32],[103.16,39.32],[103.22,39.45],[103.24,39.32]]]]}},{"type":"Feature","properties":{"n":"Kingdom of Cappadocia","f":-110,"t":-92,"w":"Q29654286"},"geometry":{"type":"Polygon","coordinates":[[[36.35,38.03],[32.8,36.93],[33.27,38.48],[34.48,38.8],[34.83,39.77],[38.17,39.38],[39.18,38.16],[36.35,38.03]]]}},{"type":"Feature","properties":{"n":"Kingdom of Armenia","f":-110,"t":-92,"w":"Q208404"},"geometry":{"type":"Polygon","coordinates":[[[38.79,39.9],[40.4,40.1],[40.75,40.36],[40.57,40.68],[41.01,40.94],[41.36,40.68],[41.53,41.26],[42.25,41.26],[42.56,41.65],[44.87,41.26],[44.5,39.58],[44.07,39.38],[44.36,38.74],[43.89,37.71],[40.57,38.03],[40.48,39.58],[38.74,39.58],[38.79,39.9]]]}},{"type":"Feature","properties":{"n":"Parthian Empire","f":-110,"t":-92,"w":"Q1986139"},"geometry":{"type":"MultiPolygon","coordinates":[[[[51.21,25.49],[51.21,25.42],[51.13,25.42],[51.21,25.49]]],[[[50.46,26.26],[50.69,26.26],[50.65,25.87],[50.46,26.26]]],[[[48.81,39.45],[49.09,37.51],[51.64,36.55],[54.03,36.87],[53.99,39.0],[53.14,39.45],[53.54,39.51],[53.5,40.03],[52.72,40.1],[52.89,40.87],[57.16,40.16],[58.33,40.42],[60.68,39.71],[60.37,38.42],[61.58,36.16],[60.49,33.84],[60.89,33.52],[60.62,32.88],[61.03,31.34],[59.69,30.63],[59.88,28.38],[57.77,26.58],[57.45,25.74],[56.71,27.16],[54.68,26.45],[51.45,27.87],[50.06,30.18],[48.94,30.31],[47.85,29.41],[48.87,27.67],[50.13,26.77],[50.07,26.07],[50.65,25.1],[51.12,26.13],[51.7,25.87],[51.41,24.33],[51.91,24.01],[54.08,24.14],[56.48,26.39],[56.4,24.97],[56.79,24.33],[58.81,23.62],[59.27,22.91],[56.81,23.75],[56.09,24.84],[54.27,23.75],[51.88,23.69],[51.17,24.07],[51.32,25.87],[50.62,24.65],[49.67,25.87],[49.88,26.45],[48.55,27.48],[48.47,28.12],[47.65,28.96],[47.65,29.67],[46.62,29.86],[46.59,30.31],[45.77,30.44],[43.15,32.81],[40.85,34.1],[39.51,34.49],[38.33,34.29],[37.76,38.09],[39.18,38.16],[39.38,38.48],[43.89,37.71],[44.36,38.74],[44.07,39.38],[44.5,39.58],[44.89,41.33],[45.67,40.87],[45.52,40.48],[47.05,39.77],[48.81,39.45]]],[[[47.14,39.84],[47.07,39.84],[47.08,39.9],[47.14,39.84]]],[[[47.0,39.9],[46.92,39.9],[46.93,39.97],[47.0,39.9]]]]}},{"type":"Feature","properties":{"n":"Ptolemaic Kingdom","f":-110,"t":-32,"w":"Q2320005"},"geometry":{"type":"MultiPolygon","coordinates":[[[[31.2,31.66],[32.0,31.08],[33.45,31.08],[32.43,29.6],[35.85,23.88],[31.67,23.75],[30.46,23.36],[28.57,24.65],[28.15,27.35],[24.85,29.41],[25.1,31.59],[28.87,30.82],[31.2,31.66]]],[[[34.09,35.0],[33.04,34.55],[32.23,34.94],[34.39,35.71],[34.09,35.0]]]]}},{"type":"Feature","properties":{"n":"Qataban","f":-110,"t":-67,"w":"Q748595"},"geometry":{"type":"Polygon","coordinates":[[[44.29,15.14],[45.86,15.52],[46.58,15.33],[46.34,15.01],[44.42,14.75],[44.29,15.14]]]}},{"type":"Feature","properties":{"n":"Yuezhi","f":-110,"t":-92,"w":"Q467985"},"geometry":{"type":"Polygon","coordinates":[[[74.03,40.03],[73.49,38.55],[71.25,36.35],[71.94,34.81],[71.48,34.16],[70.57,33.91],[69.74,34.29],[66.81,34.29],[64.85,35.19],[65.07,39.0],[65.88,40.81],[67.81,41.65],[68.9,41.33],[69.33,40.42],[68.96,39.97],[69.59,39.71],[71.07,39.9],[73.02,40.81],[74.03,40.03]]]}},{"type":"Feature","properties":{"n":"Kingdom of Pontus","f":-110,"t":-92,"w":"Q7380487"},"geometry":{"type":"Polygon","coordinates":[[[41.24,41.39],[41.35,41.13],[40.57,40.68],[40.75,40.36],[40.4,40.1],[38.79,39.9],[38.81,38.93],[39.28,38.29],[38.17,39.38],[34.83,39.77],[34.48,38.8],[33.27,38.48],[32.55,36.8],[30.15,37.84],[31.39,38.48],[31.31,40.03],[32.3,40.42],[32.11,41.59],[32.63,41.91],[35.12,42.04],[36.21,41.26],[40.37,40.94],[41.24,41.39]]]}},{"type":"Feature","properties":{"n":"Indo-Scythians","f":-110,"t":-92,"w":"Q240123"},"geometry":{"type":"Polygon","coordinates":[[[64.75,35.77],[65.09,34.87],[66.81,34.29],[69.74,34.29],[70.82,33.97],[70.87,33.52],[70.23,32.75],[66.53,31.01],[66.05,30.05],[64.17,28.32],[62.47,25.1],[57.45,25.74],[57.77,26.58],[59.88,28.38],[59.69,30.63],[61.03,31.34],[60.62,32.88],[60.89,33.52],[60.49,33.84],[61.58,36.16],[60.66,37.64],[60.41,39.26],[65.88,40.81],[65.14,38.67],[64.75,35.77]]]}},{"type":"Feature","properties":{"n":"Gojoseon","f":-110,"t":-92,"w":"Q28405"},"geometry":{"type":"Polygon","coordinates":[[[128.05,40.03],[127.55,39.71],[127.44,39.26],[127.76,39.13],[126.35,37.84],[124.9,37.9],[125.39,39.38],[124.34,39.9],[123.8,39.77],[124.84,41.13],[125.55,41.39],[127.38,40.74],[128.05,40.03]]]}},{"type":"Feature","properties":{"n":"Xiongnu","f":-110,"t":-92,"w":"Q188836"},"geometry":{"type":"MultiPolygon","coordinates":[[[[101.76,53.94],[106.41,52.79],[103.57,51.58],[104.07,51.45],[105.74,51.65],[107.1,52.45],[109.44,51.71],[110.46,51.38],[113.48,51.11],[114.14,50.65],[114.09,50.25],[112.0,48.32],[108.76,47.53],[107.5,46.68],[104.14,45.69],[103.06,44.78],[102.89,43.41],[101.25,42.11],[100.5,40.74],[99.62,40.03],[96.93,41.07],[93.69,40.74],[92.48,41.07],[91.15,40.55],[90.57,39.51],[85.51,39.9],[82.08,39.13],[79.86,39.06],[77.81,40.23],[77.13,41.0],[77.37,41.46],[76.16,41.85],[76.16,42.5],[75.81,42.43],[75.88,42.82],[74.79,43.8],[75.0,44.12],[73.97,44.84],[74.32,45.96],[75.45,46.55],[78.46,46.28],[79.25,46.61],[74.41,46.81],[74.94,47.73],[76.42,48.85],[80.65,51.38],[89.06,53.66],[101.76,53.94]]],[[[109.44,51.71],[109.57,51.78],[109.52,51.71],[109.44,51.71]]]]}},{"type":"Feature","properties":{"n":"Great Yuan","f":-110,"t":-64,"w":"Q7313"},"geometry":{"type":"Polygon","coordinates":[[[70.56,39.77],[68.96,39.97],[69.33,40.42],[68.9,41.33],[69.4,41.65],[71.63,41.65],[73.02,40.81],[70.56,39.77]]]}},{"type":"Feature","properties":{"n":"Seleucid Empire","f":-110,"t":-92,"w":"Q705904"},"geometry":{"type":"Polygon","coordinates":[[[37.07,33.26],[36.69,32.49],[35.5,32.81],[34.85,32.36],[35.64,34.36],[36.05,34.55],[35.84,36.29],[36.29,36.8],[36.0,37.0],[37.2,36.61],[38.16,36.87],[38.08,34.81],[38.48,34.23],[37.07,33.26]]]}}]}