{"type":"FeatureCollection","act":{"from":100,"to":200,"years_inclusive":[100,199]},"attribution":{"source":"Cliopatria v0.2.0 (Seshat Global History Databank)","release":"GitHub tag v0.2.0 — https://github.com/Seshat-Global-History-Databank/cliopatria/releases/tag/v0.2.0","release_archive_sha256":"04e9f0d8ecb1d18a0cbb7d37a0b963a2c0ca4ebc2935708d27cc5d5131e4d5b8","internal_label_note":"The payload self-identifies as \"cliopatria_polities_only_v012\"; cite the release tag, not that label.","licence":"CC BY 4.0 — https://creativecommons.org/licenses/by/4.0/","citation":"Bennett, J.S., Mutch, E., Tollefson, A. et al. (2025). Cliopatria — A geospatial database of world-wide political entities from 3400BCE to 2024CE. Scientific Data 12, 247. https://doi.org/10.1038/s41597-025-04516-9","changes_made":"Changes were made. Features filtered to those overlapping this act window; polygons simplified with Douglas-Peucker at 0.25 degrees (topology preserved), invalid geometries repaired, and coordinates snapped to a 0.01 degree grid (2 decimal places); properties reduced to Name (n), FromYear (f), ToYear (t) and Wikidata Q-ID (w)."},"features":[{"type":"Feature","properties":{"n":"Kingdom of Kush","f":-630,"t":337,"w":"Q241790"},"geometry":{"type":"Polygon","coordinates":[[[34.26,19.64],[36.05,16.81],[34.71,16.49],[34.68,15.78],[32.53,15.2],[31.73,15.59],[31.39,16.36],[30.54,23.36],[33.39,23.81],[33.82,23.49],[34.26,19.64]]]}},{"type":"Feature","properties":{"n":"Hadhramaut","f":-350,"t":183,"w":"Q1517159"},"geometry":{"type":"MultiPolygon","coordinates":[[[[49.63,14.69],[46.15,15.52],[46.55,16.16],[46.7,16.1],[50.12,16.61],[51.89,16.61],[51.07,15.46],[49.63,14.69]]],[[[46.63,16.16],[46.63,16.23],[46.71,16.23],[46.63,16.16]]]]}},{"type":"Feature","properties":{"n":"Early Cheras","f":-291,"t":298,"w":"Q877155"},"geometry":{"type":"Polygon","coordinates":[[[76.71,10.91],[77.41,10.21],[77.15,8.26],[76.55,8.92],[75.99,10.6],[76.71,10.91]]]}},{"type":"Feature","properties":{"n":"Early Pandyas","f":-291,"t":298,"w":"Q3532152"},"geometry":{"type":"Polygon","coordinates":[[[78.94,9.67],[79.15,9.26],[78.25,8.91],[77.84,8.17],[77.26,8.15],[77.44,10.19],[79.29,10.27],[78.94,9.67]]]}},{"type":"Feature","properties":{"n":"Early Cholas","f":-291,"t":298,"w":"Q3532146"},"geometry":{"type":"Polygon","coordinates":[[[79.85,10.27],[77.4,10.21],[76.68,10.94],[78.96,10.84],[79.83,11.36],[79.85,10.27]]]}},{"type":"Feature","properties":{"n":"Mayan City-States","f":-247,"t":259,"w":"Q28567"},"geometry":{"type":"Polygon","coordinates":[[[-88.14,16.81],[-88.82,15.97],[-88.38,15.39],[-88.82,14.24],[-89.57,13.72],[-91.5,13.98],[-93.32,15.52],[-91.66,18.09],[-90.21,18.29],[-88.5,17.77],[-88.14,16.81]]]}},{"type":"Feature","properties":{"n":"Byeonhan","f":-91,"t":533,"w":"Q1378584"},"geometry":{"type":"Polygon","coordinates":[[[128.81,35.0],[128.68,34.74],[127.45,34.74],[127.93,35.9],[129.35,35.32],[128.5,35.0],[128.81,35.0]]]}},{"type":"Feature","properties":{"n":"Jinhan","f":-91,"t":372,"w":"Q701273"},"geometry":{"type":"Polygon","coordinates":[[[127.85,35.9],[127.99,36.8],[129.43,37.32],[129.35,35.32],[127.85,35.9]]]}},{"type":"Feature","properties":{"n":"Mahan","f":-91,"t":337,"w":"Q421372"},"geometry":{"type":"Polygon","coordinates":[[[126.12,34.36],[126.77,35.9],[126.05,36.8],[126.68,37.13],[126.31,37.77],[126.94,38.35],[127.61,38.29],[128.09,36.22],[127.56,35.45],[127.52,34.55],[126.12,34.36]]]}},{"type":"Feature","properties":{"n":"Zapotec Civilization","f":-91,"t":206,"w":"Q844750"},"geometry":{"type":"MultiPolygon","coordinates":[[[[-94.6,17.13],[-94.54,16.29],[-96.21,15.65],[-98.05,16.1],[-97.77,16.68],[-98.06,17.96],[-94.6,17.13]]],[[[-94.84,17.26],[-94.85,17.32],[-94.78,17.32],[-94.84,17.26]]]]}},{"type":"Feature","properties":{"n":"Kingdom of Gordyene","f":-63,"t":113,"w":"Q29237"},"geometry":{"type":"Polygon","coordinates":[[[41.18,37.32],[40.05,37.64],[40.09,37.96],[41.67,38.03],[42.85,37.58],[41.18,37.32]]]}},{"type":"Feature","properties":{"n":"Kingdom of Adiabene","f":-63,"t":116,"w":"Q149747"},"geometry":{"type":"Polygon","coordinates":[[[41.18,37.32],[42.76,37.51],[42.63,36.55],[41.54,36.55],[41.18,37.32]]]}},{"type":"Feature","properties":{"n":"Teotihuacan","f":-50,"t":105,"w":"Q172613"},"geometry":{"type":"Polygon","coordinates":[[[-98.74,19.7],[-98.02,19.38],[-98.29,18.86],[-98.87,19.19],[-98.74,19.7]]]}},{"type":"Feature","properties":{"n":"Kingdom of Axum","f":-50,"t":237,"w":"Q139377"},"geometry":{"type":"MultiPolygon","coordinates":[[[[42.44,13.27],[41.32,12.82],[38.97,12.82],[38.11,13.4],[38.0,14.17],[38.56,15.2],[39.61,15.59],[39.73,15.2],[39.97,15.52],[42.44,13.27]]],[[[38.33,14.94],[38.33,15.01],[38.4,15.01],[38.33,14.94]]]]}},{"type":"Feature","properties":{"n":"Dongye","f":-36,"t":312,"w":"Q105946539"},"geometry":{"type":"Polygon","coordinates":[[[127.99,36.8],[127.61,38.29],[126.94,38.35],[126.85,39.19],[127.59,39.51],[127.48,39.19],[129.39,37.38],[127.99,36.8]]]}},{"type":"Feature","properties":{"n":"Satavahana Dynasty","f":-27,"t":105,"w":"Q5257"},"geometry":{"type":"Polygon","coordinates":[[[83.52,21.56],[82.05,19.89],[81.91,18.74],[79.53,16.74],[78.71,14.49],[77.21,14.17],[76.11,13.4],[75.3,15.01],[73.8,15.46],[73.42,16.04],[72.63,19.83],[72.9,20.92],[72.56,21.24],[74.03,22.4],[74.59,23.36],[77.3,24.65],[78.39,24.97],[80.44,24.2],[83.52,21.56]]]}},{"type":"Feature","properties":{"n":"Himyarite Kingdom","f":-19,"t":105,"w":"Q289577"},"geometry":{"type":"Polygon","coordinates":[[[40.28,24.33],[39.88,22.4],[43.31,19.96],[45.21,15.91],[46.47,15.97],[46.15,15.52],[46.58,15.26],[45.6,14.88],[46.16,14.43],[46.11,13.4],[45.05,12.76],[43.44,12.69],[42.75,15.14],[42.82,16.61],[41.24,18.61],[40.85,19.7],[39.15,21.18],[39.14,22.53],[38.24,23.88],[38.7,24.07],[38.9,24.91],[38.23,26.19],[38.77,26.39],[40.28,24.33]]]}},{"type":"Feature","properties":{"n":"Dong-okjeo","f":43,"t":126,"w":"Q713393"},"geometry":{"type":"Polygon","coordinates":[[[126.83,39.84],[126.27,40.36],[127.46,41.0],[129.81,41.33],[129.76,40.87],[126.73,39.38],[126.83,39.84]]]}},{"type":"Feature","properties":{"n":"Kingdom of Sophene","f":43,"t":105,"w":"Q2626105"},"geometry":{"type":"Polygon","coordinates":[[[40.09,37.96],[40.18,37.45],[39.5,37.58],[39.51,38.29],[38.73,38.87],[38.95,39.38],[40.48,39.58],[40.49,38.03],[40.09,37.96]]]}},{"type":"Feature","properties":{"n":"Goths","f":43,"t":153,"w":"Q42193"},"geometry":{"type":"MultiPolygon","coordinates":[[[[18.86,53.19],[18.17,53.06],[18.14,54.07],[17.65,54.41],[16.15,53.94],[15.38,54.21],[18.46,54.89],[18.69,54.41],[19.46,54.34],[18.86,53.19]]],[[[19.05,57.97],[18.91,57.42],[18.08,56.94],[18.23,57.83],[19.05,57.97]]],[[[14.25,58.88],[14.6,58.67],[15.53,59.16],[16.85,58.67],[16.48,56.87],[17.12,57.28],[16.44,56.25],[15.67,56.66],[13.28,56.39],[13.12,57.01],[13.47,57.14],[11.71,57.7],[12.17,58.53],[11.46,58.95],[12.49,60.56],[13.95,60.49],[14.39,60.14],[14.25,58.88]]]]}},{"type":"Feature","properties":{"n":"Parthian Empire","f":51,"t":113,"w":"Q1986139"},"geometry":{"type":"MultiPolygon","coordinates":[[[[51.21,25.49],[51.21,25.42],[51.13,25.42],[51.21,25.49]]],[[[50.46,26.26],[50.69,26.26],[50.65,25.87],[50.46,26.26]]],[[[59.77,40.16],[59.77,39.84],[60.95,39.51],[65.88,40.81],[65.07,39.0],[64.75,35.77],[65.09,34.87],[63.87,33.84],[63.43,32.36],[61.94,31.34],[60.96,29.99],[62.3,29.41],[66.89,29.67],[67.5,25.81],[67.11,25.1],[66.64,24.91],[66.35,25.55],[62.02,25.04],[57.96,25.55],[57.18,25.94],[56.71,27.16],[55.44,26.52],[55.54,26.77],[54.83,26.45],[53.66,26.71],[51.32,27.99],[50.06,30.18],[48.94,30.31],[47.85,29.41],[48.87,27.67],[50.13,26.77],[50.07,26.07],[50.65,25.1],[51.12,26.13],[51.7,25.87],[51.41,24.33],[51.91,24.01],[54.08,24.14],[56.48,26.39],[56.4,24.97],[56.79,24.33],[58.81,23.62],[59.27,22.91],[56.81,23.75],[56.09,24.84],[54.27,23.75],[51.88,23.69],[51.1,24.2],[51.32,25.87],[50.62,24.65],[49.67,25.87],[49.88,26.45],[48.55,27.48],[48.47,28.12],[47.65,28.96],[47.65,29.67],[46.62,29.86],[46.59,30.31],[45.77,30.44],[43.15,32.81],[40.55,34.16],[40.48,34.87],[39.5,35.71],[41.54,36.55],[42.63,36.55],[42.88,37.77],[44.64,37.51],[45.25,36.93],[45.22,37.77],[46.12,38.48],[47.25,38.67],[51.26,36.61],[54.03,36.87],[53.99,39.0],[53.14,39.45],[53.54,39.51],[53.5,40.03],[52.72,40.1],[52.89,40.87],[59.77,40.16]]]]}},{"type":"Feature","properties":{"n":"Funan","f":51,"t":237,"w":"Q867782"},"geometry":{"type":"Polygon","coordinates":[[[109.05,11.41],[107.34,10.38],[107.0,10.7],[106.6,9.54],[104.77,8.51],[105.03,9.99],[104.16,10.56],[104.01,9.87],[103.53,10.48],[103.6,11.09],[103.06,10.83],[102.87,11.86],[102.22,11.99],[101.68,13.08],[101.87,14.04],[106.3,13.08],[108.24,13.34],[108.14,11.79],[109.05,11.41]]]}},{"type":"Feature","properties":{"n":"Goguryeo","f":60,"t":153,"w":"Q28370"},"geometry":{"type":"Polygon","coordinates":[[[126.62,40.68],[126.74,41.0],[126.11,41.26],[124.68,41.13],[123.13,41.85],[126.99,42.89],[130.92,42.89],[129.73,41.33],[126.62,40.68]]]}},{"type":"Feature","properties":{"n":"Caucasian Iberia","f":68,"t":259,"w":"Q19083"},"geometry":{"type":"Polygon","coordinates":[[[45.7,42.24],[44.24,41.26],[43.34,41.13],[42.62,41.59],[42.93,42.43],[42.5,43.15],[45.68,42.56],[45.7,42.24]]]}},{"type":"Feature","properties":{"n":"Caucasian Albania","f":68,"t":259,"w":"Q177076"},"geometry":{"type":"Polygon","coordinates":[[[48.34,41.13],[48.15,39.71],[46.46,39.97],[45.46,40.55],[45.6,40.87],[45.11,41.26],[44.24,41.26],[45.54,42.24],[48.34,41.13]]]}},{"type":"Feature","properties":{"n":"Lazica","f":68,"t":259,"w":"Q136884"},"geometry":{"type":"MultiPolygon","coordinates":[[[[41.61,41.26],[41.63,41.33],[41.7,41.33],[41.61,41.26]]],[[[42.93,42.43],[42.62,41.59],[42.25,41.26],[41.7,41.33],[42.0,42.56],[40.17,43.6],[42.49,43.08],[42.93,42.43]]]]}},{"type":"Feature","properties":{"n":"Kingdom of Armenia","f":68,"t":113,"w":"Q208404"},"geometry":{"type":"Polygon","coordinates":[[[48.93,39.26],[48.8,38.09],[47.25,38.67],[46.12,38.48],[45.22,37.77],[45.25,36.93],[43.89,37.71],[40.57,38.03],[40.48,39.58],[38.74,39.58],[38.79,39.9],[40.4,40.1],[41.45,40.74],[41.53,41.26],[42.62,41.59],[43.34,41.13],[45.11,41.26],[45.6,40.87],[45.46,40.55],[46.46,39.97],[48.93,39.26]]]}},{"type":"Feature","properties":{"n":"Kingdom of Osroene","f":78,"t":113,"w":"Q237234"},"geometry":{"type":"Polygon","coordinates":[[[39.5,35.71],[38.43,35.84],[37.99,37.38],[39.46,37.9],[39.5,37.58],[41.18,37.32],[41.54,36.55],[39.5,35.71]]]}},{"type":"Feature","properties":{"n":"Cimmerian Bosporus","f":78,"t":370,"w":"Q321371"},"geometry":{"type":"MultiPolygon","coordinates":[[[[34.62,45.89],[35.02,45.3],[36.42,45.43],[36.37,45.1],[35.41,45.17],[33.52,44.45],[33.61,45.1],[32.92,45.43],[34.62,45.89]]],[[[37.93,44.71],[36.78,45.1],[36.75,45.43],[37.7,45.3],[37.59,45.63],[38.33,46.15],[37.84,46.61],[39.22,47.01],[39.2,47.33],[38.35,47.2],[38.49,47.53],[39.72,47.47],[37.93,44.71]]]]}},{"type":"Feature","properties":{"n":"Anurādhapura","f":78,"t":438,"w":"Q5724"},"geometry":{"type":"Polygon","coordinates":[[[81.88,6.71],[81.34,6.14],[80.23,5.88],[79.61,7.87],[80.05,9.16],[79.88,9.86],[80.45,9.74],[81.92,7.42],[81.88,6.71]]]}},{"type":"Feature","properties":{"n":"Xianbei","f":84,"t":105,"w":"Q861054"},"geometry":{"type":"Polygon","coordinates":[[[118.9,50.05],[120.03,49.78],[120.95,49.12],[121.79,47.53],[123.53,47.07],[124.84,44.84],[124.51,43.02],[125.09,42.43],[121.02,41.26],[118.03,41.46],[117.74,42.17],[117.34,42.17],[115.99,41.78],[114.81,40.81],[109.76,41.46],[109.54,41.78],[110.7,44.25],[109.55,46.41],[108.39,47.47],[108.85,48.19],[108.63,49.38],[112.86,49.58],[114.14,50.31],[117.54,49.58],[118.9,50.05]]]}},{"type":"Feature","properties":{"n":"Pyu City-States","f":84,"t":849,"w":"Q1627675"},"geometry":{"type":"MultiPolygon","coordinates":[[[[96.19,18.86],[95.09,18.35],[94.41,20.86],[95.29,23.69],[96.59,23.88],[96.83,22.14],[96.19,18.86]]],[[[96.73,23.81],[96.8,23.81],[96.79,23.75],[96.73,23.81]]],[[[96.67,23.88],[96.74,23.88],[96.73,23.81],[96.67,23.88]]]]}},{"type":"Feature","properties":{"n":"Southern Xiongnu","f":91,"t":105,"w":"Q188836"},"geometry":{"type":"Polygon","coordinates":[[[114.56,40.36],[110.56,40.42],[108.39,40.03],[107.68,39.38],[107.06,39.58],[106.09,38.67],[103.61,38.74],[104.7,39.58],[104.27,39.84],[103.41,39.51],[103.82,40.55],[104.97,41.59],[107.81,42.43],[109.97,42.56],[109.54,41.78],[110.21,41.26],[114.97,40.68],[114.56,40.36]]]}},{"type":"Feature","properties":{"n":"Indo-Scythians","f":91,"t":269,"w":"Q240123"},"geometry":{"type":"Polygon","coordinates":[[[62.3,29.41],[60.96,29.99],[61.94,31.34],[63.43,32.36],[66.48,31.59],[66.32,29.86],[62.3,29.41]]]}},{"type":"Feature","properties":{"n":"(Alliance between Han Dynasty and Xiongnu)","f":91,"t":105,"w":"Q1068371"},"geometry":{"type":"MultiPolygon","coordinates":[[[[108.76,18.41],[108.7,19.38],[109.25,19.96],[110.91,20.15],[111.03,19.57],[109.86,18.35],[108.76,18.41]]],[[[92.94,42.63],[94.01,40.94],[97.21,41.0],[99.38,40.03],[101.21,39.71],[101.24,39.26],[102.04,38.93],[104.58,39.84],[104.7,39.58],[103.61,38.74],[106.09,38.67],[107.06,39.58],[107.68,39.38],[108.39,40.03],[109.74,40.36],[114.56,40.36],[115.99,41.78],[117.34,42.17],[117.74,42.17],[117.79,41.59],[118.63,41.39],[121.02,41.26],[123.17,41.91],[124.68,41.13],[126.11,41.26],[126.74,41.0],[126.27,40.36],[126.83,39.84],[127.02,38.93],[126.35,37.84],[125.39,37.64],[124.76,38.09],[125.39,39.38],[124.34,39.9],[121.03,38.74],[121.69,39.38],[121.28,39.64],[122.23,40.48],[121.82,40.87],[121.11,40.87],[118.99,39.19],[117.78,39.13],[117.77,38.35],[119.46,37.96],[119.16,37.19],[120.75,37.9],[122.71,37.45],[122.39,36.8],[120.98,36.61],[119.23,34.81],[120.34,34.36],[120.92,32.62],[121.96,31.98],[121.84,31.66],[120.92,31.85],[122.0,31.08],[120.68,30.18],[121.48,30.31],[122.03,29.92],[121.94,29.22],[121.74,29.54],[121.57,29.47],[121.65,28.32],[121.12,28.32],[119.59,26.13],[119.53,25.62],[119.87,25.49],[119.27,25.49],[118.76,24.59],[118.15,24.52],[116.54,22.91],[114.64,22.72],[114.37,22.08],[113.6,22.72],[113.64,22.14],[110.42,21.18],[110.49,20.28],[109.88,20.21],[109.81,21.5],[108.65,21.69],[106.96,20.92],[105.97,19.83],[105.73,18.86],[107.03,17.26],[106.53,16.94],[105.14,18.41],[104.98,20.15],[104.44,20.47],[105.1,20.86],[105.12,23.17],[102.99,23.36],[101.81,24.26],[100.92,28.06],[100.98,31.01],[101.44,32.24],[101.88,32.88],[103.21,33.39],[103.49,33.97],[103.74,35.45],[103.21,37.06],[100.8,38.03],[100.41,38.61],[99.86,38.42],[99.12,39.26],[97.96,38.93],[96.76,39.45],[96.41,38.61],[95.32,39.38],[93.95,39.51],[86.44,38.35],[85.11,37.45],[81.03,36.61],[78.42,37.51],[77.03,38.8],[73.4,39.51],[73.8,40.29],[73.1,40.81],[77.35,41.39],[80.24,42.5],[82.06,42.24],[85.69,42.89],[92.94,42.63]]],[[[122.28,29.99],[121.98,29.99],[122.05,30.18],[122.28,29.99]]],[[[102.38,50.58],[103.26,50.25],[106.42,50.45],[108.59,49.45],[108.85,48.19],[108.39,47.47],[109.55,46.41],[110.7,44.25],[109.97,42.56],[106.86,42.3],[104.89,41.59],[101.48,42.56],[96.5,42.69],[95.34,44.25],[93.51,44.97],[90.66,45.3],[90.96,46.74],[90.22,47.73],[89.53,47.99],[85.93,47.4],[83.41,46.02],[82.52,45.1],[81.47,45.3],[79.84,44.91],[78.95,46.28],[79.31,46.94],[86.85,48.59],[88.24,49.52],[94.71,51.65],[98.93,52.25],[101.83,51.51],[102.38,50.58]]]]}},{"type":"Feature","properties":{"n":"Wusun","f":91,"t":105,"w":"Q854062"},"geometry":{"type":"Polygon","coordinates":[[[80.05,42.43],[76.82,41.46],[76.8,41.85],[76.16,41.85],[76.16,42.5],[75.7,42.56],[75.77,42.95],[78.63,42.89],[80.05,42.43]]]}},{"type":"Feature","properties":{"n":"Han Dynasty","f":91,"t":105,"w":"Q1068371"},"geometry":{"type":"MultiPolygon","coordinates":[[[[108.76,18.41],[108.7,19.38],[109.25,19.96],[110.91,20.15],[111.03,19.57],[110.18,18.48],[108.76,18.41]]],[[[92.94,42.63],[94.01,40.94],[97.21,41.0],[99.38,40.03],[101.21,39.71],[101.24,39.26],[102.04,38.93],[104.58,39.84],[104.7,39.58],[103.61,38.74],[106.09,38.67],[107.06,39.58],[107.68,39.38],[108.39,40.03],[109.74,40.36],[114.56,40.36],[115.99,41.78],[117.34,42.17],[117.74,42.17],[117.79,41.59],[118.63,41.39],[121.02,41.26],[123.17,41.91],[124.68,41.13],[126.11,41.26],[126.74,41.0],[126.27,40.36],[126.83,39.84],[127.02,38.93],[126.35,37.84],[125.39,37.64],[124.76,38.09],[125.39,39.38],[124.34,39.9],[121.03,38.74],[121.69,39.38],[121.28,39.64],[122.23,40.48],[121.82,40.87],[121.11,40.87],[118.99,39.19],[117.78,39.13],[117.77,38.35],[119.46,37.96],[119.16,37.19],[120.75,37.9],[122.71,37.45],[122.39,36.8],[120.98,36.61],[119.23,34.81],[120.34,34.36],[120.92,32.62],[121.96,31.98],[121.84,31.66],[120.92,31.85],[122.0,31.08],[120.68,30.18],[121.48,30.31],[122.03,29.92],[121.94,29.22],[121.74,29.54],[121.57,29.47],[121.65,28.32],[121.12,28.32],[119.59,26.13],[119.53,25.62],[119.87,25.49],[119.27,25.49],[118.76,24.59],[118.15,24.52],[116.54,22.91],[114.64,22.72],[114.37,22.08],[113.6,22.72],[113.64,22.14],[110.42,21.18],[110.49,20.28],[109.88,20.21],[109.81,21.5],[108.65,21.69],[106.96,20.92],[105.97,19.83],[105.73,18.86],[107.03,17.26],[106.53,16.94],[105.14,18.41],[104.98,20.15],[104.44,20.47],[105.1,20.86],[105.12,23.17],[102.99,23.36],[101.81,24.26],[100.92,28.06],[100.98,31.01],[101.44,32.24],[101.88,32.88],[103.21,33.39],[103.49,33.97],[103.74,35.45],[103.21,37.06],[100.8,38.03],[100.41,38.61],[99.86,38.42],[99.12,39.26],[97.96,38.93],[96.76,39.45],[96.41,38.61],[95.32,39.38],[93.95,39.51],[86.44,38.35],[85.11,37.45],[81.03,36.61],[78.42,37.51],[77.03,38.8],[73.4,39.51],[73.8,40.29],[73.1,40.81],[77.35,41.39],[80.24,42.5],[82.06,42.24],[85.69,42.89],[92.94,42.63]]],[[[122.28,29.99],[121.98,29.99],[122.05,30.18],[122.28,29.99]]]]}},{"type":"Feature","properties":{"n":"Roman Empire","f":91,"t":105,"w":"Q12544"},"geometry":{"type":"MultiPolygon","coordinates":[[[[2.53,34.42],[2.53,34.49],[2.61,34.49],[2.53,34.42]]],[[[14.57,35.97],[14.57,35.77],[14.34,35.84],[14.57,35.97]]],[[[7.75,50.25],[8.76,50.58],[9.45,48.52],[12.11,49.18],[14.26,48.26],[18.8,47.93],[19.27,47.47],[18.83,47.01],[19.0,45.37],[20.22,45.37],[20.67,44.78],[21.41,44.91],[22.03,44.52],[22.69,44.71],[22.88,43.86],[25.52,43.67],[26.37,44.12],[27.75,44.19],[28.05,45.56],[29.18,45.43],[30.11,46.41],[31.57,46.94],[29.61,45.69],[29.53,44.91],[28.8,44.97],[28.48,43.47],[27.51,42.63],[27.98,41.65],[28.96,41.13],[31.18,41.07],[32.63,41.91],[35.12,42.04],[36.21,41.26],[40.37,40.94],[41.57,41.46],[41.82,41.98],[41.33,42.89],[39.98,43.41],[41.67,42.95],[42.01,41.72],[41.45,40.74],[40.4,40.1],[38.79,39.9],[38.73,38.87],[39.25,38.67],[39.46,37.9],[37.99,37.38],[38.13,35.97],[39.94,35.52],[40.55,34.16],[39.12,34.49],[37.07,33.26],[36.15,30.63],[32.53,29.92],[32.69,28.96],[33.61,27.99],[34.05,26.58],[35.85,23.88],[31.67,23.75],[30.46,23.36],[28.57,24.65],[28.15,27.35],[25.37,29.28],[21.94,30.56],[18.73,29.99],[15.18,30.89],[14.28,31.91],[11.77,32.3],[9.63,33.14],[8.93,34.16],[7.61,34.55],[1.29,34.61],[-3.76,34.1],[-7.53,32.94],[-8.47,33.26],[-6.61,34.16],[-5.88,35.77],[-5.34,35.84],[-4.75,35.19],[-2.84,35.45],[-2.66,35.07],[-1.89,35.07],[1.22,36.55],[4.24,36.93],[5.56,36.67],[6.33,37.06],[8.52,36.87],[9.76,37.32],[10.46,36.74],[11.01,37.0],[10.46,35.9],[11.08,35.58],[11.08,35.0],[10.0,34.29],[10.24,33.71],[12.23,32.81],[13.3,32.94],[15.06,32.43],[15.65,31.4],[17.85,30.95],[18.97,30.24],[20.2,30.89],[20.02,32.24],[21.88,32.94],[23.09,32.62],[23.3,32.17],[24.89,31.98],[25.25,31.46],[26.85,31.46],[28.87,30.82],[30.97,31.66],[32.83,31.01],[34.55,31.53],[35.64,34.36],[36.05,34.55],[35.84,36.29],[36.14,36.93],[35.49,36.61],[34.58,36.87],[33.98,36.29],[32.71,36.03],[31.09,36.93],[29.94,36.22],[29.24,36.22],[29.12,36.74],[28.59,36.87],[28.03,36.67],[28.07,37.13],[27.22,37.32],[27.28,38.03],[26.43,38.22],[26.38,38.67],[27.06,38.35],[26.85,39.58],[26.13,39.51],[26.6,40.48],[29.05,40.36],[28.91,40.61],[29.48,40.74],[28.17,41.13],[26.92,40.48],[25.38,41.0],[23.7,40.81],[23.74,40.23],[22.65,40.61],[22.61,39.9],[23.14,39.45],[22.8,39.06],[23.49,38.87],[22.94,38.74],[24.03,38.67],[24.16,38.22],[23.98,37.84],[23.04,37.9],[23.4,37.32],[22.71,37.58],[23.06,36.67],[22.36,36.67],[22.22,37.06],[21.74,36.87],[21.7,37.51],[21.24,37.84],[21.74,38.35],[21.19,38.42],[20.15,39.71],[19.76,39.64],[20.01,39.97],[19.25,40.61],[19.54,41.78],[17.99,42.82],[17.51,42.76],[17.05,43.41],[15.93,43.47],[14.6,45.37],[13.78,44.91],[13.71,45.76],[13.39,45.82],[12.16,45.5],[12.31,44.19],[13.67,43.41],[14.37,42.24],[16.12,41.91],[15.94,41.39],[18.44,40.16],[18.11,39.9],[17.35,40.55],[16.62,40.29],[16.45,39.64],[17.14,39.06],[15.93,37.96],[15.39,38.16],[15.05,36.74],[12.49,37.9],[15.86,38.29],[16.27,38.93],[15.75,40.03],[12.6,41.52],[10.54,43.08],[10.21,43.99],[9.16,44.45],[6.28,43.15],[4.17,43.6],[3.14,43.28],[3.12,41.91],[0.7,40.94],[-0.35,39.71],[0.1,38.74],[-0.66,38.29],[-0.7,37.64],[-1.71,37.45],[-2.06,36.8],[-4.47,36.74],[-5.66,36.03],[-6.84,37.25],[-9.0,37.0],[-8.82,38.48],[-9.21,38.42],[-9.57,38.93],[-8.73,40.74],[-8.96,42.17],[-8.66,42.37],[-9.28,42.89],[-9.16,43.28],[-8.24,43.73],[-3.3,43.34],[-1.69,43.34],[-1.39,43.67],[-1.03,45.5],[-1.25,46.28],[-2.84,47.6],[-4.42,47.8],[-4.91,48.52],[-3.46,48.92],[-1.6,48.65],[-2.03,49.78],[0.01,49.38],[0.22,49.85],[1.45,50.25],[1.66,51.05],[3.41,51.45],[4.06,52.12],[5.93,51.98],[7.75,50.25]]],[[[20.93,37.9],[20.92,37.64],[20.61,37.71],[20.93,37.9]]],[[[20.57,38.42],[20.79,38.09],[20.32,38.16],[20.57,38.42]]],[[[1.26,39.13],[1.65,39.13],[1.66,39.0],[1.27,38.8],[1.26,39.13]]],[[[20.07,39.64],[20.15,39.64],[20.15,39.58],[20.07,39.64]]],[[[2.34,39.64],[2.88,39.97],[3.52,39.77],[3.3,39.32],[2.34,39.64]]],[[[4.22,40.1],[4.3,39.84],[3.83,39.9],[4.22,40.1]]],[[[9.59,39.13],[8.34,39.0],[8.15,40.94],[9.5,41.2],[9.59,39.13]]],[[[9.1,41.33],[8.62,41.72],[8.53,42.5],[9.49,43.02],[9.58,41.98],[9.1,41.33]]],[[[10.46,42.89],[10.46,42.69],[10.21,42.69],[10.46,42.89]]],[[[14.51,44.91],[14.5,44.52],[14.26,44.58],[14.51,44.91]]],[[[19.0,45.5],[19.01,45.56],[19.09,45.56],[19.0,45.5]]],[[[19.08,47.07],[19.09,47.14],[19.17,47.14],[19.08,47.07]]],[[[16.91,48.19],[16.91,48.26],[16.99,48.26],[16.91,48.19]]],[[[16.83,48.32],[16.91,48.32],[16.91,48.26],[16.83,48.32]]],[[[6.19,51.92],[6.28,51.92],[6.28,51.85],[6.19,51.92]]],[[[1.72,52.72],[1.59,52.12],[0.52,51.51],[1.38,51.38],[1.31,51.11],[0.49,50.78],[-1.37,50.85],[-1.18,50.58],[-3.13,50.71],[-3.58,50.25],[-5.75,50.05],[-4.2,51.31],[-3.09,51.25],[-2.95,51.45],[-5.26,51.71],[-5.22,52.05],[-4.16,52.45],[-4.3,52.92],[-4.79,52.79],[-4.49,53.12],[-4.7,53.46],[-3.15,53.46],[-2.97,54.14],[-3.59,54.27],[-3.57,54.89],[-1.61,55.36],[-1.29,54.68],[-0.2,54.21],[0.3,53.39],[0.07,52.99],[1.72,52.72]]],[[[33.04,34.55],[32.23,34.94],[34.54,35.71],[34.09,35.0],[33.04,34.55]]],[[[25.68,35.13],[26.23,35.19],[24.82,35.0],[23.62,35.52],[25.68,35.13]]],[[[28.02,36.48],[28.25,36.48],[28.14,36.03],[27.74,35.9],[28.02,36.48]]],[[[23.12,36.35],[23.11,36.16],[22.87,36.16],[23.12,36.35]]],[[[27.19,36.8],[26.87,36.67],[27.04,36.93],[27.19,36.8]]],[[[25.57,37.13],[25.56,37.0],[25.33,37.0],[25.57,37.13]]],[[[24.43,37.58],[24.27,37.51],[24.2,37.64],[24.43,37.58]]],[[[25.22,37.71],[25.29,37.51],[25.05,37.51],[25.22,37.71]]],[[[26.31,37.71],[26.3,37.58],[25.99,37.51],[26.31,37.71]]],[[[24.77,38.03],[25.07,37.77],[24.83,37.71],[24.77,38.03]]],[[[26.22,38.55],[26.11,38.16],[25.88,38.16],[25.82,38.48],[26.22,38.55]]],[[[23.48,38.74],[23.49,38.8],[23.57,38.8],[23.48,38.74]]],[[[24.67,38.93],[24.66,38.74],[24.36,38.87],[24.67,38.93]]],[[[25.79,39.19],[26.04,39.38],[26.64,39.0],[25.79,39.19]]],[[[25.46,40.03],[25.45,39.84],[24.97,39.84],[25.46,40.03]]],[[[26.04,40.29],[26.02,40.16],[25.7,40.1],[26.04,40.29]]],[[[24.81,40.81],[24.79,40.61],[24.55,40.55],[24.81,40.81]]]]}},{"type":"Feature","properties":{"n":"Nabataeans","f":91,"t":105,"w":"Q220594"},"geometry":{"type":"MultiPolygon","coordinates":[[[[37.07,26.9],[37.15,26.9],[37.15,26.84],[37.07,26.9]]],[[[38.06,27.03],[38.14,27.03],[38.13,26.97],[38.06,27.03]]],[[[37.84,27.16],[37.92,27.16],[37.91,27.09],[37.84,27.16]]],[[[38.69,26.39],[38.15,26.19],[36.37,27.61],[34.59,28.06],[34.91,29.41],[34.35,27.74],[33.9,27.87],[33.19,28.51],[32.6,29.92],[36.15,30.63],[35.92,28.77],[36.4,28.06],[38.69,26.39]]]]}},{"type":"Feature","properties":{"n":"Kushan Empire","f":91,"t":116,"w":"Q25979"},"geometry":{"type":"MultiPolygon","coordinates":[[[[73.8,40.29],[73.4,39.51],[73.75,39.13],[72.42,37.25],[72.3,36.22],[74.63,34.16],[75.27,33.01],[76.6,32.17],[79.18,31.46],[79.82,30.63],[79.84,28.57],[78.24,26.84],[75.2,26.64],[71.9,25.68],[70.57,24.65],[70.07,23.56],[68.95,22.91],[68.16,23.81],[67.29,24.07],[67.15,24.78],[66.63,24.84],[67.5,25.81],[66.93,28.57],[67.14,29.34],[66.08,29.79],[66.48,31.59],[63.43,32.36],[63.87,33.84],[65.09,34.87],[64.75,35.77],[65.07,39.0],[65.88,40.81],[67.55,41.59],[68.98,41.33],[69.58,41.72],[71.63,41.65],[73.8,40.29]]],[[[72.52,36.16],[72.6,36.16],[72.58,36.1],[72.52,36.16]]]]}},{"type":"Feature","properties":{"n":"Xiongnu","f":91,"t":105,"w":"Q188836"},"geometry":{"type":"MultiPolygon","coordinates":[[[[103.3,39.45],[103.38,39.45],[103.19,39.38],[103.3,39.45]]],[[[102.12,51.45],[102.38,50.58],[103.26,50.25],[106.42,50.45],[108.59,49.45],[108.85,48.19],[108.39,47.47],[109.55,46.41],[110.7,44.25],[109.97,42.56],[106.86,42.3],[104.89,41.59],[101.48,42.56],[96.5,42.69],[95.34,44.25],[93.51,44.97],[90.66,45.3],[90.96,46.74],[90.22,47.73],[89.53,47.99],[85.93,47.4],[83.41,46.02],[82.52,45.1],[81.47,45.3],[79.84,44.91],[78.95,46.28],[79.31,46.94],[86.85,48.59],[88.24,49.52],[94.71,51.65],[98.93,52.25],[102.12,51.45]]]]}},{"type":"Feature","properties":{"n":"Western Satraps","f":91,"t":105,"w":"Q2086608"},"geometry":{"type":"Polygon","coordinates":[[[74.59,23.36],[73.21,21.76],[72.54,21.76],[72.38,22.27],[72.18,21.18],[71.32,20.73],[70.3,20.86],[68.95,22.21],[70.26,22.66],[70.37,22.91],[69.45,22.72],[69.04,23.04],[70.07,23.56],[70.57,24.65],[71.9,25.68],[76.58,26.84],[78.24,26.84],[78.22,24.84],[74.59,23.36]]]}},{"type":"Feature","properties":{"n":"Western Satraps","f":106,"t":126,"w":"Q2086608"},"geometry":{"type":"Polygon","coordinates":[[[72.76,21.69],[72.38,22.27],[72.18,21.18],[70.72,20.66],[68.95,22.21],[70.26,22.66],[70.37,22.91],[69.45,22.72],[69.04,23.04],[70.07,23.56],[70.57,24.65],[71.9,25.68],[75.2,26.64],[78.24,26.84],[78.22,24.84],[74.59,23.36],[74.04,22.46],[72.76,21.69]]]}},{"type":"Feature","properties":{"n":"Roman Empire","f":106,"t":113,"w":"Q12544"},"geometry":{"type":"MultiPolygon","coordinates":[[[[2.53,34.42],[2.53,34.49],[2.61,34.49],[2.53,34.42]]],[[[14.57,35.97],[14.57,35.77],[14.34,35.84],[14.57,35.97]]],[[[23.12,36.35],[23.11,36.16],[22.87,36.16],[23.12,36.35]]],[[[7.75,50.25],[8.76,50.58],[9.45,48.52],[12.11,49.18],[14.26,48.26],[18.8,47.93],[19.27,47.47],[18.82,46.81],[18.92,45.5],[19.24,45.3],[20.06,45.37],[20.19,46.22],[21.65,46.09],[22.31,47.4],[23.17,47.8],[25.55,47.66],[25.92,47.14],[26.59,47.33],[27.64,46.35],[28.51,46.02],[29.74,46.09],[31.08,47.01],[31.57,46.94],[29.61,45.69],[29.53,44.91],[28.8,44.97],[28.48,43.47],[27.51,42.63],[27.98,41.65],[28.96,41.13],[31.18,41.07],[32.63,41.91],[35.12,42.04],[36.21,41.26],[40.37,40.94],[41.57,41.46],[41.82,41.98],[41.33,42.89],[39.98,43.41],[41.67,42.95],[42.01,41.72],[41.45,40.74],[40.4,40.1],[38.79,39.9],[38.73,38.87],[39.25,38.67],[39.46,37.9],[37.99,37.38],[38.13,35.97],[39.94,35.52],[40.55,34.16],[39.12,34.49],[37.07,33.26],[35.87,29.99],[35.86,28.89],[36.4,28.06],[38.69,26.39],[37.06,25.42],[35.41,27.87],[34.59,28.06],[34.91,29.41],[34.12,27.74],[33.19,28.51],[32.6,29.92],[32.69,28.96],[33.61,27.99],[34.05,26.58],[35.85,23.88],[31.67,23.75],[30.46,23.36],[28.57,24.65],[28.15,27.35],[25.37,29.28],[21.94,30.56],[18.73,29.99],[15.18,30.89],[14.28,31.91],[11.77,32.3],[9.63,33.14],[8.93,34.16],[7.61,34.55],[1.29,34.61],[-3.76,34.1],[-7.53,32.94],[-8.47,33.26],[-6.61,34.16],[-5.88,35.77],[-5.34,35.84],[-4.75,35.19],[-2.84,35.45],[-2.66,35.07],[-1.89,35.07],[1.22,36.55],[4.24,36.93],[5.56,36.67],[6.33,37.06],[8.52,36.87],[9.76,37.32],[10.46,36.74],[11.01,37.0],[10.46,35.9],[11.08,35.58],[11.08,35.0],[10.0,34.29],[10.24,33.71],[12.23,32.81],[13.3,32.94],[15.06,32.43],[15.65,31.4],[17.85,30.95],[18.97,30.24],[20.2,30.89],[20.02,32.24],[21.88,32.94],[23.09,32.62],[23.3,32.17],[24.89,31.98],[25.25,31.46],[26.85,31.46],[28.87,30.82],[30.97,31.66],[32.83,31.01],[34.55,31.53],[35.64,34.36],[36.05,34.55],[35.84,36.29],[36.14,36.93],[35.49,36.61],[34.58,36.87],[33.98,36.29],[32.71,36.03],[31.09,36.93],[29.94,36.22],[29.24,36.22],[29.12,36.74],[28.59,36.87],[28.03,36.67],[28.07,37.13],[27.22,37.32],[27.28,38.03],[26.43,38.22],[26.38,38.67],[27.06,38.35],[26.85,39.58],[26.13,39.51],[26.6,40.48],[29.05,40.36],[28.91,40.61],[29.48,40.74],[28.17,41.13],[26.92,40.48],[25.38,41.0],[23.7,40.81],[23.74,40.23],[22.65,40.61],[22.61,39.9],[23.14,39.45],[22.8,39.06],[23.49,38.87],[22.94,38.74],[24.03,38.67],[24.16,38.22],[23.98,37.84],[23.04,37.9],[23.4,37.32],[22.71,37.58],[23.06,36.67],[22.36,36.67],[22.22,37.06],[21.74,36.87],[21.7,37.51],[21.24,37.84],[21.74,38.35],[21.19,38.42],[20.15,39.71],[19.76,39.64],[20.01,39.97],[19.25,40.61],[19.54,41.78],[17.99,42.82],[17.51,42.76],[17.05,43.41],[15.93,43.47],[14.6,45.37],[13.78,44.91],[13.71,45.76],[13.39,45.82],[12.16,45.5],[12.31,44.19],[13.67,43.41],[14.37,42.24],[16.12,41.91],[15.94,41.39],[18.44,40.16],[18.11,39.9],[17.35,40.55],[16.62,40.29],[16.45,39.64],[17.14,39.06],[15.93,37.96],[15.39,38.16],[15.05,36.74],[12.49,37.9],[15.86,38.29],[16.27,38.93],[15.75,40.03],[12.6,41.52],[10.54,43.08],[10.21,43.99],[9.16,44.45],[6.28,43.15],[4.17,43.6],[3.14,43.28],[3.12,41.91],[0.7,40.94],[-0.35,39.71],[0.1,38.74],[-0.66,38.29],[-0.7,37.64],[-1.71,37.45],[-2.06,36.8],[-4.47,36.74],[-5.66,36.03],[-6.84,37.25],[-9.0,37.0],[-8.82,38.48],[-9.21,38.42],[-9.57,38.93],[-8.73,40.74],[-8.96,42.17],[-8.66,42.37],[-9.28,42.89],[-9.16,43.28],[-8.24,43.73],[-3.3,43.34],[-1.69,43.34],[-1.39,43.67],[-1.03,45.5],[-1.25,46.28],[-2.84,47.6],[-4.42,47.8],[-4.91,48.52],[-3.46,48.92],[-1.6,48.65],[-2.03,49.78],[0.01,49.38],[0.22,49.85],[1.45,50.25],[1.66,51.05],[3.41,51.45],[4.06,52.12],[5.93,51.98],[7.75,50.25]]],[[[20.93,37.9],[20.92,37.64],[20.61,37.71],[20.93,37.9]]],[[[20.57,38.42],[20.79,38.09],[20.32,38.16],[20.57,38.42]]],[[[1.26,39.13],[1.65,39.13],[1.66,39.0],[1.27,38.8],[1.26,39.13]]],[[[20.07,39.64],[20.15,39.64],[20.15,39.58],[20.07,39.64]]],[[[2.34,39.64],[2.88,39.97],[3.52,39.77],[3.3,39.32],[2.34,39.64]]],[[[4.22,40.1],[4.3,39.84],[3.83,39.9],[4.22,40.1]]],[[[9.59,39.13],[8.34,39.0],[8.15,40.94],[9.5,41.2],[9.59,39.13]]],[[[9.1,41.33],[8.62,41.72],[8.53,42.5],[9.49,43.02],[9.58,41.98],[9.1,41.33]]],[[[10.46,42.89],[10.46,42.69],[10.21,42.69],[10.46,42.89]]],[[[14.51,44.91],[14.5,44.52],[14.26,44.58],[14.51,44.91]]],[[[19.01,45.56],[19.09,45.56],[19.09,45.5],[19.01,45.56]]],[[[19.08,47.07],[19.09,47.14],[19.17,47.14],[19.08,47.07]]],[[[16.91,48.19],[16.91,48.26],[16.99,48.26],[16.91,48.19]]],[[[16.83,48.26],[16.83,48.32],[16.91,48.32],[16.83,48.26]]],[[[6.19,51.92],[6.28,51.92],[6.28,51.85],[6.19,51.92]]],[[[1.09,53.06],[1.72,52.72],[1.59,52.12],[0.52,51.51],[1.38,51.38],[1.31,51.11],[0.49,50.78],[-1.37,50.85],[-1.18,50.58],[-3.13,50.71],[-3.58,50.25],[-5.75,50.05],[-4.2,51.31],[-3.09,51.25],[-2.95,51.45],[-5.26,51.71],[-5.22,52.05],[-4.16,52.45],[-4.3,52.92],[-4.79,52.79],[-4.49,53.12],[-4.7,53.46],[-3.15,53.46],[-2.97,54.14],[-3.59,54.27],[-3.57,54.89],[-1.61,55.36],[-1.29,54.68],[-0.2,54.21],[0.3,53.39],[0.17,52.86],[1.09,53.06]]],[[[38.06,26.97],[38.06,27.03],[38.14,27.03],[38.06,26.97]]],[[[37.84,27.09],[37.84,27.16],[37.92,27.16],[37.84,27.09]]],[[[33.04,34.55],[32.23,34.94],[34.54,35.71],[34.09,35.0],[33.04,34.55]]],[[[25.68,35.13],[26.23,35.19],[24.82,35.0],[23.62,35.52],[25.68,35.13]]],[[[28.14,36.03],[27.74,35.9],[27.69,36.29],[28.02,36.48],[28.14,36.03]]],[[[27.19,36.8],[26.87,36.67],[27.04,36.93],[27.19,36.8]]],[[[25.57,37.13],[25.56,37.0],[25.33,37.0],[25.57,37.13]]],[[[24.43,37.58],[24.27,37.51],[24.2,37.64],[24.43,37.58]]],[[[25.22,37.71],[25.29,37.51],[25.05,37.51],[25.22,37.71]]],[[[26.31,37.71],[26.3,37.58],[25.99,37.51],[26.31,37.71]]],[[[24.77,38.03],[25.07,37.77],[24.83,37.71],[24.77,38.03]]],[[[26.22,38.55],[26.11,38.16],[25.88,38.16],[26.22,38.55]]],[[[23.48,38.74],[23.49,38.8],[23.57,38.8],[23.48,38.74]]],[[[24.67,38.93],[24.66,38.74],[24.36,38.87],[24.67,38.93]]],[[[25.79,39.19],[26.04,39.38],[26.64,39.0],[25.79,39.19]]],[[[25.46,40.03],[25.45,39.84],[24.97,39.84],[25.46,40.03]]],[[[26.04,40.29],[26.02,40.16],[25.7,40.1],[26.04,40.29]]],[[[24.81,40.81],[24.79,40.61],[24.55,40.55],[24.81,40.81]]],[[[27.14,47.01],[27.22,47.01],[27.21,46.94],[27.14,47.01]]]]}},{"type":"Feature","properties":{"n":"Satavahana Dynasty","f":106,"t":126,"w":"Q5257"},"geometry":{"type":"Polygon","coordinates":[[[83.52,21.56],[82.05,19.89],[81.91,18.74],[79.53,16.74],[78.71,14.49],[77.21,14.17],[76.11,13.4],[75.3,15.01],[73.8,15.46],[73.42,16.04],[72.63,19.83],[72.9,20.92],[72.56,21.24],[74.59,23.36],[77.3,24.65],[78.39,24.97],[80.44,24.2],[83.52,21.56]]]}},{"type":"Feature","properties":{"n":"Huns","f":106,"t":370,"w":"Q45813"},"geometry":{"type":"MultiPolygon","coordinates":[[[[46.7,44.78],[46.78,44.78],[46.61,44.71],[46.7,44.78]]],[[[53.1,46.02],[53.18,46.02],[53.17,45.96],[53.1,46.02]]],[[[47.17,46.15],[49.41,47.33],[51.26,47.8],[53.1,47.86],[54.55,46.55],[54.29,45.56],[53.67,45.37],[53.06,45.56],[53.35,46.35],[53.11,47.01],[51.58,47.14],[50.3,46.94],[48.06,45.76],[47.17,46.15]]]]}},{"type":"Feature","properties":{"n":"Kingdom of Sophene","f":106,"t":113,"w":"Q2626105"},"geometry":{"type":"Polygon","coordinates":[[[40.09,37.96],[40.18,37.45],[39.5,37.58],[39.51,38.29],[38.73,38.87],[38.95,39.38],[40.48,39.58],[40.49,38.03],[40.09,37.96]]]}},{"type":"Feature","properties":{"n":"Wusun","f":106,"t":153,"w":"Q854062"},"geometry":{"type":"Polygon","coordinates":[[[76.82,41.46],[76.8,41.85],[76.16,41.85],[76.16,42.5],[75.7,42.56],[75.82,42.89],[77.77,42.95],[80.03,42.37],[76.82,41.46]]]}},{"type":"Feature","properties":{"n":"Himyarite Kingdom","f":106,"t":153,"w":"Q289577"},"geometry":{"type":"MultiPolygon","coordinates":[[[[45.21,15.91],[46.47,15.97],[46.15,15.52],[46.58,15.26],[45.6,14.88],[46.16,14.43],[46.11,13.4],[45.05,12.76],[43.44,12.69],[42.49,17.19],[43.55,17.77],[43.95,16.94],[45.21,15.91]]],[[[43.89,18.48],[43.74,18.48],[43.82,18.61],[43.89,18.48]]]]}},{"type":"Feature","properties":{"n":"Xiongnu","f":106,"t":126,"w":"Q188836"},"geometry":{"type":"Polygon","coordinates":[[[81.93,45.24],[79.95,44.97],[80.41,44.71],[80.79,43.28],[80.11,42.37],[79.08,42.82],[75.74,42.89],[75.14,43.21],[75.2,43.6],[74.79,43.8],[75.0,44.12],[73.97,44.84],[74.32,45.96],[75.45,46.55],[78.97,46.35],[79.31,46.94],[81.01,47.27],[81.63,46.81],[82.23,45.56],[81.93,45.24]]]}},{"type":"Feature","properties":{"n":"Teotihuacan","f":106,"t":655,"w":"Q172613"},"geometry":{"type":"Polygon","coordinates":[[[-98.74,19.7],[-98.02,19.38],[-98.29,18.86],[-98.87,19.19],[-98.74,19.7]]]}},{"type":"Feature","properties":{"n":"Han Dynasty","f":106,"t":116,"w":"Q1068371"},"geometry":{"type":"MultiPolygon","coordinates":[[[[108.76,18.41],[108.7,19.38],[109.25,19.96],[110.91,20.15],[111.03,19.57],[110.18,18.48],[108.76,18.41]]],[[[125.39,37.64],[124.9,37.9],[125.39,39.38],[124.34,39.9],[121.03,38.74],[121.69,39.38],[121.28,39.64],[122.23,40.48],[121.82,40.87],[121.11,40.87],[118.99,39.19],[117.78,39.13],[117.77,38.35],[119.46,37.96],[119.16,37.19],[120.75,37.9],[122.71,37.45],[122.39,36.8],[120.98,36.61],[119.23,34.81],[120.34,34.36],[120.92,32.62],[121.96,31.98],[121.84,31.66],[120.92,31.85],[122.0,31.08],[120.68,30.18],[121.48,30.31],[122.03,29.92],[121.94,29.22],[121.74,29.54],[121.57,29.47],[121.65,28.32],[121.12,28.32],[119.59,26.13],[119.53,25.62],[119.87,25.49],[119.27,25.49],[118.76,24.59],[118.15,24.52],[116.54,22.91],[114.64,22.72],[114.37,22.08],[113.6,22.72],[113.64,22.14],[110.42,21.18],[110.49,20.28],[109.88,20.21],[109.81,21.5],[108.65,21.69],[106.96,20.92],[105.97,19.83],[105.73,18.86],[107.03,17.26],[106.53,16.94],[105.14,18.41],[104.98,20.15],[104.44,20.47],[105.1,20.86],[105.12,23.17],[102.99,23.36],[101.81,24.26],[100.92,28.06],[100.98,31.01],[101.44,32.24],[101.88,32.88],[103.21,33.39],[103.49,33.97],[103.74,35.45],[103.21,37.06],[100.8,38.03],[100.41,38.61],[99.86,38.42],[99.12,39.26],[97.96,38.93],[96.76,39.45],[96.41,38.61],[95.32,39.38],[93.95,39.51],[86.44,38.35],[85.11,37.45],[81.03,36.61],[78.42,37.51],[77.03,38.8],[73.4,39.51],[73.8,40.29],[73.1,40.81],[77.35,41.39],[80.13,42.43],[82.06,42.24],[84.11,42.76],[87.56,42.95],[92.47,42.82],[92.94,42.63],[93.93,40.94],[97.21,41.0],[101.18,39.64],[101.17,39.26],[102.09,38.87],[104.58,39.84],[104.67,39.51],[103.61,38.74],[104.11,38.8],[103.76,37.84],[108.54,38.03],[111.51,37.51],[113.76,40.48],[115.99,41.78],[117.74,42.17],[118.03,41.46],[121.02,41.26],[123.17,41.91],[124.68,41.13],[126.74,41.0],[126.27,40.36],[126.83,39.84],[126.94,38.35],[126.35,37.84],[125.39,37.64]]],[[[122.28,29.99],[121.98,29.99],[122.05,30.18],[122.28,29.99]]]]}},{"type":"Feature","properties":{"n":"Xianbei","f":106,"t":116,"w":"Q861054"},"geometry":{"type":"Polygon","coordinates":[[[102.38,50.58],[103.26,50.25],[106.42,50.45],[107.82,50.05],[108.34,49.45],[109.71,49.25],[112.86,49.58],[114.14,50.31],[117.54,49.58],[118.9,50.05],[120.03,49.78],[120.95,49.12],[121.79,47.53],[123.53,47.07],[124.84,44.84],[124.51,43.02],[125.09,42.43],[121.02,41.26],[118.03,41.46],[117.74,42.17],[115.99,41.78],[113.76,40.48],[111.51,37.51],[108.54,38.03],[103.76,37.84],[104.11,38.8],[103.61,38.74],[104.67,39.51],[104.58,39.84],[102.09,38.87],[101.17,39.26],[101.18,39.64],[97.21,41.0],[93.93,40.94],[92.94,42.63],[92.47,42.82],[87.56,42.95],[84.11,42.76],[82.06,42.24],[80.21,42.43],[80.79,43.28],[80.41,44.71],[79.95,44.97],[82.23,45.56],[81.1,47.27],[85.32,48.19],[86.97,49.32],[95.01,51.71],[98.93,52.25],[102.12,51.45],[102.38,50.58]]]}},{"type":"Feature","properties":{"n":"Roman Empire","f":114,"t":116,"w":"Q12544"},"geometry":{"type":"MultiPolygon","coordinates":[[[[2.53,34.42],[2.53,34.49],[2.61,34.49],[2.53,34.42]]],[[[14.57,35.97],[14.57,35.77],[14.34,35.84],[14.57,35.97]]],[[[1.26,39.13],[1.65,39.13],[1.66,39.0],[1.27,38.8],[1.26,39.13]]],[[[2.34,39.64],[2.88,39.97],[3.52,39.77],[3.3,39.32],[2.34,39.64]]],[[[4.22,40.1],[4.3,39.84],[3.83,39.9],[4.22,40.1]]],[[[9.59,39.13],[8.34,39.0],[8.15,40.94],[9.5,41.2],[9.59,39.13]]],[[[9.1,41.33],[8.62,41.72],[8.53,42.5],[9.49,43.02],[9.58,41.98],[9.1,41.33]]],[[[10.46,42.89],[10.46,42.69],[10.21,42.69],[10.46,42.89]]],[[[14.51,44.91],[14.5,44.52],[14.26,44.58],[14.51,44.91]]],[[[19.01,45.56],[19.09,45.56],[19.09,45.5],[19.01,45.56]]],[[[16.91,48.19],[16.91,48.26],[16.99,48.26],[16.91,48.19]]],[[[16.83,48.26],[16.83,48.32],[16.91,48.32],[16.83,48.26]]],[[[6.19,51.85],[6.19,51.92],[6.28,51.92],[6.19,51.85]]],[[[1.09,53.06],[1.72,52.72],[1.59,52.12],[0.52,51.51],[1.38,51.38],[1.31,51.11],[0.49,50.78],[-1.37,50.85],[-1.18,50.58],[-3.13,50.71],[-3.58,50.25],[-5.75,50.05],[-4.2,51.31],[-3.09,51.25],[-2.95,51.45],[-5.26,51.71],[-5.22,52.05],[-4.16,52.45],[-4.3,52.92],[-4.79,52.79],[-4.49,53.12],[-4.7,53.46],[-3.15,53.46],[-2.97,54.14],[-3.59,54.27],[-3.57,54.89],[-1.61,55.36],[-1.29,54.68],[-0.2,54.21],[0.3,53.39],[0.17,52.86],[1.09,53.06]]],[[[25.68,35.13],[26.23,35.19],[24.82,35.0],[23.62,35.52],[25.68,35.13]]],[[[23.12,36.35],[23.11,36.16],[22.87,36.16],[23.12,36.35]]],[[[24.43,37.58],[24.27,37.51],[24.2,37.64],[24.43,37.58]]],[[[25.22,37.71],[25.29,37.51],[25.05,37.51],[25.22,37.71]]],[[[7.75,50.25],[8.76,50.58],[8.68,50.11],[9.53,48.85],[12.11,49.18],[14.26,48.26],[18.8,47.93],[19.27,47.47],[18.82,46.81],[18.92,45.5],[19.24,45.3],[20.06,45.37],[20.19,46.22],[21.65,46.09],[22.31,47.4],[23.17,47.8],[25.55,47.66],[25.92,47.14],[26.59,47.33],[27.64,46.35],[28.51,46.02],[29.74,46.09],[31.08,47.01],[31.57,46.94],[29.61,45.69],[29.53,44.91],[28.8,44.97],[28.48,43.47],[27.51,42.63],[28.51,41.33],[31.18,41.07],[32.63,41.91],[35.12,42.04],[36.21,41.26],[40.37,40.94],[41.57,41.46],[41.82,41.98],[41.33,42.89],[39.98,43.41],[40.16,43.54],[42.0,42.56],[41.7,41.33],[42.86,41.59],[43.34,41.13],[45.11,41.26],[45.6,40.87],[45.46,40.55],[46.46,39.97],[48.67,39.58],[48.8,38.09],[47.25,38.67],[46.12,38.48],[45.22,37.77],[45.25,36.93],[43.89,37.71],[41.18,37.32],[41.54,36.55],[39.5,35.77],[40.48,34.87],[40.55,34.16],[39.12,34.49],[37.07,33.26],[35.87,29.99],[35.86,28.89],[36.4,28.06],[38.69,26.39],[37.06,25.42],[35.41,27.87],[34.59,28.06],[34.91,29.41],[34.12,27.74],[33.19,28.51],[32.6,29.92],[32.69,28.96],[33.61,27.99],[34.05,26.58],[35.85,23.88],[31.67,23.75],[30.54,23.36],[28.57,24.65],[28.15,27.35],[25.37,29.28],[21.94,30.56],[18.73,29.99],[15.18,30.89],[14.28,31.91],[11.77,32.3],[9.63,33.14],[8.93,34.16],[7.61,34.55],[1.29,34.61],[-3.76,34.1],[-7.53,32.94],[-8.47,33.26],[-6.61,34.16],[-5.88,35.77],[-5.34,35.84],[-4.75,35.19],[-2.84,35.45],[-2.66,35.07],[-1.89,35.07],[1.22,36.55],[4.24,36.93],[5.56,36.67],[6.33,37.06],[8.52,36.87],[9.76,37.32],[10.46,36.74],[11.01,37.0],[10.46,35.9],[11.08,35.58],[11.08,35.0],[10.0,34.29],[10.24,33.71],[12.23,32.81],[13.3,32.94],[15.06,32.43],[15.65,31.4],[17.85,30.95],[18.97,30.24],[20.2,30.89],[20.02,32.24],[21.88,32.94],[23.09,32.62],[23.3,32.17],[24.89,31.98],[25.25,31.46],[26.85,31.46],[28.87,30.82],[30.97,31.66],[32.83,31.01],[34.55,31.53],[35.64,34.36],[36.05,34.55],[35.84,36.29],[36.14,36.93],[35.49,36.61],[34.58,36.87],[33.98,36.29],[32.71,36.03],[31.09,36.93],[29.94,36.22],[29.24,36.22],[29.12,36.74],[28.59,36.87],[28.03,36.67],[28.07,37.13],[27.22,37.32],[27.28,38.03],[26.43,38.22],[26.38,38.67],[27.06,38.35],[26.85,39.58],[26.13,39.51],[26.6,40.48],[29.05,40.36],[28.91,40.61],[29.48,40.74],[28.17,41.13],[26.92,40.48],[25.38,41.0],[23.7,40.81],[23.74,40.23],[22.65,40.61],[22.61,39.9],[23.14,39.45],[22.8,39.06],[23.49,38.87],[22.94,38.74],[24.03,38.67],[24.16,38.22],[23.98,37.84],[23.04,37.9],[23.4,37.32],[22.71,37.58],[23.06,36.67],[22.36,36.67],[22.22,37.06],[21.74,36.87],[21.7,37.51],[21.24,37.84],[21.74,38.35],[21.19,38.42],[20.15,39.71],[19.76,39.64],[20.01,39.97],[19.25,40.61],[19.54,41.78],[17.99,42.82],[17.51,42.76],[17.05,43.41],[15.93,43.47],[14.6,45.37],[13.78,44.91],[13.71,45.76],[13.39,45.82],[12.16,45.5],[12.31,44.19],[13.67,43.41],[14.37,42.24],[16.12,41.91],[15.94,41.39],[18.44,40.16],[18.11,39.9],[17.35,40.55],[16.62,40.29],[16.45,39.64],[17.14,39.06],[15.93,37.96],[15.39,38.16],[15.05,36.74],[12.49,37.9],[15.86,38.29],[16.27,38.93],[15.75,40.03],[12.6,41.52],[10.54,43.08],[10.21,43.99],[9.16,44.45],[6.28,43.15],[4.17,43.6],[3.14,43.28],[3.12,41.91],[0.7,40.94],[-0.35,39.71],[0.1,38.74],[-0.66,38.29],[-0.7,37.64],[-1.71,37.45],[-2.06,36.8],[-4.47,36.74],[-5.66,36.03],[-6.84,37.25],[-9.0,37.0],[-8.82,38.48],[-9.21,38.42],[-9.57,38.93],[-8.73,40.74],[-8.96,42.17],[-8.66,42.37],[-9.28,42.89],[-9.16,43.28],[-8.24,43.73],[-3.3,43.34],[-1.69,43.34],[-1.39,43.67],[-1.03,45.5],[-1.25,46.28],[-2.84,47.6],[-4.42,47.8],[-4.91,48.52],[-3.46,48.92],[-1.6,48.65],[-2.03,49.78],[0.01,49.38],[0.22,49.85],[1.45,50.25],[1.66,51.05],[3.41,51.45],[4.06,52.12],[5.93,51.98],[7.75,50.25]]],[[[20.93,37.9],[20.92,37.64],[20.61,37.71],[20.93,37.9]]],[[[25.07,37.77],[24.68,37.84],[24.77,38.03],[25.07,37.77]]],[[[20.57,38.42],[20.79,38.09],[20.32,38.16],[20.57,38.42]]],[[[23.56,38.74],[23.48,38.74],[23.49,38.8],[23.56,38.74]]],[[[24.67,38.93],[24.66,38.74],[24.36,38.87],[24.67,38.93]]],[[[20.15,39.64],[20.15,39.58],[20.07,39.58],[20.15,39.64]]],[[[25.46,40.03],[25.45,39.84],[24.97,39.84],[25.46,40.03]]],[[[24.81,40.81],[24.79,40.61],[24.55,40.55],[24.81,40.81]]],[[[19.08,47.07],[19.09,47.14],[19.17,47.14],[19.08,47.07]]],[[[38.06,26.97],[38.06,27.03],[38.14,27.03],[38.06,26.97]]],[[[37.84,27.16],[37.92,27.16],[37.91,27.09],[37.84,27.16]]],[[[33.04,34.55],[32.23,34.94],[34.54,35.71],[33.04,34.55]]],[[[28.02,36.48],[28.25,36.48],[28.14,36.03],[27.74,35.9],[28.02,36.48]]],[[[27.19,36.8],[26.87,36.67],[27.04,36.93],[27.19,36.8]]],[[[25.57,37.13],[25.56,37.0],[25.33,37.0],[25.57,37.13]]],[[[26.3,37.58],[25.99,37.51],[26.08,37.71],[26.3,37.58]]],[[[26.22,38.55],[26.11,38.16],[25.88,38.16],[25.82,38.48],[26.22,38.55]]],[[[25.79,39.19],[26.51,39.32],[26.64,39.0],[25.79,39.19]]],[[[26.04,40.29],[26.02,40.16],[25.7,40.1],[26.04,40.29]]],[[[27.14,47.01],[27.22,47.01],[27.21,46.94],[27.14,47.01]]]]}},{"type":"Feature","properties":{"n":"Parthian Empire","f":114,"t":116,"w":"Q1986139"},"geometry":{"type":"MultiPolygon","coordinates":[[[[51.21,25.49],[51.21,25.42],[51.13,25.42],[51.21,25.49]]],[[[50.46,26.26],[50.69,26.26],[50.65,25.87],[50.46,26.26]]],[[[59.77,40.16],[59.77,39.84],[60.95,39.51],[65.88,40.81],[65.07,39.0],[64.75,35.77],[65.09,34.87],[63.87,33.84],[63.43,32.36],[61.94,31.34],[60.96,29.99],[62.3,29.41],[66.89,29.67],[67.5,25.81],[67.11,25.1],[66.64,24.91],[66.35,25.55],[62.02,25.04],[57.96,25.55],[57.18,25.94],[56.71,27.16],[55.44,26.52],[55.54,26.77],[54.83,26.45],[53.66,26.71],[51.32,27.99],[50.06,30.18],[48.94,30.31],[47.85,29.41],[48.87,27.67],[50.13,26.77],[50.07,26.07],[50.65,25.1],[51.12,26.13],[51.7,25.87],[51.41,24.33],[51.91,24.01],[54.08,24.14],[56.48,26.39],[56.4,24.97],[56.79,24.33],[58.81,23.62],[59.27,22.91],[56.81,23.75],[56.09,24.84],[54.27,23.75],[51.88,23.69],[51.1,24.2],[51.32,25.87],[50.62,24.65],[49.67,25.87],[49.88,26.45],[48.55,27.48],[48.47,28.12],[47.65,28.96],[47.65,29.67],[46.62,29.86],[46.59,30.31],[45.77,30.44],[43.15,32.81],[40.55,34.16],[40.48,34.87],[39.49,35.64],[41.54,36.55],[42.63,36.55],[42.88,37.77],[44.64,37.51],[45.25,36.93],[45.22,37.77],[46.12,38.48],[47.25,38.67],[51.26,36.61],[54.03,36.87],[53.99,39.0],[53.14,39.45],[53.54,39.51],[53.5,40.03],[52.72,40.1],[52.89,40.87],[59.77,40.16]]]]}},{"type":"Feature","properties":{"n":"Han Dynasty","f":117,"t":153,"w":"Q1068371"},"geometry":{"type":"MultiPolygon","coordinates":[[[[108.76,18.41],[108.7,19.38],[109.25,19.96],[110.91,20.15],[111.03,19.57],[110.18,18.48],[108.76,18.41]]],[[[125.39,37.64],[124.9,37.9],[125.39,39.38],[124.34,39.9],[121.03,38.74],[121.69,39.38],[121.28,39.64],[122.23,40.48],[121.82,40.87],[121.11,40.87],[118.99,39.19],[117.78,39.13],[117.77,38.35],[119.46,37.96],[119.16,37.19],[120.75,37.9],[122.71,37.45],[122.39,36.8],[120.98,36.61],[119.23,34.81],[120.34,34.36],[120.92,32.62],[121.96,31.98],[121.84,31.66],[120.92,31.85],[122.0,31.08],[120.68,30.18],[121.48,30.31],[122.03,29.92],[121.94,29.22],[121.74,29.54],[121.57,29.47],[121.65,28.32],[121.12,28.32],[119.59,26.13],[119.53,25.62],[119.87,25.49],[119.27,25.49],[118.76,24.59],[118.15,24.52],[116.54,22.91],[114.64,22.72],[114.37,22.08],[113.6,22.72],[113.64,22.14],[110.42,21.18],[110.49,20.28],[109.88,20.21],[109.81,21.5],[108.65,21.69],[106.96,20.92],[105.97,19.83],[105.73,18.86],[107.03,17.26],[106.61,16.94],[105.14,18.41],[104.98,20.15],[104.44,20.47],[105.1,20.86],[105.12,23.17],[102.99,23.36],[102.32,23.81],[101.81,24.26],[101.2,26.39],[100.98,31.01],[101.69,32.75],[103.33,33.52],[103.74,35.45],[103.21,37.06],[100.8,38.03],[100.41,38.61],[99.86,38.42],[99.12,39.26],[97.96,38.93],[96.76,39.45],[96.41,38.61],[95.32,39.38],[93.95,39.51],[88.75,38.87],[86.08,38.22],[85.11,37.45],[81.69,37.0],[82.06,37.64],[85.38,39.32],[92.48,41.07],[93.69,40.74],[97.21,41.0],[101.18,39.64],[101.17,39.26],[102.09,38.87],[104.58,39.84],[104.67,39.51],[103.61,38.74],[104.11,38.8],[103.66,37.96],[104.46,37.64],[108.54,38.03],[111.74,37.51],[113.76,40.48],[117.34,42.17],[117.74,42.17],[118.03,41.46],[121.02,41.26],[123.17,41.91],[124.68,41.13],[126.74,41.0],[126.27,40.36],[126.83,39.84],[126.94,38.35],[126.35,37.84],[125.39,37.64]]],[[[122.28,29.99],[121.98,29.99],[122.05,30.18],[122.28,29.99]]]]}},{"type":"Feature","properties":{"n":"Xianbei","f":117,"t":153,"w":"Q861054"},"geometry":{"type":"Polygon","coordinates":[[[102.38,50.58],[103.26,50.25],[106.42,50.45],[107.82,50.05],[108.34,49.45],[109.71,49.25],[112.86,49.58],[114.14,50.31],[117.54,49.58],[118.9,50.05],[120.03,49.78],[120.95,49.12],[121.79,47.53],[123.53,47.07],[124.84,44.84],[124.51,43.02],[125.09,42.43],[121.02,41.26],[118.03,41.46],[117.74,42.17],[115.99,41.78],[113.76,40.48],[111.74,37.51],[108.54,38.03],[104.46,37.64],[103.66,37.96],[104.11,38.8],[103.61,38.74],[104.67,39.51],[104.58,39.84],[102.09,38.87],[101.17,39.26],[101.18,39.64],[97.21,41.0],[93.69,40.74],[90.22,41.91],[85.79,42.76],[82.06,42.24],[80.21,42.43],[80.79,43.28],[80.41,44.71],[79.95,44.97],[82.23,45.56],[81.1,47.27],[85.32,48.19],[86.97,49.32],[95.01,51.71],[98.93,52.25],[102.12,51.45],[102.38,50.58]]]}},{"type":"Feature","properties":{"n":"Kushan Empire","f":117,"t":126,"w":"Q25979"},"geometry":{"type":"MultiPolygon","coordinates":[[[[77.03,38.8],[73.69,39.45],[72.23,36.55],[72.47,35.97],[73.44,34.94],[74.63,34.16],[75.27,33.01],[76.6,32.17],[78.84,31.66],[79.61,31.01],[79.95,29.86],[79.38,27.74],[78.24,26.84],[75.2,26.64],[71.9,25.68],[70.57,24.65],[70.07,23.56],[69.02,22.91],[68.16,23.81],[67.49,23.88],[67.15,24.78],[66.63,24.84],[67.5,25.81],[66.93,28.57],[67.14,29.34],[66.08,29.79],[66.48,31.59],[63.43,32.36],[63.87,33.84],[65.09,34.87],[64.75,35.77],[65.07,39.0],[65.88,40.81],[67.55,41.59],[68.98,41.33],[69.58,41.72],[71.63,41.65],[73.02,40.81],[77.35,41.39],[80.13,42.43],[82.06,42.24],[84.11,42.76],[85.79,42.76],[90.7,41.72],[89.8,40.94],[83.24,41.39],[79.69,40.61],[78.27,39.97],[78.22,39.58],[79.37,38.55],[78.5,37.51],[77.03,38.8]]],[[[72.52,36.16],[72.6,36.16],[72.58,36.1],[72.52,36.16]]]]}},{"type":"Feature","properties":{"n":"Protectorate of the Western Regions","f":117,"t":183,"w":"Q911440"},"geometry":{"type":"Polygon","coordinates":[[[82.06,37.64],[81.69,37.0],[82.02,36.8],[81.03,36.61],[78.56,37.45],[79.37,38.55],[78.22,39.58],[78.27,39.97],[81.31,41.13],[85.78,41.39],[89.8,40.94],[90.7,41.72],[92.48,41.07],[85.38,39.32],[82.06,37.64]]]}},{"type":"Feature","properties":{"n":"Roman Empire","f":117,"t":126,"w":"Q12544"},"geometry":{"type":"MultiPolygon","coordinates":[[[[2.53,34.42],[2.53,34.49],[2.61,34.49],[2.53,34.42]]],[[[14.57,35.97],[14.57,35.77],[14.34,35.84],[14.57,35.97]]],[[[1.26,39.13],[1.65,39.13],[1.66,39.0],[1.27,38.8],[1.26,39.13]]],[[[2.34,39.64],[2.88,39.97],[3.52,39.77],[3.3,39.32],[2.34,39.64]]],[[[4.22,40.1],[4.3,39.84],[3.83,39.9],[4.22,40.1]]],[[[9.59,39.13],[8.34,39.0],[8.15,40.94],[9.5,41.2],[9.59,39.13]]],[[[9.1,41.33],[8.62,41.72],[8.53,42.5],[9.49,43.02],[9.58,41.98],[9.1,41.33]]],[[[10.46,42.89],[10.46,42.69],[10.21,42.69],[10.46,42.89]]],[[[14.51,44.91],[14.5,44.52],[14.26,44.58],[14.51,44.91]]],[[[19.01,45.56],[19.09,45.56],[19.09,45.5],[19.01,45.56]]],[[[16.91,48.19],[16.91,48.26],[16.99,48.26],[16.91,48.19]]],[[[16.83,48.26],[16.83,48.32],[16.91,48.32],[16.83,48.26]]],[[[6.19,51.85],[6.19,51.92],[6.28,51.92],[6.19,51.85]]],[[[1.09,53.06],[1.72,52.72],[1.59,52.12],[0.52,51.51],[1.38,51.38],[1.31,51.11],[0.49,50.78],[-1.37,50.85],[-1.18,50.58],[-3.13,50.71],[-3.58,50.25],[-5.75,50.05],[-4.2,51.31],[-3.09,51.25],[-2.95,51.45],[-5.26,51.71],[-5.22,52.05],[-4.16,52.45],[-4.3,52.92],[-4.79,52.79],[-4.49,53.12],[-4.7,53.46],[-3.15,53.46],[-2.97,54.14],[-3.59,54.27],[-3.57,54.89],[-1.61,55.36],[-1.29,54.68],[-0.2,54.21],[0.3,53.39],[0.17,52.86],[1.09,53.06]]],[[[25.68,35.13],[26.23,35.19],[24.82,35.0],[23.62,35.52],[25.68,35.13]]],[[[23.12,36.35],[23.11,36.16],[22.87,36.16],[23.12,36.35]]],[[[24.43,37.58],[24.27,37.51],[24.2,37.64],[24.43,37.58]]],[[[25.22,37.71],[25.29,37.51],[25.05,37.51],[25.22,37.71]]],[[[7.75,50.25],[8.76,50.58],[8.68,50.11],[9.53,48.85],[12.11,49.18],[14.26,48.26],[18.8,47.93],[19.27,47.47],[18.82,46.81],[18.92,45.5],[19.24,45.3],[20.06,45.37],[20.19,46.22],[21.65,46.09],[22.31,47.4],[23.17,47.8],[25.55,47.66],[25.92,47.14],[26.59,47.33],[27.64,46.35],[28.51,46.02],[29.74,46.09],[31.08,47.01],[31.57,46.94],[29.61,45.69],[29.53,44.91],[28.8,44.97],[28.48,43.47],[27.51,42.63],[27.98,41.65],[28.96,41.13],[31.18,41.07],[32.63,41.91],[35.12,42.04],[36.21,41.26],[40.37,40.94],[41.57,41.46],[41.82,41.98],[41.33,42.89],[39.98,43.41],[40.16,43.54],[42.0,42.56],[41.7,41.33],[42.86,41.59],[43.34,41.13],[45.11,41.26],[45.6,40.87],[45.46,40.55],[46.46,39.97],[48.67,39.58],[48.8,38.09],[47.25,38.67],[46.12,38.48],[45.22,37.77],[45.43,37.06],[44.85,36.87],[45.42,35.97],[46.25,35.84],[46.15,34.04],[48.58,32.17],[48.9,29.99],[47.87,29.54],[46.62,29.86],[46.59,30.31],[45.77,30.44],[43.15,32.81],[40.7,34.16],[39.12,34.49],[36.81,32.94],[35.83,29.47],[36.26,28.19],[38.69,26.39],[37.06,25.42],[35.41,27.87],[34.59,28.06],[34.91,29.41],[34.12,27.74],[33.19,28.51],[32.6,29.92],[32.69,28.96],[33.61,27.99],[34.05,26.58],[35.85,23.88],[31.67,23.75],[30.46,23.36],[28.57,24.65],[28.15,27.35],[25.37,29.28],[21.94,30.56],[18.73,29.99],[15.18,30.89],[14.28,31.91],[11.77,32.3],[9.63,33.14],[8.93,34.16],[7.61,34.55],[1.29,34.61],[-3.76,34.1],[-7.53,32.94],[-8.47,33.26],[-6.61,34.16],[-5.88,35.77],[-5.34,35.84],[-4.75,35.19],[-2.84,35.45],[-2.66,35.07],[-1.89,35.07],[1.22,36.55],[4.24,36.93],[5.56,36.67],[6.33,37.06],[8.52,36.87],[9.76,37.32],[10.46,36.74],[11.01,37.0],[10.46,35.9],[11.08,35.58],[11.08,35.0],[10.0,34.29],[10.24,33.71],[12.23,32.81],[13.3,32.94],[15.06,32.43],[15.65,31.4],[17.85,30.95],[18.97,30.24],[20.2,30.89],[20.02,32.24],[21.88,32.94],[23.09,32.62],[23.3,32.17],[24.89,31.98],[25.25,31.46],[26.85,31.46],[28.87,30.82],[30.97,31.66],[32.83,31.01],[34.55,31.53],[35.64,34.36],[36.05,34.55],[35.84,36.29],[36.14,36.93],[35.49,36.61],[34.58,36.87],[33.98,36.29],[32.71,36.03],[31.09,36.93],[29.94,36.22],[29.24,36.22],[29.12,36.74],[28.59,36.87],[28.03,36.67],[28.07,37.13],[27.22,37.32],[27.28,38.03],[26.43,38.22],[26.38,38.67],[27.06,38.35],[26.85,39.58],[26.13,39.51],[26.6,40.48],[29.05,40.36],[28.91,40.61],[29.48,40.74],[28.17,41.13],[26.92,40.48],[25.38,41.0],[23.7,40.81],[23.74,40.23],[22.65,40.61],[22.61,39.9],[23.14,39.45],[22.8,39.06],[23.49,38.87],[22.94,38.74],[24.03,38.67],[24.16,38.22],[23.98,37.84],[23.04,37.9],[23.4,37.32],[22.71,37.58],[23.06,36.67],[22.36,36.67],[22.22,37.06],[21.74,36.87],[21.7,37.51],[21.24,37.84],[21.74,38.35],[21.19,38.42],[20.15,39.71],[19.76,39.64],[20.01,39.97],[19.25,40.61],[19.54,41.78],[17.99,42.82],[17.51,42.76],[17.05,43.41],[15.93,43.47],[14.6,45.37],[13.78,44.91],[13.71,45.76],[13.39,45.82],[12.16,45.5],[12.31,44.19],[13.67,43.41],[14.37,42.24],[16.12,41.91],[15.94,41.39],[18.44,40.16],[18.11,39.9],[17.35,40.55],[16.62,40.29],[16.45,39.64],[17.14,39.06],[15.93,37.96],[15.39,38.16],[15.05,36.74],[12.49,37.9],[15.86,38.29],[16.27,38.93],[15.75,40.03],[12.6,41.52],[10.54,43.08],[10.21,43.99],[9.16,44.45],[6.28,43.15],[4.17,43.6],[3.14,43.28],[3.12,41.91],[0.7,40.94],[-0.35,39.71],[0.1,38.74],[-0.66,38.29],[-0.7,37.64],[-1.71,37.45],[-2.06,36.8],[-4.47,36.74],[-5.66,36.03],[-6.84,37.25],[-9.0,37.0],[-8.82,38.48],[-9.21,38.42],[-9.57,38.93],[-8.73,40.74],[-8.96,42.17],[-8.66,42.37],[-9.28,42.89],[-9.16,43.28],[-8.24,43.73],[-3.3,43.34],[-1.69,43.34],[-1.39,43.67],[-1.03,45.5],[-1.25,46.28],[-2.84,47.6],[-4.42,47.8],[-4.91,48.52],[-3.46,48.92],[-1.6,48.65],[-2.03,49.78],[0.01,49.38],[0.22,49.85],[1.45,50.25],[1.66,51.05],[3.41,51.45],[4.06,52.12],[5.93,51.98],[7.75,50.25]]],[[[20.93,37.9],[20.92,37.64],[20.61,37.71],[20.93,37.9]]],[[[25.07,37.77],[24.68,37.84],[24.77,38.03],[25.07,37.77]]],[[[20.57,38.42],[20.79,38.09],[20.32,38.16],[20.57,38.42]]],[[[23.56,38.74],[23.48,38.74],[23.49,38.8],[23.56,38.74]]],[[[24.67,38.93],[24.66,38.74],[24.36,38.87],[24.67,38.93]]],[[[20.15,39.64],[20.15,39.58],[20.07,39.58],[20.15,39.64]]],[[[25.46,40.03],[25.45,39.84],[24.97,39.84],[25.46,40.03]]],[[[24.81,40.81],[24.79,40.61],[24.55,40.55],[24.81,40.81]]],[[[19.08,47.07],[19.09,47.14],[19.17,47.14],[19.08,47.07]]],[[[38.06,26.97],[38.06,27.03],[38.14,27.03],[38.06,26.97]]],[[[37.84,27.16],[37.92,27.16],[37.91,27.09],[37.84,27.16]]],[[[33.04,34.55],[32.23,34.94],[34.54,35.71],[33.04,34.55]]],[[[28.02,36.48],[28.25,36.48],[28.14,36.03],[27.74,35.9],[28.02,36.48]]],[[[27.19,36.8],[26.87,36.67],[27.04,36.93],[27.19,36.8]]],[[[25.57,37.13],[25.56,37.0],[25.33,37.0],[25.57,37.13]]],[[[26.3,37.58],[25.99,37.51],[26.08,37.71],[26.3,37.58]]],[[[26.22,38.55],[26.11,38.16],[25.88,38.16],[25.82,38.48],[26.22,38.55]]],[[[25.79,39.19],[26.51,39.32],[26.64,39.0],[25.79,39.19]]],[[[26.04,40.29],[26.02,40.16],[25.7,40.1],[26.04,40.29]]],[[[27.14,47.01],[27.22,47.01],[27.21,46.94],[27.14,47.01]]]]}},{"type":"Feature","properties":{"n":"Parthian Empire","f":117,"t":126,"w":"Q1986139"},"geometry":{"type":"MultiPolygon","coordinates":[[[[51.21,25.49],[51.21,25.42],[51.13,25.42],[51.21,25.49]]],[[[50.46,26.26],[50.69,26.26],[50.65,25.87],[50.46,26.26]]],[[[50.13,26.77],[50.07,26.07],[50.65,25.1],[51.12,26.13],[51.7,25.87],[51.41,24.33],[51.91,24.01],[54.08,24.14],[56.48,26.39],[56.4,24.97],[56.79,24.33],[58.81,23.62],[59.27,22.91],[56.81,23.75],[56.09,24.84],[54.27,23.75],[51.88,23.69],[51.17,24.07],[51.32,25.87],[50.62,24.65],[49.67,25.87],[49.88,26.45],[48.55,27.48],[48.47,28.12],[47.65,28.96],[47.58,29.67],[48.22,29.28],[48.87,27.67],[50.13,26.77]]],[[[59.77,40.16],[59.77,39.84],[60.95,39.51],[65.88,40.81],[65.07,39.0],[64.75,35.77],[65.09,34.87],[63.87,33.84],[63.43,32.36],[61.94,31.34],[60.96,29.99],[62.3,29.41],[66.89,29.67],[67.5,25.81],[67.11,25.1],[66.64,24.91],[66.35,25.55],[62.02,25.04],[57.96,25.55],[57.18,25.94],[56.71,27.16],[54.83,26.45],[51.45,27.87],[50.06,30.18],[49.02,30.31],[48.58,32.17],[46.15,34.04],[46.25,35.84],[45.42,35.97],[44.85,36.87],[45.43,37.06],[45.22,37.77],[45.85,38.29],[47.25,38.67],[51.26,36.61],[54.03,36.87],[53.99,39.0],[53.14,39.45],[53.54,39.51],[53.5,40.03],[52.72,40.1],[52.89,40.87],[59.77,40.16]]]]}},{"type":"Feature","properties":{"n":"Roman Empire","f":127,"t":153,"w":"Q12544"},"geometry":{"type":"MultiPolygon","coordinates":[[[[2.53,34.42],[2.53,34.49],[2.61,34.49],[2.53,34.42]]],[[[14.57,35.97],[14.57,35.77],[14.34,35.84],[14.57,35.97]]],[[[23.12,36.35],[23.11,36.16],[22.87,36.16],[23.12,36.35]]],[[[7.75,50.25],[8.76,50.58],[8.68,50.11],[9.53,48.85],[12.11,49.18],[14.26,48.26],[18.8,47.93],[19.27,47.47],[18.82,46.81],[18.92,45.5],[19.24,45.3],[20.06,45.37],[20.19,46.22],[21.65,46.09],[22.75,47.73],[25.55,47.66],[26.7,46.74],[26.4,46.22],[25.39,45.89],[25.22,44.91],[26.2,44.06],[27.92,44.32],[28.05,45.56],[29.18,45.43],[30.11,46.41],[31.57,46.94],[29.61,45.69],[29.53,44.91],[28.8,44.97],[28.48,43.47],[27.51,42.63],[27.98,41.65],[28.96,41.13],[31.18,41.07],[32.63,41.91],[35.12,42.04],[36.21,41.26],[40.37,40.94],[41.57,41.46],[41.82,41.98],[41.33,42.89],[39.98,43.41],[41.67,42.95],[42.01,41.72],[41.45,40.74],[40.4,40.1],[38.79,39.9],[38.95,39.38],[40.55,39.51],[40.57,38.03],[40.09,37.96],[40.18,37.45],[39.38,37.9],[37.99,37.38],[38.13,35.97],[39.94,35.52],[40.55,34.16],[39.12,34.49],[37.07,33.26],[35.87,29.99],[35.86,28.89],[36.4,28.06],[38.69,26.39],[37.06,25.42],[35.41,27.87],[34.59,28.06],[34.91,29.41],[34.12,27.74],[33.19,28.51],[32.6,29.92],[32.69,28.96],[33.61,27.99],[34.05,26.58],[35.85,23.88],[31.67,23.75],[30.46,23.36],[28.57,24.65],[28.15,27.35],[25.37,29.28],[21.94,30.56],[18.73,29.99],[15.18,30.89],[14.28,31.91],[11.77,32.3],[9.63,33.14],[8.93,34.16],[7.61,34.55],[1.29,34.61],[-3.76,34.1],[-7.53,32.94],[-8.47,33.26],[-6.61,34.16],[-5.88,35.77],[-5.34,35.84],[-4.75,35.19],[-2.84,35.45],[-2.66,35.07],[-1.89,35.07],[1.22,36.55],[4.24,36.93],[5.56,36.67],[6.33,37.06],[8.52,36.87],[9.76,37.32],[10.46,36.74],[11.01,37.0],[10.46,35.9],[11.08,35.58],[11.08,35.0],[10.0,34.29],[10.24,33.71],[12.23,32.81],[13.3,32.94],[15.06,32.43],[15.65,31.4],[17.85,30.95],[18.97,30.24],[20.2,30.89],[20.02,32.24],[21.88,32.94],[23.09,32.62],[23.3,32.17],[24.89,31.98],[25.25,31.46],[26.85,31.46],[28.87,30.82],[30.97,31.66],[32.83,31.01],[34.55,31.53],[35.64,34.36],[36.05,34.55],[35.84,36.29],[36.14,36.93],[35.49,36.61],[34.58,36.87],[33.98,36.29],[32.71,36.03],[31.09,36.93],[29.94,36.22],[29.24,36.22],[29.12,36.74],[28.59,36.87],[28.03,36.67],[28.07,37.13],[27.22,37.32],[27.28,38.03],[26.43,38.22],[26.38,38.67],[27.06,38.35],[26.85,39.58],[26.13,39.51],[26.6,40.48],[29.05,40.36],[28.91,40.61],[29.48,40.74],[28.17,41.13],[26.92,40.48],[25.38,41.0],[23.7,40.81],[23.74,40.23],[22.65,40.61],[22.61,39.9],[23.14,39.45],[22.8,39.06],[23.49,38.87],[22.94,38.74],[24.03,38.67],[24.16,38.22],[23.98,37.84],[23.04,37.9],[23.4,37.32],[22.71,37.58],[23.06,36.67],[22.36,36.67],[22.22,37.06],[21.74,36.87],[21.7,37.51],[21.24,37.84],[21.74,38.35],[21.19,38.42],[20.15,39.71],[19.76,39.64],[20.01,39.97],[19.25,40.61],[19.54,41.78],[17.99,42.82],[17.51,42.76],[17.05,43.41],[15.93,43.47],[14.6,45.37],[13.78,44.91],[13.71,45.76],[13.39,45.82],[12.16,45.5],[12.31,44.19],[13.67,43.41],[14.37,42.24],[16.12,41.91],[15.94,41.39],[18.44,40.16],[18.11,39.9],[17.35,40.55],[16.62,40.29],[16.45,39.64],[17.14,39.06],[15.93,37.96],[15.39,38.16],[15.05,36.74],[12.49,37.9],[15.86,38.29],[16.27,38.93],[15.75,40.03],[12.6,41.52],[10.54,43.08],[10.21,43.99],[9.16,44.45],[6.28,43.15],[4.17,43.6],[3.14,43.28],[3.12,41.91],[0.7,40.94],[-0.35,39.71],[0.1,38.74],[-0.66,38.29],[-0.7,37.64],[-1.71,37.45],[-2.06,36.8],[-4.47,36.74],[-5.66,36.03],[-6.84,37.25],[-9.0,37.0],[-8.82,38.48],[-9.21,38.42],[-9.57,38.93],[-8.73,40.74],[-8.96,42.17],[-8.66,42.37],[-9.28,42.89],[-9.16,43.28],[-8.24,43.73],[-3.3,43.34],[-1.69,43.34],[-1.39,43.67],[-1.03,45.5],[-1.25,46.28],[-2.84,47.6],[-4.42,47.8],[-4.91,48.52],[-3.46,48.92],[-1.6,48.65],[-2.03,49.78],[0.01,49.38],[0.22,49.85],[1.45,50.25],[1.66,51.05],[3.41,51.45],[4.06,52.12],[5.93,51.98],[7.75,50.25]]],[[[20.93,37.9],[20.92,37.64],[20.61,37.71],[20.93,37.9]]],[[[20.57,38.42],[20.79,38.09],[20.32,38.16],[20.57,38.42]]],[[[1.26,39.13],[1.65,39.13],[1.66,39.0],[1.27,38.8],[1.26,39.13]]],[[[20.15,39.64],[20.15,39.58],[20.07,39.58],[20.15,39.64]]],[[[2.34,39.64],[2.88,39.97],[3.52,39.77],[3.3,39.32],[2.34,39.64]]],[[[4.22,40.1],[4.3,39.84],[3.83,39.9],[4.22,40.1]]],[[[9.59,39.13],[8.34,39.0],[8.15,40.94],[9.5,41.2],[9.59,39.13]]],[[[9.1,41.33],[8.62,41.72],[8.53,42.5],[9.49,43.02],[9.58,41.98],[9.1,41.33]]],[[[10.46,42.89],[10.46,42.69],[10.21,42.69],[10.46,42.89]]],[[[14.51,44.91],[14.5,44.52],[14.26,44.58],[14.51,44.91]]],[[[19.0,45.5],[19.01,45.56],[19.09,45.56],[19.0,45.5]]],[[[19.08,47.07],[19.09,47.14],[19.17,47.14],[19.08,47.07]]],[[[16.91,48.19],[16.91,48.26],[16.99,48.26],[16.91,48.19]]],[[[16.83,48.32],[16.91,48.32],[16.91,48.26],[16.83,48.32]]],[[[6.19,51.92],[6.28,51.92],[6.28,51.85],[6.19,51.92]]],[[[1.72,52.72],[1.59,52.12],[0.52,51.51],[1.38,51.38],[1.31,51.11],[0.49,50.78],[-1.37,50.85],[-1.18,50.58],[-3.13,50.71],[-3.58,50.25],[-5.75,50.05],[-4.2,51.31],[-3.09,51.25],[-2.95,51.45],[-5.26,51.71],[-5.22,52.05],[-4.16,52.45],[-4.3,52.92],[-4.79,52.79],[-4.49,53.12],[-4.7,53.46],[-3.15,53.46],[-2.97,54.14],[-3.59,54.27],[-3.57,54.89],[-1.61,55.36],[-1.29,54.68],[-0.2,54.21],[0.3,53.39],[0.07,52.99],[1.72,52.72]]],[[[38.06,26.97],[38.06,27.03],[38.14,27.03],[38.06,26.97]]],[[[37.84,27.09],[37.84,27.16],[37.92,27.16],[37.84,27.09]]],[[[33.04,34.55],[32.23,34.94],[34.54,35.71],[33.04,34.55]]],[[[25.68,35.13],[26.23,35.19],[24.82,35.0],[23.62,35.52],[25.68,35.13]]],[[[28.02,36.48],[28.25,36.48],[28.14,36.03],[27.74,35.9],[28.02,36.48]]],[[[27.19,36.8],[26.87,36.67],[27.04,36.93],[27.19,36.8]]],[[[25.57,37.13],[25.56,37.0],[25.33,37.0],[25.57,37.13]]],[[[24.43,37.58],[24.27,37.51],[24.2,37.64],[24.43,37.58]]],[[[25.22,37.71],[25.29,37.51],[25.05,37.51],[25.22,37.71]]],[[[26.31,37.71],[26.3,37.58],[25.99,37.51],[26.31,37.71]]],[[[24.77,38.03],[25.07,37.77],[24.83,37.71],[24.77,38.03]]],[[[26.22,38.55],[26.11,38.16],[25.88,38.16],[25.82,38.48],[26.22,38.55]]],[[[23.48,38.74],[23.49,38.8],[23.57,38.8],[23.48,38.74]]],[[[24.67,38.93],[24.66,38.74],[24.36,38.87],[24.67,38.93]]],[[[25.79,39.19],[26.04,39.38],[26.64,39.0],[25.79,39.19]]],[[[25.46,40.03],[25.45,39.84],[24.97,39.84],[25.46,40.03]]],[[[26.04,40.29],[26.02,40.16],[25.7,40.1],[26.04,40.29]]],[[[24.81,40.81],[24.79,40.61],[24.55,40.55],[24.81,40.81]]]]}},{"type":"Feature","properties":{"n":"Western Satraps","f":127,"t":153,"w":"Q2086608"},"geometry":{"type":"Polygon","coordinates":[[[80.57,21.76],[79.39,21.24],[74.58,20.73],[74.12,19.83],[72.87,19.25],[72.53,22.27],[72.11,21.89],[72.18,21.18],[70.72,20.66],[68.95,22.21],[70.26,22.66],[70.37,22.91],[69.45,22.72],[69.04,23.04],[70.07,23.56],[70.57,24.65],[71.9,25.68],[76.58,26.84],[78.24,26.84],[78.31,24.97],[80.58,24.14],[81.3,23.36],[80.57,21.76]]]}},{"type":"Feature","properties":{"n":"Kingdom of Adiabene","f":127,"t":160,"w":"Q149747"},"geometry":{"type":"Polygon","coordinates":[[[41.18,37.32],[42.76,37.51],[42.63,36.55],[41.67,36.35],[41.18,37.32]]]}},{"type":"Feature","properties":{"n":"Parthian Empire","f":127,"t":153,"w":"Q1986139"},"geometry":{"type":"MultiPolygon","coordinates":[[[[51.21,25.49],[51.21,25.42],[51.13,25.42],[51.21,25.49]]],[[[50.46,26.26],[50.69,26.26],[50.65,25.87],[50.46,26.26]]],[[[45.46,40.55],[46.46,39.97],[48.67,39.58],[49.09,37.51],[51.64,36.55],[54.03,36.87],[53.99,39.0],[53.14,39.45],[53.54,39.51],[53.5,40.03],[52.72,40.1],[52.89,40.87],[57.16,40.16],[58.33,40.42],[59.77,40.16],[59.77,39.84],[60.71,39.51],[65.88,40.81],[65.07,39.0],[64.75,35.77],[65.09,34.87],[63.87,33.84],[63.43,32.36],[61.94,31.34],[60.96,29.99],[62.3,29.41],[66.89,29.67],[67.5,25.81],[67.11,25.1],[66.64,24.91],[66.35,25.55],[62.02,25.04],[57.96,25.55],[57.18,25.94],[56.71,27.16],[55.44,26.52],[55.54,26.77],[54.83,26.45],[53.66,26.71],[51.32,27.99],[50.06,30.18],[48.94,30.31],[47.85,29.41],[48.87,27.67],[50.13,26.77],[50.07,26.07],[50.65,25.1],[51.12,26.13],[51.7,25.87],[51.41,24.33],[51.91,24.01],[54.08,24.14],[56.48,26.39],[56.4,24.97],[56.79,24.33],[58.81,23.62],[59.27,22.91],[56.81,23.75],[56.09,24.84],[54.27,23.75],[51.88,23.69],[51.17,24.07],[51.32,25.87],[50.62,24.65],[49.67,25.87],[49.88,26.45],[48.55,27.48],[48.47,28.12],[47.65,28.96],[47.65,29.67],[46.62,29.86],[46.59,30.31],[45.77,30.44],[43.15,32.81],[40.55,34.16],[40.48,34.87],[39.5,35.71],[41.54,36.55],[42.63,36.55],[42.88,37.77],[40.57,38.03],[40.55,39.51],[38.95,39.38],[38.79,39.9],[40.4,40.1],[41.45,40.74],[41.53,41.26],[42.62,41.59],[43.34,41.13],[45.11,41.26],[45.6,40.87],[45.46,40.55]]]]}},{"type":"Feature","properties":{"n":"Dong-okjeo","f":127,"t":153,"w":"Q713393"},"geometry":{"type":"Polygon","coordinates":[[[126.83,39.84],[126.27,40.36],[127.46,41.0],[129.81,41.33],[129.76,40.87],[126.73,39.38],[126.83,39.84]]]}},{"type":"Feature","properties":{"n":"Satavahana Dynasty","f":127,"t":153,"w":"Q5257"},"geometry":{"type":"Polygon","coordinates":[[[82.05,19.89],[81.91,18.74],[79.53,16.74],[78.71,14.49],[77.21,14.17],[76.11,13.4],[74.97,15.33],[73.54,15.78],[72.87,19.25],[74.12,19.83],[74.58,20.73],[79.39,21.24],[80.99,22.14],[81.3,23.36],[82.62,22.66],[83.53,21.63],[82.05,19.89]]]}},{"type":"Feature","properties":{"n":"Kushan Empire","f":127,"t":153,"w":"Q25979"},"geometry":{"type":"MultiPolygon","coordinates":[[[[77.03,38.8],[73.69,39.45],[72.26,36.35],[73.44,34.94],[74.63,34.16],[75.27,33.01],[76.6,32.17],[79.18,31.46],[79.87,30.5],[80.17,28.7],[83.08,27.42],[84.36,27.42],[84.37,24.01],[83.62,21.76],[80.58,24.14],[78.58,24.71],[78.24,26.84],[73.96,26.39],[71.9,25.68],[70.57,24.65],[70.07,23.56],[69.02,22.91],[68.16,23.81],[67.49,23.88],[67.15,24.78],[66.63,24.84],[67.5,25.81],[66.93,28.57],[67.14,29.34],[66.08,29.79],[66.48,31.59],[63.43,32.36],[63.87,33.84],[65.09,34.87],[64.75,35.77],[65.07,39.0],[65.88,40.81],[67.55,41.59],[68.98,41.33],[69.58,41.72],[71.63,41.65],[73.02,40.81],[77.35,41.39],[80.13,42.43],[82.06,42.24],[84.11,42.76],[85.79,42.76],[90.7,41.72],[89.8,40.94],[83.24,41.39],[79.69,40.61],[78.27,39.97],[78.22,39.58],[79.37,38.55],[78.5,37.51],[77.03,38.8]]],[[[72.52,36.16],[72.6,36.16],[72.58,36.1],[72.52,36.16]]]]}},{"type":"Feature","properties":{"n":"Kingdom of Gordyene","f":127,"t":153,"w":"Q29237"},"geometry":{"type":"Polygon","coordinates":[[[41.18,37.32],[40.05,37.64],[40.57,38.03],[42.88,37.77],[41.18,37.32]]]}},{"type":"Feature","properties":{"n":"Xiongnu","f":127,"t":153,"w":"Q188836"},"geometry":{"type":"Polygon","coordinates":[[[81.93,45.24],[79.95,44.97],[80.41,44.71],[80.79,43.28],[80.11,42.37],[79.08,42.82],[75.74,42.89],[75.14,43.21],[75.2,43.6],[74.79,43.8],[75.0,44.12],[73.97,44.84],[74.32,45.96],[75.45,46.55],[78.97,46.35],[79.31,46.94],[81.01,47.27],[81.63,46.81],[82.23,45.56],[81.93,45.24]]]}},{"type":"Feature","properties":{"n":"Kingdom of Osroene","f":127,"t":160,"w":"Q237234"},"geometry":{"type":"Polygon","coordinates":[[[39.5,35.71],[38.43,35.84],[37.99,37.38],[39.46,37.9],[39.5,37.58],[41.18,37.32],[41.54,36.55],[39.5,35.71]]]}},{"type":"Feature","properties":{"n":"Himyarite Kingdom","f":154,"t":237,"w":"Q289577"},"geometry":{"type":"MultiPolygon","coordinates":[[[[46.16,14.43],[46.11,13.4],[45.05,12.76],[43.44,12.69],[42.89,15.07],[46.16,14.43]]],[[[43.89,18.48],[43.74,18.48],[43.82,18.61],[43.89,18.48]]]]}},{"type":"Feature","properties":{"n":"Kingdom of Armenia","f":154,"t":160,"w":"Q208404"},"geometry":{"type":"Polygon","coordinates":[[[48.93,39.26],[48.8,38.09],[47.25,38.67],[46.12,38.48],[45.22,37.77],[45.25,36.93],[43.89,37.71],[40.57,38.03],[40.55,39.51],[38.74,39.58],[38.79,39.9],[40.4,40.1],[41.45,40.74],[41.53,41.26],[42.62,41.59],[43.34,41.13],[45.11,41.26],[45.6,40.87],[45.46,40.55],[46.46,39.97],[48.93,39.26]]]}},{"type":"Feature","properties":{"n":"Wusun","f":154,"t":160,"w":"Q854062"},"geometry":{"type":"Polygon","coordinates":[[[80.05,42.43],[76.82,41.46],[76.8,41.85],[76.16,41.85],[76.16,42.5],[75.7,42.56],[75.77,42.95],[78.63,42.89],[80.05,42.43]]]}},{"type":"Feature","properties":{"n":"Xianbei","f":154,"t":160,"w":"Q861054"},"geometry":{"type":"Polygon","coordinates":[[[102.38,50.58],[103.26,50.25],[106.42,50.45],[107.82,50.05],[108.34,49.45],[109.71,49.25],[112.86,49.58],[114.14,50.31],[117.54,49.58],[118.9,50.05],[120.03,49.78],[120.95,49.12],[121.79,47.53],[123.53,47.07],[124.84,44.84],[124.51,43.02],[125.09,42.43],[121.02,41.26],[118.03,41.46],[117.74,42.17],[115.99,41.78],[113.76,40.48],[111.74,37.51],[108.54,38.03],[104.46,37.64],[103.66,37.96],[104.11,38.8],[103.61,38.74],[104.67,39.51],[104.58,39.84],[102.09,38.87],[101.17,39.26],[101.18,39.64],[97.21,41.0],[93.69,40.74],[90.22,41.91],[85.79,42.76],[82.06,42.24],[80.13,42.43],[80.79,43.28],[80.3,44.06],[80.41,44.71],[79.87,44.97],[82.21,45.5],[81.1,47.27],[85.32,48.19],[86.97,49.32],[95.01,51.71],[98.93,52.25],[102.12,51.45],[102.38,50.58]]]}},{"type":"Feature","properties":{"n":"Han Dynasty","f":154,"t":160,"w":"Q1068371"},"geometry":{"type":"MultiPolygon","coordinates":[[[[108.76,18.41],[108.7,19.38],[109.25,19.96],[110.91,20.15],[111.03,19.57],[110.18,18.48],[108.76,18.41]]],[[[124.68,41.13],[125.83,41.33],[126.74,41.0],[126.27,40.36],[126.83,39.84],[126.94,38.35],[126.35,37.84],[125.23,37.64],[124.76,38.09],[125.39,39.38],[124.34,39.9],[121.03,38.74],[121.69,39.38],[121.28,39.64],[122.23,40.48],[121.82,40.87],[121.11,40.87],[119.22,39.32],[117.78,39.13],[117.58,38.74],[118.07,38.16],[119.46,37.96],[119.16,37.19],[120.75,37.9],[122.71,37.45],[122.39,36.8],[120.98,36.61],[119.23,34.81],[120.34,34.36],[120.92,32.62],[121.96,31.98],[121.84,31.66],[120.92,31.85],[122.0,31.08],[120.68,30.18],[121.48,30.31],[122.02,29.67],[121.94,29.22],[121.74,29.54],[121.57,29.47],[121.65,28.32],[121.12,28.32],[119.59,26.13],[119.53,25.62],[119.87,25.49],[119.27,25.49],[118.76,24.59],[118.15,24.52],[116.54,22.91],[114.64,22.72],[114.37,22.08],[113.6,22.72],[113.64,22.14],[110.42,21.18],[110.49,20.28],[109.88,20.21],[109.81,21.5],[108.65,21.69],[106.96,20.92],[105.97,19.83],[105.73,18.86],[107.03,17.26],[106.61,16.94],[105.14,18.41],[104.98,20.15],[104.44,20.47],[105.1,20.86],[105.12,23.17],[102.99,23.36],[102.32,23.81],[101.81,24.26],[101.2,26.39],[100.98,31.01],[101.69,32.75],[103.33,33.52],[103.74,35.45],[103.21,37.06],[100.8,38.03],[100.41,38.61],[99.86,38.42],[99.12,39.26],[97.96,38.93],[96.76,39.45],[96.41,38.61],[95.32,39.38],[93.95,39.51],[88.75,38.87],[86.08,38.22],[85.11,37.45],[81.69,37.0],[82.06,37.64],[85.38,39.32],[92.48,41.07],[93.69,40.74],[97.21,41.0],[101.18,39.64],[101.17,39.26],[102.09,38.87],[104.58,39.84],[104.67,39.51],[103.61,38.74],[104.11,38.8],[103.66,37.96],[104.46,37.64],[108.54,38.03],[111.74,37.51],[113.76,40.48],[115.99,41.78],[117.74,42.17],[118.03,41.46],[121.02,41.26],[123.37,41.72],[124.68,41.13]]],[[[122.28,29.99],[121.98,29.99],[122.05,30.18],[122.28,29.99]]]]}},{"type":"Feature","properties":{"n":"Burgundians","f":154,"t":223,"w":"Q13590051"},"geometry":{"type":"Polygon","coordinates":[[[14.64,55.09],[14.64,55.29],[15.07,55.02],[14.64,55.09]]]}},{"type":"Feature","properties":{"n":"Goguryeo","f":154,"t":237,"w":"Q28370"},"geometry":{"type":"Polygon","coordinates":[[[129.76,40.87],[127.59,39.51],[126.73,39.38],[126.83,39.84],[126.27,40.36],[126.74,41.0],[125.83,41.33],[124.68,41.13],[123.13,41.85],[126.99,42.89],[130.92,42.89],[129.74,41.72],[129.76,40.87]]]}},{"type":"Feature","properties":{"n":"Satavahana Dynasty","f":154,"t":160,"w":"Q5257"},"geometry":{"type":"Polygon","coordinates":[[[82.05,19.89],[81.91,18.74],[79.53,16.74],[78.71,14.49],[77.21,14.17],[76.11,13.4],[74.97,15.33],[73.54,15.78],[72.87,19.96],[74.58,20.73],[79.39,21.24],[80.99,22.14],[81.3,23.36],[82.62,22.66],[83.53,21.63],[82.05,19.89]]]}},{"type":"Feature","properties":{"n":"Parthian Empire","f":154,"t":160,"w":"Q1986139"},"geometry":{"type":"MultiPolygon","coordinates":[[[[51.21,25.49],[51.21,25.42],[51.13,25.42],[51.21,25.49]]],[[[50.46,26.26],[50.69,26.26],[50.65,25.87],[50.46,26.26]]],[[[59.77,40.16],[59.77,39.84],[60.95,39.51],[65.88,40.81],[65.07,39.0],[64.75,35.77],[65.09,34.87],[63.87,33.84],[63.43,32.36],[61.94,31.34],[60.96,29.99],[62.3,29.41],[66.89,29.67],[67.5,25.81],[67.11,25.1],[66.64,24.91],[66.35,25.55],[62.02,25.04],[57.96,25.55],[57.18,25.94],[56.71,27.16],[55.44,26.52],[55.54,26.77],[54.83,26.45],[53.66,26.71],[51.32,27.99],[50.06,30.18],[48.94,30.31],[47.85,29.41],[48.87,27.67],[50.13,26.77],[50.07,26.07],[50.65,25.1],[51.12,26.13],[51.7,25.87],[51.41,24.33],[51.91,24.01],[54.08,24.14],[56.48,26.39],[56.4,24.97],[56.79,24.33],[58.81,23.62],[59.27,22.91],[56.81,23.75],[56.09,24.84],[54.27,23.75],[51.88,23.69],[51.1,24.2],[51.32,25.87],[50.62,24.65],[49.67,25.87],[49.88,26.45],[48.55,27.48],[48.47,28.12],[47.65,28.96],[47.65,29.67],[46.62,29.86],[46.59,30.31],[45.77,30.44],[43.15,32.81],[40.55,34.16],[40.48,34.87],[39.5,35.71],[41.54,36.55],[42.63,36.55],[42.88,37.77],[44.64,37.51],[45.25,36.93],[45.22,37.77],[46.12,38.48],[47.25,38.67],[51.26,36.61],[54.03,36.87],[53.99,39.0],[53.14,39.45],[53.54,39.51],[53.5,40.03],[52.72,40.1],[52.89,40.87],[59.77,40.16]]]]}},{"type":"Feature","properties":{"n":"Qataban","f":154,"t":164,"w":"Q748595"},"geometry":{"type":"Polygon","coordinates":[[[44.56,14.69],[44.29,15.14],[45.86,15.52],[46.58,15.26],[44.56,14.69]]]}},{"type":"Feature","properties":{"n":"Western Satraps","f":154,"t":160,"w":"Q2086608"},"geometry":{"type":"Polygon","coordinates":[[[80.57,21.76],[79.39,21.24],[74.58,20.73],[72.71,19.83],[72.9,20.92],[72.53,22.27],[72.11,21.89],[72.18,21.18],[70.72,20.66],[68.95,22.21],[70.26,22.66],[70.37,22.91],[69.45,22.72],[69.04,23.04],[70.07,23.56],[70.57,24.65],[71.9,25.68],[76.58,26.84],[78.24,26.84],[78.31,24.97],[80.58,24.14],[81.3,23.36],[80.57,21.76]]]}},{"type":"Feature","properties":{"n":"Roman Empire","f":154,"t":160,"w":"Q12544"},"geometry":{"type":"MultiPolygon","coordinates":[[[[2.53,34.42],[2.53,34.49],[2.61,34.49],[2.53,34.42]]],[[[14.57,35.97],[14.57,35.77],[14.34,35.84],[14.57,35.97]]],[[[23.12,36.35],[23.11,36.16],[22.87,36.16],[23.12,36.35]]],[[[7.75,50.25],[8.76,50.58],[8.68,50.11],[9.53,48.85],[12.11,49.18],[14.26,48.26],[18.8,47.93],[19.27,47.47],[18.82,46.81],[18.92,45.5],[19.24,45.3],[20.06,45.37],[20.19,46.22],[21.65,46.09],[22.75,47.73],[25.55,47.66],[26.7,46.74],[26.4,46.22],[25.39,45.89],[25.22,44.91],[26.2,44.06],[27.92,44.32],[28.05,45.56],[29.18,45.43],[30.11,46.41],[31.57,46.94],[29.61,45.69],[29.53,44.91],[28.8,44.97],[28.48,43.47],[27.51,42.63],[27.98,41.65],[28.96,41.13],[31.18,41.07],[32.63,41.91],[35.12,42.04],[36.21,41.26],[40.37,40.94],[41.57,41.46],[41.82,41.98],[41.33,42.89],[39.98,43.41],[41.67,42.95],[42.01,41.72],[41.45,40.74],[40.4,40.1],[38.79,39.9],[38.95,39.38],[40.55,39.51],[40.57,38.03],[40.09,37.96],[40.18,37.45],[39.38,37.9],[37.99,37.38],[38.13,35.97],[39.94,35.52],[40.55,34.16],[39.12,34.49],[37.07,33.26],[35.87,29.99],[35.86,28.89],[36.4,28.06],[38.69,26.39],[37.06,25.42],[35.41,27.87],[34.59,28.06],[34.91,29.41],[34.12,27.74],[33.19,28.51],[32.6,29.92],[32.69,28.96],[33.61,27.99],[34.05,26.58],[35.85,23.88],[31.67,23.75],[30.46,23.36],[28.57,24.65],[28.15,27.35],[25.37,29.28],[21.94,30.56],[18.73,29.99],[15.18,30.89],[14.28,31.91],[11.77,32.3],[9.63,33.14],[8.93,34.16],[7.61,34.55],[1.29,34.61],[-3.76,34.1],[-7.53,32.94],[-8.47,33.26],[-6.61,34.16],[-5.88,35.77],[-5.34,35.84],[-4.75,35.19],[-2.84,35.45],[-2.66,35.07],[-1.89,35.07],[1.22,36.55],[4.24,36.93],[5.56,36.67],[6.33,37.06],[8.52,36.87],[9.76,37.32],[10.46,36.74],[11.01,37.0],[10.46,35.9],[11.08,35.58],[11.08,35.0],[10.0,34.29],[10.24,33.71],[12.23,32.81],[13.3,32.94],[15.06,32.43],[15.65,31.4],[17.85,30.95],[18.97,30.24],[20.2,30.89],[20.02,32.24],[21.88,32.94],[23.09,32.62],[23.3,32.17],[24.89,31.98],[25.25,31.46],[26.85,31.46],[28.87,30.82],[30.97,31.66],[32.83,31.01],[34.55,31.53],[35.64,34.36],[36.05,34.55],[35.84,36.29],[36.14,36.93],[35.49,36.61],[34.58,36.87],[33.98,36.29],[32.71,36.03],[31.09,36.93],[29.94,36.22],[29.24,36.22],[29.12,36.74],[28.59,36.87],[28.03,36.67],[28.07,37.13],[27.22,37.32],[27.28,38.03],[26.43,38.22],[26.38,38.67],[27.06,38.35],[26.85,39.58],[26.13,39.51],[26.6,40.48],[29.05,40.36],[28.91,40.61],[29.48,40.74],[28.17,41.13],[26.92,40.48],[25.38,41.0],[23.7,40.81],[23.74,40.23],[22.65,40.61],[22.61,39.9],[23.14,39.45],[22.8,39.06],[23.49,38.87],[22.94,38.74],[24.03,38.67],[24.16,38.22],[23.98,37.84],[23.04,37.9],[23.4,37.32],[22.71,37.58],[23.06,36.67],[22.36,36.67],[22.22,37.06],[21.74,36.87],[21.7,37.51],[21.24,37.84],[21.74,38.35],[21.19,38.42],[20.15,39.71],[19.76,39.64],[20.01,39.97],[19.25,40.61],[19.54,41.78],[17.99,42.82],[17.51,42.76],[17.05,43.41],[15.93,43.47],[14.6,45.37],[13.78,44.91],[13.71,45.76],[13.39,45.82],[12.16,45.5],[12.31,44.19],[13.67,43.41],[14.37,42.24],[16.12,41.91],[15.94,41.39],[18.44,40.16],[18.11,39.9],[17.35,40.55],[16.62,40.29],[16.45,39.64],[17.14,39.06],[15.93,37.96],[15.39,38.16],[15.05,36.74],[12.49,37.9],[15.86,38.29],[16.27,38.93],[15.75,40.03],[12.6,41.52],[10.54,43.08],[10.21,43.99],[9.16,44.45],[6.28,43.15],[4.17,43.6],[3.14,43.28],[3.12,41.91],[0.7,40.94],[-0.35,39.71],[0.1,38.74],[-0.66,38.29],[-0.7,37.64],[-1.71,37.45],[-2.06,36.8],[-4.47,36.74],[-5.66,36.03],[-6.84,37.25],[-9.0,37.0],[-8.82,38.48],[-9.21,38.42],[-9.57,38.93],[-8.73,40.74],[-8.96,42.17],[-8.66,42.37],[-9.28,42.89],[-9.16,43.28],[-8.24,43.73],[-3.3,43.34],[-1.69,43.34],[-1.39,43.67],[-1.03,45.5],[-1.25,46.28],[-2.84,47.6],[-4.42,47.8],[-4.91,48.52],[-3.46,48.92],[-1.6,48.65],[-2.03,49.78],[0.01,49.38],[0.22,49.85],[1.45,50.25],[1.66,51.05],[3.41,51.45],[4.06,52.12],[5.93,51.98],[7.75,50.25]]],[[[20.93,37.9],[20.92,37.64],[20.61,37.71],[20.93,37.9]]],[[[20.57,38.42],[20.79,38.09],[20.32,38.16],[20.57,38.42]]],[[[1.26,39.13],[1.65,39.13],[1.66,39.0],[1.27,38.8],[1.26,39.13]]],[[[20.15,39.64],[20.15,39.58],[20.07,39.58],[20.15,39.64]]],[[[2.34,39.64],[2.88,39.97],[3.52,39.77],[3.3,39.32],[2.34,39.64]]],[[[4.22,40.1],[4.3,39.84],[3.83,39.9],[4.22,40.1]]],[[[9.59,39.13],[8.34,39.0],[8.15,40.94],[9.5,41.2],[9.59,39.13]]],[[[9.1,41.33],[8.62,41.72],[8.53,42.5],[9.49,43.02],[9.58,41.98],[9.1,41.33]]],[[[10.46,42.89],[10.46,42.69],[10.21,42.69],[10.46,42.89]]],[[[14.51,44.91],[14.5,44.52],[14.26,44.58],[14.51,44.91]]],[[[19.0,45.5],[19.01,45.56],[19.09,45.56],[19.0,45.5]]],[[[19.08,47.07],[19.09,47.14],[19.17,47.14],[19.08,47.07]]],[[[16.91,48.19],[16.91,48.26],[16.99,48.26],[16.91,48.19]]],[[[16.83,48.32],[16.91,48.32],[16.91,48.26],[16.83,48.32]]],[[[6.19,51.92],[6.28,51.92],[6.28,51.85],[6.19,51.92]]],[[[0.3,53.39],[0.08,52.92],[1.62,52.86],[1.59,52.12],[0.52,51.51],[1.39,51.18],[0.49,50.78],[-3.13,50.71],[-3.58,50.25],[-5.75,50.05],[-4.2,51.31],[-3.09,51.25],[-2.95,51.45],[-5.26,51.71],[-5.22,52.05],[-4.16,52.45],[-4.3,52.92],[-4.79,52.79],[-4.49,53.12],[-4.7,53.46],[-3.32,53.39],[-2.96,54.07],[-3.59,54.27],[-3.57,54.89],[-5.21,54.75],[-4.77,55.43],[-5.01,55.98],[-2.66,56.11],[-1.63,55.5],[-1.29,54.68],[-0.67,54.61],[0.3,53.39]]],[[[38.06,26.97],[38.06,27.03],[38.14,27.03],[38.06,26.97]]],[[[37.84,27.09],[37.84,27.16],[37.92,27.16],[37.84,27.09]]],[[[33.04,34.55],[32.23,34.94],[34.54,35.71],[33.04,34.55]]],[[[25.68,35.13],[26.23,35.19],[24.82,35.0],[23.62,35.52],[25.68,35.13]]],[[[28.02,36.48],[28.25,36.48],[28.14,36.03],[27.74,35.9],[28.02,36.48]]],[[[27.19,36.8],[26.87,36.67],[27.04,36.93],[27.19,36.8]]],[[[25.57,37.13],[25.56,37.0],[25.33,37.0],[25.57,37.13]]],[[[24.43,37.58],[24.27,37.51],[24.2,37.64],[24.43,37.58]]],[[[25.22,37.71],[25.29,37.51],[25.05,37.51],[25.22,37.71]]],[[[26.31,37.71],[26.3,37.58],[25.99,37.51],[26.31,37.71]]],[[[24.77,38.03],[25.07,37.77],[24.83,37.71],[24.77,38.03]]],[[[26.22,38.55],[26.11,38.16],[25.88,38.16],[25.82,38.48],[26.22,38.55]]],[[[23.48,38.74],[23.49,38.8],[23.57,38.8],[23.48,38.74]]],[[[24.67,38.93],[24.66,38.74],[24.36,38.87],[24.67,38.93]]],[[[25.79,39.19],[26.04,39.38],[26.64,39.0],[25.79,39.19]]],[[[25.46,40.03],[25.45,39.84],[24.97,39.84],[25.46,40.03]]],[[[26.04,40.29],[26.02,40.16],[25.7,40.1],[26.04,40.29]]],[[[24.81,40.81],[24.79,40.61],[24.55,40.55],[24.81,40.81]]]]}},{"type":"Feature","properties":{"n":"Goths","f":154,"t":196,"w":"Q42193"},"geometry":{"type":"Polygon","coordinates":[[[21.81,53.46],[21.92,52.86],[23.64,52.05],[23.66,49.71],[22.74,49.71],[21.97,50.45],[21.87,51.31],[21.21,51.51],[20.69,52.52],[18.5,52.86],[18.82,53.8],[18.27,54.68],[19.64,54.41],[20.36,53.73],[21.81,53.46]]]}},{"type":"Feature","properties":{"n":"Kingdom of Gordyene","f":154,"t":160,"w":"Q29237"},"geometry":{"type":"Polygon","coordinates":[[[41.18,37.32],[40.05,37.64],[40.09,37.96],[41.67,38.03],[42.86,37.64],[41.18,37.32]]]}},{"type":"Feature","properties":{"n":"Sabaeans","f":154,"t":237,"w":"Q940785"},"geometry":{"type":"Polygon","coordinates":[[[45.21,15.91],[46.47,15.97],[46.38,15.71],[45.02,15.14],[42.82,15.07],[42.49,17.19],[43.03,17.71],[43.55,17.77],[43.95,16.94],[44.81,16.61],[45.21,15.91]]]}},{"type":"Feature","properties":{"n":"Kushan Empire","f":154,"t":160,"w":"Q25979"},"geometry":{"type":"MultiPolygon","coordinates":[[[[77.03,38.8],[73.69,39.45],[72.26,36.35],[73.44,34.94],[74.63,34.16],[75.27,33.01],[76.6,32.17],[79.18,31.46],[79.87,30.5],[80.17,28.7],[83.08,27.42],[84.36,27.42],[84.37,24.01],[83.62,21.76],[80.58,24.14],[78.58,24.71],[78.24,26.84],[73.96,26.39],[71.9,25.68],[70.57,24.65],[70.07,23.56],[69.02,22.91],[68.16,23.81],[67.49,23.88],[67.15,24.78],[66.63,24.84],[67.5,25.81],[66.93,28.57],[67.14,29.34],[66.08,29.79],[66.48,31.59],[63.43,32.36],[63.87,33.84],[65.09,34.87],[64.75,35.77],[65.07,39.0],[65.88,40.81],[67.55,41.59],[68.98,41.33],[69.58,41.72],[71.63,41.65],[73.02,40.81],[77.35,41.39],[80.13,42.43],[82.06,42.24],[84.11,42.76],[85.79,42.76],[90.7,41.72],[89.8,40.94],[83.24,41.39],[79.69,40.61],[78.27,39.97],[78.22,39.58],[79.37,38.55],[78.5,37.51],[77.03,38.8]]],[[[72.52,36.16],[72.6,36.16],[72.58,36.1],[72.52,36.16]]]]}},{"type":"Feature","properties":{"n":"Wusun","f":161,"t":164,"w":"Q854062"},"geometry":{"type":"Polygon","coordinates":[[[80.0,42.3],[76.82,41.46],[76.8,41.85],[76.16,41.85],[76.16,42.5],[75.7,42.56],[75.77,42.95],[78.63,42.89],[80.0,42.3]]]}},{"type":"Feature","properties":{"n":"Han Dynasty","f":161,"t":164,"w":"Q1068371"},"geometry":{"type":"MultiPolygon","coordinates":[[[[108.76,18.41],[108.7,19.38],[109.25,19.96],[110.91,20.15],[111.03,19.57],[109.86,18.35],[108.76,18.41]]],[[[124.68,41.13],[125.83,41.33],[126.74,41.0],[126.27,40.36],[126.83,39.84],[126.94,38.35],[126.35,37.84],[125.23,37.64],[124.76,38.09],[125.39,39.38],[124.34,39.9],[121.03,38.74],[121.69,39.38],[121.28,39.64],[122.23,40.48],[121.82,40.87],[121.11,40.87],[119.22,39.32],[117.78,39.13],[117.58,38.74],[118.07,38.16],[119.46,37.96],[119.16,37.19],[120.75,37.9],[122.71,37.45],[122.39,36.8],[120.98,36.61],[119.23,34.81],[120.34,34.36],[120.92,32.62],[121.96,31.98],[121.84,31.66],[120.92,31.85],[122.0,31.08],[120.68,30.18],[121.48,30.31],[122.02,29.67],[121.94,29.22],[121.74,29.54],[121.57,29.47],[121.65,28.32],[121.12,28.32],[119.59,26.13],[119.53,25.62],[119.87,25.49],[119.27,25.49],[118.76,24.59],[118.15,24.52],[116.54,22.91],[114.64,22.72],[114.37,22.08],[113.6,22.72],[113.64,22.14],[110.42,21.18],[110.49,20.28],[109.88,20.21],[109.81,21.5],[108.65,21.69],[106.96,20.92],[105.97,19.83],[105.73,18.86],[107.03,17.26],[106.61,16.94],[105.14,18.41],[104.98,20.15],[104.44,20.47],[105.1,20.86],[105.12,23.17],[102.99,23.36],[102.32,23.81],[101.81,24.26],[101.2,26.39],[100.98,31.01],[101.69,32.75],[103.33,33.52],[103.74,35.45],[103.21,37.06],[100.8,38.03],[100.41,38.61],[99.86,38.42],[99.12,39.26],[97.96,38.93],[96.76,39.45],[96.41,38.61],[95.32,39.38],[93.95,39.51],[88.75,38.87],[86.08,38.22],[85.11,37.45],[81.69,37.0],[82.06,37.64],[85.38,39.32],[92.48,41.07],[93.69,40.74],[97.21,41.0],[101.18,39.64],[101.17,39.26],[102.09,38.87],[104.58,39.84],[104.67,39.51],[103.61,38.74],[104.11,38.8],[103.66,37.96],[104.46,37.64],[108.54,38.03],[111.74,37.51],[113.76,40.48],[115.99,41.78],[117.74,42.17],[118.03,41.46],[121.02,41.26],[123.13,41.85],[124.68,41.13]]],[[[122.28,29.99],[121.98,29.99],[122.05,30.18],[122.28,29.99]]],[[[80.08,42.3],[80.0,42.3],[80.21,42.43],[80.08,42.3]]]]}},{"type":"Feature","properties":{"n":"Xianbei","f":161,"t":164,"w":"Q861054"},"geometry":{"type":"MultiPolygon","coordinates":[[[[108.15,55.63],[111.1,55.91],[117.63,54.89],[124.23,54.68],[125.84,54.27],[126.3,53.66],[126.13,52.92],[123.39,49.25],[123.05,48.13],[123.09,47.27],[124.84,44.84],[124.51,43.02],[125.09,42.43],[121.02,41.26],[118.03,41.46],[117.74,42.17],[115.99,41.78],[113.76,40.48],[111.74,37.51],[108.54,38.03],[104.46,37.64],[103.66,37.96],[104.11,38.8],[103.61,38.74],[104.67,39.51],[104.58,39.84],[102.09,38.87],[101.17,39.26],[101.18,39.64],[97.21,41.0],[93.69,40.74],[90.22,41.91],[85.79,42.76],[82.06,42.24],[80.13,42.43],[80.79,43.28],[80.3,44.06],[80.41,44.71],[79.84,44.91],[80.78,47.86],[81.94,50.11],[84.08,51.92],[86.29,52.92],[87.69,53.12],[89.11,54.27],[91.76,55.5],[94.12,56.11],[97.51,56.52],[105.38,56.32],[108.15,55.63]]],[[[125.98,52.65],[126.06,52.65],[126.0,52.59],[125.98,52.65]]],[[[108.93,55.84],[108.79,55.77],[108.85,55.84],[108.93,55.84]]],[[[109.17,55.91],[109.02,55.84],[109.08,55.91],[109.17,55.91]]]]}},{"type":"Feature","properties":{"n":"Satavahana Dynasty","f":161,"t":183,"w":"Q5257"},"geometry":{"type":"Polygon","coordinates":[[[83.52,21.56],[82.05,19.89],[81.91,18.74],[79.53,16.74],[78.71,14.49],[77.21,14.17],[76.11,13.4],[74.97,15.33],[73.54,15.78],[72.87,19.96],[74.58,20.73],[79.39,21.24],[80.99,22.14],[81.3,23.36],[83.52,21.56]]]}},{"type":"Feature","properties":{"n":"Parthian Empire","f":161,"t":164,"w":"Q1986139"},"geometry":{"type":"MultiPolygon","coordinates":[[[[51.21,25.49],[51.21,25.42],[51.13,25.42],[51.21,25.49]]],[[[50.46,26.26],[50.69,26.26],[50.65,25.87],[50.46,26.26]]],[[[45.46,40.55],[46.46,39.97],[48.67,39.58],[49.09,37.51],[51.64,36.55],[54.03,36.87],[53.99,39.0],[53.14,39.45],[53.54,39.51],[53.5,40.03],[52.72,40.1],[52.89,40.87],[57.16,40.16],[58.33,40.42],[59.77,40.16],[59.77,39.84],[60.71,39.51],[65.88,40.81],[65.07,39.0],[64.75,35.77],[65.09,34.87],[63.87,33.84],[63.43,32.36],[61.94,31.34],[60.96,29.99],[62.3,29.41],[66.89,29.67],[67.5,25.81],[67.11,25.1],[66.64,24.91],[66.35,25.55],[62.02,25.04],[57.96,25.55],[57.18,25.94],[56.71,27.16],[55.44,26.52],[55.54,26.77],[54.83,26.45],[53.66,26.71],[51.32,27.99],[50.06,30.18],[48.94,30.31],[47.85,29.41],[48.87,27.67],[50.13,26.77],[50.07,26.07],[50.65,25.1],[51.12,26.13],[51.7,25.87],[51.41,24.33],[51.91,24.01],[54.08,24.14],[56.48,26.39],[56.4,24.97],[56.79,24.33],[58.81,23.62],[59.27,22.91],[56.81,23.75],[56.09,24.84],[54.27,23.75],[51.88,23.69],[51.1,24.2],[51.32,25.87],[50.62,24.65],[49.67,25.87],[49.88,26.45],[48.55,27.48],[48.47,28.12],[47.65,28.96],[47.65,29.67],[46.62,29.86],[46.59,30.31],[45.77,30.44],[43.15,32.81],[40.7,34.16],[39.12,34.49],[37.65,33.65],[36.29,34.68],[36.19,35.9],[36.68,36.8],[38.35,37.77],[39.46,37.9],[39.5,37.58],[41.18,37.32],[41.67,36.35],[42.63,36.55],[42.81,37.84],[40.57,38.03],[40.55,39.51],[38.95,39.38],[38.79,39.9],[40.4,40.1],[41.45,40.74],[41.53,41.26],[42.62,41.59],[43.34,41.13],[45.11,41.26],[45.6,40.87],[45.46,40.55]]]]}},{"type":"Feature","properties":{"n":"Kingdom of Adiabene","f":161,"t":164,"w":"Q149747"},"geometry":{"type":"Polygon","coordinates":[[[42.63,36.55],[41.67,36.35],[41.18,37.32],[42.76,37.51],[42.63,36.55]]]}},{"type":"Feature","properties":{"n":"Roman Empire","f":161,"t":164,"w":"Q12544"},"geometry":{"type":"MultiPolygon","coordinates":[[[[2.53,34.42],[2.53,34.49],[2.61,34.49],[2.53,34.42]]],[[[14.57,35.97],[14.57,35.77],[14.34,35.84],[14.57,35.97]]],[[[23.12,36.35],[23.11,36.16],[22.87,36.16],[23.12,36.35]]],[[[7.75,50.25],[8.76,50.58],[8.68,50.11],[9.53,48.85],[12.11,49.18],[14.26,48.26],[18.8,47.93],[19.27,47.47],[18.82,46.81],[18.92,45.5],[19.24,45.3],[20.06,45.37],[20.19,46.22],[21.65,46.09],[22.75,47.73],[25.55,47.66],[26.7,46.74],[26.4,46.22],[25.39,45.89],[25.22,44.91],[26.2,44.06],[27.92,44.32],[28.05,45.56],[29.18,45.43],[30.11,46.41],[31.57,46.94],[29.61,45.69],[29.53,44.91],[28.8,44.97],[28.48,43.47],[27.51,42.63],[27.98,41.65],[28.96,41.13],[31.18,41.07],[32.63,41.91],[35.12,42.04],[36.21,41.26],[40.37,40.94],[41.57,41.46],[41.82,41.98],[41.33,42.89],[39.98,43.41],[41.67,42.95],[42.01,41.72],[41.45,40.74],[40.4,40.1],[38.79,39.9],[38.95,39.38],[40.55,39.51],[40.57,38.03],[40.09,37.96],[40.18,37.45],[39.5,37.58],[39.46,37.9],[38.35,37.77],[36.68,36.8],[36.19,35.9],[36.29,34.68],[37.65,33.65],[36.52,32.24],[35.86,28.89],[36.4,28.06],[38.69,26.39],[37.06,25.42],[35.41,27.87],[34.59,28.06],[34.91,29.41],[34.12,27.74],[33.19,28.51],[32.53,29.92],[32.69,28.96],[33.61,27.99],[34.05,26.58],[35.85,23.88],[31.67,23.75],[30.46,23.36],[28.57,24.65],[28.15,27.35],[25.37,29.28],[21.94,30.56],[18.73,29.99],[15.18,30.89],[14.28,31.91],[11.77,32.3],[9.63,33.14],[8.93,34.16],[7.61,34.55],[1.29,34.61],[-3.76,34.1],[-7.53,32.94],[-8.47,33.26],[-6.61,34.16],[-5.88,35.77],[-5.34,35.84],[-4.75,35.19],[-2.84,35.45],[-2.66,35.07],[-1.89,35.07],[1.22,36.55],[4.24,36.93],[5.56,36.67],[6.33,37.06],[8.52,36.87],[9.76,37.32],[10.46,36.74],[11.01,37.0],[10.46,35.9],[11.08,35.58],[11.08,35.0],[10.0,34.29],[10.24,33.71],[12.23,32.81],[13.3,32.94],[15.06,32.43],[15.65,31.4],[17.85,30.95],[18.97,30.24],[20.2,30.89],[20.02,32.24],[21.88,32.94],[23.09,32.62],[23.3,32.17],[24.89,31.98],[25.25,31.46],[26.85,31.46],[28.87,30.82],[30.97,31.66],[32.83,31.01],[34.55,31.53],[35.64,34.36],[36.05,34.55],[35.84,36.29],[36.14,36.93],[35.49,36.61],[34.58,36.87],[33.98,36.29],[32.71,36.03],[31.09,36.93],[29.94,36.22],[29.24,36.22],[29.12,36.74],[28.59,36.87],[28.03,36.67],[28.07,37.13],[27.22,37.32],[27.28,38.03],[26.43,38.22],[26.38,38.67],[27.06,38.35],[26.85,39.58],[26.13,39.51],[26.6,40.48],[29.05,40.36],[28.91,40.61],[29.48,40.74],[28.17,41.13],[26.92,40.48],[25.38,41.0],[23.7,40.81],[23.74,40.23],[22.65,40.61],[22.61,39.9],[23.14,39.45],[22.8,39.06],[23.49,38.87],[22.94,38.74],[24.03,38.67],[24.16,38.22],[23.98,37.84],[23.04,37.9],[23.4,37.32],[22.71,37.58],[23.06,36.67],[22.36,36.67],[22.22,37.06],[21.74,36.87],[21.7,37.51],[21.24,37.84],[21.74,38.35],[21.19,38.42],[20.15,39.71],[19.76,39.64],[20.01,39.97],[19.25,40.61],[19.54,41.78],[17.99,42.82],[17.51,42.76],[17.05,43.41],[15.93,43.47],[14.6,45.37],[13.78,44.91],[13.71,45.76],[13.39,45.82],[12.16,45.5],[12.31,44.19],[13.67,43.41],[14.37,42.24],[16.12,41.91],[15.94,41.39],[18.44,40.16],[18.11,39.9],[17.35,40.55],[16.62,40.29],[16.45,39.64],[17.14,39.06],[15.93,37.96],[15.39,38.16],[15.05,36.74],[12.49,37.9],[15.86,38.29],[16.27,38.93],[15.75,40.03],[12.6,41.52],[10.54,43.08],[10.21,43.99],[9.16,44.45],[6.28,43.15],[4.17,43.6],[3.14,43.28],[3.12,41.91],[0.7,40.94],[-0.35,39.71],[0.1,38.74],[-0.66,38.29],[-0.7,37.64],[-1.71,37.45],[-2.06,36.8],[-4.47,36.74],[-5.66,36.03],[-6.84,37.25],[-9.0,37.0],[-8.82,38.48],[-9.21,38.42],[-9.57,38.93],[-8.73,40.74],[-8.96,42.17],[-8.66,42.37],[-9.28,42.89],[-9.16,43.28],[-8.24,43.73],[-3.3,43.34],[-1.69,43.34],[-1.39,43.67],[-1.03,45.5],[-1.25,46.28],[-2.84,47.6],[-4.42,47.8],[-4.91,48.52],[-3.46,48.92],[-1.6,48.65],[-2.03,49.78],[0.01,49.38],[0.22,49.85],[1.45,50.25],[1.66,51.05],[3.41,51.45],[4.06,52.12],[5.93,51.98],[7.75,50.25]]],[[[20.93,37.9],[20.92,37.64],[20.61,37.71],[20.93,37.9]]],[[[20.57,38.42],[20.79,38.09],[20.32,38.16],[20.57,38.42]]],[[[1.26,39.13],[1.65,39.13],[1.66,39.0],[1.27,38.8],[1.26,39.13]]],[[[20.15,39.64],[20.15,39.58],[20.07,39.58],[20.15,39.64]]],[[[2.34,39.64],[2.88,39.97],[3.52,39.77],[3.3,39.32],[2.34,39.64]]],[[[4.22,40.1],[4.3,39.84],[3.83,39.9],[4.22,40.1]]],[[[9.59,39.13],[8.34,39.0],[8.15,40.94],[9.5,41.2],[9.59,39.13]]],[[[9.1,41.33],[8.62,41.72],[8.53,42.5],[9.49,43.02],[9.58,41.98],[9.1,41.33]]],[[[10.46,42.89],[10.46,42.69],[10.21,42.69],[10.46,42.89]]],[[[14.51,44.91],[14.5,44.52],[14.26,44.58],[14.51,44.91]]],[[[19.0,45.5],[19.01,45.56],[19.09,45.56],[19.0,45.5]]],[[[19.08,47.07],[19.09,47.14],[19.17,47.14],[19.08,47.07]]],[[[16.91,48.19],[16.91,48.26],[16.99,48.26],[16.91,48.19]]],[[[16.83,48.32],[16.91,48.32],[16.91,48.26],[16.83,48.32]]],[[[6.19,51.92],[6.28,51.92],[6.28,51.85],[6.19,51.92]]],[[[0.3,53.39],[0.08,52.92],[1.62,52.86],[1.59,52.12],[0.52,51.51],[1.39,51.18],[0.49,50.78],[-3.13,50.71],[-3.58,50.25],[-5.75,50.05],[-4.2,51.31],[-3.09,51.25],[-2.95,51.45],[-5.26,51.71],[-5.22,52.05],[-4.16,52.45],[-4.3,52.92],[-4.79,52.79],[-4.49,53.12],[-4.7,53.46],[-3.32,53.39],[-2.96,54.07],[-3.59,54.27],[-3.57,54.89],[-5.21,54.75],[-4.77,55.43],[-5.01,55.98],[-2.66,56.11],[-1.63,55.5],[-1.29,54.68],[-0.67,54.61],[0.3,53.39]]],[[[38.06,26.97],[38.06,27.03],[38.14,27.03],[38.06,26.97]]],[[[37.84,27.09],[37.84,27.16],[37.92,27.16],[37.84,27.09]]],[[[33.04,34.55],[32.23,34.94],[34.54,35.71],[33.04,34.55]]],[[[25.68,35.13],[26.23,35.19],[24.82,35.0],[23.62,35.52],[25.68,35.13]]],[[[28.02,36.48],[28.25,36.48],[28.14,36.03],[27.74,35.9],[28.02,36.48]]],[[[27.19,36.8],[26.87,36.67],[27.04,36.93],[27.19,36.8]]],[[[25.57,37.13],[25.56,37.0],[25.33,37.0],[25.57,37.13]]],[[[24.43,37.58],[24.27,37.51],[24.2,37.64],[24.43,37.58]]],[[[25.22,37.71],[25.29,37.51],[25.05,37.51],[25.22,37.71]]],[[[26.31,37.71],[26.3,37.58],[25.99,37.51],[26.31,37.71]]],[[[24.77,38.03],[25.07,37.77],[24.83,37.71],[24.77,38.03]]],[[[26.22,38.55],[26.11,38.16],[25.88,38.16],[25.82,38.48],[26.22,38.55]]],[[[23.48,38.74],[23.49,38.8],[23.57,38.8],[23.48,38.74]]],[[[24.67,38.93],[24.66,38.74],[24.36,38.87],[24.67,38.93]]],[[[25.79,39.19],[26.04,39.38],[26.64,39.0],[25.79,39.19]]],[[[25.46,40.03],[25.45,39.84],[24.97,39.84],[25.46,40.03]]],[[[26.04,40.29],[26.02,40.16],[25.7,40.1],[26.04,40.29]]],[[[24.81,40.81],[24.79,40.61],[24.55,40.55],[24.81,40.81]]]]}},{"type":"Feature","properties":{"n":"Western Satraps","f":161,"t":183,"w":"Q2086608"},"geometry":{"type":"Polygon","coordinates":[[[80.57,21.76],[79.39,21.24],[74.58,20.73],[72.71,19.83],[72.9,20.92],[72.53,22.27],[72.11,21.89],[72.18,21.18],[70.72,20.66],[68.95,22.21],[70.26,22.66],[70.37,22.91],[69.45,22.72],[69.04,23.04],[70.07,23.56],[70.57,24.65],[71.9,25.68],[76.58,26.84],[78.24,26.84],[78.31,24.97],[80.58,24.14],[81.31,23.43],[81.19,22.53],[80.57,21.76]]]}},{"type":"Feature","properties":{"n":"Kingdom of Gordyene","f":161,"t":164,"w":"Q29237"},"geometry":{"type":"Polygon","coordinates":[[[41.18,37.32],[40.05,37.64],[40.57,38.03],[42.88,37.77],[41.18,37.32]]]}},{"type":"Feature","properties":{"n":"Norse","f":161,"t":183,"w":"Q909583"},"geometry":{"type":"Polygon","coordinates":[[[10.63,55.63],[10.8,55.16],[9.93,55.09],[9.58,55.36],[10.63,55.63]]]}},{"type":"Feature","properties":{"n":"Kushan Empire","f":161,"t":164,"w":"Q25979"},"geometry":{"type":"MultiPolygon","coordinates":[[[[77.03,38.8],[73.69,39.45],[72.26,36.35],[73.44,34.94],[74.63,34.16],[75.27,33.01],[76.6,32.17],[79.18,31.46],[79.87,30.5],[80.17,28.7],[83.08,27.42],[84.36,27.42],[84.34,25.23],[82.36,24.52],[81.31,23.43],[80.58,24.14],[78.31,24.97],[78.24,26.84],[76.58,26.84],[71.9,25.68],[70.57,24.65],[70.07,23.56],[69.02,22.91],[68.16,23.81],[67.49,23.88],[67.15,24.78],[66.63,24.84],[67.5,25.81],[66.93,28.57],[67.14,29.34],[66.08,29.79],[66.48,31.59],[63.43,32.36],[63.87,33.84],[65.09,34.87],[64.75,35.77],[65.07,39.0],[65.88,40.81],[67.55,41.59],[68.98,41.33],[69.58,41.72],[71.63,41.65],[73.02,40.81],[77.35,41.39],[80.53,42.43],[82.06,42.24],[84.11,42.76],[85.79,42.76],[90.7,41.72],[89.8,40.94],[83.24,41.39],[79.69,40.61],[78.27,39.97],[78.22,39.58],[79.37,38.55],[78.5,37.51],[77.03,38.8]]],[[[72.52,36.16],[72.6,36.16],[72.58,36.1],[72.52,36.16]]]]}},{"type":"Feature","properties":{"n":"Qataban","f":165,"t":183,"w":"Q748595"},"geometry":{"type":"Polygon","coordinates":[[[44.56,14.69],[44.29,15.14],[45.86,15.52],[46.58,15.26],[44.56,14.69]]]}},{"type":"Feature","properties":{"n":"Kingdom of Adiabene","f":165,"t":183,"w":"Q149747"},"geometry":{"type":"Polygon","coordinates":[[[41.18,37.32],[42.76,37.51],[42.63,36.55],[41.67,36.35],[41.18,37.32]]]}},{"type":"Feature","properties":{"n":"Parthian Empire","f":165,"t":183,"w":"Q1986139"},"geometry":{"type":"MultiPolygon","coordinates":[[[[51.21,25.49],[51.21,25.42],[51.13,25.42],[51.21,25.49]]],[[[50.46,26.26],[50.69,26.26],[50.65,25.87],[50.46,26.26]]],[[[59.77,40.16],[59.77,39.84],[60.95,39.51],[65.88,40.81],[65.07,39.0],[64.75,35.77],[65.09,34.87],[63.87,33.84],[63.43,32.36],[61.94,31.34],[60.96,29.99],[62.3,29.41],[66.89,29.67],[67.5,25.81],[67.11,25.1],[66.64,24.91],[66.35,25.55],[62.02,25.04],[57.96,25.55],[57.18,25.94],[56.71,27.16],[55.44,26.52],[55.54,26.77],[54.83,26.45],[53.66,26.71],[51.32,27.99],[50.06,30.18],[48.94,30.31],[47.85,29.41],[48.87,27.67],[50.13,26.77],[50.07,26.07],[50.65,25.1],[51.12,26.13],[51.7,25.87],[51.41,24.33],[51.91,24.01],[54.08,24.14],[56.48,26.39],[56.4,24.97],[56.79,24.33],[58.81,23.62],[59.27,22.91],[56.81,23.75],[56.09,24.84],[54.27,23.75],[51.88,23.69],[51.1,24.2],[51.32,25.87],[50.62,24.65],[49.67,25.87],[49.88,26.45],[48.55,27.48],[48.47,28.12],[47.65,28.96],[47.65,29.67],[46.62,29.86],[46.59,30.31],[45.77,30.44],[43.83,32.11],[44.98,33.33],[43.41,33.65],[42.42,34.94],[41.28,35.13],[41.21,36.35],[42.63,36.55],[42.88,37.77],[44.64,37.51],[45.25,36.93],[45.22,37.77],[46.12,38.48],[47.25,38.67],[51.26,36.61],[54.03,36.87],[53.99,39.0],[53.14,39.45],[53.54,39.51],[53.5,40.03],[52.72,40.1],[52.89,40.87],[59.77,40.16]]]]}},{"type":"Feature","properties":{"n":"Roman Empire","f":165,"t":183,"w":"Q12544"},"geometry":{"type":"MultiPolygon","coordinates":[[[[2.53,34.42],[2.53,34.49],[2.61,34.49],[2.53,34.42]]],[[[14.57,35.97],[14.57,35.77],[14.34,35.84],[14.57,35.97]]],[[[23.12,36.35],[23.11,36.16],[22.87,36.16],[23.12,36.35]]],[[[7.75,50.25],[8.76,50.58],[8.68,50.11],[9.53,48.85],[12.11,49.18],[14.26,48.26],[18.8,47.93],[19.27,47.47],[18.82,46.81],[18.92,45.5],[19.24,45.3],[20.06,45.37],[20.19,46.22],[21.65,46.09],[22.75,47.73],[25.55,47.66],[26.7,46.74],[26.4,46.22],[25.39,45.89],[25.22,44.91],[26.2,44.06],[27.92,44.32],[28.05,45.56],[29.18,45.43],[30.11,46.41],[31.57,46.94],[29.61,45.69],[29.53,44.91],[28.8,44.97],[28.48,43.47],[27.51,42.63],[27.98,41.65],[28.96,41.13],[31.18,41.07],[32.63,41.91],[35.12,42.04],[36.21,41.26],[40.37,40.94],[41.57,41.46],[41.82,41.98],[41.33,42.89],[39.98,43.41],[41.0,43.28],[42.0,42.56],[42.01,41.72],[41.45,40.74],[40.4,40.1],[38.79,39.9],[38.74,39.58],[40.55,39.51],[40.57,38.03],[40.09,37.96],[40.18,37.45],[39.5,37.58],[39.46,37.9],[38.35,37.77],[37.96,37.13],[38.13,35.97],[39.5,35.71],[41.21,36.35],[41.28,35.13],[42.42,34.94],[43.41,33.65],[44.98,33.33],[45.01,33.01],[43.76,32.17],[40.7,34.16],[39.51,34.49],[38.48,34.23],[36.72,32.75],[35.83,29.47],[36.4,28.06],[38.69,26.39],[37.13,25.42],[35.41,27.87],[34.59,28.06],[34.91,29.41],[34.12,27.74],[33.19,28.51],[32.53,29.92],[32.69,28.96],[33.61,27.99],[34.05,26.58],[35.85,23.88],[31.67,23.75],[30.46,23.36],[28.57,24.65],[28.15,27.35],[25.37,29.28],[21.94,30.56],[18.73,29.99],[15.18,30.89],[14.28,31.91],[11.77,32.3],[9.63,33.14],[8.93,34.16],[7.61,34.55],[1.29,34.61],[-3.76,34.1],[-7.53,32.94],[-8.47,33.26],[-6.61,34.16],[-5.88,35.77],[-5.34,35.84],[-4.75,35.19],[-2.84,35.45],[-2.66,35.07],[-1.89,35.07],[1.22,36.55],[4.24,36.93],[5.56,36.67],[6.33,37.06],[8.52,36.87],[9.76,37.32],[10.46,36.74],[11.01,37.0],[10.46,35.9],[11.08,35.58],[11.08,35.0],[10.0,34.29],[10.24,33.71],[12.23,32.81],[13.3,32.94],[15.06,32.43],[15.65,31.4],[17.85,30.95],[18.97,30.24],[20.2,30.89],[20.02,32.24],[21.88,32.94],[23.09,32.62],[23.3,32.17],[24.89,31.98],[25.25,31.46],[26.85,31.46],[28.87,30.82],[30.97,31.66],[32.83,31.01],[34.55,31.53],[35.64,34.36],[36.05,34.55],[35.84,36.29],[36.14,36.93],[35.49,36.61],[34.58,36.87],[33.98,36.29],[32.71,36.03],[31.09,36.93],[29.94,36.22],[29.24,36.22],[29.12,36.74],[28.59,36.87],[28.03,36.67],[28.07,37.13],[27.22,37.32],[27.28,38.03],[26.43,38.22],[26.38,38.67],[27.06,38.35],[26.85,39.58],[26.13,39.51],[26.6,40.48],[29.05,40.36],[28.91,40.61],[29.48,40.74],[28.17,41.13],[26.92,40.48],[25.38,41.0],[23.7,40.81],[23.74,40.23],[22.65,40.61],[22.61,39.9],[23.14,39.45],[22.8,39.06],[23.49,38.87],[22.94,38.74],[24.03,38.67],[24.16,38.22],[23.98,37.84],[23.04,37.9],[23.4,37.32],[22.71,37.58],[23.06,36.67],[22.36,36.67],[22.22,37.06],[21.74,36.87],[21.7,37.51],[21.24,37.84],[21.74,38.35],[21.19,38.42],[20.15,39.71],[19.76,39.64],[20.01,39.97],[19.25,40.61],[19.54,41.78],[17.99,42.82],[17.51,42.76],[17.05,43.41],[15.93,43.47],[14.6,45.37],[13.78,44.91],[13.71,45.76],[13.39,45.82],[12.16,45.5],[12.31,44.19],[13.67,43.41],[14.37,42.24],[16.12,41.91],[15.94,41.39],[18.44,40.16],[18.11,39.9],[17.35,40.55],[16.62,40.29],[16.45,39.64],[17.14,39.06],[15.93,37.96],[15.39,38.16],[15.05,36.74],[12.49,37.9],[15.86,38.29],[16.27,38.93],[15.75,40.03],[12.6,41.52],[10.54,43.08],[10.21,43.99],[9.16,44.45],[6.28,43.15],[4.17,43.6],[3.14,43.28],[3.12,41.91],[0.7,40.94],[-0.35,39.71],[0.1,38.74],[-0.66,38.29],[-0.7,37.64],[-1.71,37.45],[-2.06,36.8],[-4.47,36.74],[-5.66,36.03],[-6.84,37.25],[-9.0,37.0],[-8.82,38.48],[-9.21,38.42],[-9.57,38.93],[-8.73,40.74],[-8.96,42.17],[-8.66,42.37],[-9.28,42.89],[-9.16,43.28],[-8.24,43.73],[-3.3,43.34],[-1.69,43.34],[-1.39,43.67],[-1.03,45.5],[-1.25,46.28],[-2.84,47.6],[-4.42,47.8],[-4.91,48.52],[-3.46,48.92],[-1.6,48.65],[-2.03,49.78],[0.01,49.38],[0.22,49.85],[1.45,50.25],[1.66,51.05],[3.41,51.45],[4.06,52.12],[5.93,51.98],[7.75,50.25]]],[[[20.93,37.9],[20.92,37.64],[20.61,37.71],[20.93,37.9]]],[[[20.57,38.42],[20.79,38.09],[20.32,38.16],[20.57,38.42]]],[[[1.26,39.13],[1.65,39.13],[1.66,39.0],[1.27,38.8],[1.26,39.13]]],[[[20.15,39.64],[20.15,39.58],[20.07,39.58],[20.15,39.64]]],[[[2.34,39.64],[2.88,39.97],[3.52,39.77],[3.3,39.32],[2.34,39.64]]],[[[4.22,40.1],[4.3,39.84],[3.83,39.9],[4.22,40.1]]],[[[9.59,39.13],[8.34,39.0],[8.15,40.94],[9.5,41.2],[9.59,39.13]]],[[[9.1,41.33],[8.62,41.72],[8.53,42.5],[9.49,43.02],[9.58,41.98],[9.1,41.33]]],[[[10.46,42.89],[10.46,42.69],[10.21,42.69],[10.46,42.89]]],[[[14.51,44.91],[14.5,44.52],[14.26,44.58],[14.51,44.91]]],[[[19.0,45.5],[19.01,45.56],[19.09,45.56],[19.0,45.5]]],[[[19.08,47.07],[19.09,47.14],[19.17,47.14],[19.08,47.07]]],[[[16.91,48.19],[16.91,48.26],[16.99,48.26],[16.91,48.19]]],[[[16.83,48.32],[16.91,48.32],[16.91,48.26],[16.83,48.32]]],[[[6.19,51.92],[6.28,51.92],[6.28,51.85],[6.19,51.92]]],[[[0.3,53.39],[0.08,52.92],[1.62,52.86],[1.59,52.12],[0.52,51.51],[1.39,51.18],[0.49,50.78],[-3.13,50.71],[-3.58,50.25],[-5.75,50.05],[-4.2,51.31],[-3.09,51.25],[-2.95,51.45],[-5.26,51.71],[-5.22,52.05],[-4.16,52.45],[-4.3,52.92],[-4.79,52.79],[-4.49,53.12],[-4.7,53.46],[-3.32,53.39],[-2.96,54.07],[-3.59,54.27],[-3.57,54.89],[-5.21,54.75],[-4.77,55.43],[-5.01,55.98],[-2.66,56.11],[-1.63,55.5],[-1.29,54.68],[-0.67,54.61],[0.3,53.39]]],[[[38.06,26.97],[38.06,27.03],[38.14,27.03],[38.06,26.97]]],[[[37.84,27.09],[37.84,27.16],[37.92,27.16],[37.84,27.09]]],[[[33.04,34.55],[32.23,34.94],[34.54,35.71],[33.04,34.55]]],[[[25.68,35.13],[26.23,35.19],[24.82,35.0],[23.62,35.52],[25.68,35.13]]],[[[28.02,36.48],[28.25,36.48],[28.14,36.03],[27.74,35.9],[28.02,36.48]]],[[[27.19,36.8],[26.87,36.67],[27.04,36.93],[27.19,36.8]]],[[[25.57,37.13],[25.56,37.0],[25.33,37.0],[25.57,37.13]]],[[[24.43,37.58],[24.27,37.51],[24.2,37.64],[24.43,37.58]]],[[[25.22,37.71],[25.29,37.51],[25.05,37.51],[25.22,37.71]]],[[[26.31,37.71],[26.3,37.58],[25.99,37.51],[26.31,37.71]]],[[[24.77,38.03],[25.07,37.77],[24.83,37.71],[24.77,38.03]]],[[[26.22,38.55],[26.11,38.16],[25.88,38.16],[25.82,38.48],[26.22,38.55]]],[[[23.48,38.74],[23.49,38.8],[23.57,38.8],[23.48,38.74]]],[[[24.67,38.93],[24.66,38.74],[24.36,38.87],[24.67,38.93]]],[[[25.79,39.19],[26.04,39.38],[26.64,39.0],[25.79,39.19]]],[[[25.46,40.03],[25.45,39.84],[24.97,39.84],[25.46,40.03]]],[[[26.04,40.29],[26.02,40.16],[25.7,40.1],[26.04,40.29]]],[[[24.81,40.81],[24.79,40.61],[24.55,40.55],[24.81,40.81]]]]}},{"type":"Feature","properties":{"n":"Kushan Empire","f":165,"t":183,"w":"Q25979"},"geometry":{"type":"MultiPolygon","coordinates":[[[[77.03,38.8],[73.69,39.45],[72.26,36.35],[73.44,34.94],[74.63,34.16],[75.27,33.01],[76.6,32.17],[79.18,31.46],[79.87,30.5],[80.17,28.7],[83.08,27.42],[84.36,27.42],[84.34,25.23],[82.36,24.52],[81.31,23.43],[80.58,24.14],[78.31,24.97],[78.24,26.84],[76.58,26.84],[71.9,25.68],[70.57,24.65],[70.07,23.56],[69.02,22.91],[68.16,23.81],[67.49,23.88],[67.15,24.78],[66.63,24.84],[67.5,25.81],[66.93,28.57],[67.14,29.34],[66.08,29.79],[66.48,31.59],[63.43,32.36],[63.87,33.84],[65.09,34.87],[64.75,35.77],[65.07,39.0],[65.88,40.81],[67.55,41.59],[68.98,41.33],[69.58,41.72],[71.63,41.65],[73.02,40.81],[77.35,41.39],[80.13,42.43],[82.06,42.24],[84.11,42.76],[85.79,42.76],[90.7,41.72],[89.8,40.94],[83.24,41.39],[79.69,40.61],[78.27,39.97],[78.22,39.58],[79.37,38.55],[78.5,37.51],[77.03,38.8]]],[[[72.52,36.16],[72.6,36.16],[72.58,36.1],[72.52,36.16]]]]}},{"type":"Feature","properties":{"n":"Kingdom of Gordyene","f":165,"t":214,"w":"Q29237"},"geometry":{"type":"Polygon","coordinates":[[[41.18,37.32],[40.05,37.64],[40.09,37.96],[41.67,38.03],[42.86,37.64],[41.18,37.32]]]}},{"type":"Feature","properties":{"n":"Kingdom of Armenia","f":165,"t":259,"w":"Q208404"},"geometry":{"type":"Polygon","coordinates":[[[48.93,39.26],[48.8,38.09],[47.25,38.67],[46.12,38.48],[45.22,37.77],[45.25,36.93],[43.89,37.71],[40.57,38.03],[40.55,39.51],[38.74,39.58],[38.79,39.9],[40.4,40.1],[41.45,40.74],[41.53,41.26],[42.62,41.59],[43.34,41.13],[45.11,41.26],[45.6,40.87],[45.46,40.55],[46.46,39.97],[48.93,39.26]]]}},{"type":"Feature","properties":{"n":"Wusun","f":165,"t":386,"w":"Q854062"},"geometry":{"type":"Polygon","coordinates":[[[80.05,42.43],[76.82,41.46],[76.8,41.85],[76.16,41.85],[76.16,42.5],[75.7,42.56],[75.77,42.95],[78.63,42.89],[80.05,42.43]]]}},{"type":"Feature","properties":{"n":"Kingdom of Osroene","f":165,"t":183,"w":"Q237234"},"geometry":{"type":"Polygon","coordinates":[[[39.5,35.71],[38.43,35.84],[37.99,37.38],[39.46,37.9],[39.5,37.58],[41.18,37.32],[41.54,36.55],[39.5,35.71]]]}},{"type":"Feature","properties":{"n":"Han Dynasty","f":165,"t":183,"w":"Q1068371"},"geometry":{"type":"MultiPolygon","coordinates":[[[[108.76,18.41],[108.7,19.38],[109.25,19.96],[110.91,20.15],[111.03,19.57],[110.18,18.48],[108.76,18.41]]],[[[125.39,37.64],[124.9,37.9],[125.39,39.38],[124.34,39.9],[121.03,38.74],[121.69,39.38],[121.28,39.64],[122.23,40.48],[121.82,40.87],[121.11,40.87],[118.99,39.19],[117.78,39.13],[117.77,38.35],[119.46,37.96],[119.16,37.19],[120.75,37.9],[122.71,37.45],[122.39,36.8],[120.98,36.61],[119.23,34.81],[120.34,34.36],[120.92,32.62],[121.96,31.98],[121.84,31.66],[120.92,31.85],[122.0,31.08],[120.68,30.18],[121.48,30.31],[122.03,29.92],[121.94,29.22],[121.74,29.54],[121.57,29.47],[121.65,28.32],[121.12,28.32],[119.59,26.13],[119.53,25.62],[119.87,25.49],[119.27,25.49],[118.76,24.59],[118.15,24.52],[116.54,22.91],[114.64,22.72],[114.37,22.08],[113.6,22.72],[113.64,22.14],[110.42,21.18],[110.49,20.28],[109.88,20.21],[109.81,21.5],[108.65,21.69],[106.96,20.92],[105.97,19.83],[105.73,18.86],[107.03,17.26],[106.61,16.94],[105.14,18.41],[104.98,20.15],[104.44,20.47],[105.1,20.86],[105.12,23.17],[102.99,23.36],[102.32,23.81],[101.81,24.26],[101.2,26.39],[100.98,31.01],[101.69,32.75],[103.33,33.52],[103.74,35.45],[103.21,37.06],[100.8,38.03],[100.41,38.61],[99.86,38.42],[99.12,39.26],[97.96,38.93],[96.76,39.45],[96.41,38.61],[95.32,39.38],[93.95,39.51],[88.75,38.87],[86.08,38.22],[85.11,37.45],[81.69,37.0],[82.06,37.64],[85.38,39.32],[92.48,41.07],[93.69,40.74],[97.21,41.0],[101.18,39.64],[101.17,39.26],[102.09,38.87],[104.58,39.84],[104.67,39.51],[103.61,38.74],[104.11,38.8],[103.66,37.96],[104.46,37.64],[108.54,38.03],[111.74,37.51],[113.76,40.48],[117.34,42.17],[117.74,42.17],[118.03,41.46],[121.02,41.26],[123.17,41.91],[124.68,41.13],[125.83,41.33],[126.74,41.0],[126.27,40.36],[126.83,39.84],[126.94,38.35],[126.35,37.84],[125.39,37.64]]],[[[122.28,29.99],[121.98,29.99],[122.05,30.18],[122.28,29.99]]]]}},{"type":"Feature","properties":{"n":"Xianbei","f":165,"t":196,"w":"Q861054"},"geometry":{"type":"MultiPolygon","coordinates":[[[[108.15,55.63],[111.1,55.91],[117.63,54.89],[124.23,54.68],[125.84,54.27],[126.3,53.66],[126.13,52.92],[123.39,49.25],[123.05,48.13],[123.09,47.27],[124.84,44.84],[124.51,43.02],[125.09,42.43],[121.02,41.26],[118.03,41.46],[117.74,42.17],[115.99,41.78],[113.76,40.48],[111.74,37.51],[108.54,38.03],[104.46,37.64],[103.66,37.96],[104.11,38.8],[103.61,38.74],[104.67,39.51],[104.58,39.84],[102.09,38.87],[101.17,39.26],[101.18,39.64],[97.21,41.0],[93.69,40.74],[90.22,41.91],[85.79,42.76],[82.06,42.24],[80.13,42.43],[80.79,43.28],[80.3,44.06],[80.41,44.71],[79.84,44.91],[80.78,47.86],[81.94,50.11],[84.08,51.92],[86.29,52.92],[87.69,53.12],[89.11,54.27],[91.76,55.5],[94.12,56.11],[97.51,56.52],[105.38,56.32],[108.15,55.63]]],[[[125.98,52.65],[126.06,52.65],[126.0,52.59],[125.98,52.65]]],[[[108.93,55.84],[108.79,55.77],[108.85,55.84],[108.93,55.84]]],[[[109.17,55.91],[109.02,55.84],[109.08,55.91],[109.17,55.91]]]]}},{"type":"Feature","properties":{"n":"Han Dynasty","f":184,"t":196,"w":"Q1068371"},"geometry":{"type":"MultiPolygon","coordinates":[[[[108.76,18.41],[108.7,19.38],[109.25,19.96],[110.91,20.15],[111.03,19.57],[109.86,18.35],[108.76,18.41]]],[[[124.9,37.9],[125.39,39.38],[124.34,39.9],[121.03,38.74],[121.69,39.38],[121.28,39.64],[122.23,40.48],[121.82,40.87],[121.11,40.87],[118.99,39.19],[117.89,39.19],[117.6,38.48],[119.46,37.96],[119.16,37.19],[120.75,37.9],[122.71,37.45],[122.5,36.87],[120.98,36.61],[119.23,34.81],[120.34,34.36],[120.92,32.62],[121.99,31.85],[120.92,31.85],[122.0,31.08],[120.68,30.18],[121.48,30.31],[122.03,29.92],[121.94,29.22],[121.74,29.54],[121.57,29.47],[121.65,28.32],[121.12,28.32],[119.59,26.13],[119.53,25.62],[119.87,25.49],[119.27,25.49],[118.76,24.59],[118.15,24.52],[116.54,22.91],[114.64,22.72],[114.37,22.08],[113.6,22.72],[113.64,22.14],[110.42,21.18],[110.49,20.28],[109.88,20.21],[109.81,21.5],[108.65,21.69],[106.96,20.92],[105.97,19.83],[105.73,18.86],[107.03,17.26],[106.53,16.94],[105.14,18.41],[104.98,20.15],[104.44,20.47],[105.1,20.86],[105.12,23.17],[102.99,23.36],[101.81,24.26],[100.92,28.06],[100.98,31.01],[101.44,32.24],[101.88,32.88],[103.21,33.39],[103.49,33.97],[103.74,35.45],[103.21,37.06],[100.8,38.03],[100.41,38.61],[99.86,38.42],[99.12,39.26],[97.96,38.93],[96.76,39.45],[96.41,38.61],[95.32,39.38],[93.95,39.51],[88.75,38.87],[86.08,38.22],[85.11,37.45],[81.69,37.0],[82.06,37.64],[85.38,39.32],[92.48,41.07],[93.69,40.74],[97.21,41.0],[101.18,39.64],[101.17,39.26],[102.09,38.87],[104.58,39.84],[104.67,39.51],[103.61,38.74],[104.11,38.8],[103.66,37.96],[104.46,37.64],[108.54,38.03],[111.74,37.51],[113.76,40.48],[117.34,42.17],[117.74,42.17],[118.03,41.46],[121.02,41.26],[123.17,41.91],[124.68,41.13],[125.83,41.33],[126.74,41.0],[126.27,40.36],[126.83,39.84],[126.94,38.35],[125.84,37.77],[124.9,37.9]]],[[[122.28,29.99],[121.98,29.99],[122.05,30.18],[122.28,29.99]]]]}},{"type":"Feature","properties":{"n":"Kingdom of Osroene","f":184,"t":206,"w":"Q237234"},"geometry":{"type":"Polygon","coordinates":[[[39.5,35.71],[38.43,35.84],[37.99,37.38],[39.46,37.9],[39.5,37.58],[41.18,37.32],[41.54,36.55],[39.5,35.71]]]}},{"type":"Feature","properties":{"n":"Satavahana Dynasty","f":184,"t":206,"w":"Q5257"},"geometry":{"type":"Polygon","coordinates":[[[82.62,22.66],[83.52,21.56],[82.05,19.89],[81.91,18.74],[79.53,16.74],[78.71,14.49],[75.97,13.46],[74.97,15.33],[73.54,15.78],[72.71,19.83],[75.76,21.24],[77.73,22.85],[78.28,23.69],[78.38,24.91],[80.58,24.14],[82.62,22.66]]]}},{"type":"Feature","properties":{"n":"Protectorate of the Western Regions","f":184,"t":196,"w":"Q911440"},"geometry":{"type":"Polygon","coordinates":[[[85.38,39.32],[82.06,37.64],[81.69,37.0],[82.02,36.8],[81.03,36.61],[78.56,37.45],[77.03,38.8],[73.4,39.51],[73.8,40.29],[73.1,40.81],[77.35,41.39],[80.13,42.43],[82.06,42.24],[84.11,42.76],[88.85,42.24],[92.48,41.07],[85.38,39.32]]]}},{"type":"Feature","properties":{"n":"Western Satraps","f":184,"t":214,"w":"Q2086608"},"geometry":{"type":"Polygon","coordinates":[[[77.73,22.85],[74.25,20.34],[72.63,19.83],[72.9,20.92],[72.53,22.27],[72.11,21.89],[72.18,21.18],[70.72,20.66],[68.95,22.21],[70.26,22.66],[70.37,22.91],[69.45,22.72],[69.04,23.04],[70.07,23.56],[70.57,24.65],[71.9,25.68],[75.97,26.77],[78.24,26.84],[78.28,23.69],[77.73,22.85]]]}},{"type":"Feature","properties":{"n":"Roman Empire","f":184,"t":196,"w":"Q12544"},"geometry":{"type":"MultiPolygon","coordinates":[[[[2.53,34.42],[2.53,34.49],[2.61,34.49],[2.53,34.42]]],[[[14.57,35.97],[14.57,35.77],[14.34,35.84],[14.57,35.97]]],[[[23.12,36.35],[23.11,36.16],[22.87,36.16],[23.12,36.35]]],[[[7.75,50.25],[8.76,50.58],[8.68,50.11],[9.53,48.85],[12.11,49.18],[14.26,48.26],[18.8,47.93],[19.27,47.47],[18.82,46.81],[18.92,45.5],[19.24,45.3],[20.06,45.37],[20.19,46.22],[21.65,46.09],[22.75,47.73],[25.55,47.66],[26.71,46.81],[25.69,44.65],[26.2,44.06],[27.92,44.32],[28.05,45.56],[29.18,45.43],[30.11,46.41],[31.57,46.94],[29.61,45.69],[29.53,44.91],[28.8,44.97],[28.48,43.47],[27.51,42.63],[27.98,41.65],[28.96,41.13],[31.18,41.07],[32.63,41.91],[35.12,42.04],[36.21,41.26],[40.37,40.94],[41.57,41.46],[41.82,41.98],[41.33,42.89],[39.98,43.41],[41.67,42.95],[42.01,41.72],[41.45,40.74],[40.4,40.1],[38.79,39.9],[38.95,39.38],[40.55,39.51],[40.57,38.03],[40.09,37.96],[40.18,37.45],[39.5,37.58],[39.46,37.9],[38.35,37.77],[37.96,37.13],[38.43,35.84],[39.5,35.71],[41.54,36.55],[41.09,36.03],[41.11,35.0],[40.1,34.29],[39.12,34.49],[37.07,33.26],[35.87,29.99],[36.26,28.19],[38.69,26.39],[37.06,25.42],[35.41,27.87],[34.59,28.06],[34.91,29.41],[34.12,27.74],[33.19,28.51],[32.6,29.92],[32.69,28.96],[33.61,27.99],[34.05,26.58],[35.85,23.88],[31.67,23.75],[30.46,23.36],[28.57,24.65],[28.15,27.35],[25.37,29.28],[21.94,30.56],[18.73,29.99],[15.18,30.89],[14.28,31.91],[11.77,32.3],[9.63,33.14],[8.93,34.16],[7.61,34.55],[1.29,34.61],[-3.76,34.1],[-7.53,32.94],[-8.47,33.26],[-6.61,34.16],[-5.88,35.77],[-5.34,35.84],[-4.75,35.19],[-2.84,35.45],[-2.66,35.07],[-1.89,35.07],[1.22,36.55],[4.24,36.93],[5.56,36.67],[6.33,37.06],[8.52,36.87],[9.76,37.32],[10.46,36.74],[11.01,37.0],[10.46,35.9],[11.08,35.58],[11.08,35.0],[10.0,34.29],[10.24,33.71],[12.23,32.81],[13.3,32.94],[15.06,32.43],[15.65,31.4],[17.85,30.95],[18.97,30.24],[20.2,30.89],[20.02,32.24],[21.88,32.94],[23.09,32.62],[23.3,32.17],[24.89,31.98],[25.25,31.46],[26.85,31.46],[28.87,30.82],[30.97,31.66],[32.83,31.01],[34.55,31.53],[35.64,34.36],[36.05,34.55],[35.84,36.29],[36.14,36.93],[35.49,36.61],[34.58,36.87],[33.98,36.29],[32.71,36.03],[31.09,36.93],[29.94,36.22],[29.24,36.22],[29.12,36.74],[28.59,36.87],[28.03,36.67],[28.07,37.13],[27.22,37.32],[27.28,38.03],[26.43,38.22],[26.38,38.67],[27.06,38.35],[26.85,39.58],[26.13,39.51],[26.6,40.48],[29.05,40.36],[28.91,40.61],[29.48,40.74],[28.17,41.13],[26.92,40.48],[25.38,41.0],[23.7,40.81],[23.74,40.23],[22.65,40.61],[22.61,39.9],[23.14,39.45],[22.8,39.06],[23.49,38.87],[22.94,38.74],[24.03,38.67],[24.16,38.22],[23.98,37.84],[23.04,37.9],[23.4,37.32],[22.71,37.58],[23.06,36.67],[22.36,36.67],[22.22,37.06],[21.74,36.87],[21.7,37.51],[21.24,37.84],[21.74,38.35],[21.19,38.42],[20.15,39.71],[19.76,39.64],[20.01,39.97],[19.25,40.61],[19.54,41.78],[17.99,42.82],[17.51,42.76],[17.05,43.41],[15.93,43.47],[14.6,45.37],[13.78,44.91],[13.71,45.76],[13.39,45.82],[12.16,45.5],[12.31,44.19],[13.67,43.41],[14.37,42.24],[16.12,41.91],[15.94,41.39],[18.44,40.16],[18.11,39.9],[17.35,40.55],[16.62,40.29],[16.45,39.64],[17.14,39.06],[15.93,37.96],[15.39,38.16],[15.05,36.74],[12.49,37.9],[15.86,38.29],[16.27,38.93],[15.75,40.03],[12.6,41.52],[10.54,43.08],[10.21,43.99],[9.16,44.45],[6.28,43.15],[4.17,43.6],[3.14,43.28],[3.12,41.91],[0.7,40.94],[-0.35,39.71],[0.1,38.74],[-0.66,38.29],[-0.7,37.64],[-1.71,37.45],[-2.06,36.8],[-4.47,36.74],[-5.66,36.03],[-6.84,37.25],[-9.0,37.0],[-8.82,38.48],[-9.21,38.42],[-9.57,38.93],[-8.73,40.74],[-8.96,42.17],[-8.66,42.37],[-9.28,42.89],[-9.16,43.28],[-8.24,43.73],[-3.3,43.34],[-1.69,43.34],[-1.39,43.67],[-1.03,45.5],[-1.25,46.28],[-2.84,47.6],[-4.42,47.8],[-4.91,48.52],[-3.46,48.92],[-1.6,48.65],[-2.03,49.78],[0.01,49.38],[0.22,49.85],[1.45,50.25],[1.66,51.05],[3.41,51.45],[4.06,52.12],[5.93,51.98],[7.75,50.25]]],[[[20.93,37.9],[20.92,37.64],[20.61,37.71],[20.93,37.9]]],[[[20.57,38.42],[20.79,38.09],[20.32,38.16],[20.57,38.42]]],[[[1.26,39.13],[1.65,39.13],[1.66,39.0],[1.27,38.8],[1.26,39.13]]],[[[20.15,39.64],[20.15,39.58],[20.07,39.58],[20.15,39.64]]],[[[2.34,39.64],[2.88,39.97],[3.52,39.77],[3.3,39.32],[2.34,39.64]]],[[[4.22,40.1],[4.3,39.84],[3.83,39.9],[4.22,40.1]]],[[[9.59,39.13],[8.34,39.0],[8.15,40.94],[9.5,41.2],[9.59,39.13]]],[[[9.1,41.33],[8.62,41.72],[8.53,42.5],[9.49,43.02],[9.58,41.98],[9.1,41.33]]],[[[10.46,42.89],[10.46,42.69],[10.21,42.69],[10.46,42.89]]],[[[14.51,44.91],[14.5,44.52],[14.26,44.58],[14.51,44.91]]],[[[19.0,45.5],[19.01,45.56],[19.09,45.56],[19.0,45.5]]],[[[19.08,47.07],[19.09,47.14],[19.17,47.14],[19.08,47.07]]],[[[16.91,48.19],[16.91,48.26],[16.99,48.26],[16.91,48.19]]],[[[16.83,48.32],[16.91,48.32],[16.91,48.26],[16.83,48.32]]],[[[6.19,51.92],[6.28,51.92],[6.28,51.85],[6.19,51.92]]],[[[1.72,52.72],[1.59,52.12],[0.52,51.51],[1.38,51.38],[1.31,51.11],[0.49,50.78],[-1.37,50.85],[-1.18,50.58],[-3.13,50.71],[-3.58,50.25],[-5.75,50.05],[-4.2,51.31],[-3.09,51.25],[-2.95,51.45],[-5.26,51.71],[-5.22,52.05],[-4.16,52.45],[-4.3,52.92],[-4.79,52.79],[-4.49,53.12],[-4.7,53.46],[-3.15,53.46],[-2.97,54.14],[-3.59,54.27],[-3.57,54.89],[-1.61,55.36],[-1.29,54.68],[-0.2,54.21],[0.3,53.39],[0.07,52.99],[1.72,52.72]]],[[[38.06,26.97],[38.06,27.03],[38.14,27.03],[38.06,26.97]]],[[[37.84,27.09],[37.84,27.16],[37.92,27.16],[37.84,27.09]]],[[[33.04,34.55],[32.23,34.94],[34.54,35.71],[33.04,34.55]]],[[[25.68,35.13],[26.23,35.19],[24.82,35.0],[23.62,35.52],[25.68,35.13]]],[[[28.02,36.48],[28.25,36.48],[28.14,36.03],[27.74,35.9],[28.02,36.48]]],[[[27.19,36.8],[26.87,36.67],[27.04,36.93],[27.19,36.8]]],[[[25.57,37.13],[25.56,37.0],[25.33,37.0],[25.57,37.13]]],[[[24.43,37.58],[24.27,37.51],[24.2,37.64],[24.43,37.58]]],[[[25.22,37.71],[25.29,37.51],[25.05,37.51],[25.22,37.71]]],[[[26.31,37.71],[26.3,37.58],[25.99,37.51],[26.31,37.71]]],[[[24.77,38.03],[25.07,37.77],[24.83,37.71],[24.77,38.03]]],[[[26.22,38.55],[26.11,38.16],[25.88,38.16],[25.82,38.48],[26.22,38.55]]],[[[23.48,38.74],[23.49,38.8],[23.57,38.8],[23.48,38.74]]],[[[24.67,38.93],[24.66,38.74],[24.36,38.87],[24.67,38.93]]],[[[25.79,39.19],[26.04,39.38],[26.64,39.0],[25.79,39.19]]],[[[25.46,40.03],[25.45,39.84],[24.97,39.84],[25.46,40.03]]],[[[26.04,40.29],[26.02,40.16],[25.7,40.1],[26.04,40.29]]],[[[24.81,40.81],[24.79,40.61],[24.55,40.55],[24.81,40.81]]]]}},{"type":"Feature","properties":{"n":"Parthian Empire","f":184,"t":196,"w":"Q1986139"},"geometry":{"type":"MultiPolygon","coordinates":[[[[51.21,25.49],[51.21,25.42],[51.13,25.42],[51.21,25.49]]],[[[50.46,26.26],[50.69,26.26],[50.65,25.87],[50.46,26.26]]],[[[59.77,40.16],[59.77,39.84],[60.95,39.51],[65.88,40.81],[65.07,39.0],[64.75,35.77],[65.09,34.87],[63.87,33.84],[63.43,32.36],[61.94,31.34],[60.96,29.99],[62.3,29.41],[66.89,29.67],[67.5,25.81],[67.11,25.1],[66.64,24.91],[66.35,25.55],[62.02,25.04],[57.96,25.55],[57.18,25.94],[56.71,27.16],[55.44,26.52],[55.54,26.77],[54.83,26.45],[53.66,26.71],[51.32,27.99],[50.06,30.18],[48.94,30.31],[47.85,29.41],[48.87,27.67],[50.13,26.77],[50.07,26.07],[50.65,25.1],[51.12,26.13],[51.7,25.87],[51.41,24.33],[51.91,24.01],[54.08,24.14],[56.48,26.39],[56.4,24.97],[56.79,24.33],[58.81,23.62],[59.27,22.91],[56.81,23.75],[56.09,24.84],[54.27,23.75],[51.88,23.69],[51.1,24.2],[51.32,25.87],[50.62,24.65],[49.67,25.87],[49.88,26.45],[48.55,27.48],[48.47,28.12],[47.65,28.96],[47.65,29.67],[46.62,29.86],[46.59,30.31],[45.77,30.44],[43.15,32.81],[40.1,34.29],[41.11,35.0],[41.09,36.03],[42.63,36.55],[42.88,37.77],[44.64,37.51],[45.25,36.93],[45.22,37.77],[46.12,38.48],[47.25,38.67],[48.87,38.09],[49.09,37.51],[49.85,37.45],[50.53,36.87],[52.19,36.55],[54.03,36.87],[54.09,37.19],[53.99,39.0],[53.14,39.45],[53.54,39.51],[53.5,40.03],[52.72,40.1],[52.89,40.87],[59.77,40.16]]]]}},{"type":"Feature","properties":{"n":"Kingdom of Adiabene","f":184,"t":214,"w":"Q149747"},"geometry":{"type":"Polygon","coordinates":[[[41.18,37.32],[42.76,37.51],[42.63,36.55],[41.67,36.35],[41.18,37.32]]]}},{"type":"Feature","properties":{"n":"Norse","f":184,"t":206,"w":"Q909583"},"geometry":{"type":"MultiPolygon","coordinates":[[[[10.63,55.63],[10.8,55.16],[9.93,55.09],[9.58,55.43],[10.63,55.63]]],[[[10.83,60.07],[10.92,60.07],[10.92,60.0],[10.83,60.07]]],[[[10.93,60.91],[11.66,60.63],[11.11,60.0],[10.56,60.42],[10.93,60.91]]]]}},{"type":"Feature","properties":{"n":"Kushan Empire","f":184,"t":214,"w":"Q25979"},"geometry":{"type":"MultiPolygon","coordinates":[[[[73.8,40.29],[73.4,39.51],[73.75,39.13],[73.49,38.55],[72.42,37.25],[72.47,35.97],[74.45,34.36],[75.27,33.01],[76.6,32.17],[79.18,31.46],[79.87,30.5],[80.17,28.7],[83.08,27.42],[84.36,27.42],[84.34,25.23],[82.36,24.52],[81.31,23.43],[80.58,24.14],[78.38,24.91],[78.24,26.84],[75.97,26.77],[71.9,25.68],[70.57,24.65],[70.07,23.56],[69.02,22.91],[68.16,23.81],[67.29,24.07],[67.15,24.78],[66.63,24.84],[67.5,25.81],[66.93,28.57],[67.14,29.34],[66.08,29.79],[66.48,31.59],[63.43,32.36],[63.87,33.84],[65.09,34.87],[64.75,35.77],[65.29,39.84],[65.88,40.81],[67.55,41.59],[68.98,41.33],[69.58,41.72],[71.63,41.65],[73.8,40.29]]],[[[72.52,36.16],[72.6,36.16],[72.58,36.1],[72.52,36.16]]]]}},{"type":"Feature","properties":{"n":"Hadhramaut","f":184,"t":282,"w":"Q1517159"},"geometry":{"type":"MultiPolygon","coordinates":[[[[49.63,14.69],[46.8,15.33],[44.56,14.69],[44.29,15.14],[46.15,15.52],[46.55,16.16],[46.7,16.1],[50.12,16.61],[51.89,16.61],[51.07,15.46],[49.63,14.69]]],[[[46.63,16.16],[46.63,16.23],[46.71,16.23],[46.63,16.16]]]]}},{"type":"Feature","properties":{"n":"Han Dynasty","f":197,"t":206,"w":"Q1068371"},"geometry":{"type":"MultiPolygon","coordinates":[[[[108.64,18.54],[108.7,19.38],[109.25,19.96],[110.91,20.15],[111.03,19.57],[109.84,18.22],[108.64,18.54]]],[[[113.6,22.72],[113.64,22.14],[113.45,22.34],[113.07,21.89],[110.42,21.18],[110.49,20.28],[109.88,20.21],[109.81,21.5],[108.65,21.69],[106.96,20.92],[105.97,19.83],[105.73,18.86],[107.03,17.26],[106.53,16.94],[105.14,18.41],[104.98,20.15],[104.44,20.47],[105.1,20.86],[104.87,22.21],[105.69,23.04],[102.99,23.36],[101.81,24.26],[100.92,28.06],[100.98,31.01],[101.69,32.75],[103.33,33.52],[103.49,33.97],[103.74,35.45],[103.36,36.87],[102.17,37.38],[102.1,37.77],[101.76,37.51],[100.8,38.03],[100.41,38.61],[99.86,38.42],[99.12,39.26],[97.96,38.93],[96.76,39.45],[96.41,38.61],[95.32,39.38],[93.27,39.38],[93.36,40.55],[97.21,41.0],[101.18,39.64],[101.17,39.26],[102.09,38.87],[104.58,39.84],[104.67,39.51],[103.61,38.74],[104.11,38.8],[103.76,37.84],[108.54,38.03],[111.74,37.51],[110.59,34.81],[111.26,33.59],[112.11,33.2],[114.97,33.84],[116.77,35.19],[117.44,35.13],[117.14,34.61],[117.65,34.55],[118.48,35.9],[117.1,35.77],[116.32,36.61],[114.84,35.9],[114.35,36.03],[114.22,36.61],[113.0,35.77],[112.52,36.29],[112.59,37.84],[112.03,37.96],[113.0,39.64],[115.99,41.78],[117.74,42.17],[118.03,41.46],[120.94,41.26],[123.17,41.91],[124.68,41.13],[125.83,41.33],[126.74,41.0],[126.27,40.36],[126.83,39.84],[127.02,38.93],[126.35,37.84],[124.9,37.9],[125.39,39.38],[124.34,39.9],[121.03,38.74],[121.69,39.38],[121.28,39.64],[122.23,40.48],[121.82,40.87],[121.11,40.87],[118.99,39.19],[117.71,39.0],[117.6,38.48],[118.07,38.16],[119.46,37.96],[119.16,37.19],[120.75,37.9],[122.71,37.45],[122.39,36.8],[120.98,36.61],[119.23,34.81],[120.34,34.36],[120.92,32.62],[121.99,31.85],[120.92,31.85],[122.0,31.08],[120.68,30.18],[121.48,30.31],[122.03,29.92],[122.0,29.41],[121.71,29.22],[121.59,29.54],[121.65,28.32],[121.12,28.32],[119.59,26.13],[119.53,25.62],[119.87,25.49],[119.27,25.49],[118.76,24.59],[118.15,24.52],[116.54,22.91],[114.64,22.72],[114.53,22.14],[114.0,22.08],[113.6,22.72]],[[120.12,36.1],[120.25,36.05],[120.3,36.16],[120.12,36.1]]],[[[122.05,30.18],[122.27,30.18],[122.28,29.99],[122.05,30.18]]]]}},{"type":"Feature","properties":{"n":"Xianbei","f":197,"t":206,"w":"Q861054"},"geometry":{"type":"MultiPolygon","coordinates":[[[[108.15,55.63],[111.1,55.91],[117.63,54.89],[124.23,54.68],[125.84,54.27],[126.3,53.66],[126.13,52.92],[123.39,49.25],[123.05,48.13],[123.09,47.27],[124.84,44.84],[124.51,43.02],[125.09,42.43],[120.94,41.26],[118.03,41.46],[117.74,42.17],[115.99,41.78],[113.76,40.48],[111.74,37.51],[108.54,38.03],[104.46,37.64],[103.66,37.96],[104.11,38.8],[103.61,38.74],[104.67,39.51],[104.58,39.84],[102.09,38.87],[101.17,39.26],[101.18,39.64],[97.21,41.0],[93.85,40.74],[90.22,41.91],[85.79,42.76],[82.06,42.24],[80.13,42.43],[80.79,43.28],[80.3,44.06],[80.41,44.71],[79.84,44.91],[80.78,47.86],[81.94,50.11],[84.08,51.92],[86.29,52.92],[87.69,53.12],[89.11,54.27],[91.76,55.5],[94.12,56.11],[97.51,56.52],[105.38,56.32],[108.15,55.63]]],[[[125.98,52.65],[126.06,52.65],[126.0,52.59],[125.98,52.65]]],[[[108.93,55.84],[108.79,55.77],[108.85,55.84],[108.93,55.84]]],[[[109.17,55.91],[109.02,55.84],[109.08,55.91],[109.17,55.91]]]]}},{"type":"Feature","properties":{"n":"Cao Cao","f":197,"t":206,"w":"Q204077"},"geometry":{"type":"Polygon","coordinates":[[[113.98,36.61],[114.84,35.9],[116.32,36.61],[117.1,35.77],[118.48,35.9],[117.65,34.55],[117.14,34.61],[117.44,35.13],[116.77,35.19],[114.97,33.84],[112.11,33.2],[111.26,33.59],[110.59,35.0],[112.03,37.96],[112.59,37.84],[112.77,35.77],[113.98,36.61]]]}},{"type":"Feature","properties":{"n":"Goths","f":197,"t":206,"w":"Q42193"},"geometry":{"type":"Polygon","coordinates":[[[21.81,53.46],[21.92,52.86],[23.64,52.05],[23.66,49.71],[22.74,49.71],[21.97,50.45],[21.87,51.31],[21.21,51.51],[20.69,52.52],[18.5,52.86],[18.82,53.8],[18.27,54.68],[19.64,54.41],[20.36,53.73],[21.81,53.46]]]}},{"type":"Feature","properties":{"n":"Roman Empire","f":197,"t":206,"w":"Q12544"},"geometry":{"type":"MultiPolygon","coordinates":[[[[2.53,34.42],[2.53,34.49],[2.61,34.49],[2.53,34.42]]],[[[14.57,35.97],[14.57,35.77],[14.34,35.84],[14.57,35.97]]],[[[23.12,36.35],[23.11,36.16],[22.87,36.16],[23.12,36.35]]],[[[7.75,50.25],[8.76,50.58],[8.68,50.11],[9.53,48.85],[12.11,49.18],[14.26,48.26],[18.8,47.93],[19.27,47.47],[18.82,46.81],[18.92,45.5],[19.24,45.3],[20.06,45.37],[20.19,46.22],[21.65,46.09],[22.75,47.73],[25.55,47.66],[26.71,46.81],[25.69,44.65],[26.2,44.06],[27.92,44.32],[28.05,45.56],[29.18,45.43],[30.11,46.41],[31.57,46.94],[29.61,45.69],[29.53,44.91],[28.8,44.97],[28.48,43.47],[27.51,42.63],[27.98,41.65],[28.96,41.13],[31.18,41.07],[32.63,41.91],[35.12,42.04],[36.21,41.26],[40.37,40.94],[41.57,41.46],[41.82,41.98],[41.33,42.89],[39.98,43.41],[41.0,43.28],[42.0,42.56],[42.01,41.72],[41.45,40.74],[40.4,40.1],[38.79,39.9],[38.74,39.58],[40.55,39.51],[40.57,38.03],[40.09,37.96],[40.18,37.45],[39.5,37.58],[39.46,37.9],[38.35,37.77],[37.96,37.13],[38.13,35.97],[39.5,35.71],[41.54,36.55],[41.28,35.13],[42.42,34.94],[43.41,33.65],[44.98,33.33],[45.01,33.01],[43.76,32.17],[40.7,34.16],[39.51,34.49],[38.48,34.23],[36.72,32.75],[35.83,29.47],[36.4,28.06],[38.69,26.39],[37.13,25.42],[35.41,27.87],[34.59,28.06],[34.91,29.41],[34.12,27.74],[33.19,28.51],[32.53,29.92],[32.69,28.96],[33.61,27.99],[34.05,26.58],[35.85,23.88],[31.67,23.75],[30.46,23.36],[28.57,24.65],[28.15,27.35],[25.37,29.28],[21.94,30.56],[18.73,29.99],[15.18,30.89],[14.28,31.91],[11.77,32.3],[9.63,33.14],[8.93,34.16],[7.61,34.55],[1.29,34.61],[-3.76,34.1],[-7.53,32.94],[-8.47,33.26],[-6.61,34.16],[-5.88,35.77],[-5.34,35.84],[-4.75,35.19],[-2.84,35.45],[-2.66,35.07],[-1.89,35.07],[1.22,36.55],[4.24,36.93],[5.56,36.67],[6.33,37.06],[8.52,36.87],[9.76,37.32],[10.46,36.74],[11.01,37.0],[10.46,35.9],[11.08,35.58],[11.08,35.0],[10.0,34.29],[10.24,33.71],[12.23,32.81],[13.3,32.94],[15.06,32.43],[15.65,31.4],[17.85,30.95],[18.97,30.24],[20.2,30.89],[20.02,32.24],[21.88,32.94],[23.09,32.62],[23.3,32.17],[24.89,31.98],[25.25,31.46],[26.85,31.46],[28.87,30.82],[30.97,31.66],[32.83,31.01],[34.55,31.53],[35.64,34.36],[36.05,34.55],[35.84,36.29],[36.14,36.93],[35.49,36.61],[34.58,36.87],[33.98,36.29],[32.71,36.03],[31.09,36.93],[29.94,36.22],[29.24,36.22],[29.12,36.74],[28.59,36.87],[28.03,36.67],[28.07,37.13],[27.22,37.32],[27.28,38.03],[26.43,38.22],[26.38,38.67],[27.06,38.35],[26.85,39.58],[26.13,39.51],[26.6,40.48],[29.05,40.36],[28.91,40.61],[29.48,40.74],[28.17,41.13],[26.92,40.48],[25.38,41.0],[23.7,40.81],[23.74,40.23],[22.65,40.61],[22.61,39.9],[23.14,39.45],[22.8,39.06],[23.49,38.87],[22.94,38.74],[24.03,38.67],[24.16,38.22],[23.98,37.84],[23.04,37.9],[23.4,37.32],[22.71,37.58],[23.06,36.67],[22.36,36.67],[22.22,37.06],[21.74,36.87],[21.7,37.51],[21.24,37.84],[21.74,38.35],[21.19,38.42],[20.15,39.71],[19.76,39.64],[20.01,39.97],[19.25,40.61],[19.54,41.78],[17.99,42.82],[17.51,42.76],[17.05,43.41],[15.93,43.47],[14.6,45.37],[13.78,44.91],[13.71,45.76],[13.39,45.82],[12.16,45.5],[12.31,44.19],[13.67,43.41],[14.37,42.24],[16.12,41.91],[15.94,41.39],[18.44,40.16],[18.11,39.9],[17.35,40.55],[16.62,40.29],[16.45,39.64],[17.14,39.06],[15.93,37.96],[15.39,38.16],[15.05,36.74],[12.49,37.9],[15.86,38.29],[16.27,38.93],[15.75,40.03],[12.6,41.52],[10.54,43.08],[10.21,43.99],[9.16,44.45],[6.28,43.15],[4.17,43.6],[3.14,43.28],[3.12,41.91],[0.7,40.94],[-0.35,39.71],[0.1,38.74],[-0.66,38.29],[-0.7,37.64],[-1.71,37.45],[-2.06,36.8],[-4.47,36.74],[-5.66,36.03],[-6.84,37.25],[-9.0,37.0],[-8.82,38.48],[-9.21,38.42],[-9.57,38.93],[-8.73,40.74],[-8.96,42.17],[-8.66,42.37],[-9.28,42.89],[-9.16,43.28],[-8.24,43.73],[-3.3,43.34],[-1.69,43.34],[-1.39,43.67],[-1.03,45.5],[-1.25,46.28],[-2.84,47.6],[-4.42,47.8],[-4.91,48.52],[-3.46,48.92],[-1.6,48.65],[-2.03,49.78],[0.01,49.38],[0.22,49.85],[1.45,50.25],[1.66,51.05],[3.41,51.45],[4.06,52.12],[5.93,51.98],[7.75,50.25]]],[[[20.93,37.9],[20.92,37.64],[20.61,37.71],[20.93,37.9]]],[[[20.57,38.42],[20.79,38.09],[20.32,38.16],[20.57,38.42]]],[[[1.26,39.13],[1.65,39.13],[1.66,39.0],[1.27,38.8],[1.26,39.13]]],[[[20.15,39.64],[20.15,39.58],[20.07,39.58],[20.15,39.64]]],[[[2.34,39.64],[2.88,39.97],[3.52,39.77],[3.3,39.32],[2.34,39.64]]],[[[4.22,40.1],[4.3,39.84],[3.83,39.9],[4.22,40.1]]],[[[9.59,39.13],[8.34,39.0],[8.15,40.94],[9.5,41.2],[9.59,39.13]]],[[[9.1,41.33],[8.62,41.72],[8.53,42.5],[9.49,43.02],[9.58,41.98],[9.1,41.33]]],[[[10.46,42.89],[10.46,42.69],[10.21,42.69],[10.46,42.89]]],[[[14.51,44.91],[14.5,44.52],[14.26,44.58],[14.51,44.91]]],[[[19.0,45.5],[19.01,45.56],[19.09,45.56],[19.0,45.5]]],[[[19.08,47.07],[19.09,47.14],[19.17,47.14],[19.08,47.07]]],[[[16.91,48.19],[16.91,48.26],[16.99,48.26],[16.91,48.19]]],[[[16.83,48.32],[16.91,48.32],[16.91,48.26],[16.83,48.32]]],[[[6.19,51.92],[6.28,51.92],[6.28,51.85],[6.19,51.92]]],[[[1.72,52.72],[1.59,52.12],[0.52,51.51],[1.38,51.38],[1.31,51.11],[0.49,50.78],[-1.37,50.85],[-1.18,50.58],[-3.13,50.71],[-3.58,50.25],[-5.75,50.05],[-4.2,51.31],[-3.09,51.25],[-2.95,51.45],[-5.26,51.71],[-5.22,52.05],[-4.16,52.45],[-4.3,52.92],[-4.79,52.79],[-4.49,53.12],[-4.7,53.46],[-3.15,53.46],[-2.97,54.14],[-3.59,54.27],[-3.57,54.89],[-1.61,55.36],[-1.29,54.68],[-0.2,54.21],[0.3,53.39],[0.07,52.99],[1.72,52.72]]],[[[38.06,26.97],[38.06,27.03],[38.14,27.03],[38.06,26.97]]],[[[37.84,27.09],[37.84,27.16],[37.92,27.16],[37.84,27.09]]],[[[33.04,34.55],[32.23,34.94],[34.54,35.71],[33.04,34.55]]],[[[25.68,35.13],[26.23,35.19],[24.82,35.0],[23.62,35.52],[25.68,35.13]]],[[[28.02,36.48],[28.25,36.48],[28.14,36.03],[27.74,35.9],[28.02,36.48]]],[[[27.19,36.8],[26.87,36.67],[27.04,36.93],[27.19,36.8]]],[[[25.57,37.13],[25.56,37.0],[25.33,37.0],[25.57,37.13]]],[[[24.43,37.58],[24.27,37.51],[24.2,37.64],[24.43,37.58]]],[[[25.22,37.71],[25.29,37.51],[25.05,37.51],[25.22,37.71]]],[[[26.31,37.71],[26.3,37.58],[25.99,37.51],[26.31,37.71]]],[[[24.77,38.03],[25.07,37.77],[24.83,37.71],[24.77,38.03]]],[[[26.22,38.55],[26.11,38.16],[25.88,38.16],[25.82,38.48],[26.22,38.55]]],[[[23.48,38.74],[23.49,38.8],[23.57,38.8],[23.48,38.74]]],[[[24.67,38.93],[24.66,38.74],[24.36,38.87],[24.67,38.93]]],[[[25.79,39.19],[26.04,39.38],[26.64,39.0],[25.79,39.19]]],[[[25.46,40.03],[25.45,39.84],[24.97,39.84],[25.46,40.03]]],[[[26.04,40.29],[26.02,40.16],[25.7,40.1],[26.04,40.29]]],[[[24.81,40.81],[24.79,40.61],[24.55,40.55],[24.81,40.81]]]]}},{"type":"Feature","properties":{"n":"Parthian Empire","f":197,"t":206,"w":"Q1986139"},"geometry":{"type":"MultiPolygon","coordinates":[[[[51.21,25.49],[51.21,25.42],[51.13,25.42],[51.21,25.49]]],[[[50.46,26.26],[50.69,26.26],[50.65,25.87],[50.46,26.26]]],[[[59.77,40.16],[59.77,39.84],[60.95,39.51],[65.88,40.81],[65.07,39.0],[64.75,35.77],[65.09,34.87],[63.87,33.84],[63.43,32.36],[61.94,31.34],[60.96,29.99],[62.3,29.41],[66.89,29.67],[67.5,25.81],[67.11,25.1],[66.64,24.91],[66.35,25.55],[62.02,25.04],[57.96,25.55],[57.18,25.94],[56.71,27.16],[55.44,26.52],[55.54,26.77],[54.83,26.45],[53.66,26.71],[51.32,27.99],[50.06,30.18],[48.94,30.31],[47.85,29.41],[48.87,27.67],[50.13,26.77],[50.07,26.07],[50.65,25.1],[51.12,26.13],[51.7,25.87],[51.41,24.33],[51.91,24.01],[54.08,24.14],[56.48,26.39],[56.4,24.97],[56.79,24.33],[58.81,23.62],[59.27,22.91],[56.81,23.75],[56.09,24.84],[54.27,23.75],[51.88,23.69],[51.1,24.2],[51.32,25.87],[50.62,24.65],[49.67,25.87],[49.88,26.45],[48.55,27.48],[48.47,28.12],[47.65,28.96],[47.65,29.67],[46.62,29.86],[46.59,30.31],[45.77,30.44],[43.83,32.11],[44.98,33.33],[43.41,33.65],[42.42,34.94],[41.28,35.13],[41.34,36.16],[42.63,36.55],[42.88,37.77],[44.64,37.51],[45.25,36.93],[45.22,37.77],[46.12,38.48],[47.25,38.67],[51.26,36.61],[54.03,36.87],[53.99,39.0],[53.14,39.45],[53.54,39.51],[53.5,40.03],[52.72,40.1],[52.89,40.87],[59.77,40.16]]]]}},{"type":"Feature","properties":{"n":"Protectorate of the Western Regions","f":197,"t":223,"w":"Q911440"},"geometry":{"type":"Polygon","coordinates":[[[93.2,40.16],[93.27,39.38],[86.44,38.35],[85.11,37.45],[81.03,36.61],[78.42,37.51],[77.03,38.8],[73.4,39.51],[73.8,40.29],[73.1,40.81],[77.35,41.39],[80.13,42.43],[82.06,42.24],[84.11,42.76],[88.85,42.24],[93.85,40.74],[93.2,40.16]]]}}]}